UID,LAMB,SIRE,DAM,ID10,SIREID10,DAMID10,LAMB_YYYY,LAMB_BRD,LAMB_ETAG,SIRE_YYYY,SIRE_BRD,SIRE_ETAG,DAM_YYYY,DAM_BRD,DAM_ETAG,SIRE_PRE_CUTOFF,DAM_PRE_CUTOFF
89PE00001,89033334,87031509,88032496,1989033334,1987031509,1988032496,1989,03,3334,1987,03,1509,1988,03,2496,0,0
89PE00002,89033335,87031509,88032496,1989033335,1987031509,1988032496,1989,03,3335,1987,03,1509,1988,03,2496,0,0
89PE00003,89033336,87031509,88032002,1989033336,1987031509,1988032002,1989,03,3336,1987,03,1509,1988,03,2002,0,0
89PE00004,89033337,87031509,88032002,1989033337,1987031509,1988032002,1989,03,3337,1987,03,1509,1988,03,2002,0,0
89PE00005,89033338,87031206,88031922,1989033338,1987031206,1988031922,1989,03,3338,1987,03,1206,1988,03,1922,0,0
89PE00006,89033339,87031206,88031922,1989033339,1987031206,1988031922,1989,03,3339,1987,03,1206,1988,03,1922,0,0
89PE00007,89033340,87031206,88032259,1989033340,1987031206,1988032259,1989,03,3340,1987,03,1206,1988,03,2259,0,0
89PE00008,89033341,87031233,88032185,1989033341,1987031233,1988032185,1989,03,3341,1987,03,1233,1988,03,2185,0,0
89PE00009,89033342,87031244,88032162,1989033342,1987031244,1988032162,1989,03,3342,1987,03,1244,1988,03,2162,0,0
89PE00010,89033343,87031244,88031875,1989033343,1987031244,1988031875,1989,03,3343,1987,03,1244,1988,03,1875,0,0
89PE00011,89033344,87031244,88031875,1989033344,1987031244,1988031875,1989,03,3344,1987,03,1244,1988,03,1875,0,0
89PE00012,89033345,87031244,88032407,1989033345,1987031244,1988032407,1989,03,3345,1987,03,1244,1988,03,2407,0,0
89PE00013,89033346,87031244,88032407,1989033346,1987031244,1988032407,1989,03,3346,1987,03,1244,1988,03,2407,0,0
89PE00014,89033347,87031347,88032270,1989033347,1987031347,1988032270,1989,03,3347,1987,03,1347,1988,03,2270,0,0
89PE00015,89033348,87031347,88032270,1989033348,1987031347,1988032270,1989,03,3348,1987,03,1347,1988,03,2270,0,0
89PE00016,89033349,87031244,88032103,1989033349,1987031244,1988032103,1989,03,3349,1987,03,1244,1988,03,2103,0,0
89PE00017,89033350,87031244,88032103,1989033350,1987031244,1988032103,1989,03,3350,1987,03,1244,1988,03,2103,0,0
89PE00018,89033351,87031509,88032223,1989033351,1987031509,1988032223,1989,03,3351,1987,03,1509,1988,03,2223,0,0
89PE00019,89033352,87031509,88031903,1989033352,1987031509,1988031903,1989,03,3352,1987,03,1509,1988,03,1903,0,0
89PE00020,89033353,87031509,88031903,1989033353,1987031509,1988031903,1989,03,3353,1987,03,1509,1988,03,1903,0,0
89PE00021,89033354,87031509,88031908,1989033354,1987031509,1988031908,1989,03,3354,1987,03,1509,1988,03,1908,0,0
89PE00022,89033355,87031509,88031908,1989033355,1987031509,1988031908,1989,03,3355,1987,03,1509,1988,03,1908,0,0
89PE00023,89033356,87031244,88032348,1989033356,1987031244,1988032348,1989,03,3356,1987,03,1244,1988,03,2348,0,0
89PE00024,89033357,87031509,88032237,1989033357,1987031509,1988032237,1989,03,3357,1987,03,1509,1988,03,2237,0,0
89PE00025,89033358,87031509,88032237,1989033358,1987031509,1988032237,1989,03,3358,1987,03,1509,1988,03,2237,0,0
89PE00026,89033359,87031206,88032177,1989033359,1987031206,1988032177,1989,03,3359,1987,03,1206,1988,03,2177,0,0
89PE00027,89033360,87031244,88032312,1989033360,1987031244,1988032312,1989,03,3360,1987,03,1244,1988,03,2312,0,0
89PE00028,89033361,87031244,88032312,1989033361,1987031244,1988032312,1989,03,3361,1987,03,1244,1988,03,2312,0,0
89PE00029,89033362,87031244,88032261,1989033362,1987031244,1988032261,1989,03,3362,1987,03,1244,1988,03,2261,0,0
89PE00030,89033363,87031509,88032417,1989033363,1987031509,1988032417,1989,03,3363,1987,03,1509,1988,03,2417,0,0
89PE00031,89033364,87031244,88031977,1989033364,1987031244,1988031977,1989,03,3364,1987,03,1244,1988,03,1977,0,0
89PE00032,89033365,87031509,88032301,1989033365,1987031509,1988032301,1989,03,3365,1987,03,1509,1988,03,2301,0,0
89PE00033,89033366,87031509,88031973,1989033366,1987031509,1988031973,1989,03,3366,1987,03,1509,1988,03,1973,0,0
89PE00034,89033367,87031347,88032061,1989033367,1987031347,1988032061,1989,03,3367,1987,03,1347,1988,03,2061,0,0
89PE00035,89033368,87031347,88032534,1989033368,1987031347,1988032534,1989,03,3368,1987,03,1347,1988,03,2534,0,0
89PE00036,89033369,87031347,88032534,1989033369,1987031347,1988032534,1989,03,3369,1987,03,1347,1988,03,2534,0,0
89PE00037,89033370,87031509,88032170,1989033370,1987031509,1988032170,1989,03,3370,1987,03,1509,1988,03,2170,0,0
89PE00038,89033371,87031347,88031957,1989033371,1987031347,1988031957,1989,03,3371,1987,03,1347,1988,03,1957,0,0
89PE00039,89033372,87031509,88032095,1989033372,1987031509,1988032095,1989,03,3372,1987,03,1509,1988,03,2095,0,0
89PE00040,89033373,87031244,88032007,1989033373,1987031244,1988032007,1989,03,3373,1987,03,1244,1988,03,2007,0,0
89PE00041,89033374,87031509,88032088,1989033374,1987031509,1988032088,1989,03,3374,1987,03,1509,1988,03,2088,0,0
89PE00042,89033375,87031509,88032088,1989033375,1987031509,1988032088,1989,03,3375,1987,03,1509,1988,03,2088,0,0
89PE00043,89033376,87031233,88031874,1989033376,1987031233,1988031874,1989,03,3376,1987,03,1233,1988,03,1874,0,0
89PE00044,89033377,87031206,88032079,1989033377,1987031206,1988032079,1989,03,3377,1987,03,1206,1988,03,2079,0,0
89PE00045,89033378,87031233,88032199,1989033378,1987031233,1988032199,1989,03,3378,1987,03,1233,1988,03,2199,0,0
89PE00046,89033379,87031233,88032199,1989033379,1987031233,1988032199,1989,03,3379,1987,03,1233,1988,03,2199,0,0
89PE00047,89033380,87031347,88031886,1989033380,1987031347,1988031886,1989,03,3380,1987,03,1347,1988,03,1886,0,0
89PE00048,89033381,87031206,88032236,1989033381,1987031206,1988032236,1989,03,3381,1987,03,1206,1988,03,2236,0,0
89PE00049,89033382,87031206,88032141,1989033382,1987031206,1988032141,1989,03,3382,1987,03,1206,1988,03,2141,0,0
89PE00050,89033383,87031206,88032142,1989033383,1987031206,1988032142,1989,03,3383,1987,03,1206,1988,03,2142,0,0
89PE00051,89033384,87031206,88032142,1989033384,1987031206,1988032142,1989,03,3384,1987,03,1206,1988,03,2142,0,0
89PE00052,89033385,87031347,88032035,1989033385,1987031347,1988032035,1989,03,3385,1987,03,1347,1988,03,2035,0,0
89PE00053,89033386,87031347,88032174,1989033386,1987031347,1988032174,1989,03,3386,1987,03,1347,1988,03,2174,0,0
89PE00054,89033387,87031347,88032174,1989033387,1987031347,1988032174,1989,03,3387,1987,03,1347,1988,03,2174,0,0
89PE00055,89033388,87031347,88032482,1989033388,1987031347,1988032482,1989,03,3388,1987,03,1347,1988,03,2482,0,0
89PE00056,89033389,87031233,88031906,1989033389,1987031233,1988031906,1989,03,3389,1987,03,1233,1988,03,1906,0,0
89PE00057,89033390,87031233,88032056,1989033390,1987031233,1988032056,1989,03,3390,1987,03,1233,1988,03,2056,0,0
89PE00058,89033391,87031233,88032056,1989033391,1987031233,1988032056,1989,03,3391,1987,03,1233,1988,03,2056,0,0
89PE00059,89033392,87031233,88032056,1989033392,1987031233,1988032056,1989,03,3392,1987,03,1233,1988,03,2056,0,0
89PE00060,89033393,87031233,88032428,1989033393,1987031233,1988032428,1989,03,3393,1987,03,1233,1988,03,2428,0,0
89PE00061,89033394,87031233,88032428,1989033394,1987031233,1988032428,1989,03,3394,1987,03,1233,1988,03,2428,0,0
89PE00062,89033395,87031206,88032462,1989033395,1987031206,1988032462,1989,03,3395,1987,03,1206,1988,03,2462,0,0
89PE00063,89033396,87031206,88032510,1989033396,1987031206,1988032510,1989,03,3396,1987,03,1206,1988,03,2510,0,0
89PE00064,89033397,87031509,88031877,1989033397,1987031509,1988031877,1989,03,3397,1987,03,1509,1988,03,1877,0,0
89PE00065,89033398,87031509,88031877,1989033398,1987031509,1988031877,1989,03,3398,1987,03,1509,1988,03,1877,0,0
89PE00066,89033399,87031509,88032152,1989033399,1987031509,1988032152,1989,03,3399,1987,03,1509,1988,03,2152,0,0
89PE00067,89033400,87031233,88032099,1989033400,1987031233,1988032099,1989,03,3400,1987,03,1233,1988,03,2099,0,0
89PE00068,89033401,87031233,88032099,1989033401,1987031233,1988032099,1989,03,3401,1987,03,1233,1988,03,2099,0,0
89PE00069,89033402,87031233,88032379,1989033402,1987031233,1988032379,1989,03,3402,1987,03,1233,1988,03,2379,0,0
89PE00070,89033403,87031233,88032379,1989033403,1987031233,1988032379,1989,03,3403,1987,03,1233,1988,03,2379,0,0
89PE00071,89033404,87031347,88032020,1989033404,1987031347,1988032020,1989,03,3404,1987,03,1347,1988,03,2020,0,0
89PE00072,89033405,87031347,88032020,1989033405,1987031347,1988032020,1989,03,3405,1987,03,1347,1988,03,2020,0,0
89PE00073,89033406,87031233,88031983,1989033406,1987031233,1988031983,1989,03,3406,1987,03,1233,1988,03,1983,0,0
89PE00074,89033407,87031206,88031941,1989033407,1987031206,1988031941,1989,03,3407,1987,03,1206,1988,03,1941,0,0
89PE00075,89033408,87031509,88032198,1989033408,1987031509,1988032198,1989,03,3408,1987,03,1509,1988,03,2198,0,0
89PE00076,89033409,87031509,88032198,1989033409,1987031509,1988032198,1989,03,3409,1987,03,1509,1988,03,2198,0,0
89PE00077,89033410,87031347,88032160,1989033410,1987031347,1988032160,1989,03,3410,1987,03,1347,1988,03,2160,0,0
89PE00078,89033411,87031347,88032160,1989033411,1987031347,1988032160,1989,03,3411,1987,03,1347,1988,03,2160,0,0
89PE00079,89033412,87031509,88032455,1989033412,1987031509,1988032455,1989,03,3412,1987,03,1509,1988,03,2455,0,0
89PE00080,89033413,87031244,88032460,1989033413,1987031244,1988032460,1989,03,3413,1987,03,1244,1988,03,2460,0,0
89PE00081,89033414,87031347,88032248,1989033414,1987031347,1988032248,1989,03,3414,1987,03,1347,1988,03,2248,0,0
89PE00082,89033415,87031206,88032350,1989033415,1987031206,1988032350,1989,03,3415,1987,03,1206,1988,03,2350,0,0
89PE00083,89033416,87031244,88031984,1989033416,1987031244,1988031984,1989,03,3416,1987,03,1244,1988,03,1984,0,0
89PE00084,89033417,87031509,88032184,1989033417,1987031509,1988032184,1989,03,3417,1987,03,1509,1988,03,2184,0,0
89PE00085,89033418,87031509,88032184,1989033418,1987031509,1988032184,1989,03,3418,1987,03,1509,1988,03,2184,0,0
89PE00086,89033419,87031347,88032408,1989033419,1987031347,1988032408,1989,03,3419,1987,03,1347,1988,03,2408,0,0
89PE00087,89033420,87031347,88032408,1989033420,1987031347,1988032408,1989,03,3420,1987,03,1347,1988,03,2408,0,0
89PE00088,89033421,87031509,88032343,1989033421,1987031509,1988032343,1989,03,3421,1987,03,1509,1988,03,2343,0,0
89PE00089,89033422,87031206,88032046,1989033422,1987031206,1988032046,1989,03,3422,1987,03,1206,1988,03,2046,0,0
89PE00090,89033423,87030525,86803189,1989033423,1987030525,1986803189,1989,03,3423,1987,03,0525,1986,80,3189,0,0
89PE00091,89033424,87031206,88032271,1989033424,1987031206,1988032271,1989,03,3424,1987,03,1206,1988,03,2271,0,0
89PE00092,89033425,87031347,88032250,1989033425,1987031347,1988032250,1989,03,3425,1987,03,1347,1988,03,2250,0,0
89PE00093,89033426,87031347,88032250,1989033426,1987031347,1988032250,1989,03,3426,1987,03,1347,1988,03,2250,0,0
89PE00094,89033427,87031509,88031936,1989033427,1987031509,1988031936,1989,03,3427,1987,03,1509,1988,03,1936,0,0
89PE00095,89033428,87031509,88032263,1989033428,1987031509,1988032263,1989,03,3428,1987,03,1509,1988,03,2263,0,0
89PE00096,89033429,87031509,88032397,1989033429,1987031509,1988032397,1989,03,3429,1987,03,1509,1988,03,2397,0,0
89PE00097,89033430,87031509,88032397,1989033430,1987031509,1988032397,1989,03,3430,1987,03,1509,1988,03,2397,0,0
89PE00098,89033431,87031244,88032269,1989033431,1987031244,1988032269,1989,03,3431,1987,03,1244,1988,03,2269,0,0
89PE00099,89033432,87031244,88032269,1989033432,1987031244,1988032269,1989,03,3432,1987,03,1244,1988,03,2269,0,0
89PE00100,89033433,87031509,88032023,1989033433,1987031509,1988032023,1989,03,3433,1987,03,1509,1988,03,2023,0,0
89PE00101,89033434,87031347,88032390,1989033434,1987031347,1988032390,1989,03,3434,1987,03,1347,1988,03,2390,0,0
89PE00102,89033435,87031244,88031898,1989033435,1987031244,1988031898,1989,03,3435,1987,03,1244,1988,03,1898,0,0
89PE00103,89033436,87031509,88032131,1989033436,1987031509,1988032131,1989,03,3436,1987,03,1509,1988,03,2131,0,0
89PE00104,89033437,87031244,88032077,1989033437,1987031244,1988032077,1989,03,3437,1987,03,1244,1988,03,2077,0,0
89PE00105,89033438,87031244,88032034,1989033438,1987031244,1988032034,1989,03,3438,1987,03,1244,1988,03,2034,0,0
89PE00106,89033439,87031244,88032034,1989033439,1987031244,1988032034,1989,03,3439,1987,03,1244,1988,03,2034,0,0
89PE00107,89033440,87031347,88032032,1989033440,1987031347,1988032032,1989,03,3440,1987,03,1347,1988,03,2032,0,0
89PE00108,89033441,87031347,88032032,1989033441,1987031347,1988032032,1989,03,3441,1987,03,1347,1988,03,2032,0,0
89PE00109,89033442,87031244,88032531,1989033442,1987031244,1988032531,1989,03,3442,1987,03,1244,1988,03,2531,0,0
89PE00110,89033443,88031985,84027315,1989033443,1988031985,1984027315,1989,03,3443,1988,03,1985,1984,02,7315,0,0
89PE00111,89033444,88031985,84027315,1989033444,1988031985,1984027315,1989,03,3444,1988,03,1985,1984,02,7315,0,0
89PE00112,89033445,87031206,88032396,1989033445,1987031206,1988032396,1989,03,3445,1987,03,1206,1988,03,2396,0,0
89PE00113,89033446,87031206,88032396,1989033446,1987031206,1988032396,1989,03,3446,1987,03,1206,1988,03,2396,0,0
89PE00114,89033447,87031233,88032136,1989033447,1987031233,1988032136,1989,03,3447,1987,03,1233,1988,03,2136,0,0
89PE00115,89033448,87031347,88032000,1989033448,1987031347,1988032000,1989,03,3448,1987,03,1347,1988,03,2000,0,0
89PE00116,89033449,87031347,88032000,1989033449,1987031347,1988032000,1989,03,3449,1987,03,1347,1988,03,2000,0,0
89PE00117,89033450,87031244,88032375,1989033450,1987031244,1988032375,1989,03,3450,1987,03,1244,1988,03,2375,0,0
89PE00118,89033451,87031244,88032375,1989033451,1987031244,1988032375,1989,03,3451,1987,03,1244,1988,03,2375,0,0
89PE00119,89033452,87031233,88031976,1989033452,1987031233,1988031976,1989,03,3452,1987,03,1233,1988,03,1976,0,0
89PE00120,89033453,87031509,88032319,1989033453,1987031509,1988032319,1989,03,3453,1987,03,1509,1988,03,2319,0,0
89PE00121,89033454,87030769,86029128,1989033454,1987030769,1986029128,1989,03,3454,1987,03,0769,1986,02,9128,0,0
89PE00122,89033455,87031206,88031885,1989033455,1987031206,1988031885,1989,03,3455,1987,03,1206,1988,03,1885,0,0
89PE00123,89033456,87031206,88031885,1989033456,1987031206,1988031885,1989,03,3456,1987,03,1206,1988,03,1885,0,0
89PE00124,89033457,87031244,88032205,1989033457,1987031244,1988032205,1989,03,3457,1987,03,1244,1988,03,2205,0,0
89PE00125,89033458,87031206,88032335,1989033458,1987031206,1988032335,1989,03,3458,1987,03,1206,1988,03,2335,0,0
89PE00126,89033459,87031206,88032335,1989033459,1987031206,1988032335,1989,03,3459,1987,03,1206,1988,03,2335,0,0
89PE00127,89033460,87031347,88031899,1989033460,1987031347,1988031899,1989,03,3460,1987,03,1347,1988,03,1899,0,0
89PE00128,89033461,87030860,87031431,1989033461,1987030860,1987031431,1989,03,3461,1987,03,0860,1987,03,1431,0,0
89PE00129,89033462,87030860,87031431,1989033462,1987030860,1987031431,1989,03,3462,1987,03,0860,1987,03,1431,0,0
89PE00130,89033463,87030860,87031679,1989033463,1987030860,1987031679,1989,03,3463,1987,03,0860,1987,03,1679,0,0
89PE00131,89033464,87031244,88031960,1989033464,1987031244,1988031960,1989,03,3464,1987,03,1244,1988,03,1960,0,0
89PE00132,89033465,87031509,88031966,1989033465,1987031509,1988031966,1989,03,3465,1987,03,1509,1988,03,1966,0,0
89PE00133,89033467,87031509,88032520,1989033467,1987031509,1988032520,1989,03,3467,1987,03,1509,1988,03,2520,0,0
89PE00134,89033468,87031509,88031998,1989033468,1987031509,1988031998,1989,03,3468,1987,03,1509,1988,03,1998,0,0
89PE00135,89033469,87031509,88031998,1989033469,1987031509,1988031998,1989,03,3469,1987,03,1509,1988,03,1998,0,0
89PE00136,89033470,87031233,88031945,1989033470,1987031233,1988031945,1989,03,3470,1987,03,1233,1988,03,1945,0,0
89PE00137,89033471,87031233,88032089,1989033471,1987031233,1988032089,1989,03,3471,1987,03,1233,1988,03,2089,0,0
89PE00138,89033472,87031233,88031945,1989033472,1987031233,1988031945,1989,03,3472,1987,03,1233,1988,03,1945,0,0
89PE00139,89033473,87031347,88031938,1989033473,1987031347,1988031938,1989,03,3473,1987,03,1347,1988,03,1938,0,0
89PE00140,89033474,87031347,88031938,1989033474,1987031347,1988031938,1989,03,3474,1987,03,1347,1988,03,1938,0,0
89PE00141,89033475,87031256,86029865,1989033475,1987031256,1986029865,1989,03,3475,1987,03,1256,1986,02,9865,0,0
89PE00142,89033476,87031256,86029865,1989033476,1987031256,1986029865,1989,03,3476,1987,03,1256,1986,02,9865,0,0
89PE00143,89033477,87031244,88031925,1989033477,1987031244,1988031925,1989,03,3477,1987,03,1244,1988,03,1925,0,0
89PE00144,89033478,87031244,88031925,1989033478,1987031244,1988031925,1989,03,3478,1987,03,1244,1988,03,1925,0,0
89PE00145,89033479,88032370,86029575,1989033479,1988032370,1986029575,1989,03,3479,1988,03,2370,1986,02,9575,0,0
89PE00146,89033480,88032370,86029575,1989033480,1988032370,1986029575,1989,03,3480,1988,03,2370,1986,02,9575,0,0
89PE00147,89033481,88032370,86029575,1989033481,1988032370,1986029575,1989,03,3481,1988,03,2370,1986,02,9575,0,0
89PE00148,89033482,88032370,84027131,1989033482,1988032370,1984027131,1989,03,3482,1988,03,2370,1984,02,7131,0,0
89PE00149,89033483,88032370,84027131,1989033483,1988032370,1984027131,1989,03,3483,1988,03,2370,1984,02,7131,0,0
89PE00150,89033484,87031347,88032138,1989033484,1987031347,1988032138,1989,03,3484,1987,03,1347,1988,03,2138,0,0
89PE00151,89033485,87031347,88032138,1989033485,1987031347,1988032138,1989,03,3485,1987,03,1347,1988,03,2138,0,0
89PE00152,89033486,87031079,87031695,1989033486,1987031079,1987031695,1989,03,3486,1987,03,1079,1987,03,1695,0,0
89PE00153,89033487,87031079,87031695,1989033487,1987031079,1987031695,1989,03,3487,1987,03,1079,1987,03,1695,0,0
89PE00154,89033488,87031347,88032134,1989033488,1987031347,1988032134,1989,03,3488,1987,03,1347,1988,03,2134,0,0
89PE00155,89033489,87031347,88032134,1989033489,1987031347,1988032134,1989,03,3489,1987,03,1347,1988,03,2134,0,0
89PE00156,89033490,87031206,88032001,1989033490,1987031206,1988032001,1989,03,3490,1987,03,1206,1988,03,2001,0,0
89PE00157,89033491,88031985,87030678,1989033491,1988031985,1987030678,1989,03,3491,1988,03,1985,1987,03,0678,0,0
89PE00158,89033492,87031233,88032151,1989033492,1987031233,1988032151,1989,03,3492,1987,03,1233,1988,03,2151,0,0
89PE00159,89033493,87031233,88032151,1989033493,1987031233,1988032151,1989,03,3493,1987,03,1233,1988,03,2151,0,0
89PE00160,89033494,87031256,84026465,1989033494,1987031256,1984026465,1989,03,3494,1987,03,1256,1984,02,6465,0,0
89PE00161,89033495,87031256,84026465,1989033495,1987031256,1984026465,1989,03,3495,1987,03,1256,1984,02,6465,0,0
89PE00162,89033496,87031206,88031961,1989033496,1987031206,1988031961,1989,03,3496,1987,03,1206,1988,03,1961,0,0
89PE00163,89033497,87031206,88031961,1989033497,1987031206,1988031961,1989,03,3497,1987,03,1206,1988,03,1961,0,0
89PE00164,89033498,87031206,88031996,1989033498,1987031206,1988031996,1989,03,3498,1987,03,1206,1988,03,1996,0,0
89PE00165,89033499,87031206,88031996,1989033499,1987031206,1988031996,1989,03,3499,1987,03,1206,1988,03,1996,0,0
89PE00166,89033500,87031347,88032140,1989033500,1987031347,1988032140,1989,03,3500,1987,03,1347,1988,03,2140,0,0
89PE00167,89033501,87031347,88032140,1989033501,1987031347,1988032140,1989,03,3501,1987,03,1347,1988,03,2140,0,0
89PE00168,89033502,87031233,88032156,1989033502,1987031233,1988032156,1989,03,3502,1987,03,1233,1988,03,2156,0,0
89PE00169,89033503,87030525,87031302,1989033503,1987030525,1987031302,1989,03,3503,1987,03,0525,1987,03,1302,0,0
89PE00170,89033504,87030525,87031302,1989033504,1987030525,1987031302,1989,03,3504,1987,03,0525,1987,03,1302,0,0
89PE00171,89033505,87031233,88032311,1989033505,1987031233,1988032311,1989,03,3505,1987,03,1233,1988,03,2311,0,0
89PE00172,89033506,87031233,88032311,1989033506,1987031233,1988032311,1989,03,3506,1987,03,1233,1988,03,2311,0,0
89PE00173,89033507,88031999,83025205,1989033507,1988031999,1983025205,1989,03,3507,1988,03,1999,1983,02,5205,0,0
89PE00174,89033508,88031999,83025205,1989033508,1988031999,1983025205,1989,03,3508,1988,03,1999,1983,02,5205,0,0
89PE00175,89033509,87030769,85028327,1989033509,1987030769,1985028327,1989,03,3509,1987,03,0769,1985,02,8327,0,0
89PE00176,89033510,87030769,85028327,1989033510,1987030769,1985028327,1989,03,3510,1987,03,0769,1985,02,8327,0,0
89PE00177,89033511,87030525,86030050,1989033511,1987030525,1986030050,1989,03,3511,1987,03,0525,1986,03,0050,0,0
89PE00178,89033512,87030525,86030050,1989033512,1987030525,1986030050,1989,03,3512,1987,03,0525,1986,03,0050,0,0
89PE00179,89033513,88032503,86029140,1989033513,1988032503,1986029140,1989,03,3513,1988,03,2503,1986,02,9140,0,0
89PE00180,89033514,88032503,86029140,1989033514,1988032503,1986029140,1989,03,3514,1988,03,2503,1986,02,9140,0,0
89PE00181,89033515,87031347,88032314,1989033515,1987031347,1988032314,1989,03,3515,1987,03,1347,1988,03,2314,0,0
89PE00182,89033516,87031079,87031569,1989033516,1987031079,1987031569,1989,03,3516,1987,03,1079,1987,03,1569,0,0
89PE00183,89033517,87031079,87031569,1989033517,1987031079,1987031569,1989,03,3517,1987,03,1079,1987,03,1569,0,0
89PE00184,89033518,87030525,87031445,1989033518,1987030525,1987031445,1989,03,3518,1987,03,0525,1987,03,1445,0,0
89PE00185,89033519,87030525,87031445,1989033519,1987030525,1987031445,1989,03,3519,1987,03,0525,1987,03,1445,0,0
89PE00186,89033520,87031256,87031568,1989033520,1987031256,1987031568,1989,03,3520,1987,03,1256,1987,03,1568,0,0
89PE00187,89033521,87031256,87031568,1989033521,1987031256,1987031568,1989,03,3521,1987,03,1256,1987,03,1568,0,0
89PE00188,89033522,88031999,86029223,1989033522,1988031999,1986029223,1989,03,3522,1988,03,1999,1986,02,9223,0,0
89PE00189,89033523,88031999,86029223,1989033523,1988031999,1986029223,1989,03,3523,1988,03,1999,1986,02,9223,0,0
89PE00190,89033524,87030860,87031632,1989033524,1987030860,1987031632,1989,03,3524,1987,03,0860,1987,03,1632,0,0
89PE00191,89033525,87030860,87031632,1989033525,1987030860,1987031632,1989,03,3525,1987,03,0860,1987,03,1632,0,0
89PE00192,89033526,87031233,88032128,1989033526,1987031233,1988032128,1989,03,3526,1987,03,1233,1988,03,2128,0,0
89PE00193,89033527,87031233,88032128,1989033527,1987031233,1988032128,1989,03,3527,1987,03,1233,1988,03,2128,0,0
89PE00194,89033528,87031233,88031892,1989033528,1987031233,1988031892,1989,03,3528,1987,03,1233,1988,03,1892,0,0
89PE00195,89033529,87031233,88031892,1989033529,1987031233,1988031892,1989,03,3529,1987,03,1233,1988,03,1892,0,0
89PE00196,89033530,87030860,87031820,1989033530,1987030860,1987031820,1989,03,3530,1987,03,0860,1987,03,1820,0,0
89PE00197,89033531,87030990,83025344,1989033531,1987030990,1983025344,1989,03,3531,1987,03,0990,1983,02,5344,0,0
89PE00198,89033532,87030990,83025344,1989033532,1987030990,1983025344,1989,03,3532,1987,03,0990,1983,02,5344,0,0
89PE00199,89033533,87031347,88032215,1989033533,1987031347,1988032215,1989,03,3533,1987,03,1347,1988,03,2215,0,0
89PE00200,89033534,87031079,87031118,1989033534,1987031079,1987031118,1989,03,3534,1987,03,1079,1987,03,1118,0,0
89PE00201,89033535,87031079,87031118,1989033535,1987031079,1987031118,1989,03,3535,1987,03,1079,1987,03,1118,0,0
89PE00202,89033536,88032503,87030659,1989033536,1988032503,1987030659,1989,03,3536,1988,03,2503,1987,03,0659,0,0
89PE00203,89033537,88032503,87030659,1989033537,1988032503,1987030659,1989,03,3537,1988,03,2503,1987,03,0659,0,0
89PE00204,89033538,87030525,83023910,1989033538,1987030525,1983023910,1989,03,3538,1987,03,0525,1983,02,3910,0,0
89PE00205,89033539,87030990,87030862,1989033539,1987030990,1987030862,1989,03,3539,1987,03,0990,1987,03,0862,0,0
89PE00206,89033540,87030990,87030862,1989033540,1987030990,1987030862,1989,03,3540,1987,03,0990,1987,03,0862,0,0
89PE00207,89033541,88031999,84027058,1989033541,1988031999,1984027058,1989,03,3541,1988,03,1999,1984,02,7058,0,0
89PE00208,89033542,88031999,84027058,1989033542,1988031999,1984027058,1989,03,3542,1988,03,1999,1984,02,7058,0,0
89PE00209,89033543,88031999,84027058,1989033543,1988031999,1984027058,1989,03,3543,1988,03,1999,1984,02,7058,0,0
89PE00210,89033544,88032503,87030577,1989033544,1988032503,1987030577,1989,03,3544,1988,03,2503,1987,03,0577,0,0
89PE00211,89033545,88032503,87030577,1989033545,1988032503,1987030577,1989,03,3545,1988,03,2503,1987,03,0577,0,0
89PE00212,89033546,87030990,84027102,1989033546,1987030990,1984027102,1989,03,3546,1987,03,0990,1984,02,7102,0,0
89PE00213,89033547,87030769,83025384,1989033547,1987030769,1983025384,1989,03,3547,1987,03,0769,1983,02,5384,0,0
89PE00214,89033548,87030769,83025384,1989033548,1987030769,1983025384,1989,03,3548,1987,03,0769,1983,02,5384,0,0
89PE00215,89033549,88032503,87030906,1989033549,1988032503,1987030906,1989,03,3549,1988,03,2503,1987,03,0906,0,0
89PE00216,89033550,88032503,87030906,1989033550,1988032503,1987030906,1989,03,3550,1988,03,2503,1987,03,0906,0,0
89PE00217,89033551,87030990,84027102,1989033551,1987030990,1984027102,1989,03,3551,1987,03,0990,1984,02,7102,0,0
89PE00218,89033552,87030990,84027102,1989033552,1987030990,1984027102,1989,03,3552,1987,03,0990,1984,02,7102,0,0
89PE00219,89033553,88031999,86029064,1989033553,1988031999,1986029064,1989,03,3553,1988,03,1999,1986,02,9064,0,0
89PE00220,89033554,87030990,86029068,1989033554,1987030990,1986029068,1989,03,3554,1987,03,0990,1986,02,9068,0,0
89PE00221,89033555,87030990,86029068,1989033555,1987030990,1986029068,1989,03,3555,1987,03,0990,1986,02,9068,0,0
89PE00222,89033556,87030523,87030873,1989033556,1987030523,1987030873,1989,03,3556,1987,03,0523,1987,03,0873,0,0
89PE00223,89033557,87030523,87030873,1989033557,1987030523,1987030873,1989,03,3557,1987,03,0523,1987,03,0873,0,0
89PE00224,89033558,88032370,82023149,1989033558,1988032370,1982023149,1989,03,3558,1988,03,2370,1982,02,3149,0,0
89PE00225,89033559,88032370,82023149,1989033559,1988032370,1982023149,1989,03,3559,1988,03,2370,1982,02,3149,0,0
89PE00226,89033560,87031407,85028462,1989033560,1987031407,1985028462,1989,03,3560,1987,03,1407,1985,02,8462,0,0
89PE00227,89033561,87031256,85028618,1989033561,1987031256,1985028618,1989,03,3561,1987,03,1256,1985,02,8618,0,0
89PE00228,89033562,87031256,85028618,1989033562,1987031256,1985028618,1989,03,3562,1987,03,1256,1985,02,8618,0,0
89PE00229,89033563,87031256,85028618,1989033563,1987031256,1985028618,1989,03,3563,1987,03,1256,1985,02,8618,0,0
89PE00230,89033564,88031999,86029487,1989033564,1988031999,1986029487,1989,03,3564,1988,03,1999,1986,02,9487,0,0
89PE00231,89033565,88031999,86029487,1989033565,1988031999,1986029487,1989,03,3565,1988,03,1999,1986,02,9487,0,0
89PE00232,89033566,88031999,86029487,1989033566,1988031999,1986029487,1989,03,3566,1988,03,1999,1986,02,9487,0,0
89PE00233,89033567,88032370,85027905,1989033567,1988032370,1985027905,1989,03,3567,1988,03,2370,1985,02,7905,0,0
89PE00234,89033568,88032370,85027905,1989033568,1988032370,1985027905,1989,03,3568,1988,03,2370,1985,02,7905,0,0
89PE00235,89033569,88032370,85028842,1989033569,1988032370,1985028842,1989,03,3569,1988,03,2370,1985,02,8842,0,0
89PE00236,89033570,87031407,87031637,1989033570,1987031407,1987031637,1989,03,3570,1987,03,1407,1987,03,1637,0,0
89PE00237,89033571,87031407,87031637,1989033571,1987031407,1987031637,1989,03,3571,1987,03,1407,1987,03,1637,0,0
89PE00238,89033572,87030990,85028261,1989033572,1987030990,1985028261,1989,03,3572,1987,03,0990,1985,02,8261,0,0
89PE00239,89033573,87030990,85028261,1989033573,1987030990,1985028261,1989,03,3573,1987,03,0990,1985,02,8261,0,0
89PE00240,89033574,87030990,85028261,1989033574,1987030990,1985028261,1989,03,3574,1987,03,0990,1985,02,8261,0,0
89PE00241,89033575,87031256,86030157,1989033575,1987031256,1986030157,1989,03,3575,1987,03,1256,1986,03,0157,0,0
89PE00242,89033576,87031256,86030157,1989033576,1987031256,1986030157,1989,03,3576,1987,03,1256,1986,03,0157,0,0
89PE00243,89033577,88032503,82023371,1989033577,1988032503,1982023371,1989,03,3577,1988,03,2503,1982,02,3371,0,0
89PE00244,89033578,88032503,82023371,1989033578,1988032503,1982023371,1989,03,3578,1988,03,2503,1982,02,3371,0,0
89PE00245,89033579,88032503,82023371,1989033579,1988032503,1982023371,1989,03,3579,1988,03,2503,1982,02,3371,0,0
89PE00246,89033580,88031985,82023208,1989033580,1988031985,1982023208,1989,03,3580,1988,03,1985,1982,02,3208,0,0
89PE00247,89033581,88031985,82023208,1989033581,1988031985,1982023208,1989,03,3581,1988,03,1985,1982,02,3208,0,0
89PE00248,89033582,87030860,87031312,1989033582,1987030860,1987031312,1989,03,3582,1987,03,0860,1987,03,1312,0,0
89PE00249,89033583,87030860,87031312,1989033583,1987030860,1987031312,1989,03,3583,1987,03,0860,1987,03,1312,0,0
89PE00250,89033584,87031206,88031876,1989033584,1987031206,1988031876,1989,03,3584,1987,03,1206,1988,03,1876,0,0
89PE00251,89033585,87031256,86803123,1989033585,1987031256,1986803123,1989,03,3585,1987,03,1256,1986,80,3123,0,0
89PE00252,89033586,87031256,86803123,1989033586,1987031256,1986803123,1989,03,3586,1987,03,1256,1986,80,3123,0,0
89PE00253,89033587,88031999,87030503,1989033587,1988031999,1987030503,1989,03,3587,1988,03,1999,1987,03,0503,0,0
89PE00254,89033588,88031999,87030503,1989033588,1988031999,1987030503,1989,03,3588,1988,03,1999,1987,03,0503,0,0
89PE00255,89033589,87031407,87031128,1989033589,1987031407,1987031128,1989,03,3589,1987,03,1407,1987,03,1128,0,0
89PE00256,89033590,87031407,87031128,1989033590,1987031407,1987031128,1989,03,3590,1987,03,1407,1987,03,1128,0,0
89PE00257,89033591,87031407,84025888,1989033591,1987031407,1984025888,1989,03,3591,1987,03,1407,1984,02,5888,0,0
89PE00258,89033592,87031407,84025888,1989033592,1987031407,1984025888,1989,03,3592,1987,03,1407,1984,02,5888,0,0
89PE00259,89033593,87031407,84025888,1989033593,1987031407,1984025888,1989,03,3593,1987,03,1407,1984,02,5888,0,0
89PE00260,89033594,88031985,86029347,1989033594,1988031985,1986029347,1989,03,3594,1988,03,1985,1986,02,9347,0,0
89PE00261,89033595,88031985,86029347,1989033595,1988031985,1986029347,1989,03,3595,1988,03,1985,1986,02,9347,0,0
89PE00262,89033596,88031985,86029347,1989033596,1988031985,1986029347,1989,03,3596,1988,03,1985,1986,02,9347,0,0
89PE00263,89033597,88031985,87030680,1989033597,1988031985,1987030680,1989,03,3597,1988,03,1985,1987,03,0680,0,0
89PE00264,89033598,88031985,87030680,1989033598,1988031985,1987030680,1989,03,3598,1988,03,1985,1987,03,0680,0,0
89PE00265,89033599,87030525,85028568,1989033599,1987030525,1985028568,1989,03,3599,1987,03,0525,1985,02,8568,0,0
89PE00266,89033600,87030525,85028568,1989033600,1987030525,1985028568,1989,03,3600,1987,03,0525,1985,02,8568,0,0
89PE00267,89033601,87030525,87031189,1989033601,1987030525,1987031189,1989,03,3601,1987,03,0525,1987,03,1189,0,0
89PE00268,89033602,87030525,87031189,1989033602,1987030525,1987031189,1989,03,3602,1987,03,0525,1987,03,1189,0,0
89PE00269,89033603,88032503,85028634,1989033603,1988032503,1985028634,1989,03,3603,1988,03,2503,1985,02,8634,0,0
89PE00270,89033604,88032503,85028634,1989033604,1988032503,1985028634,1989,03,3604,1988,03,2503,1985,02,8634,0,0
89PE00271,89033605,87031079,86029816,1989033605,1987031079,1986029816,1989,03,3605,1987,03,1079,1986,02,9816,0,0
89PE00272,89033606,87031079,86029816,1989033606,1987031079,1986029816,1989,03,3606,1987,03,1079,1986,02,9816,0,0
89PE00273,89033607,87031079,86029816,1989033607,1987031079,1986029816,1989,03,3607,1987,03,1079,1986,02,9816,0,0
89PE00274,89033608,88031999,87030703,1989033608,1988031999,1987030703,1989,03,3608,1988,03,1999,1987,03,0703,0,0
89PE00275,89033609,88031999,87030703,1989033609,1988031999,1987030703,1989,03,3609,1988,03,1999,1987,03,0703,0,0
89PE00276,89033610,87031256,87031782,1989033610,1987031256,1987031782,1989,03,3610,1987,03,1256,1987,03,1782,0,0
89PE00277,89033611,87031079,87031807,1989033611,1987031079,1987031807,1989,03,3611,1987,03,1079,1987,03,1807,0,0
89PE00278,89033612,87031079,87031807,1989033612,1987031079,1987031807,1989,03,3612,1987,03,1079,1987,03,1807,0,0
89PE00279,89033613,87030525,82022264,1989033613,1987030525,1982022264,1989,03,3613,1987,03,0525,1982,02,2264,0,0
89PE00280,89033614,87030525,82022264,1989033614,1987030525,1982022264,1989,03,3614,1987,03,0525,1982,02,2264,0,0
89PE00281,89033615,87030860,87031371,1989033615,1987030860,1987031371,1989,03,3615,1987,03,0860,1987,03,1371,0,0
89PE00282,89033616,87030860,87031371,1989033616,1987030860,1987031371,1989,03,3616,1987,03,0860,1987,03,1371,0,0
89PE00283,89033617,87031079,87031852,1989033617,1987031079,1987031852,1989,03,3617,1987,03,1079,1987,03,1852,0,0
89PE00284,89033618,88032370,86029343,1989033618,1988032370,1986029343,1989,03,3618,1988,03,2370,1986,02,9343,0,0
89PE00285,89033619,87031256,87031818,1989033619,1987031256,1987031818,1989,03,3619,1987,03,1256,1987,03,1818,0,0
89PE00286,89033620,87031256,87031818,1989033620,1987031256,1987031818,1989,03,3620,1987,03,1256,1987,03,1818,0,0
89PE00287,89033621,88031999,87030833,1989033621,1988031999,1987030833,1989,03,3621,1988,03,1999,1987,03,0833,0,0
89PE00288,89033622,87030990,82023364,1989033622,1987030990,1982023364,1989,03,3622,1987,03,0990,1982,02,3364,0,0
89PE00289,89033623,87030990,82023364,1989033623,1987030990,1982023364,1989,03,3623,1987,03,0990,1982,02,3364,0,0
89PE00290,89033624,87031347,88032226,1989033624,1987031347,1988032226,1989,03,3624,1987,03,1347,1988,03,2226,0,0
89PE00291,89033625,87031347,88032226,1989033625,1987031347,1988032226,1989,03,3625,1987,03,1347,1988,03,2226,0,0
89PE00292,89033626,87030525,86029983,1989033626,1987030525,1986029983,1989,03,3626,1987,03,0525,1986,02,9983,0,0
89PE00293,89033627,87030525,86029983,1989033627,1987030525,1986029983,1989,03,3627,1987,03,0525,1986,02,9983,0,0
89PE00294,89033628,87030525,86029983,1989033628,1987030525,1986029983,1989,03,3628,1987,03,0525,1986,02,9983,0,0
89PE00295,89033629,87030525,86029813,1989033629,1987030525,1986029813,1989,03,3629,1987,03,0525,1986,02,9813,0,0
89PE00296,89033630,87030525,86029813,1989033630,1987030525,1986029813,1989,03,3630,1987,03,0525,1986,02,9813,0,0
89PE00297,89033631,88031999,87030833,1989033631,1988031999,1987030833,1989,03,3631,1988,03,1999,1987,03,0833,0,0
89PE00298,89033632,87030523,87031043,1989033632,1987030523,1987031043,1989,03,3632,1987,03,0523,1987,03,1043,0,0
89PE00299,89033633,87030523,87031043,1989033633,1987030523,1987031043,1989,03,3633,1987,03,0523,1987,03,1043,0,0
89PE00300,89033634,88032370,86029396,1989033634,1988032370,1986029396,1989,03,3634,1988,03,2370,1986,02,9396,0,0
89PE00301,89033635,88032370,86029396,1989033635,1988032370,1986029396,1989,03,3635,1988,03,2370,1986,02,9396,0,0
89PE00302,89033636,87031079,85028955,1989033636,1987031079,1985028955,1989,03,3636,1987,03,1079,1985,02,8955,0,0
89PE00303,89033637,87031079,85028955,1989033637,1987031079,1985028955,1989,03,3637,1987,03,1079,1985,02,8955,0,0
89PE00304,89033638,87031244,88032137,1989033638,1987031244,1988032137,1989,03,3638,1987,03,1244,1988,03,2137,0,0
89PE00305,89033639,87031407,86030027,1989033639,1987031407,1986030027,1989,03,3639,1987,03,1407,1986,03,0027,0,0
89PE00306,89033640,87031407,86030027,1989033640,1987031407,1986030027,1989,03,3640,1987,03,1407,1986,03,0027,0,0
89PE00307,89033641,87030769,87030890,1989033641,1987030769,1987030890,1989,03,3641,1987,03,0769,1987,03,0890,0,0
89PE00308,89033642,87030769,87030890,1989033642,1987030769,1987030890,1989,03,3642,1987,03,0769,1987,03,0890,0,0
89PE00309,89033643,87031079,87031193,1989033643,1987031079,1987031193,1989,03,3643,1987,03,1079,1987,03,1193,0,0
89PE00310,89033644,87031079,87031193,1989033644,1987031079,1987031193,1989,03,3644,1987,03,1079,1987,03,1193,0,0
89PE00311,89033645,87030769,83025216,1989033645,1987030769,1983025216,1989,03,3645,1987,03,0769,1983,02,5216,0,0
89PE00312,89033646,87031244,88032029,1989033646,1987031244,1988032029,1989,03,3646,1987,03,1244,1988,03,2029,0,0
89PE00313,89033647,87031244,88032029,1989033647,1987031244,1988032029,1989,03,3647,1987,03,1244,1988,03,2029,0,0
89PE00314,89033648,87031509,88031868,1989033648,1987031509,1988031868,1989,03,3648,1987,03,1509,1988,03,1868,0,0
89PE00315,89033649,87030523,87030684,1989033649,1987030523,1987030684,1989,03,3649,1987,03,0523,1987,03,0684,0,0
89PE00316,89033650,87031407,87031793,1989033650,1987031407,1987031793,1989,03,3650,1987,03,1407,1987,03,1793,0,0
89PE00317,89033651,87031407,87031793,1989033651,1987031407,1987031793,1989,03,3651,1987,03,1407,1987,03,1793,0,0
89PE00318,89033652,88031985,83025299,1989033652,1988031985,1983025299,1989,03,3652,1988,03,1985,1983,02,5299,0,0
89PE00319,89033653,88031985,83025299,1989033653,1988031985,1983025299,1989,03,3653,1988,03,1985,1983,02,5299,0,0
89PE00320,89033654,88031985,83025299,1989033654,1988031985,1983025299,1989,03,3654,1988,03,1985,1983,02,5299,0,0
89PE00321,89033655,87030523,87030684,1989033655,1987030523,1987030684,1989,03,3655,1987,03,0523,1987,03,0684,0,0
89PE00322,89033656,87030523,87030684,1989033656,1987030523,1987030684,1989,03,3656,1987,03,0523,1987,03,0684,0,0
89PE00323,89033657,87030525,83024356,1989033657,1987030525,1983024356,1989,03,3657,1987,03,0525,1983,02,4356,0,0
89PE00324,89033658,87030525,83024356,1989033658,1987030525,1983024356,1989,03,3658,1987,03,0525,1983,02,4356,0,0
89PE00325,89033659,87031407,87031443,1989033659,1987031407,1987031443,1989,03,3659,1987,03,1407,1987,03,1443,0,0
89PE00326,89033660,87031407,87031443,1989033660,1987031407,1987031443,1989,03,3660,1987,03,1407,1987,03,1443,0,0
89PE00327,89033661,87031079,86803239,1989033661,1987031079,1986803239,1989,03,3661,1987,03,1079,1986,80,3239,0,0
89PE00328,89033662,87031079,86803239,1989033662,1987031079,1986803239,1989,03,3662,1987,03,1079,1986,80,3239,0,0
89PE00329,89033663,87030860,85028453,1989033663,1987030860,1985028453,1989,03,3663,1987,03,0860,1985,02,8453,0,0
89PE00330,89033664,87030860,85028453,1989033664,1987030860,1985028453,1989,03,3664,1987,03,0860,1985,02,8453,0,0
89PE00331,89033665,87030990,86029335,1989033665,1987030990,1986029335,1989,03,3665,1987,03,0990,1986,02,9335,0,0
89PE00332,89033666,87031079,87031138,1989033666,1987031079,1987031138,1989,03,3666,1987,03,1079,1987,03,1138,0,0
89PE00333,89033667,87031079,87031138,1989033667,1987031079,1987031138,1989,03,3667,1987,03,1079,1987,03,1138,0,0
89PE00334,89033668,87030523,87031641,1989033668,1987030523,1987031641,1989,03,3668,1987,03,0523,1987,03,1641,0,0
89PE00335,89033669,87031244,88032291,1989033669,1987031244,1988032291,1989,03,3669,1987,03,1244,1988,03,2291,0,0
89PE00336,89033670,87030769,87031006,1989033670,1987030769,1987031006,1989,03,3670,1987,03,0769,1987,03,1006,0,0
89PE00337,89033671,87030769,87031006,1989033671,1987030769,1987031006,1989,03,3671,1987,03,0769,1987,03,1006,0,0
89PE00338,89033672,87031407,84027701,1989033672,1987031407,1984027701,1989,03,3672,1987,03,1407,1984,02,7701,0,0
89PE00339,89033673,87031407,84027701,1989033673,1987031407,1984027701,1989,03,3673,1987,03,1407,1984,02,7701,0,0
89PE00340,89033674,87030990,86029335,1989033674,1987030990,1986029335,1989,03,3674,1987,03,0990,1986,02,9335,0,0
89PE00341,89033675,87030990,86029335,1989033675,1987030990,1986029335,1989,03,3675,1987,03,0990,1986,02,9335,0,0
89PE00342,89033676,88032503,83025222,1989033676,1988032503,1983025222,1989,03,3676,1988,03,2503,1983,02,5222,0,0
89PE00343,89033677,88032503,83025222,1989033677,1988032503,1983025222,1989,03,3677,1988,03,2503,1983,02,5222,0,0
89PE00344,89033678,87031079,85028808,1989033678,1987031079,1985028808,1989,03,3678,1987,03,1079,1985,02,8808,0,0
89PE00345,89033679,87031079,85028808,1989033679,1987031079,1985028808,1989,03,3679,1987,03,1079,1985,02,8808,0,0
89PE00346,89033680,88031999,85028313,1989033680,1988031999,1985028313,1989,03,3680,1988,03,1999,1985,02,8313,0,0
89PE00347,89033681,88031999,85028313,1989033681,1988031999,1985028313,1989,03,3681,1988,03,1999,1985,02,8313,0,0
89PE00348,89033682,87030990,85028302,1989033682,1987030990,1985028302,1989,03,3682,1987,03,0990,1985,02,8302,0,0
89PE00349,89033683,88032370,87030876,1989033683,1988032370,1987030876,1989,03,3683,1988,03,2370,1987,03,0876,0,0
89PE00350,89033684,88032370,87030876,1989033684,1988032370,1987030876,1989,03,3684,1988,03,2370,1987,03,0876,0,0
89PE00351,89033685,88031999,87030550,1989033685,1988031999,1987030550,1989,03,3685,1988,03,1999,1987,03,0550,0,0
89PE00352,89033686,88031999,87030550,1989033686,1988031999,1987030550,1989,03,3686,1988,03,1999,1987,03,0550,0,0
89PE00353,89033687,88031985,86029638,1989033687,1988031985,1986029638,1989,03,3687,1988,03,1985,1986,02,9638,0,0
89PE00354,89033688,88031985,86029638,1989033688,1988031985,1986029638,1989,03,3688,1988,03,1985,1986,02,9638,0,0
89PE00355,89033689,87031256,86030465,1989033689,1987031256,1986030465,1989,03,3689,1987,03,1256,1986,03,0465,0,0
89PE00356,89033690,87031256,86030465,1989033690,1987031256,1986030465,1989,03,3690,1987,03,1256,1986,03,0465,0,0
89PE00357,89033691,87031233,88032006,1989033691,1987031233,1988032006,1989,03,3691,1987,03,1233,1988,03,2006,0,0
89PE00358,89033692,87031233,88032006,1989033692,1987031233,1988032006,1989,03,3692,1987,03,1233,1988,03,2006,0,0
89PE00359,89033693,87031233,88031919,1989033693,1987031233,1988031919,1989,03,3693,1987,03,1233,1988,03,1919,0,0
89PE00360,89033694,87031233,88031919,1989033694,1987031233,1988031919,1989,03,3694,1987,03,1233,1988,03,1919,0,0
89PE00361,89033695,87031233,88031919,1989033695,1987031233,1988031919,1989,03,3695,1987,03,1233,1988,03,1919,0,0
89PE00362,89033697,88032503,85027872,1989033697,1988032503,1985027872,1989,03,3697,1988,03,2503,1985,02,7872,0,0
89PE00363,89033698,88032503,85027872,1989033698,1988032503,1985027872,1989,03,3698,1988,03,2503,1985,02,7872,0,0
89PE00364,89033699,87030860,87031699,1989033699,1987030860,1987031699,1989,03,3699,1987,03,0860,1987,03,1699,0,0
89PE00365,89033700,87030860,87031699,1989033700,1987030860,1987031699,1989,03,3700,1987,03,0860,1987,03,1699,0,0
89PE00366,89033701,88032370,82023045,1989033701,1988032370,1982023045,1989,03,3701,1988,03,2370,1982,02,3045,0,0
89PE00367,89033702,88032370,82023045,1989033702,1988032370,1982023045,1989,03,3702,1988,03,2370,1982,02,3045,0,0
89PE00368,89033703,88031985,86029493,1989033703,1988031985,1986029493,1989,03,3703,1988,03,1985,1986,02,9493,0,0
89PE00369,89033704,88031985,86029493,1989033704,1988031985,1986029493,1989,03,3704,1988,03,1985,1986,02,9493,0,0
89PE00370,89033705,88031985,86029493,1989033705,1988031985,1986029493,1989,03,3705,1988,03,1985,1986,02,9493,0,0
89PE00371,89033706,87031407,83023884,1989033706,1987031407,1983023884,1989,03,3706,1987,03,1407,1983,02,3884,0,0
89PE00372,89033707,87031407,83023884,1989033707,1987031407,1983023884,1989,03,3707,1987,03,1407,1983,02,3884,0,0
89PE00373,89033708,87031407,83023884,1989033708,1987031407,1983023884,1989,03,3708,1987,03,1407,1983,02,3884,0,0
89PE00374,89033709,87031256,87031742,1989033709,1987031256,1987031742,1989,03,3709,1987,03,1256,1987,03,1742,0,0
89PE00375,89033710,87031256,87031742,1989033710,1987031256,1987031742,1989,03,3710,1987,03,1256,1987,03,1742,0,0
89PE00376,89033711,87031206,88032431,1989033711,1987031206,1988032431,1989,03,3711,1987,03,1206,1988,03,2431,0,0
89PE00377,89033712,87030523,87030561,1989033712,1987030523,1987030561,1989,03,3712,1987,03,0523,1987,03,0561,0,0
89PE00378,89033713,87030523,87030561,1989033713,1987030523,1987030561,1989,03,3713,1987,03,0523,1987,03,0561,0,0
89PE00379,89033714,87031256,87031672,1989033714,1987031256,1987031672,1989,03,3714,1987,03,1256,1987,03,1672,0,0
89PE00380,89033715,87031256,87031672,1989033715,1987031256,1987031672,1989,03,3715,1987,03,1256,1987,03,1672,0,0
89PE00381,89033716,87031079,86030056,1989033716,1987031079,1986030056,1989,03,3716,1987,03,1079,1986,03,0056,0,0
89PE00382,89033717,87031079,86030056,1989033717,1987031079,1986030056,1989,03,3717,1987,03,1079,1986,03,0056,0,0
89PE00383,89033718,87031407,84026520,1989033718,1987031407,1984026520,1989,03,3718,1987,03,1407,1984,02,6520,0,0
89PE00384,89033719,88032503,85028086,1989033719,1988032503,1985028086,1989,03,3719,1988,03,2503,1985,02,8086,0,0
89PE00385,89033720,88032503,85028086,1989033720,1988032503,1985028086,1989,03,3720,1988,03,2503,1985,02,8086,0,0
89PE00386,89033721,88031985,87030926,1989033721,1988031985,1987030926,1989,03,3721,1988,03,1985,1987,03,0926,0,0
89PE00387,89033722,88031985,87030926,1989033722,1988031985,1987030926,1989,03,3722,1988,03,1985,1987,03,0926,0,0
89PE00388,89033723,88031999,87031004,1989033723,1988031999,1987031004,1989,03,3723,1988,03,1999,1987,03,1004,0,0
89PE00389,89033724,88031999,87031004,1989033724,1988031999,1987031004,1989,03,3724,1988,03,1999,1987,03,1004,0,0
89PE00390,89033725,87030990,87030541,1989033725,1987030990,1987030541,1989,03,3725,1987,03,0990,1987,03,0541,0,0
89PE00391,89033726,87030990,87030541,1989033726,1987030990,1987030541,1989,03,3726,1987,03,0990,1987,03,0541,0,0
89PE00392,89033727,87031079,87031579,1989033727,1987031079,1987031579,1989,03,3727,1987,03,1079,1987,03,1579,0,0
89PE00393,89033728,87031347,88032389,1989033728,1987031347,1988032389,1989,03,3728,1987,03,1347,1988,03,2389,0,0
89PE00394,89033729,87030769,86029351,1989033729,1987030769,1986029351,1989,03,3729,1987,03,0769,1986,02,9351,0,0
89PE00395,89033730,87030769,86029351,1989033730,1987030769,1986029351,1989,03,3730,1987,03,0769,1986,02,9351,0,0
89PE00396,89033731,87030769,86029351,1989033731,1987030769,1986029351,1989,03,3731,1987,03,0769,1986,02,9351,0,0
89PE00397,89033732,87030523,82023416,1989033732,1987030523,1982023416,1989,03,3732,1987,03,0523,1982,02,3416,0,0
89PE00398,89033733,87030523,82023416,1989033733,1987030523,1982023416,1989,03,3733,1987,03,0523,1982,02,3416,0,0
89PE00399,89033734,87030523,82023416,1989033734,1987030523,1982023416,1989,03,3734,1987,03,0523,1982,02,3416,0,0
89PE00400,89033735,87031347,88032078,1989033735,1987031347,1988032078,1989,03,3735,1987,03,1347,1988,03,2078,0,0
89PE00401,89033736,87030523,86029121,1989033736,1987030523,1986029121,1989,03,3736,1987,03,0523,1986,02,9121,0,0
89PE00402,89033737,87030523,86029121,1989033737,1987030523,1986029121,1989,03,3737,1987,03,0523,1986,02,9121,0,0
89PE00403,89033738,87030523,86029121,1989033738,1987030523,1986029121,1989,03,3738,1987,03,0523,1986,02,9121,0,0
89PE00404,89033739,87031206,88032256,1989033739,1987031206,1988032256,1989,03,3739,1987,03,1206,1988,03,2256,0,0
89PE00405,89033740,87031347,88031884,1989033740,1987031347,1988031884,1989,03,3740,1987,03,1347,1988,03,1884,0,0
89PE00406,89033741,87030990,84027247,1989033741,1987030990,1984027247,1989,03,3741,1987,03,0990,1984,02,7247,0,0
89PE00407,89033742,87030795,86029125,1989033742,1987030795,1986029125,1989,03,3742,1987,03,0795,1986,02,9125,0,0
89PE00408,89033743,87030795,86029125,1989033743,1987030795,1986029125,1989,03,3743,1987,03,0795,1986,02,9125,0,0
89PE00409,89033744,87030990,83025152,1989033744,1987030990,1983025152,1989,03,3744,1987,03,0990,1983,02,5152,0,0
89PE00410,89033745,87030990,83025152,1989033745,1987030990,1983025152,1989,03,3745,1987,03,0990,1983,02,5152,0,0
89PE00411,89033746,88031985,86029586,1989033746,1988031985,1986029586,1989,03,3746,1988,03,1985,1986,02,9586,0,0
89PE00412,89033747,87030769,87031453,1989033747,1987030769,1987031453,1989,03,3747,1987,03,0769,1987,03,1453,0,0
89PE00413,89033748,87030769,87031453,1989033748,1987030769,1987031453,1989,03,3748,1987,03,0769,1987,03,1453,0,0
89PE00414,89033749,88032370,87030509,1989033749,1988032370,1987030509,1989,03,3749,1988,03,2370,1987,03,0509,0,0
89PE00415,89033750,87031079,87031305,1989033750,1987031079,1987031305,1989,03,3750,1987,03,1079,1987,03,1305,0,0
89PE00416,89033751,87031079,87031305,1989033751,1987031079,1987031305,1989,03,3751,1987,03,1079,1987,03,1305,0,0
89PE00417,89033752,88031999,85028003,1989033752,1988031999,1985028003,1989,03,3752,1988,03,1999,1985,02,8003,0,0
89PE00418,89033753,88031999,85028003,1989033753,1988031999,1985028003,1989,03,3753,1988,03,1999,1985,02,8003,0,0
89PE00419,89033754,87030990,85028011,1989033754,1987030990,1985028011,1989,03,3754,1987,03,0990,1985,02,8011,0,0
89PE00420,89033755,87030990,85028011,1989033755,1987030990,1985028011,1989,03,3755,1987,03,0990,1985,02,8011,0,0
89PE00421,89033756,87030990,85028011,1989033756,1987030990,1985028011,1989,03,3756,1987,03,0990,1985,02,8011,0,0
89PE00422,89033757,87030525,87031774,1989033757,1987030525,1987031774,1989,03,3757,1987,03,0525,1987,03,1774,0,0
89PE00423,89033758,87030525,87031544,1989033758,1987030525,1987031544,1989,03,3758,1987,03,0525,1987,03,1544,0,0
89PE00424,89033759,87030525,87031544,1989033759,1987030525,1987031544,1989,03,3759,1987,03,0525,1987,03,1544,0,0
89PE00425,89033760,88032370,86029656,1989033760,1988032370,1986029656,1989,03,3760,1988,03,2370,1986,02,9656,0,0
89PE00426,89033761,88032370,86029656,1989033761,1988032370,1986029656,1989,03,3761,1988,03,2370,1986,02,9656,0,0
89PE00427,89033762,88032370,86029656,1989033762,1988032370,1986029656,1989,03,3762,1988,03,2370,1986,02,9656,0,0
89PE00428,89033763,87030523,84027041,1989033763,1987030523,1984027041,1989,03,3763,1987,03,0523,1984,02,7041,0,0
89PE00429,89033764,87030769,85028038,1989033764,1987030769,1985028038,1989,03,3764,1987,03,0769,1985,02,8038,0,0
89PE00430,89033765,87030769,85028038,1989033765,1987030769,1985028038,1989,03,3765,1987,03,0769,1985,02,8038,0,0
89PE00431,89033766,88032370,86029535,1989033766,1988032370,1986029535,1989,03,3766,1988,03,2370,1986,02,9535,0,0
89PE00432,89033767,88032370,86029535,1989033767,1988032370,1986029535,1989,03,3767,1988,03,2370,1986,02,9535,0,0
89PE00433,89033768,88031999,87030894,1989033768,1988031999,1987030894,1989,03,3768,1988,03,1999,1987,03,0894,0,0
89PE00434,89033769,87031407,87031573,1989033769,1987031407,1987031573,1989,03,3769,1987,03,1407,1987,03,1573,0,0
89PE00435,89033770,87031407,87031573,1989033770,1987031407,1987031573,1989,03,3770,1987,03,1407,1987,03,1573,0,0
89PE00436,89033771,87031407,87031315,1989033771,1987031407,1987031315,1989,03,3771,1987,03,1407,1987,03,1315,0,0
89PE00437,89033772,87031407,87031315,1989033772,1987031407,1987031315,1989,03,3772,1987,03,1407,1987,03,1315,0,0
89PE00438,89033773,87031347,88032300,1989033773,1987031347,1988032300,1989,03,3773,1987,03,1347,1988,03,2300,0,0
89PE00439,89033774,87031347,88032300,1989033774,1987031347,1988032300,1989,03,3774,1987,03,1347,1988,03,2300,0,0
89PE00440,89033775,87030769,85028299,1989033775,1987030769,1985028299,1989,03,3775,1987,03,0769,1985,02,8299,0,0
89PE00441,89033776,87030769,85028299,1989033776,1987030769,1985028299,1989,03,3776,1987,03,0769,1985,02,8299,0,0
89PE00442,89033777,88032503,87030861,1989033777,1988032503,1987030861,1989,03,3777,1988,03,2503,1987,03,0861,0,0
89PE00443,89033778,87030860,87031477,1989033778,1987030860,1987031477,1989,03,3778,1987,03,0860,1987,03,1477,0,0
89PE00444,89033779,87030860,87031477,1989033779,1987030860,1987031477,1989,03,3779,1987,03,0860,1987,03,1477,0,0
89PE00445,89033780,87031244,88032133,1989033780,1987031244,1988032133,1989,03,3780,1987,03,1244,1988,03,2133,0,0
89PE00446,89033781,87031244,88032133,1989033781,1987031244,1988032133,1989,03,3781,1987,03,1244,1988,03,2133,0,0
89PE00447,89033782,87030769,82023201,1989033782,1987030769,1982023201,1989,03,3782,1987,03,0769,1982,02,3201,0,0
89PE00448,89033783,87030769,82023201,1989033783,1987030769,1982023201,1989,03,3783,1987,03,0769,1982,02,3201,0,0
89PE00449,89033784,88031999,85028469,1989033784,1988031999,1985028469,1989,03,3784,1988,03,1999,1985,02,8469,0,0
89PE00450,89033785,88031999,85028469,1989033785,1988031999,1985028469,1989,03,3785,1988,03,1999,1985,02,8469,0,0
89PE00451,89033786,88031999,85028469,1989033786,1988031999,1985028469,1989,03,3786,1988,03,1999,1985,02,8469,0,0
89PE00452,89033787,88031999,85028469,1989033787,1988031999,1985028469,1989,03,3787,1988,03,1999,1985,02,8469,0,0
89PE00453,89033788,87030523,86029157,1989033788,1987030523,1986029157,1989,03,3788,1987,03,0523,1986,02,9157,0,0
89PE00454,89033789,87030523,86029157,1989033789,1987030523,1986029157,1989,03,3789,1987,03,0523,1986,02,9157,0,0
89PE00455,89033790,87030795,87030731,1989033790,1987030795,1987030731,1989,03,3790,1987,03,0795,1987,03,0731,0,0
89PE00456,89033791,87030795,87030731,1989033791,1987030795,1987030731,1989,03,3791,1987,03,0795,1987,03,0731,0,0
89PE00457,89033792,87030769,86029220,1989033792,1987030769,1986029220,1989,03,3792,1987,03,0769,1986,02,9220,0,0
89PE00458,89033793,87030769,86029220,1989033793,1987030769,1986029220,1989,03,3793,1987,03,0769,1986,02,9220,0,0
89PE00459,89033794,87030769,87030891,1989033794,1987030769,1987030891,1989,03,3794,1987,03,0769,1987,03,0891,0,0
89PE00460,89033795,87030769,87030891,1989033795,1987030769,1987030891,1989,03,3795,1987,03,0769,1987,03,0891,0,0
89PE00461,89033796,87031244,88032159,1989033796,1987031244,1988032159,1989,03,3796,1987,03,1244,1988,03,2159,0,0
89PE00462,89033797,87031509,88031962,1989033797,1987031509,1988031962,1989,03,3797,1987,03,1509,1988,03,1962,0,0
89PE00463,89033798,87031509,88031962,1989033798,1987031509,1988031962,1989,03,3798,1987,03,1509,1988,03,1962,0,0
89PE00464,89033799,87030795,86029416,1989033799,1987030795,1986029416,1989,03,3799,1987,03,0795,1986,02,9416,0,0
89PE00465,89033800,87030795,86029416,1989033800,1987030795,1986029416,1989,03,3800,1987,03,0795,1986,02,9416,0,0
89PE00466,89033801,87030523,83025112,1989033801,1987030523,1983025112,1989,03,3801,1987,03,0523,1983,02,5112,0,0
89PE00467,89033802,87030523,83025112,1989033802,1987030523,1983025112,1989,03,3802,1987,03,0523,1983,02,5112,0,0
89PE00468,89033803,87031256,87031306,1989033803,1987031256,1987031306,1989,03,3803,1987,03,1256,1987,03,1306,0,0
89PE00469,89033804,87031256,87031306,1989033804,1987031256,1987031306,1989,03,3804,1987,03,1256,1987,03,1306,0,0
89PE00470,89033805,87030525,85028901,1989033805,1987030525,1985028901,1989,03,3805,1987,03,0525,1985,02,8901,0,0
89PE00471,89033806,87030525,85028901,1989033806,1987030525,1985028901,1989,03,3806,1987,03,0525,1985,02,8901,0,0
89PE00472,89033807,87031079,84027618,1989033807,1987031079,1984027618,1989,03,3807,1987,03,1079,1984,02,7618,0,0
89PE00473,89033808,87031079,84027618,1989033808,1987031079,1984027618,1989,03,3808,1987,03,1079,1984,02,7618,0,0
89PE00474,89033809,87030769,86029245,1989033809,1987030769,1986029245,1989,03,3809,1987,03,0769,1986,02,9245,0,0
89PE00475,89033810,87030769,86029245,1989033810,1987030769,1986029245,1989,03,3810,1987,03,0769,1986,02,9245,0,0
89PE00476,89033811,87030769,86029245,1989033811,1987030769,1986029245,1989,03,3811,1987,03,0769,1986,02,9245,0,0
89PE00477,89033812,87030769,82023100,1989033812,1987030769,1982023100,1989,03,3812,1987,03,0769,1982,02,3100,0,0
89PE00478,89033813,87030769,82023100,1989033813,1987030769,1982023100,1989,03,3813,1987,03,0769,1982,02,3100,0,0
89PE00479,89033814,87031407,87031770,1989033814,1987031407,1987031770,1989,03,3814,1987,03,1407,1987,03,1770,0,0
89PE00480,89033815,87031407,87031387,1989033815,1987031407,1987031387,1989,03,3815,1987,03,1407,1987,03,1387,0,0
89PE00481,89033816,87031407,87031387,1989033816,1987031407,1987031387,1989,03,3816,1987,03,1407,1987,03,1387,0,0
89PE00482,89033817,88031999,86029543,1989033817,1988031999,1986029543,1989,03,3817,1988,03,1999,1986,02,9543,0,0
89PE00483,89033818,88031999,86029543,1989033818,1988031999,1986029543,1989,03,3818,1988,03,1999,1986,02,9543,0,0
89PE00484,89033819,88031999,86029543,1989033819,1988031999,1986029543,1989,03,3819,1988,03,1999,1986,02,9543,0,0
89PE00485,89033820,87030523,85028265,1989033820,1987030523,1985028265,1989,03,3820,1987,03,0523,1985,02,8265,0,0
89PE00486,89033821,87030990,86029165,1989033821,1987030990,1986029165,1989,03,3821,1987,03,0990,1986,02,9165,0,0
89PE00487,89033822,87030795,83025172,1989033822,1987030795,1983025172,1989,03,3822,1987,03,0795,1983,02,5172,0,0
89PE00488,89033823,87030795,83025172,1989033823,1987030795,1983025172,1989,03,3823,1987,03,0795,1983,02,5172,0,0
89PE00489,89033824,87030769,83025377,1989033824,1987030769,1983025377,1989,03,3824,1987,03,0769,1983,02,5377,0,0
89PE00490,89033825,87030769,83025377,1989033825,1987030769,1983025377,1989,03,3825,1987,03,0769,1983,02,5377,0,0
89PE00491,89033826,87031079,87031069,1989033826,1987031079,1987031069,1989,03,3826,1987,03,1079,1987,03,1069,0,0
89PE00492,89033827,87031079,87031069,1989033827,1987031079,1987031069,1989,03,3827,1987,03,1079,1987,03,1069,0,0
89PE00493,89033828,87030990,84027203,1989033828,1987030990,1984027203,1989,03,3828,1987,03,0990,1984,02,7203,0,0
89PE00494,89033830,87030769,85027999,1989033830,1987030769,1985027999,1989,03,3830,1987,03,0769,1985,02,7999,0,0
89PE00495,89033831,87030769,85027999,1989033831,1987030769,1985027999,1989,03,3831,1987,03,0769,1985,02,7999,0,0
89PE00496,89033832,87030769,85027999,1989033832,1987030769,1985027999,1989,03,3832,1987,03,0769,1985,02,7999,0,0
89PE00497,89033833,87030525,87031322,1989033833,1987030525,1987031322,1989,03,3833,1987,03,0525,1987,03,1322,0,0
89PE00498,89033834,87030525,87031322,1989033834,1987030525,1987031322,1989,03,3834,1987,03,0525,1987,03,1322,0,0
89PE00499,89033835,87030769,85028199,1989033835,1987030769,1985028199,1989,03,3835,1987,03,0769,1985,02,8199,0,0
89PE00500,89033836,87030769,85028199,1989033836,1987030769,1985028199,1989,03,3836,1987,03,0769,1985,02,8199,0,0
89PE00501,89033837,88031985,84027316,1989033837,1988031985,1984027316,1989,03,3837,1988,03,1985,1984,02,7316,0,0
89PE00502,89033838,88031985,84027316,1989033838,1988031985,1984027316,1989,03,3838,1988,03,1985,1984,02,7316,0,0
89PE00503,89033839,87030523,85028181,1989033839,1987030523,1985028181,1989,03,3839,1987,03,0523,1985,02,8181,0,0
89PE00504,89033840,87030523,85028181,1989033840,1987030523,1985028181,1989,03,3840,1987,03,0523,1985,02,8181,0,0
89PE00505,89033841,87030860,87031789,1989033841,1987030860,1987031789,1989,03,3841,1987,03,0860,1987,03,1789,0,0
89PE00506,89033842,88032370,83025346,1989033842,1988032370,1983025346,1989,03,3842,1988,03,2370,1983,02,5346,0,0
89PE00507,89033843,88031999,87030649,1989033843,1988031999,1987030649,1989,03,3843,1988,03,1999,1987,03,0649,0,0
89PE00508,89033844,88032503,86029366,1989033844,1988032503,1986029366,1989,03,3844,1988,03,2503,1986,02,9366,0,0
89PE00509,89033845,88032503,86029366,1989033845,1988032503,1986029366,1989,03,3845,1988,03,2503,1986,02,9366,0,0
89PE00510,89033846,88032503,86029366,1989033846,1988032503,1986029366,1989,03,3846,1988,03,2503,1986,02,9366,0,0
89PE00511,89033847,87031509,88032149,1989033847,1987031509,1988032149,1989,03,3847,1987,03,1509,1988,03,2149,0,0
89PE00512,89033848,87031244,88032129,1989033848,1987031244,1988032129,1989,03,3848,1987,03,1244,1988,03,2129,0,0
89PE00513,89033849,87030795,85028194,1989033849,1987030795,1985028194,1989,03,3849,1987,03,0795,1985,02,8194,0,0
89PE00514,89033850,87030795,85028194,1989033850,1987030795,1985028194,1989,03,3850,1987,03,0795,1985,02,8194,0,0
89PE00515,89033851,87030525,87031578,1989033851,1987030525,1987031578,1989,03,3851,1987,03,0525,1987,03,1578,0,0
89PE00516,89033852,87030525,87031578,1989033852,1987030525,1987031578,1989,03,3852,1987,03,0525,1987,03,1578,0,0
89PE00517,89033853,87030769,87030779,1989033853,1987030769,1987030779,1989,03,3853,1987,03,0769,1987,03,0779,0,0
89PE00518,89033854,87030769,87030779,1989033854,1987030769,1987030779,1989,03,3854,1987,03,0769,1987,03,0779,0,0
89PE00519,89033855,88031985,85028017,1989033855,1988031985,1985028017,1989,03,3855,1988,03,1985,1985,02,8017,0,0
89PE00520,89033856,88031985,85028017,1989033856,1988031985,1985028017,1989,03,3856,1988,03,1985,1985,02,8017,0,0
89PE00521,89033857,88031985,85028017,1989033857,1988031985,1985028017,1989,03,3857,1988,03,1985,1985,02,8017,0,0
89PE00522,89033858,87031206,88032565,1989033858,1987031206,1988032565,1989,03,3858,1987,03,1206,1988,03,2565,0,0
89PE00523,89033859,87030795,83025382,1989033859,1987030795,1983025382,1989,03,3859,1987,03,0795,1983,02,5382,0,0
89PE00524,89033860,87031079,87031775,1989033860,1987031079,1987031775,1989,03,3860,1987,03,1079,1987,03,1775,0,0
89PE00525,89033861,87031079,87031775,1989033861,1987031079,1987031775,1989,03,3861,1987,03,1079,1987,03,1775,0,0
89PE00526,89033862,87030795,82023229,1989033862,1987030795,1982023229,1989,03,3862,1987,03,0795,1982,02,3229,0,0
89PE00527,89033863,88032503,86029476,1989033863,1988032503,1986029476,1989,03,3863,1988,03,2503,1986,02,9476,0,0
89PE00528,89033864,88032503,86029476,1989033864,1988032503,1986029476,1989,03,3864,1988,03,2503,1986,02,9476,0,0
89PE00529,89033865,88032503,86029476,1989033865,1988032503,1986029476,1989,03,3865,1988,03,2503,1986,02,9476,0,0
89PE00530,89033866,87030990,87030818,1989033866,1987030990,1987030818,1989,03,3866,1987,03,0990,1987,03,0818,0,0
89PE00531,89033867,87030990,87030818,1989033867,1987030990,1987030818,1989,03,3867,1987,03,0990,1987,03,0818,0,0
89PE00532,89033868,88032370,86029198,1989033868,1988032370,1986029198,1989,03,3868,1988,03,2370,1986,02,9198,0,0
89PE00533,89033869,88032370,86029198,1989033869,1988032370,1986029198,1989,03,3869,1988,03,2370,1986,02,9198,0,0
89PE00534,89033870,87031407,84027467,1989033870,1987031407,1984027467,1989,03,3870,1987,03,1407,1984,02,7467,0,0
89PE00535,89033871,87031407,84027467,1989033871,1987031407,1984027467,1989,03,3871,1987,03,1407,1984,02,7467,0,0
89PE00536,89033872,87031407,84027467,1989033872,1987031407,1984027467,1989,03,3872,1987,03,1407,1984,02,7467,0,0
89PE00537,89033873,87031509,88032287,1989033873,1987031509,1988032287,1989,03,3873,1987,03,1509,1988,03,2287,0,0
89PE00538,89033874,87030990,82023116,1989033874,1987030990,1982023116,1989,03,3874,1987,03,0990,1982,02,3116,0,0
89PE00539,89033875,87030990,82023116,1989033875,1987030990,1982023116,1989,03,3875,1987,03,0990,1982,02,3116,0,0
89PE00540,89033876,87031407,85028677,1989033876,1987031407,1985028677,1989,03,3876,1987,03,1407,1985,02,8677,0,0
89PE00541,89033877,87031407,85028677,1989033877,1987031407,1985028677,1989,03,3877,1987,03,1407,1985,02,8677,0,0
89PE00542,89033878,87031407,85028677,1989033878,1987031407,1985028677,1989,03,3878,1987,03,1407,1985,02,8677,0,0
89PE00543,89033879,87030990,87030938,1989033879,1987030990,1987030938,1989,03,3879,1987,03,0990,1987,03,0938,0,0
89PE00544,89033880,88031985,87030793,1989033880,1988031985,1987030793,1989,03,3880,1988,03,1985,1987,03,0793,0,0
89PE00545,89033881,88031985,87030793,1989033881,1988031985,1987030793,1989,03,3881,1988,03,1985,1987,03,0793,0,0
89PE00546,89033882,88031999,85027864,1989033882,1988031999,1985027864,1989,03,3882,1988,03,1999,1985,02,7864,0,0
89PE00547,89033883,87031206,88032183,1989033883,1987031206,1988032183,1989,03,3883,1987,03,1206,1988,03,2183,0,0
89PE00548,89033884,87030990,86029650,1989033884,1987030990,1986029650,1989,03,3884,1987,03,0990,1986,02,9650,0,0
89PE00549,89033885,87030990,86029650,1989033885,1987030990,1986029650,1989,03,3885,1987,03,0990,1986,02,9650,0,0
89PE00550,89033886,87030525,84026714,1989033886,1987030525,1984026714,1989,03,3886,1987,03,0525,1984,02,6714,0,0
89PE00551,89033887,87030525,84026714,1989033887,1987030525,1984026714,1989,03,3887,1987,03,0525,1984,02,6714,0,0
89PE00552,89033888,87030525,84026714,1989033888,1987030525,1984026714,1989,03,3888,1987,03,0525,1984,02,6714,0,0
89PE00553,89033889,87030795,87030592,1989033889,1987030795,1987030592,1989,03,3889,1987,03,0795,1987,03,0592,0,0
89PE00554,89033890,87030795,87030592,1989033890,1987030795,1987030592,1989,03,3890,1987,03,0795,1987,03,0592,0,0
89PE00555,89033891,87030795,87030592,1989033891,1987030795,1987030592,1989,03,3891,1987,03,0795,1987,03,0592,0,0
89PE00556,89033892,87031244,88032515,1989033892,1987031244,1988032515,1989,03,3892,1987,03,1244,1988,03,2515,0,0
89PE00557,89033893,87030860,86030417,1989033893,1987030860,1986030417,1989,03,3893,1987,03,0860,1986,03,0417,0,0
89PE00558,89033894,87030860,86030417,1989033894,1987030860,1986030417,1989,03,3894,1987,03,0860,1986,03,0417,0,0
89PE00559,89033895,87030860,86030417,1989033895,1987030860,1986030417,1989,03,3895,1987,03,0860,1986,03,0417,0,0
89PE00560,89033896,87030795,84027344,1989033896,1987030795,1984027344,1989,03,3896,1987,03,0795,1984,02,7344,0,0
89PE00561,89033897,88031999,83025427,1989033897,1988031999,1983025427,1989,03,3897,1988,03,1999,1983,02,5427,0,0
89PE00562,89033898,88031999,83025427,1989033898,1988031999,1983025427,1989,03,3898,1988,03,1999,1983,02,5427,0,0
89PE00563,89033899,88031999,83025427,1989033899,1988031999,1983025427,1989,03,3899,1988,03,1999,1983,02,5427,0,0
89PE00564,89033900,88031985,86029555,1989033900,1988031985,1986029555,1989,03,3900,1988,03,1985,1986,02,9555,0,0
89PE00565,89033901,88031985,86029555,1989033901,1988031985,1986029555,1989,03,3901,1988,03,1985,1986,02,9555,0,0
89PE00566,89033902,87030525,87031647,1989033902,1987030525,1987031647,1989,03,3902,1987,03,0525,1987,03,1647,0,0
89PE00567,89033903,87030525,87031647,1989033903,1987030525,1987031647,1989,03,3903,1987,03,0525,1987,03,1647,0,0
89PE00568,89033904,88031985,82023150,1989033904,1988031985,1982023150,1989,03,3904,1988,03,1985,1982,02,3150,0,0
89PE00569,89033905,88031985,82023150,1989033905,1988031985,1982023150,1989,03,3905,1988,03,1985,1982,02,3150,0,0
89PE00570,89033906,87031256,87031275,1989033906,1987031256,1987031275,1989,03,3906,1987,03,1256,1987,03,1275,0,0
89PE00571,89033907,88032503,84027130,1989033907,1988032503,1984027130,1989,03,3907,1988,03,2503,1984,02,7130,0,0
89PE00572,89033908,88032503,84027130,1989033908,1988032503,1984027130,1989,03,3908,1988,03,2503,1984,02,7130,0,0
89PE00573,89033909,87031256,87031072,1989033909,1987031256,1987031072,1989,03,3909,1987,03,1256,1987,03,1072,0,0
89PE00574,89033910,88031999,82023405,1989033910,1988031999,1982023405,1989,03,3910,1988,03,1999,1982,02,3405,0,0
89PE00575,89033911,88031999,82023405,1989033911,1988031999,1982023405,1989,03,3911,1988,03,1999,1982,02,3405,0,0
89PE00576,89033912,88031999,82023405,1989033912,1988031999,1982023405,1989,03,3912,1988,03,1999,1982,02,3405,0,0
89PE00577,89033913,87030990,86029164,1989033913,1987030990,1986029164,1989,03,3913,1987,03,0990,1986,02,9164,0,0
89PE00578,89033914,88032503,87030770,1989033914,1988032503,1987030770,1989,03,3914,1988,03,2503,1987,03,0770,0,0
89PE00579,89033915,88032503,87030770,1989033915,1988032503,1987030770,1989,03,3915,1988,03,2503,1987,03,0770,0,0
89PE00580,89033916,87030525,87031498,1989033916,1987030525,1987031498,1989,03,3916,1987,03,0525,1987,03,1498,0,0
89PE00581,89033917,87030795,87030877,1989033917,1987030795,1987030877,1989,03,3917,1987,03,0795,1987,03,0877,0,0
89PE00582,89033918,87030795,87030877,1989033918,1987030795,1987030877,1989,03,3918,1987,03,0795,1987,03,0877,0,0
89PE00583,89033919,87030795,87030877,1989033919,1987030795,1987030877,1989,03,3919,1987,03,0795,1987,03,0877,0,0
89PE00584,89033920,87030860,87031507,1989033920,1987030860,1987031507,1989,03,3920,1987,03,0860,1987,03,1507,0,0
89PE00585,89033921,87030860,87031507,1989033921,1987030860,1987031507,1989,03,3921,1987,03,0860,1987,03,1507,0,0
89PE00586,89033922,87030523,86029080,1989033922,1987030523,1986029080,1989,03,3922,1987,03,0523,1986,02,9080,0,0
89PE00587,89033923,87030523,86029080,1989033923,1987030523,1986029080,1989,03,3923,1987,03,0523,1986,02,9080,0,0
89PE00588,89033924,88032370,87030595,1989033924,1988032370,1987030595,1989,03,3924,1988,03,2370,1987,03,0595,0,0
89PE00589,89033925,88032370,87030595,1989033925,1988032370,1987030595,1989,03,3925,1988,03,2370,1987,03,0595,0,0
89PE00590,89033926,88031985,87030959,1989033926,1988031985,1987030959,1989,03,3926,1988,03,1985,1987,03,0959,0,0
89PE00591,89033927,88031985,87030959,1989033927,1988031985,1987030959,1989,03,3927,1988,03,1985,1987,03,0959,0,0
89PE00592,89033928,87030525,87031694,1989033928,1987030525,1987031694,1989,03,3928,1987,03,0525,1987,03,1694,0,0
89PE00593,89033929,87030525,87031694,1989033929,1987030525,1987031694,1989,03,3929,1987,03,0525,1987,03,1694,0,0
89PE00594,89033930,87031233,88032541,1989033930,1987031233,1988032541,1989,03,3930,1987,03,1233,1988,03,2541,0,0
89PE00595,89033931,88032370,87030723,1989033931,1988032370,1987030723,1989,03,3931,1988,03,2370,1987,03,0723,0,0
89PE00596,89033932,88032370,87030723,1989033932,1988032370,1987030723,1989,03,3932,1988,03,2370,1987,03,0723,0,0
89PE00597,89033933,87030523,87030967,1989033933,1987030523,1987030967,1989,03,3933,1987,03,0523,1987,03,0967,0,0
89PE00598,89033934,87031079,86029900,1989033934,1987031079,1986029900,1989,03,3934,1987,03,1079,1986,02,9900,0,0
89PE00599,89033935,87031079,86029900,1989033935,1987031079,1986029900,1989,03,3935,1987,03,1079,1986,02,9900,0,0
89PE00600,89033936,87030860,85029044,1989033936,1987030860,1985029044,1989,03,3936,1987,03,0860,1985,02,9044,0,0
89PE00601,89033937,88031999,83025036,1989033937,1988031999,1983025036,1989,03,3937,1988,03,1999,1983,02,5036,0,0
89PE00602,89033938,88031999,83025036,1989033938,1988031999,1983025036,1989,03,3938,1988,03,1999,1983,02,5036,0,0
89PE00603,89033939,88031999,83025036,1989033939,1988031999,1983025036,1989,03,3939,1988,03,1999,1983,02,5036,0,0
89PE00604,89033940,87031407,83024314,1989033940,1987031407,1983024314,1989,03,3940,1987,03,1407,1983,02,4314,0,0
89PE00605,89033941,87031407,83024314,1989033941,1987031407,1983024314,1989,03,3941,1987,03,1407,1983,02,4314,0,0
89PE00606,89033942,88032503,83025338,1989033942,1988032503,1983025338,1989,03,3942,1988,03,2503,1983,02,5338,0,0
89PE00607,89033943,88032503,83025338,1989033943,1988032503,1983025338,1989,03,3943,1988,03,2503,1983,02,5338,0,0
89PE00608,89033944,87031407,87031497,1989033944,1987031407,1987031497,1989,03,3944,1987,03,1407,1987,03,1497,0,0
89PE00609,89033945,87030795,87030538,1989033945,1987030795,1987030538,1989,03,3945,1987,03,0795,1987,03,0538,0,0
89PE00610,89033946,87030523,84027174,1989033946,1987030523,1984027174,1989,03,3946,1987,03,0523,1984,02,7174,0,0
89PE00611,89033947,87030523,84027174,1989033947,1987030523,1984027174,1989,03,3947,1987,03,0523,1984,02,7174,0,0
89PE00612,89033948,87030523,84027174,1989033948,1987030523,1984027174,1989,03,3948,1987,03,0523,1984,02,7174,0,0
89PE00613,89033949,87031206,88032295,1989033949,1987031206,1988032295,1989,03,3949,1987,03,1206,1988,03,2295,0,0
89PE00614,89033950,87031206,88032295,1989033950,1987031206,1988032295,1989,03,3950,1987,03,1206,1988,03,2295,0,0
89PE00615,89033951,87031206,88032318,1989033951,1987031206,1988032318,1989,03,3951,1987,03,1206,1988,03,2318,0,0
89PE00616,89033952,87031206,88032318,1989033952,1987031206,1988032318,1989,03,3952,1987,03,1206,1988,03,2318,0,0
89PE00617,89033953,88031999,85027866,1989033953,1988031999,1985027866,1989,03,3953,1988,03,1999,1985,02,7866,0,0
89PE00618,89033954,88031999,85027866,1989033954,1988031999,1985027866,1989,03,3954,1988,03,1999,1985,02,7866,0,0
89PE00619,89033955,88031999,85027866,1989033955,1988031999,1985027866,1989,03,3955,1988,03,1999,1985,02,7866,0,0
89PE00620,89033956,87031233,88032512,1989033956,1987031233,1988032512,1989,03,3956,1987,03,1233,1988,03,2512,0,0
89PE00621,89033957,88032503,84027151,1989033957,1988032503,1984027151,1989,03,3957,1988,03,2503,1984,02,7151,0,0
89PE00622,89033958,88032503,84027151,1989033958,1988032503,1984027151,1989,03,3958,1988,03,2503,1984,02,7151,0,0
89PE00623,89033959,88031985,83025419,1989033959,1988031985,1983025419,1989,03,3959,1988,03,1985,1983,02,5419,0,0
89PE00624,89033960,87030525,87031117,1989033960,1987030525,1987031117,1989,03,3960,1987,03,0525,1987,03,1117,0,0
89PE00625,89033961,87030525,87031117,1989033961,1987030525,1987031117,1989,03,3961,1987,03,0525,1987,03,1117,0,0
89PE00626,89033962,87030523,86029511,1989033962,1987030523,1986029511,1989,03,3962,1987,03,0523,1986,02,9511,0,0
89PE00627,89033963,87030523,86029511,1989033963,1987030523,1986029511,1989,03,3963,1987,03,0523,1986,02,9511,0,0
89PE00628,89033964,87030525,84027778,1989033964,1987030525,1984027778,1989,03,3964,1987,03,0525,1984,02,7778,0,0
89PE00629,89033965,87030525,84027778,1989033965,1987030525,1984027778,1989,03,3965,1987,03,0525,1984,02,7778,0,0
89PE00630,89033966,87030860,86030161,1989033966,1987030860,1986030161,1989,03,3966,1987,03,0860,1986,03,0161,0,0
89PE00631,89033967,87030860,86030161,1989033967,1987030860,1986030161,1989,03,3967,1987,03,0860,1986,03,0161,0,0
89PE00632,89033968,87030860,86030161,1989033968,1987030860,1986030161,1989,03,3968,1987,03,0860,1986,03,0161,0,0
89PE00633,89033969,87031079,84027736,1989033969,1987031079,1984027736,1989,03,3969,1987,03,1079,1984,02,7736,0,0
89PE00634,89033970,87031079,84027736,1989033970,1987031079,1984027736,1989,03,3970,1987,03,1079,1984,02,7736,0,0
89PE00635,89033971,87031079,84027736,1989033971,1987031079,1984027736,1989,03,3971,1987,03,1079,1984,02,7736,0,0
89PE00636,89033972,87031079,87031416,1989033972,1987031079,1987031416,1989,03,3972,1987,03,1079,1987,03,1416,0,0
89PE00637,89033973,87031079,87031416,1989033973,1987031079,1987031416,1989,03,3973,1987,03,1079,1987,03,1416,0,0
89PE00638,89033974,87031407,87031092,1989033974,1987031407,1987031092,1989,03,3974,1987,03,1407,1987,03,1092,0,0
89PE00639,89033975,87031407,87031092,1989033975,1987031407,1987031092,1989,03,3975,1987,03,1407,1987,03,1092,0,0
89PE00640,89033976,88032503,86029190,1989033976,1988032503,1986029190,1989,03,3976,1988,03,2503,1986,02,9190,0,0
89PE00641,89033977,88032503,86029190,1989033977,1988032503,1986029190,1989,03,3977,1988,03,2503,1986,02,9190,0,0
89PE00642,89033978,88032503,86029190,1989033978,1988032503,1986029190,1989,03,3978,1988,03,2503,1986,02,9190,0,0
89PE00643,89033979,87030769,82023125,1989033979,1987030769,1982023125,1989,03,3979,1987,03,0769,1982,02,3125,0,0
89PE00644,89033980,87030769,82023125,1989033980,1987030769,1982023125,1989,03,3980,1987,03,0769,1982,02,3125,0,0
89PE00645,89033981,87030769,82023125,1989033981,1987030769,1982023125,1989,03,3981,1987,03,0769,1982,02,3125,0,0
89PE00646,89033982,88032370,83025273,1989033982,1988032370,1983025273,1989,03,3982,1988,03,2370,1983,02,5273,0,0
89PE00647,89033983,87030795,86029081,1989033983,1987030795,1986029081,1989,03,3983,1987,03,0795,1986,02,9081,0,0
89PE00648,89033984,87030795,86029081,1989033984,1987030795,1986029081,1989,03,3984,1987,03,0795,1986,02,9081,0,0
89PE00649,89033985,87031256,87031361,1989033985,1987031256,1987031361,1989,03,3985,1987,03,1256,1987,03,1361,0,0
89PE00650,89033986,87031256,87031361,1989033986,1987031256,1987031361,1989,03,3986,1987,03,1256,1987,03,1361,0,0
89PE00651,89033987,87031079,87031323,1989033987,1987031079,1987031323,1989,03,3987,1987,03,1079,1987,03,1323,0,0
89PE00652,89033988,87031079,87031323,1989033988,1987031079,1987031323,1989,03,3988,1987,03,1079,1987,03,1323,0,0
89PE00653,89033989,87031407,86030439,1989033989,1987031407,1986030439,1989,03,3989,1987,03,1407,1986,03,0439,0,0
89PE00654,89033990,87031407,86030439,1989033990,1987031407,1986030439,1989,03,3990,1987,03,1407,1986,03,0439,0,0
89PE00655,89033991,87031256,86029989,1989033991,1987031256,1986029989,1989,03,3991,1987,03,1256,1986,02,9989,0,0
89PE00656,89033992,87031256,86029989,1989033992,1987031256,1986029989,1989,03,3992,1987,03,1256,1986,02,9989,0,0
89PE00657,89033993,87031244,88032387,1989033993,1987031244,1988032387,1989,03,3993,1987,03,1244,1988,03,2387,0,0
89PE00658,89033994,87031244,88032387,1989033994,1987031244,1988032387,1989,03,3994,1987,03,1244,1988,03,2387,0,0
89PE00659,89033995,88032370,82023390,1989033995,1988032370,1982023390,1989,03,3995,1988,03,2370,1982,02,3390,0,0
89PE00660,89033996,88032370,82023390,1989033996,1988032370,1982023390,1989,03,3996,1988,03,2370,1982,02,3390,0,0
89PE00661,89033997,88032370,82023390,1989033997,1988032370,1982023390,1989,03,3997,1988,03,2370,1982,02,3390,0,0
89PE00662,89033998,88032370,85028371,1989033998,1988032370,1985028371,1989,03,3998,1988,03,2370,1985,02,8371,0,0
89PE00663,89033999,88032370,85028371,1989033999,1988032370,1985028371,1989,03,3999,1988,03,2370,1985,02,8371,0,0
89PE00664,89034000,87030523,85028408,1989034000,1987030523,1985028408,1989,03,4000,1987,03,0523,1985,02,8408,0,0
89PE00665,89034001,87030523,87030848,1989034001,1987030523,1987030848,1989,03,4001,1987,03,0523,1987,03,0848,0,0
89PE00666,89034002,87030523,87030848,1989034002,1987030523,1987030848,1989,03,4002,1987,03,0523,1987,03,0848,0,0
89PE00667,89034003,87030523,85028408,1989034003,1987030523,1985028408,1989,03,4003,1987,03,0523,1985,02,8408,0,0
89PE00668,89034004,87030523,85028408,1989034004,1987030523,1985028408,1989,03,4004,1987,03,0523,1985,02,8408,0,0
89PE00669,89034005,87030525,86029899,1989034005,1987030525,1986029899,1989,03,4005,1987,03,0525,1986,02,9899,0,0
89PE00670,89034006,87030525,86029899,1989034006,1987030525,1986029899,1989,03,4006,1987,03,0525,1986,02,9899,0,0
89PE00671,89034007,87030525,86029899,1989034007,1987030525,1986029899,1989,03,4007,1987,03,0525,1986,02,9899,0,0
89PE00672,89034008,87030525,86030441,1989034008,1987030525,1986030441,1989,03,4008,1987,03,0525,1986,03,0441,0,0
89PE00673,89034009,87030525,86030441,1989034009,1987030525,1986030441,1989,03,4009,1987,03,0525,1986,03,0441,0,0
89PE00674,89034010,87030795,84027018,1989034010,1987030795,1984027018,1989,03,4010,1987,03,0795,1984,02,7018,0,0
89PE00675,89034011,87030795,84027018,1989034011,1987030795,1984027018,1989,03,4011,1987,03,0795,1984,02,7018,0,0
89PE00676,89034012,87030795,84027018,1989034012,1987030795,1984027018,1989,03,4012,1987,03,0795,1984,02,7018,0,0
89PE00677,89034013,88032503,87030647,1989034013,1988032503,1987030647,1989,03,4013,1988,03,2503,1987,03,0647,0,0
89PE00678,89034014,88032503,87030647,1989034014,1988032503,1987030647,1989,03,4014,1988,03,2503,1987,03,0647,0,0
89PE00679,89034015,87030523,84026974,1989034015,1987030523,1984026974,1989,03,4015,1987,03,0523,1984,02,6974,0,0
89PE00680,89034016,87030523,84026974,1989034016,1987030523,1984026974,1989,03,4016,1987,03,0523,1984,02,6974,0,0
89PE00681,89034017,87031244,88031917,1989034017,1987031244,1988031917,1989,03,4017,1987,03,1244,1988,03,1917,0,0
89PE00682,89034018,88031985,86029135,1989034018,1988031985,1986029135,1989,03,4018,1988,03,1985,1986,02,9135,0,0
89PE00683,89034019,88031985,86029135,1989034019,1988031985,1986029135,1989,03,4019,1988,03,1985,1986,02,9135,0,0
89PE00684,89034020,88031985,86029135,1989034020,1988031985,1986029135,1989,03,4020,1988,03,1985,1986,02,9135,0,0
89PE00685,89034021,87031079,83024910,1989034021,1987031079,1983024910,1989,03,4021,1987,03,1079,1983,02,4910,0,0
89PE00686,89034022,88031999,83025308,1989034022,1988031999,1983025308,1989,03,4022,1988,03,1999,1983,02,5308,0,0
89PE00687,89034023,88031999,83025308,1989034023,1988031999,1983025308,1989,03,4023,1988,03,1999,1983,02,5308,0,0
89PE00688,89034024,88031999,83025308,1989034024,1988031999,1983025308,1989,03,4024,1988,03,1999,1983,02,5308,0,0
89PE00689,89034025,88031999,86029073,1989034025,1988031999,1986029073,1989,03,4025,1988,03,1999,1986,02,9073,0,0
89PE00690,89034026,88031999,86029073,1989034026,1988031999,1986029073,1989,03,4026,1988,03,1999,1986,02,9073,0,0
89PE00691,89034027,88031999,86029073,1989034027,1988031999,1986029073,1989,03,4027,1988,03,1999,1986,02,9073,0,0
89PE00692,89034028,88031985,84027043,1989034028,1988031985,1984027043,1989,03,4028,1988,03,1985,1984,02,7043,0,0
89PE00693,89034029,88031985,84027043,1989034029,1988031985,1984027043,1989,03,4029,1988,03,1985,1984,02,7043,0,0
89PE00694,89034030,87031206,88032130,1989034030,1987031206,1988032130,1989,03,4030,1987,03,1206,1988,03,2130,0,0
89PE00695,89034031,87030769,83025009,1989034031,1987030769,1983025009,1989,03,4031,1987,03,0769,1983,02,5009,0,0
89PE00696,89034032,88031999,82023298,1989034032,1988031999,1982023298,1989,03,4032,1988,03,1999,1982,02,3298,0,0
89PE00697,89034033,88031999,82023298,1989034033,1988031999,1982023298,1989,03,4033,1988,03,1999,1982,02,3298,0,0
89PE00698,89034034,87030523,86029109,1989034034,1987030523,1986029109,1989,03,4034,1987,03,0523,1986,02,9109,0,0
89PE00699,89034035,87030523,86029109,1989034035,1987030523,1986029109,1989,03,4035,1987,03,0523,1986,02,9109,0,0
89PE00700,89034036,88032370,84027274,1989034036,1988032370,1984027274,1989,03,4036,1988,03,2370,1984,02,7274,0,0
89PE00701,89034037,88032370,84027274,1989034037,1988032370,1984027274,1989,03,4037,1988,03,2370,1984,02,7274,0,0
89PE00702,89034038,88032503,86029233,1989034038,1988032503,1986029233,1989,03,4038,1988,03,2503,1986,02,9233,0,0
89PE00703,89034039,88032503,86029233,1989034039,1988032503,1986029233,1989,03,4039,1988,03,2503,1986,02,9233,0,0
89PE00704,89034040,87031256,87031229,1989034040,1987031256,1987031229,1989,03,4040,1987,03,1256,1987,03,1229,0,0
89PE00705,89034041,87031256,87031229,1989034041,1987031256,1987031229,1989,03,4041,1987,03,1256,1987,03,1229,0,0
89PE00706,89034042,87031244,88032453,1989034042,1987031244,1988032453,1989,03,4042,1987,03,1244,1988,03,2453,0,0
89PE00707,89034043,87031244,88032453,1989034043,1987031244,1988032453,1989,03,4043,1987,03,1244,1988,03,2453,0,0
89PE00708,89034044,87031407,87031838,1989034044,1987031407,1987031838,1989,03,4044,1987,03,1407,1987,03,1838,0,0
89PE00709,89034045,87031407,87031838,1989034045,1987031407,1987031838,1989,03,4045,1987,03,1407,1987,03,1838,0,0
89PE00710,89034046,88031999,85028085,1989034046,1988031999,1985028085,1989,03,4046,1988,03,1999,1985,02,8085,0,0
89PE00711,89034047,88031999,85028085,1989034047,1988031999,1985028085,1989,03,4047,1988,03,1999,1985,02,8085,0,0
89PE00712,89034048,88031999,85028085,1989034048,1988031999,1985028085,1989,03,4048,1988,03,1999,1985,02,8085,0,0
89PE00713,89034049,87030523,86029312,1989034049,1987030523,1986029312,1989,03,4049,1987,03,0523,1986,02,9312,0,0
89PE00714,89034050,87030523,86029312,1989034050,1987030523,1986029312,1989,03,4050,1987,03,0523,1986,02,9312,0,0
89PE00715,89034051,87031407,87031682,1989034051,1987031407,1987031682,1989,03,4051,1987,03,1407,1987,03,1682,0,0
89PE00716,89034052,87031407,87031682,1989034052,1987031407,1987031682,1989,03,4052,1987,03,1407,1987,03,1682,0,0
89PE00717,89034053,87030990,87030544,1989034053,1987030990,1987030544,1989,03,4053,1987,03,0990,1987,03,0544,0,0
89PE00718,89034054,87030990,87030544,1989034054,1987030990,1987030544,1989,03,4054,1987,03,0990,1987,03,0544,0,0
89PE00719,89034055,88031999,85027962,1989034055,1988031999,1985027962,1989,03,4055,1988,03,1999,1985,02,7962,0,0
89PE00720,89034056,88031999,85027962,1989034056,1988031999,1985027962,1989,03,4056,1988,03,1999,1985,02,7962,0,0
89PE00721,89034057,88031999,85028110,1989034057,1988031999,1985028110,1989,03,4057,1988,03,1999,1985,02,8110,0,0
89PE00722,89034058,88031999,85028110,1989034058,1988031999,1985028110,1989,03,4058,1988,03,1999,1985,02,8110,0,0
89PE00723,89034059,87030523,87030618,1989034059,1987030523,1987030618,1989,03,4059,1987,03,0523,1987,03,0618,0,0
89PE00724,89034060,87030523,87030618,1989034060,1987030523,1987030618,1989,03,4060,1987,03,0523,1987,03,0618,0,0
89PE00725,89034061,87030523,87030618,1989034061,1987030523,1987030618,1989,03,4061,1987,03,0523,1987,03,0618,0,0
89PE00726,89034062,87030769,84027063,1989034062,1987030769,1984027063,1989,03,4062,1987,03,0769,1984,02,7063,0,0
89PE00727,89034063,87030769,84027063,1989034063,1987030769,1984027063,1989,03,4063,1987,03,0769,1984,02,7063,0,0
89PE00728,89034064,88032503,85028189,1989034064,1988032503,1985028189,1989,03,4064,1988,03,2503,1985,02,8189,0,0
89PE00729,89034065,88032503,85028189,1989034065,1988032503,1985028189,1989,03,4065,1988,03,2503,1985,02,8189,0,0
89PE00730,89034066,87031256,87031853,1989034066,1987031256,1987031853,1989,03,4066,1987,03,1256,1987,03,1853,0,0
89PE00731,89034067,87031256,87031853,1989034067,1987031256,1987031853,1989,03,4067,1987,03,1256,1987,03,1853,0,0
89PE00732,89034068,87030860,86029866,1989034068,1987030860,1986029866,1989,03,4068,1987,03,0860,1986,02,9866,0,0
89PE00733,89034069,87030523,85028015,1989034069,1987030523,1985028015,1989,03,4069,1987,03,0523,1985,02,8015,0,0
89PE00734,89034070,87030523,85028015,1989034070,1987030523,1985028015,1989,03,4070,1987,03,0523,1985,02,8015,0,0
89PE00735,89034071,87030523,85028015,1989034071,1987030523,1985028015,1989,03,4071,1987,03,0523,1985,02,8015,0,0
89PE00736,89034072,88032370,86029142,1989034072,1988032370,1986029142,1989,03,4072,1988,03,2370,1986,02,9142,0,0
89PE00737,89034073,88032370,86029142,1989034073,1988032370,1986029142,1989,03,4073,1988,03,2370,1986,02,9142,0,0
89PE00738,89034074,88032370,86029142,1989034074,1988032370,1986029142,1989,03,4074,1988,03,2370,1986,02,9142,0,0
89PE00739,89034075,87031256,86030395,1989034075,1987031256,1986030395,1989,03,4075,1987,03,1256,1986,03,0395,0,0
89PE00740,89034076,87031256,86030395,1989034076,1987031256,1986030395,1989,03,4076,1987,03,1256,1986,03,0395,0,0
89PE00741,89034077,87031256,86030395,1989034077,1987031256,1986030395,1989,03,4077,1987,03,1256,1986,03,0395,0,0
89PE00742,89034078,87030523,87030546,1989034078,1987030523,1987030546,1989,03,4078,1987,03,0523,1987,03,0546,0,0
89PE00743,89034079,87030523,87030546,1989034079,1987030523,1987030546,1989,03,4079,1987,03,0523,1987,03,0546,0,0
89PE00744,89034080,87031509,88032355,1989034080,1987031509,1988032355,1989,03,4080,1987,03,1509,1988,03,2355,0,0
89PE00745,89034081,87031233,88032360,1989034081,1987031233,1988032360,1989,03,4081,1987,03,1233,1988,03,2360,0,0
89PE00746,89034082,88031985,86029625,1989034082,1988031985,1986029625,1989,03,4082,1988,03,1985,1986,02,9625,0,0
89PE00747,89034083,88031985,86029625,1989034083,1988031985,1986029625,1989,03,4083,1988,03,1985,1986,02,9625,0,0
89PE00748,89034084,88031985,86029625,1989034084,1988031985,1986029625,1989,03,4084,1988,03,1985,1986,02,9625,0,0
89PE00749,89034085,88032503,83025144,1989034085,1988032503,1983025144,1989,03,4085,1988,03,2503,1983,02,5144,0,0
89PE00750,89034086,87030523,84027195,1989034086,1987030523,1984027195,1989,03,4086,1987,03,0523,1984,02,7195,0,0
89PE00751,89034087,87031256,84027796,1989034087,1987031256,1984027796,1989,03,4087,1987,03,1256,1984,02,7796,0,0
89PE00752,89034088,87031256,84027796,1989034088,1987031256,1984027796,1989,03,4088,1987,03,1256,1984,02,7796,0,0
89PE00753,89034089,87031407,86029873,1989034089,1987031407,1986029873,1989,03,4089,1987,03,1407,1986,02,9873,0,0
89PE00754,89034090,87031407,86029873,1989034090,1987031407,1986029873,1989,03,4090,1987,03,1407,1986,02,9873,0,0
89PE00755,89034091,87031256,87031147,1989034091,1987031256,1987031147,1989,03,4091,1987,03,1256,1987,03,1147,0,0
89PE00756,89034092,87031256,87031147,1989034092,1987031256,1987031147,1989,03,4092,1987,03,1256,1987,03,1147,0,0
89PE00757,89034093,87030769,87030526,1989034093,1987030769,1987030526,1989,03,4093,1987,03,0769,1987,03,0526,0,0
89PE00758,89034094,87030860,84026496,1989034094,1987030860,1984026496,1989,03,4094,1987,03,0860,1984,02,6496,0,0
89PE00759,89034095,87030860,84026496,1989034095,1987030860,1984026496,1989,03,4095,1987,03,0860,1984,02,6496,0,0
89PE00760,89034096,87030860,84026496,1989034096,1987030860,1984026496,1989,03,4096,1987,03,0860,1984,02,6496,0,0
89PE00761,89034097,88031999,84027175,1989034097,1988031999,1984027175,1989,03,4097,1988,03,1999,1984,02,7175,0,0
89PE00762,89034098,88031999,84027175,1989034098,1988031999,1984027175,1989,03,4098,1988,03,1999,1984,02,7175,0,0
89PE00763,89034099,88031999,84027175,1989034099,1988031999,1984027175,1989,03,4099,1988,03,1999,1984,02,7175,0,0
89PE00764,89034100,87030769,87030668,1989034100,1987030769,1987030668,1989,03,4100,1987,03,0769,1987,03,0668,0,0
89PE00765,89034101,87030525,87031799,1989034101,1987030525,1987031799,1989,03,4101,1987,03,0525,1987,03,1799,0,0
89PE00766,89034102,87030860,86030024,1989034102,1987030860,1986030024,1989,03,4102,1987,03,0860,1986,03,0024,0,0
89PE00767,89034103,87030860,86030024,1989034103,1987030860,1986030024,1989,03,4103,1987,03,0860,1986,03,0024,0,0
89PE00768,89034104,88032503,86029094,1989034104,1988032503,1986029094,1989,03,4104,1988,03,2503,1986,02,9094,0,0
89PE00769,89034105,88032503,86029094,1989034105,1988032503,1986029094,1989,03,4105,1988,03,2503,1986,02,9094,0,0
89PE00770,89034106,88032503,86029094,1989034106,1988032503,1986029094,1989,03,4106,1988,03,2503,1986,02,9094,0,0
89PE00771,89034107,88032503,86029094,1989034107,1988032503,1986029094,1989,03,4107,1988,03,2503,1986,02,9094,0,0
89PE00772,89034108,87030990,87030777,1989034108,1987030990,1987030777,1989,03,4108,1987,03,0990,1987,03,0777,0,0
89PE00773,89034109,87031347,88031989,1989034109,1987031347,1988031989,1989,03,4109,1987,03,1347,1988,03,1989,0,0
89PE00774,89034110,87030860,87031749,1989034110,1987030860,1987031749,1989,03,4110,1987,03,0860,1987,03,1749,0,0
89PE00775,89034111,87030860,87031749,1989034111,1987030860,1987031749,1989,03,4111,1987,03,0860,1987,03,1749,0,0
89PE00776,89034112,87030860,87031749,1989034112,1987030860,1987031749,1989,03,4112,1987,03,0860,1987,03,1749,0,0
89PE00777,89034113,87030523,87030850,1989034113,1987030523,1987030850,1989,03,4113,1987,03,0523,1987,03,0850,0,0
89PE00778,89034114,87030523,87030850,1989034114,1987030523,1987030850,1989,03,4114,1987,03,0523,1987,03,0850,0,0
89PE00779,89034115,87031256,86803241,1989034115,1987031256,1986803241,1989,03,4115,1987,03,1256,1986,80,3241,0,0
89PE00780,89034116,87031256,86803241,1989034116,1987031256,1986803241,1989,03,4116,1987,03,1256,1986,80,3241,0,0
89PE00781,89034117,88032370,85028154,1989034117,1988032370,1985028154,1989,03,4117,1988,03,2370,1985,02,8154,0,0
89PE00782,89034118,88032370,85028154,1989034118,1988032370,1985028154,1989,03,4118,1988,03,2370,1985,02,8154,0,0
89PE00783,89034119,88032370,85028154,1989034119,1988032370,1985028154,1989,03,4119,1988,03,2370,1985,02,8154,0,0
89PE00784,89034120,88031985,83025254,1989034120,1988031985,1983025254,1989,03,4120,1988,03,1985,1983,02,5254,0,0
89PE00785,89034121,88031985,83025254,1989034121,1988031985,1983025254,1989,03,4121,1988,03,1985,1983,02,5254,0,0
89PE00786,89034122,88031985,83025254,1989034122,1988031985,1983025254,1989,03,4122,1988,03,1985,1983,02,5254,0,0
89PE00787,89034123,88031999,86029358,1989034123,1988031999,1986029358,1989,03,4123,1988,03,1999,1986,02,9358,0,0
89PE00788,89034124,88031999,86029358,1989034124,1988031999,1986029358,1989,03,4124,1988,03,1999,1986,02,9358,0,0
89PE00789,89034125,88031999,86029358,1989034125,1988031999,1986029358,1989,03,4125,1988,03,1999,1986,02,9358,0,0
89PE00790,89034126,87030795,85028305,1989034126,1987030795,1985028305,1989,03,4126,1987,03,0795,1985,02,8305,0,0
89PE00791,89034127,87030795,85028305,1989034127,1987030795,1985028305,1989,03,4127,1987,03,0795,1985,02,8305,0,0
89PE00792,89034128,87031407,87031702,1989034128,1987031407,1987031702,1989,03,4128,1987,03,1407,1987,03,1702,0,0
89PE00793,89034129,87031407,87031702,1989034129,1987031407,1987031702,1989,03,4129,1987,03,1407,1987,03,1702,0,0
89PE00794,89034130,87030769,86029597,1989034130,1987030769,1986029597,1989,03,4130,1987,03,0769,1986,02,9597,0,0
89PE00795,89034131,87030769,86029597,1989034131,1987030769,1986029597,1989,03,4131,1987,03,0769,1986,02,9597,0,0
89PE00796,89034132,87030525,87031404,1989034132,1987030525,1987031404,1989,03,4132,1987,03,0525,1987,03,1404,0,0
89PE00797,89034133,87030525,87031404,1989034133,1987030525,1987031404,1989,03,4133,1987,03,0525,1987,03,1404,0,0
89PE00798,89034134,87030525,87031250,1989034134,1987030525,1987031250,1989,03,4134,1987,03,0525,1987,03,1250,0,0
89PE00799,89034135,87030525,87031250,1989034135,1987030525,1987031250,1989,03,4135,1987,03,0525,1987,03,1250,0,0
89PE00800,89034136,87030990,84027194,1989034136,1987030990,1984027194,1989,03,4136,1987,03,0990,1984,02,7194,0,0
89PE00801,89034137,87030990,84027194,1989034137,1987030990,1984027194,1989,03,4137,1987,03,0990,1984,02,7194,0,0
89PE00802,89034138,87031079,87031476,1989034138,1987031079,1987031476,1989,03,4138,1987,03,1079,1987,03,1476,0,0
89PE00803,89034139,87031079,87031476,1989034139,1987031079,1987031476,1989,03,4139,1987,03,1079,1987,03,1476,0,0
89PE00804,89034140,87030860,87031084,1989034140,1987030860,1987031084,1989,03,4140,1987,03,0860,1987,03,1084,0,0
89PE00805,89034141,87030860,87031084,1989034141,1987030860,1987031084,1989,03,4141,1987,03,0860,1987,03,1084,0,0
89PE00806,89034142,87030990,87031027,1989034142,1987030990,1987031027,1989,03,4142,1987,03,0990,1987,03,1027,0,0
89PE00807,89034143,87030990,87031027,1989034143,1987030990,1987031027,1989,03,4143,1987,03,0990,1987,03,1027,0,0
89PE00808,89034144,87030860,85028653,1989034144,1987030860,1985028653,1989,03,4144,1987,03,0860,1985,02,8653,0,0
89PE00809,89034145,87030860,85028653,1989034145,1987030860,1985028653,1989,03,4145,1987,03,0860,1985,02,8653,0,0
89PE00810,89034146,87030860,84027437,1989034146,1987030860,1984027437,1989,03,4146,1987,03,0860,1984,02,7437,0,0
89PE00811,89034147,87030525,84027706,1989034147,1987030525,1984027706,1989,03,4147,1987,03,0525,1984,02,7706,0,0
89PE00812,89034148,87030525,84027706,1989034148,1987030525,1984027706,1989,03,4148,1987,03,0525,1984,02,7706,0,0
89PE00813,89034149,87030523,85027990,1989034149,1987030523,1985027990,1989,03,4149,1987,03,0523,1985,02,7990,0,0
89PE00814,89034150,87030523,85027990,1989034150,1987030523,1985027990,1989,03,4150,1987,03,0523,1985,02,7990,0,0
89PE00815,89034151,87030523,87030517,1989034151,1987030523,1987030517,1989,03,4151,1987,03,0523,1987,03,0517,0,0
89PE00816,89034152,87030523,87030517,1989034152,1987030523,1987030517,1989,03,4152,1987,03,0523,1987,03,0517,0,0
89PE00817,89034153,87030860,85028875,1989034153,1987030860,1985028875,1989,03,4153,1987,03,0860,1985,02,8875,0,0
89PE00818,89034154,87030860,85028875,1989034154,1987030860,1985028875,1989,03,4154,1987,03,0860,1985,02,8875,0,0
89PE00819,89034155,87031079,86029984,1989034155,1987031079,1986029984,1989,03,4155,1987,03,1079,1986,02,9984,0,0
89PE00820,89034156,87031079,86029984,1989034156,1987031079,1986029984,1989,03,4156,1987,03,1079,1986,02,9984,0,0
89PE00821,89034157,87031407,87031300,1989034157,1987031407,1987031300,1989,03,4157,1987,03,1407,1987,03,1300,0,0
89PE00822,89034158,87031407,87031300,1989034158,1987031407,1987031300,1989,03,4158,1987,03,1407,1987,03,1300,0,0
89PE00823,89034159,88032370,84027005,1989034159,1988032370,1984027005,1989,03,4159,1988,03,2370,1984,02,7005,0,0
89PE00824,89034160,88032370,84027005,1989034160,1988032370,1984027005,1989,03,4160,1988,03,2370,1984,02,7005,0,0
89PE00825,89034161,87031256,86030007,1989034161,1987031256,1986030007,1989,03,4161,1987,03,1256,1986,03,0007,0,0
89PE00826,89034162,87031256,86030007,1989034162,1987031256,1986030007,1989,03,4162,1987,03,1256,1986,03,0007,0,0
89PE00827,89034163,87030795,86029215,1989034163,1987030795,1986029215,1989,03,4163,1987,03,0795,1986,02,9215,0,0
89PE00828,89034164,87030795,86029215,1989034164,1987030795,1986029215,1989,03,4164,1987,03,0795,1986,02,9215,0,0
89PE00829,89034165,87030795,86029215,1989034165,1987030795,1986029215,1989,03,4165,1987,03,0795,1986,02,9215,0,0
89PE00830,89034166,87030860,82023575,1989034166,1987030860,1982023575,1989,03,4166,1987,03,0860,1982,02,3575,0,0
89PE00831,89034167,87030860,82023575,1989034167,1987030860,1982023575,1989,03,4167,1987,03,0860,1982,02,3575,0,0
89PE00832,89034168,88032370,87030722,1989034168,1988032370,1987030722,1989,03,4168,1988,03,2370,1987,03,0722,0,0
89PE00833,89034169,87031233,88032264,1989034169,1987031233,1988032264,1989,03,4169,1987,03,1233,1988,03,2264,0,0
89PE00834,89034170,87030525,87031135,1989034170,1987030525,1987031135,1989,03,4170,1987,03,0525,1987,03,1135,0,0
89PE00835,89034171,87031407,86803184,1989034171,1987031407,1986803184,1989,03,4171,1987,03,1407,1986,80,3184,0,0
89PE00836,89034172,87031407,86803184,1989034172,1987031407,1986803184,1989,03,4172,1987,03,1407,1986,80,3184,0,0
89PE00837,89034173,87030795,87030513,1989034173,1987030795,1987030513,1989,03,4173,1987,03,0795,1987,03,0513,0,0
89PE00838,89034174,88031985,85028273,1989034174,1988031985,1985028273,1989,03,4174,1988,03,1985,1985,02,8273,0,0
89PE00839,89034175,88031985,85028273,1989034175,1988031985,1985028273,1989,03,4175,1988,03,1985,1985,02,8273,0,0
89PE00840,89034176,88031985,85028273,1989034176,1988031985,1985028273,1989,03,4176,1988,03,1985,1985,02,8273,0,0
89PE00841,89034177,87030769,84027138,1989034177,1987030769,1984027138,1989,03,4177,1987,03,0769,1984,02,7138,0,0
89PE00842,89034178,87030769,84027138,1989034178,1987030769,1984027138,1989,03,4178,1987,03,0769,1984,02,7138,0,0
89PE00843,89034179,87030990,87030648,1989034179,1987030990,1987030648,1989,03,4179,1987,03,0990,1987,03,0648,0,0
89PE00844,89034180,87030990,87030648,1989034180,1987030990,1987030648,1989,03,4180,1987,03,0990,1987,03,0648,0,0
89PE00845,89034181,88032503,82023016,1989034181,1988032503,1982023016,1989,03,4181,1988,03,2503,1982,02,3016,0,0
89PE00846,89034182,88032503,82023016,1989034182,1988032503,1982023016,1989,03,4182,1988,03,2503,1982,02,3016,0,0
89PE00847,89034183,87031079,82022460,1989034183,1987031079,1982022460,1989,03,4183,1987,03,1079,1982,02,2460,0,0
89PE00848,89034184,87031079,82022460,1989034184,1987031079,1982022460,1989,03,4184,1987,03,1079,1982,02,2460,0,0
89PE00849,89034185,87030769,85028300,1989034185,1987030769,1985028300,1989,03,4185,1987,03,0769,1985,02,8300,0,0
89PE00850,89034186,87030769,85028300,1989034186,1987030769,1985028300,1989,03,4186,1987,03,0769,1985,02,8300,0,0
89PE00851,89034187,87031079,84027787,1989034187,1987031079,1984027787,1989,03,4187,1987,03,1079,1984,02,7787,0,0
89PE00852,89034188,87031079,84027787,1989034188,1987031079,1984027787,1989,03,4188,1987,03,1079,1984,02,7787,0,0
89PE00853,89034189,87031079,84027787,1989034189,1987031079,1984027787,1989,03,4189,1987,03,1079,1984,02,7787,0,0
89PE00854,89034190,87030795,87030645,1989034190,1987030795,1987030645,1989,03,4190,1987,03,0795,1987,03,0645,0,0
89PE00855,89034191,87030795,87030645,1989034191,1987030795,1987030645,1989,03,4191,1987,03,0795,1987,03,0645,0,0
89PE00856,89034192,87030990,86029319,1989034192,1987030990,1986029319,1989,03,4192,1987,03,0990,1986,02,9319,0,0
89PE00857,89034193,87030990,86029319,1989034193,1987030990,1986029319,1989,03,4193,1987,03,0990,1986,02,9319,0,0
89PE00858,89034194,87030990,87031622,1989034194,1987030990,1987031622,1989,03,4194,1987,03,0990,1987,03,1622,0,0
89PE00859,89034195,87030769,87030548,1989034195,1987030769,1987030548,1989,03,4195,1987,03,0769,1987,03,0548,0,0
89PE00860,89034197,87030795,86029331,1989034197,1987030795,1986029331,1989,03,4197,1987,03,0795,1986,02,9331,0,0
89PE00861,89034198,87030795,86029331,1989034198,1987030795,1986029331,1989,03,4198,1987,03,0795,1986,02,9331,0,0
89PE00862,89034199,87030525,86030367,1989034199,1987030525,1986030367,1989,03,4199,1987,03,0525,1986,03,0367,0,0
89PE00863,89034200,87030525,86030367,1989034200,1987030525,1986030367,1989,03,4200,1987,03,0525,1986,03,0367,0,0
89PE00864,89034201,87030860,87031277,1989034201,1987030860,1987031277,1989,03,4201,1987,03,0860,1987,03,1277,0,0
89PE00865,89034202,87030860,87031277,1989034202,1987030860,1987031277,1989,03,4202,1987,03,0860,1987,03,1277,0,0
89PE00866,89034203,88032503,82023110,1989034203,1988032503,1982023110,1989,03,4203,1988,03,2503,1982,02,3110,0,0
89PE00867,89034204,88032503,82023110,1989034204,1988032503,1982023110,1989,03,4204,1988,03,2503,1982,02,3110,0,0
89PE00868,89034205,87030769,86029067,1989034205,1987030769,1986029067,1989,03,4205,1987,03,0769,1986,02,9067,0,0
89PE00869,89034206,87030769,86029067,1989034206,1987030769,1986029067,1989,03,4206,1987,03,0769,1986,02,9067,0,0
89PE00870,89034207,87031233,88031991,1989034207,1987031233,1988031991,1989,03,4207,1987,03,1233,1988,03,1991,0,0
89PE00871,89034208,87031233,88031991,1989034208,1987031233,1988031991,1989,03,4208,1987,03,1233,1988,03,1991,0,0
89PE00872,89034209,87030769,85027906,1989034209,1987030769,1985027906,1989,03,4209,1987,03,0769,1985,02,7906,0,0
89PE00873,89034210,87030769,85027906,1989034210,1987030769,1985027906,1989,03,4210,1987,03,0769,1985,02,7906,0,0
89PE00874,89034211,87030795,86029163,1989034211,1987030795,1986029163,1989,03,4211,1987,03,0795,1986,02,9163,0,0
89PE00875,89034212,87030795,86029163,1989034212,1987030795,1986029163,1989,03,4212,1987,03,0795,1986,02,9163,0,0
89PE00876,89034213,87031256,86029905,1989034213,1987031256,1986029905,1989,03,4213,1987,03,1256,1986,02,9905,0,0
89PE00877,89034214,88031985,83025011,1989034214,1988031985,1983025011,1989,03,4214,1988,03,1985,1983,02,5011,0,0
89PE00878,89034215,88031985,83025011,1989034215,1988031985,1983025011,1989,03,4215,1988,03,1985,1983,02,5011,0,0
89PE00879,89034216,87031347,88032561,1989034216,1987031347,1988032561,1989,03,4216,1987,03,1347,1988,03,2561,0,0
89PE00880,89034217,88032370,83025155,1989034217,1988032370,1983025155,1989,03,4217,1988,03,2370,1983,02,5155,0,0
89PE00881,89034218,88032370,83025155,1989034218,1988032370,1983025155,1989,03,4218,1988,03,2370,1983,02,5155,0,0
89PE00882,89034219,88032370,83025155,1989034219,1988032370,1983025155,1989,03,4219,1988,03,2370,1983,02,5155,0,0
89PE00883,89034220,88032370,83025155,1989034220,1988032370,1983025155,1989,03,4220,1988,03,2370,1983,02,5155,0,0
89PE00884,89034221,87030523,82023424,1989034221,1987030523,1982023424,1989,03,4221,1987,03,0523,1982,02,3424,0,0
89PE00885,89034222,87030523,82023424,1989034222,1987030523,1982023424,1989,03,4222,1987,03,0523,1982,02,3424,0,0
89PE00886,89034223,88032370,87030512,1989034223,1988032370,1987030512,1989,03,4223,1988,03,2370,1987,03,0512,0,0
89PE00887,89034224,88032370,87030512,1989034224,1988032370,1987030512,1989,03,4224,1988,03,2370,1987,03,0512,0,0
89PE00888,89034225,87030990,84026960,1989034225,1987030990,1984026960,1989,03,4225,1987,03,0990,1984,02,6960,0,0
89PE00889,89034226,87030990,84026960,1989034226,1987030990,1984026960,1989,03,4226,1987,03,0990,1984,02,6960,0,0
89PE00890,89034227,87030990,84026960,1989034227,1987030990,1984026960,1989,03,4227,1987,03,0990,1984,02,6960,0,0
89PE00891,89034228,87030769,87030969,1989034228,1987030769,1987030969,1989,03,4228,1987,03,0769,1987,03,0969,0,0
89PE00892,89034229,87030769,87030969,1989034229,1987030769,1987030969,1989,03,4229,1987,03,0769,1987,03,0969,0,0
89PE00893,89034230,87030523,86029143,1989034230,1987030523,1986029143,1989,03,4230,1987,03,0523,1986,02,9143,0,0
89PE00894,89034231,87030523,86029143,1989034231,1987030523,1986029143,1989,03,4231,1987,03,0523,1986,02,9143,0,0
89PE00895,89034232,87030523,86029143,1989034232,1987030523,1986029143,1989,03,4232,1987,03,0523,1986,02,9143,0,0
89PE00896,89034233,87030523,86029143,1989034233,1987030523,1986029143,1989,03,4233,1987,03,0523,1986,02,9143,0,0
89PE00897,89034234,87030990,84026942,1989034234,1987030990,1984026942,1989,03,4234,1987,03,0990,1984,02,6942,0,0
89PE00898,89034235,87030990,84026942,1989034235,1987030990,1984026942,1989,03,4235,1987,03,0990,1984,02,6942,0,0
89PE00899,89034236,87030990,84026942,1989034236,1987030990,1984026942,1989,03,4236,1987,03,0990,1984,02,6942,0,0
89PE00900,89034237,87031256,87031474,1989034237,1987031256,1987031474,1989,03,4237,1987,03,1256,1987,03,1474,0,0
89PE00901,89034238,87030769,87031037,1989034238,1987030769,1987031037,1989,03,4238,1987,03,0769,1987,03,1037,0,0
89PE00902,89034240,88031985,84026997,1989034240,1988031985,1984026997,1989,03,4240,1988,03,1985,1984,02,6997,0,0
89PE00903,89034241,88031985,84026997,1989034241,1988031985,1984026997,1989,03,4241,1988,03,1985,1984,02,6997,0,0
89PE00904,89034242,87031256,84027741,1989034242,1987031256,1984027741,1989,03,4242,1987,03,1256,1984,02,7741,0,0
89PE00905,89034243,87031256,84027741,1989034243,1987031256,1984027741,1989,03,4243,1987,03,1256,1984,02,7741,0,0
89PE00906,89034244,87031407,87031064,1989034244,1987031407,1987031064,1989,03,4244,1987,03,1407,1987,03,1064,0,0
89PE00907,89034245,87031407,87031064,1989034245,1987031407,1987031064,1989,03,4245,1987,03,1407,1987,03,1064,0,0
89PE00908,89034246,87030795,84027134,1989034246,1987030795,1984027134,1989,03,4246,1987,03,0795,1984,02,7134,0,0
89PE00909,89034247,87030795,84027134,1989034247,1987030795,1984027134,1989,03,4247,1987,03,0795,1984,02,7134,0,0
89PE00910,89034248,87031244,88032333,1989034248,1987031244,1988032333,1989,03,4248,1987,03,1244,1988,03,2333,0,0
89PE00911,89034249,88032370,82023433,1989034249,1988032370,1982023433,1989,03,4249,1988,03,2370,1982,02,3433,0,0
89PE00912,89034250,88032370,82023433,1989034250,1988032370,1982023433,1989,03,4250,1988,03,2370,1982,02,3433,0,0
89PE00913,89034251,87030990,83025321,1989034251,1987030990,1983025321,1989,03,4251,1987,03,0990,1983,02,5321,0,0
89PE00914,89034252,87030990,83025321,1989034252,1987030990,1983025321,1989,03,4252,1987,03,0990,1983,02,5321,0,0
89PE00915,89034253,87030525,87031735,1989034253,1987030525,1987031735,1989,03,4253,1987,03,0525,1987,03,1735,0,0
89PE00916,89034254,87030525,87031068,1989034254,1987030525,1987031068,1989,03,4254,1987,03,0525,1987,03,1068,0,0
89PE00917,89034255,87030525,87031068,1989034255,1987030525,1987031068,1989,03,4255,1987,03,0525,1987,03,1068,0,0
89PE00918,89034256,87030523,85028304,1989034256,1987030523,1985028304,1989,03,4256,1987,03,0523,1985,02,8304,0,0
89PE00919,89034257,87030523,85028304,1989034257,1987030523,1985028304,1989,03,4257,1987,03,0523,1985,02,8304,0,0
89PE00920,89034258,87030795,87030952,1989034258,1987030795,1987030952,1989,03,4258,1987,03,0795,1987,03,0952,0,0
89PE00921,89034259,87030795,87030952,1989034259,1987030795,1987030952,1989,03,4259,1987,03,0795,1987,03,0952,0,0
89PE00922,89034260,87030860,83024305,1989034260,1987030860,1983024305,1989,03,4260,1987,03,0860,1983,02,4305,0,0
89PE00923,89034261,87030860,83024305,1989034261,1987030860,1983024305,1989,03,4261,1987,03,0860,1983,02,4305,0,0
89PE00924,89034262,87030860,83024305,1989034262,1987030860,1983024305,1989,03,4262,1987,03,0860,1983,02,4305,0,0
89PE00925,89034263,87030860,86803153,1989034263,1987030860,1986803153,1989,03,4263,1987,03,0860,1986,80,3153,0,0
89PE00926,89034264,87030860,86803153,1989034264,1987030860,1986803153,1989,03,4264,1987,03,0860,1986,80,3153,0,0
89PE00927,89034265,87030860,86803153,1989034265,1987030860,1986803153,1989,03,4265,1987,03,0860,1986,80,3153,0,0
89PE00928,89034266,87030769,86029097,1989034266,1987030769,1986029097,1989,03,4266,1987,03,0769,1986,02,9097,0,0
89PE00929,89034267,87030769,86029097,1989034267,1987030769,1986029097,1989,03,4267,1987,03,0769,1986,02,9097,0,0
89PE00930,89034268,87031079,84026159,1989034268,1987031079,1984026159,1989,03,4268,1987,03,1079,1984,02,6159,0,0
89PE00931,89034269,87031079,84026159,1989034269,1987031079,1984026159,1989,03,4269,1987,03,1079,1984,02,6159,0,0
89PE00932,89034270,87031079,84026159,1989034270,1987031079,1984026159,1989,03,4270,1987,03,1079,1984,02,6159,0,0
89PE00933,89034271,87030525,87031612,1989034271,1987030525,1987031612,1989,03,4271,1987,03,0525,1987,03,1612,0,0
89PE00934,89034272,87030525,87031612,1989034272,1987030525,1987031612,1989,03,4272,1987,03,0525,1987,03,1612,0,0
89PE00935,89034273,87030769,87030528,1989034273,1987030769,1987030528,1989,03,4273,1987,03,0769,1987,03,0528,0,0
89PE00936,89034274,87030769,87030528,1989034274,1987030769,1987030528,1989,03,4274,1987,03,0769,1987,03,0528,0,0
89PE00937,89034275,87030990,85028014,1989034275,1987030990,1985028014,1989,03,4275,1987,03,0990,1985,02,8014,0,0
89PE00938,89034276,87030990,85028014,1989034276,1987030990,1985028014,1989,03,4276,1987,03,0990,1985,02,8014,0,0
89PE00939,89034277,88032503,86029455,1989034277,1988032503,1986029455,1989,03,4277,1988,03,2503,1986,02,9455,0,0
89PE00940,89034278,88032503,86029455,1989034278,1988032503,1986029455,1989,03,4278,1988,03,2503,1986,02,9455,0,0
89PE00941,89034279,88031985,86029433,1989034279,1988031985,1986029433,1989,03,4279,1988,03,1985,1986,02,9433,0,0
89PE00942,89034280,88031985,86029433,1989034280,1988031985,1986029433,1989,03,4280,1988,03,1985,1986,02,9433,0,0
89PE00943,89034281,88032370,87030784,1989034281,1988032370,1987030784,1989,03,4281,1988,03,2370,1987,03,0784,0,0
89PE00944,89034282,88032370,87030784,1989034282,1988032370,1987030784,1989,03,4282,1988,03,2370,1987,03,0784,0,0
89PE00945,89034283,88032370,84027241,1989034283,1988032370,1984027241,1989,03,4283,1988,03,2370,1984,02,7241,0,0
89PE00946,89034284,88032370,84027241,1989034284,1988032370,1984027241,1989,03,4284,1988,03,2370,1984,02,7241,0,0
89PE00947,89034285,87030990,87030593,1989034285,1987030990,1987030593,1989,03,4285,1987,03,0990,1987,03,0593,0,0
89PE00948,89034286,87031206,88032563,1989034286,1987031206,1988032563,1989,03,4286,1987,03,1206,1988,03,2563,0,0
89PE00949,89034287,87031206,88032563,1989034287,1987031206,1988032563,1989,03,4287,1987,03,1206,1988,03,2563,0,0
89PE00950,89034288,87031256,87031422,1989034288,1987031256,1987031422,1989,03,4288,1987,03,1256,1987,03,1422,0,0
89PE00951,89034289,87030525,84026140,1989034289,1987030525,1984026140,1989,03,4289,1987,03,0525,1984,02,6140,0,0
89PE00952,89034290,87030525,84026140,1989034290,1987030525,1984026140,1989,03,4290,1987,03,0525,1984,02,6140,0,0
89PE00953,89034291,87030525,84026140,1989034291,1987030525,1984026140,1989,03,4291,1987,03,0525,1984,02,6140,0,0
89PE00954,89034292,88032503,87030687,1989034292,1988032503,1987030687,1989,03,4292,1988,03,2503,1987,03,0687,0,0
89PE00955,89034293,87030860,87031124,1989034293,1987030860,1987031124,1989,03,4293,1987,03,0860,1987,03,1124,0,0
89PE00956,89034294,87030860,87031124,1989034294,1987030860,1987031124,1989,03,4294,1987,03,0860,1987,03,1124,0,0
89PE00957,89034295,86802562,87805162,1989034295,1986802562,1987805162,1989,03,4295,1986,80,2562,1987,80,5162,0,0
89PE00958,89034296,86802562,87805162,1989034296,1986802562,1987805162,1989,03,4296,1986,80,2562,1987,80,5162,0,0
89PE00959,89034297,88032503,86029563,1989034297,1988032503,1986029563,1989,03,4297,1988,03,2503,1986,02,9563,0,0
89PE00960,89034298,88032503,86029563,1989034298,1988032503,1986029563,1989,03,4298,1988,03,2503,1986,02,9563,0,0
89PE00961,89034299,87031079,87031739,1989034299,1987031079,1987031739,1989,03,4299,1987,03,1079,1987,03,1739,0,0
89PE00962,89034300,87031079,87031739,1989034300,1987031079,1987031739,1989,03,4300,1987,03,1079,1987,03,1739,0,0
89PE00963,89034301,87030795,87030789,1989034301,1987030795,1987030789,1989,03,4301,1987,03,0795,1987,03,0789,0,0
89PE00964,89034302,87030795,87030789,1989034302,1987030795,1987030789,1989,03,4302,1987,03,0795,1987,03,0789,0,0
89PE00965,89034303,87031233,88032317,1989034303,1987031233,1988032317,1989,03,4303,1987,03,1233,1988,03,2317,0,0
89PE00966,89034304,88032370,86029457,1989034304,1988032370,1986029457,1989,03,4304,1988,03,2370,1986,02,9457,0,0
89PE00967,89034305,88032370,86029457,1989034305,1988032370,1986029457,1989,03,4305,1988,03,2370,1986,02,9457,0,0
89PE00968,89034306,88032370,86029457,1989034306,1988032370,1986029457,1989,03,4306,1988,03,2370,1986,02,9457,0,0
89PE00969,89034307,87030860,86029940,1989034307,1987030860,1986029940,1989,03,4307,1987,03,0860,1986,02,9940,0,0
89PE00970,89034308,87030860,86029940,1989034308,1987030860,1986029940,1989,03,4308,1987,03,0860,1986,02,9940,0,0
89PE00971,89034309,87030860,86029940,1989034309,1987030860,1986029940,1989,03,4309,1987,03,0860,1986,02,9940,0,0
89PE00972,89034310,87030523,83025380,1989034310,1987030523,1983025380,1989,03,4310,1987,03,0523,1983,02,5380,0,0
89PE00973,89034311,87030523,83025380,1989034311,1987030523,1983025380,1989,03,4311,1987,03,0523,1983,02,5380,0,0
89PE00974,89034312,87030523,83025380,1989034312,1987030523,1983025380,1989,03,4312,1987,03,0523,1983,02,5380,0,0
89PE00975,89034313,87031407,85028895,1989034313,1987031407,1985028895,1989,03,4313,1987,03,1407,1985,02,8895,0,0
89PE00976,89034314,87031407,85028895,1989034314,1987031407,1985028895,1989,03,4314,1987,03,1407,1985,02,8895,0,0
89PE00977,89034315,87030860,86029806,1989034315,1987030860,1986029806,1989,03,4315,1987,03,0860,1986,02,9806,0,0
89PE00978,89034316,87030860,86029806,1989034316,1987030860,1986029806,1989,03,4316,1987,03,0860,1986,02,9806,0,0
89PE00979,89034317,87030860,86029806,1989034317,1987030860,1986029806,1989,03,4317,1987,03,0860,1986,02,9806,0,0
89PE00980,89034318,87031256,85028964,1989034318,1987031256,1985028964,1989,03,4318,1987,03,1256,1985,02,8964,0,0
89PE00981,89034319,87031256,85028964,1989034319,1987031256,1985028964,1989,03,4319,1987,03,1256,1985,02,8964,0,0
89PE00982,89034320,87030860,87031857,1989034320,1987030860,1987031857,1989,03,4320,1987,03,0860,1987,03,1857,0,0
89PE00983,89034321,87031079,84026799,1989034321,1987031079,1984026799,1989,03,4321,1987,03,1079,1984,02,6799,0,0
89PE00984,89034322,87031079,84026799,1989034322,1987031079,1984026799,1989,03,4322,1987,03,1079,1984,02,6799,0,0
89PE00985,89034323,88032503,83025102,1989034323,1988032503,1983025102,1989,03,4323,1988,03,2503,1983,02,5102,0,0
89PE00986,89034324,88032503,83025102,1989034324,1988032503,1983025102,1989,03,4324,1988,03,2503,1983,02,5102,0,0
89PE00987,89034325,88032370,86029182,1989034325,1988032370,1986029182,1989,03,4325,1988,03,2370,1986,02,9182,0,0
89PE00988,89034326,88032370,86029182,1989034326,1988032370,1986029182,1989,03,4326,1988,03,2370,1986,02,9182,0,0
89PE00989,89034327,88032503,86029514,1989034327,1988032503,1986029514,1989,03,4327,1988,03,2503,1986,02,9514,0,0
89PE00990,89034328,88032503,86029514,1989034328,1988032503,1986029514,1989,03,4328,1988,03,2503,1986,02,9514,0,0
89PE00991,89034329,87031233,88032025,1989034329,1987031233,1988032025,1989,03,4329,1987,03,1233,1988,03,2025,0,0
89PE00992,89034330,87031233,88032290,1989034330,1987031233,1988032290,1989,03,4330,1987,03,1233,1988,03,2290,0,0
89PE00993,89034331,87031407,87031175,1989034331,1987031407,1987031175,1989,03,4331,1987,03,1407,1987,03,1175,0,0
89PE00994,89034332,87031407,87031175,1989034332,1987031407,1987031175,1989,03,4332,1987,03,1407,1987,03,1175,0,0
89PE00995,89034333,87031079,86030464,1989034333,1987031079,1986030464,1989,03,4333,1987,03,1079,1986,03,0464,0,0
89PE00996,89034334,87031079,86030464,1989034334,1987031079,1986030464,1989,03,4334,1987,03,1079,1986,03,0464,0,0
89PE00997,89034335,87031079,86030368,1989034335,1987031079,1986030368,1989,03,4335,1987,03,1079,1986,03,0368,0,0
89PE00998,89034336,87030795,87030859,1989034336,1987030795,1987030859,1989,03,4336,1987,03,0795,1987,03,0859,0,0
89PE00999,89034337,87030795,87030859,1989034337,1987030795,1987030859,1989,03,4337,1987,03,0795,1987,03,0859,0,0
89PE01000,89034338,87031206,88032306,1989034338,1987031206,1988032306,1989,03,4338,1987,03,1206,1988,03,2306,0,0
89PE01001,89034339,87031206,88032306,1989034339,1987031206,1988032306,1989,03,4339,1987,03,1206,1988,03,2306,0,0
89PE01002,89034340,87030523,84027293,1989034340,1987030523,1984027293,1989,03,4340,1987,03,0523,1984,02,7293,0,0
89PE01003,89034341,87030523,84027293,1989034341,1987030523,1984027293,1989,03,4341,1987,03,0523,1984,02,7293,0,0
89PE01004,89034342,87030795,85027982,1989034342,1987030795,1985027982,1989,03,4342,1987,03,0795,1985,02,7982,0,0
89PE01005,89034343,87030795,85027982,1989034343,1987030795,1985027982,1989,03,4343,1987,03,0795,1985,02,7982,0,0
89PE01006,89034344,87030860,84027763,1989034344,1987030860,1984027763,1989,03,4344,1987,03,0860,1984,02,7763,0,0
89PE01007,89034345,87030860,84027763,1989034345,1987030860,1984027763,1989,03,4345,1987,03,0860,1984,02,7763,0,0
89PE01008,89034346,87030860,84027763,1989034346,1987030860,1984027763,1989,03,4346,1987,03,0860,1984,02,7763,0,0
89PE01009,89034347,87030990,85028306,1989034347,1987030990,1985028306,1989,03,4347,1987,03,0990,1985,02,8306,0,0
89PE01010,89034348,87030990,85028306,1989034348,1987030990,1985028306,1989,03,4348,1987,03,0990,1985,02,8306,0,0
89PE01011,89034349,87031407,87031254,1989034349,1987031407,1987031254,1989,03,4349,1987,03,1407,1987,03,1254,0,0
89PE01012,89034350,87031407,87031254,1989034350,1987031407,1987031254,1989,03,4350,1987,03,1407,1987,03,1254,0,0
89PE01013,89034351,87031256,84027630,1989034351,1987031256,1984027630,1989,03,4351,1987,03,1256,1984,02,7630,0,0
89PE01014,89034352,87031256,84027630,1989034352,1987031256,1984027630,1989,03,4352,1987,03,1256,1984,02,7630,0,0
89PE01015,89034353,87031407,84027777,1989034353,1987031407,1984027777,1989,03,4353,1987,03,1407,1984,02,7777,0,0
89PE01016,89034354,87031407,84027777,1989034354,1987031407,1984027777,1989,03,4354,1987,03,1407,1984,02,7777,0,0
89PE01017,89034355,87031407,84027777,1989034355,1987031407,1984027777,1989,03,4355,1987,03,1407,1984,02,7777,0,0
89PE01018,89034356,88032370,87030929,1989034356,1988032370,1987030929,1989,03,4356,1988,03,2370,1987,03,0929,0,0
89PE01019,89034357,88032370,87030929,1989034357,1988032370,1987030929,1989,03,4357,1988,03,2370,1987,03,0929,0,0
89PE01020,89034358,88032370,87030929,1989034358,1988032370,1987030929,1989,03,4358,1988,03,2370,1987,03,0929,0,0
89PE01021,89034359,87031407,87031601,1989034359,1987031407,1987031601,1989,03,4359,1987,03,1407,1987,03,1601,0,0
89PE01022,89034360,87031407,87031601,1989034360,1987031407,1987031601,1989,03,4360,1987,03,1407,1987,03,1601,0,0
89PE01023,89034361,87030525,86029767,1989034361,1987030525,1986029767,1989,03,4361,1987,03,0525,1986,02,9767,0,0
89PE01024,89034362,87030525,86029767,1989034362,1987030525,1986029767,1989,03,4362,1987,03,0525,1986,02,9767,0,0
89PE01025,89034363,87031347,88032146,1989034363,1987031347,1988032146,1989,03,4363,1987,03,1347,1988,03,2146,0,0
89PE01026,89034364,88032503,87030657,1989034364,1988032503,1987030657,1989,03,4364,1988,03,2503,1987,03,0657,0,0
89PE01027,89034365,88032503,87030657,1989034365,1988032503,1987030657,1989,03,4365,1988,03,2503,1987,03,0657,0,0
89PE01028,89034366,87031079,83024041,1989034366,1987031079,1983024041,1989,03,4366,1987,03,1079,1983,02,4041,0,0
89PE01029,89034367,87031079,83024041,1989034367,1987031079,1983024041,1989,03,4367,1987,03,1079,1983,02,4041,0,0
89PE01030,89034368,87030523,82023129,1989034368,1987030523,1982023129,1989,03,4368,1987,03,0523,1982,02,3129,0,0
89PE01031,89034369,87030860,87031570,1989034369,1987030860,1987031570,1989,03,4369,1987,03,0860,1987,03,1570,0,0
89PE01032,89034370,87030860,87031570,1989034370,1987030860,1987031570,1989,03,4370,1987,03,0860,1987,03,1570,0,0
89PE01033,89034371,87030860,87031160,1989034371,1987030860,1987031160,1989,03,4371,1987,03,0860,1987,03,1160,0,0
89PE01034,89034372,87030860,87031160,1989034372,1987030860,1987031160,1989,03,4372,1987,03,0860,1987,03,1160,0,0
89PE01035,89034373,87031509,88032487,1989034373,1987031509,1988032487,1989,03,4373,1987,03,1509,1988,03,2487,0,0
89PE01036,89034374,87030860,84027666,1989034374,1987030860,1984027666,1989,03,4374,1987,03,0860,1984,02,7666,0,0
89PE01037,89034375,87030523,86029678,1989034375,1987030523,1986029678,1989,03,4375,1987,03,0523,1986,02,9678,0,0
89PE01038,89034376,87030523,86029678,1989034376,1987030523,1986029678,1989,03,4376,1987,03,0523,1986,02,9678,0,0
89PE01039,89034377,87030523,86029678,1989034377,1987030523,1986029678,1989,03,4377,1987,03,0523,1986,02,9678,0,0
89PE01040,89034378,87030860,87031600,1989034378,1987030860,1987031600,1989,03,4378,1987,03,0860,1987,03,1600,0,0
89PE01041,89034379,87030860,87031600,1989034379,1987030860,1987031600,1989,03,4379,1987,03,0860,1987,03,1600,0,0
89PE01042,89034380,87030860,87031236,1989034380,1987030860,1987031236,1989,03,4380,1987,03,0860,1987,03,1236,0,0
89PE01043,89034381,87031256,87031589,1989034381,1987031256,1987031589,1989,03,4381,1987,03,1256,1987,03,1589,0,0
89PE01044,89034382,87031256,87031589,1989034382,1987031256,1987031589,1989,03,4382,1987,03,1256,1987,03,1589,0,0
89PE01045,89034383,87031256,87031589,1989034383,1987031256,1987031589,1989,03,4383,1987,03,1256,1987,03,1589,0,0
89PE01046,89034384,87030525,84027570,1989034384,1987030525,1984027570,1989,03,4384,1987,03,0525,1984,02,7570,0,0
89PE01047,89034385,87030525,84027570,1989034385,1987030525,1984027570,1989,03,4385,1987,03,0525,1984,02,7570,0,0
89PE01048,89034386,87030795,85028272,1989034386,1987030795,1985028272,1989,03,4386,1987,03,0795,1985,02,8272,0,0
89PE01049,89034387,87030795,85028272,1989034387,1987030795,1985028272,1989,03,4387,1987,03,0795,1985,02,8272,0,0
89PE01050,89034388,87031407,86029809,1989034388,1987031407,1986029809,1989,03,4388,1987,03,1407,1986,02,9809,0,0
89PE01051,89034389,87031407,86029809,1989034389,1987031407,1986029809,1989,03,4389,1987,03,1407,1986,02,9809,0,0
89PE01052,89034390,87031347,88032334,1989034390,1987031347,1988032334,1989,03,4390,1987,03,1347,1988,03,2334,0,0
89PE01053,89034391,87030795,82023048,1989034391,1987030795,1982023048,1989,03,4391,1987,03,0795,1982,02,3048,0,0
89PE01054,89034392,87030795,82023048,1989034392,1987030795,1982023048,1989,03,4392,1987,03,0795,1982,02,3048,0,0
89PE01055,89034393,87030795,82023048,1989034393,1987030795,1982023048,1989,03,4393,1987,03,0795,1982,02,3048,0,0
89PE01056,89034394,88032503,84027231,1989034394,1988032503,1984027231,1989,03,4394,1988,03,2503,1984,02,7231,0,0
89PE01057,89034395,88032503,84027231,1989034395,1988032503,1984027231,1989,03,4395,1988,03,2503,1984,02,7231,0,0
89PE01058,89034396,88032503,84027231,1989034396,1988032503,1984027231,1989,03,4396,1988,03,2503,1984,02,7231,0,0
89PE01059,89034397,87031509,88032122,1989034397,1987031509,1988032122,1989,03,4397,1987,03,1509,1988,03,2122,0,0
89PE01060,89034398,87031509,88032122,1989034398,1987031509,1988032122,1989,03,4398,1987,03,1509,1988,03,2122,0,0
89PE01061,89034399,87031233,88032180,1989034399,1987031233,1988032180,1989,03,4399,1987,03,1233,1988,03,2180,0,0
89PE01062,89034400,87031233,88032180,1989034400,1987031233,1988032180,1989,03,4400,1987,03,1233,1988,03,2180,0,0
89PE01063,89034401,87031509,88032359,1989034401,1987031509,1988032359,1989,03,4401,1987,03,1509,1988,03,2359,0,0
89PE01064,89034402,87031509,88032359,1989034402,1987031509,1988032359,1989,03,4402,1987,03,1509,1988,03,2359,0,0
89PE01065,89034403,87030795,87031036,1989034403,1987030795,1987031036,1989,03,4403,1987,03,0795,1987,03,1036,0,0
89PE01066,89034404,87030795,82023434,1989034404,1987030795,1982023434,1989,03,4404,1987,03,0795,1982,02,3434,0,0
89PE01067,89034405,88031985,87030727,1989034405,1988031985,1987030727,1989,03,4405,1988,03,1985,1987,03,0727,0,0
89PE01068,89034406,88031985,87030727,1989034406,1988031985,1987030727,1989,03,4406,1988,03,1985,1987,03,0727,0,0
89PE01069,89034407,87031233,88032518,1989034407,1987031233,1988032518,1989,03,4407,1987,03,1233,1988,03,2518,0,0
89PE01070,89034408,87031233,88032518,1989034408,1987031233,1988032518,1989,03,4408,1987,03,1233,1988,03,2518,0,0
89PE01071,89034409,87031347,88032349,1989034409,1987031347,1988032349,1989,03,4409,1987,03,1347,1988,03,2349,0,0
89PE01072,89100001,88198817,87198059,1989100001,1988198817,1987198059,1989,10,0001,1988,19,8817,1987,19,8059,0,0
89PE01073,89100002,87198162,86196944,1989100002,1987198162,1986196944,1989,10,0002,1987,19,8162,1986,19,6944,0,0
89PE01074,89100003,87198162,86196944,1989100003,1987198162,1986196944,1989,10,0003,1987,19,8162,1986,19,6944,0,0
89PE01075,89100004,87198006,87198217,1989100004,1987198006,1987198217,1989,10,0004,1987,19,8006,1987,19,8217,0,0
89PE01076,89100005,87198006,87198217,1989100005,1987198006,1987198217,1989,10,0005,1987,19,8006,1987,19,8217,0,0
89PE01077,89100006,87198311,88198959,1989100006,1987198311,1988198959,1989,10,0006,1987,19,8311,1988,19,8959,0,0
89PE01078,89100007,87198291,87198171,1989100007,1987198291,1987198171,1989,10,0007,1987,19,8291,1987,19,8171,0,0
89PE01079,89100008,88198916,84195604,1989100008,1988198916,1984195604,1989,10,0008,1988,19,8916,1984,19,5604,0,0
89PE01080,89100009,88198916,84195604,1989100009,1988198916,1984195604,1989,10,0009,1988,19,8916,1984,19,5604,0,0
89PE01081,89100010,88198817,87197888,1989100010,1988198817,1987197888,1989,10,0010,1988,19,8817,1987,19,7888,0,0
89PE01082,89100011,88198817,87197888,1989100011,1988198817,1987197888,1989,10,0011,1988,19,8817,1987,19,7888,0,0
89PE01083,89100012,88198916,87198067,1989100012,1988198916,1987198067,1989,10,0012,1988,19,8916,1987,19,8067,0,0
89PE01084,89100013,87197799,85196730,1989100013,1987197799,1985196730,1989,10,0013,1987,19,7799,1985,19,6730,0,0
89PE01085,89100014,87197799,85196730,1989100014,1987197799,1985196730,1989,10,0014,1987,19,7799,1985,19,6730,0,0
89PE01086,89100015,87198162,87197951,1989100015,1987198162,1987197951,1989,10,0015,1987,19,8162,1987,19,7951,0,0
89PE01087,89100016,87197763,88199144,1989100016,1987197763,1988199144,1989,10,0016,1987,19,7763,1988,19,9144,0,0
89PE01088,89100017,87198006,87198373,1989100017,1987198006,1987198373,1989,10,0017,1987,19,8006,1987,19,8373,0,0
89PE01089,89100018,87198006,87198373,1989100018,1987198006,1987198373,1989,10,0018,1987,19,8006,1987,19,8373,0,0
89PE01090,89100019,88198916,87197894,1989100019,1988198916,1987197894,1989,10,0019,1988,19,8916,1987,19,7894,0,0
89PE01091,89100020,88198916,86197397,1989100020,1988198916,1986197397,1989,10,0020,1988,19,8916,1986,19,7397,0,0
89PE01092,89100021,88198916,86197397,1989100021,1988198916,1986197397,1989,10,0021,1988,19,8916,1986,19,7397,0,0
89PE01093,89100022,88198916,87197894,1989100022,1988198916,1987197894,1989,10,0022,1988,19,8916,1987,19,7894,0,0
89PE01094,89100023,88199172,84195894,1989100023,1988199172,1984195894,1989,10,0023,1988,19,9172,1984,19,5894,0,0
89PE01095,89100024,88199172,84195894,1989100024,1988199172,1984195894,1989,10,0024,1988,19,9172,1984,19,5894,0,0
89PE01096,89100025,87198028,86197384,1989100025,1987198028,1986197384,1989,10,0025,1987,19,8028,1986,19,7384,0,0
89PE01097,89100026,88198884,83194750,1989100026,1988198884,1983194750,1989,10,0026,1988,19,8884,1983,19,4750,0,0
89PE01098,89100027,88198817,84195876,1989100027,1988198817,1984195876,1989,10,0027,1988,19,8817,1984,19,5876,0,0
89PE01099,89100028,88198817,84195876,1989100028,1988198817,1984195876,1989,10,0028,1988,19,8817,1984,19,5876,0,0
89PE01100,89100029,87198420,85196342,1989100029,1987198420,1985196342,1989,10,0029,1987,19,8420,1985,19,6342,0,0
89PE01101,89100030,87198420,85196342,1989100030,1987198420,1985196342,1989,10,0030,1987,19,8420,1985,19,6342,0,0
89PE01102,89100031,87197799,84196106,1989100031,1987197799,1984196106,1989,10,0031,1987,19,7799,1984,19,6106,0,0
89PE01103,89100032,87198270,87198340,1989100032,1987198270,1987198340,1989,10,0032,1987,19,8270,1987,19,8340,0,0
89PE01104,89100033,87198270,87198340,1989100033,1987198270,1987198340,1989,10,0033,1987,19,8270,1987,19,8340,0,0
89PE01105,89100034,88199172,85196462,1989100034,1988199172,1985196462,1989,10,0034,1988,19,9172,1985,19,6462,0,0
89PE01106,89100036,87197799,84195998,1989100036,1987197799,1984195998,1989,10,0036,1987,19,7799,1984,19,5998,0,0
89PE01107,89100037,87198028,86197434,1989100037,1987198028,1986197434,1989,10,0037,1987,19,8028,1986,19,7434,0,0
89PE01108,89100038,87198028,86197434,1989100038,1987198028,1986197434,1989,10,0038,1987,19,8028,1986,19,7434,0,0
89PE01109,89100039,87198006,86197273,1989100039,1987198006,1986197273,1989,10,0039,1987,19,8006,1986,19,7273,0,0
89PE01110,89100040,87198006,86197273,1989100040,1987198006,1986197273,1989,10,0040,1987,19,8006,1986,19,7273,0,0
89PE01111,89100041,88198817,82194240,1989100041,1988198817,1982194240,1989,10,0041,1988,19,8817,1982,19,4240,0,0
89PE01112,89100042,88198817,82194240,1989100042,1988198817,1982194240,1989,10,0042,1988,19,8817,1982,19,4240,0,0
89PE01113,89100043,87197884,84195423,1989100043,1987197884,1984195423,1989,10,0043,1987,19,7884,1984,19,5423,0,0
89PE01114,89100044,87198162,87198072,1989100044,1987198162,1987198072,1989,10,0044,1987,19,8162,1987,19,8072,0,0
89PE01115,89100045,87198162,87198072,1989100045,1987198162,1987198072,1989,10,0045,1987,19,8162,1987,19,8072,0,0
89PE01116,89100046,87198246,85196137,1989100046,1987198246,1985196137,1989,10,0046,1987,19,8246,1985,19,6137,0,0
89PE01117,89100047,87198246,85196137,1989100047,1987198246,1985196137,1989,10,0047,1987,19,8246,1985,19,6137,0,0
89PE01118,89100048,87198420,82194556,1989100048,1987198420,1982194556,1989,10,0048,1987,19,8420,1982,19,4556,0,0
89PE01119,89100049,87198047,85196363,1989100049,1987198047,1985196363,1989,10,0049,1987,19,8047,1985,19,6363,0,0
89PE01120,89100050,87198047,85196363,1989100050,1987198047,1985196363,1989,10,0050,1987,19,8047,1985,19,6363,0,0
89PE01121,89100051,87197921,87198273,1989100051,1987197921,1987198273,1989,10,0051,1987,19,7921,1987,19,8273,0,0
89PE01122,89100052,87198006,84195851,1989100052,1987198006,1984195851,1989,10,0052,1987,19,8006,1984,19,5851,0,0
89PE01123,89100053,87198028,83194647,1989100053,1987198028,1983194647,1989,10,0053,1987,19,8028,1983,19,4647,0,0
89PE01124,89100054,87198028,83194647,1989100054,1987198028,1983194647,1989,10,0054,1987,19,8028,1983,19,4647,0,0
89PE01125,89100055,88199172,83195036,1989100055,1988199172,1983195036,1989,10,0055,1988,19,9172,1983,19,5036,0,0
89PE01126,89100056,88199172,83195036,1989100056,1988199172,1983195036,1989,10,0056,1988,19,9172,1983,19,5036,0,0
89PE01127,89100057,87198070,85196327,1989100057,1987198070,1985196327,1989,10,0057,1987,19,8070,1985,19,6327,0,0
89PE01128,89100058,87198070,85196327,1989100058,1987198070,1985196327,1989,10,0058,1987,19,8070,1985,19,6327,0,0
89PE01129,89100059,87198006,86197037,1989100059,1987198006,1986197037,1989,10,0059,1987,19,8006,1986,19,7037,0,0
89PE01130,89100060,87198006,86197037,1989100060,1987198006,1986197037,1989,10,0060,1987,19,8006,1986,19,7037,0,0
89PE01131,89100061,88198916,85196643,1989100061,1988198916,1985196643,1989,10,0061,1988,19,8916,1985,19,6643,0,0
89PE01132,89100062,88198916,85196643,1989100062,1988198916,1985196643,1989,10,0062,1988,19,8916,1985,19,6643,0,0
89PE01133,89100063,87198162,87197975,1989100063,1987198162,1987197975,1989,10,0063,1987,19,8162,1987,19,7975,0,0
89PE01134,89100064,87198162,87197975,1989100064,1987198162,1987197975,1989,10,0064,1987,19,8162,1987,19,7975,0,0
89PE01135,89100065,87198246,86197146,1989100065,1987198246,1986197146,1989,10,0065,1987,19,8246,1986,19,7146,0,0
89PE01136,89100066,87198246,86197146,1989100066,1987198246,1986197146,1989,10,0066,1987,19,8246,1986,19,7146,0,0
89PE01137,89100067,87198259,87197935,1989100067,1987198259,1987197935,1989,10,0067,1987,19,8259,1987,19,7935,0,0
89PE01138,89100068,87198006,85196539,1989100068,1987198006,1985196539,1989,10,0068,1987,19,8006,1985,19,6539,0,0
89PE01139,89100069,87198006,85196539,1989100069,1987198006,1985196539,1989,10,0069,1987,19,8006,1985,19,6539,0,0
89PE01140,89100070,87198311,88199095,1989100070,1987198311,1988199095,1989,10,0070,1987,19,8311,1988,19,9095,0,0
89PE01141,89100071,87198246,85196437,1989100071,1987198246,1985196437,1989,10,0071,1987,19,8246,1985,19,6437,0,0
89PE01142,89100072,87198246,85196437,1989100072,1987198246,1985196437,1989,10,0072,1987,19,8246,1985,19,6437,0,0
89PE01143,89100073,87198246,85196437,1989100073,1987198246,1985196437,1989,10,0073,1987,19,8246,1985,19,6437,0,0
89PE01144,89100074,87198162,87198416,1989100074,1987198162,1987198416,1989,10,0074,1987,19,8162,1987,19,8416,0,0
89PE01145,89100075,87198162,87198416,1989100075,1987198162,1987198416,1989,10,0075,1987,19,8162,1987,19,8416,0,0
89PE01146,89100076,87198139,88198709,1989100076,1987198139,1988198709,1989,10,0076,1987,19,8139,1988,19,8709,0,0
89PE01147,89100077,87198462,87197860,1989100077,1987198462,1987197860,1989,10,0077,1987,19,8462,1987,19,7860,0,0
89PE01148,89100078,87198462,87197860,1989100078,1987198462,1987197860,1989,10,0078,1987,19,8462,1987,19,7860,0,0
89PE01149,89100079,87198028,87198175,1989100079,1987198028,1987198175,1989,10,0079,1987,19,8028,1987,19,8175,0,0
89PE01150,89100080,87198096,88199318,1989100080,1987198096,1988199318,1989,10,0080,1987,19,8096,1988,19,9318,0,0
89PE01151,89100081,87198096,88199318,1989100081,1987198096,1988199318,1989,10,0081,1987,19,8096,1988,19,9318,0,0
89PE01152,89100082,87197799,85196395,1989100082,1987197799,1985196395,1989,10,0082,1987,19,7799,1985,19,6395,0,0
89PE01153,89100083,87197799,85196395,1989100083,1987197799,1985196395,1989,10,0083,1987,19,7799,1985,19,6395,0,0
89PE01154,89100084,88198817,85196370,1989100084,1988198817,1985196370,1989,10,0084,1988,19,8817,1985,19,6370,0,0
89PE01155,89100085,87198162,85196734,1989100085,1987198162,1985196734,1989,10,0085,1987,19,8162,1985,19,6734,0,0
89PE01156,89100086,87198162,85196734,1989100086,1987198162,1985196734,1989,10,0086,1987,19,8162,1985,19,6734,0,0
89PE01157,89100087,87198420,84195750,1989100087,1987198420,1984195750,1989,10,0087,1987,19,8420,1984,19,5750,0,0
89PE01158,89100088,87198420,84195750,1989100088,1987198420,1984195750,1989,10,0088,1987,19,8420,1984,19,5750,0,0
89PE01159,89100089,87198420,84195750,1989100089,1987198420,1984195750,1989,10,0089,1987,19,8420,1984,19,5750,0,0
89PE01160,89100090,87198270,84196016,1989100090,1987198270,1984196016,1989,10,0090,1987,19,8270,1984,19,6016,0,0
89PE01161,89100091,87198270,84196016,1989100091,1987198270,1984196016,1989,10,0091,1987,19,8270,1984,19,6016,0,0
89PE01162,89100092,87198162,87198314,1989100092,1987198162,1987198314,1989,10,0092,1987,19,8162,1987,19,8314,0,0
89PE01163,89100093,88199172,84195598,1989100093,1988199172,1984195598,1989,10,0093,1988,19,9172,1984,19,5598,0,0
89PE01164,89100094,88199172,84195598,1989100094,1988199172,1984195598,1989,10,0094,1988,19,9172,1984,19,5598,0,0
89PE01165,89100095,88198916,86197476,1989100095,1988198916,1986197476,1989,10,0095,1988,19,8916,1986,19,7476,0,0
89PE01166,89100096,88198916,86197476,1989100096,1988198916,1986197476,1989,10,0096,1988,19,8916,1986,19,7476,0,0
89PE01167,89100097,87198259,83195055,1989100097,1987198259,1983195055,1989,10,0097,1987,19,8259,1983,19,5055,0,0
89PE01168,89100098,87198259,83195055,1989100098,1987198259,1983195055,1989,10,0098,1987,19,8259,1983,19,5055,0,0
89PE01169,89100099,87198259,83195055,1989100099,1987198259,1983195055,1989,10,0099,1987,19,8259,1983,19,5055,0,0
89PE01170,89100100,87198006,87198272,1989100100,1987198006,1987198272,1989,10,0100,1987,19,8006,1987,19,8272,0,0
89PE01171,89100101,88198916,82194072,1989100101,1988198916,1982194072,1989,10,0101,1988,19,8916,1982,19,4072,0,0
89PE01172,89100102,88198916,82194072,1989100102,1988198916,1982194072,1989,10,0102,1988,19,8916,1982,19,4072,0,0
89PE01173,89100103,87197921,84196040,1989100103,1987197921,1984196040,1989,10,0103,1987,19,7921,1984,19,6040,0,0
89PE01174,89100104,87198270,82194395,1989100104,1987198270,1982194395,1989,10,0104,1987,19,8270,1982,19,4395,0,0
89PE01175,89100105,87198270,82194395,1989100105,1987198270,1982194395,1989,10,0105,1987,19,8270,1982,19,4395,0,0
89PE01176,89100106,88198884,87197864,1989100106,1988198884,1987197864,1989,10,0106,1988,19,8884,1987,19,7864,0,0
89PE01177,89100107,87197799,84195998,1989100107,1987197799,1984195998,1989,10,0107,1987,19,7799,1984,19,5998,0,0
89PE01178,89100108,87198258,82194098,1989100108,1987198258,1982194098,1989,10,0108,1987,19,8258,1982,19,4098,0,0
89PE01179,89100109,87198258,82194098,1989100109,1987198258,1982194098,1989,10,0109,1987,19,8258,1982,19,4098,0,0
89PE01180,89100110,87198258,82194098,1989100110,1987198258,1982194098,1989,10,0110,1987,19,8258,1982,19,4098,0,0
89PE01181,89100111,88198884,85196691,1989100111,1988198884,1985196691,1989,10,0111,1988,19,8884,1985,19,6691,0,0
89PE01182,89100112,88198884,85196691,1989100112,1988198884,1985196691,1989,10,0112,1988,19,8884,1985,19,6691,0,0
89PE01183,89100113,87197799,87197947,1989100113,1987197799,1987197947,1989,10,0113,1987,19,7799,1987,19,7947,0,0
89PE01184,89100114,87197799,87197947,1989100114,1987197799,1987197947,1989,10,0114,1987,19,7799,1987,19,7947,0,0
89PE01185,89100115,87198162,84195958,1989100115,1987198162,1984195958,1989,10,0115,1987,19,8162,1984,19,5958,0,0
89PE01186,89100116,87198162,84195958,1989100116,1987198162,1984195958,1989,10,0116,1987,19,8162,1984,19,5958,0,0
89PE01187,89100117,87198139,88198702,1989100117,1987198139,1988198702,1989,10,0117,1987,19,8139,1988,19,8702,0,0
89PE01188,89100118,87198139,88198828,1989100118,1987198139,1988198828,1989,10,0118,1987,19,8139,1988,19,8828,0,0
89PE01189,89100119,88198884,84195809,1989100119,1988198884,1984195809,1989,10,0119,1988,19,8884,1984,19,5809,0,0
89PE01190,89100120,88198884,84195809,1989100120,1988198884,1984195809,1989,10,0120,1988,19,8884,1984,19,5809,0,0
89PE01191,89100121,87198139,88198726,1989100121,1987198139,1988198726,1989,10,0121,1987,19,8139,1988,19,8726,0,0
89PE01192,89100122,87198270,86197238,1989100122,1987198270,1986197238,1989,10,0122,1987,19,8270,1986,19,7238,0,0
89PE01193,89100123,88199172,83194889,1989100123,1988199172,1983194889,1989,10,0123,1988,19,9172,1983,19,4889,0,0
89PE01194,89100124,88199172,83194889,1989100124,1988199172,1983194889,1989,10,0124,1988,19,9172,1983,19,4889,0,0
89PE01195,89100125,87197875,87198482,1989100125,1987197875,1987198482,1989,10,0125,1987,19,7875,1987,19,8482,0,0
89PE01196,89100126,87197875,87198482,1989100126,1987197875,1987198482,1989,10,0126,1987,19,7875,1987,19,8482,0,0
89PE01197,89100127,87198368,84195983,1989100127,1987198368,1984195983,1989,10,0127,1987,19,8368,1984,19,5983,0,0
89PE01198,89100128,87198368,84195983,1989100128,1987198368,1984195983,1989,10,0128,1987,19,8368,1984,19,5983,0,0
89PE01199,89100129,87197763,88198983,1989100129,1987197763,1988198983,1989,10,0129,1987,19,7763,1988,19,8983,0,0
89PE01200,89100130,88199172,82194136,1989100130,1988199172,1982194136,1989,10,0130,1988,19,9172,1982,19,4136,0,0
89PE01201,89100131,88199172,82194136,1989100131,1988199172,1982194136,1989,10,0131,1988,19,9172,1982,19,4136,0,0
89PE01202,89100132,87198368,86196997,1989100132,1987198368,1986196997,1989,10,0132,1987,19,8368,1986,19,6997,0,0
89PE01203,89100133,87198368,86196997,1989100133,1987198368,1986196997,1989,10,0133,1987,19,8368,1986,19,6997,0,0
89PE01204,89100134,87198276,84196055,1989100134,1987198276,1984196055,1989,10,0134,1987,19,8276,1984,19,6055,0,0
89PE01205,89100135,87198276,84196055,1989100135,1987198276,1984196055,1989,10,0135,1987,19,8276,1984,19,6055,0,0
89PE01206,89100136,87198276,84196055,1989100136,1987198276,1984196055,1989,10,0136,1987,19,8276,1984,19,6055,0,0
89PE01207,89100137,88199172,86197184,1989100137,1988199172,1986197184,1989,10,0137,1988,19,9172,1986,19,7184,0,0
89PE01208,89100138,88199172,86197184,1989100138,1988199172,1986197184,1989,10,0138,1988,19,9172,1986,19,7184,0,0
89PE01209,89100139,87198311,88198960,1989100139,1987198311,1988198960,1989,10,0139,1987,19,8311,1988,19,8960,0,0
89PE01210,89100140,87198096,88198992,1989100140,1987198096,1988198992,1989,10,0140,1987,19,8096,1988,19,8992,0,0
89PE01211,89100141,87198139,88198802,1989100141,1987198139,1988198802,1989,10,0141,1987,19,8139,1988,19,8802,0,0
89PE01212,89100142,87198311,88199126,1989100142,1987198311,1988199126,1989,10,0142,1987,19,8311,1988,19,9126,0,0
89PE01213,89100143,87198070,84195698,1989100143,1987198070,1984195698,1989,10,0143,1987,19,8070,1984,19,5698,0,0
89PE01214,89100144,87198070,84195698,1989100144,1987198070,1984195698,1989,10,0144,1987,19,8070,1984,19,5698,0,0
89PE01215,89100145,87198070,84195698,1989100145,1987198070,1984195698,1989,10,0145,1987,19,8070,1984,19,5698,0,0
89PE01216,89100146,87198047,87198151,1989100146,1987198047,1987198151,1989,10,0146,1987,19,8047,1987,19,8151,0,0
89PE01217,89100147,87198270,87197955,1989100147,1987198270,1987197955,1989,10,0147,1987,19,8270,1987,19,7955,0,0
89PE01218,89100148,87198270,87197955,1989100148,1987198270,1987197955,1989,10,0148,1987,19,8270,1987,19,7955,0,0
89PE01219,89100149,87198006,86197374,1989100149,1987198006,1986197374,1989,10,0149,1987,19,8006,1986,19,7374,0,0
89PE01220,89100150,87198006,86197374,1989100150,1987198006,1986197374,1989,10,0150,1987,19,8006,1986,19,7374,0,0
89PE01221,89100151,87198162,87197821,1989100151,1987198162,1987197821,1989,10,0151,1987,19,8162,1987,19,7821,0,0
89PE01222,89100152,87198162,87197821,1989100152,1987198162,1987197821,1989,10,0152,1987,19,8162,1987,19,7821,0,0
89PE01223,89100153,87198162,82194315,1989100153,1987198162,1982194315,1989,10,0153,1987,19,8162,1982,19,4315,0,0
89PE01224,89100154,87198162,82194315,1989100154,1987198162,1982194315,1989,10,0154,1987,19,8162,1982,19,4315,0,0
89PE01225,89100155,87197875,85196568,1989100155,1987197875,1985196568,1989,10,0155,1987,19,7875,1985,19,6568,0,0
89PE01226,89100156,87198270,87198086,1989100156,1987198270,1987198086,1989,10,0156,1987,19,8270,1987,19,8086,0,0
89PE01227,89100157,87198139,88198931,1989100157,1987198139,1988198931,1989,10,0157,1987,19,8139,1988,19,8931,0,0
89PE01228,89100158,87198270,85196182,1989100158,1987198270,1985196182,1989,10,0158,1987,19,8270,1985,19,6182,0,0
89PE01229,89100159,87198270,85196182,1989100159,1987198270,1985196182,1989,10,0159,1987,19,8270,1985,19,6182,0,0
89PE01230,89100160,87197763,88198956,1989100160,1987197763,1988198956,1989,10,0160,1987,19,7763,1988,19,8956,0,0
89PE01231,89100161,87198162,86197252,1989100161,1987198162,1986197252,1989,10,0161,1987,19,8162,1986,19,7252,0,0
89PE01232,89100162,87198096,88198950,1989100162,1987198096,1988198950,1989,10,0162,1987,19,8096,1988,19,8950,0,0
89PE01233,89100163,87198096,88198872,1989100163,1987198096,1988198872,1989,10,0163,1987,19,8096,1988,19,8872,0,0
89PE01234,89100164,87198096,88199212,1989100164,1987198096,1988199212,1989,10,0164,1987,19,8096,1988,19,9212,0,0
89PE01235,89100165,87197763,88199184,1989100165,1987197763,1988199184,1989,10,0165,1987,19,7763,1988,19,9184,0,0
89PE01236,89100166,87198096,88199125,1989100166,1987198096,1988199125,1989,10,0166,1987,19,8096,1988,19,9125,0,0
89PE01237,89100167,87198462,85196527,1989100167,1987198462,1985196527,1989,10,0167,1987,19,8462,1985,19,6527,0,0
89PE01238,89100168,87198028,86197280,1989100168,1987198028,1986197280,1989,10,0168,1987,19,8028,1986,19,7280,0,0
89PE01239,89100169,87198028,86197280,1989100169,1987198028,1986197280,1989,10,0169,1987,19,8028,1986,19,7280,0,0
89PE01240,89100170,88198817,87198138,1989100170,1988198817,1987198138,1989,10,0170,1988,19,8817,1987,19,8138,0,0
89PE01241,89100171,88198817,87198138,1989100171,1988198817,1987198138,1989,10,0171,1988,19,8817,1987,19,8138,0,0
89PE01242,89100172,87198096,88199331,1989100172,1987198096,1988199331,1989,10,0172,1987,19,8096,1988,19,9331,0,0
89PE01243,89100173,87198162,87198176,1989100173,1987198162,1987198176,1989,10,0173,1987,19,8162,1987,19,8176,0,0
89PE01244,89100174,87198162,87198176,1989100174,1987198162,1987198176,1989,10,0174,1987,19,8162,1987,19,8176,0,0
89PE01245,89100175,87197763,88198839,1989100175,1987197763,1988198839,1989,10,0175,1987,19,7763,1988,19,8839,0,0
89PE01246,89100176,87198139,88199160,1989100176,1987198139,1988199160,1989,10,0176,1987,19,8139,1988,19,9160,0,0
89PE01247,89100177,87198139,88199151,1989100177,1987198139,1988199151,1989,10,0177,1987,19,8139,1988,19,9151,0,0
89PE01248,89100178,87198311,88198845,1989100178,1987198311,1988198845,1989,10,0178,1987,19,8311,1988,19,8845,0,0
89PE01249,89100179,87198311,88198845,1989100179,1987198311,1988198845,1989,10,0179,1987,19,8311,1988,19,8845,0,0
89PE01250,89100180,87198311,88199332,1989100180,1987198311,1988199332,1989,10,0180,1987,19,8311,1988,19,9332,0,0
89PE01251,89100181,88198817,86197032,1989100181,1988198817,1986197032,1989,10,0181,1988,19,8817,1986,19,7032,0,0
89PE01252,89100182,87198462,84196042,1989100182,1987198462,1984196042,1989,10,0182,1987,19,8462,1984,19,6042,0,0
89PE01253,89100183,87198162,87198128,1989100183,1987198162,1987198128,1989,10,0183,1987,19,8162,1987,19,8128,0,0
89PE01254,89100184,87198462,87198281,1989100184,1987198462,1987198281,1989,10,0184,1987,19,8462,1987,19,8281,0,0
89PE01255,89100185,87198462,87198281,1989100185,1987198462,1987198281,1989,10,0185,1987,19,8462,1987,19,8281,0,0
89PE01256,89100186,87198162,85196672,1989100186,1987198162,1985196672,1989,10,0186,1987,19,8162,1985,19,6672,0,0
89PE01257,89100187,87198162,85196672,1989100187,1987198162,1985196672,1989,10,0187,1987,19,8162,1985,19,6672,0,0
89PE01258,89100188,87198096,88198812,1989100188,1987198096,1988198812,1989,10,0188,1987,19,8096,1988,19,8812,0,0
89PE01259,89100189,87198139,88198891,1989100189,1987198139,1988198891,1989,10,0189,1987,19,8139,1988,19,8891,0,0
89PE01260,89100190,87198139,88198891,1989100190,1987198139,1988198891,1989,10,0190,1987,19,8139,1988,19,8891,0,0
89PE01261,89100191,87197763,88198705,1989100191,1987197763,1988198705,1989,10,0191,1987,19,7763,1988,19,8705,0,0
89PE01262,89100192,87198139,88198933,1989100192,1987198139,1988198933,1989,10,0192,1987,19,8139,1988,19,8933,0,0
89PE01263,89100193,87198139,88198933,1989100193,1987198139,1988198933,1989,10,0193,1987,19,8139,1988,19,8933,0,0
89PE01264,89100194,87198139,88199237,1989100194,1987198139,1988199237,1989,10,0194,1987,19,8139,1988,19,9237,0,0
89PE01265,89100195,87198311,88199262,1989100195,1987198311,1988199262,1989,10,0195,1987,19,8311,1988,19,9262,0,0
89PE01266,89100196,87198096,88198673,1989100196,1987198096,1988198673,1989,10,0196,1987,19,8096,1988,19,8673,0,0
89PE01267,89100197,87197763,88199040,1989100197,1987197763,1988199040,1989,10,0197,1987,19,7763,1988,19,9040,0,0
89PE01268,89100198,87198096,88198844,1989100198,1987198096,1988198844,1989,10,0198,1987,19,8096,1988,19,8844,0,0
89PE01269,89100199,87198096,88198844,1989100199,1987198096,1988198844,1989,10,0199,1987,19,8096,1988,19,8844,0,0
89PE01270,89100200,87198139,88198915,1989100200,1987198139,1988198915,1989,10,0200,1987,19,8139,1988,19,8915,0,0
89PE01271,89100201,87198139,88198657,1989100201,1987198139,1988198657,1989,10,0201,1987,19,8139,1988,19,8657,0,0
89PE01272,89100202,87198139,88199165,1989100202,1987198139,1988199165,1989,10,0202,1987,19,8139,1988,19,9165,0,0
89PE01273,89100203,87198311,88198666,1989100203,1987198311,1988198666,1989,10,0203,1987,19,8311,1988,19,8666,0,0
89PE01274,89100204,87198311,88198806,1989100204,1987198311,1988198806,1989,10,0204,1987,19,8311,1988,19,8806,0,0
89PE01275,89100205,87198311,88198995,1989100205,1987198311,1988198995,1989,10,0205,1987,19,8311,1988,19,8995,0,0
89PE01276,89100206,87197763,88198772,1989100206,1987197763,1988198772,1989,10,0206,1987,19,7763,1988,19,8772,0,0
89PE01277,89100207,87197763,88199216,1989100207,1987197763,1988199216,1989,10,0207,1987,19,7763,1988,19,9216,0,0
89PE01278,89100208,87197763,88198763,1989100208,1987197763,1988198763,1989,10,0208,1987,19,7763,1988,19,8763,0,0
89PE01279,89100209,87198096,88198747,1989100209,1987198096,1988198747,1989,10,0209,1987,19,8096,1988,19,8747,0,0
89PE01280,89100210,87198139,88199430,1989100210,1987198139,1988199430,1989,10,0210,1987,19,8139,1988,19,9430,0,0
89PE01281,89100211,87198139,88198790,1989100211,1987198139,1988198790,1989,10,0211,1987,19,8139,1988,19,8790,0,0
89PE01282,89100212,87197763,88199449,1989100212,1987197763,1988199449,1989,10,0212,1987,19,7763,1988,19,9449,0,0
89PE01283,89100213,87198139,88199078,1989100213,1987198139,1988199078,1989,10,0213,1987,19,8139,1988,19,9078,0,0
89PE01284,89100214,87198096,88199406,1989100214,1987198096,1988199406,1989,10,0214,1987,19,8096,1988,19,9406,0,0
89PE01285,89100215,87198311,88198876,1989100215,1987198311,1988198876,1989,10,0215,1987,19,8311,1988,19,8876,0,0
89PE01286,89100216,87198096,88198704,1989100216,1987198096,1988198704,1989,10,0216,1987,19,8096,1988,19,8704,0,0
89PE01287,89100217,87197763,88198944,1989100217,1987197763,1988198944,1989,10,0217,1987,19,7763,1988,19,8944,0,0
89PE01288,89100218,87197763,88198944,1989100218,1987197763,1988198944,1989,10,0218,1987,19,7763,1988,19,8944,0,0
89PE01289,89100219,87198139,88199209,1989100219,1987198139,1988199209,1989,10,0219,1987,19,8139,1988,19,9209,0,0
89PE01290,89100220,87198139,88199073,1989100220,1987198139,1988199073,1989,10,0220,1987,19,8139,1988,19,9073,0,0
89PE01291,89100221,87198139,88199014,1989100221,1987198139,1988199014,1989,10,0221,1987,19,8139,1988,19,9014,0,0
89PE01292,89100222,87197763,88199419,1989100222,1987197763,1988199419,1989,10,0222,1987,19,7763,1988,19,9419,0,0
89PE01293,89100223,87198139,88199297,1989100223,1987198139,1988199297,1989,10,0223,1987,19,8139,1988,19,9297,0,0
89PE01294,89100224,87197763,88199146,1989100224,1987197763,1988199146,1989,10,0224,1987,19,7763,1988,19,9146,0,0
89PE01295,89100225,87198096,88198962,1989100225,1987198096,1988198962,1989,10,0225,1987,19,8096,1988,19,8962,0,0
89PE01296,89100226,87198139,88198976,1989100226,1987198139,1988198976,1989,10,0226,1987,19,8139,1988,19,8976,0,0
89PE01297,89100227,87197763,88198735,1989100227,1987197763,1988198735,1989,10,0227,1987,19,7763,1988,19,8735,0,0
89PE01298,89100228,87198096,88198778,1989100228,1987198096,1988198778,1989,10,0228,1987,19,8096,1988,19,8778,0,0
89PE01299,89100229,87198311,88198927,1989100229,1987198311,1988198927,1989,10,0229,1987,19,8311,1988,19,8927,0,0
89PE01300,89100230,87198311,88198927,1989100230,1987198311,1988198927,1989,10,0230,1987,19,8311,1988,19,8927,0,0
89PE01301,89100231,87198311,88199280,1989100231,1987198311,1988199280,1989,10,0231,1987,19,8311,1988,19,9280,0,0
89PE01302,89100232,87198139,88199296,1989100232,1987198139,1988199296,1989,10,0232,1987,19,8139,1988,19,9296,0,0
89PE01303,89100233,87198139,88199444,1989100233,1987198139,1988199444,1989,10,0233,1987,19,8139,1988,19,9444,0,0
89PE01304,89100234,87198311,88199064,1989100234,1987198311,1988199064,1989,10,0234,1987,19,8311,1988,19,9064,0,0
89PE01305,89100235,87197763,88198800,1989100235,1987197763,1988198800,1989,10,0235,1987,19,7763,1988,19,8800,0,0
89PE01306,89100236,87198139,88199097,1989100236,1987198139,1988199097,1989,10,0236,1987,19,8139,1988,19,9097,0,0
89PE01307,89100237,87197763,88199190,1989100237,1987197763,1988199190,1989,10,0237,1987,19,7763,1988,19,9190,0,0
89PE01308,89100238,87198311,88199272,1989100238,1987198311,1988199272,1989,10,0238,1987,19,8311,1988,19,9272,0,0
89PE01309,89100239,87198096,88199168,1989100239,1987198096,1988199168,1989,10,0239,1987,19,8096,1988,19,9168,0,0
89PE01310,89100240,87198139,88198819,1989100240,1987198139,1988198819,1989,10,0240,1987,19,8139,1988,19,8819,0,0
89PE01311,89199568,87197763,88199034,1989199568,1987197763,1988199034,1989,19,9568,1987,19,7763,1988,19,9034,0,0
89PE01312,89199569,87197763,88199034,1989199569,1987197763,1988199034,1989,19,9569,1987,19,7763,1988,19,9034,0,0
89PE01313,89199570,87198006,85196116,1989199570,1987198006,1985196116,1989,19,9570,1987,19,8006,1985,19,6116,0,0
89PE01314,89199571,88199172,87198123,1989199571,1988199172,1987198123,1989,19,9571,1988,19,9172,1987,19,8123,0,0
89PE01315,89199572,87197884,85196761,1989199572,1987197884,1985196761,1989,19,9572,1987,19,7884,1985,19,6761,0,0
89PE01316,89199573,87197884,85196761,1989199573,1987197884,1985196761,1989,19,9573,1987,19,7884,1985,19,6761,0,0
89PE01317,89199574,88198916,86197052,1989199574,1988198916,1986197052,1989,19,9574,1988,19,8916,1986,19,7052,0,0
89PE01318,89199575,87198368,87197846,1989199575,1987198368,1987197846,1989,19,9575,1987,19,8368,1987,19,7846,0,0
89PE01319,89199576,88198884,86196942,1989199576,1988198884,1986196942,1989,19,9576,1988,19,8884,1986,19,6942,0,0
89PE01320,89199577,88198884,86196942,1989199577,1988198884,1986196942,1989,19,9577,1988,19,8884,1986,19,6942,0,0
89PE01321,89199578,87197875,86197348,1989199578,1987197875,1986197348,1989,19,9578,1987,19,7875,1986,19,7348,0,0
89PE01322,89199579,87197875,86197348,1989199579,1987197875,1986197348,1989,19,9579,1987,19,7875,1986,19,7348,0,0
89PE01323,89199580,88198817,83195039,1989199580,1988198817,1983195039,1989,19,9580,1988,19,8817,1983,19,5039,0,0
89PE01324,89199581,88198817,83195039,1989199581,1988198817,1983195039,1989,19,9581,1988,19,8817,1983,19,5039,0,0
89PE01325,89199582,88199172,84195437,1989199582,1988199172,1984195437,1989,19,9582,1988,19,9172,1984,19,5437,0,0
89PE01326,89199583,88199172,84195437,1989199583,1988199172,1984195437,1989,19,9583,1988,19,9172,1984,19,5437,0,0
89PE01327,89199584,87198028,87198117,1989199584,1987198028,1987198117,1989,19,9584,1987,19,8028,1987,19,8117,0,0
89PE01328,89199585,88198916,87197969,1989199585,1988198916,1987197969,1989,19,9585,1988,19,8916,1987,19,7969,0,0
89PE01329,89199586,88199172,85196328,1989199586,1988199172,1985196328,1989,19,9586,1988,19,9172,1985,19,6328,0,0
89PE01330,89199587,88198817,86197418,1989199587,1988198817,1986197418,1989,19,9587,1988,19,8817,1986,19,7418,0,0
89PE01331,89199588,88198817,86197418,1989199588,1988198817,1986197418,1989,19,9588,1988,19,8817,1986,19,7418,0,0
89PE01332,89199589,87198006,83195165,1989199589,1987198006,1983195165,1989,19,9589,1987,19,8006,1983,19,5165,0,0
89PE01333,89199590,87198006,83195165,1989199590,1987198006,1983195165,1989,19,9590,1987,19,8006,1983,19,5165,0,0
89PE01334,89199591,88198817,83194924,1989199591,1988198817,1983194924,1989,19,9591,1988,19,8817,1983,19,4924,0,0
89PE01335,89199592,88198884,86197415,1989199592,1988198884,1986197415,1989,19,9592,1988,19,8884,1986,19,7415,0,0
89PE01336,89199593,87198270,87198450,1989199593,1987198270,1987198450,1989,19,9593,1987,19,8270,1987,19,8450,0,0
89PE01337,89199594,87198270,87198450,1989199594,1987198270,1987198450,1989,19,9594,1987,19,8270,1987,19,8450,0,0
89PE01338,89199595,88199172,83194700,1989199595,1988199172,1983194700,1989,19,9595,1988,19,9172,1983,19,4700,0,0
89PE01339,89199596,88199172,83194700,1989199596,1988199172,1983194700,1989,19,9596,1988,19,9172,1983,19,4700,0,0
89PE01340,89199597,87197799,85196809,1989199597,1987197799,1985196809,1989,19,9597,1987,19,7799,1985,19,6809,0,0
89PE01341,89199598,88199172,87197868,1989199598,1988199172,1987197868,1989,19,9598,1988,19,9172,1987,19,7868,0,0
89PE01342,89199599,88199172,87197868,1989199599,1988199172,1987197868,1989,19,9599,1988,19,9172,1987,19,7868,0,0
89PE01343,89199600,87198028,82194268,1989199600,1987198028,1982194268,1989,19,9600,1987,19,8028,1982,19,4268,0,0
89PE01344,89199601,87198028,82194268,1989199601,1987198028,1982194268,1989,19,9601,1987,19,8028,1982,19,4268,0,0
89PE01345,89199602,88198817,85196797,1989199602,1988198817,1985196797,1989,19,9602,1988,19,8817,1985,19,6797,0,0
89PE01346,89199603,87198259,87198375,1989199603,1987198259,1987198375,1989,19,9603,1987,19,8259,1987,19,8375,0,0
89PE01347,89199604,87198259,87198375,1989199604,1987198259,1987198375,1989,19,9604,1987,19,8259,1987,19,8375,0,0
89PE01348,89199605,87198028,83195270,1989199605,1987198028,1983195270,1989,19,9605,1987,19,8028,1983,19,5270,0,0
89PE01349,89199606,87198028,83195270,1989199606,1987198028,1983195270,1989,19,9606,1987,19,8028,1983,19,5270,0,0
89PE01350,89199607,88199172,85196692,1989199607,1988199172,1985196692,1989,19,9607,1988,19,9172,1985,19,6692,0,0
89PE01351,89199608,88198817,87198434,1989199608,1988198817,1987198434,1989,19,9608,1988,19,8817,1987,19,8434,0,0
89PE01352,89199609,87198246,85196741,1989199609,1987198246,1985196741,1989,19,9609,1987,19,8246,1985,19,6741,0,0
89PE01353,89199610,87198246,85196741,1989199610,1987198246,1985196741,1989,19,9610,1987,19,8246,1985,19,6741,0,0
89PE01354,89199611,87198162,84195807,1989199611,1987198162,1984195807,1989,19,9611,1987,19,8162,1984,19,5807,0,0
89PE01355,89199612,87198162,84195807,1989199612,1987198162,1984195807,1989,19,9612,1987,19,8162,1984,19,5807,0,0
89PE01356,89199613,87198028,87198005,1989199613,1987198028,1987198005,1989,19,9613,1987,19,8028,1987,19,8005,0,0
89PE01357,89199614,87198028,87198005,1989199614,1987198028,1987198005,1989,19,9614,1987,19,8028,1987,19,8005,0,0
89PE01358,89199615,87198028,84195865,1989199615,1987198028,1984195865,1989,19,9615,1987,19,8028,1984,19,5865,0,0
89PE01359,89199616,87198028,84195865,1989199616,1987198028,1984195865,1989,19,9616,1987,19,8028,1984,19,5865,0,0
89PE01360,89199617,88199172,87197851,1989199617,1988199172,1987197851,1989,19,9617,1988,19,9172,1987,19,7851,0,0
89PE01361,89199618,88199172,87197851,1989199618,1988199172,1987197851,1989,19,9618,1988,19,9172,1987,19,7851,0,0
89PE01362,89199619,87198028,82194486,1989199619,1987198028,1982194486,1989,19,9619,1987,19,8028,1982,19,4486,0,0
89PE01363,89199620,87198028,82194486,1989199620,1987198028,1982194486,1989,19,9620,1987,19,8028,1982,19,4486,0,0
89PE01364,89199621,88198817,85196127,1989199621,1988198817,1985196127,1989,19,9621,1988,19,8817,1985,19,6127,0,0
89PE01365,89199622,88198817,85196127,1989199622,1988198817,1985196127,1989,19,9622,1988,19,8817,1985,19,6127,0,0
89PE01366,89199623,87197872,83195024,1989199623,1987197872,1983195024,1989,19,9623,1987,19,7872,1983,19,5024,0,0
89PE01367,89199624,87197872,83195024,1989199624,1987197872,1983195024,1989,19,9624,1987,19,7872,1983,19,5024,0,0
89PE01368,89199625,88198817,87198282,1989199625,1988198817,1987198282,1989,19,9625,1988,19,8817,1987,19,8282,0,0
89PE01369,89199626,88198916,86197139,1989199626,1988198916,1986197139,1989,19,9626,1988,19,8916,1986,19,7139,0,0
89PE01370,89199627,88198916,86197139,1989199627,1988198916,1986197139,1989,19,9627,1988,19,8916,1986,19,7139,0,0
89PE01371,89199628,88198916,86197139,1989199628,1988198916,1986197139,1989,19,9628,1988,19,8916,1986,19,7139,0,0
89PE01372,89199629,88198817,86197294,1989199629,1988198817,1986197294,1989,19,9629,1988,19,8817,1986,19,7294,0,0
89PE01373,89199630,88198817,86197294,1989199630,1988198817,1986197294,1989,19,9630,1988,19,8817,1986,19,7294,0,0
89PE01374,89199631,87198246,86197633,1989199631,1987198246,1986197633,1989,19,9631,1987,19,8246,1986,19,7633,0,0
89PE01375,89199632,87198246,86197633,1989199632,1987198246,1986197633,1989,19,9632,1987,19,8246,1986,19,7633,0,0
89PE01376,89199633,88199172,85196564,1989199633,1988199172,1985196564,1989,19,9633,1988,19,9172,1985,19,6564,0,0
89PE01377,89199634,88199172,85196564,1989199634,1988199172,1985196564,1989,19,9634,1988,19,9172,1985,19,6564,0,0
89PE01378,89199635,88199172,85196564,1989199635,1988199172,1985196564,1989,19,9635,1988,19,9172,1985,19,6564,0,0
89PE01379,89199636,87197884,85196160,1989199636,1987197884,1985196160,1989,19,9636,1987,19,7884,1985,19,6160,0,0
89PE01380,89199637,87197884,85196160,1989199637,1987197884,1985196160,1989,19,9637,1987,19,7884,1985,19,6160,0,0
89PE01381,89199638,87197884,85196160,1989199638,1987197884,1985196160,1989,19,9638,1987,19,7884,1985,19,6160,0,0
89PE01382,89199639,87198096,88198917,1989199639,1987198096,1988198917,1989,19,9639,1987,19,8096,1988,19,8917,0,0
89PE01383,89199640,87198311,88198749,1989199640,1987198311,1988198749,1989,19,9640,1987,19,8311,1988,19,8749,0,0
89PE01384,89199641,87198311,88198749,1989199641,1987198311,1988198749,1989,19,9641,1987,19,8311,1988,19,8749,0,0
89PE01385,89199642,88198916,85196494,1989199642,1988198916,1985196494,1989,19,9642,1988,19,8916,1985,19,6494,0,0
89PE01386,89199643,88198916,85196494,1989199643,1988198916,1985196494,1989,19,9643,1988,19,8916,1985,19,6494,0,0
89PE01387,89199644,88198916,85196494,1989199644,1988198916,1985196494,1989,19,9644,1988,19,8916,1985,19,6494,0,0
89PE01388,89199645,87198246,86197431,1989199645,1987198246,1986197431,1989,19,9645,1987,19,8246,1986,19,7431,0,0
89PE01389,89199646,87198258,87198115,1989199646,1987198258,1987198115,1989,19,9646,1987,19,8258,1987,19,8115,0,0
89PE01390,89199647,87197884,87198476,1989199647,1987197884,1987198476,1989,19,9647,1987,19,7884,1987,19,8476,0,0
89PE01391,89199648,87197884,87198476,1989199648,1987197884,1987198476,1989,19,9648,1987,19,7884,1987,19,8476,0,0
89PE01392,89199649,87198258,85196215,1989199649,1987198258,1985196215,1989,19,9649,1987,19,8258,1985,19,6215,0,0
89PE01393,89199650,87198258,85196215,1989199650,1987198258,1985196215,1989,19,9650,1987,19,8258,1985,19,6215,0,0
89PE01394,89199651,88198916,85196575,1989199651,1988198916,1985196575,1989,19,9651,1988,19,8916,1985,19,6575,0,0
89PE01395,89199652,88198916,85196575,1989199652,1988198916,1985196575,1989,19,9652,1988,19,8916,1985,19,6575,0,0
89PE01396,89199653,88198916,85196575,1989199653,1988198916,1985196575,1989,19,9653,1988,19,8916,1985,19,6575,0,0
89PE01397,89199654,87198028,85196203,1989199654,1987198028,1985196203,1989,19,9654,1987,19,8028,1985,19,6203,0,0
89PE01398,89199655,87198028,85196203,1989199655,1987198028,1985196203,1989,19,9655,1987,19,8028,1985,19,6203,0,0
89PE01399,89199656,88198916,83195371,1989199656,1988198916,1983195371,1989,19,9656,1988,19,8916,1983,19,5371,0,0
89PE01400,89199657,88198916,83195371,1989199657,1988198916,1983195371,1989,19,9657,1988,19,8916,1983,19,5371,0,0
89PE01401,89199658,88198916,83195371,1989199658,1988198916,1983195371,1989,19,9658,1988,19,8916,1983,19,5371,0,0
89PE01402,89199659,87197763,88199036,1989199659,1987197763,1988199036,1989,19,9659,1987,19,7763,1988,19,9036,0,0
89PE01403,89199660,88198884,85196129,1989199660,1988198884,1985196129,1989,19,9660,1988,19,8884,1985,19,6129,0,0
89PE01404,89199661,88198884,85196129,1989199661,1988198884,1985196129,1989,19,9661,1988,19,8884,1985,19,6129,0,0
89PE01405,89199662,87198420,86197498,1989199662,1987198420,1986197498,1989,19,9662,1987,19,8420,1986,19,7498,0,0
89PE01406,89199663,87198420,86197498,1989199663,1987198420,1986197498,1989,19,9663,1987,19,8420,1986,19,7498,0,0
89PE01407,89199664,87198246,87198147,1989199664,1987198246,1987198147,1989,19,9664,1987,19,8246,1987,19,8147,0,0
89PE01408,89199665,87198246,87198147,1989199665,1987198246,1987198147,1989,19,9665,1987,19,8246,1987,19,8147,0,0
89PE01409,89199666,87198258,86197478,1989199666,1987198258,1986197478,1989,19,9666,1987,19,8258,1986,19,7478,0,0
89PE01410,89199667,87198258,86197478,1989199667,1987198258,1986197478,1989,19,9667,1987,19,8258,1986,19,7478,0,0
89PE01411,89199668,88199172,87197788,1989199668,1988199172,1987197788,1989,19,9668,1988,19,9172,1987,19,7788,0,0
89PE01412,89199669,88198884,85196776,1989199669,1988198884,1985196776,1989,19,9669,1988,19,8884,1985,19,6776,0,0
89PE01413,89199670,88198884,85196776,1989199670,1988198884,1985196776,1989,19,9670,1988,19,8884,1985,19,6776,0,0
89PE01414,89199671,88198884,85196776,1989199671,1988198884,1985196776,1989,19,9671,1988,19,8884,1985,19,6776,0,0
89PE01415,89199672,87198047,82194440,1989199672,1987198047,1982194440,1989,19,9672,1987,19,8047,1982,19,4440,0,0
89PE01416,89199673,87198047,82194440,1989199673,1987198047,1982194440,1989,19,9673,1987,19,8047,1982,19,4440,0,0
89PE01417,89199674,87197884,85196715,1989199674,1987197884,1985196715,1989,19,9674,1987,19,7884,1985,19,6715,0,0
89PE01418,89199675,87197884,85196715,1989199675,1987197884,1985196715,1989,19,9675,1987,19,7884,1985,19,6715,0,0
89PE01419,89199676,88198916,84195510,1989199676,1988198916,1984195510,1989,19,9676,1988,19,8916,1984,19,5510,0,0
89PE01420,89199677,87198162,86197553,1989199677,1987198162,1986197553,1989,19,9677,1987,19,8162,1986,19,7553,0,0
89PE01421,89199678,87198162,86197553,1989199678,1987198162,1986197553,1989,19,9678,1987,19,8162,1986,19,7553,0,0
89PE01422,89199679,88198884,82194086,1989199679,1988198884,1982194086,1989,19,9679,1988,19,8884,1982,19,4086,0,0
89PE01423,89199680,88198884,82194086,1989199680,1988198884,1982194086,1989,19,9680,1988,19,8884,1982,19,4086,0,0
89PE01424,89199681,87197799,87197827,1989199681,1987197799,1987197827,1989,19,9681,1987,19,7799,1987,19,7827,0,0
89PE01425,89199682,87197799,87197827,1989199682,1987197799,1987197827,1989,19,9682,1987,19,7799,1987,19,7827,0,0
89PE01426,89199683,88199172,85196353,1989199683,1988199172,1985196353,1989,19,9683,1988,19,9172,1985,19,6353,0,0
89PE01427,89199684,88199172,85196353,1989199684,1988199172,1985196353,1989,19,9684,1988,19,9172,1985,19,6353,0,0
89PE01428,89199685,88198916,87197848,1989199685,1988198916,1987197848,1989,19,9685,1988,19,8916,1987,19,7848,0,0
89PE01429,89199686,87198270,84195671,1989199686,1987198270,1984195671,1989,19,9686,1987,19,8270,1984,19,5671,0,0
89PE01430,89199687,87198270,84195671,1989199687,1987198270,1984195671,1989,19,9687,1987,19,8270,1984,19,5671,0,0
89PE01431,89199688,87198096,88199055,1989199688,1987198096,1988199055,1989,19,9688,1987,19,8096,1988,19,9055,0,0
89PE01432,89199689,87198096,88199055,1989199689,1987198096,1988199055,1989,19,9689,1987,19,8096,1988,19,9055,0,0
89PE01433,89199690,87198047,86196966,1989199690,1987198047,1986196966,1989,19,9690,1987,19,8047,1986,19,6966,0,0
89PE01434,89199691,87198246,86197599,1989199691,1987198246,1986197599,1989,19,9691,1987,19,8246,1986,19,7599,0,0
89PE01435,89199692,87198246,86197599,1989199692,1987198246,1986197599,1989,19,9692,1987,19,8246,1986,19,7599,0,0
89PE01436,89199693,88198884,85196523,1989199693,1988198884,1985196523,1989,19,9693,1988,19,8884,1985,19,6523,0,0
89PE01437,89199694,88198884,85196523,1989199694,1988198884,1985196523,1989,19,9694,1988,19,8884,1985,19,6523,0,0
89PE01438,89199695,88198884,85196523,1989199695,1988198884,1985196523,1989,19,9695,1988,19,8884,1985,19,6523,0,0
89PE01439,89199696,88199172,85196790,1989199696,1988199172,1985196790,1989,19,9696,1988,19,9172,1985,19,6790,0,0
89PE01440,89199697,88199172,85196790,1989199697,1988199172,1985196790,1989,19,9697,1988,19,9172,1985,19,6790,0,0
89PE01441,89199698,88198884,87198122,1989199698,1988198884,1987198122,1989,19,9698,1988,19,8884,1987,19,8122,0,0
89PE01442,89199699,88198884,87198122,1989199699,1988198884,1987198122,1989,19,9699,1988,19,8884,1987,19,8122,0,0
89PE01443,89199700,87197872,84196081,1989199700,1987197872,1984196081,1989,19,9700,1987,19,7872,1984,19,6081,0,0
89PE01444,89199701,87198028,87197910,1989199701,1987198028,1987197910,1989,19,9701,1987,19,8028,1987,19,7910,0,0
89PE01445,89199702,87198028,87197910,1989199702,1987198028,1987197910,1989,19,9702,1987,19,8028,1987,19,7910,0,0
89PE01446,89199703,88198916,83194638,1989199703,1988198916,1983194638,1989,19,9703,1988,19,8916,1983,19,4638,0,0
89PE01447,89199704,88198916,83194638,1989199704,1988198916,1983194638,1989,19,9704,1988,19,8916,1983,19,4638,0,0
89PE01448,89199705,87198270,86197182,1989199705,1987198270,1986197182,1989,19,9705,1987,19,8270,1986,19,7182,0,0
89PE01449,89199706,87198270,86197182,1989199706,1987198270,1986197182,1989,19,9706,1987,19,8270,1986,19,7182,0,0
89PE01450,89199707,88198916,86197130,1989199707,1988198916,1986197130,1989,19,9707,1988,19,8916,1986,19,7130,0,0
89PE01451,89199708,88198916,86197130,1989199708,1988198916,1986197130,1989,19,9708,1988,19,8916,1986,19,7130,0,0
89PE01452,89199709,88198884,86196894,1989199709,1988198884,1986196894,1989,19,9709,1988,19,8884,1986,19,6894,0,0
89PE01453,89199710,88198884,86196894,1989199710,1988198884,1986196894,1989,19,9710,1988,19,8884,1986,19,6894,0,0
89PE01454,89199711,88198817,86197627,1989199711,1988198817,1986197627,1989,19,9711,1988,19,8817,1986,19,7627,0,0
89PE01455,89199712,88198817,86197627,1989199712,1988198817,1986197627,1989,19,9712,1988,19,8817,1986,19,7627,0,0
89PE01456,89199713,88198817,86197627,1989199713,1988198817,1986197627,1989,19,9713,1988,19,8817,1986,19,7627,0,0
89PE01457,89199714,88198916,85196128,1989199714,1988198916,1985196128,1989,19,9714,1988,19,8916,1985,19,6128,0,0
89PE01458,89199715,88198916,85196128,1989199715,1988198916,1985196128,1989,19,9715,1988,19,8916,1985,19,6128,0,0
89PE01459,89199716,88199172,86197261,1989199716,1988199172,1986197261,1989,19,9716,1988,19,9172,1986,19,7261,0,0
89PE01460,89199717,88199172,86197261,1989199717,1988199172,1986197261,1989,19,9717,1988,19,9172,1986,19,7261,0,0
89PE01461,89199718,87198259,85196615,1989199718,1987198259,1985196615,1989,19,9718,1987,19,8259,1985,19,6615,0,0
89PE01462,89199719,88199172,86197569,1989199719,1988199172,1986197569,1989,19,9719,1988,19,9172,1986,19,7569,0,0
89PE01463,89199720,88199172,86197569,1989199720,1988199172,1986197569,1989,19,9720,1988,19,9172,1986,19,7569,0,0
89PE01464,89199721,88198916,86197013,1989199721,1988198916,1986197013,1989,19,9721,1988,19,8916,1986,19,7013,0,0
89PE01465,89199722,88198916,86197013,1989199722,1988198916,1986197013,1989,19,9722,1988,19,8916,1986,19,7013,0,0
89PE01466,89199723,88199172,85196670,1989199723,1988199172,1985196670,1989,19,9723,1988,19,9172,1985,19,6670,0,0
89PE01467,89199724,87198006,83194818,1989199724,1987198006,1983194818,1989,19,9724,1987,19,8006,1983,19,4818,0,0
89PE01468,89199725,87198006,83194818,1989199725,1987198006,1983194818,1989,19,9725,1987,19,8006,1983,19,4818,0,0
89PE01469,89199726,87198311,88199259,1989199726,1987198311,1988199259,1989,19,9726,1987,19,8311,1988,19,9259,0,0
89PE01470,89199727,87198311,88199259,1989199727,1987198311,1988199259,1989,19,9727,1987,19,8311,1988,19,9259,0,0
89PE01471,89199728,87197763,88198670,1989199728,1987197763,1988198670,1989,19,9728,1987,19,7763,1988,19,8670,0,0
89PE01472,89199729,87198096,88199206,1989199729,1987198096,1988199206,1989,19,9729,1987,19,8096,1988,19,9206,0,0
89PE01473,89199730,87198096,88199206,1989199730,1987198096,1988199206,1989,19,9730,1987,19,8096,1988,19,9206,0,0
89PE01474,89199731,87198388,87198186,1989199731,1987198388,1987198186,1989,19,9731,1987,19,8388,1987,19,8186,0,0
89PE01475,89199732,87198388,87198186,1989199732,1987198388,1987198186,1989,19,9732,1987,19,8388,1987,19,8186,0,0
89PE01476,89199733,87198270,83194693,1989199733,1987198270,1983194693,1989,19,9733,1987,19,8270,1983,19,4693,0,0
89PE01477,89199734,87198270,87198029,1989199734,1987198270,1987198029,1989,19,9734,1987,19,8270,1987,19,8029,0,0
89PE01478,89199735,88198916,83194925,1989199735,1988198916,1983194925,1989,19,9735,1988,19,8916,1983,19,4925,0,0
89PE01479,89199736,88198916,83194925,1989199736,1988198916,1983194925,1989,19,9736,1988,19,8916,1983,19,4925,0,0
89PE01480,89199737,88198817,85196688,1989199737,1988198817,1985196688,1989,19,9737,1988,19,8817,1985,19,6688,0,0
89PE01481,89199738,88198817,85196688,1989199738,1988198817,1985196688,1989,19,9738,1988,19,8817,1985,19,6688,0,0
89PE01482,89199739,88198817,86197395,1989199739,1988198817,1986197395,1989,19,9739,1988,19,8817,1986,19,7395,0,0
89PE01483,89199740,88198817,86197395,1989199740,1988198817,1986197395,1989,19,9740,1988,19,8817,1986,19,7395,0,0
89PE01484,89199741,87198276,86197207,1989199741,1987198276,1986197207,1989,19,9741,1987,19,8276,1986,19,7207,0,0
89PE01485,89199742,88198916,87197903,1989199742,1988198916,1987197903,1989,19,9742,1988,19,8916,1987,19,7903,0,0
89PE01486,89199743,88198916,87197903,1989199743,1988198916,1987197903,1989,19,9743,1988,19,8916,1987,19,7903,0,0
89PE01487,89199744,87197799,86197628,1989199744,1987197799,1986197628,1989,19,9744,1987,19,7799,1986,19,7628,0,0
89PE01488,89199745,87197799,86197628,1989199745,1987197799,1986197628,1989,19,9745,1987,19,7799,1986,19,7628,0,0
89PE01489,89199746,88198817,83194692,1989199746,1988198817,1983194692,1989,19,9746,1988,19,8817,1983,19,4692,0,0
89PE01490,89199747,88198817,83194692,1989199747,1988198817,1983194692,1989,19,9747,1988,19,8817,1983,19,4692,0,0
89PE01491,89199748,88199172,86197112,1989199748,1988199172,1986197112,1989,19,9748,1988,19,9172,1986,19,7112,0,0
89PE01492,89199749,88199172,86197112,1989199749,1988199172,1986197112,1989,19,9749,1988,19,9172,1986,19,7112,0,0
89PE01493,89199750,87197872,87198304,1989199750,1987197872,1987198304,1989,19,9750,1987,19,7872,1987,19,8304,0,0
89PE01494,89199751,87198258,82194529,1989199751,1987198258,1982194529,1989,19,9751,1987,19,8258,1982,19,4529,0,0
89PE01495,89199752,87198258,82194529,1989199752,1987198258,1982194529,1989,19,9752,1987,19,8258,1982,19,4529,0,0
89PE01496,89199753,88198916,87198156,1989199753,1988198916,1987198156,1989,19,9753,1988,19,8916,1987,19,8156,0,0
89PE01497,89199754,88198916,87198156,1989199754,1988198916,1987198156,1989,19,9754,1988,19,8916,1987,19,8156,0,0
89PE01498,89199755,88198884,85196308,1989199755,1988198884,1985196308,1989,19,9755,1988,19,8884,1985,19,6308,0,0
89PE01499,89199756,88198884,85196308,1989199756,1988198884,1985196308,1989,19,9756,1988,19,8884,1985,19,6308,0,0
89PE01500,89199757,88199172,86197456,1989199757,1988199172,1986197456,1989,19,9757,1988,19,9172,1986,19,7456,0,0
89PE01501,89199758,87198291,86196981,1989199758,1987198291,1986196981,1989,19,9758,1987,19,8291,1986,19,6981,0,0
89PE01502,89199759,87198462,83194952,1989199759,1987198462,1983194952,1989,19,9759,1987,19,8462,1983,19,4952,0,0
89PE01503,89199760,87197799,86197381,1989199760,1987197799,1986197381,1989,19,9760,1987,19,7799,1986,19,7381,0,0
89PE01504,89199761,87198162,86197307,1989199761,1987198162,1986197307,1989,19,9761,1987,19,8162,1986,19,7307,0,0
89PE01505,89199762,88198884,87198007,1989199762,1988198884,1987198007,1989,19,9762,1988,19,8884,1987,19,8007,0,0
89PE01506,89199763,88199172,86197123,1989199763,1988199172,1986197123,1989,19,9763,1988,19,9172,1986,19,7123,0,0
89PE01507,89199764,88199172,86197123,1989199764,1988199172,1986197123,1989,19,9764,1988,19,9172,1986,19,7123,0,0
89PE01508,89199765,87198047,84195951,1989199765,1987198047,1984195951,1989,19,9765,1987,19,8047,1984,19,5951,0,0
89PE01509,89199766,87198047,84195951,1989199766,1987198047,1984195951,1989,19,9766,1987,19,8047,1984,19,5951,0,0
89PE01510,89199767,87198047,84195951,1989199767,1987198047,1984195951,1989,19,9767,1987,19,8047,1984,19,5951,0,0
89PE01511,89199768,87198028,84195717,1989199768,1987198028,1984195717,1989,19,9768,1987,19,8028,1984,19,5717,0,0
89PE01512,89199769,87198028,84195717,1989199769,1987198028,1984195717,1989,19,9769,1987,19,8028,1984,19,5717,0,0
89PE01513,89199770,88198817,87198093,1989199770,1988198817,1987198093,1989,19,9770,1988,19,8817,1987,19,8093,0,0
89PE01514,89199771,87197884,86197220,1989199771,1987197884,1986197220,1989,19,9771,1987,19,7884,1986,19,7220,0,0
89PE01515,89199772,88199172,83194667,1989199772,1988199172,1983194667,1989,19,9772,1988,19,9172,1983,19,4667,0,0
89PE01516,89199773,88199172,83194667,1989199773,1988199172,1983194667,1989,19,9773,1988,19,9172,1983,19,4667,0,0
89PE01517,89199774,87198070,82194215,1989199774,1987198070,1982194215,1989,19,9774,1987,19,8070,1982,19,4215,0,0
89PE01518,89199775,87198070,82194215,1989199775,1987198070,1982194215,1989,19,9775,1987,19,8070,1982,19,4215,0,0
89PE01519,89199776,88198884,85196444,1989199776,1988198884,1985196444,1989,19,9776,1988,19,8884,1985,19,6444,0,0
89PE01520,89199777,88198884,85196444,1989199777,1988198884,1985196444,1989,19,9777,1988,19,8884,1985,19,6444,0,0
89PE01521,89199778,88198884,87198567,1989199778,1988198884,1987198567,1989,19,9778,1988,19,8884,1987,19,8567,0,0
89PE01522,89199779,88198884,87198567,1989199779,1988198884,1987198567,1989,19,9779,1988,19,8884,1987,19,8567,0,0
89PE01523,89199780,87198006,86197465,1989199780,1987198006,1986197465,1989,19,9780,1987,19,8006,1986,19,7465,0,0
89PE01524,89199781,87197875,85196207,1989199781,1987197875,1985196207,1989,19,9781,1987,19,7875,1985,19,6207,0,0
89PE01525,89199782,88198884,87197802,1989199782,1988198884,1987197802,1989,19,9782,1988,19,8884,1987,19,7802,0,0
89PE01526,89199783,87197799,87198146,1989199783,1987197799,1987198146,1989,19,9783,1987,19,7799,1987,19,8146,0,0
89PE01527,89199784,87197875,85196763,1989199784,1987197875,1985196763,1989,19,9784,1987,19,7875,1985,19,6763,0,0
89PE01528,89199785,87197875,85196763,1989199785,1987197875,1985196763,1989,19,9785,1987,19,7875,1985,19,6763,0,0
89PE01529,89199786,87198311,88198874,1989199786,1987198311,1988198874,1989,19,9786,1987,19,8311,1988,19,8874,0,0
89PE01530,89199787,88198916,86197310,1989199787,1988198916,1986197310,1989,19,9787,1988,19,8916,1986,19,7310,0,0
89PE01531,89199788,88198916,86197310,1989199788,1988198916,1986197310,1989,19,9788,1988,19,8916,1986,19,7310,0,0
89PE01532,89199789,87198006,83194632,1989199789,1987198006,1983194632,1989,19,9789,1987,19,8006,1983,19,4632,0,0
89PE01533,89199790,87197799,87198553,1989199790,1987197799,1987198553,1989,19,9790,1987,19,7799,1987,19,8553,0,0
89PE01534,89199791,87198096,88198863,1989199791,1987198096,1988198863,1989,19,9791,1987,19,8096,1988,19,8863,0,0
89PE01535,89199792,87198096,88199012,1989199792,1987198096,1988199012,1989,19,9792,1987,19,8096,1988,19,9012,0,0
89PE01536,89199793,87198096,88199012,1989199793,1987198096,1988199012,1989,19,9793,1987,19,8096,1988,19,9012,0,0
89PE01537,89199794,87198006,85196366,1989199794,1987198006,1985196366,1989,19,9794,1987,19,8006,1985,19,6366,0,0
89PE01538,89199795,87197872,85196604,1989199795,1987197872,1985196604,1989,19,9795,1987,19,7872,1985,19,6604,0,0
89PE01539,89199796,87198270,86196901,1989199796,1987198270,1986196901,1989,19,9796,1987,19,8270,1986,19,6901,0,0
89PE01540,89199797,87198270,86196901,1989199797,1987198270,1986196901,1989,19,9797,1987,19,8270,1986,19,6901,0,0
89PE01541,89199798,87198162,83195276,1989199798,1987198162,1983195276,1989,19,9798,1987,19,8162,1983,19,5276,0,0
89PE01542,89199799,87198162,83195276,1989199799,1987198162,1983195276,1989,19,9799,1987,19,8162,1983,19,5276,0,0
89PE01543,89199800,88198817,84195645,1989199800,1988198817,1984195645,1989,19,9800,1988,19,8817,1984,19,5645,0,0
89PE01544,89199801,88198817,84195645,1989199801,1988198817,1984195645,1989,19,9801,1988,19,8817,1984,19,5645,0,0
89PE01545,89199802,87198028,85196556,1989199802,1987198028,1985196556,1989,19,9802,1987,19,8028,1985,19,6556,0,0
89PE01546,89199803,87198006,87197887,1989199803,1987198006,1987197887,1989,19,9803,1987,19,8006,1987,19,7887,0,0
89PE01547,89199804,87198368,83194792,1989199804,1987198368,1983194792,1989,19,9804,1987,19,8368,1983,19,4792,0,0
89PE01548,89199805,88198817,86197282,1989199805,1988198817,1986197282,1989,19,9805,1988,19,8817,1986,19,7282,0,0
89PE01549,89199806,88198817,86197282,1989199806,1988198817,1986197282,1989,19,9806,1988,19,8817,1986,19,7282,0,0
89PE01550,89199807,88198817,86197282,1989199807,1988198817,1986197282,1989,19,9807,1988,19,8817,1986,19,7282,0,0
89PE01551,89199808,87198006,87198134,1989199808,1987198006,1987198134,1989,19,9808,1987,19,8006,1987,19,8134,0,0
89PE01552,89199809,87198270,87198510,1989199809,1987198270,1987198510,1989,19,9809,1987,19,8270,1987,19,8510,0,0
89PE01553,89199810,87197872,86197244,1989199810,1987197872,1986197244,1989,19,9810,1987,19,7872,1986,19,7244,0,0
89PE01554,89199811,87197872,86197244,1989199811,1987197872,1986197244,1989,19,9811,1987,19,7872,1986,19,7244,0,0
89PE01555,89199812,87198270,87198225,1989199812,1987198270,1987198225,1989,19,9812,1987,19,8270,1987,19,8225,0,0
89PE01556,89199813,87198270,87198225,1989199813,1987198270,1987198225,1989,19,9813,1987,19,8270,1987,19,8225,0,0
89PE01557,89199814,87197763,88199347,1989199814,1987197763,1988199347,1989,19,9814,1987,19,7763,1988,19,9347,0,0
89PE01558,89199815,87197763,88199347,1989199815,1987197763,1988199347,1989,19,9815,1987,19,7763,1988,19,9347,0,0
89PE01559,89199816,87198070,86197496,1989199816,1987198070,1986197496,1989,19,9816,1987,19,8070,1986,19,7496,0,0
89PE01560,89199817,87198291,83194730,1989199817,1987198291,1983194730,1989,19,9817,1987,19,8291,1983,19,4730,0,0
89PE01561,89199818,87198291,83194730,1989199818,1987198291,1983194730,1989,19,9818,1987,19,8291,1983,19,4730,0,0
89PE01562,89199819,88198884,87198320,1989199819,1988198884,1987198320,1989,19,9819,1988,19,8884,1987,19,8320,0,0
89PE01563,89199820,88198884,87198320,1989199820,1988198884,1987198320,1989,19,9820,1988,19,8884,1987,19,8320,0,0
89PE01564,89199821,88198884,86197283,1989199821,1988198884,1986197283,1989,19,9821,1988,19,8884,1986,19,7283,0,0
89PE01565,89199822,88198884,86197283,1989199822,1988198884,1986197283,1989,19,9822,1988,19,8884,1986,19,7283,0,0
89PE01566,89199823,87198270,85196510,1989199823,1987198270,1985196510,1989,19,9823,1987,19,8270,1985,19,6510,0,0
89PE01567,89199824,87198270,85196510,1989199824,1987198270,1985196510,1989,19,9824,1987,19,8270,1985,19,6510,0,0
89PE01568,89199825,87198462,86197188,1989199825,1987198462,1986197188,1989,19,9825,1987,19,8462,1986,19,7188,0,0
89PE01569,89199826,88198884,84195697,1989199826,1988198884,1984195697,1989,19,9826,1988,19,8884,1984,19,5697,0,0
89PE01570,89199827,88198884,84195697,1989199827,1988198884,1984195697,1989,19,9827,1988,19,8884,1984,19,5697,0,0
89PE01571,89199828,87198246,87197828,1989199828,1987198246,1987197828,1989,19,9828,1987,19,8246,1987,19,7828,0,0
89PE01572,89199829,87198246,87197828,1989199829,1987198246,1987197828,1989,19,9829,1987,19,8246,1987,19,7828,0,0
89PE01573,89199830,87197872,87197912,1989199830,1987197872,1987197912,1989,19,9830,1987,19,7872,1987,19,7912,0,0
89PE01574,89199831,87198006,85196164,1989199831,1987198006,1985196164,1989,19,9831,1987,19,8006,1985,19,6164,0,0
89PE01575,89199832,87198006,85196164,1989199832,1987198006,1985196164,1989,19,9832,1987,19,8006,1985,19,6164,0,0
89PE01576,89199833,87198162,82194538,1989199833,1987198162,1982194538,1989,19,9833,1987,19,8162,1982,19,4538,0,0
89PE01577,89199834,87198162,82194538,1989199834,1987198162,1982194538,1989,19,9834,1987,19,8162,1982,19,4538,0,0
89PE01578,89199835,88198817,85196592,1989199835,1988198817,1985196592,1989,19,9835,1988,19,8817,1985,19,6592,0,0
89PE01579,89199836,88198817,85196592,1989199836,1988198817,1985196592,1989,19,9836,1988,19,8817,1985,19,6592,0,0
89PE01580,89199837,88198884,86197621,1989199837,1988198884,1986197621,1989,19,9837,1988,19,8884,1986,19,7621,0,0
89PE01581,89199838,88198884,84195973,1989199838,1988198884,1984195973,1989,19,9838,1988,19,8884,1984,19,5973,0,0
89PE01582,89199839,88198884,84195973,1989199839,1988198884,1984195973,1989,19,9839,1988,19,8884,1984,19,5973,0,0
89PE01583,89199840,87198096,88198833,1989199840,1987198096,1988198833,1989,19,9840,1987,19,8096,1988,19,8833,0,0
89PE01584,89199841,87197763,88198977,1989199841,1987197763,1988198977,1989,19,9841,1987,19,7763,1988,19,8977,0,0
89PE01585,89199842,87197763,88198977,1989199842,1987197763,1988198977,1989,19,9842,1987,19,7763,1988,19,8977,0,0
89PE01586,89199843,87197763,88198799,1989199843,1987197763,1988198799,1989,19,9843,1987,19,7763,1988,19,8799,0,0
89PE01587,89199844,87198096,88199267,1989199844,1987198096,1988199267,1989,19,9844,1987,19,8096,1988,19,9267,0,0
89PE01588,89199845,87198070,86196919,1989199845,1987198070,1986196919,1989,19,9845,1987,19,8070,1986,19,6919,0,0
89PE01589,89199846,87198162,85196233,1989199846,1987198162,1985196233,1989,19,9846,1987,19,8162,1985,19,6233,0,0
89PE01590,89199847,87198368,85196501,1989199847,1987198368,1985196501,1989,19,9847,1987,19,8368,1985,19,6501,0,0
89PE01591,89199848,87198368,85196501,1989199848,1987198368,1985196501,1989,19,9848,1987,19,8368,1985,19,6501,0,0
89PE01592,89199849,88198817,87197789,1989199849,1988198817,1987197789,1989,19,9849,1988,19,8817,1987,19,7789,0,0
89PE01593,89199850,88198916,86196874,1989199850,1988198916,1986196874,1989,19,9850,1988,19,8916,1986,19,6874,0,0
89PE01594,89199851,88198916,86196874,1989199851,1988198916,1986196874,1989,19,9851,1988,19,8916,1986,19,6874,0,0
89PE01595,89199852,88198817,85196707,1989199852,1988198817,1985196707,1989,19,9852,1988,19,8817,1985,19,6707,0,0
89PE01596,89199853,87198311,88199433,1989199853,1987198311,1988199433,1989,19,9853,1987,19,8311,1988,19,9433,0,0
89PE01597,89199854,87197763,88198711,1989199854,1987197763,1988198711,1989,19,9854,1987,19,7763,1988,19,8711,0,0
89PE01598,89199855,87198162,87198230,1989199855,1987198162,1987198230,1989,19,9855,1987,19,8162,1987,19,8230,0,0
89PE01599,89199856,87198388,85196442,1989199856,1987198388,1985196442,1989,19,9856,1987,19,8388,1985,19,6442,0,0
89PE01600,89199857,87198388,85196442,1989199857,1987198388,1985196442,1989,19,9857,1987,19,8388,1985,19,6442,0,0
89PE01601,89199858,87197884,85196141,1989199858,1987197884,1985196141,1989,19,9858,1987,19,7884,1985,19,6141,0,0
89PE01602,89199859,87197884,85196141,1989199859,1987197884,1985196141,1989,19,9859,1987,19,7884,1985,19,6141,0,0
89PE01603,89199860,87197921,85196516,1989199860,1987197921,1985196516,1989,19,9860,1987,19,7921,1985,19,6516,0,0
89PE01604,89199861,87197875,86197604,1989199861,1987197875,1986197604,1989,19,9861,1987,19,7875,1986,19,7604,0,0
89PE01605,89199862,87197875,86197604,1989199862,1987197875,1986197604,1989,19,9862,1987,19,7875,1986,19,7604,0,0
89PE01606,89199863,88198916,84195804,1989199863,1988198916,1984195804,1989,19,9863,1988,19,8916,1984,19,5804,0,0
89PE01607,89199864,88198916,84195804,1989199864,1988198916,1984195804,1989,19,9864,1988,19,8916,1984,19,5804,0,0
89PE01608,89199865,87198276,83194996,1989199865,1987198276,1983194996,1989,19,9865,1987,19,8276,1983,19,4996,0,0
89PE01609,89199866,87198276,83194996,1989199866,1987198276,1983194996,1989,19,9866,1987,19,8276,1983,19,4996,0,0
89PE01610,89199867,87198246,85196709,1989199867,1987198246,1985196709,1989,19,9867,1987,19,8246,1985,19,6709,0,0
89PE01611,89199868,87197875,87198054,1989199868,1987197875,1987198054,1989,19,9868,1987,19,7875,1987,19,8054,0,0
89PE01612,89199869,87197875,87198054,1989199869,1987197875,1987198054,1989,19,9869,1987,19,7875,1987,19,8054,0,0
89PE01613,89199870,87198311,88198813,1989199870,1987198311,1988198813,1989,19,9870,1987,19,8311,1988,19,8813,0,0
89PE01614,89199871,87197921,86197062,1989199871,1987197921,1986197062,1989,19,9871,1987,19,7921,1986,19,7062,0,0
89PE01615,89199872,88198884,87197813,1989199872,1988198884,1987197813,1989,19,9872,1988,19,8884,1987,19,7813,0,0
89PE01616,89199873,87198096,88198660,1989199873,1987198096,1988198660,1989,19,9873,1987,19,8096,1988,19,8660,0,0
89PE01617,89199874,87198096,88198660,1989199874,1987198096,1988198660,1989,19,9874,1987,19,8096,1988,19,8660,0,0
89PE01618,89199875,87197884,86197601,1989199875,1987197884,1986197601,1989,19,9875,1987,19,7884,1986,19,7601,0,0
89PE01619,89199876,87197884,86197601,1989199876,1987197884,1986197601,1989,19,9876,1987,19,7884,1986,19,7601,0,0
89PE01620,89199877,87198028,87198037,1989199877,1987198028,1987198037,1989,19,9877,1987,19,8028,1987,19,8037,0,0
89PE01621,89199878,87198028,87198037,1989199878,1987198028,1987198037,1989,19,9878,1987,19,8028,1987,19,8037,0,0
89PE01622,89199879,87198311,88198733,1989199879,1987198311,1988198733,1989,19,9879,1987,19,8311,1988,19,8733,0,0
89PE01623,89199880,87198311,88198733,1989199880,1987198311,1988198733,1989,19,9880,1987,19,8311,1988,19,8733,0,0
89PE01624,89199881,87197884,86197637,1989199881,1987197884,1986197637,1989,19,9881,1987,19,7884,1986,19,7637,0,0
89PE01625,89199882,87197884,86197637,1989199882,1987197884,1986197637,1989,19,9882,1987,19,7884,1986,19,7637,0,0
89PE01626,89199883,88199172,87198502,1989199883,1988199172,1987198502,1989,19,9883,1988,19,9172,1987,19,8502,0,0
89PE01627,89199884,88199172,86196937,1989199884,1988199172,1986196937,1989,19,9884,1988,19,9172,1986,19,6937,0,0
89PE01628,89199885,88199172,86196937,1989199885,1988199172,1986196937,1989,19,9885,1988,19,9172,1986,19,6937,0,0
89PE01629,89199886,87198162,86197453,1989199886,1987198162,1986197453,1989,19,9886,1987,19,8162,1986,19,7453,0,0
89PE01630,89199887,87198388,84195970,1989199887,1987198388,1984195970,1989,19,9887,1987,19,8388,1984,19,5970,0,0
89PE01631,89199888,88199172,85196155,1989199888,1988199172,1985196155,1989,19,9888,1988,19,9172,1985,19,6155,0,0
89PE01632,89199889,88199172,85196155,1989199889,1988199172,1985196155,1989,19,9889,1988,19,9172,1985,19,6155,0,0
89PE01633,89199890,88199172,87197917,1989199890,1988199172,1987197917,1989,19,9890,1988,19,9172,1987,19,7917,0,0
89PE01634,89199891,88198884,83194936,1989199891,1988198884,1983194936,1989,19,9891,1988,19,8884,1983,19,4936,0,0
89PE01635,89199892,88198884,83194936,1989199892,1988198884,1983194936,1989,19,9892,1988,19,8884,1983,19,4936,0,0
89PE01636,89199893,87198420,87198143,1989199893,1987198420,1987198143,1989,19,9893,1987,19,8420,1987,19,8143,0,0
89PE01637,89199894,87198028,87197812,1989199894,1987198028,1987197812,1989,19,9894,1987,19,8028,1987,19,7812,0,0
89PE01638,89199895,87198096,88199429,1989199895,1987198096,1988199429,1989,19,9895,1987,19,8096,1988,19,9429,0,0
89PE01639,89199896,87198388,83194773,1989199896,1987198388,1983194773,1989,19,9896,1987,19,8388,1983,19,4773,0,0
89PE01640,89199897,87198388,83194773,1989199897,1987198388,1983194773,1989,19,9897,1987,19,8388,1983,19,4773,0,0
89PE01641,89199898,87198270,87197776,1989199898,1987198270,1987197776,1989,19,9898,1987,19,8270,1987,19,7776,0,0
89PE01642,89199899,87198276,85196589,1989199899,1987198276,1985196589,1989,19,9899,1987,19,8276,1985,19,6589,0,0
89PE01643,89199900,87197799,86197591,1989199900,1987197799,1986197591,1989,19,9900,1987,19,7799,1986,19,7591,0,0
89PE01644,89199901,87197799,86197591,1989199901,1987197799,1986197591,1989,19,9901,1987,19,7799,1986,19,7591,0,0
89PE01645,89199902,87198006,87198103,1989199902,1987198006,1987198103,1989,19,9902,1987,19,8006,1987,19,8103,0,0
89PE01646,89199903,87198006,87198103,1989199903,1987198006,1987198103,1989,19,9903,1987,19,8006,1987,19,8103,0,0
89PE01647,89199904,87198388,87197811,1989199904,1987198388,1987197811,1989,19,9904,1987,19,8388,1987,19,7811,0,0
89PE01648,89199905,87198270,87198204,1989199905,1987198270,1987198204,1989,19,9905,1987,19,8270,1987,19,8204,0,0
89PE01649,89199906,87198259,86197369,1989199906,1987198259,1986197369,1989,19,9906,1987,19,8259,1986,19,7369,0,0
89PE01650,89199907,87198259,86197369,1989199907,1987198259,1986197369,1989,19,9907,1987,19,8259,1986,19,7369,0,0
89PE01651,89199908,87198270,87197880,1989199908,1987198270,1987197880,1989,19,9908,1987,19,8270,1987,19,7880,0,0
89PE01652,89199909,87198276,87197885,1989199909,1987198276,1987197885,1989,19,9909,1987,19,8276,1987,19,7885,0,0
89PE01653,89199910,87197884,87197837,1989199910,1987197884,1987197837,1989,19,9910,1987,19,7884,1987,19,7837,0,0
89PE01654,89199911,87197884,87197837,1989199911,1987197884,1987197837,1989,19,9911,1987,19,7884,1987,19,7837,0,0
89PE01655,89199912,87198311,88199156,1989199912,1987198311,1988199156,1989,19,9912,1987,19,8311,1988,19,9156,0,0
89PE01656,89199913,87198311,88199156,1989199913,1987198311,1988199156,1989,19,9913,1987,19,8311,1988,19,9156,0,0
89PE01657,89199914,88198884,83195369,1989199914,1988198884,1983195369,1989,19,9914,1988,19,8884,1983,19,5369,0,0
89PE01658,89199915,88199172,84196088,1989199915,1988199172,1984196088,1989,19,9915,1988,19,9172,1984,19,6088,0,0
89PE01659,89199916,88199172,84196088,1989199916,1988199172,1984196088,1989,19,9916,1988,19,9172,1984,19,6088,0,0
89PE01660,89199917,87198028,85196145,1989199917,1987198028,1985196145,1989,19,9917,1987,19,8028,1985,19,6145,0,0
89PE01661,89199918,87198028,85196145,1989199918,1987198028,1985196145,1989,19,9918,1987,19,8028,1985,19,6145,0,0
89PE01662,89199919,88198916,86197622,1989199919,1988198916,1986197622,1989,19,9919,1988,19,8916,1986,19,7622,0,0
89PE01663,89199920,88198916,86197622,1989199920,1988198916,1986197622,1989,19,9920,1988,19,8916,1986,19,7622,0,0
89PE01664,89199921,87198388,86196984,1989199921,1987198388,1986196984,1989,19,9921,1987,19,8388,1986,19,6984,0,0
89PE01665,89199922,88198884,87198036,1989199922,1988198884,1987198036,1989,19,9922,1988,19,8884,1987,19,8036,0,0
89PE01666,89199923,88198916,87197764,1989199923,1988198916,1987197764,1989,19,9923,1988,19,8916,1987,19,7764,0,0
89PE01667,89199924,87198028,87198312,1989199924,1987198028,1987198312,1989,19,9924,1987,19,8028,1987,19,8312,0,0
89PE01668,89199925,87198028,87198312,1989199925,1987198028,1987198312,1989,19,9925,1987,19,8028,1987,19,8312,0,0
89PE01669,89199926,87198311,88198789,1989199926,1987198311,1988198789,1989,19,9926,1987,19,8311,1988,19,8789,0,0
89PE01670,89199927,87198006,86196908,1989199927,1987198006,1986196908,1989,19,9927,1987,19,8006,1986,19,6908,0,0
89PE01671,89199928,88198884,86197523,1989199928,1988198884,1986197523,1989,19,9928,1988,19,8884,1986,19,7523,0,0
89PE01672,89199929,88198884,86197523,1989199929,1988198884,1986197523,1989,19,9929,1988,19,8884,1986,19,7523,0,0
89PE01673,89199930,87198006,87197847,1989199930,1987198006,1987197847,1989,19,9930,1987,19,8006,1987,19,7847,0,0
89PE01674,89199931,88198884,83195369,1989199931,1988198884,1983195369,1989,19,9931,1988,19,8884,1983,19,5369,0,0
89PE01675,89199932,87198162,83194791,1989199932,1987198162,1983194791,1989,19,9932,1987,19,8162,1983,19,4791,0,0
89PE01676,89199933,87198047,82194618,1989199933,1987198047,1982194618,1989,19,9933,1987,19,8047,1982,19,4618,0,0
89PE01677,89199934,87198047,82194618,1989199934,1987198047,1982194618,1989,19,9934,1987,19,8047,1982,19,4618,0,0
89PE01678,89199935,87197875,87197858,1989199935,1987197875,1987197858,1989,19,9935,1987,19,7875,1987,19,7858,0,0
89PE01679,89199936,88199172,86196996,1989199936,1988199172,1986196996,1989,19,9936,1988,19,9172,1986,19,6996,0,0
89PE01680,89199937,88199172,86196996,1989199937,1988199172,1986196996,1989,19,9937,1988,19,9172,1986,19,6996,0,0
89PE01681,89199938,87197921,83194854,1989199938,1987197921,1983194854,1989,19,9938,1987,19,7921,1983,19,4854,0,0
89PE01682,89199939,87197921,83194854,1989199939,1987197921,1983194854,1989,19,9939,1987,19,7921,1983,19,4854,0,0
89PE01683,89199940,87198258,84195561,1989199940,1987198258,1984195561,1989,19,9940,1987,19,8258,1984,19,5561,0,0
89PE01684,89199941,87198258,84195561,1989199941,1987198258,1984195561,1989,19,9941,1987,19,8258,1984,19,5561,0,0
89PE01685,89199942,87198258,84195561,1989199942,1987198258,1984195561,1989,19,9942,1987,19,8258,1984,19,5561,0,0
89PE01686,89199943,87198028,86197221,1989199943,1987198028,1986197221,1989,19,9943,1987,19,8028,1986,19,7221,0,0
89PE01687,89199944,87198028,86197221,1989199944,1987198028,1986197221,1989,19,9944,1987,19,8028,1986,19,7221,0,0
89PE01688,89199945,87197799,83195130,1989199945,1987197799,1983195130,1989,19,9945,1987,19,7799,1983,19,5130,0,0
89PE01689,89199946,87198096,88199091,1989199946,1987198096,1988199091,1989,19,9946,1987,19,8096,1988,19,9091,0,0
89PE01690,89199947,87198270,86197030,1989199947,1987198270,1986197030,1989,19,9947,1987,19,8270,1986,19,7030,0,0
89PE01691,89199948,87198270,86197030,1989199948,1987198270,1986197030,1989,19,9948,1987,19,8270,1986,19,7030,0,0
89PE01692,89199949,87198270,86197030,1989199949,1987198270,1986197030,1989,19,9949,1987,19,8270,1986,19,7030,0,0
89PE01693,89199950,87198096,88198743,1989199950,1987198096,1988198743,1989,19,9950,1987,19,8096,1988,19,8743,0,0
89PE01694,89199951,87197875,85196722,1989199951,1987197875,1985196722,1989,19,9951,1987,19,7875,1985,19,6722,0,0
89PE01695,89199952,87198096,88198794,1989199952,1987198096,1988198794,1989,19,9952,1987,19,8096,1988,19,8794,0,0
89PE01696,89199953,88199172,86197335,1989199953,1988199172,1986197335,1989,19,9953,1988,19,9172,1986,19,7335,0,0
89PE01697,89199954,88199172,86197335,1989199954,1988199172,1986197335,1989,19,9954,1988,19,9172,1986,19,7335,0,0
89PE01698,89199955,88198884,85196293,1989199955,1988198884,1985196293,1989,19,9955,1988,19,8884,1985,19,6293,0,0
89PE01699,89199956,88198884,85196293,1989199956,1988198884,1985196293,1989,19,9956,1988,19,8884,1985,19,6293,0,0
89PE01700,89199957,88198916,84195901,1989199957,1988198916,1984195901,1989,19,9957,1988,19,8916,1984,19,5901,0,0
89PE01701,89199958,88198916,84195901,1989199958,1988198916,1984195901,1989,19,9958,1988,19,8916,1984,19,5901,0,0
89PE01702,89199959,88198916,84195901,1989199959,1988198916,1984195901,1989,19,9959,1988,19,8916,1984,19,5901,0,0
89PE01703,89199960,88199172,84195805,1989199960,1988199172,1984195805,1989,19,9960,1988,19,9172,1984,19,5805,0,0
89PE01704,89199961,87198270,85196439,1989199961,1987198270,1985196439,1989,19,9961,1987,19,8270,1985,19,6439,0,0
89PE01705,89199962,87197921,87197854,1989199962,1987197921,1987197854,1989,19,9962,1987,19,7921,1987,19,7854,0,0
89PE01706,89199963,87197921,87197854,1989199963,1987197921,1987197854,1989,19,9963,1987,19,7921,1987,19,7854,0,0
89PE01707,89199964,87198006,87197796,1989199964,1987198006,1987197796,1989,19,9964,1987,19,8006,1987,19,7796,0,0
89PE01708,89199965,87198006,87197796,1989199965,1987198006,1987197796,1989,19,9965,1987,19,8006,1987,19,7796,0,0
89PE01709,89199966,88198916,82194392,1989199966,1988198916,1982194392,1989,19,9966,1988,19,8916,1982,19,4392,0,0
89PE01710,89199967,88198916,82194392,1989199967,1988198916,1982194392,1989,19,9967,1988,19,8916,1982,19,4392,0,0
89PE01711,89199968,88199172,87198344,1989199968,1988199172,1987198344,1989,19,9968,1988,19,9172,1987,19,8344,0,0
89PE01712,89199969,88198817,85196389,1989199969,1988198817,1985196389,1989,19,9969,1988,19,8817,1985,19,6389,0,0
89PE01713,89199970,87197875,84195478,1989199970,1987197875,1984195478,1989,19,9970,1987,19,7875,1984,19,5478,0,0
89PE01714,89199971,87197875,84195478,1989199971,1987197875,1984195478,1989,19,9971,1987,19,7875,1984,19,5478,0,0
89PE01715,89199972,88198884,86197326,1989199972,1988198884,1986197326,1989,19,9972,1988,19,8884,1986,19,7326,0,0
89PE01716,89199973,88198884,86197326,1989199973,1988198884,1986197326,1989,19,9973,1988,19,8884,1986,19,7326,0,0
89PE01717,89199974,87198070,87198127,1989199974,1987198070,1987198127,1989,19,9974,1987,19,8070,1987,19,8127,0,0
89PE01718,89199975,87198070,87198127,1989199975,1987198070,1987198127,1989,19,9975,1987,19,8070,1987,19,8127,0,0
89PE01719,89199976,87197875,86197643,1989199976,1987197875,1986197643,1989,19,9976,1987,19,7875,1986,19,7643,0,0
89PE01720,89199977,87197875,86197643,1989199977,1987197875,1986197643,1989,19,9977,1987,19,7875,1986,19,7643,0,0
89PE01721,89199978,87198047,86197514,1989199978,1987198047,1986197514,1989,19,9978,1987,19,8047,1986,19,7514,0,0
89PE01722,89199979,87198047,86197514,1989199979,1987198047,1986197514,1989,19,9979,1987,19,8047,1986,19,7514,0,0
89PE01723,89199980,87197799,85196704,1989199980,1987197799,1985196704,1989,19,9980,1987,19,7799,1985,19,6704,0,0
89PE01724,89199981,87197799,85196704,1989199981,1987197799,1985196704,1989,19,9981,1987,19,7799,1985,19,6704,0,0
89PE01725,89199982,87197875,87198265,1989199982,1987197875,1987198265,1989,19,9982,1987,19,7875,1987,19,8265,0,0
89PE01726,89199983,87197875,87198265,1989199983,1987197875,1987198265,1989,19,9983,1987,19,7875,1987,19,8265,0,0
89PE01727,89199984,87198028,83194744,1989199984,1987198028,1983194744,1989,19,9984,1987,19,8028,1983,19,4744,0,0
89PE01728,89199985,87198028,83194744,1989199985,1987198028,1983194744,1989,19,9985,1987,19,8028,1983,19,4744,0,0
89PE01729,89199986,87198162,82194084,1989199986,1987198162,1982194084,1989,19,9986,1987,19,8162,1982,19,4084,0,0
89PE01730,89199987,87198162,82194084,1989199987,1987198162,1982194084,1989,19,9987,1987,19,8162,1982,19,4084,0,0
89PE01731,89199988,87198420,86196965,1989199988,1987198420,1986196965,1989,19,9988,1987,19,8420,1986,19,6965,0,0
89PE01732,89199989,87198420,86196965,1989199989,1987198420,1986196965,1989,19,9989,1987,19,8420,1986,19,6965,0,0
89PE01733,89199990,88198884,86197070,1989199990,1988198884,1986197070,1989,19,9990,1988,19,8884,1986,19,7070,0,0
89PE01734,89199991,88198884,86197070,1989199991,1988198884,1986197070,1989,19,9991,1988,19,8884,1986,19,7070,0,0
89PE01735,89199992,87198270,83195020,1989199992,1987198270,1983195020,1989,19,9992,1987,19,8270,1983,19,5020,0,0
89PE01736,89199993,87198270,83195020,1989199993,1987198270,1983195020,1989,19,9993,1987,19,8270,1983,19,5020,0,0
89PE01737,89199994,87198311,88199424,1989199994,1987198311,1988199424,1989,19,9994,1987,19,8311,1988,19,9424,0,0
89PE01738,89199995,87198028,87197849,1989199995,1987198028,1987197849,1989,19,9995,1987,19,8028,1987,19,7849,0,0
89PE01739,89199996,87198028,87197849,1989199996,1987198028,1987197849,1989,19,9996,1987,19,8028,1987,19,7849,0,0
89PE01740,89199997,87198259,84196095,1989199997,1987198259,1984196095,1989,19,9997,1987,19,8259,1984,19,6095,0,0
89PE01741,89199998,87198162,83194679,1989199998,1987198162,1983194679,1989,19,9998,1987,19,8162,1983,19,4679,0,0
89PE01742,89199999,87198162,83194679,1989199999,1987198162,1983194679,1989,19,9999,1987,19,8162,1983,19,4679,0,0
89PE01743,89440290,87438888,88439787,1989440290,1987438888,1988439787,1989,44,0290,1987,43,8888,1988,43,9787,0,0
89PE01744,89440291,87438888,88439787,1989440291,1987438888,1988439787,1989,44,0291,1987,43,8888,1988,43,9787,0,0
89PE01745,89440292,88439468,87439097,1989440292,1988439468,1987439097,1989,44,0292,1988,43,9468,1987,43,9097,0,0
89PE01746,89440293,88439468,87439097,1989440293,1988439468,1987439097,1989,44,0293,1988,43,9468,1987,43,9097,0,0
89PE01747,89440294,87438938,85437452,1989440294,1987438938,1985437452,1989,44,0294,1987,43,8938,1985,43,7452,0,0
89PE01748,89440295,87438938,85437452,1989440295,1987438938,1985437452,1989,44,0295,1987,43,8938,1985,43,7452,0,0
89PE01749,89440296,87438938,85437452,1989440296,1987438938,1985437452,1989,44,0296,1987,43,8938,1985,43,7452,0,0
89PE01750,89440297,87438570,88439925,1989440297,1987438570,1988439925,1989,44,0297,1987,43,8570,1988,43,9925,0,0
89PE01751,89440298,87438570,88439925,1989440298,1987438570,1988439925,1989,44,0298,1987,43,8570,1988,43,9925,0,0
89PE01752,89440299,87438888,88439724,1989440299,1987438888,1988439724,1989,44,0299,1987,43,8888,1988,43,9724,0,0
89PE01753,89440300,88439468,86437796,1989440300,1988439468,1986437796,1989,44,0300,1988,43,9468,1986,43,7796,0,0
89PE01754,89440301,88439468,86437796,1989440301,1988439468,1986437796,1989,44,0301,1988,43,9468,1986,43,7796,0,0
89PE01755,89440302,87438570,88439904,1989440302,1987438570,1988439904,1989,44,0302,1987,43,8570,1988,43,9904,0,0
89PE01756,89440303,88439450,85437023,1989440303,1988439450,1985437023,1989,44,0303,1988,43,9450,1985,43,7023,0,0
89PE01757,89440304,88439450,85437023,1989440304,1988439450,1985437023,1989,44,0304,1988,43,9450,1985,43,7023,0,0
89PE01758,89440305,88439450,85437023,1989440305,1988439450,1985437023,1989,44,0305,1988,43,9450,1985,43,7023,0,0
89PE01759,89440306,88439450,84436401,1989440306,1988439450,1984436401,1989,44,0306,1988,43,9450,1984,43,6401,0,0
89PE01760,89440307,88439450,84436401,1989440307,1988439450,1984436401,1989,44,0307,1988,43,9450,1984,43,6401,0,0
89PE01761,89440308,88439581,84436655,1989440308,1988439581,1984436655,1989,44,0308,1988,43,9581,1984,43,6655,0,0
89PE01762,89440309,88439581,84436655,1989440309,1988439581,1984436655,1989,44,0309,1988,43,9581,1984,43,6655,0,0
89PE01763,89440310,88439468,87438540,1989440310,1988439468,1987438540,1989,44,0310,1988,43,9468,1987,43,8540,0,0
89PE01764,89440311,88439468,87438540,1989440311,1988439468,1987438540,1989,44,0311,1988,43,9468,1987,43,8540,0,0
89PE01765,89440312,88439450,85436978,1989440312,1988439450,1985436978,1989,44,0312,1988,43,9450,1985,43,6978,0,0
89PE01766,89440313,88439450,85436978,1989440313,1988439450,1985436978,1989,44,0313,1988,43,9450,1985,43,6978,0,0
89PE01767,89440314,87438928,87439302,1989440314,1987438928,1987439302,1989,44,0314,1987,43,8928,1987,43,9302,0,0
89PE01768,89440315,87438570,88439642,1989440315,1987438570,1988439642,1989,44,0315,1987,43,8570,1988,43,9642,0,0
89PE01769,89440316,88439450,85437189,1989440316,1988439450,1985437189,1989,44,0316,1988,43,9450,1985,43,7189,0,0
89PE01770,89440317,88439450,85437189,1989440317,1988439450,1985437189,1989,44,0317,1988,43,9450,1985,43,7189,0,0
89PE01771,89440318,87439177,87438583,1989440318,1987439177,1987438583,1989,44,0318,1987,43,9177,1987,43,8583,0,0
89PE01772,89440319,88439581,86437685,1989440319,1988439581,1986437685,1989,44,0319,1988,43,9581,1986,43,7685,0,0
89PE01773,89440320,88439581,86437685,1989440320,1988439581,1986437685,1989,44,0320,1988,43,9581,1986,43,7685,0,0
89PE01774,89440321,88439450,84436522,1989440321,1988439450,1984436522,1989,44,0321,1988,43,9450,1984,43,6522,0,0
89PE01775,89440322,88439450,84436522,1989440322,1988439450,1984436522,1989,44,0322,1988,43,9450,1984,43,6522,0,0
89PE01776,89440323,87438806,83435841,1989440323,1987438806,1983435841,1989,44,0323,1987,43,8806,1983,43,5841,0,0
89PE01777,89440324,87438806,83435841,1989440324,1987438806,1983435841,1989,44,0324,1987,43,8806,1983,43,5841,0,0
89PE01778,89440325,87439072,87439120,1989440325,1987439072,1987439120,1989,44,0325,1987,43,9072,1987,43,9120,0,0
89PE01779,89440326,88439450,84436694,1989440326,1988439450,1984436694,1989,44,0326,1988,43,9450,1984,43,6694,0,0
89PE01780,89440327,88439450,84436694,1989440327,1988439450,1984436694,1989,44,0327,1988,43,9450,1984,43,6694,0,0
89PE01781,89440328,88439450,86437979,1989440328,1988439450,1986437979,1989,44,0328,1988,43,9450,1986,43,7979,0,0
89PE01782,89440329,88439450,86437979,1989440329,1988439450,1986437979,1989,44,0329,1988,43,9450,1986,43,7979,0,0
89PE01783,89440330,87438853,85436979,1989440330,1987438853,1985436979,1989,44,0330,1987,43,8853,1985,43,6979,0,0
89PE01784,89440331,87438853,85436979,1989440331,1987438853,1985436979,1989,44,0331,1987,43,8853,1985,43,6979,0,0
89PE01785,89440332,87438666,87438918,1989440332,1987438666,1987438918,1989,44,0332,1987,43,8666,1987,43,8918,0,0
89PE01786,89440333,88439581,84436833,1989440333,1988439581,1984436833,1989,44,0333,1988,43,9581,1984,43,6833,0,0
89PE01787,89440334,88439581,84436833,1989440334,1988439581,1984436833,1989,44,0334,1988,43,9581,1984,43,6833,0,0
89PE01788,89440335,88439468,85437480,1989440335,1988439468,1985437480,1989,44,0335,1988,43,9468,1985,43,7480,0,0
89PE01789,89440336,87438853,82435261,1989440336,1987438853,1982435261,1989,44,0336,1987,43,8853,1982,43,5261,0,0
89PE01790,89440337,87438888,88439939,1989440337,1987438888,1988439939,1989,44,0337,1987,43,8888,1988,43,9939,0,0
89PE01791,89440338,87439001,87439173,1989440338,1987439001,1987439173,1989,44,0338,1987,43,9001,1987,43,9173,0,0
89PE01792,89440339,87438888,88440084,1989440339,1987438888,1988440084,1989,44,0339,1987,43,8888,1988,44,0084,0,0
89PE01793,89440340,87438897,87439346,1989440340,1987438897,1987439346,1989,44,0340,1987,43,8897,1987,43,9346,0,0
89PE01794,89440341,88439468,84436454,1989440341,1988439468,1984436454,1989,44,0341,1988,43,9468,1984,43,6454,0,0
89PE01795,89440342,88439468,84436454,1989440342,1988439468,1984436454,1989,44,0342,1988,43,9468,1984,43,6454,0,0
89PE01796,89440343,87439001,84436856,1989440343,1987439001,1984436856,1989,44,0343,1987,43,9001,1984,43,6856,0,0
89PE01797,89440344,87439001,84436856,1989440344,1987439001,1984436856,1989,44,0344,1987,43,9001,1984,43,6856,0,0
89PE01798,89440345,87438722,84436683,1989440345,1987438722,1984436683,1989,44,0345,1987,43,8722,1984,43,6683,0,0
89PE01799,89440346,88439450,85437563,1989440346,1988439450,1985437563,1989,44,0346,1988,43,9450,1985,43,7563,0,0
89PE01800,89440347,88439450,85437563,1989440347,1988439450,1985437563,1989,44,0347,1988,43,9450,1985,43,7563,0,0
89PE01801,89440348,87439072,82435079,1989440348,1987439072,1982435079,1989,44,0348,1987,43,9072,1982,43,5079,0,0
89PE01802,89440349,87438763,85437305,1989440349,1987438763,1985437305,1989,44,0349,1987,43,8763,1985,43,7305,0,0
89PE01803,89440350,87438763,85437305,1989440350,1987438763,1985437305,1989,44,0350,1987,43,8763,1985,43,7305,0,0
89PE01804,89440351,87439001,87438574,1989440351,1987439001,1987438574,1989,44,0351,1987,43,9001,1987,43,8574,0,0
89PE01805,89440352,87439001,87438574,1989440352,1987439001,1987438574,1989,44,0352,1987,43,9001,1987,43,8574,0,0
89PE01806,89440353,88439468,85437480,1989440353,1988439468,1985437480,1989,44,0353,1988,43,9468,1985,43,7480,0,0
89PE01807,89440354,88439468,85437480,1989440354,1988439468,1985437480,1989,44,0354,1988,43,9468,1985,43,7480,0,0
89PE01808,89440355,87438897,85437142,1989440355,1987438897,1985437142,1989,44,0355,1987,43,8897,1985,43,7142,0,0
89PE01809,89440356,87438897,85437142,1989440356,1987438897,1985437142,1989,44,0356,1987,43,8897,1985,43,7142,0,0
89PE01810,89440357,87438938,87439272,1989440357,1987438938,1987439272,1989,44,0357,1987,43,8938,1987,43,9272,0,0
89PE01811,89440358,87438938,87439272,1989440358,1987438938,1987439272,1989,44,0358,1987,43,8938,1987,43,9272,0,0
89PE01812,89440359,87438897,85437551,1989440359,1987438897,1985437551,1989,44,0359,1987,43,8897,1985,43,7551,0,0
89PE01813,89440360,87438897,85437551,1989440360,1987438897,1985437551,1989,44,0360,1987,43,8897,1985,43,7551,0,0
89PE01814,89440361,88439450,85437427,1989440361,1988439450,1985437427,1989,44,0361,1988,43,9450,1985,43,7427,0,0
89PE01815,89440362,88439450,85437427,1989440362,1988439450,1985437427,1989,44,0362,1988,43,9450,1985,43,7427,0,0
89PE01816,89440363,88439581,82435189,1989440363,1988439581,1982435189,1989,44,0363,1988,43,9581,1982,43,5189,0,0
89PE01817,89440364,88439581,82435189,1989440364,1988439581,1982435189,1989,44,0364,1988,43,9581,1982,43,5189,0,0
89PE01818,89440365,88439450,84436865,1989440365,1988439450,1984436865,1989,44,0365,1988,43,9450,1984,43,6865,0,0
89PE01819,89440366,88439450,84436865,1989440366,1988439450,1984436865,1989,44,0366,1988,43,9450,1984,43,6865,0,0
89PE01820,89440367,88439450,84436865,1989440367,1988439450,1984436865,1989,44,0367,1988,43,9450,1984,43,6865,0,0
89PE01821,89440368,87438792,85436993,1989440368,1987438792,1985436993,1989,44,0368,1987,43,8792,1985,43,6993,0,0
89PE01822,89440369,88439581,85437118,1989440369,1988439581,1985437118,1989,44,0369,1988,43,9581,1985,43,7118,0,0
89PE01823,89440370,88439581,85437118,1989440370,1988439581,1985437118,1989,44,0370,1988,43,9581,1985,43,7118,0,0
89PE01824,89440371,88439581,85437118,1989440371,1988439581,1985437118,1989,44,0371,1988,43,9581,1985,43,7118,0,0
89PE01825,89440372,88439450,87438663,1989440372,1988439450,1987438663,1989,44,0372,1988,43,9450,1987,43,8663,0,0
89PE01826,89440373,88439450,87438663,1989440373,1988439450,1987438663,1989,44,0373,1988,43,9450,1987,43,8663,0,0
89PE01827,89440374,87439001,85437424,1989440374,1987439001,1985437424,1989,44,0374,1987,43,9001,1985,43,7424,0,0
89PE01828,89440375,87439072,85437374,1989440375,1987439072,1985437374,1989,44,0375,1987,43,9072,1985,43,7374,0,0
89PE01829,89440376,87439072,85437374,1989440376,1987439072,1985437374,1989,44,0376,1987,43,9072,1985,43,7374,0,0
89PE01830,89440377,88439581,84436325,1989440377,1988439581,1984436325,1989,44,0377,1988,43,9581,1984,43,6325,0,0
89PE01831,89440378,87438865,87439092,1989440378,1987438865,1987439092,1989,44,0378,1987,43,8865,1987,43,9092,0,0
89PE01832,89440379,88439786,82435089,1989440379,1988439786,1982435089,1989,44,0379,1988,43,9786,1982,43,5089,0,0
89PE01833,89440380,88439468,86437687,1989440380,1988439468,1986437687,1989,44,0380,1988,43,9468,1986,43,7687,0,0
89PE01834,89440381,88439468,86437687,1989440381,1988439468,1986437687,1989,44,0381,1988,43,9468,1986,43,7687,0,0
89PE01835,89440382,88439581,86438322,1989440382,1988439581,1986438322,1989,44,0382,1988,43,9581,1986,43,8322,0,0
89PE01836,89440383,88439581,86438322,1989440383,1988439581,1986438322,1989,44,0383,1988,43,9581,1986,43,8322,0,0
89PE01837,89440384,87438897,87438866,1989440384,1987438897,1987438866,1989,44,0384,1987,43,8897,1987,43,8866,0,0
89PE01838,89440385,88439786,87438900,1989440385,1988439786,1987438900,1989,44,0385,1988,43,9786,1987,43,8900,0,0
89PE01839,89440386,88439786,87438900,1989440386,1988439786,1987438900,1989,44,0386,1988,43,9786,1987,43,8900,0,0
89PE01840,89440387,88439581,87438980,1989440387,1988439581,1987438980,1989,44,0387,1988,43,9581,1987,43,8980,0,0
89PE01841,89440388,88439581,87438980,1989440388,1988439581,1987438980,1989,44,0388,1988,43,9581,1987,43,8980,0,0
89PE01842,89440389,87438651,88439978,1989440389,1987438651,1988439978,1989,44,0389,1987,43,8651,1988,43,9978,0,0
89PE01843,89440390,87438570,88439929,1989440390,1987438570,1988439929,1989,44,0390,1987,43,8570,1988,43,9929,0,0
89PE01844,89440391,88439468,82435216,1989440391,1988439468,1982435216,1989,44,0391,1988,43,9468,1982,43,5216,0,0
89PE01845,89440392,88439468,82435216,1989440392,1988439468,1982435216,1989,44,0392,1988,43,9468,1982,43,5216,0,0
89PE01846,89440393,88439468,85437183,1989440393,1988439468,1985437183,1989,44,0393,1988,43,9468,1985,43,7183,0,0
89PE01847,89440394,88439468,85437183,1989440394,1988439468,1985437183,1989,44,0394,1988,43,9468,1985,43,7183,0,0
89PE01848,89440395,87438865,86438324,1989440395,1987438865,1986438324,1989,44,0395,1987,43,8865,1986,43,8324,0,0
89PE01849,89440396,87438865,86438324,1989440396,1987438865,1986438324,1989,44,0396,1987,43,8865,1986,43,8324,0,0
89PE01850,89440397,88439786,85437173,1989440397,1988439786,1985437173,1989,44,0397,1988,43,9786,1985,43,7173,0,0
89PE01851,89440398,88439786,85437173,1989440398,1988439786,1985437173,1989,44,0398,1988,43,9786,1985,43,7173,0,0
89PE01852,89440399,87438792,85437066,1989440399,1987438792,1985437066,1989,44,0399,1987,43,8792,1985,43,7066,0,0
89PE01853,89440400,88439581,87439137,1989440400,1988439581,1987439137,1989,44,0400,1988,43,9581,1987,43,9137,0,0
89PE01854,89440401,88439450,84436476,1989440401,1988439450,1984436476,1989,44,0401,1988,43,9450,1984,43,6476,0,0
89PE01855,89440402,88439450,84436476,1989440402,1988439450,1984436476,1989,44,0402,1988,43,9450,1984,43,6476,0,0
89PE01856,89440403,87438865,82435073,1989440403,1987438865,1982435073,1989,44,0403,1987,43,8865,1982,43,5073,0,0
89PE01857,89440404,87438865,82435073,1989440404,1987438865,1982435073,1989,44,0404,1987,43,8865,1982,43,5073,0,0
89PE01858,89440405,88439786,85437024,1989440405,1988439786,1985437024,1989,44,0405,1988,43,9786,1985,43,7024,0,0
89PE01859,89440406,88439786,85437024,1989440406,1988439786,1985437024,1989,44,0406,1988,43,9786,1985,43,7024,0,0
89PE01860,89440407,88439786,83435634,1989440407,1988439786,1983435634,1989,44,0407,1988,43,9786,1983,43,5634,0,0
89PE01861,89440408,88439786,83435634,1989440408,1988439786,1983435634,1989,44,0408,1988,43,9786,1983,43,5634,0,0
89PE01862,89440409,88439786,83435634,1989440409,1988439786,1983435634,1989,44,0409,1988,43,9786,1983,43,5634,0,0
89PE01863,89440410,87438897,83435692,1989440410,1987438897,1983435692,1989,44,0410,1987,43,8897,1983,43,5692,0,0
89PE01864,89440411,87438897,83435692,1989440411,1987438897,1983435692,1989,44,0411,1987,43,8897,1983,43,5692,0,0
89PE01865,89440412,87438792,86437750,1989440412,1987438792,1986437750,1989,44,0412,1987,43,8792,1986,43,7750,0,0
89PE01866,89440413,88439468,83436200,1989440413,1988439468,1983436200,1989,44,0413,1988,43,9468,1983,43,6200,0,0
89PE01867,89440414,88439468,83436200,1989440414,1988439468,1983436200,1989,44,0414,1988,43,9468,1983,43,6200,0,0
89PE01868,89440415,88439450,87438829,1989440415,1988439450,1987438829,1989,44,0415,1988,43,9450,1987,43,8829,0,0
89PE01869,89440416,88439450,87438829,1989440416,1988439450,1987438829,1989,44,0416,1988,43,9450,1987,43,8829,0,0
89PE01870,89440417,87439072,84436806,1989440417,1987439072,1984436806,1989,44,0417,1987,43,9072,1984,43,6806,0,0
89PE01871,89440418,87439177,84436911,1989440418,1987439177,1984436911,1989,44,0418,1987,43,9177,1984,43,6911,0,0
89PE01872,89440419,87438938,87438611,1989440419,1987438938,1987438611,1989,44,0419,1987,43,8938,1987,43,8611,0,0
89PE01873,89440420,87439177,83436308,1989440420,1987439177,1983436308,1989,44,0420,1987,43,9177,1983,43,6308,0,0
89PE01874,89440421,87439177,83436308,1989440421,1987439177,1983436308,1989,44,0421,1987,43,9177,1983,43,6308,0,0
89PE01875,89440422,88439581,85437581,1989440422,1988439581,1985437581,1989,44,0422,1988,43,9581,1985,43,7581,0,0
89PE01876,89440423,88439581,85437581,1989440423,1988439581,1985437581,1989,44,0423,1988,43,9581,1985,43,7581,0,0
89PE01877,89440424,88439468,84436685,1989440424,1988439468,1984436685,1989,44,0424,1988,43,9468,1984,43,6685,0,0
89PE01878,89440425,87438538,87438689,1989440425,1987438538,1987438689,1989,44,0425,1987,43,8538,1987,43,8689,0,0
89PE01879,89440426,87438928,85437514,1989440426,1987438928,1985437514,1989,44,0426,1987,43,8928,1985,43,7514,0,0
89PE01880,89440427,87438928,85437514,1989440427,1987438928,1985437514,1989,44,0427,1987,43,8928,1985,43,7514,0,0
89PE01881,89440428,87438928,85437514,1989440428,1987438928,1985437514,1989,44,0428,1987,43,8928,1985,43,7514,0,0
89PE01882,89440429,88439786,83435823,1989440429,1988439786,1983435823,1989,44,0429,1988,43,9786,1983,43,5823,0,0
89PE01883,89440430,88439786,83435823,1989440430,1988439786,1983435823,1989,44,0430,1988,43,9786,1983,43,5823,0,0
89PE01884,89440431,88439581,86438063,1989440431,1988439581,1986438063,1989,44,0431,1988,43,9581,1986,43,8063,0,0
89PE01885,89440432,88439581,86438063,1989440432,1988439581,1986438063,1989,44,0432,1988,43,9581,1986,43,8063,0,0
89PE01886,89440433,88439581,85437466,1989440433,1988439581,1985437466,1989,44,0433,1988,43,9581,1985,43,7466,0,0
89PE01887,89440434,87438888,88440113,1989440434,1987438888,1988440113,1989,44,0434,1987,43,8888,1988,44,0113,0,0
89PE01888,89440435,88439581,83435648,1989440435,1988439581,1983435648,1989,44,0435,1988,43,9581,1983,43,5648,0,0
89PE01889,89440436,88439581,83435648,1989440436,1988439581,1983435648,1989,44,0436,1988,43,9581,1983,43,5648,0,0
89PE01890,89440437,87439250,83435745,1989440437,1987439250,1983435745,1989,44,0437,1987,43,9250,1983,43,5745,0,0
89PE01891,89440438,87439250,83435745,1989440438,1987439250,1983435745,1989,44,0438,1987,43,9250,1983,43,5745,0,0
89PE01892,89440439,87438722,86437703,1989440439,1987438722,1986437703,1989,44,0439,1987,43,8722,1986,43,7703,0,0
89PE01893,89440440,88439581,87438839,1989440440,1988439581,1987438839,1989,44,0440,1988,43,9581,1987,43,8839,0,0
89PE01894,89440441,87438806,85437610,1989440441,1987438806,1985437610,1989,44,0441,1987,43,8806,1985,43,7610,0,0
89PE01895,89440442,88439468,84436864,1989440442,1988439468,1984436864,1989,44,0442,1988,43,9468,1984,43,6864,0,0
89PE01896,89440443,88439468,84436864,1989440443,1988439468,1984436864,1989,44,0443,1988,43,9468,1984,43,6864,0,0
89PE01897,89440444,87439072,86437792,1989440444,1987439072,1986437792,1989,44,0444,1987,43,9072,1986,43,7792,0,0
89PE01898,89440445,87439072,86437792,1989440445,1987439072,1986437792,1989,44,0445,1987,43,9072,1986,43,7792,0,0
89PE01899,89440446,87438792,87438862,1989440446,1987438792,1987438862,1989,44,0446,1987,43,8792,1987,43,8862,0,0
89PE01900,89440447,88439450,87439207,1989440447,1988439450,1987439207,1989,44,0447,1988,43,9450,1987,43,9207,0,0
89PE01901,89440448,87438938,86437864,1989440448,1987438938,1986437864,1989,44,0448,1987,43,8938,1986,43,7864,0,0
89PE01902,89440449,87439177,85437441,1989440449,1987439177,1985437441,1989,44,0449,1987,43,9177,1985,43,7441,0,0
89PE01903,89440450,87438928,84436380,1989440450,1987438928,1984436380,1989,44,0450,1987,43,8928,1984,43,6380,0,0
89PE01904,89440451,87438928,84436380,1989440451,1987438928,1984436380,1989,44,0451,1987,43,8928,1984,43,6380,0,0
89PE01905,89440452,88439468,86437881,1989440452,1988439468,1986437881,1989,44,0452,1988,43,9468,1986,43,7881,0,0
89PE01906,89440453,88439468,86437881,1989440453,1988439468,1986437881,1989,44,0453,1988,43,9468,1986,43,7881,0,0
89PE01907,89440454,88439581,84436518,1989440454,1988439581,1984436518,1989,44,0454,1988,43,9581,1984,43,6518,0,0
89PE01908,89440455,88439581,84436518,1989440455,1988439581,1984436518,1989,44,0455,1988,43,9581,1984,43,6518,0,0
89PE01909,89440456,88439581,84436518,1989440456,1988439581,1984436518,1989,44,0456,1988,43,9581,1984,43,6518,0,0
89PE01910,89440457,87438865,83436175,1989440457,1987438865,1983436175,1989,44,0457,1987,43,8865,1983,43,6175,0,0
89PE01911,89440458,87438865,83436175,1989440458,1987438865,1983436175,1989,44,0458,1987,43,8865,1983,43,6175,0,0
89PE01912,89440459,88439786,84436801,1989440459,1988439786,1984436801,1989,44,0459,1988,43,9786,1984,43,6801,0,0
89PE01913,89440460,88439786,84436801,1989440460,1988439786,1984436801,1989,44,0460,1988,43,9786,1984,43,6801,0,0
89PE01914,89440461,87438664,87439248,1989440461,1987438664,1987439248,1989,44,0461,1987,43,8664,1987,43,9248,0,0
89PE01915,89440462,87438664,87439248,1989440462,1987438664,1987439248,1989,44,0462,1987,43,8664,1987,43,9248,0,0
89PE01916,89440463,87439028,87439322,1989440463,1987439028,1987439322,1989,44,0463,1987,43,9028,1987,43,9322,0,0
89PE01917,89440464,87438765,87439290,1989440464,1987438765,1987439290,1989,44,0464,1987,43,8765,1987,43,9290,0,0
89PE01918,89440465,88439786,85437449,1989440465,1988439786,1985437449,1989,44,0465,1988,43,9786,1985,43,7449,0,0
89PE01919,89440466,87439001,83436285,1989440466,1987439001,1983436285,1989,44,0466,1987,43,9001,1983,43,6285,0,0
89PE01920,89440467,87439001,83436285,1989440467,1987439001,1983436285,1989,44,0467,1987,43,9001,1983,43,6285,0,0
89PE01921,89440468,87438664,87439287,1989440468,1987438664,1987439287,1989,44,0468,1987,43,8664,1987,43,9287,0,0
89PE01922,89440469,87438664,87439287,1989440469,1987438664,1987439287,1989,44,0469,1987,43,8664,1987,43,9287,0,0
89PE01923,89440470,87438664,83435675,1989440470,1987438664,1983435675,1989,44,0470,1987,43,8664,1983,43,5675,0,0
89PE01924,89440471,87438664,83435675,1989440471,1987438664,1983435675,1989,44,0471,1987,43,8664,1983,43,5675,0,0
89PE01925,89440472,87438765,87438727,1989440472,1987438765,1987438727,1989,44,0472,1987,43,8765,1987,43,8727,0,0
89PE01926,89440473,87438765,87438727,1989440473,1987438765,1987438727,1989,44,0473,1987,43,8765,1987,43,8727,0,0
89PE01927,89440474,87439028,87438745,1989440474,1987439028,1987438745,1989,44,0474,1987,43,9028,1987,43,8745,0,0
89PE01928,89440475,88439581,86437788,1989440475,1988439581,1986437788,1989,44,0475,1988,43,9581,1986,43,7788,0,0
89PE01929,89440476,87438722,82434911,1989440476,1987438722,1982434911,1989,44,0476,1987,43,8722,1982,43,4911,0,0
89PE01930,89440477,88439468,84436364,1989440477,1988439468,1984436364,1989,44,0477,1988,43,9468,1984,43,6364,0,0
89PE01931,89440478,88439468,84436364,1989440478,1988439468,1984436364,1989,44,0478,1988,43,9468,1984,43,6364,0,0
89PE01932,89440479,88439786,85437025,1989440479,1988439786,1985437025,1989,44,0479,1988,43,9786,1985,43,7025,0,0
89PE01933,89440480,87438538,87438788,1989440480,1987438538,1987438788,1989,44,0480,1987,43,8538,1987,43,8788,0,0
89PE01934,89440481,87438666,85437276,1989440481,1987438666,1985437276,1989,44,0481,1987,43,8666,1985,43,7276,0,0
89PE01935,89440482,87438666,85437276,1989440482,1987438666,1985437276,1989,44,0482,1987,43,8666,1985,43,7276,0,0
89PE01936,89440483,88439786,84436425,1989440483,1988439786,1984436425,1989,44,0483,1988,43,9786,1984,43,6425,0,0
89PE01937,89440484,88439786,84436425,1989440484,1988439786,1984436425,1989,44,0484,1988,43,9786,1984,43,6425,0,0
89PE01938,89440485,88439786,86437916,1989440485,1988439786,1986437916,1989,44,0485,1988,43,9786,1986,43,7916,0,0
89PE01939,89440486,88439786,86437916,1989440486,1988439786,1986437916,1989,44,0486,1988,43,9786,1986,43,7916,0,0
89PE01940,89440487,87439001,86437808,1989440487,1987439001,1986437808,1989,44,0487,1987,43,9001,1986,43,7808,0,0
89PE01941,89440488,87439001,86437808,1989440488,1987439001,1986437808,1989,44,0488,1987,43,9001,1986,43,7808,0,0
89PE01942,89440489,87438664,87438610,1989440489,1987438664,1987438610,1989,44,0489,1987,43,8664,1987,43,8610,0,0
89PE01943,89440490,87438865,85437324,1989440490,1987438865,1985437324,1989,44,0490,1987,43,8865,1985,43,7324,0,0
89PE01944,89440491,87438865,85437324,1989440491,1987438865,1985437324,1989,44,0491,1987,43,8865,1985,43,7324,0,0
89PE01945,89440492,87438664,86437906,1989440492,1987438664,1986437906,1989,44,0492,1987,43,8664,1986,43,7906,0,0
89PE01946,89440493,87438897,84436506,1989440493,1987438897,1984436506,1989,44,0493,1987,43,8897,1984,43,6506,0,0
89PE01947,89440494,87438538,86437880,1989440494,1987438538,1986437880,1989,44,0494,1987,43,8538,1986,43,7880,0,0
89PE01948,89440495,88439450,82435074,1989440495,1988439450,1982435074,1989,44,0495,1988,43,9450,1982,43,5074,0,0
89PE01949,89440496,88439450,82435074,1989440496,1988439450,1982435074,1989,44,0496,1988,43,9450,1982,43,5074,0,0
89PE01950,89440497,88439581,84436428,1989440497,1988439581,1984436428,1989,44,0497,1988,43,9581,1984,43,6428,0,0
89PE01951,89440498,88439450,83435539,1989440498,1988439450,1983435539,1989,44,0498,1988,43,9450,1983,43,5539,0,0
89PE01952,89440499,88439450,83435539,1989440499,1988439450,1983435539,1989,44,0499,1988,43,9450,1983,43,5539,0,0
89PE01953,89440500,88439468,85437370,1989440500,1988439468,1985437370,1989,44,0500,1988,43,9468,1985,43,7370,0,0
89PE01954,89440501,88439468,85437370,1989440501,1988439468,1985437370,1989,44,0501,1988,43,9468,1985,43,7370,0,0
89PE01955,89440502,88439468,85437370,1989440502,1988439468,1985437370,1989,44,0502,1988,43,9468,1985,43,7370,0,0
89PE01956,89440503,88439581,87438797,1989440503,1988439581,1987438797,1989,44,0503,1988,43,9581,1987,43,8797,0,0
89PE01957,89440504,88439581,87438797,1989440504,1988439581,1987438797,1989,44,0504,1988,43,9581,1987,43,8797,0,0
89PE01958,89440505,88439581,87438797,1989440505,1988439581,1987438797,1989,44,0505,1988,43,9581,1987,43,8797,0,0
89PE01959,89440506,87438928,85437041,1989440506,1987438928,1985437041,1989,44,0506,1987,43,8928,1985,43,7041,0,0
89PE01960,89440507,87438928,85437041,1989440507,1987438928,1985437041,1989,44,0507,1987,43,8928,1985,43,7041,0,0
89PE01961,89440508,87438666,83435592,1989440508,1987438666,1983435592,1989,44,0508,1987,43,8666,1983,43,5592,0,0
89PE01962,89440509,87438666,83435592,1989440509,1987438666,1983435592,1989,44,0509,1987,43,8666,1983,43,5592,0,0
89PE01963,89440510,87438666,87438571,1989440510,1987438666,1987438571,1989,44,0510,1987,43,8666,1987,43,8571,0,0
89PE01964,89440511,87438666,87438571,1989440511,1987438666,1987438571,1989,44,0511,1987,43,8666,1987,43,8571,0,0
89PE01965,89440512,88439468,87438658,1989440512,1988439468,1987438658,1989,44,0512,1988,43,9468,1987,43,8658,0,0
89PE01966,89440513,88439468,87438658,1989440513,1988439468,1987438658,1989,44,0513,1988,43,9468,1987,43,8658,0,0
89PE01967,89440514,87438938,85436955,1989440514,1987438938,1985436955,1989,44,0514,1987,43,8938,1985,43,6955,0,0
89PE01968,89440515,88439786,86437782,1989440515,1988439786,1986437782,1989,44,0515,1988,43,9786,1986,43,7782,0,0
89PE01969,89440516,88439786,86437782,1989440516,1988439786,1986437782,1989,44,0516,1988,43,9786,1986,43,7782,0,0
89PE01970,89440517,87438928,82435341,1989440517,1987438928,1982435341,1989,44,0517,1987,43,8928,1982,43,5341,0,0
89PE01971,89440518,87438928,82435341,1989440518,1987438928,1982435341,1989,44,0518,1987,43,8928,1982,43,5341,0,0
89PE01972,89440519,88439786,86438265,1989440519,1988439786,1986438265,1989,44,0519,1988,43,9786,1986,43,8265,0,0
89PE01973,89440520,88439786,86438265,1989440520,1988439786,1986438265,1989,44,0520,1988,43,9786,1986,43,8265,0,0
89PE01974,89440521,87438763,86438283,1989440521,1987438763,1986438283,1989,44,0521,1987,43,8763,1986,43,8283,0,0
89PE01975,89440522,87438763,86438283,1989440522,1987438763,1986438283,1989,44,0522,1987,43,8763,1986,43,8283,0,0
89PE01976,89440523,87438888,88439398,1989440523,1987438888,1988439398,1989,44,0523,1987,43,8888,1988,43,9398,0,0
89PE01977,89440524,87438888,88439398,1989440524,1987438888,1988439398,1989,44,0524,1987,43,8888,1988,43,9398,0,0
89PE01978,89440525,87438570,88439567,1989440525,1987438570,1988439567,1989,44,0525,1987,43,8570,1988,43,9567,0,0
89PE01979,89440526,87438853,87439280,1989440526,1987438853,1987439280,1989,44,0526,1987,43,8853,1987,43,9280,0,0
89PE01980,89440527,87438928,86438006,1989440527,1987438928,1986438006,1989,44,0527,1987,43,8928,1986,43,8006,0,0
89PE01981,89440528,87438928,86438006,1989440528,1987438928,1986438006,1989,44,0528,1987,43,8928,1986,43,8006,0,0
89PE01982,89440529,88439581,87438889,1989440529,1988439581,1987438889,1989,44,0529,1988,43,9581,1987,43,8889,0,0
89PE01983,89440530,88439581,87438889,1989440530,1988439581,1987438889,1989,44,0530,1988,43,9581,1987,43,8889,0,0
89PE01984,89440531,87438938,82435254,1989440531,1987438938,1982435254,1989,44,0531,1987,43,8938,1982,43,5254,0,0
89PE01985,89440532,87438664,86438218,1989440532,1987438664,1986438218,1989,44,0532,1987,43,8664,1986,43,8218,0,0
89PE01986,89440533,87438538,84436334,1989440533,1987438538,1984436334,1989,44,0533,1987,43,8538,1984,43,6334,0,0
89PE01987,89440534,87438538,84436334,1989440534,1987438538,1984436334,1989,44,0534,1987,43,8538,1984,43,6334,0,0
89PE01988,89440535,87438722,85437301,1989440535,1987438722,1985437301,1989,44,0535,1987,43,8722,1985,43,7301,0,0
89PE01989,89440536,87438897,86438061,1989440536,1987438897,1986438061,1989,44,0536,1987,43,8897,1986,43,8061,0,0
89PE01990,89440537,87438888,88439433,1989440537,1987438888,1988439433,1989,44,0537,1987,43,8888,1988,43,9433,0,0
89PE01991,89440538,87438570,88439856,1989440538,1987438570,1988439856,1989,44,0538,1987,43,8570,1988,43,9856,0,0
89PE01992,89440539,87438666,87438595,1989440539,1987438666,1987438595,1989,44,0539,1987,43,8666,1987,43,8595,0,0
89PE01993,89440540,87438664,86438015,1989440540,1987438664,1986438015,1989,44,0540,1987,43,8664,1986,43,8015,0,0
89PE01994,89440541,87438792,87438630,1989440541,1987438792,1987438630,1989,44,0541,1987,43,8792,1987,43,8630,0,0
89PE01995,89440542,87438570,88439408,1989440542,1987438570,1988439408,1989,44,0542,1987,43,8570,1988,43,9408,0,0
89PE01996,89440543,87438570,88439408,1989440543,1987438570,1988439408,1989,44,0543,1987,43,8570,1988,43,9408,0,0
89PE01997,89440544,88439581,84436346,1989440544,1988439581,1984436346,1989,44,0544,1988,43,9581,1984,43,6346,0,0
89PE01998,89440545,88439581,84436346,1989440545,1988439581,1984436346,1989,44,0545,1988,43,9581,1984,43,6346,0,0
89PE01999,89440546,87438722,83435867,1989440546,1987438722,1983435867,1989,44,0546,1987,43,8722,1983,43,5867,0,0
89PE02000,89440547,87438722,83435867,1989440547,1987438722,1983435867,1989,44,0547,1987,43,8722,1983,43,5867,0,0
89PE02001,89440548,88439450,86438260,1989440548,1988439450,1986438260,1989,44,0548,1988,43,9450,1986,43,8260,0,0
89PE02002,89440549,88439786,84436583,1989440549,1988439786,1984436583,1989,44,0549,1988,43,9786,1984,43,6583,0,0
89PE02003,89440550,88439786,84436583,1989440550,1988439786,1984436583,1989,44,0550,1988,43,9786,1984,43,6583,0,0
89PE02004,89440551,88439786,84436583,1989440551,1988439786,1984436583,1989,44,0551,1988,43,9786,1984,43,6583,0,0
89PE02005,89440552,87439250,85437165,1989440552,1987439250,1985437165,1989,44,0552,1987,43,9250,1985,43,7165,0,0
89PE02006,89440553,87439250,85437165,1989440553,1987439250,1985437165,1989,44,0553,1987,43,9250,1985,43,7165,0,0
89PE02007,89440554,87439250,86438098,1989440554,1987439250,1986438098,1989,44,0554,1987,43,9250,1986,43,8098,0,0
89PE02008,89440555,87438570,88439754,1989440555,1987438570,1988439754,1989,44,0555,1987,43,8570,1988,43,9754,0,0
89PE02009,89440556,88439581,85437159,1989440556,1988439581,1985437159,1989,44,0556,1988,43,9581,1985,43,7159,0,0
89PE02010,89440557,87438664,87438772,1989440557,1987438664,1987438772,1989,44,0557,1987,43,8664,1987,43,8772,0,0
89PE02011,89440558,87438664,82435259,1989440558,1987438664,1982435259,1989,44,0558,1987,43,8664,1982,43,5259,0,0
89PE02012,89440559,87438664,82435259,1989440559,1987438664,1982435259,1989,44,0559,1987,43,8664,1982,43,5259,0,0
89PE02013,89440560,88439450,87438528,1989440560,1988439450,1987438528,1989,44,0560,1988,43,9450,1987,43,8528,0,0
89PE02014,89440561,87438650,87439336,1989440561,1987438650,1987439336,1989,44,0561,1987,43,8650,1987,43,9336,0,0
89PE02015,89440562,87438650,87439336,1989440562,1987438650,1987439336,1989,44,0562,1987,43,8650,1987,43,9336,0,0
89PE02016,89440563,87438666,87438825,1989440563,1987438666,1987438825,1989,44,0563,1987,43,8666,1987,43,8825,0,0
89PE02017,89440564,87438666,85436997,1989440564,1987438666,1985436997,1989,44,0564,1987,43,8666,1985,43,6997,0,0
89PE02018,89440565,87438666,85436997,1989440565,1987438666,1985436997,1989,44,0565,1987,43,8666,1985,43,6997,0,0
89PE02019,89440566,87438666,85436997,1989440566,1987438666,1985436997,1989,44,0566,1987,43,8666,1985,43,6997,0,0
89PE02020,89440567,87438538,86437927,1989440567,1987438538,1986437927,1989,44,0567,1987,43,8538,1986,43,7927,0,0
89PE02021,89440568,87438765,82435280,1989440568,1987438765,1982435280,1989,44,0568,1987,43,8765,1982,43,5280,0,0
89PE02022,89440569,87438765,82435280,1989440569,1987438765,1982435280,1989,44,0569,1987,43,8765,1982,43,5280,0,0
89PE02023,89440570,87439001,82435177,1989440570,1987439001,1982435177,1989,44,0570,1987,43,9001,1982,43,5177,0,0
89PE02024,89440571,88439468,86437959,1989440571,1988439468,1986437959,1989,44,0571,1988,43,9468,1986,43,7959,0,0
89PE02025,89440572,88439468,86437959,1989440572,1988439468,1986437959,1989,44,0572,1988,43,9468,1986,43,7959,0,0
89PE02026,89440573,87438664,86438506,1989440573,1987438664,1986438506,1989,44,0573,1987,43,8664,1986,43,8506,0,0
89PE02027,89440574,87438664,86438506,1989440574,1987438664,1986438506,1989,44,0574,1987,43,8664,1986,43,8506,0,0
89PE02028,89440575,87438666,82434830,1989440575,1987438666,1982434830,1989,44,0575,1987,43,8666,1982,43,4830,0,0
89PE02029,89440576,87438666,82434830,1989440576,1987438666,1982434830,1989,44,0576,1987,43,8666,1982,43,4830,0,0
89PE02030,89440577,87438765,86437955,1989440577,1987438765,1986437955,1989,44,0577,1987,43,8765,1986,43,7955,0,0
89PE02031,89440578,87438765,86437955,1989440578,1987438765,1986437955,1989,44,0578,1987,43,8765,1986,43,7955,0,0
89PE02032,89440579,87438853,86437870,1989440579,1987438853,1986437870,1989,44,0579,1987,43,8853,1986,43,7870,0,0
89PE02033,89440580,87438538,87439319,1989440580,1987438538,1987439319,1989,44,0580,1987,43,8538,1987,43,9319,0,0
89PE02034,89440581,87438865,86437764,1989440581,1987438865,1986437764,1989,44,0581,1987,43,8865,1986,43,7764,0,0
89PE02035,89440582,87438865,86437764,1989440582,1987438865,1986437764,1989,44,0582,1987,43,8865,1986,43,7764,0,0
89PE02036,89440583,87438865,86437764,1989440583,1987438865,1986437764,1989,44,0583,1987,43,8865,1986,43,7764,0,0
89PE02037,89440584,88439581,83436157,1989440584,1988439581,1983436157,1989,44,0584,1988,43,9581,1983,43,6157,0,0
89PE02038,89440585,88439581,83436157,1989440585,1988439581,1983436157,1989,44,0585,1988,43,9581,1983,43,6157,0,0
89PE02039,89440586,87438666,82435331,1989440586,1987438666,1982435331,1989,44,0586,1987,43,8666,1982,43,5331,0,0
89PE02040,89440587,87438666,82435331,1989440587,1987438666,1982435331,1989,44,0587,1987,43,8666,1982,43,5331,0,0
89PE02041,89440588,87438650,83436217,1989440588,1987438650,1983436217,1989,44,0588,1987,43,8650,1983,43,6217,0,0
89PE02042,89440589,87438650,83436217,1989440589,1987438650,1983436217,1989,44,0589,1987,43,8650,1983,43,6217,0,0
89PE02043,89440590,87438664,86438016,1989440590,1987438664,1986438016,1989,44,0590,1987,43,8664,1986,43,8016,0,0
89PE02044,89440591,87438538,87439105,1989440591,1987438538,1987439105,1989,44,0591,1987,43,8538,1987,43,9105,0,0
89PE02045,89440592,87438538,87439105,1989440592,1987438538,1987439105,1989,44,0592,1987,43,8538,1987,43,9105,0,0
89PE02046,89440593,87438650,85437176,1989440593,1987438650,1985437176,1989,44,0593,1987,43,8650,1985,43,7176,0,0
89PE02047,89440594,87438650,85437176,1989440594,1987438650,1985437176,1989,44,0594,1987,43,8650,1985,43,7176,0,0
89PE02048,89440595,87438570,88440086,1989440595,1987438570,1988440086,1989,44,0595,1987,43,8570,1988,44,0086,0,0
89PE02049,89440596,87438664,82435238,1989440596,1987438664,1982435238,1989,44,0596,1987,43,8664,1982,43,5238,0,0
89PE02050,89440597,87438664,82435238,1989440597,1987438664,1982435238,1989,44,0597,1987,43,8664,1982,43,5238,0,0
89PE02051,89440598,87438664,82435238,1989440598,1987438664,1982435238,1989,44,0598,1987,43,8664,1982,43,5238,0,0
89PE02052,89440599,87438792,83436198,1989440599,1987438792,1983436198,1989,44,0599,1987,43,8792,1983,43,6198,0,0
89PE02053,89440600,87438792,83436198,1989440600,1987438792,1983436198,1989,44,0600,1987,43,8792,1983,43,6198,0,0
89PE02054,89440601,87438650,84436666,1989440601,1987438650,1984436666,1989,44,0601,1987,43,8650,1984,43,6666,0,0
89PE02055,89440602,87438650,84436666,1989440602,1987438650,1984436666,1989,44,0602,1987,43,8650,1984,43,6666,0,0
89PE02056,89440603,87438650,84436666,1989440603,1987438650,1984436666,1989,44,0603,1987,43,8650,1984,43,6666,0,0
89PE02057,89440604,87438664,82435127,1989440604,1987438664,1982435127,1989,44,0604,1987,43,8664,1982,43,5127,0,0
89PE02058,89440605,87438664,82435127,1989440605,1987438664,1982435127,1989,44,0605,1987,43,8664,1982,43,5127,0,0
89PE02059,89440606,87438538,86437963,1989440606,1987438538,1986437963,1989,44,0606,1987,43,8538,1986,43,7963,0,0
89PE02060,89440607,87438538,86437963,1989440607,1987438538,1986437963,1989,44,0607,1987,43,8538,1986,43,7963,0,0
89PE02061,89440608,87438792,87438998,1989440608,1987438792,1987438998,1989,44,0608,1987,43,8792,1987,43,8998,0,0
89PE02062,89440609,87438792,87438998,1989440609,1987438792,1987438998,1989,44,0609,1987,43,8792,1987,43,8998,0,0
89PE02063,89440610,87438666,85437553,1989440610,1987438666,1985437553,1989,44,0610,1987,43,8666,1985,43,7553,0,0
89PE02064,89440611,87438666,85437553,1989440611,1987438666,1985437553,1989,44,0611,1987,43,8666,1985,43,7553,0,0
89PE02065,89440612,87438651,88439413,1989440612,1987438651,1988439413,1989,44,0612,1987,43,8651,1988,43,9413,0,0
89PE02066,89440613,87438666,85437312,1989440613,1987438666,1985437312,1989,44,0613,1987,43,8666,1985,43,7312,0,0
89PE02067,89440614,87438666,85437312,1989440614,1987438666,1985437312,1989,44,0614,1987,43,8666,1985,43,7312,0,0
89PE02068,89440615,88439786,85437587,1989440615,1988439786,1985437587,1989,44,0615,1988,43,9786,1985,43,7587,0,0
89PE02069,89440616,88439786,85437587,1989440616,1988439786,1985437587,1989,44,0616,1988,43,9786,1985,43,7587,0,0
89PE02070,89440617,87438666,83435822,1989440617,1987438666,1983435822,1989,44,0617,1987,43,8666,1983,43,5822,0,0
89PE02071,89440618,87438650,87438913,1989440618,1987438650,1987438913,1989,44,0618,1987,43,8650,1987,43,8913,0,0
89PE02072,89440619,87438792,86438052,1989440619,1987438792,1986438052,1989,44,0619,1987,43,8792,1986,43,8052,0,0
89PE02073,89440620,87438792,86438052,1989440620,1987438792,1986438052,1989,44,0620,1987,43,8792,1986,43,8052,0,0
89PE02074,89440621,88439786,87438590,1989440621,1988439786,1987438590,1989,44,0621,1988,43,9786,1987,43,8590,0,0
89PE02075,89440622,87438792,83435504,1989440622,1987438792,1983435504,1989,44,0622,1987,43,8792,1983,43,5504,0,0
89PE02076,89440623,87438792,83435504,1989440623,1987438792,1983435504,1989,44,0623,1987,43,8792,1983,43,5504,0,0
89PE02077,89440624,87438666,86437663,1989440624,1987438666,1986437663,1989,44,0624,1987,43,8666,1986,43,7663,0,0
89PE02078,89440625,87438666,86437663,1989440625,1987438666,1986437663,1989,44,0625,1987,43,8666,1986,43,7663,0,0
89PE02079,89440626,87438664,87438720,1989440626,1987438664,1987438720,1989,44,0626,1987,43,8664,1987,43,8720,0,0
89PE02080,89440627,87438792,86437885,1989440627,1987438792,1986437885,1989,44,0627,1987,43,8792,1986,43,7885,0,0
89PE02081,89440628,87438792,86438108,1989440628,1987438792,1986438108,1989,44,0628,1987,43,8792,1986,43,8108,0,0
89PE02082,89440629,87438792,86438108,1989440629,1987438792,1986438108,1989,44,0629,1987,43,8792,1986,43,8108,0,0
89PE02083,89440630,87438792,86438442,1989440630,1987438792,1986438442,1989,44,0630,1987,43,8792,1986,43,8442,0,0
89PE02084,89440631,87438664,87439373,1989440631,1987438664,1987439373,1989,44,0631,1987,43,8664,1987,43,9373,0,0
89PE02085,89440632,87438664,87439373,1989440632,1987438664,1987439373,1989,44,0632,1987,43,8664,1987,43,9373,0,0
89PE02086,89440633,87438650,82434877,1989440633,1987438650,1982434877,1989,44,0633,1987,43,8650,1982,43,4877,0,0
89PE02087,89440634,87438666,85437553,1989440634,1987438666,1985437553,1989,44,0634,1987,43,8666,1985,43,7553,0,0
89PE02088,89440635,87438538,85437299,1989440635,1987438538,1985437299,1989,44,0635,1987,43,8538,1985,43,7299,0,0
89PE02089,89440636,87438538,85437299,1989440636,1987438538,1985437299,1989,44,0636,1987,43,8538,1985,43,7299,0,0
89PE02090,89440637,87438664,87438682,1989440637,1987438664,1987438682,1989,44,0637,1987,43,8664,1987,43,8682,0,0
89PE02091,89440638,87438664,87438682,1989440638,1987438664,1987438682,1989,44,0638,1987,43,8664,1987,43,8682,0,0
89PE02092,89440639,87438664,87438682,1989440639,1987438664,1987438682,1989,44,0639,1987,43,8664,1987,43,8682,0,0
89PE02093,89440640,87438570,88440142,1989440640,1987438570,1988440142,1989,44,0640,1987,43,8570,1988,44,0142,0,0
89PE02094,89440641,87438664,86438217,1989440641,1987438664,1986438217,1989,44,0641,1987,43,8664,1986,43,8217,0,0
89PE02095,89440642,87438664,86438217,1989440642,1987438664,1986438217,1989,44,0642,1987,43,8664,1986,43,8217,0,0
89PE02096,89440643,87438650,84436879,1989440643,1987438650,1984436879,1989,44,0643,1987,43,8650,1984,43,6879,0,0
89PE02097,89440644,87438650,84436879,1989440644,1987438650,1984436879,1989,44,0644,1987,43,8650,1984,43,6879,0,0
89PE02098,89440645,87438664,86438490,1989440645,1987438664,1986438490,1989,44,0645,1987,43,8664,1986,43,8490,0,0
89PE02099,89440646,87438664,86438490,1989440646,1987438664,1986438490,1989,44,0646,1987,43,8664,1986,43,8490,0,0
89PE02100,89440647,87438666,86437902,1989440647,1987438666,1986437902,1989,44,0647,1987,43,8666,1986,43,7902,0,0
89PE02101,89440648,87438792,86438192,1989440648,1987438792,1986438192,1989,44,0648,1987,43,8792,1986,43,8192,0,0
89PE02102,89440649,87438538,86438109,1989440649,1987438538,1986438109,1989,44,0649,1987,43,8538,1986,43,8109,0,0
89PE02103,89440650,87438664,85437300,1989440650,1987438664,1985437300,1989,44,0650,1987,43,8664,1985,43,7300,0,0
89PE02104,89440651,87438664,85437300,1989440651,1987438664,1985437300,1989,44,0651,1987,43,8664,1985,43,7300,0,0
89PE02105,89440652,87438666,86438073,1989440652,1987438666,1986438073,1989,44,0652,1987,43,8666,1986,43,8073,0,0
89PE02106,89440653,87438664,86438204,1989440653,1987438664,1986438204,1989,44,0653,1987,43,8664,1986,43,8204,0,0
89PE02107,89440654,87438664,86438204,1989440654,1987438664,1986438204,1989,44,0654,1987,43,8664,1986,43,8204,0,0
89PE02108,89440655,87438792,87439337,1989440655,1987438792,1987439337,1989,44,0655,1987,43,8792,1987,43,9337,0,0
89PE02109,89440656,87438538,82435390,1989440656,1987438538,1982435390,1989,44,0656,1987,43,8538,1982,43,5390,0,0
89PE02110,89440657,87438888,88439455,1989440657,1987438888,1988439455,1989,44,0657,1987,43,8888,1988,43,9455,0,0
89PE02111,89440658,87438570,88440061,1989440658,1987438570,1988440061,1989,44,0658,1987,43,8570,1988,44,0061,0,0
89PE02112,89440659,87438666,87438653,1989440659,1987438666,1987438653,1989,44,0659,1987,43,8666,1987,43,8653,0,0
89PE02113,89440660,87438666,87438653,1989440660,1987438666,1987438653,1989,44,0660,1987,43,8666,1987,43,8653,0,0
89PE02114,89440661,87438792,85437484,1989440661,1987438792,1985437484,1989,44,0661,1987,43,8792,1985,43,7484,0,0
89PE02115,89440662,87438792,85437484,1989440662,1987438792,1985437484,1989,44,0662,1987,43,8792,1985,43,7484,0,0
89PE02116,89440663,87438792,85437206,1989440663,1987438792,1985437206,1989,44,0663,1987,43,8792,1985,43,7206,0,0
89PE02117,89440664,87438792,85437206,1989440664,1987438792,1985437206,1989,44,0664,1987,43,8792,1985,43,7206,0,0
89PE02118,89440665,87438664,83435640,1989440665,1987438664,1983435640,1989,44,0665,1987,43,8664,1983,43,5640,0,0
89PE02119,89440666,87438664,83435640,1989440666,1987438664,1983435640,1989,44,0666,1987,43,8664,1983,43,5640,0,0
89PE02120,89440667,87438664,87439122,1989440667,1987438664,1987439122,1989,44,0667,1987,43,8664,1987,43,9122,0,0
89PE02121,89440668,87438664,87439122,1989440668,1987438664,1987439122,1989,44,0668,1987,43,8664,1987,43,9122,0,0
89PE02122,89440669,87438570,88439508,1989440669,1987438570,1988439508,1989,44,0669,1987,43,8570,1988,43,9508,0,0
89PE02123,89440670,87438570,88439508,1989440670,1987438570,1988439508,1989,44,0670,1987,43,8570,1988,43,9508,0,0
89PE02124,89440671,87438888,88440011,1989440671,1987438888,1988440011,1989,44,0671,1987,43,8888,1988,44,0011,0,0
89PE02125,89440672,87438792,85437031,1989440672,1987438792,1985437031,1989,44,0672,1987,43,8792,1985,43,7031,0,0
89PE02126,89440673,87438792,85437031,1989440673,1987438792,1985437031,1989,44,0673,1987,43,8792,1985,43,7031,0,0
89PE02127,89440674,87438664,87439353,1989440674,1987438664,1987439353,1989,44,0674,1987,43,8664,1987,43,9353,0,0
89PE02128,89440675,87438650,86437813,1989440675,1987438650,1986437813,1989,44,0675,1987,43,8650,1986,43,7813,0,0
89PE02129,89440676,87438650,86437813,1989440676,1987438650,1986437813,1989,44,0676,1987,43,8650,1986,43,7813,0,0
89PE02130,89440677,88439581,86437929,1989440677,1988439581,1986437929,1989,44,0677,1988,43,9581,1986,43,7929,0,0
89PE02131,89440678,88439581,86437929,1989440678,1988439581,1986437929,1989,44,0678,1988,43,9581,1986,43,7929,0,0
89PE02132,89440679,87438650,86437928,1989440679,1987438650,1986437928,1989,44,0679,1987,43,8650,1986,43,7928,0,0
89PE02133,89440680,87438664,85436975,1989440680,1987438664,1985436975,1989,44,0680,1987,43,8664,1985,43,6975,0,0
89PE02134,89440681,87438664,85436975,1989440681,1987438664,1985436975,1989,44,0681,1987,43,8664,1985,43,6975,0,0
89PE02135,89440682,87438792,87438758,1989440682,1987438792,1987438758,1989,44,0682,1987,43,8792,1987,43,8758,0,0
89PE02136,89440683,87438650,86438019,1989440683,1987438650,1986438019,1989,44,0683,1987,43,8650,1986,43,8019,0,0
89PE02137,89440684,87438650,86438019,1989440684,1987438650,1986438019,1989,44,0684,1987,43,8650,1986,43,8019,0,0
89PE02138,89440685,87438538,87438568,1989440685,1987438538,1987438568,1989,44,0685,1987,43,8538,1987,43,8568,0,0
89PE02139,89440686,87438664,82435301,1989440686,1987438664,1982435301,1989,44,0686,1987,43,8664,1982,43,5301,0,0
89PE02140,89440687,87438664,82435301,1989440687,1987438664,1982435301,1989,44,0687,1987,43,8664,1982,43,5301,0,0
89PE02141,89440688,87438538,86438131,1989440688,1987438538,1986438131,1989,44,0688,1987,43,8538,1986,43,8131,0,0
89PE02142,89440689,87438538,86438131,1989440689,1987438538,1986438131,1989,44,0689,1987,43,8538,1986,43,8131,0,0
89PE02143,89440690,87438666,87438930,1989440690,1987438666,1987438930,1989,44,0690,1987,43,8666,1987,43,8930,0,0
89PE02144,89440691,87438650,85437497,1989440691,1987438650,1985437497,1989,44,0691,1987,43,8650,1985,43,7497,0,0
89PE02145,89440692,87438650,85437497,1989440692,1987438650,1985437497,1989,44,0692,1987,43,8650,1985,43,7497,0,0
89PE02146,89440693,87438538,83436103,1989440693,1987438538,1983436103,1989,44,0693,1987,43,8538,1983,43,6103,0,0
89PE02147,89440694,87438666,86437798,1989440694,1987438666,1986437798,1989,44,0694,1987,43,8666,1986,43,7798,0,0
89PE02148,89440695,87438792,86437894,1989440695,1987438792,1986437894,1989,44,0695,1987,43,8792,1986,43,7894,0,0
89PE02149,89440696,87438792,86437894,1989440696,1987438792,1986437894,1989,44,0696,1987,43,8792,1986,43,7894,0,0
89PE02150,89440697,87438666,82435231,1989440697,1987438666,1982435231,1989,44,0697,1987,43,8666,1982,43,5231,0,0
89PE02151,89440698,87438666,82435231,1989440698,1987438666,1982435231,1989,44,0698,1987,43,8666,1982,43,5231,0,0
89PE02152,89440699,87438538,84436485,1989440699,1987438538,1984436485,1989,44,0699,1987,43,8538,1984,43,6485,0,0
89PE02153,89440700,87438538,84436485,1989440700,1987438538,1984436485,1989,44,0700,1987,43,8538,1984,43,6485,0,0
89PE02154,89440701,87438664,86438069,1989440701,1987438664,1986438069,1989,44,0701,1987,43,8664,1986,43,8069,0,0
89PE02155,89440702,87438792,83435606,1989440702,1987438792,1983435606,1989,44,0702,1987,43,8792,1983,43,5606,0,0
89PE02156,89440703,87438792,83435606,1989440703,1987438792,1983435606,1989,44,0703,1987,43,8792,1983,43,5606,0,0
89PE02157,89440704,87438650,87438789,1989440704,1987438650,1987438789,1989,44,0704,1987,43,8650,1987,43,8789,0,0
89PE02158,89440705,87438888,88439831,1989440705,1987438888,1988439831,1989,44,0705,1987,43,8888,1988,43,9831,0,0
89PE02159,89440706,87438570,88439710,1989440706,1987438570,1988439710,1989,44,0706,1987,43,8570,1988,43,9710,0,0
89PE02160,89440707,87438666,85437137,1989440707,1987438666,1985437137,1989,44,0707,1987,43,8666,1985,43,7137,0,0
89PE02161,89440708,87438666,85437137,1989440708,1987438666,1985437137,1989,44,0708,1987,43,8666,1985,43,7137,0,0
89PE02162,89440709,87438664,86438465,1989440709,1987438664,1986438465,1989,44,0709,1987,43,8664,1986,43,8465,0,0
89PE02163,89440710,87438538,81434064,1989440710,1987438538,1981434064,1989,44,0710,1987,43,8538,1981,43,4064,0,0
89PE02164,89440711,87438650,85437310,1989440711,1987438650,1985437310,1989,44,0711,1987,43,8650,1985,43,7310,0,0
89PE02165,89440712,87438650,85437310,1989440712,1987438650,1985437310,1989,44,0712,1987,43,8650,1985,43,7310,0,0
89PE02166,89440713,87438650,87439149,1989440713,1987438650,1987439149,1989,44,0713,1987,43,8650,1987,43,9149,0,0
89PE02167,89440714,87438888,88439448,1989440714,1987438888,1988439448,1989,44,0714,1987,43,8888,1988,43,9448,0,0
89PE02168,89440715,87438651,88439933,1989440715,1987438651,1988439933,1989,44,0715,1987,43,8651,1988,43,9933,0,0
89PE02169,89440716,87438792,86437994,1989440716,1987438792,1986437994,1989,44,0716,1987,43,8792,1986,43,7994,0,0
89PE02170,89440717,87438792,86437994,1989440717,1987438792,1986437994,1989,44,0717,1987,43,8792,1986,43,7994,0,0
89PE02171,89440718,87438666,83436077,1989440718,1987438666,1983436077,1989,44,0718,1987,43,8666,1983,43,6077,0,0
89PE02172,89440719,87438666,83436077,1989440719,1987438666,1983436077,1989,44,0719,1987,43,8666,1983,43,6077,0,0
89PE02173,89440720,87438538,86437876,1989440720,1987438538,1986437876,1989,44,0720,1987,43,8538,1986,43,7876,0,0
89PE02174,89440721,88439468,86438389,1989440721,1988439468,1986438389,1989,44,0721,1988,43,9468,1986,43,8389,0,0
89PE02175,89440722,88439468,86438389,1989440722,1988439468,1986438389,1989,44,0722,1988,43,9468,1986,43,8389,0,0
89PE02176,89440723,87438664,87439091,1989440723,1987438664,1987439091,1989,44,0723,1987,43,8664,1987,43,9091,0,0
89PE02177,89440724,87438792,82435013,1989440724,1987438792,1982435013,1989,44,0724,1987,43,8792,1982,43,5013,0,0
89PE02178,89440725,87438650,87438969,1989440725,1987438650,1987438969,1989,44,0725,1987,43,8650,1987,43,8969,0,0
89PE02179,89440726,87438650,85436941,1989440726,1987438650,1985436941,1989,44,0726,1987,43,8650,1985,43,6941,0,0
89PE02180,89440727,87438650,85436941,1989440727,1987438650,1985436941,1989,44,0727,1987,43,8650,1985,43,6941,0,0
89PE02181,89440728,87438650,84436387,1989440728,1987438650,1984436387,1989,44,0728,1987,43,8650,1984,43,6387,0,0
89PE02182,89440729,87438650,84436387,1989440729,1987438650,1984436387,1989,44,0729,1987,43,8650,1984,43,6387,0,0
89PE02183,89440730,87438538,85437131,1989440730,1987438538,1985437131,1989,44,0730,1987,43,8538,1985,43,7131,0,0
89PE02184,89440731,87438538,85437131,1989440731,1987438538,1985437131,1989,44,0731,1987,43,8538,1985,43,7131,0,0
89PE02185,89440732,87439177,87439203,1989440732,1987439177,1987439203,1989,44,0732,1987,43,9177,1987,43,9203,0,0
89PE02186,89440733,87438792,84436673,1989440733,1987438792,1984436673,1989,44,0733,1987,43,8792,1984,43,6673,0,0
89PE02187,89440734,87438538,86438039,1989440734,1987438538,1986438039,1989,44,0734,1987,43,8538,1986,43,8039,0,0
89PE02188,89440735,87438651,88439473,1989440735,1987438651,1988439473,1989,44,0735,1987,43,8651,1988,43,9473,0,0
89PE02189,89440736,87438888,88439542,1989440736,1987438888,1988439542,1989,44,0736,1987,43,8888,1988,43,9542,0,0
89PE02190,89440737,87438888,88439542,1989440737,1987438888,1988439542,1989,44,0737,1987,43,8888,1988,43,9542,0,0
89PE02191,89440738,87438666,86437989,1989440738,1987438666,1986437989,1989,44,0738,1987,43,8666,1986,43,7989,0,0
89PE02192,89440739,87438666,86437989,1989440739,1987438666,1986437989,1989,44,0739,1987,43,8666,1986,43,7989,0,0
89PE02193,89440740,88439786,87438798,1989440740,1988439786,1987438798,1989,44,0740,1988,43,9786,1987,43,8798,0,0
89PE02194,89440741,88439786,87438798,1989440741,1988439786,1987438798,1989,44,0741,1988,43,9786,1987,43,8798,0,0
89PE02195,89440742,87438763,84436766,1989440742,1987438763,1984436766,1989,44,0742,1987,43,8763,1984,43,6766,0,0
89PE02196,89440743,87438763,84436766,1989440743,1987438763,1984436766,1989,44,0743,1987,43,8763,1984,43,6766,0,0
89PE02197,89440744,87438763,84436766,1989440744,1987438763,1984436766,1989,44,0744,1987,43,8763,1984,43,6766,0,0
89PE02198,89440745,87439072,87438550,1989440745,1987439072,1987438550,1989,44,0745,1987,43,9072,1987,43,8550,0,0
89PE02199,89440746,87439072,87438550,1989440746,1987439072,1987438550,1989,44,0746,1987,43,9072,1987,43,8550,0,0
89PE02200,89440747,87438792,82435042,1989440747,1987438792,1982435042,1989,44,0747,1987,43,8792,1982,43,5042,0,0
89PE02201,89440748,87438792,82435042,1989440748,1987438792,1982435042,1989,44,0748,1987,43,8792,1982,43,5042,0,0
89PE02202,89440749,87438651,88439622,1989440749,1987438651,1988439622,1989,44,0749,1987,43,8651,1988,43,9622,0,0
89PE02203,89440750,87438651,88439622,1989440750,1987438651,1988439622,1989,44,0750,1987,43,8651,1988,43,9622,0,0
89PE02204,89440751,87438650,86437748,1989440751,1987438650,1986437748,1989,44,0751,1987,43,8650,1986,43,7748,0,0
89PE02205,89440752,87438538,86438429,1989440752,1987438538,1986438429,1989,44,0752,1987,43,8538,1986,43,8429,0,0
89PE02206,89440753,87438651,88439732,1989440753,1987438651,1988439732,1989,44,0753,1987,43,8651,1988,43,9732,0,0
89PE02207,89440754,87438570,88439826,1989440754,1987438570,1988439826,1989,44,0754,1987,43,8570,1988,43,9826,0,0
89PE02208,89440755,87438651,88439537,1989440755,1987438651,1988439537,1989,44,0755,1987,43,8651,1988,43,9537,0,0
89PE02209,89440756,88439468,87438864,1989440756,1988439468,1987438864,1989,44,0756,1988,43,9468,1987,43,8864,0,0
89PE02210,89440757,88439468,87438864,1989440757,1988439468,1987438864,1989,44,0757,1988,43,9468,1987,43,8864,0,0
89PE02211,89440758,88439468,83435746,1989440758,1988439468,1983435746,1989,44,0758,1988,43,9468,1983,43,5746,0,0
89PE02212,89440759,88439468,83435746,1989440759,1988439468,1983435746,1989,44,0759,1988,43,9468,1983,43,5746,0,0
89PE02213,89440760,87438888,88439719,1989440760,1987438888,1988439719,1989,44,0760,1987,43,8888,1988,43,9719,0,0
89PE02214,89440761,87438806,87438929,1989440761,1987438806,1987438929,1989,44,0761,1987,43,8806,1987,43,8929,0,0
89PE02215,89440762,87439028,83435499,1989440762,1987439028,1983435499,1989,44,0762,1987,43,9028,1983,43,5499,0,0
89PE02216,89440763,87439028,83435499,1989440763,1987439028,1983435499,1989,44,0763,1987,43,9028,1983,43,5499,0,0
89PE02217,89440764,87438538,87438944,1989440764,1987438538,1987438944,1989,44,0764,1987,43,8538,1987,43,8944,0,0
89PE02218,89440765,88439581,85437325,1989440765,1988439581,1985437325,1989,44,0765,1988,43,9581,1985,43,7325,0,0
89PE02219,89440766,88439581,85437325,1989440766,1988439581,1985437325,1989,44,0766,1988,43,9581,1985,43,7325,0,0
89PE02220,89440767,88439450,86437711,1989440767,1988439450,1986437711,1989,44,0767,1988,43,9450,1986,43,7711,0,0
89PE02221,89440768,88439450,86437711,1989440768,1988439450,1986437711,1989,44,0768,1988,43,9450,1986,43,7711,0,0
89PE02222,89440769,87438570,88439777,1989440769,1987438570,1988439777,1989,44,0769,1987,43,8570,1988,43,9777,0,0
89PE02223,89440770,87438570,88439777,1989440770,1987438570,1988439777,1989,44,0770,1987,43,8570,1988,43,9777,0,0
89PE02224,89440771,87438538,87439311,1989440771,1987438538,1987439311,1989,44,0771,1987,43,8538,1987,43,9311,0,0
89PE02225,89440772,87438538,83436147,1989440772,1987438538,1983436147,1989,44,0772,1987,43,8538,1983,43,6147,0,0
89PE02226,89440773,87438538,83436147,1989440773,1987438538,1983436147,1989,44,0773,1987,43,8538,1983,43,6147,0,0
89PE02227,89440774,87438763,87439020,1989440774,1987438763,1987439020,1989,44,0774,1987,43,8763,1987,43,9020,0,0
89PE02228,89440775,87438763,87439020,1989440775,1987438763,1987439020,1989,44,0775,1987,43,8763,1987,43,9020,0,0
89PE02229,89440776,87438650,83435497,1989440776,1987438650,1983435497,1989,44,0776,1987,43,8650,1983,43,5497,0,0
89PE02230,89440777,88439786,84436341,1989440777,1988439786,1984436341,1989,44,0777,1988,43,9786,1984,43,6341,0,0
89PE02231,89440778,88439786,84436341,1989440778,1988439786,1984436341,1989,44,0778,1988,43,9786,1984,43,6341,0,0
89PE02232,89440779,88439786,87439295,1989440779,1988439786,1987439295,1989,44,0779,1988,43,9786,1987,43,9295,0,0
89PE02233,89440780,88439786,87439295,1989440780,1988439786,1987439295,1989,44,0780,1988,43,9786,1987,43,9295,0,0
89PE02234,89440781,88439450,85437124,1989440781,1988439450,1985437124,1989,44,0781,1988,43,9450,1985,43,7124,0,0
89PE02235,89440782,88439450,85437124,1989440782,1988439450,1985437124,1989,44,0782,1988,43,9450,1985,43,7124,0,0
89PE02236,89440783,87438928,87438731,1989440783,1987438928,1987438731,1989,44,0783,1987,43,8928,1987,43,8731,0,0
89PE02237,89440784,87438928,87438731,1989440784,1987438928,1987438731,1989,44,0784,1987,43,8928,1987,43,8731,0,0
89PE02238,89440785,87438763,83436007,1989440785,1987438763,1983436007,1989,44,0785,1987,43,8763,1983,43,6007,0,0
89PE02239,89440786,87438763,83436007,1989440786,1987438763,1983436007,1989,44,0786,1987,43,8763,1983,43,6007,0,0
89PE02240,89440787,87438538,84436587,1989440787,1987438538,1984436587,1989,44,0787,1987,43,8538,1984,43,6587,0,0
89PE02241,89440788,87438538,84436587,1989440788,1987438538,1984436587,1989,44,0788,1987,43,8538,1984,43,6587,0,0
89PE02242,89440789,88439581,86437828,1989440789,1988439581,1986437828,1989,44,0789,1988,43,9581,1986,43,7828,0,0
89PE02243,89440790,88439581,86437828,1989440790,1988439581,1986437828,1989,44,0790,1988,43,9581,1986,43,7828,0,0
89PE02244,89440791,87438570,88440249,1989440791,1987438570,1988440249,1989,44,0791,1987,43,8570,1988,44,0249,0,0
89PE02245,89440792,87438651,88439510,1989440792,1987438651,1988439510,1989,44,0792,1987,43,8651,1988,43,9510,0,0
89PE02246,89440793,87438538,86438135,1989440793,1987438538,1986438135,1989,44,0793,1987,43,8538,1986,43,8135,0,0
89PE02247,89440794,87438538,86438135,1989440794,1987438538,1986438135,1989,44,0794,1987,43,8538,1986,43,8135,0,0
89PE02248,89440795,87438806,85437262,1989440795,1987438806,1985437262,1989,44,0795,1987,43,8806,1985,43,7262,0,0
89PE02249,89440796,87438806,85437262,1989440796,1987438806,1985437262,1989,44,0796,1987,43,8806,1985,43,7262,0,0
89PE02250,89440797,87438570,88439584,1989440797,1987438570,1988439584,1989,44,0797,1987,43,8570,1988,43,9584,0,0
89PE02251,89440798,87438666,86438059,1989440798,1987438666,1986438059,1989,44,0798,1987,43,8666,1986,43,8059,0,0
89PE02252,89440799,87438666,86438059,1989440799,1987438666,1986438059,1989,44,0799,1987,43,8666,1986,43,8059,0,0
89PE02253,89440800,87438664,85436948,1989440800,1987438664,1985436948,1989,44,0800,1987,43,8664,1985,43,6948,0,0
89PE02254,89440801,87438664,85436948,1989440801,1987438664,1985436948,1989,44,0801,1987,43,8664,1985,43,6948,0,0
89PE02255,89440802,87438666,84436708,1989440802,1987438666,1984436708,1989,44,0802,1987,43,8666,1984,43,6708,0,0
89PE02256,89440803,87438666,84436708,1989440803,1987438666,1984436708,1989,44,0803,1987,43,8666,1984,43,6708,0,0
89PE02257,89440804,87438666,86438245,1989440804,1987438666,1986438245,1989,44,0804,1987,43,8666,1986,43,8245,0,0
89PE02258,89440805,87438666,86438245,1989440805,1987438666,1986438245,1989,44,0805,1987,43,8666,1986,43,8245,0,0
89PE02259,89440806,87438666,86438245,1989440806,1987438666,1986438245,1989,44,0806,1987,43,8666,1986,43,8245,0,0
89PE02260,89440807,87438570,88439540,1989440807,1987438570,1988439540,1989,44,0807,1987,43,8570,1988,43,9540,0,0
89PE02261,89440808,87438651,88439874,1989440808,1987438651,1988439874,1989,44,0808,1987,43,8651,1988,43,9874,0,0
89PE02262,89440809,87438666,87439232,1989440809,1987438666,1987439232,1989,44,0809,1987,43,8666,1987,43,9232,0,0
89PE02263,89440810,87438666,87439232,1989440810,1987438666,1987439232,1989,44,0810,1987,43,8666,1987,43,9232,0,0
89PE02264,89440811,87438763,86437730,1989440811,1987438763,1986437730,1989,44,0811,1987,43,8763,1986,43,7730,0,0
89PE02265,89440812,87438763,86437730,1989440812,1987438763,1986437730,1989,44,0812,1987,43,8763,1986,43,7730,0,0
89PE02266,89440813,88439450,84436732,1989440813,1988439450,1984436732,1989,44,0813,1988,43,9450,1984,43,6732,0,0
89PE02267,89440814,88439450,84436732,1989440814,1988439450,1984436732,1989,44,0814,1988,43,9450,1984,43,6732,0,0
89PE02268,89440815,88439450,84436732,1989440815,1988439450,1984436732,1989,44,0815,1988,43,9450,1984,43,6732,0,0
89PE02269,89440816,88439581,83436256,1989440816,1988439581,1983436256,1989,44,0816,1988,43,9581,1983,43,6256,0,0
89PE02270,89440817,88439581,83436256,1989440817,1988439581,1983436256,1989,44,0817,1988,43,9581,1983,43,6256,0,0
89PE02271,89440818,87438538,87439277,1989440818,1987438538,1987439277,1989,44,0818,1987,43,8538,1987,43,9277,0,0
89PE02272,89440819,87438538,87439277,1989440819,1987438538,1987439277,1989,44,0819,1987,43,8538,1987,43,9277,0,0
89PE02273,89440820,87438664,87439352,1989440820,1987438664,1987439352,1989,44,0820,1987,43,8664,1987,43,9352,0,0
89PE02274,89440821,87438664,87439352,1989440821,1987438664,1987439352,1989,44,0821,1987,43,8664,1987,43,9352,0,0
89PE02275,89440822,87438888,88440105,1989440822,1987438888,1988440105,1989,44,0822,1987,43,8888,1988,44,0105,0,0
89PE02276,89440823,88439786,84436514,1989440823,1988439786,1984436514,1989,44,0823,1988,43,9786,1984,43,6514,0,0
89PE02277,89440824,88439581,87439053,1989440824,1988439581,1987439053,1989,44,0824,1988,43,9581,1987,43,9053,0,0
89PE02278,89440825,88439581,87439053,1989440825,1988439581,1987439053,1989,44,0825,1988,43,9581,1987,43,9053,0,0
89PE02279,89440826,88439581,87439053,1989440826,1988439581,1987439053,1989,44,0826,1988,43,9581,1987,43,9053,0,0
89PE02280,89440827,87438650,87439308,1989440827,1987438650,1987439308,1989,44,0827,1987,43,8650,1987,43,9308,0,0
89PE02281,89440828,87439028,85437539,1989440828,1987439028,1985437539,1989,44,0828,1987,43,9028,1985,43,7539,0,0
89PE02282,89440829,87439028,85437539,1989440829,1987439028,1985437539,1989,44,0829,1987,43,9028,1985,43,7539,0,0
89PE02283,89440830,87438666,87438746,1989440830,1987438666,1987438746,1989,44,0830,1987,43,8666,1987,43,8746,0,0
89PE02284,89440831,87438666,87438746,1989440831,1987438666,1987438746,1989,44,0831,1987,43,8666,1987,43,8746,0,0
89PE02285,89440832,87438570,88439614,1989440832,1987438570,1988439614,1989,44,0832,1987,43,8570,1988,43,9614,0,0
89PE02286,89440833,87439177,86437809,1989440833,1987439177,1986437809,1989,44,0833,1987,43,9177,1986,43,7809,0,0
89PE02287,89440834,87439177,86437809,1989440834,1987439177,1986437809,1989,44,0834,1987,43,9177,1986,43,7809,0,0
89PE02288,89440835,87438666,86438518,1989440835,1987438666,1986438518,1989,44,0835,1987,43,8666,1986,43,8518,0,0
89PE02289,89440836,87438792,86437930,1989440836,1987438792,1986437930,1989,44,0836,1987,43,8792,1986,43,7930,0,0
89PE02290,89440837,87438765,84436343,1989440837,1987438765,1984436343,1989,44,0837,1987,43,8765,1984,43,6343,0,0
89PE02291,89440838,87438765,84436343,1989440838,1987438765,1984436343,1989,44,0838,1987,43,8765,1984,43,6343,0,0
89PE02292,89440839,87438792,86438175,1989440839,1987438792,1986438175,1989,44,0839,1987,43,8792,1986,43,8175,0,0
89PE02293,89440840,87438792,86438175,1989440840,1987438792,1986438175,1989,44,0840,1987,43,8792,1986,43,8175,0,0
89PE02294,89440841,88439786,87438919,1989440841,1988439786,1987438919,1989,44,0841,1988,43,9786,1987,43,8919,0,0
89PE02295,89440842,88439786,87438919,1989440842,1988439786,1987438919,1989,44,0842,1988,43,9786,1987,43,8919,0,0
89PE02296,89440843,88439468,87439331,1989440843,1988439468,1987439331,1989,44,0843,1988,43,9468,1987,43,9331,0,0
89PE02297,89440844,88439468,87439331,1989440844,1988439468,1987439331,1989,44,0844,1988,43,9468,1987,43,9331,0,0
89PE02298,89440845,88439468,87439331,1989440845,1988439468,1987439331,1989,44,0845,1988,43,9468,1987,43,9331,0,0
89PE02299,89440846,88439468,84436521,1989440846,1988439468,1984436521,1989,44,0846,1988,43,9468,1984,43,6521,0,0
89PE02300,89440847,88439468,84436521,1989440847,1988439468,1984436521,1989,44,0847,1988,43,9468,1984,43,6521,0,0
89PE02301,89440848,87438792,84436411,1989440848,1987438792,1984436411,1989,44,0848,1987,43,8792,1984,43,6411,0,0
89PE02302,89440849,87438792,84436411,1989440849,1987438792,1984436411,1989,44,0849,1987,43,8792,1984,43,6411,0,0
89PE02303,89440850,88439786,87439032,1989440850,1988439786,1987439032,1989,44,0850,1988,43,9786,1987,43,9032,0,0
89PE02304,89440851,88439786,87439032,1989440851,1988439786,1987439032,1989,44,0851,1988,43,9786,1987,43,9032,0,0
89PE02305,89440852,87438792,87439013,1989440852,1987438792,1987439013,1989,44,0852,1987,43,8792,1987,43,9013,0,0
89PE02306,89440853,87438666,87439157,1989440853,1987438666,1987439157,1989,44,0853,1987,43,8666,1987,43,9157,0,0
89PE02307,89440854,87438853,84436321,1989440854,1987438853,1984436321,1989,44,0854,1987,43,8853,1984,43,6321,0,0
89PE02308,89440855,87438664,85436951,1989440855,1987438664,1985436951,1989,44,0855,1987,43,8664,1985,43,6951,0,0
89PE02309,89440856,87438664,85436951,1989440856,1987438664,1985436951,1989,44,0856,1987,43,8664,1985,43,6951,0,0
89PE02310,89440857,87438888,88440028,1989440857,1987438888,1988440028,1989,44,0857,1987,43,8888,1988,44,0028,0,0
89PE02311,89440858,87438666,86438427,1989440858,1987438666,1986438427,1989,44,0858,1987,43,8666,1986,43,8427,0,0
89PE02312,89440859,88439468,85437123,1989440859,1988439468,1985437123,1989,44,0859,1988,43,9468,1985,43,7123,0,0
89PE02313,89440860,88439468,85437123,1989440860,1988439468,1985437123,1989,44,0860,1988,43,9468,1985,43,7123,0,0
89PE02314,89440861,87438651,88439583,1989440861,1987438651,1988439583,1989,44,0861,1987,43,8651,1988,43,9583,0,0
89PE02315,89440862,87438651,88439583,1989440862,1987438651,1988439583,1989,44,0862,1987,43,8651,1988,43,9583,0,0
89PE02316,89440863,87438651,88440018,1989440863,1987438651,1988440018,1989,44,0863,1987,43,8651,1988,44,0018,0,0
89PE02317,89440864,88439468,86438210,1989440864,1988439468,1986438210,1989,44,0864,1988,43,9468,1986,43,8210,0,0
89PE02318,89440865,88439468,86438210,1989440865,1988439468,1986438210,1989,44,0865,1988,43,9468,1986,43,8210,0,0
89PE02319,89440866,88439468,86438210,1989440866,1988439468,1986438210,1989,44,0866,1988,43,9468,1986,43,8210,0,0
89PE02320,89440867,88439786,86438042,1989440867,1988439786,1986438042,1989,44,0867,1988,43,9786,1986,43,8042,0,0
89PE02321,89440868,88439786,86438042,1989440868,1988439786,1986438042,1989,44,0868,1988,43,9786,1986,43,8042,0,0
89PE02322,89440869,87439028,86438028,1989440869,1987439028,1986438028,1989,44,0869,1987,43,9028,1986,43,8028,0,0
89PE02323,89440870,87439028,86438028,1989440870,1987439028,1986438028,1989,44,0870,1987,43,9028,1986,43,8028,0,0
89PE02324,89440871,87438888,88439453,1989440871,1987438888,1988439453,1989,44,0871,1987,43,8888,1988,43,9453,0,0
89PE02325,89440872,87438570,88439692,1989440872,1987438570,1988439692,1989,44,0872,1987,43,8570,1988,43,9692,0,0
89PE02326,89440873,88439468,84436315,1989440873,1988439468,1984436315,1989,44,0873,1988,43,9468,1984,43,6315,0,0
89PE02327,89440874,88439468,84436315,1989440874,1988439468,1984436315,1989,44,0874,1988,43,9468,1984,43,6315,0,0
89PE02328,89440875,87438651,88439930,1989440875,1987438651,1988439930,1989,44,0875,1987,43,8651,1988,43,9930,0,0
89PE02329,89440876,87438651,88439930,1989440876,1987438651,1988439930,1989,44,0876,1987,43,8651,1988,43,9930,0,0
89PE02330,89440877,87438666,86438111,1989440877,1987438666,1986438111,1989,44,0877,1987,43,8666,1986,43,8111,0,0
89PE02331,89440878,87438666,86438111,1989440878,1987438666,1986438111,1989,44,0878,1987,43,8666,1986,43,8111,0,0
89PE02332,89440879,87438650,85437012,1989440879,1987438650,1985437012,1989,44,0879,1987,43,8650,1985,43,7012,0,0
89PE02333,89440880,87438650,85437012,1989440880,1987438650,1985437012,1989,44,0880,1987,43,8650,1985,43,7012,0,0
89PE02334,89440881,87438650,86438107,1989440881,1987438650,1986438107,1989,44,0881,1987,43,8650,1986,43,8107,0,0
89PE02335,89440882,87438650,86438107,1989440882,1987438650,1986438107,1989,44,0882,1987,43,8650,1986,43,8107,0,0
89PE02336,89440883,87438650,84436525,1989440883,1987438650,1984436525,1989,44,0883,1987,43,8650,1984,43,6525,0,0
89PE02337,89440884,87438650,84436525,1989440884,1987438650,1984436525,1989,44,0884,1987,43,8650,1984,43,6525,0,0
89PE02338,89440885,87439250,87438923,1989440885,1987439250,1987438923,1989,44,0885,1987,43,9250,1987,43,8923,0,0
89PE02339,89440886,87439250,87438923,1989440886,1987439250,1987438923,1989,44,0886,1987,43,9250,1987,43,8923,0,0
89PE02340,89440887,87438538,84436843,1989440887,1987438538,1984436843,1989,44,0887,1987,43,8538,1984,43,6843,0,0
89PE02341,89440888,87438888,88439463,1989440888,1987438888,1988439463,1989,44,0888,1987,43,8888,1988,43,9463,0,0
89PE02342,89440889,87439028,84436416,1989440889,1987439028,1984436416,1989,44,0889,1987,43,9028,1984,43,6416,0,0
89PE02343,89440890,87439028,84436416,1989440890,1987439028,1984436416,1989,44,0890,1987,43,9028,1984,43,6416,0,0
89PE02344,89440891,87438666,82434797,1989440891,1987438666,1982434797,1989,44,0891,1987,43,8666,1982,43,4797,0,0
89PE02345,89440892,87438651,88439705,1989440892,1987438651,1988439705,1989,44,0892,1987,43,8651,1988,43,9705,0,0
89PE02346,89440893,87438888,88439727,1989440893,1987438888,1988439727,1989,44,0893,1987,43,8888,1988,43,9727,0,0
89PE02347,89440894,87438651,88439735,1989440894,1987438651,1988439735,1989,44,0894,1987,43,8651,1988,43,9735,0,0
89PE02348,89440895,87438853,87438612,1989440895,1987438853,1987438612,1989,44,0895,1987,43,8853,1987,43,8612,0,0
89PE02349,89440896,87438570,88439530,1989440896,1987438570,1988439530,1989,44,0896,1987,43,8570,1988,43,9530,0,0
89PE02350,89440897,87438792,85437349,1989440897,1987438792,1985437349,1989,44,0897,1987,43,8792,1985,43,7349,0,0
89PE02351,89440898,87438792,85437349,1989440898,1987438792,1985437349,1989,44,0898,1987,43,8792,1985,43,7349,0,0
89PE02352,89440899,87438792,87438602,1989440899,1987438792,1987438602,1989,44,0899,1987,43,8792,1987,43,8602,0,0
89PE02353,89440900,87438570,88440072,1989440900,1987438570,1988440072,1989,44,0900,1987,43,8570,1988,44,0072,0,0
89PE02354,89440901,87438666,84436440,1989440901,1987438666,1984436440,1989,44,0901,1987,43,8666,1984,43,6440,0,0
89PE02355,89440902,87438666,84436440,1989440902,1987438666,1984436440,1989,44,0902,1987,43,8666,1984,43,6440,0,0
89PE02356,89440903,87438792,87438585,1989440903,1987438792,1987438585,1989,44,0903,1987,43,8792,1987,43,8585,0,0
89PE02357,89440904,87438792,85437013,1989440904,1987438792,1985437013,1989,44,0904,1987,43,8792,1985,43,7013,0,0
89PE02358,89440905,87438792,85437013,1989440905,1987438792,1985437013,1989,44,0905,1987,43,8792,1985,43,7013,0,0
89PE02359,89440906,87438792,87439156,1989440906,1987438792,1987439156,1989,44,0906,1987,43,8792,1987,43,9156,0,0
89PE02360,89440907,87438792,87439156,1989440907,1987438792,1987439156,1989,44,0907,1987,43,8792,1987,43,9156,0,0
89PE02361,89440908,87438650,87438607,1989440908,1987438650,1987438607,1989,44,0908,1987,43,8650,1987,43,8607,0,0
89PE02362,89440909,87438865,84436775,1989440909,1987438865,1984436775,1989,44,0909,1987,43,8865,1984,43,6775,0,0
89PE02363,89440910,87438650,86438144,1989440910,1987438650,1986438144,1989,44,0910,1987,43,8650,1986,43,8144,0,0
89PE02364,89440911,87438650,86438441,1989440911,1987438650,1986438441,1989,44,0911,1987,43,8650,1986,43,8441,0,0
89PE02365,89440912,87438650,82434889,1989440912,1987438650,1982434889,1989,44,0912,1987,43,8650,1982,43,4889,0,0
89PE02366,89440913,87438650,87438711,1989440913,1987438650,1987438711,1989,44,0913,1987,43,8650,1987,43,8711,0,0
89PE02367,89440914,87438792,84436527,1989440914,1987438792,1984436527,1989,44,0914,1987,43,8792,1984,43,6527,0,0
89PE02368,89440915,87438792,84436527,1989440915,1987438792,1984436527,1989,44,0915,1987,43,8792,1984,43,6527,0,0
89PE02369,89440916,87438792,84436527,1989440916,1987438792,1984436527,1989,44,0916,1987,43,8792,1984,43,6527,0,0
89PE02370,89440917,87438651,88440111,1989440917,1987438651,1988440111,1989,44,0917,1987,43,8651,1988,44,0111,0,0
89PE02371,89440918,87438651,88440111,1989440918,1987438651,1988440111,1989,44,0918,1987,43,8651,1988,44,0111,0,0
89PE02372,89440919,87438651,88439869,1989440919,1987438651,1988439869,1989,44,0919,1987,43,8651,1988,43,9869,0,0
89PE02373,89440920,87438651,88439587,1989440920,1987438651,1988439587,1989,44,0920,1987,43,8651,1988,43,9587,0,0
89PE02374,89440921,87438651,88439587,1989440921,1987438651,1988439587,1989,44,0921,1987,43,8651,1988,43,9587,0,0
89PE02375,89440922,87438651,88439846,1989440922,1987438651,1988439846,1989,44,0922,1987,43,8651,1988,43,9846,0,0
89PE02376,89440923,87438570,88439439,1989440923,1987438570,1988439439,1989,44,0923,1987,43,8570,1988,43,9439,0,0
89PE02377,89440924,87438651,88439765,1989440924,1987438651,1988439765,1989,44,0924,1987,43,8651,1988,43,9765,0,0
89PE02378,89440925,87438570,88439519,1989440925,1987438570,1988439519,1989,44,0925,1987,43,8570,1988,43,9519,0,0
89PE02379,89440926,87438651,88439822,1989440926,1987438651,1988439822,1989,44,0926,1987,43,8651,1988,43,9822,0,0
89PE02380,89440927,87438570,88439774,1989440927,1987438570,1988439774,1989,44,0927,1987,43,8570,1988,43,9774,0,0
89PE02381,89633822,87632675,86632258,1989633822,1987632675,1986632258,1989,63,3822,1987,63,2675,1986,63,2258,0,0
89PE02382,89633823,87632675,86632258,1989633823,1987632675,1986632258,1989,63,3823,1987,63,2675,1986,63,2258,0,0
89PE02383,89633824,88633645,87632949,1989633824,1988633645,1987632949,1989,63,3824,1988,63,3645,1987,63,2949,0,0
89PE02384,89633825,87632782,83630230,1989633825,1987632782,1983630230,1989,63,3825,1987,63,2782,1983,63,0230,0,0
89PE02385,89633826,88633645,85631496,1989633826,1988633645,1985631496,1989,63,3826,1988,63,3645,1985,63,1496,0,0
89PE02386,89633827,88633645,85631496,1989633827,1988633645,1985631496,1989,63,3827,1988,63,3645,1985,63,1496,0,0
89PE02387,89633828,88633281,83630252,1989633828,1988633281,1983630252,1989,63,3828,1988,63,3281,1983,63,0252,0,0
89PE02388,89633829,88633281,83630252,1989633829,1988633281,1983630252,1989,63,3829,1988,63,3281,1983,63,0252,0,0
89PE02389,89633830,88633220,83630533,1989633830,1988633220,1983630533,1989,63,3830,1988,63,3220,1983,63,0533,0,0
89PE02390,89633831,88633220,83630533,1989633831,1988633220,1983630533,1989,63,3831,1988,63,3220,1983,63,0533,0,0
89PE02391,89633832,87632726,82630121,1989633832,1987632726,1982630121,1989,63,3832,1987,63,2726,1982,63,0121,0,0
89PE02392,89633833,87632726,82630121,1989633833,1987632726,1982630121,1989,63,3833,1987,63,2726,1982,63,0121,0,0
89PE02393,89633834,87632712,83630201,1989633834,1987632712,1983630201,1989,63,3834,1987,63,2712,1983,63,0201,0,0
89PE02394,89633835,87632854,87632417,1989633835,1987632854,1987632417,1989,63,3835,1987,63,2854,1987,63,2417,0,0
89PE02395,89633836,87632854,87632417,1989633836,1987632854,1987632417,1989,63,3836,1987,63,2854,1987,63,2417,0,0
89PE02396,89633837,87632735,85631664,1989633837,1987632735,1985631664,1989,63,3837,1987,63,2735,1985,63,1664,0,0
89PE02397,89633838,87632726,84630909,1989633838,1987632726,1984630909,1989,63,3838,1987,63,2726,1984,63,0909,0,0
89PE02398,89633839,87632726,84630909,1989633839,1987632726,1984630909,1989,63,3839,1987,63,2726,1984,63,0909,0,0
89PE02399,89633840,87632726,84630909,1989633840,1987632726,1984630909,1989,63,3840,1987,63,2726,1984,63,0909,0,0
89PE02400,89633841,88633220,87632531,1989633841,1988633220,1987632531,1989,63,3841,1988,63,3220,1987,63,2531,0,0
89PE02401,89633842,87632495,87632545,1989633842,1987632495,1987632545,1989,63,3842,1987,63,2495,1987,63,2545,0,0
89PE02402,89633843,87632495,87632545,1989633843,1987632495,1987632545,1989,63,3843,1987,63,2495,1987,63,2545,0,0
89PE02403,89633844,87632854,84631147,1989633844,1987632854,1984631147,1989,63,3844,1987,63,2854,1984,63,1147,0,0
89PE02404,89633845,87632726,87632715,1989633845,1987632726,1987632715,1989,63,3845,1987,63,2726,1987,63,2715,0,0
89PE02405,89633846,87632726,87632715,1989633846,1987632726,1987632715,1989,63,3846,1987,63,2726,1987,63,2715,0,0
89PE02406,89633847,87632712,84630963,1989633847,1987632712,1984630963,1989,63,3847,1987,63,2712,1984,63,0963,0,0
89PE02407,89633848,88633645,86632001,1989633848,1988633645,1986632001,1989,63,3848,1988,63,3645,1986,63,2001,0,0
89PE02408,89633849,88633645,86632001,1989633849,1988633645,1986632001,1989,63,3849,1988,63,3645,1986,63,2001,0,0
89PE02409,89633850,87632854,85631490,1989633850,1987632854,1985631490,1989,63,3850,1987,63,2854,1985,63,1490,0,0
89PE02410,89633851,87632854,85631490,1989633851,1987632854,1985631490,1989,63,3851,1987,63,2854,1985,63,1490,0,0
89PE02411,89633852,88633220,84631042,1989633852,1988633220,1984631042,1989,63,3852,1988,63,3220,1984,63,1042,0,0
89PE02412,89633853,88633281,87632615,1989633853,1988633281,1987632615,1989,63,3853,1988,63,3281,1987,63,2615,0,0
89PE02413,89633854,87632782,84630771,1989633854,1987632782,1984630771,1989,63,3854,1987,63,2782,1984,63,0771,0,0
89PE02414,89633855,87632854,86631950,1989633855,1987632854,1986631950,1989,63,3855,1987,63,2854,1986,63,1950,0,0
89PE02415,89633856,87632735,87632603,1989633856,1987632735,1987632603,1989,63,3856,1987,63,2735,1987,63,2603,0,0
89PE02416,89633857,87632712,87632532,1989633857,1987632712,1987632532,1989,63,3857,1987,63,2712,1987,63,2532,0,0
89PE02417,89633858,87632735,86631884,1989633858,1987632735,1986631884,1989,63,3858,1987,63,2735,1986,63,1884,0,0
89PE02418,89633859,87632735,86631884,1989633859,1987632735,1986631884,1989,63,3859,1987,63,2735,1986,63,1884,0,0
89PE02419,89633860,88633220,86632057,1989633860,1988633220,1986632057,1989,63,3860,1988,63,3220,1986,63,2057,0,0
89PE02420,89633861,88633220,86632057,1989633861,1988633220,1986632057,1989,63,3861,1988,63,3220,1986,63,2057,0,0
89PE02421,89633862,87632735,85631376,1989633862,1987632735,1985631376,1989,63,3862,1987,63,2735,1985,63,1376,0,0
89PE02422,89633863,88633281,85631235,1989633863,1988633281,1985631235,1989,63,3863,1988,63,3281,1985,63,1235,0,0
89PE02423,89633864,88633281,85631235,1989633864,1988633281,1985631235,1989,63,3864,1988,63,3281,1985,63,1235,0,0
89PE02424,89633865,87632675,87632540,1989633865,1987632675,1987632540,1989,63,3865,1987,63,2675,1987,63,2540,0,0
89PE02425,89633866,87632675,86632362,1989633866,1987632675,1986632362,1989,63,3866,1987,63,2675,1986,63,2362,0,0
89PE02426,89633867,87632675,86632362,1989633867,1987632675,1986632362,1989,63,3867,1987,63,2675,1986,63,2362,0,0
89PE02427,89633868,87632735,87632680,1989633868,1987632735,1987632680,1989,63,3868,1987,63,2735,1987,63,2680,0,0
89PE02428,89633869,87632735,87632680,1989633869,1987632735,1987632680,1989,63,3869,1987,63,2735,1987,63,2680,0,0
89PE02429,89633870,88633645,87632508,1989633870,1988633645,1987632508,1989,63,3870,1988,63,3645,1987,63,2508,0,0
89PE02430,89633871,87632854,87632716,1989633871,1987632854,1987632716,1989,63,3871,1987,63,2854,1987,63,2716,0,0
89PE02431,89633872,87632735,87632933,1989633872,1987632735,1987632933,1989,63,3872,1987,63,2735,1987,63,2933,0,0
89PE02432,89633873,88633281,85631759,1989633873,1988633281,1985631759,1989,63,3873,1988,63,3281,1985,63,1759,0,0
89PE02433,89633874,88633281,85631759,1989633874,1988633281,1985631759,1989,63,3874,1988,63,3281,1985,63,1759,0,0
89PE02434,89633875,87632782,83630359,1989633875,1987632782,1983630359,1989,63,3875,1987,63,2782,1983,63,0359,0,0
89PE02435,89633877,88633220,85631303,1989633877,1988633220,1985631303,1989,63,3877,1988,63,3220,1985,63,1303,0,0
89PE02436,89633878,88633645,86632360,1989633878,1988633645,1986632360,1989,63,3878,1988,63,3645,1986,63,2360,0,0
89PE02437,89633879,88633645,86632360,1989633879,1988633645,1986632360,1989,63,3879,1988,63,3645,1986,63,2360,0,0
89PE02438,89633880,87632495,87632669,1989633880,1987632495,1987632669,1989,63,3880,1987,63,2495,1987,63,2669,0,0
89PE02439,89633881,87632675,84631106,1989633881,1987632675,1984631106,1989,63,3881,1987,63,2675,1984,63,1106,0,0
89PE02440,89633882,87632495,85631724,1989633882,1987632495,1985631724,1989,63,3882,1987,63,2495,1985,63,1724,0,0
89PE02441,89633883,87632495,85631724,1989633883,1987632495,1985631724,1989,63,3883,1987,63,2495,1985,63,1724,0,0
89PE02442,89633884,87632854,82629798,1989633884,1987632854,1982629798,1989,63,3884,1987,63,2854,1982,62,9798,0,0
89PE02443,89633885,87632854,82629798,1989633885,1987632854,1982629798,1989,63,3885,1987,63,2854,1982,62,9798,0,0
89PE02444,89633886,88633220,87632945,1989633886,1988633220,1987632945,1989,63,3886,1988,63,3220,1987,63,2945,0,0
89PE02445,89633887,87632854,85631520,1989633887,1987632854,1985631520,1989,63,3887,1987,63,2854,1985,63,1520,0,0
89PE02446,89633888,88633281,83630425,1989633888,1988633281,1983630425,1989,63,3888,1988,63,3281,1983,63,0425,0,0
89PE02447,89633889,88633281,83630425,1989633889,1988633281,1983630425,1989,63,3889,1988,63,3281,1983,63,0425,0,0
89PE02448,89633890,88633281,85631482,1989633890,1988633281,1985631482,1989,63,3890,1988,63,3281,1985,63,1482,0,0
89PE02449,89633891,88633281,85631482,1989633891,1988633281,1985631482,1989,63,3891,1988,63,3281,1985,63,1482,0,0
89PE02450,89633892,87632726,87632497,1989633892,1987632726,1987632497,1989,63,3892,1987,63,2726,1987,63,2497,0,0
89PE02451,89633893,87632735,84630843,1989633893,1987632735,1984630843,1989,63,3893,1987,63,2735,1984,63,0843,0,0
89PE02452,89633894,87632735,84630843,1989633894,1987632735,1984630843,1989,63,3894,1987,63,2735,1984,63,0843,0,0
89PE02453,89633895,87632675,86632197,1989633895,1987632675,1986632197,1989,63,3895,1987,63,2675,1986,63,2197,0,0
89PE02454,89633896,88633645,87632591,1989633896,1988633645,1987632591,1989,63,3896,1988,63,3645,1987,63,2591,0,0
89PE02455,89633897,88633645,87632591,1989633897,1988633645,1987632591,1989,63,3897,1988,63,3645,1987,63,2591,0,0
89PE02456,89633898,88633281,84631047,1989633898,1988633281,1984631047,1989,63,3898,1988,63,3281,1984,63,1047,0,0
89PE02457,89633899,88633281,84631047,1989633899,1988633281,1984631047,1989,63,3899,1988,63,3281,1984,63,1047,0,0
89PE02458,89633900,87632854,82630048,1989633900,1987632854,1982630048,1989,63,3900,1987,63,2854,1982,63,0048,0,0
89PE02459,89633901,88633515,87632438,1989633901,1988633515,1987632438,1989,63,3901,1988,63,3515,1987,63,2438,0,0
89PE02460,89633902,87632782,87632602,1989633902,1987632782,1987632602,1989,63,3902,1987,63,2782,1987,63,2602,0,0
89PE02461,89633903,87632675,83630202,1989633903,1987632675,1983630202,1989,63,3903,1987,63,2675,1983,63,0202,0,0
89PE02462,89633904,87632675,83630202,1989633904,1987632675,1983630202,1989,63,3904,1987,63,2675,1983,63,0202,0,0
89PE02463,89633905,88633220,83630207,1989633905,1988633220,1983630207,1989,63,3905,1988,63,3220,1983,63,0207,0,0
89PE02464,89633906,88633220,83630207,1989633906,1988633220,1983630207,1989,63,3906,1988,63,3220,1983,63,0207,0,0
89PE02465,89633907,88633220,83630207,1989633907,1988633220,1983630207,1989,63,3907,1988,63,3220,1983,63,0207,0,0
89PE02466,89633908,88633281,87632891,1989633908,1988633281,1987632891,1989,63,3908,1988,63,3281,1987,63,2891,0,0
89PE02467,89633909,88633220,85631731,1989633909,1988633220,1985631731,1989,63,3909,1988,63,3220,1985,63,1731,0,0
89PE02468,89633910,87632675,85631366,1989633910,1987632675,1985631366,1989,63,3910,1987,63,2675,1985,63,1366,0,0
89PE02469,89633911,87632675,85631366,1989633911,1987632675,1985631366,1989,63,3911,1987,63,2675,1985,63,1366,0,0
89PE02470,89633912,88633220,87632457,1989633912,1988633220,1987632457,1989,63,3912,1988,63,3220,1987,63,2457,0,0
89PE02471,89633913,87632782,85631604,1989633913,1987632782,1985631604,1989,63,3913,1987,63,2782,1985,63,1604,0,0
89PE02472,89633914,87632726,86632253,1989633914,1987632726,1986632253,1989,63,3914,1987,63,2726,1986,63,2253,0,0
89PE02473,89633915,87632675,85631781,1989633915,1987632675,1985631781,1989,63,3915,1987,63,2675,1985,63,1781,0,0
89PE02474,89633916,87632675,85631781,1989633916,1987632675,1985631781,1989,63,3916,1987,63,2675,1985,63,1781,0,0
89PE02475,89633917,88633220,86631956,1989633917,1988633220,1986631956,1989,63,3917,1988,63,3220,1986,63,1956,0,0
89PE02476,89633918,88633220,84630778,1989633918,1988633220,1984630778,1989,63,3918,1988,63,3220,1984,63,0778,0,0
89PE02477,89633919,88633220,84630778,1989633919,1988633220,1984630778,1989,63,3919,1988,63,3220,1984,63,0778,0,0
89PE02478,89633920,88633515,85631242,1989633920,1988633515,1985631242,1989,63,3920,1988,63,3515,1985,63,1242,0,0
89PE02479,89633921,88633515,85631242,1989633921,1988633515,1985631242,1989,63,3921,1988,63,3515,1985,63,1242,0,0
89PE02480,89633922,88633515,85631729,1989633922,1988633515,1985631729,1989,63,3922,1988,63,3515,1985,63,1729,0,0
89PE02481,89633923,87632726,87633012,1989633923,1987632726,1987633012,1989,63,3923,1987,63,2726,1987,63,3012,0,0
89PE02482,89633924,87632726,87633012,1989633924,1987632726,1987633012,1989,63,3924,1987,63,2726,1987,63,3012,0,0
89PE02483,89633925,87632675,87632464,1989633925,1987632675,1987632464,1989,63,3925,1987,63,2675,1987,63,2464,0,0
89PE02484,89633926,87632675,87632464,1989633926,1987632675,1987632464,1989,63,3926,1987,63,2675,1987,63,2464,0,0
89PE02485,89633927,87632782,87632987,1989633927,1987632782,1987632987,1989,63,3927,1987,63,2782,1987,63,2987,0,0
89PE02486,89633928,87632782,87632987,1989633928,1987632782,1987632987,1989,63,3928,1987,63,2782,1987,63,2987,0,0
89PE02487,89633929,87632963,87632537,1989633929,1987632963,1987632537,1989,63,3929,1987,63,2963,1987,63,2537,0,0
89PE02488,89633930,87632782,87632554,1989633930,1987632782,1987632554,1989,63,3930,1987,63,2782,1987,63,2554,0,0
89PE02489,89633931,87632782,87632554,1989633931,1987632782,1987632554,1989,63,3931,1987,63,2782,1987,63,2554,0,0
89PE02490,89633932,88633220,85631704,1989633932,1988633220,1985631704,1989,63,3932,1988,63,3220,1985,63,1704,0,0
89PE02491,89633933,88633220,85631704,1989633933,1988633220,1985631704,1989,63,3933,1988,63,3220,1985,63,1704,0,0
89PE02492,89633934,88633281,85631719,1989633934,1988633281,1985631719,1989,63,3934,1988,63,3281,1985,63,1719,0,0
89PE02493,89633935,88633281,85631719,1989633935,1988633281,1985631719,1989,63,3935,1988,63,3281,1985,63,1719,0,0
89PE02494,89633936,88633220,86632325,1989633936,1988633220,1986632325,1989,63,3936,1988,63,3220,1986,63,2325,0,0
89PE02495,89633937,88633220,86632325,1989633937,1988633220,1986632325,1989,63,3937,1988,63,3220,1986,63,2325,0,0
89PE02496,89633938,88633220,86632325,1989633938,1988633220,1986632325,1989,63,3938,1988,63,3220,1986,63,2325,0,0
89PE02497,89633939,88633645,83630617,1989633939,1988633645,1983630617,1989,63,3939,1988,63,3645,1983,63,0617,0,0
89PE02498,89633940,88633645,85631404,1989633940,1988633645,1985631404,1989,63,3940,1988,63,3645,1985,63,1404,0,0
89PE02499,89633941,88633220,85631741,1989633941,1988633220,1985631741,1989,63,3941,1988,63,3220,1985,63,1741,0,0
89PE02500,89633942,88633220,85631741,1989633942,1988633220,1985631741,1989,63,3942,1988,63,3220,1985,63,1741,0,0
89PE02501,89633943,87632782,86632123,1989633943,1987632782,1986632123,1989,63,3943,1987,63,2782,1986,63,2123,0,0
89PE02502,89633944,87632854,87632448,1989633944,1987632854,1987632448,1989,63,3944,1987,63,2854,1987,63,2448,0,0
89PE02503,89633945,87632726,83630373,1989633945,1987632726,1983630373,1989,63,3945,1987,63,2726,1983,63,0373,0,0
89PE02504,89633946,87632726,83630373,1989633946,1987632726,1983630373,1989,63,3946,1987,63,2726,1983,63,0373,0,0
89PE02505,89633947,87632675,86632406,1989633947,1987632675,1986632406,1989,63,3947,1987,63,2675,1986,63,2406,0,0
89PE02506,89633948,87632675,86632406,1989633948,1987632675,1986632406,1989,63,3948,1987,63,2675,1986,63,2406,0,0
89PE02507,89633949,87632854,83630713,1989633949,1987632854,1983630713,1989,63,3949,1987,63,2854,1983,63,0713,0,0
89PE02508,89633950,88633515,86632228,1989633950,1988633515,1986632228,1989,63,3950,1988,63,3515,1986,63,2228,0,0
89PE02509,89633951,88633515,86632228,1989633951,1988633515,1986632228,1989,63,3951,1988,63,3515,1986,63,2228,0,0
89PE02510,89633952,88633515,83630409,1989633952,1988633515,1983630409,1989,63,3952,1988,63,3515,1983,63,0409,0,0
89PE02511,89633953,88633515,83630409,1989633953,1988633515,1983630409,1989,63,3953,1988,63,3515,1983,63,0409,0,0
89PE02512,89633954,88633515,83630409,1989633954,1988633515,1983630409,1989,63,3954,1988,63,3515,1983,63,0409,0,0
89PE02513,89633955,87632495,87632521,1989633955,1987632495,1987632521,1989,63,3955,1987,63,2495,1987,63,2521,0,0
89PE02514,89633956,87632495,87632521,1989633956,1987632495,1987632521,1989,63,3956,1987,63,2495,1987,63,2521,0,0
89PE02515,89633957,87632963,85631591,1989633957,1987632963,1985631591,1989,63,3957,1987,63,2963,1985,63,1591,0,0
89PE02516,89633958,87632782,84631122,1989633958,1987632782,1984631122,1989,63,3958,1987,63,2782,1984,63,1122,0,0
89PE02517,89633959,87632782,84631122,1989633959,1987632782,1984631122,1989,63,3959,1987,63,2782,1984,63,1122,0,0
89PE02518,89633960,88633645,86632405,1989633960,1988633645,1986632405,1989,63,3960,1988,63,3645,1986,63,2405,0,0
89PE02519,89633961,88633515,83630183,1989633961,1988633515,1983630183,1989,63,3961,1988,63,3515,1983,63,0183,0,0
89PE02520,89633962,88633515,83630183,1989633962,1988633515,1983630183,1989,63,3962,1988,63,3515,1983,63,0183,0,0
89PE02521,89633963,87632854,86632117,1989633963,1987632854,1986632117,1989,63,3963,1987,63,2854,1986,63,2117,0,0
89PE02522,89633964,87632854,86632117,1989633964,1987632854,1986632117,1989,63,3964,1987,63,2854,1986,63,2117,0,0
89PE02523,89633965,87632675,86631812,1989633965,1987632675,1986631812,1989,63,3965,1987,63,2675,1986,63,1812,0,0
89PE02524,89633966,87632675,86631812,1989633966,1987632675,1986631812,1989,63,3966,1987,63,2675,1986,63,1812,0,0
89PE02525,89633967,87632735,84630922,1989633967,1987632735,1984630922,1989,63,3967,1987,63,2735,1984,63,0922,0,0
89PE02526,89633968,87632726,85631313,1989633968,1987632726,1985631313,1989,63,3968,1987,63,2726,1985,63,1313,0,0
89PE02527,89633969,87632612,88633403,1989633969,1987632612,1988633403,1989,63,3969,1987,63,2612,1988,63,3403,0,0
89PE02528,89633970,88633220,85631533,1989633970,1988633220,1985631533,1989,63,3970,1988,63,3220,1985,63,1533,0,0
89PE02529,89633971,88633220,85631533,1989633971,1988633220,1985631533,1989,63,3971,1988,63,3220,1985,63,1533,0,0
89PE02530,89633972,87632782,84630912,1989633972,1987632782,1984630912,1989,63,3972,1987,63,2782,1984,63,0912,0,0
89PE02531,89633973,88633515,85631702,1989633973,1988633515,1985631702,1989,63,3973,1988,63,3515,1985,63,1702,0,0
89PE02532,89633974,88633515,85631702,1989633974,1988633515,1985631702,1989,63,3974,1988,63,3515,1985,63,1702,0,0
89PE02533,89633975,87632495,86631924,1989633975,1987632495,1986631924,1989,63,3975,1987,63,2495,1986,63,1924,0,0
89PE02534,89633976,87632495,86631924,1989633976,1987632495,1986631924,1989,63,3976,1987,63,2495,1986,63,1924,0,0
89PE02535,89633977,87632495,82630164,1989633977,1987632495,1982630164,1989,63,3977,1987,63,2495,1982,63,0164,0,0
89PE02536,89633978,87632495,82630164,1989633978,1987632495,1982630164,1989,63,3978,1987,63,2495,1982,63,0164,0,0
89PE02537,89633979,87632782,86632099,1989633979,1987632782,1986632099,1989,63,3979,1987,63,2782,1986,63,2099,0,0
89PE02538,89633980,87632735,85631567,1989633980,1987632735,1985631567,1989,63,3980,1987,63,2735,1985,63,1567,0,0
89PE02539,89633981,87632735,85631567,1989633981,1987632735,1985631567,1989,63,3981,1987,63,2735,1985,63,1567,0,0
89PE02540,89633982,87632782,86632407,1989633982,1987632782,1986632407,1989,63,3982,1987,63,2782,1986,63,2407,0,0
89PE02541,89633983,87632782,86632407,1989633983,1987632782,1986632407,1989,63,3983,1987,63,2782,1986,63,2407,0,0
89PE02542,89633984,87632782,86631919,1989633984,1987632782,1986631919,1989,63,3984,1987,63,2782,1986,63,1919,0,0
89PE02543,89633985,87632782,86631919,1989633985,1987632782,1986631919,1989,63,3985,1987,63,2782,1986,63,1919,0,0
89PE02544,89633986,88633515,87632574,1989633986,1988633515,1987632574,1989,63,3986,1988,63,3515,1987,63,2574,0,0
89PE02545,89633987,88633515,87632574,1989633987,1988633515,1987632574,1989,63,3987,1988,63,3515,1987,63,2574,0,0
89PE02546,89633988,87632726,86631949,1989633988,1987632726,1986631949,1989,63,3988,1987,63,2726,1986,63,1949,0,0
89PE02547,89633989,87632726,86631949,1989633989,1987632726,1986631949,1989,63,3989,1987,63,2726,1986,63,1949,0,0
89PE02548,89633990,87632612,88633203,1989633990,1987632612,1988633203,1989,63,3990,1987,63,2612,1988,63,3203,0,0
89PE02549,89633991,87632735,86631951,1989633991,1987632735,1986631951,1989,63,3991,1987,63,2735,1986,63,1951,0,0
89PE02550,89633992,88633281,84631137,1989633992,1988633281,1984631137,1989,63,3992,1988,63,3281,1984,63,1137,0,0
89PE02551,89633993,88633645,87632619,1989633993,1988633645,1987632619,1989,63,3993,1988,63,3645,1987,63,2619,0,0
89PE02552,89633994,87632735,85631636,1989633994,1987632735,1985631636,1989,63,3994,1987,63,2735,1985,63,1636,0,0
89PE02553,89633995,87632735,85631636,1989633995,1987632735,1985631636,1989,63,3995,1987,63,2735,1985,63,1636,0,0
89PE02554,89633996,87632675,85631582,1989633996,1987632675,1985631582,1989,63,3996,1987,63,2675,1985,63,1582,0,0
89PE02555,89633997,87632675,85631582,1989633997,1987632675,1985631582,1989,63,3997,1987,63,2675,1985,63,1582,0,0
89PE02556,89633998,87632675,85631582,1989633998,1987632675,1985631582,1989,63,3998,1987,63,2675,1985,63,1582,0,0
89PE02557,89633999,87632854,86632203,1989633999,1987632854,1986632203,1989,63,3999,1987,63,2854,1986,63,2203,0,0
89PE02558,89634000,87632854,86632203,1989634000,1987632854,1986632203,1989,63,4000,1987,63,2854,1986,63,2203,0,0
89PE02559,89634001,87632854,87632599,1989634001,1987632854,1987632599,1989,63,4001,1987,63,2854,1987,63,2599,0,0
89PE02560,89634002,88633281,86631852,1989634002,1988633281,1986631852,1989,63,4002,1988,63,3281,1986,63,1852,0,0
89PE02561,89634003,88633281,86631852,1989634003,1988633281,1986631852,1989,63,4003,1988,63,3281,1986,63,1852,0,0
89PE02562,89634004,88633281,87632552,1989634004,1988633281,1987632552,1989,63,4004,1988,63,3281,1987,63,2552,0,0
89PE02563,89634005,88633281,87632552,1989634005,1988633281,1987632552,1989,63,4005,1988,63,3281,1987,63,2552,0,0
89PE02564,89634006,87632735,86632219,1989634006,1987632735,1986632219,1989,63,4006,1987,63,2735,1986,63,2219,0,0
89PE02565,89634007,87632735,86632219,1989634007,1987632735,1986632219,1989,63,4007,1987,63,2735,1986,63,2219,0,0
89PE02566,89634008,87632735,87632427,1989634008,1987632735,1987632427,1989,63,4008,1987,63,2735,1987,63,2427,0,0
89PE02567,89634009,87632735,87632427,1989634009,1987632735,1987632427,1989,63,4009,1987,63,2735,1987,63,2427,0,0
89PE02568,89634010,88633281,82630179,1989634010,1988633281,1982630179,1989,63,4010,1988,63,3281,1982,63,0179,0,0
89PE02569,89634011,88633645,83630428,1989634011,1988633645,1983630428,1989,63,4011,1988,63,3645,1983,63,0428,0,0
89PE02570,89634012,88633645,83630428,1989634012,1988633645,1983630428,1989,63,4012,1988,63,3645,1983,63,0428,0,0
89PE02571,89634013,87632782,87632505,1989634013,1987632782,1987632505,1989,63,4013,1987,63,2782,1987,63,2505,0,0
89PE02572,89634014,88633281,86632403,1989634014,1988633281,1986632403,1989,63,4014,1988,63,3281,1986,63,2403,0,0
89PE02573,89634015,88633515,86632005,1989634015,1988633515,1986632005,1989,63,4015,1988,63,3515,1986,63,2005,0,0
89PE02574,89634016,88633515,86632005,1989634016,1988633515,1986632005,1989,63,4016,1988,63,3515,1986,63,2005,0,0
89PE02575,89634017,87632495,83630522,1989634017,1987632495,1983630522,1989,63,4017,1987,63,2495,1983,63,0522,0,0
89PE02576,89634018,87632495,83630522,1989634018,1987632495,1983630522,1989,63,4018,1987,63,2495,1983,63,0522,0,0
89PE02577,89634019,87632782,87632702,1989634019,1987632782,1987632702,1989,63,4019,1987,63,2782,1987,63,2702,0,0
89PE02578,89634020,88633281,84630999,1989634020,1988633281,1984630999,1989,63,4020,1988,63,3281,1984,63,0999,0,0
89PE02579,89634021,88633281,84630999,1989634021,1988633281,1984630999,1989,63,4021,1988,63,3281,1984,63,0999,0,0
89PE02580,89634022,87632726,85631516,1989634022,1987632726,1985631516,1989,63,4022,1987,63,2726,1985,63,1516,0,0
89PE02581,89634023,87632726,85631253,1989634023,1987632726,1985631253,1989,63,4023,1987,63,2726,1985,63,1253,0,0
89PE02582,89634024,87632854,87632685,1989634024,1987632854,1987632685,1989,63,4024,1987,63,2854,1987,63,2685,0,0
89PE02583,89634025,87632854,87632685,1989634025,1987632854,1987632685,1989,63,4025,1987,63,2854,1987,63,2685,0,0
89PE02584,89634026,87632963,85631271,1989634026,1987632963,1985631271,1989,63,4026,1987,63,2963,1985,63,1271,0,0
89PE02585,89634027,87632963,85631271,1989634027,1987632963,1985631271,1989,63,4027,1987,63,2963,1985,63,1271,0,0
89PE02586,89634028,87632854,86632042,1989634028,1987632854,1986632042,1989,63,4028,1987,63,2854,1986,63,2042,0,0
89PE02587,89634029,87632854,86632042,1989634029,1987632854,1986632042,1989,63,4029,1987,63,2854,1986,63,2042,0,0
89PE02588,89634030,87632675,87632705,1989634030,1987632675,1987632705,1989,63,4030,1987,63,2675,1987,63,2705,0,0
89PE02589,89634031,87632854,85631555,1989634031,1987632854,1985631555,1989,63,4031,1987,63,2854,1985,63,1555,0,0
89PE02590,89634032,87632854,85631555,1989634032,1987632854,1985631555,1989,63,4032,1987,63,2854,1985,63,1555,0,0
89PE02591,89634033,88633645,83630212,1989634033,1988633645,1983630212,1989,63,4033,1988,63,3645,1983,63,0212,0,0
89PE02592,89634034,88633645,83630212,1989634034,1988633645,1983630212,1989,63,4034,1988,63,3645,1983,63,0212,0,0
89PE02593,89634035,87632612,88633117,1989634035,1987632612,1988633117,1989,63,4035,1987,63,2612,1988,63,3117,0,0
89PE02594,89634036,87632735,85631536,1989634036,1987632735,1985631536,1989,63,4036,1987,63,2735,1985,63,1536,0,0
89PE02595,89634037,87632782,86632364,1989634037,1987632782,1986632364,1989,63,4037,1987,63,2782,1986,63,2364,0,0
89PE02596,89634038,87632495,86631939,1989634038,1987632495,1986631939,1989,63,4038,1987,63,2495,1986,63,1939,0,0
89PE02597,89634039,88633281,83630541,1989634039,1988633281,1983630541,1989,63,4039,1988,63,3281,1983,63,0541,0,0
89PE02598,89634040,87632963,86632271,1989634040,1987632963,1986632271,1989,63,4040,1987,63,2963,1986,63,2271,0,0
89PE02599,89634041,88633645,84631203,1989634041,1988633645,1984631203,1989,63,4041,1988,63,3645,1984,63,1203,0,0
89PE02600,89634042,88633645,84631203,1989634042,1988633645,1984631203,1989,63,4042,1988,63,3645,1984,63,1203,0,0
89PE02601,89634043,87632726,87632995,1989634043,1987632726,1987632995,1989,63,4043,1987,63,2726,1987,63,2995,0,0
89PE02602,89634044,87632726,87632995,1989634044,1987632726,1987632995,1989,63,4044,1987,63,2726,1987,63,2995,0,0
89PE02603,89634045,88633515,87632514,1989634045,1988633515,1987632514,1989,63,4045,1988,63,3515,1987,63,2514,0,0
89PE02604,89634046,87632504,88633604,1989634046,1987632504,1988633604,1989,63,4046,1987,63,2504,1988,63,3604,0,0
89PE02605,89634047,87632675,87632798,1989634047,1987632675,1987632798,1989,63,4047,1987,63,2675,1987,63,2798,0,0
89PE02606,89634048,87632712,87632482,1989634048,1987632712,1987632482,1989,63,4048,1987,63,2712,1987,63,2482,0,0
89PE02607,89634049,87632712,87632482,1989634049,1987632712,1987632482,1989,63,4049,1987,63,2712,1987,63,2482,0,0
89PE02608,89634050,87632495,84631141,1989634050,1987632495,1984631141,1989,63,4050,1987,63,2495,1984,63,1141,0,0
89PE02609,89634051,87632495,84631141,1989634051,1987632495,1984631141,1989,63,4051,1987,63,2495,1984,63,1141,0,0
89PE02610,89634052,87632854,86631883,1989634052,1987632854,1986631883,1989,63,4052,1987,63,2854,1986,63,1883,0,0
89PE02611,89634053,87632854,86631883,1989634053,1987632854,1986631883,1989,63,4053,1987,63,2854,1986,63,1883,0,0
89PE02612,89634054,88633515,85631405,1989634054,1988633515,1985631405,1989,63,4054,1988,63,3515,1985,63,1405,0,0
89PE02613,89634055,88633515,85631405,1989634055,1988633515,1985631405,1989,63,4055,1988,63,3515,1985,63,1405,0,0
89PE02614,89634056,88633515,85631501,1989634056,1988633515,1985631501,1989,63,4056,1988,63,3515,1985,63,1501,0,0
89PE02615,89634057,88633515,85631501,1989634057,1988633515,1985631501,1989,63,4057,1988,63,3515,1985,63,1501,0,0
89PE02616,89634058,88633645,87632733,1989634058,1988633645,1987632733,1989,63,4058,1988,63,3645,1987,63,2733,0,0
89PE02617,89634059,88633645,87632733,1989634059,1988633645,1987632733,1989,63,4059,1988,63,3645,1987,63,2733,0,0
89PE02618,89634060,88633220,87632958,1989634060,1988633220,1987632958,1989,63,4060,1988,63,3220,1987,63,2958,0,0
89PE02619,89634061,88633281,85631333,1989634061,1988633281,1985631333,1989,63,4061,1988,63,3281,1985,63,1333,0,0
89PE02620,89634062,87632963,85631421,1989634062,1987632963,1985631421,1989,63,4062,1987,63,2963,1985,63,1421,0,0
89PE02621,89634063,87632963,85631421,1989634063,1987632963,1985631421,1989,63,4063,1987,63,2963,1985,63,1421,0,0
89PE02622,89634064,87632495,84630948,1989634064,1987632495,1984630948,1989,63,4064,1987,63,2495,1984,63,0948,0,0
89PE02623,89634065,88633220,83630300,1989634065,1988633220,1983630300,1989,63,4065,1988,63,3220,1983,63,0300,0,0
89PE02624,89634066,87632782,86632232,1989634066,1987632782,1986632232,1989,63,4066,1987,63,2782,1986,63,2232,0,0
89PE02625,89634067,87632782,86632232,1989634067,1987632782,1986632232,1989,63,4067,1987,63,2782,1986,63,2232,0,0
89PE02626,89634068,87632726,87632792,1989634068,1987632726,1987632792,1989,63,4068,1987,63,2726,1987,63,2792,0,0
89PE02627,89634069,87632726,87632792,1989634069,1987632726,1987632792,1989,63,4069,1987,63,2726,1987,63,2792,0,0
89PE02628,89634070,87632854,82630041,1989634070,1987632854,1982630041,1989,63,4070,1987,63,2854,1982,63,0041,0,0
89PE02629,89634071,87632854,82630041,1989634071,1987632854,1982630041,1989,63,4071,1987,63,2854,1982,63,0041,0,0
89PE02630,89634072,88633645,86632145,1989634072,1988633645,1986632145,1989,63,4072,1988,63,3645,1986,63,2145,0,0
89PE02631,89634073,87632854,86632374,1989634073,1987632854,1986632374,1989,63,4073,1987,63,2854,1986,63,2374,0,0
89PE02632,89634074,88633645,84630945,1989634074,1988633645,1984630945,1989,63,4074,1988,63,3645,1984,63,0945,0,0
89PE02633,89634075,88633645,84630945,1989634075,1988633645,1984630945,1989,63,4075,1988,63,3645,1984,63,0945,0,0
89PE02634,89634076,87632612,88633671,1989634076,1987632612,1988633671,1989,63,4076,1987,63,2612,1988,63,3671,0,0
89PE02635,89634077,87632854,84630998,1989634077,1987632854,1984630998,1989,63,4077,1987,63,2854,1984,63,0998,0,0
89PE02636,89634078,87632854,84630998,1989634078,1987632854,1984630998,1989,63,4078,1987,63,2854,1984,63,0998,0,0
89PE02637,89634079,88633645,85631768,1989634079,1988633645,1985631768,1989,63,4079,1988,63,3645,1985,63,1768,0,0
89PE02638,89634080,88633645,85631768,1989634080,1988633645,1985631768,1989,63,4080,1988,63,3645,1985,63,1768,0,0
89PE02639,89634081,88633645,85631768,1989634081,1988633645,1985631768,1989,63,4081,1988,63,3645,1985,63,1768,0,0
89PE02640,89634082,87632735,83630433,1989634082,1987632735,1983630433,1989,63,4082,1987,63,2735,1983,63,0433,0,0
89PE02641,89634083,87632712,87632453,1989634083,1987632712,1987632453,1989,63,4083,1987,63,2712,1987,63,2453,0,0
89PE02642,89634084,88633220,87632613,1989634084,1988633220,1987632613,1989,63,4084,1988,63,3220,1987,63,2613,0,0
89PE02643,89634085,87632735,87632461,1989634085,1987632735,1987632461,1989,63,4085,1987,63,2735,1987,63,2461,0,0
89PE02644,89634086,87632495,83630443,1989634086,1987632495,1983630443,1989,63,4086,1987,63,2495,1983,63,0443,0,0
89PE02645,89634087,87632726,86632337,1989634087,1987632726,1986632337,1989,63,4087,1987,63,2726,1986,63,2337,0,0
89PE02646,89634088,87632726,86632337,1989634088,1987632726,1986632337,1989,63,4088,1987,63,2726,1986,63,2337,0,0
89PE02647,89634089,88633645,84631152,1989634089,1988633645,1984631152,1989,63,4089,1988,63,3645,1984,63,1152,0,0
89PE02648,89634090,88633515,86632077,1989634090,1988633515,1986632077,1989,63,4090,1988,63,3515,1986,63,2077,0,0
89PE02649,89634091,88633515,86632077,1989634091,1988633515,1986632077,1989,63,4091,1988,63,3515,1986,63,2077,0,0
89PE02650,89634092,87632495,84631005,1989634092,1987632495,1984631005,1989,63,4092,1987,63,2495,1984,63,1005,0,0
89PE02651,89634093,88633220,86631809,1989634093,1988633220,1986631809,1989,63,4093,1988,63,3220,1986,63,1809,0,0
89PE02652,89634094,88633220,86631809,1989634094,1988633220,1986631809,1989,63,4094,1988,63,3220,1986,63,1809,0,0
89PE02653,89634095,87632712,87632688,1989634095,1987632712,1987632688,1989,63,4095,1987,63,2712,1987,63,2688,0,0
89PE02654,89634096,87632712,87632688,1989634096,1987632712,1987632688,1989,63,4096,1987,63,2712,1987,63,2688,0,0
89PE02655,89634097,87632735,82630069,1989634097,1987632735,1982630069,1989,63,4097,1987,63,2735,1982,63,0069,0,0
89PE02656,89634098,87632735,82630069,1989634098,1987632735,1982630069,1989,63,4098,1987,63,2735,1982,63,0069,0,0
89PE02657,89634099,87632712,86632161,1989634099,1987632712,1986632161,1989,63,4099,1987,63,2712,1986,63,2161,0,0
89PE02658,89634100,87632712,86632161,1989634100,1987632712,1986632161,1989,63,4100,1987,63,2712,1986,63,2161,0,0
89PE02659,89634101,88633645,86632352,1989634101,1988633645,1986632352,1989,63,4101,1988,63,3645,1986,63,2352,0,0
89PE02660,89634102,87632726,86632185,1989634102,1987632726,1986632185,1989,63,4102,1987,63,2726,1986,63,2185,0,0
89PE02661,89634103,87632495,87632977,1989634103,1987632495,1987632977,1989,63,4103,1987,63,2495,1987,63,2977,0,0
89PE02662,89634104,87632675,84630793,1989634104,1987632675,1984630793,1989,63,4104,1987,63,2675,1984,63,0793,0,0
89PE02663,89634105,87632675,84630793,1989634105,1987632675,1984630793,1989,63,4105,1987,63,2675,1984,63,0793,0,0
89PE02664,89634106,88633220,87632698,1989634106,1988633220,1987632698,1989,63,4106,1988,63,3220,1987,63,2698,0,0
89PE02665,89634107,88633220,87632698,1989634107,1988633220,1987632698,1989,63,4107,1988,63,3220,1987,63,2698,0,0
89PE02666,89634108,87632675,85631249,1989634108,1987632675,1985631249,1989,63,4108,1987,63,2675,1985,63,1249,0,0
89PE02667,89634109,87632495,86631864,1989634109,1987632495,1986631864,1989,63,4109,1987,63,2495,1986,63,1864,0,0
89PE02668,89634110,87632726,86632400,1989634110,1987632726,1986632400,1989,63,4110,1987,63,2726,1986,63,2400,0,0
89PE02669,89634111,87632726,86632400,1989634111,1987632726,1986632400,1989,63,4111,1987,63,2726,1986,63,2400,0,0
89PE02670,89634112,87632782,87632809,1989634112,1987632782,1987632809,1989,63,4112,1987,63,2782,1987,63,2809,0,0
89PE02671,89634113,87632782,87632809,1989634113,1987632782,1987632809,1989,63,4113,1987,63,2782,1987,63,2809,0,0
89PE02672,89634114,88633515,84630969,1989634114,1988633515,1984630969,1989,63,4114,1988,63,3515,1984,63,0969,0,0
89PE02673,89634115,87632963,86632166,1989634115,1987632963,1986632166,1989,63,4115,1987,63,2963,1986,63,2166,0,0
89PE02674,89634116,87632963,84630937,1989634116,1987632963,1984630937,1989,63,4116,1987,63,2963,1984,63,0937,0,0
89PE02675,89634117,87632963,84630937,1989634117,1987632963,1984630937,1989,63,4117,1987,63,2963,1984,63,0937,0,0
89PE02676,89634118,88633220,86632144,1989634118,1988633220,1986632144,1989,63,4118,1988,63,3220,1986,63,2144,0,0
89PE02677,89634119,88633220,86632144,1989634119,1988633220,1986632144,1989,63,4119,1988,63,3220,1986,63,2144,0,0
89PE02678,89634120,87632726,86632069,1989634120,1987632726,1986632069,1989,63,4120,1987,63,2726,1986,63,2069,0,0
89PE02679,89634121,87632726,86632069,1989634121,1987632726,1986632069,1989,63,4121,1987,63,2726,1986,63,2069,0,0
89PE02680,89634122,88633645,84631063,1989634122,1988633645,1984631063,1989,63,4122,1988,63,3645,1984,63,1063,0,0
89PE02681,89634123,88633645,84631063,1989634123,1988633645,1984631063,1989,63,4123,1988,63,3645,1984,63,1063,0,0
89PE02682,89634124,87632726,87632442,1989634124,1987632726,1987632442,1989,63,4124,1987,63,2726,1987,63,2442,0,0
89PE02683,89634125,87632495,87632657,1989634125,1987632495,1987632657,1989,63,4125,1987,63,2495,1987,63,2657,0,0
89PE02684,89634126,87632495,87632657,1989634126,1987632495,1987632657,1989,63,4126,1987,63,2495,1987,63,2657,0,0
89PE02685,89634127,88633515,84631103,1989634127,1988633515,1984631103,1989,63,4127,1988,63,3515,1984,63,1103,0,0
89PE02686,89634128,87632782,87632536,1989634128,1987632782,1987632536,1989,63,4128,1987,63,2782,1987,63,2536,0,0
89PE02687,89634129,87632612,88633380,1989634129,1987632612,1988633380,1989,63,4129,1987,63,2612,1988,63,3380,0,0
89PE02688,89634130,87632963,86631971,1989634130,1987632963,1986631971,1989,63,4130,1987,63,2963,1986,63,1971,0,0
89PE02689,89634131,87632712,86632091,1989634131,1987632712,1986632091,1989,63,4131,1987,63,2712,1986,63,2091,0,0
89PE02690,89634132,87632712,86632091,1989634132,1987632712,1986632091,1989,63,4132,1987,63,2712,1986,63,2091,0,0
89PE02691,89634133,87632735,85631485,1989634133,1987632735,1985631485,1989,63,4133,1987,63,2735,1985,63,1485,0,0
89PE02692,89634134,87632735,85631485,1989634134,1987632735,1985631485,1989,63,4134,1987,63,2735,1985,63,1485,0,0
89PE02693,89634135,87632735,85631485,1989634135,1987632735,1985631485,1989,63,4135,1987,63,2735,1985,63,1485,0,0
89PE02694,89634136,88633515,83630272,1989634136,1988633515,1983630272,1989,63,4136,1988,63,3515,1983,63,0272,0,0
89PE02695,89634137,88633515,83630272,1989634137,1988633515,1983630272,1989,63,4137,1988,63,3515,1983,63,0272,0,0
89PE02696,89634138,88633281,86631830,1989634138,1988633281,1986631830,1989,63,4138,1988,63,3281,1986,63,1830,0,0
89PE02697,89634139,88633281,86631830,1989634139,1988633281,1986631830,1989,63,4139,1988,63,3281,1986,63,1830,0,0
89PE02698,89634140,87632735,82629919,1989634140,1987632735,1982629919,1989,63,4140,1987,63,2735,1982,62,9919,0,0
89PE02699,89634141,87632735,82629919,1989634141,1987632735,1982629919,1989,63,4141,1987,63,2735,1982,62,9919,0,0
89PE02700,89634142,87632735,86632021,1989634142,1987632735,1986632021,1989,63,4142,1987,63,2735,1986,63,2021,0,0
89PE02701,89634143,87632735,86632021,1989634143,1987632735,1986632021,1989,63,4143,1987,63,2735,1986,63,2021,0,0
89PE02702,89634144,87632452,88633572,1989634144,1987632452,1988633572,1989,63,4144,1987,63,2452,1988,63,3572,0,0
89PE02703,89634145,87632452,88633572,1989634145,1987632452,1988633572,1989,63,4145,1987,63,2452,1988,63,3572,0,0
89PE02704,89634146,88633515,84631170,1989634146,1988633515,1984631170,1989,63,4146,1988,63,3515,1984,63,1170,0,0
89PE02705,89634147,88633220,86631849,1989634147,1988633220,1986631849,1989,63,4147,1988,63,3220,1986,63,1849,0,0
89PE02706,89634148,88633220,86631849,1989634148,1988633220,1986631849,1989,63,4148,1988,63,3220,1986,63,1849,0,0
89PE02707,89634149,88633220,84630993,1989634149,1988633220,1984630993,1989,63,4149,1988,63,3220,1984,63,0993,0,0
89PE02708,89634150,88633515,87632951,1989634150,1988633515,1987632951,1989,63,4150,1988,63,3515,1987,63,2951,0,0
89PE02709,89634151,88633515,87632951,1989634151,1988633515,1987632951,1989,63,4151,1988,63,3515,1987,63,2951,0,0
89PE02710,89634152,87632782,86631923,1989634152,1987632782,1986631923,1989,63,4152,1987,63,2782,1986,63,1923,0,0
89PE02711,89634153,87632782,86631923,1989634153,1987632782,1986631923,1989,63,4153,1987,63,2782,1986,63,1923,0,0
89PE02712,89634154,87632782,86631923,1989634154,1987632782,1986631923,1989,63,4154,1987,63,2782,1986,63,1923,0,0
89PE02713,89634155,88633281,82629744,1989634155,1988633281,1982629744,1989,63,4155,1988,63,3281,1982,62,9744,0,0
89PE02714,89634156,88633281,82629744,1989634156,1988633281,1982629744,1989,63,4156,1988,63,3281,1982,62,9744,0,0
89PE02715,89634157,87632782,86631791,1989634157,1987632782,1986631791,1989,63,4157,1987,63,2782,1986,63,1791,0,0
89PE02716,89634158,87632782,86631791,1989634158,1987632782,1986631791,1989,63,4158,1987,63,2782,1986,63,1791,0,0
89PE02717,89634159,87632675,87633010,1989634159,1987632675,1987633010,1989,63,4159,1987,63,2675,1987,63,3010,0,0
89PE02718,89634160,88633281,87633030,1989634160,1988633281,1987633030,1989,63,4160,1988,63,3281,1987,63,3030,0,0
89PE02719,89634161,88633281,87633030,1989634161,1988633281,1987633030,1989,63,4161,1988,63,3281,1987,63,3030,0,0
89PE02720,89634163,87632854,82629736,1989634163,1987632854,1982629736,1989,63,4163,1987,63,2854,1982,62,9736,0,0
89PE02721,89634164,88633220,85631650,1989634164,1988633220,1985631650,1989,63,4164,1988,63,3220,1985,63,1650,0,0
89PE02722,89634165,88633220,85631650,1989634165,1988633220,1985631650,1989,63,4165,1988,63,3220,1985,63,1650,0,0
89PE02723,89634166,88633645,86631831,1989634166,1988633645,1986631831,1989,63,4166,1988,63,3645,1986,63,1831,0,0
89PE02724,89634167,88633220,86632333,1989634167,1988633220,1986632333,1989,63,4167,1988,63,3220,1986,63,2333,0,0
89PE02725,89634168,88633220,86632333,1989634168,1988633220,1986632333,1989,63,4168,1988,63,3220,1986,63,2333,0,0
89PE02726,89634169,87632782,85631733,1989634169,1987632782,1985631733,1989,63,4169,1987,63,2782,1985,63,1733,0,0
89PE02727,89634170,87632782,85631733,1989634170,1987632782,1985631733,1989,63,4170,1987,63,2782,1985,63,1733,0,0
89PE02728,89634171,87632963,86631942,1989634171,1987632963,1986631942,1989,63,4171,1987,63,2963,1986,63,1942,0,0
89PE02729,89634172,87632782,87632639,1989634172,1987632782,1987632639,1989,63,4172,1987,63,2782,1987,63,2639,0,0
89PE02730,89634173,87632782,87632639,1989634173,1987632782,1987632639,1989,63,4173,1987,63,2782,1987,63,2639,0,0
89PE02731,89634174,87632675,86632122,1989634174,1987632675,1986632122,1989,63,4174,1987,63,2675,1986,63,2122,0,0
89PE02732,89634175,88633220,86632401,1989634175,1988633220,1986632401,1989,63,4175,1988,63,3220,1986,63,2401,0,0
89PE02733,89634176,87632963,85631497,1989634176,1987632963,1985631497,1989,63,4176,1987,63,2963,1985,63,1497,0,0
89PE02734,89634177,87632963,85631497,1989634177,1987632963,1985631497,1989,63,4177,1987,63,2963,1985,63,1497,0,0
89PE02735,89634178,88633645,83630396,1989634178,1988633645,1983630396,1989,63,4178,1988,63,3645,1983,63,0396,0,0
89PE02736,89634179,88633645,83630396,1989634179,1988633645,1983630396,1989,63,4179,1988,63,3645,1983,63,0396,0,0
89PE02737,89634180,87632854,87632894,1989634180,1987632854,1987632894,1989,63,4180,1987,63,2854,1987,63,2894,0,0
89PE02738,89634181,87632854,87632894,1989634181,1987632854,1987632894,1989,63,4181,1987,63,2854,1987,63,2894,0,0
89PE02739,89634182,87632735,82630082,1989634182,1987632735,1982630082,1989,63,4182,1987,63,2735,1982,63,0082,0,0
89PE02740,89634183,87632735,82630082,1989634183,1987632735,1982630082,1989,63,4183,1987,63,2735,1982,63,0082,0,0
89PE02741,89634184,88633220,82630051,1989634184,1988633220,1982630051,1989,63,4184,1988,63,3220,1982,63,0051,0,0
89PE02742,89634185,87632712,87632626,1989634185,1987632712,1987632626,1989,63,4185,1987,63,2712,1987,63,2626,0,0
89PE02743,89634186,87632504,88633065,1989634186,1987632504,1988633065,1989,63,4186,1987,63,2504,1988,63,3065,0,0
89PE02744,89634187,87632712,86631943,1989634187,1987632712,1986631943,1989,63,4187,1987,63,2712,1986,63,1943,0,0
89PE02745,89634188,87632712,86631943,1989634188,1987632712,1986631943,1989,63,4188,1987,63,2712,1986,63,1943,0,0
89PE02746,89634189,87632726,82630135,1989634189,1987632726,1982630135,1989,63,4189,1987,63,2726,1982,63,0135,0,0
89PE02747,89634190,87632726,82630135,1989634190,1987632726,1982630135,1989,63,4190,1987,63,2726,1982,63,0135,0,0
89PE02748,89634191,87632675,87632618,1989634191,1987632675,1987632618,1989,63,4191,1987,63,2675,1987,63,2618,0,0
89PE02749,89634192,88633220,83630418,1989634192,1988633220,1983630418,1989,63,4192,1988,63,3220,1983,63,0418,0,0
89PE02750,89634193,88633220,83630418,1989634193,1988633220,1983630418,1989,63,4193,1988,63,3220,1983,63,0418,0,0
89PE02751,89634194,87632854,86631980,1989634194,1987632854,1986631980,1989,63,4194,1987,63,2854,1986,63,1980,0,0
89PE02752,89634195,87632854,86631980,1989634195,1987632854,1986631980,1989,63,4195,1987,63,2854,1986,63,1980,0,0
89PE02753,89634196,87632675,87632642,1989634196,1987632675,1987632642,1989,63,4196,1987,63,2675,1987,63,2642,0,0
89PE02754,89634197,87632675,87632642,1989634197,1987632675,1987632642,1989,63,4197,1987,63,2675,1987,63,2642,0,0
89PE02755,89634198,87632735,86632165,1989634198,1987632735,1986632165,1989,63,4198,1987,63,2735,1986,63,2165,0,0
89PE02756,89634199,87632735,86632165,1989634199,1987632735,1986632165,1989,63,4199,1987,63,2735,1986,63,2165,0,0
89PE02757,89634200,87632495,87632682,1989634200,1987632495,1987632682,1989,63,4200,1987,63,2495,1987,63,2682,0,0
89PE02758,89634201,87632495,87632682,1989634201,1987632495,1987632682,1989,63,4201,1987,63,2495,1987,63,2682,0,0
89PE02759,89634202,87632726,82629756,1989634202,1987632726,1982629756,1989,63,4202,1987,63,2726,1982,62,9756,0,0
89PE02760,89634203,87632726,82629756,1989634203,1987632726,1982629756,1989,63,4203,1987,63,2726,1982,62,9756,0,0
89PE02761,89634204,87632735,84631056,1989634204,1987632735,1984631056,1989,63,4204,1987,63,2735,1984,63,1056,0,0
89PE02762,89634205,87632735,84631056,1989634205,1987632735,1984631056,1989,63,4205,1987,63,2735,1984,63,1056,0,0
89PE02763,89634206,87632726,84631112,1989634206,1987632726,1984631112,1989,63,4206,1987,63,2726,1984,63,1112,0,0
89PE02764,89634207,87632726,84631112,1989634207,1987632726,1984631112,1989,63,4207,1987,63,2726,1984,63,1112,0,0
89PE02765,89634208,88633645,87632784,1989634208,1988633645,1987632784,1989,63,4208,1988,63,3645,1987,63,2784,0,0
89PE02766,89634209,87632726,83630538,1989634209,1987632726,1983630538,1989,63,4209,1987,63,2726,1983,63,0538,0,0
89PE02767,89634210,87632726,83630538,1989634210,1987632726,1983630538,1989,63,4210,1987,63,2726,1983,63,0538,0,0
89PE02768,89634211,87632712,86631840,1989634211,1987632712,1986631840,1989,63,4211,1987,63,2712,1986,63,1840,0,0
89PE02769,89634212,87632495,87632648,1989634212,1987632495,1987632648,1989,63,4212,1987,63,2495,1987,63,2648,0,0
89PE02770,89634213,87632495,87632648,1989634213,1987632495,1987632648,1989,63,4213,1987,63,2495,1987,63,2648,0,0
89PE02771,89634214,88633281,86631958,1989634214,1988633281,1986631958,1989,63,4214,1988,63,3281,1986,63,1958,0,0
89PE02772,89634215,88633281,86631958,1989634215,1988633281,1986631958,1989,63,4215,1988,63,3281,1986,63,1958,0,0
89PE02773,89634216,87632495,87632936,1989634216,1987632495,1987632936,1989,63,4216,1987,63,2495,1987,63,2936,0,0
89PE02774,89634217,87632495,87632936,1989634217,1987632495,1987632936,1989,63,4217,1987,63,2495,1987,63,2936,0,0
89PE02775,89634218,87632712,86632251,1989634218,1987632712,1986632251,1989,63,4218,1987,63,2712,1986,63,2251,0,0
89PE02776,89634219,87632712,86632251,1989634219,1987632712,1986632251,1989,63,4219,1987,63,2712,1986,63,2251,0,0
89PE02777,89634220,87632735,84631177,1989634220,1987632735,1984631177,1989,63,4220,1987,63,2735,1984,63,1177,0,0
89PE02778,89634221,87632726,87632476,1989634221,1987632726,1987632476,1989,63,4221,1987,63,2726,1987,63,2476,0,0
89PE02779,89634222,87632726,87632476,1989634222,1987632726,1987632476,1989,63,4222,1987,63,2726,1987,63,2476,0,0
89PE02780,89634223,87632735,85631265,1989634223,1987632735,1985631265,1989,63,4223,1987,63,2735,1985,63,1265,0,0
89PE02781,89634224,87632735,85631265,1989634224,1987632735,1985631265,1989,63,4224,1987,63,2735,1985,63,1265,0,0
89PE02782,89634225,87632712,83630630,1989634225,1987632712,1983630630,1989,63,4225,1987,63,2712,1983,63,0630,0,0
89PE02783,89634226,87632712,83630630,1989634226,1987632712,1983630630,1989,63,4226,1987,63,2712,1983,63,0630,0,0
89PE02784,89634227,87632854,85631413,1989634227,1987632854,1985631413,1989,63,4227,1987,63,2854,1985,63,1413,0,0
89PE02785,89634228,87632675,87632466,1989634228,1987632675,1987632466,1989,63,4228,1987,63,2675,1987,63,2466,0,0
89PE02786,89634229,88633220,87632776,1989634229,1988633220,1987632776,1989,63,4229,1988,63,3220,1987,63,2776,0,0
89PE02787,89634230,88633220,87632776,1989634230,1988633220,1987632776,1989,63,4230,1988,63,3220,1987,63,2776,0,0
89PE02788,89634231,87632963,82630134,1989634231,1987632963,1982630134,1989,63,4231,1987,63,2963,1982,63,0134,0,0
89PE02789,89634232,87632782,87632671,1989634232,1987632782,1987632671,1989,63,4232,1987,63,2782,1987,63,2671,0,0
89PE02790,89634233,87632782,87632671,1989634233,1987632782,1987632671,1989,63,4233,1987,63,2782,1987,63,2671,0,0
89PE02791,89634234,87632854,87632847,1989634234,1987632854,1987632847,1989,63,4234,1987,63,2854,1987,63,2847,0,0
89PE02792,89634235,87632854,87632847,1989634235,1987632854,1987632847,1989,63,4235,1987,63,2854,1987,63,2847,0,0
89PE02793,89634236,87632963,86632037,1989634236,1987632963,1986632037,1989,63,4236,1987,63,2963,1986,63,2037,0,0
89PE02794,89634237,87632963,86632037,1989634237,1987632963,1986632037,1989,63,4237,1987,63,2963,1986,63,2037,0,0
89PE02795,89634238,87632495,87632760,1989634238,1987632495,1987632760,1989,63,4238,1987,63,2495,1987,63,2760,0,0
89PE02796,89634239,87632854,85631361,1989634239,1987632854,1985631361,1989,63,4239,1987,63,2854,1985,63,1361,0,0
89PE02797,89634240,87632854,85631361,1989634240,1987632854,1985631361,1989,63,4240,1987,63,2854,1985,63,1361,0,0
89PE02798,89634241,88633281,85631751,1989634241,1988633281,1985631751,1989,63,4241,1988,63,3281,1985,63,1751,0,0
89PE02799,89634242,88633281,85631751,1989634242,1988633281,1985631751,1989,63,4242,1988,63,3281,1985,63,1751,0,0
89PE02800,89634243,87632963,84630913,1989634243,1987632963,1984630913,1989,63,4243,1987,63,2963,1984,63,0913,0,0
89PE02801,89634244,87632612,88633752,1989634244,1987632612,1988633752,1989,63,4244,1987,63,2612,1988,63,3752,0,0
89PE02802,89634245,87632504,88633128,1989634245,1987632504,1988633128,1989,63,4245,1987,63,2504,1988,63,3128,0,0
89PE02803,89634246,87632735,82629754,1989634246,1987632735,1982629754,1989,63,4246,1987,63,2735,1982,62,9754,0,0
89PE02804,89634247,87632726,87632624,1989634247,1987632726,1987632624,1989,63,4247,1987,63,2726,1987,63,2624,0,0
89PE02805,89634248,87632726,87632624,1989634248,1987632726,1987632624,1989,63,4248,1987,63,2726,1987,63,2624,0,0
89PE02806,89634249,88633515,87632834,1989634249,1988633515,1987632834,1989,63,4249,1988,63,3515,1987,63,2834,0,0
89PE02807,89634250,87632675,82629897,1989634250,1987632675,1982629897,1989,63,4250,1987,63,2675,1982,62,9897,0,0
89PE02808,89634251,88633645,86632076,1989634251,1988633645,1986632076,1989,63,4251,1988,63,3645,1986,63,2076,0,0
89PE02809,89634252,88633281,87632487,1989634252,1988633281,1987632487,1989,63,4252,1988,63,3281,1987,63,2487,0,0
89PE02810,89634253,88633281,87632487,1989634253,1988633281,1987632487,1989,63,4253,1988,63,3281,1987,63,2487,0,0
89PE02811,89634254,87632854,85631723,1989634254,1987632854,1985631723,1989,63,4254,1987,63,2854,1985,63,1723,0,0
89PE02812,89634255,87632495,87632852,1989634255,1987632495,1987632852,1989,63,4255,1987,63,2495,1987,63,2852,0,0
89PE02813,89634256,88633281,86632281,1989634256,1988633281,1986632281,1989,63,4256,1988,63,3281,1986,63,2281,0,0
89PE02814,89634257,88633281,86632281,1989634257,1988633281,1986632281,1989,63,4257,1988,63,3281,1986,63,2281,0,0
89PE02815,89634258,87632782,86631801,1989634258,1987632782,1986631801,1989,63,4258,1987,63,2782,1986,63,1801,0,0
89PE02816,89634259,87632782,86631801,1989634259,1987632782,1986631801,1989,63,4259,1987,63,2782,1986,63,1801,0,0
89PE02817,89634260,88633515,86632265,1989634260,1988633515,1986632265,1989,63,4260,1988,63,3515,1986,63,2265,0,0
89PE02818,89634261,88633515,86631804,1989634261,1988633515,1986631804,1989,63,4261,1988,63,3515,1986,63,1804,0,0
89PE02819,89634262,87632495,86632313,1989634262,1987632495,1986632313,1989,63,4262,1987,63,2495,1986,63,2313,0,0
89PE02820,89634263,87632495,86632313,1989634263,1987632495,1986632313,1989,63,4263,1987,63,2495,1986,63,2313,0,0
89PE02821,89634264,87632495,86631966,1989634264,1987632495,1986631966,1989,63,4264,1987,63,2495,1986,63,1966,0,0
89PE02822,89634265,87632735,87632721,1989634265,1987632735,1987632721,1989,63,4265,1987,63,2735,1987,63,2721,0,0
89PE02823,89634266,87632726,85631639,1989634266,1987632726,1985631639,1989,63,4266,1987,63,2726,1985,63,1639,0,0
89PE02824,89634267,87632612,88633506,1989634267,1987632612,1988633506,1989,63,4267,1987,63,2612,1988,63,3506,0,0
89PE02825,89634268,87632612,88633506,1989634268,1987632612,1988633506,1989,63,4268,1987,63,2612,1988,63,3506,0,0
89PE02826,89634269,88633645,85631609,1989634269,1988633645,1985631609,1989,63,4269,1988,63,3645,1985,63,1609,0,0
89PE02827,89634270,88633515,87632924,1989634270,1988633515,1987632924,1989,63,4270,1988,63,3515,1987,63,2924,0,0
89PE02828,89634271,88633515,87632924,1989634271,1988633515,1987632924,1989,63,4271,1988,63,3515,1987,63,2924,0,0
89PE02829,89634272,87632675,87632970,1989634272,1987632675,1987632970,1989,63,4272,1987,63,2675,1987,63,2970,0,0
89PE02830,89634273,87632495,83630399,1989634273,1987632495,1983630399,1989,63,4273,1987,63,2495,1983,63,0399,0,0
89PE02831,89634274,87632495,83630399,1989634274,1987632495,1983630399,1989,63,4274,1987,63,2495,1983,63,0399,0,0
89PE02832,89634275,87632726,83630338,1989634275,1987632726,1983630338,1989,63,4275,1987,63,2726,1983,63,0338,0,0
89PE02833,89634276,87632726,83630338,1989634276,1987632726,1983630338,1989,63,4276,1987,63,2726,1983,63,0338,0,0
89PE02834,89634277,87632612,88633275,1989634277,1987632612,1988633275,1989,63,4277,1987,63,2612,1988,63,3275,0,0
89PE02835,89634278,87632612,88633275,1989634278,1987632612,1988633275,1989,63,4278,1987,63,2612,1988,63,3275,0,0
89PE02836,89634279,87632452,88633665,1989634279,1987632452,1988633665,1989,63,4279,1987,63,2452,1988,63,3665,0,0
89PE02837,89634280,88633515,86631907,1989634280,1988633515,1986631907,1989,63,4280,1988,63,3515,1986,63,1907,0,0
89PE02838,89634281,88633515,86631907,1989634281,1988633515,1986631907,1989,63,4281,1988,63,3515,1986,63,1907,0,0
89PE02839,89634282,87632675,87632496,1989634282,1987632675,1987632496,1989,63,4282,1987,63,2675,1987,63,2496,0,0
89PE02840,89634283,87632782,86631818,1989634283,1987632782,1986631818,1989,63,4283,1987,63,2782,1986,63,1818,0,0
89PE02841,89634284,87632495,87633011,1989634284,1987632495,1987633011,1989,63,4284,1987,63,2495,1987,63,3011,0,0
89PE02842,89634285,87632495,87633011,1989634285,1987632495,1987633011,1989,63,4285,1987,63,2495,1987,63,3011,0,0
89PE02843,89634286,87632854,87632491,1989634286,1987632854,1987632491,1989,63,4286,1987,63,2854,1987,63,2491,0,0
89PE02844,89634287,87632854,87632491,1989634287,1987632854,1987632491,1989,63,4287,1987,63,2854,1987,63,2491,0,0
89PE02845,89634288,87632452,88633126,1989634288,1987632452,1988633126,1989,63,4288,1987,63,2452,1988,63,3126,0,0
89PE02846,89634289,87632735,83630205,1989634289,1987632735,1983630205,1989,63,4289,1987,63,2735,1983,63,0205,0,0
89PE02847,89634290,87632735,83630205,1989634290,1987632735,1983630205,1989,63,4290,1987,63,2735,1983,63,0205,0,0
89PE02848,89634291,87632735,83630205,1989634291,1987632735,1983630205,1989,63,4291,1987,63,2735,1983,63,0205,0,0
89PE02849,89634292,87632726,84630942,1989634292,1987632726,1984630942,1989,63,4292,1987,63,2726,1984,63,0942,0,0
89PE02850,89634293,87632495,86631823,1989634293,1987632495,1986631823,1989,63,4293,1987,63,2495,1986,63,1823,0,0
89PE02851,89634294,87632675,84630959,1989634294,1987632675,1984630959,1989,63,4294,1987,63,2675,1984,63,0959,0,0
89PE02852,89634295,87632675,84630959,1989634295,1987632675,1984630959,1989,63,4295,1987,63,2675,1984,63,0959,0,0
89PE02853,89634296,87632675,83630326,1989634296,1987632675,1983630326,1989,63,4296,1987,63,2675,1983,63,0326,0,0
89PE02854,89634297,87632675,83630326,1989634297,1987632675,1983630326,1989,63,4297,1987,63,2675,1983,63,0326,0,0
89PE02855,89634298,88633281,84630869,1989634298,1988633281,1984630869,1989,63,4298,1988,63,3281,1984,63,0869,0,0
89PE02856,89634299,88633281,84630869,1989634299,1988633281,1984630869,1989,63,4299,1988,63,3281,1984,63,0869,0,0
89PE02857,89634300,87632854,86631811,1989634300,1987632854,1986631811,1989,63,4300,1987,63,2854,1986,63,1811,0,0
89PE02858,89634301,87632726,85631614,1989634301,1987632726,1985631614,1989,63,4301,1987,63,2726,1985,63,1614,0,0
89PE02859,89634302,87632726,85631614,1989634302,1987632726,1985631614,1989,63,4302,1987,63,2726,1985,63,1614,0,0
89PE02860,89634303,87632452,88633221,1989634303,1987632452,1988633221,1989,63,4303,1987,63,2452,1988,63,3221,0,0
89PE02861,89634304,87632452,88633221,1989634304,1987632452,1988633221,1989,63,4304,1987,63,2452,1988,63,3221,0,0
89PE02862,89634305,87632854,83630376,1989634305,1987632854,1983630376,1989,63,4305,1987,63,2854,1983,63,0376,0,0
89PE02863,89634306,88633515,83630679,1989634306,1988633515,1983630679,1989,63,4306,1988,63,3515,1983,63,0679,0,0
89PE02864,89634307,88633515,83630679,1989634307,1988633515,1983630679,1989,63,4307,1988,63,3515,1983,63,0679,0,0
89PE02865,89634308,87632782,87632723,1989634308,1987632782,1987632723,1989,63,4308,1987,63,2782,1987,63,2723,0,0
89PE02866,89634309,87632782,82630140,1989634309,1987632782,1982630140,1989,63,4309,1987,63,2782,1982,63,0140,0,0
89PE02867,89634310,87632782,82630140,1989634310,1987632782,1982630140,1989,63,4310,1987,63,2782,1982,63,0140,0,0
89PE02868,89634311,87632726,86632038,1989634311,1987632726,1986632038,1989,63,4311,1987,63,2726,1986,63,2038,0,0
89PE02869,89634312,88633515,86631848,1989634312,1988633515,1986631848,1989,63,4312,1988,63,3515,1986,63,1848,0,0
89PE02870,89634313,87632712,87632978,1989634313,1987632712,1987632978,1989,63,4313,1987,63,2712,1987,63,2978,0,0
89PE02871,89634314,87632712,87632978,1989634314,1987632712,1987632978,1989,63,4314,1987,63,2712,1987,63,2978,0,0
89PE02872,89634315,88633515,82630050,1989634315,1988633515,1982630050,1989,63,4315,1988,63,3515,1982,63,0050,0,0
89PE02873,89634316,88633515,82630050,1989634316,1988633515,1982630050,1989,63,4316,1988,63,3515,1982,63,0050,0,0
89PE02874,89634317,88633515,82630050,1989634317,1988633515,1982630050,1989,63,4317,1988,63,3515,1982,63,0050,0,0
89PE02875,89634318,87632712,85631336,1989634318,1987632712,1985631336,1989,63,4318,1987,63,2712,1985,63,1336,0,0
89PE02876,89634319,87632712,85631336,1989634319,1987632712,1985631336,1989,63,4319,1987,63,2712,1985,63,1336,0,0
89PE02877,89634320,87632712,85631336,1989634320,1987632712,1985631336,1989,63,4320,1987,63,2712,1985,63,1336,0,0
89PE02878,89634321,88633515,85631643,1989634321,1988633515,1985631643,1989,63,4321,1988,63,3515,1985,63,1643,0,0
89PE02879,89634322,88633515,85631643,1989634322,1988633515,1985631643,1989,63,4322,1988,63,3515,1985,63,1643,0,0
89PE02880,89634323,87632726,86631880,1989634323,1987632726,1986631880,1989,63,4323,1987,63,2726,1986,63,1880,0,0
89PE02881,89634324,87632726,86631880,1989634324,1987632726,1986631880,1989,63,4324,1987,63,2726,1986,63,1880,0,0
89PE02882,89634325,88633281,87632699,1989634325,1988633281,1987632699,1989,63,4325,1988,63,3281,1987,63,2699,0,0
89PE02883,89634326,88633281,85631660,1989634326,1988633281,1985631660,1989,63,4326,1988,63,3281,1985,63,1660,0,0
89PE02884,89634327,87632963,86632398,1989634327,1987632963,1986632398,1989,63,4327,1987,63,2963,1986,63,2398,0,0
89PE02885,89634328,88633645,86631868,1989634328,1988633645,1986631868,1989,63,4328,1988,63,3645,1986,63,1868,0,0
89PE02886,89634329,88633645,86631868,1989634329,1988633645,1986631868,1989,63,4329,1988,63,3645,1986,63,1868,0,0
89PE02887,89634330,87632612,88633190,1989634330,1987632612,1988633190,1989,63,4330,1987,63,2612,1988,63,3190,0,0
89PE02888,89634331,87632452,88633360,1989634331,1987632452,1988633360,1989,63,4331,1987,63,2452,1988,63,3360,0,0
89PE02889,89634332,87632452,88633360,1989634332,1987632452,1988633360,1989,63,4332,1987,63,2452,1988,63,3360,0,0
89PE02890,89634333,87632782,87632770,1989634333,1987632782,1987632770,1989,63,4333,1987,63,2782,1987,63,2770,0,0
89PE02891,89634334,87632782,87632770,1989634334,1987632782,1987632770,1989,63,4334,1987,63,2782,1987,63,2770,0,0
89PE02892,89634335,87632782,82629969,1989634335,1987632782,1982629969,1989,63,4335,1987,63,2782,1982,62,9969,0,0
89PE02893,89634336,87632782,82629969,1989634336,1987632782,1982629969,1989,63,4336,1987,63,2782,1982,62,9969,0,0
89PE02894,89634337,87632612,88633072,1989634337,1987632612,1988633072,1989,63,4337,1987,63,2612,1988,63,3072,0,0
89PE02895,89634338,87632735,86632379,1989634338,1987632735,1986632379,1989,63,4338,1987,63,2735,1986,63,2379,0,0
89PE02896,89634339,87632735,86632379,1989634339,1987632735,1986632379,1989,63,4339,1987,63,2735,1986,63,2379,0,0
89PE02897,89634340,87632578,88633285,1989634340,1987632578,1988633285,1989,63,4340,1987,63,2578,1988,63,3285,0,0
89PE02898,89634341,87632578,88633285,1989634341,1987632578,1988633285,1989,63,4341,1987,63,2578,1988,63,3285,0,0
89PE02899,89634342,87632612,88633130,1989634342,1987632612,1988633130,1989,63,4342,1987,63,2612,1988,63,3130,0,0
89PE02900,89634343,87632782,84630983,1989634343,1987632782,1984630983,1989,63,4343,1987,63,2782,1984,63,0983,0,0
89PE02901,89634344,87632712,85631207,1989634344,1987632712,1985631207,1989,63,4344,1987,63,2712,1985,63,1207,0,0
89PE02902,89634345,87632495,85631312,1989634345,1987632495,1985631312,1989,63,4345,1987,63,2495,1985,63,1312,0,0
89PE02903,89634346,87632495,85631312,1989634346,1987632495,1985631312,1989,63,4346,1987,63,2495,1985,63,1312,0,0
89PE02904,89634347,87632963,85631237,1989634347,1987632963,1985631237,1989,63,4347,1987,63,2963,1985,63,1237,0,0
89PE02905,89634348,87632963,85631237,1989634348,1987632963,1985631237,1989,63,4348,1987,63,2963,1985,63,1237,0,0
89PE02906,89634349,87632726,85631468,1989634349,1987632726,1985631468,1989,63,4349,1987,63,2726,1985,63,1468,0,0
89PE02907,89634350,87632495,87632846,1989634350,1987632495,1987632846,1989,63,4350,1987,63,2495,1987,63,2846,0,0
89PE02908,89634351,86802162,87632720,1989634351,1986802162,1987632720,1989,63,4351,1986,80,2162,1987,63,2720,0,0
89PE02909,89634352,86802162,87632720,1989634352,1986802162,1987632720,1989,63,4352,1986,80,2162,1987,63,2720,0,0
89PE02910,89634353,87632675,83630643,1989634353,1987632675,1983630643,1989,63,4353,1987,63,2675,1983,63,0643,0,0
89PE02911,89634354,87632675,83630643,1989634354,1987632675,1983630643,1989,63,4354,1987,63,2675,1983,63,0643,0,0
89PE02912,89634355,87632675,86631910,1989634355,1987632675,1986631910,1989,63,4355,1987,63,2675,1986,63,1910,0,0
89PE02913,89634356,87632782,84631171,1989634356,1987632782,1984631171,1989,63,4356,1987,63,2782,1984,63,1171,0,0
89PE02914,89634357,87632495,86632243,1989634357,1987632495,1986632243,1989,63,4357,1987,63,2495,1986,63,2243,0,0
89PE02915,89634358,87632675,87632459,1989634358,1987632675,1987632459,1989,63,4358,1987,63,2675,1987,63,2459,0,0
89PE02916,89634359,87632675,87632459,1989634359,1987632675,1987632459,1989,63,4359,1987,63,2675,1987,63,2459,0,0
89PE02917,89634360,88633515,82629908,1989634360,1988633515,1982629908,1989,63,4360,1988,63,3515,1982,62,9908,0,0
89PE02918,89634361,87632452,88633312,1989634361,1987632452,1988633312,1989,63,4361,1987,63,2452,1988,63,3312,0,0
89PE02919,89634362,87632452,88633312,1989634362,1987632452,1988633312,1989,63,4362,1987,63,2452,1988,63,3312,0,0
89PE02920,89634363,87632963,83630365,1989634363,1987632963,1983630365,1989,63,4363,1987,63,2963,1983,63,0365,0,0
89PE02921,89634364,87632963,83630365,1989634364,1987632963,1983630365,1989,63,4364,1987,63,2963,1983,63,0365,0,0
89PE02922,89634365,87632712,84631142,1989634365,1987632712,1984631142,1989,63,4365,1987,63,2712,1984,63,1142,0,0
89PE02923,89634366,87632578,88633463,1989634366,1987632578,1988633463,1989,63,4366,1987,63,2578,1988,63,3463,0,0
89PE02924,89634367,87632612,88633300,1989634367,1987632612,1988633300,1989,63,4367,1987,63,2612,1988,63,3300,0,0
89PE02925,89634368,87632452,88633181,1989634368,1987632452,1988633181,1989,63,4368,1987,63,2452,1988,63,3181,0,0
89PE02926,89634369,87632452,88633073,1989634369,1987632452,1988633073,1989,63,4369,1987,63,2452,1988,63,3073,0,0
89PE02927,89634370,87632504,88633228,1989634370,1987632504,1988633228,1989,63,4370,1987,63,2504,1988,63,3228,0,0
89PE02928,89634371,87632452,88633470,1989634371,1987632452,1988633470,1989,63,4371,1987,63,2452,1988,63,3470,0,0
89PE02929,89634372,87632612,88633241,1989634372,1987632612,1988633241,1989,63,4372,1987,63,2612,1988,63,3241,0,0
89PE02930,89634373,87632452,88633250,1989634373,1987632452,1988633250,1989,63,4373,1987,63,2452,1988,63,3250,0,0
89PE02931,89634374,87632452,88633185,1989634374,1987632452,1988633185,1989,63,4374,1987,63,2452,1988,63,3185,0,0
89PE02932,89634375,87632612,88633115,1989634375,1987632612,1988633115,1989,63,4375,1987,63,2612,1988,63,3115,0,0
89PE02933,89634376,87632452,88633292,1989634376,1987632452,1988633292,1989,63,4376,1987,63,2452,1988,63,3292,0,0
89PE02934,89634377,87632452,88633373,1989634377,1987632452,1988633373,1989,63,4377,1987,63,2452,1988,63,3373,0,0
89PE02935,89634378,87632612,88633093,1989634378,1987632612,1988633093,1989,63,4378,1987,63,2612,1988,63,3093,0,0
89PE02936,89634379,87632612,88633093,1989634379,1987632612,1988633093,1989,63,4379,1987,63,2612,1988,63,3093,0,0
89PE02937,89634380,87632452,88633272,1989634380,1987632452,1988633272,1989,63,4380,1987,63,2452,1988,63,3272,0,0
89PE02938,89634381,87632452,88633272,1989634381,1987632452,1988633272,1989,63,4381,1987,63,2452,1988,63,3272,0,0
89PE02939,89634382,87632504,88633062,1989634382,1987632504,1988633062,1989,63,4382,1987,63,2504,1988,63,3062,0,0
89PE02940,89634383,87632504,88633683,1989634383,1987632504,1988633683,1989,63,4383,1987,63,2504,1988,63,3683,0,0
89PE02941,89634384,87632504,88633134,1989634384,1987632504,1988633134,1989,63,4384,1987,63,2504,1988,63,3134,0,0
89PE02942,89634385,87632452,88633503,1989634385,1987632452,1988633503,1989,63,4385,1987,63,2452,1988,63,3503,0,0
89PE02943,89634386,87632452,88633122,1989634386,1987632452,1988633122,1989,63,4386,1987,63,2452,1988,63,3122,0,0
89PE02944,89634387,87632452,88633122,1989634387,1987632452,1988633122,1989,63,4387,1987,63,2452,1988,63,3122,0,0
89PE02945,89634388,87632612,88633391,1989634388,1987632612,1988633391,1989,63,4388,1987,63,2612,1988,63,3391,0,0
89PE02946,89634389,87632578,88633296,1989634389,1987632578,1988633296,1989,63,4389,1987,63,2578,1988,63,3296,0,0
89PE02947,89634390,87632504,88633186,1989634390,1987632504,1988633186,1989,63,4390,1987,63,2504,1988,63,3186,0,0
89PE02948,89634391,87632504,88633498,1989634391,1987632504,1988633498,1989,63,4391,1987,63,2504,1988,63,3498,0,0
89PE02949,89634392,87632452,88633303,1989634392,1987632452,1988633303,1989,63,4392,1987,63,2452,1988,63,3303,0,0
89PE02950,89634393,87632504,88633252,1989634393,1987632504,1988633252,1989,63,4393,1987,63,2504,1988,63,3252,0,0
89PE02951,89634394,87632578,88633581,1989634394,1987632578,1988633581,1989,63,4394,1987,63,2578,1988,63,3581,0,0
89PE02952,89634395,87632578,88633581,1989634395,1987632578,1988633581,1989,63,4395,1987,63,2578,1988,63,3581,0,0
89PE02953,89634396,87632612,88633347,1989634396,1987632612,1988633347,1989,63,4396,1987,63,2612,1988,63,3347,0,0
89PE02954,89634397,87632504,88633302,1989634397,1987632504,1988633302,1989,63,4397,1987,63,2504,1988,63,3302,0,0
89PE02955,89634398,87632612,88633271,1989634398,1987632612,1988633271,1989,63,4398,1987,63,2612,1988,63,3271,0,0
89PE02956,89634399,87632578,88633066,1989634399,1987632578,1988633066,1989,63,4399,1987,63,2578,1988,63,3066,0,0
89PE02957,89634400,87632452,88633753,1989634400,1987632452,1988633753,1989,63,4400,1987,63,2452,1988,63,3753,0,0
89PE02958,89634401,87632452,88633244,1989634401,1987632452,1988633244,1989,63,4401,1987,63,2452,1988,63,3244,0,0
89PE02959,89634402,87632452,88633378,1989634402,1987632452,1988633378,1989,63,4402,1987,63,2452,1988,63,3378,0,0
89PE02960,89634403,87632452,88633429,1989634403,1987632452,1988633429,1989,63,4403,1987,63,2452,1988,63,3429,0,0
89PE02961,89634404,87632578,88633103,1989634404,1987632578,1988633103,1989,63,4404,1987,63,2578,1988,63,3103,0,0
89PE02962,89634405,87632578,88633402,1989634405,1987632578,1988633402,1989,63,4405,1987,63,2578,1988,63,3402,0,0
89PE02963,89634406,87632504,88633368,1989634406,1987632504,1988633368,1989,63,4406,1987,63,2504,1988,63,3368,0,0
89PE02964,89634407,87632578,88633070,1989634407,1987632578,1988633070,1989,63,4407,1987,63,2578,1988,63,3070,0,0
89PE02965,89634408,87632452,88633249,1989634408,1987632452,1988633249,1989,63,4408,1987,63,2452,1988,63,3249,0,0
89PE02966,89634409,87632504,88633172,1989634409,1987632504,1988633172,1989,63,4409,1987,63,2504,1988,63,3172,0,0
89PE02967,89634410,87632578,88633175,1989634410,1987632578,1988633175,1989,63,4410,1987,63,2578,1988,63,3175,0,0
89PE02968,89634411,87632612,88633464,1989634411,1987632612,1988633464,1989,63,4411,1987,63,2612,1988,63,3464,0,0
89PE02969,89634412,87632578,88633340,1989634412,1987632578,1988633340,1989,63,4412,1987,63,2578,1988,63,3340,0,0
89PE02970,89634413,87632612,88633219,1989634413,1987632612,1988633219,1989,63,4413,1987,63,2612,1988,63,3219,0,0
89PE02971,89808097,87000000,84195495,1989808097,US00875495,1984195495,1989,80,8097,1987,00,0000,1984,19,5495,0,0
89PE02972,89808098,87000000,86029231,1989808098,US00879231,1986029231,1989,80,8098,1987,00,0000,1986,02,9231,0,0
89PE02973,89808099,87000000,86029231,1989808099,US00879231,1986029231,1989,80,8099,1987,00,0000,1986,02,9231,0,0
89PE02974,89808100,87000000,83194794,1989808100,US00874794,1983194794,1989,80,8100,1987,00,0000,1983,19,4794,0,0
89PE02975,89808101,87000000,83194794,1989808101,US00874794,1983194794,1989,80,8101,1987,00,0000,1983,19,4794,0,0
89PE02976,89808102,87000000,83194794,1989808102,US00874794,1983194794,1989,80,8102,1987,00,0000,1983,19,4794,0,0
89PE02977,89808103,87000000,82194183,1989808103,US00874183,1982194183,1989,80,8103,1987,00,0000,1982,19,4183,0,0
89PE02978,89808104,87000000,86197409,1989808104,US00877409,1986197409,1989,80,8104,1987,00,0000,1986,19,7409,0,0
89PE02979,89808105,87000000,85196731,1989808105,US00876731,1985196731,1989,80,8105,1987,00,0000,1985,19,6731,0,0
89PE02980,89808106,87000000,84630763,1989808106,US00870763,1984630763,1989,80,8106,1987,00,0000,1984,63,0763,0,0
89PE02981,89808107,87000000,86632290,1989808107,US00872290,1986632290,1989,80,8107,1987,00,0000,1986,63,2290,0,0
89PE02982,89808108,87000000,83194754,1989808108,US00874754,1983194754,1989,80,8108,1987,00,0000,1983,19,4754,0,0
89PE02983,89808109,87000000,82194055,1989808109,US00874055,1982194055,1989,80,8109,1987,00,0000,1982,19,4055,0,0
89PE02984,89808110,87000000,83194735,1989808110,US00874735,1983194735,1989,80,8110,1987,00,0000,1983,19,4735,0,0
89PE02985,89808111,87000000,83194735,1989808111,US00874735,1983194735,1989,80,8111,1987,00,0000,1983,19,4735,0,0
89PE02986,89808112,87000000,86197106,1989808112,US00877106,1986197106,1989,80,8112,1987,00,0000,1986,19,7106,0,0
89PE02987,89808113,87000000,86197106,1989808113,US00877106,1986197106,1989,80,8113,1987,00,0000,1986,19,7106,0,0
89PE02988,89808114,87000000,85437556,1989808114,US00877556,1985437556,1989,80,8114,1987,00,0000,1985,43,7556,0,0
89PE02989,89808115,87000000,86197060,1989808115,US00877060,1986197060,1989,80,8115,1987,00,0000,1986,19,7060,0,0
89PE02990,89808116,87000000,85196566,1989808116,US00876566,1985196566,1989,80,8116,1987,00,0000,1985,19,6566,0,0
89PE02991,89808117,87000000,84195403,1989808117,US00875403,1984195403,1989,80,8117,1987,00,0000,1984,19,5403,0,0
89PE02992,89808118,87000000,83194988,1989808118,US00874988,1983194988,1989,80,8118,1987,00,0000,1983,19,4988,0,0
89PE02993,89808119,87000000,86197385,1989808119,US00877385,1986197385,1989,80,8119,1987,00,0000,1986,19,7385,0,0
89PE02994,89808120,87000000,85196465,1989808120,US00876465,1985196465,1989,80,8120,1987,00,0000,1985,19,6465,0,0
89PE02995,89808121,87000000,85196465,1989808121,US00876465,1985196465,1989,80,8121,1987,00,0000,1985,19,6465,0,0
89PE02996,89808122,87000000,86437775,1989808122,US00877775,1986437775,1989,80,8122,1987,00,0000,1986,43,7775,0,0
89PE02997,89808123,87000000,86437775,1989808123,US00877775,1986437775,1989,80,8123,1987,00,0000,1986,43,7775,0,0
89PE02998,89808124,87000000,83194949,1989808124,US00874949,1983194949,1989,80,8124,1987,00,0000,1983,19,4949,0,0
89PE02999,89808125,87000000,86197370,1989808125,US00877370,1986197370,1989,80,8125,1987,00,0000,1986,19,7370,0,0
89PE03000,89808126,87000000,86196954,1989808126,US00876954,1986196954,1989,80,8126,1987,00,0000,1986,19,6954,0,0
89PE03001,89808127,87000000,86196954,1989808127,US00876954,1986196954,1989,80,8127,1987,00,0000,1986,19,6954,0,0
89PE03002,89808128,87000000,86197040,1989808128,US00877040,1986197040,1989,80,8128,1987,00,0000,1986,19,7040,0,0
89PE03003,89808129,87000000,86197040,1989808129,US00877040,1986197040,1989,80,8129,1987,00,0000,1986,19,7040,0,0
89PE03004,89808130,87000000,86197454,1989808130,US00877454,1986197454,1989,80,8130,1987,00,0000,1986,19,7454,0,0
89PE03005,89808131,87000000,82194606,1989808131,US00874606,1982194606,1989,80,8131,1987,00,0000,1982,19,4606,0,0
89PE03006,89808132,87000000,82194606,1989808132,US00874606,1982194606,1989,80,8132,1987,00,0000,1982,19,4606,0,0
89PE03007,89808133,87000000,84436754,1989808133,US00876754,1984436754,1989,80,8133,1987,00,0000,1984,43,6754,0,0
89PE03008,89808134,87000000,86197551,1989808134,US00877551,1986197551,1989,80,8134,1987,00,0000,1986,19,7551,0,0
89PE03009,89808135,87000000,86437695,1989808135,US00877695,1986437695,1989,80,8135,1987,00,0000,1986,43,7695,0,0
89PE03010,89808136,87000000,86437695,1989808136,US00877695,1986437695,1989,80,8136,1987,00,0000,1986,43,7695,0,0
89PE03011,89808137,87000000,85196406,1989808137,US00876406,1985196406,1989,80,8137,1987,00,0000,1985,19,6406,0,0
89PE03012,89808138,87000000,85196406,1989808138,US00876406,1985196406,1989,80,8138,1987,00,0000,1985,19,6406,0,0
89PE03013,89808139,87000000,86197127,1989808139,US00877127,1986197127,1989,80,8139,1987,00,0000,1986,19,7127,0,0
89PE03014,89808140,87000000,85196297,1989808140,US00876297,1985196297,1989,80,8140,1987,00,0000,1985,19,6297,0,0
89PE03015,89808141,87000000,85196297,1989808141,US00876297,1985196297,1989,80,8141,1987,00,0000,1985,19,6297,0,0
89PE03016,89808142,87000000,83435740,1989808142,US00875740,1983435740,1989,80,8142,1987,00,0000,1983,43,5740,0,0
89PE03017,89808143,87000000,86197426,1989808143,US00877426,1986197426,1989,80,8143,1987,00,0000,1986,19,7426,0,0
89PE03018,89808144,87000000,86197426,1989808144,US00877426,1986197426,1989,80,8144,1987,00,0000,1986,19,7426,0,0
89PE03019,89808145,87000000,82194415,1989808145,US00874415,1982194415,1989,80,8145,1987,00,0000,1982,19,4415,0,0
89PE03020,89808146,87000000,83435519,1989808146,US00875519,1983435519,1989,80,8146,1987,00,0000,1983,43,5519,0,0
89PE03021,89808147,87000000,83435519,1989808147,US00875519,1983435519,1989,80,8147,1987,00,0000,1983,43,5519,0,0
89PE03022,89808148,87000000,85437108,1989808148,US00877108,1985437108,1989,80,8148,1987,00,0000,1985,43,7108,0,0
89PE03023,89808149,87000000,85437108,1989808149,US00877108,1985437108,1989,80,8149,1987,00,0000,1985,43,7108,0,0
89PE03024,89808150,87000000,85196281,1989808150,US00876281,1985196281,1989,80,8150,1987,00,0000,1985,19,6281,0,0
89PE03025,89808151,87000000,85196281,1989808151,US00876281,1985196281,1989,80,8151,1987,00,0000,1985,19,6281,0,0
89PE03026,89808152,87000000,82194122,1989808152,US00874122,1982194122,1989,80,8152,1987,00,0000,1982,19,4122,0,0
89PE03027,89808153,87000000,82194122,1989808153,US00874122,1982194122,1989,80,8153,1987,00,0000,1982,19,4122,0,0
89PE03028,89808154,87000000,85437351,1989808154,US00877351,1985437351,1989,80,8154,1987,00,0000,1985,43,7351,0,0
89PE03029,89808155,87000000,85437351,1989808155,US00877351,1985437351,1989,80,8155,1987,00,0000,1985,43,7351,0,0
89PE03030,89808156,87000000,85437538,1989808156,US00877538,1985437538,1989,80,8156,1987,00,0000,1985,43,7538,0,0
89PE03031,89808157,87000000,85196440,1989808157,US00876440,1985196440,1989,80,8157,1987,00,0000,1985,19,6440,0,0
89PE03032,89808158,87000000,85196440,1989808158,US00876440,1985196440,1989,80,8158,1987,00,0000,1985,19,6440,0,0
89PE03033,89808159,87000000,84195699,1989808159,US00875699,1984195699,1989,80,8159,1987,00,0000,1984,19,5699,0,0
89PE03034,89808160,87000000,84195699,1989808160,US00875699,1984195699,1989,80,8160,1987,00,0000,1984,19,5699,0,0
89PE03035,89808161,87000000,85196695,1989808161,US00876695,1985196695,1989,80,8161,1987,00,0000,1985,19,6695,0,0
89PE03036,89808162,87000000,85196695,1989808162,US00876695,1985196695,1989,80,8162,1987,00,0000,1985,19,6695,0,0
89PE03037,89808163,87000000,82434989,1989808163,US00874989,1982434989,1989,80,8163,1987,00,0000,1982,43,4989,0,0
89PE03038,89808164,87000000,82434989,1989808164,US00874989,1982434989,1989,80,8164,1987,00,0000,1982,43,4989,0,0
89PE03039,89808165,87000000,85196152,1989808165,US00876152,1985196152,1989,80,8165,1987,00,0000,1985,19,6152,0,0
89PE03040,89808166,87000000,84195849,1989808166,US00875849,1984195849,1989,80,8166,1987,00,0000,1984,19,5849,0,0
89PE03041,89808167,87000000,85437048,1989808167,US00877048,1985437048,1989,80,8167,1987,00,0000,1985,43,7048,0,0
89PE03042,89808168,87000000,85437048,1989808168,US00877048,1985437048,1989,80,8168,1987,00,0000,1985,43,7048,0,0
89PE03043,89808169,87000000,88199072,1989808169,US00879072,1988199072,1989,80,8169,1987,00,0000,1988,19,9072,0,0
89PE03044,89808170,87190000,88805735,1989808170,US19875735,1988805735,1989,80,8170,1987,19,0000,1988,80,5735,0,0
89PE03045,89808171,87190000,88805735,1989808171,US19875735,1988805735,1989,80,8171,1987,19,0000,1988,80,5735,0,0
89PE03046,89808172,87190000,88805883,1989808172,US19875883,1988805883,1989,80,8172,1987,19,0000,1988,80,5883,0,0
89PE03047,89808173,87190000,88805883,1989808173,US19875883,1988805883,1989,80,8173,1987,19,0000,1988,80,5883,0,0
89PE03048,89808174,84970022,83974517,1989808174,1984970022,1983974517,1989,80,8174,1984,97,0022,1983,97,4517,0,0
89PE03049,89808175,84970022,83974517,1989808175,1984970022,1983974517,1989,80,8175,1984,97,0022,1983,97,4517,0,0
89PE03050,89808176,84970022,83974537,1989808176,1984970022,1983974537,1989,80,8176,1984,97,0022,1983,97,4537,0,0
89PE03051,89808177,84970022,83974537,1989808177,1984970022,1983974537,1989,80,8177,1984,97,0022,1983,97,4537,0,0
89PE03052,89808178,88439468,87438766,1989808178,1988439468,1987438766,1989,80,8178,1988,43,9468,1987,43,8766,0,0
89PE03053,89808179,87190000,88807171,1989808179,US19877171,1988807171,1989,80,8179,1987,19,0000,1988,80,7171,0,0
89PE03054,89808180,85979218,85978761,1989808180,1985979218,1985978761,1989,80,8180,1985,97,9218,1985,97,8761,0,0
89PE03055,89808181,85979218,85978761,1989808181,1985979218,1985978761,1989,80,8181,1985,97,9218,1985,97,8761,0,0
89PE03056,89808182,84970022,83974597,1989808182,1984970022,1983974597,1989,80,8182,1984,97,0022,1983,97,4597,0,0
89PE03057,89808183,84970022,83974597,1989808183,1984970022,1983974597,1989,80,8183,1984,97,0022,1983,97,4597,0,0
89PE03058,89808184,84970022,85978799,1989808184,1984970022,1985978799,1989,80,8184,1984,97,0022,1985,97,8799,0,0
89PE03059,89808185,87190000,88806422,1989808185,US19876422,1988806422,1989,80,8185,1987,19,0000,1988,80,6422,0,0
89PE03060,89808186,87190000,88805665,1989808186,US19875665,1988805665,1989,80,8186,1987,19,0000,1988,80,5665,0,0
89PE03061,89808187,87190000,88805665,1989808187,US19875665,1988805665,1989,80,8187,1987,19,0000,1988,80,5665,0,0
89PE03062,89808188,85979218,86801452,1989808188,1985979218,1986801452,1989,80,8188,1985,97,9218,1986,80,1452,0,0
89PE03063,89808189,85979218,86801452,1989808189,1985979218,1986801452,1989,80,8189,1985,97,9218,1986,80,1452,0,0
89PE03064,89808190,85979218,87803518,1989808190,1985979218,1987803518,1989,80,8190,1985,97,9218,1987,80,3518,0,0
89PE03065,89808191,87190000,88805792,1989808191,US19875792,1988805792,1989,80,8191,1987,19,0000,1988,80,5792,0,0
89PE03066,89808192,87190000,88805792,1989808192,US19875792,1988805792,1989,80,8192,1987,19,0000,1988,80,5792,0,0
89PE03067,89808193,87190000,88806637,1989808193,US19876637,1988806637,1989,80,8193,1987,19,0000,1988,80,6637,0,0
89PE03068,89808194,87190000,88806637,1989808194,US19876637,1988806637,1989,80,8194,1987,19,0000,1988,80,6637,0,0
89PE03069,89808195,87190000,88806800,1989808195,US19876800,1988806800,1989,80,8195,1987,19,0000,1988,80,6800,0,0
89PE03070,89808196,86800949,88806211,1989808196,1986800949,1988806211,1989,80,8196,1986,80,0949,1988,80,6211,0,0
89PE03071,89808197,87190000,88807701,1989808197,US19877701,1988807701,1989,80,8197,1987,19,0000,1988,80,7701,0,0
89PE03072,89808198,87190000,88807701,1989808198,US19877701,1988807701,1989,80,8198,1987,19,0000,1988,80,7701,0,0
89PE03073,89808199,87190000,88807102,1989808199,US19877102,1988807102,1989,80,8199,1987,19,0000,1988,80,7102,0,0
89PE03074,89808200,87190000,88807755,1989808200,US19877755,1988807755,1989,80,8200,1987,19,0000,1988,80,7755,0,0
89PE03075,89808201,87190000,88806999,1989808201,US19876999,1988806999,1989,80,8201,1987,19,0000,1988,80,6999,0,0
89PE03076,89808202,87190000,88806999,1989808202,US19876999,1988806999,1989,80,8202,1987,19,0000,1988,80,6999,0,0
89PE03077,89808203,85979218,87803706,1989808203,1985979218,1987803706,1989,80,8203,1985,97,9218,1987,80,3706,0,0
89PE03078,89808204,87190000,88806722,1989808204,US19876722,1988806722,1989,80,8204,1987,19,0000,1988,80,6722,0,0
89PE03079,89808205,87190000,88806722,1989808205,US19876722,1988806722,1989,80,8205,1987,19,0000,1988,80,6722,0,0
89PE03080,89808206,84970022,87804150,1989808206,1984970022,1987804150,1989,80,8206,1984,97,0022,1987,80,4150,0,0
89PE03081,89808207,84970022,87804150,1989808207,1984970022,1987804150,1989,80,8207,1984,97,0022,1987,80,4150,0,0
89PE03082,89808208,87190000,88806705,1989808208,US19876705,1988806705,1989,80,8208,1987,19,0000,1988,80,6705,0,0
89PE03083,89808209,87190000,88806705,1989808209,US19876705,1988806705,1989,80,8209,1987,19,0000,1988,80,6705,0,0
89PE03084,89808210,87190000,88806120,1989808210,US19876120,1988806120,1989,80,8210,1987,19,0000,1988,80,6120,0,0
89PE03085,89808211,87190000,88805955,1989808211,US19875955,1988805955,1989,80,8211,1987,19,0000,1988,80,5955,0,0
89PE03086,89808212,87190000,88807720,1989808212,US19877720,1988807720,1989,80,8212,1987,19,0000,1988,80,7720,0,0
89PE03087,89808213,87190000,88806945,1989808213,US19876945,1988806945,1989,80,8213,1987,19,0000,1988,80,6945,0,0
89PE03088,89808214,87190000,88805667,1989808214,US19875667,1988805667,1989,80,8214,1987,19,0000,1988,80,5667,0,0
89PE03089,89808215,87190000,88805667,1989808215,US19875667,1988805667,1989,80,8215,1987,19,0000,1988,80,5667,0,0
89PE03090,89808216,84970022,87803517,1989808216,1984970022,1987803517,1989,80,8216,1984,97,0022,1987,80,3517,0,0
89PE03091,89808217,84970022,87803517,1989808217,1984970022,1987803517,1989,80,8217,1984,97,0022,1987,80,3517,0,0
89PE03092,89808218,87190000,88805680,1989808218,US19875680,1988805680,1989,80,8218,1987,19,0000,1988,80,5680,0,0
89PE03093,89808219,86800949,88805923,1989808219,1986800949,1988805923,1989,80,8219,1986,80,0949,1988,80,5923,0,0
89PE03094,89808220,87190000,88805834,1989808220,US19875834,1988805834,1989,80,8220,1987,19,0000,1988,80,5834,0,0
89PE03095,89808221,84970022,86801724,1989808221,1984970022,1986801724,1989,80,8221,1984,97,0022,1986,80,1724,0,0
89PE03096,89808222,87190000,88807424,1989808222,US19877424,1988807424,1989,80,8222,1987,19,0000,1988,80,7424,0,0
89PE03097,89808223,84970022,86801724,1989808223,1984970022,1986801724,1989,80,8223,1984,97,0022,1986,80,1724,0,0
89PE03098,89808224,84970022,86801724,1989808224,1984970022,1986801724,1989,80,8224,1984,97,0022,1986,80,1724,0,0
89PE03099,89808225,84970022,87805509,1989808225,1984970022,1987805509,1989,80,8225,1984,97,0022,1987,80,5509,0,0
89PE03100,89808226,84970022,87805509,1989808226,1984970022,1987805509,1989,80,8226,1984,97,0022,1987,80,5509,0,0
89PE03101,89808227,84970022,87804881,1989808227,1984970022,1987804881,1989,80,8227,1984,97,0022,1987,80,4881,0,0
89PE03102,89808228,87190000,88805712,1989808228,US19875712,1988805712,1989,80,8228,1987,19,0000,1988,80,5712,0,0
89PE03103,89808229,87190000,88805712,1989808229,US19875712,1988805712,1989,80,8229,1987,19,0000,1988,80,5712,0,0
89PE03104,89808230,87190000,88805668,1989808230,US19875668,1988805668,1989,80,8230,1987,19,0000,1988,80,5668,0,0
89PE03105,89808231,86800949,88805700,1989808231,1986800949,1988805700,1989,80,8231,1986,80,0949,1988,80,5700,0,0
89PE03106,89808232,85979218,87803667,1989808232,1985979218,1987803667,1989,80,8232,1985,97,9218,1987,80,3667,0,0
89PE03107,89808233,87190000,88805896,1989808233,US19875896,1988805896,1989,80,8233,1987,19,0000,1988,80,5896,0,0
89PE03108,89808234,87190000,88807864,1989808234,US19877864,1988807864,1989,80,8234,1987,19,0000,1988,80,7864,0,0
89PE03109,89808235,87190000,88807864,1989808235,US19877864,1988807864,1989,80,8235,1987,19,0000,1988,80,7864,0,0
89PE03110,89808236,85979218,87803830,1989808236,1985979218,1987803830,1989,80,8236,1985,97,9218,1987,80,3830,0,0
89PE03111,89808237,86800949,88805836,1989808237,1986800949,1988805836,1989,80,8237,1986,80,0949,1988,80,5836,0,0
89PE03112,89808238,87190000,88806731,1989808238,US19876731,1988806731,1989,80,8238,1987,19,0000,1988,80,6731,0,0
89PE03113,89808239,87190000,88806731,1989808239,US19876731,1988806731,1989,80,8239,1987,19,0000,1988,80,6731,0,0
89PE03114,89808240,84970022,83974527,1989808240,1984970022,1983974527,1989,80,8240,1984,97,0022,1983,97,4527,0,0
89PE03115,89808241,84970022,83974527,1989808241,1984970022,1983974527,1989,80,8241,1984,97,0022,1983,97,4527,0,0
89PE03116,89808242,85979218,85979037,1989808242,1985979218,1985979037,1989,80,8242,1985,97,9218,1985,97,9037,0,0
89PE03117,89808243,85979218,85979037,1989808243,1985979218,1985979037,1989,80,8243,1985,97,9218,1985,97,9037,0,0
89PE03118,89808244,85979218,85979037,1989808244,1985979218,1985979037,1989,80,8244,1985,97,9218,1985,97,9037,0,0
89PE03119,89808245,84970022,83974564,1989808245,1984970022,1983974564,1989,80,8245,1984,97,0022,1983,97,4564,0,0
89PE03120,89808246,84970022,83974564,1989808246,1984970022,1983974564,1989,80,8246,1984,97,0022,1983,97,4564,0,0
89PE03121,89808247,84970022,83974564,1989808247,1984970022,1983974564,1989,80,8247,1984,97,0022,1983,97,4564,0,0
89PE03122,89808248,85979218,86801233,1989808248,1985979218,1986801233,1989,80,8248,1985,97,9218,1986,80,1233,0,0
89PE03123,89808249,85979218,86801233,1989808249,1985979218,1986801233,1989,80,8249,1985,97,9218,1986,80,1233,0,0
89PE03124,89808250,87190000,88807726,1989808250,US19877726,1988807726,1989,80,8250,1987,19,0000,1988,80,7726,0,0
89PE03125,89808251,87190000,88807726,1989808251,US19877726,1988807726,1989,80,8251,1987,19,0000,1988,80,7726,0,0
89PE03126,89808252,84970022,86801148,1989808252,1984970022,1986801148,1989,80,8252,1984,97,0022,1986,80,1148,0,0
89PE03127,89808253,85979218,87803829,1989808253,1985979218,1987803829,1989,80,8253,1985,97,9218,1987,80,3829,0,0
89PE03128,89808254,84970022,84976577,1989808254,1984970022,1984976577,1989,80,8254,1984,97,0022,1984,97,6577,0,0
89PE03129,89808255,84970022,84976577,1989808255,1984970022,1984976577,1989,80,8255,1984,97,0022,1984,97,6577,0,0
89PE03130,89808256,84970022,85978610,1989808256,1984970022,1985978610,1989,80,8256,1984,97,0022,1985,97,8610,0,0
89PE03131,89808257,87190000,88807486,1989808257,US19877486,1988807486,1989,80,8257,1987,19,0000,1988,80,7486,0,0
89PE03132,89808258,87190000,88806654,1989808258,US19876654,1988806654,1989,80,8258,1987,19,0000,1988,80,6654,0,0
89PE03133,89808259,87190000,88806654,1989808259,US19876654,1988806654,1989,80,8259,1987,19,0000,1988,80,6654,0,0
89PE03134,89808260,87970000,87805457,1989808260,US97875457,1987805457,1989,80,8260,1987,97,0000,1987,80,5457,0,0
89PE03135,89808261,87970000,87805457,1989808261,US97875457,1987805457,1989,80,8261,1987,97,0000,1987,80,5457,0,0
89PE03136,89808262,87190000,88807654,1989808262,US19877654,1988807654,1989,80,8262,1987,19,0000,1988,80,7654,0,0
89PE03137,89808263,85979218,87804012,1989808263,1985979218,1987804012,1989,80,8263,1985,97,9218,1987,80,4012,0,0
89PE03138,89808264,85979218,87804012,1989808264,1985979218,1987804012,1989,80,8264,1985,97,9218,1987,80,4012,0,0
89PE03139,89808265,87190000,88806093,1989808265,US19876093,1988806093,1989,80,8265,1987,19,0000,1988,80,6093,0,0
89PE03140,89808266,87190000,88807564,1989808266,US19877564,1988807564,1989,80,8266,1987,19,0000,1988,80,7564,0,0
89PE03141,89808267,87190000,88807076,1989808267,US19877076,1988807076,1989,80,8267,1987,19,0000,1988,80,7076,0,0
89PE03142,89808268,87190000,88807076,1989808268,US19877076,1988807076,1989,80,8268,1987,19,0000,1988,80,7076,0,0
89PE03143,89808269,85979218,83974553,1989808269,1985979218,1983974553,1989,80,8269,1985,97,9218,1983,97,4553,0,0
89PE03144,89808270,85979218,83974553,1989808270,1985979218,1983974553,1989,80,8270,1985,97,9218,1983,97,4553,0,0
89PE03145,89808271,84970022,83974570,1989808271,1984970022,1983974570,1989,80,8271,1984,97,0022,1983,97,4570,0,0
89PE03146,89808272,84970022,83974570,1989808272,1984970022,1983974570,1989,80,8272,1984,97,0022,1983,97,4570,0,0
89PE03147,89808273,87970000,83630472,1989808273,US97870472,1983630472,1989,80,8273,1987,97,0000,1983,63,0472,0,0
89PE03148,89808274,87970000,83630472,1989808274,US97870472,1983630472,1989,80,8274,1987,97,0000,1983,63,0472,0,0
89PE03149,89808275,87190000,88805958,1989808275,US19875958,1988805958,1989,80,8275,1987,19,0000,1988,80,5958,0,0
89PE03150,89808276,85979218,85978956,1989808276,1985979218,1985978956,1989,80,8276,1985,97,9218,1985,97,8956,0,0
89PE03151,89808277,85979218,85978956,1989808277,1985979218,1985978956,1989,80,8277,1985,97,9218,1985,97,8956,0,0
89PE03152,89808278,87190000,88806355,1989808278,US19876355,1988806355,1989,80,8278,1987,19,0000,1988,80,6355,0,0
89PE03153,89808279,87190000,88805691,1989808279,US19875691,1988805691,1989,80,8279,1987,19,0000,1988,80,5691,0,0
89PE03154,89808280,87190000,88805691,1989808280,US19875691,1988805691,1989,80,8280,1987,19,0000,1988,80,5691,0,0
89PE03155,89808281,85979218,86801158,1989808281,1985979218,1986801158,1989,80,8281,1985,97,9218,1986,80,1158,0,0
89PE03156,89808282,85979218,86801160,1989808282,1985979218,1986801160,1989,80,8282,1985,97,9218,1986,80,1160,0,0
89PE03157,89808283,85979218,86801160,1989808283,1985979218,1986801160,1989,80,8283,1985,97,9218,1986,80,1160,0,0
89PE03158,89808284,84970022,84976554,1989808284,1984970022,1984976554,1989,80,8284,1984,97,0022,1984,97,6554,0,0
89PE03159,89808285,84970022,84976554,1989808285,1984970022,1984976554,1989,80,8285,1984,97,0022,1984,97,6554,0,0
89PE03160,89808286,84970022,84976554,1989808286,1984970022,1984976554,1989,80,8286,1984,97,0022,1984,97,6554,0,0
89PE03161,89808287,87190000,88807290,1989808287,US19877290,1988807290,1989,80,8287,1987,19,0000,1988,80,7290,0,0
89PE03162,89808288,86800949,88805936,1989808288,1986800949,1988805936,1989,80,8288,1986,80,0949,1988,80,5936,0,0
89PE03163,89808289,86802162,84631022,1989808289,1986802162,1984631022,1989,80,8289,1986,80,2162,1984,63,1022,0,0
89PE03164,89808290,87190000,88807878,1989808290,US19877878,1988807878,1989,80,8290,1987,19,0000,1988,80,7878,0,0
89PE03165,89808291,84970022,82972471,1989808291,1984970022,1982972471,1989,80,8291,1984,97,0022,1982,97,2471,0,0
89PE03166,89808292,84970022,82972471,1989808292,1984970022,1982972471,1989,80,8292,1984,97,0022,1982,97,2471,0,0
89PE03167,89808293,84970022,82972471,1989808293,1984970022,1982972471,1989,80,8293,1984,97,0022,1982,97,2471,0,0
89PE03168,89808294,87970000,85196220,1989808294,US97876220,1985196220,1989,80,8294,1987,97,0000,1985,19,6220,0,0
89PE03169,89808295,87190000,88806799,1989808295,US19876799,1988806799,1989,80,8295,1987,19,0000,1988,80,6799,0,0
89PE03170,89808296,87190000,88806799,1989808296,US19876799,1988806799,1989,80,8296,1987,19,0000,1988,80,6799,0,0
89PE03171,89808297,87970000,86801903,1989808297,US97871903,1986801903,1989,80,8297,1987,97,0000,1986,80,1903,0,0
89PE03172,89808298,87970000,86801903,1989808298,US97871903,1986801903,1989,80,8298,1987,97,0000,1986,80,1903,0,0
89PE03173,89808299,87190000,88805987,1989808299,US19875987,1988805987,1989,80,8299,1987,19,0000,1988,80,5987,0,0
89PE03174,89808300,87190000,88806616,1989808300,US19876616,1988806616,1989,80,8300,1987,19,0000,1988,80,6616,0,0
89PE03175,89808301,87190000,88806616,1989808301,US19876616,1988806616,1989,80,8301,1987,19,0000,1988,80,6616,0,0
89PE03176,89808302,87190000,88806616,1989808302,US19876616,1988806616,1989,80,8302,1987,19,0000,1988,80,6616,0,0
89PE03177,89808303,86802162,87805113,1989808303,1986802162,1987805113,1989,80,8303,1986,80,2162,1987,80,5113,0,0
89PE03178,89808304,86802162,87805113,1989808304,1986802162,1987805113,1989,80,8304,1986,80,2162,1987,80,5113,0,0
89PE03179,89808305,87190000,88806701,1989808305,US19876701,1988806701,1989,80,8305,1987,19,0000,1988,80,6701,0,0
89PE03180,89808306,87190000,88806701,1989808306,US19876701,1988806701,1989,80,8306,1987,19,0000,1988,80,6701,0,0
89PE03181,89808307,87190000,88806733,1989808307,US19876733,1988806733,1989,80,8307,1987,19,0000,1988,80,6733,0,0
89PE03182,89808308,87190000,88806733,1989808308,US19876733,1988806733,1989,80,8308,1987,19,0000,1988,80,6733,0,0
89PE03183,89808309,87970000,87803753,1989808309,US97873753,1987803753,1989,80,8309,1987,97,0000,1987,80,3753,0,0
89PE03184,89808310,87970000,87803753,1989808310,US97873753,1987803753,1989,80,8310,1987,97,0000,1987,80,3753,0,0
89PE03185,89808311,87190000,88807572,1989808311,US19877572,1988807572,1989,80,8311,1987,19,0000,1988,80,7572,0,0
89PE03186,89808312,87970000,84946987,1989808312,US97876987,1984946987,1989,80,8312,1987,97,0000,1984,94,6987,0,0
89PE03187,89808313,87970000,84946987,1989808313,US97876987,1984946987,1989,80,8313,1987,97,0000,1984,94,6987,0,0
89PE03188,89808314,87190000,88807514,1989808314,US19877514,1988807514,1989,80,8314,1987,19,0000,1988,80,7514,0,0
89PE03189,89808315,87190000,88807254,1989808315,US19877254,1988807254,1989,80,8315,1987,19,0000,1988,80,7254,0,0
89PE03190,89808316,87190000,88805827,1989808316,US19875827,1988805827,1989,80,8316,1987,19,0000,1988,80,5827,0,0
89PE03191,89808317,87970000,87803808,1989808317,US97873808,1987803808,1989,80,8317,1987,97,0000,1987,80,3808,0,0
89PE03192,89808318,87970000,87803808,1989808318,US97873808,1987803808,1989,80,8318,1987,97,0000,1987,80,3808,0,0
89PE03193,89808319,84970022,86801029,1989808319,1984970022,1986801029,1989,80,8319,1984,97,0022,1986,80,1029,0,0
89PE03194,89808320,84970022,86801029,1989808320,1984970022,1986801029,1989,80,8320,1984,97,0022,1986,80,1029,0,0
89PE03195,89808321,87190000,88805890,1989808321,US19875890,1988805890,1989,80,8321,1987,19,0000,1988,80,5890,0,0
89PE03196,89808322,87190000,88805890,1989808322,US19875890,1988805890,1989,80,8322,1987,19,0000,1988,80,5890,0,0
89PE03197,89808323,87970000,85948930,1989808323,US97878930,1985948930,1989,80,8323,1987,97,0000,1985,94,8930,0,0
89PE03198,89808324,87970000,85948930,1989808324,US97878930,1985948930,1989,80,8324,1987,97,0000,1985,94,8930,0,0
89PE03199,89808325,87970000,87803717,1989808325,US97873717,1987803717,1989,80,8325,1987,97,0000,1987,80,3717,0,0
89PE03200,89808326,87970000,87803717,1989808326,US97873717,1987803717,1989,80,8326,1987,97,0000,1987,80,3717,0,0
89PE03201,89808327,87970000,85949179,1989808327,US97879179,1985949179,1989,80,8327,1987,97,0000,1985,94,9179,0,0
89PE03202,89808329,87970000,85949179,1989808329,US97879179,1985949179,1989,80,8329,1987,97,0000,1985,94,9179,0,0
89PE03203,89808330,87970000,85949179,1989808330,US97879179,1985949179,1989,80,8330,1987,97,0000,1985,94,9179,0,0
89PE03204,89808331,87190000,88805878,1989808331,US19875878,1988805878,1989,80,8331,1987,19,0000,1988,80,5878,0,0
89PE03205,89808332,87970000,84946876,1989808332,US97876876,1984946876,1989,80,8332,1987,97,0000,1984,94,6876,0,0
89PE03206,89808333,87970000,84946876,1989808333,US97876876,1984946876,1989,80,8333,1987,97,0000,1984,94,6876,0,0
89PE03207,89808334,87970000,86800917,1989808334,US97870917,1986800917,1989,80,8334,1987,97,0000,1986,80,0917,0,0
89PE03208,89808335,87970000,86800917,1989808335,US97870917,1986800917,1989,80,8335,1987,97,0000,1986,80,0917,0,0
89PE03209,89808336,87970000,84946881,1989808336,US97876881,1984946881,1989,80,8336,1987,97,0000,1984,94,6881,0,0
89PE03210,89808337,87970000,84946881,1989808337,US97876881,1984946881,1989,80,8337,1987,97,0000,1984,94,6881,0,0
89PE03211,89808338,87970000,84946876,1989808338,US97876876,1984946876,1989,80,8338,1987,97,0000,1984,94,6876,0,0
89PE03212,89808339,85979218,86801161,1989808339,1985979218,1986801161,1989,80,8339,1985,97,9218,1986,80,1161,0,0
89PE03213,89808340,87970000,87803764,1989808340,US97873764,1987803764,1989,80,8340,1987,97,0000,1987,80,3764,0,0
89PE03214,89808341,87970000,87803764,1989808341,US97873764,1987803764,1989,80,8341,1987,97,0000,1987,80,3764,0,0
89PE03215,89808342,87970000,87803630,1989808342,US97873630,1987803630,1989,80,8342,1987,97,0000,1987,80,3630,0,0
89PE03216,89808343,87970000,87803630,1989808343,US97873630,1987803630,1989,80,8343,1987,97,0000,1987,80,3630,0,0
89PE03217,89808344,87970000,87803578,1989808344,US97873578,1987803578,1989,80,8344,1987,97,0000,1987,80,3578,0,0
89PE03218,89808345,87970000,87803578,1989808345,US97873578,1987803578,1989,80,8345,1987,97,0000,1987,80,3578,0,0
89PE03219,89808346,87190000,88807155,1989808346,US19877155,1988807155,1989,80,8346,1987,19,0000,1988,80,7155,0,0
89PE03220,89808347,87970000,86801531,1989808347,US97871531,1986801531,1989,80,8347,1987,97,0000,1986,80,1531,0,0
89PE03221,89808348,87970000,86801531,1989808348,US97871531,1986801531,1989,80,8348,1987,97,0000,1986,80,1531,0,0
89PE03222,89808349,86196923,82943558,1989808349,1986196923,1982943558,1989,80,8349,1986,19,6923,1982,94,3558,0,0
89PE03223,89808350,87970000,84947084,1989808350,US97877084,1984947084,1989,80,8350,1987,97,0000,1984,94,7084,0,0
89PE03224,89808351,87970000,82944235,1989808351,US97874235,1982944235,1989,80,8351,1987,97,0000,1982,94,4235,0,0
89PE03225,89808352,87970000,82944235,1989808352,US97874235,1982944235,1989,80,8352,1987,97,0000,1982,94,4235,0,0
89PE03226,89808353,87970000,87803508,1989808353,US97873508,1987803508,1989,80,8353,1987,97,0000,1987,80,3508,0,0
89PE03227,89808354,87970000,86801105,1989808354,US97871105,1986801105,1989,80,8354,1987,97,0000,1986,80,1105,0,0
89PE03228,89808355,87970000,86801105,1989808355,US97871105,1986801105,1989,80,8355,1987,97,0000,1986,80,1105,0,0
89PE03229,89808356,87970000,86801255,1989808356,US97871255,1986801255,1989,80,8356,1987,97,0000,1986,80,1255,0,0
89PE03230,89808357,87970000,84946663,1989808357,US97876663,1984946663,1989,80,8357,1987,97,0000,1984,94,6663,0,0
89PE03231,89808358,87970000,84946663,1989808358,US97876663,1984946663,1989,80,8358,1987,97,0000,1984,94,6663,0,0
89PE03232,89808359,87970000,86801044,1989808359,US97871044,1986801044,1989,80,8359,1987,97,0000,1986,80,1044,0,0
89PE03233,89808360,87970000,86801044,1989808360,US97871044,1986801044,1989,80,8360,1987,97,0000,1986,80,1044,0,0
89PE03234,89808361,87970000,82943736,1989808361,US97873736,1982943736,1989,80,8361,1987,97,0000,1982,94,3736,0,0
89PE03235,89808362,87970000,82943736,1989808362,US97873736,1982943736,1989,80,8362,1987,97,0000,1982,94,3736,0,0
89PE03236,89808363,87190000,88806561,1989808363,US19876561,1988806561,1989,80,8363,1987,19,0000,1988,80,6561,0,0
89PE03237,89808364,87190000,88806561,1989808364,US19876561,1988806561,1989,80,8364,1987,19,0000,1988,80,6561,0,0
89PE03238,89808365,87970000,83945945,1989808365,US97875945,1983945945,1989,80,8365,1987,97,0000,1983,94,5945,0,0
89PE03239,89808366,87970000,84947084,1989808366,US97877084,1984947084,1989,80,8366,1987,97,0000,1984,94,7084,0,0
89PE03240,89808367,87970000,84947084,1989808367,US97877084,1984947084,1989,80,8367,1987,97,0000,1984,94,7084,0,0
89PE03241,89808368,87970000,85948670,1989808368,US97878670,1985948670,1989,80,8368,1987,97,0000,1985,94,8670,0,0
89PE03242,89808369,87970000,86801548,1989808369,US97871548,1986801548,1989,80,8369,1987,97,0000,1986,80,1548,0,0
89PE03243,89808370,87970000,86801548,1989808370,US97871548,1986801548,1989,80,8370,1987,97,0000,1986,80,1548,0,0
89PE03244,89808371,87970000,82942705,1989808371,US97872705,1982942705,1989,80,8371,1987,97,0000,1982,94,2705,0,0
89PE03245,89808372,87970000,82942705,1989808372,US97872705,1982942705,1989,80,8372,1987,97,0000,1982,94,2705,0,0
89PE03246,89808373,87970000,86800942,1989808373,US97870942,1986800942,1989,80,8373,1987,97,0000,1986,80,0942,0,0
89PE03247,89808374,87190000,88807042,1989808374,US19877042,1988807042,1989,80,8374,1987,19,0000,1988,80,7042,0,0
89PE03248,89808375,86197041,85949237,1989808375,1986197041,1985949237,1989,80,8375,1986,19,7041,1985,94,9237,0,0
89PE03249,89808376,87970000,84947731,1989808376,US97877731,1984947731,1989,80,8376,1987,97,0000,1984,94,7731,0,0
89PE03250,89808377,87970000,84947731,1989808377,US97877731,1984947731,1989,80,8377,1987,97,0000,1984,94,7731,0,0
89PE03251,89808378,87970000,82942738,1989808378,US97872738,1982942738,1989,80,8378,1987,97,0000,1982,94,2738,0,0
89PE03252,89808379,87970000,82942738,1989808379,US97872738,1982942738,1989,80,8379,1987,97,0000,1982,94,2738,0,0
89PE03253,89808380,87190000,88806000,1989808380,US19876000,1988806000,1989,80,8380,1987,19,0000,1988,80,6000,0,0
89PE03254,89808381,87970000,83630487,1989808381,US97870487,1983630487,1989,80,8381,1987,97,0000,1983,63,0487,0,0
89PE03255,89808382,86800949,88807919,1989808382,1986800949,1988807919,1989,80,8382,1986,80,0949,1988,80,7919,0,0
89PE03256,89808383,87970000,87803962,1989808383,US97873962,1987803962,1989,80,8383,1987,97,0000,1987,80,3962,0,0
89PE03257,89808384,87970000,87803962,1989808384,US97873962,1987803962,1989,80,8384,1987,97,0000,1987,80,3962,0,0
89PE03258,89808385,87970000,85948581,1989808385,US97878581,1985948581,1989,80,8385,1987,97,0000,1985,94,8581,0,0
89PE03259,89808386,87190000,88807776,1989808386,US19877776,1988807776,1989,80,8386,1987,19,0000,1988,80,7776,0,0
89PE03260,89808387,87190000,88807776,1989808387,US19877776,1988807776,1989,80,8387,1987,19,0000,1988,80,7776,0,0
89PE03261,89808388,87970000,84947595,1989808388,US97877595,1984947595,1989,80,8388,1987,97,0000,1984,94,7595,0,0
89PE03262,89808389,87970000,84947595,1989808389,US97877595,1984947595,1989,80,8389,1987,97,0000,1984,94,7595,0,0
89PE03263,89808390,87970000,87803842,1989808390,US97873842,1987803842,1989,80,8390,1987,97,0000,1987,80,3842,0,0
89PE03264,89808391,87970000,87803842,1989808391,US97873842,1987803842,1989,80,8391,1987,97,0000,1987,80,3842,0,0
89PE03265,89808392,87970000,86801248,1989808392,US97871248,1986801248,1989,80,8392,1987,97,0000,1986,80,1248,0,0
89PE03266,89808393,87970000,84946717,1989808393,US97876717,1984946717,1989,80,8393,1987,97,0000,1984,94,6717,0,0
89PE03267,89808394,87970000,84946717,1989808394,US97876717,1984946717,1989,80,8394,1987,97,0000,1984,94,6717,0,0
89PE03268,89808395,87970000,86801085,1989808395,US97871085,1986801085,1989,80,8395,1987,97,0000,1986,80,1085,0,0
89PE03269,89808396,87970000,86801085,1989808396,US97871085,1986801085,1989,80,8396,1987,97,0000,1986,80,1085,0,0
89PE03270,89808397,87970000,87803619,1989808397,US97873619,1987803619,1989,80,8397,1987,97,0000,1987,80,3619,0,0
89PE03271,89808398,87970000,87803619,1989808398,US97873619,1987803619,1989,80,8398,1987,97,0000,1987,80,3619,0,0
89PE03272,89808399,87970000,87803905,1989808399,US97873905,1987803905,1989,80,8399,1987,97,0000,1987,80,3905,0,0
89PE03273,89808400,87190000,88807867,1989808400,US19877867,1988807867,1989,80,8400,1987,19,0000,1988,80,7867,0,0
89PE03274,89808401,87190000,88807867,1989808401,US19877867,1988807867,1989,80,8401,1987,19,0000,1988,80,7867,0,0
89PE03275,89808402,87970000,87803460,1989808402,US97873460,1987803460,1989,80,8402,1987,97,0000,1987,80,3460,0,0
89PE03276,89808403,87970000,87803460,1989808403,US97873460,1987803460,1989,80,8403,1987,97,0000,1987,80,3460,0,0
89PE03277,89808404,87970000,85948690,1989808404,US97878690,1985948690,1989,80,8404,1987,97,0000,1985,94,8690,0,0
89PE03278,89808405,87970000,85948690,1989808405,US97878690,1985948690,1989,80,8405,1987,97,0000,1985,94,8690,0,0
89PE03279,89808406,87970000,86800936,1989808406,US97870936,1986800936,1989,80,8406,1987,97,0000,1986,80,0936,0,0
89PE03280,89808407,87970000,86800936,1989808407,US97870936,1986800936,1989,80,8407,1987,97,0000,1986,80,0936,0,0
89PE03281,89808408,87970000,85948609,1989808408,US97878609,1985948609,1989,80,8408,1987,97,0000,1985,94,8609,0,0
89PE03282,89808409,87970000,85948609,1989808409,US97878609,1985948609,1989,80,8409,1987,97,0000,1985,94,8609,0,0
89PE03283,89808410,86800949,88805949,1989808410,1986800949,1988805949,1989,80,8410,1986,80,0949,1988,80,5949,0,0
89PE03284,89808411,87970000,83945420,1989808411,US97875420,1983945420,1989,80,8411,1987,97,0000,1983,94,5420,0,0
89PE03285,89808412,87970000,87803588,1989808412,US97873588,1987803588,1989,80,8412,1987,97,0000,1987,80,3588,0,0
89PE03286,89808413,87970000,87803588,1989808413,US97873588,1987803588,1989,80,8413,1987,97,0000,1987,80,3588,0,0
89PE03287,89808414,86802162,82943852,1989808414,1986802162,1982943852,1989,80,8414,1986,80,2162,1982,94,3852,0,0
89PE03288,89808415,86802562,86802059,1989808415,1986802562,1986802059,1989,80,8415,1986,80,2562,1986,80,2059,0,0
89PE03289,89808416,86802562,86802059,1989808416,1986802562,1986802059,1989,80,8416,1986,80,2562,1986,80,2059,0,0
89PE03290,89808417,87190000,88806044,1989808417,US19876044,1988806044,1989,80,8417,1987,19,0000,1988,80,6044,0,0
89PE03291,89808418,87190000,88807417,1989808418,US19877417,1988807417,1989,80,8418,1987,19,0000,1988,80,7417,0,0
89PE03292,89808419,87190000,88806153,1989808419,US19876153,1988806153,1989,80,8419,1987,19,0000,1988,80,6153,0,0
89PE03293,89808420,87970000,87803506,1989808420,US97873506,1987803506,1989,80,8420,1987,97,0000,1987,80,3506,0,0
89PE03294,89808421,87970000,87803506,1989808421,US97873506,1987803506,1989,80,8421,1987,97,0000,1987,80,3506,0,0
89PE03295,89808422,86803193,87804233,1989808422,1986803193,1987804233,1989,80,8422,1986,80,3193,1987,80,4233,0,0
89PE03296,89808423,86803193,87804233,1989808423,1986803193,1987804233,1989,80,8423,1986,80,3193,1987,80,4233,0,0
89PE03297,89808424,86802562,87632488,1989808424,1986802562,1987632488,1989,80,8424,1986,80,2562,1987,63,2488,0,0
89PE03298,89808425,86802562,87632488,1989808425,1986802562,1987632488,1989,80,8425,1986,80,2562,1987,63,2488,0,0
89PE03299,89808426,87970000,83945142,1989808426,US97875142,1983945142,1989,80,8426,1987,97,0000,1983,94,5142,0,0
89PE03300,89808427,87970000,83945142,1989808427,US97875142,1983945142,1989,80,8427,1987,97,0000,1983,94,5142,0,0
89PE03301,89808428,87970000,87803649,1989808428,US97873649,1987803649,1989,80,8428,1987,97,0000,1987,80,3649,0,0
89PE03302,89808429,87970000,87803649,1989808429,US97873649,1987803649,1989,80,8429,1987,97,0000,1987,80,3649,0,0
89PE03303,89808430,87190000,88807217,1989808430,US19877217,1988807217,1989,80,8430,1987,19,0000,1988,80,7217,0,0
89PE03304,89808431,87970000,83630299,1989808431,US97870299,1983630299,1989,80,8431,1987,97,0000,1983,63,0299,0,0
89PE03305,89808432,87970000,82943670,1989808432,US97873670,1982943670,1989,80,8432,1987,97,0000,1982,94,3670,0,0
89PE03306,89808433,87970000,82943670,1989808433,US97873670,1982943670,1989,80,8433,1987,97,0000,1982,94,3670,0,0
89PE03307,89808434,86802162,86801334,1989808434,1986802162,1986801334,1989,80,8434,1986,80,2162,1986,80,1334,0,0
89PE03308,89808435,87804224,88806638,1989808435,1987804224,1988806638,1989,80,8435,1987,80,4224,1988,80,6638,0,0
89PE03309,89808436,87804224,88806638,1989808436,1987804224,1988806638,1989,80,8436,1987,80,4224,1988,80,6638,0,0
89PE03310,89808437,86802562,87632777,1989808437,1986802562,1987632777,1989,80,8437,1986,80,2562,1987,63,2777,0,0
89PE03311,89808438,86803193,84946684,1989808438,1986803193,1984946684,1989,80,8438,1986,80,3193,1984,94,6684,0,0
89PE03312,89808439,86803193,84946684,1989808439,1986803193,1984946684,1989,80,8439,1986,80,3193,1984,94,6684,0,0
89PE03313,89808440,86803193,86801598,1989808440,1986803193,1986801598,1989,80,8440,1986,80,3193,1986,80,1598,0,0
89PE03314,89808441,86803193,86801598,1989808441,1986803193,1986801598,1989,80,8441,1986,80,3193,1986,80,1598,0,0
89PE03315,89808442,86803193,86801598,1989808442,1986803193,1986801598,1989,80,8442,1986,80,3193,1986,80,1598,0,0
89PE03316,89808443,86802162,87805348,1989808443,1986802162,1987805348,1989,80,8443,1986,80,2162,1987,80,5348,0,0
89PE03317,89808444,86802162,87805348,1989808444,1986802162,1987805348,1989,80,8444,1986,80,2162,1987,80,5348,0,0
89PE03318,89808445,86802162,87805348,1989808445,1986802162,1987805348,1989,80,8445,1986,80,2162,1987,80,5348,0,0
89PE03319,89808446,87970000,86801216,1989808446,US97871216,1986801216,1989,80,8446,1987,97,0000,1986,80,1216,0,0
89PE03320,89808447,87970000,86801216,1989808447,US97871216,1986801216,1989,80,8447,1987,97,0000,1986,80,1216,0,0
89PE03321,89808448,87970000,85949175,1989808448,US97879175,1985949175,1989,80,8448,1987,97,0000,1985,94,9175,0,0
89PE03322,89808449,86196923,87805435,1989808449,1986196923,1987805435,1989,80,8449,1986,19,6923,1987,80,5435,0,0
89PE03323,89808450,86196923,87805435,1989808450,1986196923,1987805435,1989,80,8450,1986,19,6923,1987,80,5435,0,0
89PE03324,89808451,86803193,85949259,1989808451,1986803193,1985949259,1989,80,8451,1986,80,3193,1985,94,9259,0,0
89PE03325,89808452,86803193,85949259,1989808452,1986803193,1985949259,1989,80,8452,1986,80,3193,1985,94,9259,0,0
89PE03326,89808453,86803193,85949942,1989808453,1986803193,1985949942,1989,80,8453,1986,80,3193,1985,94,9942,0,0
89PE03327,89808454,86803193,85949942,1989808454,1986803193,1985949942,1989,80,8454,1986,80,3193,1985,94,9942,0,0
89PE03328,89808455,86803193,85949942,1989808455,1986803193,1985949942,1989,80,8455,1986,80,3193,1985,94,9942,0,0
89PE03329,89808456,86802162,87804557,1989808456,1986802162,1987804557,1989,80,8456,1986,80,2162,1987,80,4557,0,0
89PE03330,89808457,86802162,87804557,1989808457,1986802162,1987804557,1989,80,8457,1986,80,2162,1987,80,4557,0,0
89PE03331,89808458,87190000,88807217,1989808458,US19877217,1988807217,1989,80,8458,1987,19,0000,1988,80,7217,0,0
89PE03332,89808459,87970000,87198237,1989808459,US97878237,1987198237,1989,80,8459,1987,97,0000,1987,19,8237,0,0
89PE03333,89808460,86802562,86632196,1989808460,1986802562,1986632196,1989,80,8460,1986,80,2562,1986,63,2196,0,0
89PE03334,89808461,86802562,86632196,1989808461,1986802562,1986632196,1989,80,8461,1986,80,2562,1986,63,2196,0,0
89PE03335,89808462,86802562,86801486,1989808462,1986802562,1986801486,1989,80,8462,1986,80,2562,1986,80,1486,0,0
89PE03336,89808463,86802562,86801486,1989808463,1986802562,1986801486,1989,80,8463,1986,80,2562,1986,80,1486,0,0
89PE03337,89808464,86802562,86801486,1989808464,1986802562,1986801486,1989,80,8464,1986,80,2562,1986,80,1486,0,0
89PE03338,89808465,87970000,86801113,1989808465,US97871113,1986801113,1989,80,8465,1987,97,0000,1986,80,1113,0,0
89PE03339,89808466,86802562,87804317,1989808466,1986802562,1987804317,1989,80,8466,1986,80,2562,1987,80,4317,0,0
89PE03340,89808467,87970000,86801163,1989808467,US97871163,1986801163,1989,80,8467,1987,97,0000,1986,80,1163,0,0
89PE03341,89808468,87970000,86801163,1989808468,US97871163,1986801163,1989,80,8468,1987,97,0000,1986,80,1163,0,0
89PE03342,89808469,87970000,86801188,1989808469,US97871188,1986801188,1989,80,8469,1987,97,0000,1986,80,1188,0,0
89PE03343,89808470,87970000,86801188,1989808470,US97871188,1986801188,1989,80,8470,1987,97,0000,1986,80,1188,0,0
89PE03344,89808471,87970000,87632570,1989808471,US97872570,1987632570,1989,80,8471,1987,97,0000,1987,63,2570,0,0
89PE03345,89808472,87970000,87632570,1989808472,US97872570,1987632570,1989,80,8472,1987,97,0000,1987,63,2570,0,0
89PE03346,89808473,85028923,85800533,1989808473,1985028923,1985800533,1989,80,8473,1985,02,8923,1985,80,0533,0,0
89PE03347,89808474,85028923,85800533,1989808474,1985028923,1985800533,1989,80,8474,1985,02,8923,1985,80,0533,0,0
89PE03348,89808475,86803193,87804418,1989808475,1986803193,1987804418,1989,80,8475,1986,80,3193,1987,80,4418,0,0
89PE03349,89808476,86803193,87804418,1989808476,1986803193,1987804418,1989,80,8476,1986,80,3193,1987,80,4418,0,0
89PE03350,89808477,86802562,85631392,1989808477,1986802562,1985631392,1989,80,8477,1986,80,2562,1985,63,1392,0,0
89PE03351,89808478,86802562,87803944,1989808478,1986802562,1987803944,1989,80,8478,1986,80,2562,1987,80,3944,0,0
89PE03352,89808479,86802562,87803944,1989808479,1986802562,1987803944,1989,80,8479,1986,80,2562,1987,80,3944,0,0
89PE03353,89808480,87190000,88805908,1989808480,US19875908,1988805908,1989,80,8480,1987,19,0000,1988,80,5908,0,0
89PE03354,89808481,86196923,85949941,1989808481,1986196923,1985949941,1989,80,8481,1986,19,6923,1985,94,9941,0,0
89PE03355,89808482,86196923,85949941,1989808482,1986196923,1985949941,1989,80,8482,1986,19,6923,1985,94,9941,0,0
89PE03356,89808483,86802162,84946921,1989808483,1986802162,1984946921,1989,80,8483,1986,80,2162,1984,94,6921,0,0
89PE03357,89808484,86802162,84946921,1989808484,1986802162,1984946921,1989,80,8484,1986,80,2162,1984,94,6921,0,0
89PE03358,89808485,86802562,85800522,1989808485,1986802562,1985800522,1989,80,8485,1986,80,2562,1985,80,0522,0,0
89PE03359,89808486,86802562,85800522,1989808486,1986802562,1985800522,1989,80,8486,1986,80,2562,1985,80,0522,0,0
89PE03360,89808487,87970000,83946232,1989808487,US97876232,1983946232,1989,80,8487,1987,97,0000,1983,94,6232,0,0
89PE03361,89808488,87970000,86801446,1989808488,US97871446,1986801446,1989,80,8488,1987,97,0000,1986,80,1446,0,0
89PE03362,89808489,85028923,83945221,1989808489,1985028923,1983945221,1989,80,8489,1985,02,8923,1983,94,5221,0,0
89PE03363,89808490,85028923,83945221,1989808490,1985028923,1983945221,1989,80,8490,1985,02,8923,1983,94,5221,0,0
89PE03364,89808491,85028923,83945221,1989808491,1985028923,1983945221,1989,80,8491,1985,02,8923,1983,94,5221,0,0
89PE03365,89808492,86803193,87804683,1989808492,1986803193,1987804683,1989,80,8492,1986,80,3193,1987,80,4683,0,0
89PE03366,89808493,86803193,87804683,1989808493,1986803193,1987804683,1989,80,8493,1986,80,3193,1987,80,4683,0,0
89PE03367,89808494,86197041,87804501,1989808494,1986197041,1987804501,1989,80,8494,1986,19,7041,1987,80,4501,0,0
89PE03368,89808495,87970000,84947133,1989808495,US97877133,1984947133,1989,80,8495,1987,97,0000,1984,94,7133,0,0
89PE03369,89808496,87970000,86632030,1989808496,US97872030,1986632030,1989,80,8496,1987,97,0000,1986,63,2030,0,0
89PE03370,89808497,87970000,86632030,1989808497,US97872030,1986632030,1989,80,8497,1987,97,0000,1986,63,2030,0,0
89PE03371,89808498,87970000,86632030,1989808498,US97872030,1986632030,1989,80,8498,1987,97,0000,1986,63,2030,0,0
89PE03372,89808499,87190000,88806423,1989808499,US19876423,1988806423,1989,80,8499,1987,19,0000,1988,80,6423,0,0
89PE03373,89808500,86802162,86802026,1989808500,1986802162,1986802026,1989,80,8500,1986,80,2162,1986,80,2026,0,0
89PE03374,89808501,86802162,86802026,1989808501,1986802162,1986802026,1989,80,8501,1986,80,2162,1986,80,2026,0,0
89PE03375,89808502,86802162,86802026,1989808502,1986802162,1986802026,1989,80,8502,1986,80,2162,1986,80,2026,0,0
89PE03376,89808503,86802162,86802026,1989808503,1986802162,1986802026,1989,80,8503,1986,80,2162,1986,80,2026,0,0
89PE03377,89808504,87970000,82023090,1989808504,US97873090,1982023090,1989,80,8504,1987,97,0000,1982,02,3090,0,0
89PE03378,89808505,87190000,88806062,1989808505,US19876062,1988806062,1989,80,8505,1987,19,0000,1988,80,6062,0,0
89PE03379,89808506,85028923,87804831,1989808506,1985028923,1987804831,1989,80,8506,1985,02,8923,1987,80,4831,0,0
89PE03380,89808507,85028923,87804831,1989808507,1985028923,1987804831,1989,80,8507,1985,02,8923,1987,80,4831,0,0
89PE03381,89808508,87970000,87632817,1989808508,US97872817,1987632817,1989,80,8508,1987,97,0000,1987,63,2817,0,0
89PE03382,89808509,86802162,87632444,1989808509,1986802162,1987632444,1989,80,8509,1986,80,2162,1987,63,2444,0,0
89PE03383,89808510,86802162,87804708,1989808510,1986802162,1987804708,1989,80,8510,1986,80,2162,1987,80,4708,0,0
89PE03384,89808511,86803193,84630996,1989808511,1986803193,1984630996,1989,80,8511,1986,80,3193,1984,63,0996,0,0
89PE03385,89808512,86803193,84630996,1989808512,1986803193,1984630996,1989,80,8512,1986,80,3193,1984,63,0996,0,0
89PE03386,89808513,86803193,87632868,1989808513,1986803193,1987632868,1989,80,8513,1986,80,3193,1987,63,2868,0,0
89PE03387,89808514,86197041,86801557,1989808514,1986197041,1986801557,1989,80,8514,1986,19,7041,1986,80,1557,0,0
89PE03388,89808515,86197041,86801557,1989808515,1986197041,1986801557,1989,80,8515,1986,19,7041,1986,80,1557,0,0
89PE03389,89808516,87970000,87632874,1989808516,US97872874,1987632874,1989,80,8516,1987,97,0000,1987,63,2874,0,0
89PE03390,89808517,86802562,87804713,1989808517,1986802562,1987804713,1989,80,8517,1986,80,2562,1987,80,4713,0,0
89PE03391,89808518,86802562,87804713,1989808518,1986802562,1987804713,1989,80,8518,1986,80,2562,1987,80,4713,0,0
89PE03392,89808519,87970000,86800906,1989808519,US97870906,1986800906,1989,80,8519,1987,97,0000,1986,80,0906,0,0
89PE03393,89808520,87970000,86800906,1989808520,US97870906,1986800906,1989,80,8520,1987,97,0000,1986,80,0906,0,0
89PE03394,89808521,87970000,86801515,1989808521,US97871515,1986801515,1989,80,8521,1987,97,0000,1986,80,1515,0,0
89PE03395,89808522,87970000,86801515,1989808522,US97871515,1986801515,1989,80,8522,1987,97,0000,1986,80,1515,0,0
89PE03396,89808523,86803193,87632913,1989808523,1986803193,1987632913,1989,80,8523,1986,80,3193,1987,63,2913,0,0
89PE03397,89808524,86802562,87805034,1989808524,1986802562,1987805034,1989,80,8524,1986,80,2562,1987,80,5034,0,0
89PE03398,89808525,86802562,87805034,1989808525,1986802562,1987805034,1989,80,8525,1986,80,2562,1987,80,5034,0,0
89PE03399,89808526,86802162,87804917,1989808526,1986802162,1987804917,1989,80,8526,1986,80,2162,1987,80,4917,0,0
89PE03400,89808527,86802162,87804917,1989808527,1986802162,1987804917,1989,80,8527,1986,80,2162,1987,80,4917,0,0
89PE03401,89808528,86802562,87804585,1989808528,1986802562,1987804585,1989,80,8528,1986,80,2562,1987,80,4585,0,0
89PE03402,89808529,87970000,86631865,1989808529,US97871865,1986631865,1989,80,8529,1987,97,0000,1986,63,1865,0,0
89PE03403,89808530,87970000,86631865,1989808530,US97871865,1986631865,1989,80,8530,1987,97,0000,1986,63,1865,0,0
89PE03404,89808531,86196923,87804608,1989808531,1986196923,1987804608,1989,80,8531,1986,19,6923,1987,80,4608,0,0
89PE03405,89808532,86196923,87804608,1989808532,1986196923,1987804608,1989,80,8532,1986,19,6923,1987,80,4608,0,0
89PE03406,89808533,87970000,87803718,1989808533,US97873718,1987803718,1989,80,8533,1987,97,0000,1987,80,3718,0,0
89PE03407,89808534,87970000,87803718,1989808534,US97873718,1987803718,1989,80,8534,1987,97,0000,1987,80,3718,0,0
89PE03408,89808535,86197041,82944164,1989808535,1986197041,1982944164,1989,80,8535,1986,19,7041,1982,94,4164,0,0
89PE03409,89808536,86197041,82944164,1989808536,1986197041,1982944164,1989,80,8536,1986,19,7041,1982,94,4164,0,0
89PE03410,89808537,86197041,82944164,1989808537,1986197041,1982944164,1989,80,8537,1986,19,7041,1982,94,4164,0,0
89PE03411,89808538,86802562,85800662,1989808538,1986802562,1985800662,1989,80,8538,1986,80,2562,1985,80,0662,0,0
89PE03412,89808539,86802562,85800662,1989808539,1986802562,1985800662,1989,80,8539,1986,80,2562,1985,80,0662,0,0
89PE03413,89808540,86197041,87804727,1989808540,1986197041,1987804727,1989,80,8540,1986,19,7041,1987,80,4727,0,0
89PE03414,89808541,86197041,87804727,1989808541,1986197041,1987804727,1989,80,8541,1986,19,7041,1987,80,4727,0,0
89PE03415,89808542,85028923,84947202,1989808542,1985028923,1984947202,1989,80,8542,1985,02,8923,1984,94,7202,0,0
89PE03416,89808543,85028923,84947202,1989808543,1985028923,1984947202,1989,80,8543,1985,02,8923,1984,94,7202,0,0
89PE03417,89808544,85028923,84947202,1989808544,1985028923,1984947202,1989,80,8544,1985,02,8923,1984,94,7202,0,0
89PE03418,89808545,86803193,87632547,1989808545,1986803193,1987632547,1989,80,8545,1986,80,3193,1987,63,2547,0,0
89PE03419,89808546,86803193,87632547,1989808546,1986803193,1987632547,1989,80,8546,1986,80,3193,1987,63,2547,0,0
89PE03420,89808547,86803193,86802742,1989808547,1986803193,1986802742,1989,80,8547,1986,80,3193,1986,80,2742,0,0
89PE03421,89808548,86803193,86802742,1989808548,1986803193,1986802742,1989,80,8548,1986,80,3193,1986,80,2742,0,0
89PE03422,89808549,84970022,86801198,1989808549,1984970022,1986801198,1989,80,8549,1984,97,0022,1986,80,1198,0,0
89PE03423,89808550,84970022,86801198,1989808550,1984970022,1986801198,1989,80,8550,1984,97,0022,1986,80,1198,0,0
89PE03424,89808551,84970022,86801198,1989808551,1984970022,1986801198,1989,80,8551,1984,97,0022,1986,80,1198,0,0
89PE03425,89808552,87190000,88806549,1989808552,US19876549,1988806549,1989,80,8552,1987,19,0000,1988,80,6549,0,0
89PE03426,89808553,86802562,87805360,1989808553,1986802562,1987805360,1989,80,8553,1986,80,2562,1987,80,5360,0,0
89PE03427,89808554,86802162,86801693,1989808554,1986802162,1986801693,1989,80,8554,1986,80,2162,1986,80,1693,0,0
89PE03428,89808555,86802162,86801693,1989808555,1986802162,1986801693,1989,80,8555,1986,80,2162,1986,80,1693,0,0
89PE03429,89808556,87970000,87198021,1989808556,US97878021,1987198021,1989,80,8556,1987,97,0000,1987,19,8021,0,0
89PE03430,89808557,87970000,87198021,1989808557,US97878021,1987198021,1989,80,8557,1987,97,0000,1987,19,8021,0,0
89PE03431,89808558,86197041,86802625,1989808558,1986197041,1986802625,1989,80,8558,1986,19,7041,1986,80,2625,0,0
89PE03432,89808559,86197041,86802625,1989808559,1986197041,1986802625,1989,80,8559,1986,19,7041,1986,80,2625,0,0
89PE03433,89808560,86197041,86802625,1989808560,1986197041,1986802625,1989,80,8560,1986,19,7041,1986,80,2625,0,0
89PE03434,89808561,87970000,84631073,1989808561,US97871073,1984631073,1989,80,8561,1987,97,0000,1984,63,1073,0,0
89PE03435,89808562,86803193,84947432,1989808562,1986803193,1984947432,1989,80,8562,1986,80,3193,1984,94,7432,0,0
89PE03436,89808563,86803193,84947432,1989808563,1986803193,1984947432,1989,80,8563,1986,80,3193,1984,94,7432,0,0
89PE03437,89808564,86802162,83945011,1989808564,1986802162,1983945011,1989,80,8564,1986,80,2162,1983,94,5011,0,0
89PE03438,89808565,86802162,83945011,1989808565,1986802162,1983945011,1989,80,8565,1986,80,2162,1983,94,5011,0,0
89PE03439,89808566,86802162,83945011,1989808566,1986802162,1983945011,1989,80,8566,1986,80,2162,1983,94,5011,0,0
89PE03440,89808567,87190000,88807728,1989808567,US19877728,1988807728,1989,80,8567,1987,19,0000,1988,80,7728,0,0
89PE03441,89808568,86802562,86631915,1989808568,1986802562,1986631915,1989,80,8568,1986,80,2562,1986,63,1915,0,0
89PE03442,89808569,86802562,86631915,1989808569,1986802562,1986631915,1989,80,8569,1986,80,2562,1986,63,1915,0,0
89PE03443,89808570,86196923,84947420,1989808570,1986196923,1984947420,1989,80,8570,1986,19,6923,1984,94,7420,0,0
89PE03444,89808571,86196923,84947420,1989808571,1986196923,1984947420,1989,80,8571,1986,19,6923,1984,94,7420,0,0
89PE03445,89808572,86197041,87805219,1989808572,1986197041,1987805219,1989,80,8572,1986,19,7041,1987,80,5219,0,0
89PE03446,89808573,86197041,87805219,1989808573,1986197041,1987805219,1989,80,8573,1986,19,7041,1987,80,5219,0,0
89PE03447,89808574,87970000,87803530,1989808574,US97873530,1987803530,1989,80,8574,1987,97,0000,1987,80,3530,0,0
89PE03448,89808575,87970000,87803530,1989808575,US97873530,1987803530,1989,80,8575,1987,97,0000,1987,80,3530,0,0
89PE03449,89808576,86196923,87804409,1989808576,1986196923,1987804409,1989,80,8576,1986,19,6923,1987,80,4409,0,0
89PE03450,89808577,86196923,87804409,1989808577,1986196923,1987804409,1989,80,8577,1986,19,6923,1987,80,4409,0,0
89PE03451,89808578,87804224,88806286,1989808578,1987804224,1988806286,1989,80,8578,1987,80,4224,1988,80,6286,0,0
89PE03452,89808579,86197041,85800555,1989808579,1986197041,1985800555,1989,80,8579,1986,19,7041,1985,80,0555,0,0
89PE03453,89808580,86197041,85800555,1989808580,1986197041,1985800555,1989,80,8580,1986,19,7041,1985,80,0555,0,0
89PE03454,89808581,86197041,85800555,1989808581,1986197041,1985800555,1989,80,8581,1986,19,7041,1985,80,0555,0,0
89PE03455,89808582,86197041,82943457,1989808582,1986197041,1982943457,1989,80,8582,1986,19,7041,1982,94,3457,0,0
89PE03456,89808583,87970000,87198208,1989808583,US97878208,1987198208,1989,80,8583,1987,97,0000,1987,19,8208,0,0
89PE03457,89808584,86802162,85631266,1989808584,1986802162,1985631266,1989,80,8584,1986,80,2162,1985,63,1266,0,0
89PE03458,89808585,86802162,85631266,1989808585,1986802162,1985631266,1989,80,8585,1986,80,2162,1985,63,1266,0,0
89PE03459,89808586,87970000,87804120,1989808586,US97874120,1987804120,1989,80,8586,1987,97,0000,1987,80,4120,0,0
89PE03460,89808587,87970000,87804120,1989808587,US97874120,1987804120,1989,80,8587,1987,97,0000,1987,80,4120,0,0
89PE03461,89808588,87970000,84631020,1989808588,US97871020,1984631020,1989,80,8588,1987,97,0000,1984,63,1020,0,0
89PE03462,89808589,87970000,84631020,1989808589,US97871020,1984631020,1989,80,8589,1987,97,0000,1984,63,1020,0,0
89PE03463,89808590,86802562,84631026,1989808590,1986802562,1984631026,1989,80,8590,1986,80,2562,1984,63,1026,0,0
89PE03464,89808591,86802562,84631026,1989808591,1986802562,1984631026,1989,80,8591,1986,80,2562,1984,63,1026,0,0
89PE03465,89808592,86197041,87804833,1989808592,1986197041,1987804833,1989,80,8592,1986,19,7041,1987,80,4833,0,0
89PE03466,89808593,86197041,87804833,1989808593,1986197041,1987804833,1989,80,8593,1986,19,7041,1987,80,4833,0,0
89PE03467,89808594,86802162,86802459,1989808594,1986802162,1986802459,1989,80,8594,1986,80,2162,1986,80,2459,0,0
89PE03468,89808595,86802162,86802459,1989808595,1986802162,1986802459,1989,80,8595,1986,80,2162,1986,80,2459,0,0
89PE03469,89808596,86801162,86802025,1989808596,1986801162,1986802025,1989,80,8596,1986,80,1162,1986,80,2025,0,0
89PE03470,89808597,86801162,86802025,1989808597,1986801162,1986802025,1989,80,8597,1986,80,1162,1986,80,2025,0,0
89PE03471,89808598,86801162,86802025,1989808598,1986801162,1986802025,1989,80,8598,1986,80,1162,1986,80,2025,0,0
89PE03472,89808599,86802562,87632994,1989808599,1986802562,1987632994,1989,80,8599,1986,80,2562,1987,63,2994,0,0
89PE03473,89808600,86802162,86802837,1989808600,1986802162,1986802837,1989,80,8600,1986,80,2162,1986,80,2837,0,0
89PE03474,89808601,86802162,86802837,1989808601,1986802162,1986802837,1989,80,8601,1986,80,2162,1986,80,2837,0,0
89PE03475,89808602,86802162,86802837,1989808602,1986802162,1986802837,1989,80,8602,1986,80,2162,1986,80,2837,0,0
89PE03476,89808603,87970000,82942827,1989808603,US97872827,1982942827,1989,80,8603,1987,97,0000,1982,94,2827,0,0
89PE03477,89808604,87970000,82942827,1989808604,US97872827,1982942827,1989,80,8604,1987,97,0000,1982,94,2827,0,0
89PE03478,89808605,86802562,86801836,1989808605,1986802562,1986801836,1989,80,8605,1986,80,2562,1986,80,1836,0,0
89PE03479,89808606,87190000,88806406,1989808606,US19876406,1988806406,1989,80,8606,1987,19,0000,1988,80,6406,0,0
89PE03480,89808607,87970000,87632470,1989808607,US97872470,1987632470,1989,80,8607,1987,97,0000,1987,63,2470,0,0
89PE03481,89808608,87970000,87632470,1989808608,US97872470,1987632470,1989,80,8608,1987,97,0000,1987,63,2470,0,0
89PE03482,89808609,86803193,82629891,1989808609,1986803193,1982629891,1989,80,8609,1986,80,3193,1982,62,9891,0,0
89PE03483,89808610,87190000,88806963,1989808610,US19876963,1988806963,1989,80,8610,1987,19,0000,1988,80,6963,0,0
89PE03484,89808611,87190000,88806963,1989808611,US19876963,1988806963,1989,80,8611,1987,19,0000,1988,80,6963,0,0
89PE03485,89808612,86803193,86632016,1989808612,1986803193,1986632016,1989,80,8612,1986,80,3193,1986,63,2016,0,0
89PE03486,89808613,86803193,86632016,1989808613,1986803193,1986632016,1989,80,8613,1986,80,3193,1986,63,2016,0,0
89PE03487,89808614,86196865,86802027,1989808614,1986196865,1986802027,1989,80,8614,1986,19,6865,1986,80,2027,0,0
89PE03488,89808615,86196865,86802027,1989808615,1986196865,1986802027,1989,80,8615,1986,19,6865,1986,80,2027,0,0
89PE03489,89808616,86803193,87805320,1989808616,1986803193,1987805320,1989,80,8616,1986,80,3193,1987,80,5320,0,0
89PE03490,89808617,86803193,87805320,1989808617,1986803193,1987805320,1989,80,8617,1986,80,3193,1987,80,5320,0,0
89PE03491,89808618,87970000,87198032,1989808618,US97878032,1987198032,1989,80,8618,1987,97,0000,1987,19,8032,0,0
89PE03492,89808619,87970000,87198032,1989808619,US97878032,1987198032,1989,80,8619,1987,97,0000,1987,19,8032,0,0
89PE03493,89808620,87970000,86801154,1989808620,US97871154,1986801154,1989,80,8620,1987,97,0000,1986,80,1154,0,0
89PE03494,89808621,87970000,86801154,1989808621,US97871154,1986801154,1989,80,8621,1987,97,0000,1986,80,1154,0,0
89PE03495,89808622,87970000,85196375,1989808622,US97876375,1985196375,1989,80,8622,1987,97,0000,1985,19,6375,0,0
89PE03496,89808623,87970000,85196375,1989808623,US97876375,1985196375,1989,80,8623,1987,97,0000,1985,19,6375,0,0
89PE03497,89808624,86803193,85800558,1989808624,1986803193,1985800558,1989,80,8624,1986,80,3193,1985,80,0558,0,0
89PE03498,89808625,86803193,85800558,1989808625,1986803193,1985800558,1989,80,8625,1986,80,3193,1985,80,0558,0,0
89PE03499,89808626,86803193,85800558,1989808626,1986803193,1985800558,1989,80,8626,1986,80,3193,1985,80,0558,0,0
89PE03500,89808627,86803193,86802246,1989808627,1986803193,1986802246,1989,80,8627,1986,80,3193,1986,80,2246,0,0
89PE03501,89808628,85028923,87804486,1989808628,1985028923,1987804486,1989,80,8628,1985,02,8923,1987,80,4486,0,0
89PE03502,89808629,87970000,86801304,1989808629,US97871304,1986801304,1989,80,8629,1987,97,0000,1986,80,1304,0,0
89PE03503,89808630,87970000,86801304,1989808630,US97871304,1986801304,1989,80,8630,1987,97,0000,1986,80,1304,0,0
89PE03504,89808631,86802562,85949848,1989808631,1986802562,1985949848,1989,80,8631,1986,80,2562,1985,94,9848,0,0
89PE03505,89808632,86802562,85949848,1989808632,1986802562,1985949848,1989,80,8632,1986,80,2562,1985,94,9848,0,0
89PE03506,89808633,86802562,85949848,1989808633,1986802562,1985949848,1989,80,8633,1986,80,2562,1985,94,9848,0,0
89PE03507,89808634,86802162,85800587,1989808634,1986802162,1985800587,1989,80,8634,1986,80,2162,1985,80,0587,0,0
89PE03508,89808635,86802162,85800587,1989808635,1986802162,1985800587,1989,80,8635,1986,80,2162,1985,80,0587,0,0
89PE03509,89808636,86196923,85631454,1989808636,1986196923,1985631454,1989,80,8636,1986,19,6923,1985,63,1454,0,0
89PE03510,89808637,86196923,85631454,1989808637,1986196923,1985631454,1989,80,8637,1986,19,6923,1985,63,1454,0,0
89PE03511,89808638,86802562,87804828,1989808638,1986802562,1987804828,1989,80,8638,1986,80,2562,1987,80,4828,0,0
89PE03512,89808639,86802562,87804828,1989808639,1986802562,1987804828,1989,80,8639,1986,80,2562,1987,80,4828,0,0
89PE03513,89808640,86197041,84947412,1989808640,1986197041,1984947412,1989,80,8640,1986,19,7041,1984,94,7412,0,0
89PE03514,89808641,86197041,84947412,1989808641,1986197041,1984947412,1989,80,8641,1986,19,7041,1984,94,7412,0,0
89PE03515,89808642,86197041,84947412,1989808642,1986197041,1984947412,1989,80,8642,1986,19,7041,1984,94,7412,0,0
89PE03516,89808643,86197041,87804078,1989808643,1986197041,1987804078,1989,80,8643,1986,19,7041,1987,80,4078,0,0
89PE03517,89808644,87970000,86632118,1989808644,US97872118,1986632118,1989,80,8644,1987,97,0000,1986,63,2118,0,0
89PE03518,89808645,85028923,87805183,1989808645,1985028923,1987805183,1989,80,8645,1985,02,8923,1987,80,5183,0,0
89PE03519,89808646,85028923,87805183,1989808646,1985028923,1987805183,1989,80,8646,1985,02,8923,1987,80,5183,0,0
89PE03520,89808647,87970000,87197834,1989808647,US97877834,1987197834,1989,80,8647,1987,97,0000,1987,19,7834,0,0
89PE03521,89808648,86802562,83945131,1989808648,1986802562,1983945131,1989,80,8648,1986,80,2562,1983,94,5131,0,0
89PE03522,89808649,86802562,83945131,1989808649,1986802562,1983945131,1989,80,8649,1986,80,2562,1983,94,5131,0,0
89PE03523,89808650,86802562,83945131,1989808650,1986802562,1983945131,1989,80,8650,1986,80,2562,1983,94,5131,0,0
89PE03524,89808651,86802162,87804277,1989808651,1986802162,1987804277,1989,80,8651,1986,80,2162,1987,80,4277,0,0
89PE03525,89808652,86802162,87804277,1989808652,1986802162,1987804277,1989,80,8652,1986,80,2162,1987,80,4277,0,0
89PE03526,89808653,86197041,86801906,1989808653,1986197041,1986801906,1989,80,8653,1986,19,7041,1986,80,1906,0,0
89PE03527,89808654,86197041,86801906,1989808654,1986197041,1986801906,1989,80,8654,1986,19,7041,1986,80,1906,0,0
89PE03528,89808655,86197041,86801906,1989808655,1986197041,1986801906,1989,80,8655,1986,19,7041,1986,80,1906,0,0
89PE03529,89808656,86197041,87805075,1989808656,1986197041,1987805075,1989,80,8656,1986,19,7041,1987,80,5075,0,0
89PE03530,89808657,86197041,87805075,1989808657,1986197041,1987805075,1989,80,8657,1986,19,7041,1987,80,5075,0,0
89PE03531,89808658,87970000,85948710,1989808658,US97878710,1985948710,1989,80,8658,1987,97,0000,1985,94,8710,0,0
89PE03532,89808659,87970000,85948710,1989808659,US97878710,1985948710,1989,80,8659,1987,97,0000,1985,94,8710,0,0
89PE03533,89808660,86803193,83944943,1989808660,1986803193,1983944943,1989,80,8660,1986,80,3193,1983,94,4943,0,0
89PE03534,89808661,86803193,83944943,1989808661,1986803193,1983944943,1989,80,8661,1986,80,3193,1983,94,4943,0,0
89PE03535,89808662,87970000,84946790,1989808662,US97876790,1984946790,1989,80,8662,1987,97,0000,1984,94,6790,0,0
89PE03536,89808663,87970000,84946790,1989808663,US97876790,1984946790,1989,80,8663,1987,97,0000,1984,94,6790,0,0
89PE03537,89808664,86197041,84631090,1989808664,1986197041,1984631090,1989,80,8664,1986,19,7041,1984,63,1090,0,0
89PE03538,89808665,86802162,86631876,1989808665,1986802162,1986631876,1989,80,8665,1986,80,2162,1986,63,1876,0,0
89PE03539,89808666,87970000,86197522,1989808666,US97877522,1986197522,1989,80,8666,1987,97,0000,1986,19,7522,0,0
89PE03540,89808667,87970000,86197522,1989808667,US97877522,1986197522,1989,80,8667,1987,97,0000,1986,19,7522,0,0
89PE03541,89808668,86197041,86802101,1989808668,1986197041,1986802101,1989,80,8668,1986,19,7041,1986,80,2101,0,0
89PE03542,89808669,86197041,86802101,1989808669,1986197041,1986802101,1989,80,8669,1986,19,7041,1986,80,2101,0,0
89PE03543,89808670,87970000,84195952,1989808670,US97875952,1984195952,1989,80,8670,1987,97,0000,1984,19,5952,0,0
89PE03544,89808671,87970000,84195952,1989808671,US97875952,1984195952,1989,80,8671,1987,97,0000,1984,19,5952,0,0
89PE03545,89808672,87970000,83630270,1989808672,US97870270,1983630270,1989,80,8672,1987,97,0000,1983,63,0270,0,0
89PE03546,89808673,87970000,83630270,1989808673,US97870270,1983630270,1989,80,8673,1987,97,0000,1983,63,0270,0,0
89PE03547,89808674,86197041,86631997,1989808674,1986197041,1986631997,1989,80,8674,1986,19,7041,1986,63,1997,0,0
89PE03548,89808675,86197041,86631997,1989808675,1986197041,1986631997,1989,80,8675,1986,19,7041,1986,63,1997,0,0
89PE03549,89808676,87970000,87803539,1989808676,US97873539,1987803539,1989,80,8676,1987,97,0000,1987,80,3539,0,0
89PE03550,89808677,86197041,84631090,1989808677,1986197041,1984631090,1989,80,8677,1986,19,7041,1984,63,1090,0,0
89PE03551,89808678,87190000,88807445,1989808678,US19877445,1988807445,1989,80,8678,1987,19,0000,1988,80,7445,0,0
89PE03552,89808679,87970000,83630291,1989808679,US97870291,1983630291,1989,80,8679,1987,97,0000,1983,63,0291,0,0
89PE03553,89808680,87970000,83630291,1989808680,US97870291,1983630291,1989,80,8680,1987,97,0000,1983,63,0291,0,0
89PE03554,89808681,86197041,87804598,1989808681,1986197041,1987804598,1989,80,8681,1986,19,7041,1987,80,4598,0,0
89PE03555,89808682,86197041,87804598,1989808682,1986197041,1987804598,1989,80,8682,1986,19,7041,1987,80,4598,0,0
89PE03556,89808683,86196923,87804508,1989808683,1986196923,1987804508,1989,80,8683,1986,19,6923,1987,80,4508,0,0
89PE03557,89808684,86802162,83945632,1989808684,1986802162,1983945632,1989,80,8684,1986,80,2162,1983,94,5632,0,0
89PE03558,89808685,86802162,83945632,1989808685,1986802162,1983945632,1989,80,8685,1986,80,2162,1983,94,5632,0,0
89PE03559,89808686,86802162,83945632,1989808686,1986802162,1983945632,1989,80,8686,1986,80,2162,1983,94,5632,0,0
89PE03560,89808687,86802162,87804430,1989808687,1986802162,1987804430,1989,80,8687,1986,80,2162,1987,80,4430,0,0
89PE03561,89808688,86802162,87804430,1989808688,1986802162,1987804430,1989,80,8688,1986,80,2162,1987,80,4430,0,0
89PE03562,89808689,87970000,84947010,1989808689,US97877010,1984947010,1989,80,8689,1987,97,0000,1984,94,7010,0,0
89PE03563,89808690,87970000,84947010,1989808690,US97877010,1984947010,1989,80,8690,1987,97,0000,1984,94,7010,0,0
89PE03564,89808691,87970000,84947010,1989808691,US97877010,1984947010,1989,80,8691,1987,97,0000,1984,94,7010,0,0
89PE03565,89808692,87970000,84947010,1989808692,US97877010,1984947010,1989,80,8692,1987,97,0000,1984,94,7010,0,0
89PE03566,89808693,86802162,85949337,1989808693,1986802162,1985949337,1989,80,8693,1986,80,2162,1985,94,9337,0,0
89PE03567,89808694,86802162,85949337,1989808694,1986802162,1985949337,1989,80,8694,1986,80,2162,1985,94,9337,0,0
89PE03568,89808695,86197041,83946144,1989808695,1986197041,1983946144,1989,80,8695,1986,19,7041,1983,94,6144,0,0
89PE03569,89808696,86197041,83946144,1989808696,1986197041,1983946144,1989,80,8696,1986,19,7041,1983,94,6144,0,0
89PE03570,89808697,86197041,83946144,1989808697,1986197041,1983946144,1989,80,8697,1986,19,7041,1983,94,6144,0,0
89PE03571,89808698,86802562,84630782,1989808698,1986802562,1984630782,1989,80,8698,1986,80,2562,1984,63,0782,0,0
89PE03572,89808699,87970000,85631538,1989808699,US97871538,1985631538,1989,80,8699,1987,97,0000,1985,63,1538,0,0
89PE03573,89808700,87970000,85631538,1989808700,US97871538,1985631538,1989,80,8700,1987,97,0000,1985,63,1538,0,0
89PE03574,89808701,85028923,84947762,1989808701,1985028923,1984947762,1989,80,8701,1985,02,8923,1984,94,7762,0,0
89PE03575,89808702,85028923,84947762,1989808702,1985028923,1984947762,1989,80,8702,1985,02,8923,1984,94,7762,0,0
89PE03576,89808703,85028923,84947762,1989808703,1985028923,1984947762,1989,80,8703,1985,02,8923,1984,94,7762,0,0
89PE03577,89808704,87970000,86632340,1989808704,US97872340,1986632340,1989,80,8704,1987,97,0000,1986,63,2340,0,0
89PE03578,89808705,86802162,84947638,1989808705,1986802162,1984947638,1989,80,8705,1986,80,2162,1984,94,7638,0,0
89PE03579,89808706,86802162,84947638,1989808706,1986802162,1984947638,1989,80,8706,1986,80,2162,1984,94,7638,0,0
89PE03580,89808707,86197041,85949905,1989808707,1986197041,1985949905,1989,80,8707,1986,19,7041,1985,94,9905,0,0
89PE03581,89808708,86197041,85949905,1989808708,1986197041,1985949905,1989,80,8708,1986,19,7041,1985,94,9905,0,0
89PE03582,89808709,87190000,88807800,1989808709,US19877800,1988807800,1989,80,8709,1987,19,0000,1988,80,7800,0,0
89PE03583,89808710,86196865,87805140,1989808710,1986196865,1987805140,1989,80,8710,1986,19,6865,1987,80,5140,0,0
89PE03584,89808711,86196865,87805140,1989808711,1986196865,1987805140,1989,80,8711,1986,19,6865,1987,80,5140,0,0
89PE03585,89808712,86196865,87805140,1989808712,1986196865,1987805140,1989,80,8712,1986,19,6865,1987,80,5140,0,0
89PE03586,89808713,86196865,84631025,1989808713,1986196865,1984631025,1989,80,8713,1986,19,6865,1984,63,1025,0,0
89PE03587,89808714,86196865,84631025,1989808714,1986196865,1984631025,1989,80,8714,1986,19,6865,1984,63,1025,0,0
89PE03588,89808715,87190000,88807150,1989808715,US19877150,1988807150,1989,80,8715,1987,19,0000,1988,80,7150,0,0
89PE03589,89808716,87970000,87803701,1989808716,US97873701,1987803701,1989,80,8716,1987,97,0000,1987,80,3701,0,0
89PE03590,89808717,87970000,87803701,1989808717,US97873701,1987803701,1989,80,8717,1987,97,0000,1987,80,3701,0,0
89PE03591,89808718,86802562,82943264,1989808718,1986802562,1982943264,1989,80,8718,1986,80,2562,1982,94,3264,0,0
89PE03592,89808719,86802562,82943264,1989808719,1986802562,1982943264,1989,80,8719,1986,80,2562,1982,94,3264,0,0
89PE03593,89808720,87804224,88806084,1989808720,1987804224,1988806084,1989,80,8720,1987,80,4224,1988,80,6084,0,0
89PE03594,89808721,86196923,86801907,1989808721,1986196923,1986801907,1989,80,8721,1986,19,6923,1986,80,1907,0,0
89PE03595,89808722,86196923,86801907,1989808722,1986196923,1986801907,1989,80,8722,1986,19,6923,1986,80,1907,0,0
89PE03596,89808723,86802162,86632084,1989808723,1986802162,1986632084,1989,80,8723,1986,80,2162,1986,63,2084,0,0
89PE03597,89808724,87970000,87803834,1989808724,US97873834,1987803834,1989,80,8724,1987,97,0000,1987,80,3834,0,0
89PE03598,89808725,87970000,87803834,1989808725,US97873834,1987803834,1989,80,8725,1987,97,0000,1987,80,3834,0,0
89PE03599,89808726,87970000,87803834,1989808726,US97873834,1987803834,1989,80,8726,1987,97,0000,1987,80,3834,0,0
89PE03600,89808727,87970000,85631656,1989808727,US97871656,1985631656,1989,80,8727,1987,97,0000,1985,63,1656,0,0
89PE03601,89808728,87970000,85631656,1989808728,US97871656,1985631656,1989,80,8728,1987,97,0000,1985,63,1656,0,0
89PE03602,89808729,86196923,87632811,1989808729,1986196923,1987632811,1989,80,8729,1986,19,6923,1987,63,2811,0,0
89PE03603,89808730,86196865,86632103,1989808730,1986196865,1986632103,1989,80,8730,1986,19,6865,1986,63,2103,0,0
89PE03604,89808731,86196865,86632103,1989808731,1986196865,1986632103,1989,80,8731,1986,19,6865,1986,63,2103,0,0
89PE03605,89808732,86802162,87632926,1989808732,1986802162,1987632926,1989,80,8732,1986,80,2162,1987,63,2926,0,0
89PE03606,89808733,86196865,86802888,1989808733,1986196865,1986802888,1989,80,8733,1986,19,6865,1986,80,2888,0,0
89PE03607,89808734,86196865,86802888,1989808734,1986196865,1986802888,1989,80,8734,1986,19,6865,1986,80,2888,0,0
89PE03608,89808735,87190000,88805669,1989808735,US19875669,1988805669,1989,80,8735,1987,19,0000,1988,80,5669,0,0
89PE03609,89808736,86196865,82943953,1989808736,1986196865,1982943953,1989,80,8736,1986,19,6865,1982,94,3953,0,0
89PE03610,89808737,86196865,82943953,1989808737,1986196865,1982943953,1989,80,8737,1986,19,6865,1982,94,3953,0,0
89PE03611,89808738,87190000,88807064,1989808738,US19877064,1988807064,1989,80,8738,1987,19,0000,1988,80,7064,0,0
89PE03612,89808739,86197041,85631447,1989808739,1986197041,1985631447,1989,80,8739,1986,19,7041,1985,63,1447,0,0
89PE03613,89808740,86197041,85631447,1989808740,1986197041,1985631447,1989,80,8740,1986,19,7041,1985,63,1447,0,0
89PE03614,89808741,86197041,83945310,1989808741,1986197041,1983945310,1989,80,8741,1986,19,7041,1983,94,5310,0,0
89PE03615,89808742,86197041,83945310,1989808742,1986197041,1983945310,1989,80,8742,1986,19,7041,1983,94,5310,0,0
89PE03616,89808743,86197041,83945310,1989808743,1986197041,1983945310,1989,80,8743,1986,19,7041,1983,94,5310,0,0
89PE03617,89808744,86196865,87632472,1989808744,1986196865,1987632472,1989,80,8744,1986,19,6865,1987,63,2472,0,0
89PE03618,89808745,86196865,87632472,1989808745,1986196865,1987632472,1989,80,8745,1986,19,6865,1987,63,2472,0,0
89PE03619,89808746,86196865,87632472,1989808746,1986196865,1987632472,1989,80,8746,1986,19,6865,1987,63,2472,0,0
89PE03620,89808747,86800949,88807769,1989808747,1986800949,1988807769,1989,80,8747,1986,80,0949,1988,80,7769,0,0
89PE03621,89808748,87430000,88805612,1989808748,US43875612,1988805612,1989,80,8748,1987,43,0000,1988,80,5612,0,0
89PE03622,89808749,87970000,86801019,1989808749,US97871019,1986801019,1989,80,8749,1987,97,0000,1986,80,1019,0,0
89PE03623,89808750,87970000,86801019,1989808750,US97871019,1986801019,1989,80,8750,1987,97,0000,1986,80,1019,0,0
89PE03624,89808751,86803193,85631511,1989808751,1986803193,1985631511,1989,80,8751,1986,80,3193,1985,63,1511,0,0
89PE03625,89808752,86803193,85631511,1989808752,1986803193,1985631511,1989,80,8752,1986,80,3193,1985,63,1511,0,0
89PE03626,89808753,86801162,83630611,1989808753,1986801162,1983630611,1989,80,8753,1986,80,1162,1983,63,0611,0,0
89PE03627,89808754,87970000,83945482,1989808754,US97875482,1983945482,1989,80,8754,1987,97,0000,1983,94,5482,0,0
89PE03628,89808755,87970000,87804736,1989808755,US97874736,1987804736,1989,80,8755,1987,97,0000,1987,80,4736,0,0
89PE03629,89808756,87970000,87804736,1989808756,US97874736,1987804736,1989,80,8756,1987,97,0000,1987,80,4736,0,0
89PE03630,89808757,86803193,87804752,1989808757,1986803193,1987804752,1989,80,8757,1986,80,3193,1987,80,4752,0,0
89PE03631,89808758,86802162,83630646,1989808758,1986802162,1983630646,1989,80,8758,1986,80,2162,1983,63,0646,0,0
89PE03632,89808759,86802162,83630646,1989808759,1986802162,1983630646,1989,80,8759,1986,80,2162,1983,63,0646,0,0
89PE03633,89808760,87970000,85631778,1989808760,US97871778,1985631778,1989,80,8760,1987,97,0000,1985,63,1778,0,0
89PE03634,89808761,87970000,85631778,1989808761,US97871778,1985631778,1989,80,8761,1987,97,0000,1985,63,1778,0,0
89PE03635,89808762,86196865,83945022,1989808762,1986196865,1983945022,1989,80,8762,1986,19,6865,1983,94,5022,0,0
89PE03636,89808763,87970000,86197098,1989808763,US97877098,1986197098,1989,80,8763,1987,97,0000,1986,19,7098,0,0
89PE03637,89808764,87970000,86197098,1989808764,US97877098,1986197098,1989,80,8764,1987,97,0000,1986,19,7098,0,0
89PE03638,89808765,87970000,86801055,1989808765,US97871055,1986801055,1989,80,8765,1987,97,0000,1986,80,1055,0,0
89PE03639,89808766,87970000,86801055,1989808766,US97871055,1986801055,1989,80,8766,1987,97,0000,1986,80,1055,0,0
89PE03640,89808767,87190000,88806502,1989808767,US19876502,1988806502,1989,80,8767,1987,19,0000,1988,80,6502,0,0
89PE03641,89808768,86196923,86632248,1989808768,1986196923,1986632248,1989,80,8768,1986,19,6923,1986,63,2248,0,0
89PE03642,89808769,86196923,86632248,1989808769,1986196923,1986632248,1989,80,8769,1986,19,6923,1986,63,2248,0,0
89PE03643,89808770,87970000,85196262,1989808770,US97876262,1985196262,1989,80,8770,1987,97,0000,1985,19,6262,0,0
89PE03644,89808771,87970000,85196262,1989808771,US97876262,1985196262,1989,80,8771,1987,97,0000,1985,19,6262,0,0
89PE03645,89808772,87970000,85631552,1989808772,US97871552,1985631552,1989,80,8772,1987,97,0000,1985,63,1552,0,0
89PE03646,89808773,87970000,85631552,1989808773,US97871552,1985631552,1989,80,8773,1987,97,0000,1985,63,1552,0,0
89PE03647,89808774,87970000,84195588,1989808774,US97875588,1984195588,1989,80,8774,1987,97,0000,1984,19,5588,0,0
89PE03648,89808775,87970000,84631033,1989808775,US97871033,1984631033,1989,80,8775,1987,97,0000,1984,63,1033,0,0
89PE03649,89808776,87970000,83945344,1989808776,US97875344,1983945344,1989,80,8776,1987,97,0000,1983,94,5344,0,0
89PE03650,89808777,87970000,83945344,1989808777,US97875344,1983945344,1989,80,8777,1987,97,0000,1983,94,5344,0,0
89PE03651,89808778,87970000,83945344,1989808778,US97875344,1983945344,1989,80,8778,1987,97,0000,1983,94,5344,0,0
89PE03652,89808779,87190000,88807843,1989808779,US19877843,1988807843,1989,80,8779,1987,19,0000,1988,80,7843,0,0
89PE03653,89808780,87190000,88807843,1989808780,US19877843,1988807843,1989,80,8780,1987,19,0000,1988,80,7843,0,0
89PE03654,89808781,87970000,86632056,1989808781,US97872056,1986632056,1989,80,8781,1987,97,0000,1986,63,2056,0,0
89PE03655,89808782,87190000,88807074,1989808782,US19877074,1988807074,1989,80,8782,1987,19,0000,1988,80,7074,0,0
89PE03656,89808783,87190000,88807074,1989808783,US19877074,1988807074,1989,80,8783,1987,19,0000,1988,80,7074,0,0
89PE03657,89808784,86802562,83945988,1989808784,1986802562,1983945988,1989,80,8784,1986,80,2562,1983,94,5988,0,0
89PE03658,89808785,86802562,83945988,1989808785,1986802562,1983945988,1989,80,8785,1986,80,2562,1983,94,5988,0,0
89PE03659,89808786,86802562,83945988,1989808786,1986802562,1983945988,1989,80,8786,1986,80,2562,1983,94,5988,0,0
89PE03660,89808787,87190000,88806205,1989808787,US19876205,1988806205,1989,80,8787,1987,19,0000,1988,80,6205,0,0
89PE03661,89808788,87970000,87803629,1989808788,US97873629,1987803629,1989,80,8788,1987,97,0000,1987,80,3629,0,0
89PE03662,89808789,87970000,85196468,1989808789,US97876468,1985196468,1989,80,8789,1987,97,0000,1985,19,6468,0,0
89PE03663,89808790,87970000,85196468,1989808790,US97876468,1985196468,1989,80,8790,1987,97,0000,1985,19,6468,0,0
89PE03664,89808791,87970000,87632660,1989808791,US97872660,1987632660,1989,80,8791,1987,97,0000,1987,63,2660,0,0
89PE03665,89808792,87970000,87632660,1989808792,US97872660,1987632660,1989,80,8792,1987,97,0000,1987,63,2660,0,0
89PE03666,89808793,87970000,87632440,1989808793,US97872440,1987632440,1989,80,8793,1987,97,0000,1987,63,2440,0,0
89PE03667,89808794,87970000,87632714,1989808794,US97872714,1987632714,1989,80,8794,1987,97,0000,1987,63,2714,0,0
89PE03668,89808795,87190000,88807166,1989808795,US19877166,1988807166,1989,80,8795,1987,19,0000,1988,80,7166,0,0
89PE03669,89808796,87190000,88806941,1989808796,US19876941,1988806941,1989,80,8796,1987,19,0000,1988,80,6941,0,0
89PE03670,89808797,87970000,82629937,1989808797,US97879937,1982629937,1989,80,8797,1987,97,0000,1982,62,9937,0,0
89PE03671,89808798,87970000,82629937,1989808798,US97879937,1982629937,1989,80,8798,1987,97,0000,1982,62,9937,0,0
89PE03672,89808799,87970000,83435844,1989808799,US97875844,1983435844,1989,80,8799,1987,97,0000,1983,43,5844,0,0
89PE03673,89808800,87970000,83435844,1989808800,US97875844,1983435844,1989,80,8800,1987,97,0000,1983,43,5844,0,0
89PE03674,89808801,87970000,83435844,1989808801,US97875844,1983435844,1989,80,8801,1987,97,0000,1983,43,5844,0,0
89PE03675,89808802,87970000,85948570,1989808802,US97878570,1985948570,1989,80,8802,1987,97,0000,1985,94,8570,0,0
89PE03676,89808803,87970000,85948570,1989808803,US97878570,1985948570,1989,80,8803,1987,97,0000,1985,94,8570,0,0
89PE03677,89808804,87970000,87632772,1989808804,US97872772,1987632772,1989,80,8804,1987,97,0000,1987,63,2772,0,0
89PE03678,89808805,87970000,87632772,1989808805,US97872772,1987632772,1989,80,8805,1987,97,0000,1987,63,2772,0,0
89PE03679,89808806,87430000,88805943,1989808806,US43875943,1988805943,1989,80,8806,1987,43,0000,1988,80,5943,0,0
89PE03680,89808807,87430000,88805943,1989808807,US43875943,1988805943,1989,80,8807,1987,43,0000,1988,80,5943,0,0
89PE03681,89808808,87970000,86197113,1989808808,US97877113,1986197113,1989,80,8808,1987,97,0000,1986,19,7113,0,0
89PE03682,89808809,87970000,86197113,1989808809,US97877113,1986197113,1989,80,8809,1987,97,0000,1986,19,7113,0,0
89PE03683,89808810,87970000,83944726,1989808810,US97874726,1983944726,1989,80,8810,1987,97,0000,1983,94,4726,0,0
89PE03684,89808811,87970000,83944726,1989808811,US97874726,1983944726,1989,80,8811,1987,97,0000,1983,94,4726,0,0
89PE03685,89808812,87190000,88805818,1989808812,US19875818,1988805818,1989,80,8812,1987,19,0000,1988,80,5818,0,0
89PE03686,89808813,87970000,86801317,1989808813,US97871317,1986801317,1989,80,8813,1987,97,0000,1986,80,1317,0,0
89PE03687,89808814,87970000,86801317,1989808814,US97871317,1986801317,1989,80,8814,1987,97,0000,1986,80,1317,0,0
89PE03688,89808815,87970000,87031501,1989808815,US97871501,1987031501,1989,80,8815,1987,97,0000,1987,03,1501,0,0
89PE03689,89808816,87970000,87031501,1989808816,US97871501,1987031501,1989,80,8816,1987,97,0000,1987,03,1501,0,0
89PE03690,89808817,87970000,86029766,1989808817,US97879766,1986029766,1989,80,8817,1987,97,0000,1986,02,9766,0,0
89PE03691,89808818,87970000,86029766,1989808818,US97879766,1986029766,1989,80,8818,1987,97,0000,1986,02,9766,0,0
89PE03692,89808819,87970000,86029766,1989808819,US97879766,1986029766,1989,80,8819,1987,97,0000,1986,02,9766,0,0
89PE03693,89808820,87970000,87803487,1989808820,US97873487,1987803487,1989,80,8820,1987,97,0000,1987,80,3487,0,0
89PE03694,89808821,87970000,87803487,1989808821,US97873487,1987803487,1989,80,8821,1987,97,0000,1987,80,3487,0,0
89PE03695,89808822,87970000,82194605,1989808822,US97874605,1982194605,1989,80,8822,1987,97,0000,1982,19,4605,0,0
89PE03696,89808823,87430000,88805701,1989808823,US43875701,1988805701,1989,80,8823,1987,43,0000,1988,80,5701,0,0
89PE03697,89808824,87970000,86632067,1989808824,US97872067,1986632067,1989,80,8824,1987,97,0000,1986,63,2067,0,0
89PE03698,89808825,87970000,86632067,1989808825,US97872067,1986632067,1989,80,8825,1987,97,0000,1986,63,2067,0,0
89PE03699,89808826,87190000,88806181,1989808826,US19876181,1988806181,1989,80,8826,1987,19,0000,1988,80,6181,0,0
89PE03700,89808827,87970000,86197467,1989808827,US97877467,1986197467,1989,80,8827,1987,97,0000,1986,19,7467,0,0
89PE03701,89808828,87970000,85949088,1989808828,US97879088,1985949088,1989,80,8828,1987,97,0000,1985,94,9088,0,0
89PE03702,89808829,87970000,85800517,1989808829,US97870517,1985800517,1989,80,8829,1987,97,0000,1985,80,0517,0,0
89PE03703,89808830,87970000,84947268,1989808830,US97877268,1984947268,1989,80,8830,1987,97,0000,1984,94,7268,0,0
89PE03704,89808831,87970000,84947268,1989808831,US97877268,1984947268,1989,80,8831,1987,97,0000,1984,94,7268,0,0
89PE03705,89808832,87970000,84947268,1989808832,US97877268,1984947268,1989,80,8832,1987,97,0000,1984,94,7268,0,0
89PE03706,89808833,87970000,85437009,1989808833,US97877009,1985437009,1989,80,8833,1987,97,0000,1985,43,7009,0,0
89PE03707,89808834,87970000,85437009,1989808834,US97877009,1985437009,1989,80,8834,1987,97,0000,1985,43,7009,0,0
89PE03708,89808835,87970000,86801013,1989808835,US97871013,1986801013,1989,80,8835,1987,97,0000,1986,80,1013,0,0
89PE03709,89808836,86197041,86632224,1989808836,1986197041,1986632224,1989,80,8836,1986,19,7041,1986,63,2224,0,0
89PE03710,89808837,87970000,85437380,1989808837,US97877380,1985437380,1989,80,8837,1987,97,0000,1985,43,7380,0,0
89PE03711,89808838,87970000,87632516,1989808838,US97872516,1987632516,1989,80,8838,1987,97,0000,1987,63,2516,0,0
89PE03712,89808839,87970000,87803904,1989808839,US97873904,1987803904,1989,80,8839,1987,97,0000,1987,80,3904,0,0
89PE03713,89808840,87970000,87803904,1989808840,US97873904,1987803904,1989,80,8840,1987,97,0000,1987,80,3904,0,0
89PE03714,89808841,87430000,88806273,1989808841,US43876273,1988806273,1989,80,8841,1987,43,0000,1988,80,6273,0,0
89PE03715,89808842,87190000,88807531,1989808842,US19877531,1988807531,1989,80,8842,1987,19,0000,1988,80,7531,0,0
89PE03716,89808843,87970000,83945851,1989808843,US97875851,1983945851,1989,80,8843,1987,97,0000,1983,94,5851,0,0
89PE03717,89808844,87970000,83945851,1989808844,US97875851,1983945851,1989,80,8844,1987,97,0000,1983,94,5851,0,0
89PE03718,89808845,87970000,83945851,1989808845,US97875851,1983945851,1989,80,8845,1987,97,0000,1983,94,5851,0,0
89PE03719,89808846,87970000,86632137,1989808846,US97872137,1986632137,1989,80,8846,1987,97,0000,1986,63,2137,0,0
89PE03720,89808847,87970000,87804918,1989808847,US97874918,1987804918,1989,80,8847,1987,97,0000,1987,80,4918,0,0
89PE03721,89808848,87970000,87804918,1989808848,US97874918,1987804918,1989,80,8848,1987,97,0000,1987,80,4918,0,0
89PE03722,89808849,87970000,87804267,1989808849,US97874267,1987804267,1989,80,8849,1987,97,0000,1987,80,4267,0,0
89PE03723,89808850,87970000,87804267,1989808850,US97874267,1987804267,1989,80,8850,1987,97,0000,1987,80,4267,0,0
89PE03724,89808851,87970000,87803693,1989808851,US97873693,1987803693,1989,80,8851,1987,97,0000,1987,80,3693,0,0
89PE03725,89808852,87970000,86029192,1989808852,US97879192,1986029192,1989,80,8852,1987,97,0000,1986,02,9192,0,0
89PE03726,89808853,87970000,86029192,1989808853,US97879192,1986029192,1989,80,8853,1987,97,0000,1986,02,9192,0,0
89PE03727,89808854,87970000,86801056,1989808854,US97871056,1986801056,1989,80,8854,1987,97,0000,1986,80,1056,0,0
89PE03728,89808855,87970000,86801056,1989808855,US97871056,1986801056,1989,80,8855,1987,97,0000,1986,80,1056,0,0
89PE03729,89808856,87970000,84195621,1989808856,US97875621,1984195621,1989,80,8856,1987,97,0000,1984,19,5621,0,0
89PE03730,89808857,87970000,84195621,1989808857,US97875621,1984195621,1989,80,8857,1987,97,0000,1984,19,5621,0,0
89PE03731,89808858,87970000,87803719,1989808858,US97873719,1987803719,1989,80,8858,1987,97,0000,1987,80,3719,0,0
89PE03732,89808859,87970000,87803719,1989808859,US97873719,1987803719,1989,80,8859,1987,97,0000,1987,80,3719,0,0
89PE03733,89808860,87970000,82630085,1989808860,US97870085,1982630085,1989,80,8860,1987,97,0000,1982,63,0085,0,0
89PE03734,89808861,87970000,82630085,1989808861,US97870085,1982630085,1989,80,8861,1987,97,0000,1982,63,0085,0,0
89PE03735,89808862,87970000,82943647,1989808862,US97873647,1982943647,1989,80,8862,1987,97,0000,1982,94,3647,0,0
89PE03736,89808863,87970000,82943647,1989808863,US97873647,1982943647,1989,80,8863,1987,97,0000,1982,94,3647,0,0
89PE03737,89808864,87970000,86801252,1989808864,US97871252,1986801252,1989,80,8864,1987,97,0000,1986,80,1252,0,0
89PE03738,89808865,87970000,86801252,1989808865,US97871252,1986801252,1989,80,8865,1987,97,0000,1986,80,1252,0,0
89PE03739,89808866,87970000,86801537,1989808866,US97871537,1986801537,1989,80,8866,1987,97,0000,1986,80,1537,0,0
89PE03740,89808867,87970000,87804726,1989808867,US97874726,1987804726,1989,80,8867,1987,97,0000,1987,80,4726,0,0
89PE03741,89808868,87970000,87198052,1989808868,US97878052,1987198052,1989,80,8868,1987,97,0000,1987,19,8052,0,0
89PE03742,89808869,87970000,84196060,1989808869,US97876060,1984196060,1989,80,8869,1987,97,0000,1984,19,6060,0,0
89PE03743,89808870,87970000,85437200,1989808870,US97877200,1985437200,1989,80,8870,1987,97,0000,1985,43,7200,0,0
89PE03744,89808871,87970000,83630440,1989808871,US97870440,1983630440,1989,80,8871,1987,97,0000,1983,63,0440,0,0
89PE03745,89808872,87970000,84946920,1989808872,US97876920,1984946920,1989,80,8872,1987,97,0000,1984,94,6920,0,0
89PE03746,89808873,87970000,84946920,1989808873,US97876920,1984946920,1989,80,8873,1987,97,0000,1984,94,6920,0,0
89PE03747,89808874,87970000,86631838,1989808874,US97871838,1986631838,1989,80,8874,1987,97,0000,1986,63,1838,0,0
89PE03748,89808875,87970000,86631838,1989808875,US97871838,1986631838,1989,80,8875,1987,97,0000,1986,63,1838,0,0
89PE03749,89808876,87970000,87803710,1989808876,US97873710,1987803710,1989,80,8876,1987,97,0000,1987,80,3710,0,0
89PE03750,89808877,87970000,87803710,1989808877,US97873710,1987803710,1989,80,8877,1987,97,0000,1987,80,3710,0,0
89PE03751,89808878,87430000,88805662,1989808878,US43875662,1988805662,1989,80,8878,1987,43,0000,1988,80,5662,0,0
89PE03752,89808879,87970000,87804877,1989808879,US97874877,1987804877,1989,80,8879,1987,97,0000,1987,80,4877,0,0
89PE03753,89808880,87970000,87804089,1989808880,US97874089,1987804089,1989,80,8880,1987,97,0000,1987,80,4089,0,0
89PE03754,89808881,87970000,87804089,1989808881,US97874089,1987804089,1989,80,8881,1987,97,0000,1987,80,4089,0,0
89PE03755,89808882,87970000,87803787,1989808882,US97873787,1987803787,1989,80,8882,1987,97,0000,1987,80,3787,0,0
89PE03756,89808883,87970000,87803787,1989808883,US97873787,1987803787,1989,80,8883,1987,97,0000,1987,80,3787,0,0
89PE03757,89808884,87430000,88805938,1989808884,US43875938,1988805938,1989,80,8884,1987,43,0000,1988,80,5938,0,0
89PE03758,89808885,87970000,87804561,1989808885,US97874561,1987804561,1989,80,8885,1987,97,0000,1987,80,4561,0,0
89PE03759,89808886,87970000,87804561,1989808886,US97874561,1987804561,1989,80,8886,1987,97,0000,1987,80,4561,0,0
89PE03760,89808887,87970000,85436944,1989808887,US97876944,1985436944,1989,80,8887,1987,97,0000,1985,43,6944,0,0
89PE03761,89808888,87970000,85436944,1989808888,US97876944,1985436944,1989,80,8888,1987,97,0000,1985,43,6944,0,0
89PE03762,89808889,87970000,82434932,1989808889,US97874932,1982434932,1989,80,8889,1987,97,0000,1982,43,4932,0,0
89PE03763,89808890,87970000,82434932,1989808890,US97874932,1982434932,1989,80,8890,1987,97,0000,1982,43,4932,0,0
89PE03764,89808891,87190000,88807196,1989808891,US19877196,1988807196,1989,80,8891,1987,19,0000,1988,80,7196,0,0
89PE03765,89808892,87970000,87804778,1989808892,US97874778,1987804778,1989,80,8892,1987,97,0000,1987,80,4778,0,0
89PE03766,89808893,87970000,86632078,1989808893,US97872078,1986632078,1989,80,8893,1987,97,0000,1986,63,2078,0,0
89PE03767,89808894,87970000,86632078,1989808894,US97872078,1986632078,1989,80,8894,1987,97,0000,1986,63,2078,0,0
89PE03768,89808895,87970000,87805415,1989808895,US97875415,1987805415,1989,80,8895,1987,97,0000,1987,80,5415,0,0
89PE03769,89808896,87970000,87805415,1989808896,US97875415,1987805415,1989,80,8896,1987,97,0000,1987,80,5415,0,0
89PE03770,89808897,87970000,85800377,1989808897,US97870377,1985800377,1989,80,8897,1987,97,0000,1985,80,0377,0,0
89PE03771,89808898,87970000,85800377,1989808898,US97870377,1985800377,1989,80,8898,1987,97,0000,1985,80,0377,0,0
89PE03772,89808899,87970000,86802563,1989808899,US97872563,1986802563,1989,80,8899,1987,97,0000,1986,80,2563,0,0
89PE03773,89808900,87970000,86802563,1989808900,US97872563,1986802563,1989,80,8900,1987,97,0000,1986,80,2563,0,0
89PE03774,89808901,87190000,88807815,1989808901,US19877815,1988807815,1989,80,8901,1987,19,0000,1988,80,7815,0,0
89PE03775,89808902,87970000,87805329,1989808902,US97875329,1987805329,1989,80,8902,1987,97,0000,1987,80,5329,0,0
89PE03776,89808903,87970000,87438598,1989808903,US97878598,1987438598,1989,80,8903,1987,97,0000,1987,43,8598,0,0
89PE03777,89808904,87970000,83435534,1989808904,US97875534,1983435534,1989,80,8904,1987,97,0000,1983,43,5534,0,0
89PE03778,89808905,87970000,83435534,1989808905,US97875534,1983435534,1989,80,8905,1987,97,0000,1983,43,5534,0,0
89PE03779,89808906,87970000,87805044,1989808906,US97875044,1987805044,1989,80,8906,1987,97,0000,1987,80,5044,0,0
89PE03780,89808907,87970000,87805044,1989808907,US97875044,1987805044,1989,80,8907,1987,97,0000,1987,80,5044,0,0
89PE03781,89808908,87970000,86801869,1989808908,US97871869,1986801869,1989,80,8908,1987,97,0000,1986,80,1869,0,0
89PE03782,89808909,87970000,87804823,1989808909,US97874823,1987804823,1989,80,8909,1987,97,0000,1987,80,4823,0,0
89PE03783,89808910,87970000,86802173,1989808910,US97872173,1986802173,1989,80,8910,1987,97,0000,1986,80,2173,0,0
89PE03784,89808911,87970000,86802173,1989808911,US97872173,1986802173,1989,80,8911,1987,97,0000,1986,80,2173,0,0
89PE03785,89808912,87970000,86802173,1989808912,US97872173,1986802173,1989,80,8912,1987,97,0000,1986,80,2173,0,0
89PE03786,89808913,87970000,83945607,1989808913,US97875607,1983945607,1989,80,8913,1987,97,0000,1983,94,5607,0,0
89PE03787,89808914,87970000,83945607,1989808914,US97875607,1983945607,1989,80,8914,1987,97,0000,1983,94,5607,0,0
89PE03788,89808915,87970000,83945607,1989808915,US97875607,1983945607,1989,80,8915,1987,97,0000,1983,94,5607,0,0
89PE03789,89808916,87970000,87804290,1989808916,US97874290,1987804290,1989,80,8916,1987,97,0000,1987,80,4290,0,0
89PE03790,89808917,87970000,87804290,1989808917,US97874290,1987804290,1989,80,8917,1987,97,0000,1987,80,4290,0,0
89PE03791,89808918,87970000,87632808,1989808918,US97872808,1987632808,1989,80,8918,1987,97,0000,1987,63,2808,0,0
89PE03792,89808919,87970000,87632808,1989808919,US97872808,1987632808,1989,80,8919,1987,97,0000,1987,63,2808,0,0
89PE03793,89808920,87970000,87805283,1989808920,US97875283,1987805283,1989,80,8920,1987,97,0000,1987,80,5283,0,0
89PE03794,89808921,87970000,85949423,1989808921,US97879423,1985949423,1989,80,8921,1987,97,0000,1985,94,9423,0,0
89PE03795,89808922,87970000,85949230,1989808922,US97879230,1985949230,1989,80,8922,1987,97,0000,1985,94,9230,0,0
89PE03796,89808923,87970000,85949230,1989808923,US97879230,1985949230,1989,80,8923,1987,97,0000,1985,94,9230,0,0
89PE03797,89808924,87970000,83946263,1989808924,US97876263,1983946263,1989,80,8924,1987,97,0000,1983,94,6263,0,0
89PE03798,89808925,87970000,83946263,1989808925,US97876263,1983946263,1989,80,8925,1987,97,0000,1983,94,6263,0,0
89PE03799,89808926,87970000,86631869,1989808926,US97871869,1986631869,1989,80,8926,1987,97,0000,1986,63,1869,0,0
89PE03800,89808927,87970000,86631869,1989808927,US97871869,1986631869,1989,80,8927,1987,97,0000,1986,63,1869,0,0
89PE03801,89808928,87970000,86801150,1989808928,US97871150,1986801150,1989,80,8928,1987,97,0000,1986,80,1150,0,0
89PE03802,89808929,87970000,86801150,1989808929,US97871150,1986801150,1989,80,8929,1987,97,0000,1986,80,1150,0,0
89PE03803,89808930,87970000,83944973,1989808930,US97874973,1983944973,1989,80,8930,1987,97,0000,1983,94,4973,0,0
89PE03804,89808931,87970000,83944973,1989808931,US97874973,1983944973,1989,80,8931,1987,97,0000,1983,94,4973,0,0
89PE03805,89808932,87970000,86801583,1989808932,US97871583,1986801583,1989,80,8932,1987,97,0000,1986,80,1583,0,0
89PE03806,89808933,87970000,86801583,1989808933,US97871583,1986801583,1989,80,8933,1987,97,0000,1986,80,1583,0,0
89PE03807,89808934,87970000,86801583,1989808934,US97871583,1986801583,1989,80,8934,1987,97,0000,1986,80,1583,0,0
89PE03808,89808935,87970000,84630890,1989808935,US97870890,1984630890,1989,80,8935,1987,97,0000,1984,63,0890,0,0
89PE03809,89808936,87970000,84630890,1989808936,US97870890,1984630890,1989,80,8936,1987,97,0000,1984,63,0890,0,0
89PE03810,89808937,87970000,84947036,1989808937,US97877036,1984947036,1989,80,8937,1987,97,0000,1984,94,7036,0,0
89PE03811,89808938,87970000,84947036,1989808938,US97877036,1984947036,1989,80,8938,1987,97,0000,1984,94,7036,0,0
89PE03812,89808939,87970000,86802641,1989808939,US97872641,1986802641,1989,80,8939,1987,97,0000,1986,80,2641,0,0
89PE03813,89808940,87970000,86802641,1989808940,US97872641,1986802641,1989,80,8940,1987,97,0000,1986,80,2641,0,0
89PE03814,89808941,87970000,86631882,1989808941,US97871882,1986631882,1989,80,8941,1987,97,0000,1986,63,1882,0,0
89PE03815,89808942,87970000,86631882,1989808942,US97871882,1986631882,1989,80,8942,1987,97,0000,1986,63,1882,0,0
89PE03816,89808943,87970000,87632779,1989808943,US97872779,1987632779,1989,80,8943,1987,97,0000,1987,63,2779,0,0
89PE03817,89808944,87970000,85949849,1989808944,US97879849,1985949849,1989,80,8944,1987,97,0000,1985,94,9849,0,0
89PE03818,89808945,87970000,87804549,1989808945,US97874549,1987804549,1989,80,8945,1987,97,0000,1987,80,4549,0,0
89PE03819,89808946,87970000,87804549,1989808946,US97874549,1987804549,1989,80,8946,1987,97,0000,1987,80,4549,0,0
89PE03820,89808947,87970000,87198376,1989808947,US97878376,1987198376,1989,80,8947,1987,97,0000,1987,19,8376,0,0
89PE03821,89808948,87970000,85949258,1989808948,US97879258,1985949258,1989,80,8948,1987,97,0000,1985,94,9258,0,0
89PE03822,89808949,87970000,87439363,1989808949,US97879363,1987439363,1989,80,8949,1987,97,0000,1987,43,9363,0,0
89PE03823,89808950,87970000,85631306,1989808950,US97871306,1985631306,1989,80,8950,1987,97,0000,1985,63,1306,0,0
89PE03824,89808951,87970000,85631306,1989808951,US97871306,1985631306,1989,80,8951,1987,97,0000,1985,63,1306,0,0
89PE03825,89808952,87970000,87805400,1989808952,US97875400,1987805400,1989,80,8952,1987,97,0000,1987,80,5400,0,0
89PE03826,89808953,87970000,87804709,1989808953,US97874709,1987804709,1989,80,8953,1987,97,0000,1987,80,4709,0,0
89PE03827,89808954,87970000,87804709,1989808954,US97874709,1987804709,1989,80,8954,1987,97,0000,1987,80,4709,0,0
89PE03828,89808955,87970000,84947642,1989808955,US97877642,1984947642,1989,80,8955,1987,97,0000,1984,94,7642,0,0
89PE03829,89808956,87970000,84947642,1989808956,US97877642,1984947642,1989,80,8956,1987,97,0000,1984,94,7642,0,0
89PE03830,89808957,87970000,85800482,1989808957,US97870482,1985800482,1989,80,8957,1987,97,0000,1985,80,0482,0,0
89PE03831,89808958,87970000,85800482,1989808958,US97870482,1985800482,1989,80,8958,1987,97,0000,1985,80,0482,0,0
89PE03832,89808959,87970000,84631172,1989808959,US97871172,1984631172,1989,80,8959,1987,97,0000,1984,63,1172,0,0
89PE03833,89808960,87970000,84631172,1989808960,US97871172,1984631172,1989,80,8960,1987,97,0000,1984,63,1172,0,0
89PE03834,89808961,87970000,87633053,1989808961,US97873053,1987633053,1989,80,8961,1987,97,0000,1987,63,3053,0,0
89PE03835,89808962,87970000,86801610,1989808962,US97871610,1986801610,1989,80,8962,1987,97,0000,1986,80,1610,0,0
89PE03836,89808963,87970000,86801610,1989808963,US97871610,1986801610,1989,80,8963,1987,97,0000,1986,80,1610,0,0
89PE03837,89808964,87970000,85948841,1989808964,US97878841,1985948841,1989,80,8964,1987,97,0000,1985,94,8841,0,0
89PE03838,89808965,87190000,88807052,1989808965,US19877052,1988807052,1989,80,8965,1987,19,0000,1988,80,7052,0,0
89PE03839,89808966,87970000,86802466,1989808966,US97872466,1986802466,1989,80,8966,1987,97,0000,1986,80,2466,0,0
89PE03840,89808967,87970000,86802466,1989808967,US97872466,1986802466,1989,80,8967,1987,97,0000,1986,80,2466,0,0
89PE03841,89808968,87970000,87198467,1989808968,US97878467,1987198467,1989,80,8968,1987,97,0000,1987,19,8467,0,0
89PE03842,89808969,87970000,82943036,1989808969,US97873036,1982943036,1989,80,8969,1987,97,0000,1982,94,3036,0,0
89PE03843,89808970,87970000,82943036,1989808970,US97873036,1982943036,1989,80,8970,1987,97,0000,1982,94,3036,0,0
89PE03844,89808971,87970000,87632707,1989808971,US97872707,1987632707,1989,80,8971,1987,97,0000,1987,63,2707,0,0
89PE03845,89808972,87970000,85800559,1989808972,US97870559,1985800559,1989,80,8972,1987,97,0000,1985,80,0559,0,0
89PE03846,89808973,87970000,85800559,1989808973,US97870559,1985800559,1989,80,8973,1987,97,0000,1985,80,0559,0,0
89PE03847,89808974,87970000,85800559,1989808974,US97870559,1985800559,1989,80,8974,1987,97,0000,1985,80,0559,0,0
89PE03848,89808975,87970000,87804786,1989808975,US97874786,1987804786,1989,80,8975,1987,97,0000,1987,80,4786,0,0
89PE03849,89808976,87970000,87804786,1989808976,US97874786,1987804786,1989,80,8976,1987,97,0000,1987,80,4786,0,0
89PE03850,89808977,87970000,82943699,1989808977,US97873699,1982943699,1989,80,8977,1987,97,0000,1982,94,3699,0,0
89PE03851,89808978,87970000,82943699,1989808978,US97873699,1982943699,1989,80,8978,1987,97,0000,1982,94,3699,0,0
89PE03852,89808979,87970000,84947683,1989808979,US97877683,1984947683,1989,80,8979,1987,97,0000,1984,94,7683,0,0
89PE03853,89808980,87970000,82942689,1989808980,US97872689,1982942689,1989,80,8980,1987,97,0000,1982,94,2689,0,0
89PE03854,89808981,87970000,82942689,1989808981,US97872689,1982942689,1989,80,8981,1987,97,0000,1982,94,2689,0,0
89PE03855,89808982,87970000,82942689,1989808982,US97872689,1982942689,1989,80,8982,1987,97,0000,1982,94,2689,0,0
89PE03856,89808983,87970000,85631426,1989808983,US97871426,1985631426,1989,80,8983,1987,97,0000,1985,63,1426,0,0
89PE03857,89808984,87970000,86801460,1989808984,US97871460,1986801460,1989,80,8984,1987,97,0000,1986,80,1460,0,0
89PE03858,89808985,87970000,86801460,1989808985,US97871460,1986801460,1989,80,8985,1987,97,0000,1986,80,1460,0,0
89PE03859,89808986,87970000,86632004,1989808986,US97872004,1986632004,1989,80,8986,1987,97,0000,1986,63,2004,0,0
89PE03860,89808987,87970000,86632004,1989808987,US97872004,1986632004,1989,80,8987,1987,97,0000,1986,63,2004,0,0
89PE03861,89808988,87970000,83436209,1989808988,US97876209,1983436209,1989,80,8988,1987,97,0000,1983,43,6209,0,0
89PE03862,89808989,87970000,83436209,1989808989,US97876209,1983436209,1989,80,8989,1987,97,0000,1983,43,6209,0,0
89PE03863,89808990,87970000,83436209,1989808990,US97876209,1983436209,1989,80,8990,1987,97,0000,1983,43,6209,0,0
89PE03864,89808991,87970000,87804320,1989808991,US97874320,1987804320,1989,80,8991,1987,97,0000,1987,80,4320,0,0
89PE03865,89808992,87970000,85800518,1989808992,US97870518,1985800518,1989,80,8992,1987,97,0000,1985,80,0518,0,0
89PE03866,89808993,87970000,85800518,1989808993,US97870518,1985800518,1989,80,8993,1987,97,0000,1985,80,0518,0,0
89PE03867,89808994,87970000,84631016,1989808994,US97871016,1984631016,1989,80,8994,1987,97,0000,1984,63,1016,0,0
89PE03868,89808995,87970000,86631957,1989808995,US97871957,1986631957,1989,80,8995,1987,97,0000,1986,63,1957,0,0
89PE03869,89808996,87970000,86631957,1989808996,US97871957,1986631957,1989,80,8996,1987,97,0000,1986,63,1957,0,0
89PE03870,89808997,87970000,87805078,1989808997,US97875078,1987805078,1989,80,8997,1987,97,0000,1987,80,5078,0,0
89PE03871,89808998,87970000,86802770,1989808998,US97872770,1986802770,1989,80,8998,1987,97,0000,1986,80,2770,0,0
89PE03872,89808999,87970000,86802770,1989808999,US97872770,1986802770,1989,80,8999,1987,97,0000,1986,80,2770,0,0
89PE03873,89809000,87190000,88806523,1989809000,US19876523,1988806523,1989,80,9000,1987,19,0000,1988,80,6523,0,0
89PE03874,89809001,87970000,87439310,1989809001,US97879310,1987439310,1989,80,9001,1987,97,0000,1987,43,9310,0,0
89PE03875,89809002,87970000,87439310,1989809002,US97879310,1987439310,1989,80,9002,1987,97,0000,1987,43,9310,0,0
89PE03876,89809003,87970000,85437501,1989809003,US97877501,1985437501,1989,80,9003,1987,97,0000,1985,43,7501,0,0
89PE03877,89809004,87970000,85437501,1989809004,US97877501,1985437501,1989,80,9004,1987,97,0000,1985,43,7501,0,0
89PE03878,89809005,87970000,85437501,1989809005,US97877501,1985437501,1989,80,9005,1987,97,0000,1985,43,7501,0,0
89PE03879,89809006,87970000,87438872,1989809006,US97878872,1987438872,1989,80,9006,1987,97,0000,1987,43,8872,0,0
89PE03880,89809007,87970000,84631054,1989809007,US97871054,1984631054,1989,80,9007,1987,97,0000,1984,63,1054,0,0
89PE03881,89809008,87970000,87198575,1989809008,US97878575,1987198575,1989,80,9008,1987,97,0000,1987,19,8575,0,0
89PE03882,89809009,87970000,87198575,1989809009,US97878575,1987198575,1989,80,9009,1987,97,0000,1987,19,8575,0,0
89PE03883,89809010,87970000,87632539,1989809010,US97872539,1987632539,1989,80,9010,1987,97,0000,1987,63,2539,0,0
89PE03884,89809011,87970000,87632539,1989809011,US97872539,1987632539,1989,80,9011,1987,97,0000,1987,63,2539,0,0
89PE03885,89809012,87970000,87803868,1989809012,US97873868,1987803868,1989,80,9012,1987,97,0000,1987,80,3868,0,0
89PE03886,89809013,87970000,87632762,1989809013,US97872762,1987632762,1989,80,9013,1987,97,0000,1987,63,2762,0,0
89PE03887,89809014,87970000,84947656,1989809014,US97877656,1984947656,1989,80,9014,1987,97,0000,1984,94,7656,0,0
89PE03888,89809015,87970000,84947656,1989809015,US97877656,1984947656,1989,80,9015,1987,97,0000,1984,94,7656,0,0
89PE03889,89809016,87970000,87438955,1989809016,US97878955,1987438955,1989,80,9016,1987,97,0000,1987,43,8955,0,0
89PE03890,89809017,87970000,87438955,1989809017,US97878955,1987438955,1989,80,9017,1987,97,0000,1987,43,8955,0,0
89PE03891,89809018,87970000,84947002,1989809018,US97877002,1984947002,1989,80,9018,1987,97,0000,1984,94,7002,0,0
89PE03892,89809019,87970000,87632493,1989809019,US97872493,1987632493,1989,80,9019,1987,97,0000,1987,63,2493,0,0
89PE03893,89809020,87970000,87804878,1989809020,US97874878,1987804878,1989,80,9020,1987,97,0000,1987,80,4878,0,0
89PE03894,89809021,87970000,87804878,1989809021,US97874878,1987804878,1989,80,9021,1987,97,0000,1987,80,4878,0,0
89PE03895,89809022,87970000,85800613,1989809022,US97870613,1985800613,1989,80,9022,1987,97,0000,1985,80,0613,0,0
89PE03896,89809023,87970000,85800613,1989809023,US97870613,1985800613,1989,80,9023,1987,97,0000,1985,80,0613,0,0
89PE03897,89809024,87970000,85800556,1989809024,US97870556,1985800556,1989,80,9024,1987,97,0000,1985,80,0556,0,0
89PE03898,89809025,87970000,85800556,1989809025,US97870556,1985800556,1989,80,9025,1987,97,0000,1985,80,0556,0,0
89PE03899,89809026,88031999,83025132,1989809026,1988031999,1983025132,1989,80,9026,1988,03,1999,1983,02,5132,0,0
89PE03900,89809027,87970000,86802091,1989809027,US97872091,1986802091,1989,80,9027,1987,97,0000,1986,80,2091,0,0
89PE03901,89809028,87970000,86802091,1989809028,US97872091,1986802091,1989,80,9028,1987,97,0000,1986,80,2091,0,0
89PE03902,89809029,87970000,87803961,1989809029,US97873961,1987803961,1989,80,9029,1987,97,0000,1987,80,3961,0,0
89PE03903,89809030,87970000,87803961,1989809030,US97873961,1987803961,1989,80,9030,1987,97,0000,1987,80,3961,0,0
89PE03904,89809031,87970000,87438843,1989809031,US97878843,1987438843,1989,80,9031,1987,97,0000,1987,43,8843,0,0
89PE03905,89809032,87970000,84436627,1989809032,US97876627,1984436627,1989,80,9032,1987,97,0000,1984,43,6627,0,0
89PE03906,89809034,87970000,84436627,1989809034,US97876627,1984436627,1989,80,9034,1987,97,0000,1984,43,6627,0,0
89PE03907,89809035,87970000,84436671,1989809035,US97876671,1984436671,1989,80,9035,1987,97,0000,1984,43,6671,0,0
89PE03908,89809036,87970000,84436671,1989809036,US97876671,1984436671,1989,80,9036,1987,97,0000,1984,43,6671,0,0
89PE03909,89809037,85028923,87633035,1989809037,1985028923,1987633035,1989,80,9037,1985,02,8923,1987,63,3035,0,0
89PE03910,89809038,85028923,87633035,1989809038,1985028923,1987633035,1989,80,9038,1985,02,8923,1987,63,3035,0,0
89PE03911,89809039,85028923,82943265,1989809039,1985028923,1982943265,1989,80,9039,1985,02,8923,1982,94,3265,0,0
89PE03912,89034410,87031407,86803253,1989034410,1987031407,1986803253,1989,03,4410,1987,03,1407,1986,80,3253,0,0
89PE03913,89034411,87031407,86803253,1989034411,1987031407,1986803253,1989,03,4411,1987,03,1407,1986,80,3253,0,0
89PE03914,89034412,87031407,85028450,1989034412,1987031407,1985028450,1989,03,4412,1987,03,1407,1985,02,8450,0,0
89PE03915,89034413,87031407,85028450,1989034413,1987031407,1985028450,1989,03,4413,1987,03,1407,1985,02,8450,0,0
89PE03916,89034414,87031509,87031663,1989034414,1987031509,1987031663,1989,03,4414,1987,03,1509,1987,03,1663,0,0
89PE03917,89034415,87031509,85028582,1989034415,1987031509,1985028582,1989,03,4415,1987,03,1509,1985,02,8582,0,0
89PE03918,89034416,87031509,85028582,1989034416,1987031509,1985028582,1989,03,4416,1987,03,1509,1985,02,8582,0,0
89PE03919,89034417,87031509,86030206,1989034417,1987031509,1986030206,1989,03,4417,1987,03,1509,1986,03,0206,0,0
89PE03920,89034418,87031509,86030206,1989034418,1987031509,1986030206,1989,03,4418,1987,03,1509,1986,03,0206,0,0
89PE03921,89034419,87031509,86030206,1989034419,1987031509,1986030206,1989,03,4419,1987,03,1509,1986,03,0206,0,0
89PE03922,89034420,87031509,86030206,1989034420,1987031509,1986030206,1989,03,4420,1987,03,1509,1986,03,0206,0,0
89PE03923,89034421,87031154,86029831,1989034421,1987031154,1986029831,1989,03,4421,1987,03,1154,1986,02,9831,0,0
89PE03924,89034422,87031154,86029831,1989034422,1987031154,1986029831,1989,03,4422,1987,03,1154,1986,02,9831,0,0
89PE03925,89034423,87031154,86030432,1989034423,1987031154,1986030432,1989,03,4423,1987,03,1154,1986,03,0432,0,0
89PE03926,89034424,87031154,83025282,1989034424,1987031154,1983025282,1989,03,4424,1987,03,1154,1983,02,5282,0,0
89PE03927,89034425,87031407,83024576,1989034425,1987031407,1983024576,1989,03,4425,1987,03,1407,1983,02,4576,0,0
89PE03928,89034426,87031154,84027560,1989034426,1987031154,1984027560,1989,03,4426,1987,03,1154,1984,02,7560,0,0
89PE03929,89034427,87031509,84026222,1989034427,1987031509,1984026222,1989,03,4427,1987,03,1509,1984,02,6222,0,0
89PE03930,89034428,87031509,84026222,1989034428,1987031509,1984026222,1989,03,4428,1987,03,1509,1984,02,6222,0,0
89PE03931,89034429,87031154,85028748,1989034429,1987031154,1985028748,1989,03,4429,1987,03,1154,1985,02,8748,0,0
89PE03932,89034430,87031509,85028747,1989034430,1987031509,1985028747,1989,03,4430,1987,03,1509,1985,02,8747,0,0
89PE03933,89034431,87031509,83023966,1989034431,1987031509,1983023966,1989,03,4431,1987,03,1509,1983,02,3966,0,0
89PE03934,89034432,87031813,86030279,1989034432,1987031813,1986030279,1989,03,4432,1987,03,1813,1986,03,0279,0,0
89PE03935,89034433,87031813,86030279,1989034433,1987031813,1986030279,1989,03,4433,1987,03,1813,1986,03,0279,0,0
89PE03936,89034434,87031813,86030279,1989034434,1987031813,1986030279,1989,03,4434,1987,03,1813,1986,03,0279,0,0
89PE03937,89034435,87031509,82023844,1989034435,1987031509,1982023844,1989,03,4435,1987,03,1509,1982,02,3844,0,0
89PE03938,89034436,87031509,86803192,1989034436,1987031509,1986803192,1989,03,4436,1987,03,1509,1986,80,3192,0,0
89PE03939,89034437,87031407,86030497,1989034437,1987031407,1986030497,1989,03,4437,1987,03,1407,1986,03,0497,0,0
89PE03940,89034438,87031407,86030497,1989034438,1987031407,1986030497,1989,03,4438,1987,03,1407,1986,03,0497,0,0
89PE03941,89034439,87031346,84027438,1989034439,1987031346,1984027438,1989,03,4439,1987,03,1346,1984,02,7438,0,0
89PE03942,89034440,87031407,86803112,1989034440,1987031407,1986803112,1989,03,4440,1987,03,1407,1986,80,3112,0,0
89PE03943,89034441,87031407,86803112,1989034441,1987031407,1986803112,1989,03,4441,1987,03,1407,1986,80,3112,0,0
89PE03944,89034442,87031346,83024026,1989034442,1987031346,1983024026,1989,03,4442,1987,03,1346,1983,02,4026,0,0
89PE03945,89034443,87031346,83024026,1989034443,1987031346,1983024026,1989,03,4443,1987,03,1346,1983,02,4026,0,0
89PE03946,89034444,87031509,85028852,1989034444,1987031509,1985028852,1989,03,4444,1987,03,1509,1985,02,8852,0,0
89PE03947,89034445,87031509,85028852,1989034445,1987031509,1985028852,1989,03,4445,1987,03,1509,1985,02,8852,0,0
89PE03948,89034446,87031509,86029752,1989034446,1987031509,1986029752,1989,03,4446,1987,03,1509,1986,02,9752,0,0
89PE03949,89034447,87031457,86030285,1989034447,1987031457,1986030285,1989,03,4447,1987,03,1457,1986,03,0285,0,0
89PE03950,89034448,88032044,85028484,1989034448,1988032044,1985028484,1989,03,4448,1988,03,2044,1985,02,8484,0,0
89PE03951,89034449,88032044,85028484,1989034449,1988032044,1985028484,1989,03,4449,1988,03,2044,1985,02,8484,0,0
89PE03952,89034450,87031346,83024430,1989034450,1987031346,1983024430,1989,03,4450,1987,03,1346,1983,02,4430,0,0
89PE03953,89034451,87031421,87031383,1989034451,1987031421,1987031383,1989,03,4451,1987,03,1421,1987,03,1383,0,0
89PE03954,89034452,87031421,87031383,1989034452,1987031421,1987031383,1989,03,4452,1987,03,1421,1987,03,1383,0,0
89PE03955,89034453,87031509,84026190,1989034453,1987031509,1984026190,1989,03,4453,1987,03,1509,1984,02,6190,0,0
89PE03956,89034454,87031509,84026190,1989034454,1987031509,1984026190,1989,03,4454,1987,03,1509,1984,02,6190,0,0
89PE03957,89034455,87031154,87031536,1989034455,1987031154,1987031536,1989,03,4455,1987,03,1154,1987,03,1536,0,0
89PE03958,89034456,87031154,87031536,1989034456,1987031154,1987031536,1989,03,4456,1987,03,1154,1987,03,1536,0,0
89PE03959,89034457,87031813,84025748,1989034457,1987031813,1984025748,1989,03,4457,1987,03,1813,1984,02,5748,0,0
89PE03960,89034458,87031154,86029897,1989034458,1987031154,1986029897,1989,03,4458,1987,03,1154,1986,02,9897,0,0
89PE03961,89034459,87031813,85028675,1989034459,1987031813,1985028675,1989,03,4459,1987,03,1813,1985,02,8675,0,0
89PE03962,89034460,87031813,85028675,1989034460,1987031813,1985028675,1989,03,4460,1987,03,1813,1985,02,8675,0,0
89PE03963,89034461,87031457,85028750,1989034461,1987031457,1985028750,1989,03,4461,1987,03,1457,1985,02,8750,0,0
89PE03964,89034462,87031457,85028750,1989034462,1987031457,1985028750,1989,03,4462,1987,03,1457,1985,02,8750,0,0
89PE03965,89034463,88032044,86030433,1989034463,1988032044,1986030433,1989,03,4463,1988,03,2044,1986,03,0433,0,0
89PE03966,89034464,87031457,82022400,1989034464,1987031457,1982022400,1989,03,4464,1987,03,1457,1982,02,2400,0,0
89PE03967,89034465,87031457,82022400,1989034465,1987031457,1982022400,1989,03,4465,1987,03,1457,1982,02,2400,0,0
89PE03968,89034466,87031154,84026171,1989034466,1987031154,1984026171,1989,03,4466,1987,03,1154,1984,02,6171,0,0
89PE03969,89034467,87031154,84026171,1989034467,1987031154,1984026171,1989,03,4467,1987,03,1154,1984,02,6171,0,0
89PE03970,89034468,87031421,84027588,1989034468,1987031421,1984027588,1989,03,4468,1987,03,1421,1984,02,7588,0,0
89PE03971,89034469,87031154,85028499,1989034469,1987031154,1985028499,1989,03,4469,1987,03,1154,1985,02,8499,0,0
89PE03972,89034470,87031509,86029874,1989034470,1987031509,1986029874,1989,03,4470,1987,03,1509,1986,02,9874,0,0
89PE03973,89034471,87031457,84026201,1989034471,1987031457,1984026201,1989,03,4471,1987,03,1457,1984,02,6201,0,0
89PE03974,89034472,87031457,84026201,1989034472,1987031457,1984026201,1989,03,4472,1987,03,1457,1984,02,6201,0,0
89PE03975,89034473,87031407,84025956,1989034473,1987031407,1984025956,1989,03,4473,1987,03,1407,1984,02,5956,0,0
89PE03976,89034474,87031407,84025956,1989034474,1987031407,1984025956,1989,03,4474,1987,03,1407,1984,02,5956,0,0
89PE03977,89034475,87031509,85028476,1989034475,1987031509,1985028476,1989,03,4475,1987,03,1509,1985,02,8476,0,0
89PE03978,89034476,87031509,85028476,1989034476,1987031509,1985028476,1989,03,4476,1987,03,1509,1985,02,8476,0,0
89PE03979,89034477,88032044,84026134,1989034477,1988032044,1984026134,1989,03,4477,1988,03,2044,1984,02,6134,0,0
89PE03980,89034478,87031154,84027722,1989034478,1987031154,1984027722,1989,03,4478,1987,03,1154,1984,02,7722,0,0
89PE03981,89034479,87031457,84027518,1989034479,1987031457,1984027518,1989,03,4479,1987,03,1457,1984,02,7518,0,0
89PE03982,89034480,87031407,82022911,1989034480,1987031407,1982022911,1989,03,4480,1987,03,1407,1982,02,2911,0,0
89PE03983,89034481,87031407,82022911,1989034481,1987031407,1982022911,1989,03,4481,1987,03,1407,1982,02,2911,0,0
89PE03984,89034482,88032044,83024365,1989034482,1988032044,1983024365,1989,03,4482,1988,03,2044,1983,02,4365,0,0
89PE03985,89034483,88032044,83024365,1989034483,1988032044,1983024365,1989,03,4483,1988,03,2044,1983,02,4365,0,0
89PE03986,89034484,87031154,85028835,1989034484,1987031154,1985028835,1989,03,4484,1987,03,1154,1985,02,8835,0,0
89PE03987,89034485,87031154,85028835,1989034485,1987031154,1985028835,1989,03,4485,1987,03,1154,1985,02,8835,0,0
89PE03988,89034486,87031407,85028527,1989034486,1987031407,1985028527,1989,03,4486,1987,03,1407,1985,02,8527,0,0
89PE03989,89034487,87031407,85028527,1989034487,1987031407,1985028527,1989,03,4487,1987,03,1407,1985,02,8527,0,0
89PE03990,89034488,87031407,85028527,1989034488,1987031407,1985028527,1989,03,4488,1987,03,1407,1985,02,8527,0,0
89PE03991,89034489,88032044,85028922,1989034489,1988032044,1985028922,1989,03,4489,1988,03,2044,1985,02,8922,0,0
89PE03992,89034490,88000255,86197108,1989034490,1988000255,1986197108,1989,03,4490,1988,00,0255,1986,19,7108,0,0
89PE03993,89034491,88000255,86197108,1989034491,1988000255,1986197108,1989,03,4491,1988,00,0255,1986,19,7108,0,0
89PE03994,89034492,87030000,88032792,1989034492,US03872792,1988032792,1989,03,4492,1987,03,0000,1988,03,2792,0,0
89PE03995,89034493,87031154,87031468,1989034493,1987031154,1987031468,1989,03,4493,1987,03,1154,1987,03,1468,0,0
89PE03996,89034494,88032044,82023426,1989034494,1988032044,1982023426,1989,03,4494,1988,03,2044,1982,02,3426,0,0
89PE03997,89034495,87031154,84026191,1989034495,1987031154,1984026191,1989,03,4495,1987,03,1154,1984,02,6191,0,0
89PE03998,89034496,87031154,84026191,1989034496,1987031154,1984026191,1989,03,4496,1987,03,1154,1984,02,6191,0,0
89PE03999,89034497,88032044,86029898,1989034497,1988032044,1986029898,1989,03,4497,1988,03,2044,1986,02,9898,0,0
89PE04000,89034498,88032044,86029898,1989034498,1988032044,1986029898,1989,03,4498,1988,03,2044,1986,02,9898,0,0
89PE04001,89034499,87031457,84027596,1989034499,1987031457,1984027596,1989,03,4499,1987,03,1457,1984,02,7596,0,0
89PE04002,89034500,87031457,84027596,1989034500,1987031457,1984027596,1989,03,4500,1987,03,1457,1984,02,7596,0,0
89PE04003,89034501,87031407,84026099,1989034501,1987031407,1984026099,1989,03,4501,1987,03,1407,1984,02,6099,0,0
89PE04004,89034502,87031407,84026099,1989034502,1987031407,1984026099,1989,03,4502,1987,03,1407,1984,02,6099,0,0
89PE04005,89034503,87031407,84026099,1989034503,1987031407,1984026099,1989,03,4503,1987,03,1407,1984,02,6099,0,0
89PE04006,89034504,87031154,86029963,1989034504,1987031154,1986029963,1989,03,4504,1987,03,1154,1986,02,9963,0,0
89PE04007,89034505,87030000,88032954,1989034505,US03872954,1988032954,1989,03,4505,1987,03,0000,1988,03,2954,0,0
89PE04008,89034506,87031407,85028477,1989034506,1987031407,1985028477,1989,03,4506,1987,03,1407,1985,02,8477,0,0
89PE04009,89034507,87031407,85028477,1989034507,1987031407,1985028477,1989,03,4507,1987,03,1407,1985,02,8477,0,0
89PE04010,89034508,87031509,86030321,1989034508,1987031509,1986030321,1989,03,4508,1987,03,1509,1986,03,0321,0,0
89PE04011,89034509,87031509,86030321,1989034509,1987031509,1986030321,1989,03,4509,1987,03,1509,1986,03,0321,0,0
89PE04012,89034510,87030000,88032883,1989034510,US03872883,1988032883,1989,03,4510,1987,03,0000,1988,03,2883,0,0
89PE04013,89034511,87031457,87031428,1989034511,1987031457,1987031428,1989,03,4511,1987,03,1457,1987,03,1428,0,0
89PE04014,89034512,87031154,82023742,1989034512,1987031154,1982023742,1989,03,4512,1987,03,1154,1982,02,3742,0,0
89PE04015,89034513,87031154,82023742,1989034513,1987031154,1982023742,1989,03,4513,1987,03,1154,1982,02,3742,0,0
89PE04016,89034514,87030000,88033265,1989034514,US03873265,1988033265,1989,03,4514,1987,03,0000,1988,03,3265,0,0
89PE04017,89034515,87031407,85028771,1989034515,1987031407,1985028771,1989,03,4515,1987,03,1407,1985,02,8771,0,0
89PE04018,89034516,87031154,83024469,1989034516,1987031154,1983024469,1989,03,4516,1987,03,1154,1983,02,4469,0,0
89PE04019,89034517,87031509,87031786,1989034517,1987031509,1987031786,1989,03,4517,1987,03,1509,1987,03,1786,0,0
89PE04020,89034518,87031509,87031537,1989034518,1987031509,1987031537,1989,03,4518,1987,03,1509,1987,03,1537,0,0
89PE04021,89034519,87031509,87031537,1989034519,1987031509,1987031537,1989,03,4519,1987,03,1509,1987,03,1537,0,0
89PE04022,89034520,87031407,86030009,1989034520,1987031407,1986030009,1989,03,4520,1987,03,1407,1986,03,0009,0,0
89PE04023,89034521,87031407,86030009,1989034521,1987031407,1986030009,1989,03,4521,1987,03,1407,1986,03,0009,0,0
89PE04024,89034522,87030000,88033024,1989034522,US03873024,1988033024,1989,03,4522,1987,03,0000,1988,03,3024,0,0
89PE04025,89034523,87030000,88033024,1989034523,US03873024,1988033024,1989,03,4523,1987,03,0000,1988,03,3024,0,0
89PE04026,89034524,87030000,88032796,1989034524,US03872796,1988032796,1989,03,4524,1987,03,0000,1988,03,2796,0,0
89PE04027,89034525,88000450,87198203,1989034525,1988000450,1987198203,1989,03,4525,1988,00,0450,1987,19,8203,0,0
89PE04028,89034526,88032044,82022002,1989034526,1988032044,1982022002,1989,03,4526,1988,03,2044,1982,02,2002,0,0
89PE04029,89034527,87031407,83024970,1989034527,1987031407,1983024970,1989,03,4527,1987,03,1407,1983,02,4970,0,0
89PE04030,89034528,87031407,83024970,1989034528,1987031407,1983024970,1989,03,4528,1987,03,1407,1983,02,4970,0,0
89PE04031,89034529,87031509,84027577,1989034529,1987031509,1984027577,1989,03,4529,1987,03,1509,1984,02,7577,0,0
89PE04032,89034530,87031509,84027577,1989034530,1987031509,1984027577,1989,03,4530,1987,03,1509,1984,02,7577,0,0
89PE04033,89034531,87031509,87031726,1989034531,1987031509,1987031726,1989,03,4531,1987,03,1509,1987,03,1726,0,0
89PE04034,89034532,87031509,87031726,1989034532,1987031509,1987031726,1989,03,4532,1987,03,1509,1987,03,1726,0,0
89PE04035,89034533,87031509,86029956,1989034533,1987031509,1986029956,1989,03,4533,1987,03,1509,1986,02,9956,0,0
89PE04036,89034534,87031509,82022058,1989034534,1987031509,1982022058,1989,03,4534,1987,03,1509,1982,02,2058,0,0
89PE04037,89034535,88032044,83024606,1989034535,1988032044,1983024606,1989,03,4535,1988,03,2044,1983,02,4606,0,0
89PE04038,89034536,87031457,84026048,1989034536,1987031457,1984026048,1989,03,4536,1987,03,1457,1984,02,6048,0,0
89PE04039,89034537,87030000,88032862,1989034537,US03872862,1988032862,1989,03,4537,1987,03,0000,1988,03,2862,0,0
89PE04040,89034538,88032044,86029842,1989034538,1988032044,1986029842,1989,03,4538,1988,03,2044,1986,02,9842,0,0
89PE04041,89034539,87031407,86030039,1989034539,1987031407,1986030039,1989,03,4539,1987,03,1407,1986,03,0039,0,0
89PE04042,89034540,87031407,86030039,1989034540,1987031407,1986030039,1989,03,4540,1987,03,1407,1986,03,0039,0,0
89PE04043,89034541,87031154,87031455,1989034541,1987031154,1987031455,1989,03,4541,1987,03,1154,1987,03,1455,0,0
89PE04044,89034542,87030000,88032951,1989034542,US03872951,1988032951,1989,03,4542,1987,03,0000,1988,03,2951,0,0
89PE04045,89034543,87031502,83024625,1989034543,1987031502,1983024625,1989,03,4543,1987,03,1502,1983,02,4625,0,0
89PE04046,89034544,87031502,83024625,1989034544,1987031502,1983024625,1989,03,4544,1987,03,1502,1983,02,4625,0,0
89PE04047,89034545,87031509,83023922,1989034545,1987031509,1983023922,1989,03,4545,1987,03,1509,1983,02,3922,0,0
89PE04048,89034546,87031346,86029805,1989034546,1987031346,1986029805,1989,03,4546,1987,03,1346,1986,02,9805,0,0
89PE04049,89034547,87031346,86029805,1989034547,1987031346,1986029805,1989,03,4547,1987,03,1346,1986,02,9805,0,0
89PE04050,89034548,87031407,84027506,1989034548,1987031407,1984027506,1989,03,4548,1987,03,1407,1984,02,7506,0,0
89PE04051,89034549,87031407,84027506,1989034549,1987031407,1984027506,1989,03,4549,1987,03,1407,1984,02,7506,0,0
89PE04052,89034550,87031154,82023355,1989034550,1987031154,1982023355,1989,03,4550,1987,03,1154,1982,02,3355,0,0
89PE04053,89034551,87031154,82023355,1989034551,1987031154,1982023355,1989,03,4551,1987,03,1154,1982,02,3355,0,0
89PE04054,89034552,87031154,84026059,1989034552,1987031154,1984026059,1989,03,4552,1987,03,1154,1984,02,6059,0,0
89PE04055,89034553,87031154,84026059,1989034553,1987031154,1984026059,1989,03,4553,1987,03,1154,1984,02,6059,0,0
89PE04056,89034554,87031509,85028481,1989034554,1987031509,1985028481,1989,03,4554,1987,03,1509,1985,02,8481,0,0
89PE04057,89034555,88032044,84027541,1989034555,1988032044,1984027541,1989,03,4555,1988,03,2044,1984,02,7541,0,0
89PE04058,89034556,88032044,84027541,1989034556,1988032044,1984027541,1989,03,4556,1988,03,2044,1984,02,7541,0,0
89PE04059,89034557,87031502,82022699,1989034557,1987031502,1982022699,1989,03,4557,1987,03,1502,1982,02,2699,0,0
89PE04060,89034558,87031502,82022699,1989034558,1987031502,1982022699,1989,03,4558,1987,03,1502,1982,02,2699,0,0
89PE04061,89034559,87031421,84027768,1989034559,1987031421,1984027768,1989,03,4559,1987,03,1421,1984,02,7768,0,0
89PE04062,89034560,87031421,84027768,1989034560,1987031421,1984027768,1989,03,4560,1987,03,1421,1984,02,7768,0,0
89PE04063,89034561,87031154,86030131,1989034561,1987031154,1986030131,1989,03,4561,1987,03,1154,1986,03,0131,0,0
89PE04064,89034562,87030000,88033040,1989034562,US03873040,1988033040,1989,03,4562,1987,03,0000,1988,03,3040,0,0
89PE04065,89034563,87031154,86030205,1989034563,1987031154,1986030205,1989,03,4563,1987,03,1154,1986,03,0205,0,0
89PE04066,89034564,87031421,83023926,1989034564,1987031421,1983023926,1989,03,4564,1987,03,1421,1983,02,3926,0,0
89PE04067,89034565,87031421,85028930,1989034565,1987031421,1985028930,1989,03,4565,1987,03,1421,1985,02,8930,0,0
89PE04068,89034566,87031421,85028930,1989034566,1987031421,1985028930,1989,03,4566,1987,03,1421,1985,02,8930,0,0
89PE04069,89034567,87031407,83024355,1989034567,1987031407,1983024355,1989,03,4567,1987,03,1407,1983,02,4355,0,0
89PE04070,89034568,87031407,83024355,1989034568,1987031407,1983024355,1989,03,4568,1987,03,1407,1983,02,4355,0,0
89PE04071,89034569,87031457,84027589,1989034569,1987031457,1984027589,1989,03,4569,1987,03,1457,1984,02,7589,0,0
89PE04072,89034570,87031457,84027589,1989034570,1987031457,1984027589,1989,03,4570,1987,03,1457,1984,02,7589,0,0
89PE04073,89034571,87031502,85028526,1989034571,1987031502,1985028526,1989,03,4571,1987,03,1502,1985,02,8526,0,0
89PE04074,89034572,87031502,85028526,1989034572,1987031502,1985028526,1989,03,4572,1987,03,1502,1985,02,8526,0,0
89PE04075,89034573,87031346,87031531,1989034573,1987031346,1987031531,1989,03,4573,1987,03,1346,1987,03,1531,0,0
89PE04076,89034574,87031421,87031859,1989034574,1987031421,1987031859,1989,03,4574,1987,03,1421,1987,03,1859,0,0
89PE04077,89034575,87031421,87031859,1989034575,1987031421,1987031859,1989,03,4575,1987,03,1421,1987,03,1859,0,0
89PE04078,89034576,87031502,84026262,1989034576,1987031502,1984026262,1989,03,4576,1987,03,1502,1984,02,6262,0,0
89PE04079,89034577,87031502,84026262,1989034577,1987031502,1984026262,1989,03,4577,1987,03,1502,1984,02,6262,0,0
89PE04080,89034578,87031154,86803117,1989034578,1987031154,1986803117,1989,03,4578,1987,03,1154,1986,80,3117,0,0
89PE04081,89034579,87031154,86803117,1989034579,1987031154,1986803117,1989,03,4579,1987,03,1154,1986,80,3117,0,0
89PE04082,89034580,87031813,87031772,1989034580,1987031813,1987031772,1989,03,4580,1987,03,1813,1987,03,1772,0,0
89PE04083,89034581,87031346,85028719,1989034581,1987031346,1985028719,1989,03,4581,1987,03,1346,1985,02,8719,0,0
89PE04084,89034582,87031346,85028719,1989034582,1987031346,1985028719,1989,03,4582,1987,03,1346,1985,02,8719,0,0
89PE04085,89034583,87031502,85028571,1989034583,1987031502,1985028571,1989,03,4583,1987,03,1502,1985,02,8571,0,0
89PE04086,89034584,87031502,85028571,1989034584,1987031502,1985028571,1989,03,4584,1987,03,1502,1985,02,8571,0,0
89PE04087,89034585,87031509,84026172,1989034585,1987031509,1984026172,1989,03,4585,1987,03,1509,1984,02,6172,0,0
89PE04088,89034586,87031509,84026172,1989034586,1987031509,1984026172,1989,03,4586,1987,03,1509,1984,02,6172,0,0
89PE04089,89034587,87031421,85029054,1989034587,1987031421,1985029054,1989,03,4587,1987,03,1421,1985,02,9054,0,0
89PE04090,89034588,87031502,84026228,1989034588,1987031502,1984026228,1989,03,4588,1987,03,1502,1984,02,6228,0,0
89PE04091,89034589,87031457,85028889,1989034589,1987031457,1985028889,1989,03,4589,1987,03,1457,1985,02,8889,0,0
89PE04092,89034590,87031457,85028889,1989034590,1987031457,1985028889,1989,03,4590,1987,03,1457,1985,02,8889,0,0
89PE04093,89034591,87031346,85028787,1989034591,1987031346,1985028787,1989,03,4591,1987,03,1346,1985,02,8787,0,0
89PE04094,89034592,87031509,86030001,1989034592,1987031509,1986030001,1989,03,4592,1987,03,1509,1986,03,0001,0,0
89PE04095,89034593,87031509,86030001,1989034593,1987031509,1986030001,1989,03,4593,1987,03,1509,1986,03,0001,0,0
89PE04096,89034594,87031421,85028717,1989034594,1987031421,1985028717,1989,03,4594,1987,03,1421,1985,02,8717,0,0
89PE04097,89034595,87031421,85028717,1989034595,1987031421,1985028717,1989,03,4595,1987,03,1421,1985,02,8717,0,0
89PE04098,89034596,87031813,87031202,1989034596,1987031813,1987031202,1989,03,4596,1987,03,1813,1987,03,1202,0,0
89PE04099,89034597,87031421,83025541,1989034597,1987031421,1983025541,1989,03,4597,1987,03,1421,1983,02,5541,0,0
89PE04100,89034598,87031346,86803121,1989034598,1987031346,1986803121,1989,03,4598,1987,03,1346,1986,80,3121,0,0
89PE04101,89034599,87031502,83024030,1989034599,1987031502,1983024030,1989,03,4599,1987,03,1502,1983,02,4030,0,0
89PE04102,89034600,87031502,83024030,1989034600,1987031502,1983024030,1989,03,4600,1987,03,1502,1983,02,4030,0,0
89PE04103,89034601,87031421,83024841,1989034601,1987031421,1983024841,1989,03,4601,1987,03,1421,1983,02,4841,0,0
89PE04104,89034602,87031421,83024841,1989034602,1987031421,1983024841,1989,03,4602,1987,03,1421,1983,02,4841,0,0
89PE04105,89034603,87031346,84027487,1989034603,1987031346,1984027487,1989,03,4603,1987,03,1346,1984,02,7487,0,0
89PE04106,89034604,87031346,84027487,1989034604,1987031346,1984027487,1989,03,4604,1987,03,1346,1984,02,7487,0,0
89PE04107,89034605,87031502,83024549,1989034605,1987031502,1983024549,1989,03,4605,1987,03,1502,1983,02,4549,0,0
89PE04108,89034606,87031502,83024549,1989034606,1987031502,1983024549,1989,03,4606,1987,03,1502,1983,02,4549,0,0
89PE04109,89034607,87031502,83024549,1989034607,1987031502,1983024549,1989,03,4607,1987,03,1502,1983,02,4549,0,0
89PE04110,89034608,87031457,85028464,1989034608,1987031457,1985028464,1989,03,4608,1987,03,1457,1985,02,8464,0,0
89PE04111,89034609,87031457,85028464,1989034609,1987031457,1985028464,1989,03,4609,1987,03,1457,1985,02,8464,0,0
89PE04112,89034610,87031813,85028539,1989034610,1987031813,1985028539,1989,03,4610,1987,03,1813,1985,02,8539,0,0
89PE04113,89034611,87031813,85028539,1989034611,1987031813,1985028539,1989,03,4611,1987,03,1813,1985,02,8539,0,0
89PE04114,89034612,87031813,85028539,1989034612,1987031813,1985028539,1989,03,4612,1987,03,1813,1985,02,8539,0,0
89PE04115,89034613,87031346,83024400,1989034613,1987031346,1983024400,1989,03,4613,1987,03,1346,1983,02,4400,0,0
89PE04116,89034614,87031346,83024400,1989034614,1987031346,1983024400,1989,03,4614,1987,03,1346,1983,02,4400,0,0
89PE04117,89034615,87031457,84027798,1989034615,1987031457,1984027798,1989,03,4615,1987,03,1457,1984,02,7798,0,0
89PE04118,89034616,87031457,84027798,1989034616,1987031457,1984027798,1989,03,4616,1987,03,1457,1984,02,7798,0,0
89PE04119,89034617,87031457,83024462,1989034617,1987031457,1983024462,1989,03,4617,1987,03,1457,1983,02,4462,0,0
89PE04120,89034618,87031502,84026080,1989034618,1987031502,1984026080,1989,03,4618,1987,03,1502,1984,02,6080,0,0
89PE04121,89034619,87031502,84026080,1989034619,1987031502,1984026080,1989,03,4619,1987,03,1502,1984,02,6080,0,0
89PE04122,89034620,87198636,81193797,1989034620,1987198636,1981193797,1989,03,4620,1987,19,8636,1981,19,3797,0,0
89PE04123,89034621,87198636,81193797,1989034621,1987198636,1981193797,1989,03,4621,1987,19,8636,1981,19,3797,0,0
89PE04124,89034622,87031502,83023908,1989034622,1987031502,1983023908,1989,03,4622,1987,03,1502,1983,02,3908,0,0
89PE04125,89034623,87031502,83023908,1989034623,1987031502,1983023908,1989,03,4623,1987,03,1502,1983,02,3908,0,0
89PE04126,89034624,87031421,85028944,1989034624,1987031421,1985028944,1989,03,4624,1987,03,1421,1985,02,8944,0,0
89PE04127,89034625,87031421,85028944,1989034625,1987031421,1985028944,1989,03,4625,1987,03,1421,1985,02,8944,0,0
89PE04128,89034626,87031457,84027676,1989034626,1987031457,1984027676,1989,03,4626,1987,03,1457,1984,02,7676,0,0
89PE04129,89034627,87031421,85028632,1989034627,1987031421,1985028632,1989,03,4627,1987,03,1421,1985,02,8632,0,0
89PE04130,89034628,87031457,86803122,1989034628,1987031457,1986803122,1989,03,4628,1987,03,1457,1986,80,3122,0,0
89PE04131,89034629,87031457,84027578,1989034629,1987031457,1984027578,1989,03,4629,1987,03,1457,1984,02,7578,0,0
89PE04132,89034630,87031457,84027578,1989034630,1987031457,1984027578,1989,03,4630,1987,03,1457,1984,02,7578,0,0
89PE04133,89034631,87031421,82022457,1989034631,1987031421,1982022457,1989,03,4631,1987,03,1421,1982,02,2457,0,0
89PE04134,89034632,87031502,86029790,1989034632,1987031502,1986029790,1989,03,4632,1987,03,1502,1986,02,9790,0,0
89PE04135,89034633,87031502,84027678,1989034633,1987031502,1984027678,1989,03,4633,1987,03,1502,1984,02,7678,0,0
89PE04136,89034634,87031346,82022234,1989034634,1987031346,1982022234,1989,03,4634,1987,03,1346,1982,02,2234,0,0
89PE04137,89034635,87031346,82022234,1989034635,1987031346,1982022234,1989,03,4635,1987,03,1346,1982,02,2234,0,0
89PE04138,89034636,87031457,84025863,1989034636,1987031457,1984025863,1989,03,4636,1987,03,1457,1984,02,5863,0,0
89PE04139,89034637,87031457,84025863,1989034637,1987031457,1984025863,1989,03,4637,1987,03,1457,1984,02,5863,0,0
89PE04140,89034638,87031421,83024076,1989034638,1987031421,1983024076,1989,03,4638,1987,03,1421,1983,02,4076,0,0
89PE04141,89034639,87031421,83024076,1989034639,1987031421,1983024076,1989,03,4639,1987,03,1421,1983,02,4076,0,0
89PE04142,89034640,87031813,82023642,1989034640,1987031813,1982023642,1989,03,4640,1987,03,1813,1982,02,3642,0,0
89PE04143,89034641,87031813,82023642,1989034641,1987031813,1982023642,1989,03,4641,1987,03,1813,1982,02,3642,0,0
89PE04144,89034642,87031813,84026377,1989034642,1987031813,1984026377,1989,03,4642,1987,03,1813,1984,02,6377,0,0
89PE04145,89034643,87031813,84026377,1989034643,1987031813,1984026377,1989,03,4643,1987,03,1813,1984,02,6377,0,0
89PE04146,89034644,87031346,84025992,1989034644,1987031346,1984025992,1989,03,4644,1987,03,1346,1984,02,5992,0,0
89PE04147,89034645,87031346,82023599,1989034645,1987031346,1982023599,1989,03,4645,1987,03,1346,1982,02,3599,0,0
89PE04148,89034646,87031346,82023874,1989034646,1987031346,1982023874,1989,03,4646,1987,03,1346,1982,02,3874,0,0
89PE04149,89034647,87031457,84027532,1989034647,1987031457,1984027532,1989,03,4647,1987,03,1457,1984,02,7532,0,0
89PE04150,89034648,87031457,84027636,1989034648,1987031457,1984027636,1989,03,4648,1987,03,1457,1984,02,7636,0,0
89PE04151,89034649,87031457,84027636,1989034649,1987031457,1984027636,1989,03,4649,1987,03,1457,1984,02,7636,0,0
89PE04152,89034650,87031457,84025953,1989034650,1987031457,1984025953,1989,03,4650,1987,03,1457,1984,02,5953,0,0
89PE04153,89034651,87031457,84025953,1989034651,1987031457,1984025953,1989,03,4651,1987,03,1457,1984,02,5953,0,0
89PE04154,89034652,87031813,84026439,1989034652,1987031813,1984026439,1989,03,4652,1987,03,1813,1984,02,6439,0,0
89PE04155,89034653,87031813,84026439,1989034653,1987031813,1984026439,1989,03,4653,1987,03,1813,1984,02,6439,0,0
89PE04156,89034654,88032044,85028770,1989034654,1988032044,1985028770,1989,03,4654,1988,03,2044,1985,02,8770,0,0
89PE04157,89034655,87031421,84025741,1989034655,1987031421,1984025741,1989,03,4655,1987,03,1421,1984,02,5741,0,0
89PE04158,89034656,87031421,84025741,1989034656,1987031421,1984025741,1989,03,4656,1987,03,1421,1984,02,5741,0,0
89PE04159,89034657,87031457,87031200,1989034657,1987031457,1987031200,1989,03,4657,1987,03,1457,1987,03,1200,0,0
89PE04160,89034658,87031421,87031365,1989034658,1987031421,1987031365,1989,03,4658,1987,03,1421,1987,03,1365,0,0
89PE04161,89034659,87031502,86030275,1989034659,1987031502,1986030275,1989,03,4659,1987,03,1502,1986,03,0275,0,0
89PE04162,89034660,87031346,82022302,1989034660,1987031346,1982022302,1989,03,4660,1987,03,1346,1982,02,2302,0,0
89PE04163,89034661,87031813,87031271,1989034661,1987031813,1987031271,1989,03,4661,1987,03,1813,1987,03,1271,0,0
89PE04164,89034662,87031346,84027594,1989034662,1987031346,1984027594,1989,03,4662,1987,03,1346,1984,02,7594,0,0
89PE04165,89034663,87031813,84026273,1989034663,1987031813,1984026273,1989,03,4663,1987,03,1813,1984,02,6273,0,0
89PE04166,89034664,87031457,85028995,1989034664,1987031457,1985028995,1989,03,4664,1987,03,1457,1985,02,8995,0,0
89PE04167,89034665,87031457,85028995,1989034665,1987031457,1985028995,1989,03,4665,1987,03,1457,1985,02,8995,0,0
89PE04168,89034666,87031813,83024650,1989034666,1987031813,1983024650,1989,03,4666,1987,03,1813,1983,02,4650,0,0
89PE04169,89034667,87031457,84026715,1989034667,1987031457,1984026715,1989,03,4667,1987,03,1457,1984,02,6715,0,0
89PE04170,89034668,87031813,85029026,1989034668,1987031813,1985029026,1989,03,4668,1987,03,1813,1985,02,9026,0,0
89PE04171,89034669,87031813,85029026,1989034669,1987031813,1985029026,1989,03,4669,1987,03,1813,1985,02,9026,0,0
89PE04172,89034670,87031457,86029959,1989034670,1987031457,1986029959,1989,03,4670,1987,03,1457,1986,02,9959,0,0
89PE04173,89034671,87031813,83025547,1989034671,1987031813,1983025547,1989,03,4671,1987,03,1813,1983,02,5547,0,0
89PE04174,89034672,87031421,84027384,1989034672,1987031421,1984027384,1989,03,4672,1987,03,1421,1984,02,7384,0,0
89PE04175,89034673,87031421,84027384,1989034673,1987031421,1984027384,1989,03,4673,1987,03,1421,1984,02,7384,0,0
89PE04176,89034674,87031457,85028785,1989034674,1987031457,1985028785,1989,03,4674,1987,03,1457,1985,02,8785,0,0
89PE04177,89034675,87031346,84027563,1989034675,1987031346,1984027563,1989,03,4675,1987,03,1346,1984,02,7563,0,0
89PE04178,89034676,87031502,84026370,1989034676,1987031502,1984026370,1989,03,4676,1987,03,1502,1984,02,6370,0,0
89PE04179,89034677,87031457,82022518,1989034677,1987031457,1982022518,1989,03,4677,1987,03,1457,1982,02,2518,0,0
89PE04180,89034678,87031457,82022518,1989034678,1987031457,1982022518,1989,03,4678,1987,03,1457,1982,02,2518,0,0
89PE04181,89034679,87031421,85028703,1989034679,1987031421,1985028703,1989,03,4679,1987,03,1421,1985,02,8703,0,0
89PE04182,89034680,87031421,85028703,1989034680,1987031421,1985028703,1989,03,4680,1987,03,1421,1985,02,8703,0,0
89PE04183,89034681,87030000,88032634,1989034681,US03872634,1988032634,1989,03,4681,1987,03,0000,1988,03,2634,0,0
89PE04184,89034682,87030000,88033315,1989034682,US03873315,1988033315,1989,03,4682,1987,03,0000,1988,03,3315,0,0
89PE04185,89034683,87031813,82022394,1989034683,1987031813,1982022394,1989,03,4683,1987,03,1813,1982,02,2394,0,0
89PE04186,89034684,87031813,82022394,1989034684,1987031813,1982022394,1989,03,4684,1987,03,1813,1982,02,2394,0,0
89PE04187,89034685,87031813,85028639,1989034685,1987031813,1985028639,1989,03,4685,1987,03,1813,1985,02,8639,0,0
89PE04188,89034686,87030000,88032976,1989034686,US03872976,1988032976,1989,03,4686,1987,03,0000,1988,03,2976,0,0
89PE04189,89034687,87030000,88032976,1989034687,US03872976,1988032976,1989,03,4687,1987,03,0000,1988,03,2976,0,0
89PE04190,89034688,87030000,88032867,1989034688,US03872867,1988032867,1989,03,4688,1987,03,0000,1988,03,2867,0,0
89PE04191,89100241,88199020,83195255,1989100241,1988199020,1983195255,1989,10,0241,1988,19,9020,1983,19,5255,0,0
89PE04192,89100242,87198608,84195641,1989100242,1987198608,1984195641,1989,10,0242,1987,19,8608,1984,19,5641,0,0
89PE04193,89100243,87198608,84195641,1989100243,1987198608,1984195641,1989,10,0243,1987,19,8608,1984,19,5641,0,0
89PE04194,89100244,87198608,82194528,1989100244,1987198608,1982194528,1989,10,0244,1987,19,8608,1982,19,4528,0,0
89PE04195,89100245,87198636,82194040,1989100245,1987198636,1982194040,1989,10,0245,1987,19,8636,1982,19,4040,0,0
89PE04196,89100246,87198636,81193320,1989100246,1987198636,1981193320,1989,10,0246,1987,19,8636,1981,19,3320,0,0
89PE04197,89100247,87198636,81193320,1989100247,1987198636,1981193320,1989,10,0247,1987,19,8636,1981,19,3320,0,0
89PE04198,89100248,88000377,87198623,1989100248,1988000377,1987198623,1989,10,0248,1988,00,0377,1987,19,8623,0,0
89PE04199,89100249,88000377,87198623,1989100249,1988000377,1987198623,1989,10,0249,1988,00,0377,1987,19,8623,0,0
89PE04200,89100250,88199020,85196825,1989100250,1988199020,1985196825,1989,10,0250,1988,19,9020,1985,19,6825,0,0
89PE04201,89100251,88199020,85196825,1989100251,1988199020,1985196825,1989,10,0251,1988,19,9020,1985,19,6825,0,0
89PE04202,89100252,88199020,83194706,1989100252,1988199020,1983194706,1989,10,0252,1988,19,9020,1983,19,4706,0,0
89PE04203,89100253,88199114,81193516,1989100253,1988199114,1981193516,1989,10,0253,1988,19,9114,1981,19,3516,0,0
89PE04204,89100254,88199114,81193516,1989100254,1988199114,1981193516,1989,10,0254,1988,19,9114,1981,19,3516,0,0
89PE04205,89100255,88000377,87198605,1989100255,1988000377,1987198605,1989,10,0255,1988,00,0377,1987,19,8605,0,0
89PE04206,89100256,88000377,87198605,1989100256,1988000377,1987198605,1989,10,0256,1988,00,0377,1987,19,8605,0,0
89PE04207,89100257,88000377,85196836,1989100257,1988000377,1985196836,1989,10,0257,1988,00,0377,1985,19,6836,0,0
89PE04208,89100258,88199020,84195530,1989100258,1988199020,1984195530,1989,10,0258,1988,19,9020,1984,19,5530,0,0
89PE04209,89100259,87198608,82194400,1989100259,1987198608,1982194400,1989,10,0259,1987,19,8608,1982,19,4400,0,0
89PE04210,89100260,88000450,87197923,1989100260,1988000450,1987197923,1989,10,0260,1988,00,0450,1987,19,7923,0,0
89PE04211,89100261,88000450,87197923,1989100261,1988000450,1987197923,1989,10,0261,1988,00,0450,1987,19,7923,0,0
89PE04212,89100262,88000061,87198063,1989100262,1988000061,1987198063,1989,10,0262,1988,00,0061,1987,19,8063,0,0
89PE04213,89100263,88000061,87198620,1989100263,1988000061,1987198620,1989,10,0263,1988,00,0061,1987,19,8620,0,0
89PE04214,89100264,88000061,87198620,1989100264,1988000061,1987198620,1989,10,0264,1988,00,0061,1987,19,8620,0,0
89PE04215,89100265,88000377,86197653,1989100265,1988000377,1986197653,1989,10,0265,1988,00,0377,1986,19,7653,0,0
89PE04216,89100266,88000377,86197653,1989100266,1988000377,1986197653,1989,10,0266,1988,00,0377,1986,19,7653,0,0
89PE04217,89100267,88000377,87198578,1989100267,1988000377,1987198578,1989,10,0267,1988,00,0377,1987,19,8578,0,0
89PE04218,89100268,88000255,85196845,1989100268,1988000255,1985196845,1989,10,0268,1988,00,0255,1985,19,6845,0,0
89PE04219,89100269,88000377,86197243,1989100269,1988000377,1986197243,1989,10,0269,1988,00,0377,1986,19,7243,0,0
89PE04220,89100270,88000377,86196872,1989100270,1988000377,1986196872,1989,10,0270,1988,00,0377,1986,19,6872,0,0
89PE04221,89100271,88000255,84195746,1989100271,1988000255,1984195746,1989,10,0271,1988,00,0255,1984,19,5746,0,0
89PE04222,89100272,88000255,84195746,1989100272,1988000255,1984195746,1989,10,0272,1988,00,0255,1984,19,5746,0,0
89PE04223,89100273,88000255,84195746,1989100273,1988000255,1984195746,1989,10,0273,1988,00,0255,1984,19,5746,0,0
89PE04224,89100274,88199114,82194189,1989100274,1988199114,1982194189,1989,10,0274,1988,19,9114,1982,19,4189,0,0
89PE04225,89100275,88199114,82194189,1989100275,1988199114,1982194189,1989,10,0275,1988,19,9114,1982,19,4189,0,0
89PE04226,89100276,88000377,83194717,1989100276,1988000377,1983194717,1989,10,0276,1988,00,0377,1983,19,4717,0,0
89PE04227,89100277,88000255,85196845,1989100277,1988000255,1985196845,1989,10,0277,1988,00,0255,1985,19,6845,0,0
89PE04228,89100278,88000255,87198074,1989100278,1988000255,1987198074,1989,10,0278,1988,00,0255,1987,19,8074,0,0
89PE04229,89100279,88000255,87198074,1989100279,1988000255,1987198074,1989,10,0279,1988,00,0255,1987,19,8074,0,0
89PE04230,89100280,88000450,87197839,1989100280,1988000450,1987197839,1989,10,0280,1988,00,0450,1987,19,7839,0,0
89PE04231,89100281,88000450,87197839,1989100281,1988000450,1987197839,1989,10,0281,1988,00,0450,1987,19,7839,0,0
89PE04232,89100282,88000061,83194739,1989100282,1988000061,1983194739,1989,10,0282,1988,00,0061,1983,19,4739,0,0
89PE04233,89100283,88000061,83194739,1989100283,1988000061,1983194739,1989,10,0283,1988,00,0061,1983,19,4739,0,0
89PE04234,89100284,88000061,83194739,1989100284,1988000061,1983194739,1989,10,0284,1988,00,0061,1983,19,4739,0,0
89PE04235,89100285,87198636,81193809,1989100285,1987198636,1981193809,1989,10,0285,1987,19,8636,1981,19,3809,0,0
89PE04236,89100286,87198636,81193809,1989100286,1987198636,1981193809,1989,10,0286,1987,19,8636,1981,19,3809,0,0
89PE04237,89100287,88000450,86197148,1989100287,1988000450,1986197148,1989,10,0287,1988,00,0450,1986,19,7148,0,0
89PE04238,89100288,88000450,86197096,1989100288,1988000450,1986197096,1989,10,0288,1988,00,0450,1986,19,7096,0,0
89PE04239,89100289,88000450,86197096,1989100289,1988000450,1986197096,1989,10,0289,1988,00,0450,1986,19,7096,0,0
89PE04240,89100290,88000450,87198587,1989100290,1988000450,1987198587,1989,10,0290,1988,00,0450,1987,19,8587,0,0
89PE04241,89100291,88000061,84195791,1989100291,1988000061,1984195791,1989,10,0291,1988,00,0061,1984,19,5791,0,0
89PE04242,89100292,88000061,84195791,1989100292,1988000061,1984195791,1989,10,0292,1988,00,0061,1984,19,5791,0,0
89PE04243,89100293,88000061,84195791,1989100293,1988000061,1984195791,1989,10,0293,1988,00,0061,1984,19,5791,0,0
89PE04244,89100294,88000450,83195126,1989100294,1988000450,1983195126,1989,10,0294,1988,00,0450,1983,19,5126,0,0
89PE04245,89100295,88000450,83195126,1989100295,1988000450,1983195126,1989,10,0295,1988,00,0450,1983,19,5126,0,0
89PE04246,89100296,88000450,83195126,1989100296,1988000450,1983195126,1989,10,0296,1988,00,0450,1983,19,5126,0,0
89PE04247,89100297,88000450,85196824,1989100297,1988000450,1985196824,1989,10,0297,1988,00,0450,1985,19,6824,0,0
89PE04248,89100298,88000450,87198641,1989100298,1988000450,1987198641,1989,10,0298,1988,00,0450,1987,19,8641,0,0
89PE04249,89100299,88000450,87198641,1989100299,1988000450,1987198641,1989,10,0299,1988,00,0450,1987,19,8641,0,0
89PE04250,89100300,88000255,86197213,1989100300,1988000255,1986197213,1989,10,0300,1988,00,0255,1986,19,7213,0,0
89PE04251,89100301,88000099,87197859,1989100301,1988000099,1987197859,1989,10,0301,1988,00,0099,1987,19,7859,0,0
89PE04252,89100302,88000255,84195521,1989100302,1988000255,1984195521,1989,10,0302,1988,00,0255,1984,19,5521,0,0
89PE04253,89100303,88000255,84195521,1989100303,1988000255,1984195521,1989,10,0303,1988,00,0255,1984,19,5521,0,0
89PE04254,89100304,88000099,86197729,1989100304,1988000099,1986197729,1989,10,0304,1988,00,0099,1986,19,7729,0,0
89PE04255,89100305,88000099,86197729,1989100305,1988000099,1986197729,1989,10,0305,1988,00,0099,1986,19,7729,0,0
89PE04256,89100306,87198608,86197482,1989100306,1987198608,1986197482,1989,10,0306,1987,19,8608,1986,19,7482,0,0
89PE04257,89100307,87198608,86197482,1989100307,1987198608,1986197482,1989,10,0307,1987,19,8608,1986,19,7482,0,0
89PE04258,89100308,88000255,85196519,1989100308,1988000255,1985196519,1989,10,0308,1988,00,0255,1985,19,6519,0,0
89PE04259,89100309,88000450,84195528,1989100309,1988000450,1984195528,1989,10,0309,1988,00,0450,1984,19,5528,0,0
89PE04260,89100310,88000061,85196832,1989100310,1988000061,1985196832,1989,10,0310,1988,00,0061,1985,19,6832,0,0
89PE04261,89100311,88199114,86197707,1989100311,1988199114,1986197707,1989,10,0311,1988,19,9114,1986,19,7707,0,0
89PE04262,89100312,88199114,83194813,1989100312,1988199114,1983194813,1989,10,0312,1988,19,9114,1983,19,4813,0,0
89PE04263,89100313,88199020,84195669,1989100313,1988199020,1984195669,1989,10,0313,1988,19,9020,1984,19,5669,0,0
89PE04264,89100314,88199020,83195064,1989100314,1988199020,1983195064,1989,10,0314,1988,19,9020,1983,19,5064,0,0
89PE04265,89100315,88199020,83195064,1989100315,1988199020,1983195064,1989,10,0315,1988,19,9020,1983,19,5064,0,0
89PE04266,89100316,87198636,87198582,1989100316,1987198636,1987198582,1989,10,0316,1987,19,8636,1987,19,8582,0,0
89PE04267,89100317,87198636,87198582,1989100317,1987198636,1987198582,1989,10,0317,1987,19,8636,1987,19,8582,0,0
89PE04268,89100318,87198608,84196075,1989100318,1987198608,1984196075,1989,10,0318,1987,19,8608,1984,19,6075,0,0
89PE04269,89100319,87198608,84195674,1989100319,1987198608,1984195674,1989,10,0319,1987,19,8608,1984,19,5674,0,0
89PE04270,89100320,88199020,85196512,1989100320,1988199020,1985196512,1989,10,0320,1988,19,9020,1985,19,6512,0,0
89PE04271,89100321,87198608,82194108,1989100321,1987198608,1982194108,1989,10,0321,1987,19,8608,1982,19,4108,0,0
89PE04272,89440928,87430000,83435735,1989440928,US43875735,1983435735,1989,44,0928,1987,43,0000,1983,43,5735,0,0
89PE04273,89440929,87430000,83435735,1989440929,US43875735,1983435735,1989,44,0929,1987,43,0000,1983,43,5735,0,0
89PE04274,89440930,87030000,84436849,1989440930,US03876849,1984436849,1989,44,0930,1987,03,0000,1984,43,6849,0,0
89PE04275,89440931,87030000,86438117,1989440931,US03878117,1986438117,1989,44,0931,1987,03,0000,1986,43,8117,0,0
89PE04276,89809051,87970000,87031646,1989809051,US97871646,1987031646,1989,80,9051,1987,97,0000,1987,03,1646,0,0
89PE04277,89809053,87970000,85028759,1989809053,US97878759,1985028759,1989,80,9053,1987,97,0000,1985,02,8759,0,0
89PE04278,89809054,87970000,85028648,1989809054,US97878648,1985028648,1989,80,9054,1987,97,0000,1985,02,8648,0,0
89PE04279,89809055,87970000,87031383,1989809055,US97871383,1987031383,1989,80,9055,1987,97,0000,1987,03,1383,0,0
89PE04280,89809056,87970000,84026270,1989809056,US97876270,1984026270,1989,80,9056,1987,97,0000,1984,02,6270,0,0
89PE04281,89809057,87970000,83023924,1989809057,US97873924,1983023924,1989,80,9057,1987,97,0000,1983,02,3924,0,0
89PE04282,89809058,87970000,83023924,1989809058,US97873924,1983023924,1989,80,9058,1987,97,0000,1983,02,3924,0,0
89PE04283,89809059,87970000,84025748,1989809059,US97875748,1984025748,1989,80,9059,1987,97,0000,1984,02,5748,0,0
89PE04284,89809060,87970000,84025748,1989809060,US97875748,1984025748,1989,80,9060,1987,97,0000,1984,02,5748,0,0
89PE04285,89809061,87970000,87031122,1989809061,US97871122,1987031122,1989,80,9061,1987,97,0000,1987,03,1122,0,0
89PE04286,89809062,87970000,83024704,1989809062,US97874704,1983024704,1989,80,9062,1987,97,0000,1983,02,4704,0,0
89PE04287,89809063,87970000,85028687,1989809063,US97878687,1985028687,1989,80,9063,1987,97,0000,1985,02,8687,0,0
89PE04288,89809064,87970000,84027463,1989809064,US97877463,1984027463,1989,80,9064,1987,97,0000,1984,02,7463,0,0
89PE04289,89809065,87970000,84025928,1989809065,US97875928,1984025928,1989,80,9065,1987,97,0000,1984,02,5928,0,0
89PE04290,89809066,87970000,84025928,1989809066,US97875928,1984025928,1989,80,9066,1987,97,0000,1984,02,5928,0,0
89PE04291,89809067,87970000,87031228,1989809067,US97871228,1987031228,1989,80,9067,1987,97,0000,1987,03,1228,0,0
89PE04292,89809068,87970000,84027745,1989809068,US97877745,1984027745,1989,80,9068,1987,97,0000,1984,02,7745,0,0
89PE04293,89809069,87970000,84027745,1989809069,US97877745,1984027745,1989,80,9069,1987,97,0000,1984,02,7745,0,0
89PE04294,89809070,87970000,84026428,1989809070,US97876428,1984026428,1989,80,9070,1987,97,0000,1984,02,6428,0,0
89PE04295,89809071,87970000,84027650,1989809071,US97877650,1984027650,1989,80,9071,1987,97,0000,1984,02,7650,0,0
