ID10,UID,YR,DAM,DBRD,LNDAM,BPEN,SIRE,SBRD,AGE,ADAM,STMD,STMS,BGRP,RGRP,CUT,TRT,BDAY,DAYBRN,TB,MILK,SEX,ENTR,TEAT,BRWT,CLR,JAW,LAMB,LBRD,LINE,STM,DISP,DAYDIS,CAUSE,FONO,FOPU,ERMK,LRMK,DYST,DEPTH,ABN,LOT,SHED,CDNO,SPEC,Y1,Y2,Y3,Y4,Y5A,Y5,Y6,DATEBN,INBRL,APRLWT,ADAY,BAND,JUWT,JDAY
D16LA00001,16LA00001,16,R8656,11,,36,S0737,00,5.0,5,07,07,1,0,N,,022216,53,0,0,.,.,.,0.0,.,.,.,,,,0,53,27,,,IMM.NO.DATA,IMM,1,1,..,BLD,J,1,,1,1,1,0,0,0.0,0,2016-02-22,0.0,,,,,
D16LA00002,16LA00002,16,H8809,05,,32,H8507,05,2.0,2,30,30,1,0,N,,022716,58,2,0,.,.,.,0.0,.,.,.,,,,0,58,27,,,IMM.NO.DATA,IMM,1,1,..,,J,1,,1,1,2,0,0,0.0,0,2016-02-27,0.0,,,,,
D16LA00003,16LA00003,16,H8809,05,,32,H8507,05,2.0,2,30,30,1,0,N,,022716,58,2,0,.,.,.,0.0,.,.,.,,,,0,58,27,,,.,IMM,1,1,..,,J,2,,0,0,0,0,0,0.0,0,2016-02-27,0.0,,,,,
2016059272,16LA00004,16,H8545,05,,31,H8485,05,2.0,2,30,30,1,0,N,,030616,66,8,2,2,0,2,8.1,1,1,H9272,05,,30,,,,,,.,.,1,1,..,BLD,J,1,,1,1,2,1,1,1.0,62,2016-03-06,0.035,28,118,1,,
2016059273,16LA00005,16,H8545,05,,31,H8485,05,2.0,2,30,30,1,0,N,,030616,66,8,2,1,L,2,8.4,1,1,H9273,05,,30,,,,,,.,SCRS,1,1,..,BLD,J,2,,0,0,0,1,1,1.0,53,2016-03-06,0.035,32,118,1,,
D16LA00006,16LA00006,16,R9640,11,,52,S0742,00,3.0,3,07,07,1,,N,,030616,66,2,0,1,.,.,8.7,1,1,.,,,,0,66,27,,,.,IMM,1,1,..,BLD,J,1,,1,1,2,0,0,0.0,0,2016-03-06,0.0,,,,,
D16LA00007,16LA00007,16,R9640,11,,52,S0742,00,3.0,3,07,07,1,,N,,030616,66,2,0,2,.,.,5.0,1,1,.,,,,0,66,27,,,.,IMM,1,1,..,BLD,J,2,,0,0,0,0,0,0.0,0,2016-03-06,0.0,,,,,
D16LA00008,16LA00008,16,H9173,05,,e5,H8061,05,1.0,1,30,30,4,0,Y,.,030716,67,2,0,1,.,.,6.0,1,1,.,,,,0,67,27,,,.,IMM,1,1,..,,J,1,,1,1,2,0,0,0.0,0,2016-03-07,0.0,,,,,
D16LA00009,16LA00009,16,H9173,05,,e5,H8061,05,1.0,1,30,30,4,0,Y,.,030716,67,2,0,1,.,.,5.0,1,1,.,,,,0,67,27,,,.,IMM,1,1,..,,J,2,,0,0,0,0,0,0.0,0,2016-03-07,0.0,,,,,
2016833218,16LA00010,16,T3883,45,,24,Z3209,00,5.0,5,02,SM,1,7,Y,,030816,68,7,3,2,0,2,8.2,1,1,Z3218,83,,XT,6,68,54,,,.,IntnlHemorrhage,1,1,..,,J,1,,1,1,2,1,0,0.0,0,2016-03-08,0.0,,,,,
D16LA00011,16LA00011,16,T3883,45,,24,Z3209,00,5.0,5,02,SM,1,7,Y,,030816,68,7,3,2,.,.,9.0,1,1,.,,,,1,68,44,,,.,DAB,1,1,..,,J,2,,0,0,0,0,0,0.0,0,2016-03-08,0.0,,,,,
D16LA00012,16LA00012,16,H9229,05,,e7,H8543,05,1.0,1,30,30,4,,Y,,030816,68,2,0,2,.,.,4.6,1,1,.,,,,0,68,27,,,.,1ST.IMM,1,1,..,,J,1,,1,1,2,0,0,0.0,0,2016-03-08,0.0,,,,,
D16LA00013,16LA00013,16,H9229,05,,e7,H8543,05,1.0,1,30,30,4,,Y,,030816,68,2,0,2,.,.,5.1,1,1,.,,,,0,68,27,,,.,2ND.IMM,3,3,..,,J,2,,0,0,0,0,0,0.0,0,2016-03-08,0.0,,,,,
D16LA00014,16LA00014,16,H9235,05,,e8,H8715,05,1.0,1,30,30,4,0,Y,.,030816,68,0,1,2,.,.,6.3,1,1,.,,,,0,68,27,,,.,IMM,1,1,..,,J,1,,1,1,1,0,0,0.0,0,2016-03-08,0.0,,,,,
D16LA00015,16LA00015,16,H9094,05,,e6,H8210,05,1.0,1,30,30,4,7,Y,,030916,69,2,1,1,.,.,5.6,1,1,.,,,,0,69,27,,,.,IMM,1,1,..,,J,1,,1,1,2,0,0,0.0,0,2016-03-09,0.0,,,,,
D16LA00016,16LA00016,16,H9094,05,,e6,H8210,05,1.0,1,30,30,4,7,Y,,030916,69,2,1,.,.,.,4.0,1,1,.,,,,0,69,27,,,.,IMM.BLOB,1,1,..,,J,2,,0,0,0,0,0,0.0,0,2016-03-09,0.0,,,,,
D16LA00017,16LA00017,16,H8872,05,,e6,H8210,05,1.0,1,30,30,4,0,Y,,030916,69,0,1,2,.,.,6.3,1,1,.,,,,0,69,27,,,.,IMM,1,1,..,,J,1,,1,1,1,0,0,0.0,0,2016-03-09,0.0,,,,,
2016120744,16LA00018,16,R9236,11,,34,S0732,00,4.0,4,07,07,1,0,N,,030916,69,8,0,1,R,2,10.8,1,1,S0744,12,,07,6,69,66,,,DOWN.NO.PUSH,1ST.FX.RIBS,4,5,..,BLD,J,1,,1,1,2,1,0,0.0,0,2016-03-09,0.0,,,,,
2016120745,16LA00019,16,R9236,11,,34,S0732,00,4.0,4,07,07,1,0,N,,030916,69,8,0,1,0,4,10.6,2,1,S0745,12,,07,6,69,66,,,.,2ND.FX.RIBS,8,5,..,BLD,J,2,,0,0,0,1,0,0.0,0,2016-03-09,0.0,,,,,
2016833219,16LA00020,16,H6052,05,,16,Z3208,00,6.0,6,30,97,1,0,Y,,030916,69,9,2,2,0,2,9.0,5,1,Z3219,83,,80,,,,,,HD BREATHING,,1,1,..,BLD,J,1,,1,1,3,1,1,1.0,90,2016-03-09,0.0,40,118,1,,
2016833220,16LA00021,16,H6052,05,,16,Z3208,00,6.0,6,30,97,1,0,Y,,030916,69,9,2,3,0,3,6.6,5,1,Z3220,83,,80,3,72,93,,,FL.LAME,.,1,1,..,BLD,J,2,,0,0,0,1,0,0.0,0,2016-03-09,0.0,,,,,
D16LA00022,16LA00022,16,H6052,05,,16,Z3208,00,6.0,6,30,97,1,0,Y,,030916,69,9,2,2,.,.,7.8,5,1,.,,,,1,69,44,,,,DAB,1,1,..,BLD,J,3,,0,0,0,0,0,0.0,0,2016-03-09,0.0,,,,,
D16LA00023,16LA00023,16,H8802,05,,24,Z3209,00,2.0,2,30,SM,1,0,Y,,022516,56,0,0,.,.,.,0.0,.,.,.,,,,0,56,27,,,IMM.NO.DATA,IMM,1,1,..,,J,1,,1,1,1,0,0,0.0,0,2016-02-25,0.0,,,,,
2016833221,16LA00024,16,H8828,05,,16,Z3208,00,2.0,2,30,97,1,,Y,,030916,69,8,2,2,0,2,10.3,5,1,Z3221,83,,80,,,,,,.,.,1,1,..,,J,1,,1,1,2,1,1,1.0,89,2016-03-09,0.0,39,118,1,,
2016833222,16LA00025,16,H8828,05,,16,Z3208,00,2.0,2,30,97,1,,Y,,030916,69,8,2,2,0,2,8.6,5,1,Z3222,83,,80,,,,,,.,.,1,1,..,,J,2,,0,0,0,1,1,1.0,80,2016-03-09,0.0,34,118,1,,
2016833223,16LA00026,16,Z1688,83,,BR1,Z0000,83,3.0,3,T3,97,5,0,Y,,030916,69,5,3,2,0,2,16.3,5,2,Z3223,83,,00,,,,,,SRS.SL.MORE,NICE LAMB,1,1,..,GRN,J,1,,1,1,1,1,1,1.0,130,2016-03-09,0.0,67,118,H,,
2016059274,16LA00027,16,H8709,05,,31,H8485,05,2.0,2,30,30,1,,N,,031016,70,8,2,3,0,2,6.6,1,1,H9274,05,,30,,,,,,.,1ST.HAIRY,1,1,..,,J,1,,1,1,2,1,1,1.0,70,2016-03-10,0.03,32,118,1,,
2016059275,16LA00028,16,H8709,05,,31,H8485,05,2.0,2,30,30,1,,N,,031016,70,8,2,1,0,2,7.1,1,1,H9275,05,,30,,,,,,.,2ND,1,1,..,,J,2,,0,0,0,1,1,1.0,63,2016-03-10,0.03,30,118,1,,
2016120746,16LA00029,16,S0127,12,,43,R9922,11,2.0,2,07,07,1,0,N,,031016,70,8,3,2,0,2,7.2,1,1,S0746,12,,07,,,,,,.,1ST.RASPY,1,1,..,,J,1,,1,1,2,1,1,1.0,61,2016-03-10,0.035,23,118,1,,
2016120747,16LA00030,16,S0127,12,,43,R9922,11,2.0,2,07,07,1,0,N,,031016,70,8,3,3,0,2,6.4,2,1,S0747,12,,07,,,,,,.,2ND.UGLY.RASPY,1,1,..,,J,2,,0,0,0,1,1,1.0,62,2016-03-10,0.035,28,118,1,,
2016833224,16LA00031,16,H6094,05,,25,Z3212,00,6.0,6,30,SM,1,0,Y,,031016,70,9,3,2,0,2,5.9,1,1,Z3224,83,,XP,3,70,93,,8,.,1ST,1,1,..,BLD,J,1,,1,1,3,1,0,0.0,0,2016-03-10,0.0,,,,,
2016833225,16LA00032,16,H6094,05,,25,Z3212,00,6.0,6,30,SM,1,0,Y,,031016,70,9,3,3,L,2,7.6,1,1,Z3225,83,,XP,,,,,,.,.,1,1,..,BLD,J,2,,0,0,0,1,1,1.0,75,2016-03-10,0.0,35,118,1,,
2016833226,16LA00033,16,H6094,05,,25,Z3212,00,6.0,6,30,SM,1,0,Y,,031016,70,9,3,2,0,2,5.8,1,1,Z3226,83,,XP,,0,,,,.,.,1,1,..,BLD,J,3,,0,0,0,1,1,1.0,72,2016-03-10,0.0,31,118,1,,
2016833227,16LA00034,16,H7612,05,,25,Z3212,00,4.0,4,30,SM,1,0,Y,,031016,70,5,3,2,0,2,11.2,1,1,Z3227,83,,XP,,,,,,.,NICE LAMB,1,1,..,BLD,J,1,,1,1,1,1,1,1.0,83,2016-03-10,0.0,45,118,1,,
2016701742,16LA00035,16,L1010,70,,1,L1151,70,3.0,3,PC,PC,1,0,N,,031016,70,5,2,2,0,2,12.6,5,1,L1742,70,,PC,,,,,,.,NICE.20BLK,1,1,..,OR,J,1,,1,1,1,1,1,1.0,84,2016-03-10,0.011,34,118,H,,
D16LA00036,16LA00036,16,Z2933,83,,BL,K4942,64,1.0,1,BL,06,4,0,Y,,031016,70,1,3,1,.,.,10.6,2,1,.,,,,1,70,44,,,FEBRILE,DAB,1,1,..,,J,1,,1,1,1,0,0,0.0,0,2016-03-10,0.0,,,,,
2016833228,16LA00037,16,Z1042,83,,11,Z1583,83,4.0,4,97,97,1,0,N,,031116,71,8,2,2,0,2,11.6,6,1,Z3228,83,,97,,,,,,.,.,1,1,..,BLD,J,1,,1,1,2,1,1,1.0,88,2016-03-11,0.02,30,118,H,,
2016833229,16LA00038,16,Z1042,83,,11,Z1583,83,4.0,4,97,97,1,0,N,,031116,71,8,2,1,0,2,11.9,6,1,Z3229,83,,97,,,,,,.,.,1,1,..,BLD,J,2,,0,0,0,1,1,1.0,73,2016-03-11,0.02,30,118,H,,
2016833230,16LA00039,16,H8693,05,,23,Z3207,00,2.0,2,30,SM,1,0,Y,,031116,71,9,1,2,0,2,7.9,1,1,Z3230,83,,XP,,,,,,.,.,1,1,..,,J,1,,1,1,3,1,1,1.0,89,2016-03-11,0.0,40,118,1,,
2016833231,16LA00040,16,H8693,05,,23,Z3207,00,2.0,2,30,SM,1,0,Y,,031116,71,9,1,3,0,3,8.5,1,1,Z3231,83,,XP,3,71,93,,8,.,REJECTED,1,1,..,,J,2,,0,0,0,1,0,0.0,0,2016-03-11,0.0,,,,,
2016833232,16LA00041,16,H8693,05,,23,Z3207,00,2.0,2,30,SM,1,0,Y,,031116,71,9,1,2,0,2,8.5,1,1,Z3232,83,,XP,,,,H9158,-,.,.,1,1,..,,J,3,,0,0,0,1,1,0.5,82,2016-03-11,0.0,37,118,1,,
D16LA00042,16LA00042,16,H9158,05,,e5,H8061,05,1.0,1,30,30,4,7,Y,,031116,71,9,2,2,.,.,6.9,1,1,.,,,,0,71,27,Z3232,+,.,IMM,1,1,..,BLD,J,1,,1,1,3,0,0,0.5,0,2016-03-11,0.0,,,,,
D16LA00043,16LA00043,16,H9158,05,,e5,H8061,05,1.0,1,30,30,4,7,Y,,031116,71,9,2,1,.,.,6.5,1,1,.,,,,0,71,27,,,.,IMM,1,1,..,BLD,J,2,,0,0,0,0,0,0.0,0,2016-03-11,0.0,,,,,
D16LA00044,16LA00044,16,H9158,05,,e5,H8061,05,1.0,1,30,30,4,7,Y,,031116,71,9,2,1,.,.,5.1,1,1,.,,,,0,71,27,,,.,IMM,1,1,..,BLD,J,3,,0,0,0,0,0,0.0,0,2016-03-11,0.0,,,,,
2016059276,16LA00045,16,H8285,05,,32,H8507,05,3.0,3,30,30,1,0,N,,031116,71,8,2,1,0,4,8.5,1,1,H9276,05,,30,,,,,,RTITBLIND,.,1,1,..,,J,1,,1,1,2,1,1,1.0,95,2016-03-11,0.047,45,118,1,,
2016059277,16LA00046,16,H8285,05,,32,H8507,05,3.0,3,30,30,1,0,N,,031116,71,8,2,2,0,4,8.4,1,1,H9277,05,,30,3,71,93,,8,.,LESS.FULL,1,1,..,,J,2,,0,0,0,1,0,0.0,0,2016-03-11,0.047,,,,,
2016701743,16LA00047,16,Z1742,83,,10,Z1259,83,3.0,3,T3,SC,1,0,N,,031116,71,8,3,2,0,3,11.6,5,1,L1743,70,,PC,,,,,,.,15BLK,1,1,..,OR,J,1,,1,1,2,1,1,1.0,99,2016-03-11,0.011,41,118,H,,
2016701744,16LA00048,16,Z1742,83,,10,Z1259,83,3.0,3,T3,SC,1,0,N,,031116,71,8,3,2,0,2,12.4,5,1,L1744,70,,PC,,,,,,.,25BLK,1,1,..,OR,J,2,,0,0,0,1,1,1.0,91,2016-03-11,0.011,42,118,H,,
2016059278,16LA00049,16,H8664,05,,31,H8485,05,2.0,2,30,30,1,,N,,031116,71,5,3,2,0,2,10.1,1,1,H9278,05,,30,,,,,,.,PINK.UGLY,1,1,..,,J,1,,1,1,1,1,1,1.0,71,2016-03-11,0.021,35,118,1,,
2016059279,16LA00050,16,H7973,05,,30,H8376,05,3.0,3,30,30,1,0,N,,031116,71,5,3,2,0,4,12.3,1,1,H9279,05,,30,,,,,,.,.,1,1,..,BLD,J,1,,1,1,1,1,1,1.0,91,2016-03-11,0.035,40,118,1,,
2016120748,16LA00051,16,S0015,12,,37,S0738,00,2.0,2,07,07,1,0,N,,031116,71,5,3,2,0,3,9.2,1,1,S0748,12,,07,,,,,,SLSMORE.WARTSRS,.,1,1,..,,J,1,,1,1,1,1,1,1.0,86,2016-03-11,0.0,40,118,1,,
2016833233,16LA00052,16,Z1622,83,,16,Z3208,00,3.0,3,CM,97,1,0,N,,031116,71,8,2,1,0,3,13.7,5,1,Z3233,83,,SY,,,,,,.,1ST,1,1,..,OR,J,1,,1,1,2,1,1,1.0,92,2016-03-11,0.0,37,118,H,,
2016833234,16LA00053,16,Z1622,83,,16,Z3208,00,3.0,3,CM,97,1,0,N,,031116,71,8,2,2,0,4,12.0,5,1,Z3234,83,,SY,,,,,,.,2ND.LAME,1,1,..,OR,J,2,,0,0,0,1,1,1.0,85,2016-03-11,0.0,34,118,H,,
2016701745,16LA00054,16,L1622,70,,8,L1614,70,2.0,2,PC,PC,1,,N,,031116,71,8,3,2,0,4,10.3,5,1,L1745,70,,PC,,,,,,.,1ST.30BLK,1,1,..,OR,J,1,,1,1,2,1,1,1.0,70,2016-03-11,0.007,26,118,H,,
2016701746,16LA00055,16,L1622,70,,8,L1614,70,2.0,2,PC,PC,1,,N,,031116,71,8,3,1,0,4,11.9,5,1,L1746,70,,PC,,,,,,.,2ND.90BLK,1,1,..,OR,J,2,,0,0,0,1,1,1.0,71,2016-03-11,0.007,20,118,H,,
D16LA00056,16LA00056,16,S0400,12,,e10,R9999,11,1.0,1,07,07,4,0,N,,031116,71,0,0,.,.,.,1.6,1,1,.,,,,0,71,27,,,NO.BAG,IMM.BLOB,1,1,..,,J,1,,1,1,1,0,0,0.0,0,2016-03-11,0.0,,,,,
D16LA00057,16LA00057,16,H7935,05,,32,H8507,05,4.0,4,30,30,1,0,N,,031116,71,9,0,2,.,.,4.7,1,1,.,,,,0,71,27,,,.,1ST.2@ONCE,3,4,..,BLD,J,1,,1,1,3,0,0,0.0,0,2016-03-11,0.0,,,,,
D16LA00058,16LA00058,16,H7935,05,,32,H8507,05,4.0,4,30,30,1,0,N,,031116,71,9,0,1,.,.,7.0,1,1,.,,,,0,71,27,,,.,2ND.ROTTEN,7,4,..,BLD,J,2,,0,0,0,0,0,0.0,0,2016-03-11,0.0,,,,,
D16LA00059,16LA00059,16,H7935,05,,32,H8507,05,4.0,4,30,30,1,0,N,,031116,71,9,0,1,.,.,7.8,1,1,.,,,,0,71,27,,,.,3RD,5,4,..,BLD,J,3,,0,0,0,0,0,0.0,0,2016-03-11,0.0,,,,,
2016701747,16LA00060,16,L1532,70,,1,L1151,70,2.0,2,PC,PC,1,,N,,031116,71,8,3,2,0,4,12.4,5,1,L1747,70,,PC,,,,,,.,1ST25BR/GR,1,1,..,OR,J,1,,1,1,2,1,1,1.0,91,2016-03-11,0.021,33,118,H,,
2016701748,16LA00061,16,L1532,70,,1,L1151,70,2.0,2,PC,PC,1,,N,,031116,71,8,3,1,0,2,10.7,2,1,L1748,70,,PC,,,,,,.,2ND.05BR/GR,1,1,..,OR,J,2,,0,0,0,1,1,1.0,63,2016-03-11,0.021,25,118,H,,
2016059280,16LA00062,16,H8785,05,,29,H7479,05,2.0,2,30,30,1,0,N,,031116,71,8,2,2,0,2,9.5,1,1,H9280,05,,30,,,,,,.,1ST,1,1,..,,J,1,,1,1,2,1,1,1.0,61,2016-03-11,0.04,32,118,1,,
2016059281,16LA00063,16,H8785,05,,29,H7479,05,2.0,2,30,30,1,0,N,,031116,71,8,2,2,0,3,9.0,1,1,H9281,05,,30,,,,,,.,2ND,1,1,..,,J,2,,0,0,0,1,1,1.0,63,2016-03-11,0.04,31,118,1,,
2016833235,16LA00064,16,Z1078,83,,13,Z3202,00,4.0,4,97,97,1,0,N,,031116,71,5,3,2,0,2,13.6,6,1,Z3235,83,,97,,,,,,.,NICE LAMB,1,1,..,BLD,J,1,,1,1,1,1,1,1.0,102,2016-03-11,0.0,48,118,H,,
2016059282,16LA00065,16,H7103,05,,29,H7479,05,5.0,5,30,30,1,0,N,,031216,72,9,3,2,0,4,10.0,1,1,H9282,05,,30,3,91,93,,,MASTITIS RSD,1ST,1,1,..,BLD,J,1,,1,1,3,1,0,,,2016-03-12,0.024,,,,,
2016059283,16LA00066,16,H7103,05,,29,H7479,05,5.0,5,30,30,1,0,N,,031216,72,9,3,1,0,2,11.1,1,1,H9283,05,,30,3,91,93,,,.,2ND,1,1,..,BLD,J,2,,0,0,0,1,0,,,2016-03-12,0.024,,,,,
2016059284,16LA00067,16,H7103,05,,29,H7479,05,5.0,5,30,30,1,0,N,,031216,72,9,3,3,0,3,11.1,1,1,H9284,05,,30,3,72,93,,8,.,3RD.LEASTFULL,1,1,..,BLD,J,3,,0,0,0,1,0,0.0,0,2016-03-12,0.024,,,,,
2016833236,16LA00068,16,Z1630,83,,9,Z2695,83,3.0,3,TS,CM,1,0,N,,031216,72,5,3,1,0,4,9.1,2,1,Z3236,83,,CT,,,,,,.,.,1,1,..,OR,J,1,,1,1,1,1,1,1.0,119,2016-03-12,0.0,55,118,H,,
2016701749,16LA00069,16,L0087,70,,3,L0762,70,6.0,6,PC,PC,1,0,N,,031216,72,8,3,2,0,4,12.3,5,1,L1749,70,,PC,,,,,,.,1ST,1,1,..,OR,J,1,,1,1,2,1,1,1.0,89,2016-03-12,0.013,29,118,H,,
2016701750,16LA00070,16,L0087,70,,3,L0762,70,6.0,6,PC,PC,1,0,N,,031216,72,8,3,1,0,2,12.4,5,1,L1750,70,,PC,6,90,23,,,.,2ND,1,1,..,OR,J,2,,0,0,0,1,0,0.0,0,2016-03-12,0.013,,,,,
2016833237,16LA00071,16,Z1016,83,,BR1,Z0000,83,4.0,4,S3,97,5,0,Y,,031216,72,8,3,2,0,2,16.1,5,1,Z3237,83,,00,,,,,,.,1ST.RF.INFLAM,1,1,..,GRN,J,1,,1,1,2,1,1,1.0,101,2016-03-12,0.0,44,118,H,,
2016833238,16LA00072,16,Z1016,83,,BR1,Z0000,83,4.0,4,S3,97,5,0,Y,,031216,72,8,3,2,0,2,15.2,5,1,Z3238,83,,00,,,,,,.,2ND,1,1,..,GRN,J,2,,0,0,0,1,1,1.0,111,2016-03-12,0.0,51,118,H,,
2016833239,16LA00073,16,H8722,05,,6,L1549,70,2.0,2,30,PC,1,7,Y,,031216,72,5,3,3,0,2,13.5,2,1,Z3239,83,,LP,,,,,,.,NICE LAMB,1,1,..,,J,1,,1,1,1,1,1,1.0,99,2016-03-12,0.0,47,118,1,,
2016833240,16LA00074,16,T4215,45,,7,L1564,70,4.0,4,02,PC,1,0,Y,,031216,72,8,3,2,0,3,10.7,5,1,Z3240,83,,LT,,,,,,LUMP.ON.JAW,1ST,1,1,..,,J,1,,1,1,2,1,1,1.0,49,2016-03-12,0.0,28,118,1,,
2016833241,16LA00075,16,T4215,45,,7,L1564,70,4.0,4,02,PC,1,0,Y,,031216,72,8,3,3,0,4,11.1,1,1,Z3241,83,,LT,7,199,97,,,.,2ND,1,1,..,,J,2,,0,0,0,1,0,,,2016-03-12,0.0,37,118,1,,
2016059285,16LA00076,16,H8935,05,,e5,H8061,05,1.0,1,30,30,4,0,Y,,031216,72,8,3,3,0,2,5.5,1,1,H9285,05,,30,3,73,93,,,.,1ST.WEAK,1,1,..,,J,1,,1,1,2,1,0,0.0,0,2016-03-12,0.036,,,,,
2016059286,16LA00077,16,H8935,05,,e5,H8061,05,1.0,1,30,30,4,0,Y,,031216,72,8,3,3,0,2,7.7,1,1,H9286,05,,30,6,72,66,,,.,2ND.VWEAK,1,1,..,,J,2,,0,0,0,1,0,0.0,0,2016-03-12,0.036,,,,,
2016059287,16LA00078,16,H9221,05,,e6,H8210,05,1.0,1,30,30,4,0,Y,,031216,72,5,1,2,0,2,4.6,1,1,H9287,05,,30,6,72,66,,,.,VWEAK,3,4,..,,J,1,,1,1,1,1,0,0.0,0,2016-03-12,0.028,,,,,
2016833242,16LA00079,16,Z1183,83,,12,Z1765,83,4.0,4,97,97,1,0,N,,031216,72,9,2,2,0,2,7.6,6,1,Z3242,83,,97,3,72,93,,8,.,1ST,1,1,..,BLD,J,1,,1,1,3,1,0,0.0,0,2016-03-12,0.026,,,,,
2016833243,16LA00080,16,Z1183,83,,12,Z1765,83,4.0,4,97,97,1,0,N,,031216,72,9,2,1,0,4,10.4,6,1,Z3243,83,,97,,,,,,.,2ND,1,1,..,BLD,J,2,,0,0,0,1,1,1.0,78,2016-03-12,0.026,33,118,H,,
2016833244,16LA00081,16,Z1183,83,,12,Z1765,83,4.0,4,97,97,1,0,N,,031216,72,9,2,3,0,2,8.6,6,1,Z3244,83,,97,,,,,,.,3RD.CRYPT,1,1,..,BLD,J,3,,0,0,0,1,1,1.0,71,2016-03-12,0.026,35,118,H,,
2016701751,16LA00082,16,L0558,70,,1,L1151,70,4.0,4,PC,PC,1,0,N,,031216,72,5,3,2,R,2,11.6,5,1,L1751,70,,PC,,,,,,CHEWS.TAIL,25BRN,1,1,..,OR,J,1,,1,1,1,1,1,1.0,103,2016-03-12,0.007,45,118,H,,
2016059288,16LA00083,16,H5213,05,,32,H8507,05,7.0,7,30,30,1,,N,,031216,72,5,3,2,0,2,10.5,3,1,H9288,05,,30,,,,,,.,LFLEGBROWN,1,1,..,BLD,J,1,,1,1,1,1,1,1.0,96,2016-03-12,0.046,41,118,1,,
2016833245,16LA00084,16,H7162,05,,18,Z3211,00,5.0,5,30,97,1,0,Y,,031216,72,8,3,2,0,5,11.6,5,1,Z3245,83,,80,,,,,,.,1ST,1,1,..,BLD,J,1,,1,1,2,1,1,1.0,85,2016-03-12,0.0,28,118,1,,
2016833246,16LA00085,16,H7162,05,,18,Z3211,00,5.0,5,30,97,1,0,Y,,031216,72,8,3,2,0,4,11.1,5,1,Z3246,83,,80,,,,,,.,2ND.SCOURS,1,1,..,BLD,J,2,,0,0,0,1,1,1.0,74,2016-03-12,0.0,31,118,1,,
2016120749,16LA00086,16,S0170,12,,44,S0052,12,2.0,2,07,07,1,,N,,031216,72,5,2,2,0,2,10.7,1,1,S0749,12,,07,,,,,,.,.,1,1,..,,J,1,,1,1,1,1,1,1.0,87,2016-03-12,0.043,40,118,1,,
2016833247,16LA00087,16,H7496,05,,2,L1339,70,4.0,4,30,PC,1,7,Y,,031216,72,9,3,3,R,4,9.3,2,1,Z3247,83,,LP,3,72,93,,8,.,1ST.LEAST.FULL,1,1,..,BLD,J,1,,1,1,3,1,0,0.0,0,2016-03-12,0.0,,,,,
2016833248,16LA00088,16,H7496,05,,2,L1339,70,4.0,4,30,PC,1,7,Y,,031216,72,9,3,2,0,3,9.9,1,1,Z3248,83,,LP,,,,,,.,2ND.PINK,1,1,..,BLD,J,2,,0,0,0,1,1,1.0,72,2016-03-12,0.0,23,118,1,,
2016833249,16LA00089,16,H7496,05,,2,L1339,70,4.0,4,30,PC,1,7,Y,,031216,72,9,3,3,0,2,8.6,1,1,Z3249,83,,LP,,,,,,.,3RD,1,1,..,BLD,J,3,,0,0,0,1,1,1.0,72,2016-03-12,0.0,33,118,1,,
2016059289,16LA00090,16,H5970,05,,30,H8376,05,6.0,6,30,30,1,0,N,,031216,72,8,3,2,0,2,11.4,3,1,H9289,05,,30,,,,,,.,1ST.BLSPOT.SCRS,1,1,..,BLD,J,1,,1,1,2,1,1,1.0,89,2016-03-12,0.019,37,118,1,,
2016059290,16LA00091,16,H5970,05,,30,H8376,05,6.0,6,30,30,1,0,N,,031216,72,8,3,2,0,2,7.4,1,1,H9290,05,,30,,,,,,.,2ND,1,1,..,BLD,J,2,,0,0,0,1,1,1.0,79,2016-03-12,0.019,40,118,1,,
2016833250,16LA00092,16,Z0115,83,,13,Z3202,00,5.0,5,CM,97,1,0,N,,031216,72,8,2,1,0,3,15.1,5,1,Z3250,83,,SY,,,,,,.,1ST,1,1,..,OR,J,1,,1,1,2,1,1,1.0,110,2016-03-12,0.0,44,118,H,,
2016833251,16LA00093,16,Z0115,83,,13,Z3202,00,5.0,5,CM,97,1,0,N,,031216,72,8,2,1,0,4,13.8,5,1,Z3251,83,,SY,,,,,,.,2ND,1,1,..,OR,J,2,,0,0,0,1,1,1.0,62,2016-03-12,0.0,22,118,H,,
2016701752,16LA00094,16,L1616,70,,5,L1441,70,2.0,2,PC,PC,1,0,N,,031216,72,5,3,1,2,2,15.9,5,1,L1752,70,,PC,,,,,,.,15-20BR,1,1,..,OR,J,1,,1,1,1,1,1,1.0,132,2016-03-12,0.017,66,118,H,,
2016833252,16LA00095,16,T4226,45,,16,Z3208,00,4.0,4,02,97,1,0,Y,,031216,72,8,3,2,0,2,12.4,5,1,Z3252,83,,20,,,,,,.,.,1,1,..,,J,1,,1,1,2,1,1,1.0,82,2016-03-12,0.0,43,118,1,,
2016833253,16LA00096,16,T4226,45,,16,Z3208,00,4.0,4,02,97,1,0,Y,,031216,72,8,3,3,0,2,13.6,5,1,Z3253,83,,20,,,,,,.,.,1,1,..,,J,2,,0,0,0,1,1,1.0,93,2016-03-12,0.0,47,118,1,,
2016701753,16LA00097,16,L1578,70,,2,L1339,70,2.0,2,PC,PC,1,0,N,,031216,72,8,2,2,2,2,15.3,2,1,L1753,70,,PC,,,,,,.,<05BLK,1,1,..,,J,1,,1,1,2,1,1,1.0,91,2016-03-12,0.014,41,118,H,,
2016701754,16LA00098,16,L1578,70,,2,L1339,70,2.0,2,PC,PC,1,0,N,,031216,72,8,2,2,R,2,11.1,5,1,L1754,70,,PC,,,,,,.,5-10BR,1,1,..,,J,2,,0,0,0,1,1,1.0,84,2016-03-12,0.014,35,118,H,,
2016833254,16LA00099,16,Z2346,83,,15,Z2306,83,2.0,2,97,97,1,0,N,,031216,72,8,2,1,0,2,14.1,6,1,Z3254,83,,97,,,,,,.,1ST.LAME LF.FVR,1,1,..,BLD,J,1,,1,1,2,1,1,1.0,55,2016-03-12,0.015,48,118,H,,
2016833255,16LA00100,16,Z2346,83,,15,Z2306,83,2.0,2,97,97,1,0,N,,031216,72,8,2,1,0,2,12.5,6,1,Z3255,83,,97,,,,,,.,2ND,1,1,..,BLD,J,2,,0,0,0,1,1,1.0,90,2016-03-12,0.015,41,118,H,,
2016833256,16LA00101,16,Z1790,83,,15,Z2306,83,3.0,3,97,97,1,0,N,,031216,72,8,3,1,R,2,11.5,6,1,Z3256,83,,97,,,,,,.,1ST,1,1,..,BLD,J,1,,1,1,2,1,1,1.0,88,2016-03-12,0.016,34,118,H,,
2016833257,16LA00102,16,Z1790,83,,15,Z2306,83,3.0,3,97,97,1,0,N,,031216,72,8,3,2,2,2,9.0,6,1,Z3257,83,,97,,,,,,.,2ND,1,1,..,BLD,J,2,,0,0,0,1,1,1.0,69,2016-03-12,0.016,23,118,H,,
2016833258,16LA00103,16,Z2670,83,,18,Z3211,00,2.0,2,CM,97,1,0,N,,031216,72,7,3,2,0,4,4.4,5,1,Z3258,83,,SY,3,73,93,,,.,PREEMIE,1,1,..,OR,J,1,,1,1,2,1,0,0.0,0,2016-03-12,0.0,,,,,
D16LA00104,16LA00104,16,Z2670,83,,18,Z3211,00,2.0,2,CM,97,1,0,N,,031216,72,7,3,2,.,.,4.0,5,1,.,,,,1,72,44,,,.,DAB,1,1,..,OR,J,2,,0,0,0,0,0,0.0,0,2016-03-12,0.0,,,,,
2016701755,16LA00105,16,L1517,70,,5,L1441,70,2.0,2,PC,PC,1,0,N,,031216,72,5,3,1,R,2,11.7,5,1,L1755,70,,PC,,,,,,.,25BR/GR,1,1,..,OR,J,1,,1,1,1,1,1,1.0,96,2016-03-12,0.007,45,118,H,,
2016833259,16LA00106,16,Z1063,83,,11,Z1583,83,4.0,4,97,97,1,0,N,,031216,72,8,3,1,0,2,10.1,6,1,Z3259,83,,97,,,,,,.,1ST.SCRS,1,1,..,BLD,J,1,,1,1,2,1,1,1.0,91,2016-03-12,0.013,36,118,H,,
2016833260,16LA00107,16,Z1063,83,,11,Z1583,83,4.0,4,97,97,1,0,N,,031216,72,8,3,2,0,4,11.0,6,1,Z3260,83,,97,,,,,,.,2ND,1,1,..,BLD,J,2,,0,0,0,1,1,1.0,88,2016-03-12,0.013,35,118,H,,
2016059291,16LA00108,16,H5843,05,,33,H8787,05,6.0,6,30,30,1,0,N,,031316,73,5,3,2,0,2,11.8,1,1,H9291,05,,30,,,,,,.,.,1,1,..,BLD,J,1,,1,1,1,1,1,1.0,96,2016-03-13,0.044,47,118,1,,
2016833261,16LA00109,16,H6388,05,,27,Z3216,00,6.0,6,30,SM,1,0,Y,,031316,73,9,3,2,0,4,10.1,1,1,Z3261,83,,XP,,,,,,.,.,1,1,..,BLD,J,1,,1,1,3,1,1,1.0,77,2016-03-13,0.0,37,118,1,,
2016833262,16LA00110,16,H6388,05,,27,Z3216,00,6.0,6,30,SM,1,0,Y,,031316,73,9,3,3,0,3,10.0,1,1,Z3262,83,,XP,,,,,,.,.,1,1,..,BLD,J,2,,0,0,0,1,1,1.0,88,2016-03-13,0.0,42,118,1,,
2016833263,16LA00111,16,H6388,05,,27,Z3216,00,6.0,6,30,SM,1,0,Y,,031316,73,9,3,2,0,4,8.0,2,1,Z3263,83,,XP,3,73,93,,8,.,.,1,1,..,BLD,J,3,,0,0,0,1,0,0.0,0,2016-03-13,0.0,,,,,
2016120750,16LA00112,16,S0172,12,,45,S0123,12,2.0,2,07,07,1,0,N,,031316,73,8,3,1,0,2,10.4,1,1,S0750,12,,07,7,199,97,,,.,PNEU?,1,1,..,,J,1,,1,1,2,1,0,,,2016-03-13,0.044,19,118,1,,
2016120751,16LA00113,16,S0172,12,,45,S0123,12,2.0,2,07,07,1,0,N,,031316,73,8,3,2,0,2,8.5,1,1,S0751,12,,07,,,,,,.,.,1,1,..,,J,2,,0,0,0,1,1,1.0,67,2016-03-13,0.044,31,118,1,,
2016833264,16LA00114,16,Z1510,83,,11,Z1583,83,3.0,3,97,97,1,0,N,,031316,73,8,3,1,0,2,12.7,6,1,Z3264,83,,97,,,,,,.,1ST.SCOURS,1,1,..,BLD,J,1,,1,1,2,1,1,1.0,95,2016-03-13,0.02,44,118,H,,
2016833265,16LA00115,16,Z1510,83,,11,Z1583,83,3.0,3,97,97,1,0,N,,031316,73,8,3,2,0,2,12.2,6,1,Z3265,83,,97,,,,,,.,2ND.BLT.LF.LAME,1,1,..,BLD,J,2,,0,0,0,1,1,1.0,80,2016-03-13,0.02,31,118,H,,
2016833266,16LA00116,16,Z1225,83,,20,Z3215,00,4.0,4,CM,97,1,0,N,,031316,73,5,3,2,0,2,14.8,5,1,Z3266,83,,SY,,,,,,HUGE.TEATS,.,1,1,..,OR,J,1,,1,1,1,1,1,1.0,120,2016-03-13,0.0,55,118,H,,
2016833267,16LA00117,16,Z1699,83,,9,Z2695,83,3.0,3,TS,CM,1,,N,,031316,73,5,4,2,0,4,13.5,2,1,Z3267,83,,CT,,,,,,.,NICE LAMB,1,1,..,OR,J,1,,1,1,1,1,1,1.0,111,2016-03-13,0.0,52,118,H,,
2016833268,16LA00118,16,T3760,45,,12,Z1765,83,5.0,5,02,97,1,7,Y,,031316,73,8,3,3,0,2,11.4,5,1,Z3268,83,,20,6,98,42,,,.,1ST.Clostridium,1,1,..,,J,1,,1,1,2,1,0,0.0,0,2016-03-13,0.0,,,,,
2016833269,16LA00119,16,T3760,45,,12,Z1765,83,5.0,5,02,97,1,7,Y,,031316,73,8,3,3,L,2,13.3,5,1,Z3269,83,,20,,,,,,.,2ND.LF.LAME,1,1,..,,J,2,,0,0,0,1,1,1.0,90,2016-03-13,0.0,47,118,1,,
2016833270,16LA00120,16,T4941,45,,15,Z2306,83,3.0,3,02,97,1,0,Y,,031316,73,8,3,3,0,2,13.5,5,1,Z3270,83,,20,,,,,,.,.,1,1,..,,J,1,,1,1,2,1,1,1.0,98,2016-03-13,0.0,54,118,1,,
2016833271,16LA00121,16,T4941,45,,15,Z2306,83,3.0,3,02,97,1,0,Y,,031316,73,8,3,3,0,2,14.9,5,1,Z3271,83,,20,6,80,80,,,.,.,1,1,..,,J,2,,0,0,0,1,0,,,2016-03-13,0.0,,,,,
2016059292,16LA00122,16,H5730,05,,31,H8485,05,6.0,6,30,30,1,0,N,,031316,73,5,3,2,0,2,12.2,1,1,H9292,05,,30,,,,,,.,.,1,1,..,BLD,J,1,,1,1,1,1,1,1.0,97,2016-03-13,0.011,52,118,1,,
2016833272,16LA00123,16,H5886,05,,23,Z3207,00,6.0,6,30,SM,1,0,Y,,031316,73,9,3,2,0,2,9.1,1,1,Z3272,83,,XP,,,,,,.,1ST,1,1,..,BLD,J,1,,1,1,3,1,1,1.0,83,2016-03-13,0.0,40,118,1,,
2016833273,16LA00124,16,H5886,05,,23,Z3207,00,6.0,6,30,SM,1,0,Y,,031316,73,9,3,2,0,2,8.2,1,1,Z3273,83,,XP,3,73,93,,8,.,2ND.LEAST,1,1,..,BLD,J,2,,0,0,0,1,0,0.0,0,2016-03-13,0.0,,,,,
2016833274,16LA00125,16,H5886,05,,23,Z3207,00,6.0,6,30,SM,1,0,Y,,031316,73,9,3,3,0,2,9.5,1,1,Z3274,83,,XP,,,,,,.,3RD,1,1,..,BLD,J,3,,0,0,0,1,1,1.0,92,2016-03-13,0.0,46,118,1,,
2016059293,16LA00126,16,H7782,05,,31,H8485,05,4.0,4,30,30,1,7,N,,031316,73,5,3,2,0,2,13.9,1,1,H9293,05,,30,,,,,,RUPTURE,.,1,1,..,BLD,J,1,,1,1,1,1,1,1.0,108,2016-03-13,0.025,42,118,H,,
2016833275,16LA00127,16,Z1610,83,,BR1,Z0000,83,3.0,3,S3,97,5,,Y,,031316,73,8,3,2,0,2,15.9,6,1,Z3275,83,,00,,,,,,.,1ST?,1,1,..,GRN,J,1,,1,1,2,1,1,1.0,104,2016-03-13,0.0,50,118,H,,
2016833276,16LA00128,16,Z1610,83,,BR1,Z0000,83,3.0,3,S3,97,5,,Y,,031316,73,8,3,2,0,2,13.8,5,2,Z3276,83,,00,,,,,,.,2ND?,1,1,..,GRN,J,2,,0,0,0,1,1,1.0,102,2016-03-13,0.0,48,118,H,,
2016833277,16LA00129,16,Z1090,83,,BR1,Z0000,83,4.0,4,S3,97,5,0,Y,,031316,73,9,3,2,0,2,10.4,5,1,Z3277,83,,00,,,,Z2430,-,.,1ST?,1,1,..,GRN,J,1,,1,1,3,1,1,0.5,96,2016-03-13,0.0,35,118,1,,
2016833278,16LA00130,16,Z1090,83,,BR1,Z0000,83,4.0,4,S3,97,5,0,Y,,031316,73,9,3,2,0,2,9.0,5,1,Z3278,83,,00,,,,,,.,2ND?,1,1,..,GRN,J,2,,0,0,0,1,1,1.0,100,2016-03-13,0.0,41,118,H,,
2016833279,16LA00131,16,Z1090,83,,BR1,Z0000,83,4.0,4,S3,97,5,0,Y,,031316,73,9,3,2,0,2,9.8,5,1,Z3279,83,,00,6,105,85,,,.,3RD?Peritonitis,1,1,..,GRN,J,3,,0,0,0,1,0,0.0,0,2016-03-13,0.0,,,,,
2016833280,16LA00132,16,Z1834,83,,18,Z3211,00,3.0,3,CM,97,1,0,N,,031316,73,8,2,2,0,4,13.4,5,1,Z3280,83,,SY,,,,,,RF.LAME,1ST,1,1,..,OR,J,1,,1,1,2,1,1,1.0,92,2016-03-13,0.0,33,118,H,,
2016833281,16LA00133,16,Z1834,83,,18,Z3211,00,3.0,3,CM,97,1,0,N,,031316,73,8,2,2,0,4,14.0,5,1,Z3281,83,,SY,,,,,,.,2ND,1,1,..,OR,J,2,,0,0,0,1,1,1.0,91,2016-03-13,0.0,40,118,H,,
2016833282,16LA00134,16,Z2430,83,,BL,K4942,64,2.0,2,BL,06,1,0,Y,,031316,73,6,3,2,.,.,5.5,2,1,Z3282,83,,00,6,73,01,Z3277,+,.,L/DFailToThrive,1,1,..,BLD,J,1,,1,1,2,1,0,0.5,0,2016-03-13,0.0,,,,,
D16LA00135,16LA00135,16,Z2430,83,,BL,K4942,64,2.0,2,BL,06,1,0,Y,,031316,73,6,3,1,.,.,4.8,2,1,.,,,,0,73,27,,,.,.,1,1,..,BLD,J,2,,0,0,0,0,0,0.0,0,2016-03-13,0.0,,,,,
2016833283,16LA00136,16,Z2283,83,,15,Z2306,83,2.0,2,97,97,1,0,N,,031316,73,5,3,1,0,2,16.6,6,1,Z3283,83,,97,,,,,,.,NICE LAMB,1,1,..,BLD,J,1,,1,1,1,1,1,1.0,110,2016-03-13,0.012,61,118,H,,
2016833284,16LA00137,16,R8579,11,,14,Z3203,00,6.0,6,07,97,1,0,Y,,031316,73,9,3,3,0,2,9.4,5,1,Z3284,83,,10,3,74,93,,8,DOWN,1ST,1,1,..,BLD,J,1,,1,1,3,1,0,0.0,0,2016-03-13,0.0,,,,,
2016833285,16LA00138,16,R8579,11,,14,Z3203,00,6.0,6,07,97,1,0,Y,,031316,73,9,3,3,0,4,10.1,5,1,Z3285,83,,10,3,74,93,,8,.,2ND,4,4,..,BLD,J,2,,0,0,0,1,0,0.0,0,2016-03-13,0.0,,,,,
2016833286,16LA00139,16,R8579,11,,14,Z3203,00,6.0,6,07,97,1,0,Y,,031316,73,9,3,3,0,2,7.5,5,1,Z3286,83,,10,3,74,93,,8,.,3RD.BACKWARDS,7,4,..,BLD,J,3,,0,0,0,1,0,0.0,0,2016-03-13,0.0,,,,,
2016833287,16LA00140,16,Z1473,83,,12,Z1765,83,3.0,3,97,97,1,0,N,,031316,73,5,2,1,2,2,16.0,6,1,Z3287,83,,97,,,,,,.,.,1,1,..,BLD,J,1,,1,1,1,1,1,1.0,117,2016-03-13,0.023,57,118,H,,
2016833288,16LA00141,16,Z2277,83,,12,Z1765,83,2.0,2,97,97,1,0,N,,031316,73,8,3,2,0,2,9.7,6,1,Z3288,83,,97,,,,,,.,1ST.WEAK,5,2,..,BLD,J,1,,1,1,2,1,1,1.0,95,2016-03-13,0.011,39,118,H,,
2016833289,16LA00142,16,Z2277,83,,12,Z1765,83,2.0,2,97,97,1,0,N,,031316,73,8,3,1,R,3,10.4,6,1,Z3289,83,,97,6,75,58,,,.,2ND.Trauma.Euth,5,2,..,BLD,J,2,,0,0,0,1,0,0.0,0,2016-03-13,0.011,,,,,
2016833290,16LA00143,16,H8491,05,,2,L1339,70,2.0,2,30,PC,1,0,Y,,031316,73,8,3,2,0,2,10.6,1,1,Z3290,83,,LP,,,,,,.,1ST,1,1,..,,J,1,,1,1,2,1,1,1.0,80,2016-03-13,0.0,39,118,1,,
2016833291,16LA00144,16,H8491,05,,2,L1339,70,2.0,2,30,PC,1,0,Y,,031316,73,8,3,2,0,2,10.6,1,1,Z3291,83,,LP,,,,,,.,2ND,1,1,..,,J,2,,0,0,0,1,1,1.0,61,2016-03-13,0.0,28,118,1,,
2016833292,16LA00145,16,H6167,05,,5,L1441,70,6.0,6,30,PC,1,0,Y,,031316,73,8,2,2,0,2,7.3,1,1,Z3292,83,,LP,6,159,23,,,.,1ST,1,1,..,BLD,J,1,,1,1,2,1,0,,,2016-03-13,0.0,17,118,1,,
2016833293,16LA00146,16,H6167,05,,5,L1441,70,6.0,6,30,PC,1,0,Y,,031316,73,8,2,3,L,2,8.2,1,1,Z3293,83,,LP,,,,,,.,2ND,1,1,..,BLD,J,2,,0,0,0,1,1,1.0,56,2016-03-13,0.0,23,118,1,,
2016833294,16LA00147,16,H7023,05,,27,Z3216,00,5.0,5,30,SM,1,0,Y,,031316,73,8,3,3,0,2,12.8,1,1,Z3294,83,,XP,,,,,,.,1ST,1,1,..,BLD,J,1,,1,1,2,1,1,1.0,86,2016-03-13,0.0,35,118,1,,
2016833295,16LA00148,16,H7023,05,,27,Z3216,00,5.0,5,30,SM,1,0,Y,,031316,73,8,3,3,0,2,12.0,1,1,Z3295,83,,XP,,,,,,.,2ND,1,1,..,BLD,J,2,,0,0,0,1,1,1.0,84,2016-03-13,0.0,36,118,1,,
2016833296,16LA00149,16,T4300,45,,18,Z3211,00,4.0,4,02,97,1,0,Y,,031316,73,8,2,3,0,3,12.1,5,1,Z3296,83,,20,3,79,93,,,.,1ST.MilkDecreas,1,1,..,,J,1,,1,1,2,1,0,0.0,0,2016-03-13,0.0,,,,,
2016833297,16LA00150,16,T4300,45,,18,Z3211,00,4.0,4,02,97,1,0,Y,,031316,73,8,2,2,0,4,13.1,5,1,Z3297,83,,20,3,79,93,,,.,2ND.MilkDecreas,1,1,..,,J,2,,0,0,0,1,0,0.0,0,2016-03-13,0.0,,,,,
2016833298,16LA00151,16,Z1124,83,,15,Z2306,83,4.0,4,97,97,1,0,N,,031416,74,8,3,2,0,2,11.3,6,1,Z3298,83,,97,,,,,,.,1ST,1,1,..,BLD,J,1,,1,1,2,1,1,1.0,81,2016-03-14,0.028,31,118,H,,
2016833299,16LA00152,16,Z1124,83,,15,Z2306,83,4.0,4,97,97,1,0,N,,031416,74,8,3,2,0,2,11.6,6,1,Z3299,83,,97,,,,,,.,2ND,1,1,..,BLD,J,2,,0,0,0,1,1,1.0,83,2016-03-14,0.028,30,118,H,,
2016833300,16LA00153,16,Z0978,83,,15,Z2306,83,4.0,4,97,97,1,0,N,,031416,74,8,4,1,0,2,10.6,6,1,Z3300,83,,97,6,76,23,,,HUGE.TEATS,1ST,1,1,..,BLD,J,1,,1,1,2,1,0,0.0,0,2016-03-14,0.037,,,,,
2016833301,16LA00154,16,Z0978,83,,15,Z2306,83,4.0,4,97,97,1,0,N,,031416,74,8,4,2,L,2,11.5,6,1,Z3301,83,,97,,0,,,,.,2ND,1,1,..,BLD,J,2,,0,0,0,1,1,1.0,106,2016-03-14,0.037,44,118,H,,
2016701756,16LA00155,16,X7277,82,,10,Z1259,83,7.0,7,T3,SC,1,,N,,031416,74,8,2,1,0,2,13.9,5,1,L1756,70,,PC,,,,,,.,1ST,1,1,..,OR,J,1,,1,1,2,1,1,1.0,92,2016-03-14,0.011,43,118,H,,
2016701757,16LA00156,16,X7277,82,,10,Z1259,83,7.0,7,T3,SC,1,,N,,031416,74,8,2,2,0,2,12.2,2,1,L1757,70,,PC,,,,,,.,2ND.<05BR,1,1,..,OR,J,2,,0,0,0,1,1,1.0,79,2016-03-14,0.011,30,118,H,,
2016833302,16LA00157,16,Z1482,83,,12,Z1765,83,3.0,3,97,97,1,,N,,031416,74,8,3,1,0,3,11.0,6,1,Z3302,83,,97,,,,,,.,1ST,1,1,..,BLD,J,1,,1,1,2,1,1,1.0,85,2016-03-14,0.015,39,118,H,,
2016833303,16LA00158,16,Z1482,83,,12,Z1765,83,3.0,3,97,97,1,,N,,031416,74,8,3,2,R,2,10.6,6,1,Z3303,83,,97,,,,,,.,2ND,1,1,..,BLD,J,2,,0,0,0,1,1,1.0,106,2016-03-14,0.015,37,118,H,,
2016833304,16LA00159,16,Z1036,83,,11,Z1583,83,4.0,4,97,97,1,0,N,,031416,74,5,3,2,0,2,16.6,6,1,Z3304,83,,97,,,,,,.,NICE LAMB,1,1,..,BLD,J,1,,1,1,1,1,1,1.0,127,2016-03-14,0.01,59,118,H,,
2016059294,16LA00160,16,H7506,05,,31,H8485,05,4.0,4,30,30,1,7,N,,031416,74,8,3,1,0,2,11.7,1,1,H9294,05,,30,,,,,,.,1ST,1,1,..,BLD,J,1,,1,1,2,1,1,1.0,101,2016-03-14,0.016,43,118,1,,
2016059295,16LA00161,16,H7506,05,,31,H8485,05,4.0,4,30,30,1,7,N,,031416,74,8,3,2,2,2,8.7,1,1,H9295,05,,30,,,,,,.,2ND,5,1,..,BLD,J,2,,0,0,0,1,1,1.0,80,2016-03-14,0.016,31,118,1,,
2016833305,16LA00162,16,Z2472,83,,13,Z3202,00,2.0,2,97,97,1,0,N,,031416,74,8,2,2,0,2,11.0,6,1,Z3305,83,,97,,,,,,.,1ST,1,1,..,BLD,J,1,,1,1,2,1,1,1.0,75,2016-03-14,0.0,34,118,H,,
2016833306,16LA00163,16,Z2472,83,,13,Z3202,00,2.0,2,97,97,1,0,N,,031416,74,8,2,2,0,2,9.9,6,1,Z3306,83,,97,,,,,,.,2ND,1,1,..,BLD,J,2,,0,0,0,1,1,1.0,56,2016-03-14,0.0,35,118,H,,
2016701758,16LA00164,16,L0029,70,,5,L1441,70,7.0,7,PC,PC,1,,N,,031416,74,5,3,1,R,2,7.8,5,1,L1758,70,,PC,,,,,,RUPTURE?,.,1,1,..,OR,J,1,,1,1,1,1,1,1.0,74,2016-03-14,0.005,36,118,H,,
2016833307,16LA00165,16,Z1730,83,,12,Z1765,83,3.0,3,97,97,1,0,N,,031416,74,5,3,2,0,2,14.9,6,1,Z3307,83,,97,,,,,,.,NICE LAMB,1,1,..,BLD,J,1,,1,1,1,1,1,1.0,94,2016-03-14,0.016,48,118,H,,
2016833308,16LA00166,16,Z1701,83,,BL,K4942,64,3.0,3,BL,06,1,0,Y,,031416,74,8,2,2,0,2,11.1,1,1,Z3308,83,,00,,,,,,.,.,1,1,..,,J,1,,1,1,2,1,1,1.0,82,2016-03-14,0.0,35,118,1,,
2016833309,16LA00167,16,Z1701,83,,BL,K4942,64,3.0,3,BL,06,1,0,Y,,031416,74,8,2,3,0,4,12.1,1,1,Z3309,83,,00,,,,,,.,.,1,1,..,,J,2,,0,0,0,1,1,1.0,86,2016-03-14,0.0,42,118,1,,
2016833310,16LA00168,16,X8564,82,,13,Z3202,00,6.0,6,97,97,1,0,N,,031416,74,8,3,2,0,3,11.5,6,2,Z3310,83,,97,,,,,,.,1ST,1,1,..,BLD,J,1,,1,1,2,1,1,1.0,90,2016-03-14,0.0,34,118,H,,
2016833311,16LA00169,16,X8564,82,,13,Z3202,00,6.0,6,97,97,1,0,N,,031416,74,8,3,1,0,3,10.9,6,1,Z3311,83,,97,,,,,,.,2ND,3,2,..,BLD,J,2,,0,0,0,1,1,1.0,86,2016-03-14,0.0,37,118,H,,
2016833312,16LA00170,16,Z0340,83,,16,Z3208,00,5.0,5,CM,97,1,0,N,,031416,74,8,2,1,0,2,14.1,5,1,Z3312,83,,SY,,,,,,RUPTURE.WARTS,1ST,1,1,..,OR,J,1,,1,1,2,1,1,1.0,97,2016-03-14,0.0,40,118,H,,
2016833313,16LA00171,16,Z0340,83,,16,Z3208,00,5.0,5,CM,97,1,0,N,,031416,74,8,2,2,0,2,10.2,1,1,Z3313,83,,SY,,,,,,.,2ND,3,3,..,OR,J,2,,0,0,0,1,1,1.0,96,2016-03-14,0.0,21,118,H,,
2016833314,16LA00172,16,S0013,12,,4,L1368,70,2.0,2,07,PC,1,0,Y,,031416,74,8,2,2,0,2,10.3,5,1,Z3314,83,,LR,,,,,,.,1ST,1,1,..,BLD,J,1,,1,1,2,1,1,1.0,65,2016-03-14,0.0,30,118,1,,
2016833315,16LA00173,16,S0013,12,,4,L1368,70,2.0,2,07,PC,1,0,Y,,031416,74,8,2,2,0,2,11.5,5,1,Z3315,83,,LR,,,,,,.,2ND,1,1,..,BLD,J,2,,0,0,0,1,1,1.0,81,2016-03-14,0.0,33,118,1,,
2016833316,16LA00174,16,H6900,05,,5,L1441,70,5.0,5,30,PC,1,0,Y,,031416,74,9,3,3,0,2,9.3,2,1,Z3316,83,,LP,,,,,,.,1ST.SCRS,1,1,..,BLD,J,1,,1,1,3,1,1,1.0,76,2016-03-14,0.0,20,118,1,,
2016833317,16LA00175,16,H6900,05,,5,L1441,70,5.0,5,30,PC,1,0,Y,,031416,74,9,3,2,0,2,9.6,1,1,Z3317,83,,LP,,,,,,.,2ND,1,1,..,BLD,J,2,,0,0,0,1,1,1.0,75,2016-03-14,0.0,20,118,1,,
2016833318,16LA00176,16,H6900,05,,5,L1441,70,5.0,5,30,PC,1,0,Y,,031416,74,9,3,3,0,2,10.2,1,1,Z3318,83,,LP,3,74,93,,8,.,3RD,1,1,..,BLD,J,3,,0,0,0,1,0,0.0,0,2016-03-14,0.0,,,,,
2016833319,16LA00177,16,R8193,11,,1,L1151,70,6.0,6,07,PC,1,0,Y,,031416,74,8,3,3,0,2,13.5,5,1,Z3319,83,,LR,,,,,,.,1ST,1,1,..,BLD,J,1,,1,1,2,1,1,1.0,86,2016-03-14,0.0,33,118,1,,
2016833320,16LA00178,16,R8193,11,,1,L1151,70,6.0,6,07,PC,1,0,Y,,031416,74,8,3,2,0,2,11.8,1,1,Z3320,83,,LR,,,,,,.,2ND,1,1,..,BLD,J,2,,0,0,0,1,1,1.0,80,2016-03-14,0.0,33,118,1,,
2016701759,16LA00179,16,L0624,70,,2,L1339,70,4.0,4,PC,PC,1,0,N,,031416,74,8,3,1,0,2,14.8,5,1,L1759,70,,PC,,,,,,.,1ST,1,1,..,,J,1,,1,1,2,1,1,1.0,107,2016-03-14,0.015,32,118,H,,
2016701760,16LA00180,16,L0624,70,,2,L1339,70,4.0,4,PC,PC,1,0,N,,031416,74,8,3,2,0,4,14.1,5,1,L1760,70,,PC,,,,,,.,2ND,1,1,..,,J,2,,0,0,0,1,1,1.0,84,2016-03-14,0.015,39,118,H,,
2016833321,16LA00181,16,H8256,05,,21,Z3204,00,3.0,3,30,SM,1,0,Y,,031416,74,8,2,2,0,2,10.8,2,1,Z3321,83,,XP,3,75,93,,,RR LAME,1ST,1,1,..,,J,1,,1,1,2,1,0,0.0,0,2016-03-14,0.0,,,,,
2016833322,16LA00182,16,H8256,05,,21,Z3204,00,3.0,3,30,SM,1,0,Y,,031416,74,8,2,2,0,2,9.0,1,1,Z3322,83,,XP,3,75,93,,,.,2ND,1,1,..,,J,2,,0,0,0,1,0,0.0,0,2016-03-14,0.0,,,,,
2016701761,16LA00183,16,L1080,70,,8,L1614,70,3.0,3,PC,PC,1,0,N,,031416,74,8,2,1,0,4,13.7,5,1,L1761,70,,PC,,,,,,.,1ST.20BRN,1,1,..,OR,J,1,,1,1,2,1,1,1.0,91,2016-03-14,0.014,42,118,H,,
2016701762,16LA00184,16,L1080,70,,8,L1614,70,3.0,3,PC,PC,1,0,N,,031416,74,8,2,2,0,4,11.4,2,1,L1762,70,,PC,,,,,,.,2ND.05BRN,1,1,..,OR,J,2,,0,0,0,1,1,1.0,85,2016-03-14,0.014,32,118,H,,
2016120752,16LA00185,16,R7810,11,,39,S0740,00,7.0,7,07,41,1,,N,,031416,74,5,3,3,0,2,12.6,1,1,S0752,12,,42,,,,,,.,PINK.HAIRY,1,1,..,BLD,J,1,,1,1,1,1,1,1.0,91,2016-03-14,0.0,44,118,1,,
2016059296,16LA00186,16,H8747,05,,29,H7479,05,2.0,2,30,30,1,,N,,031416,74,9,3,2,0,2,9.3,1,1,H9296,05,,30,,,,,,.,1ST,1,1,..,,J,1,,1,1,3,1,1,1.0,78,2016-03-14,0.033,35,118,1,,
2016059297,16LA00187,16,H8747,05,,29,H7479,05,2.0,2,30,30,1,,N,,031416,74,9,3,2,0,2,7.6,2,1,H9297,05,,30,6,75,46,,,.,2ND.L/D,1,1,..,,J,2,,0,0,0,1,0,0.0,0,2016-03-14,0.033,,,,,
2016059298,16LA00188,16,H8747,05,,29,H7479,05,2.0,2,30,30,1,,N,,031416,74,9,3,3,0,2,10.2,1,1,H9298,05,,30,,,,,,.,3RD.PINK.UGLY,1,1,..,,J,3,,0,0,0,1,1,1.0,76,2016-03-14,0.033,34,118,1,,
2016059299,16LA00189,16,H7990,05,,30,H8376,05,3.0,3,30,30,1,0,N,,031416,74,8,4,2,0,2,14.5,1,1,H9299,05,,30,,,,,,RTITHUGE,1ST,1,1,..,,J,1,,1,1,2,1,1,1.0,92,2016-03-14,0.031,45,118,1,,
2016059300,16LA00190,16,H7990,05,,30,H8376,05,3.0,3,30,30,1,0,N,,031416,74,8,4,2,L,3,11.6,1,1,H9300,05,,30,,,,,,.,2ND,1,1,..,,J,2,,0,0,0,1,1,1.0,87,2016-03-14,0.031,45,118,1,,
2016833323,16LA00191,16,Z1008,83,,BR1,Z0000,83,4.0,4,S3,97,5,0,Y,,031416,74,5,3,3,0,4,17.7,5,1,Z3323,83,,00,,,,,,.,STUCK,7,1,..,GRN,J,1,,1,1,1,1,1,1.0,132,2016-03-14,0.0,61,118,H,,
2016120753,16LA00192,16,S0222,12,,52,S0742,00,2.0,2,07,07,1,0,N,,031416,74,8,3,1,0,4,11.1,1,1,S0753,12,,07,,,,,,.,1ST,1,1,..,,J,1,,1,1,2,1,1,1.0,64,2016-03-14,0.0,32,118,1,,
2016120754,16LA00193,16,S0222,12,,52,S0742,00,2.0,2,07,07,1,0,N,,031416,74,8,3,2,2,2,7.1,1,1,S0754,12,,07,3,75,93,,8,.,2ND.WEAK,1,1,..,,J,2,,0,0,0,1,0,0.0,0,2016-03-14,0.0,,,,,
2016701763,16LA00194,16,L1552,70,,5,L1441,70,2.0,2,PC,PC,1,0,N,,031416,74,5,3,1,0,2,14.4,5,1,L1763,70,,PC,,,,,,35BRN.NICE,35BRN.NICE,8,1,..,OR,J,1,,1,1,1,1,1,1.0,86,2016-03-14,0.032,43,118,H,,
2016833324,16LA00195,16,H7571,05,,24,Z3209,00,4.0,4,30,SM,1,0,Y,,031416,74,9,1,2,0,4,8.6,2,1,Z3324,83,,XP,3,75,93,,8,LSIDEBLIND,1ST,2,2,..,BLD,J,1,,1,1,3,1,0,0.0,0,2016-03-14,0.0,,,,,
2016833325,16LA00196,16,H7571,05,,24,Z3209,00,4.0,4,30,SM,1,0,Y,,031416,74,9,1,3,0,2,10.0,2,1,Z3325,83,,XP,3,75,93,H8965,-,.,2ND.BL.R.EYE,1,1,..,BLD,J,2,,0,0,0,1,0,0.0,0,2016-03-14,0.0,,,,,
2016833326,16LA00197,16,H7571,05,,24,Z3209,00,4.0,4,30,SM,1,0,Y,,031416,74,9,1,3,0,2,10.0,1,1,Z3326,83,,XP,3,75,93,,8,.,3RD,3,2,..,BLD,J,3,,0,0,0,1,0,0.0,0,2016-03-14,0.0,,,,,
2016833327,16LA00198,16,H5784,05,,1,L1151,70,6.0,6,30,PC,1,0,Y,,031416,74,9,2,2,0,2,7.4,2,1,Z3327,83,,LP,,,,,,SM.WARTS.OK,1ST,1,1,..,BLD,J,1,,1,1,3,1,1,1.0,84,2016-03-14,0.0,28,118,1,,
2016833328,16LA00199,16,H5784,05,,1,L1151,70,6.0,6,30,PC,1,0,Y,,031416,74,9,2,2,0,4,7.0,1,1,Z3328,83,,LP,3,75,93,,8,.,2ND,1,1,..,BLD,J,2,,0,0,0,1,0,0.0,0,2016-03-14,0.0,,,,,
2016833329,16LA00200,16,H5784,05,,1,L1151,70,6.0,6,30,PC,1,0,Y,,031416,74,9,2,3,0,2,11.4,2,1,Z3329,83,,LP,,,,,,.,3RD,1,1,..,BLD,J,3,,0,0,0,1,1,1.0,90,2016-03-14,0.0,40,118,1,,
2016059301,16LA00201,16,H6037,05,,29,H7479,05,6.0,6,30,30,1,0,N,,031416,74,5,3,1,0,3,11.9,1,1,H9301,05,,30,,,,,,.,NICE LAMB,1,1,..,BLD,J,1,,1,1,1,1,1,1.0,105,2016-03-14,0.046,48,118,1,,
2016120755,16LA00202,16,R8425,11,,46,S0209,12,6.0,6,07,07,1,0,N,,031416,74,5,3,2,0,2,11.1,1,1,S0755,12,,07,,,,,,.,.,2,2,..,BLD,J,1,,1,1,1,1,1,1.0,81,2016-03-14,0.035,42,118,1,,
D16LA00203,16LA00203,16,H8965,05,,e7,H8543,05,1.0,1,30,30,4,0,Y,.,031416,74,1,1,2,.,.,6.6,1,1,.,,,,1,74,44,Z3325,+,.,.,1,1,..,BLD,J,1,,1,1,1,0,0,0.0,0,2016-03-14,0.0,,,,,
2016701764,16LA00204,16,X7933,82,,10,Z1259,83,7.0,7,T3,SC,1,,N,,031416,74,8,2,2,0,4,12.4,2,1,L1764,70,,PC,,,,,,.,1ST<05BR,3,2,..,OR,J,1,,1,1,2,1,1,1.0,92,2016-03-14,0.009,33,118,H,,
2016701765,16LA00205,16,X7933,82,,10,Z1259,83,7.0,7,T3,SC,1,,N,,031416,74,8,2,2,L,4,12.4,2,1,L1765,70,,PC,,,,,,.,2ND.<05BL,3,2,..,OR,J,2,,0,0,0,1,1,1.0,1,2016-03-14,0.009,37,118,H,,
D16LA00206,16LA00206,16,R9677,11,,24,Z3209,00,3.0,3,07,SM,1,0,Y,,031416,74,4,1,2,.,.,13.1,1,1,.,,,,1,74,44,,,DYSTOCIA,1ST,8,5,..,,J,1,,1,1,2,0,0,0.0,0,2016-03-14,0.0,,,,,
D16LA00207,16LA00207,16,R9677,11,,24,Z3209,00,3.0,3,07,SM,1,0,Y,,031416,74,4,1,1,.,.,12.5,1,1,.,,,,1,74,44,,,LR LAME,2ND,4,5,..,,J,2,,0,0,0,0,0,0.0,0,2016-03-14,0.0,,,,,
2016833330,16LA00208,16,T5435,45,,53,S0743,00,2.0,2,02,07,1,0,N,,031416,74,8,1,1,0,3,11.1,1,1,Z3330,83,,08,,,,,,SM.BAG,1ST,1,1,..,,J,1,,1,1,2,1,1,1.0,91,2016-03-14,0.0,41,118,1,,
2016833331,16LA00209,16,T5435,45,,53,S0743,00,2.0,2,02,07,1,0,N,,031416,74,8,1,2,0,2,9.5,1,1,Z3331,83,,08,3,75,93,,8,.,2ND,1,1,..,,J,2,,0,0,0,1,0,0.0,0,2016-03-14,0.0,,,,,
2016059302,16LA00210,16,H7991,05,,31,H8485,05,3.0,3,30,30,1,0,N,,031416,74,9,2,3,0,2,9.3,1,1,H9302,05,,30,3,75,93,,8,.,1ST,2,3,..,,J,1,,1,1,3,1,0,0.0,0,2016-03-14,0.024,,,,,
2016059303,16LA00211,16,H7991,05,,31,H8485,05,3.0,3,30,30,1,0,N,,031416,74,9,2,1,0,2,12.2,1,1,H9303,05,,30,,,,,,.,2ND,2,3,..,,J,2,,0,0,0,1,1,1.0,90,2016-03-14,0.024,35,118,1,,
2016059304,16LA00212,16,H7991,05,,31,H8485,05,3.0,3,30,30,1,0,N,,031416,74,9,2,2,0,4,10.8,1,1,H9304,05,,30,,,,,,.,3RD,2,3,..,,J,3,,0,0,0,1,1,1.0,80,2016-03-14,0.024,34,118,1,,
2016701766,16LA00213,16,L1544,70,,3,L0762,70,2.0,2,PC,PC,1,0,N,,031416,74,8,2,2,L,3,14.5,5,1,L1766,70,,PC,6,80,83,,,.,1STPeritonitis,1,1,..,OR,J,1,,1,1,2,1,0,0.0,0,2016-03-14,0.008,,,,,
2016701767,16LA00214,16,L1544,70,,3,L0762,70,2.0,2,PC,PC,1,0,N,,031416,74,8,2,2,0,2,9.5,2,1,L1767,70,,PC,6,83,83,,,.,2NDSepticemia,1,1,..,OR,J,2,,0,0,0,1,0,0.0,0,2016-03-14,0.008,,,,,
2016833332,16LA00215,16,Z1597,83,,20,Z3215,00,3.0,3,CM,97,1,0,N,,031416,74,5,3,1,0,4,16.8,5,1,Z3332,83,,SY,,,,,,.,NICE LAMB,1,1,..,OR,J,1,,1,1,1,1,1,1.0,128,2016-03-14,0.0,58,118,H,,
2016833333,16LA00216,16,X9984,82,,BR1,Z0000,83,5.0,5,S3,97,5,0,Y,,031416,74,5,3,2,0,2,13.7,5,1,Z3333,83,,00,,,,,,THIN,.,1,1,..,GRN,J,1,,1,1,1,1,1,1.0,122,2016-03-14,0.0,55,118,H,,
2016833334,16LA00217,16,T3640,45,,5,L1441,70,5.0,5,02,PC,1,7,Y,,031416,74,8,3,3,0,2,13.9,1,1,Z3334,83,,LT,,,,,,.,1ST.,1,1,..,,J,1,,1,1,2,1,1,1.0,73,2016-03-14,0.0,34,118,1,,
2016833335,16LA00218,16,T3640,45,,5,L1441,70,5.0,5,02,PC,1,7,Y,,031416,74,8,3,2,0,2,12.5,2,1,Z3335,83,,LT,,,,,,.,2ND,1,1,..,,J,2,,0,0,0,1,1,1.0,88,2016-03-14,0.0,32,118,1,,
2016120756,16LA00219,16,R9717,11,,44,S0052,12,3.0,3,07,07,1,0,N,,031416,74,5,4,2,0,2,11.3,1,1,S0756,12,,07,,,,,,CHUNKSLSIDE,.,1,1,..,,J,1,,1,1,1,1,1,1.0,93,2016-03-14,0.038,43,118,1,,
2016833336,16LA00220,16,T3756,45,,21,Z3204,00,5.0,5,02,SM,1,7,Y,,031416,74,8,1,3,0,4,10.9,2,1,Z3336,83,,XT,3,75,93,,8,LSIDEBLANK,1ST,1,1,..,,J,1,,1,1,2,1,0,0.0,0,2016-03-14,0.0,,,,,
2016833337,16LA00221,16,T3756,45,,21,Z3204,00,5.0,5,02,SM,1,7,Y,,031416,74,8,1,2,0,2,10.5,1,1,Z3337,83,,XT,3,75,93,,8,.,2ND,1,1,..,,J,2,,0,0,0,1,0,0.0,0,2016-03-14,0.0,,,,,
2016120757,16LA00222,16,R9164,11,,53,S0743,00,4.0,4,07,07,1,0,N,,031416,74,9,2,2,0,2,10.4,1,1,S0757,12,,07,,,,,,.,1ST,1,1,..,BLD,J,1,,1,1,3,1,1,1.0,80,2016-03-14,0.0,34,118,1,,
2016120758,16LA00223,16,R9164,11,,53,S0743,00,4.0,4,07,07,1,0,N,,031416,74,9,2,3,0,2,9.5,1,1,S0758,12,,07,3,75,93,,8,.,2ND.HAIRY,1,1,..,BLD,J,2,,0,0,0,1,0,0.0,0,2016-03-14,0.0,,,,,
2016120759,16LA00224,16,R9164,11,,53,S0743,00,4.0,4,07,07,1,0,N,,031416,74,9,2,2,0,2,10.2,1,1,S0759,12,,07,,,,,,.,3RD.L.HIP.DISLC,1,1,..,BLD,J,3,,0,0,0,1,1,1.0,75,2016-03-14,0.0,31,118,1,,
2016833338,16LA00225,16,H8154,05,,8,L1614,70,3.0,3,30,PC,1,0,Y,,031416,74,8,3,3,0,4,13.6,2,1,Z3338,83,,LP,,,,,,.,1ST,1,1,..,,J,1,,1,1,2,1,1,1.0,96,2016-03-14,0.0,34,118,1,,
2016833339,16LA00226,16,H8154,05,,8,L1614,70,3.0,3,30,PC,1,0,Y,,031416,74,8,3,2,0,4,12.0,5,1,Z3339,83,,LP,,,,,,.,2ND,1,1,..,,J,2,,0,0,0,1,1,1.0,87,2016-03-14,0.0,41,118,1,,
D16LA00227,16LA00227,16,Z1638,83,,13,Z3202,00,3.0,3,97,97,1,0,N,,031516,75,7,3,2,.,.,13.3,6,1,.,,,,1,75,44,,,.,1ST,1,1,..,BLD,J,1,,1,1,2,0,0,0.0,0,2016-03-15,0.0,,,,,
2016833340,16LA00228,16,Z1638,83,,13,Z3202,00,3.0,3,97,97,1,0,N,,031516,75,7,3,2,0,2,13.7,6,1,Z3340,83,,97,,,,,,.,2ND,1,1,..,BLD,J,2,,0,0,0,1,1,1.0,120,2016-03-15,0.0,59,118,H,,
2016701768,16LA00229,16,L0920,70,,7,L1564,70,4.0,4,PC,PC,1,0,N,,031516,75,8,3,1,2,2,13.8,5,1,L1768,70,,PC,,,,,,.,1ST.90BL/BR,1,1,..,OR,J,1,,1,1,2,1,1,1.0,102,2016-03-15,0.025,43,118,H,,
2016701769,16LA00230,16,L0920,70,,7,L1564,70,4.0,4,PC,PC,1,0,N,,031516,75,8,3,1,0,2,10.7,5,1,L1769,70,,PC,,,,,,.,2ND.60BR/GR,1,1,..,OR,J,2,,0,0,0,1,1,1.0,104,2016-03-15,0.025,40,118,H,,
2016120760,16LA00231,16,S0169,12,,45,S0123,12,2.0,2,07,07,1,0,N,,031516,75,5,3,2,0,2,11.9,1,1,S0760,12,,07,,,,,,.,.,1,1,..,,J,1,,1,1,1,1,1,1.0,89,2016-03-15,0.055,44,118,1,,
2016833341,16LA00232,16,T5626,45,,1,L1151,70,2.0,2,02,PC,1,,Y,,031516,75,8,3,2,0,2,9.5,1,1,Z3341,83,,LT,6,150,01,,,.,1ST,1,1,..,,J,1,,1,1,2,1,0,,,2016-03-15,0.0,33,118,1,,
2016833342,16LA00233,16,T5626,45,,1,L1151,70,2.0,2,02,PC,1,,Y,,031516,75,8,3,2,0,2,11.2,2,1,Z3342,83,,LT,,,,,,.,2ND,1,1,..,,J,2,,0,0,0,1,1,1.0,86,2016-03-15,0.0,32,118,1,,
2016120761,16LA00234,16,S0217,12,,45,S0123,12,2.0,2,07,07,1,0,N,,031516,75,5,3,2,0,2,12.8,1,1,S0761,12,,07,,,,,,.,.,1,1,..,,J,1,,1,1,1,1,1,1.0,89,2016-03-15,0.06,41,118,1,,
2016833343,16LA00235,16,T5407,45,,43,R9922,11,2.0,2,02,07,1,7,N,,031516,75,5,3,2,0,2,11.5,1,1,Z3343,83,,08,,,,,,.,.,1,1,..,,J,1,,1,1,1,1,1,1.0,98,2016-03-15,0.0,46,118,1,,
2016833344,16LA00236,16,T4758,45,,27,Z3216,00,3.0,3,02,SM,1,,Y,,031516,75,5,3,2,0,2,13.4,1,1,Z3344,83,,XT,,,,,,.,NICE LAMB,1,1,..,,J,1,,1,1,1,1,1,1.0,104,2016-03-15,0.0,51,118,1,,
2016833345,16LA00237,16,T3142,45,,17,Z3210,00,6.0,6,02,97,1,0,Y,,031516,75,8,3,3,L,2,12.5,5,1,Z3345,83,,20,6,88,83,,,RFTOEABSCESS,1ST,1,1,..,,J,1,,1,1,2,1,0,0.0,0,2016-03-15,0.0,,,,,
2016833346,16LA00238,16,T3142,45,,17,Z3210,00,6.0,6,02,97,1,0,Y,,031516,75,8,3,2,0,2,11.6,5,1,Z3346,83,,20,,,,,,.,2ND,1,1,..,,J,2,,0,0,0,1,1,1.0,103,2016-03-15,0.0,47,118,H,,
2016833347,16LA00239,16,H5998,05,,24,Z3209,00,6.0,6,30,SM,1,0,Y,,031516,75,9,3,3,0,4,9.8,2,1,Z3347,83,,XP,3,75,93,,8,.,1ST,1,1,..,BLD,J,1,,1,1,3,1,0,0.0,0,2016-03-15,0.0,,,,,
2016833348,16LA00240,16,H5998,05,,24,Z3209,00,6.0,6,30,SM,1,0,Y,,031516,75,9,3,3,0,4,12.4,2,1,Z3348,83,,XP,,,,,,.,2ND,3,3,..,BLD,J,2,,0,0,0,1,1,1.0,107,2016-03-15,0.0,52,118,1,,
2016833349,16LA00241,16,H5998,05,,24,Z3209,00,6.0,6,30,SM,1,0,Y,,031516,75,9,3,2,0,2,9.3,1,1,Z3349,83,,XP,6,90,19,,,.,3RD,3,3,..,BLD,J,3,,0,0,0,1,0,0.0,0,2016-03-15,0.0,,,,,
2016833350,16LA00242,16,R9037,11,,15,Z2306,83,5.0,5,07,97,1,0,Y,,031516,75,8,2,2,0,2,15.3,5,1,Z3350,83,,10,6,103,85,,,SRSMORE,1ST.clostridial,1,1,..,BLD,J,1,,1,1,2,1,0,0.0,0,2016-03-15,0.0,,,,,
2016833351,16LA00243,16,R9037,11,,15,Z2306,83,5.0,5,07,97,1,0,Y,,031516,75,8,2,2,0,2,13.3,5,1,Z3351,83,,10,,,,,,.,2ND,1,1,..,BLD,J,2,,0,0,0,1,1,1.0,104,2016-03-15,0.0,42,118,1,,
2016833352,16LA00244,16,Z0665,83,,BR1,Z0000,83,5.0,5,33,97,5,7,Y,,031516,75,9,2,3,0,2,10.5,5,1,Z3352,83,,83,3,75,93,,8,.,1ST,2,2,..,GRN,J,1,,1,1,3,1,0,0.0,0,2016-03-15,0.0,,,,,
2016833353,16LA00245,16,Z0665,83,,BR1,Z0000,83,5.0,5,33,97,5,7,Y,,031516,75,9,2,2,0,2,10.6,5,1,Z3353,83,,83,,,,,,.,2ND,2,2,..,GRN,J,2,,0,0,0,1,1,1.0,93,2016-03-15,0.0,33,118,H,,
2016833354,16LA00246,16,Z0665,83,,BR1,Z0000,83,5.0,5,33,97,5,7,Y,,031516,75,9,2,2,0,2,10.8,5,1,Z3354,83,,83,,,,,,.,3RD,2,2,..,GRN,J,3,,0,0,0,1,1,1.0,96,2016-03-15,0.0,34,118,H,,
2016833355,16LA00247,16,Z0880,83,,11,Z1583,83,4.0,4,97,97,1,0,N,,031516,75,5,3,1,0,2,15.0,6,1,Z3355,83,,97,,,,,,.,.,1,1,..,BLD,J,1,,1,1,1,1,1,1.0,119,2016-03-15,0.041,55,118,H,,
2016701770,16LA00248,16,L0602,70,,7,L1564,70,4.0,4,PC,PC,1,0,N,,031516,75,8,3,2,0,3,15.3,5,1,L1770,70,,PC,,,,,,.,1ST25BLK,1,1,..,OR,J,1,,1,1,2,1,1,1.0,69,2016-03-15,0.022,32,118,H,,
2016701771,16LA00249,16,L0602,70,,7,L1564,70,4.0,4,PC,PC,1,0,N,,031516,75,8,3,2,0,4,12.4,5,1,L1771,70,,PC,,,,,,.,2ND.50BL,1,1,..,OR,J,2,,0,0,0,1,1,1.0,66,2016-03-15,0.022,34,118,H,,
2016833356,16LA00250,16,T4682,45,,BL,K4942,64,3.0,3,02,06,1,7,Y,,031516,75,5,2,3,R,2,18.0,1,1,Z3356,83,,00,,,,,,.,.,8,2,..,,J,1,,1,1,1,1,1,1.0,113,2016-03-15,0.0,53,118,1,,
2016833357,16LA00251,16,T4561,45,,36,S0737,00,4.0,4,02,07,1,0,N,,031516,75,8,3,1,0,2,12.0,1,1,Z3357,83,,08,3,91,93,,,MASTITIS RSD,1ST.HAIRY,1,1,..,BLD,J,1,,1,1,2,1,0,,,2016-03-15,0.0,,,,,
2016833358,16LA00252,16,T4561,45,,36,S0737,00,4.0,4,02,07,1,0,N,,031516,75,8,3,1,0,4,11.5,1,1,Z3358,83,,08,3,91,93,,,.,2ND,1,1,..,BLD,J,2,,0,0,0,1,0,,,2016-03-15,0.0,,,,,
2016120762,16LA00253,16,S0200,12,,44,S0052,12,2.0,2,07,07,1,0,N,,031516,75,5,3,1,0,2,12.0,1,1,S0762,12,,07,,,,,,.,.,8,2,..,,J,1,,1,1,1,1,1,1.0,91,2016-03-15,0.052,40,118,1,,
2016833359,16LA00254,16,H6925,05,,6,L1549,70,5.0,5,30,PC,1,0,Y,,031516,75,8,4,3,0,2,13.6,2,1,Z3359,83,,LP,3,91,93,,,.,1STLegDefect,3,2,..,BLD,J,1,,1,1,2,1,0,0.0,0,2016-03-15,0.0,,,,,
2016833360,16LA00255,16,H6925,05,,6,L1549,70,5.0,5,30,PC,1,0,Y,,031516,75,8,4,3,0,2,9.1,2,1,Z3360,83,,LP,,,,,,.,2ND,1,1,..,BLD,J,2,,0,0,0,1,1,1.0,102,2016-03-15,0.0,47,118,H,,
2016701772,16LA00256,16,L1546,70,,4,L1368,70,2.0,2,PC,PC,1,0,N,,031516,75,8,2,1,0,3,12.5,5,1,L1772,70,,PC,,,,,,.,1ST.50BR,1,1,..,OR,J,1,,1,1,2,1,1,1.0,92,2016-03-15,0.024,33,118,H,,
2016701773,16LA00257,16,L1546,70,,4,L1368,70,2.0,2,PC,PC,1,0,N,,031516,75,8,2,1,0,2,12.1,2,1,L1773,70,,PC,,,,,,.,2ND.05BL,1,1,..,OR,J,2,,0,0,0,1,1,1.0,71,2016-03-15,0.024,23,118,H,,
2016833361,16LA00258,16,H8057,05,,BL,K4942,64,3.0,3,30,06,1,,Y,,031516,75,8,3,2,0,2,10.0,1,1,Z3361,83,,00,,,,,,.,1ST,1,1,..,,J,1,,1,1,2,1,1,1.0,60,2016-03-15,0.0,25,118,1,,
2016833362,16LA00259,16,H8057,05,,BL,K4942,64,3.0,3,30,06,1,,Y,,031516,75,8,3,3,0,2,11.6,1,1,Z3362,83,,00,,,,,,.,2ND.SCRS,3,2,..,,J,2,,0,0,0,1,1,1.0,52,2016-03-15,0.0,26,118,1,,
2016833363,16LA00260,16,T5332,45,,22,Z3205,00,2.0,2,02,SM,1,,Y,,031516,75,5,3,2,R,2,10.7,1,1,Z3363,83,,XT,,,,,,.,.,1,1,..,,J,1,,1,1,1,1,1,1.0,84,2016-03-15,0.0,42,118,1,,
2016833364,16LA00261,16,X8839,82,,15,Z2306,83,6.0,6,97,97,1,0,N,,031516,75,8,2,1,0,2,14.6,6,1,Z3364,83,,97,,,,,,.,1ST,1,1,..,BLD,J,1,,1,1,2,1,1,1.0,107,2016-03-15,0.034,40,118,H,,
2016833365,16LA00262,16,X8839,82,,15,Z2306,83,6.0,6,97,97,1,0,N,,031516,75,8,2,1,L,2,14.3,6,1,Z3365,83,,97,,,,,,.,2ND,1,1,..,BLD,J,2,,0,0,0,1,1,1.0,106,2016-03-15,0.034,44,118,H,,
2016701774,16LA00263,16,L1623,70,,1,L1151,70,2.0,2,PC,PC,1,0,N,,031516,75,5,3,2,0,2,9.9,5,1,L1774,70,,PC,,,,,,.,10BR/GR,1,1,..,OR,J,1,,1,1,1,1,1,1.0,94,2016-03-15,0.01,40,118,H,,
2016701775,16LA00264,16,L1604,70,,8,L1614,70,2.0,2,PC,PC,1,0,N,,031516,75,8,3,2,L,4,10.5,5,1,L1775,70,,PC,6,102,01,,,.,25BR,1,1,..,OR,J,1,,1,1,2,1,0,,,2016-03-15,0.083,,,,,
2016701776,16LA00265,16,L1604,70,,8,L1614,70,2.0,2,PC,PC,1,0,N,,031516,75,8,3,2,L,4,10.8,5,1,L1776,70,,PC,,,,,,.,40BR,1,1,..,OR,J,2,,0,0,0,1,1,1.0,97,2016-03-15,0.083,33,118,H,,
2016120763,16LA00266,16,R9733,11,,34,S0732,00,3.0,3,07,07,1,0,N,,031516,75,5,3,2,0,2,13.4,1,1,S0763,12,,07,,,,,,.,.,1,1,..,,J,1,,1,1,1,1,1,1.0,91,2016-03-15,0.0,43,118,1,,
2016059305,16LA00267,16,H8054,05,,32,H8507,05,3.0,3,30,30,1,0,N,,031516,75,9,2,3,0,2,11.0,1,1,H9305,05,,30,,,,,,.,1ST H,1,1,..,,J,1,,1,1,3,1,1,1.0,95,2016-03-15,0.028,42,118,1,,
2016059306,16LA00268,16,H8054,05,,32,H8507,05,3.0,3,30,30,1,0,N,,031516,75,9,2,2,0,4,11.1,1,1,H9306,05,,30,,,,,,.,VH P  2ND,1,1,..,,J,2,,0,0,0,1,1,1.0,80,2016-03-15,0.028,41,118,1,,
2016059307,16LA00269,16,H8054,05,,32,H8507,05,3.0,3,30,30,1,0,N,,031516,75,9,2,2,0,4,6.8,1,1,H9307,05,,30,3,76,93,,8,.,P   3RD,1,1,..,,J,3,,0,0,0,1,0,0.0,0,2016-03-15,0.028,,,,,
2016120764,16LA00270,16,R8071,11,,45,S0123,12,6.0,6,07,07,1,0,N,,031516,75,5,3,2,0,2,12.1,1,1,S0764,12,,07,,,,,,LITTLE CHUNKY,1ST.INC RR,3,2,..,BLD,J,1,,1,1,1,1,1,1.0,71,2016-03-15,0.066,32,118,1,,
2016833366,16LA00271,16,R9751,11,,21,Z3204,00,3.0,3,07,SM,1,,Y,,031516,75,8,0,3,0,2,11.6,1,1,Z3366,83,,XR,3,76,93,,8,RUPTURE,1ST H,1,1,..,,J,1,,1,1,2,1,0,0.0,0,2016-03-15,0.0,,,,,
2016833367,16LA00272,16,R9751,11,,21,Z3204,00,3.0,3,07,SM,1,,Y,,031516,75,8,0,3,0,2,12.2,1,1,Z3367,83,,XR,3,76,93,,8,.,2ND LAME LBL,3,4,..,,J,2,,0,0,0,1,0,0.0,0,2016-03-15,0.0,,,,,
2016120765,16LA00273,16,R9744,11,,52,S0742,00,3.0,3,07,07,1,,N,,031516,75,8,2,2,0,2,12.0,1,1,S0765,12,,07,,,,,,MILK CHUNK OK,1ST,1,1,..,,J,1,,1,1,2,1,1,1.0,76,2016-03-15,0.0,40,118,1,,
2016120766,16LA00274,16,R9744,11,,52,S0742,00,3.0,3,07,07,1,,N,,031516,75,8,2,1,0,2,12.8,1,1,S0766,12,,07,,,,,,.,2ND,1,1,..,,J,2,,0,0,0,1,1,1.0,83,2016-03-15,0.0,37,118,1,,
2016120767,16LA00275,16,R9168,11,,36,S0737,00,4.0,4,07,07,1,0,N,,031516,75,8,1,2,0,2,10.9,1,1,S0767,12,,07,3,76,93,,8,.,1ST H,1,1,..,BLD,J,1,,1,1,2,1,0,,,2016-03-15,0.0,,,,,
2016120768,16LA00276,16,R9168,11,,36,S0737,00,4.0,4,07,07,1,0,N,,031516,75,8,1,1,0,2,10.6,1,1,S0768,12,,07,,,,,,.,2ND,1,1,..,BLD,J,2,,0,0,0,1,1,1.0,94,2016-03-15,0.0,40,118,1,,
2016120769,16LA00277,16,S0111,12,,49,S0733,00,2.0,2,07,07,1,0,N,,031516,75,5,2,2,0,2,11.4,1,1,S0769,12,,07,,,,,,.,1ST H.P.,1,1,..,,J,1,,1,1,1,1,1,1.0,83,2016-03-15,0.0,40,118,1,,
2016120770,16LA00278,16,S0034,12,,43,R9922,11,2.0,2,07,07,1,,N,,031516,75,5,2,2,0,4,10.2,2,1,S0770,12,,07,,,,,,.,.,1,1,..,,J,1,,1,1,1,1,1,1.0,83,2016-03-15,0.032,36,118,1,,
2016833368,16LA00279,16,Z1079,83,,13,Z3202,00,4.0,4,97,97,1,0,N,,031516,75,8,3,1,0,2,13.8,6,1,Z3368,83,,97,,,,,,SUCK 1 SIDE,1ST,1,1,..,BLD,J,1,,1,1,2,1,1,1.0,109,2016-03-15,0.0,45,118,H,,
2016833369,16LA00280,16,Z1079,83,,13,Z3202,00,4.0,4,97,97,1,0,N,,031516,75,8,3,1,0,2,11.0,6,1,Z3369,83,,97,,,,,,.,2ND,1,1,..,BLD,J,2,,0,0,0,1,1,1.0,93,2016-03-15,0.0,35,118,H,,
2016120771,16LA00281,16,R7487,11,,43,R9922,11,7.0,7,07,07,1,,N,,031516,75,8,2,2,0,2,10.9,1,1,S0771,12,,07,,,,,,L.S.CHUNKY,1ST,1,1,..,BLD,J,1,,1,1,2,1,1,1.0,78,2016-03-15,0.032,36,118,1,,
2016120772,16LA00282,16,R7487,11,,43,R9922,11,7.0,7,07,07,1,,N,,031516,75,8,2,3,0,3,11.9,1,1,S0772,12,,07,,,,,,.,2ND.H.P.,1,1,..,BLD,J,2,,0,0,0,1,1,1.0,81,2016-03-15,0.032,35,118,1,,
2016059308,16LA00283,16,H8452,05,,33,H8787,05,3.0,3,30,30,1,7,N,,031516,75,9,3,2,0,4,7.5,1,1,H9308,05,,30,3,76,93,,8,.,1ST.H.P.,1,1,..,,J,1,,1,1,3,1,0,0.0,0,2016-03-15,0.033,,,,,
2016059309,16LA00284,16,H8452,05,,33,H8787,05,3.0,3,30,30,1,7,N,,031516,75,9,3,1,0,2,10.9,1,1,H9309,05,,30,,,,,,.,2ND,1,1,..,,J,2,,0,0,0,1,1,1.0,93,2016-03-15,0.033,37,118,1,,
2016059310,16LA00285,16,H8452,05,,33,H8787,05,3.0,3,30,30,1,7,N,,031516,75,9,3,2,0,2,7.9,1,1,H9310,05,,30,,,,,,.,3RD.P,1,1,..,,J,3,,0,0,0,1,1,1.0,72,2016-03-15,0.033,26,118,1,,
2016059311,16LA00286,16,H7986,05,,29,H7479,05,3.0,3,30,30,1,7,N,,031516,75,8,2,1,0,3,13.2,1,1,H9311,05,,30,,,,,,.,1ST.P,1,1,..,,J,1,,1,1,2,1,1,1.0,87,2016-03-15,0.04,29,118,1,,
2016059312,16LA00287,16,H7986,05,,29,H7479,05,3.0,3,30,30,1,7,N,,031516,75,8,2,2,0,3,12.8,1,1,H9312,05,,30,,,,,,.,2ND,1,1,..,,J,2,,0,0,0,1,1,1.0,83,2016-03-15,0.04,35,118,1,,
2016120773,16LA00288,16,S0021,12,,43,R9922,11,2.0,2,07,07,1,,N,,031516,75,8,2,2,0,2,10.4,1,1,S0773,12,,07,,,,,,.,1ST,1,1,..,,J,1,,1,1,2,1,1,1.0,75,2016-03-15,0.038,32,118,1,,
2016120774,16LA00289,16,S0021,12,,43,R9922,11,2.0,2,07,07,1,,N,,031516,75,8,2,1,0,2,9.2,1,1,S0774,12,,07,6,79,23,,,.,2ND,1,1,..,,J,2,,0,0,0,1,0,0.0,0,2016-03-15,0.038,,,,,
2016833370,16LA00290,16,Z1118,83,,11,Z1583,83,4.0,4,97,97,1,0,N,,031516,75,8,3,1,0,2,11.1,6,1,Z3370,83,,97,,,,,,.,1ST,1,1,..,BLD,J,1,,1,1,2,1,1,1.0,65,2016-03-15,0.02,30,118,H,,
2016833371,16LA00291,16,Z1118,83,,11,Z1583,83,4.0,4,97,97,1,0,N,,031516,75,8,3,2,0,3,12.4,6,1,Z3371,83,,97,,,,,,.,2ND,1,1,..,BLD,J,2,,0,0,0,1,1,1.0,85,2016-03-15,0.02,33,118,H,,
2016833372,16LA00292,16,Z1639,83,,BR1,Z0000,83,3.0,3,TC,97,5,0,Y,,031616,76,5,3,2,0,2,16.6,3,1,Z3372,83,,S3,,,,,,.,1ST.40BLK,1,1,..,GRN,J,1,,1,1,1,1,1,1.0,124,2016-03-16,0.0,57,118,H,,
2016059313,16LA00293,16,H8691,05,,32,H8507,05,2.0,2,30,30,1,0,N,,031616,76,5,2,1,0,4,12.4,1,1,H9313,05,,30,,,,,,.,HAIRY,1,1,..,,J,1,,1,1,1,1,1,1.0,98,2016-03-16,0.039,51,118,1,,
2016059314,16LA00294,16,H8155,05,,33,H8787,05,3.0,3,30,30,1,0,N,,031616,76,9,3,1,0,2,8.9,1,1,H9314,05,,30,,,,,,.,1ST,1,1,..,BLD,J,1,,1,1,3,1,1,1.0,87,2016-03-16,0.028,35,118,1,,
2016059315,16LA00295,16,H8155,05,,33,H8787,05,3.0,3,30,30,1,0,N,,031616,76,9,3,2,0,3,9.9,1,1,H9315,05,,30,,,,,,.,2ND,1,1,..,BLD,J,2,,0,0,0,1,1,1.0,72,2016-03-16,0.028,25,118,1,,
2016059316,16LA00296,16,H8155,05,,33,H8787,05,3.0,3,30,30,1,0,N,,031616,76,9,3,3,0,2,8.3,1,1,H9316,05,,30,3,76,93,,8,.,3RD.H.P.,1,1,..,BLD,J,3,,0,0,0,1,0,0.0,0,2016-03-16,0.028,,,,,
2016701777,16LA00297,16,L1225,70,,6,L1549,70,3.0,3,PC,PC,1,0,N,,031616,76,5,3,1,0,2,15.4,1,1,L1777,70,,PC,,,,,,.,1ST.P.,1,1,..,OR,J,1,,1,1,1,1,1,1.0,106,2016-03-16,0.018,37,118,H,,
2016701778,16LA00298,16,L1006,70,,6,L1549,70,3.0,3,PC,PC,1,0,N,,031616,76,5,3,2,0,2,15.8,5,1,L1778,70,,PC,6,77,46,,,DRY,1ST.30BLK,1,1,..,OR,J,1,,1,1,1,1,0,0.0,0,2016-03-16,0.005,,,,,
2016833373,16LA00299,16,Z1657,83,,12,Z1765,83,3.0,3,97,97,1,0,N,,031616,76,8,4,1,0,2,16.8,6,1,Z3373,83,,97,,,,,,BIG BAG,1ST,1,1,..,BLD,J,1,,1,1,2,1,1,1.0,98,2016-03-16,0.012,33,118,H,,
2016833374,16LA00300,16,Z1657,83,,12,Z1765,83,3.0,3,97,97,1,0,N,,031616,76,8,4,2,0,2,12.6,6,1,Z3374,83,,97,,,,,,.,2ND.,1,1,..,BLD,J,2,,0,0,0,1,1,1.0,87,2016-03-16,0.012,36,118,H,,
2016120775,16LA00301,16,R8572,11,,34,S0732,00,6.0,6,07,07,1,0,N,,031616,76,8,1,2,0,2,13.2,1,1,S0775,12,,07,3,76,93,,8,CANT STAND,1ST,1,1,..,BLD,J,1,,1,1,2,1,0,0.0,0,2016-03-16,0.0,,,,,
2016120776,16LA00302,16,R8572,11,,34,S0732,00,6.0,6,07,07,1,0,N,,031616,76,8,1,2,0,2,11.9,1,1,S0776,12,,07,3,76,93,,8,.,2ND.H.,1,1,..,BLD,J,2,,0,0,0,1,0,0.0,0,2016-03-16,0.0,,,,,
2016833375,16LA00303,16,Z2530,83,,20,Z3215,00,2.0,2,CM,97,1,0,N,,031616,76,5,3,1,0,2,16.1,5,1,Z3375,83,,SY,,,,,,.,1ST.90BLK,1,1,..,OR,J,1,,1,1,1,1,1,1.0,110,2016-03-16,0.0,45,118,H,,
2016833376,16LA00304,16,X8538,82,,15,Z2306,83,6.0,6,97,97,1,0,N,,031616,76,8,0,2,0,2,11.2,6,1,Z3376,83,,97,3,76,93,,8,DEAD Prolapsing,1ST,7,5,..,BLD,J,1,,1,1,2,1,0,0.0,0,2016-03-16,0.024,,,,,
2016833378,16LA00305,16,R8461,11,,15,Z2306,83,6.0,6,07,97,1,0,Y,,031616,76,8,3,2,0,4,12.0,5,1,Z3378,83,,10,,,,,,.,1ST.50BLK,1,1,..,BLD,J,1,,1,1,2,1,1,1.0,79,2016-03-16,0.0,37,118,1,,
2016833379,16LA00306,16,R8461,11,,15,Z2306,83,6.0,6,07,97,1,0,Y,,031616,76,8,3,3,0,2,12.4,5,1,Z3379,83,,10,,,,,,.,2ND.SCRS.HORNS,1,1,..,BLD,J,2,,0,0,0,1,1,1.0,63,2016-03-16,0.0,30,118,1,,
2016120777,16LA00307,16,S0097,12,,38,S0739,00,2.0,2,07,42,1,0,N,,031616,76,8,2,2,0,2,10.9,1,1,S0777,12,,43,,,,,,LONG TEATS,1ST.P.,1,1,..,,J,1,,1,1,2,1,1,1.0,66,2016-03-16,0.0,32,118,1,,
2016120778,16LA00308,16,S0097,12,,38,S0739,00,2.0,2,07,42,1,0,N,,031616,76,8,2,1,0,2,7.9,1,1,S0778,12,,43,,,,,,.,2ND,1,1,..,,J,2,,0,0,0,1,1,1.0,57,2016-03-16,0.0,22,118,1,,
2016120779,16LA00309,16,R9879,11,,42,R9841,11,3.0,3,07,07,1,,N,,031616,76,8,2,2,0,2,10.0,1,1,S0779,12,,07,,,,,,.,1ST,1,1,..,,J,1,,1,1,2,1,1,1.0,84,2016-03-16,0.042,42,118,1,,
2016120780,16LA00310,16,R9879,11,,42,R9841,11,3.0,3,07,07,1,,N,,031616,76,8,2,3,0,2,11.0,1,1,S0780,12,,07,6,117,14,,,.,2ND.P,1,1,..,,J,2,,0,0,0,1,0,,,2016-03-16,0.042,,,,,
2016701779,16LA00311,16,L1588,70,,3,L0762,70,2.0,2,PC,PC,1,0,N,,031616,76,8,2,2,0,2,8.2,5,1,L1779,70,,PC,,,,,,.,1ST.20BLK,1,1,..,OR,J,1,,1,1,2,1,1,1.0,66,2016-03-16,0.006,25,118,H,,
2016701780,16LA00312,16,L1588,70,,3,L0762,70,2.0,2,PC,PC,1,0,N,,031616,76,8,2,1,0,2,9.9,5,1,L1780,70,,PC,,,,,,.,2ND.30BL.LAME,1,1,..,OR,J,2,,0,0,0,1,1,1.0,72,2016-03-16,0.006,20,118,H,,
2016833380,16LA00313,16,Z1648,83,,15,Z2306,83,3.0,3,97,97,1,0,N,,031616,76,8,4,2,0,2,11.2,6,1,Z3380,83,,97,,,,,,,1ST,1,1,..,BLD,J,1,,1,1,2,1,1,1.0,96,2016-03-16,0.018,37,118,H,,
2016833381,16LA00314,16,Z1648,83,,15,Z2306,83,3.0,3,97,97,1,0,N,,031616,76,8,4,2,0,2,11.6,6,1,Z3381,83,,97,,,,,,.,2ND,1,1,..,BLD,J,2,,0,0,0,1,1,1.0,96,2016-03-16,0.018,39,118,H,,
2016833382,16LA00315,16,Z0140,83,,11,Z1583,83,5.0,5,97,97,1,0,N,,031616,76,8,2,2,0,2,10.6,6,1,Z3382,83,,97,3,76,93,,,RUPTURED.DRY,BRKN.REAR.LEG,1,1,..,BLD,J,1,,1,1,2,1,0,,,2016-03-16,0.012,,,,,
2016833383,16LA00316,16,Z0140,83,,11,Z1583,83,5.0,5,97,97,1,0,N,,031616,76,8,2,3,0,2,12.6,6,1,Z3383,83,,97,6,78,54,,,.,NOORDER BRKLG,1,1,..,BLD,J,2,,0,0,0,1,0,0.0,0,2016-03-16,0.012,,,,,
2016120781,16LA00317,16,S0259,12,,41,Z3206,00,2.0,2,07,07,1,,N,,031616,76,8,3,1,0,2,9.0,1,1,S0781,12,,07,,,,,,.,1ST,1,1,..,BLD,J,1,,1,1,2,1,1,1.0,73,2016-03-16,0.0,23,118,1,,
2016120782,16LA00318,16,S0259,12,,41,Z3206,00,2.0,2,07,07,1,,N,,031616,76,8,3,1,0,2,9.0,1,1,S0782,12,,07,,,,,,.,2ND,1,1,..,BLD,J,2,,0,0,0,1,1,1.0,81,2016-03-16,0.0,32,118,1,,
2016833384,16LA00319,16,T4187,45,,8,L1614,70,4.0,4,02,PC,1,0,Y,,031616,76,5,3,2,0,2,16.0,1,1,Z3384,83,,LT,,,,,,.,1ST SCOURS,1,1,..,,J,1,,1,1,1,1,1,1.0,103,2016-03-16,0.0,50,118,1,,
2016833385,16LA00320,16,Z1011,83,,BR1,Z0000,83,4.0,4,C3,97,5,0,Y,,031616,76,8,3,2,0,2,12.6,5,1,Z3385,83,,00,,,,,,.,1ST.90BLK,1,1,..,GRN,J,1,,1,1,2,1,1,1.0,99,2016-03-16,0.0,44,118,H,,
2016833386,16LA00321,16,Z1011,83,,BR1,Z0000,83,4.0,4,C3,97,5,0,Y,,031616,76,8,3,2,0,2,14.8,5,1,Z3386,83,,00,,,,,,.,2ND.85BLK,1,1,..,GRN,J,2,,0,0,0,1,1,1.0,112,2016-03-16,0.0,44,118,H,,
2016701781,16LA00322,16,L1528,70,,6,L1549,70,2.0,2,PC,PC,1,0,N,,031616,76,8,2,1,0,2,12.2,2,1,L1781,70,,PC,,,,,,.,1ST,1,1,..,OR,J,1,,1,1,2,1,1,1.0,117,2016-03-16,0.016,42,118,H,,
2016701783,16LA00323,16,L1528,70,,6,L1549,70,2.0,2,PC,PC,1,0,N,,031616,76,8,2,1,L,4,14.6,5,1,L1783,70,,PC,6,79,19,,,.,2ND.P.L1782brok,1,1,..,OR,J,2,,0,0,0,1,0,0.0,0,2016-03-16,0.016,,,,,
2016833387,16LA00324,16,Z1585,83,,15,Z2306,83,3.0,3,97,97,1,0,N,,031616,76,5,2,2,0,2,16.9,6,1,Z3387,83,,97,,,,,,.,1ST.,1,1,..,BLD,J,1,,1,1,1,1,1,1.0,120,2016-03-16,0.011,53,118,H,,
2016701784,16LA00325,16,L1608,70,,3,L0762,70,2.0,2,PC,PC,1,0,N,,031616,76,8,2,1,0,2,10.0,5,1,L1784,70,,PC,,,,,,.,1ST,1,1,..,OR,J,1,,1,1,2,1,1,1.0,95,2016-03-16,0.072,36,118,H,,
2016701785,16LA00326,16,L1608,70,,3,L0762,70,2.0,2,PC,PC,1,0,N,,031616,76,8,2,2,0,2,8.6,5,1,L1785,70,,PC,,,,,,.,2ND,1,1,..,OR,J,2,,0,0,0,1,1,1.0,77,2016-03-16,0.072,32,118,H,,
2016833388,16LA00327,16,X8726,82,,17,Z3210,00,6.0,6,CM,97,1,0,N,,031616,76,5,2,1,0,2,14.0,5,1,Z3388,83,,SY,,,,,,.,1ST.90BRN,1,1,..,OR,J,1,,1,1,1,1,1,1.0,102,2016-03-16,0.0,42,118,H,,
2016701786,16LA00328,16,L1397,70,,5,L1441,70,3.0,3,PC,PC,1,0,N,,031616,76,8,3,1,0,2,16.6,2,3,L1786,70,,PC,,,,,,.,1ST,1,1,..,OR,J,1,,1,1,2,1,1,1.0,99,2016-03-16,0.009,46,118,H,,
2016701787,16LA00329,16,L1397,70,,5,L1441,70,3.0,3,PC,PC,1,0,N,,031616,76,8,3,1,0,2,13.9,1,1,L1787,70,,PC,,,,,,.,2ND,1,1,..,OR,J,2,,0,0,0,1,1,1.0,110,2016-03-16,0.009,40,118,H,,
2016701788,16LA00330,16,L0719,70,,2,L1339,70,4.0,4,PC,PC,1,0,N,,031616,76,8,3,1,2,4,14.8,5,1,L1788,70,,PC,,,,,,ORANGE,1ST.20BLK,8,2,..,,J,1,,1,1,2,1,1,1.0,117,2016-03-16,0.014,50,118,H,,
2016701789,16LA00331,16,L0719,70,,2,L1339,70,4.0,4,PC,PC,1,0,N,,031616,76,8,3,1,2,2,14.2,1,1,L1789,70,,PC,,,,,,.,2ND.H,4,4,..,,J,2,,0,0,0,1,1,1.0,86,2016-03-16,0.014,30,118,H,,
2016833389,16LA00332,16,R9086,11,,17,Z3210,00,5.0,5,07,97,1,0,Y,,031616,76,8,3,2,0,2,12.0,5,1,Z3389,83,,10,,,,,,.,1ST.90BLK,1,1,..,BLD,J,1,,1,1,2,1,1,1.0,83,2016-03-16,0.0,33,118,1,,
2016833390,16LA00333,16,R9086,11,,17,Z3210,00,5.0,5,07,97,1,0,Y,,031616,76,8,3,3,0,2,15.6,5,1,Z3390,83,,10,,,,,,.,2ND.95BLK,1,1,..,BLD,J,2,,0,0,0,1,1,1.0,87,2016-03-16,0.0,31,118,1,,
2016701790,16LA00334,16,X8863,82,,10,Z1259,83,6.0,6,T3,SC,1,0,N,,031616,76,5,3,2,0,4,17.9,5,1,L1790,70,,PC,,,,,,.,1ST.50BLK,1,1,..,OR,J,1,,1,1,1,1,1,1.0,118,2016-03-16,0.01,52,118,H,,
2016833391,16LA00335,16,R9026,11,,1,L1151,70,5.0,5,07,PC,1,0,Y,,031616,76,8,3,3,0,2,11.2,2,1,Z3391,83,,LR,,,,,,.           RP,1STPNEU,1,1,..,BLD,J,1,,1,1,2,1,1,1.0,77,2016-03-16,0.0,25,118,1,,
2016833392,16LA00336,16,R9026,11,,1,L1151,70,5.0,5,07,PC,1,0,Y,,031616,76,8,3,2,0,4,7.8,1,1,Z3392,83,,LR,,,,,,.,2ND.SCRS.PNEU,1,1,..,BLD,J,2,,0,0,0,1,1,1.0,62,2016-03-16,0.0,19,118,1,,
2016120783,16LA00337,16,S0230,12,,46,S0209,12,2.0,2,07,07,1,0,N,,031616,76,8,2,1,0,2,11.4,1,1,S0783,12,,07,,,,,,.,1ST.,1,1,..,,J,1,,1,1,2,1,1,1.0,86,2016-03-16,0.038,30,118,1,,
2016120784,16LA00338,16,S0230,12,,46,S0209,12,2.0,2,07,07,1,0,N,,031616,76,8,2,2,0,2,6.0,1,1,S0784,12,,07,,,,,,.,2ND.P,1,1,..,,J,2,,0,0,0,1,1,1.0,74,2016-03-16,0.038,28,118,1,,
2016833393,16LA00339,16,Z1604,83,,13,Z3202,00,3.0,3,CM,97,1,0,N,,031616,76,8,4,2,0,2,13.2,5,1,Z3393,83,,SY,,,,,,.,1ST.80BLK.H,2,3,..,OR,J,1,,1,1,2,1,1,1.0,102,2016-03-16,0.0,39,118,H,,
2016833394,16LA00340,16,Z1604,83,,13,Z3202,00,3.0,3,CM,97,1,0,N,,031616,76,8,4,1,0,2,11.9,5,1,Z3394,83,,SY,,,,,,.,2ND.50BLK.H,2,2,..,OR,J,2,,0,0,0,1,1,1.0,104,2016-03-16,0.0,40,118,H,,
2016833395,16LA00341,16,X8960,82,,11,Z1583,83,6.0,6,97,97,1,0,N,,031616,76,5,3,1,0,2,16.6,6,1,Z3395,83,,97,,,,,,.,1ST,1,1,..,BLD,J,1,,1,1,1,1,1,1.0,104,2016-03-16,0.016,53,118,H,,
2016120785,16LA00342,16,R9973,11,,46,S0209,12,3.0,3,07,07,1,0,N,,031616,76,8,3,1,0,2,12.8,1,1,S0785,12,,07,,,,,,.,1ST,1,1,..,,J,1,,1,1,2,1,1,1.0,44,2016-03-16,0.021,23,118,1,,
2016120786,16LA00343,16,R9973,11,,46,S0209,12,3.0,3,07,07,1,0,N,,031616,76,8,3,1,0,4,13.2,1,1,S0786,12,,07,,,,,,.,2ND,1,1,..,,J,2,,0,0,0,1,1,1.0,93,2016-03-16,0.021,44,118,1,,
2016701791,16LA00344,16,L0461,70,,1,L1151,70,5.0,5,PC,PC,1,0,N,,031616,76,8,3,2,0,4,14.2,5,1,L1791,70,,PC,,,,,,.,1ST.30BRN,1,1,..,OR,J,1,,1,1,2,1,1,1.0,96,2016-03-16,0.009,35,118,H,,
2016701792,16LA00345,16,L0461,70,,1,L1151,70,5.0,5,PC,PC,1,0,N,,031616,76,8,3,2,0,2,12.0,5,1,L1792,70,,PC,,,,,,.,2ND.RT.LEGBROKE,1,1,..,OR,J,2,,0,0,0,1,1,1.0,93,2016-03-16,0.009,40,118,H,,
2016833396,16LA00346,16,T3308,45,,2,L1339,70,6.0,6,02,PC,1,0,Y,,031616,76,7,3,3,0,2,15.4,1,1,Z3396,83,,LT,,,,,,.,1ST.,2,2,..,,J,1,,1,1,2,1,1,1.0,115,2016-03-16,0.0,50,118,1,,
D16LA00347,16LA00347,16,T3308,45,,2,L1339,70,6.0,6,02,PC,1,0,Y,,031616,76,7,3,2,0,2,12.2,1,1,.,,,,1,76,44,,,.,2ND,5,4,..,,J,2,,0,0,0,0,0,0.0,0,2016-03-16,0.0,,,,,
2016833397,16LA00348,16,T3853,45,,2,L1339,70,5.0,5,02,PC,1,7,Y,,031616,76,5,2,3,0,2,17.6,2,1,Z3397,83,,LT,,,,,,.,1ST.SMOKY,8,2,..,,J,1,,1,1,1,1,1,1.0,83,2016-03-16,0.0,30,118,1,,
2016059317,16LA00349,16,H8519,05,,29,H7479,05,2.0,2,30,30,1,,N,,031616,76,8,2,2,0,2,9.9,1,1,H9317,05,,30,,,,,,.,1ST,1,1,..,,J,1,,1,1,2,1,1,1.0,77,2016-03-16,0.043,32,118,1,,
2016059318,16LA00350,16,H8519,05,,29,H7479,05,2.0,2,30,30,1,,N,,031616,76,8,2,2,0,2,9.4,1,1,H9318,05,,30,,,,,,.,2ND,1,1,..,,J,2,,0,0,0,1,1,1.0,78,2016-03-16,0.043,32,118,1,,
2016833398,16LA00351,16,Z2318,83,,16,Z3208,00,2.0,2,CM,97,1,0,N,,031616,76,8,3,1,0,2,9.6,5,1,Z3398,83,,SY,,,,,,.,NO ORDER90BRN,1,1,..,OR,J,1,,1,1,2,1,1,1.0,84,2016-03-16,0.0,34,118,H,,
2016833399,16LA00352,16,Z2318,83,,16,Z3208,00,2.0,2,CM,97,1,0,N,,031616,76,8,3,2,0,2,10.9,5,1,Z3399,83,,SY,,,,,,.,NOORDER80BRN,1,1,..,OR,J,2,,0,0,0,1,1,1.0,88,2016-03-16,0.0,34,118,H,,
2016120787,16LA00353,16,R8437,11,,50,S0734,00,6.0,6,07,07,1,0,N,,031616,76,9,2,1,0,2,10.6,1,1,S0787,12,,07,,,,,,.,1ST,3,2,..,BLD,J,1,,1,1,3,1,1,1.0,38,2016-03-16,0.0,20,118,1,,
2016120788,16LA00354,16,R8437,11,,50,S0734,00,6.0,6,07,07,1,0,N,,031616,76,9,2,2,2,2,10.9,1,1,S0788,12,,07,,,,,,.,2ND.H.ENT.SX,1,1,..,BLD,J,2,,0,0,0,1,1,1.0,82,2016-03-16,0.0,30,118,1,,
2016120789,16LA00355,16,R8437,11,,50,S0734,00,6.0,6,07,07,1,0,N,,031616,76,9,2,1,0,2,10.9,1,1,S0789,12,,07,,,,S0074,-,.,3RD.,1,1,..,BLD,J,3,,0,0,0,1,1,0.5,85,2016-03-16,0.0,36,118,1,,
D16LA00356,16LA00356,16,S0074,12,,38,S0739,00,2.0,2,07,42,1,0,N,,031616,76,4,2,2,0,2,6.0,1,1,.,,,,1,76,44,S0789,+,ABORTED,DAB,1,1,..,,J,1,,1,1,2,0,0,0.5,0,2016-03-16,0.0,,,,,
D16LA00357,16LA00357,16,S0074,12,,38,S0739,00,2.0,2,07,42,1,0,N,,031616,76,4,2,1,0,2,5.8,1,1,.,,,,1,76,44,,,.,DAB,1,1,..,,J,2,,0,0,0,0,0,0.0,0,2016-03-16,0.0,,,,,
2016833400,16LA00358,16,Z1766,83,,11,Z1583,83,3.0,3,97,97,1,,N,,031616,76,8,4,1,0,2,12.0,6,1,Z3400,83,,97,,,,,,.,1ST.SCRS,1,1,..,BLD,J,1,,1,1,2,1,1,1.0,60,2016-03-16,0.007,28,118,H,,
2016833401,16LA00359,16,Z1766,83,,11,Z1583,83,3.0,3,97,97,1,,N,,031616,76,8,4,2,0,2,12.8,6,1,Z3401,83,,97,,,,,,.,2ND,1,1,..,BLD,J,2,,0,0,0,1,1,1.0,98,2016-03-16,0.007,42,118,H,,
2016833402,16LA00360,16,H7168,05,,21,Z3204,00,5.0,5,30,SM,1,0,Y,,031616,76,8,1,3,0,2,10.9,1,1,Z3402,83,,XP,,,,,,.,1ST.,3,2,..,BLD,J,1,,1,1,2,1,1,1.0,66,2016-03-16,0.0,29,118,1,,
2016833403,16LA00361,16,H7168,05,,21,Z3204,00,5.0,5,30,SM,1,0,Y,,031616,76,8,1,2,0,4,8.4,1,1,Z3403,83,,XP,3,77,93,,8,.,2ND.P,1,1,..,BLD,J,2,,0,0,0,1,0,0.0,0,2016-03-16,0.0,,,,,
2016833404,16LA00362,16,R8341,11,,17,Z3210,00,6.0,6,07,97,1,0,Y,,031716,77,8,2,2,0,2,11.2,5,1,Z3404,83,,10,,,,,,POOR.BCS,1ST90BRN.H.SCRS,7,4,..,BLD,J,1,,1,1,2,1,1,1.0,71,2016-03-17,0.0,28,118,1,,
2016833405,16LA00363,16,R8341,11,,17,Z3210,00,6.0,6,07,97,1,0,Y,,031716,77,8,2,2,0,2,12.8,5,1,Z3405,83,,10,,,,,,.,2ND.95BRN,4,4,..,BLD,J,2,,0,0,0,1,1,1.0,77,2016-03-17,0.0,22,118,1,,
2016059319,16LA00364,16,H6539,05,,30,H8376,05,5.0,5,30,30,1,0,N,,031716,77,9,3,2,0,4,9.0,1,1,H9319,05,,30,,,,,,.,1ST.H,1,1,..,BLD,J,1,,1,1,3,1,1,1.0,77,2016-03-17,0.041,33,118,1,,
2016059320,16LA00365,16,H6539,05,,30,H8376,05,5.0,5,30,30,1,0,N,,031716,77,9,3,1,0,4,9.0,1,1,H9320,05,,30,,,,,,.,2ND.P,1,1,..,BLD,J,2,,0,0,0,1,1,1.0,87,2016-03-17,0.041,31,118,1,,
2016059321,16LA00366,16,H6539,05,,30,H8376,05,5.0,5,30,30,1,0,N,,031716,77,9,3,3,0,4,8.1,1,1,H9321,05,,30,3,77,93,,8,.,3RD.H.P.,1,1,..,BLD,J,3,,0,0,0,1,0,0.0,0,2016-03-17,0.041,,,,,
2016059322,16LA00367,16,H8317,05,,29,H7479,05,3.0,3,30,30,1,0,N,,031716,77,8,2,2,0,2,12.2,1,1,H9322,05,,30,,,,,,.,1ST,1,1,..,,J,1,,1,1,2,1,1,1.0,94,2016-03-17,0.029,45,118,1,,
2016059323,16LA00368,16,H8317,05,,29,H7479,05,3.0,3,30,30,1,0,N,,031716,77,8,2,3,0,2,6.0,1,1,H9323,05,,30,3,77,93,,8,.,2ND.BAD LEGS,1,1,..,,J,2,,0,0,0,1,0,0.0,0,2016-03-17,0.029,,,,,
2016833406,16LA00369,16,T5012,45,,6,L1549,70,3.0,3,02,PC,1,,Y,,031716,77,8,3,3,0,3,14.0,1,1,Z3406,83,,LT,,,,,,.,1ST.BLK.EYE,1,1,..,,J,1,,1,1,2,1,1,1.0,74,2016-03-17,0.0,33,118,1,,
2016833407,16LA00370,16,T5012,45,,6,L1549,70,3.0,3,02,PC,1,,Y,,031716,77,8,3,2,0,4,10.8,1,1,Z3407,83,,LT,3,79,93,,,.,2ND.P,1,1,..,,J,2,,0,0,0,1,0,,,2016-03-17,0.0,,,,,
2016833408,16LA00371,16,T5330,45,,49,S0733,00,2.0,2,02,07,1,,N,,031716,77,8,3,1,0,2,9.8,1,1,Z3408,83,,08,,,,,,.,1ST.P,1,1,..,,J,1,,1,1,2,1,1,1.0,62,2016-03-17,0.0,20,118,1,,
2016833409,16LA00372,16,T5330,45,,49,S0733,00,2.0,2,02,07,1,,N,,031716,77,8,3,2,0,2,9.0,1,1,Z3409,83,,08,,,,,,.,2ND.P,1,1,..,,J,2,,0,0,0,1,1,1.0,57,2016-03-17,0.0,20,118,1,,
2016833410,16LA00373,16,Z0884,83,,15,Z2306,83,4.0,4,97,97,1,0,N,,031716,77,7,3,1,0,2,11.8,6,1,Z3410,83,,97,,,,,,.,1ST.SCOURS,1,1,..,BLD,J,1,,1,1,2,1,1,1.0,121,2016-03-17,0.019,43,118,H,,
D16LA00374,16LA00374,16,Z0884,83,,15,Z2306,83,4.0,4,97,97,1,0,N,,031716,77,7,3,2,0,2,16.4,6,1,.,,,,1,77,44,,,.,2ND,1,1,..,BLD,J,2,,0,0,0,0,0,0.0,0,2016-03-17,0.019,,,,,
2016833411,16LA00375,16,Z2459,83,,12,Z1765,83,2.0,2,97,97,1,,N,,031716,77,8,3,1,2,2,11.4,6,1,Z3411,83,,97,,,,,,.,1ST,1,1,..,BLD,J,1,,1,1,2,1,1,1.0,104,2016-03-17,0.032,33,118,H,,
2016833412,16LA00376,16,Z2459,83,,12,Z1765,83,2.0,2,97,97,1,,N,,031716,77,8,3,2,0,2,9.5,6,1,Z3412,83,,97,,,,,,.,2ND.LAME.LTL,1,1,..,BLD,J,2,,0,0,0,1,1,1.0,79,2016-03-17,0.032,29,118,H,,
2016059324,16LA00377,16,H8410,05,,32,H8507,05,3.0,3,30,30,1,7,N,,031716,77,8,2,1,0,2,11.8,1,1,H9324,05,,30,,,,,,.,1ST.H,1,1,..,BLD,J,1,,1,1,2,1,1,1.0,96,2016-03-17,0.038,41,118,1,,
2016059325,16LA00378,16,H8410,05,,32,H8507,05,3.0,3,30,30,1,7,N,,031716,77,8,2,2,0,2,10.0,1,1,H9325,05,,30,,,,,,.,2ND.H,5,3,..,BLD,J,2,,0,0,0,1,1,1.0,86,2016-03-17,0.038,34,118,1,,
D16LA00379,16LA00379,16,H7603,05,,13,Z3202,00,4.0,4,30,97,1,0,Y,,031716,77,9,0,1,0,2,8.0,5,1,.,,,,1,77,44,,,DRY,1ST,1,1,..,BLD,J,1,,1,1,3,0,0,0.0,0,2016-03-17,0.0,,,,,
2016833413,16LA00380,16,H7603,05,,13,Z3202,00,4.0,4,30,97,1,0,Y,,031716,77,9,0,2,0,2,8.6,5,1,Z3413,83,,80,,,,L1548,-,.,2ND90BLK,1,1,..,BLD,J,2,,0,0,0,1,1,0.5,53,2016-03-17,0.0,17,118,H,,
2016833414,16LA00381,16,H7603,05,,13,Z3202,00,4.0,4,30,97,1,0,Y,,031716,77,9,0,3,0,2,9.7,2,1,Z3414,83,,80,,0,,L1548,-,.,3RD,3,4,..,BLD,J,3,,0,0,0,1,1,0.5,52,2016-03-17,0.0,23,118,H,,
D16LA00382,16LA00382,16,L1548,70,,1,L1151,70,2.0,2,PC,PC,1,,N,,031716,77,4,3,1,0,2,15.4,5,1,.,,,,1,77,44,Z3414,+,.,DAB,7,4,..,OR,J,1,,1,1,2,0,0,0.5,0,2016-03-17,0.0,,,,,
D16LA00383,16LA00383,16,L1548,70,,1,L1151,70,2.0,2,PC,PC,1,,N,,031716,77,4,3,2,0,2,15.8,5,1,.,,,,1,77,44,Z3413,+,.,DAB,7,4,..,OR,J,2,,0,0,0,0,0,0.5,0,2016-03-17,0.0,,,,,
2016833415,16LA00384,16,Z1663,83,,BR1,Z0000,83,3.0,3,TC,97,5,,Y,,031716,77,8,3,3,0,2,12.6,5,1,Z3415,83,,S3,,,,,,.,1ST60BRN,1,1,..,GRN,J,1,,1,1,2,1,1,1.0,108,2016-03-17,0.0,39,118,H,,
2016833416,16LA00385,16,Z1663,83,,BR1,Z0000,83,3.0,3,TC,97,5,,Y,,031716,77,8,3,2,0,2,13.0,5,1,Z3416,83,,S3,,,,,,.,2ND.70BRN,1,1,..,GRN,J,2,,0,0,0,1,1,1.0,95,2016-03-17,0.0,36,118,H,,
2016120790,16LA00386,16,S0173,12,,49,S0733,00,2.0,2,07,07,1,0,N,,031716,77,5,2,2,0,2,12.0,1,1,S0790,12,,07,,,,,,.,1ST.TAILBAND,8,2,..,,J,1,,1,1,1,1,1,1.0,68,2016-03-17,0.0,31,118,1,,
2016701793,16LA00387,16,L0715,70,,7,L1564,70,4.0,4,PC,PC,1,0,N,,031716,77,5,3,2,0,2,14.2,5,1,L1793,70,,PC,,,,,,.,1ST40BLK,8,1,..,OR,J,1,,1,1,1,1,1,1.0,88,2016-03-17,0.04,37,118,H,,
2016833417,16LA00388,16,T5567,45,,5,L1441,70,2.0,2,02,PC,1,0,Y,,031716,77,5,2,2,0,2,15.5,1,1,Z3417,83,,LT,,,,,,.,NICE LAMB,1,1,..,,J,1,,1,1,1,1,1,1.0,95,2016-03-17,0.0,46,118,1,,
2016120791,16LA00389,16,R8025,11,,44,S0052,12,7.0,7,07,07,1,,N,,031716,77,5,3,1,0,2,12.6,1,1,S0791,12,,07,,,,,,.,1ST,1,1,..,BLD,J,1,,1,1,1,1,1,1.0,99,2016-03-17,0.037,51,118,1,,
2016059326,16LA00390,16,H5570,05,,30,H8376,05,6.0,6,30,30,1,0,N,,031716,77,9,3,1,0,2,9.9,1,1,H9326,05,,30,,,,,,.,1ST,1,1,..,BLD,J,1,,1,1,3,1,1,1.0,79,2016-03-17,0.043,37,118,1,,
2016059327,16LA00391,16,H5570,05,,30,H8376,05,6.0,6,30,30,1,0,N,,031716,77,9,3,2,0,2,9.0,1,1,H9327,05,,30,,,,,,.,2ND,1,1,..,BLD,J,2,,0,0,0,1,1,1.0,72,2016-03-17,0.043,32,118,1,,
2016059328,16LA00392,16,H5570,05,,30,H8376,05,6.0,6,30,30,1,0,N,,031716,77,9,3,2,0,2,6.9,1,1,H9328,05,,30,3,77,93,,8,.,3RD.H,1,1,..,BLD,J,3,,0,0,0,1,0,0.0,0,2016-03-17,0.043,,,,,
2016701794,16LA00393,16,L1615,70,,4,L1368,70,2.0,2,PC,PC,1,0,N,,031716,77,8,4,1,0,2,11.8,5,1,L1794,70,,PC,,,,,,.,1ST90BRN,1,1,..,OR,J,1,,1,1,2,1,1,1.0,86,2016-03-17,0.03,40,118,H,,
2016701795,16LA00394,16,L1615,70,,4,L1368,70,2.0,2,PC,PC,1,0,N,,031716,77,8,4,2,0,2,10.0,5,1,L1795,70,,PC,,,,,,.,2ND.90TAN,1,1,..,OR,J,2,,0,0,0,1,1,1.0,87,2016-03-17,0.03,29,118,H,,
2016120792,16LA00395,16,S0042,12,,46,S0209,12,2.0,2,07,07,1,0,N,,031716,77,8,3,2,0,2,10.2,1,1,S0792,12,,07,,,,,,MILKISPOOR,1ST,1,1,..,,J,1,,1,1,2,1,1,1.0,86,2016-03-17,0.035,36,118,1,,
2016120793,16LA00396,16,S0042,12,,46,S0209,12,2.0,2,07,07,1,0,N,,031716,77,8,3,3,0,2,9.2,1,1,S0793,12,,07,3,77,93,,8,.,2ND,1,1,..,,J,2,,0,0,0,1,0,0.0,0,2016-03-17,0.035,,,,,
2016833418,16LA00397,16,Z2278,83,,11,Z1583,83,2.0,2,97,97,1,0,N,,031716,77,5,3,1,0,2,13.9,6,1,Z3418,83,,97,,,,,,.,1ST,1,1,..,BLD,J,1,,1,1,1,1,1,1.0,106,2016-03-17,0.006,43,118,H,,
2016833419,16LA00398,16,Z2592,83,,16,Z3208,00,2.0,2,CM,97,1,0,N,,031716,77,8,2,2,0,2,9.4,5,1,Z3419,83,,SY,,,,,,.,1ST50BLK,1,1,..,OR,J,1,,1,1,2,1,1,1.0,62,2016-03-17,0.0,23,118,H,,
2016833420,16LA00399,16,Z2592,83,,16,Z3208,00,2.0,2,CM,97,1,0,N,,031716,77,8,2,1,0,2,11.3,5,1,Z3420,83,,SY,,,,,,.,2ND50BLK,1,1,..,OR,J,2,,0,0,0,1,1,1.0,99,2016-03-17,0.0,28,118,H,,
2016833421,16LA00400,16,T4849,45,,53,S0743,00,3.0,3,02,07,1,,N,,031716,77,8,3,2,0,2,10.8,1,1,Z3421,83,,08,,,,,,.,1ST.H,1,1,..,,J,1,,1,1,2,1,1,1.0,63,2016-03-17,0.0,30,118,1,,
2016833422,16LA00401,16,T4849,45,,53,S0743,00,3.0,3,02,07,1,,N,,031716,77,8,3,1,0,2,10.4,1,1,Z3422,83,,08,,,,,,.,2ND,1,1,..,,J,2,,0,0,0,1,1,1.0,89,2016-03-17,0.0,32,118,1,,
2016456303,16LA00402,16,T4972,45,,55,T5017,45,3.0,3,02,02,2,7,N,,031716,77,8,1,1,0,4,8.4,1,1,T6303,45,,02,,,,,,.,1ST,1,1,..,,J,1,,1,1,2,1,1,1.0,58,2016-03-17,0.048,23,118,1,,
2016456304,16LA00403,16,T4972,45,,55,T5017,45,3.0,3,02,02,2,7,N,,031716,77,8,1,3,0,4,7.0,1,1,T6304,45,,02,3,77,93,,8,.,2ND,1,1,..,,J,2,,0,0,0,1,0,0.0,0,2016-03-17,0.048,,,,,
2016701796,16LA00404,16,L1603,70,,2,L1339,70,2.0,2,PC,PC,1,0,N,,031716,77,8,1,3,2,2,10.2,5,1,L1796,70,,PC,3,77,93,,8,SM.UDDER,1ST,1,1,..,,J,1,,1,1,2,1,0,0.0,0,2016-03-17,0.005,,,,,
2016701797,16LA00405,16,L1603,70,,2,L1339,70,2.0,2,PC,PC,1,0,N,,031716,77,8,1,1,R,3,11.6,2,1,L1797,70,,PC,,,,,,.,2ND,1,1,..,,J,2,,0,0,0,1,1,1.0,105,2016-03-17,0.005,37,118,H,,
D16LA00406,16LA00406,16,S0201,12,,35,S0736,00,2.0,2,07,07,1,0,N,,031716,77,7,2,2,0,2,10.0,1,1,.,,,,1,77,44,,,.,1ST,1,1,..,,J,1,,1,1,2,0,0,0.0,0,2016-03-17,0.0,,,,,
2016120794,16LA00407,16,S0201,12,,35,S0736,00,2.0,2,07,07,1,0,N,,031716,77,7,2,1,R,2,9.9,1,1,S0794,12,,07,6,85,66,,,.,2NDLiverAbsSept,1,1,..,,J,2,,0,0,0,1,0,0.0,0,2016-03-17,0.0,,,,,
2016701798,16LA00408,16,L1309,70,,1,L1151,70,3.0,3,PC,PC,1,0,N,,031716,77,8,3,1,0,3,13.4,1,1,L1798,70,,PC,6,105,21,,,.,1ST.SCRS,1,1,..,OR,J,1,,1,1,2,1,0,0.0,0,2016-03-17,0.006,,,,,
2016701799,16LA00409,16,L1309,70,,1,L1151,70,3.0,3,PC,PC,1,0,N,,031716,77,8,3,1,2,2,14.0,1,1,L1799,70,,PC,,,,,,.,2ND,1,1,..,OR,J,2,,0,0,0,1,1,1.0,120,2016-03-17,0.006,45,118,H,,
2016701800,16LA00410,16,L1521,70,,5,L1441,70,2.0,2,PC,PC,1,0,N,,031716,77,8,3,2,0,2,12.2,5,1,L1800,70,,PC,,,,,,.,1ST,6,2,..,OR,J,1,,1,1,2,1,1,1.0,95,2016-03-17,0.027,34,118,H,,
2016701801,16LA00411,16,L1521,70,,5,L1441,70,2.0,2,PC,PC,1,0,N,,031716,77,8,3,2,0,2,10.4,5,1,L1801,70,,PC,,,,,,.,2ND,1,1,..,OR,J,2,,0,0,0,1,1,1.0,91,2016-03-17,0.027,31,118,H,,
2016833423,16LA00412,16,Z0452,83,,13,Z3202,00,5.0,5,97,97,1,0,N,,031716,77,5,3,1,0,2,17.9,6,1,Z3423,83,,97,,,,,,.,1ST.N,8,2,..,BLD,J,1,,1,1,1,1,1,1.0,131,2016-03-17,0.0,62,118,H,,
D16LA00413,16LA00413,16,R9859,11,,37,S0738,00,3.0,3,07,07,1,0,N,,031716,77,0,0,2,0,2,2.0,1,1,.,,,,0,77,27,,,.,MUMMY,1,1,..,,J,1,,1,1,1,0,0,0.0,0,2016-03-17,0.0,,,,,
2016833377,16LA00414,16,X8538,82,,15,Z2306,83,6.0,6,97,97,1,0,N,,031616,76,8,0,2,0,2,11.6,6,1,Z3377,83,,97,3,76,93,,8,,,7,5,..,BLD,J,2,,0,0,0,1,0,0.0,0,2016-03-16,0.024,,,,,
2016833424,16LA00415,16,Z2805,83,,36,S0737,00,1.0,1,08,07,4,0,N,,031716,77,8,2,2,0,2,6.6,1,1,Z3424,83,,07,3,78,93,,8,.,1ST,1,1,..,,J,1,,1,1,2,1,0,0.0,0,2016-03-17,0.0,,,,,
2016833425,16LA00416,16,Z2805,83,,36,S0737,00,1.0,1,08,07,4,0,N,,031716,77,8,2,2,0,2,7.5,1,1,Z3425,83,,07,,,,,,.,2ND,1,1,..,,J,2,,0,0,0,1,1,1.0,78,2016-03-17,0.0,29,118,1,,
D16LA00417,16LA00417,16,T4024,45,,27,Z3216,00,5.0,5,02,SM,1,7,Y,,031716,77,7,3,2,.,.,12.4,1,1,.,,,,1,77,44,,,.,1ST,1,1,..,BLD,J,1,,1,1,2,0,0,0.0,0,2016-03-17,0.0,,,,,
2016833426,16LA00418,16,T4024,45,,27,Z3216,00,5.0,5,02,SM,1,7,Y,,031716,77,7,3,2,0,2,13.6,2,1,Z3426,83,,XT,,,,,,.,2ND.BR.FEET,1,1,..,BLD,J,2,,0,0,0,1,1,1.0,81,2016-03-17,0.0,36,118,1,,
2016833427,16LA00419,16,Z1549,83,,12,Z1765,83,3.0,3,97,97,1,0,N,,031716,77,8,3,1,0,2,12.0,6,1,Z3427,83,,97,,,,,,.,1ST,1,1,..,BLD,J,1,,1,1,2,1,1,1.0,98,2016-03-17,0.016,39,118,H,,
2016833428,16LA00420,16,Z1549,83,,12,Z1765,83,3.0,3,97,97,1,0,N,,031716,77,8,3,1,0,2,11.4,6,1,Z3428,83,,97,,,,,,.,2ND,1,1,..,BLD,J,2,,0,0,0,1,1,1.0,84,2016-03-17,0.016,31,118,H,,
2016833429,16LA00421,16,H5751,05,,3,L0762,70,6.0,6,30,PC,1,0,Y,,031716,77,5,3,3,0,2,12.3,2,1,Z3429,83,,LP,,,,,,LAME.LH,BL.L.KNEE,1,1,..,BLD,J,1,,1,1,1,1,1,1.0,107,2016-03-17,0.0,41,118,1,,
2016833430,16LA00422,16,H6739,05,,15,Z2306,83,5.0,5,30,97,1,0,Y,,031716,77,8,3,2,0,2,10.7,5,1,Z3430,83,,80,,,,,,LFTOEABSCESS,1ST,1,1,..,BLD,J,1,,1,1,2,1,1,1.0,89,2016-03-17,0.0,32,118,H,,
2016833431,16LA00423,16,H6739,05,,15,Z2306,83,5.0,5,30,97,1,0,Y,,031716,77,8,3,2,0,2,11.9,5,1,Z3431,83,,80,,,,,,.,2ND,1,1,..,BLD,J,2,,0,0,0,1,1,1.0,98,2016-03-17,0.0,40,118,H,,
2016833432,16LA00424,16,Z1500,83,,BL,K4942,64,3.0,3,BL,06,1,1,Y,,031716,77,5,3,2,0,2,12.8,2,1,Z3432,83,,00,,,,,,.,.,8,4,..,,J,1,,1,1,1,1,1,1.0,95,2016-03-17,0.0,42,118,1,,
2016701802,16LA00425,16,L1418,70,,7,L1564,70,3.0,3,PC,PC,1,0,N,,031716,77,8,2,2,L,2,13.8,2,1,L1802,70,,PC,,,,,,RSIDEBLANK,1ST.05GR,1,1,..,OR,J,1,,1,1,2,1,1,1.0,95,2016-03-17,0.007,42,118,H,,
2016701803,16LA00426,16,L1418,70,,7,L1564,70,3.0,3,PC,PC,1,0,N,,031716,77,8,2,2,2,2,10.1,5,1,L1803,70,,PC,3,78,93,,8,.,2ND.10BR,1,1,..,OR,J,2,,0,0,0,1,0,0.0,0,2016-03-17,0.007,,,,,
2016833433,16LA00427,16,T3248,45,,26,Z3213,00,6.0,6,02,SM,1,0,Y,,031716,77,8,3,3,0,2,14.0,1,1,Z3433,83,,XT,,,,,,.,1ST,1,1,..,,J,1,,1,1,2,1,1,1.0,75,2016-03-17,0.0,37,118,1,,
2016833434,16LA00428,16,T3248,45,,26,Z3213,00,6.0,6,02,SM,1,0,Y,,031716,77,8,3,2,0,2,12.2,1,1,Z3434,83,,XT,,,,,,.,2ND.HAIRY,2,2,..,,J,2,,0,0,0,1,1,1.0,74,2016-03-17,0.0,34,118,1,,
2016059329,16LA00429,16,H8162,05,,29,H7479,05,3.0,3,30,30,1,7,N,,031716,77,9,3,1,0,2,9.0,1,1,H9329,05,,30,,,,,,WARTS,1ST,1,1,..,BLD,J,1,,1,1,3,1,1,1.0,83,2016-03-17,0.044,28,118,1,,
2016059330,16LA00430,16,H8162,05,,29,H7479,05,3.0,3,30,30,1,7,N,,031716,77,9,3,2,0,4,11.3,1,1,H9330,05,,30,,,,,,.,2ND.SCRS,2,1,..,BLD,J,2,,0,0,0,1,1,1.0,83,2016-03-17,0.044,35,118,1,,
2016059331,16LA00431,16,H8162,05,,29,H7479,05,3.0,3,30,30,1,7,N,,031716,77,9,3,2,0,2,8.5,1,1,H9331,05,,30,3,78,93,,8,.,3RD,1,1,..,BLD,J,3,,0,0,0,1,0,0.0,0,2016-03-17,0.044,,,,,
2016833435,16LA00432,16,X9915,82,,14,Z3203,00,5.0,5,CM,97,1,0,N,,031716,77,8,3,2,0,2,12.8,5,1,Z3435,83,,SY,,,,,,.,1ST,1,1,..,OR,J,1,,1,1,2,1,1,1.0,95,2016-03-17,0.0,39,118,H,,
2016833436,16LA00433,16,X9915,82,,14,Z3203,00,5.0,5,CM,97,1,0,N,,031716,77,8,3,2,0,3,13.4,5,2,Z3436,83,,SY,,,,,,.,2ND,1,1,..,OR,J,2,,0,0,0,1,1,1.0,62,2016-03-17,0.0,33,118,H,,
2016059332,16LA00434,16,H4891,05,,31,H8485,05,7.0,7,30,30,1,,N,,031716,77,5,3,2,0,2,11.0,1,1,H9332,05,,30,,,,,,PARISIS,.,1,1,..,BLD,J,1,,1,1,1,1,1,1.0,77,2016-03-17,0.029,36,118,H,,
2016120795,16LA00435,16,S0219,12,,52,S0742,00,2.0,2,07,07,1,0,N,,031716,77,8,2,2,0,4,9.6,1,1,S0795,12,,07,,,,,,ENOUGHFORONE,1ST,1,1,..,,J,1,,1,1,2,1,1,1.0,88,2016-03-17,0.0,42,118,1,,
2016120796,16LA00436,16,S0219,12,,52,S0742,00,2.0,2,07,07,1,0,N,,031716,77,8,2,2,R,4,9.4,1,1,S0796,12,,07,3,78,93,,8,.,2ND.WEAK,1,1,..,,J,2,,0,0,0,1,0,0.0,0,2016-03-17,0.0,,,,,
2016833437,16LA00437,16,T2873,45,,22,Z3205,00,6.0,6,02,SM,1,0,Y,,031716,77,9,3,2,2,2,11.9,1,1,Z3437,83,,XT,,,,,,,.,1,1,..,,J,1,,1,1,3,1,1,1.0,98,2016-03-17,0.0,43,118,1,,
D16LA00438,16LA00438,16,H9054,05,,e5,H8061,05,1.0,1,30,30,4,0,Y,.,031716,77,4,2,2,.,.,7.2,1,1,.,,,,1,77,44,,,.,.,1,1,..,,J,1,,1,1,2,0,0,0.0,0,2016-03-17,0.0,,,,,
D16LA00439,16LA00439,16,H9054,05,,e5,H8061,05,1.0,1,30,30,4,0,Y,.,031716,77,4,2,1,.,.,6.5,1,1,.,,,,1,77,44,,,.,.,1,1,..,,J,2,,0,0,0,0,0,0.0,0,2016-03-17,0.0,,,,,
D16LA00440,16LA00440,16,S0557,12,,e9,R9992,11,1.0,1,07,07,4,0,N,.,031716,77,0,1,1,.,.,4.8,1,1,.,,,,0,77,27,,,NO.BAG,.,1,1,..,,J,1,,1,1,1,0,0,0.0,0,2016-03-17,0.0,,,,,
2016059333,16LA00441,16,H8999,05,,e8,H8715,05,1.0,1,30,30,4,0,Y,.,031716,77,9,2,2,0,2,6.8,1,1,H9333,05,,30,3,78,93,,8,.,1ST.HAIRY,1,1,..,BLD,J,1,,1,1,3,1,0,0.0,0,2016-03-17,0.036,,,,,
2016059334,16LA00442,16,H8999,05,,e8,H8715,05,1.0,1,30,30,4,0,Y,.,031716,77,9,2,2,0,2,9.6,1,1,H9334,05,,30,,,,,,.,2ND.NEUROLOGIC,1,1,..,BLD,J,2,,0,0,0,1,1,1.0,74,2016-03-17,0.036,29,118,1,,
2016059335,16LA00443,16,H8999,05,,e8,H8715,05,1.0,1,30,30,4,0,Y,.,031716,77,9,2,2,0,2,6.5,1,1,H9335,05,,30,3,78,93,,8,.,3RD.HAIRY,1,1,..,BLD,J,3,,0,0,0,1,0,0.0,0,2016-03-17,0.036,,,,,
2016059336,16LA00444,16,H8135,05,,31,H8485,05,3.0,3,30,30,1,0,N,,031716,77,5,2,3,0,2,10.9,1,1,H9336,05,,30,,,,,,.,SINGLE.CUT,1,1,..,BLD,J,1,,1,1,1,1,1,1.0,99,2016-03-17,0.023,36,118,1,,
2016120797,16LA00445,16,R7585,11,,40,S0741,00,7.0,7,07,41,1,,N,,031716,77,5,3,1,0,4,12.3,1,1,S0797,12,,42,,,,,,.,.,1,1,..,BLD,J,1,,1,1,1,1,1,1.0,74,2016-03-17,0.0,34,118,1,,
2016833438,16LA00446,16,T3751,45,,28,Z3217,00,5.0,5,02,SM,1,7,Y,,031716,77,7,4,2,0,4,11.9,2,1,Z3438,83,,XT,,,,,,HUGE.TEATS,1ST,1,1,..,,J,1,,1,1,2,1,1,1.0,94,2016-03-17,0.0,43,118,1,,
D16LA00447,16LA00447,16,T3751,45,,28,Z3217,00,5.0,5,02,SM,1,7,Y,,031716,77,7,4,2,.,.,11.2,1,1,.,,,,1,77,44,,,.,2ND,1,1,..,,J,2,,0,0,0,0,0,0.0,0,2016-03-17,0.0,,,,,
2016120798,16LA00448,16,R9154,11,,42,R9841,11,4.0,4,07,07,1,0,N,,031716,77,8,3,1,0,2,14.4,1,1,S0798,12,,07,,,,,,.,1ST,1,1,..,BLD,J,1,,1,1,2,1,1,1.0,60,2016-03-17,0.021,28,118,1,,
2016120799,16LA00449,16,R9154,11,,42,R9841,11,4.0,4,07,07,1,0,N,,031716,77,8,3,1,0,2,13.4,1,1,S0799,12,,07,,,,,,.,2ND,1,1,..,BLD,J,2,,0,0,0,1,1,1.0,74,2016-03-17,0.021,28,118,1,,
2016701804,16LA00450,16,L1036,70,,8,L1614,70,3.0,3,PC,PC,1,,N,,031716,77,8,2,2,2,4,10.6,2,1,L1804,70,,PC,,,,,,.,1ST.EYES.ULCR,1,1,..,OR,J,1,,1,1,2,1,1,1.0,89,2016-03-17,0.006,33,118,H,,
2016701805,16LA00451,16,L1036,70,,8,L1614,70,3.0,3,PC,PC,1,,N,,031716,77,8,2,1,0,2,12.3,5,1,L1805,70,,PC,,,,,,.,2ND.50BRGR,1,1,..,OR,J,2,,0,0,0,1,1,1.0,106,2016-03-17,0.006,35,118,H,,
2016833439,16LA00452,16,T4305,45,,4,L1368,70,4.0,4,02,PC,1,0,Y,,031716,77,8,3,2,0,2,15.3,1,1,Z3439,83,,LT,,,,,,,1ST.FLEGSCAST,3,4,..,,J,1,,1,1,2,1,1,1.0,84,2016-03-17,0.0,44,118,1,,
2016833440,16LA00453,16,T4305,45,,4,L1368,70,4.0,4,02,PC,1,0,Y,,031716,77,8,3,2,0,2,12.9,1,1,Z3440,83,,LT,6,78,46,,,.,2ND,1,1,..,,J,2,,0,0,0,1,0,0.0,0,2016-03-17,0.0,,,,,
2016833441,16LA00454,16,R8720,11,,25,Z3212,00,5.0,5,07,SM,1,0,Y,,031716,77,8,3,2,0,2,13.6,1,1,Z3441,83,,XR,,,,,,.,1ST,1,1,..,BLD,J,1,,1,1,2,1,1,1.0,87,2016-03-17,0.0,45,118,1,,
2016833442,16LA00455,16,R8720,11,,25,Z3212,00,5.0,5,07,SM,1,0,Y,,031716,77,8,3,2,0,3,11.5,1,1,Z3442,83,,XR,,,,,,.,2ND,1,1,..,BLD,J,2,,0,0,0,1,1,1.0,84,2016-03-17,0.0,32,118,1,,
D16LA00456,16LA00456,16,T6226,45,,e13,T5618,45,1.0,1,02,02,4,0,N,.,031816,78,0,1,2,.,.,5.7,1,1,.,,,,0,78,27,,,.,.,1,1,..,,J,1,,1,1,1,0,0,0.0,0,2016-03-18,0.0,,,,,
2016833443,16LA00457,16,R8886,11,,6,L1549,70,5.0,5,07,PC,1,0,Y,,031816,78,8,4,3,0,2,11.3,1,1,Z3443,83,,LR,3,104,93,,,BADMAST2SIDES,1ST,1,1,..,BLD,J,1,,1,1,2,1,0,0.0,0,2016-03-18,0.0,,,,,
2016833444,16LA00458,16,R8886,11,,6,L1549,70,5.0,5,07,PC,1,0,Y,,031816,78,8,4,3,0,2,13.3,1,1,Z3444,83,,LR,3,104,93,,,.,2ND,1,1,..,BLD,J,2,,0,0,0,1,0,0.0,0,2016-03-18,0.0,,,,,
D16LA00459,16LA00459,16,H6917,05,,16,Z3208,00,5.0,5,30,97,1,0,Y,,031816,78,9,3,1,.,.,4.4,5,1,.,,,,0,78,27,,,.,1ST.SIDEWAYS,7,3,..,BLD,J,1,,1,1,3,0,0,0.0,0,2016-03-18,0.0,,,,,
2016833445,16LA00460,16,H6917,05,,16,Z3208,00,5.0,5,30,97,1,0,Y,,031816,78,9,3,2,0,2,9.5,5,1,Z3445,83,,80,,,,,,.,2ND,1,1,..,BLD,J,2,,0,0,0,1,1,1.0,83,2016-03-18,0.0,32,118,1,,
2016833446,16LA00461,16,H6917,05,,16,Z3208,00,5.0,5,30,97,1,0,Y,,031816,78,9,3,2,R,4,11.2,5,1,Z3446,83,,80,,,,,,.,3RD,1,1,..,BLD,J,3,,0,0,0,1,1,1.0,84,2016-03-18,0.0,32,118,1,,
2016833447,16LA00462,16,R8848,11,,23,Z3207,00,5.0,5,07,SM,1,0,Y,,031816,78,8,3,3,0,2,13.0,1,1,Z3447,83,,XR,,,,,,LSIDEVBLOODY,1ST,1,1,..,BLD,J,1,,1,1,2,1,1,1.0,100,2016-03-18,0.0,43,118,1,,
2016833448,16LA00463,16,R8848,11,,23,Z3207,00,5.0,5,07,SM,1,0,Y,,031816,78,8,3,2,0,2,11.0,1,1,Z3448,83,,XR,3,78,93,,8,,2ND.UMB INFX,1,1,..,BLD,J,2,,0,0,0,1,0,0.0,0,2016-03-18,0.0,,,,,
2016833449,16LA00464,16,T2532,45,,42,R9841,11,7.0,7,02,07,1,,N,,031816,78,8,3,1,0,2,15.1,1,1,Z3449,83,,08,,,,,,SW.BAG,1ST,1,1,..,,J,1,,1,1,2,1,1,1.0,89,2016-03-18,0.0,37,118,1,,
2016833450,16LA00465,16,T2532,45,,42,R9841,11,7.0,7,02,07,1,,N,,031816,78,8,3,2,0,2,12.0,1,1,Z3450,83,,08,,,,,,.,2ND,1,1,..,,J,2,,0,0,0,1,1,1.0,63,2016-03-18,0.0,30,118,1,,
2016833451,16LA00466,16,Z0296,83,,BL,K4942,64,5.0,5,BL,06,1,7,Y,,031816,78,8,3,2,0,2,11.4,1,1,Z3451,83,,00,,,,,,.,1ST.SCOURS,1,1,..,,J,1,,1,1,2,1,1,1.0,86,2016-03-18,0.0,39,118,1,,
2016833452,16LA00467,16,Z0296,83,,BL,K4942,64,5.0,5,BL,06,1,7,Y,,031816,78,8,3,3,0,4,14.4,5,1,Z3452,83,,00,,,,,,.,2ND.LF.FT ABCSS,1,1,..,,J,2,,0,0,0,1,1,1.0,105,2016-03-18,0.0,47,118,1,,
2016059337,16LA00468,16,H8516,05,,29,H7479,05,2.0,2,30,30,1,0,N,,031816,78,8,3,2,0,4,9.4,1,1,H9337,05,,30,7,199,97,,,.,.,1,1,..,,J,1,,1,1,2,1,0,,,2016-03-18,0.022,24,118,1,,
2016059338,16LA00469,16,H8516,05,,29,H7479,05,2.0,2,30,30,1,0,N,,031816,78,8,3,2,0,4,7.1,1,1,H9338,05,,30,,,,,,.,.,1,1,..,,J,2,,0,0,0,1,1,1.0,52,2016-03-18,0.022,20,118,1,,
2016701806,16LA00470,16,L0742,70,,6,L1549,70,4.0,4,PC,PC,1,0,N,,031816,78,8,2,2,2,2,10.8,5,1,L1806,70,,PC,3,90,93,,,BIGTEATSMast,1ST.25BL,1,1,..,OR,J,1,,1,1,2,1,0,0.0,0,2016-03-18,0.01,,,,,
2016701807,16LA00471,16,L0742,70,,6,L1549,70,4.0,4,PC,PC,1,0,N,,031816,78,8,2,1,R,2,9.2,2,1,L1807,70,,PC,6,90,23,,,.,2ND.05BR.SCRS,1,1,..,OR,J,2,,0,0,0,1,0,0.0,0,2016-03-18,0.01,,,,,
2016833453,16LA00472,16,T4358,45,,25,Z3212,00,4.0,4,02,SM,1,0,Y,,031816,78,5,3,3,0,2,14.4,1,1,Z3453,83,,XT,6,114,38,,,.,LAME R HOCK,1,1,..,,J,1,,1,1,1,1,0,,,2016-03-18,0.0,,,,,
2016456305,16LA00473,16,T3354,45,,62,T5331,45,6.0,6,02,02,2,0,N,,031816,78,8,3,2,2,3,11.7,1,1,T6305,45,,02,,0,,,,.,1ST,1,1,..,,J,1,,1,1,2,1,1,1.0,67,2016-03-18,0.031,32,118,1,,
2016456306,16LA00474,16,T3354,45,,62,T5331,45,6.0,6,02,02,2,0,N,,031816,78,8,3,2,0,3,11.9,1,1,T6306,45,,02,,,,,,.,2ND,1,1,..,,J,2,,0,0,0,1,1,1.0,71,2016-03-18,0.031,29,118,1,,
2016059339,16LA00475,16,H5484,05,,29,H7479,05,7.0,7,30,30,1,,N,,031816,78,9,3,2,0,3,8.0,1,1,H9339,05,,30,,,,,,RP,1ST,1,1,..,BLD,J,1,,1,1,3,1,1,1.0,83,2016-03-18,0.042,33,118,1,,
2016059340,16LA00476,16,H5484,05,,29,H7479,05,7.0,7,30,30,1,,N,,031816,78,9,3,2,0,2,4.6,1,1,H9340,05,,30,3,78,93,,8,.,2ND.WEAK,1,1,..,BLD,J,2,,0,0,0,1,0,0.0,0,2016-03-18,0.042,,,,,
D16LA00477,16LA00477,16,H5484,05,,29,H7479,05,7.0,7,30,30,1,,N,,031816,78,9,3,2,.,.,3.5,1,1,.,,,,0,78,27,,,.,3RD,1,1,..,BLD,J,3,,0,0,0,0,0,0.0,0,2016-03-18,0.042,,,,,
2016833454,16LA00478,16,Z2267,83,,13,Z3202,00,2.0,2,97,97,1,0,N,,031816,78,8,3,3,0,3,9.4,6,1,Z3454,83,,97,,,,,,2@ONCE,1ST.UNI.CRYPT,7,3,..,BLD,J,1,,1,1,2,1,1,1.0,92,2016-03-18,0.0,35,118,H,,
2016833455,16LA00479,16,Z2267,83,,13,Z3202,00,2.0,2,97,97,1,0,N,,031816,78,8,3,1,0,2,8.8,6,1,Z3455,83,,97,6,82,42,,,.,2ND.Twisted.gut,c,3,..,BLD,J,2,,0,0,0,1,0,0.0,0,2016-03-18,0.0,,,,,
2016833456,16LA00480,16,Z1613,83,,15,Z2306,83,3.0,3,97,97,1,0,N,,031816,78,5,3,1,0,2,13.0,6,1,Z3456,83,,97,,,,,,ABSCESSRSHLDR,.,1,1,..,BLD,J,1,,1,1,1,1,1,1.0,98,2016-03-18,0.028,39,118,H,,
2016059341,16LA00481,16,H8640,05,,33,H8787,05,2.0,2,30,30,1,,N,,031816,78,8,2,2,0,2,10.4,1,1,H9341,05,,30,,,,,,.,1ST,1,1,..,BLD,J,1,,1,1,2,1,1,1.0,77,2016-03-18,0.022,28,118,1,,
2016059342,16LA00482,16,H8640,05,,33,H8787,05,2.0,2,30,30,1,,N,,031816,78,8,2,2,0,2,9.1,1,1,H9342,05,,30,,,,,,.,2ND,1,1,..,BLD,J,2,,0,0,0,1,1,1.0,57,2016-03-18,0.022,22,118,1,,
2016059343,16LA00483,16,H8092,05,,33,H8787,05,3.0,3,30,30,1,0,N,,031816,78,9,3,3,0,2,6.6,1,1,H9343,05,,30,,,,,,.,1ST,1,1,..,BLD,J,1,,1,1,3,1,1,1.0,74,2016-03-18,0.036,26,118,1,,
2016059344,16LA00484,16,H8092,05,,33,H8787,05,3.0,3,30,30,1,0,N,,031816,78,9,3,3,0,2,6.3,1,1,H9344,05,,30,3,78,93,,8,.,2ND,1,1,..,BLD,J,2,,0,0,0,1,0,0.0,0,2016-03-18,0.036,,,,,
2016059345,16LA00485,16,H8092,05,,33,H8787,05,3.0,3,30,30,1,0,N,,031816,78,9,3,1,0,2,8.2,1,1,H9345,05,,30,,,,,,.,3RD.SCRS,1,1,..,BLD,J,3,,0,0,0,1,1,1.0,84,2016-03-18,0.036,32,118,1,,
2016120800,16LA00486,16,R9264,11,,46,S0209,12,4.0,4,07,07,1,0,N,,031816,78,8,3,1,0,4,9.6,1,1,S0800,12,,07,,,,,,.,1ST,1,1,..,BLD,J,1,,1,1,2,1,1,1.0,82,2016-03-18,0.02,29,118,1,,
2016120801,16LA00487,16,R9264,11,,46,S0209,12,4.0,4,07,07,1,0,N,,031816,78,8,3,1,0,2,8.8,1,1,S0801,12,,07,,,,,,.,2ND,1,1,..,BLD,J,2,,0,0,0,1,1,1.0,80,2016-03-18,0.02,29,118,1,,
2016059346,16LA00488,16,H5844,05,,29,H7479,05,6.0,6,30,30,1,0,N,,031816,78,5,3,2,0,2,14.0,1,1,H9346,05,,30,,,,,,.,.,1,1,..,BLD,J,1,,1,1,1,1,1,1.0,105,2016-03-18,0.045,41,118,1,,
2016120802,16LA00489,16,S0157,12,,53,S0743,00,2.0,2,07,07,1,,N,,031816,78,8,3,2,0,2,9.0,1,1,S0802,12,,07,,,,,,.,1ST,1,1,..,BLD,J,1,,1,1,2,1,1,1.0,62,2016-03-18,0.0,26,118,1,,
2016120803,16LA00490,16,S0157,12,,53,S0743,00,2.0,2,07,07,1,,N,,031816,78,8,3,1,0,2,11.6,1,1,S0803,12,,07,,,,,,.,2ND.SCRS,1,1,..,BLD,J,2,,0,0,0,1,1,1.0,72,2016-03-18,0.0,23,118,1,,
D16LA00491,16LA00491,16,T2873,45,,22,Z3205,00,6.0,6,02,SM,1,0,Y,,031816,78,9,3,.,.,.,0.0,.,.,.,,,,0,78,27,,,.,MUMMY,1,1,..,,J,2,,0,0,0,0,0,0.0,0,2016-03-18,0.0,,,,,
D16LA00492,16LA00492,16,T2873,45,,22,Z3205,00,6.0,6,02,SM,1,0,Y,,031816,78,9,3,1,.,.,12.6,1,1,.,,,,1,78,44,,,,,1,1,..,,J,3,,0,0,0,0,0,0.0,0,2016-03-18,0.0,,,,,
2016120804,16LA00493,16,R9244,11,,51,S0735,00,4.0,4,07,07,1,0,N,,031816,78,8,3,1,0,4,12.1,1,1,S0804,12,,07,,,,,,.,1ST,1,1,..,BLD,J,1,,1,1,2,1,1,1.0,77,2016-03-18,0.0,34,118,1,,
2016120805,16LA00494,16,R9244,11,,51,S0735,00,4.0,4,07,07,1,0,N,,031816,78,8,3,2,0,4,12.1,1,1,S0805,12,,07,,,,,,.,2ND,1,1,..,BLD,J,2,,0,0,0,1,1,1.0,77,2016-03-18,0.0,32,118,1,,
2016833457,16LA00495,16,R8734,11,,24,Z3209,00,5.0,5,07,SM,1,0,Y,,031816,78,5,3,3,0,4,16.0,2,1,Z3457,83,,XR,,,,,,.,.,1,1,..,BLD,J,1,,1,1,1,1,1,1.0,109,2016-03-18,0.0,48,118,1,,
2016833458,16LA00496,16,R9069,11,,14,Z3203,00,5.0,5,07,97,1,0,Y,,031816,78,8,2,2,0,4,13.1,5,1,Z3458,83,,10,,,,,,.,1ST,8,4,..,BLD,J,1,,1,1,2,1,1,1.0,85,2016-03-18,0.0,33,118,1,,
2016833459,16LA00497,16,R9069,11,,14,Z3203,00,5.0,5,07,97,1,0,Y,,031816,78,8,2,2,0,2,11.6,5,1,Z3459,83,,10,,,,,,.,2ND,2,4,..,BLD,J,2,,0,0,0,1,1,1.0,80,2016-03-18,0.0,33,118,1,,
2016120806,16LA00498,16,R9402,11,,53,S0743,00,4.0,4,07,07,1,0,N,,031816,78,8,3,1,0,2,12.3,1,1,S0806,12,,07,,,,,,LF.LAME,1ST,1,1,..,BLD,J,1,,1,1,2,1,1,1.0,73,2016-03-18,0.0,28,118,1,,
2016120807,16LA00499,16,R9402,11,,53,S0743,00,4.0,4,07,07,1,0,N,,031816,78,8,3,2,0,2,12.8,1,1,S0807,12,,07,,,,,,.,2ND,1,1,..,BLD,J,2,,0,0,0,1,1,1.0,69,2016-03-18,0.0,28,118,1,,
2016120808,16LA00500,16,R9431,11,,45,S0123,12,4.0,4,07,07,1,0,N,,031816,78,8,3,2,0,4,12.0,1,1,S0808,12,,07,,,,,,.,1ST,1,1,..,BLD,J,1,,1,1,2,1,1,1.0,78,2016-03-18,0.038,33,118,1,,
2016120809,16LA00501,16,R9431,11,,45,S0123,12,4.0,4,07,07,1,0,N,,031816,78,8,3,1,0,2,12.5,1,1,S0809,12,,07,,,,,,.,2ND,1,1,..,BLD,J,2,,0,0,0,1,1,1.0,78,2016-03-18,0.038,32,118,1,,
2016120810,16LA00502,16,R7802,11,,49,S0733,00,7.0,7,07,07,1,,N,,031816,78,9,1,3,0,4,8.5,1,1,S0810,12,,07,3,79,93,,8,RTITBLIND,1ST,3,3,..,BLD,J,1,,1,1,3,1,0,0.0,0,2016-03-18,0.0,,,,,
D16LA00503,16LA00503,16,T5200,45,,41,Z3206,00,3.0,3,02,07,1,I,N,,031816,78,9,0,2,.,.,8.4,1,1,.,,,,1,78,44,,,FROMA2,1ST,8,4,..,,J,1,,1,1,3,0,0,0.0,0,2016-03-18,0.0,,,,,
2016833460,16LA00504,16,T5200,45,,41,Z3206,00,3.0,3,02,07,1,I,N,,031816,78,9,0,2,0,2,6.4,1,1,Z3460,83,,08,6,81,66,,8,BLOAT,2NDScoursHemorr,8,4,..,,J,2,,0,0,0,1,0,0.0,0,2016-03-18,0.0,,,,,
D16LA00505,16LA00505,16,T5200,45,,41,Z3206,00,3.0,3,02,07,1,I,N,,031816,78,9,0,1,.,.,9.1,1,1,.,,,,1,78,44,,,.,3RD,8,4,..,,J,3,,0,0,0,0,0,0.0,0,2016-03-18,0.0,,,,,
2016059347,16LA00506,16,H8860,05,,e8,H8715,05,1.0,1,30,30,4,0,Y,,031816,78,8,2,3,0,2,5.5,1,1,H9347,05,,30,,,,,,.,1ST.SCOURS,1,1,..,,J,1,,1,1,2,1,1,1.0,50,2016-03-18,0.041,15,118,1,,
2016059348,16LA00507,16,H8860,05,,e8,H8715,05,1.0,1,30,30,4,0,Y,,031816,78,8,2,2,0,2,4.8,1,1,H9348,05,,30,,,,,,.,2ND.BLOODYSHIT,1,1,..,,J,2,,0,0,0,1,1,1.0,51,2016-03-18,0.041,17,118,1,,
2016120813,16LA00508,16,S0511,12,,e10,R9999,11,1.0,1,07,07,4,0,N,,031816,78,5,2,3,0,2,11.1,1,1,S0813,12,,07,,,,,,.,UGLY,1,1,..,BLD,J,1,,1,1,1,1,1,1.0,76,2016-03-18,0.026,30,118,1,,
2016833461,16LA00509,16,T5400,45,,52,S0742,00,2.0,2,02,07,1,,N,,031816,78,8,3,1,0,4,11.2,1,1,Z3461,83,,08,,,,,,.,1ST,1,1,..,BLD,J,1,,1,1,2,1,1,1.0,80,2016-03-18,0.0,28,118,1,,
2016833462,16LA00510,16,T5400,45,,52,S0742,00,2.0,2,02,07,1,,N,,031816,78,8,3,1,0,2,10.1,1,1,Z3462,83,,08,,,,,,.,2ND,1,1,..,BLD,J,2,,0,0,0,1,1,1.0,72,2016-03-18,0.0,21,118,1,,
2016701808,16LA00511,16,L1609,70,,3,L0762,70,2.0,2,PC,PC,1,0,N,,031816,78,8,3,1,0,2,11.7,5,1,L1808,70,,PC,,,,,,.,1ST.95BL,1,1,..,OR,J,1,,1,1,2,1,1,1.0,93,2016-03-18,0.088,26,118,H,,
2016701809,16LA00512,16,L1609,70,,3,L0762,70,2.0,2,PC,PC,1,0,N,,031816,78,8,3,1,0,2,9.6,5,1,L1809,70,,PC,,,,,,.,2ND.70TAN.SCRS,1,1,..,OR,J,2,,0,0,0,1,1,1.0,92,2016-03-18,0.088,28,118,H,,
D16LA00513,16LA00513,16,Z3004,83,,59,T6300,00,1.0,1,01,02,4,0,N,.,031816,78,1,3,2,.,.,10.8,1,1,.,,,,1,78,44,,,.,.,1,1,..,,J,1,,1,1,1,0,0,0.0,0,2016-03-18,0.0,,,,,
2016120814,16LA00514,16,R9274,11,,49,S0733,00,4.0,4,07,07,1,0,N,,031816,78,9,2,2,0,3,7.9,1,1,S0814,12,,07,3,79,93,,8,.,1ST,1,1,..,BLD,J,1,,1,1,3,1,0,0.0,0,2016-03-18,0.0,,,,,
2016120815,16LA00515,16,R9274,11,,49,S0733,00,4.0,4,07,07,1,0,N,,031816,78,9,2,1,0,2,9.6,1,1,S0815,12,,07,,,,,,.,2ND,1,1,..,BLD,J,2,,0,0,0,1,1,1.0,79,2016-03-18,0.0,24,118,1,,
2016120816,16LA00516,16,R9274,11,,49,S0733,00,4.0,4,07,07,1,0,N,,031816,78,9,2,1,0,2,8.0,1,1,S0816,12,,07,,,,,,.,3RD.SCRS,1,1,..,BLD,J,3,,0,0,0,1,1,1.0,67,2016-03-18,0.0,23,118,1,,
2016833463,16LA00517,16,Z1000,83,,18,Z3211,00,4.0,4,CM,97,1,0,N,,031816,78,8,2,1,0,4,14.4,5,1,Z3463,83,,SY,,,,,,.,1ST,1,1,..,OR,J,1,,1,1,2,1,1,1.0,105,2016-03-18,0.0,36,118,H,,
2016833464,16LA00518,16,Z1000,83,,18,Z3211,00,4.0,4,CM,97,1,0,N,,031816,78,8,2,2,0,4,15.2,5,1,Z3464,83,,SY,,,,,,.,2ND,1,1,..,OR,J,2,,0,0,0,1,1,1.0,99,2016-03-18,0.0,35,118,H,,
2016120817,16LA00519,16,R9653,11,,34,S0732,00,3.0,3,07,07,1,0,N,,031816,78,8,3,2,0,2,12.8,1,1,S0817,12,,07,,,,,,.,1ST,1,1,..,,J,1,,1,1,2,1,1,1.0,78,2016-03-18,0.0,34,118,1,,
2016120818,16LA00520,16,R9653,11,,34,S0732,00,3.0,3,07,07,1,0,N,,031816,78,8,3,2,0,2,10.6,1,1,S0818,12,,07,,,,,,.,2ND.HAIRY,1,1,..,,J,2,,0,0,0,1,1,1.0,71,2016-03-18,0.0,29,118,1,,
D16LA00521,16LA00521,16,T5657,45,,55,T5017,45,2.0,2,02,02,2,,N,,031816,78,2,2,2,.,.,11.3,1,1,.,,,,0,78,27,,,.,.,1,1,..,,J,1,,1,1,2,0,0,0.0,0,2016-03-18,0.0,,,,,
D16LA00522,16LA00522,16,T5657,45,,55,T5017,45,2.0,2,02,02,2,,N,,031816,78,2,2,1,.,.,10.8,1,1,.,,,,0,78,27,,,.,.,1,1,..,,J,2,,0,0,0,0,0,0.0,0,2016-03-18,0.0,,,,,
2016456307,16LA00523,16,T5608,45,,62,T5331,45,2.0,2,02,02,2,7,N,,031816,78,5,3,1,2,3,12.5,1,1,T6307,45,,02,6,89,06,,,.,UmbilicusTail,1,1,..,,J,1,,1,1,1,1,0,0.0,0,2016-03-18,0.046,,,,,
D16LA00524,16LA00524,16,H9190,05,,e7,H8543,05,1.0,1,30,30,4,0,Y,,031816,78,2,2,2,.,.,7.2,1,1,.,,,,0,78,27,Z3468,+,2@ONCE,1ST,7,1,..,,J,1,,1,1,2,0,0,0.5,0,2016-03-18,0.0,,,,,
D16LA00525,16LA00525,16,H9190,05,,e7,H8543,05,1.0,1,30,30,4,0,Y,,031816,78,2,2,2,.,.,7.0,1,1,.,,,,0,78,27,,,RP,2ND,3,1,..,,J,2,,0,0,0,0,0,0.0,0,2016-03-18,0.0,,,,,
2016701810,16LA00526,16,L1514,70,,8,L1614,70,3.0,3,PC,PC,1,0,N,,031816,78,5,3,1,0,3,19.5,5,1,L1810,70,,PC,,,,,,.,20BL.NICE,1,1,..,OR,J,1,,1,1,1,1,1,1.0,141,2016-03-18,0.008,53,118,H,,
2016059349,16LA00527,16,H5693,05,,31,H8485,05,6.0,6,30,30,1,0,N,,031816,78,9,2,2,0,2,6.6,1,1,H9349,05,,30,3,99,93,,,MilkDecrease,Hungry,1,1,..,BLD,J,1,,1,1,3,1,0,0.0,0,2016-03-18,0.026,,,,,
2016059350,16LA00528,16,H5693,05,,31,H8485,05,6.0,6,30,30,1,0,N,,031816,78,9,2,2,0,2,5.6,1,1,H9350,05,,30,3,97,93,,,,SkinnyCold,1,1,..,BLD,J,2,,0,0,0,1,0,0.0,0,2016-03-18,0.026,,,,,
D16LA00529,16LA00529,16,H5693,05,,31,H8485,05,6.0,6,30,30,1,0,N,,031816,78,9,2,2,.,.,4.5,1,1,.,,,,0,78,27,,,.,.,1,1,..,BLD,J,3,,0,0,0,0,0,0.0,0,2016-03-18,0.026,,,,,
2016833465,16LA00530,16,T2577,45,,28,Z3217,00,7.0,7,02,SM,1,,Y,,031916,79,8,2,2,0,2,10.6,1,1,Z3465,83,,XT,,,,,,LAME.RF,1ST,1,1,..,,J,1,,1,1,2,1,1,1.0,48,2016-03-19,0.0,17,118,1,,
2016833466,16LA00531,16,T2577,45,,28,Z3217,00,7.0,7,02,SM,1,,Y,,031916,79,8,2,3,0,2,10.5,1,1,Z3466,83,,XT,,,,,,.,2ND,1,1,..,,J,2,,0,0,0,1,1,1.0,64,2016-03-19,0.0,22,118,1,,
2016120819,16LA00532,16,R9951,11,,51,S0735,00,3.0,3,07,07,1,0,N,,031916,79,5,3,1,0,4,14.2,1,1,S0819,12,,07,,,,,,.,.,1,1,..,,J,1,,1,1,1,1,1,1.0,96,2016-03-19,0.0,41,118,1,,
2016833467,16LA00533,16,H6727,05,,22,Z3205,00,5.0,5,30,SM,1,0,Y,,031916,79,9,2,3,0,2,6.5,1,1,Z3467,83,,XP,,,,,,.,1ST.SCRS,1,1,..,BLD,J,1,,1,1,3,1,1,1.0,64,2016-03-19,0.0,20,118,1,,
2016833468,16LA00534,16,H6727,05,,22,Z3205,00,5.0,5,30,SM,1,0,Y,,031916,79,9,2,3,0,2,7.4,1,1,Z3468,83,,XP,,,,H9190,-,.,2ND,1,1,..,BLD,J,2,,0,0,0,1,1,0.5,78,2016-03-19,0.0,30,118,1,,
2016833469,16LA00535,16,H6727,05,,22,Z3205,00,5.0,5,30,SM,1,0,Y,,031916,79,9,2,3,0,2,4.6,1,1,Z3469,83,,XP,,,,,,.,3RD,1,1,..,BLD,J,3,,0,0,0,1,1,1.0,55,2016-03-19,0.0,14,118,1,,
2016833470,16LA00536,16,H6807,05,,13,Z3202,00,5.0,5,30,97,1,0,Y,,031916,79,8,3,3,0,2,12.9,5,1,Z3470,83,,80,,,,,,.,1ST.PNEU,1,1,..,BLD,J,1,,1,1,2,1,1,1.0,95,2016-03-19,0.0,26,118,1,,
2016833471,16LA00537,16,H6807,05,,13,Z3202,00,5.0,5,30,97,1,0,Y,,031916,79,8,3,3,0,2,13.9,5,1,Z3471,83,,80,,,,,,.,2ND,1,1,..,BLD,J,2,,0,0,0,1,1,1.0,79,2016-03-19,0.0,39,118,1,,
2016120820,16LA00538,16,S0053,12,,40,S0741,00,2.0,2,07,41,1,0,N,,031916,79,8,2,1,0,2,11.5,1,1,S0820,12,,42,,,,,,.,1ST,1,1,..,,J,1,,1,1,2,1,1,1.0,88,2016-03-19,0.0,39,118,1,,
2016120821,16LA00539,16,S0053,12,,40,S0741,00,2.0,2,07,41,1,0,N,,031916,79,8,2,2,0,4,8.7,1,1,S0821,12,,42,,,,,,.,2ND,1,1,..,,J,2,,0,0,0,1,1,1.0,64,2016-03-19,0.0,25,118,1,,
2016833472,16LA00540,16,X7244,82,,15,Z2306,83,7.0,7,97,97,1,,N,,031916,79,8,3,1,0,2,13.4,6,1,Z3472,83,,97,,,,,,.,1ST.SCOURS,3,3,..,BLD,J,1,,1,1,2,1,1,1.0,85,2016-03-19,0.033,30,118,H,,
2016833473,16LA00541,16,X7244,82,,15,Z2306,83,7.0,7,97,97,1,,N,,031916,79,8,3,1,0,2,14.6,6,1,Z3473,83,,97,,,,,,.,2ND,8,3,..,BLD,J,2,,0,0,0,1,1,1.0,89,2016-03-19,0.033,26,118,H,,
2016120822,16LA00542,16,R7368,11,18,47,S0730,00,8.0,8,07,07,1,,N,,031916,79,8,3,2,0,4,11.6,1,1,S0822,12,,07,,,,,,.,1ST.SCRS,1,1,..,BLD,J,1,,1,1,2,1,1,1.0,66,2016-03-19,0.0,21,118,1,,
2016120823,16LA00543,16,R7368,11,18,47,S0730,00,8.0,8,07,07,1,,N,,031916,79,8,3,1,0,4,11.2,1,1,S0823,12,,07,,,,,,.,2ND,2,1,..,BLD,J,2,,0,0,0,1,1,1.0,66,2016-03-19,0.0,28,118,1,,
2016833474,16LA00544,16,H6634,05,,8,L1614,70,5.0,5,30,PC,1,0,Y,,031916,79,8,2,3,0,2,9.6,1,1,Z3474,83,,LP,,,,,,.,1ST,8,2,..,BLD,J,1,,1,1,2,1,1,1.0,72,2016-03-19,0.0,25,118,1,,
2016833475,16LA00545,16,H6634,05,,8,L1614,70,5.0,5,30,PC,1,0,Y,,031916,79,8,2,2,0,3,10.6,2,1,Z3475,83,,LP,,,,,,.,2ND.BR.EARSEYES,1,1,..,BLD,J,2,,0,0,0,1,1,1.0,71,2016-03-19,0.0,23,118,1,,
2016833476,16LA00546,16,Z0283,83,,15,Z2306,83,5.0,5,97,97,1,0,N,,031916,79,8,3,1,0,2,12.2,6,1,Z3476,83,,97,,,,,,.,.,1,1,..,BLD,J,1,,1,1,2,1,1,1.0,99,2016-03-19,0.029,32,118,H,,
2016833477,16LA00547,16,Z0283,83,,15,Z2306,83,5.0,5,97,97,1,0,N,,031916,79,8,3,1,0,2,14.0,6,1,Z3477,83,,97,,,,,,.,SCOURS,1,1,..,BLD,J,2,,0,0,0,1,1,1.0,61,2016-03-19,0.029,28,118,H,,
2016833478,16LA00548,16,R9120,11,,2,L1339,70,5.0,5,07,PC,1,0,Y,,031916,79,8,1,3,0,4,12.8,1,1,Z3478,83,,LR,,,,,,.,1ST,1,1,..,BLD,J,1,,1,1,2,1,1,1.0,93,2016-03-19,0.0,37,118,1,,
2016833479,16LA00549,16,R9120,11,,2,L1339,70,5.0,5,07,PC,1,0,Y,,031916,79,8,1,2,0,2,13.3,1,1,Z3479,83,,LR,,,,,,.,2ND,1,1,..,BLD,J,2,,0,0,0,1,1,1.0,70,2016-03-19,0.0,32,118,1,,
2016059351,16LA00550,16,H9051,05,,e8,H8715,05,1.0,1,30,30,4,,Y,,031916,79,8,3,3,0,4,6.7,1,1,H9351,05,,30,,,,,,.,1st.PNEU.SCRS,1,1,..,,J,1,,1,1,2,1,1,1.0,82,2016-03-19,0.031,30,118,1,,
2016059352,16LA00551,16,H9051,05,,e8,H8715,05,1.0,1,30,30,4,,Y,,031916,79,8,3,3,0,4,5.6,1,1,H9352,05,,30,,,,,,.,2nd.scrs.resp, 1,1,..,,J,2,,0,0,0,1,1,1.0,58,2016-03-19,0.031,17,118,1,,
2016120824,16LA00552,16,S0223,12,,41,Z3206,00,2.0,2,07,07,1,0,N,,031916,79,5,3,2,0,4,10.8,1,1,S0824,12,,07,,,,,,CHUNKS,HD BREATHING,1,1,..,,J,1,,1,1,1,1,1,1.0,89,2016-03-19,0.0,36,118,1,,
2016120825,16LA00553,16,R9574,11,,49,S0733,00,3.0,3,07,07,1,0,N,,031916,79,8,3,2,0,4,9.1,1,1,S0825,12,,07,,,,,,.,1ST,1,1,..,,J,1,,1,1,2,1,1,1.0,67,2016-03-19,0.0,33,118,1,,
2016120826,16LA00554,16,R9574,11,,49,S0733,00,3.0,3,07,07,1,0,N,,031916,79,8,3,3,0,4,12.0,1,1,S0826,12,,07,,,,,,.,2ND.UGLY,1,1,..,,J,2,,0,0,0,1,1,1.0,69,2016-03-19,0.0,31,118,1,,
2016120811,16LA00555,16,R7802,11,,49,S0733,00,7.0,7,07,07,1,,N,,031816,78,9,1,2,0,2,7.7,1,1,S0811,12,,07,,,,,,,2ND,1,1,..,BLD,J,2,,0,0,0,1,1,1.0,62,2016-03-18,0.0,22,118,1,,
2016120812,16LA00556,16,R7802,11,,49,S0733,00,7.0,7,07,07,1,,N,,031816,78,9,1,3,0,3,8.5,3,1,S0812,12,,07,3,79,93,,8,,3RD.BLSPOTLHIP,1,1,..,BLD,J,3,,0,0,0,1,0,0.0,0,2016-03-18,0.0,,,,,
2016833480,16LA00557,16,R8459,11,,3,L0762,70,6.0,6,07,PC,1,0,Y,,031916,79,5,3,3,0,2,18.1,2,1,Z3480,83,,LR,6,108,42,,,BIG.TEATS,Twisted gut,1,1,..,BLD,J,1,,1,1,1,1,0,,,2016-03-19,0.0,,,,,
2016833481,16LA00558,16,T5463,45,,40,S0741,00,2.0,2,02,41,1,7,N,,031916,79,9,1,1,0,2,8.5,1,1,Z3481,83,,08,6,158,04,,,.,1ST,1,1,..,,J,1,,1,1,3,1,0,,,2016-03-19,0.0,35,118,1,,
2016833482,16LA00559,16,T5463,45,,40,S0741,00,2.0,2,02,41,1,7,N,,031916,79,9,1,2,L,4,8.2,1,1,Z3482,83,,08,3,80,93,,8,.,2ND,1,1,..,,J,2,,0,0,0,1,0,0.0,0,2016-03-19,0.0,,,,,
2016833483,16LA00560,16,T5463,45,,40,S0741,00,2.0,2,02,41,1,7,N,,031916,79,9,1,2,R,4,9.1,1,1,Z3483,83,,08,3,80,93,,8,.,3RD,1,1,..,,J,3,,0,0,0,1,0,0.0,0,2016-03-19,0.0,,,,,
2016059353,16LA00561,16,H9012,05,,e6,H8210,05,1.0,1,30,30,4,0,Y,.,031916,79,5,2,2,0,2,7.8,1,1,H9353,05,,30,,,,,,.,.,1,1,..,,J,1,,1,1,1,1,1,1.0,58,2016-03-19,0.024,24,118,1,,
2016833484,16LA00562,16,Z2274,83,,9,Z2695,83,2.0,2,TS,CM,1,,N,,031916,79,5,3,1,0,3,10.3,2,1,Z3484,83,,CT,,,,,,.,PNEU.RESP,1,1,..,OR,J,1,,1,1,1,1,1,1.0,99,2016-03-19,0.0,32,118,H,,
2016059354,16LA00563,16,H6064,05,,29,H7479,05,6.0,6,30,30,1,0,N,,031916,79,8,3,2,0,2,12.2,1,1,H9354,05,,30,,,,,,LTL LAME,1ST,1,1,..,BLD,J,1,,1,1,2,1,1,1.0,83,2016-03-19,0.048,34,118,1,,
2016059355,16LA00564,16,H6064,05,,29,H7479,05,6.0,6,30,30,1,0,N,,031916,79,8,3,3,0,2,12.7,1,1,H9355,05,,30,,,,,,.,2ND.V.UGLY.SCRS,1,1,..,BLD,J,2,,0,0,0,1,1,1.0,84,2016-03-19,0.048,31,118,1,,
D16LA00565,16LA00565,16,S0626,12,,41,Z3206,00,1.0,1,07,07,4,0,N,,031916,79,1,3,1,.,.,9.8,1,1,.,,,,1,79,44,Z3493,+,,,8,4,..,,J,1,,1,1,1,0,0,0.5,0,2016-03-19,0.0,,,,,
2016833485,16LA00566,16,Z0990,83,,16,Z3208,00,4.0,4,CM,97,1,0,N,,031916,79,8,3,2,2,3,12.6,5,1,Z3485,83,,SY,,,,,,.,1ST,7,4,..,OR,J,1,,1,1,2,1,1,1.0,75,2016-03-19,0.0,24,118,H,,
2016833486,16LA00567,16,Z0990,83,,16,Z3208,00,4.0,4,CM,97,1,0,N,,031916,79,8,3,1,0,4,12.6,5,1,Z3486,83,,SY,,,,,,.,2ND,2,3,..,OR,J,2,,0,0,0,1,1,1.0,86,2016-03-19,0.0,28,118,H,,
2016120827,16LA00568,16,R9230,11,,53,S0743,00,4.0,4,07,07,1,0,N,,031916,79,8,3,2,0,2,14.7,1,1,S0827,12,,07,,,,,,.,1ST.SCRS,1,1,..,BLD,J,1,,1,1,2,1,1,1.0,86,2016-03-19,0.0,34,118,1,,
2016120828,16LA00569,16,R9230,11,,53,S0743,00,4.0,4,07,07,1,0,N,,031916,79,8,3,2,0,4,14.4,1,1,S0828,12,,07,,,,,,.,2ND,1,1,..,BLD,J,2,,0,0,0,1,1,1.0,72,2016-03-19,0.0,26,118,1,,
D16LA00570,16LA00570,16,H9117,05,,e7,H8543,05,1.0,1,30,30,4,0,Y,.,031916,79,1,3,1,.,.,8.6,1,1,.,,,,1,79,44,Z3490,+,DYSTOCIA,,8,4,..,,J,1,,1,1,1,0,0,0.5,0,2016-03-19,0.0,,,,,
2016833487,16LA00571,16,H8248,05,,17,Z3210,00,3.0,3,30,97,1,0,Y,,031916,79,9,2,3,0,2,11.5,5,1,Z3487,83,,80,,,,,,.,1ST,1,1,..,,J,1,,1,1,3,1,1,1.0,90,2016-03-19,0.0,37,118,1,,
2016833488,16LA00572,16,H8248,05,,17,Z3210,00,3.0,3,30,97,1,0,Y,,031916,79,9,2,2,0,2,8.0,5,1,Z3488,83,,80,3,80,93,,8,.,2ND.SCRS,1,1,..,,J,2,,0,0,0,1,0,0.0,0,2016-03-19,0.0,,,,,
2016833489,16LA00573,16,H8248,05,,17,Z3210,00,3.0,3,30,97,1,0,Y,,031916,79,9,2,3,0,2,10.7,5,1,Z3489,83,,80,,,,,,.,3RD,1,1,..,,J,3,,0,0,0,1,1,1.0,86,2016-03-19,0.0,35,118,1,,
2016120829,16LA00574,16,R9693,11,,45,S0123,12,3.0,3,07,07,1,0,N,,031916,79,5,3,1,0,2,16.3,1,1,S0829,12,,07,,,,,,.,.,8,4,..,,J,1,,1,1,1,1,1,1.0,99,2016-03-19,0.065,46,118,1,,
2016833490,16LA00575,16,H7767,05,,5,L1441,70,4.0,4,30,PC,1,0,Y,,031916,79,3,3,2,0,2,7.1,1,1,Z3490,83,,LP,,,,H9117,-,.,1ST,1,1,..,BLD,J,1,,1,1,4,1,1,0.5,76,2016-03-19,0.0,31,118,1,,
2016833491,16LA00576,16,H7767,05,,5,L1441,70,4.0,4,30,PC,1,0,Y,,031916,79,3,3,2,0,2,7.1,1,1,Z3491,83,,LP,,,,,,.,2ND.FL WEAK,1,1,..,BLD,J,2,,0,0,0,1,1,1.0,77,2016-03-19,0.0,32,118,1,,
2016833492,16LA00577,16,H7767,05,,5,L1441,70,4.0,4,30,PC,1,0,Y,,031916,79,3,3,3,0,2,7.1,1,1,Z3492,83,,LP,,,,,,.,3RD,1,1,..,BLD,J,3,,0,0,0,1,1,1.0,64,2016-03-19,0.0,21,118,1,,
2016833493,16LA00578,16,H7767,05,,5,L1441,70,4.0,4,30,PC,1,0,Y,,031916,79,3,3,3,0,2,7.9,1,1,Z3493,83,,LP,,,,S0626,-,.,4TH.FL WEAK,1,1,..,BLD,J,4,,0,0,0,1,1,0.5,86,2016-03-19,0.0,30,118,1,,
2016120830,16LA00579,16,R9711,11,,53,S0743,00,3.0,3,07,07,1,0,N,,031916,79,5,3,2,0,3,15.5,1,1,S0830,12,,07,,,,,,.,NICE LAMB,1,1,..,BLD,J,1,,1,1,1,1,1,1.0,97,2016-03-19,0.0,39,118,1,,
2016833494,16LA00580,16,T3728,45,,13,Z3202,00,5.0,5,02,97,1,7,Y,,032016,80,5,0,3,0,2,15.6,5,1,Z3494,83,,20,3,80,93,,8,HD.BAG,NICE LAMB.SCRS,1,1,..,,J,1,,1,1,1,1,0,0.0,0,2016-03-20,0.0,,,,,
2016120831,16LA00581,16,R9960,11,,37,S0738,00,3.0,3,07,07,1,0,N,,032016,80,8,3,2,L,2,10.4,1,1,S0831,12,,07,,,,,,.,1ST,1,1,..,,J,1,,1,1,2,1,1,1.0,79,2016-03-20,0.0,35,118,1,,
2016120832,16LA00582,16,R9960,11,,37,S0738,00,3.0,3,07,07,1,0,N,,032016,80,8,3,1,0,2,11.8,1,1,S0832,12,,07,,,,,,.,2ND,1,1,..,,J,2,,0,0,0,1,1,1.0,81,2016-03-20,0.0,35,118,1,,
2016120833,16LA00583,16,R9226,11,,46,S0209,12,4.0,4,07,07,1,0,N,,032016,80,8,3,1,0,2,10.0,1,1,S0833,12,,07,6,108,42,,,SLSMORE,1ST.Neurologic,1,1,..,BLD,J,1,,1,1,2,1,0,,,2016-03-20,0.026,,,,,
2016120834,16LA00584,16,R9226,11,,46,S0209,12,4.0,4,07,07,1,0,N,,032016,80,8,3,2,0,4,9.3,1,1,S0834,12,,07,,,,,,.,2ND,1,1,..,BLD,J,2,,0,0,0,1,1,1.0,70,2016-03-20,0.026,30,118,1,,
2016833495,16LA00585,16,H6438,05,,7,L1564,70,6.0,6,30,PC,1,0,Y,,032016,80,8,3,2,0,4,12.3,2,1,Z3495,83,,LP,,,,,,WARTS,1ST,1,1,..,BLD,J,1,,1,1,2,1,1,1.0,72,2016-03-20,0.0,29,118,1,,
2016833496,16LA00586,16,H6438,05,,7,L1564,70,6.0,6,30,PC,1,0,Y,,032016,80,8,3,2,0,4,11.1,5,1,Z3496,83,,LP,,,,,,.,2ND,1,1,..,BLD,J,2,,0,0,0,1,1,1.0,77,2016-03-20,0.0,26,118,1,,
2016833497,16LA00587,16,T4865,45,,34,S0732,00,3.0,3,02,07,1,0,N,,032016,80,8,2,1,0,3,13.3,1,1,Z3497,83,,08,,,,,,.,1ST,1,1,..,,J,1,,1,1,2,1,1,1.0,73,2016-03-20,0.0,28,118,1,,
2016833498,16LA00588,16,T4865,45,,34,S0732,00,3.0,3,02,07,1,0,N,,032016,80,8,2,2,0,2,13.1,1,1,Z3498,83,,08,,,,,,.,2ND,1,1,..,,J,2,,0,0,0,1,1,1.0,75,2016-03-20,0.0,28,118,1,,
2016833499,16LA00589,16,T3438,45,,24,Z3209,00,6.0,6,02,SM,1,0,Y,,032016,80,5,3,2,0,2,14.6,1,1,Z3499,83,,XT,,,,,,.,.,1,1,..,BLD,J,1,,1,1,1,1,1,1.0,109,2016-03-20,0.0,50,118,1,,
2016701811,16LA00590,16,L0844,70,,4,L1368,70,4.0,4,PC,PC,1,0,N,,032016,80,8,3,3,2,2,10.1,5,1,L1811,70,,PC,3,80,93,,8,DOWN.NEUROMYO,SCOURS,1,1,..,OR,J,1,,1,1,2,1,0,0.0,0,2016-03-20,0.01,,,,,
2016701812,16LA00591,16,L0844,70,,4,L1368,70,4.0,4,PC,PC,1,0,N,,032016,80,8,3,3,0,2,11.1,5,1,L1812,70,,PC,3,80,93,Z0072,-,.,.,1,1,..,OR,J,2,,0,0,0,1,0,0.0,0,2016-03-20,0.01,,,,,
2016833500,16LA00592,16,T3320,45,,7,L1564,70,6.0,6,02,PC,1,0,Y,,032016,80,9,1,1,.,.,11.7,1,6,Z3500,83,,LT,6,80,29,,,LAME.LF.LSBLIND,1ST.EUTH,1,1,..,,J,1,,1,1,3,1,0,0.0,0,2016-03-20,0.0,,,,,
D16LA00593,16LA00593,16,T3320,45,,7,L1564,70,6.0,6,02,PC,1,0,Y,,032016,80,9,1,1,.,.,7.8,5,1,.,,,,1,80,44,,,CRACKED HOOF,2ND,1,1,..,,J,2,,0,0,0,0,0,0.0,0,2016-03-20,0.0,,,,,
2016833501,16LA00594,16,T3320,45,,7,L1564,70,6.0,6,02,PC,1,0,Y,,032016,80,9,1,3,0,4,12.1,5,1,Z3501,83,,LT,,,,H9025,-,.,3RD.SCRS.FVR,1,1,..,,J,3,,0,0,0,1,1,0.5,90,2016-03-20,0.0,39,118,1,,
2016833502,16LA00595,16,R8501,11,,24,Z3209,00,6.0,6,07,SM,1,0,Y,,032016,80,8,2,3,0,2,14.3,1,4,Z3502,83,,XR,,,,,,.,1ST,1,1,..,BLD,J,1,,1,1,2,1,1,1.0,81,2016-03-20,0.0,41,118,1,,
2016833503,16LA00596,16,R8501,11,,24,Z3209,00,6.0,6,07,SM,1,0,Y,,032016,80,8,2,3,0,2,14.2,2,1,Z3503,83,,XR,,,,,,.,2ND,1,1,..,BLD,J,2,,0,0,0,1,1,1.0,83,2016-03-20,0.0,34,118,1,,
2016833504,16LA00597,16,X9978,82,,14,Z3203,00,5.0,5,CM,97,1,0,N,,032016,80,8,3,3,0,4,15.6,5,1,Z3504,83,,SY,3,113,93,,,.,1ST.DamDied,1,1,..,OR,J,1,,1,1,2,1,0,0.0,0,2016-03-20,0.0,,,,,
2016833505,16LA00598,16,X9978,82,,14,Z3203,00,5.0,5,CM,97,1,0,N,,032016,80,8,3,2,0,4,14.3,5,1,Z3505,83,,SY,3,113,93,,,.,2ND.DamDied,1,1,..,OR,J,2,,0,0,0,1,0,0.0,0,2016-03-20,0.0,,,,,
2016833506,16LA00599,16,T4685,45,,46,S0209,12,3.0,3,02,07,1,7,N,,032016,80,8,2,2,0,3,13.0,2,1,Z3506,83,,08,,,,,,.,1ST,1,1,..,,J,1,,1,1,2,1,1,1.0,75,2016-03-20,0.0,28,118,1,,
2016833507,16LA00600,16,T4685,45,,46,S0209,12,3.0,3,02,07,1,7,N,,032016,80,8,2,1,0,2,13.7,1,1,Z3507,83,,08,7,199,97,,,.,2ND,1,1,..,,J,2,,0,0,0,1,0,,,2016-03-20,0.0,39,118,1,,
2016120835,16LA00601,16,R8092,11,,53,S0743,00,6.0,6,07,07,1,0,N,,032016,80,8,3,2,0,2,10.3,1,1,S0835,12,,07,,,,,,.,1ST,1,1,..,BLD,J,1,,1,1,2,1,1,1.0,68,2016-03-20,0.0,26,118,1,,
2016120836,16LA00602,16,R8092,11,,53,S0743,00,6.0,6,07,07,1,0,N,,032016,80,8,3,2,0,2,11.1,1,1,S0836,12,,07,,,,,,.,2ND.SCRS,1,1,..,BLD,J,2,,0,0,0,1,1,1.0,78,2016-03-20,0.0,29,118,1,,
2016833508,16LA00603,16,R8765,11,,27,Z3216,00,5.0,5,07,SM,1,0,Y,,032016,80,5,3,2,0,4,11.5,1,1,Z3508,83,,XR,,,,,,.,SCOURS,1,1,..,BLD,J,1,,1,1,1,1,1,1.0,92,2016-03-20,0.0,40,118,1,,
2016833509,16LA00604,16,T3741,45,,15,Z2306,83,5.0,5,02,97,1,7,Y,,032016,80,5,3,3,0,2,15.5,5,1,Z3509,83,,20,,,,,,.,SCRS,1,1,..,,J,1,,1,1,1,1,1,1.0,117,2016-03-20,0.0,51,118,1,,
D16LA00605,16LA00605,16,H9025,05,,e5,H8061,05,1.0,1,30,30,4,7,Y,,032016,80,4,3,2,.,.,7.1,1,1,.,,,,1,80,44,Z3501,+,.,.,1,1,..,BLD,J,1,,1,1,2,0,0,0.5,0,2016-03-20,0.0,,,,,
D16LA00606,16LA00606,16,H9025,05,,e5,H8061,05,1.0,1,30,30,4,7,Y,,032016,80,4,3,1,.,.,7.5,1,1,.,,,,1,80,44,,,.,.,1,1,..,BLD,J,2,,0,0,0,0,0,0.0,0,2016-03-20,0.0,,,,,
2016701813,16LA00607,16,L1642,70,,1,L1151,70,1.0,1,PC,PC,4,0,N,.,032016,80,8,2,1,0,2,11.7,5,1,L1813,70,,PC,,,,,,.,1ST.90TAN,1,1,..,OR,J,1,,1,1,2,1,1,1.0,62,2016-03-20,0.01,28,118,H,,
2016701814,16LA00608,16,L1642,70,,1,L1151,70,1.0,1,PC,PC,4,0,N,.,032016,80,8,2,1,0,2,12.9,5,1,L1814,70,,PC,,,,,,.,2ND.15BRGR,3,3,..,OR,J,2,,0,0,0,1,1,1.0,91,2016-03-20,0.01,29,118,H,,
D16LA00609,16LA00609,16,Z0072,83,,BR2,Z0000,83,5.0,5,S3,97,5,0,Y,,032016,80,4,3,1,.,.,9.2,6,1,.,,,,1,80,44,L1812,+,.,.,1,1,..,GRN,J,1,,1,1,2,0,0,0.0,0,2016-03-20,0.0,,,,,
D16LA00610,16LA00610,16,Z0072,83,,BR2,Z0000,83,5.0,5,S3,97,5,0,Y,,032016,80,4,3,1,.,.,10.9,4,1,.,,,,1,80,44,,,.,.,1,1,..,GRN,J,2,,0,0,0,0,0,0.0,0,2016-03-20,0.0,,,,,
2016059356,16LA00611,16,H6597,05,,31,H8485,05,5.0,5,30,30,1,0,N,,032016,80,8,3,2,0,2,14.0,1,1,H9356,05,,30,,,,,,.,1ST,1,1,..,BLD,J,1,,1,1,2,1,1,1.0,59,2016-03-20,0.028,31,118,1,,
2016059357,16LA00612,16,H6597,05,,31,H8485,05,5.0,5,30,30,1,0,N,,032016,80,8,3,2,0,0,11.8,1,1,H9357,05,,30,,,,,,.,2ND,1,1,..,BLD,J,2,,0,0,0,1,1,1.0,86,2016-03-20,0.028,35,118,1,,
2016833510,16LA00613,16,H6272,05,,6,L1549,70,6.0,6,30,PC,1,0,Y,,032016,80,8,2,3,0,2,12.0,2,1,Z3510,83,,LP,,,,,,.,1ST.BRFEET,1,1,..,BLD,J,1,,1,1,2,1,1,1.0,75,2016-03-20,0.0,26,118,1,,
2016833511,16LA00614,16,H6272,05,,6,L1549,70,6.0,6,30,PC,1,0,Y,,032016,80,8,2,3,0,3,8.5,2,1,Z3511,83,,LP,,,,,,.,2ND.BLSPOTLHFT,1,1,..,BLD,J,2,,0,0,0,1,1,1.0,77,2016-03-20,0.0,25,118,1,,
2016059358,16LA00615,16,H7526,05,,33,H8787,05,4.0,4,30,30,1,0,N,,032016,80,5,3,2,0,2,11.4,1,1,H9358,05,,30,,,,,,.,.,1,1,..,BLD,J,1,,1,1,1,1,1,1.0,84,2016-03-20,0.039,37,118,1,,
2016833512,16LA00616,16,Z2467,83,,11,Z1583,83,2.0,2,97,97,1,,N,,032016,80,8,1,2,0,2,11.1,6,1,Z3512,83,,97,,,,,,.,1ST.NEURO,1,1,..,BLD,J,1,,1,1,2,1,1,1.0,104,2016-03-20,0.006,39,118,H,,
2016833513,16LA00617,16,Z2467,83,,11,Z1583,83,2.0,2,97,97,1,,N,,032016,80,8,1,3,0,2,11.3,6,1,Z3513,83,,97,3,81,93,,8,.,2ND,1,1,..,BLD,J,2,,0,0,0,1,0,0.0,0,2016-03-20,0.006,,,,,
D16LA00618,16LA00618,16,T4328,45,,25,Z3212,00,4.0,4,02,SM,1,0,Y,,032016,80,0,0,1,.,.,6.4,1,1,.,,,,0,80,27,,,DYSTOCIA.ABORT,.,1,1,..,,J,1,,1,1,1,0,0,0.0,0,2016-03-20,0.0,,,,,
2016120837,16LA00619,16,S0346,12,,e11,S0041,12,1.0,1,07,07,4,0,N,,032016,80,8,2,2,0,4,8.9,1,1,S0837,12,,07,,,,,,.,1ST,2,3,..,,J,1,,1,1,2,1,1,1.0,57,2016-03-20,0.045,19,118,1,,
2016120838,16LA00620,16,S0346,12,,e11,S0041,12,1.0,1,07,07,4,0,N,,032016,80,8,2,2,0,2,9.2,1,1,S0838,12,,07,,,,,,.,2ND.UGLY,2,3,..,,J,2,,0,0,0,1,1,1.0,66,2016-03-20,0.045,20,118,1,,
2016701815,16LA00621,16,L1692,70,,1,L1151,70,1.0,1,PC,PC,4,,N,,032016,80,5,3,2,2,2,12.6,5,1,L1815,70,,PC,,,,,,.,25BR,1,1,..,OR,J,1,,1,1,1,1,1,1.0,79,2016-03-20,0.025,26,118,H,,
2016833514,16LA00622,16,Z0127,83,,13,Z3202,00,5.0,5,CM,97,1,0,N,,032016,80,7,0,2,0,4,13.2,5,1,Z3514,83,,SY,3,81,93,,8,EUTH,1ST.PNEU,1,1,..,OR,J,1,,1,1,2,1,0,0.0,0,2016-03-20,0.0,,,,,
D16LA00623,16LA00623,16,Z0127,83,,13,Z3202,00,5.0,5,CM,97,1,0,N,,032016,80,7,0,2,.,.,12.5,5,1,.,,,,1,80,44,,,.,2ND,1,1,..,OR,J,2,,0,0,0,0,0,0.0,0,2016-03-20,0.0,,,,,
2016833515,16LA00624,16,T5684,45,,45,S0123,12,2.0,2,02,07,1,,N,,032016,80,5,3,1,0,2,16.0,2,1,Z3515,83,,08,,,,,,.,BR.EARTIPS,8,4,..,,J,1,,1,1,1,1,1,1.0,101,2016-03-20,0.0,43,118,1,,
2016059359,16LA00625,16,H8530,05,,30,H8376,05,2.0,2,30,30,1,,N,,032016,80,8,3,2,0,4,10.3,1,1,H9359,05,,30,,,,,,.,1ST,8,2,..,,J,1,,1,1,2,1,1,1.0,66,2016-03-20,0.031,22,118,1,,
2016059360,16LA00626,16,H8530,05,,30,H8376,05,2.0,2,30,30,1,,N,,032016,80,8,3,1,0,2,9.3,1,1,H9360,05,,30,,,,,,.,2ND,8,2,..,,J,2,,0,0,0,1,1,1.0,79,2016-03-20,0.031,30,118,1,,
2016120839,16LA00627,16,R9358,11,,37,S0738,00,4.0,4,07,07,1,0,N,,032016,80,8,3,2,0,2,12.4,1,1,S0839,12,,07,,,,,,.,1ST,1,1,..,BLD,J,1,,1,1,2,1,1,1.0,79,2016-03-20,0.0,33,118,1,,
2016120840,16LA00628,16,R9358,11,,37,S0738,00,4.0,4,07,07,1,0,N,,032016,80,8,3,2,R,2,12.4,1,1,S0840,12,,07,,,,,,.,2ND,1,1,..,BLD,J,2,,0,0,0,1,1,1.0,83,2016-03-20,0.0,31,118,1,,
2016059361,16LA00629,16,H7601,05,,30,H8376,05,4.0,4,30,30,1,0,N,,032016,80,3,3,1,0,3,10.0,1,1,H9361,05,,30,,,,,,CHUNKSRSD,1ST,1,1,..,BLD,J,1,,1,1,4,1,1,1.0,84,2016-03-20,0.036,25,118,1,,
2016059362,16LA00630,16,H7601,05,,30,H8376,05,4.0,4,30,30,1,0,N,,032016,80,3,3,1,0,2,8.0,1,1,H9362,05,,30,,,,,,.,2ND,1,1,..,BLD,J,2,,0,0,0,1,1,1.0,77,2016-03-20,0.036,24,118,1,,
2016059363,16LA00631,16,H7601,05,,30,H8376,05,4.0,4,30,30,1,0,N,,032016,80,3,3,2,0,2,6.5,1,1,H9363,05,,30,3,81,93,,8,.,3RD.SCOURS,1,1,..,BLD,J,3,,0,0,0,1,0,0.0,0,2016-03-20,0.036,,,,,
2016059364,16LA00632,16,H7601,05,,30,H8376,05,4.0,4,30,30,1,0,N,,032016,80,3,3,2,0,4,5.9,1,1,H9364,05,,30,3,81,93,,8,.,4TH,1,1,..,BLD,J,4,,0,0,0,1,0,0.0,0,2016-03-20,0.036,,,,,
2016833516,16LA00633,16,T4510,45,,14,Z3203,00,4.0,4,02,97,1,0,Y,,032016,80,5,3,2,0,4,15.1,5,1,Z3516,83,,20,,,,,,.,.,1,1,..,BLD,J,1,,1,1,1,1,1,1.0,88,2016-03-20,0.0,36,118,1,,
2016059365,16LA00634,16,H7497,05,,31,H8485,05,4.0,4,30,30,1,7,N,,032016,80,8,3,3,0,2,8.1,1,1,H9365,05,,30,,,,,,.,1ST.PINK.UGLY,1,1,..,BLD,J,1,,1,1,2,1,1,1.0,73,2016-03-20,0.033,32,118,1,,
2016059366,16LA00635,16,H7497,05,,31,H8485,05,4.0,4,30,30,1,7,N,,032016,80,8,3,3,0,2,7.8,1,1,H9366,05,,30,,,,,,.,2ND.PINK.UGLY,1,1,..,BLD,J,2,,0,0,0,1,1,1.0,79,2016-03-20,0.033,32,118,1,,
2016059367,16LA00636,16,H9026,05,,e6,H8210,05,1.0,1,30,30,4,7,Y,,032016,80,8,1,2,0,2,7.1,1,1,H9367,05,,30,,,,,,.,1ST,1,1,..,BLD,J,1,,1,1,2,1,1,1.0,83,2016-03-20,0.028,35,118,1,,
2016059368,16LA00637,16,H9026,05,,e6,H8210,05,1.0,1,30,30,4,7,Y,,032016,80,8,1,3,0,2,7.8,1,1,H9368,05,,30,3,81,93,,8,.,2ND,1,1,..,BLD,J,2,,0,0,0,1,0,0.0,0,2016-03-20,0.028,,,,,
2016059369,16LA00638,16,H7516,05,,31,H8485,05,4.0,4,30,30,1,0,N,,032016,80,8,3,2,R,2,11.0,1,1,H9369,05,,30,,,,,,SOURS,1ST.SCRS,1,1,..,BLD,J,1,,1,1,2,1,1,1.0,81,2016-03-20,0.014,24,118,1,,
2016059370,16LA00639,16,H7516,05,,31,H8485,05,4.0,4,30,30,1,0,N,,032016,80,8,3,2,0,2,9.9,1,1,H9370,05,,30,,,,,,.,2ND,1,1,..,BLD,J,2,,0,0,0,1,1,1.0,77,2016-03-20,0.014,26,118,1,,
2016120841,16LA00640,16,S0212,12,,50,S0734,00,2.0,2,07,07,1,0,N,,032016,80,8,2,2,0,2,10.7,2,1,S0841,12,,07,,,,,,.,1ST.BL.L.HOCK,1,1,..,,J,1,,1,1,2,1,1,1.0,64,2016-03-20,0.0,25,118,1,,
2016120842,16LA00641,16,S0212,12,,50,S0734,00,2.0,2,07,07,1,0,N,,032016,80,8,2,2,R,4,9.9,1,1,S0842,12,,07,,,,,,.,2ND.HAIRY,3,2,..,,J,2,,0,0,0,1,1,1.0,58,2016-03-20,0.0,21,118,1,,
2016120843,16LA00642,16,S0099,12,,46,S0209,12,2.0,2,07,07,1,0,N,,032016,80,8,2,2,0,2,9.9,1,1,S0843,12,,07,,,,,,.,1ST,1,1,..,,J,1,,1,1,2,1,1,1.0,66,2016-03-20,0.04,24,118,1,,
2016120844,16LA00643,16,S0099,12,,46,S0209,12,2.0,2,07,07,1,0,N,,032016,80,8,2,1,0,2,11.1,1,1,S0844,12,,07,,,,,,.,2ND,1,1,..,,J,2,,0,0,0,1,1,1.0,59,2016-03-20,0.04,24,118,1,,
2016701816,16LA00644,16,L0735,70,,4,L1368,70,4.0,4,PC,PC,1,0,N,,032016,80,8,3,1,0,2,13.0,2,1,L1816,70,,PC,6,97,48,,,.,1ST.BR.EARS,1,1,..,OR,J,1,,1,1,2,1,0,0.0,0,2016-03-20,0.012,,,,,
2016701817,16LA00645,16,L0735,70,,4,L1368,70,4.0,4,PC,PC,1,0,N,,032016,80,8,3,2,0,2,11.5,5,1,L1817,70,,PC,,,,,,.,2ND.50BR,1,1,..,OR,J,2,,0,0,0,1,1,1.0,98,2016-03-20,0.012,36,118,H,,
2016456308,16LA00646,16,T2849,45,,60,T6301,00,6.0,6,02,02,2,0,N,,032016,80,5,3,1,0,2,10.1,1,1,T6308,45,,02,,,,,,PNEU,.,1,1,..,,J,1,,1,1,1,1,1,1.0,85,2016-03-20,0.0,40,118,1,,
2016059371,16LA00647,16,H5706,05,,33,H8787,05,6.0,6,30,30,1,0,N,,032016,80,9,2,1,0,2,11.3,1,1,H9371,05,,30,,,,,,.,1ST.SCRS,5,4,..,BLD,J,1,,1,1,3,1,1,1.0,86,2016-03-20,0.02,28,118,1,,
2016059372,16LA00648,16,H5706,05,,33,H8787,05,6.0,6,30,30,1,0,N,,032016,80,9,2,3,0,2,8.5,1,1,H9372,05,,30,,,,,,.,2ND.HAIRY,5,4,..,BLD,J,2,,0,0,0,1,1,1.0,76,2016-03-20,0.02,31,118,1,,
2016059373,16LA00649,16,H5706,05,,33,H8787,05,6.0,6,30,30,1,0,N,,032016,80,9,2,3,0,2,7.5,1,1,H9373,05,,30,3,81,93,,8,.,3RD.HAIRY,1,1,..,BLD,J,3,,0,0,0,1,0,0.0,0,2016-03-20,0.02,,,,,
2016833517,16LA00650,16,H8302,05,,18,Z3211,00,3.0,3,30,97,1,0,Y,,032016,80,9,3,2,0,2,10.5,5,1,Z3517,83,,80,,,,,,.,1ST,1,1,..,,J,1,,1,1,3,1,1,1.0,69,2016-03-20,0.0,23,118,1,,
2016833518,16LA00651,16,H8302,05,,18,Z3211,00,3.0,3,30,97,1,0,Y,,032016,80,9,3,3,0,2,11.5,5,1,Z3518,83,,80,,,,,,.,2ND,1,1,..,,J,2,,0,0,0,1,1,1.0,96,2016-03-20,0.0,40,118,1,,
2016833519,16LA00652,16,H8302,05,,18,Z3211,00,3.0,3,30,97,1,0,Y,,032016,80,9,3,3,0,2,10.5,5,1,Z3519,83,,80,3,81,93,,8,.,3RD,1,1,..,,J,3,,0,0,0,1,0,0.0,0,2016-03-20,0.0,,,,,
2016833520,16LA00653,16,R9632,11,,2,L1339,70,3.0,3,07,PC,1,,Y,,032016,80,8,3,3,0,2,13.5,1,1,Z3520,83,,LR,,,,,,.,1ST,1,1,..,BLD,J,1,,1,1,2,1,1,1.0,96,2016-03-20,0.0,37,118,1,,
2016833521,16LA00654,16,R9632,11,,2,L1339,70,3.0,3,07,PC,1,,Y,,032016,80,8,3,2,0,2,11.8,1,1,Z3521,83,,LR,,,,,,.,2ND.PNEU.DMPY,1,1,..,BLD,J,2,,0,0,0,1,1,1.0,79,2016-03-20,0.0,23,118,1,,
2016120845,16LA00655,16,S0182,12,,37,S0738,00,2.0,2,07,07,1,0,N,,032016,80,8,1,2,0,3,9.4,1,1,S0845,12,,07,3,81,93,,8,NO.BAG,1ST,1,1,..,,J,1,,1,1,2,1,0,0.0,0,2016-03-20,0.0,,,,,
2016120846,16LA00656,16,S0182,12,,37,S0738,00,2.0,2,07,07,1,0,N,,032016,80,8,1,3,0,2,10.8,1,1,S0846,12,,07,3,81,93,,8,.,2ND,1,1,..,,J,2,,0,0,0,1,0,0.0,0,2016-03-20,0.0,,,,,
2016833522,16LA00657,16,Z2322,83,,11,Z1583,83,2.0,2,97,97,1,,N,,032016,80,5,3,1,0,2,10.7,6,1,Z3522,83,,97,,,,,,.,WEAK LAMB,1,1,..,BLD,J,1,,1,1,1,1,1,1.0,107,2016-03-20,0.007,35,118,H,,
2016833523,16LA00658,16,Z2279,83,,17,Z3210,00,2.0,2,CM,97,1,0,N,,032016,80,8,2,1,0,2,12.7,5,1,Z3523,83,,SY,6,86,19,,,.,1ST,1,1,..,OR,J,1,,1,1,2,1,0,0.0,0,2016-03-20,0.0,,,,,
2016833524,16LA00659,16,Z2279,83,,17,Z3210,00,2.0,2,CM,97,1,0,N,,032016,80,8,2,2,0,2,12.0,5,1,Z3524,83,,SY,,,,,,.,2ND,1,1,..,OR,J,2,,0,0,0,1,1,1.0,72,2016-03-20,0.0,25,118,H,,
2016059374,16LA00660,16,H8780,05,,31,H8485,05,2.0,2,30,30,1,0,N,,032116,81,8,3,1,0,2,10.9,1,1,H9374,05,,30,,,,,,.,1ST,1,1,..,BLD,J,1,,1,1,2,1,1,1.0,72,2016-03-21,0.024,29,118,1,,
2016059375,16LA00661,16,H8780,05,,31,H8485,05,2.0,2,30,30,1,0,N,,032116,81,8,3,3,0,2,9.2,3,1,H9375,05,,30,,,,,,.,2ND.BL.SPOT.LSD,1,1,..,BLD,J,2,,0,0,0,1,1,1.0,77,2016-03-21,0.024,26,118,1,,
2016120847,16LA00662,16,R9293,11,,34,S0732,00,4.0,4,07,07,1,0,N,,032116,81,8,3,2,0,2,14.0,1,1,S0847,12,,07,,,,,,RUPTURE,1ST.NICE,1,1,..,BLD,J,1,,1,1,2,1,1,1.0,90,2016-03-21,0.0,30,118,H,,
2016120848,16LA00663,16,R9293,11,,34,S0732,00,4.0,4,07,07,1,0,N,,032116,81,8,3,2,0,2,14.1,1,1,S0848,12,,07,,,,,,.,2ND.NICE,1,1,..,BLD,J,2,,0,0,0,1,1,1.0,102,2016-03-21,0.0,32,118,H,,
2016059376,16LA00664,16,H9232,05,,e8,H8715,05,1.0,1,30,30,4,0,Y,,032116,81,5,3,2,L,4,8.5,1,1,H9376,05,,30,,,,,,PNEU.RESP,SCOURS,1,1,..,,J,1,,1,1,1,1,1,1.0,51,2016-03-21,0.032,22,118,1,,
2016059377,16LA00665,16,H7774,05,,30,H8376,05,4.0,4,30,30,1,7,N,,032116,81,3,2,2,0,2,6.9,1,1,H9377,05,,30,3,81,93,,8,.,1ST,1,1,..,BLD,J,1,,1,1,4,1,0,0.0,0,2016-03-21,0.039,,,,,
2016059378,16LA00666,16,H7774,05,,30,H8376,05,4.0,4,30,30,1,7,N,,032116,81,3,2,2,0,2,8.0,1,1,H9378,05,,30,,,,,,.,2ND,1,1,..,BLD,J,2,,0,0,0,1,1,1.0,86,2016-03-21,0.039,30,118,1,,
2016059379,16LA00667,16,H7774,05,,30,H8376,05,4.0,4,30,30,1,7,N,,032116,81,3,2,2,0,3,7.3,1,1,H9379,05,,30,3,81,93,,8,.,3RD,1,1,..,BLD,J,3,,0,0,0,1,0,0.0,0,2016-03-21,0.039,,,,,
2016059380,16LA00668,16,H7774,05,,30,H8376,05,4.0,4,30,30,1,7,N,,032116,81,3,2,2,0,2,7.6,1,1,H9380,05,,30,,,,,,.,4TH,1,1,..,BLD,J,4,,0,0,0,1,1,1.0,79,2016-03-21,0.039,24,118,1,,
2016059381,16LA00669,16,H8540,05,,29,H7479,05,2.0,2,30,30,1,0,N,,032116,81,8,2,3,0,3,10.1,1,1,H9381,05,,30,,,,,,.,1ST.UGLY,1,1,..,,J,1,,1,1,2,1,1,1.0,90,2016-03-21,0.033,32,118,1,,
2016059382,16LA00670,16,H8540,05,,29,H7479,05,2.0,2,30,30,1,0,N,,032116,81,8,2,2,0,2,7.2,1,1,H9382,05,,30,6,143,66,,,.,2ND.Coyote,1,1,..,,J,2,,0,0,0,1,0,,,2016-03-21,0.033,24,118,1,,
2016701818,16LA00671,16,L0349,70,,3,L0762,70,5.0,5,PC,PC,1,0,N,,032116,81,8,2,1,L,2,11.2,5,1,L1818,70,,PC,,,,,,.,1ST.50BL,1,1,..,OR,J,1,,1,1,2,1,1,1.0,90,2016-03-21,0.012,35,118,H,,
2016701819,16LA00672,16,L0349,70,,3,L0762,70,5.0,5,PC,PC,1,0,N,,032116,81,8,2,2,0,2,11.2,5,1,L1819,70,,PC,,,,,,.,60BL.SCOURS,1,1,..,OR,J,2,,0,0,0,1,1,1.0,45,2016-03-21,0.012,19,118,H,,
2016833525,16LA00673,16,T4585,45,,37,S0738,00,4.0,4,02,07,1,0,N,,032116,81,8,3,1,0,3,14.4,1,1,Z3525,83,,08,,,,,,.,1ST,1,1,..,,J,1,,1,1,2,1,1,1.0,93,2016-03-21,0.0,40,118,1,,
2016833526,16LA00674,16,T4585,45,,37,S0738,00,4.0,4,02,07,1,0,N,,032116,81,8,3,1,0,2,12.3,1,1,Z3526,83,,08,,,,,,.,2ND,1,1,..,,J,2,,0,0,0,1,1,1.0,88,2016-03-21,0.0,35,118,1,,
2016833527,16LA00675,16,H6632,05,,28,Z3217,00,5.0,5,30,SM,1,0,Y,,032116,81,8,3,2,2,2,10.2,1,1,Z3527,83,,XP,,,,,,.,1ST,1,1,..,BLD,J,1,,1,1,2,1,1,1.0,80,2016-03-21,0.0,33,118,1,,
2016833528,16LA00676,16,H6632,05,,28,Z3217,00,5.0,5,30,SM,1,0,Y,,032116,81,8,3,3,0,2,10.1,1,1,Z3528,83,,XP,,,,,,.,2ND,1,1,..,BLD,J,2,,0,0,0,1,1,1.0,86,2016-03-21,0.0,31,118,1,,
2016456309,16LA00677,16,T4320,45,,58,T6299,00,4.0,4,02,02,2,0,N,,032116,81,8,2,1,0,2,13.2,1,1,T6309,45,,02,,,,,,.,1ST,1,1,..,,J,1,,1,1,2,1,1,1.0,88,2016-03-21,0.0,33,118,1,,
2016456310,16LA00678,16,T4320,45,,58,T6299,00,4.0,4,02,02,2,0,N,,032116,81,8,2,2,0,4,12.0,1,1,T6310,45,,02,,,,,,.,2ND,1,1,..,,J,2,,0,0,0,1,1,1.0,77,2016-03-21,0.0,30,118,1,,
2016456311,16LA00679,16,T4789,45,,62,T5331,45,3.0,3,02,02,2,,N,,032116,81,8,3,2,0,2,11.6,1,1,T6311,45,,02,,,,,,.,1ST.SCOURS,1,1,..,,J,1,,1,1,2,1,1,1.0,65,2016-03-21,0.042,25,118,1,,
2016456312,16LA00680,16,T4789,45,,62,T5331,45,3.0,3,02,02,2,,N,,032116,81,8,3,1,0,4,10.8,1,1,T6312,45,,02,,,,,,.,2ND.SCRS,1,1,..,,J,2,,0,0,0,1,1,1.0,81,2016-03-21,0.042,28,118,1,,
2016120849,16LA00681,16,S0095,12,,36,S0737,00,2.0,2,07,07,1,,N,,032116,81,5,3,2,2,2,13.0,1,1,S0849,12,,07,,,,,,.,.,3,3,..,,J,1,,1,1,1,1,1,1.0,86,2016-03-21,0.0,39,118,1,,
D16LA00682,16LA00682,16,Z2762,83,,e4,Z2574,83,1.0,1,97,97,4,0,N,,032116,81,0,2,2,.,.,7.9,6,1,.,,,,0,81,27,,,SM.BAG.INC.RR,.,3,3,..,BLD,J,1,,1,1,1,0,0,0.0,0,2016-03-21,0.0,,,,,
D16LA00683,16LA00683,16,S0410,12,,36,S0737,00,1.0,1,07,07,4,0,N,.,032116,81,0,1,1,.,.,6.8,1,1,.,,,,0,81,27,,,NO.BAG,.,1,1,..,,J,1,,1,1,1,0,0,0.0,0,2016-03-21,0.0,,,,,
2016120850,16LA00684,16,S0148,12,,36,S0737,00,2.0,2,07,07,1,,N,,032116,81,5,3,1,0,4,13.1,1,1,S0850,12,,07,,,,,,.,.,1,1,..,BLD,J,1,,1,1,1,1,1,1.0,95,2016-03-21,0.0,46,118,1,,
2016456313,16LA00685,16,T3255,45,,57,T6298,00,6.0,6,02,02,2,0,N,,032116,81,8,3,1,0,3,13.4,1,1,T6313,45,,02,,,,,,BIG.L.TIT,1ST,1,1,..,,J,1,,1,1,2,1,1,1.0,87,2016-03-21,0.0,36,118,1,,
2016456314,16LA00686,16,T3255,45,,57,T6298,00,6.0,6,02,02,2,0,N,,032116,81,8,3,2,0,2,10.2,1,1,T6314,45,,02,,,,,,.,2ND,1,1,..,,J,2,,0,0,0,1,1,1.0,85,2016-03-21,0.0,30,118,1,,
D16LA00687,16LA00687,16,T5862,45,,55,T5017,45,1.0,1,02,02,4,,N,,032116,81,0,1,2,.,.,8.8,1,1,.,,,,0,81,27,,,SM.BAG,.,3,2,..,,J,1,,1,1,1,0,0,0.0,0,2016-03-21,0.0,,,,,
2016120851,16LA00688,16,S0141,12,,44,S0052,12,2.0,2,07,07,1,0,N,,032116,81,5,3,1,0,2,13.4,1,1,S0851,12,,07,,,,,,.,SCOURS,1,1,..,,J,1,,1,1,1,1,1,1.0,80,2016-03-21,0.047,34,118,1,,
2016456315,16LA00689,16,T4909,45,,58,T6299,00,3.0,3,02,02,2,7,N,,032116,81,5,3,2,R,3,14.4,1,1,T6315,45,,02,,,,,,BIG.R.TIT,.,1,1,..,,J,1,,1,1,1,1,1,1.0,95,2016-03-21,0.0,42,118,1,,
D16LA00690,16LA00690,16,T6048,45,,e12,T4366,45,1.0,1,02,02,4,0,N,,032116,81,2,1,2,.,.,6.5,1,1,.,,,,0,81,27,,,SM.BAG,.,2,2,..,,J,1,,1,1,2,0,0,0.0,0,2016-03-21,0.0,,,,,
D16LA00691,16LA00691,16,T6048,45,,e12,T4366,45,1.0,1,02,02,4,0,N,,032116,81,2,1,1,.,.,4.5,1,1,.,,,,0,81,27,,,,.,2,2,..,,J,2,,0,0,0,0,0,0.0,0,2016-03-21,0.0,,,,,
2016833529,16LA00692,16,R8721,11,,64,T5436,45,5.0,5,07,02,2,0,N,,032116,81,8,3,2,R,3,11.1,1,1,Z3529,83,,01,,,,,,SLSMORE,1ST.HAIRY,3,3,..,BLD,J,1,,1,1,2,1,1,1.0,66,2016-03-21,0.0,30,118,1,,
2016833530,16LA00693,16,R8721,11,,64,T5436,45,5.0,5,07,02,2,0,N,,032116,81,8,3,1,0,2,11.6,1,1,Z3530,83,,01,,,,,,.,2ND,1,1,..,BLD,J,2,,0,0,0,1,1,1.0,74,2016-03-21,0.0,29,118,1,,
2016059383,16LA00694,16,H4823,05,,29,H7479,05,7.0,7,30,30,1,,N,,032116,81,9,3,2,0,4,10.3,1,1,H9383,05,,30,,,,,,.,1ST.SCRS,1,1,..,BLD,Y,1,,1,1,3,1,1,1.0,85,2016-03-21,0.02,29,118,1,,
2016059384,16LA00695,16,H4823,05,,29,H7479,05,7.0,7,30,30,1,,N,,032116,81,9,3,1,0,4,11.6,1,1,H9384,05,,30,,,,H9105,-,.,2ND,1,1,..,BLD,Y,2,,0,0,0,1,1,0.5,102,2016-03-21,0.02,35,118,1,,
2016059385,16LA00696,16,H4823,05,,29,H7479,05,7.0,7,30,30,1,,N,,032116,81,9,3,2,0,4,11.9,1,1,H9385,05,,30,,,,,,.,3RD.SCOURS,5,1,..,BLD,Y,3,,0,0,0,1,1,1.0,96,2016-03-21,0.02,35,118,1,,
D16LA00697,16LA00697,16,L1706,70,,1,L1151,70,1.0,1,PC,PC,4,0,N,,032116,81,0,1,2,.,.,7.8,5,1,.,,,,0,81,27,,,.,.,6,2,..,OR,Y,1,,1,1,1,0,0,0.0,0,2016-03-21,0.0,,,,,
D16LA00698,16LA00698,16,H9105,05,,e7,H8543,05,1.0,1,30,30,4,0,Y,,032116,81,6,3,2,.,.,8.0,1,1,.,,,,0,81,27,H9384,+,.,1ST,3,3,..,,Y,1,,1,1,2,0,0,0.5,0,2016-03-21,0.032,,,,,
2016059386,16LA00699,16,H9105,05,,e7,H8543,05,1.0,1,30,30,4,0,Y,,032116,81,6,3,1,.,.,7.6,1,1,H9386,05,,30,6,81,46,,,.,2ND.L/D,1,1,..,,Y,2,,0,0,0,1,0,0.0,0,2016-03-21,0.032,,,,,
2016701820,16LA00700,16,L1001,70,,4,L1368,70,3.0,3,PC,PC,1,,N,,032116,81,8,3,2,0,2,11.7,5,1,L1820,70,,PC,,,,,,.,1ST.80BR,1,1,..,OR,Y,1,,1,1,2,1,1,1.0,68,2016-03-21,0.008,18,118,H,,
2016701821,16LA00701,16,L1001,70,,4,L1368,70,3.0,3,PC,PC,1,,N,,032116,81,8,3,2,0,2,9.1,5,1,L1821,70,,PC,,,,,,.,2ND.50BR,1,1,..,OR,Y,2,,0,0,0,1,1,1.0,56,2016-03-21,0.008,22,118,H,,
2016120852,16LA00702,16,R9464,11,,42,R9841,11,4.0,4,07,07,1,0,N,,032116,81,8,2,1,0,2,11.4,1,1,S0852,12,,07,,,,,,.,1ST,1,1,..,BLD,Y,1,,1,1,2,1,1,1.0,93,2016-03-21,0.032,34,118,1,,
2016120853,16LA00703,16,R9464,11,,42,R9841,11,4.0,4,07,07,1,0,N,,032116,81,8,2,2,L,4,10.4,1,1,S0853,12,,07,,,,,,.,2ND.SCOURS,1,1,..,BLD,Y,2,,0,0,0,1,1,1.0,68,2016-03-21,0.032,24,118,1,,
2016456316,16LA00704,16,T5807,45,,60,T6301,00,2.0,2,02,02,2,0,N,,032116,81,8,2,2,0,2,10.6,1,1,T6316,45,,02,,,,,,RSD.BLOOD,1ST,1,1,..,,Y,1,,1,1,2,1,1,1.0,54,2016-03-21,0.0,17,118,1,,
2016456317,16LA00705,16,T5807,45,,60,T6301,00,2.0,2,02,02,2,0,N,,032116,81,8,2,1,0,2,11.0,1,1,T6317,45,,02,,,,,,.,2ND,1,1,..,,Y,2,,0,0,0,1,1,1.0,73,2016-03-21,0.0,24,118,1,,
2016833531,16LA00706,16,R8870,11,,12,Z1765,83,5.0,5,07,97,1,0,Y,,032116,81,5,3,2,R,2,15.1,5,1,Z3531,83,,10,,,,,,,TENDONLAXITY,1,1,..,BLD,Y,1,,1,1,1,1,1,1.0,79,2016-03-21,0.0,23,118,1,,
2016120854,16LA00707,16,R9686,11,,39,S0740,00,3.0,3,07,41,1,0,N,,032116,81,8,3,2,L,3,10.1,1,1,S0854,12,,42,6,102,06,,,.,1ST.Embolism,1,1,..,BLD,Y,1,,1,1,2,1,0,0.0,0,2016-03-21,0.0,,,,,
2016120855,16LA00708,16,R9686,11,,39,S0740,00,3.0,3,07,41,1,0,N,,032116,81,8,3,2,0,2,12.4,1,1,S0855,12,,42,,,,,,.,2ND,1,1,..,BLD,Y,2,,0,0,0,1,1,1.0,87,2016-03-21,0.0,37,118,1,,
2016059387,16LA00709,16,H9165,05,,e8,H8715,05,1.0,1,30,30,4,0,Y,,032116,81,8,2,2,0,3,7.9,1,1,H9387,05,,30,,,,,,.,1ST,1,1,..,,Y,1,,1,1,2,1,1,1.0,77,2016-03-21,0.026,29,118,2,,
2016059388,16LA00710,16,H9165,05,,e8,H8715,05,1.0,1,30,30,4,0,Y,,032116,81,8,2,3,0,4,6.0,1,1,H9388,05,,30,3,83,93,,,.,2ND,1,1,..,,Y,2,,0,0,0,1,0,0.0,0,2016-03-21,0.026,,,,,
2016701822,16LA00711,16,L0399,70,,3,L0762,70,5.0,5,PC,PC,1,0,N,,032116,81,8,3,2,0,3,11.5,5,1,L1822,70,,PC,,,,,,.,1ST.25BL,1,1,..,OR,Y,1,,1,1,2,1,1,1.0,94,2016-03-21,0.014,34,118,H,,
2016701823,16LA00712,16,L0399,70,,3,L0762,70,5.0,5,PC,PC,1,0,N,,032116,81,8,3,2,2,4,11.5,2,1,L1823,70,,PC,,,,,,.,2ND.05BR,1,1,..,OR,Y,2,,0,0,0,1,1,1.0,101,2016-03-21,0.014,32,118,H,,
2016120856,16LA00713,16,R8296,11,,44,S0052,12,6.0,6,07,07,1,0,N,,032116,81,5,3,1,0,2,16.0,1,1,S0856,12,,07,,,,,,.,.,8,2,..,BLD,Y,1,,1,1,1,1,1,1.0,98,2016-03-21,0.049,44,118,1,,
2016456318,16LA00714,16,T5546,45,,62,T5331,45,2.0,2,02,02,2,0,N,,032116,81,5,3,2,0,4,13.6,1,1,T6318,45,,02,,,,,,.,NICE LAMB,1,1,..,,Y,1,,1,1,1,1,1,1.0,64,2016-03-21,0.047,29,118,1,,
2016456319,16LA00715,16,T4837,45,,55,T5017,45,3.0,3,02,02,2,0,N,,032116,81,5,2,2,0,3,11.7,9,1,T6319,45,,02,,,,,,.,BROWNISHBLACK,1,1,..,,Y,1,,1,1,1,1,1,1.0,79,2016-03-21,0.052,34,118,1,,
2016833532,16LA00716,16,R8458,11,,63,T5424,45,6.0,6,07,02,2,0,N,,032116,81,9,0,3,0,2,8.9,1,1,Z3532,83,,01,3,82,93,,8,EUTH,1ST,1,1,..,BLD,J,1,,1,1,3,1,0,0.0,0,2016-03-21,0.0,,,,,
2016833533,16LA00717,16,R8458,11,,63,T5424,45,6.0,6,07,02,2,0,N,,032116,81,9,0,2,0,3,7.3,1,1,Z3533,83,,01,3,82,93,,8,RUPTURE,2ND.RFLEGSPLINT,5,4,..,BLD,J,2,,0,0,0,1,0,0.0,0,2016-03-21,0.0,,,,,
2016833534,16LA00718,16,R8458,11,,63,T5424,45,6.0,6,07,02,2,0,N,,032116,81,9,0,3,0,2,8.8,1,1,Z3534,83,,01,3,82,93,,8,PREG TOX,3RD,4,4,..,BLD,J,3,,0,0,0,1,0,0.0,0,2016-03-21,0.0,,,,,
2016456320,16LA00719,16,T2649,45,,64,T5436,45,7.0,7,02,02,2,,N,,032116,81,5,3,2,0,2,13.4,1,1,T6320,45,,02,,,,,,.,.,1,1,..,,Y,1,,1,1,1,1,1,1.0,101,2016-03-21,0.048,43,118,1,,
2016833535,16LA00720,16,R8861,11,,26,Z3213,00,5.0,5,07,SM,1,0,Y,,032116,81,5,3,2,0,2,13.6,1,1,Z3535,83,,XR,,,,,,.,.,1,1,..,BLD,Y,1,,1,1,1,1,1,1.0,90,2016-03-21,0.0,33,118,1,,
2016059389,16LA00721,16,H8262,05,,31,H8485,05,3.0,3,30,30,1,7,N,,032116,81,8,2,1,0,3,13.5,1,1,H9389,05,,30,,,,,,LSD.BLOOD,1ST,2,2,..,,Y,1,,1,1,2,1,1,1.0,112,2016-03-21,0.022,44,118,1,,
2016059390,16LA00722,16,H8262,05,,31,H8485,05,3.0,3,30,30,1,7,N,,032116,81,8,2,2,R,2,7.4,1,1,H9390,05,,30,3,82,93,,8,,2ND,2,2,..,,Y,2,,0,0,0,1,0,0.0,0,2016-03-21,0.022,,,,,
2016059391,16LA00723,16,H7892,05,,31,H8485,05,4.0,4,30,30,1,0,N,,032116,81,9,2,2,0,2,8.9,1,1,H9391,05,,30,3,82,93,,8,.,1ST,1,1,..,BLD,Y,1,,1,1,3,1,0,0.0,0,2016-03-21,0.03,,,,,
2016059392,16LA00724,16,H7892,05,,31,H8485,05,4.0,4,30,30,1,0,N,,032116,81,9,2,1,0,2,10.5,1,1,H9392,05,,30,,,,,,.,2ND,1,1,..,BLD,Y,2,,0,0,0,1,1,1.0,47,2016-03-21,0.03,32,118,1,,
2016059393,16LA00725,16,H7892,05,,31,H8485,05,4.0,4,30,30,1,0,N,,032116,81,9,2,2,0,3,10.1,1,1,H9393,05,,30,,,,,,.,3RD.SCRS,1,1,..,BLD,Y,3,,0,0,0,1,1,1.0,85,2016-03-21,0.03,29,118,1,,
2016833536,16LA00726,16,H6772,05,,2,L1339,70,5.0,5,30,PC,1,0,Y,,032116,81,9,2,2,0,3,10.5,2,1,Z3536,83,,LP,,,,,,SW.BAG,1ST.FRECFEET,1,1,..,BLD,Y,1,,1,1,3,1,1,1.0,75,2016-03-21,0.0,32,118,1,,
2016833537,16LA00727,16,H6772,05,,2,L1339,70,5.0,5,30,PC,1,0,Y,,032116,81,9,2,3,0,4,11.4,1,1,Z3537,83,,LP,,,,,,.,2ND,1,1,..,BLD,Y,2,,0,0,0,1,1,1.0,90,2016-03-21,0.0,33,118,1,,
2016833538,16LA00728,16,H6772,05,,2,L1339,70,5.0,5,30,PC,1,0,Y,,032116,81,9,2,3,0,2,9.1,1,1,Z3538,83,,LP,3,82,93,,8,.,3RD.SCOURS,1,1,..,BLD,Y,3,,0,0,0,1,0,0.0,0,2016-03-21,0.0,,,,,
D16LA00729,16LA00729,16,S0449,12,,e9,R9992,11,1.0,1,07,07,4,0,N,,032116,81,1,2,1,.,.,8.2,1,1,.,,,,1,81,44,,,.,.,1,1,..,,Y,1,,1,1,1,0,0,0.0,0,2016-03-21,0.0,,,,,
2016456321,16LA00730,16,T4568,45,,60,T6301,00,4.0,4,02,02,2,0,N,,032116,81,5,2,2,0,2,11.7,1,1,T6321,45,,02,,,,,,.,PULLED,6,2,..,,Y,1,,1,1,1,1,1,1.0,98,2016-03-21,0.0,40,118,1,,
2016833539,16LA00731,16,Z2428,83,,14,Z3203,00,2.0,2,CM,97,1,0,N,,032116,81,5,2,1,0,2,13.1,5,1,Z3539,83,,SY,,,,,,.,.,1,1,..,OR,Y,1,,1,1,1,1,1,1.0,116,2016-03-21,0.0,39,118,H,,
2016059394,16LA00732,16,H8694,05,,33,H8787,05,2.0,2,30,30,1,0,N,,032116,81,8,3,1,0,2,10.0,1,1,H9394,05,,30,,,,,,.,1ST,1,1,..,BLD,Y,1,,1,1,2,1,1,1.0,90,2016-03-21,0.03,26,118,1,,
2016059395,16LA00733,16,H8694,05,,33,H8787,05,2.0,2,30,30,1,0,N,,032116,81,8,3,2,0,2,7.5,1,1,H9395,05,,30,,,,,,.,2ND.HAIRY,1,1,..,BLD,Y,2,,0,0,0,1,1,1.0,62,2016-03-21,0.03,,,,,
2016833540,16LA00734,16,R8713,11,,12,Z1765,83,5.0,5,07,97,1,0,Y,,032116,81,5,3,2,0,2,15.4,5,1,Z3540,83,,10,,,,,,.,.,1,1,..,BLD,Y,1,,1,1,1,1,1,1.0,103,2016-03-21,0.0,43,118,1,,
D16LA00735,16LA00735,16,L0630,70,,7,L1564,70,4.0,4,PC,PC,1,0,N,,032116,81,9,3,1,.,.,11.5,5,1,.,,,,1,81,44,,,.,1ST,5,5,..,OR,Y,1,,1,1,3,0,0,0.0,0,2016-03-21,0.004,,,,,
2016701824,16LA00736,16,L0630,70,,7,L1564,70,4.0,4,PC,PC,1,0,N,,032116,81,9,3,1,0,2,13.5,5,1,L1824,70,,PC,,,,,,.,2ND.15BR,4,5,..,OR,Y,2,,0,0,0,1,1,1.0,105,2016-03-21,0.004,41,118,H,,
2016701825,16LA00737,16,L0630,70,,7,L1564,70,4.0,4,PC,PC,1,0,N,,032116,81,9,3,1,0,2,13.1,5,1,L1825,70,,PC,,,,,,.,3RD.50BL,2,5,..,OR,Y,3,,0,0,0,1,1,1.0,106,2016-03-21,0.004,33,118,H,,
2016833541,16LA00738,16,T3662,45,,7,L1564,70,5.0,5,02,PC,1,7,Y,,032116,81,8,3,2,0,2,16.0,1,1,Z3541,83,,LT,,,,,,.,1ST,1,1,..,,J,1,,1,1,2,1,1,1.0,97,2016-03-21,0.0,44,118,1,,
2016833542,16LA00739,16,T3662,45,,7,L1564,70,5.0,5,02,PC,1,7,Y,,032116,81,8,3,2,0,3,12.1,1,1,Z3542,83,,LT,,,,,,.,2ND,1,1,..,,J,2,,0,0,0,1,1,1.0,82,2016-03-21,0.0,37,118,1,,
2016059396,16LA00740,16,H7877,05,,32,H8507,05,4.0,4,30,30,1,0,N,,032116,81,8,3,1,0,2,14.8,1,1,H9396,05,,30,,,,,,.,1ST.SCOURS,1,1,..,BLD,J,1,,1,1,2,1,1,1.0,100,2016-03-21,0.009,35,118,1,,
2016059397,16LA00741,16,H7877,05,,32,H8507,05,4.0,4,30,30,1,0,N,,032116,81,8,3,1,0,2,14.0,1,1,H9397,05,,30,,,,,,.,2ND.SCOURS,1,1,..,BLD,J,2,,0,0,0,1,1,1.0,93,2016-03-21,0.009,36,118,1,,
2016120857,16LA00742,16,R9682,11,,42,R9841,11,3.0,3,07,07,1,0,N,,032116,81,8,2,2,0,2,12.0,1,1,S0857,12,,07,3,85,93,,,DUMPY.FVR,1ST.P,1,1,..,,J,1,,1,1,2,1,0,,,2016-03-21,0.025,,,,,
2016120858,16LA00743,16,R9682,11,,42,R9841,11,3.0,3,07,07,1,0,N,,032116,81,8,2,2,0,2,11.9,1,1,S0858,12,,07,3,86,93,,,.,2ND.H,1,1,..,,J,2,,0,0,0,1,0,,,2016-03-21,0.025,,,,,
2016833543,16LA00744,16,H6921,05,,26,Z3213,00,5.0,5,30,SM,1,0,Y,,032116,81,8,3,2,0,2,11.9,1,1,Z3543,83,,XP,,,,,,.,1ST.BLKDOTBACK,1,1,..,BLD,J,1,,1,1,2,1,1,1.0,87,2016-03-21,0.0,37,118,1,,
2016833544,16LA00745,16,H6921,05,,26,Z3213,00,5.0,5,30,SM,1,0,Y,,032116,81,8,3,3,0,2,11.9,1,1,Z3544,83,,XP,,,,,,.,2ND,1,1,..,BLD,J,2,,0,0,0,1,1,1.0,78,2016-03-21,0.0,33,118,1,,
2016833545,16LA00746,16,S0198,12,,3,L0762,70,2.0,2,07,PC,1,0,Y,,032116,81,8,3,3,0,4,11.6,2,1,Z3545,83,,LR,,,,,,.,1ST,1,1,..,,J,1,,1,1,2,1,1,1.0,50,2016-03-21,0.0,17,118,2,,
2016833546,16LA00747,16,S0198,12,,3,L0762,70,2.0,2,07,PC,1,0,Y,,032116,81,8,3,2,0,2,10.4,2,1,Z3546,83,,LR,,,,,,.,2ND.BLKSPOTS,1,1,..,,J,2,,0,0,0,1,1,1.0,57,2016-03-21,0.0,17,118,2,,
2016059398,16LA00748,16,H8687,05,,29,H7479,05,2.0,2,30,30,1,,N,,032116,81,7,2,1,0,2,8.0,1,1,H9398,05,,30,6,82,46,,,,1ST.W,1,1,..,,J,1,,1,1,2,1,0,0.0,0,2016-03-21,0.041,,,,,
D16LA00749,16LA00749,16,Z2675,83,,e3,Z1488,83,1.0,1,97,97,4,,N,,032116,81,7,3,1,0,2,7.1,6,1,.,,,,1,81,44,,,.,1ST,1,1,..,BLD,J,1,,1,1,2,0,0,0.0,0,2016-03-21,0.018,,,,,
2016833547,16LA00750,16,Z2675,83,,e3,Z1488,83,1.0,1,97,97,4,,N,,032116,81,7,3,2,0,2,5.6,6,1,Z3547,83,,97,,,,,,.,2nd.W.pneu.scrs, 1,1,..,BLD,J,2,,0,0,0,1,1,1.0,72,2016-03-21,0.018,25,123,H,,
2016456322,16LA00751,16,T4246,45,,57,T6298,00,4.0,4,02,02,2,0,N,,032116,81,8,3,2,0,2,13.0,1,1,T6322,45,,02,,,,,,.,1ST.H,1,1,..,,J,1,,1,1,2,1,1,1.0,89,2016-03-21,0.0,36,118,1,,
2016456323,16LA00752,16,T4246,45,,57,T6298,00,4.0,4,02,02,2,0,N,,032116,81,8,3,1,0,2,15.4,1,1,T6323,45,,02,6,95,06,,,.,2ND.BrainAbscss,1,1,..,,J,2,,0,0,0,1,0,0.0,0,2016-03-21,0.0,,,,,
2016833548,16LA00753,16,T4645,45,,13,Z3202,00,4.0,4,02,97,1,0,Y,,032216,82,8,3,2,0,2,14.9,5,1,Z3548,83,,20,,,,,,.,1ST,1,1,..,,J,1,,1,1,2,1,1,1.0,97,2016-03-22,0.0,42,118,2,,
2016833549,16LA00754,16,T4645,45,,13,Z3202,00,4.0,4,02,97,1,0,Y,,032216,82,8,3,2,0,2,14.0,5,1,Z3549,83,,20,,,,,,.,2ND,1,1,..,,J,2,,0,0,0,1,1,1.0,91,2016-03-22,0.0,37,118,2,,
2016833550,16LA00755,16,H8307,05,,22,Z3205,00,3.0,3,30,SM,1,,Y,,032216,82,8,3,2,0,2,11.9,1,1,Z3550,83,,XP,,,,,,.,1ST,1,1,..,,J,1,,1,1,2,1,1,1.0,67,2016-03-22,0.0,30,118,2,,
2016833551,16LA00756,16,H8307,05,,22,Z3205,00,3.0,3,30,SM,1,,Y,,032216,82,8,3,3,0,2,12.0,1,1,Z3551,83,,XP,,,,,,.,2ND,1,1,..,,J,2,,0,0,0,1,1,1.0,72,2016-03-22,0.0,31,118,2,,
2016456324,16LA00757,16,T2602,45,,60,T6301,00,7.0,7,02,02,2,,N,,032216,82,5,2,1,0,2,14.9,1,1,T6324,45,,02,,,,,,.,1ST.SCOURS,1,1,..,,J,1,,1,1,1,1,1,1.0,109,2016-03-22,0.0,43,118,1,,
2016833552,16LA00758,16,R7998,11,,57,T6298,00,7.0,7,07,02,2,,N,,032216,82,7,3,2,0,2,8.0,1,1,Z3552,83,,01,6,91,54,,,.,1STRibFxPneu,1,1,..,BLD,J,1,,1,1,2,1,0,0.0,0,2016-03-22,0.0,,,,,
D16LA00759,16LA00759,16,R7998,11,,57,T6298,00,7.0,7,07,02,2,,N,,032216,82,7,3,2,0,2,3.1,1,1,.,,,,1,82,44,,,.,2ND,1,1,..,BLD,J,2,,0,0,0,0,0,0.0,0,2016-03-22,0.0,,,,,
2016059399,16LA00760,16,H8882,05,,e5,H8061,05,1.0,1,30,30,4,,Y,,032216,82,8,2,2,0,2,7.0,1,1,H9399,05,,30,,,,,,NOEXTRAMILK,1ST.RESP.PNEU,1,1,..,BLD,J,1,,1,1,2,1,1,1.0,67,2016-03-22,0.044,22,118,2,,
2016059400,16LA00761,16,H8882,05,,e5,H8061,05,1.0,1,30,30,4,,Y,,032216,82,8,2,3,0,2,6.9,1,1,H9400,05,,30,3,82,93,,8,.,2ND.P,1,1,..,BLD,J,2,,0,0,0,1,0,0.0,0,2016-03-22,0.044,,,,,
2016833553,16LA00762,16,T5177,45,,16,Z3208,00,3.0,3,02,97,1,,Y,,032216,82,8,3,2,0,4,14.9,5,1,Z3553,83,,20,7,200,97,,,.,1ST.H,1,1,..,,J,1,,1,1,2,1,0,,,2016-03-22,0.0,37,118,H,,
2016833554,16LA00763,16,T5177,45,,16,Z3208,00,3.0,3,02,97,1,,Y,,032216,82,8,3,3,0,2,12.0,5,1,Z3554,83,,20,,,,,,.,2ND.60BLK.SCRS,1,1,..,,J,2,,0,0,0,1,1,1.0,100,2016-03-22,0.0,31,118,H,,
2016833555,16LA00764,16,T3314,45,,18,Z3211,00,6.0,6,02,97,1,0,Y,,032216,82,8,3,3,0,3,13.9,5,1,Z3555,83,,20,,,,,,.,1ST.99BRN,4,4,..,,J,1,,1,1,2,1,1,1.0,79,2016-03-22,0.0,34,118,2,,
2016833556,16LA00765,16,T3314,45,,18,Z3211,00,6.0,6,02,97,1,0,Y,,032216,82,8,3,2,0,2,11.8,5,1,Z3556,83,,20,,,,,,.,2ND90BRN,1,1,..,,J,2,,0,0,0,1,1,1.0,73,2016-03-22,0.0,30,118,2,,
2016059401,16LA00766,16,H8914,05,,e7,H8543,05,1.0,1,30,30,4,0,Y,.,032216,82,8,3,3,0,2,8.0,1,1,H9401,05,,30,,,,,,.,1ST.PNEU.FVER,1,1,..,,J,1,,1,1,2,1,1,1.0,59,2016-03-22,0.041,19,118,2,,
2016059402,16LA00767,16,H8914,05,,e7,H8543,05,1.0,1,30,30,4,0,Y,.,032216,82,8,3,2,R,2,6.6,1,1,H9402,05,,30,,,,,,.,2ND.SCRS,1,1,..,,J,2,,0,0,0,1,1,1.0,51,2016-03-22,0.041,17,118,2,,
2016701826,16LA00768,16,L1136,70,,4,L1368,70,3.0,3,PC,PC,1,0,N,,032216,82,7,3,1,0,4,11.8,3,1,L1826,70,,PC,,,,,,.,1ST.SCRS,1,1,..,OR,J,1,,1,1,2,1,1,1.0,91,2016-03-22,0.08,30,118,H,,
2016120859,16LA00769,16,S0197,12,,51,S0735,00,2.0,2,07,07,1,0,N,,032216,82,8,2,1,0,2,11.6,1,1,S0859,12,,07,,,,,,.,1ST,1,1,..,,J,1,,1,1,2,1,1,1.0,78,2016-03-22,0.0,31,118,2,,
2016120860,16LA00770,16,S0197,12,,51,S0735,00,2.0,2,07,07,1,0,N,,032216,82,8,2,1,0,2,10.0,1,1,S0860,12,,07,,,,,,.,2ND,1,1,..,,J,2,,0,0,0,1,1,1.0,73,2016-03-22,0.0,28,118,2,,
2016120861,16LA00771,16,R7480,11,,43,R9922,11,7.0,7,07,07,1,,N,,032216,82,5,3,2,0,2,12.4,1,1,S0861,12,,07,,,,,,WARTS,1ST,1,1,..,BLD,J,1,,1,1,1,1,1,1.0,80,2016-03-22,0.031,33,118,2,,
D16LA00772,16LA00772,16,S0596,12,,e11,S0041,12,1.0,1,07,07,4,,N,,032216,82,2,2,1,0,2,7.4,1,1,.,,,,0,82,27,,,DRY.METRITIS,1ST,3,4,..,BLD,J,1,,1,1,2,0,0,0.0,0,2016-03-22,0.0,,,,,
D16LA00773,16LA00773,16,S0596,12,,e11,S0041,12,1.0,1,07,07,4,,N,,032216,82,2,2,1,0,2,9.0,1,1,.,,,,0,82,27,,,FEVER,2ND,3,4,..,BLD,J,2,,0,0,0,0,0,0.0,0,2016-03-22,0.0,,,,,
2016833557,16LA00774,16,R7570,11,,24,Z3209,00,7.0,7,07,SM,1,,Y,,032216,82,5,3,3,0,2,14.0,1,1,Z3557,83,,XR,,,,,,.,1ST.SCRS,5,1,..,BLD,J,1,,1,1,1,1,1,1.0,77,2016-03-22,0.0,39,118,2,,
2016701827,16LA00775,16,L0838,70,,1,L1151,70,4.0,4,PC,PC,1,0,N,,032216,82,8,2,1,0,2,15.2,5,1,L1827,70,,PC,,,,,,V.PROLAPSE,1ST.SCRS,1,1,..,OR,J,1,,1,1,2,1,1,1.0,59,2016-03-22,0.01,21,118,H,,
2016701828,16LA00776,16,L0838,70,,1,L1151,70,4.0,4,PC,PC,1,0,N,,032216,82,8,2,1,0,2,13.8,5,1,L1828,70,,PC,,,,,,.,2ND.40BLK,1,1,..,OR,J,2,,0,0,0,1,1,1.0,98,2016-03-22,0.01,26,118,H,,
D16LA00777,16LA00777,16,Z2857,83,,54,T4854,45,1.0,1,08,02,4,,N,,032216,82,0,1,2,0,2,8.9,1,1,.,,,,0,82,27,,,DRY,.,6,2,..,,J,1,,1,1,1,0,0,0.0,0,2016-03-22,0.0,,,,,
2016833558,16LA00778,16,H7947,05,,14,Z3203,00,3.0,3,30,97,1,0,Y,,032216,82,9,3,2,0,2,9.9,5,1,Z3558,83,,80,3,82,93,,8,.,1ST.?OF PARENTS,1,1,..,,J,1,,1,1,3,1,0,0.0,0,2016-03-22,0.0,,,,,
2016833559,16LA00779,16,H7947,05,,14,Z3203,00,3.0,3,30,97,1,0,Y,,032216,82,9,3,3,0,2,12.8,5,1,Z3559,83,,80,,,,,,.,2ND.80BLK,1,1,..,,J,2,,0,0,0,1,1,1.0,91,2016-03-22,0.0,32,118,2,,
2016833560,16LA00780,16,H7947,05,,14,Z3203,00,3.0,3,30,97,1,0,Y,,032216,82,9,3,2,0,2,10.0,5,1,Z3560,83,,80,,,,,,.,3RD.60BLK,1,1,..,,J,3,,0,0,0,1,1,1.0,81,2016-03-22,0.0,32,118,2,,
2016833561,16LA00781,16,H8036,05,,16,Z3208,00,3.0,3,30,97,1,,Y,,032216,82,8,3,3,0,2,11.9,5,1,Z3561,83,,80,,,,,,.,1ST.50BLK,1,1,..,BLD,J,1,,1,1,2,1,1,1.0,84,2016-03-22,0.0,34,118,2,,
2016833562,16LA00782,16,H8036,05,,16,Z3208,00,3.0,3,30,97,1,,Y,,032216,82,8,3,2,0,2,10.0,5,1,Z3562,83,,80,,,,,,.,2ND40BLK,1,1,..,BLD,J,2,,0,0,0,1,1,1.0,79,2016-03-22,0.0,32,118,2,,
2016059403,16LA00783,16,H6548,05,,30,H8376,05,5.0,5,30,30,1,0,N,,032216,82,8,3,2,0,3,11.4,1,1,H9403,05,,30,,,,,,WARTS,1ST,1,1,..,BLD,J,1,,1,1,2,1,1,1.0,100,2016-03-22,0.049,40,118,2,,
2016059404,16LA00784,16,H6548,05,,30,H8376,05,5.0,5,30,30,1,0,N,,032216,82,8,3,3,0,2,5.6,1,1,H9404,05,,30,3,82,93,,8,.,2ND,1,1,..,BLD,J,2,,0,0,0,1,0,0.0,0,2016-03-22,0.049,,,,,
2016833563,16LA00785,16,Z2738,83,,e4,Z2574,83,1.0,1,97,97,4,0,N,,032216,82,8,3,1,0,2,8.8,6,1,Z3563,83,,97,6,87,66,,,.,1STHemorr.Scour,1,1,..,BLD,J,1,,1,1,2,1,0,0.0,0,2016-03-22,0.073,,,,,
2016833564,16LA00786,16,Z2738,83,,e4,Z2574,83,1.0,1,97,97,4,0,N,,032216,82,8,3,2,0,2,8.2,6,1,Z3564,83,,97,,,,,,.,2ND.LAME,1,1,..,BLD,J,2,,0,0,0,1,0,,0,2016-03-22,0.073,28,123,H,,
2016059405,16LA00787,16,H7866,05,,29,H7479,05,4.0,4,30,30,1,7,N,,032216,82,9,3,2,0,4,8.0,1,1,H9405,05,,30,,,,,,.,1ST.P,1,1,..,BLD,J,1,,1,1,3,1,1,1.0,82,2016-03-22,0.024,30,118,2,,
2016059406,16LA00788,16,H7866,05,,29,H7479,05,4.0,4,30,30,1,7,N,,032216,82,9,3,3,0,4,9.0,1,1,H9406,05,,30,3,82,93,,8,.,2ND,1,1,..,BLD,J,2,,0,0,0,1,0,0.0,0,2016-03-22,0.024,,,,,
2016059407,16LA00789,16,H7866,05,,29,H7479,05,4.0,4,30,30,1,7,N,,032216,82,9,3,1,0,3,8.2,1,1,H9407,05,,30,,,,,,.,3RD,1,1,..,BLD,J,3,,0,0,0,1,1,1.0,78,2016-03-22,0.024,31,118,2,,
2016120862,16LA00790,16,R9465,11,,34,S0732,00,4.0,4,07,07,1,0,N,,032216,82,8,3,1,0,2,13.2,1,1,S0862,12,,07,,,,,,.,1ST,1,1,..,BLD,J,1,,1,1,2,1,1,1.0,90,2016-03-22,0.0,34,118,2,,
2016120863,16LA00791,16,R9465,11,,34,S0732,00,4.0,4,07,07,1,0,N,,032216,82,8,3,2,0,2,11.0,1,1,S0863,12,,07,,,,,,.,2ND.H,1,1,..,BLD,J,2,,0,0,0,1,1,1.0,74,2016-03-22,0.0,29,118,2,,
2016833565,16LA00792,16,X8770,82,,BL,K4942,64,6.0,6,BL,06,1,0,Y,,032216,82,6,4,2,0,3,14.9,9,1,Z3565,83,,BL,,,,,,.,1ST.BLACK,6,3,..,,J,1,,1,1,2,1,1,1.0,118,2016-03-22,0.0,46,118,2,,
2016701829,16LA00793,16,L1464,70,,6,L1549,70,3.0,3,PC,PC,1,0,N,,032216,82,8,3,1,0,3,11.2,5,1,L1829,70,,PC,6,141,21,,,.,1ST.40BLK.SCRS,1,1,..,OR,J,1,,1,1,2,1,0,,,2016-03-22,0.01,19,118,H,,
2016701830,16LA00794,16,L1464,70,,6,L1549,70,3.0,3,PC,PC,1,0,N,,032216,82,8,3,1,0,2,12.0,5,1,L1830,70,,PC,,,,,,.,2ND.20BLK,1,1,..,OR,J,2,,0,0,0,1,1,1.0,110,2016-03-22,0.01,30,118,H,,
2016833566,16LA00795,16,T5737,45,,44,S0052,12,2.0,2,02,07,1,7,N,,032216,82,8,3,2,0,3,13.4,1,1,Z3566,83,,08,,,,,,.,1ST.H,1,1,..,,J,1,,1,1,2,1,1,1.0,74,2016-03-22,0.0,30,118,2,,
2016833567,16LA00796,16,T5737,45,,44,S0052,12,2.0,2,02,07,1,7,N,,032216,82,8,3,1,R,2,13.9,1,1,Z3567,83,,08,,,,,,.,2ND.H,8,1,..,,J,2,,0,0,0,1,1,1.0,72,2016-03-22,0.0,23,118,2,,
2016059408,16LA00797,16,H7418,05,,30,H8376,05,4.0,4,30,30,1,0,N,,032216,82,8,3,1,0,4,9.0,1,1,H9408,05,,30,,,,,,.,1ST.SCOURS,1,1,..,BLD,J,1,,1,1,2,1,1,1.0,108,2016-03-22,0.03,39,118,2,,
2016059409,16LA00798,16,H7418,05,,30,H8376,05,4.0,4,30,30,1,0,N,,032216,82,8,3,1,0,2,8.6,1,1,H9409,05,,30,6,91,01,,,.,2ND.PNEU.SCRS,1,1,..,BLD,J,2,,0,0,0,1,0,0.0,0,2016-03-22,0.03,,,,,
2016833568,16LA00799,16,T3231,45,,5,L1441,70,6.0,6,02,PC,1,0,Y,,032216,82,5,2,2,0,4,11.2,1,1,Z3568,83,,LT,,,,,,.,1ST,1,1,..,,J,1,,1,1,1,1,1,1.0,81,2016-03-22,0.0,30,118,1,,
2016120864,16LA00800,16,S0321,12,,35,S0736,00,1.0,1,07,07,4,0,N,.,032216,82,5,2,1,0,2,10.8,1,1,S0864,12,,07,,,,,,SM.UDDER,1ST,3,4,..,BLD,J,1,,1,1,1,1,1,1.0,72,2016-03-22,0.0,31,118,2,,
2016456325,16LA00801,16,T4227,45,,63,T5424,45,4.0,4,02,02,2,0,N,,032216,82,8,3,1,0,4,11.2,1,1,T6325,45,,02,,,,,,.,1ST,1,1,..,,J,1,,1,1,2,1,1,1.0,112,2016-03-22,0.048,42,118,1,,
2016456326,16LA00802,16,T4227,45,,63,T5424,45,4.0,4,02,02,2,0,N,,032216,82,8,3,1,2,2,11.9,1,7,T6326,45,,02,6,82,66,,,EUTH,2ND.H.PARROT,1,1,..,,J,2,,0,0,0,1,0,0.0,0,2016-03-22,0.048,,,,,
D16LA00803,16LA00803,16,L1136,70,,4,L1368,70,3.0,3,PC,PC,1,0,N,,032216,82,7,3,2,.,.,14.5,5,1,.,,,,1,82,44,,,.,2ND,8,2,..,OR,J,2,,0,0,0,0,0,0.0,0,2016-03-22,0.08,,,,,
D16LA00804,16LA00804,16,T5020,45,,18,Z3211,00,3.0,3,02,97,1,0,Y,,032216,82,1,2,1,0,2,14.4,5,1,.,,,,1,82,44,,,DRY,DEFORMED,7,3,..,,Y,1,,1,1,1,0,0,0.0,0,2016-03-22,0.0,,,,,
2016701831,16LA00805,16,L1673,70,,1,L1151,70,1.0,1,PC,PC,4,0,N,,032216,82,8,3,1,0,4,8.4,5,1,L1831,70,,PC,6,109,19,,,.,1ST.40BLK.SCRS,1,1,..,OR,Y,1,,1,1,2,1,0,,,2016-03-22,0.071,,,,,
2016701832,16LA00806,16,L1673,70,,1,L1151,70,1.0,1,PC,PC,4,0,N,,032216,82,8,3,2,0,2,7.6,5,1,L1832,70,,PC,7,200,97,,,SCOURS,2ND.80TAN.PNEU,1,1,..,OR,Y,2,,0,0,0,1,0,,,2016-03-22,0.071,26,118,H,,
2016833569,16LA00807,16,H7245,05,,22,Z3205,00,5.0,5,30,SM,1,0,Y,,032216,82,8,4,2,0,2,12.4,1,1,Z3569,83,,XP,,,,,,.,1ST,1,1,..,BLD,Y,1,,1,1,2,1,1,1.0,64,2016-03-22,0.0,32,118,2,,
2016833570,16LA00808,16,H7245,05,,22,Z3205,00,5.0,5,30,SM,1,0,Y,,032216,82,8,4,2,0,2,11.3,1,1,Z3570,83,,XP,,,,,,.,2ND.H.SCRS,1,1,..,BLD,Y,2,,0,0,0,1,1,1.0,89,2016-03-22,0.0,32,118,2,,
2016456327,16LA00809,16,T5571,45,,63,T5424,45,2.0,2,02,02,2,0,N,,032216,82,5,2,1,0,2,14.2,1,1,T6327,45,,02,,,,,,.,1ST.,1,1,..,BLD,Y,1,,1,1,1,1,1,1.0,65,2016-03-22,0.049,26,118,2,,
2016833571,16LA00810,16,T3776,45,,43,R9922,11,5.0,5,02,07,1,7,N,,032216,82,5,4,1,0,2,15.3,1,1,Z3571,83,,08,3,87,93,,,L.T.,1ST.N,1,1,..,,Y,1,,1,1,1,1,0,,,2016-03-22,0.0,,,,,
2016059410,16LA00811,16,H6177,05,,32,H8507,05,6.0,6,30,30,1,0,N,,032216,82,8,3,1,0,2,11.0,1,1,H9410,05,,30,,,,,,.,1ST,1,1,..,BLD,Y,1,,1,1,2,1,1,1.0,91,2016-03-22,0.023,35,118,2,,
2016059411,16LA00812,16,H6177,05,,32,H8507,05,6.0,6,30,30,1,0,N,,032216,82,8,3,1,0,2,11.2,1,1,H9411,05,,30,,,,,,.,2ND,1,1,..,BLD,Y,2,,0,0,0,1,1,1.0,84,2016-03-22,0.023,32,118,2,,
2016059412,16LA00813,16,H8788,05,,31,H8485,05,2.0,2,30,30,1,0,N,,032216,82,8,3,1,0,2,10.2,1,1,H9412,05,,30,,,,,,.,1ST.SCRS.FEVER,1,1,..,,Y,1,,1,1,2,1,1,1.0,88,2016-03-22,0.021,33,118,2,,
2016059413,16LA00814,16,H8788,05,,31,H8485,05,2.0,2,30,30,1,0,N,,032216,82,8,3,1,0,2,10.0,1,1,H9413,05,,30,,,,,,.,2ND.SCRS,1,1,..,,Y,2,,0,0,0,1,1,1.0,65,2016-03-22,0.021,31,118,2,,
2016833572,16LA00815,16,T3677,45,,21,Z3204,00,5.0,5,02,SM,1,7,Y,,032216,82,8,3,3,0,2,12.0,1,1,Z3572,83,,XT,,,,,,.,1ST,1,1,..,,Y,1,,1,1,2,1,1,1.0,72,2016-03-22,0.0,33,118,2,,
2016833573,16LA00816,16,T3677,45,,21,Z3204,00,5.0,5,02,SM,1,7,Y,,032216,82,8,3,2,0,2,12.2,1,1,Z3573,83,,XT,,,,,,.,2ND,1,1,..,,Y,2,,0,0,0,1,1,1.0,73,2016-03-22,0.0,32,118,2,,
2016456328,16LA00817,16,T4102,45,,59,T6300,00,4.0,4,02,02,2,0,N,,032216,82,8,3,2,0,2,10.8,1,1,T6328,45,,02,,,,,,.,1ST.H,1,1,..,,Y,1,,1,1,2,1,1,1.0,72,2016-03-22,0.0,26,118,2,,
2016456329,16LA00818,16,T4102,45,,59,T6300,00,4.0,4,02,02,2,0,N,,032216,82,8,3,2,0,2,11.6,1,1,T6329,45,,02,,,,,,.,2ND.H,1,1,..,,Y,2,,0,0,0,1,1,1.0,79,2016-03-22,0.0,30,118,2,,
2016120865,16LA00819,16,R8325,11,,38,S0739,00,6.0,6,07,42,1,0,N,,032216,82,8,3,1,0,3,12.2,1,1,S0865,12,,43,,,,,,.,1ST,1,1,..,BLD,Y,1,,1,1,2,1,1,1.0,68,2016-03-22,0.0,26,118,2,,
2016120866,16LA00820,16,R8325,11,,38,S0739,00,6.0,6,07,42,1,0,N,,032216,82,8,3,1,0,2,11.0,1,1,S0866,12,,43,,,,,,.,2ND,1,1,..,BLD,Y,2,,0,0,0,1,1,1.0,68,2016-03-22,0.0,23,118,2,,
2016833574,16LA00821,16,R9089,11,,22,Z3205,00,5.0,5,07,SM,1,0,Y,,032216,82,8,3,2,0,2,8.1,1,1,Z3574,83,,XR,6,82,01,,,.,1ST.W.,1,1,..,BLD,J,1,,1,1,2,1,0,0.0,0,2016-03-22,0.0,,,,,
2016833575,16LA00822,16,R9089,11,,22,Z3205,00,5.0,5,07,SM,1,0,Y,,032216,82,8,3,2,0,2,11.9,1,1,Z3575,83,,XR,6,85,19,,,.,2ND.PNEU,1,1,..,BLD,J,2,,0,0,0,1,0,0.0,0,2016-03-22,0.0,,,,,
2016833576,16LA00823,16,H7556,05,,15,Z2306,83,4.0,4,30,97,1,0,Y,,032216,82,8,3,2,0,2,13.0,5,1,Z3576,83,,80,,,,,,BLOODY RTSIDE,1ST.80BLK.SCRS,1,1,..,BLD,J,1,,1,1,2,1,1,1.0,112,2016-03-22,0.0,42,118,2,,
2016833577,16LA00824,16,H7556,05,,15,Z2306,83,4.0,4,30,97,1,0,Y,,032216,82,8,3,2,0,2,12.0,5,1,Z3577,83,,80,3,85,93,,,MASTITIS.RSD,2ND.H.PNEU,5,1,..,BLD,J,2,,0,0,0,1,0,0.0,0,2016-03-22,0.0,,,,,
2016701833,16LA00825,16,L1697,70,,2,L1339,70,1.0,1,PC,PC,4,0,N,,032216,82,5,2,2,R,4,13.3,2,1,L1833,70,,PC,,,,,,.,1ST,1,1,..,OR,J,1,,1,1,1,1,1,1.0,104,2016-03-22,0.021,37,118,H,,
2016833578,16LA00826,16,H8032,05,,6,L1549,70,3.0,3,30,PC,1,0,Y,,032216,82,9,3,2,0,2,7.2,1,1,Z3578,83,,LP,3,83,93,,8,MASTITIS.LS,1ST,1,1,..,,J,1,,1,1,3,1,0,0.0,0,2016-03-22,0.0,,,,,
2016833579,16LA00827,16,H8032,05,,6,L1549,70,3.0,3,30,PC,1,0,Y,,032216,82,9,3,3,0,2,10.8,1,1,Z3579,83,,LP,6,85,01,,,LAME,2ND,1,1,..,,J,2,,0,0,0,1,0,0.0,0,2016-03-22,0.0,,,,,
2016833580,16LA00828,16,H8032,05,,6,L1549,70,3.0,3,30,PC,1,0,Y,,032216,82,9,3,2,2,2,8.9,1,1,Z3580,83,,LP,6,84,23,,,.,3RD.Asphixiatn,1,1,..,,J,3,,0,0,0,1,0,0.0,0,2016-03-22,0.0,,,,,
2016120867,16LA00829,16,R9797,11,,35,S0736,00,3.0,3,07,07,1,,N,,032216,82,8,3,2,0,2,11.6,1,1,S0867,12,,07,,,,,,.,1ST,1,1,..,BLD,J,1,,1,1,2,1,1,1.0,65,2016-03-22,0.0,29,118,2,,
2016120868,16LA00830,16,R9797,11,,35,S0736,00,3.0,3,07,07,1,,N,,032216,82,8,3,2,0,2,9.6,1,1,S0868,12,,07,,,,,,.,2ND,1,1,..,BLD,J,2,,0,0,0,1,1,1.0,69,2016-03-22,0.0,31,118,2,,
2016833581,16LA00831,16,X8974,82,,17,Z3210,00,6.0,6,CM,97,1,0,N,,032216,82,8,2,2,0,4,12.4,5,1,Z3581,83,,SY,,,,,,.,1ST.90TAN.SCRS,1,1,..,OR,J,1,,1,1,2,1,1,1.0,90,2016-03-22,0.0,34,118,H,,
2016833582,16LA00832,16,X8974,82,,17,Z3210,00,6.0,6,CM,97,1,0,N,,032216,82,8,2,1,0,4,15.0,5,1,Z3582,83,,SY,,,,,,.,2ND.95BRN,1,1,..,OR,J,2,,0,0,0,1,1,1.0,104,2016-03-22,0.0,40,118,H,,
2016833583,16LA00833,16,R9566,11,,61,T6302,00,4.0,4,07,02,2,0,N,,032216,82,8,3,2,0,2,12.0,1,1,Z3583,83,,01,,,,,,HOOVS ND TRIM,1ST.H.SCRS,1,1,..,BLD,J,1,,1,1,2,1,1,1.0,84,2016-03-22,0.0,33,118,2,,
2016833584,16LA00834,16,R9566,11,,61,T6302,00,4.0,4,07,02,2,0,N,,032216,82,8,3,2,0,3,10.9,1,1,Z3584,83,,01,,,,,,.,2ND.P,1,1,..,BLD,J,2,,0,0,0,1,1,1.0,85,2016-03-22,0.0,30,118,2,,
2016059414,16LA00835,16,H8721,05,,33,H8787,05,2.0,2,30,30,1,0,N,,032216,82,8,2,1,0,2,11.9,1,1,H9414,05,,30,,,,,,.,1ST.SCRS,1,1,..,,J,1,,1,1,2,1,1,1.0,73,2016-03-22,0.023,31,118,2,,
2016059415,16LA00836,16,H8721,05,,33,H8787,05,2.0,2,30,30,1,0,N,,032216,82,8,2,2,0,2,11.6,1,1,H9415,05,,30,,,,,,.,2ND.H,1,1,..,,J,2,,0,0,0,1,1,1.0,74,2016-03-22,0.023,28,118,2,,
2016833585,16LA00837,16,T5124,45,,38,S0739,00,3.0,3,02,42,1,7,N,,032216,82,5,2,1,0,2,15.9,1,1,Z3585,83,,08,,,,,,.,1ST.,1,1,..,,J,1,,1,1,1,1,1,1.0,95,2016-03-22,0.0,39,118,1,,
2016456330,16LA00838,16,T2636,45,,59,T6300,00,7.0,7,02,02,2,,N,,032216,82,8,3,1,0,2,13.0,1,1,T6330,45,,02,,,,,,.,1ST,1,1,..,,J,1,,1,1,2,1,1,1.0,89,2016-03-22,0.0,34,118,2,,
2016456331,16LA00839,16,T2636,45,,59,T6300,00,7.0,7,02,02,2,,N,,032216,82,8,3,1,0,2,11.9,1,1,T6331,45,,02,6,86,23,,,.,2ND,1,1,..,,J,2,,0,0,0,1,0,0.0,0,2016-03-22,0.0,,,,,
2016120869,16LA00840,16,R9759,11,,43,R9922,11,3.0,3,07,07,1,,N,,032316,83,8,3,2,0,2,11.4,1,1,S0869,12,,07,,,,,,.,1ST,1,1,..,,J,1,,1,1,2,1,1,1.0,79,2016-03-23,0.038,33,118,2,,
2016120870,16LA00841,16,R9759,11,,43,R9922,11,3.0,3,07,07,1,,N,,032316,83,8,3,1,0,2,14.4,1,1,S0870,12,,07,,,,,,.,2ND,1,1,..,,J,2,,0,0,0,1,1,1.0,76,2016-03-23,0.038,31,118,2,,
2016701834,16LA00842,16,L0448,70,,2,L1339,70,5.0,5,PC,PC,1,0,N,,032316,83,8,3,1,0,4,17.0,2,1,L1834,70,,PC,,,,,,.,1ST,1,1,..,,J,1,,1,1,2,1,1,1.0,115,2016-03-23,0.013,41,118,H,,
2016701835,16LA00843,16,L0448,70,,2,L1339,70,5.0,5,PC,PC,1,0,N,,032316,83,8,3,2,0,2,11.8,1,1,L1835,70,,PC,,,,,,.,2ND,1,1,..,,J,2,,0,0,0,1,1,1.0,92,2016-03-23,0.013,33,118,H,,
2016833586,16LA00844,16,Z2642,83,,13,Z3202,00,2.0,2,CM,97,1,0,N,,032316,83,8,3,2,0,4,11.0,5,1,Z3586,83,,SY,,,,,,.,1ST.20BLK.SCRS,1,1,..,OR,J,1,,1,1,2,1,1,1.0,39,2016-03-23,0.0,17,118,H,,
2016833587,16LA00845,16,Z2642,83,,13,Z3202,00,2.0,2,CM,97,1,0,N,,032316,83,8,3,1,0,2,10.5,5,1,Z3587,83,,SY,,,,,,.,2ND.10BLK.PNEU,1,1,..,OR,J,2,,0,0,0,1,1,1.0,81,2016-03-23,0.0,23,118,H,,
2016833588,16LA00846,16,X7245,82,,11,Z1583,83,7.0,7,97,97,1,,N,,032316,83,8,4,2,2,2,12.9,6,1,Z3588,83,,97,,,,,,.,1ST,1,1,..,BLD,J,1,,1,1,2,1,1,1.0,98,2016-03-23,0.014,42,123,H,,
2016833589,16LA00847,16,X7245,82,,11,Z1583,83,7.0,7,97,97,1,,N,,032316,83,8,4,1,0,2,13.0,6,1,Z3589,83,,97,,,,,,.,2ND,1,1,..,BLD,J,2,,0,0,0,1,1,1.0,98,2016-03-23,0.014,41,123,H,,
2016456332,16LA00848,16,T5008,45,,61,T6302,00,3.0,3,02,02,2,0,N,,032316,83,8,1,3,0,2,9.0,1,3,T6332,45,,02,6,83,29,,8,BLOODYMILK,1ST.W.PARROT,1,1,..,,J,1,,1,1,2,1,0,0.0,0,2016-03-23,0.0,,,,,
2016456333,16LA00849,16,T5008,45,,61,T6302,00,3.0,3,02,02,2,0,N,,032316,83,8,1,2,R,2,8.9,1,2,T6333,45,,02,3,83,93,,8,.,2ND.W,1,1,..,,J,2,,0,0,0,1,0,0.0,0,2016-03-23,0.0,,,,,
2016833597,16LA00850,16,T4675,45,,12,Z1765,83,4.0,4,02,97,1,,Y,,032316,83,5,4,3,0,2,15.9,5,1,Z3597,83,,20,,,,,,SLICK,INC.RR.PNEU,1,1,..,,J,1,,1,1,1,1,1,1.0,125,2016-03-23,0.0,44,118,H,,
2016059416,16LA00851,16,H8756,05,,32,H8507,05,2.0,2,30,30,1,7,N,,032316,83,8,2,2,0,4,10.6,1,1,H9416,05,,30,,,,,,.,1ST.SCRS.FVR,1,1,..,,J,1,,1,1,2,1,1,1.0,74,2016-03-23,0.04,30,118,2,,
2016059417,16LA00852,16,H8756,05,,32,H8507,05,2.0,2,30,30,1,7,N,,032316,83,8,2,2,0,2,9.4,1,1,H9417,05,,30,,,,,,.,2ND.POSSMIXUP,1,1,..,,J,2,,0,0,0,1,1,1.0,70,2016-03-23,0.04,28,118,2,,
2016456334,16LA00853,16,T4362,45,,63,T5424,45,4.0,4,02,02,2,0,N,,032316,83,5,4,1,0,2,16.9,1,1,T6334,45,,02,,,,,,W.T.,1ST,1,1,..,,J,1,,1,1,1,1,1,1.0,103,2016-03-23,0.061,43,118,2,,
2016059418,16LA00854,16,H7592,05,,32,H8507,05,4.0,4,30,30,1,7,N,,032316,83,8,3,1,0,2,13.9,1,1,H9418,05,,30,,,,,,.,1ST,1,1,..,BLD,J,1,,1,1,2,1,1,1.0,93,2016-03-23,0.019,32,118,2,,
2016059419,16LA00855,16,H7592,05,,32,H8507,05,4.0,4,30,30,1,7,N,,032316,83,8,3,2,0,4,12.0,1,1,H9419,05,,30,,,,,,.,2ND.H,1,1,..,BLD,J,2,,0,0,0,1,1,1.0,79,2016-03-23,0.019,31,118,2,,
2016059420,16LA00856,16,H6601,05,,32,H8507,05,5.0,5,30,30,1,0,N,,032316,83,8,3,1,0,2,15.9,1,1,H9420,05,,30,,,,,,.,1ST.SCRS,1,1,..,BLD,J,1,,1,1,2,1,1,1.0,75,2016-03-23,0.033,30,118,2,,
2016059421,16LA00857,16,H6601,05,,32,H8507,05,5.0,5,30,30,1,0,N,,032316,83,8,3,1,0,2,12.6,1,1,H9421,05,,30,,,,,,.,2ND.SCRS,1,1,..,BLD,J,2,,0,0,0,1,1,1.0,92,2016-03-23,0.033,33,118,2,,
2016701836,16LA00858,16,L1734,70,,1,L1151,70,1.0,1,PC,PC,4,,N,,032316,83,5,1,1,0,2,12.0,5,1,L1836,70,,PC,3,84,93,,,SMUDDER,1ST.40BLK,1,1,..,OR,J,1,,1,1,1,1,0,0.0,0,2016-03-23,0.006,,,,,
2016833590,16LA00859,16,T4191,45,,23,Z3207,00,4.0,4,02,SM,1,0,Y,,032316,83,5,2,3,0,2,16.0,1,1,Z3590,83,,XT,,,,,,.,1ST.P,1,1,..,,J,1,,1,1,1,1,1,1.0,99,2016-03-23,0.0,44,118,2,,
2016059422,16LA00860,16,H7423,05,,31,H8485,05,4.0,4,30,30,1,0,N,,032316,83,9,3,1,0,2,8.4,1,1,H9422,05,,30,,,,,,.,1ST.P,1,1,..,BLD,J,1,,1,1,3,1,1,1.0,89,2016-03-23,0.011,31,118,2,,
2016059423,16LA00861,16,H7423,05,,31,H8485,05,4.0,4,30,30,1,0,N,,032316,83,9,3,2,0,2,7.9,1,1,H9423,05,,30,,,,,,.,2ND,1,1,..,BLD,J,2,,0,0,0,1,1,1.0,70,2016-03-23,0.011,24,118,2,,
2016059424,16LA00862,16,H7423,05,,31,H8485,05,4.0,4,30,30,1,0,N,,032316,83,9,3,2,0,2,7.2,1,1,H9424,05,,30,,,,T6239,-,.,3RD.P,1,1,..,BLD,J,3,,0,0,0,1,1,0.5,75,2016-03-23,0.011,25,118,2,,
D16LA00863,16LA00863,16,Z3153,83,,54,T4854,45,1.0,1,01,02,4,0,N,,032316,83,1,0,2,0,2,11.5,9,1,.,,,,1,83,44,,,DRY,.,6,3,..,,J,1,,1,1,1,0,0,0.0,0,2016-03-23,0.0,,,,,
2016456335,16LA00864,16,T4457,45,,55,T5017,45,4.0,4,02,02,2,0,N,,032316,83,9,1,3,0,2,11.4,1,1,T6335,45,,02,3,83,93,,8,.,1ST.SCOURS,1,1,..,,J,1,,1,1,3,1,0,0.0,0,2016-03-23,0.047,,,,,
2016456336,16LA00865,16,T4457,45,,55,T5017,45,4.0,4,02,02,2,0,N,,032316,83,9,1,2,0,2,8.9,1,1,T6336,45,,02,,,,T5467,-,.,2ND,4,4,..,,J,2,,0,0,0,1,1,0.5,64,2016-03-23,0.047,17,118,H,,
2016456337,16LA00866,16,T4457,45,,55,T5017,45,4.0,4,02,02,2,0,N,,032316,83,9,1,2,0,2,10.9,1,1,T6337,45,,02,,,,T5467,-,,3RD.CONT.LF,4,4,..,,J,3,,0,0,0,1,1,0.5,77,2016-03-23,0.047,18,118,H,,
2016059425,16LA00867,16,H6120,05,,31,H8485,05,6.0,6,30,30,1,0,N,,032316,83,3,0,2,0,2,7.2,1,1,H9425,05,,30,3,83,93,,8,EUTH.2@ONCE,1ST.,2,5,..,BLD,J,1,,1,1,4,1,0,0.0,0,2016-03-23,0.013,,,,,
D16LA00868,16LA00868,16,H6120,05,,31,H8485,05,6.0,6,30,30,1,0,N,,032316,83,3,0,2,0,2,7.7,1,1,.,,,,1,83,44,,,.,2ND,2,5,..,BLD,J,2,,0,0,0,0,0,0.0,0,2016-03-23,0.013,,,,,
2016059426,16LA00869,16,H6120,05,,31,H8485,05,6.0,6,30,30,1,0,N,,032316,83,3,0,2,0,2,10.2,1,1,H9426,05,,30,3,83,93,,8,.,4TH,7,5,..,BLD,J,3,,0,0,0,1,0,0.0,0,2016-03-23,0.013,,,,,
D16LA00870,16LA00870,16,H6120,05,,31,H8485,05,6.0,6,30,30,1,0,N,,032316,83,3,0,2,0,2,9.8,1,1,.,,,,1,83,44,,,.,3RD,7,5,..,BLD,J,4,,0,0,0,0,0,0.0,0,2016-03-23,0.013,,,,,
2016833591,16LA00871,16,H5933,05,,14,Z3203,00,6.0,6,30,97,1,0,Y,,032316,83,8,3,2,0,2,12.9,5,1,Z3591,83,,80,,,,,,.,1ST,1,1,..,BLD,Y,1,,1,1,2,1,1,1.0,80,2016-03-23,0.0,30,118,2,,
2016833592,16LA00872,16,H5933,05,,14,Z3203,00,6.0,6,30,97,1,0,Y,,032316,83,8,3,2,0,2,12.2,5,1,Z3592,83,,80,,,,,,.,2ND.90BLK,1,1,..,BLD,Y,2,,0,0,0,1,1,1.0,78,2016-03-23,0.0,26,118,2,,
D16LA00873,16LA00873,16,T6239,45,,61,T6302,00,1.0,1,02,02,4,0,N,,032316,83,0,2,1,0,2,5.0,1,1,.,,,,0,83,27,H9424,+,.,.,1,1,..,,Y,1,,1,1,1,0,0,0.5,0,2016-03-23,0.0,,,,,
2016701837,16LA00874,16,L1599,70,,5,L1441,70,2.0,2,PC,PC,1,,N,,032316,83,5,2,1,0,2,14.8,5,1,L1837,70,,PC,,,,,,.,1ST,3,4,..,OR,Y,1,,1,1,1,1,1,1.0,125,2016-03-23,0.004,39,118,H,,
D16LA00875,16LA00875,16,S0105,12,,50,S0734,00,2.0,2,07,07,1,,N,,032316,83,9,3,1,0,2,9.5,1,1,.,,,,1,83,44,,,.,1ST,1,1,..,,Y,1,,1,1,3,0,0,0.0,0,2016-03-23,0.0,,,,,
2016120871,16LA00876,16,S0105,12,,50,S0734,00,2.0,2,07,07,1,,N,,032316,83,9,3,2,0,3,7.6,1,1,S0871,12,,07,6,84,67,,,.,2ND.HoofFellOff,3,4,..,,Y,2,,0,0,0,1,0,0.0,0,2016-03-23,0.0,,,,,
2016120872,16LA00877,16,S0105,12,,50,S0734,00,2.0,2,07,07,1,,N,,032316,83,9,3,1,0,2,9.2,1,1,S0872,12,,07,,,,,,.,3RD.SCRS,2,4,..,,Y,3,,0,0,0,1,1,1.0,91,2016-03-23,0.0,26,118,2,,
2016833593,16LA00878,16,H6381,05,,17,Z3210,00,6.0,6,30,97,1,0,Y,,032316,83,8,3,2,0,2,13.9,5,1,Z3593,83,,80,,,,,,WARTS,1ST.95BRN.SCRS,8,2,..,BLD,Y,1,,1,1,2,1,1,1.0,80,2016-03-23,0.0,28,118,2,,
2016833594,16LA00879,16,H6381,05,,17,Z3210,00,6.0,6,30,97,1,0,Y,,032316,83,8,3,3,L,2,14.9,5,1,Z3594,83,,80,,,,,,.,2ND.95BRN,1,1,..,BLD,Y,2,,0,0,0,1,1,1.0,93,2016-03-23,0.0,36,118,2,,
2016833595,16LA00880,16,Z2689,83,,e4,Z2574,83,1.0,1,97,97,4,,N,,032316,83,8,2,2,0,2,10.0,6,1,Z3595,83,,97,,,,,,.,1ST.SCRS,1,1,..,BLD,Y,1,,1,1,2,1,1,1.0,91,2016-03-23,0.068,40,123,H,,
2016833596,16LA00881,16,Z2689,83,,e4,Z2574,83,1.0,1,97,97,4,,N,,032316,83,8,2,2,0,2,4.4,6,1,Z3596,83,,97,6,83,27,,,.,2ND,1,1,..,BLD,Y,2,,0,0,0,1,0,0.0,0,2016-03-23,0.068,,,,,
2016701838,16LA00882,16,L1711,70,,1,L1151,70,1.0,1,PC,PC,4,0,N,,032316,83,5,1,1,0,2,8.6,5,1,L1838,70,,PC,,,,,,SMUDDER,1ST.50BLK,1,1,..,OR,Y,1,,1,1,1,1,1,1.0,76,2016-03-23,0.006,21,118,H,,
2016120873,16LA00883,16,R9352,11,,44,S0052,12,4.0,4,07,07,1,0,N,,032316,83,8,3,1,0,2,12.6,1,1,S0873,12,,07,,,,,,.,1ST,1,1,..,BLD,Y,1,,1,1,2,1,1,1.0,82,2016-03-23,0.052,31,118,2,,
2016120874,16LA00884,16,R9352,11,,44,S0052,12,4.0,4,07,07,1,0,N,,032316,83,8,3,2,0,2,10.4,1,1,S0874,12,,07,,,,,,.,2ND,1,1,..,BLD,Y,2,,0,0,0,1,1,1.0,68,2016-03-23,0.052,28,118,2,,
2016059427,16LA00885,16,H9042,05,,e7,H8543,05,1.0,1,30,30,4,0,Y,,032316,83,8,3,3,0,2,7.6,1,1,H9427,05,,30,,,,,,.,1ST.P,1,1,..,,Y,1,,1,1,2,1,1,1.0,54,2016-03-23,0.04,21,118,2,,
2016059428,16LA00886,16,H9042,05,,e7,H8543,05,1.0,1,30,30,4,0,Y,,032316,83,8,3,2,0,2,5.6,1,1,H9428,05,,30,,,,,,.,2ND,1,1,..,,Y,2,,0,0,0,1,1,1.0,57,2016-03-23,0.04,18,118,2,,
2016833599,16LA00887,16,T4920,45,,50,S0734,00,3.0,3,02,07,1,7,N,,032316,83,8,3,2,0,4,13.2,1,1,Z3599,83,,08,,,,,,.,1ST,1,1,..,,Y,1,,1,1,2,1,1,1.0,89,2016-03-23,0.0,31,118,H,,
2016833600,16LA00888,16,T4920,45,,50,S0734,00,3.0,3,02,07,1,7,N,,032316,83,8,3,1,0,2,13.6,1,1,Z3600,83,,08,,,,,,.,2ND.RTCARPUS,1,1,..,,Y,2,,0,0,0,1,1,1.0,100,2016-03-23,0.0,35,118,H,,
2016059429,16LA00889,16,H8468,05,,33,H8787,05,2.0,2,30,30,1,,N,,032316,83,5,2,2,0,2,11.9,1,1,H9429,05,,30,,,,,,.,1ST.SCOURS,1,1,..,,Y,1,,1,1,1,1,1,1.0,90,2016-03-23,0.02,35,118,2,,
2016833601,16LA00890,16,R9466,11,,56,Z0000,83,4.0,4,07,97,2,0,N,,032316,83,8,3,2,0,2,13.4,5,1,Z3601,83,,10,,,,,,.,1ST,1,1,..,BLD,Y,1,,1,1,2,1,1,1.0,66,2016-03-23,0.0,29,118,2,,
2016833602,16LA00891,16,R9466,11,,56,Z0000,83,4.0,4,07,97,2,0,N,,032316,83,8,3,2,0,2,12.2,5,1,Z3602,83,,10,,,,,,.,2ND,1,1,..,BLD,Y,2,,0,0,0,1,1,1.0,71,2016-03-23,0.0,22,118,2,,
2016833603,16LA00892,16,R9923,11,,61,T6302,00,3.0,3,07,02,2,0,N,,032316,83,8,3,2,0,2,10.6,1,1,Z3603,83,,01,,,,,,.,1ST.H,1,1,..,,Y,1,,1,1,2,1,1,1.0,79,2016-03-23,0.0,18,118,2,,
2016833604,16LA00893,16,R9923,11,,61,T6302,00,3.0,3,07,02,2,0,N,,032316,83,8,3,2,0,2,11.4,1,1,Z3604,83,,01,,,,,,SCRS,2ND.H,1,1,..,,Y,2,,0,0,0,1,1,1.0,75,2016-03-23,0.0,29,118,2,,
2016059430,16LA00894,16,H5430,05,,30,H8376,05,7.0,7,30,30,1,,N,,032316,83,5,3,2,0,2,13.2,1,1,H9430,05,,30,,,,,,.,1ST,5,1,..,BLD,Y,1,,1,1,1,1,1,1.0,104,2016-03-23,0.041,41,118,2,,
2016456338,16LA00895,16,T3565,45,,54,T4854,45,5.0,5,02,02,2,7,N,,032316,83,8,3,1,2,2,14.9,1,1,T6338,45,,02,,,,,,.,1ST,1,1,..,,Y,1,,1,1,2,1,1,1.0,78,2016-03-23,0.06,25,118,2,,
2016456339,16LA00896,16,T3565,45,,54,T4854,45,5.0,5,02,02,2,7,N,,032316,83,8,3,2,0,2,10.4,1,1,T6339,45,,02,,,,,,.,2ND,1,1,..,,Y,2,,0,0,0,1,1,1.0,60,2016-03-23,0.06,23,118,2,,
D16LA00897,16LA00897,16,R9576,11,,43,R9922,11,3.0,3,07,07,1,0,N,,032316,83,9,2,1,0,2,6.0,1,1,.,,,,1,83,44,,,L.T.,1ST.UPSIDEDOWN,7,4,..,,Y,1,,1,1,3,0,0,0.0,0,2016-03-23,0.077,,,,,
D16LA00898,16LA00898,16,R9576,11,,43,R9922,11,3.0,3,07,07,1,0,N,,032316,83,9,2,1,0,2,8.5,1,1,.,,,,1,83,44,,,.,2ND,3,4,..,,Y,2,,0,0,0,0,0,0.0,0,2016-03-23,0.077,,,,,
2016120875,16LA00899,16,R9576,11,,43,R9922,11,3.0,3,07,07,1,0,N,,032316,83,9,2,2,0,2,7.9,1,1,S0875,12,,07,,,,,,.,3RD.SCRS.PNEU,3,4,..,,Y,3,,0,0,0,1,1,1.0,87,2016-03-23,0.077,26,118,2,,
D16LA00900,16LA00900,16,T5467,45,,59,T6300,00,2.0,2,02,02,2,,N,,032316,83,2,2,1,0,2,4.5,1,1,.,,,02,0,83,27,T6336,+,.,1ST,1,1,..,,Y,1,,1,1,2,0,0,0.5,0,2016-03-23,0.0,,,,,
D16LA00901,16LA00901,16,T5467,45,,59,T6300,00,2.0,2,02,02,2,,N,,032316,83,2,2,2,0,2,4.8,1,1,.,,,02,0,83,27,T6337,+,.,2ND,1,1,..,,Y,2,,0,0,0,0,0,0.5,0,2016-03-23,0.0,,,,,
2016120876,16LA00902,16,S0005,12,,45,S0123,12,2.0,2,07,07,1,,N,,032316,83,8,2,1,0,2,13.0,1,1,S0876,12,,07,,,,,,.,1ST.SCRS,1,1,..,,Y,1,,1,1,2,1,1,1.0,81,2016-03-23,0.061,37,118,2,,
2016120877,16LA00903,16,S0005,12,,45,S0123,12,2.0,2,07,07,1,,N,,032316,83,8,2,2,0,2,10.5,1,1,S0877,12,,07,,,,,,.,2ND,1,1,..,,Y,2,,0,0,0,1,1,1.0,65,2016-03-23,0.061,25,118,2,,
2016120878,16LA00904,16,R7714,11,,35,S0736,00,7.0,7,07,07,1,,N,,032316,83,8,3,2,0,2,11.2,1,1,S0878,12,,07,,,,,,L.T.WEEZING,1ST,1,1,..,BLD,Y,1,,1,1,2,1,1,1.0,68,2016-03-23,0.0,28,118,2,,
2016120879,16LA00905,16,R7714,11,,35,S0736,00,7.0,7,07,07,1,,N,,032316,83,8,3,2,0,2,11.6,1,1,S0879,12,,07,,,,,,.,2ND,1,1,..,BLD,Y,2,,0,0,0,1,1,1.0,70,2016-03-23,0.0,26,118,2,,
2016059431,16LA00906,16,H8824,05,,29,H7479,05,2.0,2,30,30,1,,N,,032316,83,8,2,1,0,2,10.0,1,1,H9431,05,,30,6,87,19,,,.,1ST,1,1,..,BLD,Y,1,,1,1,2,1,0,,,2016-03-23,0.047,,,,,
2016059432,16LA00907,16,H8824,05,,29,H7479,05,2.0,2,30,30,1,,N,,032316,83,8,2,2,0,2,9.1,1,1,H9432,05,,30,,,,,,.,2ND,1,1,..,BLD,Y,2,,0,0,0,1,1,1.0,75,2016-03-23,0.047,33,118,2,,
2016059433,16LA00908,16,H8925,05,,e5,H8061,05,1.0,1,30,30,4,0,Y,,032316,83,5,2,2,0,2,11.6,1,1,H9433,05,,30,,,,,,.,.,1,1,..,,Y,1,,1,1,1,1,1,1.0,88,2016-03-23,0.043,36,118,2,,
2016120880,16LA00909,16,R9208,11,,43,R9922,11,4.0,4,07,07,1,0,N,,032316,83,9,2,2,0,4,6.9,1,1,S0880,12,,07,3,84,93,,8,SM.UDDER,1ST.P.H.,1,1,..,BLD,Y,1,,1,1,3,1,0,0.0,0,2016-03-23,0.05,,,,,
2016120881,16LA00910,16,R9208,11,,43,R9922,11,4.0,4,07,07,1,0,N,,032316,83,9,2,2,0,2,12.8,1,1,S0881,12,,07,6,90,06,,,.,2ND.SpinalCord,1,1,..,BLD,Y,2,,0,0,0,1,0,0.0,0,2016-03-23,0.05,,,,,
D16LA00911,16LA00911,16,R9208,11,,43,R9922,11,4.0,4,07,07,1,0,N,,032316,83,9,2,1,0,2,10.6,1,1,.,,,,1,83,44,,,.,3RD,1,1,..,BLD,Y,3,,0,0,0,0,0,0.0,0,2016-03-23,0.05,,,,,
2016059434,16LA00912,16,H8511,05,,29,H7479,05,2.0,2,30,30,1,0,N,,032316,83,8,3,1,0,2,12.8,1,1,H9434,05,,30,,,,,,.,1ST,1,1,..,,Y,1,,1,1,2,1,1,1.0,73,2016-03-23,0.039,22,118,2,,
2016059435,16LA00913,16,H8511,05,,29,H7479,05,2.0,2,30,30,1,0,N,,032316,83,8,3,2,0,2,9.2,1,1,H9435,05,,30,,,,,,.,2ND,1,1,..,,Y,2,,0,0,0,1,1,1.0,70,2016-03-23,0.039,28,118,2,,
2016701839,16LA00914,16,L1562,70,,4,L1368,70,2.0,2,PC,PC,1,0,N,,032316,83,8,3,2,0,2,11.2,5,1,L1839,70,,PC,,,,,,.,1ST,1,1,..,OR,Y,1,,1,1,2,1,1,1.0,64,2016-03-23,0.012,21,118,H,,
2016701840,16LA00915,16,L1562,70,,4,L1368,70,2.0,2,PC,PC,1,0,N,,032316,83,8,3,1,0,2,13.6,1,1,L1840,70,,PC,6,127,89,,,.,2NDPerforation,1,1,..,OR,Y,2,,0,0,0,1,0,,,2016-03-23,0.012,32,118,H,,
2016456340,16LA00916,16,T4154,45,,65,T5603,45,4.0,4,02,02,2,0,N,,032316,83,8,3,2,0,2,10.6,1,1,T6340,45,,02,,,,,,.,1ST.H,1,1,..,,Y,1,,1,1,2,1,1,1.0,69,2016-03-23,0.046,30,118,2,,
2016456341,16LA00917,16,T4154,45,,65,T5603,45,4.0,4,02,02,2,0,N,,032316,83,8,3,1,0,2,12.9,1,1,T6341,45,,02,,,,,,.,2ND.H,1,1,..,,Y,2,,0,0,0,1,1,1.0,69,2016-03-23,0.046,31,118,2,,
2016833605,16LA00918,16,R8803,11,,8,L1614,70,5.0,5,07,PC,1,0,Y,,032316,83,8,3,2,0,4,11.2,3,1,Z3605,83,,LR,6,86,23,,,VLT.LTSIDE,1ST.10BRN,1,1,..,BLD,Y,1,,1,1,2,1,0,0.0,0,2016-03-23,0.0,,,,,
2016833606,16LA00919,16,R8803,11,,8,L1614,70,5.0,5,07,PC,1,0,Y,,032316,83,8,3,2,0,2,14.6,2,1,Z3606,83,,LR,,,,,,BLDY.L.MASTITIS,2ND.05BLK,1,1,..,BLD,Y,2,,0,0,0,1,1,1.0,101,2016-03-23,0.0,35,118,2,,
2016456342,16LA00920,16,T4928,45,,57,T6298,00,3.0,3,02,02,2,I,N,,032316,83,8,3,1,0,2,13.0,1,1,T6342,45,,02,,,,,,.,1ST,1,1,..,,Y,1,,1,1,2,1,1,1.0,98,2016-03-23,0.0,35,118,2,,
2016456343,16LA00921,16,T4928,45,,57,T6298,00,3.0,3,02,02,2,I,N,,032316,83,8,3,1,0,4,12.9,1,1,T6343,45,,02,,,,,,.,2ND.H,1,1,..,,Y,2,,0,0,0,1,1,1.0,92,2016-03-23,0.0,40,118,2,,
2016120882,16LA00922,16,R9920,11,,51,S0735,00,3.0,3,07,07,1,0,N,,032316,83,8,3,1,0,2,12.0,1,1,S0882,12,,07,,,,,,.,1ST,1,1,..,,Y,1,,1,1,2,1,1,1.0,79,2016-03-23,0.0,30,118,2,,
2016120883,16LA00923,16,R9920,11,,51,S0735,00,3.0,3,07,07,1,0,N,,032316,83,8,3,2,0,2,11.8,1,1,S0883,12,,07,,,,,,RH.ABCSS,2ND,1,1,..,,Y,2,,0,0,0,1,1,1.0,84,2016-03-23,0.0,32,118,2,,
2016120884,16LA00924,16,S0009,12,,39,S0740,00,2.0,2,07,41,1,0,N,,032316,83,8,2,2,0,3,14.2,1,1,S0884,12,,42,,,,,,.,1ST.H,1,1,..,,Y,1,,1,1,2,1,1,1.0,75,2016-03-23,0.0,33,118,2,,
2016120885,16LA00925,16,S0009,12,,39,S0740,00,2.0,2,07,41,1,0,N,,032316,83,8,2,1,0,2,13.9,1,1,S0885,12,,42,,,,,,.,2ND,3,4,..,,Y,2,,0,0,0,1,1,1.0,80,2016-03-23,0.0,28,118,2,,
2016120886,16LA00926,16,S0576,12,,e9,R9992,11,1.0,1,07,07,4,0,N,.,032316,83,5,2,3,0,2,6.9,1,1,S0886,12,,07,6,91,66,,,SMUDDER.RP,1ST.LHFx,8,1,..,,Y,1,,1,1,1,1,0,0.0,0,2016-03-23,0.049,,,,,
2016833607,16LA00927,16,H8005,05,,26,Z3213,00,3.0,3,30,SM,1,,Y,,032316,83,9,2,2,0,2,12.0,1,1,Z3607,83,,XP,,,,,,.,1ST.H,1,1,..,,Y,1,,1,1,3,1,1,1.0,86,2016-03-23,0.0,34,118,2,,
2016833608,16LA00928,16,H8005,05,,26,Z3213,00,3.0,3,30,SM,1,,Y,,032316,83,9,2,3,0,2,11.0,1,1,Z3608,83,,XP,,,,,,.,2ND.H,1,1,..,,Y,2,,0,0,0,1,1,1.0,88,2016-03-23,0.0,33,118,2,,
2016833609,16LA00929,16,H8005,05,,26,Z3213,00,3.0,3,30,SM,1,,Y,,032316,83,9,2,2,0,2,6.8,1,1,Z3609,83,,XP,6,84,66,,,.,3RD.Scoliosis,1,1,..,,Y,3,,0,0,0,1,0,0.0,0,2016-03-23,0.0,,,,,
2016120887,16LA00930,16,R8223,11,,47,S0730,00,6.0,6,07,07,1,0,N,,032316,83,9,2,1,0,2,8.6,1,1,S0887,12,,07,,,,,,LT.LEFTSIDE,1ST,1,1,..,BLD,Y,1,,1,1,3,1,1,1.0,55,2016-03-23,0.0,15,118,2,,
2016120888,16LA00931,16,R8223,11,,47,S0730,00,6.0,6,07,07,1,0,N,,032316,83,9,2,1,0,3,9.1,1,1,S0888,12,,07,,,,,,.,2ND,1,1,..,BLD,Y,2,,0,0,0,1,1,1.0,90,2016-03-23,0.0,33,118,2,,
2016120889,16LA00932,16,R8223,11,,47,S0730,00,6.0,6,07,07,1,0,N,,032316,83,9,2,3,0,2,10.0,1,1,S0889,12,,07,3,84,93,,8,.,3RD,1,1,..,BLD,Y,3,,0,0,0,1,0,0.0,0,2016-03-23,0.0,,,,,
2016120890,16LA00933,16,R9332,11,,40,S0741,00,4.0,4,07,41,1,0,N,,032316,83,8,3,2,0,4,11.8,1,1,S0890,12,,42,,,,,,.,1ST,1,1,..,BLD,Y,1,,1,1,2,1,1,1.0,67,2016-03-23,0.0,26,118,2,,
2016120891,16LA00934,16,R9332,11,,40,S0741,00,4.0,4,07,41,1,0,N,,032316,83,8,3,1,0,4,12.9,1,1,S0891,12,,42,,,,,,.,2ND,1,1,..,BLD,Y,2,,0,0,0,1,1,1.0,91,2016-03-23,0.0,37,118,2,,
2016833610,16LA00935,16,T3443,45,,21,Z3204,00,6.0,6,02,SM,1,0,Y,,032316,83,8,2,2,0,4,11.8,1,1,Z3610,83,,XT,,,,,,RTSIDEBLANK,1ST.H,8,1,..,,Y,1,,1,1,2,1,1,1.0,89,2016-03-23,0.0,31,118,H,,
2016833611,16LA00936,16,T3443,45,,21,Z3204,00,6.0,6,02,SM,1,0,Y,,032316,83,8,2,3,0,3,14.0,1,1,Z3611,83,,XT,3,84,93,,8,RLEG.LAME,2ND.H,1,1,..,,Y,2,,0,0,0,1,0,0.0,0,2016-03-23,0.0,,,,,
D16LA00937,16LA00937,16,Z2776,83,,e4,Z2574,83,1.0,1,97,97,4,0,N,,032316,83,2,1,2,0,2,2.6,6,1,.,,,,0,83,27,,,DRY,1STBLOB,1,1,..,BLD,Y,1,,1,1,2,0,0,0.0,0,2016-03-23,0.0,,,,,
D16LA00938,16LA00938,16,Z2776,83,,e4,Z2574,83,1.0,1,97,97,4,0,N,,032316,83,2,1,2,0,2,4.2,6,1,.,,,,0,83,27,,,.,2ND,1,1,..,BLD,Y,2,,0,0,0,0,0,0.0,0,2016-03-23,0.0,,,,,
2016701841,16LA00939,16,L1662,70,,2,L1339,70,1.0,1,PC,PC,4,,N,,032316,83,5,3,2,0,4,13.6,5,1,L1841,70,,PC,,,,,,.,1ST.50BLK,1,1,..,OR,Y,1,,1,1,1,1,1,1.0,96,2016-03-23,0.013,31,118,H,,
2016120892,16LA00940,16,R9663,11,,37,S0738,00,3.0,3,07,07,1,0,N,,032316,83,8,3,2,0,2,14.0,1,1,S0892,12,,07,,,,,,.,1ST,1,1,..,BLD,J,1,,1,1,2,1,1,1.0,87,2016-03-23,0.0,31,118,2,,
2016120893,16LA00941,16,R9663,11,,37,S0738,00,3.0,3,07,07,1,0,N,,032316,83,8,3,2,0,2,13.0,1,1,S0893,12,,07,,,,,,.,2ND.SCRS,1,1,..,BLD,J,2,,0,0,0,1,1,1.0,75,2016-03-23,0.0,31,118,2,,
2016833612,16LA00942,16,T3568,45,,4,L1368,70,5.0,5,02,PC,1,7,Y,,032316,83,8,3,3,0,2,7.8,1,1,Z3612,83,,LT,,,,,,.,1ST,1,1,..,,J,1,,1,1,2,1,1,1.0,73,2016-03-23,0.0,24,118,2,,
2016833613,16LA00943,16,T3568,45,,4,L1368,70,5.0,5,02,PC,1,7,Y,,032316,83,8,3,2,0,2,13.2,1,1,Z3613,83,,LT,,,,,,.,2ND.SCRS,1,1,..,,J,2,,0,0,0,1,1,1.0,80,2016-03-23,0.0,29,118,2,,
2016701842,16LA00944,16,L1686,70,,1,L1151,70,1.0,1,PC,PC,4,0,N,,032416,84,5,3,2,0,2,11.4,5,1,L1842,70,,PC,6,121,21,,,.,1ST.SCOURS,1,1,..,OR,J,1,,1,1,1,1,0,,,2016-03-24,0.026,19,118,H,,
2016120894,16LA00945,16,S0273,12,,47,S0730,00,2.0,2,07,07,1,0,N,,032416,84,9,3,2,0,3,7.2,1,1,S0894,12,,07,3,84,93,,8,NOT.PUSHING,1ST,1,1,..,,J,1,,1,1,3,1,0,0.0,0,2016-03-24,0.0,,,,,
2016120895,16LA00946,16,S0273,12,,47,S0730,00,2.0,2,07,07,1,0,N,,032416,84,9,3,1,0,4,11.4,1,1,S0895,12,,07,,,,,,.,2ND,8,3,..,,J,2,,0,0,0,1,1,1.0,99,2016-03-24,0.0,37,118,2,,
2016120896,16LA00947,16,S0273,12,,47,S0730,00,2.0,2,07,07,1,0,N,,032416,84,9,3,3,0,2,9.9,1,1,S0896,12,,07,3,85,93,,,.,3RD.MilkDecr,8,3,..,,J,3,,0,0,0,1,0,0.0,0,2016-03-24,0.0,,,,,
2016059436,16LA00948,16,H8768,05,,32,H8507,05,2.0,2,30,30,1,,N,,032316,83,8,3,2,0,4,11.0,1,1,H9436,05,,30,,,,,,.,1ST.H.SCRS,1,1,..,BLD,J,1,,1,1,2,1,1,1.0,74,2016-03-23,0.037,29,118,2,,
2016059437,16LA00949,16,H8768,05,,32,H8507,05,2.0,2,30,30,1,,N,,032316,83,8,3,2,0,2,9.9,1,1,H9437,05,,30,,,,,,.,2ND,1,1,..,BLD,J,2,,0,0,0,1,1,1.0,77,2016-03-23,0.037,29,118,2,,
2016833614,16LA00950,16,T5398,45,,17,Z3210,00,2.0,2,02,97,1,,Y,,032316,83,5,3,2,0,2,17.0,5,1,Z3614,83,,20,,,,,,.,1ST,1,1,..,,J,1,,1,1,1,1,1,1.0,102,2016-03-23,0.0,41,118,2,,
2016833615,16LA00951,16,Z0980,83,,BL,K4942,64,4.0,4,BL,06,1,0,Y,,032316,83,8,3,3,0,2,10.4,9,1,Z3615,83,,BL,6,85,01,,,INFEC.LSD,1STLiverProblem,1,1,..,,J,1,,1,1,2,1,0,0.0,0,2016-03-23,0.0,,,,,
2016833616,16LA00952,16,Z0980,83,,BL,K4942,64,4.0,4,BL,06,1,0,Y,,032316,83,8,3,2,0,2,11.0,9,1,Z3616,83,,BL,,,,,,.,2ND.SCRS,1,1,..,,J,2,,0,0,0,1,1,1.0,93,2016-03-23,0.0,39,118,2,,
2016059438,16LA00953,16,H7828,05,,30,H8376,05,4.0,4,30,30,1,0,N,,032316,83,8,3,2,0,2,11.1,1,1,H9438,05,,30,,,,,,.,1ST,1,1,..,BLD,J,1,,1,1,2,1,1,1.0,88,2016-03-23,0.026,32,118,2,,
2016059439,16LA00954,16,H7828,05,,30,H8376,05,4.0,4,30,30,1,0,N,,032316,83,8,3,2,0,2,10.8,1,1,H9439,05,,30,,,,,,.,2ND,1,1,..,BLD,J,2,,0,0,0,1,1,1.0,70,2016-03-23,0.026,28,118,2,,
2016120897,16LA00955,16,S0022,12,,40,S0741,00,2.0,2,07,41,1,,N,,032316,83,9,2,1,0,2,10.0,1,1,S0897,12,,42,,,,,,.,1ST,1,1,..,BLD,J,1,,1,1,3,1,1,1.0,77,2016-03-23,0.0,29,118,2,,
2016120898,16LA00956,16,S0022,12,,40,S0741,00,2.0,2,07,41,1,,N,,032316,83,9,2,1,0,2,9.9,1,1,S0898,12,,42,,,,H8889,-,.,2NDLRLME.SCRS,1,1,..,BLD,J,2,,0,0,0,1,1,0.5,66,2016-03-23,0.0,21,118,2,,
2016120899,16LA00957,16,S0022,12,,40,S0741,00,2.0,2,07,41,1,,N,,032316,83,9,2,2,0,2,9.0,1,1,S0899,12,,42,,,,,,.,3RD,1,1,..,BLD,J,3,,0,0,0,1,1,1.0,66,2016-03-23,0.0,24,118,2,,
D16LA00958,16LA00958,16,H8889,05,,e5,H8061,05,1.0,1,30,30,4,,Y,,032316,83,4,2,1,0,2,9.8,1,1,.,,,,1,83,44,S0898,+,.,1ST,3,3,..,BLD,J,1,,1,1,2,0,0,0.5,0,2016-03-23,0.0,,,,,
D16LA00959,16LA00959,16,H8889,05,,e5,H8061,05,1.0,1,30,30,4,,Y,,032316,83,4,2,1,0,2,9.3,1,1,.,,,,1,83,44,,,.,2ND,4,3,..,BLD,J,2,,0,0,0,0,0,0.0,0,2016-03-23,0.0,,,,,
2016456344,16LA00960,16,T5315,45,,60,T6301,00,2.0,2,02,02,2,I,N,,032416,84,8,2,2,0,2,9.8,1,4,T6344,45,,02,6,84,66,,,.,1ST.PARROT,1,1,..,,J,1,,1,1,2,1,0,0.0,0,2016-03-24,0.0,,,,,
2016456345,16LA00961,16,T5315,45,,60,T6301,00,2.0,2,02,02,2,I,N,,032416,84,8,2,2,0,2,9.0,1,1,T6345,45,,02,,,,,,.,2ND.INC.RR.PNEU,1,1,..,,J,2,,0,0,0,1,1,1.0,82,2016-03-24,0.0,29,118,2,,
2016833617,16LA00962,16,H6480,05,,18,Z3211,00,6.0,6,30,97,1,0,Y,,032416,84,9,3,2,0,2,9.2,5,1,Z3617,83,,80,,,,,,.,1ST90BLK,1,1,..,BLD,J,1,,1,1,3,1,1,1.0,77,2016-03-24,0.0,28,118,2,,
2016833618,16LA00963,16,H6480,05,,18,Z3211,00,6.0,6,30,97,1,0,Y,,032416,84,9,3,3,0,2,9.4,5,1,Z3618,83,,80,,,,,,.,2ND,1,1,..,BLD,J,2,,0,0,0,1,1,1.0,80,2016-03-24,0.0,26,118,2,,
2016833619,16LA00964,16,H6480,05,,18,Z3211,00,6.0,6,30,97,1,0,Y,,032416,84,9,3,2,0,2,10.0,5,1,Z3619,83,,80,,,,H9009,-,.,3RD,1,1,..,BLD,J,3,,0,0,0,1,1,0.5,75,2016-03-24,0.0,26,118,2,,
2016059440,16LA00965,16,H9009,05,,e6,H8210,05,1.0,1,30,30,4,0,Y,,032316,83,8,2,2,0,2,4.8,1,1,H9440,05,,30,6,84,67,Z3619,+,.,1ST,1,1,..,,J,1,,1,1,2,1,0,0.5,0,2016-03-23,0.027,,,,,
2016059441,16LA00966,16,H9009,05,,e6,H8210,05,1.0,1,30,30,4,0,Y,,032316,83,8,2,2,2,2,4.1,1,1,H9441,05,,30,3,84,93,,8,.,2ND.W.SCRS,1,1,..,,J,2,,0,0,0,1,0,0.0,0,2016-03-23,0.027,,,,,
2016059442,16LA00967,16,H7426,05,,32,H8507,05,4.0,4,30,30,1,7,N,,032416,84,8,3,2,0,2,10.1,1,1,H9442,05,,30,,,,,,.,1ST.,1,1,..,BLD,J,1,,1,1,2,1,1,1.0,81,2016-03-24,0.046,32,118,2,,
2016059443,16LA00968,16,H7426,05,,32,H8507,05,4.0,4,30,30,1,7,N,,032416,84,8,3,2,0,2,13.2,1,1,H9443,05,,30,,,,,,.,2ND.SCRS,1,1,..,BLD,J,2,,0,0,0,1,1,1.0,98,2016-03-24,0.046,37,118,2,,
2016701843,16LA00969,16,L0351,70,,6,L1549,70,5.0,5,PC,PC,1,0,N,,032416,84,8,3,1,0,2,16.9,5,1,L1843,70,,PC,,,,,,.,1ST,3,3,..,OR,J,1,,1,1,2,1,1,1.0,89,2016-03-24,0.006,30,118,H,,
2016701844,16LA00970,16,L0351,70,,6,L1549,70,5.0,5,PC,PC,1,0,N,,032416,84,8,3,1,0,4,13.6,5,1,L1844,70,,PC,,,,,,.,2ND.PNEU?,5,3,..,OR,J,2,,0,0,0,1,1,1.0,71,2016-03-24,0.006,29,118,H,,
2016833620,16LA00971,16,R8158,11,,16,Z3208,00,6.0,6,07,97,1,0,Y,,032416,84,5,2,3,0,2,15.4,5,1,Z3620,83,,10,,,,,,BLOODYLEFTMILK,1ST90BLK,1,1,..,BLD,J,1,,1,1,1,1,1,1.0,109,2016-03-24,0.0,44,118,2,,
2016120900,16LA00972,16,R9607,11,,40,S0741,00,3.0,3,07,41,1,,N,,032416,84,9,2,1,0,4,10.2,1,1,S0900,12,,42,,,,T5680,-,.,1ST,1,1,..,,J,1,,1,1,3,1,1,0.5,101,2016-03-24,0.0,36,118,2,,
2016120901,16LA00973,16,R9607,11,,40,S0741,00,3.0,3,07,41,1,,N,,032416,84,9,2,1,0,4,10.9,1,1,S0901,12,,42,,,,,,.,2ND,1,1,..,,J,2,,0,0,0,1,1,1.0,99,2016-03-24,0.0,39,118,2,,
2016120902,16LA00974,16,R9607,11,,40,S0741,00,3.0,3,07,41,1,,N,,032416,84,9,2,1,0,2,8.9,1,1,S0902,12,,42,6,90,19,,,.,3RD,1,1,..,,J,3,,0,0,0,1,0,0.0,0,2016-03-24,0.0,,,,,
2016833621,16LA00975,16,T5680,45,,41,Z3206,00,2.0,2,02,07,1,7,N,,032416,84,6,2,2,0,2,6.9,1,1,Z3621,83,,08,3,84,93,,8,.,1ST.W.SCRS,1,1,..,,J,1,,1,1,2,1,0,0.0,0,2016-03-24,0.0,,,,,
D16LA00976,16LA00976,16,T5680,45,,41,Z3206,00,2.0,2,02,07,1,7,N,,032416,84,6,2,1,0,2,10.6,1,1,.,,,,0,84,27,S0900,+,.,2ND,1,1,..,,J,2,,0,0,0,0,0,0.5,0,2016-03-24,0.0,,,,,
2016456346,16LA00977,16,T4491,45,,61,T6302,00,4.0,4,02,02,2,0,N,,032416,84,8,3,1,0,2,11.8,1,1,T6346,45,,02,,,,,,.,1ST,1,1,..,,J,1,,1,1,2,1,1,1.0,83,2016-03-24,0.0,29,118,2,,
2016456347,16LA00978,16,T4491,45,,61,T6302,00,4.0,4,02,02,2,0,N,,032416,84,8,3,2,0,2,10.0,1,1,T6347,45,,02,,,,,,.,2ND.SCRS,1,1,..,,J,2,,0,0,0,1,1,1.0,74,2016-03-24,0.0,24,118,2,,
2016120903,16LA00979,16,R8617,11,,52,S0742,00,6.0,6,07,07,1,0,N,,032416,84,8,3,2,0,2,13.5,1,1,S0903,12,,07,,,,,,.,1ST,1,1,..,BLD,J,1,,1,1,2,1,1,1.0,86,2016-03-24,0.0,31,118,2,,
2016120904,16LA00980,16,R8617,11,,52,S0742,00,6.0,6,07,07,1,0,N,,032416,84,8,3,2,0,2,10.0,1,1,S0904,12,,07,,,,,,.,2ND,1,1,..,BLD,J,2,,0,0,0,1,1,1.0,78,2016-03-24,0.0,25,118,2,,
2016059444,16LA00981,16,H7848,05,,33,H8787,05,4.0,4,30,30,1,0,N,,032416,84,8,3,1,0,2,9.0,1,1,H9444,05,,30,,,,,,.,1ST,1,1,..,BLD,J,1,,1,1,2,1,1,1.0,93,2016-03-24,0.039,31,118,2,,
2016059445,16LA00982,16,H7848,05,,33,H8787,05,4.0,4,30,30,1,0,N,,032416,84,8,3,2,0,2,10.2,1,1,H9445,05,,30,,,,,,.,2ND,1,1,..,BLD,J,2,,0,0,0,1,1,1.0,60,2016-03-24,0.039,25,118,2,,
2016059446,16LA00983,16,H8083,05,,33,H8787,05,3.0,3,30,30,1,0,N,,032416,84,9,3,2,0,2,8.0,1,1,H9446,05,,30,3,84,93,,8,WARTS,1ST,1,1,..,BLD,J,1,,1,1,3,1,0,0.0,0,2016-03-24,0.035,,,,,
2016059447,16LA00984,16,H8083,05,,33,H8787,05,3.0,3,30,30,1,0,N,,032416,84,9,3,1,0,4,11.2,1,1,H9447,05,,30,,,,,,.,2ND,1,1,..,BLD,J,2,,0,0,0,1,1,1.0,78,2016-03-24,0.035,26,118,2,,
2016059448,16LA00985,16,H8083,05,,33,H8787,05,3.0,3,30,30,1,0,N,,032416,84,9,3,2,0,2,9.9,1,1,H9448,05,,30,,,,,,.,3RD,1,1,..,BLD,J,3,,0,0,0,1,1,1.0,74,2016-03-24,0.035,25,118,2,,
2016059449,16LA00986,16,H9062,05,,e8,H8715,05,1.0,1,30,30,4,0,Y,,032416,84,8,3,3,0,2,6.5,1,1,H9449,05,,30,,,,,,.,1ST,1,1,..,,J,1,,1,1,2,1,1,1.0,56,2016-03-24,0.033,20,118,2,,
2016059450,16LA00987,16,H9062,05,,e8,H8715,05,1.0,1,30,30,4,0,Y,,032416,84,8,3,3,0,2,8.6,1,1,H9450,05,,30,,,,,,.,2ND.H,1,1,..,,J,2,,0,0,0,1,1,1.0,68,2016-03-24,0.033,22,118,2,,
2016059451,16LA00988,16,H8863,05,,e6,H8210,05,1.0,1,30,30,4,0,Y,,032416,84,5,2,2,0,2,11.0,1,1,H9451,05,,30,,,,,,.,1ST.SCRS.LH.LME,1,1,..,,J,1,,1,1,1,1,1,1.0,77,2016-03-24,0.026,24,118,2,,
2016059452,16LA00989,16,H8524,05,,30,H8376,05,2.0,2,30,30,1,7,N,,032416,84,8,3,1,0,2,11.0,1,1,H9452,05,,30,,,,,,.,1ST,1,1,..,,J,1,,1,1,2,1,1,1.0,87,2016-03-24,0.035,31,118,2,,
2016059453,16LA00990,16,H8524,05,,30,H8376,05,2.0,2,30,30,1,7,N,,032416,84,8,3,1,0,2,12.2,1,1,H9453,05,,30,,,,,,.,2ND,1,1,..,,J,2,,0,0,0,1,1,1.0,74,2016-03-24,0.035,22,118,2,,
2016701845,16LA00991,16,Z1774,83,,10,Z1259,83,3.0,3,T3,SC,1,0,N,,032416,84,5,4,2,0,2,12.2,5,1,L1845,70,,PC,,,,,,.,1ST.SCRS.FVR,1,1,..,OR,J,1,,1,1,1,1,1,1.0,117,2016-03-24,0.009,40,118,H,,
2016833622,16LA00992,16,X8561,82,,15,Z2306,83,6.0,6,97,97,1,0,N,,032416,84,8,4,1,0,2,17.8,6,1,Z3622,83,,97,,,,,,.,1ST,1,1,..,BLD,J,1,,1,1,2,1,1,1.0,104,2016-03-24,0.024,47,123,H,,
2016833623,16LA00993,16,X8561,82,,15,Z2306,83,6.0,6,97,97,1,0,N,,032416,84,8,4,1,L,2,17.9,6,1,Z3623,83,,97,,,,,,.,2ND,1,1,..,BLD,J,2,,0,0,0,1,1,1.0,100,2016-03-24,0.024,46,123,H,,
2016833624,16LA00994,16,R9008,11,,21,Z3204,00,5.0,5,07,SM,1,0,Y,,032416,84,8,3,3,0,2,11.8,1,1,Z3624,83,,XR,,,,,,.,1ST,1,1,..,BLD,J,1,,1,1,2,1,1,1.0,90,2016-03-24,0.0,34,118,2,,
2016833625,16LA00995,16,R9008,11,,21,Z3204,00,5.0,5,07,SM,1,0,Y,,032416,84,8,3,3,0,2,15.6,1,1,Z3625,83,,XR,,,,,,.,2ND,3,3,..,BLD,J,2,,0,0,0,1,1,1.0,101,2016-03-24,0.0,43,118,2,,
2016120905,16LA00996,16,R9568,11,,53,S0743,00,3.0,3,07,07,1,0,N,,032416,84,5,2,1,0,2,14.3,1,1,S0905,12,,07,,,,,,.,1ST,1,1,..,,J,1,,1,1,1,1,1,1.0,94,2016-03-24,0.0,45,118,2,,
2016059454,16LA00997,16,H8514,05,,30,H8376,05,2.0,2,30,30,1,0,N,,032416,84,8,5,2,0,2,9.6,1,1,H9454,05,,30,,,,,,1ST,1ST,1,1,..,,J,1,,1,1,2,1,1,1.0,77,2016-03-24,0.031,29,118,2,,
2016059455,16LA00998,16,H8514,05,,30,H8376,05,2.0,2,30,30,1,0,N,,032416,84,8,5,2,0,2,11.6,1,1,H9455,05,,30,,,,,,.,2ND,1,1,..,,J,2,,0,0,0,1,1,1.0,78,2016-03-24,0.031,28,118,2,,
2016456348,16LA00999,16,T5645,45,,58,T6299,00,2.0,2,02,02,2,,N,,032416,84,9,0,1,0,2,6.2,1,1,T6348,45,,02,6,85,66,,,EUTH.,1ST.WEAK,1,1,..,,J,1,,1,1,3,1,0,0.0,0,2016-03-24,0.0,,,,,
D16LA01000,16LA01000,16,T5645,45,,58,T6299,00,2.0,2,02,02,2,,N,,032416,84,9,0,2,0,2,10.5,1,1,.,,,,1,84,44,,,LAME.LR,2ND,1,1,..,,J,2,,0,0,0,0,0,0.0,0,2016-03-24,0.0,,,,,
2016456349,16LA01001,16,T5645,45,,58,T6299,00,2.0,2,02,02,2,,N,,032416,84,9,0,1,2,2,9.0,1,1,T6349,45,,02,,,,H8620,-,SPINE.INJUR,3RD,1,1,..,,J,3,,0,0,0,1,1,0.5,89,2016-03-24,0.0,32,118,2,,
2016059456,16LA01002,16,H9055,05,,e6,H8210,05,1.0,1,30,30,4,0,Y,.,032416,84,8,2,3,0,2,6.4,1,1,H9456,05,,30,7,200,97,,,.,1ST,1,1,..,,J,1,,1,1,2,1,0,,,2016-03-24,0.017,13,118,2,,
2016059457,16LA01003,16,H9055,05,,e6,H8210,05,1.0,1,30,30,4,0,Y,.,032416,84,8,2,3,0,2,6.6,1,1,H9457,05,,30,,,,,,.,2ND,1,1,..,,J,2,,0,0,0,1,1,1.0,66,2016-03-24,0.017,18,118,2,,
D16LA01004,16LA01004,16,H9167,05,,e8,H8715,05,1.0,1,30,30,4,7,Y,,032416,84,0,0,2,0,2,8.2,1,1,.,,,,0,84,27,,,DRY,.,1,1,..,,J,1,,1,1,1,0,0,0.0,0,2016-03-24,0.0,,,,,
2016059458,16LA01005,16,H8620,05,,29,H7479,05,2.0,2,30,30,1,0,N,,032416,84,6,2,2,0,2,8.9,1,1,H9458,05,,30,6,85,01,T6349,+,PNEU,1ST,1,1,..,,J,1,,1,1,2,1,0,0.5,0,2016-03-24,0.037,,,,,
D16LA01006,16LA01006,16,H8620,05,,29,H7479,05,2.0,2,30,30,1,0,N,,032416,84,6,2,2,0,2,6.8,1,1,.,,,,0,84,27,,,.,2ND.BLOB,1,1,..,,J,2,,0,0,0,0,0,0.0,0,2016-03-24,0.037,,,,,
2016059459,16LA01007,16,H8300,05,,33,H8787,05,3.0,3,30,30,1,,N,,032416,84,9,2,3,0,2,8.0,1,1,H9459,05,,30,3,84,93,,8,.,1ST,5,4,..,,J,1,,1,1,3,1,0,0.0,0,2016-03-24,0.033,,,,,
2016059460,16LA01008,16,H8300,05,,33,H8787,05,3.0,3,30,30,1,,N,,032416,84,9,2,2,0,2,10.0,1,1,H9460,05,,30,,,,,,.,2ND,2,4,..,,J,2,,0,0,0,1,1,1.0,70,2016-03-24,0.033,28,118,2,,
2016059461,16LA01009,16,H8300,05,,33,H8787,05,3.0,3,30,30,1,,N,,032416,84,9,2,1,0,2,12.0,1,1,H9461,05,,30,,,,,,.,3RD,2,4,..,,J,3,,0,0,0,1,1,1.0,93,2016-03-24,0.033,32,118,2,,
2016833626,16LA01010,16,T4032,45,,16,Z3208,00,5.0,5,02,97,1,7,Y,,032416,84,8,3,3,0,2,11.4,5,1,Z3626,83,,20,,,,,,1ST.80BRN,1ST.80BRN,1,1,..,,J,1,,1,1,2,1,1,1.0,85,2016-03-24,0.0,32,118,2,,
2016833627,16LA01011,16,T4032,45,,16,Z3208,00,5.0,5,02,97,1,7,Y,,032416,84,8,3,3,0,2,12.6,5,1,Z3627,83,,20,,,,,,.,2ND90BRN,1,1,..,,J,2,,0,0,0,1,1,1.0,81,2016-03-24,0.0,34,118,2,,
2016833628,16LA01012,16,T5037,45,,27,Z3216,00,3.0,3,02,SM,1,,Y,,032416,84,5,3,3,0,2,16.2,1,1,Z3628,83,,XT,,,,,,.,1ST,1,1,..,,J,1,,1,1,1,1,1,1.0,93,2016-03-24,0.0,36,118,2,,
2016120906,16LA01013,16,R9578,11,,42,R9841,11,3.0,3,07,07,1,0,N,,032416,84,6,2,2,0,2,11.6,1,1,S0906,12,,07,,,,,,.,1ST.SCOURS,1,1,..,,J,1,,1,1,2,1,1,1.0,88,2016-03-24,0.028,36,118,2,,
D16LA01014,16LA01014,16,R9578,11,,42,R9841,11,3.0,3,07,07,1,0,N,,032416,84,6,2,2,0,2,8.7,1,1,.,,,,0,84,27,,,.,2ND.NASTY,1,1,..,,J,2,,0,0,0,0,0,0.0,0,2016-03-24,0.028,,,,,
2016456350,16LA01015,16,T4931,45,,59,T6300,00,3.0,3,02,02,2,0,N,,032416,84,8,3,1,0,2,13.9,1,1,T6350,45,,02,,,,,,.,1ST,1,1,..,BLD,J,1,,1,1,2,1,1,1.0,74,2016-03-24,0.0,30,118,2,,
2016456351,16LA01016,16,T4931,45,,59,T6300,00,3.0,3,02,02,2,0,N,,032416,84,8,3,2,0,3,13.2,1,1,T6351,45,,02,,,,,,.,2ND,1,1,..,BLD,J,2,,0,0,0,1,1,1.0,77,2016-03-24,0.0,31,118,2,,
2016833629,16LA01017,16,R8403,11,,27,Z3216,00,6.0,6,07,SM,1,0,Y,,032416,84,5,2,3,0,2,17.8,1,1,Z3629,83,,XR,,,,,,.,1ST,1,1,..,BLD,J,1,,1,1,1,1,1,1.0,111,2016-03-24,0.0,51,118,2,,
2016456352,16LA01018,16,T4611,45,,65,T5603,45,4.0,4,02,02,2,7,N,,032416,84,5,3,2,L,2,12.0,1,1,T6352,45,,02,,,,,,.,1ST,1,1,..,,J,1,,1,1,1,1,1,1.0,97,2016-03-24,0.044,40,118,2,,
2016120907,16LA01019,16,S0090,12,,34,S0732,00,2.0,2,07,07,1,0,N,,032416,84,5,3,2,0,2,14.9,1,1,S0907,12,,07,,,,,,.,1ST.H,1,1,..,BLD,J,1,,1,1,1,1,1,1.0,90,2016-03-24,0.0,36,118,2,,
2016456353,16LA01020,16,T5899,45,,55,T5017,45,1.0,1,02,02,4,,N,,032416,84,8,2,1,0,2,12.0,1,1,T6353,45,,02,6,105,66,,,.,1ST.RibFxPneu,1,1,..,,J,1,,1,1,2,1,0,0.0,0,2016-03-24,0.047,,,,,
2016456354,16LA01021,16,T5899,45,,55,T5017,45,1.0,1,02,02,4,,N,,032416,84,8,2,2,0,2,10.0,1,1,T6354,45,,02,,,,,,.,2ND,3,2,..,,J,2,,0,0,0,1,1,1.0,86,2016-03-24,0.047,18,118,H,,
2016120908,16LA01022,16,R8774,11,,49,S0733,00,5.0,5,07,07,1,0,N,,032416,84,5,3,1,0,2,14.6,1,1,S0908,12,,07,,,,,,LT.L.BAG,1ST,1,1,..,BLD,J,1,,1,1,1,1,1,1.0,124,2016-03-24,0.0,42,118,H,,
D16LA01023,16LA01023,16,H8687,05,,29,H7479,05,2.0,2,30,30,1,,N,,032316,83,7,2,2,.,.,12.2,1,1,.,,,,1,83,44,,,.,2ND,8,1,..,,J,2,,0,0,0,0,0,0.0,0,2016-03-23,0.041,,,,,
D16LA01024,16LA01024,16,X8770,82,,BL,K4942,64,6.0,6,BL,06,1,0,Y,,032316,83,6,4,.,.,.,1.0,.,.,.,,,,0,83,27,,,.,2ND.BLOB,1,1,..,,J,2,,0,0,0,0,0,0.0,0,2016-03-23,0.0,,,,,
2016833630,16LA01025,16,Z2879,83,,e3,Z1488,83,1.0,1,97,97,4,0,N,,032416,84,8,2,2,2,4,9.5,6,1,Z3630,83,,97,,,,,,.,1ST,1,1,..,BLD,Y,1,,1,1,2,1,1,1.0,78,2016-03-24,0.014,33,123,H,,
2016833631,16LA01026,16,Z2879,83,,e3,Z1488,83,1.0,1,97,97,4,0,N,,032416,84,8,2,1,0,4,8.6,6,1,Z3631,83,,97,,,,,,.,2ND,1,1,..,BLD,Y,2,,0,0,0,1,1,1.0,82,2016-03-24,0.014,32,123,H,,
2016456355,16LA01027,16,T5811,45,,60,T6301,00,2.0,2,02,02,2,0,N,,032416,84,5,3,2,0,3,14.5,1,1,T6355,45,,02,,,,,,.,NICE LAMB,1,1,..,BLD,Y,1,,1,1,1,1,1,1.0,90,2016-03-24,0.0,39,118,2,,
2016456356,16LA01028,16,T5432,45,,62,T5331,45,2.0,2,02,02,2,0,N,,032416,84,8,3,2,0,2,10.0,1,1,T6356,45,,02,,,,,,.,1ST,1,1,..,,Y,1,,1,1,2,1,1,1.0,68,2016-03-24,0.046,26,118,2,,
2016456357,16LA01029,16,T5432,45,,62,T5331,45,2.0,2,02,02,2,0,N,,032416,84,8,3,1,0,2,10.8,1,1,T6357,45,,02,,,,,,.,2ND,1,1,..,,Y,2,,0,0,0,1,1,1.0,75,2016-03-24,0.046,23,118,2,,
2016701846,16LA01030,16,L1626,70,,8,L1614,70,2.0,2,PC,PC,1,,N,,032416,84,8,3,2,0,4,12.6,5,1,L1846,70,,PC,,,,,,.,1ST.35BL,1,1,..,OR,Y,1,,1,1,2,1,1,1.0,69,2016-03-24,0.007,25,118,H,,
2016701847,16LA01031,16,L1626,70,,8,L1614,70,2.0,2,PC,PC,1,,N,,032416,84,8,3,1,0,4,10.6,1,1,L1847,70,,PC,,,,,,.,2ND,1,1,..,OR,Y,2,,0,0,0,1,1,1.0,77,2016-03-24,0.007,21,118,H,,
D16LA01032,16LA01032,16,H9231,05,,e5,H8061,05,1.0,1,30,30,4,0,Y,,032416,84,7,3,1,.,.,6.1,1,1,.,,,,1,84,44,,,.,1ST,1,1,..,,Y,1,,1,1,2,0,0,0.0,0,2016-03-24,0.035,,,,,
2016059462,16LA01033,16,H9231,05,,e5,H8061,05,1.0,1,30,30,4,0,Y,,032416,84,7,3,2,0,2,5.5,1,1,H9462,05,,30,6,88,67,,,.,2ND.WEAK.SCRS,1,1,..,,Y,2,,0,0,0,1,0,0.0,0,2016-03-24,0.035,,,,,
2016833632,16LA01034,16,Z0220,83,,14,Z3203,00,5.0,5,CM,97,1,0,N,,032416,84,9,2,3,0,4,10.4,5,1,Z3632,83,,SY,3,85,93,,8,2@ONCE,1ST,7,4,..,OR,Y,1,,1,1,3,1,0,0.0,0,2016-03-24,0.0,,,,,
2016833633,16LA01035,16,Z0220,83,,14,Z3203,00,5.0,5,CM,97,1,0,N,,032416,84,9,2,1,0,2,13.7,5,1,Z3633,83,,SY,,,,,,.,2ND,7,4,..,OR,Y,2,,0,0,0,1,1,1.0,89,2016-03-24,0.0,30,118,H,,
2016833634,16LA01036,16,Z0220,83,,14,Z3203,00,5.0,5,CM,97,1,0,N,,032416,84,9,2,1,0,3,12.5,5,1,Z3634,83,,SY,,,,,,.,3RD,1,1,..,OR,Y,3,,0,0,0,1,1,1.0,94,2016-03-24,0.0,22,118,H,,
2016120909,16LA01037,16,R7743,11,,36,S0737,00,7.0,7,07,07,1,,N,,032416,84,9,3,2,0,4,10.4,1,1,S0909,12,,07,,,,,,.,1ST,1,1,..,BLD,Y,1,,1,1,3,1,1,1.0,63,2016-03-24,0.0,26,118,2,,
2016120910,16LA01038,16,R7743,11,,36,S0737,00,7.0,7,07,07,1,,N,,032416,84,9,3,3,0,2,6.9,1,1,S0910,12,,07,6,85,67,,8,.,2ND.POS.2@ONC,7,3,..,BLD,Y,2,,0,0,0,1,0,0.0,0,2016-03-24,0.0,,,,,
2016120911,16LA01039,16,R7743,11,,36,S0737,00,7.0,7,07,07,1,,N,,032416,84,9,3,2,0,2,9.6,1,1,S0911,12,,07,,,,,,.,3RD.HAIRY,7,3,..,BLD,Y,3,,0,0,0,1,1,1.0,74,2016-03-24,0.0,26,118,2,,
D16LA01040,16LA01040,16,T5354,45,,64,Z0000,83,2.0,2,02,97,2,0,N,,032416,84,0,1,1,.,.,8.8,5,1,.,,,,0,84,27,,,SM.BAG,H2O.BELLY,1,1,..,BLD,Y,1,,1,1,1,0,0,0.0,0,2016-03-24,0.0,,,,,
2016833635,16LA01041,16,Z2886,83,,e3,Z1488,83,1.0,1,97,97,4,0,N,,032416,84,5,3,2,.,.,9.8,6,1,Z3635,83,,97,6,85,19,,,.,L/D,1,1,..,BLD,Y,1,,1,1,1,1,0,0.0,0,2016-03-24,0.019,,,,,
2016059463,16LA01042,16,H5696,05,,31,H8485,05,6.0,6,30,30,1,0,N,,032416,84,8,2,3,0,2,9.4,1,1,H9463,05,,30,3,85,93,,8,RSDBLOODY,1ST.REJECTED,1,1,..,BLD,Y,1,,1,1,2,1,0,0.0,0,2016-03-24,0.027,,,,,
2016059464,16LA01043,16,H5696,05,,31,H8485,05,6.0,6,30,30,1,0,N,,032416,84,8,2,1,0,3,10.4,1,1,H9464,05,,30,,,,,,.,2ND,1,1,..,BLD,Y,2,,0,0,0,1,1,1.0,105,2016-03-24,0.027,39,118,2,,
2016833636,16LA01044,16,Z2321,83,,12,Z1765,83,2.0,2,97,97,1,0,N,,032416,84,5,2,2,0,2,15.3,6,1,Z3636,83,,97,,,,,,.,NICE LAMB,1,1,..,BLD,Y,1,,1,1,1,1,1,1.0,120,2016-03-24,0.01,53,123,H,,
2016833637,16LA01045,16,Z0420,83,,BR2,Z0000,83,5.0,5,33,97,5,7,Y,,032416,84,5,3,3,0,4,16.7,5,1,Z3637,83,,83,,,,,,.,NICE LAMB,1,1,..,GRN,Y,1,,1,1,1,1,1,1.0,137,2016-03-24,0.0,46,118,H,,
2016059465,16LA01046,16,H8492,05,,32,H8507,05,2.0,2,30,30,1,,N,,032416,84,9,2,2,0,4,9.8,1,1,H9465,05,,30,,,,,,RP,1ST,1,1,..,,J,1,,1,1,3,1,1,1.0,79,2016-03-24,0.034,26,118,2,,
D16LA01047,16LA01047,16,H8492,05,,32,H8507,05,2.0,2,30,30,1,,N,,032416,84,9,2,2,.,.,9.5,1,1,.,,,,1,84,44,,,LOW MILK,2ND,1,1,..,,J,2,,0,0,0,0,0,0.0,0,2016-03-24,0.034,,,,,
2016059466,16LA01048,16,H8492,05,,32,H8507,05,2.0,2,30,30,1,,N,,032416,84,9,2,2,0,2,9.6,1,1,H9466,05,,30,3,86,93,,,.,3RD.Weak,4,4,..,,J,3,,0,0,0,1,0,,,2016-03-24,0.034,,,,,
2016120912,16LA01049,16,R9662,11,,45,S0123,12,3.0,3,07,07,1,0,N,,032416,84,5,3,1,0,4,14.1,1,1,S0912,12,,07,,,,,,.,SCOURS,1,1,..,BLD,J,1,,1,1,1,1,1,1.0,102,2016-03-24,0.057,42,118,2,,
2016833638,16LA01050,16,T5346,45,,3,L0762,70,2.0,2,02,PC,1,,Y,,032416,84,5,3,2,0,2,15.6,2,1,Z3638,83,,LT,,,,,,.,BR.EARS.FEET,1,1,..,,J,1,,1,1,1,1,1,1.0,73,2016-03-24,0.0,22,118,2,,
2016120913,16LA01051,16,S0276,12,,35,S0736,00,2.0,2,07,07,1,0,N,,032416,84,5,3,1,0,3,12.0,1,1,S0913,12,,07,,,,,,.,.,1,1,..,,J,1,,1,1,1,1,1,1.0,96,2016-03-24,0.0,40,118,2,,
2016701848,16LA01052,16,L1524,70,,3,L0762,70,2.0,2,PC,PC,1,,N,,032416,84,8,3,2,0,2,11.3,2,1,L1848,70,,PC,,,,,,.,1ST.<05BR SCOUR,1,1,..,OR,J,1,,1,1,2,1,1,1.0,98,2016-03-24,0.007,33,118,H,,
2016701849,16LA01053,16,L1524,70,,3,L0762,70,2.0,2,PC,PC,1,,N,,032416,84,8,3,2,0,2,7.5,2,1,L1849,70,,PC,3,86,93,,,.,2ND.<05BR.Weak,1,1,..,OR,J,2,,0,0,0,1,0,0.0,0,2016-03-24,0.007,,,,,
2016120914,16LA01054,16,S0083,12,,39,S0740,00,2.0,2,07,41,1,,N,,032416,84,8,2,1,0,2,11.9,1,1,S0914,12,,42,,,,,,.,1ST,1,1,..,,J,1,,1,1,2,1,1,1.0,112,2016-03-24,0.0,42,118,2,,
2016120915,16LA01055,16,S0083,12,,39,S0740,00,2.0,2,07,41,1,,N,,032416,84,8,2,1,0,2,8.9,1,1,S0915,12,,42,6,90,21,,,.,2ND SCOURS,1,1,..,,J,2,,0,0,0,1,0,0.0,0,2016-03-24,0.0,,,,,
2016059467,16LA01056,16,H8389,05,,33,H8787,05,3.0,3,30,30,1,0,N,,032416,84,7,3,2,0,2,8.6,1,1,H9467,05,,30,3,90,93,,,RUPTURE,1ST.DamDriedUp,1,1,..,,J,1,,1,1,2,1,0,0.0,0,2016-03-24,0.024,,,,,
D16LA01057,16LA01057,16,H8389,05,,33,H8787,05,3.0,3,30,30,1,0,N,,032416,84,7,3,1,.,.,9.1,1,1,.,,,,1,84,44,,,.,2ND,1,1,..,,J,2,,0,0,0,0,0,0.0,0,2016-03-24,0.024,,,,,
2016833639,16LA01058,16,Z1691,83,,17,Z3210,00,3.0,3,CM,97,1,0,N,,032416,84,5,3,1,0,2,16.8,5,1,Z3639,83,,SY,,,,,,.,.,1,1,..,OR,J,1,,1,1,1,1,1,1.0,108,2016-03-24,0.0,33,118,H,,
2016833640,16LA01059,16,H7576,05,,4,L1368,70,4.0,4,30,PC,1,0,Y,,032416,84,9,3,2,0,2,11.0,2,1,Z3640,83,,LP,6,106,85,,,.,1STPeritonitis,1,1,..,BLD,J,1,,1,1,3,1,0,0.0,0,2016-03-24,0.0,,,,,
2016833641,16LA01060,16,H7576,05,,4,L1368,70,4.0,4,30,PC,1,0,Y,,032416,84,9,3,2,0,3,13.3,5,1,Z3641,83,,LP,,,,,,.,2ND.SCRS,1,1,..,BLD,J,2,,0,0,0,1,1,1.0,110,2016-03-24,0.0,37,118,2,,
2016833642,16LA01061,16,H7576,05,,4,L1368,70,4.0,4,30,PC,1,0,Y,,032416,84,9,3,2,0,4,10.5,5,1,Z3642,83,,LP,,,,H8822,-,.,3RD.CONT RF,1,1,..,BLD,J,3,,0,0,0,1,1,0.5,88,2016-03-24,0.0,29,118,2,,
2016120916,16LA01062,16,R7879,11,,34,S0732,00,7.0,7,07,07,1,,N,,032516,85,8,2,1,0,2,13.5,1,1,S0916,12,,07,6,88,23,,,.,1ST,1,1,..,BLD,J,1,,1,1,2,1,0,0.0,0,2016-03-25,0.0,,,,,
2016120917,16LA01063,16,R7879,11,,34,S0732,00,7.0,7,07,07,1,,N,,032516,85,8,2,1,0,2,12.5,1,1,S0917,12,,07,,,,,,.,2ND,1,1,..,BLD,J,2,,0,0,0,1,1,1.0,76,2016-03-25,0.0,26,118,2,,
2016833643,16LA01064,16,T3243,45,,13,Z3202,00,6.0,6,02,97,1,0,Y,,032516,85,9,1,3,0,4,7.6,5,1,Z3643,83,,20,,,,,,.,1ST.SCRS,1,1,..,,J,1,,1,1,3,1,1,1.0,93,2016-03-25,0.0,30,118,2,,
2016833644,16LA01065,16,T3243,45,,13,Z3202,00,6.0,6,02,97,1,0,Y,,032516,85,9,1,2,0,3,12.4,5,1,Z3644,83,,20,,,,H8927,-,.,2ND,1,1,..,,J,2,,0,0,0,1,1,0.5,81,2016-03-25,0.0,33,118,2,,
2016833645,16LA01066,16,T3243,45,,13,Z3202,00,6.0,6,02,97,1,0,Y,,032516,85,9,1,2,0,2,9.9,5,1,Z3645,83,,20,3,85,93,,8,.,3RD.CONT.TEND,1,1,..,,J,3,,0,0,0,1,0,0.0,0,2016-03-25,0.0,,,,,
2016120918,16LA01067,16,R9546,11,,38,S0739,00,4.0,4,07,42,1,0,N,,032516,85,8,3,2,.,.,11.7,1,1,S0918,12,,43,6,85,67,,,.,1ST,1,1,..,BLD,J,1,,1,1,2,1,0,0.0,0,2016-03-25,0.0,,,,,
2016120919,16LA01068,16,R9546,11,,38,S0739,00,4.0,4,07,42,1,0,N,,032516,85,8,3,1,0,2,13.0,1,1,S0919,12,,43,,,,,,.,2ND,1,1,..,BLD,J,2,,0,0,0,1,1,1.0,101,2016-03-25,0.0,40,118,2,,
2016456358,16LA01069,16,T2497,45,,61,T6302,00,7.0,7,02,02,2,,N,,032516,85,5,3,1,0,2,14.2,1,1,T6358,45,,02,,,,,,.,.,1,1,..,,J,1,,1,1,1,1,1,1.0,87,2016-03-25,0.0,35,118,2,,
2016059468,16LA01070,16,H9211,05,,e6,H8210,05,1.0,1,30,30,4,0,Y,.,032516,85,8,4,2,0,2,8.4,1,1,H9468,05,,30,,,,,,BIG.TEATS,1ST.SCRS,1,1,..,BLD,J,1,,1,1,2,1,1,1.0,79,2016-03-25,0.029,26,118,2,,
2016059469,16LA01071,16,H9211,05,,e6,H8210,05,1.0,1,30,30,4,0,Y,.,032516,85,8,4,2,0,2,7.2,1,1,H9469,05,,30,3,86,93,,,.,2ND.Weak,1,1,..,BLD,J,2,,0,0,0,1,0,0.0,0,2016-03-25,0.029,,,,,
2016059470,16LA01072,16,H6058,05,,33,H8787,05,6.0,6,30,30,1,0,N,,032516,85,8,3,2,0,3,10.9,1,1,H9470,05,,30,,,,,,.,1ST.NICE,1,1,..,BLD,J,1,,1,1,2,1,1,1.0,83,2016-03-25,0.045,29,118,2,,
2016059471,16LA01073,16,H6058,05,,33,H8787,05,6.0,6,30,30,1,0,N,,032516,85,8,3,2,0,2,10.5,1,1,H9471,05,,30,,,,,,.,2ND.NICE.SCRS,1,1,..,BLD,J,2,,0,0,0,1,1,1.0,75,2016-03-25,0.045,26,118,2,,
2016120920,16LA01074,16,R9592,11,,47,S0730,00,3.0,3,07,07,1,0,N,,032516,85,8,3,2,0,3,11.4,1,1,S0920,12,,07,,,,,,.,1ST,1,1,..,,J,1,,1,1,2,1,1,1.0,74,2016-03-25,0.0,30,118,2,,
2016120921,16LA01075,16,R9592,11,,47,S0730,00,3.0,3,07,07,1,0,N,,032516,85,8,3,1,0,2,12.0,1,1,S0921,12,,07,,,,,,.,2ND,1,1,..,,J,2,,0,0,0,1,1,1.0,77,2016-03-25,0.0,31,118,2,,
2016701850,16LA01076,16,L1206,70,,5,L1441,70,3.0,3,PC,PC,1,,N,,032516,85,5,3,1,0,2,13.1,5,1,L1850,70,,PC,,,,,,.,10BR,1,1,..,OR,J,1,,1,1,1,1,1,1.0,118,2016-03-25,0.029,37,118,H,,
2016833646,16LA01077,16,Z0997,83,,BR2,Z0000,83,4.0,4,S3,97,5,0,Y,,032516,85,8,3,3,0,2,15.7,5,1,Z3646,83,,00,,,,,,.,1ST,1,1,..,GRN,J,1,,1,1,2,1,1,1.0,108,2016-03-25,0.0,37,118,H,,
2016833647,16LA01078,16,Z0997,83,,BR2,Z0000,83,4.0,4,S3,97,5,0,Y,,032516,85,8,3,3,0,2,13.3,5,1,Z3647,83,,00,,,,,,.,2ND,1,1,..,GRN,J,2,,0,0,0,1,1,1.0,111,2016-03-25,0.0,36,118,H,,
2016833648,16LA01079,16,H7315,05,,12,Z1765,83,5.0,5,30,97,1,0,Y,,032516,85,5,3,2,0,2,9.5,5,1,Z3648,83,,80,,,,,,.,.,1,1,..,BLD,J,1,,1,1,1,1,1,1.0,98,2016-03-25,0.0,35,118,2,,
2016833649,16LA01080,16,H6848,05,,24,Z3209,00,5.0,5,30,SM,1,0,Y,,032516,85,8,3,2,0,4,12.4,1,1,Z3649,83,,XP,,,,,,.,1ST SCOURS,1,1,..,BLD,J,1,,1,1,2,1,1,1.0,95,2016-03-25,0.0,33,118,2,,
2016833650,16LA01081,16,H6848,05,,24,Z3209,00,5.0,5,30,SM,1,0,Y,,032516,85,8,3,2,0,3,11.0,2,1,Z3650,83,,XP,,,,,,.,2ND,1,1,..,BLD,J,2,,0,0,0,1,1,1.0,88,2016-03-25,0.0,33,118,2,,
D16LA01082,16LA01082,16,H8927,05,,e6,H8210,05,1.0,1,30,30,4,0,Y,,032516,85,1,3,1,.,.,6.1,1,1,.,,,,1,85,44,Z3644,+,.,.,1,1,..,,J,1,,1,1,1,0,0,0.5,0,2016-03-25,0.0,,,,,
2016120922,16LA01083,16,S0114,12,,46,S0209,12,2.0,2,07,07,1,0,N,,032516,85,8,3,1,0,2,9.6,1,1,S0922,12,,07,,,,,,CHUNKSRSD,1ST,1,1,..,,J,1,,1,1,2,1,1,1.0,66,2016-03-25,0.031,22,118,2,,
2016120923,16LA01084,16,S0114,12,,46,S0209,12,2.0,2,07,07,1,0,N,,032516,85,8,3,2,0,2,10.1,1,1,S0923,12,,07,,,,,,.,2ND,1,1,..,,J,2,,0,0,0,1,1,1.0,71,2016-03-25,0.031,25,118,2,,
2016833651,16LA01085,16,H6680,05,,12,Z1765,83,5.0,5,30,97,1,0,Y,,032516,85,8,2,3,0,2,13.6,5,1,Z3651,83,,80,,,,,,.,1ST,1,1,..,BLD,J,1,,1,1,2,1,1,1.0,106,2016-03-25,0.0,35,118,2,,
2016833652,16LA01086,16,H6680,05,,12,Z1765,83,5.0,5,30,97,1,0,Y,,032516,85,8,2,2,0,2,13.2,5,1,Z3652,83,,80,,,,,,.,2ND,1,1,..,BLD,J,2,,0,0,0,1,1,1.0,93,2016-03-25,0.0,37,118,2,,
2016059472,16LA01087,16,H5686,05,,32,H8507,05,6.0,6,30,30,1,0,N,,032516,85,8,2,2,0,4,11.1,1,1,H9472,05,,30,,,,,,.,1ST,1,1,..,BLD,J,1,,1,1,2,1,1,1.0,79,2016-03-25,0.029,28,118,2,,
2016059473,16LA01088,16,H5686,05,,32,H8507,05,6.0,6,30,30,1,0,N,,032516,85,8,2,3,0,2,11.6,1,1,H9473,05,,30,,,,,,.,2ND.PINK.UGLY,1,1,..,BLD,J,2,,0,0,0,1,1,1.0,66,2016-03-25,0.029,23,118,2,,
2016059474,16LA01089,16,H8508,05,,30,H8376,05,2.0,2,30,30,1,7,N,,032516,85,8,3,1,0,2,10.7,1,1,H9474,05,,30,,,,,,BIG.TITS,1ST,1,1,..,,J,1,,1,1,2,1,1,1.0,85,2016-03-25,0.031,34,118,2,,
2016059475,16LA01090,16,H8508,05,,30,H8376,05,2.0,2,30,30,1,7,N,,032516,85,8,3,1,0,4,11.9,1,1,H9475,05,,30,,,,,,.,2ND.PINKISH,1,1,..,,J,2,,0,0,0,1,1,1.0,83,2016-03-25,0.031,34,118,2,,
D16LA01091,16LA01091,16,H8822,05,,8,L1614,70,2.0,2,30,PC,1,,Y,,032516,85,9,2,1,.,.,7.5,1,1,.,,,,1,85,44,Z3642,+,LAST2@ONCE,1ST,5,2,..,,J,1,,1,1,3,0,0,0.5,0,2016-03-25,0.0,,,,,
D16LA01092,16LA01092,16,H8822,05,,8,L1614,70,2.0,2,30,PC,1,,Y,,032516,85,9,2,1,.,.,8.5,1,1,.,,,,1,85,44,,,.,2ND,7,2,..,,J,2,,0,0,0,0,0,0.0,0,2016-03-25,0.0,,,,,
D16LA01093,16LA01093,16,H8822,05,,8,L1614,70,2.0,2,30,PC,1,,Y,,032516,85,9,2,1,.,.,10.3,1,1,.,,,,1,85,44,,,.,3RD,7,3,..,,J,3,,0,0,0,0,0,0.0,0,2016-03-25,0.0,,,,,
2016833653,16LA01094,16,T2879,45,,6,L1549,70,6.0,6,02,PC,1,0,Y,,032516,85,8,2,2,0,2,12.8,2,1,Z3653,83,,LT,,,,,,.,1ST,1,1,..,,J,1,,1,1,2,1,1,1.0,82,2016-03-25,0.0,34,118,2,,
2016833654,16LA01095,16,T2879,45,,6,L1549,70,6.0,6,02,PC,1,0,Y,,032516,85,8,2,3,0,4,10.3,1,1,Z3654,83,,LT,,,,,,.,2ND.PNEU.SCRS,1,1,..,,J,2,,0,0,0,1,1,1.0,77,2016-03-25,0.0,28,118,2,,
2016833655,16LA01096,16,Z0282,83,,15,Z2306,83,5.0,5,97,97,1,0,N,,032516,85,8,3,1,0,2,15.5,6,1,Z3655,83,,97,,,,,,ABSCESSRSHLDR,1ST,1,1,..,BLD,J,1,,1,1,2,1,1,1.0,99,2016-03-25,0.029,39,123,H,,
2016833656,16LA01097,16,Z0282,83,,15,Z2306,83,5.0,5,97,97,1,0,N,,032516,85,8,3,2,2,2,11.3,6,1,Z3656,83,,97,,,,,,,2ND,1,1,..,BLD,J,2,,0,0,0,1,1,1.0,103,2016-03-25,0.029,36,123,H,,
2016120924,16LA01098,16,S0375,12,,38,S0739,00,1.0,1,07,42,4,0,N,.,032516,85,5,2,2,0,2,5.9,1,1,S0924,12,,43,,,,,,SM.BAG.RP.FEVR,WEAK.LAMB.SCRS,1,1,..,BLD,Y,1,,1,1,1,1,1,1.0,58,2016-03-25,0.0,21,118,2,,
2016059476,16LA01099,16,H8328,05,,30,H8376,05,3.0,3,30,30,1,,N,,032516,85,8,3,1,0,2,12.5,1,1,H9476,05,,30,,,,,,.,1ST.PNUE.SCRS,1,1,..,BLD,Y,1,,1,1,2,1,1,1.0,80,2016-03-25,0.033,30,118,2,,
2016059477,16LA01100,16,H8328,05,,30,H8376,05,3.0,3,30,30,1,,N,,032516,85,8,3,2,0,2,12.4,1,1,H9477,05,,30,,,,,,.,2ND.SCRS,1,1,..,BLD,Y,2,,0,0,0,1,1,1.0,58,2016-03-25,0.033,29,118,2,,
2016833657,16LA01101,16,X8905,82,,BL,K4942,64,6.0,6,BL,06,1,0,Y,,032516,85,8,3,3,0,4,15.7,1,1,Z3657,83,,00,,,,,,.,1ST,1,1,..,,Y,1,,1,1,2,1,1,1.0,100,2016-03-25,0.0,37,118,2,,
2016833658,16LA01102,16,X8905,82,,BL,K4942,64,6.0,6,BL,06,1,0,Y,,032516,85,8,3,3,0,4,14.2,1,1,Z3658,83,,00,,,,,,.,2ND.HAIRY.SCRS,1,1,..,,Y,2,,0,0,0,1,1,1.0,88,2016-03-25,0.0,37,118,2,,
2016456359,16LA01103,16,T4748,45,,60,T6301,00,3.0,3,02,02,2,7,N,,032516,85,8,3,1,0,2,9.0,1,1,T6359,45,,02,6,94,14,,,.,1ST.PNEU.FVR,1,1,..,,Y,1,,1,1,2,1,0,0.0,0,2016-03-25,0.0,,,,,
2016456360,16LA01104,16,T4748,45,,60,T6301,00,3.0,3,02,02,2,7,N,,032516,85,8,3,1,0,2,9.4,1,1,T6360,45,,02,,,,,,.,2ND.PNEU,1,1,..,,Y,2,,0,0,0,1,1,1.0,93,2016-03-25,0.0,34,118,2,,
2016833659,16LA01105,16,T4953,45,,47,S0730,00,3.0,3,02,07,1,0,N,,032516,85,8,3,1,0,3,12.0,1,1,Z3659,83,,08,,,,,,.,1ST,1,1,..,,Y,1,,1,1,2,1,1,1.0,72,2016-03-25,0.0,25,118,2,,
2016833660,16LA01106,16,T4953,45,,47,S0730,00,3.0,3,02,07,1,0,N,,032516,85,8,3,1,0,4,12.1,1,1,Z3660,83,,08,,,,,,.,2ND,1,1,..,,Y,2,,0,0,0,1,1,1.0,87,2016-03-25,0.0,32,118,2,,
2016833661,16LA01107,16,X7389,82,,BR2,Z0000,83,7.0,7,S3,97,5,,Y,,032516,85,9,3,3,0,2,11.5,5,1,Z3661,83,,00,,,,,,.,SCRS.PNEU,1,1,..,GRN,Y,1,,1,1,3,1,1,1.0,87,2016-03-25,0.0,31,118,H,,
2016833662,16LA01108,16,X7389,82,,BR2,Z0000,83,7.0,7,S3,97,5,,Y,,032516,85,9,3,3,0,2,10.1,5,1,Z3662,83,,00,,,,,,.,SLOW.THIN,1,1,..,GRN,Y,2,,0,0,0,1,1,1.0,81,2016-03-25,0.0,21,118,H,,
D16LA01109,16LA01109,16,X7389,82,,BR2,Z0000,83,7.0,7,S3,97,5,,Y,,032516,85,9,3,1,.,.,14.6,5,1,.,,,,1,85,44,,,.,.,1,1,..,GRN,Y,3,,0,0,0,0,0,0.0,0,2016-03-25,0.0,,,,,
2016833663,16LA01110,16,Z2573,83,,12,Z1765,83,2.0,2,97,97,1,0,N,,032516,85,5,3,2,0,2,10.5,6,1,Z3663,83,,97,,,,,,.,.,1,1,..,BLD,Y,1,,1,1,1,1,1,1.0,91,2016-03-25,0.013,40,123,H,,
2016059478,16LA01111,16,H9189,05,,e6,H8210,05,1.0,1,30,30,4,0,Y,.,032516,85,8,2,2,0,2,6.2,1,1,H9478,05,,30,,,,,,.,1ST.WEAK.PNEU,1,1,..,,Y,1,,1,1,2,1,1,1.0,58,2016-03-25,0.024,15,118,2,,
2016059479,16LA01112,16,H9189,05,,e6,H8210,05,1.0,1,30,30,4,0,Y,.,032516,85,8,2,3,0,2,5.7,1,1,H9479,05,,30,,,,,,.,2ND.PNEU.SCRS,1,1,..,,Y,2,,0,0,0,1,1,1.0,52,2016-03-25,0.024,17,118,2,,
2016059480,16LA01113,16,H8765,05,,31,H8485,05,2.0,2,30,30,1,,N,,032516,85,5,3,1,0,2,11.5,1,1,H9480,05,,30,,,,,,.,.,1,1,..,,Y,1,,1,1,1,1,1,1.0,97,2016-03-25,0.027,35,118,2,,
2016456361,16LA01114,16,T6238,45,,54,T4854,45,1.0,1,02,02,4,7,N,.,032516,85,5,2,1,0,3,11.5,1,1,T6361,45,,02,,,,,,SM.BAG.FVR,PULLED,3,2,..,,Y,1,,1,1,1,1,1,1.0,55,2016-03-25,0.055,18,118,2,,
2016059481,16LA01115,16,H8786,05,,30,H8376,05,2.0,2,30,30,1,0,N,,032516,85,9,3,3,L,2,7.4,1,1,H9481,05,,30,,,,,,.,1ST.PNUE.SCRS,1,1,..,,Y,1,,1,1,3,1,1,1.0,81,2016-03-25,0.032,28,118,2,,
D16LA01116,16LA01116,16,H8786,05,,30,H8376,05,2.0,2,30,30,1,0,N,,032516,85,9,3,2,.,.,6.9,1,1,.,,,,1,85,44,,,.,2ND,1,1,..,,Y,2,,0,0,0,0,0,0.0,0,2016-03-25,0.032,,,,,
2016059482,16LA01117,16,H8786,05,,30,H8376,05,2.0,2,30,30,1,0,N,,032516,85,9,3,2,0,2,7.5,1,1,H9482,05,,30,,,,,,.,3RD.SCRS,1,1,..,,Y,3,,0,0,0,1,1,1.0,64,2016-03-25,0.032,22,118,2,,
D16LA01118,16LA01118,16,T6243,45,,e13,T5618,45,1.0,1,02,02,4,0,N,,032516,85,0,1,2,.,.,7.3,1,1,.,,,,0,85,27,,,.,.,8,3,..,,Y,1,,1,1,1,0,0,0.0,0,2016-03-25,0.0,,,,,
2016059483,16LA01119,16,H8668,05,,33,H8787,05,2.0,2,30,30,1,0,N,,032516,85,8,3,1,0,2,9.3,1,1,H9483,05,,30,,,,,,.,1ST,1,1,..,,Y,1,,1,1,2,1,1,1.0,83,2016-03-25,0.035,23,118,2,,
2016059484,16LA01120,16,H8668,05,,33,H8787,05,2.0,2,30,30,1,0,N,,032516,85,8,3,1,0,2,11.6,1,1,H9484,05,,30,7,200,97,,,.,2ND,1,1,..,,Y,2,,0,0,0,1,0,,,2016-03-25,0.035,24,118,2,,
D16LA01121,16LA01121,16,H8946,05,,e8,H8715,05,1.0,1,30,30,4,0,Y,.,032516,85,1,1,1,.,.,7.9,1,1,.,,,,1,85,44,,,EPISIOTOMY,.,8,3,..,BLD,Y,1,,1,1,1,0,0,0.0,0,2016-03-25,0.0,,,,,
2016833664,16LA01122,16,H6850,05,,4,L1368,70,5.0,5,30,PC,1,0,Y,,032516,85,8,3,3,0,2,12.1,2,1,Z3664,83,,LP,,,,,,.,.,1,1,..,BLD,Y,1,,1,1,2,1,1,1.0,93,2016-03-25,0.0,33,118,2,,
2016833665,16LA01123,16,H6850,05,,4,L1368,70,5.0,5,30,PC,1,0,Y,,032516,85,8,3,2,0,2,10.0,1,1,Z3665,83,,LP,,,,,,.,SCOURS,1,1,..,BLD,Y,2,,0,0,0,1,1,1.0,80,2016-03-25,0.0,32,118,2,,
2016120925,16LA01124,16,R9706,11,,39,S0740,00,3.0,3,07,41,1,,N,,032516,85,8,2,2,0,2,12.2,1,1,S0925,12,,42,,,,,,.,.,1,1,..,,Y,1,,1,1,2,1,1,1.0,79,2016-03-25,0.0,29,118,2,,
2016120926,16LA01125,16,R9706,11,,39,S0740,00,3.0,3,07,41,1,,N,,032516,85,8,2,2,L,2,9.8,1,1,S0926,12,,42,,,,,,.,.,1,1,..,,Y,2,,0,0,0,1,1,1.0,71,2016-03-25,0.0,26,118,2,,
2016833666,16LA01126,16,H7124,05,,28,Z3217,00,5.0,5,30,SM,1,0,Y,,032516,85,8,2,2,0,4,10.8,1,1,Z3666,83,,XP,,,,,,.,1ST,1,1,..,BLD,Y,1,,1,1,2,1,1,1.0,74,2016-03-25,0.0,22,118,2,,
2016833667,16LA01127,16,H7124,05,,28,Z3217,00,5.0,5,30,SM,1,0,Y,,032516,85,8,2,3,0,2,11.9,1,1,Z3667,83,,XP,,,,,,.,2ND,1,1,..,BLD,Y,2,,0,0,0,1,1,1.0,72,2016-03-25,0.0,31,118,2,,
D16LA01128,16LA01128,16,R9673,11,,65,T5603,45,3.0,3,07,02,2,0,N,,032516,85,9,3,2,.,.,8.0,1,1,.,,,,1,85,44,,,.,1ST,1,1,..,,Y,1,,1,1,3,0,0,0.0,0,2016-03-25,0.0,,,,,
2016833668,16LA01129,16,R9673,11,,65,T5603,45,3.0,3,07,02,2,0,N,,032516,85,9,3,1,0,2,8.6,1,1,Z3668,83,,01,,,,,,.,2ND,1,1,..,,Y,2,,0,0,0,1,1,1.0,71,2016-03-25,0.0,24,118,2,,
2016833669,16LA01130,16,R9673,11,,65,T5603,45,3.0,3,07,02,2,0,N,,032516,85,9,3,1,0,2,8.9,1,1,Z3669,83,,01,,,,,,.,3RD.INFEC.L.EAR,1,1,..,,Y,3,,0,0,0,1,1,1.0,74,2016-03-25,0.0,25,118,2,,
2016833670,16LA01131,16,T4219,45,,3,L0762,70,4.0,4,02,PC,1,0,Y,,032516,85,8,3,2,0,2,11.0,1,1,Z3670,83,,LT,6,99,19,,,.,1ST,1,1,..,,Y,1,,1,1,2,1,0,0.0,0,2016-03-25,0.0,,,,,
2016833671,16LA01132,16,T4219,45,,3,L0762,70,4.0,4,02,PC,1,0,Y,,032516,85,8,3,2,0,4,11.0,1,1,Z3671,83,,LT,6,96,23,,,.,2ND,1,1,..,,Y,2,,0,0,0,1,0,0.0,0,2016-03-25,0.0,,,,,
2016833672,16LA01133,16,T5586,45,,36,S0737,00,2.0,2,02,07,1,,N,,032516,85,8,2,1,2,2,10.0,1,1,Z3672,83,,08,3,86,93,,,.,1ST.Weak,1,1,..,,Y,1,,1,1,2,1,0,0.0,0,2016-03-25,0.0,,,,,
2016833673,16LA01134,16,T5586,45,,36,S0737,00,2.0,2,02,07,1,,N,,032516,85,8,2,1,0,2,12.7,1,1,Z3673,83,,08,,,,,,.,2ND,1,1,..,,Y,2,,0,0,0,1,1,1.0,91,2016-03-25,0.0,29,118,2,,
2016120927,16LA01135,16,R9256,11,,43,R9922,11,4.0,4,07,07,1,0,N,,032516,85,8,2,2,0,2,11.4,1,1,S0927,12,,07,,,,,,.,1ST,1,1,..,BLD,Y,1,,1,1,2,1,1,1.0,63,2016-03-25,0.033,23,118,2,,
2016120928,16LA01136,16,R9256,11,,43,R9922,11,4.0,4,07,07,1,0,N,,032516,85,8,2,2,0,2,10.8,1,1,S0928,12,,07,,,,,,.,2ND,1,1,..,BLD,Y,2,,0,0,0,1,1,1.0,72,2016-03-25,0.033,26,118,2,,
2016456362,16LA01137,16,T5247,45,,56,T6297,00,3.0,3,02,02,2,7,N,,032516,85,8,3,1,0,2,10.8,1,1,T6362,45,,02,6,179,01,,,.,1ST.NEUROLOGIC,1,1,..,,Y,1,,1,1,2,1,0,,,2016-03-25,0.0,23,118,2,,
2016456363,16LA01138,16,T5247,45,,56,T6297,00,3.0,3,02,02,2,7,N,,032516,85,8,3,1,0,2,12.0,1,1,T6363,45,,02,,,,,,.,2ND,1,1,..,,Y,2,,0,0,0,1,1,1.0,85,2016-03-25,0.0,26,118,2,,
2016833674,16LA01139,16,R9057,11,,3,L0762,70,5.0,5,07,PC,1,0,Y,,032516,85,8,3,3,0,2,14.9,2,1,Z3674,83,,LR,,,,,,.,1ST.L.EAR.BROWN,1,1,..,BLD,Y,1,,1,1,2,1,1,1.0,86,2016-03-25,0.0,35,118,2,,
2016833675,16LA01140,16,R9057,11,,3,L0762,70,5.0,5,07,PC,1,0,Y,,032516,85,8,3,3,0,2,10.6,2,1,Z3675,83,,LR,,,,,,.,2ND.UGLY,1,1,..,BLD,Y,2,,0,0,0,1,1,1.0,75,2016-03-25,0.0,24,118,2,,
2016120929,16LA01141,16,R9728,11,,40,S0741,00,3.0,3,07,41,1,,N,,032516,85,8,3,1,0,4,14.1,1,1,S0929,12,,42,,,,,,.,1ST,1,1,..,,Y,1,,1,1,2,1,1,1.0,86,2016-03-25,0.0,32,118,2,,
2016120930,16LA01142,16,R9728,11,,40,S0741,00,3.0,3,07,41,1,,N,,032516,85,8,3,2,0,3,11.4,1,1,S0930,12,,42,,,,,,.,2ND.,1,1,..,,Y,2,,0,0,0,1,1,1.0,78,2016-03-25,0.0,30,118,2,,
2016701851,16LA01143,16,L1592,70,,2,L1339,70,2.0,2,PC,PC,1,0,N,,032516,85,8,2,1,0,2,14.1,5,1,L1851,70,,PC,,,,,,2NDLAMBACKWARDS,1ST.35TAN,2,1,..,,Y,1,,1,1,2,1,1,1.0,40,2016-03-25,0.012,15,118,H,,
2016701852,16LA01144,16,L1592,70,,2,L1339,70,2.0,2,PC,PC,1,0,N,,032516,85,8,2,1,0,2,13.2,5,1,L1852,70,,PC,,,,,,.,2ND.25TAN,7,1,..,,Y,2,,0,0,0,1,1,1.0,83,2016-03-25,0.012,21,118,H,,
2016456364,16LA01145,16,T5559,45,,65,T5603,45,2.0,2,02,02,2,0,N,,032516,85,8,4,2,0,2,11.1,1,1,T6364,45,,02,,,,,,.,1ST.2@ONCE,7,4,..,,Y,1,,1,1,2,1,1,1.0,91,2016-03-25,0.046,34,118,2,,
2016456365,16LA01146,16,T5559,45,,65,T5603,45,2.0,2,02,02,2,0,N,,032516,85,8,4,1,.,.,10.4,1,1,T6365,45,,02,6,86,67,,,.,2ND.L/D,7,4,..,,Y,2,,0,0,0,1,0,0.0,0,2016-03-25,0.046,,,,,
2016456366,16LA01147,16,T4012,45,,57,T6298,00,5.0,5,02,02,2,7,N,,032516,85,8,3,2,R,4,13.0,1,1,T6366,45,,02,,,,,,.,1ST.HAIRY,1,1,..,,Y,1,,1,1,2,1,1,1.0,81,2016-03-25,0.0,32,118,2,,
2016456367,16LA01148,16,T4012,45,,57,T6298,00,5.0,5,02,02,2,7,N,,032516,85,8,3,1,0,3,13.4,1,1,T6367,45,,02,,,,,,.,2ND,1,1,..,,Y,2,,0,0,0,1,1,1.0,98,2016-03-25,0.0,32,118,2,,
2016120931,16LA01149,16,R9604,11,,50,S0734,00,3.0,3,07,07,1,,N,,032516,85,8,3,1,0,4,17.1,1,1,S0931,12,,07,,,,,,.,1ST.HAIRY,1,1,..,,Y,1,,1,1,2,1,1,1.0,104,2016-03-25,0.0,42,118,2,,
2016120932,16LA01150,16,R9604,11,,50,S0734,00,3.0,3,07,07,1,,N,,032516,85,8,3,1,0,2,10.6,1,1,S0932,12,,07,,,,,,.,2ND,1,1,..,,Y,2,,0,0,0,1,1,1.0,70,2016-03-25,0.0,22,118,2,,
2016833676,16LA01151,16,Z2763,83,,e4,Z2574,83,1.0,1,97,97,4,0,N,,032516,85,5,3,2,.,.,11.0,6,1,Z3676,83,,97,6,86,54,,,.,FxRibsHypotherm,1,1,..,BLD,Y,1,,1,1,1,1,0,0.0,0,2016-03-25,0.067,,,,,
2016120933,16LA01152,16,R9159,11,,46,S0209,12,4.0,4,07,07,1,0,N,,032516,85,8,3,2,0,3,12.6,1,1,S0933,12,,07,,,,,,.,1ST,1,1,..,BLD,Y,1,,1,1,2,1,1,1.0,80,2016-03-25,0.037,29,118,2,,
2016120934,16LA01153,16,R9159,11,,46,S0209,12,4.0,4,07,07,1,0,N,,032516,85,8,3,2,0,2,13.0,1,1,S0934,12,,07,,,,,,.,2ND,1,1,..,BLD,Y,2,,0,0,0,1,1,1.0,88,2016-03-25,0.037,35,118,2,,
2016120935,16LA01154,16,S0031,12,,44,S0052,12,2.0,2,07,07,1,0,N,,032516,85,8,2,1,0,2,11.0,1,1,S0935,12,,07,,,,,,.,1ST.INFCT.EARTG,1,1,..,,Y,1,,1,1,2,1,1,1.0,71,2016-03-25,0.082,30,118,2,,
2016120936,16LA01155,16,S0031,12,,44,S0052,12,2.0,2,07,07,1,0,N,,032516,85,8,2,1,0,2,9.9,1,1,S0936,12,,07,,,,,,.,2ND,1,1,..,,Y,2,,0,0,0,1,1,1.0,67,2016-03-25,0.082,26,118,2,,
2016833677,16LA01156,16,R9678,11,,64,T5436,45,3.0,3,07,02,2,,N,,032516,85,8,3,1,0,2,13.3,1,1,Z3677,83,,01,,,,,,.,2ND,1,1,..,BLD,Y,1,,1,1,2,1,1,1.0,86,2016-03-25,0.0,31,118,2,,
2016833678,16LA01157,16,R9678,11,,64,T5436,45,3.0,3,07,02,2,,N,,032516,85,8,3,1,0,2,13.1,1,1,Z3678,83,,01,,,,,,.,1ST.SCOURS,1,1,..,BLD,Y,2,,0,0,0,1,1,1.0,78,2016-03-25,0.0,34,118,2,,
2016701853,16LA01158,16,L1519,70,,7,L1564,70,2.0,2,PC,PC,1,,N,,032516,85,8,2,1,0,2,11.5,2,1,L1853,70,,PC,,,,,,.,1ST.05BR,1,1,..,OR,Y,1,,1,1,2,1,1,1.0,83,2016-03-25,0.02,25,118,H,,
2016701854,16LA01159,16,L1519,70,,7,L1564,70,2.0,2,PC,PC,1,,N,,032516,85,8,2,2,0,2,10.5,5,1,L1854,70,,PC,,,,,,.,2ND.90BL,1,1,..,OR,Y,2,,0,0,0,1,1,1.0,83,2016-03-25,0.02,26,118,H,,
2016059485,16LA01160,16,H7542,05,,33,H8787,05,4.0,4,30,30,1,0,N,,032516,85,9,3,3,0,2,9.3,1,1,H9485,05,,30,3,86,93,,8,.,1ST.UGLIEST,4,4,..,BLD,Y,1,,1,1,3,1,0,0.0,0,2016-03-25,0.033,,,,,
2016059486,16LA01161,16,H7542,05,,33,H8787,05,4.0,4,30,30,1,0,N,,032516,85,9,3,1,0,2,8.7,1,1,H9486,05,,30,,,,,,.,2ND,2,3,..,BLD,Y,2,,0,0,0,1,1,1.0,66,2016-03-25,0.033,23,118,2,,
2016059487,16LA01162,16,H7542,05,,33,H8787,05,4.0,4,30,30,1,0,N,,032516,85,9,3,2,0,2,7.4,1,1,H9487,05,,30,,,,,,.,3RD,2,3,..,BLD,Y,3,,0,0,0,1,1,1.0,67,2016-03-25,0.033,20,118,2,,
2016456368,16LA01163,16,T5659,45,,62,T5331,45,2.0,2,02,02,2,,N,,032516,85,5,4,1,0,2,16.0,1,1,T6368,45,,02,,,,,,BIG.TEATS,NICE LAMB,1,1,..,,Y,1,,1,1,1,1,1,1.0,105,2016-03-25,0.074,41,118,2,,
2016120937,16LA01164,16,R9735,11,,45,S0123,12,3.0,3,07,07,1,0,N,,032516,85,8,2,1,0,2,12.1,1,1,S0937,12,,07,,,,,,.,1ST,1,1,..,,Y,1,,1,1,2,1,1,1.0,90,2016-03-25,0.052,32,118,2,,
2016120938,16LA01165,16,R9735,11,,45,S0123,12,3.0,3,07,07,1,0,N,,032516,85,8,2,2,0,2,10.7,1,1,S0938,12,,07,,,,,,.,2ND,1,1,..,,Y,2,,0,0,0,1,1,1.0,79,2016-03-25,0.052,22,118,2,,
2016456369,16LA01166,16,T3842,45,,55,T5017,45,5.0,5,02,02,2,7,N,,032516,85,8,4,2,0,4,13.3,1,1,T6369,45,,02,,,,,,BIG.TEATS,1ST,1,1,..,,Y,1,,1,1,2,1,1,1.0,78,2016-03-25,0.057,29,118,2,,
2016456370,16LA01167,16,T3842,45,,55,T5017,45,5.0,5,02,02,2,7,N,,032516,85,8,4,2,0,4,11.0,1,1,T6370,45,,02,,,,,,.,2ND,1,1,..,,Y,2,,0,0,0,1,1,1.0,74,2016-03-25,0.057,28,118,2,,
2016833679,16LA01168,16,T3351,45,,14,Z3203,00,6.0,6,02,97,1,0,Y,,032516,85,8,3,2,0,4,14.1,5,1,Z3679,83,,20,,,,,,.,1ST,1,1,..,,Y,1,,1,1,2,1,1,1.0,77,2016-03-25,0.0,29,118,2,,
2016833680,16LA01169,16,T3351,45,,14,Z3203,00,6.0,6,02,97,1,0,Y,,032516,85,8,3,3,0,2,14.0,5,1,Z3680,83,,20,,,,,,.,2ND,1,1,..,,Y,2,,0,0,0,1,1,1.0,80,2016-03-25,0.0,30,118,2,,
2016833681,16LA01170,16,Z2337,83,,13,Z3202,00,2.0,2,97,97,1,0,N,,032516,85,8,3,2,0,2,12.5,6,1,Z3681,83,,97,,,,,,.,1ST,1,1,..,BLD,Y,1,,1,1,2,1,1,1.0,95,2016-03-25,0.0,42,123,H,,
2016833682,16LA01171,16,Z2337,83,,13,Z3202,00,2.0,2,97,97,1,0,N,,032516,85,8,3,1,0,2,12.4,6,1,Z3682,83,,97,,,,,,.,2ND.SCOURS,1,1,..,BLD,Y,2,,0,0,0,1,1,1.0,88,2016-03-25,0.0,32,123,H,,
2016833683,16LA01172,16,R8167,11,,2,L1339,70,6.0,6,07,PC,1,0,Y,,032516,85,8,2,3,0,3,14.9,1,1,Z3683,83,,LR,,,,,,.,1ST,1,1,..,BLD,Y,1,,1,1,2,1,1,1.0,97,2016-03-25,0.0,37,118,2,,
2016833684,16LA01173,16,R8167,11,,2,L1339,70,6.0,6,07,PC,1,0,Y,,032516,85,8,2,2,0,4,18.5,1,1,Z3684,83,,LR,,,,,,.,2ND,1,1,..,BLD,Y,2,,0,0,0,1,1,1.0,83,2016-03-25,0.0,32,118,2,,
2016833685,16LA01174,16,T4234,45,,49,S0733,00,4.0,4,02,07,1,0,N,,032516,85,8,3,1,0,2,13.8,1,1,Z3685,83,,08,,,,,,.,1ST,1,1,..,,Y,1,,1,1,2,1,1,1.0,74,2016-03-25,0.0,26,118,2,,
2016833686,16LA01175,16,T4234,45,,49,S0733,00,4.0,4,02,07,1,0,N,,032516,85,8,3,2,0,2,9.3,1,1,Z3686,83,,08,,,,,,.,2ND,1,1,..,,Y,2,,0,0,0,1,1,1.0,77,2016-03-25,0.0,26,118,2,,
2016120939,16LA01176,16,S0436,12,,e11,S0041,12,1.0,1,07,07,4,,N,,032516,85,8,2,2,L,2,9.3,1,1,S0939,12,,07,6,130,01,,,.,1ST,1,1,..,,Y,1,,1,1,2,1,0,,,2016-03-25,0.031,24,118,2,,
2016120940,16LA01177,16,S0436,12,,e11,S0041,12,1.0,1,07,07,4,,N,,032516,85,8,2,1,0,2,11.0,1,1,S0940,12,,07,,,,,,.,2ND,1,1,..,,Y,2,,0,0,0,1,1,1.0,94,2016-03-25,0.031,30,118,2,,
2016120941,16LA01178,16,R9528,11,,45,S0123,12,4.0,4,07,07,1,0,N,,032516,85,8,3,2,0,4,13.3,1,1,S0941,12,,07,,,,,,.,1ST,1,1,..,BLD,Y,1,,1,1,2,1,1,1.0,78,2016-03-25,0.024,32,118,2,,
2016120942,16LA01179,16,R9528,11,,45,S0123,12,4.0,4,07,07,1,0,N,,032516,85,8,3,1,0,3,14.4,1,1,S0942,12,,07,,,,,,.,2ND,1,1,..,BLD,Y,2,,0,0,0,1,1,1.0,79,2016-03-25,0.024,26,118,2,,
2016833687,16LA01180,16,R8881,11,,20,Z3215,00,5.0,5,07,97,1,0,Y,,032516,85,5,3,2,0,2,15.0,5,1,Z3687,83,,10,,,,,,.,.,1,1,..,BLD,J,1,,1,1,1,1,1,1.0,117,2016-03-25,0.0,46,118,2,,
2016059488,16LA01181,16,H6832,05,,33,H8787,05,5.0,5,30,30,1,0,N,,032516,85,5,3,2,0,4,15.2,1,1,H9488,05,,30,,,,,,.,PNEU.SCRS.FVR,1,1,..,BLD,J,1,,1,1,1,1,1,1.0,110,2016-03-25,0.03,46,118,2,,
2016833688,16LA01182,16,X8599,82,,BL,K4942,64,6.0,6,BL,06,1,0,Y,,032516,85,8,2,1,0,2,16.9,9,1,Z3688,83,,BL,,,,,,.,1ST,1,1,..,,J,1,,1,1,2,1,1,1.0,103,2016-03-25,0.0,43,118,2,,
2016833689,16LA01183,16,X8599,82,,BL,K4942,64,6.0,6,BL,06,1,0,Y,,032516,85,8,2,2,0,2,12.5,2,1,Z3689,83,,00,,,,,,.,2ND.PNEU,1,1,..,,J,2,,0,0,0,1,1,1.0,82,2016-03-25,0.0,32,118,2,,
2016120943,16LA01184,16,R8236,11,,51,S0735,00,6.0,6,07,07,1,0,N,,032516,85,8,2,1,0,2,11.5,1,1,S0943,12,,07,,,,,,.,1ST,1,1,..,BLD,J,1,,1,1,2,1,1,1.0,79,2016-03-25,0.0,26,118,2,,
2016120944,16LA01185,16,R8236,11,,51,S0735,00,6.0,6,07,07,1,0,N,,032516,85,8,2,2,0,2,9.9,1,1,S0944,12,,07,,,,,,.,2ND,1,1,..,BLD,J,2,,0,0,0,1,1,1.0,61,2016-03-25,0.0,25,118,2,,
2016120945,16LA01186,16,S0248,12,,50,S0734,00,2.0,2,07,07,1,0,N,,032516,85,8,3,3,0,2,8.0,2,1,S0945,12,,07,,,,,,.,1ST.BR.FEET,1,1,..,,J,1,,1,1,2,1,1,1.0,63,2016-03-25,0.0,21,118,2,,
2016120946,16LA01187,16,S0248,12,,50,S0734,00,2.0,2,07,07,1,0,N,,032516,85,8,3,2,0,2,6.0,1,1,S0946,12,,07,,,,,,.,2ND.PINK,1,1,..,,J,2,,0,0,0,1,1,1.0,49,2016-03-25,0.0,15,118,2,,
2016059489,16LA01188,16,H8939,05,,e6,H8210,05,1.0,1,30,30,4,,Y,,032516,85,7,3,2,0,2,6.7,1,1,H9489,05,,30,,,,,,.,1ST.SCRS.PNEU,1,1,..,,J,1,,1,1,2,1,1,1.0,75,2016-03-25,0.024,23,118,2,,
D16LA01189,16LA01189,16,H8939,05,,e6,H8210,05,1.0,1,30,30,4,,Y,,032516,85,7,3,1,.,.,8.2,1,1,.,,,,1,85,44,,,.,2ND,1,1,..,,J,2,,0,0,0,0,0,0.0,0,2016-03-25,0.024,,,,,
2016059490,16LA01190,16,H8838,05,,e5,H8061,05,1.0,1,30,30,4,7,Y,,032516,85,5,2,3,0,2,8.5,1,1,H9490,05,,30,,,,,,.,PNEU,1,1,..,,J,1,,1,1,1,1,1,1.0,78,2016-03-25,0.038,23,118,2,,
2016456371,16LA01191,16,T5800,45,,63,T5424,45,2.0,2,02,02,2,0,N,,032516,85,5,3,2,0,2,13.8,1,1,T6371,45,,02,,,,,,.,NICE LAMB,1,1,..,,J,1,,1,1,1,1,1,1.0,103,2016-03-25,0.048,45,118,2,,
D16LA01192,16LA01192,16,T5946,45,,e13,T5618,45,1.0,1,02,02,4,0,N,,032516,85,1,1,2,.,.,9.2,1,1,.,,,,1,85,44,,,.,.,3,4,..,,J,1,,1,1,1,0,0,0.0,0,2016-03-25,0.0,,,,,
2016833690,16LA01193,16,R8131,11,,18,Z3211,00,6.0,6,07,97,1,0,Y,,032516,85,8,3,3,0,2,13.5,5,1,Z3690,83,,10,,,,,,.,1ST.SCRS.PNEU,1,1,..,BLD,J,1,,1,1,2,1,1,1.0,85,2016-03-25,0.0,29,118,2,,
2016833691,16LA01194,16,R8131,11,,18,Z3211,00,6.0,6,07,97,1,0,Y,,032516,85,8,3,3,0,2,14.5,5,1,Z3691,83,,10,,,,,,.,2ND.PNEU.SCRS,1,1,..,BLD,J,2,,0,0,0,1,1,1.0,83,2016-03-25,0.0,31,118,2,,
2016456372,16LA01195,16,T4427,45,,61,T6302,00,4.0,4,02,02,2,0,N,,032516,85,8,3,1,0,3,16.0,1,1,T6372,45,,02,,,,,,.,1ST,1,1,..,,J,1,,1,1,2,1,1,1.0,65,2016-03-25,0.0,34,118,2,,
2016456373,16LA01196,16,T4427,45,,61,T6302,00,4.0,4,02,02,2,0,N,,032516,85,8,3,2,0,4,12.1,1,1,T6373,45,,02,,,,,,.,2ND.CONT.FLEGS,1,1,..,,J,2,,0,0,0,1,1,1.0,57,2016-03-25,0.0,32,118,2,,
2016120947,16LA01197,16,R9643,11,,46,S0209,12,3.0,3,07,07,1,,N,,032516,85,5,4,1,0,2,10.3,1,1,S0947,12,,07,,,,,,BIG.TEATS,.,1,1,..,,J,1,,1,1,1,1,1,1.0,93,2016-03-25,0.03,33,118,2,,
2016833692,16LA01198,16,R7456,11,,5,L1441,70,7.0,7,07,PC,1,,Y,,032616,86,8,3,2,0,2,12.7,1,1,Z3692,83,,LR,,,,,,.,1ST,1,1,..,BLD,J,1,,1,1,2,1,1,1.0,76,2016-03-26,0.0,30,118,2,,
2016833693,16LA01199,16,R7456,11,,5,L1441,70,7.0,7,07,PC,1,,Y,,032616,86,8,3,2,0,2,12.1,5,1,Z3693,83,,LR,,,,,,.,2ND,1,1,..,BLD,J,2,,0,0,0,1,1,1.0,81,2016-03-26,0.0,28,118,2,,
D16LA01200,16LA01200,16,S0307,12,,35,S0736,00,1.0,1,07,07,4,0,N,.,032616,86,1,1,1,.,.,10.0,1,1,.,,,,1,86,44,,,.,.,1,1,..,,J,1,,1,1,1,0,0,0.0,0,2016-03-26,0.0,,,,,
2016456374,16LA01201,16,T5304,45,,61,T6302,00,2.0,2,02,02,2,,N,,032616,86,5,3,2,0,4,12.6,1,1,T6374,45,,02,,,,,,.,.,1,1,..,,J,1,,1,1,1,1,1,1.0,91,2016-03-26,0.0,35,118,2,,
2016701855,16LA01202,16,L0380,70,,5,L1441,70,5.0,5,PC,PC,1,0,N,,032616,86,8,2,1,2,2,13.5,5,1,L1855,70,,PC,,,,,,.,1ST.50BL,1,1,..,OR,J,1,,1,1,2,1,1,1.0,83,2016-03-26,0.005,24,118,H,,
2016701856,16LA01203,16,L0380,70,,5,L1441,70,5.0,5,PC,PC,1,0,N,,032616,86,8,2,1,0,2,11.4,5,1,L1856,70,,PC,,,,,,.,2ND.50TAN,1,1,..,OR,J,2,,0,0,0,1,1,1.0,77,2016-03-26,0.005,25,118,H,,
2016059491,16LA01204,16,H8811,05,,33,H8787,05,2.0,2,30,30,1,,N,,032616,86,9,3,1,0,2,7.6,1,1,H9491,05,,30,,,,,,.,1ST.SCRS,1,1,..,,J,1,,1,1,3,1,1,1.0,83,2016-03-26,0.035,24,118,2,,
2016059492,16LA01205,16,H8811,05,,33,H8787,05,2.0,2,30,30,1,,N,,032616,86,9,3,1,0,2,7.4,1,1,H9492,05,,30,,,,,,.,2ND.CONT.FLEGS,1,1,..,,J,2,,0,0,0,1,1,1.0,77,2016-03-26,0.035,22,118,2,,
D16LA01206,16LA01206,16,H8811,05,,33,H8787,05,2.0,2,30,30,1,,N,,032616,86,9,3,1,.,.,4.0,1,1,.,,,,0,86,27,,,.,3RD,1,1,..,,J,3,,0,0,0,0,0,0.0,0,2016-03-26,0.035,,,,,
2016833694,16LA01207,16,R8766,11,,7,L1564,70,5.0,5,07,PC,1,0,Y,,032616,86,8,3,2,L,2,12.9,5,1,Z3694,83,,LR,,,,,,.,1ST,1,1,..,BLD,J,1,,1,1,2,1,1,1.0,55,2016-03-26,0.0,22,118,2,,
2016833695,16LA01208,16,R8766,11,,7,L1564,70,5.0,5,07,PC,1,0,Y,,032616,86,8,3,3,0,2,12.1,5,1,Z3695,83,,LR,,,,,,.,2ND.RF.SWOLLEN,1,1,..,BLD,J,2,,0,0,0,1,1,1.0,83,2016-03-26,0.0,29,118,2,,
2016120948,16LA01209,16,R8570,11,,53,S0743,00,6.0,6,07,07,1,0,N,,032616,86,5,3,2,0,2,13.6,3,1,S0948,12,,07,,,,,,SLSMORE,BLSPOT.SCOURS,1,1,..,BLD,J,1,,1,1,1,1,1,1.0,103,2016-03-26,0.0,40,118,2,,
2016833696,16LA01210,16,R9812,11,,6,L1549,70,3.0,3,07,PC,1,0,Y,,032616,86,5,3,3,0,2,11.4,1,1,Z3696,83,,LR,,,,,,.,.,1,1,..,,J,1,,1,1,1,1,1,1.0,100,2016-03-26,0.0,36,118,2,,
2016120949,16LA01211,16,S0244,12,,51,S0735,00,2.0,2,07,07,1,0,N,,032616,86,7,2,3,0,2,10.3,1,1,S0949,12,,07,,,,,,.,1ST.CR.F.LEGS,5,4,..,,J,1,,1,1,2,1,1,1.0,91,2016-03-26,0.0,21,118,H,,
D16LA01212,16LA01212,16,S0244,12,,51,S0735,00,2.0,2,07,07,1,0,N,,032616,86,7,2,1,.,.,9.0,1,1,.,,,,1,86,44,,,.,2ND.FEETBACK,4,4,..,,J,2,,0,0,0,0,0,0.0,0,2016-03-26,0.0,,,,,
2016833697,16LA01213,16,Z1523,83,,13,Z3202,00,3.0,3,97,97,1,0,N,,032616,86,5,3,2,0,2,8.3,6,1,Z3697,83,,97,3,87,93,,,.,WEAK.DUMB,1,1,..,BLD,J,1,,1,1,1,1,0,0.0,0,2016-03-26,0.0,,,,,
D16LA01214,16LA01214,16,L1670,70,,1,L1151,70,1.0,1,PC,PC,4,0,N,,032616,86,2,1,1,.,.,7.0,5,1,.,,,,0,86,27,,,RP,1ST,1,1,..,OR,J,1,,1,1,2,0,0,0.0,0,2016-03-26,0.0,,,,,
D16LA01215,16LA01215,16,L1670,70,,1,L1151,70,1.0,1,PC,PC,4,0,N,,032616,86,2,1,1,.,.,6.6,2,1,.,,,,0,86,27,,,.,2ND,1,1,..,OR,J,2,,0,0,0,0,0,0.0,0,2016-03-26,0.0,,,,,
2016833698,16LA01216,16,R8658,11,,1,L1151,70,5.0,5,07,PC,1,0,Y,,032616,86,8,3,3,0,2,8.6,5,1,Z3698,83,,LR,3,86,93,,8,LSDBLOODY,1ST,1,1,..,BLD,J,1,,1,1,2,1,0,0.0,0,2016-03-26,0.0,,,,,
2016833699,16LA01217,16,R8658,11,,1,L1151,70,5.0,5,07,PC,1,0,Y,,032616,86,8,3,2,0,2,12.7,5,1,Z3699,83,,LR,,,,,,.,2ND,1,1,..,BLD,J,2,,0,0,0,1,1,1.0,101,2016-03-26,0.0,40,118,2,,
2016701857,16LA01218,16,L0937,70,,4,L1368,70,4.0,4,PC,PC,1,0,N,,032616,86,8,3,2,0,2,13.9,5,1,L1857,70,,PC,,,,,,.,1ST.80.LT.TAN.,1,1,..,OR,J,1,,1,1,2,1,1,1.0,101,2016-03-26,0.024,34,118,H,,
2016701858,16LA01219,16,L0937,70,,4,L1368,70,4.0,4,PC,PC,1,0,N,,032616,86,8,3,2,0,2,11.3,5,1,L1858,70,,PC,,,,,,.,2ND.90.LT.GR,1,1,..,OR,J,2,,0,0,0,1,1,1.0,56,2016-03-26,0.024,21,118,H,,
2016059493,16LA01220,16,H8495,05,,32,H8507,05,2.0,2,30,30,1,7,N,,032616,86,5,3,1,0,2,11.4,1,1,H9493,05,,30,,,,,,.,SCRS,1,1,..,,J,1,,1,1,1,1,1,1.0,110,2016-03-26,0.043,35,118,2,,
2016833700,16LA01221,16,T4875,45,,2,L1339,70,3.0,3,02,PC,1,7,Y,,032616,86,5,2,2,0,2,12.7,1,1,Z3700,83,,LT,,,,,,.,SCOURS,1,1,..,,J,1,,1,1,1,1,1,1.0,90,2016-03-26,0.0,36,118,2,,
2016833701,16LA01222,16,R8722,11,,5,L1441,70,5.0,5,07,PC,1,0,Y,,032616,86,8,2,3,0,2,11.8,1,1,Z3701,83,,LR,3,86,93,,8,RSD.BLIND,1ST,1,1,..,BLD,J,1,,1,1,2,1,0,0.0,0,2016-03-26,0.0,,,,,
2016833702,16LA01223,16,R8722,11,,5,L1441,70,5.0,5,07,PC,1,0,Y,,032616,86,8,2,2,0,2,10.6,2,1,Z3702,83,,LR,,,,,,R.TEAT.BLOCKD,2ND,1,1,..,BLD,J,2,,0,0,0,1,1,1.0,109,2016-03-26,0.0,40,118,2,,
D16LA01224,16LA01224,16,H8591,05,,31,H8485,05,2.0,2,30,30,1,0,N,,032616,86,9,3,2,.,.,7.3,1,1,.,,,,1,86,44,T6377,+,.,.,1,1,..,,Y,1,,1,1,3,0,0,0.5,0,2016-03-26,0.0,,,,,
D16LA01225,16LA01225,16,H8591,05,,31,H8485,05,2.0,2,30,30,1,0,N,,032616,86,9,3,2,.,.,8.5,1,1,.,,,,1,86,44,T6380,+,.,.,1,1,..,,Y,2,,0,0,0,0,0,0.5,0,2016-03-26,0.0,,,,,
D16LA01226,16LA01226,16,H8591,05,,31,H8485,05,2.0,2,30,30,1,0,N,,032616,86,9,3,1,.,.,7.1,1,1,.,,,,1,86,44,,,.,.,1,1,..,,Y,3,,0,0,0,0,0,0.0,0,2016-03-26,0.0,,,,,
2016120950,16LA01227,16,S0595,12,,e9,R9992,11,1.0,1,07,07,4,0,N,.,032616,86,8,1,2,0,2,8.9,2,1,S0950,12,,07,6,118,19,,,OK.FOR.ONE,1ST,1,1,..,,Y,1,,1,1,2,1,0,,,2016-03-26,0.029,,,,,
2016120951,16LA01228,16,S0595,12,,e9,R9992,11,1.0,1,07,07,4,0,N,.,032616,86,8,1,3,0,2,10.8,2,1,S0951,12,,07,3,86,93,,8,.,2ND,1,1,..,,Y,2,,0,0,0,1,0,0.0,0,2016-03-26,0.029,,,,,
2016456375,16LA01229,16,T4501,45,,60,T6301,00,4.0,4,02,02,2,0,N,,032616,86,9,3,1,0,4,14.1,1,1,T6375,45,,02,,,,,,.,1ST,1,1,..,,Y,1,,1,1,3,1,1,1.0,89,2016-03-26,0.0,26,118,2,,
2016456376,16LA01230,16,T4501,45,,60,T6301,00,4.0,4,02,02,2,0,N,,032616,86,9,3,1,0,2,11.4,1,1,T6376,45,,02,,,,,,.,2ND.SCRS,1,1,..,,Y,2,,0,0,0,1,1,1.0,87,2016-03-26,0.0,31,118,2,,
2016456377,16LA01231,16,T4501,45,,60,T6301,00,4.0,4,02,02,2,0,N,,032616,86,9,3,1,0,4,7.9,1,1,T6377,45,,02,,,,H8591,-,.,3RD,5,2,..,,Y,3,,0,0,0,1,1,0.5,70,2016-03-26,0.0,25,118,2,,
2016833703,16LA01232,16,R8490,11,,12,Z1765,83,6.0,6,07,97,1,0,Y,,032616,86,9,2,3,0,2,12.3,5,1,Z3703,83,,10,,,,,,.,1ST,1,1,..,BLD,Y,1,,1,1,3,1,1,1.0,88,2016-03-26,0.0,33,118,2,,
2016833704,16LA01233,16,R8490,11,,12,Z1765,83,6.0,6,07,97,1,0,Y,,032616,86,9,2,2,0,4,9.0,5,1,Z3704,83,,10,,,,,,.,2ND,1,1,..,BLD,Y,2,,0,0,0,1,1,1.0,81,2016-03-26,0.0,28,118,2,,
2016833705,16LA01234,16,R8490,11,,12,Z1765,83,6.0,6,07,97,1,0,Y,,032616,86,9,2,3,0,2,13.8,5,1,Z3705,83,,10,3,86,93,,8,.,3RD.LEASTFULL,1,1,..,BLD,Y,3,,0,0,0,1,0,0.0,0,2016-03-26,0.0,,,,,
2016833706,16LA01235,16,H8120,05,,28,Z3217,00,3.0,3,30,SM,1,0,Y,,032616,86,8,3,3,0,2,11.1,1,1,Z3706,83,,XP,,,,,,.,1ST,1,1,..,,Y,1,,1,1,2,1,1,1.0,83,2016-03-26,0.0,26,118,2,,
2016833707,16LA01236,16,H8120,05,,28,Z3217,00,3.0,3,30,SM,1,0,Y,,032616,86,8,3,3,0,2,11.1,1,1,Z3707,83,,XP,,,,,,.,2ND,1,1,..,,Y,2,,0,0,0,1,1,1.0,89,2016-03-26,0.0,31,118,2,,
2016456378,16LA01237,16,T4462,45,,59,T6300,00,4.0,4,02,02,2,0,N,,032616,86,9,3,2,0,4,8.4,1,1,T6378,45,,02,,,,,,.,1ST,1,1,..,,Y,1,,1,1,3,1,1,1.0,65,2016-03-26,0.0,21,118,2,,
2016456379,16LA01238,16,T4462,45,,59,T6300,00,4.0,4,02,02,2,0,N,,032616,86,9,3,2,0,4,10.1,1,1,T6379,45,,02,,,,,,.,2ND,1,1,..,,Y,2,,0,0,0,1,1,1.0,78,2016-03-26,0.0,23,118,2,,
2016456380,16LA01239,16,T4462,45,,59,T6300,00,4.0,4,02,02,2,0,N,,032616,86,9,3,1,0,2,10.0,1,1,T6380,45,,02,,,,H8591,-,.,3RD,1,1,..,,Y,3,,0,0,0,1,1,0.5,78,2016-03-26,0.0,32,118,2,,
2016833708,16LA01240,16,T5211,45,,28,Z3217,00,3.0,3,02,SM,1,7,Y,,032616,86,8,2,3,0,2,12.3,1,1,Z3708,83,,XT,,,,,,.,1ST,1,1,..,,Y,1,,1,1,2,1,1,1.0,69,2016-03-26,0.0,23,118,2,,
2016833709,16LA01241,16,T5211,45,,28,Z3217,00,3.0,3,02,SM,1,7,Y,,032616,86,8,2,3,0,3,11.0,1,1,Z3709,83,,XT,,,,,,.,2ND,1,1,..,,Y,2,,0,0,0,1,1,1.0,65,2016-03-26,0.0,23,118,2,,
2016833710,16LA01242,16,R7999,11,,54,T4854,45,7.0,7,07,02,2,,N,,032616,86,8,3,1,0,2,15.5,1,1,Z3710,83,,01,,,,,,.,1ST,1,1,..,BLD,Y,1,,1,1,2,1,1,1.0,93,2016-03-26,0.0,35,118,2,,
2016833711,16LA01243,16,R7999,11,,54,T4854,45,7.0,7,07,02,2,,N,,032616,86,8,3,1,0,2,12.5,1,1,Z3711,83,,01,,,,,,.,2ND,1,1,..,BLD,Y,2,,0,0,0,1,1,1.0,90,2016-03-26,0.0,33,118,2,,
2016701859,16LA01244,16,L1573,70,,2,L1339,70,2.0,2,PC,PC,1,,N,,032616,86,5,3,1,0,4,17.7,2,1,L1859,70,,PC,6,148,01,,,.,05BR.NICE.SCRS,1,1,..,,Y,1,,1,1,1,1,0,,,2016-03-26,0.023,36,118,H,,
2016456381,16LA01245,16,T3896,45,,57,T6298,00,5.0,5,02,02,2,7,N,,032616,86,8,2,3,0,2,15.8,1,1,T6381,45,,02,3,86,93,,8,RUPTURE,1ST,7,3,..,,J,1,,1,1,2,1,0,0.0,0,2016-03-26,0.0,,,,,
2016456382,16LA01246,16,T3896,45,,57,T6298,00,5.0,5,02,02,2,7,N,,032616,86,8,2,1,0,2,15.5,1,1,T6382,45,,02,,,,,,.,2ND,2,4,..,,J,2,,0,0,0,1,1,1.0,122,2016-03-26,0.0,42,118,H,,
2016059494,16LA01247,16,H8692,05,,33,H8787,05,2.0,2,30,30,1,0,N,,032616,86,5,2,1,0,2,11.4,1,1,H9494,05,,30,,,,,,.,.,1,1,..,,Y,1,,1,1,1,1,1,1.0,105,2016-03-26,0.034,34,118,2,,
2016456383,16LA01248,16,T5341,45,,61,T6302,00,2.0,2,02,02,2,0,N,,032616,86,8,3,1,0,2,9.3,1,1,T6383,45,,02,,,,,,.,1ST.SCRS,1,1,..,,Y,1,,1,1,2,1,1,1.0,71,2016-03-26,0.0,23,118,2,,
2016456384,16LA01249,16,T5341,45,,61,T6302,00,2.0,2,02,02,2,0,N,,032616,86,8,3,1,0,2,8.8,1,1,T6384,45,,02,,,,,,.,2ND,1,1,..,,Y,2,,0,0,0,1,1,1.0,81,2016-03-26,0.0,24,118,2,,
2016456385,16LA01250,16,T5565,45,,55,T5017,45,2.0,2,02,02,2,0,N,,032616,86,8,3,1,0,2,12.1,1,1,T6385,45,,02,,,,,,.,1ST.SCRS,1,1,..,,Y,1,,1,1,2,1,1,1.0,76,2016-03-26,0.045,24,118,2,,
2016456386,16LA01251,16,T5565,45,,55,T5017,45,2.0,2,02,02,2,0,N,,032616,86,8,3,2,0,4,10.9,1,1,T6386,45,,02,,,,,,.,2ND,1,1,..,,Y,2,,0,0,0,1,1,1.0,59,2016-03-26,0.045,22,118,2,,
2016120952,16LA01252,16,S0026,12,,34,S0732,00,2.0,2,07,07,1,0,N,,032616,86,5,3,1,0,2,18.0,1,1,S0952,12,,07,,,,,,.,.,8,2,..,,Y,1,,1,1,1,1,1,1.0,89,2016-03-26,0.0,35,118,2,,
2016833712,16LA01253,16,Z2424,83,,11,Z1583,83,2.0,2,97,97,1,0,N,,032616,86,8,3,1,0,2,13.3,6,1,Z3712,83,,97,,,,,,.,1ST.HEAT STRK,1,1,..,BLD,Y,1,,1,1,2,1,1,1.0,90,2016-03-26,0.004,36,123,H,,
2016833713,16LA01254,16,Z2424,83,,11,Z1583,83,2.0,2,97,97,1,0,N,,032616,86,8,3,1,0,2,10.6,6,1,Z3713,83,,97,,,,,,.,2ND.SCRS,1,1,..,BLD,Y,2,,0,0,0,1,1,1.0,101,2016-03-26,0.004,37,123,H,,
2016120953,16LA01255,16,R9398,11,,35,S0736,00,4.0,4,07,07,1,0,N,,032616,86,8,3,1,0,4,14.4,1,1,S0953,12,,07,,,,,,.,1ST,1,1,..,BLD,Y,1,,1,1,2,1,1,1.0,90,2016-03-26,0.0,31,118,2,,
2016120954,16LA01256,16,R9398,11,,35,S0736,00,4.0,4,07,07,1,0,N,,032616,86,8,3,1,0,2,13.7,1,1,S0954,12,,07,,,,,,.,2ND.CONT RF,1,1,..,BLD,Y,2,,0,0,0,1,1,1.0,88,2016-03-26,0.0,30,118,2,,
2016833714,16LA01257,16,Z2951,83,,e3,Z1488,83,1.0,1,97,97,4,0,N,.,032616,86,5,3,1,0,4,15.4,6,1,Z3714,83,,97,,,,,,.,SCOURS,1,1,..,BLD,Y,1,,1,1,1,1,1,1.0,94,2016-03-26,0.029,43,123,H,,
2016120955,16LA01258,16,S0411,12,,34,S0732,00,1.0,1,07,07,4,0,N,,032616,86,5,2,2,0,2,13.1,1,1,S0955,12,,07,,,,,,.,.,1,1,..,,Y,1,,1,1,1,1,1,1.0,86,2016-03-26,0.0,29,118,2,,
2016120956,16LA01259,16,S0294,12,,41,Z3206,00,1.0,1,07,07,4,0,N,.,032616,86,5,3,1,0,2,14.3,1,1,S0956,12,,07,,,,,,.,.,1,1,..,,Y,1,,1,1,1,1,1,1.0,105,2016-03-26,0.0,37,118,2,,
2016456387,16LA01260,16,T4671,45,,58,T6299,00,4.0,4,02,02,2,7,N,,032616,86,8,3,2,0,3,12.6,1,1,T6387,45,,02,,,,,,.,1ST,1,1,..,,Y,1,,1,1,2,1,1,1.0,101,2016-03-26,0.0,30,118,2,,
2016456388,16LA01261,16,T4671,45,,58,T6299,00,4.0,4,02,02,2,7,N,,032616,86,8,3,1,0,2,13.2,1,1,T6388,45,,02,6,113,19,,,.,2ND.HYPOTHERM,1,1,..,,Y,2,,0,0,0,1,0,,,2016-03-26,0.0,,,,,
2016456389,16LA01262,16,T5775,45,,58,T6299,00,2.0,2,02,02,2,,N,,032616,86,8,3,2,2,4,11.3,1,1,T6389,45,,02,,,,,,.,1ST,1,1,..,,Y,1,,1,1,2,1,1,1.0,84,2016-03-26,0.0,32,118,2,,
2016456390,16LA01263,16,T5775,45,,58,T6299,00,2.0,2,02,02,2,,N,,032616,86,8,3,3,0,2,6.8,1,1,T6390,45,,02,6,87,66,,8,.,2ND.Neurologic,1,1,..,,Y,2,,0,0,0,1,0,0.0,0,2016-03-26,0.0,,,,,
2016120957,16LA01264,16,R9585,11,,46,S0209,12,3.0,3,07,07,1,,N,,032616,86,8,3,1,0,2,11.8,1,1,S0957,12,,07,,,,,,.,1ST.SCOURS,1,1,..,BLD,Y,1,,1,1,2,1,1,1.0,64,2016-03-26,0.031,32,118,2,,
2016120958,16LA01265,16,R9585,11,,46,S0209,12,3.0,3,07,07,1,,N,,032616,86,8,3,2,0,2,8.8,1,1,S0958,12,,07,7,200,97,,,.,2ND.PNEU,1,1,..,BLD,Y,2,,0,0,0,1,0,,,2016-03-26,0.031,22,118,2,,
2016833715,16LA01266,16,H7179,05,,3,L0762,70,5.0,5,30,PC,1,0,Y,,032616,86,5,3,3,0,2,16.7,1,1,Z3715,83,,LP,,,,,,.,NICE LAMB,1,1,..,BLD,Y,1,,1,1,1,1,1,1.0,103,2016-03-26,0.0,42,118,2,,
2016833716,16LA01267,16,T3638,45,,22,Z3205,00,5.0,5,02,SM,1,7,Y,,032616,86,7,4,3,0,2,13.3,1,1,Z3716,83,,XT,,,,,,.,1ST,1,1,..,,Y,1,,1,1,2,1,1,1.0,107,2016-03-26,0.0,35,118,H,,
D16LA01268,16LA01268,16,T3638,45,,22,Z3205,00,5.0,5,02,SM,1,7,Y,,032616,86,7,4,1,.,.,16.6,1,1,.,,,,1,86,44,,,.,2ND,1,1,..,,Y,2,,0,0,0,0,0,0.0,0,2016-03-26,0.0,,,,,
2016059495,16LA01269,16,H8571,05,,29,H7479,05,2.0,2,30,30,1,0,N,,032616,86,5,2,3,0,2,14.9,1,1,H9495,05,,30,,,,,,.,UGLY,1,1,..,,Y,1,,1,1,1,1,1,1.0,107,2016-03-26,0.035,37,118,2,,
2016120959,16LA01270,16,R9556,11,,51,S0735,00,4.0,4,07,07,1,0,N,,032616,86,8,3,1,0,4,16.0,1,1,S0959,12,,07,,,,,,.,1ST,3,3,..,BLD,Y,1,,1,1,2,1,1,1.0,90,2016-03-26,0.0,37,118,2,,
2016120960,16LA01271,16,R9556,11,,51,S0735,00,4.0,4,07,07,1,0,N,,032616,86,8,3,1,0,3,11.6,1,1,S0960,12,,07,,,,,,.,2ND,3,4,..,BLD,Y,2,,0,0,0,1,1,1.0,70,2016-03-26,0.0,25,118,2,,
2016833717,16LA01272,16,Z1767,83,,17,Z3210,00,3.0,3,CM,97,1,0,N,,032616,86,5,4,1,0,2,18.2,5,1,Z3717,83,,SY,,,,,,.,NICE LAMB,1,1,..,OR,Y,1,,1,1,1,1,1,1.0,125,2016-03-26,0.0,44,118,H,,
D16LA01273,16LA01273,16,H5711,05,,12,Z1765,83,6.0,6,30,97,1,0,Y,,032616,86,9,3,2,.,.,9.3,5,1,.,,,,1,86,44,,,LTITLGW/WARTS,1ST,1,1,..,BLD,Y,1,,1,1,3,0,0,0.0,0,2016-03-26,0.0,,,,,
2016833718,16LA01274,16,H5711,05,,12,Z1765,83,6.0,6,30,97,1,0,Y,,032616,86,9,3,3,0,2,9.4,5,1,Z3718,83,,80,,,,,,.,2ND,1,1,..,BLD,Y,2,,0,0,0,1,1,1.0,88,2016-03-26,0.0,31,118,2,,
2016833719,16LA01275,16,H5711,05,,12,Z1765,83,6.0,6,30,97,1,0,Y,,032616,86,9,3,3,0,2,8.3,5,1,Z3719,83,,80,3,87,93,,8,.,3RD.DUMB,1,1,..,BLD,Y,3,,0,0,0,1,0,0.0,0,2016-03-26,0.0,,,,,
2016059496,16LA01276,16,H8209,05,,30,H8376,05,3.0,3,30,30,1,,N,,032616,86,3,3,3,0,2,7.4,1,1,H9496,05,,30,3,87,93,,8,.,1ST,1,1,..,BLD,Y,1,,1,1,4,1,0,0.0,0,2016-03-26,0.021,,,,,
2016059497,16LA01277,16,H8209,05,,30,H8376,05,3.0,3,30,30,1,,N,,032616,86,3,3,2,0,2,7.5,1,1,H9497,05,,30,,,,,,.,2ND,1,1,..,BLD,Y,2,,0,0,0,1,1,1.0,75,2016-03-26,0.021,24,118,2,,
2016059498,16LA01278,16,H8209,05,,30,H8376,05,3.0,3,30,30,1,,N,,032616,86,3,3,2,0,2,7.5,1,1,H9498,05,,30,,,,,,.,3RD,1,1,..,BLD,Y,3,,0,0,0,1,1,1.0,75,2016-03-26,0.021,24,118,2,,
2016059499,16LA01279,16,H8209,05,,30,H8376,05,3.0,3,30,30,1,,N,,032616,86,3,3,3,0,2,6.2,1,1,H9499,05,,30,3,87,93,,8,.,4TH,1,1,..,BLD,Y,4,,0,0,0,1,0,0.0,0,2016-03-26,0.021,,,,,
2016456391,16LA01280,16,T2763,45,,58,T6299,00,7.0,7,02,02,2,,N,,032616,86,8,3,1,0,4,16.8,1,1,T6391,45,,02,,,,,,.,1ST,1,1,..,,Y,1,,1,1,2,1,1,1.0,81,2016-03-26,0.0,32,118,2,,
2016456392,16LA01281,16,T2763,45,,58,T6299,00,7.0,7,02,02,2,,N,,032616,86,8,3,2,R,2,15.8,1,1,T6392,45,,02,,,,,,.,2ND,1,1,..,,Y,2,,0,0,0,1,1,1.0,82,2016-03-26,0.0,32,118,2,,
2016833720,16LA01282,16,R8703,11,,4,L1368,70,5.0,5,07,PC,1,0,Y,,032616,86,8,3,3,0,2,16.5,1,1,Z3720,83,,LR,,,,,,.,1ST.SCRS.LH.LME,1,1,..,BLD,Y,1,,1,1,2,1,1,1.0,107,2016-03-26,0.0,34,118,2,,
2016833721,16LA01283,16,R8703,11,,4,L1368,70,5.0,5,07,PC,1,0,Y,,032616,86,8,3,2,0,2,14.8,2,1,Z3721,83,,LR,,,,,,.,2ND,1,1,..,BLD,Y,2,,0,0,0,1,1,1.0,97,2016-03-26,0.0,35,118,2,,
2016833722,16LA01284,16,T3551,45,,1,L1151,70,5.0,5,02,PC,1,7,Y,,032616,86,8,2,3,0,2,14.6,1,1,Z3722,83,,LT,,,,,,.,1ST,1,1,..,,Y,1,,1,1,2,1,1,1.0,90,2016-03-26,0.0,31,118,2,,
2016833723,16LA01285,16,T3551,45,,1,L1151,70,5.0,5,02,PC,1,7,Y,,032616,86,8,2,2,0,2,12.1,1,1,Z3723,83,,LT,,,,,,.,2ND,1,1,..,,Y,2,,0,0,0,1,1,1.0,86,2016-03-26,0.0,32,118,2,,
2016059500,16LA01286,16,H5592,05,,32,H8507,05,6.0,6,30,30,1,0,N,,032616,86,8,3,1,0,2,9.1,1,1,H9500,05,,30,,,,,,.,1ST,1,1,..,BLD,Y,1,,1,1,2,1,1,1.0,90,2016-03-26,0.042,29,118,2,,
2016059501,16LA01287,16,H5592,05,,32,H8507,05,6.0,6,30,30,1,0,N,,032616,86,8,3,2,0,2,10.1,1,1,H9501,05,,30,,,,,,.,2ND,1,1,..,BLD,Y,2,,0,0,0,1,1,1.0,78,2016-03-26,0.042,28,118,2,,
2016120961,16LA01288,16,R8930,11,,42,R9841,11,5.0,5,07,07,1,0,N,,032616,86,9,3,3,0,2,9.5,1,1,S0961,12,,07,3,87,93,,8,.,1ST.UGLY,1,1,..,BLD,Y,1,,1,1,3,1,0,0.0,0,2016-03-26,0.032,,,,,
2016120962,16LA01289,16,R8930,11,,42,R9841,11,5.0,5,07,07,1,0,N,,032616,86,9,3,1,0,2,10.9,1,1,S0962,12,,07,,,,,,.,2ND,1,1,..,BLD,Y,2,,0,0,0,1,1,1.0,77,2016-03-26,0.032,28,118,2,,
2016120963,16LA01290,16,R8930,11,,42,R9841,11,5.0,5,07,07,1,0,N,,032616,86,9,3,2,0,4,9.3,1,1,S0963,12,,07,,,,,,.,3RD,1,1,..,BLD,Y,3,,0,0,0,1,1,1.0,64,2016-03-26,0.032,24,118,2,,
2016833724,16LA01291,16,T4276,45,,28,Z3217,00,4.0,4,02,SM,1,0,Y,,032616,86,8,3,3,0,4,13.1,1,1,Z3724,83,,XT,6,105,29,,,.,1STHeartDefect,1,1,..,,Y,1,,1,1,2,1,0,0.0,0,2016-03-26,0.0,,,,,
2016833725,16LA01292,16,T4276,45,,28,Z3217,00,4.0,4,02,SM,1,0,Y,,032616,86,8,3,3,0,3,13.5,1,1,Z3725,83,,XT,,,,,,.,2ND,1,1,..,,Y,2,,0,0,0,1,1,1.0,88,2016-03-26,0.0,32,118,2,,
D16LA01293,16LA01293,16,H9047,05,,e6,H8210,05,1.0,1,30,30,4,,Y,,032616,86,4,3,1,.,.,7.6,1,1,.,,,,1,86,44,,,NOT.PUSHING,1ST,2,4,..,,Y,1,,1,1,2,0,0,0.0,0,2016-03-26,0.0,,,,,
D16LA01294,16LA01294,16,H9047,05,,e6,H8210,05,1.0,1,30,30,4,,Y,,032616,86,4,3,2,.,.,7.1,1,1,.,,,,1,86,44,,,.,2ND,2,4,..,,Y,2,,0,0,0,0,0,0.0,0,2016-03-26,0.0,,,,,
2016833726,16LA01295,16,R8339,11,,8,L1614,70,6.0,6,07,PC,1,0,Y,,032616,86,8,1,3,0,2,12.4,1,1,Z3726,83,,LR,3,87,93,,8,NWB.LH,1ST,2,2,..,BLD,J,1,,1,1,2,1,0,0.0,0,2016-03-26,0.0,,,,,
2016833727,16LA01296,16,R8339,11,,8,L1614,70,6.0,6,07,PC,1,0,Y,,032616,86,8,1,2,0,2,10.0,1,1,Z3727,83,,LR,3,87,93,,8,.,2ND,2,2,..,BLD,J,2,,0,0,0,1,0,0.0,0,2016-03-26,0.0,,,,,
2016456393,16LA01297,16,T5166,45,,54,T4854,45,3.0,3,02,02,2,,N,,032616,86,8,3,1,0,2,14.4,1,1,T6393,45,,02,,,,,,.,1ST,1,1,..,,J,1,,1,1,2,1,1,1.0,88,2016-03-26,0.153,35,123,1,,
2016456394,16LA01298,16,T5166,45,,54,T4854,45,3.0,3,02,02,2,,N,,032616,86,8,3,2,0,2,12.9,1,1,T6394,45,,02,,,,,,.,2ND,1,1,..,,J,2,,0,0,0,1,1,1.0,88,2016-03-26,0.153,32,123,1,,
2016120964,16LA01299,16,S0481,12,,e10,R9999,11,1.0,1,07,07,4,,N,,032616,86,5,2,2,0,2,9.5,1,1,S0964,12,,07,,,,,,.,PNEU,1,1,..,,J,1,,1,1,1,1,1,1.0,62,2016-03-26,0.04,23,123,1,,
2016833728,16LA01300,16,R8663,11,,26,Z3213,00,5.0,5,07,SM,1,0,Y,,032616,86,8,3,3,0,2,11.8,1,1,Z3728,83,,XR,,,,,,.,1ST,1,1,..,BLD,J,1,,1,1,2,1,1,1.0,59,2016-03-26,0.0,22,123,1,,
2016833729,16LA01301,16,R8663,11,,26,Z3213,00,5.0,5,07,SM,1,0,Y,,032616,86,8,3,2,0,2,11.9,1,1,Z3729,83,,XR,,,,,,.,2ND.PNEU.SLOW,1,1,..,BLD,J,2,,0,0,0,1,1,1.0,101,2016-03-26,0.0,31,123,1,,
2016833730,16LA01302,16,Z2973,83,,e4,Z2574,83,1.0,1,97,97,4,0,N,.,032616,86,5,3,2,0,2,8.4,6,1,Z3730,83,,97,3,87,93,,8,FLIGHTY,WEAK.NEURO,1,1,..,BLD,J,1,,1,1,1,1,0,0.0,0,2016-03-26,0.018,,,,,
D16LA01303,16LA01303,16,H8990,05,,e6,H8210,05,1.0,1,30,30,4,,Y,,032616,86,0,1,2,.,.,5.5,1,1,.,,,,0,86,27,,,ABORT.RP,.,1,1,..,BLD,J,1,,1,1,1,0,0,0.0,0,2016-03-26,0.0,,,,,
2016701860,16LA01304,16,L0044,70,,7,L1564,70,6.0,6,PC,PC,1,0,N,,032616,86,8,3,2,2,3,16.9,5,1,L1860,70,,PC,,,,,,.,1ST30BL,1,1,..,OR,J,1,,1,1,2,1,1,1.0,84,2016-03-26,0.025,31,118,H,,
2016701861,16LA01305,16,L0044,70,,7,L1564,70,6.0,6,PC,PC,1,0,N,,032616,86,8,3,2,L,4,11.6,5,1,L1861,70,,PC,,,,,,.,2ND.10BR,1,1,..,OR,J,2,,0,0,0,1,1,1.0,71,2016-03-26,0.025,26,118,H,,
2016833731,16LA01306,16,X7220,82,,11,Z1583,83,7.0,7,97,97,1,,N,,032616,86,8,3,2,0,2,12.0,6,1,Z3731,83,,97,6,116,05,,,.,1ST,1,1,..,BLD,J,1,,1,1,2,1,0,0.0,0,2016-03-26,0.012,,,,,
2016833732,16LA01307,16,X7220,82,,11,Z1583,83,7.0,7,97,97,1,,N,,032616,86,8,3,3,0,2,11.4,6,1,Z3732,83,,97,6,89,29,,,.,2ND.Neurologic,1,1,..,BLD,J,2,,0,0,0,1,0,0.0,0,2016-03-26,0.012,,,,,
D16LA01308,16LA01308,16,T5674,45,,56,T6297,00,2.0,2,02,02,2,0,N,,032616,86,4,3,1,.,.,9.1,5,1,.,,,,1,86,44,T6395,+,.,1ST,1,1,..,BLD,J,1,,1,1,2,0,0,0.5,0,2016-03-26,0.0,,,,,
D16LA01309,16LA01309,16,T5674,45,,56,T6297,00,2.0,2,02,02,2,0,N,,032616,86,4,3,2,.,.,6.5,5,1,.,,,,1,86,44,,,.,2ND,4,4,..,BLD,J,2,,0,0,0,0,0,0.0,0,2016-03-26,0.0,,,,,
2016120965,16LA01310,16,S0225,12,,40,S0741,00,2.0,2,07,41,1,,N,,032616,86,8,3,1,R,4,11.2,1,1,S0965,12,,42,6,146,21,,,.,1ST.PNEU,1,1,..,,J,1,,1,1,2,1,0,,,2016-03-26,0.0,17,123,1,,
2016120966,16LA01311,16,S0225,12,,40,S0741,00,2.0,2,07,41,1,,N,,032616,86,8,3,1,0,4,11.6,1,1,S0966,12,,42,,,,,,.,2ND,1,1,..,,J,2,,0,0,0,1,1,1.0,75,2016-03-26,0.0,31,123,1,,
2016833733,16LA01312,16,R8291,11,,20,Z3215,00,6.0,6,07,97,1,0,Y,,032716,87,8,3,2,0,2,13.9,5,1,Z3733,83,,10,,,,,,.,1ST,1,1,..,BLD,J,1,,1,1,2,1,1,1.0,87,2016-03-27,0.0,29,118,H,,
2016833734,16LA01313,16,R8291,11,,20,Z3215,00,6.0,6,07,97,1,0,Y,,032716,87,8,3,2,0,4,14.3,5,1,Z3734,83,,10,,,,,,.,2ND.FX.RR,1,1,..,BLD,J,2,,0,0,0,1,1,1.0,98,2016-03-27,0.0,36,118,H,,
2016059502,16LA01314,16,H9134,05,,e5,H8061,05,1.0,1,30,30,4,,Y,,032716,87,5,3,3,0,2,9.9,1,1,H9502,05,,30,,,,,,.,.,1,1,..,BLD,J,1,,1,1,1,1,1,1.0,72,2016-03-27,0.039,25,123,1,,
2016833735,16LA01315,16,R8681,11,,15,Z2306,83,5.0,5,07,97,1,0,Y,,032716,87,8,3,2,0,4,14.9,5,1,Z3735,83,,10,,,,,,FROM.A2,1ST,1,1,..,BLD,J,1,,1,1,2,1,1,1.0,94,2016-03-27,0.0,36,123,1,,
2016833736,16LA01316,16,R8681,11,,15,Z2306,83,5.0,5,07,97,1,0,Y,,032716,87,8,3,2,0,2,14.4,5,1,Z3736,83,,10,,,,,,PROLASPE,2ND.SCRS.FVR,1,1,..,BLD,J,2,,0,0,0,1,1,1.0,85,2016-03-27,0.0,33,123,1,,
2016120967,16LA01317,16,R9579,11,,36,S0737,00,3.0,3,07,07,1,0,N,,032716,87,8,3,1,0,2,10.4,1,1,S0967,12,,07,,,,,,CHEWS.TAILS,1ST.SCRS,1,1,..,,J,1,,1,1,2,1,1,1.0,83,2016-03-27,0.0,33,123,1,,
2016120968,16LA01318,16,R9579,11,,36,S0737,00,3.0,3,07,07,1,0,N,,032716,87,8,3,1,0,2,8.4,1,1,S0968,12,,07,,,,,,.,2ND.SCRS,1,1,..,,J,2,,0,0,0,1,1,1.0,65,2016-03-27,0.0,21,123,1,,
2016456395,16LA01319,16,T5531,45,,60,T6301,00,2.0,2,02,02,2,0,N,,032716,87,9,3,2,0,2,7.8,1,1,T6395,45,,02,,,,T5674,-,,1ST.,1,1,..,BLD,J,1,,1,1,3,1,1,0.5,90,2016-03-27,0.0,30,123,1,,
2016456396,16LA01320,16,T5531,45,,60,T6301,00,2.0,2,02,02,2,0,N,,032716,87,9,3,2,L,2,10.0,1,1,T6396,45,,02,,,,,,.,2ND,1,1,..,BLD,J,2,,0,0,0,1,1,1.0,64,2016-03-27,0.0,22,123,1,,
2016456397,16LA01321,16,T5531,45,,60,T6301,00,2.0,2,02,02,2,0,N,,032716,87,9,3,2,0,2,11.2,1,1,T6397,45,,02,,,,,,.,3RD,1,1,..,BLD,J,3,,0,0,0,1,1,1.0,78,2016-03-27,0.0,20,123,1,,
2016833737,16LA01322,16,H5725,05,,21,Z3204,00,6.0,6,30,SM,1,0,Y,,032716,87,9,3,1,0,2,10.4,1,1,Z3737,83,,XP,,,,,,.,1ST.SPLINTRHLEG,1,1,..,BLD,J,1,,1,1,3,1,1,1.0,78,2016-03-27,0.0,33,123,1,,
2016833738,16LA01323,16,H5725,05,,21,Z3204,00,6.0,6,30,SM,1,0,Y,,032716,87,9,3,2,0,2,10.8,1,1,Z3738,83,,XP,,,,,,.,2ND,1,1,..,BLD,J,2,,0,0,0,1,1,1.0,68,2016-03-27,0.0,30,123,1,,
2016833739,16LA01324,16,H5725,05,,21,Z3204,00,6.0,6,30,SM,1,0,Y,,032716,87,9,3,2,0,2,8.7,1,1,Z3739,83,,XP,,,,S0162,-,.,3RD,1,1,..,BLD,J,3,,0,0,0,1,1,0.5,86,2016-03-27,0.0,34,123,1,,
D16LA01325,16LA01325,16,S0162,12,,52,S0742,00,2.0,2,07,07,1,0,N,,032716,87,4,2,2,.,.,11.7,1,1,.,,,,1,87,44,Z3739,+,.,1ST,6,4,..,,J,1,,1,1,2,0,0,0.5,0,2016-03-27,0.0,,,,,
D16LA01326,16LA01326,16,S0162,12,,52,S0742,00,2.0,2,07,07,1,0,N,,032716,87,4,2,2,.,.,11.6,1,1,.,,,,1,87,44,,,.,2ND,6,4,..,,J,2,,0,0,0,0,0,0.0,0,2016-03-27,0.0,,,,,
2016059503,16LA01327,16,H5842,05,,31,H8485,05,6.0,6,30,30,1,0,N,,032716,87,8,2,1,0,2,12.2,1,1,H9503,05,,30,,,,,,.,1ST.NICE,1,1,..,BLD,J,1,,1,1,2,1,1,1.0,87,2016-03-27,0.045,36,123,1,,
2016059504,16LA01328,16,H5842,05,,31,H8485,05,6.0,6,30,30,1,0,N,,032716,87,8,2,2,0,2,10.4,1,1,H9504,05,,30,,,,,,.,2ND.NICE,1,1,..,BLD,J,2,,0,0,0,1,1,1.0,83,2016-03-27,0.045,28,123,1,,
2016456398,16LA01329,16,T4545,45,,61,T6302,00,4.0,4,02,02,2,0,N,,032716,87,5,3,1,0,2,14.3,1,1,T6398,45,,02,,,,,,.,NICE LAMB,1,1,..,,J,1,,1,1,1,1,1,1.0,111,2016-03-27,0.0,45,123,1,,
2016456399,16LA01330,16,T5556,45,,56,T6297,00,2.0,2,02,02,2,0,N,,032716,87,8,3,3,0,2,9.6,1,1,T6399,45,,02,,,,,,.,1ST.UGLY.PNEU,8,1,..,,J,1,,1,1,2,1,1,1.0,60,2016-03-27,0.0,19,123,1,,
2016456400,16LA01331,16,T5556,45,,56,T6297,00,2.0,2,02,02,2,0,N,,032716,87,8,3,2,0,2,11.1,1,1,T6400,45,,02,,,,,,.,2ND.UGLY,5,1,..,,J,2,,0,0,0,1,1,1.0,76,2016-03-27,0.0,26,123,1,,
2016833740,16LA01332,16,S0087,12,,60,T6301,00,2.0,2,07,02,2,0,N,,032716,87,8,2,2,0,2,9.6,1,1,Z3740,83,,01,,,,,,.,1ST,1,1,..,,J,1,,1,1,2,1,1,1.0,71,2016-03-27,0.0,26,123,1,,
2016833741,16LA01333,16,S0087,12,,60,T6301,00,2.0,2,07,02,2,0,N,,032716,87,8,2,2,0,2,9.5,1,1,Z3741,83,,01,,,,,,.,2ND,1,1,..,,J,2,,0,0,0,1,1,1.0,73,2016-03-27,0.0,24,123,1,,
D16LA01334,16LA01334,16,S0615,12,,e10,R9999,11,1.0,1,07,07,4,0,N,.,032716,87,0,1,1,.,.,6.5,1,1,.,,,,0,87,27,,,.,.,1,1,..,,J,1,,1,1,1,0,0,0.0,0,2016-03-27,0.0,,,,,
2016120969,16LA01335,16,R8548,11,,45,S0123,12,6.0,6,07,07,1,0,N,,032716,87,8,3,2,0,2,14.4,1,1,S0969,12,,07,,,,,,.,1ST.SCOURS,1,1,..,BLD,J,1,,1,1,2,1,1,1.0,57,2016-03-27,0.028,23,123,1,,
2016120970,16LA01336,16,R8548,11,,45,S0123,12,6.0,6,07,07,1,0,N,,032716,87,8,3,1,0,3,15.9,1,1,S0970,12,,07,,,,,,.,2ND,1,1,..,BLD,J,2,,0,0,0,1,1,1.0,108,2016-03-27,0.028,45,123,1,,
2016701862,16LA01337,16,L0700,70,,3,L0762,70,4.0,4,PC,PC,1,0,N,,032716,87,8,3,1,0,2,13.0,2,1,L1862,70,,PC,,,,,,.,1ST.<05BR,1,1,..,OR,J,1,,1,1,2,1,1,1.0,103,2016-03-27,0.007,31,118,H,,
2016701863,16LA01338,16,L0700,70,,3,L0762,70,4.0,4,PC,PC,1,0,N,,032716,87,8,3,1,R,2,13.3,5,1,L1863,70,,PC,,,,,,.,2ND.20BL,1,1,..,OR,J,2,,0,0,0,1,1,1.0,112,2016-03-27,0.007,34,118,H,,
D16LA01339,16LA01339,16,Z2908,83,,e4,Z2574,83,1.0,1,97,97,4,0,N,.,032716,87,4,3,1,0,2,8.7,6,1,.,,,,1,87,44,,,RF.LAME,1ST,1,1,..,BLD,J,1,,1,1,2,0,0,0.0,0,2016-03-27,0.0,,,,,
D16LA01340,16LA01340,16,Z2908,83,,e4,Z2574,83,1.0,1,97,97,4,0,N,.,032716,87,4,3,1,.,.,7.6,6,1,.,,,,1,87,44,,,.,2ND,1,1,..,BLD,J,2,,0,0,0,0,0,0.0,0,2016-03-27,0.0,,,,,
2016833742,16LA01341,16,X8679,82,,BL,K4942,64,6.0,6,BL,06,1,0,Y,,032716,87,8,2,3,0,2,15.9,1,1,Z3742,83,,00,,,,,,.,1ST,1,1,..,BLD,J,1,,1,1,2,1,1,1.0,95,2016-03-27,0.0,35,123,1,,
2016833743,16LA01342,16,X8679,82,,BL,K4942,64,6.0,6,BL,06,1,0,Y,,032716,87,8,2,3,0,2,16.0,9,1,Z3743,83,,BL,,,,,,.,2ND,1,1,..,BLD,J,2,,0,0,0,1,1,1.0,103,2016-03-27,0.0,43,123,1,,
D16LA01343,16LA01343,16,H8981,05,,e7,H8543,05,1.0,1,30,30,4,0,Y,.,032716,87,1,1,1,.,.,11.5,1,1,.,,,,1,87,44,,,RP,,8,1,..,,J,1,,1,1,1,0,0,0.0,0,2016-03-27,0.0,,,,,
2016120971,16LA01344,16,S0390,12,,e9,R9992,11,1.0,1,07,07,4,0,N,,032716,87,8,1,3,0,4,8.5,2,1,S0971,12,,07,,,,,,.,1ST,1,1,..,BLD,J,1,,1,1,2,1,1,1.0,59,2016-03-27,0.035,17,123,1,,
2016120972,16LA01345,16,S0390,12,,e9,R9992,11,1.0,1,07,07,4,0,N,,032716,87,8,1,3,0,2,10.1,1,1,S0972,12,,07,3,87,93,,8,.,2ND,1,1,..,BLD,J,2,,0,0,0,1,0,0.0,0,2016-03-27,0.035,,,,,
2016120973,16LA01346,16,S0185,12,,43,R9922,11,2.0,2,07,07,1,0,N,,032716,87,5,3,2,0,2,13.0,1,1,S0973,12,,07,,,,,,.,.,1,1,..,BLD,J,1,,1,1,1,1,1,1.0,82,2016-03-27,0.03,32,123,1,,
2016833744,16LA01347,16,T5222,45,,7,L1564,70,3.0,3,02,PC,1,7,Y,,032716,87,8,3,3,0,3,13.1,1,1,Z3744,83,,LT,,,,,,.,1ST.SCRS,1,1,..,,J,1,,1,1,2,1,1,1.0,89,2016-03-27,0.0,34,123,1,,
2016833745,16LA01348,16,T5222,45,,7,L1564,70,3.0,3,02,PC,1,7,Y,,032716,87,8,3,2,2,2,14.7,5,1,Z3745,83,,LT,,,,,,.,2ND.SCRS,1,1,..,,J,2,,0,0,0,1,1,1.0,90,2016-03-27,0.0,36,123,1,,
2016059505,16LA01349,16,H8697,05,,30,H8376,05,2.0,2,30,30,1,0,N,,032716,87,5,3,2,0,3,7.7,1,1,H9505,05,,30,,,,,,.,SCOURS.FVR,1,1,..,,J,1,,1,1,1,1,1,1.0,97,2016-03-27,0.033,39,123,1,,
2016833746,16LA01350,16,T2751,45,,27,Z3216,00,7.0,7,02,SM,1,,Y,,032716,87,8,3,3,0,2,13.1,1,1,Z3746,83,,XT,,,,,,.,.,1,1,..,,Y,1,,1,1,2,1,1,1.0,79,2016-03-27,0.0,30,118,2,,
2016833747,16LA01351,16,T2751,45,,27,Z3216,00,7.0,7,02,SM,1,,Y,,032716,87,8,3,3,0,2,12.8,1,1,Z3747,83,,XT,,,,,,.,.,1,1,..,,Y,2,,0,0,0,1,1,1.0,85,2016-03-27,0.0,34,118,2,,
2016120974,16LA01352,16,R9455,11,,41,Z3206,00,4.0,4,07,07,1,0,N,,032716,87,9,2,3,0,4,9.1,2,1,S0974,12,,07,,,,,,CHUNKS,1ST,1,1,..,BLD,Y,1,,1,1,3,1,1,1.0,95,2016-03-27,0.0,30,118,2,,
2016120975,16LA01353,16,R9455,11,,41,Z3206,00,4.0,4,07,07,1,0,N,,032716,87,9,2,3,0,2,11.0,1,1,S0975,12,,07,6,90,66,,,MASTITIS,2ND.Pneu,1,1,..,BLD,Y,2,,0,0,0,1,0,0.0,0,2016-03-27,0.0,,,,,
2016120976,16LA01354,16,R9455,11,,41,Z3206,00,4.0,4,07,07,1,0,N,,032716,87,9,2,3,0,2,9.4,2,1,S0976,12,,07,3,87,93,,8,PNEUMONEA?,3RD,1,1,..,BLD,Y,3,,0,0,0,1,0,0.0,0,2016-03-27,0.0,,,,,
2016120977,16LA01355,16,R9633,11,,45,S0123,12,3.0,3,07,07,1,,N,,032716,87,8,3,2,0,2,12.1,1,1,S0977,12,,07,,,,,,.,1ST,1,1,..,BLD,Y,1,,1,1,2,1,1,1.0,83,2016-03-27,0.04,30,118,2,,
2016120978,16LA01356,16,R9633,11,,45,S0123,12,3.0,3,07,07,1,,N,,032716,87,8,3,2,2,2,11.6,1,1,S0978,12,,07,,,,,,.,2ND,1,1,..,BLD,Y,2,,0,0,0,1,1,1.0,65,2016-03-27,0.04,25,118,2,,
2016059506,16LA01357,16,H9270,05,,e6,H8210,05,1.0,1,30,30,4,0,Y,.,032716,87,8,3,2,0,2,6.3,1,1,H9506,05,,30,,,,,,.,1ST.PNEU.SCRS,1,1,..,,Y,1,,1,1,2,1,1,1.0,66,2016-03-27,0.023,19,118,2,,
2016059507,16LA01358,16,H9270,05,,e6,H8210,05,1.0,1,30,30,4,0,Y,.,032716,87,8,3,2,0,2,6.1,1,1,H9507,05,,30,6,88,14,,,.,2ND.WEAK,1,1,..,,Y,2,,0,0,0,1,0,0.0,0,2016-03-27,0.023,,,,,
2016120979,16LA01359,16,R8087,11,,42,R9841,11,6.0,6,07,07,1,0,N,,032716,87,8,2,1,0,2,11.0,1,1,S0979,12,,07,,,,,,.,1ST,1,1,..,BLD,Y,1,,1,1,2,1,1,1.0,80,2016-03-27,0.065,30,118,2,,
2016120980,16LA01360,16,R8087,11,,42,R9841,11,6.0,6,07,07,1,0,N,,032716,87,8,2,1,0,2,9.1,1,1,S0980,12,,07,,,,,,.,2ND,1,1,..,BLD,Y,2,,0,0,0,1,1,1.0,80,2016-03-27,0.065,28,118,2,,
2016456401,16LA01361,16,T4380,45,,59,T6300,00,4.0,4,02,02,2,0,N,,032716,87,5,3,1,0,3,14.0,1,1,T6401,45,,02,,,,,,.,.,1,1,..,,Y,1,,1,1,1,1,1,1.0,101,2016-03-27,0.0,36,118,2,,
2016833748,16LA01362,16,H7082,05,,17,Z3210,00,5.0,5,30,97,1,0,Y,,032716,87,5,3,3,0,2,13.4,5,1,Z3748,83,,80,,,,,,.,.,1,1,..,BLD,Y,1,,1,1,1,1,1,1.0,124,2016-03-27,0.0,45,118,2,,
2016120981,16LA01363,16,R9634,11,,38,S0739,00,3.0,3,07,42,1,,N,,032716,87,9,1,3,0,2,8.4,1,1,S0981,12,,43,3,87,93,,8,.,1ST,1,1,..,,Y,1,,1,1,3,1,0,0.0,0,2016-03-27,0.0,,,,,
2016120982,16LA01364,16,R9634,11,,38,S0739,00,3.0,3,07,42,1,,N,,032716,87,9,1,2,0,2,11.1,1,1,S0982,12,,43,,,,,,.,2ND,1,1,..,,Y,2,,0,0,0,1,1,1.0,96,2016-03-27,0.0,34,118,2,,
2016120983,16LA01365,16,R9634,11,,38,S0739,00,3.0,3,07,42,1,,N,,032716,87,9,1,3,0,2,9.5,1,1,S0983,12,,43,3,87,93,,8,.,3RD,1,1,..,,Y,3,,0,0,0,1,0,0.0,0,2016-03-27,0.0,,,,,
2016120984,16LA01366,16,R9745,11,,44,S0052,12,3.0,3,07,07,1,,N,,032716,87,8,3,2,L,2,12.9,1,1,S0984,12,,07,,,,,,.,1ST,1,1,..,,Y,1,,1,1,2,1,1,1.0,72,2016-03-27,0.042,23,118,2,,
2016120985,16LA01367,16,R9745,11,,44,S0052,12,3.0,3,07,07,1,,N,,032716,87,8,3,1,0,2,11.1,1,1,S0985,12,,07,,,,,,.,2ND,1,1,..,,Y,2,,0,0,0,1,1,1.0,71,2016-03-27,0.042,23,118,2,,
2016701864,16LA01368,16,L1542,70,,7,L1564,70,2.0,2,PC,PC,1,,N,,032716,87,5,3,1,0,2,18.6,5,1,L1864,70,,PC,,,,,,.,15BR,8,2,..,OR,Y,1,,1,1,1,1,1,1.0,134,2016-03-27,0.005,46,118,H,,
2016120986,16LA01369,16,R8084,11,,43,R9922,11,6.0,6,07,07,1,0,N,,032716,87,5,3,1,0,2,12.5,1,1,S0986,12,,07,,,,,,.,.,1,1,..,BLD,Y,1,,1,1,1,1,1,1.0,95,2016-03-27,0.063,35,118,2,,
2016120987,16LA01370,16,R9927,11,,53,S0743,00,3.0,3,07,07,1,0,N,,032716,87,8,3,1,0,2,14.3,1,1,S0987,12,,07,,,,,,.,1ST,1,1,..,,Y,1,,1,1,2,1,1,1.0,93,2016-03-27,0.0,35,118,2,,
2016120988,16LA01371,16,R9927,11,,53,S0743,00,3.0,3,07,07,1,0,N,,032716,87,8,3,2,0,2,10.8,1,1,S0988,12,,07,,,,,,.,2ND,1,1,..,,Y,2,,0,0,0,1,1,1.0,75,2016-03-27,0.0,29,118,2,,
2016120989,16LA01372,16,S0179,12,,44,S0052,12,2.0,2,07,07,1,0,N,,032716,87,8,2,1,0,2,10.3,1,1,S0989,12,,07,,,,,,.,.,1,1,..,,Y,1,,1,1,2,1,1,1.0,77,2016-03-27,0.046,28,118,2,,
2016120990,16LA01373,16,S0179,12,,44,S0052,12,2.0,2,07,07,1,0,N,,032716,87,8,2,1,0,2,8.4,1,1,S0990,12,,07,,,,,,.,.,1,1,..,,Y,2,,0,0,0,1,1,1.0,67,2016-03-27,0.046,24,118,2,,
2016456402,16LA01374,16,T4880,45,,62,T5331,45,3.0,3,02,02,2,,N,,032716,87,8,2,1,2,4,13.9,1,1,T6402,45,,02,,,,,,.,1ST,1,1,..,,Y,1,,1,1,2,1,1,1.0,76,2016-03-27,0.04,31,118,2,,
2016456403,16LA01375,16,T4880,45,,62,T5331,45,3.0,3,02,02,2,,N,,032716,87,8,2,1,0,2,12.7,1,1,T6403,45,,02,,,,,,.,2ND,1,1,..,,Y,2,,0,0,0,1,1,1.0,80,2016-03-27,0.04,32,118,2,,
2016456404,16LA01376,16,T5189,45,,56,T6297,00,3.0,3,02,02,2,0,N,,032716,87,8,2,2,0,2,9.5,1,1,T6404,45,,02,,,,,,.,1ST,1,1,..,,Y,1,,1,1,2,1,1,1.0,83,2016-03-27,0.0,31,118,2,,
2016456405,16LA01377,16,T5189,45,,56,T6297,00,3.0,3,02,02,2,0,N,,032716,87,8,2,1,0,2,13.0,1,1,T6405,45,,02,,,,,,.,2ND.LHLAME,1,1,..,,Y,2,,0,0,0,1,1,1.0,64,2016-03-27,0.0,24,118,2,,
2016059508,16LA01378,16,H8829,05,,33,H8787,05,2.0,2,30,30,1,0,N,,032716,87,6,2,2,0,2,11.3,1,1,H9508,05,,30,,,,,,.,1ST,1,1,..,,Y,1,,1,1,2,1,1,1.0,94,2016-03-27,0.038,32,118,2,,
D16LA01379,16LA01379,16,H8829,05,,33,H8787,05,2.0,2,30,30,1,0,N,,032716,87,6,2,.,.,.,0.0,.,.,.,,,,0,87,27,,,.,2ND.MUMMYNODATA,1,1,..,,Y,2,,0,0,0,0,0,0.0,0,2016-03-27,0.038,,,,,
2016833749,16LA01380,16,T4360,45,,52,S0742,00,4.0,4,02,07,1,0,N,,032716,87,8,3,2,0,2,12.5,1,1,Z3749,83,,08,,,,,,.,1ST,1,1,..,,Y,1,,1,1,2,1,1,1.0,79,2016-03-27,0.0,26,118,2,,
2016833750,16LA01381,16,T4360,45,,52,S0742,00,4.0,4,02,07,1,0,N,,032716,87,8,3,2,0,2,10.4,1,1,Z3750,83,,08,,,,,,.,2ND,1,1,..,,Y,2,,0,0,0,1,1,1.0,71,2016-03-27,0.0,21,118,2,,
2016833751,16LA01382,16,H6672,05,,3,L0762,70,5.0,5,30,PC,1,0,Y,,032716,87,8,3,3,0,2,13.3,5,1,Z3751,83,,LP,,,,,,.,1ST,1,1,..,BLD,Y,1,,1,1,2,1,1,1.0,99,2016-03-27,0.0,32,118,2,,
2016833752,16LA01383,16,H6672,05,,3,L0762,70,5.0,5,30,PC,1,0,Y,,032716,87,8,3,2,0,2,13.9,5,1,Z3752,83,,LP,,,,,,.,2ND,1,1,..,BLD,Y,2,,0,0,0,1,1,1.0,81,2016-03-27,0.0,33,118,2,,
2016833753,16LA01384,16,H7081,05,,7,L1564,70,5.0,5,30,PC,1,0,Y,,032716,87,9,1,3,0,2,8.5,1,1,Z3753,83,,LP,3,88,93,,8,.,1ST,1,1,..,BLD,Y,1,,1,1,3,1,0,0.0,0,2016-03-27,0.0,,,,,
2016833754,16LA01385,16,H7081,05,,7,L1564,70,5.0,5,30,PC,1,0,Y,,032716,87,9,1,2,0,2,9.9,1,1,Z3754,83,,LP,,,,,,.,2ND,3,4,..,BLD,Y,2,,0,0,0,1,1,1.0,87,2016-03-27,0.0,28,118,2,,
2016833755,16LA01386,16,H7081,05,,7,L1564,70,5.0,5,30,PC,1,0,Y,,032716,87,9,1,2,0,2,9.0,1,1,Z3755,83,,LP,3,88,93,,8,.,3RD,3,4,..,BLD,Y,3,,0,0,0,1,0,0.0,0,2016-03-27,0.0,,,,,
2016456406,16LA01387,16,T3451,45,,64,T5436,45,6.0,6,02,02,2,0,N,,032716,87,8,3,1,0,3,15.0,1,1,T6406,45,,02,,,,,,.,1ST,1,1,..,,Y,1,,1,1,2,1,1,1.0,92,2016-03-27,0.043,29,118,2,,
2016456407,16LA01388,16,T3451,45,,64,T5436,45,6.0,6,02,02,2,0,N,,032716,87,8,3,1,0,2,14.9,1,1,T6407,45,,02,,,,,,.,2ND,1,1,..,,Y,2,,0,0,0,1,1,1.0,80,2016-03-27,0.043,31,118,2,,
2016456408,16LA01389,16,T2798,45,,61,T6302,00,7.0,7,02,02,2,,N,,032716,87,8,4,3,0,2,10.7,1,1,T6408,45,,02,3,89,93,,,BIG.TITS,1ST.NotEating,1,1,..,,Y,1,,1,1,2,1,0,0.0,0,2016-03-27,0.0,,,,,
2016456409,16LA01390,16,T2798,45,,61,T6302,00,7.0,7,02,02,2,,N,,032716,87,8,4,3,0,2,10.6,1,1,T6409,45,,02,3,89,93,,,.,2ND.NotEating,1,1,..,,Y,2,,0,0,0,1,0,0.0,0,2016-03-27,0.0,,,,,
2016833756,16LA01391,16,R9650,11,,60,T6301,00,3.0,3,07,02,2,,N,,032716,87,8,2,2,0,2,12.1,1,1,Z3756,83,,01,,,,,,.,1ST,1,1,..,,Y,1,,1,1,2,1,1,1.0,80,2016-03-27,0.0,29,118,2,,
2016833757,16LA01392,16,R9650,11,,60,T6301,00,3.0,3,07,02,2,,N,,032716,87,8,2,2,0,2,12.6,1,1,Z3757,83,,01,6,114,80,,,.,2ND.WEAK,1,1,..,,Y,2,,0,0,0,1,0,,,2016-03-27,0.0,,,,,
2016456410,16LA01393,16,T5986,45,,56,T6297,00,1.0,1,02,02,4,,N,,032716,87,5,2,1,0,2,13.3,1,1,T6410,45,,02,,,,,,.,.,1,1,..,,Y,1,,1,1,1,1,1,1.0,81,2016-03-27,0.0,29,118,2,,
2016456411,16LA01394,16,T5651,45,,65,T5603,45,2.0,2,02,02,2,0,N,,032716,87,8,2,3,0,2,10.1,1,1,T6411,45,,02,3,88,93,,8,MASTITIS.L,1ST.REJECTED,1,1,..,,Y,1,,1,1,2,1,0,0.0,0,2016-03-27,0.053,,,,,
2016456412,16LA01395,16,T5651,45,,65,T5603,45,2.0,2,02,02,2,0,N,,032716,87,8,2,2,R,2,9.6,1,1,T6412,45,,02,,,,,,.,2ND,1,1,..,,Y,2,,0,0,0,1,1,1.0,85,2016-03-27,0.053,25,118,2,,
2016120991,16LA01396,16,S0124,12,,42,R9841,11,2.0,2,07,07,1,0,N,,032716,87,8,3,1,0,2,10.9,1,1,S0991,12,,07,,,,,,.,1ST,2,2,..,,Y,1,,1,1,2,1,1,1.0,71,2016-03-27,0.034,24,118,2,,
2016120992,16LA01397,16,S0124,12,,42,R9841,11,2.0,2,07,07,1,0,N,,032716,87,8,3,1,0,2,10.2,1,1,S0992,12,,07,,,,,,.,2ND,2,2,..,,Y,2,,0,0,0,1,1,1.0,77,2016-03-27,0.034,23,118,2,,
2016456413,16LA01398,16,T5126,45,,63,T5424,45,3.0,3,02,02,2,7,N,,032716,87,5,3,2,0,2,17.4,1,1,T6413,45,,02,,,,,,.,.,1,1,..,,Y,1,,1,1,1,1,1,1.0,112,2016-03-27,0.047,46,118,2,,
2016456414,16LA01399,16,T5007,45,,60,T6301,00,3.0,3,02,02,2,0,N,,032716,87,5,3,1,0,2,16.3,1,1,T6414,45,,02,,,,,,.,.,8,1,..,,Y,1,,1,1,1,1,1,1.0,115,2016-03-27,0.0,41,118,2,,
2016456415,16LA01400,16,T5409,45,,58,T6299,00,2.0,2,02,02,2,,N,,032716,87,5,3,2,0,2,14.6,1,1,T6415,45,,02,,,,,,.,.,1,1,..,,Y,1,,1,1,1,1,1,1.0,71,2016-03-27,0.0,29,118,2,,
2016833758,16LA01401,16,H6016,05,,4,L1368,70,6.0,6,30,PC,1,0,Y,,032716,87,8,2,2,0,2,10.0,1,1,Z3758,83,,LP,,,,,,RH.LAME.FT.ABCS,1ST,1,1,..,BLD,J,1,,1,1,2,1,1,1.0,76,2016-03-27,0.0,29,123,1,,
2016833759,16LA01402,16,H6016,05,,4,L1368,70,6.0,6,30,PC,1,0,Y,,032716,87,8,2,2,0,2,9.5,1,1,Z3759,83,,LP,,,,,,,2ND,2,3,..,BLD,J,2,,0,0,0,1,1,1.0,84,2016-03-27,0.0,29,123,1,,
2016059509,16LA01403,16,H8097,05,,30,H8376,05,3.0,3,30,30,1,0,N,,032716,87,8,2,2,.,.,13.9,1,1,H9509,05,,30,6,88,66,,,.,1ST.EYEDEFORMIT,1,1,..,,J,1,,1,1,2,1,0,0.0,0,2016-03-27,0.028,,,,,
2016059510,16LA01404,16,H8097,05,,30,H8376,05,3.0,3,30,30,1,0,N,,032716,87,8,2,2,0,5,13.9,1,1,H9510,05,,30,,,,,,.,2ND.SCRS,1,1,..,,J,2,,0,0,0,1,1,1.0,111,2016-03-27,0.028,43,123,1,,
2016059511,16LA01405,16,H8703,05,,30,H8376,05,2.0,2,30,30,1,0,N,,032716,87,8,3,1,0,2,12.5,1,1,H9511,05,,30,,,,,,.,1ST,1,1,..,,J,1,,1,1,2,1,1,1.0,73,2016-03-27,0.031,26,123,1,,
2016059512,16LA01406,16,H8703,05,,30,H8376,05,2.0,2,30,30,1,0,N,,032716,87,8,3,2,0,2,10.4,1,1,H9512,05,,30,,,,,,.,2ND,1,1,..,,J,2,,0,0,0,1,1,1.0,81,2016-03-27,0.031,31,123,1,,
2016456416,16LA01407,16,T5638,45,,65,T5603,45,2.0,2,02,02,2,0,N,,032716,87,8,2,1,0,2,10.4,1,1,T6416,45,,02,,,,,,.,1ST,1,1,..,BLD,J,1,,1,1,2,1,1,1.0,64,2016-03-27,0.044,26,123,1,,
2016456417,16LA01408,16,T5638,45,,65,T5603,45,2.0,2,02,02,2,0,N,,032716,87,8,2,1,0,2,11.3,1,1,T6417,45,,02,,,,,,.,2ND,1,1,..,BLD,J,2,,0,0,0,1,1,1.0,72,2016-03-27,0.044,25,123,1,,
2016701865,16LA01409,16,L1600,70,,7,L1564,70,2.0,2,PC,PC,1,,N,,032716,87,8,3,2,2,2,12.8,5,1,L1865,70,,PC,,,,,,.,1ST.70BL.SCRS,1,1,..,OR,J,1,,1,1,2,1,1,1.0,66,2016-03-27,0.02,21,123,H,,
2016701866,16LA01410,16,L1600,70,,7,L1564,70,2.0,2,PC,PC,1,,N,,032716,87,8,3,2,0,4,10.9,5,1,L1866,70,,PC,,,,,,.,2ND.60BR.SCRS,1,1,..,OR,J,2,,0,0,0,1,1,1.0,70,2016-03-27,0.02,23,123,H,,
2016456418,16LA01411,16,T5877,45,,e13,T5618,45,1.0,1,02,02,4,0,N,,032716,87,5,3,2,0,4,14.0,1,1,T6418,45,,02,,,,,,.,.,1,1,..,,J,1,,1,1,1,1,1,1.0,78,2016-03-27,0.059,31,123,1,,
2016833760,16LA01412,16,H7143,05,,8,L1614,70,5.0,5,30,PC,1,0,Y,,032716,87,8,3,3,0,4,15.7,2,1,Z3760,83,,LP,,,,,,.,1ST,1,1,..,BLD,J,1,,1,1,2,1,1,1.0,93,2016-03-27,0.0,40,123,1,,
2016833761,16LA01413,16,H7143,05,,8,L1614,70,5.0,5,30,PC,1,0,Y,,032716,87,8,3,3,0,4,11.7,2,1,Z3761,83,,LP,,,,,,.,2ND,1,1,..,BLD,J,2,,0,0,0,1,1,1.0,82,2016-03-27,0.0,32,123,1,,
2016456419,16LA01414,16,T5449,45,,65,T5603,45,2.0,2,02,02,2,,N,,032716,87,8,3,1,0,2,11.4,1,1,T6419,45,,02,,,,,,.,1ST,1,1,..,,J,1,,1,1,2,1,1,1.0,56,2016-03-27,0.058,28,123,1,,
2016456420,16LA01415,16,T5449,45,,65,T5603,45,2.0,2,02,02,2,,N,,032716,87,8,3,1,0,2,8.9,1,1,T6420,45,,02,,,,,,.,2ND,1,1,..,,J,2,,0,0,0,1,1,1.0,64,2016-03-27,0.058,25,123,1,,
2016456421,16LA01416,16,T4048,45,,54,T4854,45,5.0,5,02,02,2,7,N,,032716,87,8,3,1,0,3,15.3,1,1,T6421,45,,02,,,,,,.,1ST,1,1,..,,J,1,,1,1,2,1,1,1.0,97,2016-03-27,0.066,35,123,1,,
2016456422,16LA01417,16,T4048,45,,54,T4854,45,5.0,5,02,02,2,7,N,,032716,87,8,3,1,0,2,12.5,1,1,T6422,45,,02,,,,,,.,2ND,1,1,..,,J,2,,0,0,0,1,1,1.0,65,2016-03-27,0.066,23,123,1,,
2016120993,16LA01418,16,R9598,11,,34,S0732,00,3.0,3,07,07,1,,N,,032716,87,8,2,2,0,2,12.3,1,1,S0993,12,,07,,,,,,.,1ST,1,1,..,BLD,J,1,,1,1,2,1,1,1.0,74,2016-03-27,0.0,29,123,1,,
2016120994,16LA01419,16,R9598,11,,34,S0732,00,3.0,3,07,07,1,,N,,032716,87,8,2,1,R,2,13.0,1,1,S0994,12,,07,,,,,,.,2ND,1,1,..,BLD,J,2,,0,0,0,1,1,1.0,88,2016-03-27,0.0,34,123,1,,
2016120995,16LA01420,16,S0002,12,,42,R9841,11,2.0,2,07,07,1,,N,,032716,87,7,3,2,0,2,10.9,2,1,S0995,12,,07,,,,,,.,1ST.BREYES,1,1,..,,J,1,,1,1,2,1,1,1.0,93,2016-03-27,0.031,34,123,1,,
D16LA01421,16LA01421,16,S0002,12,,42,R9841,11,2.0,2,07,07,1,,N,,032716,87,7,3,2,.,.,9.2,1,1,.,,,,1,87,44,,,.,2ND,1,1,..,,J,2,,0,0,0,0,0,0.0,0,2016-03-27,0.031,,,,,
2016833762,16LA01422,16,S0073,12,,61,T6302,00,2.0,2,07,02,2,0,N,,032716,87,8,3,2,0,3,8.2,1,1,Z3762,83,,01,,,,,,.,1ST.SCRS,1,1,..,,J,1,,1,1,2,1,1,1.0,77,2016-03-27,0.0,26,123,1,,
2016833763,16LA01423,16,S0073,12,,61,T6302,00,2.0,2,07,02,2,0,N,,032716,87,8,3,1,0,3,11.9,1,1,Z3763,83,,01,6,145,21,,,.,2ND.SCRS,1,1,..,,J,2,,0,0,0,1,0,,,2016-03-27,0.0,29,123,1,,
2016120996,16LA01424,16,R9753,11,,34,S0732,00,3.0,3,07,07,1,,N,,032716,87,8,3,2,0,2,11.3,1,1,S0996,12,,07,,,,,,.,1ST.SCRS,1,1,..,,J,1,,1,1,2,1,1,1.0,77,2016-03-27,0.0,30,123,1,,
2016120997,16LA01425,16,R9753,11,,34,S0732,00,3.0,3,07,07,1,,N,,032716,87,8,3,2,0,2,11.7,1,1,S0997,12,,07,,,,,,.,2ND.PNEU.SCRS,1,1,..,,J,2,,0,0,0,1,1,1.0,77,2016-03-27,0.0,28,123,1,,
2016120998,16LA01426,16,S0205,12,,47,S0730,00,2.0,2,07,07,1,,N,,032716,87,8,3,1,0,4,11.6,1,1,S0998,12,,07,,,,,,.,1ST,1,1,..,,J,1,,1,1,2,1,1,1.0,93,2016-03-27,0.0,32,123,1,,
2016120999,16LA01427,16,S0205,12,,47,S0730,00,2.0,2,07,07,1,,N,,032716,87,8,3,2,0,4,10.5,1,1,S0999,12,,07,,,,,,.,2ND,1,1,..,,J,2,,0,0,0,1,1,1.0,88,2016-03-27,0.0,32,123,1,,
2016833764,16LA01428,16,H8293,05,,1,L1151,70,3.0,3,30,PC,1,0,Y,,032716,87,8,3,3,0,2,14.8,2,1,Z3764,83,,LP,,,,,,.,1ST,1,1,..,,J,1,,1,1,2,1,1,1.0,93,2016-03-27,0.0,35,123,1,,
2016833765,16LA01429,16,H8293,05,,1,L1151,70,3.0,3,30,PC,1,0,Y,,032716,87,8,3,3,0,4,12.3,5,1,Z3765,83,,LP,,,,,,.,2ND,1,1,..,,J,2,,0,0,0,1,1,1.0,79,2016-03-27,0.0,30,123,1,,
2016833766,16LA01430,16,R8478,11,,13,Z3202,00,6.0,6,07,97,1,0,Y,,032716,87,8,3,2,0,4,12.9,5,1,Z3766,83,,10,,,,,,.,1ST,1,1,..,BLD,J,1,,1,1,2,1,1,1.0,89,2016-03-27,0.0,35,123,1,,
2016833767,16LA01431,16,R8478,11,,13,Z3202,00,6.0,6,07,97,1,0,Y,,032716,87,8,3,3,0,2,15.3,5,1,Z3767,83,,10,,,,,,.,2ND,1,1,..,BLD,J,2,,0,0,0,1,1,1.0,92,2016-03-27,0.0,36,123,1,,
D16LA01432,16LA01432,16,H9149,05,,e7,H8543,05,1.0,1,30,30,4,,Y,,032716,87,0,1,1,.,.,7.3,1,1,.,,,,0,87,27,,,.,.,1,1,..,,J,1,,1,1,1,0,0,0.0,0,2016-03-27,0.0,,,,,
2016833768,16LA01433,16,T2878,45,,23,Z3207,00,6.0,6,02,SM,1,0,Y,,032716,87,5,3,2,2,2,14.1,1,1,Z3768,83,,XT,,,,,,.,INFCT.EARTG,1,1,..,,J,1,,1,1,1,1,1,1.0,97,2016-03-27,0.0,36,123,1,,
2016121000,16LA01434,16,S0215,12,,42,R9841,11,2.0,2,07,07,1,0,N,,032716,87,5,3,2,0,4,14.5,1,1,S1000,12,,07,,,,,,.,.,1,1,..,,J,1,,1,1,1,1,1,1.0,71,2016-03-27,0.037,40,123,1,,
2016833769,16LA01435,16,Z0674,83,,BR2,Z0000,83,5.0,5,33,97,5,7,Y,,032716,87,3,1,2,0,2,6.5,5,1,Z3769,83,,83,3,88,93,,8,LSIDENOMILK,1ST,1,1,..,GRN,J,1,,1,1,4,1,0,0.0,0,2016-03-27,0.0,,,,,
2016833770,16LA01436,16,Z0674,83,,BR2,Z0000,83,5.0,5,33,97,5,7,Y,,032716,87,3,1,2,0,2,7.7,5,1,Z3770,83,,83,,,,,,.,2ND.SCRS,1,1,..,GRN,J,2,,0,0,0,1,1,1.0,88,2016-03-27,0.0,25,118,H,,
2016833771,16LA01437,16,Z0674,83,,BR2,Z0000,83,5.0,5,33,97,5,7,Y,,032716,87,3,1,3,0,2,7.8,5,1,Z3771,83,,83,3,88,93,,8,.,3RD,1,1,..,GRN,J,3,,0,0,0,1,0,0.0,0,2016-03-27,0.0,,,,,
2016833772,16LA01438,16,Z0674,83,,BR2,Z0000,83,5.0,5,33,97,5,7,Y,,032716,87,3,1,3,0,2,5.9,5,1,Z3772,83,,83,3,88,93,,8,.,4TH,1,1,..,GRN,J,4,,0,0,0,1,0,0.0,0,2016-03-27,0.0,,,,,
2016833773,16LA01439,16,H5900,05,,2,L1339,70,6.0,6,30,PC,1,0,Y,,032816,88,8,2,2,0,2,12.8,1,1,Z3773,83,,LP,,,,,,.,1ST,1,1,..,BLD,J,1,,1,1,2,1,1,1.0,85,2016-03-28,0.0,37,123,1,,
2016833774,16LA01440,16,H5900,05,,2,L1339,70,6.0,6,30,PC,1,0,Y,,032816,88,8,2,3,0,2,12.8,2,1,Z3774,83,,LP,,,,,,.,2ND.BLSPOTLHFT,1,1,..,BLD,J,2,,0,0,0,1,1,1.0,94,2016-03-28,0.0,39,123,1,,
2016833775,16LA01441,16,R8880,11,,18,Z3211,00,5.0,5,07,97,1,0,Y,,032816,88,8,3,2,0,2,12.3,5,1,Z3775,83,,10,,,,,,.,1ST.SCRS,1,1,..,BLD,J,1,,1,1,2,1,1,1.0,88,2016-03-28,0.0,29,123,1,,
2016833776,16LA01442,16,R8880,11,,18,Z3211,00,5.0,5,07,97,1,0,Y,,032816,88,8,3,3,0,4,12.2,5,1,Z3776,83,,10,6,116,67,,,.,2ND,1,1,..,BLD,J,2,,0,0,0,1,0,,,2016-03-28,0.0,,,,,
2016833777,16LA01443,16,Z1566,83,,BR2,Z0000,83,3.0,3,S3,97,5,0,Y,,032816,88,8,3,2,0,2,12.6,6,1,Z3777,83,,00,,,,,,DWN.STUMBLING,1ST,1,1,..,GRN,J,1,,1,1,2,1,1,1.0,83,2016-03-28,0.0,26,118,H,,
2016833778,16LA01444,16,Z1566,83,,BR2,Z0000,83,3.0,3,S3,97,5,0,Y,,032816,88,8,3,3,0,3,11.2,5,1,Z3778,83,,00,,,,,,.,2ND.SCRS,1,1,..,GRN,J,2,,0,0,0,1,1,1.0,87,2016-03-28,0.0,31,118,H,,
2016059513,16LA01445,16,H8876,05,,e5,H8061,05,1.0,1,30,30,4,0,Y,.,032816,88,8,2,2,0,2,10.7,1,1,H9513,05,,30,,,,,,.,1ST,1,1,..,,J,1,,1,1,2,1,1,1.0,82,2016-03-28,0.029,26,123,1,,
2016059514,16LA01446,16,H8876,05,,e5,H8061,05,1.0,1,30,30,4,0,Y,.,032816,88,8,2,2,0,2,7.6,1,1,H9514,05,,30,,,,,,.,2ND,1,1,..,,J,2,,0,0,0,1,1,1.0,68,2016-03-28,0.029,22,123,1,,
2016456423,16LA01447,16,T3146,45,,56,T6297,00,6.0,6,02,02,2,0,N,,032816,88,8,3,1,0,2,13.2,1,1,T6423,45,,02,,,,,,RSHLDR.ABCESS,1ST.SCRS,1,1,..,,J,1,,1,1,2,1,1,1.0,78,2016-03-28,0.0,31,123,1,,
2016456424,16LA01448,16,T3146,45,,56,T6297,00,6.0,6,02,02,2,0,N,,032816,88,8,3,1,2,2,15.0,1,1,T6424,45,,02,,,,,,.,2ND.BICRYPT,3,2,..,,J,2,,0,0,0,1,1,1.0,80,2016-03-28,0.0,31,123,1,,
2016701867,16LA01449,16,L1520,70,,2,L1339,70,2.0,2,PC,PC,1,0,N,,032816,88,8,2,1,0,4,12.6,5,1,L1867,70,,PC,,,,,,.,1ST.UNICRYPT,1,1,..,,J,1,,1,1,2,1,1,1.0,99,2016-03-28,0.017,37,123,H,,
2016701868,16LA01450,16,L1520,70,,2,L1339,70,2.0,2,PC,PC,1,0,N,,032816,88,8,2,1,0,4,12.1,5,1,L1868,70,,PC,,,,,,.,2ND,1,1,..,,J,2,,0,0,0,1,1,1.0,90,2016-03-28,0.017,29,123,H,,
2016833779,16LA01451,16,R8529,11,,22,Z3205,00,6.0,6,07,SM,1,0,Y,,032816,88,8,3,2,2,2,10.6,2,1,Z3779,83,,XR,,,,,,LF.LAME,1ST.SCRS,1,1,..,BLD,J,1,,1,1,2,1,1,1.0,72,2016-03-28,0.0,32,123,1,,
2016833780,16LA01452,16,R8529,11,,22,Z3205,00,6.0,6,07,SM,1,0,Y,,032816,88,8,3,3,R,2,15.1,5,1,Z3780,83,,XR,,,,,,.,2ND.PNEU,1,1,..,BLD,J,2,,0,0,0,1,1,1.0,94,2016-03-28,0.0,39,123,1,,
2016456425,16LA01453,16,T4929,45,,58,T6299,00,3.0,3,02,02,2,7,N,,032816,88,8,3,2,0,2,13.6,1,1,T6425,45,,02,,,,,,.,1ST,1,1,..,,J,1,,1,1,2,1,1,1.0,60,2016-03-28,0.0,23,123,1,,
2016456426,16LA01454,16,T4929,45,,58,T6299,00,3.0,3,02,02,2,7,N,,032816,88,8,3,1,0,2,13.1,1,1,T6426,45,,02,,,,,,.,2ND.SCOURS,1,1,..,,J,2,,0,0,0,1,1,1.0,72,2016-03-28,0.0,23,123,1,,
2016833781,16LA01455,16,R8590,11,,6,L1549,70,6.0,6,07,PC,1,0,Y,,032816,88,8,2,3,0,4,12.4,1,1,Z3781,83,,LR,,,,,,.,1ST,1,1,..,BLD,J,1,,1,1,2,1,1,1.0,86,2016-03-28,0.0,34,123,1,,
2016833782,16LA01456,16,R8590,11,,6,L1549,70,6.0,6,07,PC,1,0,Y,,032816,88,8,2,2,0,2,8.6,1,1,Z3782,83,,LR,,,,,,.,2ND,1,1,..,BLD,J,2,,0,0,0,1,1,1.0,74,2016-03-28,0.0,26,123,1,,
2016833783,16LA01457,16,T4879,45,,42,R9841,11,3.0,3,02,07,1,0,N,,032816,88,8,3,2,0,4,11.8,1,1,Z3783,83,,08,,,,,,.,1ST,1,1,..,,J,1,,1,1,2,1,1,1.0,54,2016-03-28,0.0,21,123,1,,
2016833784,16LA01458,16,T4879,45,,42,R9841,11,3.0,3,02,07,1,0,N,,032816,88,8,3,1,0,4,10.9,1,1,Z3784,83,,08,,,,,,.,2ND,1,1,..,,J,2,,0,0,0,1,1,1.0,47,2016-03-28,0.0,17,123,1,,
2016456427,16LA01459,16,T5357,45,,57,T6298,00,2.0,2,02,02,2,0,N,,032816,88,8,3,2,0,4,8.7,1,1,T6427,45,,02,6,144,66,,,.,1ST.HLegFxInfx,1,1,..,BLD,J,1,,1,1,2,1,0,,,2016-03-28,0.0,21,123,1,,
2016456428,16LA01460,16,T5357,45,,57,T6298,00,2.0,2,02,02,2,0,N,,032816,88,8,3,2,0,2,7.7,1,1,T6428,45,,02,,,,,,.,2ND.SCRS,1,1,..,BLD,J,2,,0,0,0,1,1,1.0,85,2016-03-28,0.0,23,123,1,,
2016059515,16LA01461,16,H6032,05,,31,H8485,05,6.0,6,30,30,1,0,N,,032816,88,8,3,2,2,2,14.0,1,1,H9515,05,,30,,,,,,.,1ST,1,1,..,BLD,J,1,,1,1,2,1,1,1.0,79,2016-03-28,0.026,31,123,1,,
2016059516,16LA01462,16,H6032,05,,31,H8485,05,6.0,6,30,30,1,0,N,,032816,88,8,3,2,0,2,12.7,1,1,H9516,05,,30,,,,,,.,2ND,1,1,..,BLD,J,2,,0,0,0,1,1,1.0,78,2016-03-28,0.026,32,123,1,,
2016121001,16LA01463,16,R9599,11,,38,S0739,00,3.0,3,07,42,1,0,N,,032816,88,8,3,2,0,2,11.4,1,1,S1001,12,,43,,,,,,.,1ST,1,1,..,BLD,J,1,,1,1,2,1,1,1.0,82,2016-03-28,0.0,37,123,1,,
2016121002,16LA01464,16,R9599,11,,38,S0739,00,3.0,3,07,42,1,0,N,,032816,88,8,3,1,0,2,11.4,1,1,S1002,12,,43,,,,,,.,2ND,1,1,..,BLD,J,2,,0,0,0,1,1,1.0,88,2016-03-28,0.0,34,123,1,,
2016833785,16LA01465,16,H5768,05,,22,Z3205,00,6.0,6,30,SM,1,0,Y,,032816,88,8,3,2,0,4,11.9,2,1,Z3785,83,,XP,,,,,,.,1ST.SCRS,1,1,..,BLD,J,1,,1,1,2,1,1,1.0,85,2016-03-28,0.0,30,123,1,,
2016833786,16LA01466,16,H5768,05,,22,Z3205,00,6.0,6,30,SM,1,0,Y,,032816,88,8,3,3,0,2,13.6,2,1,Z3786,83,,XP,,,,,,.,2ND,1,1,..,BLD,J,2,,0,0,0,1,1,1.0,102,2016-03-28,0.0,35,123,1,,
2016833787,16LA01467,16,R8419,11,,25,Z3212,00,6.0,6,07,SM,1,0,Y,,032816,88,3,3,2,0,2,10.3,1,1,Z3787,83,,XR,,,,,,RUPTURE?,1ST,1,1,..,BLD,J,1,,1,1,4,1,1,1.0,89,2016-03-28,0.0,40,123,1,,
2016833788,16LA01468,16,R8419,11,,25,Z3212,00,6.0,6,07,SM,1,0,Y,,032816,88,3,3,2,0,3,10.7,2,1,Z3788,83,,XR,6,92,19,,,.,2ND.BLSPOTNECK,1,1,..,BLD,J,2,,0,0,0,1,0,0.0,0,2016-03-28,0.0,,,,,
D16LA01469,16LA01469,16,R8419,11,,25,Z3212,00,6.0,6,07,SM,1,0,Y,,032816,88,3,3,2,.,.,8.8,1,1,.,,,,1,88,44,,,.,3RD.NOTPUSH,7,4,..,BLD,J,3,,0,0,0,0,0,0.0,0,2016-03-28,0.0,,,,,
2016833789,16LA01470,16,R8419,11,,25,Z3212,00,6.0,6,07,SM,1,0,Y,,032816,88,3,3,2,0,2,10.5,1,1,Z3789,83,,XR,,,,T5321,-,.,4TH,4,4,..,BLD,J,4,,0,0,0,1,1,0.5,98,2016-03-28,0.0,34,123,1,,
2016121003,16LA01471,16,R9242,11,,43,R9922,11,4.0,4,07,07,1,0,N,,032816,88,8,2,2,0,2,12.4,1,1,S1003,12,,07,,,,,,.,1ST,1,1,..,BLD,J,1,,1,1,2,1,1,1.0,68,2016-03-28,0.039,25,123,1,,
2016121004,16LA01472,16,R9242,11,,43,R9922,11,4.0,4,07,07,1,0,N,,032816,88,8,2,2,0,3,12.6,1,1,S1004,12,,07,,,,,,.,2ND,1,1,..,BLD,J,2,,0,0,0,1,1,1.0,73,2016-03-28,0.039,28,123,1,,
2016833790,16LA01473,16,T4109,45,,5,L1441,70,4.0,4,02,PC,1,7,Y,,032816,88,8,3,3,0,2,13.5,2,1,Z3790,83,,LT,,,,,,RTITLG,1ST.BREARS,1,1,..,,J,1,,1,1,2,1,1,1.0,100,2016-03-28,0.0,33,123,1,,
2016833791,16LA01474,16,T4109,45,,5,L1441,70,4.0,4,02,PC,1,7,Y,,032816,88,8,3,2,0,2,14.3,1,1,Z3791,83,,LT,,,,,,.,2ND.SCOURS,1,1,..,,J,2,,0,0,0,1,1,1.0,74,2016-03-28,0.0,23,123,1,,
2016833792,16LA01475,16,Z1532,83,,13,Z3202,00,3.0,3,CM,97,1,,N,,032816,88,9,3,2,0,4,13.4,5,1,Z3792,83,,SY,,,,,,.,1ST,1,1,..,OR,J,1,,1,1,3,1,1,1.0,88,2016-03-28,0.0,39,123,H,,
2016833793,16LA01476,16,Z1532,83,,13,Z3202,00,3.0,3,CM,97,1,,N,,032816,88,9,3,2,0,4,10.6,5,1,Z3793,83,,SY,,,,,,.,2ND,1,1,..,OR,J,2,,0,0,0,1,1,1.0,80,2016-03-28,0.0,30,123,H,,
2016833794,16LA01477,16,Z1532,83,,13,Z3202,00,3.0,3,CM,97,1,,N,,032816,88,9,3,3,0,4,9.0,5,1,Z3794,83,,SY,3,88,93,,8,.,3RD,1,1,..,OR,J,3,,0,0,0,1,0,0.0,0,2016-03-28,0.0,,,,,
2016456429,16LA01478,16,T5779,45,,57,T6298,00,2.0,2,02,02,2,7,N,,032816,88,5,3,2,0,2,11.9,1,1,T6429,45,,02,,,,,,.,.,1,1,..,,J,1,,1,1,1,1,1,1.0,96,2016-03-28,0.0,39,123,1,,
2016456430,16LA01479,16,T5321,45,,57,T6298,00,2.0,2,02,02,2,0,N,,032816,88,7,3,2,.,.,10.3,1,1,T6430,45,,02,6,89,67,Z3789,+,.,1ST.L/D,1,1,..,,J,1,,1,1,2,1,0,0.5,0,2016-03-28,0.0,,,,,
D16LA01480,16LA01480,16,T5321,45,,57,T6298,00,2.0,2,02,02,2,0,N,,032816,88,7,3,2,.,.,9.0,1,1,.,,,,1,88,44,,,.,2ND,1,1,..,,J,2,,0,0,0,0,0,0.0,0,2016-03-28,0.0,,,,,
2016833795,16LA01481,16,T4992,45,,39,S0740,00,3.0,3,02,41,1,,N,,032816,88,8,3,1,0,2,13.6,1,1,Z3795,83,,08,,,,,,.,1ST,1,1,..,,J,1,,1,1,2,1,1,1.0,58,2016-03-28,0.0,26,123,1,,
2016833796,16LA01482,16,T4992,45,,39,S0740,00,3.0,3,02,41,1,,N,,032816,88,8,3,1,0,2,11.9,1,1,Z3796,83,,08,,,,,,.,2ND,1,1,..,,J,2,,0,0,0,1,1,1.0,77,2016-03-28,0.0,30,123,1,,
2016833797,16LA01483,16,T2557,45,,47,S0730,00,7.0,7,02,07,1,,N,,032816,88,8,3,2,0,2,13.1,1,1,Z3797,83,,08,,,,,,.,1ST,1,1,..,,J,1,,1,1,2,1,1,1.0,84,2016-03-28,0.0,33,123,1,,
2016833798,16LA01484,16,T2557,45,,47,S0730,00,7.0,7,02,07,1,,N,,032816,88,8,3,2,0,2,14.5,1,1,Z3798,83,,08,,,,,,.,2ND,1,1,..,,J,2,,0,0,0,1,1,1.0,71,2016-03-28,0.0,24,123,1,,
2016121005,16LA01485,16,S0117,12,,46,S0209,12,2.0,2,07,07,1,0,N,,032816,88,8,3,2,0,2,12.4,1,1,S1005,12,,07,,,,,,.,1ST,1,1,..,,Y,1,,1,1,2,1,1,1.0,88,2016-03-28,0.028,35,123,1,,
2016121006,16LA01486,16,S0117,12,,46,S0209,12,2.0,2,07,07,1,0,N,,032816,88,8,3,1,.,.,8.0,1,1,S1006,12,,07,6,89,66,,,.,2ND.FXRHLEG,1,1,..,,Y,2,,0,0,0,1,0,0.0,0,2016-03-28,0.028,,,,,
2016833799,16LA01487,16,H6262,05,,26,Z3213,00,6.0,6,30,SM,1,0,Y,,032816,88,5,3,2,0,2,11.5,1,1,Z3799,83,,XP,,,,,,.,LHLEGPRLM?,5,4,..,BLD,Y,1,,1,1,1,1,1,1.0,95,2016-03-28,0.0,41,123,1,,
2016456431,16LA01488,16,T2460,45,,65,T5603,45,7.0,7,02,02,2,,N,,032816,88,8,2,2,2,2,13.0,1,1,T6431,45,,02,,,,,,.,1ST,1,1,..,,Y,1,,1,1,2,1,1,1.0,108,2016-03-28,0.051,36,118,H,,
2016456432,16LA01489,16,T2460,45,,65,T5603,45,7.0,7,02,02,2,,N,,032816,88,8,2,1,0,2,13.3,1,1,T6432,45,,02,6,94,42,,,.,2ND.GI.Lesion,1,1,..,,Y,2,,0,0,0,1,0,0.0,0,2016-03-28,0.051,,,,,
2016833800,16LA01490,16,Z1061,83,,20,Z3215,00,4.0,4,CM,97,1,0,N,,032816,88,8,3,2,0,4,12.8,5,1,Z3800,83,,SY,,,,,,.,1ST.SCRS,1,1,..,OR,Y,1,,1,1,2,1,1,1.0,94,2016-03-28,0.0,34,123,H,,
2016833801,16LA01491,16,Z1061,83,,20,Z3215,00,4.0,4,CM,97,1,0,N,,032816,88,8,3,2,0,3,10.4,5,1,Z3801,83,,SY,,,,,,.,2ND.TAIL.INJRY,1,1,..,OR,Y,2,,0,0,0,1,1,1.0,92,2016-03-28,0.0,31,123,H,,
2016456433,16LA01492,16,T4915,45,,64,T5436,45,3.0,3,02,02,2,,N,,032816,88,8,3,1,0,2,12.7,1,1,T6433,45,,02,6,89,66,,,RSDBLOODY,1ST.LIMBDEFORM,1,1,..,,Y,1,,1,1,2,1,0,0.0,0,2016-03-28,0.044,,,,,
2016456434,16LA01493,16,T4915,45,,64,T5436,45,3.0,3,02,02,2,,N,,032816,88,8,3,2,0,2,11.8,1,1,T6434,45,,02,,,,,,.,2ND,1,1,..,,Y,2,,0,0,0,1,1,1.0,81,2016-03-28,0.044,32,123,1,,
2016059517,16LA01494,16,H8908,05,,e6,H8210,05,1.0,1,30,30,4,0,Y,.,032816,88,8,2,3,0,2,8.6,1,1,H9517,05,,30,,,,,,.,1ST,3,3,..,,Y,1,,1,1,2,1,1,1.0,73,2016-03-28,0.023,23,123,1,,
2016059518,16LA01495,16,H8908,05,,e6,H8210,05,1.0,1,30,30,4,0,Y,.,032816,88,8,2,2,R,2,5.6,1,1,H9518,05,,30,7,199,97,,,.,2ND,1,1,..,,Y,2,,0,0,0,1,0,,,2016-03-28,0.023,20,123,1,,
2016833802,16LA01496,16,Z2408,83,,13,Z3202,00,2.0,2,CM,97,1,0,N,,032816,88,5,3,1,0,4,16.0,5,1,Z3802,83,,SY,,,,,,.,SCOURS,1,1,..,OR,Y,1,,1,1,1,1,1,1.0,115,2016-03-28,0.0,48,123,H,,
2016833803,16LA01497,16,Z1677,83,,BR2,Z0000,83,3.0,3,C3,97,5,,Y,,032816,88,5,3,3,0,2,13.5,5,1,Z3803,83,,00,,,,,,.,.,1,1,..,GRN,Y,1,,1,1,1,1,1,1.0,102,2016-03-28,0.0,37,118,H,,
2016121007,16LA01498,16,R9870,11,,35,S0736,00,3.0,3,07,07,1,,N,,032816,88,8,2,2,2,2,11.1,1,1,S1007,12,,07,,,,,,.,1ST,1,1,..,,Y,1,,1,1,2,1,1,1.0,55,2016-03-28,0.0,21,123,1,,
2016121008,16LA01499,16,R9870,11,,35,S0736,00,3.0,3,07,07,1,,N,,032816,88,8,2,2,2,2,11.4,1,1,S1008,12,,07,,,,,,.,2ND,1,1,..,,Y,2,,0,0,0,1,1,1.0,47,2016-03-28,0.0,21,123,1,,
2016833804,16LA01500,16,Z0669,83,,BR2,Z0000,83,5.0,5,33,97,5,7,Y,,032816,88,3,3,3,0,4,11.4,5,1,Z3804,83,,83,3,88,93,,8,.,1ST,5,4,..,GRN,Y,1,,1,1,4,1,0,0.0,0,2016-03-28,0.0,,,,,
2016833805,16LA01501,16,Z0669,83,,BR2,Z0000,83,5.0,5,33,97,5,7,Y,,032816,88,3,3,3,0,4,9.4,5,1,Z3805,83,,83,3,88,93,,8,.,2ND,1,1,..,GRN,Y,2,,0,0,0,1,0,0.0,0,2016-03-28,0.0,,,,,
2016833806,16LA01502,16,Z0669,83,,BR2,Z0000,83,5.0,5,33,97,5,7,Y,,032816,88,3,3,3,0,4,10.1,5,1,Z3806,83,,83,,,,,,.,3RD,1,1,..,GRN,Y,3,,0,0,0,1,1,1.0,102,2016-03-28,0.0,31,118,H,,
2016833807,16LA01503,16,Z0669,83,,BR2,Z0000,83,5.0,5,33,97,5,7,Y,,032816,88,3,3,2,0,2,9.4,5,1,Z3807,83,,83,,,,,,.,4TH,1,1,..,GRN,Y,4,,0,0,0,1,1,1.0,92,2016-03-28,0.0,20,118,H,,
2016833808,16LA01504,16,X9243,82,00,BR2,Z0000,83,6.0,6,33,97,5,0,Y,,032816,88,8,2,3,0,4,10.5,5,1,Z3808,83,,83,,,,,,SW.BAG,1ST,3,2,..,GRN,Y,1,,1,1,2,1,1,1.0,101,2016-03-28,0.0,30,118,H,,
2016833809,16LA01505,16,X9243,82,00,BR2,Z0000,83,6.0,6,33,97,5,0,Y,,032816,88,8,2,3,0,4,11.8,5,1,Z3809,83,,83,,,,,,.,2ND,2,2,..,GRN,Y,2,,0,0,0,1,1,1.0,100,2016-03-28,0.0,28,118,H,,
2016059519,16LA01506,16,H6526,05,,33,H8787,05,6.0,6,30,30,1,0,N,,032816,88,9,3,1,0,2,11.5,1,1,H9519,05,,30,,,,,,.,1ST,1,1,..,BLD,Y,1,,1,1,3,1,1,1.0,101,2016-03-28,0.04,31,123,1,,
2016059520,16LA01507,16,H6526,05,,33,H8787,05,6.0,6,30,30,1,0,N,,032816,88,9,3,3,0,2,7.4,1,1,H9520,05,,30,,,,,,.,2ND,1,1,..,BLD,Y,2,,0,0,0,1,1,1.0,81,2016-03-28,0.04,25,123,1,,
2016059521,16LA01508,16,H6526,05,,33,H8787,05,6.0,6,30,30,1,0,N,,032816,88,9,3,3,0,2,7.3,1,1,H9521,05,,30,3,88,93,,8,.,3RD,1,1,..,BLD,Y,3,,0,0,0,1,0,0.0,0,2016-03-28,0.04,,,,,
2016121009,16LA01509,16,R9254,11,,42,R9841,11,4.0,4,07,07,1,0,N,,032816,88,9,3,1,0,3,9.9,1,1,S1009,12,,07,,,,,,.,1ST,1,1,..,BLD,Y,1,,1,1,3,1,1,1.0,86,2016-03-28,0.026,32,123,1,,
2016121010,16LA01510,16,R9254,11,,42,R9841,11,4.0,4,07,07,1,0,N,,032816,88,9,3,1,0,2,10.9,1,1,S1010,12,,07,,,,,,.,2ND,1,1,..,BLD,Y,2,,0,0,0,1,1,1.0,90,2016-03-28,0.026,33,123,1,,
2016121011,16LA01511,16,R9254,11,,42,R9841,11,4.0,4,07,07,1,0,N,,032816,88,9,3,2,0,2,9.1,1,1,S1011,12,,07,3,88,93,,8,.,3RD,2,3,..,BLD,Y,3,,0,0,0,1,0,0.0,0,2016-03-28,0.026,,,,,
2016833810,16LA01512,16,T2727,45,,34,S0732,00,7.0,7,02,07,1,,N,,032816,88,8,3,1,0,2,14.9,1,1,Z3810,83,,08,,,,,,.,1ST,1,1,..,,Y,1,,1,1,2,1,1,1.0,65,2016-03-28,0.0,30,123,1,,
2016833811,16LA01513,16,T2727,45,,34,S0732,00,7.0,7,02,07,1,,N,,032816,88,8,3,2,L,2,12.0,1,1,Z3811,83,,08,,,,,,.,2ND,1,1,..,,Y,2,,0,0,0,1,1,1.0,78,2016-03-28,0.0,29,123,1,,
2016059522,16LA01514,16,H7439,05,,29,H7479,05,4.0,4,30,30,1,0,N,,032816,88,9,3,2,0,2,4.8,1,1,H9522,05,,30,6,90,19,,8,.,1ST.REJECTED,1,1,..,BLD,Y,1,,1,1,3,1,0,0.0,0,2016-03-28,0.023,,,,,
2016059523,16LA01515,16,H7439,05,,29,H7479,05,4.0,4,30,30,1,0,N,,032816,88,9,3,3,0,2,9.0,1,1,H9523,05,,30,,,,,,.,2ND,1,1,..,BLD,Y,2,,0,0,0,1,1,1.0,79,2016-03-28,0.023,28,123,1,,
2016059524,16LA01516,16,H7439,05,,29,H7479,05,4.0,4,30,30,1,0,N,,032816,88,9,3,2,0,2,10.7,1,1,H9524,05,,30,,,,,,.,3RD.UGLY,1,1,..,BLD,Y,3,,0,0,0,1,1,1.0,74,2016-03-28,0.023,26,123,1,,
2016833812,16LA01517,16,T3316,45,,1,L1151,70,6.0,6,02,PC,1,0,Y,,032816,88,8,3,3,0,2,14.7,1,1,Z3812,83,,LT,,,,,,.,1ST.SCOURS,1,1,..,,Y,1,,1,1,2,1,1,1.0,84,2016-03-28,0.0,36,123,1,,
2016833813,16LA01518,16,T3316,45,,1,L1151,70,6.0,6,02,PC,1,0,Y,,032816,88,8,3,3,0,2,13.6,1,1,Z3813,83,,LT,,,,,,.,2ND.SCOURS,1,1,..,,Y,2,,0,0,0,1,1,1.0,74,2016-03-28,0.0,29,123,1,,
2016833814,16LA01519,16,Z1577,83,,11,Z1583,83,3.0,3,97,97,1,0,N,,032816,88,5,2,2,0,2,13.5,6,1,Z3814,83,,97,,,,,,.,.,1,1,..,BLD,Y,1,,1,1,1,1,1,1.0,117,2016-03-28,0.008,44,123,H,,
2016833815,16LA01520,16,T5698,45,,35,S0736,00,2.0,2,02,07,1,7,N,,032816,88,8,2,1,L,2,11.6,1,1,Z3815,83,,08,,,,,,.,1ST.SCRS.FVR,1,1,..,,Y,1,,1,1,2,1,1,1.0,83,2016-03-28,0.0,28,123,1,,
2016833816,16LA01521,16,T5698,45,,35,S0736,00,2.0,2,02,07,1,7,N,,032816,88,8,2,1,0,2,12.5,1,1,Z3816,83,,08,,,,,,.,2ND,1,1,..,,Y,2,,0,0,0,1,1,1.0,78,2016-03-28,0.0,28,123,1,,
2016456435,16LA01522,16,T4134,45,,57,T6298,00,4.0,4,02,02,2,0,N,,032816,88,5,4,1,0,4,18.1,1,1,T6435,45,,02,,,,,,BIGTITS,SCOURS,8,1,..,,Y,1,,1,1,1,1,1,1.0,124,2016-03-28,0.0,47,123,1,,
2016121012,16LA01523,16,R9033,11,,40,S0741,00,5.0,5,07,41,1,0,N,,032816,88,8,3,2,0,2,10.9,1,1,S1012,12,,42,,,,,,BIGTITS,1ST,1,1,..,BLD,Y,1,,1,1,2,1,1,1.0,82,2016-03-28,0.0,30,123,1,,
2016121013,16LA01524,16,R9033,11,,40,S0741,00,5.0,5,07,41,1,0,N,,032816,88,8,3,1,0,2,11.5,1,1,S1013,12,,42,,,,,,.,2ND,1,1,..,BLD,Y,2,,0,0,0,1,1,1.0,89,2016-03-28,0.0,36,123,1,,
2016833817,16LA01525,16,T5504,45,,53,S0743,00,2.0,2,02,07,1,,N,,032816,88,8,3,1,0,3,10.9,1,1,Z3817,83,,08,,,,,,.,1ST,1,1,..,,Y,1,,1,1,2,1,1,1.0,76,2016-03-28,0.0,24,123,1,,
2016833818,16LA01526,16,T5504,45,,53,S0743,00,2.0,2,02,07,1,,N,,032816,88,8,3,2,0,2,12.6,1,1,Z3818,83,,08,,,,,,.,2ND,1,1,..,,Y,2,,0,0,0,1,1,1.0,67,2016-03-28,0.0,25,123,1,,
2016456436,16LA01527,16,T5046,45,,56,T6297,00,3.0,3,02,02,2,,N,,032816,88,5,3,2,0,2,15.6,1,1,T6436,45,,02,,,,,,.,.,1,1,..,,Y,1,,1,1,1,1,1,1.0,100,2016-03-28,0.0,41,123,1,,
2016456437,16LA01528,16,T5481,45,,57,T6298,00,2.0,2,02,02,2,7,N,,032816,88,8,2,1,0,2,11.4,1,1,T6437,45,,02,,,,,,.,1ST,1,1,..,,Y,1,,1,1,2,1,1,1.0,59,2016-03-28,0.0,23,123,1,,
2016456438,16LA01529,16,T5481,45,,57,T6298,00,2.0,2,02,02,2,7,N,,032816,88,8,2,2,2,4,11.9,1,1,T6438,45,,02,,,,,,.,2ND,1,1,..,,Y,2,,0,0,0,1,1,1.0,64,2016-03-28,0.0,29,123,1,,
2016456439,16LA01530,16,T4327,45,,56,T6297,00,4.0,4,02,02,2,0,N,,032816,88,8,3,2,0,2,12.8,1,1,T6439,45,,02,,,,,,.,1ST,1,1,..,,Y,1,,1,1,2,1,1,1.0,67,2016-03-28,0.0,25,123,1,,
2016456440,16LA01531,16,T4327,45,,56,T6297,00,4.0,4,02,02,2,0,N,,032816,88,8,3,1,0,4,14.4,1,1,T6440,45,,02,,,,,,.,2ND.RR FT ABCSS,5,1,..,,Y,2,,0,0,0,1,1,1.0,62,2016-03-28,0.0,20,123,1,,
2016833819,16LA01532,16,R8150,11,,5,L1441,70,6.0,6,07,PC,1,0,Y,,032816,88,5,3,2,0,2,16.4,2,1,Z3819,83,,LR,,,,,,.,BR.EAR.TIPS,1,1,..,BLD,Y,1,,1,1,1,1,1,1.0,103,2016-03-28,0.0,31,123,1,,
2016701869,16LA01533,16,L1652,70,,2,L1339,70,1.0,1,PC,PC,4,0,N,,032816,88,8,2,1,0,2,12.0,5,1,L1869,70,,PC,,,,,,.,1ST.40BR,1,1,..,OR,Y,1,,1,1,2,1,1,1.0,78,2016-03-28,0.009,28,123,H,,
2016701870,16LA01534,16,L1652,70,,2,L1339,70,1.0,1,PC,PC,4,0,N,,032816,88,8,2,2,0,2,10.6,2,1,L1870,70,,PC,,,,,,.,2ND.05BR,1,1,..,OR,Y,2,,0,0,0,1,1,1.0,64,2016-03-28,0.009,26,123,H,,
2016059525,16LA01535,16,H8602,05,,33,H8787,05,2.0,2,30,30,1,0,N,,032816,88,8,2,2,0,2,9.1,1,1,H9525,05,,30,,,,,,.,1ST,1,1,..,,Y,1,,1,1,2,1,1,1.0,84,2016-03-28,0.032,31,123,1,,
2016059526,16LA01536,16,H8602,05,,33,H8787,05,2.0,2,30,30,1,0,N,,032816,88,8,2,1,0,2,10.3,1,1,H9526,05,,30,,,,,,.,2ND.SCRS,1,1,..,,Y,2,,0,0,0,1,1,1.0,97,2016-03-28,0.032,32,123,1,,
2016059527,16LA01537,16,H8450,05,,33,H8787,05,3.0,3,30,30,1,0,N,,032816,88,8,2,1,0,2,13.1,1,1,H9527,05,,30,,,,,,.,1ST,1,1,..,,Y,1,,1,1,2,1,1,1.0,92,2016-03-28,0.039,30,123,1,,
2016059528,16LA01538,16,H8450,05,,33,H8787,05,3.0,3,30,30,1,0,N,,032816,88,8,2,2,0,2,12.5,1,1,H9528,05,,30,,,,,,.,2ND,1,1,..,,Y,2,,0,0,0,1,1,1.0,89,2016-03-28,0.039,34,123,1,,
2016059529,16LA01539,16,H9095,05,,e5,H8061,05,1.0,1,30,30,4,7,Y,,032816,88,8,3,2,0,2,6.6,1,1,H9529,05,,30,3,89,93,,8,.,1ST.WEAK.DUMB,1,1,..,,Y,1,,1,1,2,1,0,0.0,0,2016-03-28,0.033,,,,,
2016059530,16LA01540,16,H9095,05,,e5,H8061,05,1.0,1,30,30,4,7,Y,,032816,88,8,3,2,0,2,4.4,1,1,H9530,05,,30,3,89,93,,8,.,2ND.WEAK.DUMB,1,1,..,,Y,2,,0,0,0,1,0,0.0,0,2016-03-28,0.033,,,,,
2016121014,16LA01541,16,S0066,12,,49,S0733,00,2.0,2,07,07,1,0,N,,032816,88,8,3,2,0,2,13.0,1,1,S1014,12,,07,,,,,,PNEU,1ST.SCOURS,1,1,..,BLD,Y,1,,1,1,2,1,1,1.0,96,2016-03-28,0.0,36,123,1,,
2016121015,16LA01542,16,S0066,12,,49,S0733,00,2.0,2,07,07,1,0,N,,032816,88,8,3,2,0,2,9.7,1,1,S1015,12,,07,3,89,93,,8,.,2ND.WEAK.DUMB,1,1,..,BLD,Y,2,,0,0,0,1,0,0.0,0,2016-03-28,0.0,,,,,
2016059531,16LA01543,16,H8547,05,,32,H8507,05,2.0,2,30,30,1,,N,,032816,88,5,3,2,0,2,2.4,1,1,H9531,05,,30,3,89,93,,8,.,TEACUP.LAMB,1,1,..,,Y,1,,1,1,1,1,0,0.0,0,2016-03-28,0.038,,,,,
2016121016,16LA01544,16,R9902,11,,41,Z3206,00,3.0,3,07,07,1,0,N,,032816,88,8,2,2,0,2,11.2,1,1,S1016,12,,07,,,,,,.,1ST,1,1,..,,Y,1,,1,1,2,1,1,1.0,74,2016-03-28,0.0,29,123,1,,
2016121017,16LA01545,16,R9902,11,,41,Z3206,00,3.0,3,07,07,1,0,N,,032816,88,8,2,1,0,2,11.0,1,1,S1017,12,,07,,,,,,.,2ND.SCOURS,1,1,..,,Y,2,,0,0,0,1,1,1.0,85,2016-03-28,0.0,30,123,1,,
2016059532,16LA01546,16,H9200,05,,e5,H8061,05,1.0,1,30,30,4,0,Y,.,032816,88,9,2,2,0,2,7.9,1,1,H9532,05,,30,,,,,,.,.,1,1,..,,Y,1,,1,1,3,1,1,1.0,67,2016-03-28,0.029,24,123,1,,
2016059533,16LA01547,16,H9200,05,,e5,H8061,05,1.0,1,30,30,4,0,Y,.,032816,88,9,2,3,0,2,8.0,1,1,H9533,05,,30,,,,,,.,.,1,1,..,,Y,2,,0,0,0,1,1,1.0,68,2016-03-28,0.029,23,123,1,,
2016059534,16LA01548,16,H9200,05,,e5,H8061,05,1.0,1,30,30,4,0,Y,.,032816,88,9,2,1,.,.,4.6,1,1,H9534,05,,30,6,89,19,,,.,L/D.MildPneu,1,1,..,,Y,3,,0,0,0,1,0,0.0,0,2016-03-28,0.029,,,,,
2016833820,16LA01549,16,Z0480,83,,BR2,Z0000,83,5.0,5,33,97,5,7,Y,,032816,88,8,3,3,0,2,14.2,5,1,Z3820,83,,83,,,,,,.,1ST,1,1,..,GRN,Y,1,,1,1,2,1,1,1.0,97,2016-03-28,0.0,31,118,H,,
2016833821,16LA01550,16,Z0480,83,,BR2,Z0000,83,5.0,5,33,97,5,7,Y,,032816,88,8,3,3,0,3,11.6,5,1,Z3821,83,,83,,,,,,.,2ND.LETHARGIC,1,1,..,GRN,Y,2,,0,0,0,1,1,1.0,93,2016-03-28,0.0,26,118,H,,
2016833822,16LA01551,16,T4172,45,,45,S0123,12,4.0,4,02,07,1,0,N,,032816,88,8,2,2,R,3,14.1,1,1,Z3822,83,,08,,,,,,.,1ST,1,1,..,,Y,1,,1,1,2,1,1,1.0,82,2016-03-28,0.0,30,123,1,,
2016833823,16LA01552,16,T4172,45,,45,S0123,12,4.0,4,02,07,1,0,N,,032816,88,8,2,2,L,3,13.8,1,1,Z3823,83,,08,,,,,,.,2ND,1,1,..,,Y,2,,0,0,0,1,1,1.0,81,2016-03-28,0.0,34,123,1,,
D16LA01553,16LA01553,16,R9613,11,,58,T6299,00,3.0,3,07,02,2,,N,,032816,88,6,3,1,.,.,6.7,1,1,.,,,,0,88,27,,,POST ABORT.RP,1ST.ROTTEN,1,1,..,BLD,Y,1,,1,1,2,0,0,0.0,0,2016-03-28,0.0,,,,,
2016833824,16LA01554,16,R9613,11,,58,T6299,00,3.0,3,07,02,2,,N,,032816,88,6,3,1,0,2,8.0,1,1,Z3824,83,,01,,,,,,,2ND.SCRS.FVR,1,1,..,BLD,Y,2,,0,0,0,1,1,1.0,72,2016-03-28,0.0,23,123,1,,
2016833825,16LA01555,16,R9141,11,,65,T5603,45,4.0,4,07,02,2,0,N,,032816,88,8,3,1,R,2,13.6,1,1,Z3825,83,,01,,,,,,.,1ST,1,1,..,BLD,Y,1,,1,1,2,1,1,1.0,88,2016-03-28,0.0,34,123,1,,
2016833826,16LA01556,16,R9141,11,,65,T5603,45,4.0,4,07,02,2,0,N,,032816,88,8,3,3,0,2,14.1,8,1,Z3826,83,,01,,,,,,.,2ND,1,1,..,BLD,Y,2,,0,0,0,1,1,1.0,78,2016-03-28,0.0,30,123,1,,
2016456441,16LA01557,16,T4977,45,,62,T5331,45,3.0,3,02,02,2,I,N,,032816,88,9,2,3,0,3,8.9,1,1,T6441,45,,02,3,89,93,,8,.,NOT.EATING,1,1,..,,Y,1,,1,1,3,1,0,0.0,0,2016-03-28,0.069,,,,,
2016456442,16LA01558,16,T4977,45,,62,T5331,45,3.0,3,02,02,2,I,N,,032816,88,9,2,1,0,2,10.3,1,1,T6442,45,,02,,,,,,.,.,1,1,..,,Y,2,,0,0,0,1,1,1.0,82,2016-03-28,0.069,31,123,1,,
2016456443,16LA01559,16,T4977,45,,62,T5331,45,3.0,3,02,02,2,I,N,,032816,88,9,2,3,0,2,8.0,3,1,T6443,45,,02,3,89,93,,8,.,NOT.EATING,1,1,..,,Y,3,,0,0,0,1,0,0.0,0,2016-03-28,0.069,,,,,
2016456444,16LA01560,16,T4779,45,,62,T5331,45,3.0,3,02,02,2,0,N,,032816,88,8,3,1,0,4,11.8,1,4,T6444,45,,02,6,89,66,,,.,1ST.PARROT,1,1,..,,Y,1,,1,1,2,1,0,0.0,0,2016-03-28,0.044,,,,,
2016456445,16LA01561,16,T4779,45,,62,T5331,45,3.0,3,02,02,2,0,N,,032816,88,8,3,1,0,4,9.3,1,1,T6445,45,,02,,,,,,.,2ND.SCRS,1,1,..,,Y,2,,0,0,0,1,1,1.0,90,2016-03-28,0.044,35,123,1,,
2016833827,16LA01562,16,Z2415,83,,9,Z2695,83,2.0,2,TS,CM,1,0,N,,032816,88,8,3,2,0,4,10.1,2,1,Z3827,83,,CT,,,,,,RTL LAME,1ST.PNEU.SCRS,1,1,..,OR,J,1,,1,1,2,1,1,1.0,103,2016-03-28,0.0,31,123,H,,
2016833828,16LA01563,16,Z2415,83,,9,Z2695,83,2.0,2,TS,CM,1,0,N,,032816,88,8,3,1,0,4,9.7,5,1,Z3828,83,,CT,6,144,19,,,.,2ND.SCRS.PNEU,1,1,..,OR,J,2,,0,0,0,1,0,,,2016-03-28,0.0,19,123,H,,
2016456446,16LA01564,16,T5756,45,,63,T5424,45,2.0,2,02,02,2,,N,,032816,88,5,3,2,0,2,12.1,1,1,T6446,45,,02,,,,,,.,SCRS.PNEU,1,1,..,,J,1,,1,1,1,1,1,1.0,91,2016-03-28,0.046,36,123,1,,
2016121018,16LA01565,16,S0498,12,,39,S0740,00,1.0,1,07,41,4,0,N,.,032816,88,5,3,1,0,2,10.9,1,1,S1018,12,,42,,,,,,.,SCRS.PNEU.FVR,1,1,..,,J,1,,1,1,1,1,1,1.0,74,2016-03-28,0.0,25,123,1,,
2016833829,16LA01566,16,R8460,11,,21,Z3204,00,6.0,6,07,SM,1,0,Y,,032816,88,8,3,2,0,2,14.5,1,1,Z3829,83,,XR,,,,,,.,1ST,1,1,..,BLD,J,1,,1,1,2,1,1,1.0,73,2016-03-28,0.0,35,123,1,,
2016833830,16LA01567,16,R8460,11,,21,Z3204,00,6.0,6,07,SM,1,0,Y,,032816,88,8,3,3,2,2,15.8,1,1,Z3830,83,,XR,,,,,,.,2ND,1,1,..,BLD,J,2,,0,0,0,1,1,1.0,90,2016-03-28,0.0,42,123,1,,
2016833831,16LA01568,16,Z1536,83,,BR2,Z0000,83,3.0,3,C3,97,5,,Y,,032816,88,8,3,3,0,2,11.2,5,1,Z3831,83,,00,3,94,93,,,.,REJECTED,1,1,..,GRN,J,1,,1,1,2,1,0,0.0,0,2016-03-28,0.0,,,,,
2016833832,16LA01569,16,Z1536,83,,BR2,Z0000,83,3.0,3,C3,97,5,,Y,,032816,88,8,3,2,0,2,12.4,5,1,Z3832,83,,00,,,,,,.,SCOURS,1,1,..,GRN,J,2,,0,0,0,1,1,1.0,83,2016-03-28,0.0,24,118,H,,
2016833833,16LA01570,16,T5749,45,,46,S0209,12,2.0,2,02,07,1,0,N,,032916,89,5,3,2,0,2,14.1,1,1,Z3833,83,,08,,,,,,.,.,1,1,..,,J,1,,1,1,1,1,1,1.0,97,2016-03-29,0.0,41,123,1,,
2016456447,16LA01571,16,T5478,45,,56,T6297,00,2.0,2,02,02,2,7,N,,032916,89,5,3,2,0,2,13.2,1,1,T6447,45,,02,,,,,,.,.,1,1,..,,J,1,,1,1,1,1,1,1.0,98,2016-03-29,0.0,37,123,1,,
2016456448,16LA01572,16,T4749,45,,54,T4854,45,3.0,3,02,02,2,,N,,032916,89,8,2,3,0,2,11.0,1,1,T6448,45,,02,,,,,,.,1ST.PINK,1,1,..,,J,1,,1,1,2,1,1,1.0,67,2016-03-29,0.049,23,123,1,,
2016456449,16LA01573,16,T4749,45,,54,T4854,45,3.0,3,02,02,2,,N,,032916,89,8,2,1,0,2,11.7,1,1,T6449,45,,02,,,,,,.,2ND.PNEU,1,1,..,,J,2,,0,0,0,1,1,1.0,78,2016-03-29,0.049,30,123,1,,
2016833834,16LA01574,16,H7379,05,,23,Z3207,00,5.0,5,30,SM,1,0,Y,,032916,89,8,3,2,0,2,11.6,1,1,Z3834,83,,XP,,,,,,.,1ST.CONT.LF,1,1,..,BLD,J,1,,1,1,2,1,1,1.0,105,2016-03-29,0.0,25,118,H,,
2016833835,16LA01575,16,H7379,05,,23,Z3207,00,5.0,5,30,SM,1,0,Y,,032916,89,8,3,2,2,2,14.3,1,1,Z3835,83,,XP,,,,,,.,2ND.SCRS.PNEU,1,1,..,BLD,J,2,,0,0,0,1,1,1.0,112,2016-03-29,0.0,40,118,H,,
2016456450,16LA01576,16,T4124,45,,62,T5331,45,4.0,4,02,02,2,0,N,,032916,89,9,2,1,0,2,9.4,1,1,T6450,45,,02,6,90,66,,,.,1ST.FailThrive,1,1,..,,J,1,,1,1,3,1,0,0.0,0,2016-03-29,0.052,,,,,
2016456451,16LA01577,16,T4124,45,,62,T5331,45,4.0,4,02,02,2,0,N,,032916,89,9,2,2,2,2,6.8,1,1,T6451,45,,02,3,89,93,,8,.,2ND.WEAK,1,1,..,,J,2,,0,0,0,1,0,0.0,0,2016-03-29,0.052,,,,,
2016456452,16LA01578,16,T4124,45,,62,T5331,45,4.0,4,02,02,2,0,N,,032916,89,9,2,1,0,2,10.0,1,1,T6452,45,,02,,,,,,.,3RD,1,1,..,,J,3,,0,0,0,1,1,1.0,75,2016-03-29,0.052,31,123,1,,
2016456453,16LA01579,16,T5391,45,,58,T6299,00,2.0,2,02,02,2,0,N,,032916,89,5,2,1,0,2,16.0,1,1,T6453,45,,02,,,,,,.,.,1,1,..,,J,1,,1,1,1,1,1,1.0,57,2016-03-29,0.0,30,123,1,,
2016833836,16LA01580,16,R8336,11,,7,L1564,70,6.0,6,07,PC,1,0,Y,,032916,89,5,3,2,0,2,16.5,5,1,Z3836,83,,LR,,,,,,.,.,2,2,..,BLD,J,1,,1,1,1,1,1,1.0,98,2016-03-29,0.0,42,123,1,,
2016833837,16LA01581,16,R7628,11,,55,T5017,45,7.0,7,07,02,2,,N,,032916,89,8,3,1,0,2,12.8,1,1,Z3837,83,,01,,,,,,.,1ST,1,1,..,BLD,J,1,,1,1,2,1,1,1.0,82,2016-03-29,0.0,28,123,1,,
2016833838,16LA01582,16,R7628,11,,55,T5017,45,7.0,7,07,02,2,,N,,032916,89,8,3,2,0,2,9.2,1,1,Z3838,83,,01,,,,,,.,2ND,1,1,..,BLD,J,2,,0,0,0,1,1,1.0,38,2016-03-29,0.0,,,,,
2016833839,16LA01583,16,R8682,11,,13,Z3202,00,5.0,5,07,97,1,0,Y,,032916,89,8,3,3,0,2,15.0,5,1,Z3839,83,,10,6,98,19,,,.,1ST.PNEU.SCRS,1,1,..,BLD,J,1,,1,1,2,1,0,0.0,0,2016-03-29,0.0,,,,,
2016833840,16LA01584,16,R8682,11,,13,Z3202,00,5.0,5,07,97,1,0,Y,,032916,89,8,3,3,0,2,14.9,5,1,Z3840,83,,10,,,,,,.,2ND,1,1,..,BLD,J,2,,0,0,0,1,1,1.0,108,2016-03-29,0.0,45,123,1,,
2016833841,16LA01585,16,Z0984,83,,BR2,Z0000,83,4.0,4,S3,97,5,0,Y,,032916,89,8,3,3,0,6,10.5,5,1,Z3841,83,,00,,,,,,.,1ST.SCRS,1,1,..,GRN,J,1,,1,1,2,1,1,1.0,71,2016-03-29,0.0,30,118,H,,
2016833842,16LA01586,16,Z0984,83,,BR2,Z0000,83,4.0,4,S3,97,5,0,Y,,032916,89,8,3,2,0,2,14.2,5,1,Z3842,83,,00,,,,,,.,2ND,1,1,..,GRN,J,2,,0,0,0,1,1,1.0,103,2016-03-29,0.0,33,118,H,,
2016121019,16LA01587,16,R9401,11,,39,S0740,00,4.0,4,07,41,1,0,N,,032916,89,8,2,1,0,2,12.6,1,1,S1019,12,,42,,,,,,.,1ST.PNEU?,1,1,..,BLD,J,1,,1,1,2,1,1,1.0,80,2016-03-29,0.0,30,123,1,,
2016121020,16LA01588,16,R9401,11,,39,S0740,00,4.0,4,07,41,1,0,N,,032916,89,8,2,1,R,2,14.0,1,1,S1020,12,,42,,,,,,.,2ND.PNEU?,1,1,..,BLD,J,2,,0,0,0,1,1,1.0,89,2016-03-29,0.0,35,123,1,,
2016121021,16LA01589,16,S0037,12,,37,S0738,00,2.0,2,07,07,1,0,N,,032916,89,5,3,3,0,2,12.8,1,1,S1021,12,,07,,,,,,.,UGLY,3,3,..,BLD,J,1,,1,1,1,1,1,1.0,80,2016-03-29,0.0,35,123,1,,
2016456454,16LA01590,16,T4733,45,,65,T5603,45,3.0,3,02,02,2,0,N,,032916,89,5,3,2,0,2,15.0,1,1,T6454,45,,02,,,,,,.,.,1,1,..,,J,1,,1,1,1,1,1,1.0,85,2016-03-29,0.047,33,123,1,,
2016059535,16LA01591,16,H5319,05,,32,H8507,05,7.0,7,30,30,1,,N,,032916,89,5,3,2,R,2,11.9,1,1,H9535,05,,30,,,,,,.,.,1,1,..,BLD,J,1,,1,1,1,1,1,1.0,104,2016-03-29,0.022,35,123,1,,
2016833843,16LA01592,16,R9030,11,,22,Z3205,00,5.0,5,07,SM,1,0,Y,,032916,89,8,3,2,0,2,13.9,1,1,Z3843,83,,XR,,,,,,.,1ST,1,1,..,BLD,J,1,,1,1,2,1,1,1.0,83,2016-03-29,0.0,33,123,1,,
2016833844,16LA01593,16,R9030,11,,22,Z3205,00,5.0,5,07,SM,1,0,Y,,032916,89,8,3,3,0,2,13.1,1,1,Z3844,83,,XR,,,,,,.,2ND.PINK.UGLY,1,1,..,BLD,J,2,,0,0,0,1,1,1.0,84,2016-03-29,0.0,30,123,1,,
2016833845,16LA01594,16,T3881,45,,8,L1614,70,5.0,5,02,PC,1,7,Y,,032916,89,5,3,2,0,4,18.0,2,1,Z3845,83,,LT,,,,,,.,.,8,1,..,,Y,1,,1,1,1,1,1,1.0,105,2016-03-29,0.0,48,123,1,,
2016833846,16LA01595,16,T3361,45,,16,Z3208,00,6.0,6,02,97,1,0,Y,,032916,89,5,2,3,0,2,8.6,5,1,Z3846,83,,20,3,89,93,,8,LSDBLANK,NOTEATING,1,1,..,,Y,1,,1,1,1,1,0,0.0,0,2016-03-29,0.0,,,,,
2016701871,16LA01596,16,L0228,70,,6,L1549,70,6.0,6,PC,PC,1,0,N,,032916,89,8,2,2,0,2,11.0,5,1,L1871,70,,PC,,,,,,.,1ST.90BR,1,1,..,OR,Y,1,,1,1,2,1,1,1.0,98,2016-03-29,0.011,35,123,H,,
2016701872,16LA01597,16,L0228,70,,6,L1549,70,6.0,6,PC,PC,1,0,N,,032916,89,8,2,1,0,2,18.1,5,1,L1872,70,,PC,,,,,,.,2ND.10BRR,8,1,..,OR,Y,2,,0,0,0,1,1,1.0,120,2016-03-29,0.011,45,123,H,,
2016456455,16LA01598,16,T3856,45,,56,T6297,00,5.0,5,02,02,2,7,N,,032916,89,8,3,3,0,2,13.5,1,1,T6455,45,,02,,,,,,.,1ST.UGLY,1,1,..,BLD,Y,1,,1,1,2,1,1,1.0,75,2016-03-29,0.0,25,123,1,,
2016456456,16LA01599,16,T3856,45,,56,T6297,00,5.0,5,02,02,2,7,N,,032916,89,8,3,1,0,2,12.1,1,1,T6456,45,,02,,,,,,.,2ND,1,1,..,BLD,Y,2,,0,0,0,1,1,1.0,79,2016-03-29,0.0,32,123,1,,
2016456457,16LA01600,16,T4956,45,,61,T6302,00,3.0,3,02,02,2,7,N,,032916,89,8,2,1,0,2,14.5,1,1,T6457,45,,02,,,,,,.,1ST,1,1,..,,Y,1,,1,1,2,1,1,1.0,72,2016-03-29,0.0,28,123,1,,
2016456458,16LA01601,16,T4956,45,,61,T6302,00,3.0,3,02,02,2,7,N,,032916,89,8,2,2,0,2,12.6,1,1,T6458,45,,02,,,,,,.,2ND.SCRS,3,3,..,,Y,2,,0,0,0,1,1,1.0,71,2016-03-29,0.0,25,123,1,,
2016059536,16LA01602,16,H8667,05,,32,H8507,05,2.0,2,30,30,1,0,N,,032916,89,8,3,1,0,2,11.7,1,1,H9536,05,,30,,,,,,.,1ST.SCRS,1,1,..,,Y,1,,1,1,2,1,1,1.0,79,2016-03-29,0.034,28,123,1,,
2016059537,16LA01603,16,H8667,05,,32,H8507,05,2.0,2,30,30,1,0,N,,032916,89,8,3,2,0,4,11.1,1,1,H9537,05,,30,,,,,,.,2ND.SCRS.PNEU,1,1,..,,Y,2,,0,0,0,1,1,1.0,71,2016-03-29,0.034,26,123,1,,
2016833847,16LA01604,16,T3225,45,,3,L0762,70,6.0,6,02,PC,1,0,Y,,032916,89,8,1,3,0,2,15.7,2,1,Z3847,83,,LT,,,,,,OKFORONE,1ST,8,1,..,,Y,1,,1,1,2,1,1,1.0,48,2016-03-29,0.0,21,123,1,,
2016833848,16LA01605,16,T3225,45,,3,L0762,70,6.0,6,02,PC,1,0,Y,,032916,89,8,1,3,0,4,14.8,1,1,Z3848,83,,LT,3,89,93,,8,.,2ND,1,1,..,,Y,2,,0,0,0,1,0,0.0,0,2016-03-29,0.0,,,,,
2016701873,16LA01606,16,L1717,70,,1,L1151,70,1.0,1,PC,PC,4,0,N,,032916,89,5,3,1,0,2,14.4,5,1,L1873,70,,PC,,,,,,.,70BR.SCRS.PNEU,1,1,..,OR,Y,1,,1,1,1,1,1,1.0,94,2016-03-29,0.01,37,123,H,,
2016833849,16LA01607,16,Z1614,83,,BR2,Z0000,83,3.0,3,TC,97,5,0,Y,,032916,89,5,3,2,0,2,12.6,5,1,Z3849,83,,S3,,,,,,.,.,1,1,..,GRN,Y,1,,1,1,1,1,1,1.0,112,2016-03-29,0.0,32,118,H,,
2016833850,16LA01608,16,H6729,05,,1,L1151,70,5.0,5,30,PC,1,0,Y,,032916,89,8,2,2,0,2,12.6,1,1,Z3850,83,,LP,,,,,,.,1ST,1,1,..,BLD,Y,1,,1,1,2,1,1,1.0,92,2016-03-29,0.0,30,123,1,,
2016833851,16LA01609,16,H6729,05,,1,L1151,70,5.0,5,30,PC,1,0,Y,,032916,89,8,2,2,0,2,11.3,2,1,Z3851,83,,LP,,,,,,.,2ND.UGLY,1,1,..,BLD,Y,2,,0,0,0,1,1,1.0,82,2016-03-29,0.0,30,123,1,,
2016456459,16LA01610,16,T5576,45,,59,T6300,00,2.0,2,02,02,2,0,N,,032916,89,5,3,1,0,2,18.9,1,1,T6459,45,,02,,,,,,.,.,8,1,..,,Y,1,,1,1,1,1,1,1.0,92,2016-03-29,0.0,39,123,1,,
2016833852,16LA01611,16,Z2974,83,,e4,Z2574,83,1.0,1,97,97,4,0,N,.,032916,89,5,2,2,0,2,6.6,6,1,Z3852,83,,97,6,90,19,,,DRY,W.DEAD,1,1,..,BLD,Y,1,,1,1,1,1,0,0.0,0,2016-03-29,0.018,,,,,
2016833853,16LA01612,16,T5132,45,,28,Z3217,00,3.0,3,02,SM,1,7,Y,,032916,89,8,3,2,0,2,13.2,1,1,Z3853,83,,XT,,,,,,.,1ST,1,1,..,,Y,1,,1,1,2,1,1,1.0,85,2016-03-29,0.0,29,123,1,,
2016833854,16LA01613,16,T5132,45,,28,Z3217,00,3.0,3,02,SM,1,7,Y,,032916,89,8,3,3,0,4,12.2,1,1,Z3854,83,,XT,,,,,,.,2ND.H,1,1,..,,Y,2,,0,0,0,1,1,1.0,93,2016-03-29,0.0,35,123,1,,
2016833855,16LA01614,16,Z1057,83,,18,Z3211,00,4.0,4,CM,97,1,0,N,,032916,89,8,3,2,R,4,16.2,5,1,Z3855,83,,SY,,,,,,.,1ST.50BRN,1,1,..,OR,Y,1,,1,1,2,1,1,1.0,96,2016-03-29,0.0,39,123,H,,
2016833856,16LA01615,16,Z1057,83,,18,Z3211,00,4.0,4,CM,97,1,0,N,,032916,89,8,3,1,0,3,16.0,5,1,Z3856,83,,SY,,,,,,.,2ND,1,1,..,OR,Y,2,,0,0,0,1,1,1.0,108,2016-03-29,0.0,41,123,H,,
2016456460,16LA01616,16,T4882,45,,59,T6300,00,3.0,3,02,02,2,0,N,,032916,89,8,3,1,0,2,14.0,1,1,T6460,45,,02,,,,,,WARTS,1ST.SCRS,1,1,..,,Y,1,,1,1,2,1,1,1.0,73,2016-03-29,0.0,29,123,1,,
2016456461,16LA01617,16,T4882,45,,59,T6300,00,3.0,3,02,02,2,0,N,,032916,89,8,3,2,0,2,13.1,1,1,T6461,45,,02,,,,,,.,2ND.P,1,1,..,,Y,2,,0,0,0,1,1,1.0,61,2016-03-29,0.0,29,123,1,,
2016121022,16LA01618,16,R9602,11,,44,S0052,12,3.0,3,07,07,1,0,N,,032916,89,8,3,1,0,2,9.1,2,1,S1022,12,,07,,,,,,L.T.,1ST.H.BRN.EYE,1,1,..,,Y,1,,1,1,2,1,1,1.0,80,2016-03-29,0.035,28,123,1,,
2016121023,16LA01619,16,R9602,11,,44,S0052,12,3.0,3,07,07,1,0,N,,032916,89,8,3,2,L,2,9.0,1,1,S1023,12,,07,,,,,,.,2ND,1,1,..,,Y,2,,0,0,0,1,1,1.0,66,2016-03-29,0.035,24,123,1,,
2016059538,16LA01620,16,H9193,05,,e5,H8061,05,1.0,1,30,30,4,0,Y,.,032916,89,5,2,2,0,2,8.2,1,1,H9538,05,,30,,,,,,SMUDDER,1ST.SCRS,1,1,..,BLD,Y,1,,1,1,1,1,1,1.0,72,2016-03-29,0.039,21,123,1,,
2016059539,16LA01621,16,H8933,05,,e7,H8543,05,1.0,1,30,30,4,,Y,,032916,89,8,2,3,0,2,7.4,1,1,H9539,05,,30,,,,,,.,1ST.PNEU.LF.LME,1,1,..,BLD,Y,1,,1,1,2,1,1,1.0,48,2016-03-29,0.028,17,123,1,,
2016059541,16LA01622,16,H8933,05,,e7,H8543,05,1.0,1,30,30,4,,Y,,032916,89,8,2,3,0,2,8.0,1,1,H9541,05,,30,,,,,,.,2ND.H9540Lost,1,1,..,BLD,Y,2,,0,0,0,1,1,1.0,60,2016-03-29,0.028,19,123,1,,
2016833857,16LA01623,16,R8495,11,,28,Z3217,00,6.0,6,07,SM,1,0,Y,,032916,89,8,3,3,0,2,13.4,1,1,Z3857,83,,XR,,,,,,.,1ST.BLK.SPOTS,1,1,..,BLD,Y,1,,1,1,2,1,1,1.0,84,2016-03-29,0.0,33,123,1,,
2016833858,16LA01624,16,R8495,11,,28,Z3217,00,6.0,6,07,SM,1,0,Y,,032916,89,8,3,2,0,4,10.9,1,1,Z3858,83,,XR,,,,,,.,2ND.H,1,1,..,BLD,Y,2,,0,0,0,1,1,1.0,80,2016-03-29,0.0,29,123,1,,
2016833859,16LA01625,16,R9299,11,,54,T4854,45,4.0,4,07,02,2,0,N,,032916,89,8,3,1,0,2,14.4,1,1,Z3859,83,,01,,,,,,.,1ST,1,1,..,BLD,Y,1,,1,1,2,1,1,1.0,90,2016-03-29,0.0,30,123,1,,
2016833860,16LA01626,16,R9299,11,,54,T4854,45,4.0,4,07,02,2,0,N,,032916,89,8,3,2,0,2,13.4,1,1,Z3860,83,,01,,,,,,.,2ND.SCOURS,1,1,..,BLD,Y,2,,0,0,0,1,1,1.0,74,2016-03-29,0.0,31,123,1,,
2016121024,16LA01627,16,R9998,11,,34,S0732,00,2.0,2,07,07,1,0,N,,032916,89,8,3,2,0,2,12.4,1,1,S1024,12,,07,,,,,,.,1ST,1,1,..,,Y,1,,1,1,2,1,1,1.0,78,2016-03-29,0.0,28,123,1,,
2016121025,16LA01628,16,R9998,11,,34,S0732,00,2.0,2,07,07,1,0,N,,032916,89,8,3,2,0,3,10.9,1,1,S1025,12,,07,,,,,,.,2ND.P,1,1,..,,Y,2,,0,0,0,1,1,1.0,74,2016-03-29,0.0,24,123,1,,
2016121026,16LA01629,16,R9204,11,,38,S0739,00,4.0,4,07,42,1,0,N,,032916,89,8,2,1,0,2,12.2,1,1,S1026,12,,43,,,,,,.,1ST.H,1,1,..,BLD,Y,1,,1,1,2,1,1,1.0,73,2016-03-29,0.0,26,123,1,,
2016121027,16LA01630,16,R9204,11,,38,S0739,00,4.0,4,07,42,1,0,N,,032916,89,8,2,1,0,2,14.1,1,1,S1027,12,,43,,,,,,.,2ND,1,1,..,BLD,Y,2,,0,0,0,1,1,1.0,71,2016-03-29,0.0,28,123,1,,
2016456462,16LA01631,16,T4171,45,,54,T4854,45,4.0,4,02,02,2,0,N,,032916,89,9,3,3,0,2,8.0,1,1,T6462,45,,02,3,90,93,,8,.,1ST.P,1,1,..,,Y,1,,1,1,3,1,0,0.0,0,2016-03-29,0.041,,,,,
2016456463,16LA01632,16,T4171,45,,54,T4854,45,4.0,4,02,02,2,0,N,,032916,89,9,3,1,0,2,10.2,1,1,T6463,45,,02,,,,,,.,2ND,3,4,..,,Y,2,,0,0,0,1,1,1.0,87,2016-03-29,0.041,31,123,1,,
2016456464,16LA01633,16,T4171,45,,54,T4854,45,4.0,4,02,02,2,0,N,,032916,89,9,3,2,0,2,12.4,1,1,T6464,45,,02,,,,,,.,3RD,3,4,..,,Y,3,,0,0,0,1,1,1.0,81,2016-03-29,0.041,31,123,1,,
2016456465,16LA01634,16,T5164,45,,65,T5603,45,3.0,3,02,02,2,7,N,,032916,89,5,3,2,0,2,13.1,1,1,T6465,45,,02,6,189,10,,,.,1ST.H,1,1,..,,Y,1,,1,1,1,1,0,,,2016-03-29,0.043,39,123,1,,
2016121028,16LA01635,16,S0045,12,,34,S0732,00,2.0,2,07,07,1,0,N,,032916,89,8,3,1,0,2,11.8,1,1,S1028,12,,07,,,,,,.,1ST.H,1,1,..,,Y,1,,1,1,2,1,1,1.0,67,2016-03-29,0.0,28,123,1,,
2016121029,16LA01636,16,S0045,12,,34,S0732,00,2.0,2,07,07,1,0,N,,032916,89,8,3,2,0,2,9.4,1,1,S1029,12,,07,,,,,,.,2ND.H.P.,1,1,..,,Y,2,,0,0,0,1,1,1.0,71,2016-03-29,0.0,25,123,1,,
2016833861,16LA01637,16,R8240,11,,7,L1564,70,6.0,6,07,PC,1,0,Y,,032916,89,5,2,3,0,2,13.9,1,1,Z3861,83,,LR,,,,,,RUPTURE,1ST.,1,1,..,BLD,Y,1,,1,1,1,1,1,1.0,79,2016-03-29,0.0,32,123,1,,
2016121030,16LA01638,16,R9990,11,,39,S0740,00,2.0,2,07,41,1,0,N,,032916,89,7,2,1,0,2,12.2,1,1,S1030,12,,42,,,,,,.,1ST.SCRS.FVR,1,1,..,,Y,1,,1,1,2,1,1,1.0,104,2016-03-29,0.0,37,123,1,,
D16LA01639,16LA01639,16,R9990,11,,39,S0740,00,2.0,2,07,41,1,0,N,,032916,89,7,2,1,0,2,15.4,1,1,.,,,,1,89,44,,,.,2ND,1,1,..,,Y,2,,0,0,0,0,0,0.0,0,2016-03-29,0.0,,,,,
2016121031,16LA01640,16,R9918,11,,43,R9922,11,3.0,3,07,07,1,0,N,,032916,89,8,3,1,0,2,11.0,1,1,S1031,12,,07,,,,,,.,1ST.P,1,1,..,,Y,1,,1,1,2,1,1,1.0,72,2016-03-29,0.03,29,123,1,,
2016121032,16LA01641,16,R9918,11,,43,R9922,11,3.0,3,07,07,1,0,N,,032916,89,8,3,2,0,2,11.9,1,1,S1032,12,,07,,,,,,.,2ND,1,1,..,,Y,2,,0,0,0,1,1,1.0,90,2016-03-29,0.03,33,123,1,,
2016456466,16LA01642,16,T2971,45,,63,T5424,45,6.0,6,02,02,2,0,N,,032916,89,8,3,2,0,2,11.8,1,1,T6466,45,,02,,,,,,.,NOORDER H,1,1,..,,Y,1,,1,1,2,1,1,1.0,77,2016-03-29,0.048,23,123,1,,
2016456467,16LA01643,16,T2971,45,,63,T5424,45,6.0,6,02,02,2,0,N,,032916,89,8,3,2,0,2,12.9,1,1,T6467,45,,02,,,,S0392,-,.,NOORDER H,1,1,..,,Y,2,,0,0,0,1,1,0.5,70,2016-03-29,0.048,32,123,1,,
2016456468,16LA01644,16,T5182,45,,56,T6297,00,3.0,3,02,02,2,,N,,032916,89,8,3,2,0,2,12.8,1,1,T6468,45,,02,,,,,,.,1ST,1,1,..,,Y,1,,1,1,2,1,1,1.0,89,2016-03-29,0.0,30,123,1,,
2016456469,16LA01645,16,T5182,45,,56,T6297,00,3.0,3,02,02,2,,N,,032916,89,8,3,2,0,2,11.0,1,1,T6469,45,,02,,,,,,.,2ND,1,1,..,,Y,2,,0,0,0,1,1,1.0,77,2016-03-29,0.0,26,123,1,,
2016833862,16LA01646,16,R8550,11,,62,T5331,45,6.0,6,07,02,2,0,N,,032916,89,9,3,2,0,2,9.9,1,1,Z3862,83,,01,,,,,,.,1ST,1,1,..,BLD,Y,1,,1,1,3,1,1,1.0,81,2016-03-29,0.0,25,123,1,,
2016833863,16LA01647,16,R8550,11,,62,T5331,45,6.0,6,07,02,2,0,N,,032916,89,9,3,3,0,2,9.0,1,1,Z3863,83,,01,3,90,93,,8,.,2ND,1,1,..,BLD,Y,2,,0,0,0,1,0,0.0,0,2016-03-29,0.0,,,,,
2016833864,16LA01648,16,R8550,11,,62,T5331,45,6.0,6,07,02,2,0,N,,032916,89,9,3,1,0,2,9.8,1,1,Z3864,83,,01,,,,,,.,3RD,1,1,..,BLD,Y,3,,0,0,0,1,1,1.0,67,2016-03-29,0.0,25,123,1,,
2016833865,16LA01649,16,X9064,82,,BR2,Z0000,83,6.0,6,S3,97,5,0,Y,,032916,89,9,3,2,0,4,9.1,5,1,Z3865,83,,00,,0,,T5415,-,.,NOORDER,1,1,..,GRN,Y,1,,1,1,3,1,1,0.5,99,2016-03-29,0.0,32,123,1,,
2016833866,16LA01650,16,X9064,82,,BR2,Z0000,83,6.0,6,S3,97,5,0,Y,,032916,89,9,3,3,0,3,11.8,5,1,Z3866,83,,00,,,,,,.,NOORDER.SCRS,1,1,..,GRN,Y,2,,0,0,0,1,1,1.0,114,2016-03-29,0.0,34,118,H,,
2016833867,16LA01651,16,X9064,82,,BR2,Z0000,83,6.0,6,S3,97,5,0,Y,,032916,89,9,3,3,0,3,12.0,5,1,Z3867,83,,00,,,,,,.,NOORDER,1,1,..,GRN,Y,3,,0,0,0,1,1,1.0,89,2016-03-29,0.0,21,118,H,,
2016121033,16LA01652,16,R9695,11,,47,S0730,00,3.0,3,07,07,1,0,N,,032916,89,8,3,2,0,2,13.0,1,1,S1033,12,,07,,,,,,.,1ST.H,1,1,..,,Y,1,,1,1,2,1,1,1.0,70,2016-03-29,0.0,29,123,1,,
2016121034,16LA01653,16,R9695,11,,47,S0730,00,3.0,3,07,07,1,0,N,,032916,89,8,3,1,0,2,12.6,1,1,S1034,12,,07,,,,,,.,2ND,1,1,..,,Y,2,,0,0,0,1,1,1.0,80,2016-03-29,0.0,32,123,1,,
2016121035,16LA01654,16,S0007,12,,53,S0743,00,2.0,2,07,07,1,0,N,,033016,90,5,3,2,0,2,15.6,1,1,S1035,12,,07,,,,,,PNEU,1ST.H.SCRS,1,1,..,BLD,Y,1,,1,1,1,1,1,1.0,95,2016-03-30,0.0,43,123,1,,
2016121036,16LA01655,16,S0362,12,,36,S0737,00,1.0,1,07,07,4,0,N,,032916,89,8,2,2,2,2,8.9,1,1,S1036,12,,07,,,,,,SMUDDER,1ST,1,1,..,,J,1,,1,1,2,1,1,1.0,61,2016-03-29,0.0,30,123,1,,
2016121037,16LA01656,16,S0362,12,,36,S0737,00,1.0,1,07,07,4,0,N,,032916,89,8,2,3,0,4,8.2,1,1,S1037,12,,07,3,90,93,,8,.,2ND.PNEU,1,1,..,,J,2,,0,0,0,1,0,0.0,0,2016-03-29,0.0,,,,,
2016121038,16LA01657,16,R8556,11,,46,S0209,12,6.0,6,07,07,1,0,N,,032916,89,8,3,2,0,2,12.0,1,1,S1038,12,,07,,,,,,.,1ST.SCOURS,1,1,..,BLD,J,1,,1,1,2,1,1,1.0,77,2016-03-29,0.05,31,123,1,,
2016121039,16LA01658,16,R8556,11,,46,S0209,12,6.0,6,07,07,1,0,N,,032916,89,8,3,1,0,2,12.3,1,1,S1039,12,,07,,,,,,.,2ND.H.SCOURS,1,1,..,BLD,J,2,,0,0,0,1,1,1.0,78,2016-03-29,0.05,30,123,1,,
2016833868,16LA01659,16,T3933,45,,39,S0740,00,5.0,5,02,41,1,7,N,,033016,90,5,3,2,0,2,14.3,1,1,Z3868,83,,08,,,,,,WARTS,1ST.P,1,1,..,,J,1,,1,1,1,1,1,1.0,99,2016-03-30,0.0,40,123,1,,
2016121040,16LA01660,16,R8213,11,,34,S0732,00,6.0,6,07,07,1,0,N,,033016,90,8,3,2,2,2,13.0,1,1,S1040,12,,07,,,,,,.,1ST.H.ENT.SX,1,1,..,BLD,J,1,,1,1,2,1,1,1.0,73,2016-03-30,0.0,30,123,1,,
2016121041,16LA01661,16,R8213,11,,34,S0732,00,6.0,6,07,07,1,0,N,,033016,90,8,3,1,0,2,12.0,1,1,S1041,12,,07,,,,,,.,2ND.,1,1,..,BLD,J,2,,0,0,0,1,1,1.0,92,2016-03-30,0.0,34,123,1,,
2016833869,16LA01662,16,X7667,82,,BR2,Z0000,83,7.0,7,TC,97,5,,Y,,033016,90,8,3,2,R,3,13.9,5,1,Z3869,83,,S3,,,,,,.,NOORDER,1,1,..,GRN,J,1,,1,1,2,1,1,1.0,96,2016-03-30,0.0,30,118,H,,
2016833870,16LA01663,16,X7667,82,,BR2,Z0000,83,7.0,7,TC,97,5,,Y,,033016,90,8,3,2,0,2,15.6,5,1,Z3870,83,,S3,,,,,,.,NOORDER.SCRS,1,1,..,GRN,J,2,,0,0,0,1,1,1.0,107,2016-03-30,0.0,33,118,H,,
2016059542,16LA01664,16,H8989,05,,e5,H8061,05,1.0,1,30,30,4,,Y,,033016,90,8,3,1,0,2,8.7,1,1,H9542,05,,30,6,90,27,,,FRM UDDER.RSD,1ST.W,1,1,..,BLD,J,1,,1,1,2,1,0,0.0,0,2016-03-30,0.035,,,,,
2016059543,16LA01665,16,H8989,05,,e5,H8061,05,1.0,1,30,30,4,,Y,,033016,90,8,3,2,0,2,9.4,1,1,H9543,05,,30,6,94,48,,,.,2ND.PNEU,1,1,..,BLD,J,2,,0,0,0,1,0,0.0,0,2016-03-30,0.035,,,,,
2016701874,16LA01666,16,L1661,70,,2,L1339,70,1.0,1,PC,PC,4,0,N,,033016,90,5,3,1,0,2,13.4,5,1,L1874,70,,PC,,,,,,.,1ST30TAN,1,1,..,OR,J,1,,1,1,1,1,1,1.0,119,2016-03-30,0.032,41,123,H,,
2016456470,16LA01667,16,T4810,45,,63,T5424,45,3.0,3,02,02,2,,N,,033016,90,5,2,2,0,2,15.9,1,1,T6470,45,,02,6,195,10,,,.,1ST.SCRS,1,1,..,,J,1,,1,1,1,1,0,,,2016-03-30,0.065,40,123,1,,
2016456471,16LA01668,16,T5221,45,,65,T5603,45,3.0,3,02,02,2,,N,,033016,90,9,2,1,0,2,10.8,1,1,T6471,45,,02,,,,S0434,-,.,1ST.SCRS.FVR,1,1,..,,J,1,,1,1,3,1,1,0.5,94,2016-03-30,0.065,35,123,1,,
2016456472,16LA01669,16,T5221,45,,65,T5603,45,3.0,3,02,02,2,,N,,033016,90,9,2,1,2,2,12.8,1,1,T6472,45,,02,,,,,,.,2ND,1,1,..,,J,2,,0,0,0,1,1,1.0,70,2016-03-30,0.065,25,123,1,,
2016456473,16LA01670,16,T5221,45,,65,T5603,45,3.0,3,02,02,2,,N,,033016,90,9,2,1,0,2,9.5,1,1,T6473,45,,02,,,,,,.,3RD,1,1,..,,J,3,,0,0,0,1,1,1.0,57,2016-03-30,0.065,19,123,1,,
2016456474,16LA01671,16,T5444,45,,62,T5331,45,2.0,2,02,02,2,0,N,,033016,90,8,1,3,0,4,13.5,1,1,T6474,45,,02,3,90,93,,8,RUPTURE,NOORDER,1,1,..,,J,1,,1,1,2,1,0,0.0,0,2016-03-30,0.044,,,,,
2016456475,16LA01672,16,T5444,45,,62,T5331,45,2.0,2,02,02,2,0,N,,033016,90,8,1,2,2,4,11.8,1,1,T6475,45,,02,,,,,,.,ENT SX,1,1,..,,J,2,,0,0,0,1,1,1.0,96,2016-03-30,0.044,30,118,H,,
2016456476,16LA01673,16,T5048,45,,65,T5603,45,3.0,3,02,02,2,0,N,,033016,90,5,2,2,0,2,15.4,1,1,T6476,45,,02,,,,,,.,1ST,1,1,..,,J,1,,1,1,1,1,1,1.0,89,2016-03-30,0.044,40,123,1,,
2016833871,16LA01674,16,S0274,12,,57,T6298,00,2.0,2,07,02,2,0,N,,033016,90,8,2,1,0,2,12.4,1,1,Z3871,83,,01,6,183,06,,,.,1ST.NavelInfx,1,1,..,,J,1,,1,1,2,1,0,,,2016-03-30,0.0,22,123,1,,
2016833872,16LA01675,16,S0274,12,,57,T6298,00,2.0,2,07,02,2,0,N,,033016,90,8,2,1,0,2,11.8,1,1,Z3872,83,,01,,,,,,.,2ND,1,1,..,,J,2,,0,0,0,1,1,1.0,91,2016-03-30,0.0,30,123,1,,
2016833873,16LA01676,16,T3269,45,,25,Z3212,00,6.0,6,02,SM,1,0,Y,,033016,90,8,3,2,0,4,15.0,1,1,Z3873,83,,XT,7,199,97,,,ABCSS LSD,1ST,1,1,..,,J,1,,1,1,2,1,0,,,2016-03-30,0.0,36,123,1,,
2016833874,16LA01677,16,T3269,45,,25,Z3212,00,6.0,6,02,SM,1,0,Y,,033016,90,8,3,2,0,2,14.2,1,1,Z3874,83,,XT,,,,,,.,2ND.H,1,1,..,,J,2,,0,0,0,1,1,1.0,73,2016-03-30,0.0,32,123,1,,
D16LA01678,16LA01678,16,Z2849,83,,37,S0738,00,1.0,1,01,07,4,0,N,.,033016,90,1,1,1,0,2,16.2,1,1,.,,,,1,90,44,,,BIGFORHER,HEAD1FOOTBACK,7,3,..,,J,1,,1,1,1,0,0,0.0,0,2016-03-30,0.0,,,,,
2016121042,16LA01679,16,R8961,11,,35,S0736,00,5.0,5,07,07,1,0,N,,033016,90,8,3,2,0,4,11.5,1,1,S1042,12,,07,,,,,,.,1ST,1,1,..,BLD,J,1,,1,1,2,1,1,1.0,74,2016-03-30,0.0,26,123,1,,
2016121043,16LA01680,16,R8961,11,,35,S0736,00,5.0,5,07,07,1,0,N,,033016,90,8,3,2,L,2,11.9,1,1,S1043,12,,07,,,,,,.,2ND,1,1,..,BLD,J,2,,0,0,0,1,1,1.0,62,2016-03-30,0.0,25,123,1,,
2016456477,16LA01681,16,T5592,45,,60,T6301,00,2.0,2,02,02,2,7,N,,033016,90,5,3,1,0,4,16.8,1,1,T6477,45,,02,,,,,,.,1T.BRN.HD.LEG,1,1,..,BLD,J,1,,1,1,1,1,1,1.0,99,2016-03-30,0.0,43,123,1,,
2016456478,16LA01682,16,T4600,45,,56,T6297,00,4.0,4,02,02,2,7,N,,033016,90,9,3,1,0,2,10.6,1,1,T6478,45,,02,,,,,,.,1ST.SCRS.RHFX,1,1,..,,J,1,,1,1,3,1,1,1.0,67,2016-03-30,0.0,28,123,1,,
2016456479,16LA01683,16,T4600,45,,56,T6297,00,4.0,4,02,02,2,7,N,,033016,90,9,3,2,0,4,11.9,1,1,T6479,45,,02,,,,,,.,2ND,5,1,..,,J,2,,0,0,0,1,1,1.0,84,2016-03-30,0.0,33,123,1,,
2016456480,16LA01684,16,T4600,45,,56,T6297,00,4.0,4,02,02,2,7,N,,033016,90,9,3,3,0,2,10.2,1,1,T6480,45,,02,3,90,93,,8,.,3RD.P,3,3,..,,J,3,,0,0,0,1,0,0.0,0,2016-03-30,0.0,,,,,
2016121044,16LA01685,16,S0434,12,,e10,R9999,11,1.0,1,07,07,4,0,N,,033016,90,5,2,1,0,2,10.8,1,1,S1044,12,,07,6,90,67,T6471,+,WILD,1ST,1,1,..,,J,1,,1,1,1,1,0,0.5,0,2016-03-30,0.031,,,,,
2016833875,16LA01686,16,T4345,45,,26,Z3213,00,4.0,4,02,SM,1,0,Y,,033016,90,8,3,3,0,2,15.1,1,1,Z3875,83,,XT,,,,,,.,1ST,1,1,..,,J,1,,1,1,2,1,1,1.0,101,2016-03-30,0.0,44,123,1,,
2016833876,16LA01687,16,T4345,45,,26,Z3213,00,4.0,4,02,SM,1,0,Y,,033016,90,8,3,2,0,2,14.0,1,1,Z3876,83,,XT,6,97,54,,,.,2ND,1,1,..,,J,2,,0,0,0,1,0,0.0,0,2016-03-30,0.0,,,,,
D16LA01688,16LA01688,16,S0527,12,,e10,R9999,11,1.0,1,07,07,4,,N,,033016,90,0,0,2,0,2,5.8,1,1,.,,,,0,90,27,,,.,BAGTOSEND,6,1,..,,J,1,,1,1,1,0,0,0.0,0,2016-03-30,0.0,,,,,
2016833877,16LA01689,16,T5415,45,,48,Z0000,83,2.0,2,02,97,1,7,N,,033016,90,7,2,2,0,2,10.0,5,1,Z3877,83,,20,6,90,67,Z3865,+,.,1ST.W,1,1,..,,J,1,,1,1,2,1,0,0.5,0,2016-03-30,0.0,,,,,
D16LA01690,16LA01690,16,T5415,45,,48,Z0000,83,2.0,2,02,97,1,7,N,,033016,90,7,2,1,0,2,9.5,5,1,.,,,,1,90,44,,,.,2ND,1,1,..,,J,2,,0,0,0,0,0,0.0,0,2016-03-30,0.0,,,,,
2016456481,16LA01691,16,T5387,45,,55,T5017,45,2.0,2,02,02,2,7,N,,033016,90,8,3,1,0,3,12.0,1,1,T6481,45,,02,,,,,,.,1ST.BLGS.SPLAY,1,1,..,,J,1,,1,1,2,1,1,1.0,79,2016-03-30,0.056,28,123,1,,
2016456482,16LA01692,16,T5387,45,,55,T5017,45,2.0,2,02,02,2,7,N,,033016,90,8,3,2,0,4,11.6,1,1,T6482,45,,02,,,,,,.,2ND,1,1,..,,J,2,,0,0,0,1,1,1.0,72,2016-03-30,0.056,22,123,1,,
2016456483,16LA01693,16,T2560,45,,54,T4854,45,7.0,7,02,02,2,,N,,033016,90,5,3,2,2,2,15.4,1,1,T6483,45,,02,,,,,,ABCESS L JAW,1ST.H,1,1,..,,J,1,,1,1,1,1,1,1.0,98,2016-03-30,0.073,40,123,1,,
2016833878,16LA01694,16,R8397,11,,4,L1368,70,6.0,6,07,PC,1,0,Y,,033016,90,9,3,2,2,4,9.9,1,1,Z3878,83,,LR,3,91,93,,8,MASTITIS,1ST,1,1,..,BLD,J,1,,1,1,3,1,0,0.0,0,2016-03-30,0.0,,,,,
2016833879,16LA01695,16,R8397,11,,4,L1368,70,6.0,6,07,PC,1,0,Y,,033016,90,9,3,2,L,4,10.9,1,1,Z3879,83,,LR,,,,,,.,2ND,1,1,..,BLD,J,2,,0,0,0,1,1,1.0,84,2016-03-30,0.0,29,123,1,,
2016833880,16LA01696,16,R8397,11,,4,L1368,70,6.0,6,07,PC,1,0,Y,,033016,90,9,3,2,0,4,13.0,1,1,Z3880,83,,LR,,,,,,.,3RD,1,1,..,BLD,J,3,,0,0,0,1,1,1.0,89,2016-03-30,0.0,35,123,1,,
2016121045,16LA01697,16,R9570,11,,34,S0732,00,3.0,3,07,07,1,,N,,033016,90,8,2,1,0,2,12.0,1,1,S1045,12,,07,,,,,,.,1ST,3,3,..,,J,1,,1,1,2,1,1,1.0,91,2016-03-30,0.0,32,123,1,,
2016121046,16LA01698,16,R9570,11,,34,S0732,00,3.0,3,07,07,1,,N,,033016,90,8,2,2,0,2,10.5,1,1,S1046,12,,07,,,,,,.,2ND.WHEZZES,1,1,..,,J,2,,0,0,0,1,1,1.0,74,2016-03-30,0.0,31,123,1,,
2016059544,16LA01699,16,H8760,05,,32,H8507,05,2.0,2,30,30,1,0,N,,033016,90,8,3,2,0,4,10.2,1,1,H9544,05,,30,,,,,,.,1ST,1,1,..,BLD,J,1,,1,1,2,1,1,1.0,68,2016-03-30,0.037,24,123,1,,
2016059545,16LA01700,16,H8760,05,,32,H8507,05,2.0,2,30,30,1,0,N,,033016,90,8,3,1,0,4,10.6,1,1,H9545,05,,30,,,,,,.,2ND.H,1,1,..,BLD,J,2,,0,0,0,1,1,1.0,75,2016-03-30,0.037,24,123,1,,
2016833881,16LA01701,16,T4468,45,,15,Z2306,83,4.0,4,02,97,1,0,Y,,033016,90,8,3,2,0,2,14.2,5,1,Z3881,83,,20,,,,,,.,1ST.80BLK,1,1,..,,J,1,,1,1,2,1,1,1.0,84,2016-03-30,0.0,29,123,1,,
2016833882,16LA01702,16,T4468,45,,15,Z2306,83,4.0,4,02,97,1,0,Y,,033016,90,8,3,3,0,2,14.6,5,1,Z3882,83,,20,,,,,,.,2ND.90BRN,6,3,..,,J,2,,0,0,0,1,1,1.0,84,2016-03-30,0.0,30,123,1,,
2016456484,16LA01703,16,T5512,45,,54,T4854,45,2.0,2,02,02,2,0,N,,033016,90,5,2,1,0,2,16.0,1,1,T6484,45,,02,7,199,97,,,.,1ST.PNEU.FVR,1,1,..,,J,1,,1,1,1,1,0,,,2016-03-30,0.048,40,123,1,,
2016701875,16LA01704,16,L1666,70,,2,L1339,70,1.0,1,PC,PC,4,0,N,,033016,90,5,3,1,0,2,13.9,5,1,L1875,70,,PC,,,,,,.,1ST60TAN,1,1,..,OR,Y,1,,1,1,1,1,1,1.0,108,2016-03-30,0.009,37,123,H,,
2016833883,16LA01705,16,R8189,11,,26,Z3213,00,6.0,6,07,SM,1,0,Y,,033016,90,8,2,3,0,4,11.6,1,1,Z3883,83,,XR,,,,,,.,1ST.H,1,1,..,BLD,Y,1,,1,1,2,1,1,1.0,62,2016-03-30,0.0,22,123,1,,
2016833884,16LA01706,16,R8189,11,,26,Z3213,00,6.0,6,07,SM,1,0,Y,,033016,90,8,2,3,0,2,14.0,1,1,Z3884,83,,XR,,,,,,.,2ND.H,1,1,..,BLD,Y,2,,0,0,0,1,1,1.0,87,2016-03-30,0.0,28,123,1,,
2016059546,16LA01707,16,H8601,05,,32,H8507,05,2.0,2,30,30,1,0,N,,033016,90,5,2,1,0,2,15.4,1,1,H9546,05,,30,,,,,,.,1ST,1,1,..,,Y,1,,1,1,1,1,1,1.0,109,2016-03-30,0.039,44,123,1,,
2016833885,16LA01708,16,T4318,45,,8,L1614,70,4.0,4,02,PC,1,0,Y,,033016,90,5,3,2,0,4,16.8,1,1,Z3885,83,,LT,,,,,,.,1ST.SCRS,1,1,..,,Y,1,,1,1,1,1,1,1.0,103,2016-03-30,0.0,42,123,1,,
2016833886,16LA01709,16,R8257,11,,58,T6299,00,6.0,6,07,02,2,0,N,,033016,90,8,2,1,0,2,15.9,1,1,Z3886,83,,01,,,,,,.,1ST,6,2,..,BLD,Y,1,,1,1,2,1,1,1.0,93,2016-03-30,0.0,30,123,1,,
2016833887,16LA01710,16,R8257,11,,58,T6299,00,6.0,6,07,02,2,0,N,,033016,90,8,2,1,2,2,11.8,1,1,Z3887,83,,01,,,,,,.,2ND.PNEU.FVR,6,4,..,BLD,Y,2,,0,0,0,1,1,1.0,74,2016-03-30,0.0,24,123,1,,
2016833888,16LA01711,16,S0175,12,,59,T6300,00,2.0,2,07,02,2,0,N,,033016,90,8,3,2,0,2,11.4,1,1,Z3888,83,,01,,,,,,.,1ST,1,1,..,,Y,1,,1,1,2,1,1,1.0,60,2016-03-30,0.0,24,123,1,,
2016833889,16LA01712,16,S0175,12,,59,T6300,00,2.0,2,07,02,2,0,N,,033016,90,8,3,2,0,2,10.6,1,1,Z3889,83,,01,,,,,,.,2ND.H,1,1,..,,Y,2,,0,0,0,1,1,1.0,73,2016-03-30,0.0,22,123,1,,
2016121047,16LA01713,16,R8814,11,,43,R9922,11,5.0,5,07,07,1,0,N,,033016,90,8,3,2,0,2,14.6,1,1,S1047,12,,07,,,,,,.,1ST,1,1,..,BLD,Y,1,,1,1,2,1,1,1.0,84,2016-03-30,0.03,33,123,1,,
2016121048,16LA01714,16,R8814,11,,43,R9922,11,5.0,5,07,07,1,0,N,,033016,90,8,3,1,0,2,14.6,1,1,S1048,12,,07,,,,,,.,2ND,1,1,..,BLD,Y,2,,0,0,0,1,1,1.0,79,2016-03-30,0.03,33,123,1,,
2016121049,16LA01715,16,R9795,11,,52,S0742,00,3.0,3,07,07,1,0,N,,033016,90,5,3,1,0,2,14.8,1,1,S1049,12,,07,,,,,,.,1ST,1,1,..,,Y,1,,1,1,1,1,1,1.0,114,2016-03-30,0.0,43,123,1,,
2016121050,16LA01716,16,R9846,11,,50,S0734,00,3.0,3,07,07,1,0,N,,033016,90,9,2,2,0,2,9.2,1,1,S1050,12,,07,,,,,,2@ONCE,1ST.H,1,1,..,,Y,1,,1,1,3,1,1,1.0,84,2016-03-30,0.0,31,123,1,,
2016121051,16LA01717,16,R9846,11,,50,S0734,00,3.0,3,07,07,1,0,N,,033016,90,9,2,1,0,2,7.9,1,1,S1051,12,,07,,,,T3906,-,.,2ND.H.SCRS.FVR,7,3,..,,Y,2,,0,0,0,1,1,0.5,47,2016-03-30,0.0,18,123,1,,
D16LA01718,16LA01718,16,R9846,11,,50,S0734,00,3.0,3,07,07,1,0,N,,033016,90,9,2,2,0,2,6.3,1,1,.,,,,0,90,27,,,.,3RD.ABORT,7,3,..,,Y,3,,0,0,0,0,0,0.0,0,2016-03-30,0.0,,,,,
2016456485,16LA01719,16,T4627,45,,63,T5424,45,4.0,4,02,02,2,0,N,,033016,90,5,3,2,0,2,14.0,1,1,T6485,45,,02,6,140,01,,,.,1ST.LF.LAME,1,1,..,,Y,1,,1,1,1,1,0,,,2016-03-30,0.055,34,123,1,,
2016833890,16LA01720,16,R9926,11,,20,Z3215,00,3.0,3,07,97,1,0,Y,,033016,90,7,3,3,0,2,13.2,5,1,Z3890,83,,10,,,,,,RP,1ST.95BLK,1,1,..,BLD,Y,1,,1,1,2,1,1,1.0,96,2016-03-30,0.0,35,123,1,,
2016059547,16LA01721,16,H8874,05,,e8,H8715,05,1.0,1,30,30,4,7,Y,,033016,90,5,2,2,0,2,8.0,1,1,H9547,05,,30,,,,,,SM.UDDER,1ST.P,1,1,..,,Y,1,,1,1,1,1,1,1.0,75,2016-03-30,0.033,26,123,1,,
2016059548,16LA01722,16,H8146,05,,32,H8507,05,3.0,3,30,30,1,0,N,,033016,90,8,3,2,0,4,13.2,1,1,H9548,05,,30,,,,,,.,1ST.H,1,1,..,,Y,1,,1,1,2,1,1,1.0,92,2016-03-30,0.045,32,123,1,,
2016059549,16LA01723,16,H8146,05,,32,H8507,05,3.0,3,30,30,1,0,N,,033016,90,8,3,2,0,3,12.0,1,1,H9549,05,,30,,,,,,.,2ND.H,1,1,..,,Y,2,,0,0,0,1,1,1.0,84,2016-03-30,0.045,31,123,1,,
2016456486,16LA01724,16,T4483,45,,54,T4854,45,4.0,4,02,02,2,0,N,,033016,90,5,2,2,2,2,14.5,1,1,T6486,45,,02,,,,,,.,1ST.H.ENTROPIAN,1,1,..,BLD,Y,1,,1,1,1,1,1,1.0,102,2016-03-30,0.038,41,123,1,,
2016833891,16LA01725,16,Z2799,83,,BL,K4942,64,1.0,1,BL,06,4,0,Y,.,033016,90,5,3,2,0,2,11.2,9,1,Z3891,83,,BL,,,,,,1ST,1ST,1,1,..,,Y,1,,1,1,1,1,1,1.0,90,2016-03-30,0.0,31,123,1,,
2016121052,16LA01726,16,R9262,11,,47,S0730,00,4.0,4,07,07,1,0,N,,033016,90,5,2,2,0,4,11.9,1,1,S1052,12,,07,,,,,,.,1ST,1,1,..,BLD,Y,1,,1,1,1,1,1,1.0,91,2016-03-30,0.0,35,123,1,,
D16LA01727,16LA01727,16,H9072,05,,e8,H8715,05,1.0,1,30,30,4,0,Y,.,033016,90,7,1,1,0,2,8.2,1,1,.,,,,1,90,44,,,DRY.RP,1ST,5,1,..,,Y,1,,1,1,2,0,0,0.0,0,2016-03-30,0.028,,,,,
2016059550,16LA01728,16,H9072,05,,e8,H8715,05,1.0,1,30,30,4,0,Y,.,033016,90,7,1,1,0,2,6.0,1,1,H9550,05,,30,6,91,67,,,,2ND,3,3,..,,Y,2,,0,0,0,1,0,0.0,0,2016-03-30,0.028,,,,,
2016456487,16LA01729,16,T4518,45,,55,T5017,45,4.0,4,02,02,2,0,N,,033016,90,8,3,1,0,2,14.4,1,1,T6487,45,,02,,,,,,.,1ST.SCOURS,2,3,..,,J,1,,1,1,2,1,1,1.0,83,2016-03-30,0.043,29,123,1,,
2016456488,16LA01730,16,T4518,45,,55,T5017,45,4.0,4,02,02,2,0,N,,033016,90,8,3,2,0,4,11.0,1,1,T6488,45,,02,,,,,,.,2ND.BLKSP.RIBS,1,1,..,,J,2,,0,0,0,1,1,1.0,62,2016-03-30,0.043,23,123,1,,
2016059551,16LA01731,16,H8549,05,,32,H8507,05,2.0,2,30,30,1,,N,,033016,90,9,2,2,0,2,9.2,1,1,H9551,05,,30,,,,S0685,-,,1ST.SCOURS,1,1,..,,J,1,,1,1,3,1,1,0.5,60,2016-03-30,0.038,23,123,1,,
2016059552,16LA01732,16,H8549,05,,32,H8507,05,2.0,2,30,30,1,,N,,033016,90,9,2,1,0,2,9.0,1,1,H9552,05,,30,,,,,,.,2ND.H,1,1,..,,J,2,,0,0,0,1,1,1.0,56,2016-03-30,0.038,17,123,1,,
2016059553,16LA01733,16,H8549,05,,32,H8507,05,2.0,2,30,30,1,,N,,033016,90,9,2,2,0,2,7.8,1,1,H9553,05,,30,,,,,,.,3RD,1,1,..,,J,3,,0,0,0,1,1,1.0,72,2016-03-30,0.038,23,123,1,,
D16LA01734,16LA01734,16,S0685,12,,e9,R9992,11,1.0,1,07,07,4,,N,,033016,90,2,2,2,0,2,7.4,1,1,.,,,,0,90,27,H9551,+,PROLAPSE,1ST,1,1,..,,J,1,,1,1,2,0,0,0.5,0,2016-03-30,0.0,,,,,
D16LA01735,16LA01735,16,S0685,12,,e9,R9992,11,1.0,1,07,07,4,,N,,033016,90,2,2,2,0,2,8.7,1,1,.,,,,0,90,27,,,.,2ND,4,3,..,,J,2,,0,0,0,0,0,0.0,0,2016-03-30,0.0,,,,,
2016456489,16LA01736,16,T5639,45,,65,T5603,45,2.0,2,02,02,2,,N,,033016,90,8,3,1,2,2,11.6,1,1,T6489,45,,02,,,,,,.,1ST.H.SCOURS,1,1,..,,J,1,,1,1,2,1,1,1.0,81,2016-03-30,0.052,25,123,1,,
2016456490,16LA01737,16,T5639,45,,65,T5603,45,2.0,2,02,02,2,,N,,033016,90,8,3,1,0,2,12.1,1,1,T6490,45,,02,,,,,,.,2ND.SCRS.FVR,1,1,..,,J,2,,0,0,0,1,1,1.0,81,2016-03-30,0.052,24,123,1,,
2016456491,16LA01738,16,T5670,45,,56,T6297,00,2.0,2,02,02,2,0,N,,033016,90,8,2,1,0,2,11.8,1,1,T6491,45,,02,,,,,,.,1ST,1,1,..,,J,1,,1,1,2,1,1,1.0,80,2016-03-30,0.0,24,123,1,,
2016456492,16LA01739,16,T5670,45,,56,T6297,00,2.0,2,02,02,2,0,N,,033016,90,8,2,1,0,2,12.6,1,1,T6492,45,,02,,,,,,.,2ND,1,1,..,,J,2,,0,0,0,1,1,1.0,77,2016-03-30,0.0,24,123,1,,
D16LA01740,16LA01740,16,S0158,12,,56,T6297,00,2.0,2,07,02,2,,N,,033116,91,7,2,1,0,2,9.4,1,1,.,,,,1,91,44,,,.,1ST,1,1,..,,J,1,,1,1,2,0,0,0.0,0,2016-03-31,0.0,,,,,
2016833892,16LA01741,16,S0158,12,,56,T6297,00,2.0,2,07,02,2,,N,,033116,91,7,2,1,0,2,10.6,1,1,Z3892,83,,01,,,,,,.,2ND.P.RH.LAME,1,1,..,,J,2,,0,0,0,1,1,1.0,93,2016-03-31,0.0,28,123,1,,
D16LA01742,16LA01742,16,T5929,45,,e13,T5618,45,1.0,1,02,02,4,0,N,,033116,91,0,0,2,0,2,7.0,1,1,.,,,,0,91,27,,,DRY,.,8,2,..,,J,1,,1,1,1,0,0,0.0,0,2016-03-31,0.0,,,,,
D16LA01743,16LA01743,16,H9230,05,,e5,H8061,05,1.0,1,30,30,4,,Y,,033116,91,2,1,1,0,2,10.2,1,1,.,,,,0,91,27,,,DRY.RP,1ST,4,4,..,,J,1,,1,1,2,0,0,0.0,0,2016-03-31,0.0,,,,,
D16LA01744,16LA01744,16,H9230,05,,e5,H8061,05,1.0,1,30,30,4,,Y,,033116,91,2,1,1,0,2,9.0,1,1,.,,,,0,91,27,,,.,2ND,1,1,..,,J,2,,0,0,0,0,0,0.0,0,2016-03-31,0.0,,,,,
2016456493,16LA01745,16,T5999,45,,e13,T5618,45,1.0,1,02,02,4,7,N,.,033116,91,5,2,1,0,4,11.8,1,1,T6493,45,,02,,,,,,.,1ST.PNEU,1,1,..,,J,1,,1,1,1,1,1,1.0,67,2016-03-31,0.057,25,123,1,,
2016833893,16LA01746,16,T5650,45,,51,S0735,00,2.0,2,02,07,1,0,N,,033116,91,8,3,1,0,2,11.9,1,1,Z3893,83,,08,,,,,,.,1ST,1,1,..,,J,1,,1,1,2,1,1,1.0,92,2016-03-31,0.0,28,123,1,,
2016833894,16LA01747,16,T5650,45,,51,S0735,00,2.0,2,02,07,1,0,N,,033116,91,8,3,2,R,2,8.8,1,1,Z3894,83,,08,6,146,21,,,.,2ND.SCOURS,1,1,..,,J,2,,0,0,0,1,0,,,2016-03-31,0.0,17,123,1,,
2016833895,16LA01748,16,T3865,45,,14,Z3203,00,5.0,5,02,97,1,7,Y,,033116,91,8,3,3,0,2,15.9,5,1,Z3895,83,,20,,,,,,.,1ST.80BLK,1,1,..,,J,1,,1,1,2,1,1,1.0,58,2016-03-31,0.0,24,123,1,,
2016833896,16LA01749,16,T3865,45,,14,Z3203,00,5.0,5,02,97,1,7,Y,,033116,91,8,3,3,0,2,17.6,5,1,Z3896,83,,20,,,,,,.,2ND,3,3,..,,J,2,,0,0,0,1,1,1.0,60,2016-03-31,0.0,25,123,1,,
2016121053,16LA01750,16,R9942,11,,49,S0733,00,3.0,3,07,07,1,0,N,,033116,91,5,2,2,0,2,13.6,1,1,S1053,12,,07,,,,,,L.T.,1ST,1,1,..,,J,1,,1,1,1,1,1,1.0,108,2016-03-31,0.0,39,123,1,,
2016833897,16LA01751,16,Z1575,83,,BL,K4942,64,3.0,3,BL,06,1,0,Y,,033116,91,8,3,2,0,2,13.0,1,1,Z3897,83,,00,,,,,,.,1ST.H.SCOURS,1,1,..,,J,1,,1,1,2,1,1,1.0,94,2016-03-31,0.0,35,123,1,,
2016833898,16LA01752,16,Z1575,83,,BL,K4942,64,3.0,3,BL,06,1,0,Y,,033116,91,8,3,2,0,2,14.9,1,1,Z3898,83,,00,,,,,,.,2ND,1,1,..,,J,2,,0,0,0,1,1,1.0,93,2016-03-31,0.0,32,123,1,,
2016121054,16LA01753,16,R9160,11,,47,S0730,00,4.0,4,07,07,1,0,N,,033116,91,8,3,2,0,4,10.9,1,1,S1054,12,,07,,,,,,.,1ST.H.PNEU,1,1,..,BLD,J,1,,1,1,2,1,1,1.0,70,2016-03-31,0.0,30,123,1,,
2016121055,16LA01754,16,R9160,11,,47,S0730,00,4.0,4,07,07,1,0,N,,033116,91,8,3,2,0,2,11.6,1,1,S1055,12,,07,,,,,,.,2ND.SCOURS,1,1,..,BLD,J,2,,0,0,0,1,1,1.0,84,2016-03-31,0.0,32,123,1,,
2016833899,16LA01755,16,Z1399,83,,13,Z3202,00,4.0,4,CM,97,1,0,N,,033116,91,5,4,1,2,2,2.0,5,1,Z3899,83,,SY,,,,,,.,1ST,1,1,..,OR,J,1,,1,1,1,1,1,1.0,145,2016-03-31,0.0,53,123,H,,
2016121056,16LA01756,16,R9758,11,,52,S0742,00,3.0,3,07,07,1,,N,,033116,91,8,3,1,0,2,11.8,1,1,S1056,12,,07,,,,,,.,1ST.P,1,1,..,,J,1,,1,1,2,1,1,1.0,79,2016-03-31,0.0,30,123,1,,
2016121057,16LA01757,16,R9758,11,,52,S0742,00,3.0,3,07,07,1,,N,,033116,91,8,3,2,0,2,12.6,1,1,S1057,12,,07,,,,,,.,2ND,1,1,..,,J,2,,0,0,0,1,1,1.0,93,2016-03-31,0.0,33,123,1,,
2016833900,16LA01758,16,T3053,45,,4,L1368,70,6.0,6,02,PC,1,0,Y,,033116,91,8,2,2,2,2,18.4,1,1,Z3900,83,,LT,,,,,,.,1ST.H.SCOURS,1,1,..,,J,1,,1,1,2,1,1,1.0,95,2016-03-31,0.0,31,123,1,,
2016833901,16LA01759,16,T3053,45,,4,L1368,70,6.0,6,02,PC,1,0,Y,,033116,91,8,2,2,0,3,15.0,1,1,Z3901,83,,LT,,,,,,.,2ND.H,5,3,..,,J,2,,0,0,0,1,1,1.0,68,2016-03-31,0.0,28,123,1,,
2016456494,16LA01760,16,T4528,45,,59,T6300,00,4.0,4,02,02,2,0,N,,033116,91,8,2,2,0,2,12.0,1,1,T6494,45,,02,3,93,93,,,.,1ST,1,1,..,,J,1,,1,1,2,1,0,0.0,0,2016-03-31,0.0,,,,,
2016456495,16LA01761,16,T4528,45,,59,T6300,00,4.0,4,02,02,2,0,N,,033116,91,8,2,2,0,3,13.7,1,1,T6495,45,,02,,,,,,.,2ND,5,3,..,,J,2,,0,0,0,1,1,1.0,85,2016-03-31,0.0,26,123,1,,
2016833902,16LA01762,16,T4137,45,,8,L1614,70,4.0,4,02,PC,1,0,Y,,033116,91,8,3,2,0,4,15.8,1,1,Z3902,83,,LT,,,,,,.,1ST,1,1,..,,J,1,,1,1,2,1,1,1.0,80,2016-03-31,0.0,30,123,1,,
2016833903,16LA01763,16,T4137,45,,8,L1614,70,4.0,4,02,PC,1,0,Y,,033116,91,8,3,3,0,2,17.2,5,1,Z3903,83,,LT,,,,,,.,2ND,1,1,..,,J,2,,0,0,0,1,1,1.0,86,2016-03-31,0.0,32,123,1,,
2016456496,16LA01764,16,T2530,45,,62,T5331,45,7.0,7,02,02,2,,N,,033116,91,8,1,1,0,4,11.8,1,1,T6496,45,,02,3,93,93,,,SICK PEN,1ST,1,1,..,,J,1,,1,1,2,1,0,,,2016-03-31,0.038,,,,,
2016456497,16LA01765,16,T2530,45,,62,T5331,45,7.0,7,02,02,2,,N,,033116,91,8,1,3,0,2,10.2,1,1,T6497,45,,02,6,93,66,,8,.,2ND.H.P.RibFx,3,3,..,,J,2,,0,0,0,1,0,0.0,0,2016-03-31,0.038,,,,,
2016456498,16LA01766,16,T4676,45,,56,T6297,00,4.0,4,02,02,2,7,N,,033116,91,8,2,2,0,2,12.6,1,1,T6498,45,,02,,,,,,.,1ST.SCOURS,1,1,..,,Y,1,,1,1,2,1,1,1.0,78,2016-03-31,0.0,29,123,1,,
2016456499,16LA01767,16,T4676,45,,56,T6297,00,4.0,4,02,02,2,7,N,,033116,91,8,2,2,0,2,12.4,1,1,T6499,45,,02,,,,,,.,2ND,1,1,..,,Y,2,,0,0,0,1,1,1.0,84,2016-03-31,0.0,28,123,1,,
2016121058,16LA01768,16,S0161,12,,51,S0735,00,2.0,2,07,07,1,0,N,,033116,91,8,2,2,0,2,8.3,1,1,S1058,12,,07,,,,,,.,1ST,1,1,..,,Y,1,,1,1,2,1,1,1.0,67,2016-03-31,0.0,22,123,1,,
2016121059,16LA01769,16,S0161,12,,51,S0735,00,2.0,2,07,07,1,0,N,,033116,91,8,2,1,0,2,11.9,1,1,S1059,12,,07,,,,,,.,2ND.H,1,1,..,,Y,2,,0,0,0,1,1,1.0,79,2016-03-31,0.0,29,123,1,,
2016121060,16LA01770,16,R8621,11,,39,S0740,00,6.0,6,07,41,1,0,N,,033116,91,5,3,2,0,2,15.9,1,1,S1060,12,,42,,,,,,.,1ST.H.SCRS,1,1,..,BLD,Y,1,,1,1,1,1,1,1.0,105,2016-03-31,0.0,33,123,1,,
2016456500,16LA01771,16,T4951,45,,57,T6298,00,3.0,3,02,02,2,,N,,033116,91,9,3,1,0,2,12.8,1,1,T6500,45,,02,,,,T3906,-,.,1ST.SCRS.FVR,1,1,..,,Y,1,,1,1,3,1,1,0.5,93,2016-03-31,0.0,35,123,1,,
2016456501,16LA01772,16,T4951,45,,57,T6298,00,3.0,3,02,02,2,,N,,033116,91,9,3,2,0,2,11.3,1,1,T6501,45,,02,,,,,,.,2ND.H,1,1,..,,Y,2,,0,0,0,1,1,1.0,73,2016-03-31,0.0,31,123,1,,
2016456502,16LA01773,16,T4951,45,,57,T6298,00,3.0,3,02,02,2,,N,,033116,91,9,3,1,0,3,12.1,1,1,T6502,45,,02,,,,,,.,3RD.H,1,1,..,,Y,3,,0,0,0,1,1,1.0,95,2016-03-31,0.0,33,123,1,,
D16LA01774,16LA01774,16,T3906,45,,26,Z3213,00,5.0,5,02,SM,1,7,Y,,033116,91,1,3,1,0,2,14.0,1,1,.,,,,1,91,44,S1051,+,+T6500,1ST,1,1,..,,Y,1,,1,1,1,0,0,0.5,0,2016-03-31,0.0,,,,,
2016833904,16LA01775,16,T5063,45,,51,S0735,00,3.0,3,02,07,1,0,N,,033116,91,8,3,1,0,2,10.1,1,1,Z3904,83,,08,,,,,,.,1ST,1,1,..,,Y,1,,1,1,2,1,1,1.0,67,2016-03-31,0.0,24,123,1,,
2016833905,16LA01776,16,T5063,45,,51,S0735,00,3.0,3,02,07,1,0,N,,033116,91,8,3,1,0,2,9.9,1,1,Z3905,83,,08,,,,,,.,2ND.FT.ABCSS.LR,1,1,..,,Y,2,,0,0,0,1,1,1.0,67,2016-03-31,0.0,26,123,1,,
2016833906,16LA01777,16,T4285,45,,35,S0736,00,4.0,4,02,07,1,0,N,,033116,91,8,3,2,0,2,12.9,1,1,Z3906,83,,08,,,,,,WARTS,1ST.SCRS,1,1,..,,Y,1,,1,1,2,1,1,1.0,81,2016-03-31,0.0,31,123,1,,
2016833907,16LA01778,16,T4285,45,,35,S0736,00,4.0,4,02,07,1,0,N,,033116,91,8,3,1,0,2,12.0,1,1,Z3907,83,,08,,,,,,.,2ND.SCOURS,1,1,..,,Y,2,,0,0,0,1,1,1.0,85,2016-03-31,0.0,26,123,1,,
2016701876,16LA01779,16,L1553,70,,4,L1368,70,2.0,2,PC,PC,1,0,N,,033116,91,8,3,2,0,2,9.1,5,1,L1876,70,,PC,,,,,,.,1ST.50BRN.SCRS,1,1,..,OR,Y,1,,1,1,2,1,1,1.0,82,2016-03-31,0.047,25,123,H,,
2016701877,16LA01780,16,L1553,70,,4,L1368,70,2.0,2,PC,PC,1,0,N,,033116,91,8,3,1,0,2,9.2,5,1,L1877,70,,PC,,,,,,.,2ND90BRN,1,1,..,OR,Y,2,,0,0,0,1,1,1.0,83,2016-03-31,0.047,25,123,H,,
2016833908,16LA01781,16,T4426,45,,27,Z3216,00,4.0,4,02,SM,1,0,Y,,033116,91,5,3,3,0,4,15.7,1,1,Z3908,83,,XT,,,,,,.,1ST,1,1,..,,Y,1,,1,1,1,1,1,1.0,112,2016-03-31,0.0,42,123,1,,
2016059554,16LA01782,16,H7553,05,,30,H8376,05,4.0,4,30,30,1,0,N,,033116,91,8,3,2,0,2,10.0,1,1,H9554,05,,30,,,,,,FEWCHUNKS,1ST.SCOURS,1,1,..,BLD,Y,1,,1,1,2,1,1,1.0,88,2016-03-31,0.045,31,123,1,,
2016059555,16LA01783,16,H7553,05,,30,H8376,05,4.0,4,30,30,1,0,N,,033116,91,8,3,1,0,2,11.1,1,1,H9555,05,,30,,,,,,.,2ND,1,1,..,BLD,Y,2,,0,0,0,1,1,1.0,102,2016-03-31,0.045,32,123,1,,
2016121061,16LA01784,16,S0213,12,,46,S0209,12,2.0,2,07,07,1,0,N,,033116,91,8,3,1,0,2,10.5,1,1,S1061,12,,07,,,,,,.,1ST.INC.RESP,1,1,..,,Y,1,,1,1,2,1,1,1.0,84,2016-03-31,0.036,28,123,1,,
2016121062,16LA01785,16,S0213,12,,46,S0209,12,2.0,2,07,07,1,0,N,,033116,91,8,3,1,0,2,9.8,1,1,S1062,12,,07,,,,,,.,2ND,1,1,..,,Y,2,,0,0,0,1,1,1.0,66,2016-03-31,0.036,25,123,1,,
D16LA01786,16LA01786,16,Z2825,83,,e3,Z1488,83,1.0,1,97,97,4,0,N,,033116,91,1,3,2,.,.,10.0,6,1,.,,,,1,91,44,,,EPISIOTOMY,.,6,3,..,BLD,J,1,,1,1,1,0,0,0.0,0,2016-03-31,0.0,,,,,
2016833909,16LA01787,16,H8063,05,,7,L1564,70,3.0,3,30,PC,1,0,Y,,033116,91,8,2,2,L,4,13.3,2,1,Z3909,83,,LP,,,,,,.,1ST.BREARS,1,1,..,,Y,1,,1,1,2,1,1,1.0,85,2016-03-31,0.0,32,123,1,,
2016833910,16LA01788,16,H8063,05,,7,L1564,70,3.0,3,30,PC,1,0,Y,,033116,91,8,2,2,0,2,12.6,5,1,Z3910,83,,LP,,,,,,.,2ND,1,1,..,,Y,2,,0,0,0,1,1,1.0,85,2016-03-31,0.0,32,123,1,,
2016833911,16LA01789,16,X9162,82,,BL,K4942,64,6.0,6,BL,06,1,0,Y,,033116,91,9,2,3,0,2,13.9,9,1,Z3911,83,,BL,6,144,66,,,.,1ST.DogsChewed,8,4,..,,Y,1,,1,1,3,1,0,,,2016-03-31,0.0,33,123,1,,
2016833912,16LA01790,16,X9162,82,,BL,K4942,64,6.0,6,BL,06,1,0,Y,,033116,91,9,2,3,0,2,15.6,9,1,Z3912,83,,BL,,,,,,.,2ND,8,4,..,,Y,2,,0,0,0,1,1,1.0,115,2016-03-31,0.0,39,123,1,,
2016833913,16LA01791,16,X9162,82,,BL,K4942,64,6.0,6,BL,06,1,0,Y,,033116,91,9,2,3,0,2,9.6,9,1,Z3913,83,,BL,3,92,93,,8,.,3RD.SCRS,8,4,..,,Y,3,,0,0,0,1,0,0.0,0,2016-03-31,0.0,,,,,
2016121063,16LA01792,16,R8543,11,,41,Z3206,00,6.0,6,07,07,1,0,N,,033116,91,9,3,2,0,2,9.1,1,1,S1063,12,,07,3,92,93,,8,.,1ST,1,1,..,BLD,Y,1,,1,1,3,1,0,0.0,0,2016-03-31,0.0,,,,,
2016121064,16LA01793,16,R8543,11,,41,Z3206,00,6.0,6,07,07,1,0,N,,033116,91,9,3,2,0,2,10.6,1,1,S1064,12,,07,6,181,16,,,.,2ND,1,1,..,BLD,Y,2,,0,0,0,1,0,,,2016-03-31,0.0,28,123,1,,
2016121065,16LA01794,16,R8543,11,,41,Z3206,00,6.0,6,07,07,1,0,N,,033116,91,9,3,1,0,2,10.9,1,1,S1065,12,,07,,,,,,.,3RD,1,1,..,BLD,Y,3,,0,0,0,1,1,1.0,75,2016-03-31,0.0,30,123,1,,
2016833914,16LA01795,16,X9025,82,,20,Z3215,00,6.0,6,CM,97,1,0,N,,033116,91,8,3,1,0,4,12.6,5,1,Z3914,83,,SY,,,,,,RESP.DISTRESS,1ST,1,1,..,OR,Y,1,,1,1,2,1,1,1.0,75,2016-03-31,0.0,29,123,H,,
2016833915,16LA01796,16,X9025,82,,20,Z3215,00,6.0,6,CM,97,1,0,N,,033116,91,8,3,1,0,4,12.3,5,1,Z3915,83,,SY,6,107,14,,,.,2ND,1,1,..,OR,Y,2,,0,0,0,1,0,0.0,0,2016-03-31,0.0,,,,,
2016121066,16LA01797,16,S0216,12,,45,S0123,12,2.0,2,07,07,1,0,N,,033116,91,5,3,2,0,2,14.5,1,1,S1066,12,,07,,,,,,.,.,1,1,..,,Y,1,,1,1,1,1,1,1.0,99,2016-03-31,0.048,36,123,1,,
2016121067,16LA01798,16,R9589,11,,45,S0123,12,3.0,3,07,07,1,,N,,033116,91,8,3,2,0,2,10.5,1,1,S1067,12,,07,,,,,,.,1ST,1,1,..,,Y,1,,1,1,2,1,1,1.0,82,2016-03-31,0.036,30,123,1,,
2016121068,16LA01799,16,R9589,11,,45,S0123,12,3.0,3,07,07,1,,N,,033116,91,8,3,2,0,2,11.8,1,1,S1068,12,,07,,,,,,.,2ND,1,1,..,,Y,2,,0,0,0,1,1,1.0,78,2016-03-31,0.036,30,123,1,,
2016833916,16LA01800,16,Z2938,83,,e4,Z2574,83,1.0,1,97,97,4,0,N,.,033116,91,8,3,1,0,2,7.9,6,1,Z3916,83,,97,,,,,,.,1ST.WEAK,1,1,..,BLD,Y,1,,1,1,2,1,1,1.0,85,2016-03-31,0.07,28,123,H,,
2016833917,16LA01801,16,Z2938,83,,e4,Z2574,83,1.0,1,97,97,4,0,N,.,033116,91,8,3,1,.,.,5.2,6,1,Z3917,83,,97,6,92,19,,,.,2ND,1,1,..,BLD,Y,2,,0,0,0,1,0,0.0,0,2016-03-31,0.07,,,,,
2016456503,16LA01802,16,T5364,45,,61,T6302,00,2.0,2,02,02,2,0,N,,033116,91,8,1,2,0,2,10.0,1,1,T6503,45,,02,,,,,,.,1ST,1,1,..,,Y,1,,1,1,2,1,1,1.0,87,2016-03-31,0.0,32,123,1,,
2016456504,16LA01803,16,T5364,45,,61,T6302,00,2.0,2,02,02,2,0,N,,033116,91,8,1,2,0,4,8.4,1,1,T6504,45,,02,3,92,93,,8,.,2ND.WEAK,1,1,..,,Y,2,,0,0,0,1,0,0.0,0,2016-03-31,0.0,,,,,
2016456505,16LA01804,16,T4173,45,,58,T6299,00,4.0,4,02,02,2,0,N,,033116,91,8,3,2,0,4,14.8,1,1,T6505,45,,02,,,,,,.,1ST,1,1,..,,Y,1,,1,1,2,1,1,1.0,80,2016-03-31,0.0,34,123,1,,
2016456506,16LA01805,16,T4173,45,,58,T6299,00,4.0,4,02,02,2,0,N,,033116,91,8,3,2,0,2,13.3,1,1,T6506,45,,02,,,,,,.,2ND,1,1,..,,Y,2,,0,0,0,1,1,1.0,79,2016-03-31,0.0,25,123,1,,
D16LA01806,16LA01806,16,S0662,12,,38,S0739,00,1.0,1,07,42,4,0,N,,033116,91,1,2,1,.,.,10.9,1,1,.,,,,1,91,44,,,SM.BAG,.,1,1,..,,Y,1,,1,1,1,0,0,0.0,0,2016-03-31,0.0,,,,,
2016456507,16LA01807,16,T5817,45,,63,T5424,45,2.0,2,02,02,2,7,N,,033116,91,8,3,2,0,2,10.6,1,1,T6507,45,,02,,,,,,.,1ST,8,4,..,,Y,1,,1,1,2,1,1,1.0,47,2016-03-31,0.069,19,123,1,,
2016456508,16LA01808,16,T5817,45,,63,T5424,45,2.0,2,02,02,2,7,N,,033116,91,8,3,2,0,2,10.3,1,1,T6508,45,,02,,,,,,.,2ND,8,4,..,,Y,2,,0,0,0,1,1,1.0,57,2016-03-31,0.069,23,123,1,,
2016833918,16LA01809,16,R9149,11,,55,T5017,45,4.0,4,07,02,2,0,N,,033116,91,8,3,1,0,3,15.2,2,1,Z3918,83,,01,,,,,,.,1ST.BLRHOCK,3,4,..,BLD,Y,1,,1,1,2,1,1,1.0,88,2016-03-31,0.0,36,123,1,,
2016833919,16LA01810,16,R9149,11,,55,T5017,45,4.0,4,07,02,2,0,N,,033116,91,8,3,1,0,2,13.9,1,1,Z3919,83,,01,,,,,,.,2ND,1,1,..,BLD,Y,2,,0,0,0,1,1,1.0,90,2016-03-31,0.0,34,123,1,,
2016833920,16LA01811,16,T4181,45,,1,L1151,70,4.0,4,02,PC,1,0,Y,,033116,91,8,3,2,.,.,13.5,1,1,Z3920,83,,LT,6,92,19,,,.,1ST,1,1,..,,Y,1,,1,1,2,1,0,0.0,0,2016-03-31,0.0,,,,,
2016833921,16LA01812,16,T4181,45,,1,L1151,70,4.0,4,02,PC,1,0,Y,,033116,91,8,3,3,0,2,15.7,1,1,Z3921,83,,LT,,,,,,.,2ND.SCOURS,3,2,..,,Y,2,,0,0,0,1,1,1.0,126,2016-03-31,0.0,44,123,1,,
2016121069,16LA01813,16,S0249,12,,42,R9841,11,2.0,2,07,07,1,0,N,,033116,91,8,3,1,0,2,13.4,1,1,S1069,12,,07,,,,,,.,1ST,1,1,..,,J,1,,1,1,2,1,1,1.0,107,2016-03-31,0.085,40,123,1,,
2016121070,16LA01814,16,S0249,12,,42,R9841,11,2.0,2,07,07,1,0,N,,033116,91,8,3,2,0,2,12.0,1,1,S1070,12,,07,,,,,,.,2ND,1,1,..,,J,2,,0,0,0,1,1,1.0,84,2016-03-31,0.085,35,123,1,,
2016456509,16LA01815,16,T4794,45,,57,T6298,00,3.0,3,02,02,2,,N,,033116,91,8,3,2,0,2,15.1,1,1,T6509,45,,02,,,,,,CHUNKSLSDOKNOW,1ST,1,1,..,,J,1,,1,1,2,1,1,1.0,84,2016-03-31,0.0,36,123,1,,
2016456510,16LA01816,16,T4794,45,,57,T6298,00,3.0,3,02,02,2,,N,,033116,91,8,3,2,0,4,15.0,1,1,T6510,45,,02,,,,,,.,2ND,1,1,..,,J,2,,0,0,0,1,1,1.0,92,2016-03-31,0.0,33,123,1,,
2016121071,16LA01817,16,S0392,12,,e9,R9992,11,1.0,1,07,07,4,0,N,,033116,91,5,2,1,.,.,11.1,1,1,S1071,12,,07,6,92,66,T6467,+,.,FXRIBS.EUTH,1,1,..,BLD,J,1,,1,1,1,1,0,0.5,0,2016-03-31,0.035,,,,,
2016121072,16LA01818,16,R8312,11,,52,S0742,00,6.0,6,07,07,1,0,N,,033116,91,5,3,1,0,4,16.1,1,1,S1072,12,,07,,,,,,.,SCOURS,1,1,..,BLD,J,1,,1,1,1,1,1,1.0,100,2016-03-31,0.0,39,123,1,,
2016121073,16LA01819,16,R9924,11,,42,R9841,11,3.0,3,07,07,1,0,N,,033116,91,8,3,2,0,2,11.8,1,1,S1073,12,,07,,,,,,.,1ST,1,1,..,,J,1,,1,1,2,1,1,1.0,90,2016-03-31,0.027,35,123,1,,
2016121074,16LA01820,16,R9924,11,,42,R9841,11,3.0,3,07,07,1,0,N,,033116,91,8,3,2,0,2,11.5,1,1,S1074,12,,07,,,,,,.,2ND,1,1,..,,J,2,,0,0,0,1,1,1.0,83,2016-03-31,0.027,32,123,1,,
2016701878,16LA01821,16,L1719,70,,1,L1151,70,1.0,1,PC,PC,4,0,N,,040116,92,8,2,2,0,2,9.5,2,1,L1878,70,,PC,,,,,,.,1ST<05BR,1,1,..,OR,J,1,,1,1,2,1,1,1.0,71,2016-04-01,0.038,24,123,H,,
2016701879,16LA01822,16,L1719,70,,1,L1151,70,1.0,1,PC,PC,4,0,N,,040116,92,8,2,1,0,2,8.0,5,1,L1879,70,,PC,,,,,,.,2ND.50TAN,1,1,..,OR,J,2,,0,0,0,1,1,1.0,70,2016-04-01,0.038,26,123,H,,
2016456511,16LA01823,16,T4804,45,,55,T5017,45,3.0,3,02,02,2,0,N,,040116,92,5,3,2,0,3,16.6,1,1,T6511,45,,02,,,,,,.,.,1,1,..,,J,1,,1,1,1,1,1,1.0,109,2016-04-01,0.046,45,123,1,,
2016059556,16LA01824,16,H9194,05,,e5,H8061,05,1.0,1,30,30,4,0,Y,.,040116,92,5,3,3,0,2,8.9,1,1,H9556,05,,30,,,,,,.,PNEU,1,1,..,BLD,J,1,,1,1,1,1,1,1.0,77,2016-04-01,0.044,22,123,1,,
2016121075,16LA01825,16,S0024,12,,53,S0743,00,2.0,2,07,07,1,0,N,,040116,92,8,3,2,0,2,12.4,1,1,S1075,12,,07,,,,,,.,1ST,1,1,..,BLD,J,1,,1,1,2,1,1,1.0,75,2016-04-01,0.0,26,123,1,,
2016121076,16LA01826,16,S0024,12,,53,S0743,00,2.0,2,07,07,1,0,N,,040116,92,8,3,2,0,2,13.4,1,1,S1076,12,,07,,,,,,.,2ND,1,1,..,BLD,J,2,,0,0,0,1,1,1.0,83,2016-04-01,0.0,26,123,1,,
2016121077,16LA01827,16,S0269,12,,44,S0052,12,2.0,2,07,07,1,0,N,,040116,92,8,2,1,0,2,12.6,1,1,S1077,12,,07,,,,,,.,1ST,1,1,..,,J,1,,1,1,2,1,1,1.0,75,2016-04-01,0.05,28,123,1,,
2016121078,16LA01828,16,S0269,12,,44,S0052,12,2.0,2,07,07,1,0,N,,040116,92,8,2,2,0,4,10.7,1,1,S1078,12,,07,,,,,,.,2ND,1,1,..,,J,2,,0,0,0,1,1,1.0,62,2016-04-01,0.05,22,123,1,,
2016456512,16LA01829,16,T5573,45,,65,T5603,45,2.0,2,02,02,2,0,N,,040116,92,5,3,1,0,3,14.2,1,1,T6512,45,,02,,,,,,.,.,1,1,..,,J,1,,1,1,1,1,1,1.0,104,2016-04-01,0.048,33,123,1,,
D16LA01830,16LA01830,16,Z2834,83,,34,S0732,00,1.0,1,01,07,4,0,N,,040116,92,1,1,1,.,.,8.8,1,1,.,,,,1,92,44,,,.,.,1,1,..,,J,1,,1,1,1,0,0,0.0,0,2016-04-01,0.0,,,,,
2016121079,16LA01831,16,R7573,11,,46,S0209,12,7.0,7,07,07,1,,N,,040116,92,8,3,1,0,2,11.3,1,1,S1079,12,,07,,,,,,.,1ST,1,1,..,BLD,J,1,,1,1,2,1,1,1.0,84,2016-04-01,0.047,25,123,1,,
2016121080,16LA01832,16,R7573,11,,46,S0209,12,7.0,7,07,07,1,,N,,040116,92,8,3,1,0,2,9.5,1,1,S1080,12,,07,,,,,,.,2ND,1,1,..,BLD,J,2,,0,0,0,1,1,1.0,73,2016-04-01,0.047,24,123,1,,
2016456513,16LA01833,16,T5717,45,,58,T6299,00,2.0,2,02,02,2,0,N,,040116,92,8,2,2,0,2,15.7,1,1,T6513,45,,02,,,,,,2@ONCE,1ST,7,3,..,,J,1,,1,1,2,1,1,1.0,64,2016-04-01,0.0,22,123,1,,
2016456514,16LA01834,16,T5717,45,,58,T6299,00,2.0,2,02,02,2,0,N,,040116,92,8,2,1,0,2,13.1,1,1,T6514,45,,02,,,,,,.,2ND,7,3,..,,J,2,,0,0,0,1,1,1.0,74,2016-04-01,0.0,25,123,1,,
2016456515,16LA01835,16,T4892,45,,62,T5331,45,3.0,3,02,02,2,,N,,040116,92,5,2,1,0,4,13.7,1,1,T6515,45,,02,,,,,,.,.,1,1,..,,J,1,,1,1,1,1,1,1.0,115,2016-04-01,0.053,43,123,1,,
2016833922,16LA01836,16,T4236,45,,6,L1549,70,4.0,4,02,PC,1,0,Y,,040116,92,5,3,2,0,3,14.7,1,1,Z3922,83,,LT,,,,,,.,.,1,1,..,,J,1,,1,1,1,1,1,1.0,103,2016-04-01,0.0,41,123,1,,
2016059557,16LA01837,16,H8955,05,,e5,H8061,05,1.0,1,30,30,4,0,Y,.,040116,92,8,2,2,0,2,6.8,1,1,H9557,05,,30,,,,,,.,1ST.SCOURS,1,1,..,,J,1,,1,1,2,1,1,1.0,62,2016-04-01,0.046,18,123,1,,
2016059558,16LA01838,16,H8955,05,,e5,H8061,05,1.0,1,30,30,4,0,Y,.,040116,92,8,2,3,0,2,6.9,1,1,H9558,05,,30,,,,,,.,2ND.SCOURS,1,1,..,,J,2,,0,0,0,1,1,1.0,59,2016-04-01,0.046,18,123,1,,
2016833923,16LA01839,16,S0171,12,,14,Z3203,00,2.0,2,07,97,1,0,Y,,040116,92,8,3,3,0,2,14.0,5,1,Z3923,83,,10,,,,,,.,1ST,1,1,..,,J,1,,1,1,2,1,1,1.0,91,2016-04-01,0.0,33,123,1,,
2016833924,16LA01840,16,S0171,12,,14,Z3203,00,2.0,2,07,97,1,0,Y,,040116,92,8,3,3,0,2,14.8,5,1,Z3924,83,,10,,,,,,.,2ND.PNEU,1,1,..,,J,2,,0,0,0,1,1,1.0,91,2016-04-01,0.0,36,123,1,,
2016456516,16LA01841,16,T4995,45,,61,T6302,00,3.0,3,02,02,2,,N,,040116,92,5,3,1,0,2,17.1,1,1,T6516,45,,02,,,,,,.,.,1,1,..,,J,1,,1,1,1,1,1,1.0,108,2016-04-01,0.0,44,123,1,,
2016456517,16LA01842,16,T6208,45,,56,T6297,00,1.0,1,02,02,4,,N,,040116,92,5,2,1,0,2,10.0,1,1,T6517,45,,02,,,,,,.,1ST.PNEU.FVR,3,2,..,,J,1,,1,1,1,1,1,1.0,71,2016-04-01,0.0,22,123,1,,
2016833925,16LA01843,16,R7572,11,,56,T6297,00,7.0,7,07,02,2,,N,,040116,92,8,2,2,0,2,11.0,1,1,Z3925,83,,01,,,,,,.,1ST,1,1,..,BLD,J,1,,1,1,2,1,1,1.0,84,2016-04-01,0.0,30,123,1,,
2016833926,16LA01844,16,R7572,11,,56,T6297,00,7.0,7,07,02,2,,N,,040116,92,8,2,2,0,3,9.8,1,1,Z3926,83,,01,6,95,23,,,.,2ND.H,1,1,..,BLD,J,2,,0,0,0,1,0,0.0,0,2016-04-01,0.0,,,,,
2016121081,16LA01845,16,S0101,12,,34,S0732,00,2.0,2,07,07,1,,N,,040116,92,9,1,2,0,2,8.9,1,1,S1081,12,,07,3,93,93,,8,SICKPEN,1ST.CROOKLEGS,1,1,..,BLD,J,1,,1,1,3,1,0,0.0,0,2016-04-01,0.0,,,,,
2016121082,16LA01846,16,S0101,12,,34,S0732,00,2.0,2,07,07,1,,N,,040116,92,9,1,3,0,2,10.2,1,1,S1082,12,,07,3,93,93,,8,.,2ND.H.CROOKLEGS,1,1,..,BLD,J,2,,0,0,0,1,0,0.0,0,2016-04-01,0.0,,,,,
2016121083,16LA01847,16,S0101,12,,34,S0732,00,2.0,2,07,07,1,,N,,040116,92,9,1,1,0,3,9.1,1,1,S1083,12,,07,,,,,,.,3RD,1,1,..,BLD,J,3,,0,0,0,1,1,1.0,76,2016-04-01,0.0,23,123,1,,
D16LA01848,16LA01848,16,S0286,12,,e10,R9999,11,1.0,1,07,07,4,,N,,040116,92,0,1,1,0,2,9.6,1,1,.,,,,0,92,27,,,DRY,1ST.PULLED,6,4,..,,J,1,,1,1,1,0,0,0.0,0,2016-04-01,0.0,,,,,
2016456518,16LA01849,16,T4266,45,,54,T4854,45,4.0,4,02,02,2,0,N,,040116,92,5,3,2,0,2,15.1,1,1,T6518,45,,02,,,,,,.,1ST.H,1,1,..,,J,1,,1,1,1,1,1,1.0,116,2016-04-01,0.055,40,123,1,,
2016121084,16LA01850,16,R9206,11,,50,S0734,00,4.0,4,07,07,1,0,N,,040116,92,9,3,1,0,2,10.9,1,1,S1084,12,,07,,,,,,.,1ST.SCOURS,1,1,..,BLD,J,1,,1,1,3,1,1,1.0,75,2016-04-01,0.0,30,123,1,,
2016121085,16LA01851,16,R9206,11,,50,S0734,00,4.0,4,07,07,1,0,N,,040116,92,9,3,2,0,4,11.4,1,1,S1085,12,,07,,,,,,.,2ND.H.INFCT.EAR,1,1,..,BLD,J,2,,0,0,0,1,1,1.0,72,2016-04-01,0.0,28,123,1,,
2016121086,16LA01852,16,R9206,11,,50,S0734,00,4.0,4,07,07,1,0,N,,040116,92,9,3,2,0,2,8.7,1,1,S1086,12,,07,3,93,93,,8,.,3RD,5,2,..,BLD,J,3,,0,0,0,1,0,0.0,0,2016-04-01,0.0,,,,,
2016456519,16LA01853,16,T5328,45,,55,T5017,45,2.0,2,02,02,2,,N,,040116,92,8,3,2,0,2,12.0,1,1,T6519,45,,02,,,,,,.,1ST,3,2,..,,J,1,,1,1,2,1,1,1.0,104,2016-04-01,0.056,34,123,1,,
2016456520,16LA01854,16,T5328,45,,55,T5017,45,2.0,2,02,02,2,,N,,040116,92,8,3,2,0,2,6.4,1,1,T6520,45,,02,3,93,93,,8,.,2ND.W.P,3,2,..,,J,2,,0,0,0,1,0,0.0,0,2016-04-01,0.056,,,,,
2016456521,16LA01855,16,T5611,45,,59,T6300,00,2.0,2,02,02,2,0,N,,040116,92,5,0,2,0,2,12.8,1,1,T6521,45,,02,,,,S0431,-,SMBAG.WATERY,1ST,1,1,..,,J,1,,1,1,1,1,1,0.5,69,2016-04-01,0.0,22,123,1,,
2016456522,16LA01856,16,T4430,45,,55,T5017,45,4.0,4,02,02,2,0,N,,040116,92,8,3,2,0,4,14.6,1,1,T6522,45,,02,,,,,,SW.BAG.  L.T.,1ST,1,1,..,BLD,J,1,,1,1,2,1,1,1.0,92,2016-04-01,0.039,32,123,1,,
2016456523,16LA01857,16,T4430,45,,55,T5017,45,4.0,4,02,02,2,0,N,,040116,92,8,3,2,0,4,10.9,1,1,T6523,45,,02,6,93,66,,,.,2ND.NOANUS,1,1,..,BLD,J,2,,0,0,0,1,0,0.0,0,2016-04-01,0.039,,,,,
2016833927,16LA01858,16,R9185,11,,62,T5331,45,4.0,4,07,02,2,0,N,,040116,92,5,3,2,0,2,15.2,1,1,Z3927,83,,01,,,,,,SMWARTS,1ST.H,1,1,..,BLD,J,1,,1,1,1,1,1,1.0,103,2016-04-01,0.0,34,123,1,,
2016456524,16LA01859,16,T5789,45,,59,T6300,00,2.0,2,02,02,2,0,N,,040116,92,5,3,2,0,2,16.9,1,1,T6524,45,,02,,,,,,.,1ST.H.SCRS,8,1,..,,J,1,,1,1,1,1,1,1.0,97,2016-04-01,0.0,39,123,1,,
2016121087,16LA01860,16,S0431,12,,e10,R9999,11,1.0,1,07,07,4,,N,,040116,92,5,2,2,0,2,6.0,1,1,S1087,12,,07,6,93,27,T6521,+,.,1ST.W,2,1,..,,J,1,,1,1,1,1,0,0.5,0,2016-04-01,0.038,,,,,
2016121088,16LA01861,16,S0214,12,,41,Z3206,00,2.0,2,07,07,1,0,N,,040116,92,8,3,2,0,2,10.9,1,1,S1088,12,,07,,,,,,.,1ST.SCOURS,1,1,..,,J,1,,1,1,2,1,1,1.0,71,2016-04-01,0.0,25,123,1,,
2016121089,16LA01862,16,S0214,12,,41,Z3206,00,2.0,2,07,07,1,0,N,,040116,92,8,3,2,0,4,9.8,1,1,S1089,12,,07,,,,,,.,2ND,1,1,..,,J,2,,0,0,0,1,1,1.0,79,2016-04-01,0.0,28,123,1,,
2016121090,16LA01863,16,R9911,11,,43,R9922,11,3.0,3,07,07,1,0,N,,040116,92,8,3,2,0,2,11.9,1,1,S1090,12,,07,,,,,,.,1ST.H,1,1,..,BLD,J,1,,1,1,2,1,1,1.0,84,2016-04-01,0.06,26,123,1,,
2016121091,16LA01864,16,R9911,11,,43,R9922,11,3.0,3,07,07,1,0,N,,040116,92,8,3,1,0,2,13.0,1,1,S1091,12,,07,,,,,,.,2ND.H,1,1,..,BLD,J,2,,0,0,0,1,1,1.0,84,2016-04-01,0.06,23,123,1,,
2016833928,16LA01865,16,S0106,12,,58,T6299,00,2.0,2,07,02,2,,N,,040116,92,8,2,1,R,2,12.2,1,1,Z3928,83,,01,,,,,,2@ONCE,1ST.PNEU,7,4,..,,J,1,,1,1,2,1,1,1.0,71,2016-04-01,0.0,24,123,1,,
2016833929,16LA01866,16,S0106,12,,58,T6299,00,2.0,2,07,02,2,,N,,040116,92,8,2,2,0,2,11.6,1,1,Z3929,83,,01,,,,,,.,2ND,2,4,..,,J,2,,0,0,0,1,1,1.0,66,2016-04-01,0.0,24,123,1,,
D16LA01867,16LA01867,16,R9210,11,,52,S0742,00,4.0,4,07,07,1,0,N,,040116,92,7,3,2,0,2,16.4,1,1,.,,,,1,92,44,,,.,1ST.,3,5,..,BLD,J,1,,1,1,2,0,0,0.0,0,2016-04-01,0.0,,,,,
2016121092,16LA01868,16,R9210,11,,52,S0742,00,4.0,4,07,07,1,0,N,,040116,92,7,3,2,0,3,10.6,1,1,S1092,12,,07,,,,,,.,2ND.SCRS,4,5,..,BLD,J,2,,0,0,0,1,1,1.0,87,2016-04-01,0.0,31,123,1,,
2016121093,16LA01869,16,R9881,11,,44,S0052,12,3.0,3,07,07,1,0,N,,040116,92,8,2,2,0,4,9.9,3,1,S1093,12,,07,,,,,,.,1ST.BRNFOOT,1,1,..,,J,1,,1,1,2,1,1,1.0,73,2016-04-01,0.042,23,123,1,,
2016121094,16LA01870,16,R9881,11,,44,S0052,12,3.0,3,07,07,1,0,N,,040116,92,8,2,1,0,2,10.8,1,1,S1094,12,,07,,,,,,.,2ND.H,1,1,..,,J,2,,0,0,0,1,1,1.0,87,2016-04-01,0.042,34,123,1,,
2016121095,16LA01871,16,S0447,12,,35,S0736,00,1.0,1,07,07,4,0,N,.,040216,93,5,2,2,0,2,14.9,1,1,S1095,12,,07,,,,,,SMUDDER,1ST.H,1,1,..,BLD,J,1,,1,1,1,1,1,1.0,87,2016-04-02,0.0,32,123,1,,
2016833930,16LA01872,16,H8096,05,,20,Z3215,00,3.0,3,30,97,1,7,Y,,040216,93,5,2,3,0,2,14.6,5,1,Z3930,83,,80,,,,,,.,1ST.80BLK,1,1,..,,J,1,,1,1,1,1,1,1.0,111,2016-04-02,0.0,40,123,1,,
2016833931,16LA01873,16,T2471,45,,17,Z3210,00,7.0,7,02,97,1,,Y,,040216,93,8,3,2,0,2,12.0,5,1,Z3931,83,,20,,,,,,RF.LAME,1ST.60BLK,1,1,..,,J,1,,1,1,2,1,1,1.0,92,2016-04-02,0.0,34,132,H,,
2016833932,16LA01874,16,T2471,45,,17,Z3210,00,7.0,7,02,97,1,,Y,,040216,93,8,3,2,0,2,14.7,5,1,Z3932,83,,20,,,,,,.,2ND.SCOURS,1,1,..,,J,2,,0,0,0,1,1,1.0,94,2016-04-02,0.0,35,132,H,,
2016833933,16LA01875,16,T4520,45,,21,Z3204,00,4.0,4,02,SM,1,0,Y,,040216,93,8,3,2,0,2,14.6,1,1,Z3933,83,,XT,3,107,93,,,.,1ST.DamDied,1,1,..,,J,1,,1,1,2,1,0,0.0,0,2016-04-02,0.0,,,,,
2016833934,16LA01876,16,T4520,45,,21,Z3204,00,4.0,4,02,SM,1,0,Y,,040216,93,8,3,2,0,2,11.9,1,1,Z3934,83,,XT,3,107,93,,,.,2ND.DamDied,1,1,..,,J,2,,0,0,0,1,0,0.0,0,2016-04-02,0.0,,,,,
2016833935,16LA01877,16,T5176,45,,39,S0740,00,3.0,3,02,41,1,7,N,,040216,93,8,3,2,0,2,14.0,1,1,Z3935,83,,08,,,,,,.,1ST.,1,1,..,,J,1,,1,1,2,1,1,1.0,72,2016-04-02,0.0,26,118,H,,
2016833936,16LA01878,16,T5176,45,,39,S0740,00,3.0,3,02,41,1,7,N,,040216,93,8,3,2,0,2,14.1,1,1,Z3936,83,,08,,,,,,.,2ND.H,1,1,..,,J,2,,0,0,0,1,1,1.0,72,2016-04-02,0.0,28,118,H,,
2016456525,16LA01879,16,T5041,45,,58,T6299,00,3.0,3,02,02,2,,N,,040216,93,8,2,2,0,2,13.1,1,1,T6525,45,,02,,,,,,RUPTURED,1ST.H,1,1,..,,J,1,,1,1,2,1,1,1.0,105,2016-04-02,0.0,23,118,H,,
2016456526,16LA01880,16,T5041,45,,58,T6299,00,3.0,3,02,02,2,,N,,040216,93,8,2,2,0,2,12.3,1,1,T6526,45,,02,3,93,93,,8,.,2ND.H.SPLAYLEG,1,1,..,,J,2,,0,0,0,1,0,0.0,0,2016-04-02,0.0,,,,,
2016833937,16LA01881,16,R9066,11,,60,T6301,00,5.0,5,07,02,2,0,N,,040216,93,9,3,1,0,2,8.9,1,1,Z3937,83,,01,,,,,,.,1ST.H,1,1,..,BLD,J,1,,1,1,3,1,1,1.0,73,2016-04-02,0.0,20,123,1,,
2016833938,16LA01882,16,R9066,11,,60,T6301,00,5.0,5,07,02,2,0,N,,040216,93,9,3,2,0,2,8.0,1,1,Z3938,83,,01,3,93,93,,8,.,2ND.VH.,1,1,..,BLD,J,2,,0,0,0,1,0,0.0,0,2016-04-02,0.0,,,,,
2016833939,16LA01883,16,R9066,11,,60,T6301,00,5.0,5,07,02,2,0,N,,040216,93,9,3,1,0,2,9.3,1,1,Z3939,83,,01,,,,,,.,3RD.,1,1,..,BLD,J,3,,0,0,0,1,1,1.0,75,2016-04-02,0.0,24,123,1,,
2016059559,16LA01884,16,H9045,05,,e7,H8543,05,1.0,1,30,30,4,7,Y,,040216,93,8,2,2,0,2,7.1,1,1,H9559,05,,30,,,,,,.,1ST.P,1,1,..,,J,1,,1,1,2,1,1,1.0,74,2016-04-02,0.03,21,123,1,,
2016059560,16LA01885,16,H9045,05,,e7,H8543,05,1.0,1,30,30,4,7,Y,,040216,93,8,2,2,0,2,6.5,1,1,H9560,05,,30,3,93,93,,8,.,2ND.P.H.,1,1,..,,J,2,,0,0,0,1,0,0.0,0,2016-04-02,0.03,,,,,
2016833940,16LA01886,16,T4506,45,,2,L1339,70,4.0,4,02,PC,1,7,Y,,040216,93,8,3,3,0,2,15.2,1,1,Z3940,83,,LT,,,,,,.,1ST.RTL.LAME,1,1,..,,J,1,,1,1,2,1,1,1.0,100,2016-04-02,0.0,37,123,1,,
2016833941,16LA01887,16,T4506,45,,2,L1339,70,4.0,4,02,PC,1,7,Y,,040216,93,8,3,2,0,2,12.2,1,1,Z3941,83,,LT,,,,,,.,2ND,1,1,..,,J,2,,0,0,0,1,1,1.0,77,2016-04-02,0.0,26,123,1,,
2016121096,16LA01888,16,S0395,12,,e9,R9992,11,1.0,1,07,07,4,0,N,,040216,93,5,2,2,0,2,13.0,1,3,S1096,12,,07,,,,,,.,1ST,8,2,..,,J,1,,1,1,1,1,1,1.0,80,2016-04-02,0.041,26,123,1,,
2016121097,16LA01889,16,S0644,12,,e11,S0041,12,1.0,1,07,07,4,0,N,.,040216,93,5,2,2,0,2,8.1,1,1,S1097,12,,07,,,,,,.,1ST.W,1,1,..,,J,1,,1,1,1,1,1,1.0,60,2016-04-02,0.031,19,123,1,,
2016059561,16LA01890,16,H8973,05,,e7,H8543,05,1.0,1,30,30,4,0,Y,.,040216,93,5,2,3,0,2,13.3,1,1,H9561,05,,30,,,,,,.,1ST.H,1,1,..,BLD,J,1,,1,1,1,1,1,1.0,96,2016-04-02,0.028,29,123,1,,
2016456527,16LA01891,16,T5386,45,,54,T4854,45,2.0,2,02,02,2,7,N,,040216,93,8,3,1,0,2,12.5,1,1,T6527,45,,02,,,,,,L.T.RTSIDEBLOOD,1ST.2@ONCE,7,4,..,,J,1,,1,1,2,1,1,1.0,60,2016-04-02,0.05,18,123,1,,
2016456528,16LA01892,16,T5386,45,,54,T4854,45,2.0,2,02,02,2,7,N,,040216,93,8,3,2,0,2,9.3,1,1,T6528,45,,02,6,94,67,,,.,2ND,7,4,..,,J,2,,0,0,0,1,0,0.0,0,2016-04-02,0.05,,,,,
2016121098,16LA01893,16,R7440,11,,42,R9841,11,7.0,7,07,07,1,,N,,040216,93,5,3,2,0,2,14.9,1,1,S1098,12,,07,,,,,,.,1ST.H,2,2,..,BLD,J,1,,1,1,1,1,1,1.0,97,2016-04-02,0.063,30,123,1,,
2016456529,16LA01894,16,T4557,45,,65,T5603,45,4.0,4,02,02,2,0,N,,040216,93,8,4,2,0,2,11.6,1,1,T6529,45,,02,,,,,,LT,1ST.H,1,1,..,BLD,J,1,,1,1,2,1,1,1.0,88,2016-04-02,0.056,25,123,1,,
2016456530,16LA01895,16,T4557,45,,65,T5603,45,4.0,4,02,02,2,0,N,,040216,93,8,4,1,0,2,12.3,1,1,T6530,45,,02,,,,,,.,2ND,1,1,..,BLD,J,2,,0,0,0,1,1,1.0,84,2016-04-02,0.056,31,123,1,,
2016833942,16LA01896,16,S0047,12,,55,T5017,45,2.0,2,07,02,2,,N,,040216,93,8,3,2,0,2,11.2,1,1,Z3942,83,,01,,,,,,.,1ST.P,8,3,..,,J,1,,1,1,2,1,1,1.0,64,2016-04-02,0.0,25,123,1,,
2016833943,16LA01897,16,S0047,12,,55,T5017,45,2.0,2,07,02,2,,N,,040216,93,8,3,2,0,2,10.9,1,1,Z3943,83,,01,,,,,,.,2ND.,2,3,..,,J,2,,0,0,0,1,1,1.0,64,2016-04-02,0.0,20,123,1,,
2016456531,16LA01898,16,T5729,45,,60,T6301,00,2.0,2,02,02,2,0,N,,040216,93,9,1,3,0,4,7.9,1,1,T6531,45,,02,3,94,93,,8,SMUDDER,1ST.P,1,1,..,,J,1,,1,1,3,1,0,0.0,0,2016-04-02,0.0,,,,,
2016456532,16LA01899,16,T5729,45,,60,T6301,00,2.0,2,02,02,2,0,N,,040216,93,9,1,2,0,4,7.5,1,1,T6532,45,,02,3,94,93,,8,.,2ND.P,1,1,..,,J,2,,0,0,0,1,0,0.0,0,2016-04-02,0.0,,,,,
2016456533,16LA01900,16,T5729,45,,60,T6301,00,2.0,2,02,02,2,0,N,,040216,93,9,1,1,0,2,10.0,1,1,T6533,45,,02,,,,,,.,3RD.H,1,1,..,,J,3,,0,0,0,1,1,1.0,76,2016-04-02,0.0,24,132,2,,
2016121099,16LA01901,16,S0383,12,,e10,R9999,11,1.0,1,07,07,4,0,N,,040216,93,5,0,3,0,2,7.1,1,1,S1099,12,,07,3,94,93,,8,DRY,1ST.P,1,1,..,,J,1,,1,1,1,1,0,0.0,0,2016-04-02,0.037,,,,,
2016833944,16LA01902,16,R8980,11,,28,Z3217,00,5.0,5,07,SM,1,0,Y,,040216,93,8,3,3,0,2,14.3,1,1,Z3944,83,,XR,,,,,,.,1ST.H,1,1,..,BLD,J,1,,1,1,2,1,1,1.0,111,2016-04-02,0.0,46,132,2,,
2016833945,16LA01903,16,R8980,11,,28,Z3217,00,5.0,5,07,SM,1,0,Y,,040216,93,8,3,3,0,2,14.0,1,1,Z3945,83,,XR,,,,,,.,2ND,1,1,..,BLD,J,2,,0,0,0,1,1,1.0,92,2016-04-02,0.0,42,132,2,,
2016456534,16LA01904,16,T5763,45,,54,T4854,45,2.0,2,02,02,2,0,N,,040216,93,8,3,1,0,2,13.4,1,1,T6534,45,,02,,,,,,.,1ST.SCRS,1,1,..,,J,1,,1,1,2,1,1,1.0,83,2016-04-02,0.062,35,132,2,,
2016456535,16LA01905,16,T5763,45,,54,T4854,45,2.0,2,02,02,2,0,N,,040216,93,8,3,2,0,2,11.8,1,1,T6535,45,,02,,,,,,.,2ND.H.ENTROPIAN,1,1,..,,J,2,,0,0,0,1,1,1.0,54,2016-04-02,0.062,19,132,2,,
2016456536,16LA01906,16,T5480,45,,61,T6302,00,2.0,2,02,02,2,7,N,,040316,94,5,3,2,0,2,13.5,1,1,T6536,45,,02,,,,,,.,1ST.H,1,1,..,,J,1,,1,1,1,1,1,1.0,92,2016-04-03,0.0,40,132,2,,
2016456537,16LA01907,16,T3313,45,,59,T6300,00,6.0,6,02,02,2,0,N,,040316,94,8,3,2,0,2,13.1,1,1,T6537,45,,02,,,,,,.,1ST,1,1,..,,J,1,,1,1,2,1,1,1.0,81,2016-04-03,0.0,35,132,2,,
2016456538,16LA01908,16,T3313,45,,59,T6300,00,6.0,6,02,02,2,0,N,,040316,94,8,3,2,0,2,12.0,1,1,T6538,45,,02,,,,,,.,2ND,1,1,..,,J,2,,0,0,0,1,1,1.0,81,2016-04-03,0.0,34,132,2,,
2016456539,16LA01909,16,T5486,45,,54,T4854,45,2.0,2,02,02,2,,N,,040316,94,9,3,1,0,2,10.1,1,1,T6539,45,,02,7,200,97,,,FEWCHUNKS,1ST.P,1,1,..,,J,1,,1,1,3,1,0,,,2016-04-03,0.071,17,132,2,,
2016456540,16LA01910,16,T5486,45,,54,T4854,45,2.0,2,02,02,2,,N,,040316,94,9,3,2,0,2,10.9,1,1,T6540,45,,02,6,95,66,,,.,2ND.RibFxIntuss,1,1,..,,J,2,,0,0,0,1,0,0.0,0,2016-04-03,0.071,,,,,
2016456541,16LA01911,16,T4708,45,,58,T6299,00,3.0,3,02,02,2,0,N,,040316,94,5,3,2,0,2,13.1,1,1,T6541,45,,02,,,,,,.,1ST.H,1,1,..,,J,1,,1,1,1,1,1,1.0,93,2016-04-03,0.0,42,132,2,,
2016833946,16LA01912,16,R9824,11,,63,T5424,45,3.0,3,07,02,2,0,N,,040316,94,5,3,1,0,2,15.1,1,1,Z3946,83,,01,,,,,,L.T.,1ST.SCRS.BLT?,3,3,..,,J,1,,1,1,1,1,1,1.0,100,2016-04-03,0.0,46,132,2,,
2016456542,16LA01913,16,T5543,45,,59,T6300,00,2.0,2,02,02,2,7,N,,040316,94,8,3,2,0,2,11.8,1,1,T6542,45,,02,,,,,,.,1ST,1,1,..,,J,1,,1,1,2,1,1,1.0,76,2016-04-03,0.0,30,132,2,,
2016456543,16LA01914,16,T5543,45,,59,T6300,00,2.0,2,02,02,2,7,N,,040316,94,8,3,2,0,2,8.5,1,1,T6543,45,,02,,,,,,.,2ND,1,1,..,,J,2,,0,0,0,1,1,1.0,56,2016-04-03,0.0,20,132,2,,
2016121100,16LA01915,16,S0584,12,,e9,R9992,11,1.0,1,07,07,4,0,N,,040316,94,8,3,2,0,2,6.4,1,1,S1100,12,,07,6,95,01,,8,.,1ST.W,1,1,..,BLD,J,1,,1,1,2,1,0,0.0,0,2016-04-03,0.028,,,,,
2016121101,16LA01916,16,S0584,12,,e9,R9992,11,1.0,1,07,07,4,0,N,,040316,94,8,3,2,0,2,7.9,1,1,S1101,12,,07,6,102,67,,,.,2ND.W.LBRDBRTH,1,1,..,BLD,J,2,,0,0,0,1,0,0.0,0,2016-04-03,0.028,,,,,
D16LA01917,16LA01917,16,T3176,45,,20,Z3215,00,6.0,6,02,97,1,0,Y,,040316,94,7,3,2,.,.,13.1,5,1,.,,,,1,94,44,,,.,1ST,3,3,..,,J,1,,1,1,2,0,0,0.0,0,2016-04-03,0.0,,,,,
2016833947,16LA01918,16,T3176,45,,20,Z3215,00,6.0,6,02,97,1,0,Y,,040316,94,7,3,2,0,3,12.3,5,1,Z3947,83,,20,,,,,,.,2ND.SCRS.PNEU,8,4,..,,J,2,,0,0,0,1,1,1.0,93,2016-04-03,0.0,37,132,2,,
D16LA01919,16LA01919,16,T6203,45,,e12,T4366,45,1.0,1,02,02,4,,N,,040316,94,1,0,2,.,.,11.6,1,1,.,,,,1,94,44,,,.,.,1,1,..,,J,1,,1,1,1,0,0,0.0,0,2016-04-03,0.0,,,,,
2016456544,16LA01920,16,T5184,45,,57,T6298,00,3.0,3,02,02,2,0,N,,040316,94,8,3,1,0,3,15.2,1,1,T6544,45,,02,,,,,,.,1ST.NICE,1,1,..,,J,1,,1,1,2,1,1,1.0,52,2016-04-03,0.0,31,132,2,,
2016456545,16LA01921,16,T5184,45,,57,T6298,00,3.0,3,02,02,2,0,N,,040316,94,8,3,2,0,4,14.1,1,1,T6545,45,,02,,,,,,.,2ND.NICE,1,1,..,,J,2,,0,0,0,1,1,1.0,73,2016-04-03,0.0,32,132,2,,
2016121102,16LA01922,16,S0516,12,,38,S0739,00,1.0,1,07,42,4,0,N,.,040316,94,5,0,1,.,.,7.8,1,1,S1102,12,,43,6,95,66,,,.,CLEFTPALATE,1,1,..,,J,1,,1,1,1,1,0,0.0,0,2016-04-03,0.0,,,,,
2016121103,16LA01923,16,S0378,12,,e9,R9992,11,1.0,1,07,07,4,0,N,.,040316,94,5,1,3,0,4,7.1,1,2,S1103,12,,07,6,95,85,,8,.,Enterocolitis,1,1,..,,J,1,,1,1,1,1,0,0.0,0,2016-04-03,0.097,,,,,
2016833948,16LA01924,16,Z2584,83,,13,Z3202,00,2.0,2,97,97,1,,N,,040316,94,5,2,2,0,2,12.5,6,1,Z3948,83,,97,3,95,93,,8,.,WEAK.DUMB,1,1,..,BLD,J,1,,1,1,1,1,0,0.0,0,2016-04-03,0.0,,,,,
2016833949,16LA01925,16,Z3009,83,,59,T6300,00,1.0,1,08,02,4,0,N,,040416,95,8,1,2,0,2,9.3,1,1,Z3949,83,,02,,,,,,OKFORONE,1ST,1,1,..,,J,1,,1,1,2,1,1,1.0,85,2016-04-04,0.0,34,132,2,,
2016833950,16LA01926,16,Z3009,83,,59,T6300,00,1.0,1,08,02,4,0,N,,040416,95,8,1,3,0,2,11.5,1,1,Z3950,83,,02,3,95,93,,8,LF.LAME,2ND,1,1,..,,J,2,,0,0,0,1,0,0.0,0,2016-04-04,0.0,,,,,
2016456546,16LA01927,16,T5681,45,,61,T6302,00,2.0,2,02,02,2,0,N,,040416,95,8,2,2,0,4,7.1,1,1,T6546,45,,02,3,95,93,,8,.,.,1,1,..,,J,1,,1,1,2,1,0,0.0,0,2016-04-04,0.0,,,,,
2016456547,16LA01928,16,T5681,45,,61,T6302,00,2.0,2,02,02,2,0,N,,040416,95,8,2,3,0,2,8.1,1,1,T6547,45,,02,3,98,93,,,.,MILD.SCOURS,1,1,..,,J,2,,0,0,0,1,0,0.0,0,2016-04-04,0.0,,,,,
D16LA01929,16LA01929,16,R9926,11,,20,Z3215,00,3.0,3,07,97,1,0,Y,,040116,92,7,3,2,.,.,13.0,5,1,.,,,,1,92,44,,,.,2ND,1,1,..,BLD,Y,2,,0,0,0,0,0,0.0,0,2016-04-01,0.0,,,,,
D16LA01930,16LA01930,16,T5486,45,,54,T4854,45,2.0,2,02,02,2,,N,,040316,94,9,3,2,.,2,11.4,1,1,.,,,,1,94,44,,,.,3RDHeadTwist,7,3,..,,J,3,,0,0,0,0,0,0.0,0,2016-04-03,0.071,,,,,
2016833951,16LA01931,16,R9799,11,,54,T4854,45,3.0,3,07,02,2,,N,,040416,95,9,2,2,0,4,11.4,1,1,Z3951,83,,01,,,,,,.,1ST,1,1,..,,J,1,,1,1,3,1,1,1.0,73,2016-04-04,0.0,30,132,2,,
2016833952,16LA01932,16,R9799,11,,54,T4854,45,3.0,3,07,02,2,,N,,040416,95,9,2,2,R,4,11.4,1,1,Z3952,83,,01,,,,,,.,2ND,3,3,..,,J,2,,0,0,0,1,1,1.0,69,2016-04-04,0.0,30,132,2,,
2016833953,16LA01933,16,R9799,11,,54,T4854,45,3.0,3,07,02,2,,N,,040416,95,9,2,3,0,2,8.6,1,1,Z3953,83,,01,3,94,93,,8,.,3RD.ALLEGSCR,1,1,..,,J,3,,0,0,0,1,0,0.0,0,2016-04-04,0.0,,,,,
2016456548,16LA01934,16,T2578,45,,55,T5017,45,7.0,7,02,02,2,,N,,040416,95,8,4,2,0,2,12.5,1,1,T6548,45,,02,,,,,,BIGTITS,1ST.CR.FLEGS,3,3,..,,J,1,,1,1,2,1,1,1.0,98,2016-04-04,0.039,33,118,H,,
2016456549,16LA01935,16,T2578,45,,55,T5017,45,7.0,7,02,02,2,,N,,040416,95,8,4,1,0,4,14.6,1,1,T6549,45,,02,,,,,,.,2ND.LHOCKFX,1,1,..,,J,2,,0,0,0,1,1,1.0,108,2016-04-04,0.039,22,118,H,,
2016456550,16LA01936,16,T5686,45,,63,T5424,45,2.0,2,02,02,2,0,N,,040416,95,8,3,1,0,2,11.2,1,1,T6550,45,,02,,,,,,.,1ST,1,1,..,,J,1,,1,1,2,1,1,1.0,94,2016-04-04,0.058,36,132,2,,
2016456551,16LA01937,16,T5686,45,,63,T5424,45,2.0,2,02,02,2,0,N,,040416,95,8,3,1,2,2,9.2,1,1,T6551,45,,02,6,96,67,,,.,2ND.WEAK,6,4,..,,J,2,,0,0,0,1,0,0.0,0,2016-04-04,0.058,,,,,
D16LA01938,16LA01938,16,H9242,05,,e7,H8543,05,1.0,1,30,30,4,7,Y,,040416,95,4,1,1,.,.,5.8,1,1,.,,,,1,95,44,,,.,1ST,1,1,..,,J,1,,1,1,2,0,0,0.0,0,2016-04-04,0.0,,,,,
D16LA01939,16LA01939,16,H9242,05,,e7,H8543,05,1.0,1,30,30,4,7,Y,,040416,95,4,1,1,.,.,5.7,1,1,.,,,,1,95,44,,,.,2ND,1,1,..,,J,2,,0,0,0,0,0,0.0,0,2016-04-04,0.0,,,,,
D16LA01940,16LA01940,16,Z2476,83,,19,Z0000,83,2.0,2,CM,97,1,0,N,,040416,95,4,3,2,.,.,8.7,5,1,.,,,,1,95,44,Z3957,+,.,1ST,3,3,..,OR,J,1,,1,1,2,0,0,0.0,0,2016-04-04,0.0,,,,,
D16LA01941,16LA01941,16,Z2476,83,,19,Z0000,83,2.0,2,CM,97,1,0,N,,040416,95,4,3,1,.,.,8.4,5,1,.,,,,1,95,44,,,.,2ND,4,3,..,OR,J,2,,0,0,0,0,0,0.0,0,2016-04-04,0.0,,,,,
2016456552,16LA01942,16,T5597,45,,54,T4854,45,2.0,2,02,02,2,0,N,,040416,95,8,3,1,2,3,12.9,1,1,T6552,45,,02,,,,,,.,1ST,1,1,..,,J,1,,1,1,2,1,1,1.0,74,2016-04-04,0.043,32,132,2,,
2016456553,16LA01943,16,T5597,45,,54,T4854,45,2.0,2,02,02,2,0,N,,040416,95,8,3,2,0,2,11.0,1,1,T6553,45,,02,6,131,19,,,.,2ND,1,1,..,,J,2,,0,0,0,1,0,,,2016-04-04,0.043,0,0,,,
2016833954,16LA01944,16,R9169,11,,57,T6298,00,4.0,4,07,02,2,0,N,,040416,95,5,3,1,0,2,15.9,1,1,Z3954,83,,01,,,,,,WARTS,.,1,1,..,BLD,J,1,,1,1,1,1,1,1.0,101,2016-04-04,0.0,44,132,2,,
2016456554,16LA01945,16,T2533,45,,63,T5424,45,7.0,7,02,02,2,,N,,040416,95,8,3,1,0,2,13.8,1,1,T6554,45,,02,,,,,,.,1ST,1,1,..,,J,1,,1,1,2,1,1,1.0,65,2016-04-04,0.055,25,132,2,,
2016456555,16LA01946,16,T2533,45,,63,T5424,45,7.0,7,02,02,2,,N,,040416,95,8,3,1,0,2,12.5,1,1,T6555,45,,02,,,,,,.,2ND,1,1,..,,J,2,,0,0,0,1,1,1.0,52,2016-04-04,0.055,19,132,2,,
2016059562,16LA01947,16,H9108,05,,e6,H8210,05,1.0,1,30,30,4,0,Y,.,040416,95,5,1,2,0,2,9.5,2,1,H9562,05,,30,,,,,,.,BR.ON.LEGS,1,1,..,,J,1,,1,1,1,1,1,1.0,64,2016-04-04,0.023,26,132,2,,
2016833955,16LA01948,16,H8615,05,,19,Z0000,83,2.0,2,30,97,1,7,Y,,040416,95,8,2,2,0,2,12.1,5,1,Z3955,83,,80,,,,,,.,1ST,1,1,..,,J,1,,1,1,2,1,1,1.0,84,2016-04-04,0.0,31,132,2,,
2016833956,16LA01949,16,H8615,05,,19,Z0000,83,2.0,2,30,97,1,7,Y,,040416,95,8,2,2,0,2,8.5,5,1,Z3956,83,,80,,,,,,.,2ND,1,1,..,,J,2,,0,0,0,1,1,1.0,76,2016-04-04,0.0,31,132,2,,
2016456556,16LA01950,16,T2565,45,,57,T6298,00,7.0,7,02,02,2,,N,,040416,95,5,3,1,0,2,16.6,1,1,T6556,45,,02,,,,,,.,.,1,1,..,,J,1,,1,1,1,1,1,1.0,100,2016-04-04,0.0,39,132,2,,
D16LA01951,16LA01951,16,R9809,11,,46,S0209,12,3.0,3,07,07,1,0,N,,040516,96,9,2,1,.,.,8.2,1,1,.,,,,1,96,44,,,2@ONCE,1ST,7,4,..,,J,1,,1,1,3,0,0,0.0,0,2016-04-05,0.029,,,,,
2016121104,16LA01952,16,R9809,11,,46,S0209,12,3.0,3,07,07,1,0,N,,040516,96,9,2,1,0,3,12.4,1,1,S1104,12,,07,,,,,,.,2ND,7,4,..,,J,2,,0,0,0,1,1,1.0,107,2016-04-05,0.029,39,132,2,,
2016121105,16LA01953,16,R9809,11,,46,S0209,12,3.0,3,07,07,1,0,N,,040516,96,9,2,1,0,2,7.7,1,1,S1105,12,,07,,,,S0376,-,.,3RD,1,1,..,,J,3,,0,0,0,1,1,0.5,83,2016-04-05,0.029,31,132,2,,
2016833957,16LA01954,16,H6644,05,,19,Z0000,83,5.0,5,30,97,1,0,Y,,040516,96,9,3,2,0,2,7.2,5,1,Z3957,83,,80,3,96,93,Z2476,-,.,1ST.WEAK,3,2,..,BLD,J,1,,1,1,3,1,0,0.0,0,2016-04-05,0.0,,,,,
2016833958,16LA01955,16,H6644,05,,19,Z0000,83,5.0,5,30,97,1,0,Y,,040516,96,9,3,3,0,2,11.5,5,1,Z3958,83,,80,,,,,,.,2ND,5,1,..,BLD,J,2,,0,0,0,1,1,1.0,83,2016-04-05,0.0,32,132,2,,
2016833959,16LA01956,16,H6644,05,,19,Z0000,83,5.0,5,30,97,1,0,Y,,040516,96,9,3,2,0,2,9.5,5,1,Z3959,83,,80,,,,,,.,3RD.SCRS,1,1,..,BLD,J,3,,0,0,0,1,1,1.0,81,2016-04-05,0.0,30,132,2,,
D16LA01957,16LA01957,16,S0376,12,,e10,R9999,11,1.0,1,07,07,4,,N,,040516,96,1,3,2,.,.,11.7,1,1,.,,,,1,96,44,S1105,+,.,.,1,1,..,,J,1,,1,1,1,0,0,0.5,0,2016-04-05,0.0,,,,,
2016059563,16LA01958,16,H8958,05,,e6,H8210,05,1.0,1,30,30,4,0,Y,,040516,96,5,3,3,0,2,12.3,1,1,H9563,05,,30,,,,,,FLIGHTY,.,1,1,..,,J,1,,1,1,1,1,1,1.0,87,2016-04-05,0.018,32,132,2,,
2016833960,16LA01959,16,X7710,82,,BR3,Z0000,83,7.0,7,TC,97,5,,Y,,040516,96,8,3,3,0,2,14.0,5,1,Z3960,83,,S3,,,,,,.,1ST,1,1,..,GRN,J,1,,1,1,2,1,1,1.0,107,2016-04-05,0.0,43,132,H,,
2016833961,16LA01960,16,X7710,82,,BR3,Z0000,83,7.0,7,TC,97,5,,Y,,040516,96,8,3,3,0,4,12.0,5,1,Z3961,83,,S3,,,,,,.,2ND,1,1,..,GRN,J,2,,0,0,0,1,1,1.0,107,2016-04-05,0.0,39,132,H,,
2016456557,16LA01961,16,T5555,45,,55,T5017,45,2.0,2,02,02,2,0,N,,040516,96,8,3,1,0,2,12.1,1,1,T6557,45,,02,,,,,,.,1ST.CONTTEND,3,4,..,,J,1,,1,1,2,1,1,1.0,73,2016-04-05,0.061,25,132,2,,
2016456558,16LA01962,16,T5555,45,,55,T5017,45,2.0,2,02,02,2,0,N,,040516,96,8,3,2,0,2,10.1,1,1,T6558,45,,02,,,,,,.,2ND,3,4,..,,J,2,,0,0,0,1,1,1.0,59,2016-04-05,0.061,19,132,2,,
2016833962,16LA01963,16,Z1747,83,,20,Z0000,83,3.0,3,CM,97,1,,N,,040516,96,5,3,2,0,2,16.9,5,1,Z3962,83,,SY,,,,,,.,1ST.95BLK,1,1,..,OR,J,1,,1,1,1,1,1,1.0,110,2016-04-05,0.0,40,123,H,,
2016456559,16LA01964,16,T4222,45,,65,T5603,45,4.0,4,02,02,2,0,N,,040516,96,8,3,1,0,2,13.4,1,1,T6559,45,,02,,,,,,.,1ST.P.H.,1,1,..,,J,1,,1,1,2,1,1,1.0,88,2016-04-05,0.051,36,132,2,,
2016456560,16LA01965,16,T4222,45,,65,T5603,45,4.0,4,02,02,2,0,N,,040516,96,8,3,2,0,2,13.8,1,1,T6560,45,,02,,,,,,.,2ND.P.H.,3,3,..,,J,2,,0,0,0,1,1,1.0,81,2016-04-05,0.051,33,132,2,,
2016833963,16LA01966,16,T5343,45,,37,S0738,00,2.0,2,02,07,1,,N,,040516,96,8,3,1,0,2,11.0,5,1,Z3963,83,,08,,,,,,.,1ST.95BLK,1,1,..,,J,1,,1,1,2,1,1,1.0,74,2016-04-05,0.0,30,132,2,,
2016833964,16LA01967,16,T5343,45,,37,S0738,00,2.0,2,02,07,1,,N,,040516,96,8,3,1,0,2,11.4,5,1,Z3964,83,,08,,,,,,.,2ND.85BLK,1,1,..,,J,2,,0,0,0,1,1,1.0,87,2016-04-05,0.0,32,132,2,,
2016456561,16LA01968,16,T4390,45,,54,T4854,45,4.0,4,02,02,2,0,N,,040516,96,5,3,2,R,2,17.0,1,1,T6561,45,,02,,,,,,.,1ST.H.UPPR.ENT,1,1,..,,J,1,,1,1,1,1,1,1.0,76,2016-04-05,0.045,43,132,2,,
2016121106,16LA01969,16,S0315,12,,e11,S0041,12,1.0,1,07,07,4,0,N,.,040516,96,5,2,2,0,2,11.6,1,1,S1106,12,,07,,,,,,SMUDDER,1ST,8,2,..,,J,1,,1,1,1,1,1,1.0,77,2016-04-05,0.037,30,132,2,,
2016059564,16LA01970,16,H9195,05,,e5,H8061,05,1.0,1,30,30,4,0,N,,040516,96,5,2,3,0,2,10.9,1,1,H9564,05,,30,,,,,,.,.,1,1,..,BLD,J,1,,1,1,1,1,1,1.0,85,2016-04-05,0.044,34,132,2,,
2016456562,16LA01971,16,T5724,45,,56,T6297,00,2.0,2,02,02,2,,N,,040616,97,8,2,1,0,2,12.2,1,1,T6562,45,,02,,,,,,.,1ST,1,1,..,,J,1,,1,1,2,1,1,1.0,75,2016-04-06,0.0,28,132,2,,
2016456563,16LA01972,16,T5724,45,,56,T6297,00,2.0,2,02,02,2,,N,,040616,97,8,2,2,0,4,11.9,1,1,T6563,45,,02,,,,,,.,2ND,1,1,..,,J,2,,0,0,0,1,1,1.0,62,2016-04-06,0.0,21,132,2,,
D16LA01973,16LA01973,16,Z2937,83,,e4,Z2574,83,1.0,1,97,97,4,0,N,.,040616,97,1,1,2,0,2,12.0,6,1,.,,,,1,97,44,,,DRY,1STDAB,5,1,..,BLD,J,1,,1,1,1,0,0,0.0,0,2016-04-06,0.0,,,,,
2016833965,16LA01974,16,S0027,12,,62,T5331,45,2.0,2,07,02,2,0,N,,040616,97,5,3,2,0,2,13.9,1,1,Z3965,83,,01,,,,,,.,1ST,1,1,..,,J,1,,1,1,1,1,1,1.0,103,2016-04-06,0.0,42,132,2,,
2016456564,16LA01975,16,T2439,45,,62,T5331,45,7.0,7,02,02,2,,N,,040616,97,8,3,2,0,2,11.3,1,1,T6564,45,,02,,,,,,.,1ST,1,1,..,BLD,J,1,,1,1,2,1,1,1.0,54,2016-04-06,0.037,21,132,2,,
2016456565,16LA01976,16,T2439,45,,62,T5331,45,7.0,7,02,02,2,,N,,040616,97,8,3,2,0,2,9.4,1,1,T6565,45,,02,,,,,,.,2ND.H,1,1,..,BLD,J,2,,0,0,0,1,1,1.0,56,2016-04-06,0.037,21,132,2,,
2016833966,16LA01977,16,T5568,45,,50,Z0000,83,2.0,2,02,97,1,0,N,,040616,97,5,3,2,0,2,11.0,5,1,Z3966,83,,20,,,,,,.,1ST.95BLK,1,1,..,,J,1,,1,1,1,1,1,1.0,100,2016-04-06,0.0,36,132,2,,
2016121107,16LA01978,16,R9639,11,,41,Z0000,83,3.0,3,07,97,1,,N,,040616,97,8,1,2,0,2,9.1,5,1,S1107,12,,10,3,97,93,,8,.,1ST.85BLK,1,1,..,BLD,J,1,,1,1,2,1,0,0.0,0,2016-04-06,0.0,,,,,
2016121108,16LA01979,16,R9639,11,,41,Z0000,83,3.0,3,07,97,1,,N,,040616,97,8,1,1,R,2,10.1,5,1,S1108,12,,10,,,,,,.,2ND.70BLK,1,1,..,BLD,J,2,,0,0,0,1,1,1.0,105,2016-04-06,0.0,41,132,2,,
2016456566,16LA01980,16,T5043,45,,59,T6300,00,3.0,3,02,02,2,,N,,040616,97,5,3,2,2,2,13.0,1,1,T6566,45,,02,,,,,,.,1ST.H.CONJCTVTS,1,1,..,,J,1,,1,1,1,1,1,1.0,96,2016-04-06,0.0,41,132,2,,
2016456567,16LA01981,16,T5425,45,,59,T6300,00,2.0,2,02,02,2,0,N,,040616,97,7,2,2,2,4,14.6,1,1,T6567,45,,02,,,,,,.,1ST.H,1,1,..,,J,1,,1,1,2,1,1,1.0,94,2016-04-06,0.0,36,132,2,,
D16LA01982,16LA01982,16,T5425,45,,59,T6300,00,2.0,2,02,02,2,0,N,,040616,97,7,2,2,0,2,12.9,1,1,.,,,,1,97,44,,,.,2ND.DAB,1,1,..,,J,2,,0,0,0,0,0,0.0,0,2016-04-06,0.0,,,,,
2016456568,16LA01983,16,T3603,45,,58,T6299,00,5.0,5,02,02,2,7,N,,040616,97,8,3,2,2,2,15.4,1,1,T6568,45,,02,,,,,,.,1ST.H.ENTROPION,1,1,..,,J,1,,1,1,2,1,1,1.0,95,2016-04-06,0.0,30,118,H,,
2016456569,16LA01984,16,T3603,45,,58,T6299,00,5.0,5,02,02,2,7,N,,040616,97,8,3,2,R,2,17.6,1,1,T6569,45,,02,,,,,,.,2ND.H,1,1,..,,J,2,,0,0,0,1,1,1.0,101,2016-04-06,0.0,26,118,H,,
2016456570,16LA01985,16,T4425,45,,62,T5331,45,4.0,4,02,02,2,0,N,,040616,97,5,2,1,0,4,16.0,1,1,T6570,45,,02,,,,,,.,1ST.H,3,3,..,,J,1,,1,1,1,1,1,1.0,115,2016-04-06,0.043,44,132,2,,
2016059565,16LA01986,16,H8866,05,,e5,H8061,05,1.0,1,30,30,4,0,Y,.,040616,97,5,3,2,0,3,6.9,1,1,H9565,05,,30,,,,,,.,1ST,1,1,..,,J,1,,1,1,1,1,1,1.0,80,2016-04-06,0.036,25,132,2,,
2016833967,16LA01987,16,Z2710,83,,e3,Z1488,83,1.0,1,97,97,4,0,N,,040616,97,5,2,1,0,4,14.0,6,1,Z3967,83,,97,,,,,,SMUDDER,1ST.SCRS,1,1,..,BLD,J,1,,1,1,1,1,1,1.0,106,2016-04-06,0.016,35,123,H,,
2016059566,16LA01988,16,H9007,05,,e7,H8543,05,1.0,1,30,30,4,0,Y,,040616,97,8,2,2,0,2,8.2,1,1,H9566,05,,30,,,,,,SMUDDER,1ST.P,1,1,..,,J,1,,1,1,2,1,1,1.0,76,2016-04-06,0.032,28,132,2,,
2016059567,16LA01989,16,H9007,05,,e7,H8543,05,1.0,1,30,30,4,0,Y,,040616,97,8,2,3,0,2,9.1,1,1,H9567,05,,30,3,98,93,,8,.,2ND.P.H.,3,2,..,,J,2,,0,0,0,1,0,0.0,0,2016-04-06,0.032,,,,,
2016059568,16LA01990,16,H9029,05,,e7,H8543,05,1.0,1,30,30,4,0,Y,.,040616,97,8,2,2,0,2,9.2,1,1,H9568,05,,30,,,,,,SMUDDER,1ST,1,1,..,,J,1,,1,1,2,1,1,1.0,76,2016-04-06,0.041,28,132,2,,
2016059569,16LA01991,16,H9029,05,,e7,H8543,05,1.0,1,30,30,4,0,Y,.,040616,97,8,2,2,0,4,8.5,1,1,H9569,05,,30,3,98,93,,8,.,2ND.P,1,1,..,,J,2,,0,0,0,1,0,0.0,0,2016-04-06,0.041,,,,,
2016833968,16LA01992,16,R9983,11,,36,Z0000,83,2.0,2,07,97,1,,N,,040616,97,5,3,2,0,2,13.9,5,1,Z3968,83,,10,,,,,,.,1ST.50BLK,1,1,..,,J,1,,1,1,1,1,1,1.0,94,2016-04-06,0.0,40,132,2,,
2016456571,16LA01993,16,T6257,45,,e12,T4366,45,1.0,1,02,02,4,0,N,.,040716,98,8,1,3,0,2,8.8,1,1,T6571,45,,02,6,104,66,,8,.,1ST.WEAK.PNEU,1,1,..,,J,1,,1,1,2,1,0,0.0,0,2016-04-07,0.041,,,,,
2016456572,16LA01994,16,T6257,45,,e12,T4366,45,1.0,1,02,02,4,0,N,.,040716,98,8,1,2,0,2,9.3,1,1,T6572,45,,02,,,,,,.,2ND.P.SCRS,1,1,..,,J,2,,0,0,0,1,1,1.0,83,2016-04-07,0.041,29,132,2,,
2016833969,16LA01995,16,T5563,45,,38,S0739,00,2.0,2,02,42,1,,N,,040716,98,8,2,2,0,2,12.9,1,1,Z3969,83,,08,,,,,,.,1ST,1,1,..,,J,1,,1,1,2,1,1,1.0,47,2016-04-07,0.0,18,132,2,,
2016833970,16LA01996,16,T5563,45,,38,S0739,00,2.0,2,02,42,1,,N,,040716,98,8,2,1,0,2,13.0,1,1,Z3970,83,,08,,,,,,.,2ND,1,1,..,,J,2,,0,0,0,1,1,1.0,63,2016-04-07,0.0,20,132,2,,
2016121109,16LA01997,16,S0564,12,,e11,S0041,12,1.0,1,07,07,4,0,N,.,040716,98,5,2,1,0,2,12.4,1,1,S1109,12,,07,,,,,,.,1ST,8,1,..,,J,1,,1,1,1,1,1,1.0,66,2016-04-07,0.034,30,132,2,,
2016833971,16LA01998,16,Z2702,83,,e3,Z1488,83,1.0,1,97,97,4,0,N,.,040716,98,8,3,1,0,2,10.8,6,1,Z3971,83,,97,,,,,,.,1ST.PNEU,1,1,..,BLD,J,1,,1,1,2,1,1,1.0,77,2016-04-07,0.022,28,123,H,,
2016833972,16LA01999,16,Z2702,83,,e3,Z1488,83,1.0,1,97,97,4,0,N,.,040716,98,8,3,2,0,2,8.1,6,1,Z3972,83,,97,,,,,,.,2ND,1,1,..,BLD,J,2,,0,0,0,1,1,1.0,73,2016-04-07,0.022,24,123,H,,
2016059570,16LA02000,16,H9066,05,,e5,H8061,05,1.0,1,30,30,4,0,Y,.,040716,98,5,3,3,0,2,10.7,1,1,H9570,05,,30,,,,,,.,1ST,8,1,..,BLD,J,1,,1,1,1,1,1,1.0,87,2016-04-07,0.031,34,132,2,,
2016833973,16LA02001,16,Z2864,83,,e3,Z1488,83,1.0,1,97,97,4,,N,,040716,98,8,1,3,0,2,11.6,6,1,Z3973,83,,97,3,99,93,,8,.,1ST,1,1,..,BLD,J,1,,1,1,2,1,0,0.0,0,2016-04-07,0.016,,,,,
2016833974,16LA02002,16,Z2864,83,,e3,Z1488,83,1.0,1,97,97,4,,N,,040716,98,8,1,2,0,4,9.0,6,1,Z3974,83,,97,3,99,93,,8,.,2ND,1,1,..,BLD,J,2,,0,0,0,1,0,0.0,0,2016-04-07,0.016,,,,,
D16LA02003,16LA02003,16,H9060,05,,e7,H8543,05,1.0,1,30,30,4,0,Y,.,040716,98,7,2,1,.,.,8.1,1,1,.,,,,1,98,44,,,.,1STFEETHEADBACK,7,4,..,,J,1,,1,1,2,0,0,0.0,0,2016-04-07,0.036,,,,,
2016059571,16LA02004,16,H9060,05,,e7,H8543,05,1.0,1,30,30,4,0,Y,.,040716,98,7,2,2,0,2,5.9,1,1,H9571,05,,30,3,99,93,,8,.,2ND.WEAK.DUMB,1,1,..,,J,2,,0,0,0,1,0,0.0,0,2016-04-07,0.036,,,,,
D16LA02005,16LA02005,16,H9243,05,,e8,H8715,05,1.0,1,30,30,4,7,Y,,040716,98,7,2,2,.,.,6.4,1,1,.,,,,1,98,44,,,.,1ST,1,1,..,,J,1,,1,1,2,0,0,0.0,0,2016-04-07,0.041,,,,,
2016059572,16LA02006,16,H9243,05,,e8,H8715,05,1.0,1,30,30,4,7,Y,,040716,98,7,2,3,0,2,7.0,1,1,H9572,05,,30,,,,,,.,2ND,1,1,..,,J,2,,0,0,0,1,1,1.0,77,2016-04-07,0.041,24,132,2,,
2016833975,16LA02007,16,Z2971,83,,e4,Z2574,83,1.0,1,97,97,4,0,N,,040716,98,5,1,1,0,2,10.5,6,1,Z3975,83,,97,,,,,,.,.,1,1,..,BLD,J,1,,1,1,1,1,1,1.0,92,2016-04-07,0.135,28,123,H,,
2016456573,16LA02008,16,T5971,45,,e12,T4366,45,1.0,1,02,02,4,0,N,,040716,98,5,3,1,0,2,12.7,1,1,T6573,45,,02,,,,,,.,BACKWARDS,7,4,..,,J,1,,1,1,1,1,1,1.0,87,2016-04-07,0.041,33,132,2,,
2016121110,16LA02009,16,S0293,12,,39,S0740,00,1.0,1,07,41,4,,N,,040716,98,8,2,1,0,4,8.4,1,1,S1110,12,,42,,,,,,TAILCHEWER,1ST,1,1,..,,J,1,,1,1,2,1,1,1.0,57,2016-04-07,0.0,20,132,2,,
2016121111,16LA02010,16,S0293,12,,39,S0740,00,1.0,1,07,41,4,,N,,040716,98,8,2,1,0,2,8.3,1,1,S1111,12,,42,7,200,97,,,.,2ND,1,1,..,,J,2,,0,0,0,1,0,,,2016-04-07,0.0,17,132,2,,
2016833976,16LA02011,16,T5355,45,,63,Z0000,83,2.0,2,02,97,2,,N,,040816,99,8,2,3,0,2,11.9,5,1,Z3976,83,,20,,,,,,.,1ST,1,1,..,,J,1,,1,1,2,1,1,1.0,61,2016-04-08,0.0,22,132,2,,
2016833977,16LA02012,16,T5355,45,,63,Z0000,83,2.0,2,02,97,2,,N,,040816,99,8,2,3,0,2,9.2,5,1,Z3977,83,,20,,,,,,.,2ND.UGLY,1,1,..,,J,2,,0,0,0,1,1,1.0,51,2016-04-08,0.0,17,132,2,,
2016121112,16LA02013,16,S0195,12,,35,S0736,00,2.0,2,07,07,1,0,N,,040816,99,5,3,2,0,2,12.6,1,1,S1112,12,,07,,,,,,.,.,1,1,..,,J,1,,1,1,1,1,1,1.0,86,2016-04-08,0.0,32,132,2,,
2016833978,16LA02014,16,H7186,05,,19,Z0000,83,5.0,5,30,97,1,0,Y,,040816,99,7,3,2,0,2,14.4,5,1,Z3978,83,,80,,,,,,.,1ST,1,1,..,BLD,J,1,,1,1,2,1,1,1.0,119,2016-04-08,0.0,44,132,2,,
D16LA02015,16LA02015,16,H7186,05,,19,Z0000,83,5.0,5,30,97,1,0,Y,,040816,99,7,3,1,.,.,8.5,5,1,.,,,,1,99,44,,,.,2ND,5,1,..,BLD,J,2,,0,0,0,0,0,0.0,0,2016-04-08,0.0,,,,,
2016059573,16LA02016,16,H9240,05,,e6,H8210,05,1.0,1,30,30,4,0,Y,.,040816,99,8,1,3,0,2,8.6,1,1,H9573,05,,30,,,,T5859,-,.,1ST,1,1,..,,J,1,,1,1,2,1,1,0.5,53,2016-04-08,0.024,19,132,2,,
2016059574,16LA02017,16,H9240,05,,e6,H8210,05,1.0,1,30,30,4,0,Y,.,040816,99,8,1,2,0,2,7.8,1,1,H9574,05,,30,,,,T5859,-,.,2ND,1,1,..,,J,2,,0,0,0,1,1,0.5,47,2016-04-08,0.024,17,132,2,,
2016833979,16LA02018,16,Z2820,83,,38,S0739,00,1.0,1,01,42,4,0,N,.,040816,99,5,1,3,0,2,13.9,1,1,Z3979,83,,43,3,100,93,,8,SM.BAG,PULLED,3,3,..,,J,1,,1,1,1,1,0,0.0,0,2016-04-08,0.0,,,,,
2016121113,16LA02019,16,S0710,12,,40,S0741,00,1.0,1,07,41,4,0,N,,040816,99,5,1,2,0,4,8.9,1,1,S1113,12,,42,3,100,93,,8,.,.,1,1,..,,J,1,,1,1,1,1,0,0.0,0,2016-04-08,0.0,,,,,
2016121114,16LA02020,16,S0465,12,,38,S0739,00,1.0,1,07,42,4,0,N,.,040816,99,5,2,1,0,2,15.4,1,1,S1114,12,,43,,,,,,,,8,3,..,BLD,J,1,,1,1,1,1,1,1.0,82,2016-04-08,0.0,31,132,2,,
2016833980,16LA02021,16,Z2871,83,,58,T6299,00,1.0,1,01,02,4,0,N,,040816,99,5,2,1,0,2,13.9,1,6,Z3980,83,,02,6,100,66,,,.,PARROT,3,3,..,,J,1,,1,1,1,1,0,0.0,0,2016-04-08,0.0,,,,,
2016833981,16LA02022,16,X7617,82,,BR3,Z0000,83,7.0,7,SC,97,5,,Y,,040916,100,8,3,2,0,2,11.7,5,1,Z3981,83,,00,,,,,,.,.,1,1,..,GRN,J,1,,1,1,2,1,1,1.0,102,2016-04-09,0.0,35,132,H,,
2016833982,16LA02023,16,X7617,82,,BR3,Z0000,83,7.0,7,SC,97,5,,Y,,040916,100,8,3,3,0,4,14.2,6,1,Z3982,83,,00,,,,,,.,.,1,1,..,GRN,J,2,,0,0,0,1,1,1.0,114,2016-04-09,0.0,44,132,H,,
2016833983,16LA02024,16,Z1088,83,,BR3,Z0000,83,4.0,4,S3,97,5,0,Y,,040916,100,8,3,2,0,4,14.1,5,1,Z3983,83,,00,,,,,,.,1ST,1,1,..,GRN,J,1,,1,1,2,1,1,1.0,105,2016-04-09,0.0,40,132,H,,
2016833984,16LA02025,16,Z1088,83,,BR3,Z0000,83,4.0,4,S3,97,5,0,Y,,040916,100,8,3,2,0,2,9.9,5,1,Z3984,83,,00,,,,,,.,2ND,1,1,..,GRN,J,2,,0,0,0,1,1,1.0,92,2016-04-09,0.0,34,132,H,,
2016833985,16LA02026,16,R9906,11,,59,T6300,00,3.0,3,07,02,2,0,N,,040916,100,5,3,1,L,3,13.6,1,1,Z3985,83,,01,,,,,,.,.,8,1,..,,J,1,,1,1,1,1,1,1.0,97,2016-04-09,0.0,42,132,2,,
D16LA02027,16LA02027,16,T5859,45,,e13,T5618,45,1.0,1,02,02,4,7,N,,040916,100,1,3,1,.,.,15.3,9,1,.,,,,1,100,44,H9573,+,+H9574,PULLED,3,3,..,,J,1,,1,1,1,0,0,0.5,0,2016-04-09,0.0,,,,,
2016833986,16LA02028,16,H6977,05,,20,Z0000,83,5.0,5,30,97,1,0,Y,,040916,100,8,2,3,0,2,11.3,5,1,Z3986,83,,80,,,,,,DOWN?,1ST,1,1,..,BLD,J,1,,1,1,2,1,1,1.0,87,2016-04-09,0.0,31,132,2,,
2016833987,16LA02029,16,H6977,05,,20,Z0000,83,5.0,5,30,97,1,0,Y,,040916,100,8,2,2,0,4,10.4,5,1,Z3987,83,,80,,,,,,.,2ND,1,1,..,BLD,J,2,,0,0,0,1,1,1.0,68,2016-04-09,0.0,28,132,2,,
2016121115,16LA02030,16,S0702,12,,e11,S0041,12,1.0,1,07,07,4,0,N,.,040916,100,5,1,1,0,2,9.3,1,1,S1115,12,,07,6,101,66,,,SM.BAG,LEG.DEFORMED,1,1,..,,J,1,,1,1,1,1,0,0.0,0,2016-04-09,0.035,,,,,
2016121116,16LA02031,16,S0700,12,,39,S0740,00,1.0,1,07,41,4,0,N,.,041016,101,5,3,2,0,4,12.4,2,1,S1116,12,,42,,,,,,.,BL.L.EYE,1,1,..,,J,1,,1,1,1,1,1,1.0,95,2016-04-10,0.0,35,132,2,,
2016121117,16LA02032,16,S0401,12,,40,S0741,00,1.0,1,07,41,4,0,N,,041016,101,5,3,1,0,4,14.4,1,1,S1117,12,,42,7,200,97,,,.,.,1,1,..,,J,1,,1,1,1,1,0,,,2016-04-10,0.0,34,132,2,,
2016833988,16LA02033,16,T5395,45,,57,Z0000,83,2.0,2,02,97,2,7,N,,041016,101,5,3,3,0,4,15.7,5,1,Z3988,83,,20,,,,,,.,.,1,1,..,,J,1,,1,1,1,1,1,1.0,116,2016-04-10,0.0,43,132,2,,
2016833989,16LA02034,16,R9674,11,,41,Z0000,83,3.0,3,07,97,1,0,N,,041016,101,9,3,2,0,2,10.1,5,1,Z3989,83,,10,3,102,93,,8,.,1ST,1,1,..,,J,1,,1,1,3,1,0,0.0,0,2016-04-10,0.0,,,,,
2016833990,16LA02035,16,R9674,11,,41,Z0000,83,3.0,3,07,97,1,0,N,,041016,101,9,3,2,0,2,11.6,5,1,Z3990,83,,10,,,,,,.,NO.ORDER,1,1,..,,J,2,,0,0,0,1,1,1.0,98,2016-04-10,0.0,32,132,2,,
2016833991,16LA02036,16,R9674,11,,41,Z0000,83,3.0,3,07,97,1,0,N,,041016,101,9,3,2,0,2,12.8,5,1,Z3991,83,,10,,,,,,.,NO.ORDER,1,1,..,,J,3,,0,0,0,1,1,1.0,86,2016-04-10,0.0,32,132,2,,
2016456574,16LA02037,16,T6003,45,,e12,T4366,45,1.0,1,02,02,4,0,N,,041016,101,5,2,1,0,4,8.4,1,1,T6574,45,,02,6,106,67,,,.,HYPOTHERMIA,1,1,..,,J,1,,1,1,1,1,0,0.0,0,2016-04-10,0.043,,,,,
2016059575,16LA02038,16,H9251,05,,e6,H8210,05,1.0,1,30,30,4,0,Y,.,041016,101,8,2,2,0,2,5.2,1,1,H9575,05,,30,,,,,,.,1ST.HYPOTHERMIA,1,1,..,,J,1,,1,1,2,1,1,1.0,67,2016-04-10,0.029,18,132,2,,
2016059576,16LA02039,16,H9251,05,,e6,H8210,05,1.0,1,30,30,4,0,Y,.,041016,101,8,2,2,0,2,5.0,1,1,H9576,05,,30,3,102,93,,8,.,2ND.WEAK.COLD,1,1,..,,J,2,,0,0,0,1,0,0.0,0,2016-04-10,0.029,,,,,
2016833992,16LA02040,16,Z0078,83,,BR3,Z0000,83,5.0,5,S3,97,5,0,Y,,041016,101,5,3,2,0,2,15.9,5,1,Z3992,83,,00,,,,,,.,.,1,1,..,GRN,J,1,,1,1,1,1,1,1.0,116,2016-04-10,0.0,42,132,H,,
2016121118,16LA02041,16,S0528,12,,40,S0741,00,1.0,1,07,41,4,0,N,,041016,101,5,2,2,0,4,12.6,1,1,S1118,12,,42,,,,,,.,.,3,3,..,,J,1,,1,1,1,1,1,1.0,81,2016-04-10,0.0,29,132,2,,
2016456575,16LA02042,16,T6090,45,,58,T6299,00,1.0,1,02,02,4,0,N,.,041016,101,5,1,1,R,2,8.8,1,1,T6575,45,,02,,,,T4519,-,SM.BAG,.,8,2,..,,J,1,,1,1,1,1,1,0.5,82,2016-04-10,0.0,29,132,2,,
2016121119,16LA02043,16,S0402,12,,e10,R9999,11,1.0,1,07,07,4,0,N,.,041016,101,5,2,1,0,4,9.4,1,1,S1119,12,,07,,,,,,.,.,1,1,..,,J,1,,1,1,1,1,1,1.0,86,2016-04-10,0.044,28,132,2,,
2016833993,16LA02044,16,Z2740,83,,40,S0741,00,1.0,1,01,41,4,,N,,041116,102,8,3,1,0,4,9.6,1,1,Z3993,83,,42,6,125,19,,,.,1ST.SCOURS,1,1,..,,J,1,,1,1,2,1,0,,,2016-04-11,0.0,,,,,
2016833994,16LA02045,16,Z2740,83,,40,S0741,00,1.0,1,01,41,4,,N,,041116,102,8,3,1,0,4,11.5,1,1,Z3994,83,,42,6,171,19,,,.,2ND,1,1,..,,J,2,,0,0,0,1,0,,,2016-04-11,0.0,26,132,2,,
2016833995,16LA02046,16,H7498,05,,30,Z0000,83,4.0,4,30,97,1,0,N,,041116,102,8,2,3,0,2,14.0,5,1,Z3995,83,,80,,,,,,WARTS,1ST,1,1,..,BLD,J,1,,1,1,2,1,1,1.0,95,2016-04-11,0.0,37,132,2,,
2016833996,16LA02047,16,H7498,05,,30,Z0000,83,4.0,4,30,97,1,0,N,,041116,102,8,2,2,0,2,11.3,5,1,Z3996,83,,80,,,,,,.,2ND,1,1,..,BLD,J,2,,0,0,0,1,1,1.0,95,2016-04-11,0.0,33,132,2,,
2016833997,16LA02048,16,Z1492,83,,BR3,Z0000,83,3.0,3,C3,97,5,0,Y,,041116,102,5,3,3,0,4,17.6,5,1,Z3997,83,,00,,,,,,.,.,1,1,..,GRN,J,1,,1,1,1,1,1,1.0,138,2016-04-11,0.0,51,132,H,,
2016833998,16LA02049,16,Z1144,83,,BR3,Z0000,83,4.0,4,C3,97,5,0,Y,,041116,102,7,3,3,0,4,14.3,5,1,Z3998,83,,00,,,,,,.,1ST,1,1,..,GRN,J,1,,1,1,2,1,1,1.0,127,2016-04-11,0.0,41,132,H,,
D16LA02050,16LA02050,16,Z1144,83,,BR3,Z0000,83,4.0,4,C3,97,5,0,Y,,041116,102,7,3,2,.,.,8.3,5,1,.,,,,1,102,44,,,.,2ND,1,1,..,GRN,J,2,,0,0,0,0,0,0.0,0,2016-04-11,0.0,,,,,
D16LA02051,16LA02051,16,T4250,45,,23,Z3207,00,4.0,4,02,SM,1,0,Y,,041116,102,4,3,1,.,.,9.9,1,1,.,,,,1,102,44,Z4001,+,.,1ST.ROTTEN,3,4,..,,J,1,,1,1,2,0,0,0.0,0,2016-04-11,0.0,,,,,
D16LA02052,16LA02052,16,T4250,45,,23,Z3207,00,4.0,4,02,SM,1,0,Y,,041116,102,4,3,1,.,.,11.9,1,1,.,,,,1,102,44,,,.,2ND.HDFTBACK,7,4,..,,J,2,,0,0,0,0,0,0.0,0,2016-04-11,0.0,,,,,
2016833999,16LA02053,16,Z0637,83,,BR3,Z0000,83,5.0,5,33,97,5,7,Y,,041116,102,9,3,3,0,4,10.6,5,1,Z3999,83,,83,,,,,,.,1ST,1,1,..,GRN,J,1,,1,1,3,1,1,1.0,104,2016-04-11,0.0,31,132,H,,
2016834000,16LA02054,16,Z0637,83,,BR3,Z0000,83,5.0,5,33,97,5,7,Y,,041116,102,9,3,3,0,3,9.6,5,1,Z4000,83,,83,,,,,,.,2ND,1,1,..,GRN,J,2,,0,0,0,1,1,1.0,112,2016-04-11,0.0,33,132,H,,
2016834001,16LA02055,16,Z0637,83,,BR3,Z0000,83,5.0,5,33,97,5,7,Y,,041116,102,9,3,2,0,4,13.5,5,1,Z4001,83,,83,3,106,93,T4250,-,.,3RD.WorseCond,3,3,..,GRN,J,3,,0,0,0,1,0,0.0,0,2016-04-11,0.0,,,,,
D16LA02056,16LA02056,16,T4519,45,,44,S0052,12,4.0,4,02,07,1,0,N,,041116,102,4,3,2,.,.,13.7,5,1,.,,,,1,102,44,T6575,+,.,1ST,1,1,..,,J,1,,1,1,2,0,0,0.5,0,2016-04-11,0.0,,,,,
D16LA02057,16LA02057,16,T5369,45,,25,Z0000,83,2.0,2,02,97,1,,Y,,041116,102,1,2,1,.,.,13.7,5,1,.,,,,1,102,44,,,LSD.MASTITIS,FOOT.BACK,6,3,..,,J,1,,1,1,1,0,0,0.0,0,2016-04-11,0.0,,,,,
2016834002,16LA02058,16,Z0449,83,,BR3,Z0000,83,5.0,5,33,97,5,7,Y,,041116,102,8,3,3,0,2,14.3,5,1,Z4002,83,,83,,,,,,.,1ST,1,1,..,GRN,J,1,,1,1,2,1,1,1.0,112,2016-04-11,0.0,40,132,H,,
2016834003,16LA02059,16,Z0449,83,,BR3,Z0000,83,5.0,5,33,97,5,7,Y,,041116,102,8,3,2,0,4,15.8,5,1,Z4003,83,,83,,,,,,.,2ND,1,1,..,GRN,J,2,,0,0,0,1,1,1.0,113,2016-04-11,0.0,41,132,H,,
2016834004,16LA02060,16,Z2948,83,,35,S0736,00,1.0,1,01,07,4,0,N,,041116,102,5,2,1,0,2,12.7,1,1,Z4004,83,,07,,,,,,SM.BAG,SCOURS,8,1,..,,J,1,,1,1,1,1,1,1.0,89,2016-04-11,0.0,33,132,2,,
2016059577,16LA02061,16,H8931,05,,e7,H8543,05,1.0,1,30,30,4,7,Y,,041116,102,5,2,2,0,2,10.4,1,1,H9577,05,,30,,,,,,.,.,1,1,..,,J,1,,1,1,1,1,1,1.0,85,2016-04-11,0.027,29,132,2,,
2016121120,16LA02062,16,S0352,12,,e11,S0041,12,1.0,1,07,07,4,,N,,041116,102,8,1,1,0,3,9.6,1,1,S1120,12,,07,,,,,,OKFORONE,1ST,1,1,..,BLD,J,1,,1,1,2,1,1,1.0,86,2016-04-11,0.037,29,132,2,,
2016121121,16LA02063,16,S0352,12,,e11,S0041,12,1.0,1,07,07,4,,N,,041116,102,8,1,2,0,3,8.9,1,1,S1121,12,,07,3,102,93,,8,.,2ND,1,1,..,BLD,J,2,,0,0,0,1,0,0.0,0,2016-04-11,0.037,,,,,
2016834005,16LA02064,16,Z1102,83,,BR3,Z0000,83,4.0,4,C3,97,5,0,Y,,041116,102,8,3,3,0,4,18.4,5,1,Z4005,83,,00,,,,,,.,1ST.UNICRYPT,1,1,..,GRN,J,1,,1,1,2,1,1,1.0,128,2016-04-11,0.0,45,132,H,,
2016834006,16LA02065,16,Z1102,83,,BR3,Z0000,83,4.0,4,C3,97,5,0,Y,,041116,102,8,3,2,0,2,12.9,5,1,Z4006,83,,00,,,,,,.,2ND,1,1,..,GRN,J,2,,0,0,0,1,1,1.0,100,2016-04-11,0.0,34,132,H,,
2016834007,16LA02066,16,R8035,11,,19,Z0000,83,7.0,7,07,97,1,,Y,,041116,102,5,3,2,0,4,15.2,5,1,Z4007,83,,10,,,,,,.,.,1,1,..,BLD,J,1,,1,1,1,1,1,1.0,108,2016-04-11,0.0,41,132,2,,
2016059578,16LA02067,16,H9237,05,,e7,H8543,05,1.0,1,30,30,4,0,Y,.,041116,102,5,2,3,0,2,11.8,1,1,H9578,05,,30,,,,,,.,.,1,1,..,,J,1,,1,1,1,1,1,1.0,77,2016-04-11,0.031,24,132,2,,
2016834008,16LA02068,16,T3034,45,,65,Z0000,83,6.0,6,02,97,2,0,N,,041216,103,5,2,2,R,4,14.8,5,1,Z4008,83,,20,,,,,,.,.,1,1,..,,J,1,,1,1,1,1,1,1.0,109,2016-04-12,0.0,42,132,2,,
2016834009,16LA02069,16,Z0712,83,,BR3,Z0000,83,5.0,5,33,97,5,7,Y,,041216,103,8,3,3,0,4,13.4,5,1,Z4009,83,,83,,,,,,.,1ST,1,1,..,GRN,J,1,,1,1,2,1,1,1.0,107,2016-04-12,0.0,35,132,H,,
2016834010,16LA02070,16,Z0712,83,,BR3,Z0000,83,5.0,5,33,97,5,7,Y,,041216,103,8,3,3,0,4,9.7,5,1,Z4010,83,,83,,,,,,.,2ND,1,1,..,GRN,J,2,,0,0,0,1,1,1.0,103,2016-04-12,0.0,30,132,H,,
2016834011,16LA02071,16,T5652,45,,64,Z0000,83,2.0,2,02,97,2,0,N,,041216,103,8,3,2,0,4,12.4,5,1,Z4011,83,,20,,,,,,.,1ST,1,1,..,,J,1,,1,1,2,1,1,1.0,78,2016-04-12,0.0,26,132,2,,
2016834012,16LA02072,16,T5652,45,,64,Z0000,83,2.0,2,02,97,2,0,N,,041216,103,8,3,2,0,4,12.9,5,1,Z4012,83,,20,,,,,,.,2ND.SCRS,1,1,..,,J,2,,0,0,0,1,1,1.0,82,2016-04-12,0.0,25,132,2,,
2016834013,16LA02073,16,S0453,12,,37,S0738,00,1.0,1,07,07,4,0,N,,041216,103,5,2,2,0,2,13.7,1,1,Z4013,83,,07,,,,,,.,1ST.H,1,1,..,,J,1,,1,1,1,1,1,1.0,89,2016-04-12,0.0,31,132,2,,
2016834014,16LA02074,16,H6751,05,,23,Z0000,83,5.0,5,30,97,1,0,Y,,041316,104,5,3,2,0,2,15.8,5,1,Z4014,83,,80,,,,,,.,1ST.100BLK,1,1,..,BLD,J,1,,1,1,1,1,1,1.0,121,2016-04-13,0.0,41,132,2,,
2016834015,16LA02075,16,T4444,45,,64,Z0000,83,4.0,4,02,97,2,0,N,,041316,104,8,3,1,0,2,15.6,5,1,Z4015,83,,20,,,,,,.,1ST.75BRN,1,1,..,,J,1,,1,1,2,1,1,1.0,88,2016-04-13,0.0,37,132,2,,
2016834016,16LA02076,16,T4444,45,,64,Z0000,83,4.0,4,02,97,2,0,N,,041316,104,8,3,2,0,2,13.6,5,1,Z4016,83,,20,,,,,,.,2ND.80BLK,1,1,..,,J,2,,0,0,0,1,1,1.0,72,2016-04-13,0.0,28,132,2,,
2016834017,16LA02077,16,X7316,82,,BR3,Z0000,83,7.0,7,C3,97,5,,Y,,041316,104,5,3,3,0,2,16.9,5,1,Z4017,83,,00,,,,,,.,1ST,1,1,..,GRN,J,1,,1,1,1,1,1,1.0,141,2016-04-13,0.0,46,132,H,,
2016834018,16LA02078,16,T3148,45,,19,Z0000,83,6.0,6,02,97,1,0,Y,,041316,104,8,4,3,0,4,12.6,5,1,Z4018,83,,20,,,,,,L.T.,1ST.90BRN,1,1,..,,J,1,,1,1,2,1,1,1.0,97,2016-04-13,0.0,29,132,2,,
2016834019,16LA02079,16,T3148,45,,19,Z0000,83,6.0,6,02,97,1,0,Y,,041316,104,8,4,3,0,4,14.0,5,1,Z4019,83,,20,,,,,,.,2ND.60BLK,1,1,..,,J,2,,0,0,0,1,1,1.0,99,2016-04-13,0.0,34,132,2,,
2016834020,16LA02080,16,Z1580,83,,BR3,Z0000,83,3.0,3,C3,97,5,0,Y,,041316,104,8,3,3,0,2,15.6,5,1,Z4020,83,,00,,,,,,.,1ST.90BLK,2,3,..,GRN,J,1,,1,1,2,1,1,1.0,110,2016-04-13,0.0,39,132,H,,
2016834021,16LA02081,16,Z1580,83,,BR3,Z0000,83,3.0,3,C3,97,5,0,Y,,041316,104,8,3,3,0,3,15.9,5,1,Z4021,83,,00,,,,,,.,2ND.95BLK,2,3,..,GRN,J,2,,0,0,0,1,1,1.0,117,2016-04-13,0.0,42,132,H,,
2016834022,16LA02082,16,T5959,45,,59,T6300,00,1.0,1,02,02,4,0,N,,041316,104,5,2,2,0,2,10.4,1,1,Z4022,83,,02,,,,,,SMUDDER,1ST.P,1,1,..,,J,1,,1,1,1,1,1,1.0,79,2016-04-13,0.0,26,132,2,,
2016834023,16LA02083,16,Z1153,83,,BR2,Z0000,83,4.0,4,C3,97,5,0,Y,,041316,104,8,3,2,0,2,15.4,1,1,Z4023,83,,00,,,,,,.,1ST.H,3,3,..,GRN,J,1,,1,1,2,1,1,1.0,93,2016-04-13,0.0,32,132,H,,
2016834024,16LA02084,16,Z1153,83,,BR2,Z0000,83,4.0,4,C3,97,5,0,Y,,041316,104,8,3,2,0,3,10.9,1,1,Z4024,83,,00,,,,,,.,2ND.H,4,3,..,GRN,J,2,,0,0,0,1,1,1.0,96,2016-04-13,0.0,30,132,H,,
2016834025,16LA02085,16,T5131,45,,64,Z0000,83,3.0,3,02,97,2,,N,,041316,104,8,3,2,0,2,14.6,5,1,Z4025,83,,20,,,,,,NOTPUSHING2ND,1ST.85BRN,1,1,..,,J,1,,1,1,2,1,1,1.0,92,2016-04-13,0.0,30,132,2,,
2016834026,16LA02086,16,T5131,45,,64,Z0000,83,3.0,3,02,97,2,,N,,041316,104,8,3,2,0,2,14.0,5,1,Z4026,83,,20,,,,,,.,2ND.85BLK,7,3,..,,J,2,,0,0,0,1,1,1.0,76,2016-04-13,0.0,26,132,2,,
2016834027,16LA02087,16,Z0673,83,,BR3,Z0000,83,5.0,5,33,97,5,7,Y,,041316,104,9,3,3,0,2,11.0,5,1,Z4027,83,,83,,,,,,1ST.2.NO.ORDER,40BN,1,1,..,GRN,J,1,,1,1,3,1,1,1.0,94,2016-04-13,0.0,31,132,H,,
2016834028,16LA02088,16,Z0673,83,,BR3,Z0000,83,5.0,5,33,97,5,7,Y,,041316,104,9,3,2,0,2,13.9,5,1,Z4028,83,,83,,,,,,.,80BRN,1,1,..,GRN,J,2,,0,0,0,1,1,1.0,103,2016-04-13,0.0,35,132,H,,
2016834029,16LA02089,16,Z0673,83,,BR3,Z0000,83,5.0,5,33,97,5,7,Y,,041316,104,9,3,2,0,2,11.8,5,1,Z4029,83,,83,3,105,93,,8,.,3RD90BRN,1,1,..,GRN,J,3,,0,0,0,1,0,0.0,0,2016-04-13,0.0,,,,,
2016834030,16LA02090,16,T4356,45,,19,Z0000,83,4.0,4,02,97,1,0,Y,,041316,104,8,3,2,0,2,12.9,5,1,Z4030,83,,20,,,,,,.,1ST.70BLK,1,1,..,,J,1,,1,1,2,1,1,1.0,89,2016-04-13,0.0,24,132,2,,
2016834031,16LA02091,16,T4356,45,,19,Z0000,83,4.0,4,02,97,1,0,Y,,041316,104,8,3,2,0,2,12.8,5,1,Z4031,83,,20,,,,,,.,2ND.80BLK.SCRS,1,1,..,,J,2,,0,0,0,1,1,1.0,90,2016-04-13,0.0,28,132,2,,
2016834032,16LA02092,16,R8868,11,,52,Z0000,83,5.0,5,07,97,1,0,N,,041416,105,8,3,2,0,2,12.0,5,1,Z4032,83,,10,,,,,,.,SCOURS,1,1,..,BLD,J,1,,1,1,2,1,1,1.0,62,2016-04-14,0.0,23,132,2,,
2016834033,16LA02093,16,R8868,11,,52,Z0000,83,5.0,5,07,97,1,0,N,,041416,105,8,3,3,0,2,12.1,5,1,Z4033,83,,10,,,,,,.,NOORDER,1,1,..,BLD,J,2,,0,0,0,1,1,1.0,71,2016-04-14,0.0,25,132,2,,
2016834034,16LA02094,16,R9872,11,,48,Z0000,83,3.0,3,07,97,1,0,N,,041416,105,9,2,3,0,2,10.2,5,1,Z4034,83,,10,,,,S0093,-,.,1ST80BLK,2,4,..,,J,1,,1,1,3,1,1,0.5,97,2016-04-14,0.0,29,132,2,,
2016834035,16LA02095,16,R9872,11,,48,Z0000,83,3.0,3,07,97,1,0,N,,041416,105,9,2,2,0,2,12.4,5,1,Z4035,83,,10,,,,,,.,2ND.80BLK,2,4,..,,J,2,,0,0,0,1,1,1.0,91,2016-04-14,0.0,32,132,2,,
2016834036,16LA02096,16,R9872,11,,48,Z0000,83,3.0,3,07,97,1,0,N,,041416,105,9,2,2,0,2,10.6,5,1,Z4036,83,,10,,,,,,.,3RD95BLK,2,4,..,,J,3,,0,0,0,1,1,1.0,97,2016-04-14,0.0,29,132,2,,
2016834037,16LA02097,16,T5490,45,,64,Z0000,83,2.0,2,02,97,2,,N,,041416,105,5,2,2,0,2,14.9,5,1,Z4037,83,,20,,,,,,.,1ST.80GRAY,1,1,..,,J,1,,1,1,1,1,1,1.0,109,2016-04-14,0.0,36,132,2,,
D16LA02098,16LA02098,16,S0093,12,,38,S0739,00,2.0,2,07,42,1,0,N,,041316,104,4,2,2,0,2,14.0,1,1,.,,,,1,104,44,Z4034,+,.,ROTTEN,6,4,..,,J,1,,1,1,2,0,0,0.5,0,2016-04-13,0.0,,,,,
D16LA02099,16LA02099,16,S0093,12,,38,S0739,00,2.0,2,07,42,1,0,N,,041316,104,4,2,2,0,2,14.0,1,1,.,,,,1,104,44,,,.,ROTTEN,3,4,..,,J,2,,0,0,0,0,0,0.0,0,2016-04-13,0.0,,,,,
2016834038,16LA02100,16,Z1814,83,,BR3,Z0000,83,3.0,3,C3,97,5,,Y,,041416,105,8,3,3,0,2,16.8,5,1,Z4038,83,,00,,,,,,.,1ST.90BLK,1,1,..,GRN,J,1,,1,1,2,1,1,1.0,97,2016-04-14,0.0,36,132,H,,
2016834039,16LA02101,16,Z1814,83,,BR3,Z0000,83,3.0,3,C3,97,5,,Y,,041416,105,8,3,2,0,2,13.9,5,1,Z4039,83,,00,,,,,,.,2ND.BACKWARDS,7,2,..,GRN,J,2,,0,0,0,1,1,1.0,90,2016-04-14,0.0,34,132,H,,
D16LA02102,16LA02102,16,X8991,82,,BR3,Z0000,83,6.0,6,TC,97,5,0,Y,,041416,105,1,1,2,0,2,16.6,5,1,.,,,,1,105,44,,,DRY,1ST.50BLK,3,4,..,GRN,J,1,,1,1,1,0,0,0.0,0,2016-04-14,0.0,,,,,
2016456576,16LA02103,16,T6110,45,,e12,T4366,45,1.0,1,02,02,4,0,N,,041416,105,8,1,3,0,2,9.7,1,1,T6576,45,,02,3,106,93,,8,.,1ST,1,1,..,,J,1,,1,1,2,1,0,0.0,0,2016-04-14,0.039,,,,,
2016456577,16LA02104,16,T6110,45,,e12,T4366,45,1.0,1,02,02,4,0,N,,041416,105,8,1,2,0,2,8.4,1,1,T6577,45,,02,,,,,,.,2ND.ADR,1,1,..,,J,2,,0,0,0,1,1,1.0,78,2016-04-14,0.039,24,132,2,,
2016834040,16LA02105,16,T4174,45,,64,Z0000,83,4.0,4,02,97,2,0,N,,041416,105,8,2,3,0,2,14.9,5,1,Z4040,83,,20,,,,,,.,1ST,1,1,..,,J,1,,1,1,2,1,1,1.0,104,2016-04-14,0.0,34,132,2,,
2016834041,16LA02106,16,T4174,45,,64,Z0000,83,4.0,4,02,97,2,0,N,,041416,105,8,2,2,0,2,13.7,5,1,Z4041,83,,20,,,,,,.,2ND,1,1,..,,J,2,,0,0,0,1,1,1.0,97,2016-04-14,0.0,34,132,2,,
2016834042,16LA02107,16,R9153,11,,48,Z0000,83,4.0,4,07,97,1,0,N,,041416,105,9,2,2,0,2,10.9,5,1,Z4042,83,,10,,,,,,.,1ST,1,1,..,BLD,J,1,,1,1,3,1,1,1.0,85,2016-04-14,0.0,30,132,2,,
2016834043,16LA02108,16,R9153,11,,48,Z0000,83,4.0,4,07,97,1,0,N,,041416,105,9,2,3,0,2,10.8,5,1,Z4043,83,,10,,,,,,.,2ND.SCOURS,1,1,..,BLD,J,2,,0,0,0,1,1,1.0,85,2016-04-14,0.0,32,132,2,,
2016834044,16LA02109,16,R9153,11,,48,Z0000,83,4.0,4,07,97,1,0,N,,041416,105,9,2,2,0,2,11.2,5,1,Z4044,83,,10,3,106,93,,8,.,3RD,1,1,..,BLD,J,3,,0,0,0,1,0,0.0,0,2016-04-14,0.0,,,,,
2016834045,16LA02110,16,R9109,11,,19,Z0000,83,5.0,5,07,97,1,0,Y,,041516,106,8,2,2,0,3,12.7,5,1,Z4045,83,,10,,,,,,WARTS,1ST,1,1,..,BLD,J,1,,1,1,2,1,1,1.0,93,2016-04-15,0.0,31,132,2,,
2016834046,16LA02111,16,R9109,11,,19,Z0000,83,5.0,5,07,97,1,0,Y,,041516,106,8,2,2,0,3,11.4,5,1,Z4046,83,,10,,,,,,.,2ND,1,1,..,BLD,J,2,,0,0,0,1,1,1.0,83,2016-04-15,0.0,25,132,2,,
2016834047,16LA02112,16,R9630,11,,48,Z0000,83,3.0,3,07,97,1,0,N,,041516,106,5,3,3,0,2,15.6,5,1,Z4047,83,,10,,,,,,.,.,1,1,..,,J,1,,1,1,1,1,1,1.0,116,2016-04-15,0.0,39,132,2,,
2016834048,16LA02113,16,S0176,12,,48,Z0000,83,2.0,2,07,97,1,0,N,,041516,106,8,3,3,0,2,13.4,5,1,Z4048,83,,10,3,107,93,,8,WEAK.DOWN,1ST.THIN.SCRS,8,4,..,,J,1,,1,1,2,1,0,0.0,0,2016-04-15,0.0,,,,,
2016834049,16LA02114,16,S0176,12,,48,Z0000,83,2.0,2,07,97,1,0,N,,041516,106,8,3,2,0,2,12.2,5,1,Z4049,83,,10,6,108,54,Z1448,-,.,2ND.FxRibs,8,4,..,,J,2,,0,0,0,1,0,,,2016-04-15,0.0,,,,,
2016121122,16LA02115,16,S0406,12,,37,S0738,00,1.0,1,07,07,4,0,N,,041516,106,5,3,2,0,2,13.4,1,1,S1122,12,,07,,,,,,.,.,1,1,..,BLD,J,1,,1,1,1,1,1,1.0,94,2016-04-15,0.0,32,132,2,,
2016834050,16LA02116,16,R7867,11,,48,Z0000,83,7.0,7,07,97,1,,N,,041516,106,8,3,2,R,4,11.6,5,1,Z4050,83,,10,,,,,,.,1ST,1,1,..,BLD,J,1,,1,1,2,1,1,1.0,68,2016-04-15,0.0,25,132,2,,
2016834051,16LA02117,16,R7867,11,,48,Z0000,83,7.0,7,07,97,1,,N,,041516,106,8,3,3,0,4,13.2,5,1,Z4051,83,,10,,,,,,.,2ND,1,1,..,BLD,J,2,,0,0,0,1,1,1.0,71,2016-04-15,0.0,26,132,2,,
D16LA02118,16LA02118,16,Z1448,83,,19,Z0000,83,4.0,4,CM,97,1,0,N,,041516,106,1,3,1,.,.,20.0,5,1,.,,,,1,106,44,Z4049,+,.,.,8,4,..,OR,J,1,,1,1,1,0,0,0.0,0,2016-04-15,0.0,,,,,
2016834052,16LA02119,16,T4006,45,,20,Z0000,83,5.0,5,02,97,1,7,Y,,041616,107,8,3,3,0,2,16.0,5,1,Z4052,83,,20,,,,,,.,.,1,1,..,,J,1,,1,1,2,1,1,1.0,98,2016-04-16,0.0,32,132,2,,
2016834053,16LA02120,16,T4006,45,,20,Z0000,83,5.0,5,02,97,1,7,Y,,041616,107,8,3,3,0,3,13.1,5,1,Z4053,83,,20,,,,,,.,.,1,1,..,,J,2,,0,0,0,1,1,1.0,90,2016-04-16,0.0,30,132,2,,
2016834054,16LA02121,16,S0060,12,,48,Z0000,83,2.0,2,07,97,1,,N,,041616,107,8,2,3,0,3,10.8,5,1,Z4054,83,,10,,,,,,.,.,1,1,..,,J,1,,1,1,2,1,1,1.0,83,2016-04-16,0.0,22,132,2,,
2016834055,16LA02122,16,S0060,12,,48,Z0000,83,2.0,2,07,97,1,,N,,041616,107,8,2,2,0,2,11.6,5,1,Z4055,83,,10,,,,,,.,.,1,1,..,,J,2,,0,0,0,1,1,1.0,78,2016-04-16,0.0,22,132,2,,
D16LA02123,16LA02123,16,T4519,45,,44,S0052,12,4.0,4,02,07,1,0,N,,041116,102,4,3,2,.,.,13.5,5,1,.,,,,1,102,44,,,.,2ND,1,1,..,,J,2,,0,0,0,0,0,0.0,0,2016-04-11,0.0,,,,,
2016834056,16LA02124,16,T4989,45,,12,Z0000,83,3.0,3,02,97,1,7,Y,,041616,107,5,3,2,0,4,15.0,1,1,Z4056,83,,20,,,,,,.,.,1,1,..,,J,1,,1,1,1,1,1,1.0,60,2016-04-16,0.0,24,132,2,,
2016121123,16LA02125,16,S0531,12,,e9,R9992,11,1.0,1,07,07,4,0,N,,041616,107,5,2,1,0,4,12.9,1,1,S1123,12,,07,7,200,97,,,.,.,1,1,..,,J,1,,1,1,1,1,0,,,2016-04-16,0.041,30,132,2,,
2016834057,16LA02126,16,Z2894,83,,61,T6302,00,1.0,1,01,02,4,0,N,,041616,107,5,2,1,0,2,11.7,1,1,Z4057,83,,02,6,108,67,,,FLIGHTY,LungsNotInflate,1,1,..,,J,1,,1,1,1,1,0,0.0,0,2016-04-16,0.0,,,,,
2016834058,16LA02127,16,R9270,11,,44,Z0000,83,4.0,4,07,97,1,0,N,,041716,108,5,4,2,0,2,15.8,5,1,Z4058,83,,10,,,,,,BIG.TITS,.,1,1,..,BLD,J,1,,1,1,1,1,1,1.0,104,2016-04-17,0.0,37,132,2,,
2016834059,16LA02128,16,T4559,45,,20,Z0000,83,4.0,4,02,97,1,0,Y,,041716,108,8,3,3,0,2,14.7,5,1,Z4059,83,,20,,,,,,.,.,1,1,..,,J,1,,1,1,2,1,1,1.0,95,2016-04-17,0.0,32,132,2,,
2016834060,16LA02129,16,T4559,45,,20,Z0000,83,4.0,4,02,97,1,0,Y,,041716,108,8,3,3,0,2,14.4,5,1,Z4060,83,,20,,,,,,.,.,1,1,..,,J,2,,0,0,0,1,1,1.0,98,2016-04-17,0.0,30,132,2,,
2016834061,16LA02130,16,T4535,45,,64,Z0000,83,4.0,4,02,97,2,0,N,,041716,108,8,3,3,0,2,16.1,5,1,Z4061,83,,20,,,,,,.,2ND,1,1,..,,J,1,,1,1,2,1,1,1.0,109,2016-04-17,0.0,35,132,2,,
2016834062,16LA02131,16,T4535,45,,64,Z0000,83,4.0,4,02,97,2,0,N,,041716,108,8,3,2,0,2,14.4,5,1,Z4062,83,,20,,,,,,.,1ST,1,1,..,,J,2,,0,0,0,1,1,1.0,95,2016-04-17,0.0,31,132,2,,
2016834063,16LA02132,16,Z1807,83,,BR1,Z0000,83,3.0,3,C3,97,5,0,Y,,041716,108,8,2,3,2,3,16.9,2,1,Z4063,83,,00,,,,,,.,1ST,1,1,..,GRN,J,1,,1,1,2,1,1,1.0,110,2016-04-17,0.0,34,132,H,,
2016834064,16LA02133,16,Z1807,83,,BR1,Z0000,83,3.0,3,C3,97,5,0,Y,,041716,108,8,2,3,2,4,14.9,2,1,Z4064,83,,00,,,,,,.,2ND.EYE.ULCER,8,4,..,GRN,J,2,,0,0,0,1,1,1.0,114,2016-04-17,0.0,34,132,H,,
2016834065,16LA02134,16,T4389,45,,19,Z0000,83,4.0,4,02,97,1,0,Y,,041716,108,8,3,3,0,2,12.3,5,1,Z4065,83,,20,,,,,,.,.,1,1,..,BLD,J,1,,1,1,2,1,1,1.0,75,2016-04-17,0.0,21,132,2,,
2016834066,16LA02135,16,T4389,45,,19,Z0000,83,4.0,4,02,97,1,0,Y,,041716,108,8,3,2,0,3,11.9,5,1,Z4066,83,,20,,,,,,.,.,1,1,..,BLD,J,2,,0,0,0,1,1,1.0,67,2016-04-17,0.0,18,132,2,,
2016834067,16LA02136,16,T5690,45,,48,Z0000,83,2.0,2,02,97,1,,N,,041716,108,8,3,3,0,2,10.8,5,1,Z4067,83,,20,,,,,,.,1ST,1,1,..,BLD,J,1,,1,1,2,1,1,1.0,72,2016-04-17,0.0,21,132,2,,
2016834068,16LA02137,16,T5690,45,,48,Z0000,83,2.0,2,02,97,1,,N,,041716,108,8,3,2,0,2,8.1,5,1,Z4068,83,,20,,,,,,.,2ND,1,1,..,BLD,J,2,,0,0,0,1,1,1.0,63,2016-04-17,0.0,17,132,2,,
2016834069,16LA02138,16,T4787,45,,64,Z0000,83,3.0,3,02,97,2,,N,,041716,108,5,3,2,0,3,16.6,5,1,Z4069,83,,20,,,,,,.,SCOURS,1,1,..,BLD,J,1,,1,1,1,1,1,1.0,106,2016-04-17,0.0,33,132,2,,
2016834070,16LA02139,16,Z0375,83,,BR1,Z0000,83,5.0,5,C3,97,5,0,Y,,041716,108,7,3,2,0,2,13.6,2,1,Z4070,83,,00,,,,,,WARTS,1ST,1,1,..,GRN,J,1,,1,1,2,1,1,1.0,120,2016-04-17,0.0,35,132,H,,
D16LA02140,16LA02140,16,Z0375,83,,BR1,Z0000,83,5.0,5,C3,97,5,0,Y,,041716,108,7,3,1,.,.,18.7,2,1,.,,,,1,108,44,,,.,2ND,5,4,..,GRN,J,2,,0,0,0,0,0,0.0,0,2016-04-17,0.0,,,,,
2016834071,16LA02141,16,Z1297,83,,19,Z0000,83,4.0,4,CM,97,1,0,N,,041716,108,8,3,2,R,2,14.0,5,1,Z4071,83,,SY,,,,,,.,1ST,4,4,..,OR,J,1,,1,1,2,1,1,1.0,104,2016-04-17,0.0,23,123,H,,
2016834072,16LA02142,16,Z1297,83,,19,Z0000,83,4.0,4,CM,97,1,0,N,,041716,108,8,3,2,0,2,14.6,5,1,Z4072,83,,SY,,,,,,.,2ND,1,1,..,OR,J,2,,0,0,0,1,1,1.0,85,2016-04-17,0.0,24,123,H,,
2016834073,16LA02143,16,R8615,11,,48,Z0000,83,6.0,6,07,97,1,0,N,,041816,109,8,3,2,0,2,17.8,5,1,Z4073,83,,10,,,,,,.,1ST.SCOURS,1,1,..,BLD,J,1,,1,1,2,1,1,1.0,99,2016-04-18,0.0,31,132,2,,
2016834074,16LA02144,16,R8615,11,,48,Z0000,83,6.0,6,07,97,1,0,N,,041816,109,8,3,2,0,2,15.0,5,1,Z4074,83,,10,,,,,,.,2ND,1,1,..,BLD,J,2,,0,0,0,1,1,1.0,93,2016-04-18,0.0,31,132,2,,
2016834075,16LA02145,16,T4976,45,,64,Z0000,83,3.0,3,02,97,2,,N,,041816,109,8,3,3,0,3,14.4,5,1,Z4075,83,,20,,,,,,.,1ST,1,1,..,,J,1,,1,1,2,1,1,1.0,97,2016-04-18,0.0,30,132,2,,
2016834076,16LA02146,16,T4976,45,,64,Z0000,83,3.0,3,02,97,2,,N,,041816,109,8,3,2,0,2,13.8,5,1,Z4076,83,,20,,,,,,.,2ND,1,1,..,,J,2,,0,0,0,1,1,1.0,92,2016-04-18,0.0,29,132,2,,
2016834077,16LA02147,16,T3878,45,,64,Z0000,83,5.0,5,02,97,2,7,N,,041816,109,5,3,3,0,2,18.0,5,1,Z4077,83,,20,,,,,,.,.,3,3,..,,J,1,,1,1,1,1,1,1.0,120,2016-04-18,0.0,39,132,2,,
2016834078,16LA02148,16,R8798,11,,16,Z0000,83,5.0,5,07,97,1,0,Y,,041816,109,5,3,3,0,2,16.5,5,1,Z4078,83,,10,,,,,,.,.,1,1,..,BLD,J,1,,1,1,1,1,1,1.0,125,2016-04-18,0.0,35,132,2,,
2016834079,16LA02149,16,S0265,12,,48,Z0000,83,2.0,2,07,97,1,0,N,,041916,110,5,2,2,0,2,18.3,5,1,Z4079,83,,10,,,,,,.,1ST.95BLK,1,1,..,,J,1,,1,1,1,1,1,1.0,108,2016-04-19,0.0,35,132,2,,
2016834080,16LA02150,16,Z2028,83,,19,Z0000,83,3.0,3,CM,97,1,0,N,,042016,111,5,3,2,0,4,17.9,5,1,Z4080,83,,SY,,,,,,.,1ST.40BLK,1,1,..,OR,J,1,,1,1,1,1,1,1.0,101,2016-04-20,0.0,26,123,H,,
2016834081,16LA02151,16,X8719,82,,19,Z0000,83,6.0,6,CM,97,1,0,N,,042016,111,8,3,3,0,4,15.8,5,1,Z4081,83,,SY,,,,,,.,1ST.OMPHALITIS,1,1,..,ORB,J,1,,1,1,2,1,1,1.0,112,2016-04-20,0.0,19,118,H,,
2016834082,16LA02152,16,X8719,82,,19,Z0000,83,6.0,6,CM,97,1,0,N,,042016,111,8,3,2,0,2,15.7,5,1,Z4082,83,,SY,,,,,,.,2ND.90GREY,1,1,..,ORB,J,2,,0,0,0,1,1,1.0,107,2016-04-20,0.0,21,118,H,,
2016834083,16LA02153,16,X8894,82,,BR2,Z0000,83,6.0,6,TC,97,5,0,Y,,042116,112,5,3,3,0,4,18.8,1,1,Z4083,83,,S3,,,,,,L.BAG,1ST,1,1,..,GRN,J,1,,1,1,1,1,1,1.0,115,2016-04-21,0.0,34,132,H,,
2016834084,16LA02154,16,T4106,45,,48,Z0000,83,4.0,4,02,97,1,0,N,,042216,113,5,3,3,0,4,16.5,7,1,Z4084,83,,20,,,,,,.,.,1,1,..,,J,1,,1,1,1,1,1,1.0,130,2016-04-22,0.0,35,132,2,,
D16LA02155,16LA02155,16,T5859,45,,e13,,,,,,,,,,,,,,,,,,,,,,,,,,,,H9574,+,,,,,,,,G,,,,,,0,0.5,,,,,,,,
D16LA02156,16LA02156,16,T3906,45,,26,,,,,,,,,,,,,,,,,,,,,,,,,,,,T6500,+,,,,,,,,G,,,,,,0,0.5,,,,,,,,
