id10,breed,is_unidentified_parent,sex,first_seen_row
US00107998,00,1,1,10PE01369
US45102508,45,1,1,10PE01883
US45102498,45,1,1,10PE01941
US45102624,45,1,1,10PE01992
US45102595,45,1,1,10PE02014
US45102770,45,1,1,10PE02019
US45102744,45,1,1,10PE02143
US45102455,45,1,1,10PE02171
US45102525,45,1,1,10PE02182
US45102518,45,1,1,10PE02183
US45102471,45,1,1,10PE02186
US45102636,45,1,1,10PE02190
US45102570,45,1,1,10PE02191
US45102746,45,1,1,10PE02193
US45102375,45,1,1,10PE02194
US45102533,45,1,1,10PE02195
US45102700,45,1,1,10PE02196
US45102694,45,1,1,10PE02198
US45102567,45,1,1,10PE02199
US45102697,45,1,1,10PE02202
US45102768,45,1,1,10PE02203
US45102685,45,1,1,10PE02204
US45102397,45,1,1,10PE02205
US45102787,45,1,1,10PE02206
US45102437,45,1,1,10PE02207
US45102594,45,1,1,10PE02208
US45102667,45,1,1,10PE02211
US45102504,45,1,1,10PE02212
US45102684,45,1,1,10PE02214
US45102467,45,1,1,10PE02215
US45102345,45,1,1,10PE02216
US45102655,45,1,1,10PE02217
US45102484,45,1,1,10PE02218
US45102494,45,1,1,10PE02219
US45102641,45,1,1,10PE02220
US45102657,45,1,1,10PE02221
US45102557,45,1,1,10PE02222
US45102662,45,1,1,10PE02223
US45102682,45,1,1,10PE02224
US45102763,45,1,1,10PE02225
US45102378,45,1,1,10PE02226
US45102835,45,1,1,10PE02227
US45102560,45,1,1,10PE02228
US45102542,45,1,1,10PE02229
US45102778,45,1,1,10PE02230
US45102353,45,1,1,10PE02231
US45102497,45,1,1,10PE02232
US45102441,45,1,1,10PE02233
US45102677,45,1,1,10PE02234
US45102439,45,1,1,10PE02235
US45102553,45,1,1,10PE02236
US45102598,45,1,1,10PE02237
US45102359,45,1,1,10PE02238
US45102558,45,1,1,10PE02239
US45102563,45,1,1,10PE02240
US45102428,45,1,1,10PE02241
US45102521,45,1,1,10PE02242
US45102364,45,1,1,10PE02243
US45102472,45,1,1,10PE02244
US45102514,45,1,1,10PE02245
US45102530,45,1,1,10PE02246
US45102683,45,1,1,10PE02247
US82104299,82,1,1,10PE02368
US82105968,82,1,1,10PE02572
US82106790,82,1,1,10PE02573
US82102894,82,1,1,10PE02574
US82106766,82,1,1,10PE02575
US82106286,82,1,1,10PE02577
US82105872,82,1,1,10PE02579
US82106100,82,1,1,10PE02580
US82106079,82,1,1,10PE02581
US82106401,82,1,1,10PE02583
US82106743,82,1,1,10PE02586
US82106396,82,1,1,10PE02587
US82106170,82,1,1,10PE02589
US82106092,82,1,1,10PE02590
US82106764,82,1,1,10PE02593
US82106022,82,1,1,10PE02594
US82106037,82,1,1,10PE02595
US82106233,82,1,1,10PE02596
US82106655,82,1,1,10PE02598
US82106068,82,1,1,10PE02599
US82105800,82,1,1,10PE02601
US82105932,82,1,1,10PE02602
US82106274,82,1,1,10PE02604
US82106694,82,1,1,10PE02605
US82105830,82,1,1,10PE02607
US82106784,82,1,1,10PE02609
US82106600,82,1,1,10PE02611
US82106280,82,1,1,10PE02613
US82107682,82,1,1,10PE02678
US82100963,82,1,1,10PE02681
US82108119,82,1,1,10PE02692
US82107745,82,1,1,10PE02732
US82107941,82,1,1,10PE02737
US82105385,82,1,1,10PE02743
US64107983,64,1,1,10PE02746
US64108015,64,1,1,10PE02755
US82107877,82,1,1,10PE02766
US82107687,82,1,1,10PE02797
US82107825,82,1,1,10PE02800
US82102683,82,1,1,10PE02806
US64107866,64,1,1,10PE02816
US82102805,82,1,1,10PE02820
US82102952,82,1,1,10PE02821
US82102827,82,1,1,10PE02822
US82105059,82,1,1,10PE02828
US82103083,82,1,1,10PE02830
US82105239,82,1,1,10PE02844
US82104531,82,1,1,10PE02848
US82105448,82,1,1,10PE02855
US82102623,82,1,1,10PE02856
US82102988,82,1,1,10PE02861
US82102825,82,1,1,10PE02868
US82103511,82,1,1,10PE02870
US82104331,82,1,1,10PE02876
US82101674,82,1,1,10PE02878
US82107996,82,1,1,10PE02885
US82102634,82,1,1,10PE02890
US82103058,82,1,1,10PE02891
US82105181,82,1,1,10PE02903
US82105217,82,1,1,10PE02920
US82103044,82,1,1,10PE02924
US82107567,82,1,1,10PE02927
US82105216,82,1,1,10PE02933
US82105083,82,1,1,10PE02935
US82103462,82,1,1,10PE02936
US82102998,82,1,1,10PE02939
US82103669,82,1,1,10PE02952
US82108021,82,1,1,10PE02953
US82101514,82,1,1,10PE02955
US82104823,82,1,1,10PE02957
US82107917,82,1,1,10PE02963
US82100813,82,1,1,10PE02969
US82107901,82,1,1,10PE02972
US82107980,82,1,1,10PE02977
US82106923,82,1,1,10PE02981
US64104626,64,1,1,10PE02982
US82105042,82,1,1,10PE02990
US82107948,82,1,1,10PE02991
US82102587,82,1,1,10PE02996
US82108099,82,1,1,10PE03001
US82108160,82,1,1,10PE03021
US64107944,64,1,1,10PE03024
US82107791,82,1,1,10PE03025
US82104651,82,1,1,10PE03038
US82101237,82,1,1,10PE03045
US82107984,82,1,1,10PE03052
US82104899,82,1,1,10PE03079
US82105137,82,1,1,10PE03091
US64105528,64,1,1,10PE03103
US64107859,64,1,1,10PE03108
US82104665,82,1,1,10PE03118
US82104527,82,1,1,10PE03119
US82107833,82,1,1,10PE03125
US82104744,82,1,1,10PE03126
US82104765,82,1,1,10PE03131
US00100000,00,1,1,10PE03135
US82107985,82,1,1,10PE03137
US82104385,82,1,1,10PE03146
US82108070,82,1,1,10PE03150
US64107930,64,1,1,10PE03162
US82105187,82,1,1,10PE03163
US82105153,82,1,1,10PE03165
US82107777,82,1,1,10PE03166
US64104822,64,1,1,10PE03167
US82107731,82,1,1,10PE03168
US64107711,64,1,1,10PE03180
US82104775,82,1,1,10PE03189
US82105450,82,1,1,10PE03197
US64107882,64,1,1,10PE03214
US82107456,82,1,1,10PE03216
US64105288,64,1,1,10PE03221
US64105262,64,1,1,10PE03232
US82107967,82,1,1,10PE03239
US64107876,64,1,1,10PE03241
US82108191,82,1,1,10PE03242
US82107906,82,1,1,10PE03243
US82105344,82,1,1,10PE03249
US64107918,64,1,1,10PE03250
US64108109,64,1,1,10PE03256
US64104817,64,1,1,10PE03258
US82107989,82,1,1,10PE03262
US82103481,82,1,1,10PE03264
US82105266,82,1,1,10PE03265
US82107801,82,1,1,10PE03267
US82105188,82,1,1,10PE03275
US64104767,64,1,1,10PE03277
US64105336,64,1,1,10PE03286
US82108071,82,1,1,10PE03294
US82103838,82,1,1,10PE03298
US82108110,82,1,1,10PE03300
US82108116,82,1,1,10PE03309
US82107881,82,1,1,10PE03316
US82103846,82,1,1,10PE03318
US82105010,82,1,1,10PE03320
US82103802,82,1,1,10PE03337
US82105089,82,1,1,10PE03344
US82105223,82,1,1,10PE03345
US64107977,64,1,1,10PE03346
US82104664,82,1,1,10PE03347
US82101087,82,1,1,10PE03349
US82104834,82,1,1,10PE03351
US64108274,64,1,1,10PE03352
US64107482,64,1,1,10PE03359
US82108195,82,1,1,10PE03360
US82107968,82,1,1,10PE03363
US82107942,82,1,1,10PE03375
US82104599,82,1,1,10PE03376
US82105214,82,1,1,10PE03378
US82108048,82,1,1,10PE03379
US82107536,82,1,1,10PE03380
US82104627,82,1,1,10PE03393
US82104884,82,1,1,10PE03394
US82105043,82,1,1,10PE03395
US64108129,64,1,1,10PE03407
US82102898,82,1,1,10PE03415
US82107925,82,1,1,10PE03417
US82104336,82,1,1,10PE03422
US82108127,82,1,1,10PE03423
US82108173,82,1,1,10PE03424
US82101919,82,1,1,10PE03432
US82101895,82,1,1,10PE03437
US82107962,82,1,1,10PE03439
US82105027,82,1,1,10PE03440
US82104911,82,1,1,10PE03441
US64107572,64,1,1,10PE03442
US82107589,82,1,1,10PE03443
US82101541,82,1,1,10PE03444
US64107909,64,1,1,10PE03446
US82106468,82,1,1,10PE03447
US64105045,64,1,1,10PE03450
US82105085,82,1,1,10PE03453
US82104376,82,1,1,10PE03459
US82107714,82,1,1,10PE03464
US82100846,82,1,1,10PE03466
US82105355,82,1,1,10PE03470
US82105496,82,1,1,10PE03473
US82105964,82,1,1,10PE03474
US82102332,82,1,1,10PE03476
US82105493,82,1,1,10PE03477
US64108063,64,1,1,10PE03478
US82108076,82,1,1,10PE03479
US82107775,82,1,1,10PE03483
US64107774,64,1,1,10PE03486
US82107836,82,1,1,10PE03490
US82107646,82,1,1,10PE03491
US82106073,82,1,1,10PE03492
US82107575,82,1,1,10PE03493
US82102002,82,1,1,10PE03496
US82101056,82,1,1,10PE03501
US82108176,82,1,1,10PE03505
US82105186,82,1,1,10PE03506
US82108172,82,1,1,10PE03507
US82107558,82,1,1,10PE03508
US82104993,82,1,1,10PE03509
US82105215,82,1,1,10PE03510
US82106753,82,1,1,10PE03513
US82102297,82,1,1,10PE03515
US64107683,64,1,1,10PE03524
US82101305,82,1,1,10PE03527
US82108091,82,1,1,10PE03531
US82103414,82,1,1,10PE03540
US82106020,82,1,1,10PE03542
US64105047,64,1,1,10PE03544
US64108034,64,1,1,10PE03545
US82107865,82,1,1,10PE03547
US82108049,82,1,1,10PE03549
US64108205,64,1,1,10PE03554
US82108177,82,1,1,10PE03557
US82106288,82,1,1,10PE03558
US64105305,64,1,1,10PE03559
US82106300,82,1,1,10PE03568
US82102137,82,1,1,10PE03572
US82102065,82,1,1,10PE03575
US82101592,82,1,1,10PE03576
US82109291,82,1,1,10PE03579
US82103956,82,1,1,10PE03583
US82101943,82,1,1,10PE03591
US82107622,82,1,1,10PE03597
US82103280,82,1,1,10PE03598
US82107805,82,1,1,10PE03602
US82108056,82,1,1,10PE03607
US82107804,82,1,1,10PE03613
US64107606,64,1,1,10PE03614
US82101978,82,1,1,10PE03615
US82104809,82,1,1,10PE03617
US82101852,82,1,1,10PE03622
US82101258,82,1,1,10PE03628
US64107508,64,1,1,10PE03642
US82104056,82,1,1,10PE03646
US82106675,82,1,1,10PE03648
US82105809,82,1,1,10PE03654
US82107211,82,1,1,10PE03656
US82106755,82,1,1,10PE03662
US82104396,82,1,1,10PE03664
US82107850,82,1,1,10PE03665
US82103023,82,1,1,10PE03668
US82103432,82,1,1,10PE03672
US82103104,82,1,1,10PE03675
US82101363,82,1,1,10PE03679
US82104947,82,1,1,10PE03688
US82101313,82,1,1,10PE03690
US82107973,82,1,1,10PE03698
US82106086,82,1,1,10PE03700
US82108007,82,1,1,10PE03704
US82106134,82,1,1,10PE03705
US82101869,82,1,1,10PE03707
US82107510,82,1,1,10PE03710
US82106669,82,1,1,10PE03712
US82103897,82,1,1,10PE03713
US82105319,82,1,1,10PE03715
US64107759,64,1,1,10PE03717
US82102151,82,1,1,10PE03718
US64105080,64,1,1,10PE03721
US82102119,82,1,1,10PE03723
US82100134,82,1,1,10PE03724
US82106137,82,1,1,10PE03727
US82105470,82,1,1,10PE03732
US82106524,82,1,1,10PE03733
US82107607,82,1,1,10PE03735
US64107971,64,1,1,10PE03736
US82103469,82,1,1,10PE03738
US82103361,82,1,1,10PE03743
US82104955,82,1,1,10PE03747
US82104062,82,1,1,10PE03748
US82103210,82,1,1,10PE03750
US82107835,82,1,1,10PE03754
US82105790,82,1,1,10PE03756
US82107637,82,1,1,10PE03760
US82102192,82,1,1,10PE03761
US64104774,64,1,1,10PE03763
US82104453,82,1,1,10PE03764
US82107634,82,1,1,10PE03769
US82102429,82,1,1,10PE03771
US82107136,82,1,1,10PE03773
US82103239,82,1,1,10PE03777
US64107622,64,1,1,10PE03780
US64108040,64,1,1,10PE03782
US82107588,82,1,1,10PE03783
US64105413,64,1,1,10PE03784
US82106835,82,1,1,10PE03786
US64105468,64,1,1,10PE03788
US82107523,82,1,1,10PE03789
US82103849,82,1,1,10PE03794
US82107248,82,1,1,10PE03796
US82104567,82,1,1,10PE03800
US82104367,82,1,1,10PE03805
US82103331,82,1,1,10PE03806
US82105094,82,1,1,10PE03811
US82105781,82,1,1,10PE03813
US82100940,82,1,1,10PE03814
US82102460,82,1,1,10PE03816
US82101175,82,1,1,10PE03818
US82102360,82,1,1,10PE03820
US82107691,82,1,1,10PE03822
US82105737,82,1,1,10PE03824
US82102785,82,1,1,10PE03825
US82107970,82,1,1,10PE03828
US82102312,82,1,1,10PE03829
US82106635,82,1,1,10PE03831
US82104945,82,1,1,10PE03832
US82106672,82,1,1,10PE03833
US82102541,82,1,1,10PE03834
US82101121,82,1,1,10PE03838
US82103101,82,1,1,10PE03839
US82103685,82,1,1,10PE03841
US82102987,82,1,1,10PE03843
US82105499,82,1,1,10PE03844
US82105466,82,1,1,10PE03847
US82103057,82,1,1,10PE03848
US82107571,82,1,1,10PE03849
US64104983,64,1,1,10PE03850
US82105377,82,1,1,10PE03851
US82106421,82,1,1,10PE03854
US82101836,82,1,1,10PE03856
US82107893,82,1,1,10PE03858
US82106486,82,1,1,10PE03859
US82103699,82,1,1,10PE03861
US82108024,82,1,1,10PE03863
US82100904,82,1,1,10PE03864
US82104797,82,1,1,10PE03866
US82106322,82,1,1,10PE03867
US82107828,82,1,1,10PE03869
US82104946,82,1,1,10PE03870
US82101181,82,1,1,10PE03872
US64107570,64,1,1,10PE03874
US82103670,82,1,1,10PE03875
US82104830,82,1,1,10PE03876
US82102625,82,1,1,10PE03878
US82102991,82,1,1,10PE03880
US82105447,82,1,1,10PE03882
US82105275,82,1,1,10PE03884
US82103630,82,1,1,10PE03886
US82103228,82,1,1,10PE03888
US82105233,82,1,1,10PE03889
US82101754,82,1,1,10PE03890
US82102543,82,1,1,10PE03891
US82102286,82,1,1,10PE03893
US82100992,82,1,1,10PE03894
US82103454,82,1,1,10PE03895
US82105065,82,1,1,10PE03897
US82104828,82,1,1,10PE03899
US82104397,82,1,1,10PE03901
US82100806,82,1,1,10PE03903
US82103118,82,1,1,10PE03905
US82105084,82,1,1,10PE03907
US82105420,82,1,1,10PE03908
US82100821,82,1,1,10PE03909
US82100945,82,1,1,10PE03911
US82104185,82,1,1,10PE03912
US82103201,82,1,1,10PE03914
US82105155,82,1,1,10PE03916
US82101691,82,1,1,10PE03917
US82106926,82,1,1,10PE03918
US82103728,82,1,1,10PE03921
US82101746,82,1,1,10PE03923
US64107955,64,1,1,10PE03924
US82101037,82,1,1,10PE03925
US82102934,82,1,1,10PE03926
US82102810,82,1,1,10PE03927
US82100915,82,1,1,10PE03930
US64111943,64,1,1,11PE00134
US64115703,64,1,1,11PE01916
US82119157,82,1,1,11PE01918
US82116067,82,1,1,11PE01919
US82118938,82,1,1,11PE01920
US82119210,82,1,1,11PE01922
US82119116,82,1,1,11PE01924
US64119032,64,1,1,11PE01925
US64119067,64,1,1,11PE01927
US82118944,82,1,1,11PE01928
US82115652,82,1,1,11PE01929
US82119192,82,1,1,11PE01931
US64119303,64,1,1,11PE01932
US82115914,82,1,1,11PE01933
US82119214,82,1,1,11PE01934
US82119416,82,1,1,11PE01936
US82115759,82,1,1,11PE01937
US64115798,64,1,1,11PE01938
US64119061,64,1,1,11PE01939
US82119460,82,1,1,11PE01941
US82116164,82,1,1,11PE01943
US64119213,64,1,1,11PE01944
US82119382,82,1,1,11PE01945
US82119284,82,1,1,11PE01947
US64119016,64,1,1,11PE01948
US82118176,82,1,1,11PE01949
US82119491,82,1,1,11PE01951
US82119327,82,1,1,11PE01952
US82119312,82,1,1,11PE01953
US64119575,64,1,1,11PE01954
US82115217,82,1,1,11PE01955
US64119278,64,1,1,11PE01957
US82119034,82,1,1,11PE01958
US64114774,64,1,1,11PE01959
US82116209,82,1,1,11PE01961
US82119461,82,1,1,11PE01962
US82118115,82,1,1,11PE01964
US82116002,82,1,1,11PE01966
US82119283,82,1,1,11PE01968
US82115984,82,1,1,11PE01969
US82115893,82,1,1,11PE01970
US82117714,82,1,1,11PE01971
US82115319,82,1,1,11PE01973
US82115059,82,1,1,11PE01974
US64115413,64,1,1,11PE01975
US82114955,82,1,1,11PE01976
US82117833,82,1,1,11PE01978
US82116154,82,1,1,11PE01980
US82118024,82,1,1,11PE01981
US64116244,64,1,1,11PE01982
US64118925,64,1,1,11PE01984
US64116509,64,1,1,11PE01986
US82119267,82,1,1,11PE01987
US82114599,82,1,1,11PE01988
US64119372,64,1,1,11PE01990
US82117989,82,1,1,11PE01991
US64114983,64,1,1,11PE01993
US82119004,82,1,1,11PE01995
US82119103,82,1,1,11PE01997
US82115970,82,1,1,11PE01998
US82119564,82,1,1,11PE02000
US64115468,64,1,1,11PE02001
US82119019,82,1,1,11PE02002
US82117877,82,1,1,11PE02003
US82114699,82,1,1,11PE02005
US64115725,64,1,1,11PE02007
US82117567,82,1,1,11PE02008
US64118034,64,1,1,11PE02010
US82114809,82,1,1,11PE02012
US82118159,82,1,1,11PE02013
US82114884,82,1,1,11PE02015
US82116094,82,1,1,11PE02016
US82119102,82,1,1,11PE02017
US82117589,82,1,1,11PE02018
US82119031,82,1,1,11PE02020
US82116272,82,1,1,11PE02021
US82118056,82,1,1,11PE02022
US82115994,82,1,1,11PE02023
US64117774,64,1,1,11PE02024
US82118023,82,1,1,11PE02026
US82118091,82,1,1,11PE02027
US82115411,82,1,1,11PE02028
US82119480,82,1,1,11PE02030
US82117881,82,1,1,11PE02031
US82116437,82,1,1,11PE02033
US64115080,64,1,1,11PE02034
US64117977,64,1,1,11PE02036
US82115748,82,1,1,11PE02038
US82118195,82,1,1,11PE02039
US82117622,82,1,1,11PE02040
US82115769,82,1,1,11PE02042
US82115926,82,1,1,11PE02044
US82116369,82,1,1,11PE02045
US82115956,82,1,1,11PE02047
US64115900,64,1,1,11PE02048
US82116384,82,1,1,11PE02049
US64117618,64,1,1,11PE02050
US82118116,82,1,1,11PE02052
US82115812,82,1,1,11PE02054
US82117836,82,1,1,11PE02055
US64118063,64,1,1,11PE02056
US82115767,82,1,1,11PE02058
US82115836,82,1,1,11PE02059
US82118127,82,1,1,11PE02060
US82117941,82,1,1,11PE02061
US82119407,82,1,1,11PE02063
US64119062,64,1,1,11PE02065
US82115186,82,1,1,11PE02067
US82117588,82,1,1,11PE02069
US64117918,64,1,1,11PE02070
US82114805,82,1,1,11PE02072
US82117510,82,1,1,11PE02074
US64114767,64,1,1,11PE02075
US64115336,64,1,1,11PE02077
US82114823,82,1,1,11PE02079
US82116119,82,1,1,11PE02082
US82117519,82,1,1,11PE02084
US82118970,82,1,1,11PE02085
US82118076,82,1,1,11PE02087
US64115262,64,1,1,11PE02089
US82119218,82,1,1,11PE02091
US82115089,82,1,1,11PE02092
US64119481,64,1,1,11PE02095
US82117850,82,1,1,11PE02096
US82118049,82,1,1,11PE02097
US82115886,82,1,1,11PE02099
US82115622,82,1,1,11PE02100
US82119217,82,1,1,11PE02101
US82119036,82,1,1,11PE02102
US82119052,82,1,1,11PE02103
US82119521,82,1,1,11PE02104
US82116480,82,1,1,11PE02105
US64119472,64,1,1,11PE02107
US82119168,82,1,1,11PE02108
US82117812,82,1,1,11PE02109
US64117983,64,1,1,11PE02111
US82117682,82,1,1,11PE02113
US82115356,82,1,1,11PE02115
US82115489,82,1,1,11PE02116
US82119515,82,1,1,11PE02118
US64115306,64,1,1,11PE02119
US82119231,82,1,1,11PE02120
US82118946,82,1,1,11PE02121
US64117711,64,1,1,11PE02123
US82115448,82,1,1,11PE02125
US82119509,82,1,1,11PE02127
US82117805,82,1,1,11PE02128
US82115711,82,1,1,11PE02130
US82116146,82,1,1,11PE02131
US82115493,82,1,1,11PE02132
US82119381,82,1,1,11PE02134
US82115188,82,1,1,11PE02135
US82117558,82,1,1,11PE02138
US82117942,82,1,1,11PE02140
US82116167,82,1,1,11PE02141
US82118110,82,1,1,11PE02142
US82115019,82,1,1,11PE02144
US82114627,82,1,1,11PE02146
US82118381,82,1,1,11PE02148
US82115027,82,1,1,11PE02149
US82116177,82,1,1,11PE02152
US82117700,82,1,1,11PE02153
US82115825,82,1,1,11PE02155
US82117691,82,1,1,11PE02156
US64116382,64,1,1,11PE02158
US82119566,82,1,1,11PE02160
US82118007,82,1,1,11PE02161
US82117801,82,1,1,11PE02163
US82114775,82,1,1,11PE02165
US82118191,82,1,1,11PE02166
US82116381,82,1,1,11PE02168
US82114765,82,1,1,11PE02169
US82119211,82,1,1,11PE02171
US64119332,64,1,1,11PE02172
US82115222,82,1,1,11PE02173
US82117620,82,1,1,11PE02175
US64114626,64,1,1,11PE02176
US64117859,64,1,1,11PE02178
US64119046,64,1,1,11PE02180
US82118177,82,1,1,11PE02182
US64115047,64,1,1,11PE02183
US64117944,64,1,1,11PE02185
US64115744,64,1,1,11PE02187
US82117985,82,1,1,11PE02188
US82116010,82,1,1,11PE02190
US82115042,82,1,1,11PE02192
US82114711,82,1,1,11PE02194
US64116388,64,1,1,11PE02196
US82114993,82,1,1,11PE02197
US64115771,64,1,1,11PE02198
US64115835,64,1,1,11PE02200
US82116389,82,1,1,11PE02202
US82118204,82,1,1,11PE02204
US82115010,82,1,1,11PE02206
US64117905,64,1,1,11PE02208
US82114947,82,1,1,11PE02209
US82115344,82,1,1,11PE02211
US82117791,82,1,1,11PE02213
US82118173,82,1,1,11PE02216
US82117976,82,1,1,11PE02218
US82119415,82,1,1,11PE02219
US82115749,82,1,1,11PE02220
US82115355,82,1,1,11PE02221
US64117866,64,1,1,11PE02222
US64117567,64,1,1,11PE02224
US82115214,82,1,1,11PE02225
US82117860,82,1,1,11PE02227
US82115447,82,1,1,11PE02229
US82117962,82,1,1,11PE02231
US82116415,82,1,1,11PE02233
US82119358,82,1,1,11PE02234
US64117955,64,1,1,11PE02235
US82117964,82,1,1,11PE02237
US82117980,82,1,1,11PE02238
US82115686,82,1,1,11PE02240
US82114665,82,1,1,11PE02241
US82114664,82,1,1,11PE02244
US82117731,82,1,1,11PE02247
US82117940,82,1,1,11PE02249
US82117607,82,1,1,11PE02251
US82116147,82,1,1,11PE02253
US82117646,82,1,1,11PE02254
US82115244,82,1,1,11PE02256
US64117939,64,1,1,11PE02258
US82117634,82,1,1,11PE02260
US82117967,82,1,1,11PE02261
US64118015,64,1,1,11PE02263
US82118013,82,1,1,11PE02265
US82115043,82,1,1,11PE02266
US64117683,64,1,1,11PE02268
US64117876,64,1,1,11PE02269
US82118048,82,1,1,11PE02271
US82118099,82,1,1,11PE02273
US82117970,82,1,1,11PE02275
US82117998,82,1,1,11PE02276
US82115180,82,1,1,11PE02278
US82117984,82,1,1,11PE02279
US82119408,82,1,1,11PE02281
US82118119,82,1,1,11PE02282
US82117925,82,1,1,11PE02284
US82115470,82,1,1,11PE02285
US82118071,82,1,1,11PE02287
US82115215,82,1,1,11PE02289
US82116100,82,1,1,11PE02291
US82117996,82,1,1,11PE02292
US82119063,82,1,1,11PE02294
US82117777,82,1,1,11PE02295
US82116048,82,1,1,11PE02296
US82117635,82,1,1,11PE02298
US82119510,82,1,1,11PE02300
US64119346,64,1,1,11PE02301
US82117906,82,1,1,11PE02302
US82117825,82,1,1,11PE02305
US82119265,82,1,1,11PE02306
US82114911,82,1,1,11PE02307
US64117728,64,1,1,11PE02309
US82117865,82,1,1,11PE02311
US64117572,64,1,1,11PE02313
US82117973,82,1,1,11PE02315
US82117729,82,1,1,11PE02317
US64117759,64,1,1,11PE02318
US82115813,82,1,1,11PE02320
US64114588,64,1,1,11PE02322
US82117956,82,1,1,11PE02324
US64117491,64,1,1,11PE02326
US64117625,64,1,1,11PE02327
US82117456,82,1,1,11PE02329
US82118167,82,1,1,11PE02330
US82117571,82,1,1,11PE02331
US82115266,82,1,1,11PE02332
US82118070,82,1,1,11PE02334
US64117482,64,1,1,11PE02336
US82118190,82,1,1,11PE02337
US64115305,64,1,1,11PE02339
US64114807,64,1,1,11PE02342
US82118160,82,1,1,11PE02344
US64117930,64,1,1,11PE02346
US82115187,82,1,1,11PE02348
US82118274,82,1,1,11PE02351
US82117804,82,1,1,11PE02352
US64115751,64,1,1,11PE02353
US82118031,82,1,1,11PE02354
US82118021,82,1,1,11PE02355
US82114899,82,1,1,11PE02357
US64117622,64,1,1,11PE02359
US82115048,82,1,1,11PE02361
US82117749,82,1,1,11PE02362
US82117837,82,1,1,11PE02363
US82117575,82,1,1,11PE02365
US82117842,82,1,1,11PE02366
US64118274,64,1,1,11PE02368
US82118268,82,1,1,11PE02370
US64118002,64,1,1,11PE02371
US64116306,64,1,1,11PE02373
US82117565,82,1,1,11PE02374
US82117687,82,1,1,11PE02375
US64118205,64,1,1,11PE02377
US64115933,64,1,1,11PE02378
US64117834,64,1,1,11PE02380
US82117968,82,1,1,11PE02382
US64117508,64,1,1,11PE02384
US82117819,82,1,1,11PE02385
US82117536,82,1,1,11PE02387
US64119525,64,1,1,11PE02389
US82117823,82,1,1,11PE02391
US64114817,64,1,1,11PE02392
US82117523,82,1,1,11PE02394
US82118499,82,1,1,11PE02395
US82118193,82,1,1,11PE02396
US82119095,82,1,1,11PE02397
US64117570,64,1,1,11PE02398
US64117606,64,1,1,11PE02399
US82115603,82,1,1,11PE02401
US82115768,82,1,1,11PE02402
US82115752,82,1,1,11PE02403
US82119020,82,1,1,11PE02405
US64116055,64,1,1,11PE02406
US82118415,82,1,1,11PE02407
US64118553,64,1,1,11PE02408
US64119565,64,1,1,11PE02409
US64118461,64,1,1,11PE02410
US64116018,64,1,1,11PE02411
US82119096,82,1,1,11PE02412
US82116438,82,1,1,11PE02413
US00117996,00,1,1,11PE02849
US00112132,00,1,1,11PE02850
US05113083,05,1,1,11PE02860
US05112923,05,1,1,11PE02867
US82112971,82,1,1,11PE02934
US82113151,82,1,1,11PE02949
US82118948,82,1,1,11PE02950
US82113094,82,1,1,11PE02956
US82113213,82,1,1,11PE02988
US82112888,82,1,1,11PE02993
US82113121,82,1,1,11PE03022
US82113034,82,1,1,11PE03056
US82113201,82,1,1,11PE03062
US82112980,82,1,1,11PE03076
US82112855,82,1,1,11PE03091
US82119243,82,1,1,11PE03107
US64111570,64,1,1,11PE03125
US82113099,82,1,1,11PE03128
US82113064,82,1,1,11PE03129
US82112998,82,1,1,11PE03183
US82113029,82,1,1,11PE03185
US82113168,82,1,1,11PE03187
US82112653,82,1,1,11PE03214
US82112985,82,1,1,11PE03223
US64114331,64,1,1,11PE03249
US64115169,64,1,1,11PE03271
US82113313,82,1,1,11PE03278
US82113248,82,1,1,11PE03284
US82113316,82,1,1,11PE03285
US82118911,82,1,1,11PE03288
US64115001,64,1,1,11PE03293
US82112587,82,1,1,11PE03295
US64111338,64,1,1,11PE03298
US82118962,82,1,1,11PE03306
US82112873,82,1,1,11PE03308
US64113520,64,1,1,11PE03311
US82113314,82,1,1,11PE03318
US82113361,82,1,1,11PE03326
US64112890,64,1,1,11PE03330
US64114212,64,1,1,11PE03334
US82110660,82,1,1,11PE03337
US64113328,64,1,1,11PE03338
US82113378,82,1,1,11PE03340
US64112379,64,1,1,11PE03342
US64113143,64,1,1,11PE03345
US82113065,82,1,1,11PE03349
US64113407,64,1,1,11PE03350
US82113194,82,1,1,11PE03355
US82112970,82,1,1,11PE03362
US82113144,82,1,1,11PE03365
US64113174,64,1,1,11PE03366
US82112625,82,1,1,11PE03367
US82113470,82,1,1,11PE03373
US82113231,82,1,1,11PE03374
US82113318,82,1,1,11PE03383
US82112429,82,1,1,11PE03395
US82113427,82,1,1,11PE03400
US82112827,82,1,1,11PE03402
US64114451,64,1,1,11PE03409
US64114302,64,1,1,11PE03413
US82112312,82,1,1,11PE03416
US82119093,82,1,1,11PE03419
US82118695,82,1,1,11PE03423
US82112952,82,1,1,11PE03430
US82112360,82,1,1,11PE03437
US82112286,82,1,1,11PE03440
US64115158,64,1,1,11PE03441
US64113404,64,1,1,11PE03451
US64114257,64,1,1,11PE03456
US82112683,82,1,1,11PE03460
US82110346,82,1,1,11PE03462
US64113001,64,1,1,11PE03468
US82112364,82,1,1,11PE03471
US82113044,82,1,1,11PE03482
US82113054,82,1,1,11PE03493
US64111160,64,1,1,11PE03494
US82117557,82,1,1,11PE03496
US64113924,64,1,1,11PE03498
US64114017,64,1,1,11PE03500
US82112810,82,1,1,11PE03503
US82118920,82,1,1,11PE03508
US82112137,82,1,1,11PE03512
US82112634,82,1,1,11PE03513
US82112484,82,1,1,11PE03515
US82116637,82,1,1,11PE03519
US64113747,64,1,1,11PE03522
US64112873,64,1,1,11PE03525
US82115247,82,1,1,11PE03528
US64115456,64,1,1,11PE03533
US64115033,64,1,1,11PE03535
US64115220,64,1,1,11PE03537
US64111665,64,1,1,11PE03540
US64114549,64,1,1,11PE03545
US82112771,82,1,1,11PE03553
US82112934,82,1,1,11PE03555
US82119247,82,1,1,11PE03557
US82112623,82,1,1,11PE03562
US82112460,82,1,1,11PE03577
US64113026,64,1,1,11PE03581
US64113331,64,1,1,11PE03585
US64113152,64,1,1,11PE03589
US64111547,64,1,1,11PE03595
US82113839,82,1,1,11PE03603
US64113704,64,1,1,11PE03613
US82113124,82,1,1,11PE03620
US64112882,64,1,1,11PE03625
US64113454,64,1,1,11PE03633
US64112354,64,1,1,11PE03636
US64112097,64,1,1,11PE03643
US82112821,82,1,1,11PE03647
US82110095,82,1,1,11PE03649
US82111548,82,1,1,11PE03654
US64113389,64,1,1,11PE03656
US82119747,82,1,1,11PE03659
US82112805,82,1,1,11PE03661
US64115272,64,1,1,11PE03668
US82119417,82,1,1,11PE03670
US64113216,64,1,1,11PE03674
US64113760,64,1,1,11PE03681
US82113914,82,1,1,11PE03685
US64114459,64,1,1,11PE03686
US64113946,64,1,1,11PE03689
US82113259,82,1,1,11PE03694
US82112871,82,1,1,11PE03699
US82113406,82,1,1,11PE03705
US82112825,82,1,1,11PE03706
US82112359,82,1,1,11PE03708
US82112435,82,1,1,11PE03711
US64114208,64,1,1,11PE03719
US64114577,64,1,1,11PE03721
US82119902,82,1,1,11PE03728
US64112397,64,1,1,11PE03729
US82112987,82,1,1,11PE03731
US82112532,82,1,1,11PE03735
US82112011,82,1,1,11PE03739
US82110695,82,1,1,11PE03741
US64111342,64,1,1,11PE03750
US64113689,64,1,1,11PE03752
US64114655,64,1,1,11PE03758
US82112192,82,1,1,11PE03772
US82113432,82,1,1,11PE03776
US82113376,82,1,1,11PE03778
US82113008,82,1,1,11PE03779
US82113270,82,1,1,11PE03782
US82119806,82,1,1,11PE03783
US82113255,82,1,1,11PE03787
US82112065,82,1,1,11PE03790
US82111566,82,1,1,11PE03791
US82112853,82,1,1,11PE03793
US82117754,82,1,1,11PE03797
US82116016,82,1,1,11PE03798
US82112470,82,1,1,11PE03803
US82112415,82,1,1,11PE03804
US82113087,82,1,1,11PE03806
US82111625,82,1,1,11PE03812
US82111538,82,1,1,11PE03814
US82117381,82,1,1,11PE03818
US82113415,82,1,1,11PE03824
US82113877,82,1,1,11PE03825
US82111305,82,1,1,11PE03826
US82112798,82,1,1,11PE03828
US82116964,82,1,1,11PE03830
US82114347,82,1,1,11PE03833
US82115420,82,1,1,11PE03836
US82116452,82,1,1,11PE03838
US82117175,82,1,1,11PE03841
US82115068,82,1,1,11PE03842
US82115874,82,1,1,11PE03843
US82114355,82,1,1,11PE03844
US82116935,82,1,1,11PE03847
US82118982,82,1,1,11PE03849
US82115756,82,1,1,11PE03851
US82115465,82,1,1,11PE03854
US82115390,82,1,1,11PE03856
US82117786,82,1,1,11PE03858
US82116718,82,1,1,11PE03861
US82115185,82,1,1,11PE03865
US82116641,82,1,1,11PE03866
US82115225,82,1,1,11PE03870
US82115007,82,1,1,11PE03872
US82114353,82,1,1,11PE03874
US82115760,82,1,1,11PE03876
US82117077,82,1,1,11PE03877
US82116262,82,1,1,11PE03879
US82116309,82,1,1,11PE03881
US82117732,82,1,1,11PE03883
US82119114,82,1,1,11PE03884
US82118986,82,1,1,11PE03885
US82116547,82,1,1,11PE03886
US82116680,82,1,1,11PE03888
US82118158,82,1,1,11PE03890
US82116587,82,1,1,11PE03891
US82127791,82,1,1,12PE02045
US82129460,82,1,1,12PE02046
US82124665,82,1,1,12PE02047
US64126388,64,1,1,12PE02048
US82129210,82,1,1,12PE02050
US82125994,82,1,1,12PE02052
US82126010,82,1,1,12PE02053
US82126209,82,1,1,12PE02054
US82128099,82,1,1,12PE02056
US82129515,82,1,1,12PE02058
US64125703,64,1,1,12PE02059
US82129538,82,1,1,12PE02061
US82127984,82,1,1,12PE02062
US64120358,64,1,1,12PE02065
US82126215,82,1,1,12PE02067
US64129481,64,1,1,12PE02069
US82129521,82,1,1,12PE02071
US82126154,82,1,1,12PE02073
US82124884,82,1,1,12PE02074
US82126094,82,1,1,12PE02076
US82129382,82,1,1,12PE02077
US82125186,82,1,1,12PE02078
US82124627,82,1,1,12PE02080
US82127989,82,1,1,12PE02082
US82125622,82,1,1,12PE02084
US82125344,82,1,1,12PE02085
US82125813,82,1,1,12PE02086
US82124664,82,1,1,12PE02088
US64128925,64,1,1,12PE02090
US64129303,64,1,1,12PE02091
US82125493,82,1,1,12PE02093
US64128205,64,1,1,12PE02095
US82124911,82,1,1,12PE02097
US64127711,64,1,1,12PE02099
US82129095,82,1,1,12PE02101
US64128034,64,1,1,12PE02103
US82127940,82,1,1,12PE02104
US82120261,82,1,1,12PE02105
US64127918,64,1,1,12PE02106
US82124947,82,1,1,12PE02108
US64129193,64,1,1,12PE02110
US82125019,82,1,1,12PE02112
US82129358,82,1,1,12PE02114
US82127906,82,1,1,12PE02116
US64127944,64,1,1,12PE02117
US82125447,82,1,1,12PE02119
US82129283,82,1,1,12PE02121
US82128394,82,1,1,12PE02123
US64124588,64,1,1,12PE02124
US64127955,64,1,1,12PE02126
US82126167,82,1,1,12PE02128
US82126016,82,1,1,12PE02130
US82127682,82,1,1,12PE02132
US82125767,82,1,1,12PE02134
US82128253,82,1,1,12PE02136
US64125933,64,1,1,12PE02137
US82129312,82,1,1,12PE02138
US82127571,82,1,1,12PE02140
US82124765,82,1,1,12PE02142
US82127510,82,1,1,12PE02145
US82127860,82,1,1,12PE02147
US64127508,64,1,1,12PE02149
US82127825,82,1,1,12PE02150
US64128243,64,1,1,12PE02151
US82127700,82,1,1,12PE02152
US82127925,82,1,1,12PE02153
US64129575,64,1,1,12PE02155
US82127837,82,1,1,12PE02156
US82129236,82,1,1,12PE02157
US82128127,82,1,1,12PE02159
US82129407,82,1,1,12PE02161
US82128529,82,1,1,12PE02163
US82126850,82,1,1,12PE02164
US64129213,64,1,1,12PE02165
US64125528,64,1,1,12PE02167
US82127801,82,1,1,12PE02169
US82127567,82,1,1,12PE02171
US82124711,82,1,1,12PE02172
US64125047,64,1,1,12PE02174
US64125725,64,1,1,12PE02176
US64124983,64,1,1,12PE02177
US82125886,82,1,1,12PE02179
US82127558,82,1,1,12PE02181
US82128381,82,1,1,12PE02183
US82129052,82,1,1,12PE02184
US64120359,64,1,1,12PE02186
US82124899,82,1,1,12PE02187
US82120414,82,1,1,12PE02189
US82129019,82,1,1,12PE02190
US64129062,64,1,1,12PE02192
US82126480,82,1,1,12PE02194
US82125603,82,1,1,12PE02196
US82127456,82,1,1,12PE02198
US82127812,82,1,1,12PE02200
US82126147,82,1,1,12PE02201
US82125893,82,1,1,12PE02203
US64128291,64,1,1,12PE02204
US82125188,82,1,1,12PE02205
US82128133,82,1,1,12PE02208
US82129327,82,1,1,12PE02210
US82125752,82,1,1,12PE02212
US82126100,82,1,1,12PE02214
US82125914,82,1,1,12PE02216
US64128274,64,1,1,12PE02218
US82127942,82,1,1,12PE02220
US82127998,82,1,1,12PE02223
US64126509,64,1,1,12PE02225
US82128459,82,1,1,12PE02226
US82125089,82,1,1,12PE02227
US82125748,82,1,1,12PE02229
US64128186,64,1,1,12PE02230
US82129096,82,1,1,12PE02232
US82129381,82,1,1,12PE02234
US64125751,64,1,1,12PE02236
US82120446,82,1,1,12PE02237
US82125768,82,1,1,12PE02238
US64127606,64,1,1,12PE02240
US82127842,82,1,1,12PE02242
US82127622,82,1,1,12PE02243
US82128212,82,1,1,12PE02244
US82120575,82,1,1,12PE02245
US82128415,82,1,1,12PE02247
US64128129,64,1,1,12PE02248
US82127714,82,1,1,12PE02250
US82128359,82,1,1,12PE02252
US82129284,82,1,1,12PE02253
US82127941,82,1,1,12PE02255
US82128205,82,1,1,12PE02257
US82129116,82,1,1,12PE02258
US82125958,82,1,1,12PE02260
US82127921,82,1,1,12PE02262
US82129168,82,1,1,12PE02264
US82127732,82,1,1,12PE02265
US82129510,82,1,1,12PE02266
US82129267,82,1,1,12PE02267
US82120488,82,1,1,12PE02269
US82120553,82,1,1,12PE02270
US82127523,82,1,1,12PE02271
US82128173,82,1,1,12PE02273
US82128944,82,1,1,12PE02275
US82128590,82,1,1,12PE02276
US82129034,82,1,1,12PE02277
US82128176,82,1,1,12PE02280
US82129411,82,1,1,12PE02282
US82128429,82,1,1,12PE02283
US82125042,82,1,1,12PE02284
US82128403,82,1,1,12PE02286
US82126177,82,1,1,12PE02287
US82129214,82,1,1,12PE02289
US82125686,82,1,1,12PE02291
US64129032,64,1,1,12PE02293
US82124809,82,1,1,12PE02295
US82127877,82,1,1,12PE02297
US82125759,82,1,1,12PE02300
US64129016,64,1,1,12PE02302
US82128031,82,1,1,12PE02304
US82129566,82,1,1,12PE02306
US82127687,82,1,1,12PE02307
US64127859,64,1,1,12PE02309
US64129067,64,1,1,12PE02311
US82127519,82,1,1,12PE02313
US64120230,64,1,1,12PE02314
US82128056,82,1,1,12PE02316
US82127536,82,1,1,12PE02318
US82126389,82,1,1,12PE02319
US82127588,82,1,1,12PE02320
US82128580,82,1,1,12PE02322
US82125356,82,1,1,12PE02324
US82129218,82,1,1,12PE02326
US64128240,64,1,1,12PE02328
US64124767,64,1,1,12PE02329
US82120535,82,1,1,12PE02331
US82124823,82,1,1,12PE02332
US64124817,64,1,1,12PE02334
US82125319,82,1,1,12PE02336
US82129598,82,1,1,12PE02338
US82128188,82,1,1,12PE02340
US64125468,64,1,1,12PE02342
US82128309,82,1,1,12PE02344
US82129335,82,1,1,12PE02345
US64120442,64,1,1,12PE02347
US82127996,82,1,1,12PE02348
US82127749,82,1,1,12PE02350
US64126306,64,1,1,12PE02352
US82127980,82,1,1,12PE02354
US82124993,82,1,1,12PE02356
US82128517,82,1,1,12PE02357
US82127729,82,1,1,12PE02358
US82125217,82,1,1,12PE02362
US82127836,82,1,1,12PE02365
US82120523,82,1,1,12PE02367
US64128461,64,1,1,12PE02369
US82128336,82,1,1,12PE02371
US64128063,64,1,1,12PE02373
US82129123,82,1,1,12PE02375
US82126116,82,1,1,12PE02377
US64125413,64,1,1,12PE02379
US82124955,82,1,1,12PE02381
US82127565,82,1,1,12PE02383
US82127607,82,1,1,12PE02385
US82125043,82,1,1,12PE02387
US82127819,82,1,1,12PE02389
US82128159,82,1,1,12PE02390
US82127691,82,1,1,12PE02391
US82128490,82,1,1,12PE02393
US64125080,64,1,1,12PE02395
US64127570,64,1,1,12PE02397
US64128002,64,1,1,12PE02399
US82128460,82,1,1,12PE02401
US82128116,82,1,1,12PE02402
US82125926,82,1,1,12PE02404
US82129231,82,1,1,12PE02405
US82125222,82,1,1,12PE02406
US82126584,82,1,1,12PE02407
US82127833,82,1,1,12PE02409
US64128500,64,1,1,12PE02411
US64129472,64,1,1,12PE02413
US82127962,82,1,1,12PE02414
US82129211,82,1,1,12PE02416
US64127930,64,1,1,12PE02418
US64127983,64,1,1,12PE02420
US82128419,82,1,1,12PE02424
US82126119,82,1,1,12PE02428
US64129061,64,1,1,12PE02434
US64124807,64,1,1,12PE02438
US82128946,82,1,1,12PE02442
US82125180,82,1,1,12PE02446
US82127634,82,1,1,12PE02450
US82122998,82,1,1,12PE02451
US82122849,82,1,1,12PE02453
US82129415,82,1,1,12PE02454
US82128407,82,1,1,12PE02458
US82125805,82,1,1,12PE02460
US82128070,82,1,1,12PE02462
US82127646,82,1,1,12PE02465
US82128937,82,1,1,12PE02467
US64128478,64,1,1,12PE02469
US82126459,82,1,1,12PE02471
US64123812,64,1,1,12PE02472
US64124774,64,1,1,12PE02475
US82127967,82,1,1,12PE02478
US82122683,82,1,1,12PE02479
US82126198,82,1,1,12PE02482
US82128204,82,1,1,12PE02486
US82125825,82,1,1,12PE02488
US82128131,82,1,1,12PE02491
US82126369,82,1,1,12PE02493
US82129004,82,1,1,12PE02495
US82128071,82,1,1,12PE02497
US82128350,82,1,1,12PE02501
US64127728,64,1,1,12PE02503
US82128167,82,1,1,12PE02505
US82125187,82,1,1,12PE02507
US82129564,82,1,1,12PE02510
US82122825,82,1,1,12PE02511
US82125355,82,1,1,12PE02514
US82129507,82,1,1,12PE02515
US64126382,64,1,1,12PE02518
US82128600,82,1,1,12PE02523
US82122623,82,1,1,12PE02524
US82127970,82,1,1,12PE02525
US82125970,82,1,1,12PE02529
US82123044,82,1,1,12PE02530
US64127866,64,1,1,12PE02533
US82129192,82,1,1,12PE02537
US82126164,82,1,1,12PE02541
US82128970,82,1,1,12PE02545
US82129063,82,1,1,12PE02549
US64122371,64,1,1,12PE02552
US82125769,82,1,1,12PE02553
US82128191,82,1,1,12PE02557
US82128416,82,1,1,12PE02559
US64126680,64,1,1,12PE02561
US64128501,64,1,1,12PE02563
US82127828,82,1,1,12PE02565
US82122429,82,1,1,12PE02566
US82129274,82,1,1,12PE02569
US82127948,82,1,1,12PE02573
US64120288,64,1,1,12PE02577
US82127985,82,1,1,12PE02579
US82128364,82,1,1,12PE02583
US82128578,82,1,1,12PE02585
US64125900,64,1,1,12PE02587
US82128172,82,1,1,12PE02591
US82126683,82,1,1,12PE02595
US82126272,82,1,1,12PE02597
US82120239,82,1,1,12PE02601
US82122810,82,1,1,12PE02602
US82127973,82,1,1,12PE02605
US82128554,82,1,1,12PE02609
US82126015,82,1,1,12PE02613
US82128160,82,1,1,12PE02617
US82125244,82,1,1,12PE02621
US82122985,82,1,1,12PE02624
US64128495,64,1,1,12PE02625
US82128342,82,1,1,12PE02629
US64127774,64,1,1,12PE02631
US82128540,82,1,1,12PE02635
US64127567,64,1,1,12PE02639
US82126573,82,1,1,12PE02643
US82126438,82,1,1,12PE02645
US82128024,82,1,1,12PE02647
US82127208,82,1,1,12PE02649
US82128349,82,1,1,12PE02651
US64125798,64,1,1,12PE02653
US64122355,64,1,1,12PE02654
US82128249,82,1,1,12PE02657
US82127245,82,1,1,12PE02659
US82122587,82,1,1,12PE02660
US82127850,82,1,1,12PE02663
US64127834,64,1,1,12PE02667
US82126672,82,1,1,12PE02671
US82129547,82,1,1,12PE02673
US82129408,82,1,1,12PE02677
US82128661,82,1,1,12PE02679
US64124626,64,1,1,12PE02681
US82120265,82,1,1,12PE02685
US82129431,82,1,1,12PE02688
US64125336,64,1,1,12PE02689
US82125470,82,1,1,12PE02691
US82126807,82,1,1,12PE02695
US82128013,82,1,1,12PE02697
US82122987,82,1,1,12PE02698
US64126510,64,1,1,12PE02699
US64122151,64,1,1,12PE02700
US82126878,82,1,1,12PE02703
US82128848,82,1,1,12PE02707
US64129372,64,1,1,12PE02709
US64127939,64,1,1,12PE02713
US82126848,82,1,1,12PE02717
US82128021,82,1,1,12PE02721
US64127876,64,1,1,12PE02725
US82128076,82,1,1,12PE02731
US82125048,82,1,1,12PE02735
US64129565,64,1,1,12PE02737
US64128579,64,1,1,12PE02740
US82128150,82,1,1,12PE02744
US82129491,82,1,1,12PE02746
US82127589,82,1,1,12PE02750
US82128023,82,1,1,12PE02754
US82125215,82,1,1,12PE02758
US64127683,64,1,1,12PE02762
US82120586,82,1,1,12PE02766
US64128575,64,1,1,12PE02768
US82129501,82,1,1,12PE02772
US82128273,82,1,1,12PE02776
US82127964,82,1,1,12PE02778
US82125214,82,1,1,12PE02780
US82128110,82,1,1,12PE02784
US82127881,82,1,1,12PE02790
US82125411,82,1,1,12PE02794
US82129020,82,1,1,12PE02797
US64120639,64,1,1,12PE02800
US64120574,64,1,1,12PE02802
US64125835,64,1,1,12PE02804
US82128182,82,1,1,12PE02808
US82125984,82,1,1,12PE02812
US82128299,82,1,1,12PE02814
US82126729,82,1,1,12PE02815
US82128268,82,1,1,12PE02817
US82128195,82,1,1,12PE02819
US82127777,82,1,1,12PE02823
US82126650,82,1,1,12PE02827
US82128341,82,1,1,12PE02831
US64125262,64,1,1,12PE02833
US82129102,82,1,1,12PE02835
US64129278,64,1,1,12PE02837
US64120511,64,1,1,12PE02841
US82128667,82,1,1,12PE02842
US82120426,82,1,1,12PE02843
US82120687,82,1,1,12PE02845
US64127179,64,1,1,12PE02849
US82128284,82,1,1,12PE02851
US82120287,82,1,1,12PE02853
US82127804,82,1,1,12PE02855
US82120583,82,1,1,12PE02858
US64127482,64,1,1,12PE02860
US82129093,82,1,1,12PE02862
US64128670,64,1,1,12PE02864
US64120268,64,1,1,12PE02866
US82128397,82,1,1,12PE02868
US82128190,82,1,1,12PE02872
US64128189,64,1,1,12PE02874
US82127976,82,1,1,12PE02878
US82120369,82,1,1,12PE02880
US64127905,64,1,1,12PE02884
US82127635,82,1,1,12PE02886
US82120513,82,1,1,12PE02890
US64129046,64,1,1,12PE02894
US82120676,82,1,1,12PE02896
US82128193,82,1,1,12PE02900
US82126739,82,1,1,12PE02902
US82128177,82,1,1,12PE02906
US82128007,82,1,1,12PE02910
US82128576,82,1,1,12PE02912
US82128263,82,1,1,12PE02914
US82127299,82,1,1,12PE02916
US64127759,64,1,1,12PE02918
US82127823,82,1,1,12PE02922
US64120531,64,1,1,12PE02924
US64128331,64,1,1,12PE02928
US82128274,82,1,1,12PE02930
US82128688,82,1,1,12PE02932
US64126796,64,1,1,12PE02934
US82126921,82,1,1,12PE02936
US64120633,64,1,1,12PE02940
US82126751,82,1,1,12PE02942
US82120605,82,1,1,12PE02946
US82127575,82,1,1,12PE02950
US82127097,82,1,1,12PE02952
US64129525,64,1,1,12PE02956
US82126772,82,1,1,12PE02962
US64127133,64,1,1,12PE02964
US82120471,82,1,1,12PE02968
US64127270,64,1,1,12PE02970
US82126669,82,1,1,12PE02972
US82127082,82,1,1,12PE02974
US64120662,64,1,1,12PE02976
US82120626,82,1,1,12PE02978
US00120000,00,1,1,12PE02979
US82127006,82,1,1,12PE02980
US64127339,64,1,1,12PE02982
US82128158,82,1,1,12PE02984
US82120621,82,1,1,12PE02988
US82128548,82,1,1,12PE02990
US82120546,82,1,1,12PE02994
US82120686,82,1,1,12PE02996
US64127491,64,1,1,12PE02998
US82120754,82,1,1,12PE03000
US64128803,64,1,1,12PE03004
US82120600,82,1,1,12PE03006
US82126634,82,1,1,12PE03008
US64128239,64,1,1,12PE03010
US82120678,82,1,1,12PE03012
US64120244,64,1,1,12PE03016
US64128703,64,1,1,12PE03018
US64127331,64,1,1,12PE03020
US82127023,82,1,1,12PE03022
US64120685,64,1,1,12PE03024
US82120683,82,1,1,12PE03026
US64120532,64,1,1,12PE03028
US82128982,82,1,1,12PE03029
US82126597,82,1,1,12PE03030
US82128800,82,1,1,12PE03034
US82127143,82,1,1,12PE03038
US64129086,64,1,1,12PE03040
US82127625,82,1,1,12PE03042
US82128236,82,1,1,12PE03043
US64126727,64,1,1,12PE03044
US82120565,82,1,1,12PE03046
US64128720,64,1,1,12PE03052
US82125448,82,1,1,12PE03054
US82129108,82,1,1,12PE03056
US82128980,82,1,1,12PE03058
US64127315,64,1,1,12PE03060
US82126644,82,1,1,12PE03061
US82128691,82,1,1,12PE03063
US82120525,82,1,1,12PE03065
US82129033,82,1,1,12PE03069
US82122952,82,1,1,12PE03077
US82129243,82,1,1,12PE03079
US82128948,82,1,1,12PE03085
US82123252,82,1,1,12PE03089
US82129286,82,1,1,12PE03095
US82122634,82,1,1,12PE03116
US82128941,82,1,1,12PE03120
US82122312,82,1,1,12PE03122
US82122360,82,1,1,12PE03127
US82129247,82,1,1,12PE03132
US82122364,82,1,1,12PE03134
US82129114,82,1,1,12PE03144
US82128962,82,1,1,12PE03149
US82128920,82,1,1,12PE03156
US82128911,82,1,1,12PE03158
US82120705,82,1,1,12PE03161
US82129070,82,1,1,12PE03167
US82122460,82,1,1,12PE03177
US82122805,82,1,1,12PE03179
US82120573,82,1,1,12PE03185
US82122625,82,1,1,12PE03186
US82120704,82,1,1,12PE03188
US64122787,64,1,1,12PE03189
US82120449,82,1,1,12PE03191
US82120480,82,1,1,12PE03193
US82120637,82,1,1,12PE03196
US64121393,64,1,1,12PE03198
US82126028,82,1,1,12PE03199
US64124400,64,1,1,12PE03201
US64122439,64,1,1,12PE03203
US82123467,82,1,1,12PE03205
US64122132,64,1,1,12PE03211
US64121761,64,1,1,12PE03214
US82120503,82,1,1,12PE03216
US82120563,82,1,1,12PE03219
US82120317,82,1,1,12PE03220
US64122097,64,1,1,12PE03222
US64122150,64,1,1,12PE03227
US82128410,82,1,1,12PE03234
US82127573,82,1,1,12PE03237
US82123022,82,1,1,12PE03244
US64123225,64,1,1,12PE03246
US64124429,64,1,1,12PE03250
US82120619,82,1,1,12PE03258
US82120669,82,1,1,12PE03259
US82123493,82,1,1,12PE03260
US82120316,82,1,1,12PE03263
US82127693,82,1,1,12PE03264
US82127186,82,1,1,12PE03266
US82120360,82,1,1,12PE03269
US64122399,64,1,1,12PE03270
US82120421,82,1,1,12PE03272
US82120712,82,1,1,12PE03273
US82120566,82,1,1,12PE03274
US82120448,82,1,1,12PE03275
US82120665,82,1,1,12PE03276
US82120517,82,1,1,12PE03277
US82120420,82,1,1,12PE03280
US82120572,82,1,1,12PE03282
US82128085,82,1,1,12PE03283
US82125946,82,1,1,12PE03285
US82120394,82,1,1,12PE03287
US82120673,82,1,1,12PE03289
US82120674,82,1,1,12PE03290
US82126231,82,1,1,12PE03292
US82120514,82,1,1,12PE03294
US82127591,82,1,1,12PE03300
US82126216,82,1,1,12PE03302
US83130488,83,1,1,13PE01557
US64135528,64,1,1,13PE01558
US82138982,82,1,1,13PE01561
US83137245,83,1,1,13PE01562
US83138600,83,1,1,13PE01563
US82135768,82,1,1,13PE01564
US83138692,83,1,1,13PE01566
US82135048,82,1,1,13PE01568
US83135447,83,1,1,13PE01570
US82130575,82,1,1,13PE01571
US82130654,82,1,1,13PE01572
US82137023,82,1,1,13PE01574
US64136388,64,1,1,13PE01576
US64130662,64,1,1,13PE01578
US82137962,82,1,1,13PE01579
US82136917,82,1,1,13PE01581
US83137989,83,1,1,13PE01582
US64138720,64,1,1,13PE01583
US82130360,82,1,1,13PE01585
US82136597,82,1,1,13PE01587
US83130583,83,1,1,13PE01589
US83136459,83,1,1,13PE01590
US64130244,64,1,1,13PE01591
US83139598,83,1,1,13PE01593
US82139095,82,1,1,13PE01594
US82138691,82,1,1,13PE01596
US83138195,83,1,1,13PE01599
US64137876,64,1,1,13PE01601
US82139381,82,1,1,13PE01603
US82138091,82,1,1,13PE01606
US64130685,64,1,1,13PE01607
US64138063,64,1,1,13PE01609
US82134627,82,1,1,13PE01610
US82137519,82,1,1,13PE01612
US83137167,83,1,1,13PE01614
US82136850,82,1,1,13PE01616
US82136215,82,1,1,13PE01617
US82139335,82,1,1,13PE01619
US83137948,83,1,1,13PE01621
US64130428,64,1,1,13PE01623
US64136901,64,1,1,13PE01624
US82137175,82,1,1,13PE01626
US83130707,83,1,1,13PE01627
US82136015,82,1,1,13PE01628
US83139052,83,1,1,13PE01630
US82135603,82,1,1,13PE01631
US82139358,82,1,1,13PE01632
US83135956,83,1,1,13PE01634
US83138766,83,1,1,13PE01636
US64130288,64,1,1,13PE01637
US83130525,83,1,1,13PE01638
US82137825,82,1,1,13PE01640
US82130621,82,1,1,13PE01642
US82130446,82,1,1,13PE01644
US82137881,82,1,1,13PE01646
US83138459,83,1,1,13PE01648
US64139575,64,1,1,13PE01650
US82135970,82,1,1,13PE01652
US82130546,82,1,1,13PE01654
US64137331,64,1,1,13PE01656
US64136306,64,1,1,13PE01657
US82137967,82,1,1,13PE01659
US83139123,83,1,1,13PE01661
US64136977,64,1,1,13PE01663
US64130442,64,1,1,13PE01665
US83139061,83,1,1,13PE01667
US82138099,82,1,1,13PE01668
US83138021,83,1,1,13PE01670
US82130553,82,1,1,13PE01673
US83139491,83,1,1,13PE01675
US83137791,83,1,1,13PE01677
US64136680,64,1,1,13PE01679
US64137905,64,1,1,13PE01681
US82136167,82,1,1,13PE01682
US83130687,83,1,1,13PE01683
US83134599,83,1,1,13PE01684
US82134911,82,1,1,13PE01687
US64139032,64,1,1,13PE01689
US64138495,64,1,1,13PE01692
US82138076,82,1,1,13PE01693
US83136381,83,1,1,13PE01695
US82135019,82,1,1,13PE01697
US83136916,83,1,1,13PE01699
US83136685,83,1,1,13PE01701
US83130728,83,1,1,13PE01702
US82138056,82,1,1,13PE01704
US82137877,82,1,1,13PE01706
US82130445,82,1,1,13PE01707
US82136885,82,1,1,13PE01708
US83139382,83,1,1,13PE01709
US82138580,82,1,1,13PE01711
US64130532,64,1,1,13PE01713
US82138980,82,1,1,13PE01715
US82130666,82,1,1,13PE01717
US82130361,82,1,1,13PE01719
US82137216,82,1,1,13PE01720
US83130513,83,1,1,13PE01722
US64139086,64,1,1,13PE01723
US82136807,82,1,1,13PE01724
US83135748,83,1,1,13PE01725
US64139062,64,1,1,13PE01727
US82137033,82,1,1,13PE01729
US82138419,82,1,1,13PE01731
US82136644,82,1,1,13PE01733
US83136632,83,1,1,13PE01734
US83139080,83,1,1,13PE01736
US64139372,64,1,1,13PE01737
US83136739,83,1,1,13PE01739
US64139525,64,1,1,13PE01740
US83137523,83,1,1,13PE01742
US83134711,83,1,1,13PE01744
US64130359,64,1,1,13PE01745
US64137567,64,1,1,13PE01747
US83137121,83,1,1,13PE01748
US64130531,64,1,1,13PE01750
US64138925,64,1,1,13PE01752
US83135984,83,1,1,13PE01755
US64135835,64,1,1,13PE01757
US82138765,82,1,1,13PE01759
US82135217,82,1,1,13PE01760
US82136882,82,1,1,13PE01762
US82139120,82,1,1,13PE01764
US64138186,64,1,1,13PE01765
US82139407,82,1,1,13PE01766
US82130683,82,1,1,13PE01768
US83130782,83,1,1,13PE01769
US82138110,82,1,1,13PE01771
US83139192,83,1,1,13PE01773
US82135886,82,1,1,13PE01775
US64138500,64,1,1,13PE01777
US82135825,82,1,1,13PE01779
US83139037,83,1,1,13PE01781
US82137812,82,1,1,13PE01782
US83136262,83,1,1,13PE01783
US82136921,82,1,1,13PE01785
US64137622,64,1,1,13PE01787
US83137964,83,1,1,13PE01788
US82138150,82,1,1,13PE01789
US82134955,82,1,1,13PE01791
US82138946,82,1,1,13PE01793
US83134947,83,1,1,13PE01795
US83138499,83,1,1,13PE01798
US83138336,83,1,1,13PE01800
US83137143,83,1,1,13PE01801
US82130586,82,1,1,13PE01802
US82130369,82,1,1,13PE01804
US64138331,64,1,1,13PE01806
US64138918,64,1,1,13PE01808
US83138049,83,1,1,13PE01809
US82138681,82,1,1,13PE01811
US82139019,82,1,1,13PE01812
US82139060,82,1,1,13PE01814
US83130565,83,1,1,13PE01815
US82136164,82,1,1,13PE01817
US82130261,82,1,1,13PE01819
US64138575,64,1,1,13PE01821
US82130427,82,1,1,13PE01822
US64138243,64,1,1,13PE01823
US64138478,64,1,1,13PE01825
US64135047,64,1,1,13PE01827
US82137186,82,1,1,13PE01829
US82139218,82,1,1,13PE01831
US82130530,82,1,1,13PE01833
US64136244,64,1,1,13PE01835
US82136415,82,1,1,13PE01838
US82136672,82,1,1,13PE01840
US82135759,82,1,1,13PE01841
US82137940,82,1,1,13PE01845
US82137041,82,1,1,13PE01847
US82137980,82,1,1,13PE01849
US82137575,82,1,1,13PE01851
US64139061,64,1,1,13PE01852
US82139053,82,1,1,13PE01854
US82137682,82,1,1,13PE01855
US83138678,83,1,1,13PE01857
US82134805,82,1,1,13PE01858
US82136584,82,1,1,13PE01861
US82138116,82,1,1,13PE01863
US82135493,82,1,1,13PE01866
US64137570,64,1,1,13PE01868
US64135744,64,1,1,13PE01870
US83137836,83,1,1,13PE01873
US82138407,82,1,1,13PE01875
US82137837,82,1,1,13PE01876
US64130639,64,1,1,13PE01877
US82138663,82,1,1,13PE01879
US82136845,82,1,1,13PE01881
US83137906,83,1,1,13PE01882
US83135042,83,1,1,13PE01884
US82139063,82,1,1,13PE01885
US82136848,82,1,1,13PE01886
US83139411,83,1,1,13PE01887
US83137996,83,1,1,13PE01889
US82134823,82,1,1,13PE01891
US82139515,82,1,1,13PE01893
US64138291,64,1,1,13PE01896
US64138886,64,1,1,13PE01897
US82134765,82,1,1,13PE01898
US82139547,82,1,1,13PE01901
US64138952,64,1,1,13PE01903
US83137777,83,1,1,13PE01904
US64137728,64,1,1,13PE01906
US64137179,64,1,1,13PE01907
US64138501,64,1,1,13PE01909
US83137833,83,1,1,13PE01910
US82138688,82,1,1,13PE01912
US82139327,82,1,1,13PE01913
US82136010,82,1,1,13PE01916
US82134699,82,1,1,13PE01918
US82136751,82,1,1,13PE01921
US83137558,83,1,1,13PE01922
US83130754,83,1,1,13PE01924
US64135262,64,1,1,13PE01925
US64139332,64,1,1,13PE01926
US82130426,82,1,1,13PE01928
US82135043,82,1,1,13PE01930
US64139565,64,1,1,13PE01931
US82138881,82,1,1,13PE01933
US83137687,83,1,1,13PE01934
US64130358,64,1,1,13PE01935
US82137941,82,1,1,13PE01937
US83135089,83,1,1,13PE01941
US82135813,82,1,1,13PE01942
US64135751,64,1,1,13PE01945
US82139068,82,1,1,13PE01946
US64135306,64,1,1,13PE01947
US83135215,83,1,1,13PE01949
US82137801,82,1,1,13PE01951
US82139004,82,1,1,13PE01953
US64136796,64,1,1,13PE01956
US82139566,82,1,1,13PE01957
US83139108,83,1,1,13PE01959
US82135914,82,1,1,13PE01960
US82139460,82,1,1,13PE01962
US83135188,83,1,1,13PE01965
US82138540,82,1,1,13PE01969
US82130732,82,1,1,13PE01970
US64138239,64,1,1,13PE01972
US82138299,82,1,1,13PE01973
US83138284,83,1,1,13PE01975
US64137625,64,1,1,13PE01976
US82136925,82,1,1,13PE01977
US82138167,82,1,1,13PE01979
US82130590,82,1,1,13PE01981
US82138880,82,1,1,13PE01982
US83139102,83,1,1,13PE01984
US64137133,64,1,1,13PE01986
US83130605,83,1,1,13PE01988
US82137253,82,1,1,13PE01990
US83135186,83,1,1,13PE01992
US64137379,64,1,1,13PE01993
US83138415,83,1,1,13PE01995
US82138193,82,1,1,13PE01997
US83139564,83,1,1,13PE01999
US82138182,82,1,1,13PE02001
US82138490,82,1,1,13PE02003
US64137955,64,1,1,13PE02005
US82138172,82,1,1,13PE02007
US82137921,82,1,1,13PE02009
US82137456,82,1,1,13PE02012
US82135812,82,1,1,13PE02014
US83137124,83,1,1,13PE02017
US82134884,82,1,1,13PE02019
US82138342,82,1,1,13PE02021
US83137804,83,1,1,13PE02023
US82139211,82,1,1,13PE02025
US82137700,82,1,1,13PE02028
US82139076,82,1,1,13PE02029
US83135805,83,1,1,13PE02030
US64137508,64,1,1,13PE02032
US82139415,82,1,1,13PE02033
US82138188,82,1,1,13PE02035
US82130422,82,1,1,13PE02037
US82138263,82,1,1,13PE02039
US82138460,82,1,1,13PE02040
US64137930,64,1,1,13PE02041
US82130535,82,1,1,13PE02043
US82138159,82,1,1,13PE02045
US82138359,82,1,1,13PE02048
US82137634,82,1,1,13PE02050
US83136438,83,1,1,13PE02052
US64138274,64,1,1,13PE02054
US64134774,64,1,1,13PE02056
US64137944,64,1,1,13PE02058
US64139472,64,1,1,13PE02060
US82137823,82,1,1,13PE02061
US83130523,83,1,1,13PE02063
US82130568,82,1,1,13PE02066
US64138803,64,1,1,13PE02068
US83138127,83,1,1,13PE02070
US82139093,82,1,1,13PE02071
US82137749,82,1,1,13PE02072
US64137339,64,1,1,13PE02074
US83139034,83,1,1,13PE02076
US83137968,83,1,1,13PE02079
US64137774,64,1,1,13PE02081
US83135893,83,1,1,13PE02083
US64139026,64,1,1,13PE02085
US82136116,82,1,1,13PE02086
US82138529,82,1,1,13PE02088
US83136683,83,1,1,13PE02089
US83137973,83,1,1,13PE02091
US64130574,64,1,1,13PE02093
US64138205,64,1,1,13PE02095
US82138177,82,1,1,13PE02097
US64134767,64,1,1,13PE02098
US82136016,82,1,1,13PE02100
US82138191,82,1,1,13PE02102
US82138023,82,1,1,13PE02104
US83135767,83,1,1,13PE02106
US83136884,83,1,1,13PE02109
US82134993,82,1,1,13PE02111
US64139109,64,1,1,13PE02112
US82138007,82,1,1,13PE02113
US83138790,83,1,1,13PE02114
US82135356,82,1,1,13PE02115
US82137646,82,1,1,13PE02116
US82138937,82,1,1,13PE02117
US82136272,82,1,1,13PE02120
US82138931,82,1,1,13PE02121
US82137970,82,1,1,13PE02122
US64135468,64,1,1,13PE02123
US82137984,82,1,1,13PE02125
US64136747,64,1,1,13PE02127
US82139312,82,1,1,13PE02129
US82138861,82,1,1,13PE02132
US82136389,82,1,1,13PE02133
US82137191,82,1,1,13PE02134
US83139501,83,1,1,13PE02136
US82137622,82,1,1,13PE02139
US82137635,82,1,1,13PE02141
US82136634,82,1,1,13PE02142
US83130414,83,1,1,13PE02143
US82135344,82,1,1,13PE02145
US82135411,82,1,1,13PE02148
US83130678,83,1,1,13PE02150
US83136384,83,1,1,13PE02152
US83138883,83,1,1,13PE02153
US83138798,83,1,1,13PE02154
US64135725,64,1,1,13PE02155
US82139030,82,1,1,13PE02158
US64137859,64,1,1,13PE02159
US83130740,83,1,1,13PE02162
US82135470,82,1,1,13PE02164
US82138173,82,1,1,13PE02167
US82130287,82,1,1,13PE02169
US82138922,82,1,1,13PE02171
US83135836,83,1,1,13PE02172
US82137565,82,1,1,13PE02174
US64130511,64,1,1,13PE02177
US64136382,64,1,1,13PE02180
US82136154,82,1,1,13PE02182
US64135933,64,1,1,13PE02184
US82135958,82,1,1,13PE02186
US82135180,82,1,1,13PE02188
US64134626,64,1,1,13PE02191
US82130243,82,1,1,13PE02194
US82130626,82,1,1,13PE02196
US64138703,64,1,1,13PE02198
US83139214,83,1,1,13PE02199
US64134588,64,1,1,13PE02202
US82138857,82,1,1,13PE02204
US82139036,82,1,1,13PE02205
US64138034,64,1,1,13PE02207
US83137097,83,1,1,13PE02210
US82138160,82,1,1,13PE02212
US83138071,83,1,1,13PE02214
US83135355,83,1,1,13PE02217
US82130676,82,1,1,13PE02218
US82135622,82,1,1,13PE02220
US83139033,83,1,1,13PE02222
US82136094,82,1,1,13PE02224
US64135798,64,1,1,13PE02227
US83138682,83,1,1,13PE02231
US82139236,82,1,1,13PE02232
US83138031,83,1,1,13PE02234
US83137942,83,1,1,13PE02235
US82135994,82,1,1,13PE02237
US82138739,82,1,1,13PE02241
US82139116,82,1,1,13PE02243
US64135703,64,1,1,13PE02245
US64136509,64,1,1,13PE02246
US64138579,64,1,1,13PE02248
US82136177,82,1,1,13PE02249
US82135214,82,1,1,13PE02251
US83138273,83,1,1,13PE02252
US83138403,83,1,1,13PE02254
US64137918,64,1,1,13PE02256
US82136729,82,1,1,13PE02258
US82138970,82,1,1,13PE02259
US64136510,64,1,1,13PE02261
US82136198,82,1,1,13PE02263
US64135413,64,1,1,13PE02265
US83138024,83,1,1,13PE02267
US82135752,82,1,1,13PE02269
US64137683,64,1,1,13PE02271
US64139303,64,1,1,13PE02273
US82138661,82,1,1,13PE02275
US82130579,82,1,1,13PE02277
US82137589,82,1,1,13PE02279
US83136119,83,1,1,13PE02281
US83139521,83,1,1,13PE02283
US64139016,64,1,1,13PE02285
US82135187,82,1,1,13PE02287
US64139346,64,1,1,13PE02290
US82138718,82,1,1,13PE02292
US64136709,64,1,1,13PE02294
US82130471,82,1,1,13PE02296
US64130230,64,1,1,13PE02298
US82137925,82,1,1,13PE02299
US82138899,82,1,1,13PE02302
US82136480,82,1,1,13PE02304
US83139114,83,1,1,13PE02307
US83136669,83,1,1,13PE02309
US64139278,64,1,1,13PE02312
US82137828,82,1,1,13PE02314
US64139057,64,1,1,13PE02315
US83138190,83,1,1,13PE02317
US82139283,82,1,1,13PE02319
US64139067,64,1,1,13PE02320
US82135448,82,1,1,13PE02322
US83137850,83,1,1,13PE02324
US83139231,83,1,1,13PE02326
US83138364,83,1,1,13PE02328
US82137082,82,1,1,13PE02330
US82136209,82,1,1,13PE02331
US82138350,82,1,1,13PE02333
US82135711,82,1,1,13PE02335
US82135686,82,1,1,13PE02337
US82139096,82,1,1,13PE02339
US82136028,82,1,1,13PE02882
US00131537,00,1,1,13PE02934
US82132415,82,1,1,13PE03305
US82132075,82,1,1,13PE03310
US82131171,82,1,1,13PE03311
US82133314,82,1,1,13PE03315
US82137293,82,1,1,13PE03318
US82132586,82,1,1,13PE03319
US82134826,82,1,1,13PE03320
US82133923,82,1,1,13PE03322
US82133845,82,1,1,13PE03324
US82138429,82,1,1,13PE03325
US82133722,82,1,1,13PE03327
US82134013,82,1,1,13PE03329
US82137076,82,1,1,13PE03331
US82132636,82,1,1,13PE03333
US82137714,82,1,1,13PE03335
US83135926,83,1,1,13PE03337
US64139481,64,1,1,13PE03339
US82139284,82,1,1,13PE03341
US64130385,64,1,1,13PE03343
US82133760,82,1,1,13PE03347
US82138070,82,1,1,13PE03349
US64135080,64,1,1,13PE03352
US82133979,82,1,1,13PE03355
US82137168,82,1,1,13PE03356
US82135769,82,1,1,13PE03358
US82138722,82,1,1,13PE03361
US83137819,83,1,1,13PE03362
US82138212,82,1,1,13PE03364
US83138274,83,1,1,13PE03366
US82134664,82,1,1,13PE03369
US82139510,82,1,1,13PE03372
US82130700,82,1,1,13PE03374
US64134807,64,1,1,13PE03378
US82138848,82,1,1,13PE03379
US82139069,82,1,1,13PE03380
US82131981,82,1,1,13PE03382
US82138349,82,1,1,13PE03384
US82138131,82,1,1,13PE03385
US82134809,82,1,1,13PE03386
US82136650,82,1,1,13PE03388
US64137866,64,1,1,13PE03389
US64137315,64,1,1,13PE03391
US82138944,82,1,1,13PE03393
US83138590,83,1,1,13PE03395
US82138576,82,1,1,13PE03396
US82132694,82,1,1,13PE03400
US82138697,82,1,1,13PE03403
US64138553,64,1,1,13PE03404
US64139046,64,1,1,13PE03406
US82132594,82,1,1,13PE03410
US82138517,82,1,1,13PE03411
US83139267,83,1,1,13PE03414
US64138015,64,1,1,13PE03419
US82138381,82,1,1,13PE03421
US83136772,83,1,1,13PE03423
US82138714,82,1,1,13PE03426
US64137482,64,1,1,13PE03429
US82138800,82,1,1,13PE03430
US82133728,82,1,1,13PE03431
US82138205,82,1,1,13PE03433
US64137759,64,1,1,13PE03435
US64137341,64,1,1,13PE03436
US82138176,82,1,1,13PE03439
US64135900,64,1,1,13PE03441
US83137536,83,1,1,13PE03442
US83137620,83,1,1,13PE03443
US64138002,64,1,1,13PE03445
US82130045,82,1,1,13PE03447
US82138397,82,1,1,13PE03449
US82138734,82,1,1,13PE03450
US82137006,82,1,1,13PE03452
US82132813,82,1,1,13PE03454
US82130078,82,1,1,13PE03456
US82132335,82,1,1,13PE03457
US64139031,64,1,1,13PE03459
US64138189,64,1,1,13PE03461
US83138133,83,1,1,13PE03463
US82139915,82,1,1,13PE03465
US82130803,82,1,1,13PE03466
US83136900,83,1,1,13PE03468
US82130326,82,1,1,13PE03469
US82138394,82,1,1,13PE03473
US82138013,82,1,1,13PE03477
US82130324,82,1,1,13PE03479
US82133075,82,1,1,13PE03480
US82130190,82,1,1,13PE03484
US64138758,64,1,1,13PE03485
US82137588,82,1,1,13PE03488
US82133133,82,1,1,13PE03489
US82139875,82,1,1,13PE03492
US82130399,82,1,1,13PE03495
US83138249,83,1,1,13PE03496
US82135319,82,1,1,13PE03497
US82134834,82,1,1,13PE03500
US82133562,82,1,1,13PE03504
US82132192,82,1,1,13PE03508
US82137377,82,1,1,13PE03510
US82133738,82,1,1,13PE03514
US82136465,82,1,1,13PE03515
US82136292,82,1,1,13PE03521
US82132533,82,1,1,13PE03522
US82136849,82,1,1,13PE03527
US82133428,82,1,1,13PE03533
US82138548,82,1,1,13PE03535
US82136552,82,1,1,13PE03536
US82138341,82,1,1,13PE03538
US82137162,82,1,1,13PE03540
US82132923,82,1,1,13PE03541
US82136693,82,1,1,13PE03543
US82136298,82,1,1,13PE03546
US82137205,82,1,1,13PE03549
US82138838,82,1,1,13PE03552
US82133719,82,1,1,13PE03556
US82135674,82,1,1,13PE03558
US82138309,82,1,1,13PE03559
US82136563,82,1,1,13PE03560
US82133789,82,1,1,13PE03561
US82136960,82,1,1,13PE03562
US82130785,82,1,1,13PE03563
US82139408,82,1,1,13PE03566
US82133034,82,1,1,13PE03567
US82136347,82,1,1,13PE03570
US82130751,82,1,1,13PE03572
US82133252,82,1,1,13PE03573
US82137732,82,1,1,13PE03576
US82138658,82,1,1,13PE03577
US82133930,82,1,1,13PE03579
US64133022,64,1,1,13PE03580
US64134017,64,1,1,13PE03582
US82131358,82,1,1,13PE03585
US82130394,82,1,1,13PE03586
US82130670,82,1,1,13PE03588
US82132998,82,1,1,13PE03591
US82132429,82,1,1,13PE03593
US82130674,82,1,1,13PE03596
US82130449,82,1,1,13PE03597
US82139507,82,1,1,13PE03599
US82130563,82,1,1,13PE03601
US64134331,64,1,1,13PE03603
US64134490,64,1,1,13PE03606
US82133044,82,1,1,13PE03607
US82130316,82,1,1,13PE03610
US82130514,82,1,1,13PE03611
US82130420,82,1,1,13PE03613
US82130619,82,1,1,13PE03615
US82130595,82,1,1,13PE03617
US82138962,82,1,1,13PE03618
US82130476,82,1,1,13PE03620
US82130625,82,1,1,13PE03622
US82130712,82,1,1,13PE03623
US82130665,82,1,1,13PE03625
US82139431,82,1,1,13PE03626
US64133437,64,1,1,13PE03628
US64132439,64,1,1,13PE03630
US82133772,82,1,1,13PE03633
US82133678,82,1,1,13PE03634
US64133425,64,1,1,13PE03635
US82130673,82,1,1,13PE03637
US82130705,82,1,1,13PE03639
US64132245,64,1,1,13PE03640
US82132805,82,1,1,13PE03643
US64134093,64,1,1,13PE03645
US64132210,64,1,1,13PE03647
US64133708,64,1,1,13PE03650
US64131809,64,1,1,13PE03652
US64133225,64,1,1,13PE03654
US82130517,82,1,1,13PE03656
US82130448,82,1,1,13PE03657
US82131026,82,1,1,13PE03659
US82131375,82,1,1,13PE03660
US82133541,82,1,1,13PE03661
US82132460,82,1,1,13PE03662
US64133622,64,1,1,13PE03665
US64131585,64,1,1,13PE03667
US82130572,82,1,1,13PE03669
US82130480,82,1,1,13PE03672
US82132625,82,1,1,13PE03673
US82132985,82,1,1,13PE03674
US82130436,82,1,1,13PE03676
US82132623,82,1,1,13PE03678
US82130421,82,1,1,13PE03680
US82130637,82,1,1,13PE03682
US82133587,82,1,1,13PE03684
US64133981,64,1,1,13PE03685
US64133812,64,1,1,13PE03687
US82138941,82,1,1,13PE03690
US82130577,82,1,1,13PE03691
US82133679,82,1,1,13PE03693
US64133458,64,1,1,13PE03694
US64131747,64,1,1,13PE03695
US82130317,82,1,1,13PE03697
US82132987,82,1,1,13PE03698
US82132825,82,1,1,13PE03700
US64133146,64,1,1,13PE03701
US64132097,64,1,1,13PE03705
US82130669,82,1,1,13PE03707
US82132810,82,1,1,13PE03708
US82134030,82,1,1,13PE03709
US82133815,82,1,1,13PE03710
US64131610,64,1,1,13PE03712
US64133649,64,1,1,13PE03713
US83148407,83,1,1,14PE01198
US83140754,83,1,1,14PE01200
US64148500,64,1,1,14PE01201
US83146632,83,1,1,14PE01202
US83140732,83,1,1,14PE01203
US83149515,83,1,1,14PE01205
US83146094,83,1,1,14PE01207
US83140586,83,1,1,14PE01210
US83149036,83,1,1,14PE01211
US64148803,64,1,1,14PE01213
US83140427,83,1,1,14PE01215
US83148970,83,1,1,14PE01217
US83140287,83,1,1,14PE01220
US83149019,83,1,1,14PE01222
US83149231,83,1,1,14PE01225
US83145813,83,1,1,14PE01228
US64147133,64,1,1,14PE01231
US83147143,83,1,1,14PE01233
US83148661,83,1,1,14PE01234
US83146384,83,1,1,14PE01236
US83149192,83,1,1,14PE01239
US83146845,83,1,1,14PE01242
US83146917,83,1,1,14PE01244
US83146644,83,1,1,14PE01246
US83145769,83,1,1,14PE01248
US83145622,83,1,1,14PE01250
US83149510,83,1,1,14PE01252
US64148189,64,1,1,14PE01254
US83148253,83,1,1,14PE01256
US64149109,64,1,1,14PE01258
US64148461,64,1,1,14PE01260
US83147216,83,1,1,14PE01262
US83146272,83,1,1,14PE01263
US83140513,83,1,1,14PE01265
US64149372,64,1,1,14PE01267
US83140414,83,1,1,14PE01269
US64149346,64,1,1,14PE01271
US83140361,83,1,1,14PE01273
US83146685,83,1,1,14PE01275
US64149062,64,1,1,14PE01277
US64148186,64,1,1,14PE01279
US64145725,64,1,1,14PE01281
US83149004,83,1,1,14PE01283
US83140488,83,1,1,14PE01285
US83147082,83,1,1,14PE01287
US83149381,83,1,1,14PE01288
US83145711,83,1,1,14PE01291
US83146597,83,1,1,14PE01293
US83149267,83,1,1,14PE01296
US83147175,83,1,1,14PE01298
US83148718,83,1,1,14PE01300
US64148703,64,1,1,14PE01301
US64140662,64,1,1,14PE01302
US64140442,64,1,1,14PE01303
US83148590,83,1,1,14PE01305
US83144823,83,1,1,14PE01307
US64146244,64,1,1,14PE01310
US83140523,83,1,1,14PE01313
US64148925,64,1,1,14PE01316
US64149575,64,1,1,14PE01319
US83148529,83,1,1,14PE01321
US64148888,64,1,1,14PE01323
US83140369,83,1,1,14PE01325
US83148133,83,1,1,14PE01327
US83146459,83,1,1,14PE01329
US83145926,83,1,1,14PE01332
US64149067,64,1,1,14PE01334
US83147121,83,1,1,14PE01337
US83148578,83,1,1,14PE01339
US83145893,83,1,1,14PE01341
US83148580,83,1,1,14PE01343
US83146848,83,1,1,14PE01345
US64148658,64,1,1,14PE01346
US64148243,64,1,1,14PE01347
US83140687,83,1,1,14PE01349
US83149335,83,1,1,14PE01351
US83140728,83,1,1,14PE01353
US83145805,83,1,1,14PE01355
US83146480,83,1,1,14PE01358
US64140685,64,1,1,14PE01361
US83140530,83,1,1,14PE01362
US83149283,83,1,1,14PE01364
US83149096,83,1,1,14PE01366
US83149102,83,1,1,14PE01368
US83145970,83,1,1,14PE01370
US83140683,83,1,1,14PE01372
US83148336,83,1,1,14PE01374
US64148291,64,1,1,14PE01376
US64149061,64,1,1,14PE01378
US83147023,83,1,1,14PE01380
US83140740,83,1,1,14PE01382
US83148682,83,1,1,14PE01384
US83146438,83,1,1,14PE01385
US64146510,64,1,1,14PE01387
US83145825,83,1,1,14PE01389
US83149598,83,1,1,14PE01391
US83148946,83,1,1,14PE01392
US83149218,83,1,1,14PE01393
US64149303,64,1,1,14PE01396
US83149521,83,1,1,14PE01397
US83149069,83,1,1,14PE01399
US83149108,83,1,1,14PE01400
US83148158,83,1,1,14PE01402
US83149460,83,1,1,14PE01404
US83140471,83,1,1,14PE01407
US83146751,83,1,1,14PE01410
US83140243,83,1,1,14PE01412
US64140511,64,1,1,14PE01414
US83148548,83,1,1,14PE01416
US64146977,64,1,1,14PE01417
US64145933,64,1,1,14PE01419
US64146727,64,1,1,14PE01421
US64148720,64,1,1,14PE01424
US83148397,83,1,1,14PE01426
US64148501,64,1,1,14PE01428
US83148268,83,1,1,14PE01430
US83140678,83,1,1,14PE01432
US64147339,64,1,1,14PE01434
US83140700,83,1,1,14PE01436
US64149332,64,1,1,14PE01437
US83146739,83,1,1,14PE01440
US83148342,83,1,1,14PE01443
US83145768,83,1,1,14PE01444
US64140639,64,1,1,14PE01446
US83140621,83,1,1,14PE01449
US83148691,83,1,1,14PE01451
US83146016,83,1,1,14PE01453
US83149547,83,1,1,14PE01456
US83148899,83,1,1,14PE01458
US83145984,83,1,1,14PE01459
US83148861,83,1,1,14PE01460
US64140428,64,1,1,14PE01461
US83140553,83,1,1,14PE01463
US83148350,83,1,1,14PE01465
US64145751,64,1,1,14PE01467
US83148663,83,1,1,14PE01469
US83148922,83,1,1,14PE01470
US83148798,83,1,1,14PE01472
US83145767,83,1,1,14PE01474
US64146388,64,1,1,14PE01476
US83147186,83,1,1,14PE01477
US83145994,83,1,1,14PE01479
US83140426,83,1,1,14PE01481
US64140288,64,1,1,14PE01483
US83145759,83,1,1,14PE01485
US83148299,83,1,1,14PE01486
US83148284,83,1,1,14PE01488
US83140565,83,1,1,14PE01489
US83146634,83,1,1,14PE01491
US83146925,83,1,1,14PE01493
US83146807,83,1,1,14PE01494
US83146921,83,1,1,14PE01495
US83140676,83,1,1,14PE01497
US83148848,83,1,1,14PE01500
US83146729,83,1,1,14PE01502
US83148880,83,1,1,14PE01504
US83148681,83,1,1,14PE01505
US83148460,83,1,1,14PE01507
US83148722,83,1,1,14PE01509
US83140707,83,1,1,14PE01511
US83149236,83,1,1,14PE01513
US83147097,83,1,1,14PE01515
US64149016,64,1,1,14PE01518
US83147245,83,1,1,14PE01521
US83147124,83,1,1,14PE01523
US83146215,83,1,1,14PE01525
US83149120,83,1,1,14PE01528
US83148766,83,1,1,14PE01530
US64148579,64,1,1,14PE01532
US83140261,83,1,1,14PE01535
US64149472,64,1,1,14PE01537
US83149382,83,1,1,14PE01539
US83146154,83,1,1,14PE01542
US83146885,83,1,1,14PE01545
US83148167,83,1,1,14PE01547
US83140654,83,1,1,14PE01549
US83149123,83,1,1,14PE01551
US83148273,83,1,1,14PE01554
US83148205,83,1,1,14PE01556
US83148415,83,1,1,14PE01558
US83140626,83,1,1,14PE01560
US83146177,83,1,1,14PE01562
US83149415,83,1,1,14PE01564
US83148883,83,1,1,14PE01565
US83145752,83,1,1,14PE01567
US83148459,83,1,1,14PE01569
US83140446,83,1,1,14PE01571
US83146884,83,1,1,14PE01573
US83149564,83,1,1,14PE01575
US64147179,64,1,1,14PE01577
US64149026,64,1,1,14PE01579
US64148886,64,1,1,14PE01581
US83140525,83,1,1,14PE01582
US83149501,83,1,1,14PE01584
US83148734,83,1,1,14PE01586
US83140782,83,1,1,14PE01587
US83146381,83,1,1,14PE01589
US83148274,83,1,1,14PE01591
US83145603,83,1,1,14PE01594
US83147006,83,1,1,14PE01597
US83140590,83,1,1,14PE01599
US83148937,83,1,1,14PE01601
US83149080,83,1,1,14PE01604
US64148918,64,1,1,14PE01605
US83149052,83,1,1,14PE01606
US64140359,64,1,1,14PE01608
US83149034,83,1,1,14PE01610
US83140546,83,1,1,14PE01613
US83148517,83,1,1,14PE01615
US83145319,83,1,1,14PE01617
US64146680,64,1,1,14PE01619
US64140244,64,1,1,14PE01620
US83147033,83,1,1,14PE01623
US83140360,83,1,1,14PE01625
US83148381,83,1,1,14PE01628
US83146772,83,1,1,14PE01630
US83149566,83,1,1,14PE01632
US64149032,64,1,1,14PE01634
US83147168,83,1,1,14PE01637
US83149411,83,1,1,14PE01639
US83146900,83,1,1,14PE01641
US83149407,83,1,1,14PE01643
US83148403,83,1,1,14PE01646
US64140532,64,1,1,14PE01648
US83146167,83,1,1,14PE01651
US64140358,64,1,1,14PE01654
US83146672,83,1,1,14PE01657
US64149031,64,1,1,14PE01658
US83149214,83,1,1,14PE01660
US83140666,83,1,1,14PE01662
US83148980,83,1,1,14PE01663
US83140422,83,1,1,14PE01665
US64149046,64,1,1,14PE01667
US64148575,64,1,1,14PE01669
US83145411,83,1,1,14PE01671
US83148263,83,1,1,14PE01673
US83146389,83,1,1,14PE01675
US83149284,83,1,1,14PE01677
US64148495,64,1,1,14PE01679
US64149086,64,1,1,14PE01681
US83149491,83,1,1,14PE01682
US83149358,83,1,1,14PE01684
US83146262,83,1,1,14PE01687
US64147315,64,1,1,14PE01689
US64147759,64,1,1,14PE01691
US64140531,64,1,1,14PE01692
US83149116,83,1,1,14PE01694
US83140568,83,1,1,14PE01696
US83148341,83,1,1,14PE01698
US83149211,83,1,1,14PE01700
US83148765,83,1,1,14PE01704
US83149037,83,1,1,14PE01706
US64149525,64,1,1,14PE01707
US83149063,83,1,1,14PE01710
US83147253,83,1,1,14PE01713
US83145686,83,1,1,14PE01715
US83148150,83,1,1,14PE01717
US83148131,83,1,1,14PE01719
US64148478,64,1,1,14PE01721
US83148419,83,1,1,14PE01724
US83148193,83,1,1,14PE01726
US64148240,64,1,1,14PE01728
US83149095,83,1,1,14PE01730
US83148490,83,1,1,14PE01732
US83149030,83,1,1,14PE01733
US83149274,83,1,1,14PE01734
US83149585,83,1,1,14PE01952
US83149663,83,1,1,14PE01954
US83146116,83,1,1,14PE01960
US83145886,83,1,1,14PE01962
US83146916,83,1,1,14PE01965
US83145812,83,1,1,14PE01968
US83149683,83,1,1,14PE02001
US83149674,83,1,1,14PE02005
US83149870,83,1,1,14PE02006
US82140619,82,1,1,14PE02027
US82141335,82,1,1,14PE02036
US83149846,83,1,1,14PE02037
US83149733,83,1,1,14PE02053
US83149706,83,1,1,14PE02054
US83149634,83,1,1,14PE02059
US82140637,82,1,1,14PE02063
US82140476,82,1,1,14PE02068
US82140449,82,1,1,14PE02073
US82140665,82,1,1,14PE02079
US82149243,82,1,1,14PE02081
US82140563,82,1,1,14PE02084
US82141358,82,1,1,14PE02087
US82148962,82,1,1,14PE02091
US82149262,82,1,1,14PE02094
US83149592,83,1,1,14PE02097
US83149570,83,1,1,14PE02103
US83149673,83,1,1,14PE02104
US83149735,83,1,1,14PE02106
US83149693,83,1,1,14PE02107
US83149662,83,1,1,14PE02114
US82140517,82,1,1,14PE02117
US83149579,83,1,1,14PE02130
US83149643,83,1,1,14PE02135
US83149758,83,1,1,14PE02138
US83149630,83,1,1,14PE02142
US83149632,83,1,1,14PE02148
US83149607,83,1,1,14PE02157
US83149906,83,1,1,14PE02161
US82149507,82,1,1,14PE02174
US83149942,83,1,1,14PE02189
US83149753,83,1,1,14PE02195
US83149711,83,1,1,14PE02199
US83149849,83,1,1,14PE02200
US82140420,82,1,1,14PE02202
US82149431,82,1,1,14PE02204
US82140669,82,1,1,14PE02208
US82140480,82,1,1,14PE02211
US82148982,82,1,1,14PE02214
US82141003,82,1,1,14PE02216
US82140674,82,1,1,14PE02217
US82140572,82,1,1,14PE02224
US83149639,83,1,1,14PE02230
US82140514,82,1,1,14PE02233
US82140317,82,1,1,14PE02235
US83149686,83,1,1,14PE02237
US82140673,82,1,1,14PE02238
US83149599,83,1,1,14PE02242
US83149902,83,1,1,14PE02246
US83149797,83,1,1,14PE02247
US83149650,83,1,1,14PE02248
US83149879,83,1,1,14PE02250
US83149872,83,1,1,14PE02254
US83149759,83,1,1,14PE02255
US83149923,83,1,1,14PE02256
US82140712,82,1,1,14PE02257
US83149618,83,1,1,14PE02259
US83149568,83,1,1,14PE02260
US83149609,83,1,1,14PE02266
US83149812,83,1,1,14PE02269
US83149728,83,1,1,14PE02277
US83149745,83,1,1,14PE02278
US83149717,83,1,1,14PE02279
US83149795,83,1,1,14PE02280
US83149751,83,1,1,14PE02282
US83149809,83,1,1,14PE02292
US83149602,83,1,1,14PE02302
US83149960,83,1,1,14PE02304
US83149920,83,1,1,14PE02308
US83149682,83,1,1,14PE02315
US83149678,83,1,1,14PE02319
US83149633,83,1,1,14PE02320
US82144559,82,1,1,14PE02321
US82146717,82,1,1,14PE02324
US82149323,82,1,1,14PE02326
US82143857,82,1,1,14PE02330
US82140595,82,1,1,14PE02332
US83149744,83,1,1,14PE02335
US82142177,82,1,1,14PE02338
US82148838,82,1,1,14PE02343
US82141375,82,1,1,14PE02344
US82147270,82,1,1,14PE02346
US82142188,82,1,1,14PE02351
US82149063,82,1,1,14PE02352
US82149204,82,1,1,14PE02354
US82143741,82,1,1,14PE02361
US82142888,82,1,1,14PE02363
US82142662,82,1,1,14PE02366
US83149911,83,1,1,14PE02368
US82144006,82,1,1,14PE02369
US82144451,82,1,1,14PE02370
US83155063,83,1,1,15PE01353
US83156848,83,1,1,15PE01360
US83150676,83,1,1,15PE01362
US64157133,64,1,1,15PE01364
US83150446,83,1,1,15PE01367
US83150590,83,1,1,15PE01370
US83150707,83,1,1,15PE01372
US83150700,83,1,1,15PE01374
US64150639,64,1,1,15PE01376
US83156644,83,1,1,15PE01378
US83150654,83,1,1,15PE01380
US83158682,83,1,1,15PE01382
US83156632,83,1,1,15PE01384
US83156916,83,1,1,15PE01388
US83156884,83,1,1,15PE01392
US64157339,64,1,1,15PE01394
US64150531,64,1,1,15PE01396
US83150683,83,1,1,15PE01399
US83150782,83,1,1,15PE01401
US83150445,83,1,1,15PE01404
US64156727,64,1,1,15PE01406
US83158722,83,1,1,15PE01408
US83156739,83,1,1,15PE01410
US83156925,83,1,1,15PE01412
US64150662,64,1,1,15PE01415
US83156772,83,1,1,15PE01417
US83158880,83,1,1,15PE01420
US83156885,83,1,1,15PE01421
US83156751,83,1,1,15PE01423
US64158703,64,1,1,15PE01425
US83156921,83,1,1,15PE01426
US83150427,83,1,1,15PE01428
US83156729,83,1,1,15PE01430
US83150369,83,1,1,15PE01432
US83150426,83,1,1,15PE01435
US64157179,64,1,1,15PE01437
US64150511,64,1,1,15PE01439
US83158734,83,1,1,15PE01441
US83158765,83,1,1,15PE01443
US83150261,83,1,1,15PE01445
US83158681,83,1,1,15PE01447
US83150568,83,1,1,15PE01449
US83157245,83,1,1,15PE01451
US83150287,83,1,1,15PE01453
US64157270,64,1,1,15PE01456
US83150678,83,1,1,15PE01458
US83159069,83,1,1,15PE01461
US83150666,83,1,1,15PE01463
US83150523,83,1,1,15PE01466
US83150553,83,1,1,15PE01469
US64150685,64,1,1,15PE01471
US83158980,83,1,1,15PE01474
US64159031,64,1,1,15PE01476
US64150442,64,1,1,15PE01478
US83157168,83,1,1,15PE01480
US83159037,83,1,1,15PE01482
US83150471,83,1,1,15PE01484
US83150732,83,1,1,15PE01487
US83150626,83,1,1,15PE01490
US83150728,83,1,1,15PE01493
US64150359,64,1,1,15PE01495
US83157253,83,1,1,15PE01498
US83156900,83,1,1,15PE01500
US83158848,83,1,1,15PE01502
US83158883,83,1,1,15PE01504
US83150530,83,1,1,15PE01505
US64150230,64,1,1,15PE01508
US83158766,83,1,1,15PE01509
US83157143,83,1,1,15PE01511
US64150244,64,1,1,15PE01512
US83156597,83,1,1,15PE01515
US83158718,83,1,1,15PE01517
US83150565,83,1,1,15PE01519
US83156917,83,1,1,15PE01521
US83150525,83,1,1,15PE01524
US83150414,83,1,1,15PE01528
US64157379,64,1,1,15PE01530
US83150243,83,1,1,15PE01532
US83156850,83,1,1,15PE01535
US64159086,64,1,1,15PE01537
US83157082,83,1,1,15PE01539
US64150532,64,1,1,15PE01541
US64150358,64,1,1,15PE01543
US83157023,83,1,1,15PE01546
US64158886,64,1,1,15PE01548
US83156807,83,1,1,15PE01550
US83150546,83,1,1,15PE01552
US83156672,83,1,1,15PE01555
US83150586,83,1,1,15PE01557
US64159026,64,1,1,15PE01559
US83158881,83,1,1,15PE01561
US83150754,83,1,1,15PE01563
US64156977,64,1,1,15PE01566
US83157033,83,1,1,15PE01569
US83150687,83,1,1,15PE01571
US64156680,64,1,1,15PE01572
US83156634,83,1,1,15PE01574
US64150288,64,1,1,15PE01576
US64158658,64,1,1,15PE01578
US83157124,83,1,1,15PE01579
US83150513,83,1,1,15PE01581
US83158861,83,1,1,15PE01583
US64150385,64,1,1,15PE01585
US64158803,64,1,1,15PE01587
US83158798,83,1,1,15PE01590
US64157315,64,1,1,15PE01592
US83158663,83,1,1,15PE01595
US64159109,64,1,1,15PE01597
US83159030,83,1,1,15PE01600
US64158720,64,1,1,15PE01602
US83150476,83,1,1,15PE01706
US83159904,83,1,1,15PE01716
US83157277,83,1,1,15PE01732
US83157389,83,1,1,15PE01748
US83156915,83,1,1,15PE01755
US83158977,83,1,1,15PE01757
US83159984,83,1,1,15PE01759
US83156911,83,1,1,15PE01760
US83158637,83,1,1,15PE01762
US83151630,83,1,1,15PE01764
US83157667,83,1,1,15PE01770
US83159064,83,1,1,15PE01772
US83157439,83,1,1,15PE01780
US83150375,83,1,1,15PE01781
US83150420,83,1,1,15PE01783
US83159243,83,1,1,15PE01786
US83155388,83,1,1,15PE01789
US83157293,83,1,1,15PE01795
US83150449,83,1,1,15PE01808
US83156809,83,1,1,15PE01810
US83150317,83,1,1,15PE01816
US83157240,83,1,1,15PE01844
US83151536,83,1,1,15PE01849
US83157933,83,1,1,15PE01878
US83151614,83,1,1,15PE02016
US83151193,83,1,1,15PE02019
US83151774,83,1,1,15PE02021
US83151282,83,1,1,15PE02042
US83150595,83,1,1,15PE02046
US83150072,83,1,1,15PE02050
US83150984,83,1,1,15PE02052
US83150078,83,1,1,15PE02054
US83150637,83,1,1,15PE02055
US83157617,83,1,1,15PE02057
US83150997,83,1,1,15PE02068
US83151102,83,1,1,15PE02070
US83150514,83,1,1,15PE02074
US83157750,83,1,1,15PE02076
US83151016,83,1,1,15PE02078
US83151595,83,1,1,15PE02080
US83159918,83,1,1,15PE02086
US83151153,83,1,1,15PE02087
US83158787,83,1,1,15PE02089
US83150572,83,1,1,15PE02097
US83150480,83,1,1,15PE02098
US83158084,83,1,1,15PE02099
US83150517,83,1,1,15PE02102
US83157710,83,1,1,15PE02105
US83151742,83,1,1,15PE02114
US83151688,83,1,1,15PE02124
US83151807,83,1,1,15PE02125
US83157316,83,1,1,15PE02132
US83151492,83,1,1,15PE02142
US83151090,83,1,1,15PE02145
US83151580,83,1,1,15PE02146
US83151814,83,1,1,15PE02149
US83158863,83,1,1,15PE02152
US83151566,83,1,1,15PE02153
US83151746,83,1,1,15PE02154
US83151088,83,1,1,15PE02155
US83151751,83,1,1,15PE02159
US83151610,83,1,1,15PE02160
US83150674,83,1,1,15PE02161
US83155043,83,1,1,15PE02167
US83151663,83,1,1,15PE02170
US83151699,83,1,1,15PE02171
US83151639,83,1,1,15PE02172
US83151011,83,1,1,15PE02173
US83151611,83,1,1,15PE02174
US83155189,83,1,1,15PE02175
US83154207,83,1,1,15PE02176
US83150712,83,1,1,15PE02179
US83155165,83,1,1,15PE02182
US83159568,83,1,1,15PE02184
US83152542,83,1,1,15PE02186
US83150673,83,1,1,15PE02193
US83151008,83,1,1,15PE02196
US83153361,83,1,1,15PE02197
US83150665,83,1,1,15PE02199
US83152878,83,1,1,15PE02200
US83158063,83,1,1,15PE02202
US83158894,83,1,1,15PE02204
US83155166,83,1,1,15PE02206
US83152852,83,1,1,15PE02207
US83153554,83,1,1,15PE02209
US83158991,83,1,1,15PE02211
US83155007,83,1,1,15PE02215
US83153906,83,1,1,15PE02216
US83151677,83,1,1,15PE02220
US83155222,83,1,1,15PE02221
US83154518,83,1,1,15PE02223
US83153645,83,1,1,15PE02225
US83155221,83,1,1,15PE02227
US83152274,83,1,1,15PE02229
US83169639,83,1,1,16PE00670
US83161688,83,1,1,16PE01104
US83161016,83,1,1,16PE01118
US83161610,83,1,1,16PE01156
US83161090,83,1,1,16PE01158
US83161008,83,1,1,16PE01204
US83169984,83,1,1,16PE01214
US83160665,83,1,1,16PE01233
US83161639,83,1,1,16PE01253
US83161011,83,1,1,16PE01266
US83161663,83,1,1,16PE01296
US83169466,83,1,1,16PE01481
US83160420,83,1,1,16PE01517
US83160997,83,1,1,16PE01526
US83167389,83,1,1,16PE01541
US83160674,83,1,1,16PE01649
US83161566,83,1,1,16PE01657
US83161677,83,1,1,16PE01683
US83160669,83,1,1,16PE01684
US83169243,83,1,1,16PE01688
US83160480,83,1,1,16PE01700
US83161536,83,1,1,16PE01711
US83160984,83,1,1,16PE01721
US83161614,83,1,1,16PE01729
US83169064,83,1,1,16PE01745
US83167667,83,1,1,16PE01749
US83165415,83,1,1,16PE01757
US83168615,83,1,1,16PE01835
US83166644,83,1,1,16PE01837
US83167710,83,1,1,16PE01840
US83161747,83,1,1,16PE01842
US83165568,83,1,1,16PE01846
US83169983,83,1,1,16PE01848
US83165355,83,1,1,16PE01856
US83167186,83,1,1,16PE01858
US83167617,83,1,1,16PE01861
US83161088,83,1,1,16PE01863
US83166977,83,1,1,16PE01866
US83165395,83,1,1,16PE01868
US83169674,83,1,1,16PE01869
US83160078,83,1,1,16PE01872
US83167498,83,1,1,16PE01875
US83161492,83,1,1,16PE01877
US83161144,83,1,1,16PE01878
US83160637,83,1,1,16PE01879
US83160449,83,1,1,16PE01882
US83161102,83,1,1,16PE01885
US83168035,83,1,1,16PE01887
US83163034,83,1,1,16PE01888
US83160712,83,1,1,16PE01889
US83165652,83,1,1,16PE01891
US83166751,83,1,1,16PE01894
US83164444,83,1,1,16PE01895
US83167316,83,1,1,16PE01897
US83163148,83,1,1,16PE01898
US83161580,83,1,1,16PE01900
US83161153,83,1,1,16PE01903
US83165131,83,1,1,16PE01905
US83160673,83,1,1,16PE01907
US83164356,83,1,1,16PE01910
US83168868,83,1,1,16PE01912
US83169872,83,1,1,16PE01914
US83165490,83,1,1,16PE01917
US83161814,83,1,1,16PE01918
US83164174,83,1,1,16PE01920
US83169153,83,1,1,16PE01922
US83169109,83,1,1,16PE01925
US83169630,83,1,1,16PE01927
US83160176,83,1,1,16PE01928
US83167867,83,1,1,16PE01930
US83164006,83,1,1,16PE01932
US83160060,83,1,1,16PE01934
US83164989,83,1,1,16PE01936
US83169270,83,1,1,16PE01938
US83164559,83,1,1,16PE01939
US83164535,83,1,1,16PE01941
US83161807,83,1,1,16PE01943
US83164389,83,1,1,16PE01945
US83165690,83,1,1,16PE01947
US83164787,83,1,1,16PE01949
US83160375,83,1,1,16PE01950
US83161297,83,1,1,16PE01951
US83164976,83,1,1,16PE01955
US83163878,83,1,1,16PE01957
US83168798,83,1,1,16PE01958
US83160265,83,1,1,16PE01959
US83162028,83,1,1,16PE01960
US83168719,83,1,1,16PE01961
US83168894,83,1,1,16PE01963
US83164106,83,1,1,16PE01964
US70171791,70,1,1,17PE01166
US70171751,70,1,1,17PE01176
US70171776,70,1,1,17PE01220
US70171757,70,1,1,17PE01245
US70171742,70,1,1,17PE01246
US83173853,83,1,1,17PE01248
US83178590,83,1,1,17PE01250
US83178524,83,1,1,17PE01251
US83174187,83,1,1,17PE01252
US83178158,83,1,1,17PE01253
US83179225,83,1,1,17PE01254
US83179640,83,1,1,17PE01255
US83178765,83,1,1,17PE01256
US83178005,83,1,1,17PE01258
US00176254,00,1,1,17PE01260
US83176037,83,1,1,17PE01261
US83173004,83,1,1,17PE01263
US00170198,00,1,1,17PE01265
US83176068,83,1,1,17PE01266
US83179190,83,1,1,17PE01267
US83175586,83,1,1,17PE01268
US00170376,00,1,1,17PE01269
US83179105,83,1,1,17PE01270
US83172771,83,1,1,17PE01271
US00177124,00,1,1,17PE01272
US83178248,83,1,1,17PE01273
US83177947,83,1,1,17PE01274
US83170031,83,1,1,17PE01275
US83170259,83,1,1,17PE01276
US83179984,83,1,1,17PE01277
US83173849,83,1,1,17PE01279
US83177617,83,1,1,17PE01280
US83171102,83,1,1,17PE01282
US83173276,83,1,1,17PE01283
US83170637,83,1,1,17PE01284
US83171614,83,1,1,17PE01287
US83174008,83,1,1,17PE01289
US83179243,83,1,1,17PE01290
US83171088,83,1,1,17PE01291
US83173238,83,1,1,17PE01293
US83173278,83,1,1,17PE01294
US83171610,83,1,1,17PE01295
US83171153,83,1,1,17PE01297
US83170449,83,1,1,17PE01299
US83170712,83,1,1,17PE01300
US83171492,83,1,1,17PE01301
US83173223,83,1,1,17PE01303
US83170420,83,1,1,17PE01305
US83179064,83,1,1,17PE01306
US83171746,83,1,1,17PE01308
US83171814,83,1,1,17PE01310
US83171016,83,1,1,17PE01311
US83173962,83,1,1,17PE01312
US83171144,83,1,1,17PE01313
US83170078,83,1,1,17PE01316
US83170480,83,1,1,17PE01318
US83173333,83,1,1,17PE01320
US83178977,83,1,1,17PE01321
US83178894,83,1,1,17PE01324
US83170375,83,1,1,17PE01326
US83170984,83,1,1,17PE01328
US83177389,83,1,1,17PE01329
US83174014,83,1,1,17PE01332
US83171008,83,1,1,17PE01337
US83176436,83,1,1,17PE01349
US70171050,70,1,1,17PE01363
US70176483,70,1,1,17PE01384
US00173393,00,1,1,17PE01393
US83176413,83,1,1,17PE01426
US00170982,00,1,1,17PE01432
US83171743,83,1,1,17PE01437
US70176374,70,1,1,17PE01448
US70170830,70,1,1,17PE01451
US00170748,00,1,1,17PE01458
US83170907,83,1,1,17PE01464
US83171032,83,1,1,17PE01512
US83170883,83,1,1,17PE01533
US00170920,00,1,1,17PE01536
US00171790,00,1,1,17PE01547
US00173927,00,1,1,17PE01554
US00173756,00,1,1,17PE01555
US00173604,00,1,1,17PE01560
US83170779,83,1,1,17PE01592
US83170875,83,1,1,17PE01601
US83176354,83,1,1,17PE01602
US00176321,00,1,1,17PE01603
US00176371,00,1,1,17PE01614
US00170824,00,1,1,17PE01615
US70173584,70,1,1,17PE01618
US70170795,70,1,1,17PE01635
US83173749,83,1,1,17PE01649
US83173234,83,1,1,17PE01677
US70170948,70,1,1,17PE01690
US83171785,83,1,1,17PE01700
US00171046,00,1,1,17PE01712
US00176439,00,1,1,17PE01715
US83171038,83,1,1,17PE01716
US83170827,83,1,1,17PE01722
US00176366,00,1,1,17PE01753
US00170755,00,1,1,17PE01754
US00176355,00,1,1,17PE01755
US00173266,00,1,1,17PE01756
US83171822,83,1,1,17PE01761
US70170923,70,1,1,17PE01781
US83170847,83,1,1,17PE01790
US83171800,83,1,1,17PE01797
US83173581,83,1,1,17PE01801
US70173313,70,1,1,17PE01812
US83170977,83,1,1,17PE01819
US00176541,00,1,1,17PE01821
US70176389,70,1,1,17PE01828
US70176369,70,1,1,17PE01842
US00176431,00,1,1,17PE01846
US70176395,70,1,1,17PE01854
US83171023,83,1,1,17PE01856
US83170853,83,1,1,17PE01857
US70171016,70,1,1,17PE01864
US70173862,70,1,1,17PE01869
US70176476,70,1,1,17PE01872
US00176387,00,1,1,17PE01873
US70176519,70,1,1,17PE01876
US70176434,70,1,1,17PE01879
US00171060,00,1,1,17PE01882
US00171744,00,1,1,17PE01888
US83170955,83,1,1,17PE01889
US83171765,83,1,1,17PE01893
US70176510,70,1,1,17PE01895
US70171066,70,1,1,17PE01904
US83176429,83,1,1,17PE01906
US70173833,70,1,1,17PE01930
US70176352,70,1,1,17PE01931
US00170769,00,1,1,17PE01938
US83176364,83,1,1,17PE01941
US00170773,00,1,1,17PE01950
US83176320,83,1,1,17PE01953
US00171098,00,1,1,17PE01959
US83171857,83,1,1,17PE01963
US83171753,83,1,1,17PE01968
US70173399,70,1,1,17PE01980
US70176340,70,1,1,17PE02002
US70173485,70,1,1,17PE02005
US00170848,00,1,1,17PE02008
US00171754,00,1,1,17PE02036
US83170761,83,1,1,17PE02039
US70171042,70,1,1,17PE02041
US83176345,83,1,1,17PE02046
US00173800,00,1,1,17PE02048
US70170749,70,1,1,17PE02049
US00173281,00,1,1,17PE02051
US70170835,70,1,1,17PE02059
US00173868,00,1,1,17PE02062
US83170751,83,1,1,17PE02077
US83176386,83,1,1,17PE02083
US83171092,83,1,1,17PE02088
US00171040,00,1,1,17PE02091
US70170999,70,1,1,17PE02093
US83170903,83,1,1,17PE02094
US70171090,70,1,1,17PE02097
US70170861,70,1,1,17PE02098
US70170984,70,1,1,17PE02102
US70171005,70,1,1,17PE02106
US83176397,83,1,1,17PE02107
US00173740,00,1,1,17PE02112
US83170765,83,1,1,17PE02118
US00171848,00,1,1,17PE02120
US70170928,70,1,1,17PE02125
US70170770,70,1,1,17PE02126
US70173529,70,1,1,17PE02127
US00176524,00,1,1,17PE02128
US00176347,00,1,1,17PE02129
US00171793,00,1,1,17PE02130
US83170771,83,1,1,17PE02137
US00171762,00,1,1,17PE02140
US83175379,83,1,1,17PE02141
US70171118,70,1,1,17PE02143
US00173827,00,1,1,17PE02144
US83176469,83,1,1,17PE02145
US00171823,00,1,1,17PE02147
US83176466,83,1,1,17PE02150
US83171073,83,1,1,17PE02164
US83173498,83,1,1,17PE02166
US00176518,00,1,1,17PE02167
US00171749,00,1,1,17PE02172
US70173267,70,1,1,17PE02173
US00170877,00,1,1,17PE02174
US83175355,83,1,1,17PE02175
US83175222,83,1,1,17PE02176
US70173762,70,1,1,17PE02181
US00171068,00,1,1,17PE02184
US83173599,83,1,1,17PE02185
US70171025,70,1,1,17PE02186
US00173583,00,1,1,17PE02188
US83176511,83,1,1,17PE02189
US83171297,83,1,1,17PE02192
US70170760,70,1,1,17PE02194
US00173793,00,1,1,17PE02195
US00170868,00,1,1,17PE02196
US00170997,00,1,1,17PE02197
US83176392,83,1,1,17PE02198
US83173686,83,1,1,17PE02199
US70170843,70,1,1,17PE02202
US70176310,70,1,1,17PE02206
US83178829,83,1,1,17PE02209
US83176499,83,1,1,17PE02214
US70170788,70,1,1,17PE02215
US70176572,70,1,1,17PE02216
US00171053,00,1,1,17PE02217
US70176446,70,1,1,17PE02218
US70170934,70,1,1,17PE02219
US83176560,83,1,1,17PE02220
US70176428,70,1,1,17PE02221
US83175330,83,1,1,17PE02222
US00170855,00,1,1,17PE02224
US00171033,00,1,1,17PE02225
US70176567,70,1,1,17PE02226
US83171067,83,1,1,17PE02227
US00171815,00,1,1,17PE02228
US70170995,70,1,1,17PE02229
US83176479,83,1,1,17PE02230
US70173906,70,1,1,17PE02231
US83175221,83,1,1,17PE02232
US83173883,83,1,1,17PE02234
US83174977,83,1,1,17PE02236
US70170849,70,1,1,17PE02238
US70170777,70,1,1,17PE02239
US83170938,83,1,1,17PE02240
US83171835,83,1,1,17PE02242
US83173792,83,1,1,17PE02243
US83179235,83,1,1,17PE02245
US83174013,83,1,1,17PE02246
US83176328,83,1,1,17PE02247
US83171000,83,1,1,17PE02248
US83176506,83,1,1,17PE02250
US83171846,83,1,1,17PE02253
US83174108,83,1,1,17PE02254
US83176522,83,1,1,17PE02256
US00176475,00,1,1,17PE02258
US83174685,83,1,1,17PE02260
US83176177,83,1,1,17PE02262
US83177877,83,1,1,17PE02265
US00171024,00,1,1,17PE02267
US70176412,70,1,1,17PE02268
US00171074,00,1,1,17PE02269
US83179998,83,1,1,17PE02270
US00176536,00,1,1,17PE02272
US83179328,83,1,1,17PE02275
US00189926,00,1,1,18PE00059
US83188131,83,1,1,18PE00738
US83188768,83,1,1,18PE01066
US83185341,83,1,1,18PE01068
US83185379,83,1,1,18PE01070
US83188722,83,1,1,18PE01072
US83180664,83,1,1,18PE01074
US83181610,83,1,1,18PE01076
US83188495,83,1,1,18PE01077
US83186034,83,1,1,18PE01079
US83180420,83,1,1,18PE01080
US83180662,83,1,1,18PE01083
US83185091,83,1,1,18PE01084
US70189745,70,1,1,18PE01085
US83189584,83,1,1,18PE01087
US00189868,00,1,1,18PE01088
US00189637,00,1,1,18PE01089
US83189709,83,1,1,18PE01094
US70181365,70,1,1,18PE01102
US83189889,83,1,1,18PE01104
US83189732,83,1,1,18PE01107
US70189722,70,1,1,18PE01109
US00181436,00,1,1,18PE01113
US83186817,83,1,1,18PE01116
US00186691,00,1,1,18PE01117
US83189683,83,1,1,18PE01118
US70189884,70,1,1,18PE01122
US70181166,70,1,1,18PE01124
US00181348,00,1,1,18PE01125
US83181454,83,1,1,18PE01126
US70189796,70,1,1,18PE01127
US70189648,70,1,1,18PE01128
US83186587,83,1,1,18PE01132
US70181385,70,1,1,18PE01133
US83184746,83,1,1,18PE01134
US00181352,00,1,1,18PE01135
US70189697,70,1,1,18PE01136
US83186628,83,1,1,18PE01138
US83186752,83,1,1,18PE01142
US00189841,00,1,1,18PE01144
US83189766,83,1,1,18PE01145
US83181369,83,1,1,18PE01146
US70189852,70,1,1,18PE01149
US00186589,00,1,1,18PE01156
US83184822,83,1,1,18PE01157
US00181382,00,1,1,18PE01158
US00189689,00,1,1,18PE01160
US83181381,83,1,1,18PE01166
US00186614,00,1,1,18PE01167
US70189677,70,1,1,18PE01168
US70186782,70,1,1,18PE01169
US70186820,70,1,1,18PE01170
US00189896,00,1,1,18PE01171
US83189853,83,1,1,18PE01175
US83181185,83,1,1,18PE01179
US83185077,83,1,1,18PE01180
US70186765,70,1,1,18PE01182
US00186772,00,1,1,18PE01184
US00185080,00,1,1,18PE01185
US00181452,00,1,1,18PE01187
US83189910,83,1,1,18PE01188
US70181413,70,1,1,18PE01189
US00184663,00,1,1,18PE01190
US83187186,83,1,1,18PE01191
US00189740,00,1,1,18PE01192
US83181163,83,1,1,18PE01194
US83186672,83,1,1,18PE01195
US83181313,83,1,1,18PE01196
US83181261,83,1,1,18PE01197
US70185011,70,1,1,18PE01198
US70186866,70,1,1,18PE01199
US83186671,83,1,1,18PE01200
US70186637,70,1,1,18PE01201
US70186669,70,1,1,18PE01203
US00181316,00,1,1,18PE01204
US83186925,83,1,1,18PE01205
US83186706,83,1,1,18PE01207
US70181920,70,1,1,18PE01304
US70181928,70,1,1,18PE01352
US70181987,70,1,1,18PE01400
US70181895,70,1,1,18PE01407
US70181912,70,1,1,18PE01412
US70181939,70,1,1,18PE01429
US70181975,70,1,1,18PE01435
US83181661,83,1,1,18PE01438
US70184330,70,1,1,18PE01450
US83181346,83,1,1,18PE01456
US00186585,00,1,1,18PE01464
US83181139,83,1,1,18PE01467
US83184701,83,1,1,18PE01470
US83181896,83,1,1,18PE01491
US83186736,83,1,1,18PE01519
US00184874,00,1,1,18PE01528
US70181287,70,1,1,18PE01543
US70183238,70,1,1,18PE01546
US00186791,00,1,1,18PE01551
US83181288,83,1,1,18PE01555
US83181322,83,1,1,18PE01561
US00181206,00,1,1,18PE01564
US00186841,00,1,1,18PE01582
US70181278,70,1,1,18PE01587
US00184919,00,1,1,18PE01589
US00182001,00,1,1,18PE01629
US70184008,70,1,1,18PE01631
US70183333,70,1,1,18PE01639
US70181102,70,1,1,18PE01641
US70181350,70,1,1,18PE01645
US70183385,70,1,1,18PE01652
US70186694,70,1,1,18PE01653
US70184153,70,1,1,18PE01654
US00181215,00,1,1,18PE01656
US70180449,70,1,1,18PE01659
US70186623,70,1,1,18PE01678
US70181492,70,1,1,18PE01685
US70181232,70,1,1,18PE01696
US70180375,70,1,1,18PE01697
US70181144,70,1,1,18PE01717
US83188529,83,1,1,18PE01723
US70186774,70,1,1,18PE01728
US70183386,70,1,1,18PE01731
US83186673,83,1,1,18PE01733
US00185132,00,1,1,18PE01741
US70181580,70,1,1,18PE01742
US70181008,70,1,1,18PE01744
US83181488,83,1,1,18PE01746
US70183978,70,1,1,18PE01753
US70184907,70,1,1,18PE01759
US00181267,00,1,1,18PE01773
US70184022,70,1,1,18PE01789
US70181311,70,1,1,18PE01802
US83182007,83,1,1,18PE01814
US70184213,70,1,1,18PE01820
US83185153,83,1,1,18PE01828
US70180317,70,1,1,18PE01829
US70181614,70,1,1,18PE01831
US00181175,00,1,1,18PE01833
US00181974,00,1,1,18PE01834
US00181985,00,1,1,18PE01835
US70181663,70,1,1,18PE01846
US00186662,00,1,1,18PE01858
US00186728,00,1,1,18PE01865
US70181326,70,1,1,18PE01868
US00181926,00,1,1,18PE01873
US83184937,83,1,1,18PE01880
US83181443,83,1,1,18PE01881
US00181949,00,1,1,18PE01885
US83186700,83,1,1,18PE01890
US83185146,83,1,1,18PE01891
US00185150,00,1,1,18PE01918
US70184230,70,1,1,18PE01928
US70186663,70,1,1,18PE01951
US70180673,70,1,1,18PE01952
US70181157,70,1,1,18PE01965
US00181190,00,1,1,18PE01968
US83184568,83,1,1,18PE01969
US83181355,83,1,1,18PE01976
US70184673,70,1,1,18PE01978
US70186713,70,1,1,18PE01987
US83181351,83,1,1,18PE01990
US70185173,70,1,1,18PE02005
US70184169,70,1,1,18PE02014
US83186609,83,1,1,18PE02016
US00186776,00,1,1,18PE02017
US70180078,70,1,1,18PE02027
US70183992,70,1,1,18PE02034
US83186839,83,1,1,18PE02053
US83184832,83,1,1,18PE02056
US83181921,83,1,1,18PE02060
US83181884,83,1,1,18PE02061
US83181167,83,1,1,18PE02065
US70184157,70,1,1,18PE02067
US83181435,83,1,1,18PE02075
US70184256,70,1,1,18PE02078
US70183277,70,1,1,18PE02079
US83186667,83,1,1,18PE02081
US00186796,00,1,1,18PE02083
US70181814,70,1,1,18PE02085
US83186803,83,1,1,18PE02087
US83181947,83,1,1,18PE02093
US70183966,70,1,1,18PE02100
US70184139,70,1,1,18PE02117
US70184014,70,1,1,18PE02120
US70183278,70,1,1,18PE02124
US70181145,70,1,1,18PE02136
US70183865,70,1,1,18PE02137
US70183849,70,1,1,18PE02139
US83186787,83,1,1,18PE02141
US70184070,70,1,1,18PE02155
US00181328,00,1,1,18PE02157
US70181208,70,1,1,18PE02162
US83184705,83,1,1,18PE02170
US83184142,83,1,1,18PE02171
US83185100,83,1,1,18PE02173
US83186659,83,1,1,18PE02174
US00181341,00,1,1,18PE02176
US70180984,70,1,1,18PE02181
US83184836,83,1,1,18PE02185
US83185138,83,1,1,18PE02193
US83184908,83,1,1,18PE02201
US83184788,83,1,1,18PE02204
US83186689,83,1,1,18PE02205
US70185152,70,1,1,18PE02212
US83184928,83,1,1,18PE02213
US83185057,83,1,1,18PE02215
US83184637,83,1,1,18PE02216
US83181254,83,1,1,18PE02228
US70181746,70,1,1,18PE02237
US70183372,70,1,1,18PE02245
US70183275,70,1,1,18PE02249
US70186723,70,1,1,18PE02250
US00184537,00,1,1,18PE02262
US83185047,83,1,1,18PE02264
US70186810,70,1,1,18PE02265
US70184173,70,1,1,18PE02266
US70184553,70,1,1,18PE02267
US83185114,83,1,1,18PE02270
US70181774,70,1,1,18PE02280
US83181936,83,1,1,18PE02284
US70186836,70,1,1,18PE02286
US70184132,70,1,1,18PE02289
US83186767,83,1,1,18PE02305
US70184156,70,1,1,18PE02314
US70186605,70,1,1,18PE02318
US70184830,70,1,1,18PE02322
US00181323,00,1,1,18PE02374
US83184675,83,1,1,18PE02375
US83181909,83,1,1,18PE02382
US70185133,70,1,1,18PE02386
US70186704,70,1,1,18PE02390
US00186818,00,1,1,18PE02396
US70185137,70,1,1,18PE02402
US70185181,70,1,1,18PE02403
US00181903,00,1,1,18PE02407
US83184737,83,1,1,18PE02410
US83181228,83,1,1,18PE02418
US83184974,83,1,1,18PE02419
US00185136,00,1,1,18PE02422
US00181238,00,1,1,18PE02430
US83181234,83,1,1,18PE02431
US70186847,70,1,1,18PE02433
US83184807,83,1,1,18PE02435
US83188621,83,1,1,18PE02436
US70181194,70,1,1,18PE02438
US83188550,83,1,1,18PE02441
US00185177,00,1,1,18PE02444
US00186636,00,1,1,18PE02459
US83180402,83,1,1,18PE02461
US83181992,83,1,1,18PE02463
US00185062,00,1,1,18PE02465
US83184956,83,1,1,18PE02466
US83181359,83,1,1,18PE02467
US00181397,00,1,1,18PE02468
US00186814,00,1,1,18PE02469
US83181983,83,1,1,18PE02472
US83181961,83,1,1,18PE02479
US83181976,83,1,1,18PE02483
US00185186,00,1,1,18PE02490
US83186601,83,1,1,18PE02494
US83181151,83,1,1,18PE02496
US00184697,00,1,1,18PE02500
US70186816,70,1,1,18PE02506
US83188990,83,1,1,18PE02508
US83184650,83,1,1,18PE02510
US00181958,00,1,1,18PE02512
US83181841,83,1,1,18PE02513
US83181971,83,1,1,18PE02516
US00186641,00,1,1,18PE02517
US00185154,00,1,1,18PE02518
US83181957,83,1,1,18PE02520
US00181964,00,1,1,18PE02521
US83181336,83,1,1,18PE02522
US00181419,00,1,1,18PE02524
US83181309,83,1,1,18PE02525
US00184742,00,1,1,18PE02526
US83181407,83,1,1,18PE02528
US00181230,00,1,1,18PE02529
US83186858,83,1,1,18PE02530
US70186747,70,1,1,18PE02531
US00186764,00,1,1,18PE02534
US00181990,00,1,1,18PE02535
US83186823,83,1,1,18PE02538
US70181319,70,1,1,18PE02539
US70181353,70,1,1,18PE02540
US00186703,00,1,1,18PE02543
US70181259,70,1,1,18PE02545
US83186775,83,1,1,18PE02546
US83186795,83,1,1,18PE02553
US83186763,83,1,1,18PE02555
US00181289,00,1,1,18PE02556
US83181340,83,1,1,18PE02559
US83185139,83,1,1,18PE02560
US83181848,83,1,1,18PE02568
US83189300,83,1,1,18PE02572
US83181395,83,1,1,18PE02574
US83180376,83,1,1,18PE02575
US83185170,83,1,1,18PE02576
US83186811,83,1,1,18PE02577
US70181394,70,1,1,18PE02579
US83180024,83,1,1,18PE02580
US83186538,83,1,1,18PE02582
US83189607,83,1,1,18PE02584
US83184871,83,1,1,18PE02586
US83181757,83,1,1,18PE02587
US83181645,83,1,1,18PE02588
US83188154,83,1,1,18PE02592
US83185182,83,1,1,18PE02593
US00185171,00,1,1,18PE02594
US83189437,83,1,1,18PE02595
US83189306,83,1,1,18PE02598
US83180038,83,1,1,18PE02600
US83185409,83,1,1,18PE02602
US83185131,83,1,1,18PE02604
US83181666,83,1,1,18PE02605
US83180760,83,1,1,18PE02607
US83186314,83,1,1,18PE02608
US83189274,83,1,1,18PE02609
US70185063,70,1,1,18PE02611
US83186243,83,1,1,18PE02612
US83186404,83,1,1,18PE02613
US83184699,83,1,1,18PE02614
US83184438,83,1,1,18PE02615
US83180380,83,1,1,18PE02616
US83186395,83,1,1,18PE02618
US83185124,83,1,1,18PE02619
US83189002,83,1,1,18PE02620
US83188814,83,1,1,18PE02622
US00184749,00,1,1,18PE02624
US83186524,83,1,1,18PE02626
US83199848,83,1,1,19PE00362
US83191426,83,1,1,19PE01045
US70190202,70,1,1,19PE01359
US70190081,70,1,1,19PE01405
US70190239,70,1,1,19PE01462
US70190300,70,1,1,19PE01469
US70190253,70,1,1,19PE01487
US70199974,70,1,1,19PE01497
US70190003,70,1,1,19PE01500
US70190026,70,1,1,19PE01509
US70190279,70,1,1,19PE01517
US70190263,70,1,1,19PE01523
US70190049,70,1,1,19PE01525
US70190192,70,1,1,19PE01527
US70199982,70,1,1,19PE01530
US70190142,70,1,1,19PE01537
US70190110,70,1,1,19PE01543
US70190315,70,1,1,19PE01545
US70190184,70,1,1,19PE01547
US70190216,70,1,1,19PE01549
US70190061,70,1,1,19PE01550
US64195225,64,1,1,19PE01614
US70192033,70,1,1,19PE01618
US70192087,70,1,1,19PE01787
US70192104,70,1,1,19PE01824
US70192138,70,1,1,19PE01829
US70192149,70,1,1,19PE01830
US70192074,70,1,1,19PE01833
US70192178,70,1,1,19PE01834
US70192131,70,1,1,19PE01835
US83191848,83,1,1,19PE01836
US70192188,70,1,1,19PE01837
US83190089,83,1,1,19PE01843
US83195519,83,1,1,19PE01844
US00190081,00,1,1,19PE01849
US83190332,83,1,1,19PE01855
US83190030,83,1,1,19PE01862
US83190113,83,1,1,19PE01866
US83190196,83,1,1,19PE01868
US83195650,83,1,1,19PE01870
US83190234,83,1,1,19PE01880
US00190132,00,1,1,19PE01883
US83190052,83,1,1,19PE01888
US83190232,83,1,1,19PE01892
US00190121,00,1,1,19PE01897
US83191904,83,1,1,19PE01903
US83195830,83,1,1,19PE01905
US64195472,64,1,1,19PE01911
US00190149,00,1,1,19PE01917
US83190087,83,1,1,19PE01923
US83195529,83,1,1,19PE01937
US70190053,70,1,1,19PE01962
US64192048,64,1,1,19PE01966
US64191598,64,1,1,19PE01970
US00190113,00,1,1,19PE01971
US83190033,83,1,1,19PE01973
US64190078,64,1,1,19PE01975
US00195334,00,1,1,19PE01985
US83190207,83,1,1,19PE01987
US83191825,83,1,1,19PE01992
US70196995,70,1,1,19PE01993
US83190066,83,1,1,19PE02002
US00195657,00,1,1,19PE02009
US83195700,83,1,1,19PE02010
US00191594,00,1,1,19PE02016
US00195263,00,1,1,19PE02022
US64190002,64,1,1,19PE02024
US64191646,64,1,1,19PE02028
US83191711,83,1,1,19PE02035
US83190221,83,1,1,19PE02036
US00195814,00,1,1,19PE02045
US64199994,64,1,1,19PE02050
US83195260,83,1,1,19PE02052
US83190094,83,1,1,19PE02058
US64199981,64,1,1,19PE02060
US83195480,83,1,1,19PE02061
US83190144,83,1,1,19PE02068
US64191792,64,1,1,19PE02074
US83195634,83,1,1,19PE02085
US70191586,70,1,1,19PE02090
US70191656,70,1,1,19PE02093
US70196906,70,1,1,19PE02094
US83190203,83,1,1,19PE02103
US83199709,83,1,1,19PE02107
US00196139,00,1,1,19PE02113
US70196159,70,1,1,19PE02114
US70197014,70,1,1,19PE02120
US00190136,00,1,1,19PE02133
US64190024,64,1,1,19PE02138
US64190278,64,1,1,19PE02142
US00197046,00,1,1,19PE02149
US00199989,00,1,1,19PE02154
US83192184,83,1,1,19PE02158
US64196237,64,1,1,19PE02163
US64195559,64,1,1,19PE02166
US64195426,64,1,1,19PE02173
US83190223,83,1,1,19PE02179
US64195624,64,1,1,19PE02184
US83191555,83,1,1,19PE02185
US64190082,64,1,1,19PE02193
US83192051,83,1,1,19PE02194
US00191578,00,1,1,19PE02195
US64192031,64,1,1,19PE02196
US83195381,83,1,1,19PE02197
US70197127,70,1,1,19PE02200
US83190244,83,1,1,19PE02206
US83191635,83,1,1,19PE02210
US83190014,83,1,1,19PE02213
US00192030,00,1,1,19PE02217
US00190246,00,1,1,19PE02219
US83192094,83,1,1,19PE02222
US64192116,64,1,1,19PE02232
US00190198,00,1,1,19PE02238
US00190322,00,1,1,19PE02240
US00191662,00,1,1,19PE02243
US64191810,64,1,1,19PE02245
US00195482,00,1,1,19PE02251
US83192083,83,1,1,19PE02256
US00195764,00,1,1,19PE02257
US00192084,00,1,1,19PE02258
US64190025,64,1,1,19PE02264
US83190076,83,1,1,19PE02276
US00191826,00,1,1,19PE02282
US00196029,00,1,1,19PE02285
US00195538,00,1,1,19PE02288
US83191769,83,1,1,19PE02291
US70191794,70,1,1,19PE02296
US64196259,64,1,1,19PE02300
US70190013,70,1,1,19PE02303
US83192056,83,1,1,19PE02313
US64195599,64,1,1,19PE02314
US70196267,70,1,1,19PE02315
US83195394,83,1,1,19PE02318
US83190023,83,1,1,19PE02331
US83190019,83,1,1,19PE02336
US00196225,00,1,1,19PE02337
US83191609,83,1,1,19PE02346
US64195985,64,1,1,19PE02353
US83190059,83,1,1,19PE02354
US83191570,83,1,1,19PE02356
US83191650,83,1,1,19PE02358
US83190193,83,1,1,19PE02363
US00190024,00,1,1,19PE02365
US70191669,70,1,1,19PE02375
US83190056,83,1,1,19PE02378
US00195213,00,1,1,19PE02382
US00191623,00,1,1,19PE02384
US83196317,83,1,1,19PE02385
US83192142,83,1,1,19PE02386
US83190309,83,1,1,19PE02392
US83196954,83,1,1,19PE02398
US83195224,83,1,1,19PE02402
US70195633,70,1,1,19PE02409
US83196290,83,1,1,19PE02410
US83190134,83,1,1,19PE02416
US83195349,83,1,1,19PE02418
US83190075,83,1,1,19PE02431
US83199987,83,1,1,19PE02436
US00195205,00,1,1,19PE02438
US83190170,83,1,1,19PE02439
US00190070,00,1,1,19PE02448
US00191639,00,1,1,19PE02455
US70195986,70,1,1,19PE02457
US00190224,00,1,1,19PE02459
US83190006,83,1,1,19PE02461
US83190255,83,1,1,19PE02468
US00196112,00,1,1,19PE02469
US00190175,00,1,1,19PE02470
US64196326,64,1,1,19PE02472
US00195619,00,1,1,19PE02475
US64199968,64,1,1,19PE02482
US00196004,00,1,1,19PE02483
US00196314,00,1,1,19PE02488
US64196196,64,1,1,19PE02489
US00190077,00,1,1,19PE02490
US83195225,83,1,1,19PE02491
US70195393,70,1,1,19PE02492
US64190009,64,1,1,19PE02494
US83190186,83,1,1,19PE02495
US83192109,83,1,1,19PE02497
US83199978,83,1,1,19PE02503
US00190164,00,1,1,19PE02504
US64197021,64,1,1,19PE02505
US83191535,83,1,1,19PE02511
US83191697,83,1,1,19PE02512
US70190125,70,1,1,19PE02513
US64195184,64,1,1,19PE02514
US00192135,00,1,1,19PE02516
US83196003,83,1,1,19PE02519
US70195362,70,1,1,19PE02521
US00190311,00,1,1,19PE02524
US70195901,70,1,1,19PE02526
US00190059,00,1,1,19PE02527
US00190103,00,1,1,19PE02529
US83190005,83,1,1,19PE02533
US64196903,64,1,1,19PE02535
US70195562,70,1,1,19PE02537
US70191812,70,1,1,19PE02539
US70197071,70,1,1,19PE02542
US83190111,83,1,1,19PE02543
US83196176,83,1,1,19PE02549
US83190173,83,1,1,19PE02553
US83197024,83,1,1,19PE02563
US83190268,83,1,1,19PE02567
US64192099,64,1,1,19PE02571
US83192063,83,1,1,19PE02573
US64190261,64,1,1,19PE02574
US83196986,83,1,1,19PE02576
US00196065,00,1,1,19PE02578
US00195639,00,1,1,19PE02581
US00196970,00,1,1,19PE02583
US70195688,70,1,1,19PE02584
US83192089,83,1,1,19PE02586
US00195703,00,1,1,19PE02592
US64196277,64,1,1,19PE02593
US83196952,83,1,1,19PE02597
US83192166,83,1,1,19PE02601
US00190269,00,1,1,19PE02603
US83195655,83,1,1,19PE02606
US70191922,70,1,1,19PE02607
US00195383,00,1,1,19PE02608
US64190236,64,1,1,19PE02609
US83196318,83,1,1,19PE02615
US64191843,64,1,1,19PE02616
US00197125,00,1,1,19PE02618
US83190062,83,1,1,19PE02620
US83190265,83,1,1,19PE02622
US83196130,83,1,1,19PE02623
US00195467,00,1,1,19PE02624
US64190114,64,1,1,19PE02625
US64190100,64,1,1,19PE02626
US83190163,83,1,1,19PE02627
US64191740,64,1,1,19PE02629
US00192047,00,1,1,19PE02634
US64195488,64,1,1,19PE02635
US83197015,83,1,1,19PE02637
US83195725,83,1,1,19PE02640
US00190289,00,1,1,19PE02641
US83195762,83,1,1,19PE02644
US83190159,83,1,1,19PE02647
US83195864,83,1,1,19PE02649
US00190188,00,1,1,19PE02652
US00192125,00,1,1,19PE02653
US00196351,00,1,1,19PE02659
US83195756,83,1,1,19PE02660
US83192080,83,1,1,19PE02662
US70195203,70,1,1,19PE02663
US83191744,83,1,1,19PE02664
US83195203,83,1,1,19PE02666
US64190296,64,1,1,19PE02668
US70191604,70,1,1,19PE02670
US00195425,00,1,1,19PE02675
US83196289,83,1,1,19PE02676
US83192123,83,1,1,19PE02677
US83195841,83,1,1,19PE02680
US83192134,83,1,1,19PE02681
US83195638,83,1,1,19PE02682
US83197131,83,1,1,19PE02684
US64195816,64,1,1,19PE02685
US00196190,00,1,1,19PE02686
US70195493,70,1,1,19PE02687
US64195387,64,1,1,19PE02688
US00196303,00,1,1,19PE02689
US83191675,83,1,1,19PE02691
US83195368,83,1,1,19PE02694
US83192106,83,1,1,19PE02695
US64191887,64,1,1,19PE02697
US83196053,83,1,1,19PE02699
US70195550,70,1,1,19PE02700
US64190214,64,1,1,19PE02701
US00190346,00,1,1,19PE02702
US00191775,00,1,1,19PE02704
US83192062,83,1,1,19PE02705
US83195299,83,1,1,19PE02706
US70191765,70,1,1,19PE02707
US83196249,83,1,1,19PE02708
US70191915,70,1,1,19PE02710
US00191733,00,1,1,19PE02711
US83191608,83,1,1,19PE02712
US64197067,64,1,1,19PE02713
US00197075,00,1,1,19PE02714
US83196969,83,1,1,19PE02717
US83192044,83,1,1,19PE02718
US00190098,00,1,1,19PE02719
US00190036,00,1,1,19PE02720
US64190035,64,1,1,19PE02723
US83191574,83,1,1,19PE02725
US64191655,64,1,1,19PE02727
US83190069,83,1,1,19PE02728
US83195212,83,1,1,19PE02730
US64192198,64,1,1,19PE02731
US83195195,83,1,1,19PE02734
US00192186,00,1,1,19PE02736
US64196994,64,1,1,19PE02737
US83191589,83,1,1,19PE02739
US64196007,64,1,1,19PE02740
US00196255,00,1,1,19PE02741
US00191791,00,1,1,19PE02742
US70196950,70,1,1,19PE02743
US00190068,00,1,1,19PE02744
US64191704,64,1,1,19PE02745
US70195230,70,1,1,19PE02746
US00197009,00,1,1,19PE02747
US83195359,83,1,1,19PE02748
US70195187,70,1,1,19PE02750
US64196121,64,1,1,19PE02752
US70196927,70,1,1,19PE02754
US64195219,64,1,1,19PE02755
US83191745,83,1,1,19PE02756
US83190128,83,1,1,19PE02758
US83195211,83,1,1,19PE02760
US64190251,64,1,1,19PE02761
US83190187,83,1,1,19PE02766
US00192191,00,1,1,19PE02768
US00196274,00,1,1,19PE02771
US83191976,83,1,1,19PE02773
US83195251,83,1,1,19PE02774
US64192013,64,1,1,19PE02779
US00192144,00,1,1,19PE02780
US00195733,00,1,1,19PE02781
US00191753,00,1,1,19PE02782
US83196997,83,1,1,19PE02785
US64190324,64,1,1,19PE02787
US64192137,64,1,1,19PE02788
US83195878,83,1,1,19PE02789
US00192115,00,1,1,19PE02791
US64191665,64,1,1,19PE02792
US64196315,64,1,1,19PE02793
US00196918,00,1,1,19PE02794
US70191553,70,1,1,19PE02795
US64195541,64,1,1,19PE02798
US00191654,00,1,1,19PE02799
US83192122,83,1,1,19PE02800
US64191921,64,1,1,19PE02801
US64190226,64,1,1,19PE02802
US64191581,64,1,1,19PE02803
US70197080,70,1,1,19PE02804
US83192161,83,1,1,19PE02805
US83191660,83,1,1,19PE02806
US00197020,00,1,1,19PE02808
US64196035,64,1,1,19PE02812
US00191882,00,1,1,19PE02813
US70191726,70,1,1,19PE02814
US83190132,83,1,1,19PE02815
US83195175,83,1,1,19PE02816
US64197110,64,1,1,19PE02818
US83197026,83,1,1,19PE02820
US64195738,64,1,1,19PE02821
US70191782,70,1,1,19PE02823
US70197114,70,1,1,19PE02824
US00195217,00,1,1,19PE02825
US83197144,83,1,1,19PE02826
US83192132,83,1,1,19PE02827
US70191844,70,1,1,19PE02828
US64192067,64,1,1,19PE02829
US83195783,83,1,1,19PE02830
US83196763,83,1,1,19PE02831
US70195528,70,1,1,19PE02832
US70190084,70,1,1,19PE02836
US83195810,83,1,1,19PE02837
US00196993,00,1,1,19PE02838
US83191796,83,1,1,19PE02841
US70195777,70,1,1,19PE02842
US83191692,83,1,1,19PE02844
US83195880,83,1,1,19PE02846
US83191590,83,1,1,19PE02847
US83199672,83,1,1,19PE02848
US64192147,64,1,1,19PE02850
US83191309,83,1,1,19PE02851
US70196963,70,1,1,19PE02854
US70196308,70,1,1,19PE02855
US83196272,83,1,1,19PE02856
US70196335,70,1,1,19PE02857
US64197011,64,1,1,19PE02858
US83191928,83,1,1,19PE02859
US83196998,83,1,1,19PE02860
US83196917,83,1,1,19PE02861
US70191888,70,1,1,19PE02862
US83197120,83,1,1,19PE02863
US83196966,83,1,1,19PE02864
US83191880,83,1,1,19PE02865
US83191927,83,1,1,19PE02866
US64191861,64,1,1,19PE02867
US70195431,70,1,1,19PE02871
US83195693,83,1,1,19PE02872
US83191651,83,1,1,19PE02878
US70195874,70,1,1,19PE02887
US64195237,64,1,1,19PE02888
US00191722,00,1,1,19PE02889
US83195446,83,1,1,19PE02890
US70195747,70,1,1,19PE02891
US70196281,70,1,1,19PE02892
US70195605,70,1,1,19PE02895
US64192130,64,1,1,19PE02896
US64195707,64,1,1,19PE02897
US70195712,70,1,1,19PE02898
US83196683,83,1,1,19PE02899
US70195803,70,1,1,19PE02902
US64191631,64,1,1,19PE02903
US83191706,83,1,1,19PE02908
US83191672,83,1,1,19PE02909
US64195644,64,1,1,19PE02910
US00195792,00,1,1,19PE02913
US83192944,83,1,1,19PE02915
US00191858,00,1,1,19PE02917
US70195824,70,1,1,19PE02918
US83197121,83,1,1,19PE02919
US64195525,64,1,1,19PE02920
US83196723,83,1,1,19PE02921
US70195348,70,1,1,19PE02922
US64195854,64,1,1,19PE02924
US83197072,83,1,1,19PE02925
US64191913,64,1,1,19PE02926
US83191936,83,1,1,19PE02928
US83190596,83,1,1,19PE02932
US64196974,64,1,1,19PE02934
US64195269,64,1,1,19PE02935
US83197892,83,1,1,19PE02936
US83195202,83,1,1,19PE02938
US70191741,70,1,1,19PE02939
US83191316,83,1,1,19PE02940
US64197076,64,1,1,19PE02942
US83195987,83,1,1,19PE02943
US83194013,83,1,1,19PE02944
US83191513,83,1,1,19PE02946
US70196096,70,1,1,19PE02947
US83190250,83,1,1,19PE02948
US83191845,83,1,1,19PE02951
US70200622,70,1,1,20PE01209
US70200437,70,1,1,20PE01211
US70200435,70,1,1,20PE01212
US70200428,70,1,1,20PE01214
US70200417,70,1,1,20PE01216
US70200564,70,1,1,20PE01218
US70200506,70,1,1,20PE01220
US70200370,70,1,1,20PE01222
US70200648,70,1,1,20PE01224
US70200687,70,1,1,20PE01226
US70200658,70,1,1,20PE01227
US70200479,70,1,1,20PE01229
US70200395,70,1,1,20PE01231
US70200373,70,1,1,20PE01233
US70200354,70,1,1,20PE01234
US70200641,70,1,1,20PE01236
US70200522,70,1,1,20PE01238
US70200563,70,1,1,20PE01239
US70200456,70,1,1,20PE01240
US70200404,70,1,1,20PE01241
US70200590,70,1,1,20PE01242
US70200611,70,1,1,20PE01244
US70200591,70,1,1,20PE01245
US70208860,70,1,1,20PE01247
US70200173,70,1,1,20PE01249
US70209976,70,1,1,20PE01251
US70209512,70,1,1,20PE01254
US70209835,70,1,1,20PE01256
US70200609,70,1,1,20PE01258
US70200224,70,1,1,20PE01259
US70209149,70,1,1,20PE01260
US70200289,70,1,1,20PE01261
US70208450,70,1,1,20PE01263
US70208519,70,1,1,20PE01265
US70209293,70,1,1,20PE01268
US70208571,70,1,1,20PE01271
US70209714,70,1,1,20PE01274
US70200315,70,1,1,20PE01276
US70200024,70,1,1,20PE01278
US70209636,70,1,1,20PE01281
US70200052,70,1,1,20PE01283
US70200134,70,1,1,20PE01285
US70208317,70,1,1,20PE01288
US70209910,70,1,1,20PE01290
US70200149,70,1,1,20PE01292
US70208495,70,1,1,20PE01293
US70200073,70,1,1,20PE01295
US70200263,70,1,1,20PE01298
US70200158,70,1,1,20PE01300
US70208511,70,1,1,20PE01302
US70209551,70,1,1,20PE01305
US70209012,70,1,1,20PE01307
US70200235,70,1,1,20PE01309
US70209599,70,1,1,20PE01311
US70209683,70,1,1,20PE01312
US70200136,70,1,1,20PE01315
US70209968,70,1,1,20PE01317
US70209537,70,1,1,20PE01318
US70208829,70,1,1,20PE01320
US70208492,70,1,1,20PE01324
US70208722,70,1,1,20PE01326
US70208491,70,1,1,20PE01328
US70209195,70,1,1,20PE01330
US70209193,70,1,1,20PE01333
US70208809,70,1,1,20PE01334
US70209292,70,1,1,20PE01337
US70200258,70,1,1,20PE01340
US70209597,70,1,1,20PE01342
US70200282,70,1,1,20PE01344
US70209961,70,1,1,20PE01347
US70200006,70,1,1,20PE01349
US70209435,70,1,1,20PE01352
US70200072,70,1,1,20PE01355
US70209698,70,1,1,20PE01357
US70209299,70,1,1,20PE01359
US70209882,70,1,1,20PE01362
US70208874,70,1,1,20PE01365
US70209747,70,1,1,20PE01367
US70209341,70,1,1,20PE01370
US70209677,70,1,1,20PE01372
US70209673,70,1,1,20PE01374
US70209455,70,1,1,20PE01377
US70200268,70,1,1,20PE01380
US70209791,70,1,1,20PE01384
US70209074,70,1,1,20PE01387
US70209926,70,1,1,20PE01389
US70200246,70,1,1,20PE01392
US70209708,70,1,1,20PE01394
US70209944,70,1,1,20PE01397
US70208262,70,1,1,20PE01400
US70209766,70,1,1,20PE01403
US70209818,70,1,1,20PE01406
US70209403,70,1,1,20PE01408
US70200075,70,1,1,20PE01410
US70209356,70,1,1,20PE01413
US70200167,70,1,1,20PE01417
US70209471,70,1,1,20PE01418
US70208307,70,1,1,20PE01421
US70200227,70,1,1,20PE01424
US70200187,70,1,1,20PE01425
US70209617,70,1,1,20PE01427
US70208909,70,1,1,20PE01428
US70208452,70,1,1,20PE01431
US70208410,70,1,1,20PE01433
US70202369,70,1,1,20PE01521
US70202298,70,1,1,20PE01590
US70202283,70,1,1,20PE01600
US70202349,70,1,1,20PE01631
US70202412,70,1,1,20PE01666
US70202282,70,1,1,20PE01727
US70202259,70,1,1,20PE01734
US70202212,70,1,1,20PE01739
US70202225,70,1,1,20PE01741
US70202324,70,1,1,20PE01749
US70202273,70,1,1,20PE01763
US70202374,70,1,1,20PE01772
US70202213,70,1,1,20PE01793
US70202313,70,1,1,20PE01808
US70202240,70,1,1,20PE01810
US70202297,70,1,1,20PE01817
US70202226,70,1,1,20PE01828
US70202236,70,1,1,20PE01829
US70202368,70,1,1,20PE01833
US70202401,70,1,1,20PE01834
US70202305,70,1,1,20PE01835
US70202323,70,1,1,20PE01836
US70202334,70,1,1,20PE01837
US70207049,70,1,1,20PE01848
US70206802,70,1,1,20PE01850
US83206921,83,1,1,20PE01853
US70206520,70,1,1,20PE01854
US83206412,83,1,1,20PE01857
US70206992,70,1,1,20PE01861
US83200499,83,1,1,20PE01866
US70206519,70,1,1,20PE01869
US83200444,83,1,1,20PE01877
US83206901,83,1,1,20PE01879
US83206454,83,1,1,20PE01884
US83200433,83,1,1,20PE01887
US83200263,83,1,1,20PE01894
US83200668,83,1,1,20PE01896
US70200201,70,1,1,20PE01903
US70207231,70,1,1,20PE01905
US83202210,83,1,1,20PE01906
US83202216,83,1,1,20PE01928
US83200184,83,1,1,20PE01937
US83200356,83,1,1,20PE01946
US70202010,70,1,1,20PE01950
US83200632,83,1,1,20PE01952
US83200533,83,1,1,20PE01968
US83202284,83,1,1,20PE01972
US83206456,83,1,1,20PE01975
US83200325,83,1,1,20PE01982
US83202318,83,1,1,20PE01993
US83206643,83,1,1,20PE01994
US70201996,70,1,1,20PE01999
US83200535,83,1,1,20PE02002
US83206397,83,1,1,20PE02015
US70202476,70,1,1,20PE02016
US83206762,83,1,1,20PE02019
US83206751,83,1,1,20PE02023
US83206818,83,1,1,20PE02024
US70206416,70,1,1,20PE02028
US83206683,83,1,1,20PE02036
US83200271,83,1,1,20PE02040
US83200158,83,1,1,20PE02058
US83206508,83,1,1,20PE02060
US83202291,83,1,1,20PE02066
US83202083,83,1,1,20PE02073
US83206930,83,1,1,20PE02074
US70202143,70,1,1,20PE02077
US83200234,83,1,1,20PE02082
US83202043,83,1,1,20PE02088
US83200484,83,1,1,20PE02094
US70206400,70,1,1,20PE02099
US83200223,83,1,1,20PE02100
US83206567,83,1,1,20PE02104
US70200180,70,1,1,20PE02107
US70202061,70,1,1,20PE02109
US70200232,70,1,1,20PE02114
US83206414,83,1,1,20PE02115
US83206420,83,1,1,20PE02116
US83200191,83,1,1,20PE02134
US83206530,83,1,1,20PE02138
US83205717,83,1,1,20PE02150
US70200319,70,1,1,20PE02152
US83200388,83,1,1,20PE02159
US70202109,70,1,1,20PE02161
US83206799,83,1,1,20PE02171
US83200398,83,1,1,20PE02172
US83200331,83,1,1,20PE02175
US70202437,70,1,1,20PE02177
US83202222,83,1,1,20PE02179
US83202039,83,1,1,20PE02180
US70200274,70,1,1,20PE02184
US83207025,83,1,1,20PE02199
US83200197,83,1,1,20PE02200
US83202269,83,1,1,20PE02201
US83206852,83,1,1,20PE02211
US83202384,83,1,1,20PE02213
US70206552,70,1,1,20PE02215
US83207274,83,1,1,20PE02226
US83200296,83,1,1,20PE02228
US70206981,70,1,1,20PE02229
US70202070,70,1,1,20PE02236
US83202327,83,1,1,20PE02239
US70202026,70,1,1,20PE02244
US70202038,70,1,1,20PE02246
US83200393,83,1,1,20PE02257
US83202202,83,1,1,20PE02260
US83200389,83,1,1,20PE02262
US83206699,83,1,1,20PE02264
US70200174,70,1,1,20PE02266
US83200498,83,1,1,20PE02268
US83206908,83,1,1,20PE02270
US83202260,83,1,1,20PE02271
US83206614,83,1,1,20PE02283
US83200607,83,1,1,20PE02285
US70206439,70,1,1,20PE02290
US83200545,83,1,1,20PE02294
US83202347,83,1,1,20PE02296
US70206459,70,1,1,20PE02299
US83206953,83,1,1,20PE02307
US83206449,83,1,1,20PE02308
US70200154,70,1,1,20PE02311
US83200587,83,1,1,20PE02314
US70202265,70,1,1,20PE02316
US70202088,70,1,1,20PE02323
US83202389,83,1,1,20PE02324
US70206631,70,1,1,20PE02328
US70206583,70,1,1,20PE02330
US83202371,83,1,1,20PE02331
US83202311,83,1,1,20PE02332
US83200569,83,1,1,20PE02335
US83200301,83,1,1,20PE02340
US83200166,83,1,1,20PE02343
US83206971,83,1,1,20PE02349
US83200512,83,1,1,20PE02351
US70207041,70,1,1,20PE02352
US70206689,70,1,1,20PE02354
US83207292,83,1,1,20PE02357
US70206913,70,1,1,20PE02358
US70206800,70,1,1,20PE02363
US83200676,83,1,1,20PE02364
US83206710,83,1,1,20PE02366
US83202300,83,1,1,20PE02372
US70200211,70,1,1,20PE02373
US83206376,83,1,1,20PE02375
US70200237,70,1,1,20PE02377
US83202307,83,1,1,20PE02378
US83200314,83,1,1,20PE02383
US70205270,70,1,1,20PE02385
US70200259,70,1,1,20PE02387
US83202231,83,1,1,20PE02388
US83200245,83,1,1,20PE02389
US83200434,83,1,1,20PE02390
US83200432,83,1,1,20PE02393
US70206482,70,1,1,20PE02403
US83200673,83,1,1,20PE02405
US83206360,83,1,1,20PE02412
US70206640,70,1,1,20PE02420
US83200443,83,1,1,20PE02421
US83202270,83,1,1,20PE02423
US83202156,83,1,1,20PE02424
US83206403,83,1,1,20PE02425
US83200705,83,1,1,20PE02426
US83207257,83,1,1,20PE02428
US83207015,83,1,1,20PE02429
US83202173,83,1,1,20PE02434
US83206393,83,1,1,20PE02439
US70207305,70,1,1,20PE02440
US83200650,83,1,1,20PE02441
US83206565,83,1,1,20PE02442
US83206419,83,1,1,20PE02447
US83207173,83,1,1,20PE02448
US83200460,83,1,1,20PE02452
US83200412,83,1,1,20PE02456
US83202056,83,1,1,20PE02460
US83200615,83,1,1,20PE02461
US83200322,83,1,1,20PE02463
US83206623,83,1,1,20PE02464
US83202247,83,1,1,20PE02475
US83201976,83,1,1,20PE02478
US83202141,83,1,1,20PE02480
US83200168,83,1,1,20PE02481
US83200509,83,1,1,20PE02483
US70202588,70,1,1,20PE02484
US83206659,83,1,1,20PE02485
US83200236,83,1,1,20PE02487
US83200689,83,1,1,20PE02488
US83206558,83,1,1,20PE02491
US83206926,83,1,1,20PE02493
US83202241,83,1,1,20PE02500
US70206890,70,1,1,20PE02501
US83206512,83,1,1,20PE02503
US83206880,83,1,1,20PE02504
US83202262,83,1,1,20PE02505
US83206544,83,1,1,20PE02507
US70202151,70,1,1,20PE02509
US83202381,83,1,1,20PE02511
US83202095,83,1,1,20PE02512
US83202466,83,1,1,20PE02516
US83202275,83,1,1,20PE02517
US70202243,70,1,1,20PE02519
US70202123,70,1,1,20PE02521
US83206806,83,1,1,20PE02522
US70202441,70,1,1,20PE02523
US70206787,70,1,1,20PE02524
US83200363,83,1,1,20PE02530
US83202266,83,1,1,20PE02531
US83207212,83,1,1,20PE02532
US83200217,83,1,1,20PE02533
US83202585,83,1,1,20PE02534
US83202220,83,1,1,20PE02537
US83200376,83,1,1,20PE02538
US83207088,83,1,1,20PE02542
US70206813,70,1,1,20PE02545
US83207155,83,1,1,20PE02546
US70202560,70,1,1,20PE02547
US83206442,83,1,1,20PE02548
US83207189,83,1,1,20PE02549
US83207054,83,1,1,20PE02550
US83202027,83,1,1,20PE02551
US83200239,83,1,1,20PE02552
US83200218,83,1,1,20PE02553
US83207277,83,1,1,20PE02555
US70202203,70,1,1,20PE02556
US83200247,83,1,1,20PE02557
US83202058,83,1,1,20PE02558
US83206476,83,1,1,20PE02560
US83206848,83,1,1,20PE02561
US70207183,70,1,1,20PE02562
US83202301,83,1,1,20PE02565
US83201987,83,1,1,20PE02569
US83201963,83,1,1,20PE02571
US83200162,83,1,1,20PE02572
US83201972,83,1,1,20PE02573
US83200377,83,1,1,20PE02574
US83206670,83,1,1,20PE02576
US83206960,83,1,1,20PE02578
US70202339,70,1,1,20PE02580
US70200349,70,1,1,20PE02581
US83200471,83,1,1,20PE02582
US83206886,83,1,1,20PE02583
US70206868,70,1,1,20PE02584
US70202135,70,1,1,20PE02585
US83202510,83,1,1,20PE02587
US83206999,83,1,1,20PE02588
US70206747,70,1,1,20PE02589
US83202613,83,1,1,20PE02592
US83207034,83,1,1,20PE02593
US83207165,83,1,1,20PE02594
US70207296,70,1,1,20PE02595
US83206864,83,1,1,20PE02596
US83202059,83,1,1,20PE02597
US83202419,83,1,1,20PE02598
US83206905,83,1,1,20PE02603
US70206641,70,1,1,20PE02604
US70206557,70,1,1,20PE02606
US70206357,70,1,1,20PE02607
US70206838,70,1,1,20PE02608
US83206466,83,1,1,20PE02609
US83207239,83,1,1,20PE02610
US70202084,70,1,1,20PE02611
US83206797,83,1,1,20PE02616
US83200712,83,1,1,20PE02622
US83206509,83,1,1,20PE02624
US83206970,83,1,1,20PE02625
US70207254,70,1,1,20PE02626
US83200654,83,1,1,20PE02627
US83202077,83,1,1,20PE02629
US70206855,70,1,1,20PE02631
US83206816,83,1,1,20PE02633
US83206428,83,1,1,20PE02634
US83202139,83,1,1,20PE02635
US83206790,83,1,1,20PE02637
US83206457,83,1,1,20PE02638
US83206526,83,1,1,20PE02639
US70202431,70,1,1,20PE02640
US70206450,70,1,1,20PE02641
US83205298,83,1,1,20PE02643
US83202203,83,1,1,20PE02644
US83207440,83,1,1,20PE02645
US70207170,70,1,1,20PE02646
US83200194,83,1,1,20PE02649
US83202409,83,1,1,20PE02653
US70206952,70,1,1,20PE02654
US83202239,83,1,1,20PE02655
US70206440,70,1,1,20PE02656
US83202544,83,1,1,20PE02657
US83206443,83,1,1,20PE02661
US83206817,83,1,1,20PE02663
US83207422,83,1,1,20PE02664
US83202330,83,1,1,20PE02666
US83202355,83,1,1,20PE02667
US83206548,83,1,1,20PE02668
US83201958,83,1,1,20PE02672
US70202272,70,1,1,20PE02674
US83202364,83,1,1,20PE02677
US70202099,70,1,1,20PE02678
US83200516,83,1,1,20PE02681
US83200144,83,1,1,20PE02682
US83200233,83,1,1,20PE02683
US83202261,83,1,1,20PE02684
US70206857,70,1,1,20PE02685
US83202450,83,1,1,20PE02687
US83202080,83,1,1,20PE02691
US83202106,83,1,1,20PE02692
US83200182,83,1,1,20PE02693
US83200595,83,1,1,20PE02694
US83202255,83,1,1,20PE02695
US83202328,83,1,1,20PE02698
US70206591,70,1,1,20PE02699
US70202342,70,1,1,20PE02700
US70207316,70,1,1,20PE02701
US70207330,70,1,1,20PE02702
US70207164,70,1,1,20PE02703
US83207219,83,1,1,20PE02705
US83202434,83,1,1,20PE02707
US70202522,70,1,1,20PE02709
US83202198,83,1,1,20PE02711
US83202228,83,1,1,20PE02713
US70207402,70,1,1,20PE02717
US83202293,83,1,1,20PE02718
US70206867,70,1,1,20PE02721
US83202302,83,1,1,20PE02722
US83206669,83,1,1,20PE02723
US83207154,83,1,1,20PE02724
US70201977,70,1,1,20PE02725
US83207426,83,1,1,20PE02728
US83202121,83,1,1,20PE02729
US83202138,83,1,1,20PE02730
US70200238,70,1,1,20PE02731
US83205275,83,1,1,20PE02734
US83206869,83,1,1,20PE02736
US83202236,83,1,1,20PE02737
US70207425,70,1,1,20PE02740
US83206541,83,1,1,20PE02741
US83202518,83,1,1,20PE02742
US83202075,83,1,1,20PE02743
US83202272,83,1,1,20PE02744
US70206940,70,1,1,20PE02745
US83202494,83,1,1,20PE02746
US70202098,70,1,1,20PE02748
US83202343,83,1,1,20PE02750
US83207325,83,1,1,20PE02751
US83200159,83,1,1,20PE02752
US83202621,83,1,1,20PE02754
US83206752,83,1,1,20PE02755
US83202289,83,1,1,20PE02756
US83201961,83,1,1,20PE02757
US70202264,70,1,1,20PE02759
US83202000,83,1,1,20PE02761
US70202596,70,1,1,20PE02762
US70206889,70,1,1,20PE02764
US83205307,83,1,1,20PE02766
US70202550,70,1,1,20PE02770
US70205301,70,1,1,20PE02771
US70207251,70,1,1,20PE02772
US83206862,83,1,1,20PE02776
US83202100,83,1,1,20PE02777
US83202402,83,1,1,20PE02778
US70202379,70,1,1,20PE02779
US70201970,70,1,1,20PE02780
US83202433,83,1,1,20PE02781
US70207359,70,1,1,20PE02782
US83202391,83,1,1,20PE02787
US83202358,83,1,1,20PE02788
US70207289,70,1,1,20PE02789
US70207095,70,1,1,20PE02791
US83202435,83,1,1,20PE02793
US70207437,70,1,1,20PE02794
US83202281,83,1,1,20PE02795
US70207016,70,1,1,20PE02796
US83202217,83,1,1,20PE02800
US70207389,70,1,1,20PE02801
US70207161,70,1,1,20PE02802
US70207197,70,1,1,20PE02803
US83200353,83,1,1,20PE02805
US70202389,70,1,1,20PE02807
US83202103,83,1,1,20PE02808
US83202408,83,1,1,20PE02811
US83202399,83,1,1,20PE02818
US70202037,70,1,1,20PE02819
US83202413,83,1,1,20PE02820
US70202233,70,1,1,20PE02821
US70206732,70,1,1,20PE02825
US70202107,70,1,1,20PE02826
US70202234,70,1,1,20PE02827
US70207234,70,1,1,20PE02828
US83202068,83,1,1,20PE02829
US83207301,83,1,1,20PE02831
US83202322,83,1,1,20PE02832
US70202312,70,1,1,20PE02833
US83207409,83,1,1,20PE02834
US83207304,83,1,1,20PE02839
US83202090,83,1,1,20PE02840
US70202071,70,1,1,20PE02841
US70200320,70,1,1,20PE02843
US83202308,83,1,1,20PE02846
US83206741,83,1,1,20PE02850
US70207129,70,1,1,20PE02851
US83207279,83,1,1,20PE02857
US70202505,70,1,1,20PE02858
US70202315,70,1,1,20PE02859
US83209744,83,1,1,20PE02862
US83202096,83,1,1,20PE02866
US83207218,83,1,1,20PE02867
US83206767,83,1,1,20PE02868
US83200383,83,1,1,20PE02871
US83202563,83,1,1,20PE02873
US83202353,83,1,1,20PE02874
US83209793,83,1,1,20PE02875
US83207411,83,1,1,20PE02878
US83207144,83,1,1,20PE02880
US83202229,83,1,1,20PE02881
US83202008,83,1,1,20PE02882
US83200000,83,1,1,20PE02883
US83202113,83,1,1,20PE02884
US83206811,83,1,1,20PE02885
US83207193,83,1,1,20PE02886
US83202034,83,1,1,20PE02887
US70219900,70,1,1,21PE00409
US70210591,70,1,1,21PE00410
US70210799,70,1,1,21PE01262
US70210844,70,1,1,21PE01264
US70210766,70,1,1,21PE01266
US70210907,70,1,1,21PE01267
US70210860,70,1,1,21PE01270
US70210979,70,1,1,21PE01271
US70210746,70,1,1,21PE01272
US70211005,70,1,1,21PE01274
US70210964,70,1,1,21PE01276
US70210920,70,1,1,21PE01277
US70210761,70,1,1,21PE01279
US70210961,70,1,1,21PE01280
US70210733,70,1,1,21PE01281
US70210731,70,1,1,21PE01282
US70210732,70,1,1,21PE01283
US70210781,70,1,1,21PE01285
US70210816,70,1,1,21PE01287
US83210000,83,1,1,21PE01289
US70210962,70,1,1,21PE01291
US70210819,70,1,1,21PE01292
US70210954,70,1,1,21PE01294
US70210904,70,1,1,21PE01296
US70210782,70,1,1,21PE01298
US70210832,70,1,1,21PE01300
US70210739,70,1,1,21PE01302
US70211050,70,1,1,21PE01304
US70210925,70,1,1,21PE01306
US70210837,70,1,1,21PE01307
US70211008,70,1,1,21PE01308
US70210812,70,1,1,21PE01309
US70210997,70,1,1,21PE01311
US70210899,70,1,1,21PE01313
US70210942,70,1,1,21PE01315
US70210861,70,1,1,21PE01316
US70210991,70,1,1,21PE01317
US70211022,70,1,1,21PE01318
US70210813,70,1,1,21PE01319
US70210905,70,1,1,21PE01321
US70210996,70,1,1,21PE01322
US70210871,70,1,1,21PE01324
US70212442,70,1,1,21PE01520
US70212579,70,1,1,21PE01534
US70212690,70,1,1,21PE01595
US70212615,70,1,1,21PE01644
US70212490,70,1,1,21PE01719
US70212430,70,1,1,21PE01726
US70212495,70,1,1,21PE01772
US70212582,70,1,1,21PE01774
US70212547,70,1,1,21PE01776
US70212489,70,1,1,21PE01777
US70212584,70,1,1,21PE01782
US70212572,70,1,1,21PE01783
US70212508,70,1,1,21PE01784
US70212540,70,1,1,21PE01788
US70212553,70,1,1,21PE01789
US70212745,70,1,1,21PE01790
US70212640,70,1,1,21PE01794
US70212616,70,1,1,21PE01795
US70212659,70,1,1,21PE01796
US70212626,70,1,1,21PE01798
US70212588,70,1,1,21PE01799
US70212440,70,1,1,21PE01800
US70212464,70,1,1,21PE01801
US70212474,70,1,1,21PE01802
US70212541,70,1,1,21PE01803
US70212492,70,1,1,21PE01806
US70212460,70,1,1,21PE01807
US70212558,70,1,1,21PE01809
US70212689,70,1,1,21PE01810
US70212638,70,1,1,21PE01811
US70212566,70,1,1,21PE01812
US70212603,70,1,1,21PE01813
US70212723,70,1,1,21PE01814
US70212657,70,1,1,21PE01815
US70212605,70,1,1,21PE01816
US70212526,70,1,1,21PE01818
US70212604,70,1,1,21PE01819
US70212724,70,1,1,21PE01821
US70212668,70,1,1,21PE01823
US70212551,70,1,1,21PE01824
US70212735,70,1,1,21PE01825
US70212708,70,1,1,21PE01826
US70212470,70,1,1,21PE01827
US70212710,70,1,1,21PE01828
US70212629,70,1,1,21PE01829
US70212662,70,1,1,21PE01831
US70212402,70,1,1,21PE01832
US70212630,70,1,1,21PE01834
US70212456,70,1,1,21PE01836
US70212450,70,1,1,21PE01837
US70212570,70,1,1,21PE01838
US70212698,70,1,1,21PE01840
US70212542,70,1,1,21PE01841
US70212715,70,1,1,21PE01842
US70217616,70,1,1,21PE01860
US83210974,83,1,1,21PE01872
US70212963,70,1,1,21PE01876
US83210720,83,1,1,21PE01881
US83212699,83,1,1,21PE01883
US70212800,70,1,1,21PE01884
US83212462,83,1,1,21PE01886
US70217553,70,1,1,21PE01903
US83217546,83,1,1,21PE01914
US83210809,83,1,1,21PE01926
US83212928,83,1,1,21PE01929
US83218028,83,1,1,21PE01938
US70217522,70,1,1,21PE01950
US70217711,70,1,1,21PE01958
US83217890,83,1,1,21PE01966
US83217506,83,1,1,21PE01969
US83217707,83,1,1,21PE01970
US70217534,70,1,1,21PE01984
US70217606,70,1,1,21PE01986
US83210825,83,1,1,21PE01995
US83218210,83,1,1,21PE02003
US83217997,83,1,1,21PE02009
US83217577,83,1,1,21PE02020
US83217794,83,1,1,21PE02024
US83210891,83,1,1,21PE02029
US70212933,70,1,1,21PE02032
US83217589,83,1,1,21PE02035
US70213045,70,1,1,21PE02036
US70217520,70,1,1,21PE02037
US70217716,70,1,1,21PE02044
US70212737,70,1,1,21PE02052
US70217478,70,1,1,21PE02055
US83210366,83,1,1,21PE02056
US83210745,83,1,1,21PE02061
US70217647,70,1,1,21PE02067
US70217850,70,1,1,21PE02069
US70212942,70,1,1,21PE02078
US83218448,83,1,1,21PE02087
US83212461,83,1,1,21PE02088
US83212433,83,1,1,21PE02090
US70218194,70,1,1,21PE02093
US70217599,70,1,1,21PE02097
US70217910,70,1,1,21PE02099
US70213153,70,1,1,21PE02105
US83213162,83,1,1,21PE02114
US83210950,83,1,1,21PE02120
US83217921,83,1,1,21PE02124
US70217649,70,1,1,21PE02140
US83217745,83,1,1,21PE02142
US83212753,83,1,1,21PE02150
US70217751,70,1,1,21PE02152
US83217678,83,1,1,21PE02162
US70217849,70,1,1,21PE02171
US70218081,70,1,1,21PE02176
US70217692,70,1,1,21PE02180
US70217872,70,1,1,21PE02183
US70217559,70,1,1,21PE02188
US83217519,83,1,1,21PE02189
US70217587,70,1,1,21PE02192
US83217840,83,1,1,21PE02197
US70217579,70,1,1,21PE02204
US83210916,83,1,1,21PE02212
US83210828,83,1,1,21PE02213
US83217817,83,1,1,21PE02216
US83212548,83,1,1,21PE02227
US83218183,83,1,1,21PE02230
US83210998,83,1,1,21PE02232
US70217545,70,1,1,21PE02238
US70213122,70,1,1,21PE02243
US83218001,83,1,1,21PE02244
US70217514,70,1,1,21PE02246
US70217524,70,1,1,21PE02247
US70210372,70,1,1,21PE02257
US83212790,83,1,1,21PE02258
US70212936,70,1,1,21PE02261
US70217838,70,1,1,21PE02264
US70213034,70,1,1,21PE02266
US70218135,70,1,1,21PE02269
US70217632,70,1,1,21PE02275
US83215386,83,1,1,21PE02276
US83210850,83,1,1,21PE02277
US70210379,70,1,1,21PE02286
US70217568,70,1,1,21PE02297
US70217705,70,1,1,21PE02298
US83210741,83,1,1,21PE02302
US83217572,83,1,1,21PE02308
US83212732,83,1,1,21PE02309
US83212874,83,1,1,21PE02321
US83212497,83,1,1,21PE02323
US83212523,83,1,1,21PE02329
US83212564,83,1,1,21PE02330
US70217498,70,1,1,21PE02332
US70217474,70,1,1,21PE02334
US83218401,83,1,1,21PE02341
US70218280,70,1,1,21PE02346
US70212947,70,1,1,21PE02351
US70217561,70,1,1,21PE02359
US70217623,70,1,1,21PE02363
US70217481,70,1,1,21PE02368
US83210885,83,1,1,21PE02375
US70218275,70,1,1,21PE02377
US83210999,83,1,1,21PE02388
US70212955,70,1,1,21PE02390
US83213067,83,1,1,21PE02395
US70213148,70,1,1,21PE02396
US70217994,70,1,1,21PE02400
US70217489,70,1,1,21PE02407
US70217802,70,1,1,21PE02408
US83217612,83,1,1,21PE02412
US83217740,83,1,1,21PE02417
US70217593,70,1,1,21PE02418
US70212836,70,1,1,21PE02424
US70217952,70,1,1,21PE02438
US83212774,83,1,1,21PE02440
US83217592,83,1,1,21PE02442
US83218368,83,1,1,21PE02447
US83217505,83,1,1,21PE02451
US83212601,83,1,1,21PE02457
US83212939,83,1,1,21PE02462
US70217762,70,1,1,21PE02467
US70212985,70,1,1,21PE02469
US70217622,70,1,1,21PE02470
US83212661,83,1,1,21PE02473
US70210445,70,1,1,21PE02474
US70218432,70,1,1,21PE02475
US83218143,83,1,1,21PE02481
US70214650,70,1,1,21PE02482
US83215354,83,1,1,21PE02488
US70217510,70,1,1,21PE02491
US70213032,70,1,1,21PE02493
US83211043,83,1,1,21PE02494
US83217970,83,1,1,21PE02500
US70217451,70,1,1,21PE02501
US70217672,70,1,1,21PE02502
US83212842,83,1,1,21PE02506
US83211010,83,1,1,21PE02508
US70210503,70,1,1,21PE02511
US83218152,83,1,1,21PE02514
US83212539,83,1,1,21PE02515
US70212650,70,1,1,21PE02516
US70217765,70,1,1,21PE02517
US83210407,83,1,1,21PE02518
US83217528,83,1,1,21PE02521
US83217857,83,1,1,21PE02524
US70217753,70,1,1,21PE02525
US83210771,83,1,1,21PE02536
US83218049,83,1,1,21PE02539
US83218110,83,1,1,21PE02540
US83210857,83,1,1,21PE02543
US83210808,83,1,1,21PE02544
US83212648,83,1,1,21PE02545
US70212721,70,1,1,21PE02546
US83218259,83,1,1,21PE02547
US83218285,83,1,1,21PE02548
US70217993,70,1,1,21PE02549
US70213200,70,1,1,21PE02550
US83211042,83,1,1,21PE02552
US83212632,83,1,1,21PE02553
US70218195,70,1,1,21PE02555
US70218036,70,1,1,21PE02557
US70217515,70,1,1,21PE02560
US83212565,83,1,1,21PE02561
US70218386,70,1,1,21PE02564
US70213016,70,1,1,21PE02565
US70212992,70,1,1,21PE02567
US70217990,70,1,1,21PE02568
US83217512,83,1,1,21PE02569
US70218317,70,1,1,21PE02570
US70218134,70,1,1,21PE02571
US70217671,70,1,1,21PE02577
US70217755,70,1,1,21PE02578
US83218391,83,1,1,21PE02579
US70213220,70,1,1,21PE02583
US70213059,70,1,1,21PE02585
US70217932,70,1,1,21PE02586
US83213182,83,1,1,21PE02587
US70217789,70,1,1,21PE02588
US70218417,70,1,1,21PE02593
US83218065,83,1,1,21PE02594
US83212773,83,1,1,21PE02598
US70210395,70,1,1,21PE02600
US83212448,83,1,1,21PE02601
US83217758,83,1,1,21PE02602
US70213123,70,1,1,21PE02603
US70218025,70,1,1,21PE02605
US70212798,70,1,1,21PE02607
US70210412,70,1,1,21PE02609
US83212477,83,1,1,21PE02610
US70218103,70,1,1,21PE02611
US70217629,70,1,1,21PE02612
US70217604,70,1,1,21PE02616
US70218104,70,1,1,21PE02621
US70218169,70,1,1,21PE02624
US70217639,70,1,1,21PE02627
US83213012,83,1,1,21PE02628
US70215392,70,1,1,21PE02631
US83217931,83,1,1,21PE02634
US83210918,83,1,1,21PE02635
US83212598,83,1,1,21PE02638
US70212824,70,1,1,21PE02639
US70218244,70,1,1,21PE02640
US70217725,70,1,1,21PE02641
US70215343,70,1,1,21PE02642
US70217455,70,1,1,21PE02649
US70213051,70,1,1,21PE02650
US83212688,83,1,1,21PE02656
US70217526,70,1,1,21PE02659
US70212731,70,1,1,21PE02660
US83217624,83,1,1,21PE02661
US70213073,70,1,1,21PE02662
US70213086,70,1,1,21PE02663
US70213215,70,1,1,21PE02664
US83212735,83,1,1,21PE02665
US83212839,83,1,1,21PE02666
US70210654,70,1,1,21PE02672
US70218361,70,1,1,21PE02674
US70210403,70,1,1,21PE02676
US70213115,70,1,1,21PE02677
US83218339,83,1,1,21PE02679
US83213112,83,1,1,21PE02681
US70217620,70,1,1,21PE02683
US70210474,70,1,1,21PE02692
US70213131,70,1,1,21PE02693
US83213127,83,1,1,21PE02694
US83215384,83,1,1,21PE02695
US70212678,70,1,1,21PE02696
US83218495,83,1,1,21PE02697
US83217683,83,1,1,21PE02698
US83217816,83,1,1,21PE02699
US70212754,70,1,1,21PE02700
US83212607,83,1,1,21PE02701
US70217584,70,1,1,21PE02702
US83213225,83,1,1,21PE02704
US83212521,83,1,1,21PE02705
US70218435,70,1,1,21PE02706
US70210563,70,1,1,21PE02707
US83217609,83,1,1,21PE02708
US83212744,83,1,1,21PE02710
US83212635,83,1,1,21PE02712
US70212835,70,1,1,21PE02713
US70212821,70,1,1,21PE02715
US83213141,83,1,1,21PE02716
US70215398,70,1,1,21PE02721
US83210434,83,1,1,21PE02732
US70210490,70,1,1,21PE02733
US70217880,70,1,1,21PE02744
US70212994,70,1,1,21PE02745
US70215357,70,1,1,21PE02746
US83210517,83,1,1,21PE02747
US70217648,70,1,1,21PE02751
US83217640,83,1,1,21PE02763
US70212847,70,1,1,21PE02764
US70212877,70,1,1,21PE02766
US70217664,70,1,1,21PE02769
US70218197,70,1,1,21PE02771
US70210400,70,1,1,21PE02772
US70212891,70,1,1,21PE02782
US83212587,83,1,1,21PE02783
US70212637,70,1,1,21PE02785
US83217844,83,1,1,21PE02786
US70218249,70,1,1,21PE02787
US83212653,83,1,1,21PE02791
US70218286,70,1,1,21PE02792
US70213245,70,1,1,21PE02793
US83212609,83,1,1,21PE02794
US70217496,70,1,1,21PE02795
US83212481,83,1,1,21PE02799
US83210970,83,1,1,21PE02801
US70212781,70,1,1,21PE02802
US70218004,70,1,1,21PE02803
US70218003,70,1,1,21PE02804
US70218245,70,1,1,21PE02805
US83217627,83,1,1,21PE02806
US70218102,70,1,1,21PE02808
US70212860,70,1,1,21PE02809
US70212762,70,1,1,21PE02811
US70212747,70,1,1,21PE02812
US83212716,83,1,1,21PE02813
US70213002,70,1,1,21PE02815
US70212714,70,1,1,21PE02816
US70217560,70,1,1,21PE02817
US70212691,70,1,1,21PE02818
US70210513,70,1,1,21PE02819
US70213006,70,1,1,21PE02821
US83213084,83,1,1,21PE02822
US70217603,70,1,1,21PE02823
US83212621,83,1,1,21PE02827
US70218189,70,1,1,21PE02828
US83212997,83,1,1,21PE02829
US83213052,83,1,1,21PE02830
US83212996,83,1,1,21PE02831
US70218274,70,1,1,21PE02833
US70218156,70,1,1,21PE02834
US83212682,83,1,1,21PE02836
US70212783,70,1,1,21PE02838
US83210357,83,1,1,21PE02841
US70217800,70,1,1,21PE02843
US70210388,70,1,1,21PE02844
US83212586,83,1,1,21PE02846
US70212645,70,1,1,21PE02847
US70217501,70,1,1,21PE02853
US83210533,83,1,1,21PE02859
US83212704,83,1,1,21PE02861
US83212981,83,1,1,21PE02862
US70212838,70,1,1,21PE02863
US83217644,83,1,1,21PE02865
US70213069,70,1,1,21PE02866
US70217656,70,1,1,21PE02867
US70213193,70,1,1,21PE02870
US83212660,83,1,1,21PE02872
US70217828,70,1,1,21PE02875
US70218170,70,1,1,21PE02876
US70217535,70,1,1,21PE02880
US70218349,70,1,1,21PE02881
US70217883,70,1,1,21PE02882
US70212648,70,1,1,21PE02885
US83212812,83,1,1,21PE02886
US83212684,83,1,1,21PE02889
US70210554,70,1,1,21PE02890
US83218446,83,1,1,21PE02893
US70218073,70,1,1,21PE02896
US83217858,83,1,1,21PE02898
US70210569,70,1,1,21PE02901
US70217646,70,1,1,21PE02903
US70217563,70,1,1,21PE02904
US83218184,83,1,1,21PE02905
US83218342,83,1,1,21PE02906
US83210381,83,1,1,21PE02910
US70212725,70,1,1,21PE02911
US70212971,70,1,1,21PE02912
US83213054,83,1,1,21PE02913
US70217615,70,1,1,21PE02916
US83213043,83,1,1,21PE02918
US83215370,83,1,1,21PE02919
US70212931,70,1,1,21PE02923
US83212446,83,1,1,21PE02925
US70215405,70,1,1,21PE02928
US83217608,83,1,1,21PE02929
US70215382,70,1,1,21PE02930
US70215493,70,1,1,21PE02931
US70215420,70,1,1,21PE02933
US70213090,70,1,1,21PE02935
US83212718,83,1,1,21PE02936
US70211033,70,1,1,21PE02937
US70217442,70,1,1,21PE02939
US70213246,70,1,1,21PE02940
US70212983,70,1,1,21PE02941
US70213037,70,1,1,21PE02943
US70210419,70,1,1,21PE02944
US70217572,70,1,1,21PE02945
US70210045,70,1,1,21PE02947
US70214697,70,1,1,21PE02951
US70212487,70,1,1,21PE02954
US70217026,70,1,1,21PE02956
US70211426,70,1,1,21PE02958
US70210564,70,1,1,21PE02960
US83212742,83,1,1,21PE02962
US70212383,70,1,1,21PE02963
US70217644,70,1,1,21PE02965
US70216926,70,1,1,21PE02966
US83217658,83,1,1,21PE02968
US70212740,70,1,1,21PE02969
US83213068,83,1,1,21PE02971
US83213190,83,1,1,21PE02972
US83212857,83,1,1,21PE02973
US70216917,70,1,1,21PE02977
US70210309,70,1,1,21PE02979
US83212854,83,1,1,21PE02982
US70217558,70,1,1,21PE02983
US70210609,70,1,1,21PE02984
US70216995,70,1,1,21PE02985
US70216963,70,1,1,21PE02988
US70215346,70,1,1,21PE02990
US70217594,70,1,1,21PE02991
US70215971,70,1,1,21PE02992
US70216335,70,1,1,21PE02994
US83217686,83,1,1,21PE02996
US70217798,70,1,1,21PE02997
US70216521,70,1,1,21PE02998
US70213134,70,1,1,21PE02999
US70213050,70,1,1,21PE03000
US83217796,83,1,1,21PE03001
US83213014,83,1,1,21PE03002
US70218255,70,1,1,21PE03003
US70216289,70,1,1,21PE03004
US70210930,70,1,1,21PE03006
US83217479,83,1,1,21PE03007
US70215388,70,1,1,21PE03008
US70212865,70,1,1,21PE03009
US70212966,70,1,1,21PE03011
US70212859,70,1,1,21PE03012
US70218366,70,1,1,21PE03013
US83210384,83,1,1,21PE03014
US70214230,70,1,1,21PE03015
US83217542,83,1,1,21PE03017
US83212649,83,1,1,21PE03018
US70216811,70,1,1,21PE03019
US70215187,70,1,1,21PE03021
US70216728,70,1,1,21PE03023
US70217746,70,1,1,21PE03024
US70213048,70,1,1,21PE03025
US70216369,70,1,1,21PE03026
US70210026,70,1,1,21PE03027
US70210059,70,1,1,21PE03029
US83212633,83,1,1,21PE03032
US83213081,83,1,1,21PE03033
US70215867,70,1,1,21PE03034
US70210128,70,1,1,21PE03035
US70216868,70,1,1,21PE03037
US70218006,70,1,1,21PE03038
US83212620,83,1,1,21PE03040
US70210469,70,1,1,21PE03041
US70217389,70,1,1,21PE03042
US70215279,70,1,1,21PE03043
US70217569,70,1,1,21PE03045
US70213095,70,1,1,21PE03047
US70217080,70,1,1,21PE03048
US83217556,83,1,1,21PE03049
US70212112,70,1,1,21PE03050
US70216459,70,1,1,21PE03051
US70212660,70,1,1,21PE03052
US70216400,70,1,1,21PE03053
US70210452,70,1,1,21PE03056
US83212982,83,1,1,21PE03057
US70212075,70,1,1,21PE03058
US70211844,70,1,1,21PE03059
US70210926,70,1,1,21PE03061
US70221449,70,1,1,22PE01221
US70221144,70,1,1,22PE01223
US70221073,70,1,1,22PE01224
US70221139,70,1,1,22PE01225
US70221321,70,1,1,22PE01227
US70221306,70,1,1,22PE01228
US70221450,70,1,1,22PE01229
US70221054,70,1,1,22PE01231
US70221270,70,1,1,22PE01232
US70221364,70,1,1,22PE01234
US70221401,70,1,1,22PE01236
US70221322,70,1,1,22PE01237
US70221202,70,1,1,22PE01239
US70221325,70,1,1,22PE01240
US70221335,70,1,1,22PE01242
US70221434,70,1,1,22PE01243
US70221208,70,1,1,22PE01245
US70221243,70,1,1,22PE01246
US70221057,70,1,1,22PE01248
US70221175,70,1,1,22PE01251
US70221179,70,1,1,22PE01252
US70221367,70,1,1,22PE01253
US70221456,70,1,1,22PE01255
US70221320,70,1,1,22PE01257
US70221241,70,1,1,22PE01259
US70221273,70,1,1,22PE01260
US70221161,70,1,1,22PE01261
US70221252,70,1,1,22PE01263
US70221390,70,1,1,22PE01265
US70221157,70,1,1,22PE01267
US70221297,70,1,1,22PE01269
US70221419,70,1,1,22PE01271
US70221353,70,1,1,22PE01272
US70221080,70,1,1,22PE01273
US70221282,70,1,1,22PE01275
US70221302,70,1,1,22PE01277
US70221137,70,1,1,22PE01278
US70221119,70,1,1,22PE01281
US70221408,70,1,1,22PE01282
US70221361,70,1,1,22PE01284
US70222783,70,1,1,22PE01492
US70223088,70,1,1,22PE01519
US70222792,70,1,1,22PE01570
US70222765,70,1,1,22PE01571
US70222928,70,1,1,22PE01574
US70222845,70,1,1,22PE01612
US70223023,70,1,1,22PE01682
US70222939,70,1,1,22PE01688
US70223100,70,1,1,22PE01728
US70223127,70,1,1,22PE01751
US70222966,70,1,1,22PE01764
US70222819,70,1,1,22PE01773
US70222797,70,1,1,22PE01804
US70222767,70,1,1,22PE01807
US70223116,70,1,1,22PE01827
US70223008,70,1,1,22PE01836
US70223065,70,1,1,22PE01887
US70223058,70,1,1,22PE01908
US70222800,70,1,1,22PE01914
US70222757,70,1,1,22PE01929
US70222946,70,1,1,22PE01933
US70223068,70,1,1,22PE01935
US70222759,70,1,1,22PE01938
US70222854,70,1,1,22PE01939
US70223118,70,1,1,22PE01940
US70222995,70,1,1,22PE01943
US70222842,70,1,1,22PE01945
US70222831,70,1,1,22PE01946
US70222807,70,1,1,22PE01947
US70223072,70,1,1,22PE01951
US70222769,70,1,1,22PE01952
US70223050,70,1,1,22PE01953
US70222899,70,1,1,22PE01956
US70222952,70,1,1,22PE01957
US70223056,70,1,1,22PE01958
US70222881,70,1,1,22PE01960
US70222945,70,1,1,22PE01961
US70223081,70,1,1,22PE01963
US70222791,70,1,1,22PE01964
US70223009,70,1,1,22PE01965
US70222975,70,1,1,22PE01967
US70222810,70,1,1,22PE01968
US70222818,70,1,1,22PE01969
US70223153,70,1,1,22PE01970
US70222876,70,1,1,22PE01971
US70222950,70,1,1,22PE01973
US70222890,70,1,1,22PE01974
US70222996,70,1,1,22PE01975
US70222297,70,1,1,22PE01976
US70222972,70,1,1,22PE01978
US70222425,70,1,1,22PE01979
US70223128,70,1,1,22PE01981
US70221734,70,1,1,22PE01982
US70223024,70,1,1,22PE01983
US70222616,70,1,1,22PE01984
US70221857,70,1,1,22PE01985
US70222696,70,1,1,22PE01987
US70228532,70,1,1,22PE01989
US83229201,83,1,1,22PE01991
US83222846,83,1,1,22PE01995
US83223629,83,1,1,22PE02000
US70228713,70,1,1,22PE02006
US70228567,70,1,1,22PE02008
US83220000,83,1,1,22PE02016
US83223525,83,1,1,22PE02024
US70228681,70,1,1,22PE02027
US70228820,70,1,1,22PE02033
US70228679,70,1,1,22PE02035
US83228809,83,1,1,22PE02036
US70223471,70,1,1,22PE02043
US83227695,83,1,1,22PE02045
US83229399,83,1,1,22PE02048
US70229069,70,1,1,22PE02053
US83228606,83,1,1,22PE02054
US70228706,70,1,1,22PE02055
US70229126,70,1,1,22PE02069
US70223614,70,1,1,22PE02072
US70223359,70,1,1,22PE02079
US83221405,83,1,1,22PE02088
US70228561,70,1,1,22PE02099
US70228743,70,1,1,22PE02105
US70223513,70,1,1,22PE02106
US70223382,70,1,1,22PE02107
US70228787,70,1,1,22PE02112
US83222804,83,1,1,22PE02118
US83223126,83,1,1,22PE02119
US70229165,70,1,1,22PE02123
US83228905,83,1,1,22PE02124
US83221341,83,1,1,22PE02138
US70228690,70,1,1,22PE02140
US70223692,70,1,1,22PE02146
US83221226,83,1,1,22PE02148
US70228726,70,1,1,22PE02150
US70223466,70,1,1,22PE02153
US83222988,83,1,1,22PE02154
US70228976,70,1,1,22PE02158
US70223365,70,1,1,22PE02162
US70223789,70,1,1,22PE02168
US70228997,70,1,1,22PE02176
US70228598,70,1,1,22PE02180
US70223619,70,1,1,22PE02182
US83223412,83,1,1,22PE02183
US83228697,83,1,1,22PE02203
US83229426,83,1,1,22PE02204
US70227818,70,1,1,22PE02211
US70223495,70,1,1,22PE02214
US70229134,70,1,1,22PE02222
US70229431,70,1,1,22PE02235
US70228794,70,1,1,22PE02240
US83223102,83,1,1,22PE02241
US83223415,83,1,1,22PE02243
US83228798,83,1,1,22PE02245
US70228869,70,1,1,22PE02248
US83221314,83,1,1,22PE02255
US70223123,70,1,1,22PE02256
US83222926,83,1,1,22PE02257
US83223522,83,1,1,22PE02264
US83223686,83,1,1,22PE02265
US70228955,70,1,1,22PE02274
US70228914,70,1,1,22PE02275
US83223368,83,1,1,22PE02276
US70227832,70,1,1,22PE02278
US83221150,83,1,1,22PE02281
US83229123,83,1,1,22PE02284
US83229701,83,1,1,22PE02288
US70229682,70,1,1,22PE02296
US70228980,70,1,1,22PE02297
US83227820,83,1,1,22PE02301
US70229090,70,1,1,22PE02307
US83222839,83,1,1,22PE02309
US83228662,83,1,1,22PE02313
US70228611,70,1,1,22PE02315
US70223668,70,1,1,22PE02330
US70223761,70,1,1,22PE02333
US83221440,83,1,1,22PE02334
US70229058,70,1,1,22PE02336
US70228653,70,1,1,22PE02341
US70229033,70,1,1,22PE02348
US70228998,70,1,1,22PE02370
US70223485,70,1,1,22PE02372
US70227793,70,1,1,22PE02374
US83223004,83,1,1,22PE02379
US70223331,70,1,1,22PE02382
US83229462,83,1,1,22PE02383
US83221355,83,1,1,22PE02384
US70229571,70,1,1,22PE02392
US83222823,83,1,1,22PE02397
US70228574,70,1,1,22PE02404
US83227877,83,1,1,22PE02413
US83229086,83,1,1,22PE02418
US83229342,83,1,1,22PE02420
US70229220,70,1,1,22PE02422
US70228636,70,1,1,22PE02424
US83221169,83,1,1,22PE02425
US83223400,83,1,1,22PE02429
US70229181,70,1,1,22PE02433
US83222851,83,1,1,22PE02437
US83228756,83,1,1,22PE02438
US70223344,70,1,1,22PE02439
US70223430,70,1,1,22PE02442
US83221101,83,1,1,22PE02443
US70229742,70,1,1,22PE02447
US83228826,83,1,1,22PE02448
US70228593,70,1,1,22PE02449
US83222787,83,1,1,22PE02450
US83222777,83,1,1,22PE02451
US83229026,83,1,1,22PE02452
US83221064,83,1,1,22PE02453
US70229127,70,1,1,22PE02466
US83228781,83,1,1,22PE02467
US70228704,70,1,1,22PE02470
US70229376,70,1,1,22PE02471
US70228526,70,1,1,22PE02472
US83228721,83,1,1,22PE02477
US83223456,83,1,1,22PE02489
US83225410,83,1,1,22PE02491
US70229111,70,1,1,22PE02492
US70223341,70,1,1,22PE02494
US70223291,70,1,1,22PE02497
US83228920,83,1,1,22PE02500
US83222784,83,1,1,22PE02501
US83221406,83,1,1,22PE02502
US83229130,83,1,1,22PE02504
US83223310,83,1,1,22PE02505
US83221382,83,1,1,22PE02507
US83228688,83,1,1,22PE02509
US83221259,83,1,1,22PE02511
US70223724,70,1,1,22PE02513
US83228710,83,1,1,22PE02516
US83221127,83,1,1,22PE02518
US70229377,70,1,1,22PE02521
US83221192,83,1,1,22PE02522
US70227702,70,1,1,22PE02525
US83223003,83,1,1,22PE02526
US83222976,83,1,1,22PE02528
US70223737,70,1,1,22PE02531
US70223690,70,1,1,22PE02532
US70229413,70,1,1,22PE02534
US70223330,70,1,1,22PE02535
US70228546,70,1,1,22PE02536
US70228910,70,1,1,22PE02537
US83229119,83,1,1,22PE02538
US70229312,70,1,1,22PE02539
US70223517,70,1,1,22PE02541
US70229171,70,1,1,22PE02542
US83223332,83,1,1,22PE02543
US70227861,70,1,1,22PE02544
US83227706,83,1,1,22PE02545
US83227733,83,1,1,22PE02547
US83221230,83,1,1,22PE02548
US70228619,70,1,1,22PE02549
US70228817,70,1,1,22PE02551
US83228753,83,1,1,22PE02552
US83227905,83,1,1,22PE02556
US70227738,70,1,1,22PE02557
US83228829,83,1,1,22PE02559
US70223468,70,1,1,22PE02561
US83229087,83,1,1,22PE02565
US70227790,70,1,1,22PE02567
US83220591,83,1,1,22PE02568
US70228885,70,1,1,22PE02569
US83221257,83,1,1,22PE02570
US70223611,70,1,1,22PE02571
US83223482,83,1,1,22PE02573
US83222992,83,1,1,22PE02574
US70229029,70,1,1,22PE02575
US83223807,83,1,1,22PE02578
US83221193,83,1,1,22PE02580
US83221130,83,1,1,22PE02581
US70223594,70,1,1,22PE02582
US70223644,70,1,1,22PE02583
US83222937,83,1,1,22PE02584
US70223551,70,1,1,22PE02588
US70223407,70,1,1,22PE02589
US83221360,83,1,1,22PE02591
US83223504,83,1,1,22PE02592
US70223591,70,1,1,22PE02593
US83227872,83,1,1,22PE02594
US83229298,83,1,1,22PE02596
US70229409,70,1,1,22PE02597
US70223794,70,1,1,22PE02599
US83222778,83,1,1,22PE02601
US83222978,83,1,1,22PE02602
US70228555,70,1,1,22PE02603
US83222872,83,1,1,22PE02604
US70229125,70,1,1,22PE02605
US83223587,83,1,1,22PE02606
US83223087,83,1,1,22PE02607
US70227697,70,1,1,22PE02608
US83223604,83,1,1,22PE02609
US83229554,83,1,1,22PE02611
US70227810,70,1,1,22PE02612
US70229464,70,1,1,22PE02613
US70223389,70,1,1,22PE02614
US70228793,70,1,1,22PE02616
US83229668,83,1,1,22PE02618
US83228633,83,1,1,22PE02620
US83222817,83,1,1,22PE02621
US83223505,83,1,1,22PE02622
US83227915,83,1,1,22PE02624
US70227756,70,1,1,22PE02625
US70229278,70,1,1,22PE02626
US83221162,83,1,1,22PE02627
US83223543,83,1,1,22PE02628
US70228778,70,1,1,22PE02630
US70227917,70,1,1,22PE02632
US70229489,70,1,1,22PE02634
US70223815,70,1,1,22PE02636
US70223835,70,1,1,22PE02637
US70229118,70,1,1,22PE02638
US83222805,83,1,1,22PE02639
US70229649,70,1,1,22PE02640
US83229288,83,1,1,22PE02641
US70229400,70,1,1,22PE02642
US83223435,83,1,1,22PE02643
US83227821,83,1,1,22PE02644
US70227882,70,1,1,22PE02646
US83228736,83,1,1,22PE02647
US83228557,83,1,1,22PE02648
US83221312,83,1,1,22PE02649
US83227731,83,1,1,22PE02651
US83223480,83,1,1,22PE02652
US70223256,70,1,1,22PE02654
US70223404,70,1,1,22PE02655
US70228618,70,1,1,22PE02656
US83229434,83,1,1,22PE02657
US83228960,83,1,1,22PE02661
US83229385,83,1,1,22PE02662
US83227694,83,1,1,22PE02664
US83222884,83,1,1,22PE02665
US70223706,70,1,1,22PE02666
US70223420,70,1,1,22PE02668
US70228762,70,1,1,22PE02669
US70228912,70,1,1,22PE02670
US70223740,70,1,1,22PE02671
US70220380,70,1,1,22PE02674
US70223645,70,1,1,22PE02675
US83223333,83,1,1,22PE02677
US83223124,83,1,1,22PE02679
US83223306,83,1,1,22PE02680
US70227711,70,1,1,22PE02681
US70229563,70,1,1,22PE02682
US83229052,83,1,1,22PE02683
US70220611,70,1,1,22PE02684
US83222948,83,1,1,22PE02686
US70227831,70,1,1,22PE02687
US83228985,83,1,1,22PE02688
US70229700,70,1,1,22PE02689
US83222936,83,1,1,22PE02691
US70229148,70,1,1,22PE02692
US83225440,83,1,1,22PE02694
US70223570,70,1,1,22PE02695
US70228742,70,1,1,22PE02696
US70223722,70,1,1,22PE02697
US83227780,83,1,1,22PE02698
US83223086,83,1,1,22PE02699
US70223439,70,1,1,22PE02700
US70227918,70,1,1,22PE02701
US83223588,83,1,1,22PE02703
US70223519,70,1,1,22PE02704
US70223392,70,1,1,22PE02706
US83227853,83,1,1,22PE02707
US83223821,83,1,1,22PE02708
US83223064,83,1,1,22PE02709
US70223437,70,1,1,22PE02710
US83223713,83,1,1,22PE02711
US83227803,83,1,1,22PE02712
US70221044,70,1,1,22PE02713
US83229560,83,1,1,22PE02715
US70229303,70,1,1,22PE02716
US83223284,83,1,1,22PE02717
US83223812,83,1,1,22PE02718
US70224686,70,1,1,22PE02719
US83228604,83,1,1,22PE02721
US70224673,70,1,1,22PE02722
US83223290,83,1,1,22PE02724
US83223403,83,1,1,22PE02726
US83223434,83,1,1,22PE02728
US70227924,70,1,1,22PE02729
US83223445,83,1,1,22PE02731
US83223623,83,1,1,22PE02732
US70223746,70,1,1,22PE02733
US83223783,83,1,1,22PE02734
US70223636,70,1,1,22PE02736
US70227830,70,1,1,22PE02737
US70229036,70,1,1,22PE02740
US83223825,83,1,1,22PE02741
US70223665,70,1,1,22PE02742
US83228934,83,1,1,22PE02744
US70225416,70,1,1,22PE02745
US83223350,83,1,1,22PE02746
US70228645,70,1,1,22PE02747
US70227892,70,1,1,22PE02749
US83228644,83,1,1,22PE02750
US70223411,70,1,1,22PE02751
US70227768,70,1,1,22PE02752
US70228954,70,1,1,22PE02753
US70223526,70,1,1,22PE02754
US83222883,83,1,1,22PE02756
US70225434,70,1,1,22PE02757
US83227769,83,1,1,22PE02758
US83221283,83,1,1,22PE02759
US70229428,70,1,1,22PE02761
US70223599,70,1,1,22PE02762
US70227911,70,1,1,22PE02763
US70223366,70,1,1,22PE02764
US70227720,70,1,1,22PE02765
US70223820,70,1,1,22PE02766
US83223728,83,1,1,22PE02768
US83223036,83,1,1,22PE02770
US83227855,83,1,1,22PE02772
US70221976,70,1,1,22PE02773
US70223487,70,1,1,22PE02775
US70229653,70,1,1,22PE02776
US70228977,70,1,1,22PE02777
US70228813,70,1,1,22PE02778
US70229393,70,1,1,22PE02779
US83227835,83,1,1,22PE02782
US70229648,70,1,1,22PE02783
US83223733,83,1,1,22PE02784
US70221342,70,1,1,22PE02786
US83228956,83,1,1,22PE02788
US70222837,70,1,1,22PE02789
US83221383,83,1,1,22PE02791
US70223855,70,1,1,22PE02792
US70227739,70,1,1,22PE02794
US83228538,83,1,1,22PE02795
US70223770,70,1,1,22PE02796
US83223110,83,1,1,22PE02797
US83222960,83,1,1,22PE02799
US70229143,70,1,1,22PE02800
US70229430,70,1,1,22PE02801
US70220615,70,1,1,22PE02802
US70222749,70,1,1,22PE02804
US70223558,70,1,1,22PE02805
US70227615,70,1,1,22PE02806
US70227359,70,1,1,22PE02807
US70220009,70,1,1,22PE02808
US70221328,70,1,1,22PE02810
US70229129,70,1,1,22PE02812
US70231888,70,1,1,23PE00892
US70231522,70,1,1,23PE01119
US70231692,70,1,1,23PE01120
US70231685,70,1,1,23PE01121
US70231502,70,1,1,23PE01123
US70231725,70,1,1,23PE01125
US70231646,70,1,1,23PE01126
US70231618,70,1,1,23PE01127
US70231663,70,1,1,23PE01128
US70231536,70,1,1,23PE01129
US70231471,70,1,1,23PE01130
US70231625,70,1,1,23PE01132
US70231512,70,1,1,23PE01134
US70231582,70,1,1,23PE01135
US70231754,70,1,1,23PE01137
US70231617,70,1,1,23PE01139
US70231506,70,1,1,23PE01140
US70231527,70,1,1,23PE01141
US70231665,70,1,1,23PE01142
US70231753,70,1,1,23PE01144
US70231723,70,1,1,23PE01146
US70231514,70,1,1,23PE01147
US70231584,70,1,1,23PE01148
US70231611,70,1,1,23PE01150
US70231726,70,1,1,23PE01152
US70231518,70,1,1,23PE01154
US70231551,70,1,1,23PE01155
US70231468,70,1,1,23PE01156
US70231706,70,1,1,23PE01158
US70231644,70,1,1,23PE01159
US70231648,70,1,1,23PE01160
US70231543,70,1,1,23PE01162
US70231476,70,1,1,23PE01164
US70231511,70,1,1,23PE01166
US70231613,70,1,1,23PE01168
US70235450,70,1,1,23PE01355
US70233167,70,1,1,23PE01394
US70233279,70,1,1,23PE01408
US70233447,70,1,1,23PE01420
US70233243,70,1,1,23PE01440
US70233188,70,1,1,23PE01469
US70233332,70,1,1,23PE01505
US70233184,70,1,1,23PE01508
US70233499,70,1,1,23PE01515
US70233554,70,1,1,23PE01532
US70233485,70,1,1,23PE01556
US70233289,70,1,1,23PE01573
US70233409,70,1,1,23PE01685
US70233291,70,1,1,23PE01693
US70233434,70,1,1,23PE01712
US70233502,70,1,1,23PE01715
US70233172,70,1,1,23PE01716
US70233555,70,1,1,23PE01722
US70233174,70,1,1,23PE01738
US70233257,70,1,1,23PE01760
US70233371,70,1,1,23PE01777
US70233651,70,1,1,23PE01803
US70233338,70,1,1,23PE01836
US70233543,70,1,1,23PE01837
US70233201,70,1,1,23PE01870
US70233391,70,1,1,23PE01874
US70233466,70,1,1,23PE01898
US70233189,70,1,1,23PE01912
US70233364,70,1,1,23PE01947
US70233265,70,1,1,23PE01963
US70233159,70,1,1,23PE01965
US70233507,70,1,1,23PE01966
US70233278,70,1,1,23PE01970
US70233528,70,1,1,23PE01974
US70233581,70,1,1,23PE01977
US70233450,70,1,1,23PE01978
US70233584,70,1,1,23PE01979
US70233641,70,1,1,23PE01981
US70233585,70,1,1,23PE01982
US70233333,70,1,1,23PE01983
US70233274,70,1,1,23PE01984
US70233605,70,1,1,23PE01986
US70233418,70,1,1,23PE01988
US70233376,70,1,1,23PE01992
US70233421,70,1,1,23PE01994
US70233632,70,1,1,23PE01995
US70233449,70,1,1,23PE01996
US70233525,70,1,1,23PE01998
US70232818,70,1,1,23PE02004
US70233379,70,1,1,23PE02005
US70239907,70,1,1,23PE02007
US83233239,83,1,1,23PE02008
US70230272,70,1,1,23PE02009
US70238141,70,1,1,23PE02010
US70239824,70,1,1,23PE02014
US83233348,83,1,1,23PE02015
US83231742,83,1,1,23PE02016
US83239831,83,1,1,23PE02018
US70239800,70,1,1,23PE02020
US83234396,83,1,1,23PE02021
US70231530,70,1,1,23PE02022
US83239861,83,1,1,23PE02029
US83230255,83,1,1,23PE02035
US70233587,70,1,1,23PE02036
US83230121,83,1,1,23PE02041
US70239854,70,1,1,23PE02044
US83239922,83,1,1,23PE02050
US83233649,83,1,1,23PE02055
US83231714,83,1,1,23PE02062
US83233212,83,1,1,23PE02064
US83239788,83,1,1,23PE02069
US83239975,83,1,1,23PE02072
US70234300,70,1,1,23PE02074
US70230169,70,1,1,23PE02083
US83233519,83,1,1,23PE02084
US70231507,70,1,1,23PE02088
US83230099,83,1,1,23PE02089
US70233280,70,1,1,23PE02091
US70233344,70,1,1,23PE02097
US70230267,70,1,1,23PE02098
US70235451,70,1,1,23PE02102
US83231517,83,1,1,23PE02103
US70239939,70,1,1,23PE02107
US83230098,83,1,1,23PE02115
US83230010,83,1,1,23PE02118
US83233497,83,1,1,23PE02137
US70234175,70,1,1,23PE02138
US70230091,70,1,1,23PE02139
US70234346,70,1,1,23PE02148
US70231626,70,1,1,23PE02149
US83230234,83,1,1,23PE02152
US70239833,70,1,1,23PE02155
US83233416,83,1,1,23PE02156
US83233977,83,1,1,23PE02157
US83239852,83,1,1,23PE02159
US70239868,70,1,1,23PE02160
US70239853,70,1,1,23PE02162
US83239832,83,1,1,23PE02164
US70239828,70,1,1,23PE02165
US83233395,83,1,1,23PE02171
US83234147,83,1,1,23PE02175
US70230107,70,1,1,23PE02178
US83238090,83,1,1,23PE02180
US83234339,83,1,1,23PE02181
US83233591,83,1,1,23PE02182
US70239776,70,1,1,23PE02183
US70230237,70,1,1,23PE02184
US70234291,70,1,1,23PE02185
US70230241,70,1,1,23PE02186
US70239930,70,1,1,23PE02187
US70233190,70,1,1,23PE02188
US83230533,83,1,1,23PE02192
US70234017,70,1,1,23PE02194
US70230291,70,1,1,23PE02196
US70233941,70,1,1,23PE02197
US83234318,83,1,1,23PE02208
US70233472,70,1,1,23PE02210
US83233210,83,1,1,23PE02211
US70233644,70,1,1,23PE02212
US83233576,83,1,1,23PE02214
US70239779,70,1,1,23PE02216
US70233424,70,1,1,23PE02217
US70233459,70,1,1,23PE02219
US83239818,83,1,1,23PE02227
US70234203,70,1,1,23PE02232
US70234034,70,1,1,23PE02234
US70230245,70,1,1,23PE02236
US83239761,83,1,1,23PE02237
US70234490,70,1,1,23PE02242
US83234105,83,1,1,23PE02245
US83233397,83,1,1,23PE02261
US83230000,83,1,1,23PE02263
US70239994,70,1,1,23PE02272
US70230079,70,1,1,23PE02273
US70231674,70,1,1,23PE02275
US83239816,83,1,1,23PE02278
US70230015,70,1,1,23PE02280
US83230122,83,1,1,23PE02281
US70239756,70,1,1,23PE02282
US70234094,70,1,1,23PE02284
US83233549,83,1,1,23PE02285
US70230275,70,1,1,23PE02286
US70230181,70,1,1,23PE02290
US83230246,83,1,1,23PE02295
US83231516,83,1,1,23PE02296
US70230447,70,1,1,23PE02297
US83230477,83,1,1,23PE02301
US70234137,70,1,1,23PE02303
US70234381,70,1,1,23PE02304
US83233441,83,1,1,23PE02307
US70230024,70,1,1,23PE02308
US70239869,70,1,1,23PE02317
US83230044,83,1,1,23PE02319
US83230543,83,1,1,23PE02321
US83231632,83,1,1,23PE02323
US83231532,83,1,1,23PE02325
US70230428,70,1,1,23PE02330
US70239875,70,1,1,23PE02331
US83231548,83,1,1,23PE02332
US70234298,70,1,1,23PE02334
US83237987,83,1,1,23PE02335
US70230131,70,1,1,23PE02336
US70239946,70,1,1,23PE02343
US70239892,70,1,1,23PE02347
US83231762,83,1,1,23PE02351
US70230179,70,1,1,23PE02354
US83230084,83,1,1,23PE02357
US70230670,70,1,1,23PE02358
US70234096,70,1,1,23PE02359
US70230130,70,1,1,23PE02361
US70230170,70,1,1,23PE02366
US70239749,70,1,1,23PE02367
US83231508,83,1,1,23PE02369
US70233975,70,1,1,23PE02373
US70233983,70,1,1,23PE02375
US83233414,83,1,1,23PE02376
US70230211,70,1,1,23PE02379
US70230385,70,1,1,23PE02380
US70230018,70,1,1,23PE02381
US83233197,83,1,1,23PE02382
US83233283,83,1,1,23PE02384
US83233252,83,1,1,23PE02386
US70230064,70,1,1,23PE02391
US83237957,83,1,1,23PE02396
US70230240,70,1,1,23PE02403
US70233248,70,1,1,23PE02405
US70230155,70,1,1,23PE02406
US83238029,83,1,1,23PE02412
US70234052,70,1,1,23PE02413
US70230216,70,1,1,23PE02414
US83230168,83,1,1,23PE02415
US83230248,83,1,1,23PE02417
US83234294,83,1,1,23PE02420
US83230449,83,1,1,23PE02436
US70230205,70,1,1,23PE02437
US70230183,70,1,1,23PE02438
US70230171,70,1,1,23PE02441
US70230114,70,1,1,23PE02449
US83233460,83,1,1,23PE02452
US70234035,70,1,1,23PE02454
US70239829,70,1,1,23PE02457
US83233319,83,1,1,23PE02459
US70230496,70,1,1,23PE02467
US83234340,83,1,1,23PE02468
US83230056,83,1,1,23PE02469
US70233573,70,1,1,23PE02470
US83239972,83,1,1,23PE02473
US70231734,70,1,1,23PE02474
US70239857,70,1,1,23PE02476
US70233532,70,1,1,23PE02478
US83230690,83,1,1,23PE02483
US83237958,83,1,1,23PE02484
US70230379,70,1,1,23PE02486
US83231569,83,1,1,23PE02487
US83233867,83,1,1,23PE02491
US70230212,70,1,1,23PE02501
US70239821,70,1,1,23PE02502
US70234400,70,1,1,23PE02504
US83231549,83,1,1,23PE02505
US70239860,70,1,1,23PE02507
US70239889,70,1,1,23PE02509
US70238078,70,1,1,23PE02510
US70230053,70,1,1,23PE02513
US83233161,83,1,1,23PE02515
US70230025,70,1,1,23PE02516
US70230279,70,1,1,23PE02518
US83237989,83,1,1,23PE02519
US83234372,83,1,1,23PE02520
US83230039,83,1,1,23PE02530
US70234170,70,1,1,23PE02531
US70235453,70,1,1,23PE02532
US70231515,70,1,1,23PE02533
US70230341,70,1,1,23PE02536
US70230158,70,1,1,23PE02539
US70238059,70,1,1,23PE02540
US83238130,83,1,1,23PE02541
US83234464,83,1,1,23PE02543
US70231545,70,1,1,23PE02548
US70239754,70,1,1,23PE02549
US83230188,83,1,1,23PE02557
US70239837,70,1,1,23PE02560
US70238062,70,1,1,23PE02561
US70233873,70,1,1,23PE02562
US70234256,70,1,1,23PE02563
US70239989,70,1,1,23PE02567
US70238025,70,1,1,23PE02569
US70234155,70,1,1,23PE02583
US70234049,70,1,1,23PE02585
US70234479,70,1,1,23PE02586
US83230399,83,1,1,23PE02593
US83234253,83,1,1,23PE02601
US70234258,70,1,1,23PE02602
US70239795,70,1,1,23PE02604
US83233599,83,1,1,23PE02606
US70238051,70,1,1,23PE02612
US83233991,83,1,1,23PE02615
US83231684,83,1,1,23PE02616
US83230289,83,1,1,23PE02618
US70230174,70,1,1,23PE02619
US70230143,70,1,1,23PE02620
US70233969,70,1,1,23PE02622
US70233955,70,1,1,23PE02626
US70230439,70,1,1,23PE02627
US70230338,70,1,1,23PE02628
US70233608,70,1,1,23PE02634
US70230266,70,1,1,23PE02637
US70230094,70,1,1,23PE02638
US70230054,70,1,1,23PE02639
US83230300,83,1,1,23PE02643
US70234422,70,1,1,23PE02645
US83230206,83,1,1,23PE02647
US70230154,70,1,1,23PE02651
US83230146,83,1,1,23PE02652
US83234261,83,1,1,23PE02653
US83230060,83,1,1,23PE02658
US70230503,70,1,1,23PE02660
US83230502,83,1,1,23PE02661
US83230425,83,1,1,23PE02667
US83233165,83,1,1,23PE02669
US70238024,70,1,1,23PE02670
US83233957,83,1,1,23PE02672
US70234402,70,1,1,23PE02674
US70238135,70,1,1,23PE02680
US70234526,70,1,1,23PE02682
US83234393,83,1,1,23PE02683
US83239999,83,1,1,23PE02685
US70230234,70,1,1,23PE02687
US70233928,70,1,1,23PE02688
US70230219,70,1,1,23PE02690
US70233547,70,1,1,23PE02692
US83234262,83,1,1,23PE02700
US70230185,70,1,1,23PE02701
US83230327,83,1,1,23PE02702
US70238169,70,1,1,23PE02703
US70230016,70,1,1,23PE02709
US70234228,70,1,1,23PE02715
US70234260,70,1,1,23PE02716
US70231709,70,1,1,23PE02717
US70234047,70,1,1,23PE02720
US70230413,70,1,1,23PE02723
US70238035,70,1,1,23PE02724
US70238103,70,1,1,23PE02725
US70234292,70,1,1,23PE02726
US70234095,70,1,1,23PE02727
US83233575,83,1,1,23PE02728
US83234186,83,1,1,23PE02735
US70234342,70,1,1,23PE02737
US70234009,70,1,1,23PE02738
US70234192,70,1,1,23PE02740
US70230028,70,1,1,23PE02741
US83234023,83,1,1,23PE02742
US70234432,70,1,1,23PE02743
US70234347,70,1,1,23PE02745
US83239865,83,1,1,23PE02746
US70233887,70,1,1,23PE02747
US83238163,83,1,1,23PE02749
US70233266,70,1,1,23PE02751
US70230696,70,1,1,23PE02752
US70230301,70,1,1,23PE02753
US83233550,83,1,1,23PE02755
US70239919,70,1,1,23PE02756
US83233943,83,1,1,23PE02758
US70233439,70,1,1,23PE02762
US70230052,70,1,1,23PE02763
US70238014,70,1,1,23PE02765
US70234040,70,1,1,23PE02767
US70234097,70,1,1,23PE02768
US70230168,70,1,1,23PE02769
US70235487,70,1,1,23PE02771
US70233976,70,1,1,23PE02773
US83230311,83,1,1,23PE02775
US70230382,70,1,1,23PE02778
US83235497,83,1,1,23PE02779
US83230369,83,1,1,23PE02780
US83233989,83,1,1,23PE02781
US83234119,83,1,1,23PE02783
US70238019,70,1,1,23PE02785
US83234061,83,1,1,23PE02786
US83231712,83,1,1,23PE02788
US70234331,70,1,1,23PE02790
US70234333,70,1,1,23PE02791
US70234013,70,1,1,23PE02792
US70234122,70,1,1,23PE02793
US83233461,83,1,1,23PE02795
US70239957,70,1,1,23PE02799
US70230532,70,1,1,23PE02800
US70230347,70,1,1,23PE02801
US70230444,70,1,1,23PE02802
US70233380,70,1,1,23PE02804
US83234218,83,1,1,23PE02805
US83231509,83,1,1,23PE02806
US70230294,70,1,1,23PE02808
US70230497,70,1,1,23PE02810
US83233331,83,1,1,23PE02811
US70230700,70,1,1,23PE02813
US83233253,83,1,1,23PE02814
US83234465,83,1,1,23PE02815
US70234274,70,1,1,23PE02816
US70230218,70,1,1,23PE02817
US83234283,83,1,1,23PE02818
US83234043,83,1,1,23PE02819
US70234301,70,1,1,23PE02821
US70237937,70,1,1,23PE02822
US70238108,70,1,1,23PE02823
US83230462,83,1,1,23PE02824
US70234011,70,1,1,23PE02825
US70238172,70,1,1,23PE02827
US70238114,70,1,1,23PE02829
US70230235,70,1,1,23PE02831
US83235478,83,1,1,23PE02832
US70238134,70,1,1,23PE02833
US70237954,70,1,1,23PE02835
US70233995,70,1,1,23PE02836
US83233430,83,1,1,23PE02837
US70238012,70,1,1,23PE02838
US83231616,83,1,1,23PE02839
US70234349,70,1,1,23PE02841
US70233982,70,1,1,23PE02842
US83238123,83,1,1,23PE02844
US70233511,70,1,1,23PE02845
US83234169,83,1,1,23PE02846
US83233897,83,1,1,23PE02848
US83230568,83,1,1,23PE02850
US70238173,70,1,1,23PE02854
US70234379,70,1,1,23PE02856
US70230243,70,1,1,23PE02857
US83233478,83,1,1,23PE02858
US70234166,70,1,1,23PE02859
US70239810,70,1,1,23PE02861
US70233901,70,1,1,23PE02862
US70230159,70,1,1,23PE02864
US83238015,83,1,1,23PE02866
US70237947,70,1,1,23PE02868
US83235458,83,1,1,23PE02869
US70239783,70,1,1,23PE02870
US83230228,83,1,1,23PE02871
US83230676,83,1,1,23PE02875
US70238096,70,1,1,23PE02876
US70230251,70,1,1,23PE02877
US70233980,70,1,1,23PE02878
US70230097,70,1,1,23PE02880
US70234326,70,1,1,23PE02882
US70234532,70,1,1,23PE02883
US83231654,83,1,1,23PE02884
US70233956,70,1,1,23PE02886
US83233978,83,1,1,23PE02889
US70234076,70,1,1,23PE02890
US83233426,83,1,1,23PE02892
US70233866,70,1,1,23PE02893
US83233496,83,1,1,23PE02894
US70238109,70,1,1,23PE02895
US83239765,83,1,1,23PE02896
US83233898,83,1,1,23PE02897
US70237952,70,1,1,23PE02898
US70230529,70,1,1,23PE02899
US83230386,83,1,1,23PE02900
US70230454,70,1,1,23PE02901
US70234179,70,1,1,23PE02903
US70234183,70,1,1,23PE02905
US83234533,83,1,1,23PE02906
US83237936,83,1,1,23PE02907
US70231589,70,1,1,23PE02908
US83230269,83,1,1,23PE02909
US83230498,83,1,1,23PE02911
US70234150,70,1,1,23PE02912
US70230458,70,1,1,23PE02914
US70234463,70,1,1,23PE02916
US70234224,70,1,1,23PE02918
US70234466,70,1,1,23PE02919
US70235504,70,1,1,23PE02920
US70230309,70,1,1,23PE02922
US70234404,70,1,1,23PE02923
US70239915,70,1,1,23PE02925
US83234190,83,1,1,23PE02926
US83230448,83,1,1,23PE02927
US83233645,83,1,1,23PE02928
US70230134,70,1,1,23PE02929
US83234233,83,1,1,23PE02931
US70230563,70,1,1,23PE02933
US70230544,70,1,1,23PE02934
US70230089,70,1,1,23PE02936
US70233073,70,1,1,23PE02939
US70232544,70,1,1,23PE02941
US70232070,70,1,1,23PE02944
US70237803,70,1,1,23PE02947
US00240170,00,1,1,24PE01039
US70243561,70,1,1,24PE01810
US70242630,70,1,1,24PE01812
US70243241,70,1,1,24PE01814
US70242137,70,1,1,24PE01816
US70243541,70,1,1,24PE01818
US70242425,70,1,1,24PE01821
US70242138,70,1,1,24PE01823
US70243357,70,1,1,24PE01824
US70242626,70,1,1,24PE01825
US70243344,70,1,1,24PE01827
US70242132,70,1,1,24PE01829
US00243755,00,1,1,24PE01840
US00240710,00,1,1,24PE01842
US00240691,00,1,1,24PE01846
US00240813,00,1,1,24PE01860
US00240607,00,1,1,24PE01867
US00241196,00,1,1,24PE01868
US00243843,00,1,1,24PE01887
US00240612,00,1,1,24PE01893
US00240589,00,1,1,24PE01899
US00240769,00,1,1,24PE01908
US00241140,00,1,1,24PE01916
US00243999,00,1,1,24PE01919
US00243849,00,1,1,24PE01922
US00240762,00,1,1,24PE01928
US00240959,00,1,1,24PE01939
US00240849,00,1,1,24PE01954
US00241003,00,1,1,24PE01967
US00240633,00,1,1,24PE01972
US00240987,00,1,1,24PE01975
US00241266,00,1,1,24PE01979
US00243979,00,1,1,24PE01982
US00245059,00,1,1,24PE01987
US00244956,00,1,1,24PE01989
US00240695,00,1,1,24PE01990
US00241316,00,1,1,24PE01998
US00240882,00,1,1,24PE02002
US00241129,00,1,1,24PE02003
US00244653,00,1,1,24PE02010
US00240642,00,1,1,24PE02014
US00240687,00,1,1,24PE02024
US00245528,00,1,1,24PE02026
US00240855,00,1,1,24PE02038
US00241149,00,1,1,24PE02039
US00240771,00,1,1,24PE02058
US00240806,00,1,1,24PE02059
US00241440,00,1,1,24PE02072
US00243912,00,1,1,24PE02077
US00241228,00,1,1,24PE02078
US00240689,00,1,1,24PE02079
US00244140,00,1,1,24PE02080
US00243858,00,1,1,24PE02081
US00240713,00,1,1,24PE02083
US00248188,00,1,1,24PE02093
US00243733,00,1,1,24PE02095
US00244215,00,1,1,24PE02098
US00241046,00,1,1,24PE02103
US00243965,00,1,1,24PE02109
US00243740,00,1,1,24PE02111
US00244032,00,1,1,24PE02118
US00244877,00,1,1,24PE02119
US00241083,00,1,1,24PE02120
US00240818,00,1,1,24PE02128
US00241071,00,1,1,24PE02143
US00243922,00,1,1,24PE02163
US00240711,00,1,1,24PE02164
US00243691,00,1,1,24PE02175
US00240735,00,1,1,24PE02176
US00240956,00,1,1,24PE02189
US00243917,00,1,1,24PE02194
US00241094,00,1,1,24PE02197
US00245559,00,1,1,24PE02208
US00243749,00,1,1,24PE02209
US00244734,00,1,1,24PE02218
US00240615,00,1,1,24PE02221
US00244184,00,1,1,24PE02226
US00240724,00,1,1,24PE02229
US00241305,00,1,1,24PE02247
US00240996,00,1,1,24PE02248
US00243844,00,1,1,24PE02268
US00248361,00,1,1,24PE02269
US00245024,00,1,1,24PE02276
US00243734,00,1,1,24PE02277
US00243955,00,1,1,24PE02278
US00240893,00,1,1,24PE02286
US00243747,00,1,1,24PE02290
US00244719,00,1,1,24PE02293
US00248385,00,1,1,24PE02304
US00243785,00,1,1,24PE02312
US00243727,00,1,1,24PE02317
US00241164,00,1,1,24PE02318
US00243714,00,1,1,24PE02319
US00243739,00,1,1,24PE02320
US00240700,00,1,1,24PE02324
US00245515,00,1,1,24PE02339
US00243882,00,1,1,24PE02352
US00243766,00,1,1,24PE02363
US00241139,00,1,1,24PE02364
US00244022,00,1,1,24PE02369
US00248279,00,1,1,24PE02376
US00240985,00,1,1,24PE02380
US00243726,00,1,1,24PE02381
US00248326,00,1,1,24PE02384
US00244227,00,1,1,24PE02387
US00240877,00,1,1,24PE02390
US00241092,00,1,1,24PE02392
US00240705,00,1,1,24PE02396
US00240611,00,1,1,24PE02397
US00240865,00,1,1,24PE02399
US00240814,00,1,1,24PE02402
US00240911,00,1,1,24PE02412
US00241132,00,1,1,24PE02413
US00240976,00,1,1,24PE02416
US00244590,00,1,1,24PE02417
US00243729,00,1,1,24PE02420
US00240776,00,1,1,24PE02437
US00241016,00,1,1,24PE02438
US00243997,00,1,1,24PE02440
US00240796,00,1,1,24PE02441
US00248290,00,1,1,24PE02444
US00240909,00,1,1,24PE02448
US00241400,00,1,1,24PE02449
US00244149,00,1,1,24PE02453
US00241226,00,1,1,24PE02454
US00240719,00,1,1,24PE02466
US00240963,00,1,1,24PE02467
US00240773,00,1,1,24PE02471
US00240662,00,1,1,24PE02473
US00244662,00,1,1,24PE02476
US00240841,00,1,1,24PE02478
US00243694,00,1,1,24PE02480
US00240590,00,1,1,24PE02481
US00243719,00,1,1,24PE02492
US00243900,00,1,1,24PE02494
US00243787,00,1,1,24PE02495
US00243923,00,1,1,24PE02496
US00241510,00,1,1,24PE02498
US00244186,00,1,1,24PE02499
US00244982,00,1,1,24PE02501
US00241350,00,1,1,24PE02502
US00243823,00,1,1,24PE02503
US00244801,00,1,1,24PE02509
US00243850,00,1,1,24PE02516
US00244007,00,1,1,24PE02519
US00245550,00,1,1,24PE02521
US00244150,00,1,1,24PE02522
US00241404,00,1,1,24PE02524
US00244868,00,1,1,24PE02525
US00243670,00,1,1,24PE02526
US00240722,00,1,1,24PE02531
US00244941,00,1,1,24PE02533
US00244019,00,1,1,24PE02538
US00240902,00,1,1,24PE02540
US00243798,00,1,1,24PE02542
US00241426,00,1,1,24PE02545
US00243895,00,1,1,24PE02546
US00240732,00,1,1,24PE02547
US00244778,00,1,1,24PE02548
US00248194,00,1,1,24PE02552
US00244138,00,1,1,24PE02554
US00244965,00,1,1,24PE02558
US00241064,00,1,1,24PE02559
US00243870,00,1,1,24PE02561
US00244203,00,1,1,24PE02562
US00244145,00,1,1,24PE02563
US00243805,00,1,1,24PE02564
US00248353,00,1,1,24PE02566
US00244737,00,1,1,24PE02568
US00244117,00,1,1,24PE02570
US00244560,00,1,1,24PE02572
US00244632,00,1,1,24PE02573
US00243854,00,1,1,24PE02574
US00244234,00,1,1,24PE02576
US00240925,00,1,1,24PE02578
US00248213,00,1,1,24PE02579
US00245145,00,1,1,24PE02581
US00243961,00,1,1,24PE02584
US00241230,00,1,1,24PE02585
US00241015,00,1,1,24PE02586
US00243975,00,1,1,24PE02587
US00244967,00,1,1,24PE02588
US00244866,00,1,1,24PE02591
US00248212,00,1,1,24PE02592
US00248380,00,1,1,24PE02593
US00240788,00,1,1,24PE02597
US00240926,00,1,1,24PE02598
US00241210,00,1,1,24PE02599
US00240944,00,1,1,24PE02602
US00243709,00,1,1,24PE02603
US00240858,00,1,1,24PE02604
US00243930,00,1,1,24PE02607
US00244637,00,1,1,24PE02608
US00240747,00,1,1,24PE02610
US00244923,00,1,1,24PE02613
US00243669,00,1,1,24PE02614
US00243663,00,1,1,24PE02616
US00241466,00,1,1,24PE02617
US00244804,00,1,1,24PE02618
US00240694,00,1,1,24PE02620
US00241212,00,1,1,24PE02621
US00244162,00,1,1,24PE02625
US00245527,00,1,1,24PE02628
US00244136,00,1,1,24PE02629
US70240997,70,1,1,24PE02631
US00244657,00,1,1,24PE02634
US00244057,00,1,1,24PE02635
US00241492,00,1,1,24PE02636
US70240844,70,1,1,24PE02637
US00244009,00,1,1,24PE02641
US00240990,00,1,1,24PE02643
US00240943,00,1,1,24PE02645
US00248300,00,1,1,24PE02647
US00240752,00,1,1,24PE02648
US00244163,00,1,1,24PE02650
US00244745,00,1,1,24PE02651
US00244957,00,1,1,24PE02652
US00244164,00,1,1,24PE02656
US00241436,00,1,1,24PE02658
US00248232,00,1,1,24PE02660
US00244576,00,1,1,24PE02661
US00243933,00,1,1,24PE02664
US00244755,00,1,1,24PE02665
US00244900,00,1,1,24PE02666
US00244198,00,1,1,24PE02670
US00248256,00,1,1,24PE02672
US00243769,00,1,1,24PE02675
US70242273,70,1,1,24PE02676
US00241137,00,1,1,24PE02683
US00243984,00,1,1,24PE02685
US00244748,00,1,1,24PE02686
US00244049,00,1,1,24PE02688
US00243752,00,1,1,24PE02689
US00248362,00,1,1,24PE02691
US00248366,00,1,1,24PE02692
US00244758,00,1,1,24PE02697
US00248364,00,1,1,24PE02699
US00240988,00,1,1,24PE02700
US00241246,00,1,1,24PE02701
US00240874,00,1,1,24PE02704
US00243793,00,1,1,24PE02705
US00244088,00,1,1,24PE02708
US00241113,00,1,1,24PE02709
US00243677,00,1,1,24PE02710
US00240828,00,1,1,24PE02714
US00240999,00,1,1,24PE02717
US00241202,00,1,1,24PE02718
US00244983,00,1,1,24PE02719
US00244046,00,1,1,24PE02720
US00248323,00,1,1,24PE02722
US07241095,07,1,1,24PE02723
US00248248,00,1,1,24PE02725
US00241077,00,1,1,24PE02726
US00241302,00,1,1,24PE02727
US70247793,70,1,1,24PE02729
US06252135,06,1,1,25PE00001
US06252206,06,1,1,25PE00014
US06252216,06,1,1,25PE00087
US06252299,06,1,1,25PE00092
US06252184,06,1,1,25PE00096
US06252333,06,1,1,25PE00116
US06252088,06,1,1,25PE00139
US06252235,06,1,1,25PE00149
US06252086,06,1,1,25PE00156
US06252224,06,1,1,25PE00159
US06252314,06,1,1,25PE00168
US06252125,06,1,1,25PE00213
US06252189,06,1,1,25PE00219
US06252180,06,1,1,25PE00220
US06252068,06,1,1,25PE00222
US06252128,06,1,1,25PE00230
US06252258,06,1,1,25PE00253
US06252277,06,1,1,25PE00263
US06252081,06,1,1,25PE00264
US06252116,06,1,1,25PE00283
US06252105,06,1,1,25PE00291
US06252259,06,1,1,25PE00299
US06252281,06,1,1,25PE00301
US06252100,06,1,1,25PE00302
US06252198,06,1,1,25PE00320
US06252218,06,1,1,25PE00334
US06252104,06,1,1,25PE00336
US06252247,06,1,1,25PE00359
US06252155,06,1,1,25PE00369
US06252303,06,1,1,25PE00370
US06252323,06,1,1,25PE00375
US06252231,06,1,1,25PE00376
US06252073,06,1,1,25PE00377
US06252124,06,1,1,25PE00379
US06252288,06,1,1,25PE00381
US06252260,06,1,1,25PE00382
US06252108,06,1,1,25PE00383
US06252160,06,1,1,25PE00388
US06252335,06,1,1,25PE00390
US06252223,06,1,1,25PE00393
US06252337,06,1,1,25PE00395
US06252143,06,1,1,25PE00396
US06252263,06,1,1,25PE00397
US06252344,06,1,1,25PE00398
US06252273,06,1,1,25PE00399
US06252197,06,1,1,25PE00401
US06252098,06,1,1,25PE00402
US06252329,06,1,1,25PE00403
US06252308,06,1,1,25PE00404
US06252267,06,1,1,25PE00407
US06252110,06,1,1,25PE00408
US06252054,06,1,1,25PE00409
US70250607,70,1,1,25PE00410
US70254719,70,1,1,25PE00500
US70254315,70,1,1,25PE00501
US70254530,70,1,1,25PE00503
US70254278,70,1,1,25PE00507
US70254567,70,1,1,25PE00510
US70254445,70,1,1,25PE00512
US70254660,70,1,1,25PE00517
US70254457,70,1,1,25PE00519
US70254345,70,1,1,25PE00524
US70254317,70,1,1,25PE00525
US70254401,70,1,1,25PE00533
US70254769,70,1,1,25PE00536
US70254376,70,1,1,25PE00539
US70254418,70,1,1,25PE00548
US70254309,70,1,1,25PE00580
US70254630,70,1,1,25PE00585
US70254423,70,1,1,25PE00586
US70254538,70,1,1,25PE00590
US70254774,70,1,1,25PE00593
US70254650,70,1,1,25PE00602
US70254458,70,1,1,25PE00620
US70254427,70,1,1,25PE00635
US70254778,70,1,1,25PE00664
US70254758,70,1,1,25PE00689
US70254503,70,1,1,25PE00694
US70254789,70,1,1,25PE00696
US70254659,70,1,1,25PE00745
US70254722,70,1,1,25PE00755
US70254387,70,1,1,25PE00756
US70254500,70,1,1,25PE00757
US70254404,70,1,1,25PE00779
US70254502,70,1,1,25PE00869
US70254295,70,1,1,25PE00889
US70254289,70,1,1,25PE00903
US70254443,70,1,1,25PE00913
US70254356,70,1,1,25PE00930
US70254765,70,1,1,25PE00967
US70254666,70,1,1,25PE00994
US70254338,70,1,1,25PE00997
US70254720,70,1,1,25PE01001
US70254294,70,1,1,25PE01012
US70254563,70,1,1,25PE01017
US70254794,70,1,1,25PE01020
US70254368,70,1,1,25PE01034
US70254531,70,1,1,25PE01056
US70254316,70,1,1,25PE01086
US70254559,70,1,1,25PE01090
US70254584,70,1,1,25PE01095
US70254708,70,1,1,25PE01103
US70254395,70,1,1,25PE01113
US70254511,70,1,1,25PE01115
US70254474,70,1,1,25PE01117
US70254685,70,1,1,25PE01125
US70254543,70,1,1,25PE01128
US70254283,70,1,1,25PE01129
US70254792,70,1,1,25PE01131
US70254374,70,1,1,25PE01136
US70254752,70,1,1,25PE01137
US70254824,70,1,1,25PE01141
US70254803,70,1,1,25PE01145
US70254638,70,1,1,25PE01147
US70254394,70,1,1,25PE01148
US70254657,70,1,1,25PE01149
US70254568,70,1,1,25PE01150
US70254516,70,1,1,25PE01151
US70254149,70,1,1,25PE01152
US70253641,70,1,1,25PE01154
US70253338,70,1,1,25PE01155
US70254590,70,1,1,25PE01156
US70253803,70,1,1,25PE01157
US70252950,70,1,1,25PE01159
US70253528,70,1,1,25PE01161
US12251127,12,1,1,25PE01296
US12255103,12,1,1,25PE01434
US70252061,70,1,1,25PE01720
US70254750,70,1,1,25PE01721
US45258236,45,1,1,25PE01768
US84253969,84,1,1,25PE01930
US84251548,84,1,1,25PE01932
US84254034,84,1,1,25PE01934
US84252963,84,1,1,25PE01936
US70251639,70,1,1,25PE01946
US83250776,83,1,1,25PE01976
US83250724,83,1,1,25PE01977
US84250675,84,1,1,25PE01978
US84250585,84,1,1,25PE01980
US84250609,84,1,1,25PE01987
US70251848,70,1,1,25PE01989
US84255289,84,1,1,25PE01990
US70255284,70,1,1,25PE01994
US84259999,84,1,1,25PE01995
US70251978,70,1,1,25PE01997
US70251617,70,1,1,25PE01999
US84255292,84,1,1,25PE02001
US84250643,84,1,1,25PE02003
US70258427,70,1,1,25PE02006
US84251258,84,1,1,25PE02009
US83250089,83,1,1,25PE02010
US70251925,70,1,1,25PE02013
US84250529,84,1,1,25PE02014
US84255277,84,1,1,25PE02015
US84250645,84,1,1,25PE02016
US83250216,83,1,1,25PE02020
US70251612,70,1,1,25PE02023
US83250447,83,1,1,25PE02024
US84250579,84,1,1,25PE02027
US83250425,83,1,1,25PE02037
US70251924,70,1,1,25PE02039
US70251695,70,1,1,25PE02040
US70251842,70,1,1,25PE02041
US83250828,83,1,1,25PE02042
US84250535,84,1,1,25PE02043
US70252039,70,1,1,25PE02044
US83250690,83,1,1,25PE02045
US70255357,70,1,1,25PE02049
US84251466,84,1,1,25PE02050
US84258574,84,1,1,25PE02051
US83250737,83,1,1,25PE02053
US83250833,83,1,1,25PE02057
US84255368,84,1,1,25PE02059
US70255316,70,1,1,25PE02061
US70251927,70,1,1,25PE02062
US84250552,84,1,1,25PE02064
US84250576,84,1,1,25PE02065
US84250630,84,1,1,25PE02075
US84255397,84,1,1,25PE02078
US84257685,84,1,1,25PE02079
US83250185,83,1,1,25PE02081
US84258998,84,1,1,25PE02083
US83251197,83,1,1,25PE02087
US83250385,83,1,1,25PE02089
US83250338,83,1,1,25PE02096
US83250454,83,1,1,25PE02105
US84251404,84,1,1,25PE02106
US84257579,84,1,1,25PE02110
US84259865,84,1,1,25PE02111
US84251445,84,1,1,25PE02119
US70252030,70,1,1,25PE02131
US70255215,70,1,1,25PE02132
US83250532,83,1,1,25PE02134
US84259788,84,1,1,25PE02136
US84259749,84,1,1,25PE02140
US70251599,70,1,1,25PE02144
US70255288,70,1,1,25PE02145
US70258476,70,1,1,25PE02146
US84250756,84,1,1,25PE02154
US84258617,84,1,1,25PE02156
US84259795,84,1,1,25PE02158
US83250130,83,1,1,25PE02160
US84258706,84,1,1,25PE02166
US84251318,84,1,1,25PE02168
US83250762,83,1,1,25PE02173
US84258636,84,1,1,25PE02176
US83250976,83,1,1,25PE02178
US83250094,83,1,1,25PE02182
US84258110,84,1,1,25PE02185
US84250565,84,1,1,25PE02188
US84256558,84,1,1,25PE02196
US83250341,83,1,1,25PE02200
US84259357,84,1,1,25PE02202
US84258778,84,1,1,25PE02204
US84250754,84,1,1,25PE02215
US83250676,83,1,1,25PE02216
US84259288,84,1,1,25PE02218
US84251305,84,1,1,25PE02220
US83251196,83,1,1,25PE02222
US84259134,84,1,1,25PE02227
US83250711,83,1,1,25PE02231
US84257725,84,1,1,25PE02240
US70255408,70,1,1,25PE02242
US84250646,84,1,1,25PE02247
US83251137,83,1,1,25PE02248
US70258407,70,1,1,25PE02261
US84250654,84,1,1,25PE02262
US84259818,84,1,1,25PE02267
US83250884,83,1,1,25PE02269
US84250532,84,1,1,25PE02271
US84259668,84,1,1,25PE02272
US84251260,84,1,1,25PE02275
US83250428,83,1,1,25PE02277
US70255450,70,1,1,25PE02279
US84258955,84,1,1,25PE02286
US84255636,84,1,1,25PE02288
US83250386,83,1,1,25PE02289
US83250543,83,1,1,25PE02295
US84251487,84,1,1,25PE02297
US83250653,83,1,1,25PE02298
US84250525,84,1,1,25PE02300
US84258446,84,1,1,25PE02301
US70255479,70,1,1,25PE02306
US84259021,84,1,1,25PE02307
US83251114,83,1,1,25PE02313
US84259816,84,1,1,25PE02314
US84251380,84,1,1,25PE02316
US84250595,84,1,1,25PE02328
US83251013,83,1,1,25PE02330
US84255394,84,1,1,25PE02334
US70251537,70,1,1,25PE02335
US83250688,83,1,1,25PE02338
US70251679,70,1,1,25PE02340
US83250364,83,1,1,25PE02341
US84250531,84,1,1,25PE02343
US84251496,84,1,1,25PE02349
US84258604,84,1,1,25PE02365
US84257515,84,1,1,25PE02369
US84259994,84,1,1,25PE02372
US84250608,84,1,1,25PE02373
US83250798,83,1,1,25PE02374
US83251046,83,1,1,25PE02376
US83250864,83,1,1,25PE02384
US83250722,83,1,1,25PE02387
US83250458,83,1,1,25PE02388
US83250118,83,1,1,25PE02390
US70255452,70,1,1,25PE02394
US70251624,70,1,1,25PE02396
US70258506,70,1,1,25PE02397
US84251230,84,1,1,25PE02400
US84255226,84,1,1,25PE02402
US84259130,84,1,1,25PE02406
US84250588,84,1,1,25PE02410
US70255587,70,1,1,25PE02411
US84258798,84,1,1,25PE02412
US70255552,70,1,1,25PE02416
US84251226,84,1,1,25PE02417
US83250589,83,1,1,25PE02419
US84251302,84,1,1,25PE02421
US84258557,84,1,1,25PE02422
US83250874,83,1,1,25PE02424
US84251246,84,1,1,25PE02426
US84251415,84,1,1,25PE02427
US84257755,84,1,1,25PE02430
US84258956,84,1,1,25PE02432
US84251405,84,1,1,25PE02434
US84259957,84,1,1,25PE02436
US84251228,84,1,1,25PE02438
US83250678,83,1,1,25PE02439
US84258891,84,1,1,25PE02447
US84257514,84,1,1,25PE02449
US70251613,70,1,1,25PE02454
US84251200,84,1,1,25PE02455
US70252001,70,1,1,25PE02457
US84255213,84,1,1,25PE02459
US84259303,84,1,1,25PE02462
US70255523,70,1,1,25PE02464
US70255298,70,1,1,25PE02465
US84259989,84,1,1,25PE02467
US84259409,84,1,1,25PE02475
US84250600,84,1,1,25PE02480
US83250502,83,1,1,25PE02481
US84258495,84,1,1,25PE02491
US83250893,83,1,1,25PE02493
US84250599,84,1,1,25PE02495
US84259765,84,1,1,25PE02496
US83251071,83,1,1,25PE02498
US70255581,70,1,1,25PE02502
US83250286,83,1,1,25PE02506
US83250568,83,1,1,25PE02508
US84251271,84,1,1,25PE02513
US84250747,84,1,1,25PE02519
US84250623,84,1,1,25PE02520
US70258561,70,1,1,25PE02523
US84258713,84,1,1,25PE02525
US84258432,84,1,1,25PE02527
US83250841,83,1,1,25PE02532
US84251266,84,1,1,25PE02537
US84259783,84,1,1,25PE02538
US84255156,84,1,1,25PE02540
US83250877,83,1,1,25PE02542
US83251103,83,1,1,25PE02544
US84259828,84,1,1,25PE02546
US70252029,70,1,1,25PE02549
US83250158,83,1,1,25PE02550
US83250015,83,1,1,25PE02555
US84251436,84,1,1,25PE02557
US83250706,83,1,1,25PE02560
US84258809,84,1,1,25PE02562
US83250871,83,1,1,25PE02566
US84251464,84,1,1,25PE02568
US84250549,84,1,1,25PE02570
US83250496,83,1,1,25PE02571
US84250625,84,1,1,25PE02573
US84259821,84,1,1,25PE02575
US84255255,84,1,1,25PE02581
US84250652,84,1,1,25PE02582
US70255281,70,1,1,25PE02583
US70255273,70,1,1,25PE02588
US84255917,84,1,1,25PE02589
US84255482,84,1,1,25PE02596
US84251275,84,1,1,25PE02599
US83250291,83,1,1,25PE02603
US83250951,83,1,1,25PE02607
US70255260,70,1,1,25PE02609
US70252031,70,1,1,25PE02610
US84255172,84,1,1,25PE02611
US84251316,84,1,1,25PE02613
US83251139,83,1,1,25PE02614
US84251348,84,1,1,25PE02617
US84258910,84,1,1,25PE02623
US84250627,84,1,1,25PE02629
US84250735,84,1,1,25PE02633
US84258960,84,1,1,25PE02635
US84251360,84,1,1,25PE02637
US83250503,83,1,1,25PE02639
US84255217,84,1,1,25PE02644
US70258454,70,1,1,25PE02645
US84258618,84,1,1,25PE02646
US83250241,83,1,1,25PE02648
US70252092,70,1,1,25PE02650
US83250056,83,1,1,25PE02651
US84250590,84,1,1,25PE02653
US84250555,84,1,1,25PE02656
US83251077,83,1,1,25PE02657
US84250541,84,1,1,25PE02663
US84250605,84,1,1,25PE02664
US83251016,83,1,1,25PE02665
US70258460,70,1,1,25PE02670
US83250134,83,1,1,25PE02671
US70258414,70,1,1,25PE02673
US83250174,83,1,1,25PE02677
US83250493,83,1,1,25PE02678
US83250999,83,1,1,25PE02679
US83250267,83,1,1,25PE02682
US83250977,83,1,1,25PE02689
US84251426,84,1,1,25PE02691
US84251234,84,1,1,25PE02694
US83250689,83,1,1,25PE02697
US83250544,83,1,1,25PE02699
US70255340,70,1,1,25PE02702
US70251836,70,1,1,25PE02703
US83250028,83,1,1,25PE02704
US83250584,83,1,1,25PE02705
US83250677,83,1,1,25PE02711
US83250146,83,1,1,25PE02713
US83250664,83,1,1,25PE02717
US83250016,83,1,1,25PE02719
US70251757,70,1,1,25PE02721
US84256914,84,1,1,25PE02722
US70251893,70,1,1,25PE02724
US83250462,83,1,1,25PE02725
US84257553,84,1,1,25PE02727
US84257838,84,1,1,25PE02728
US84258912,84,1,1,25PE02732
US84255432,84,1,1,25PE02737
US83250235,83,1,1,25PE02738
US83250788,83,1,1,25PE02739
US83251157,83,1,1,25PE02740
US84255420,84,1,1,25PE02742
US84259123,84,1,1,25PE02745
US84255476,84,1,1,25PE02750
US70252037,70,1,1,25PE02752
US84259125,84,1,1,25PE02753
US84251400,84,1,1,25PE02755
US83250824,83,1,1,25PE02757
US83250752,83,1,1,25PE02759
US84255301,84,1,1,25PE02766
US84250567,84,1,1,25PE02767
US84258868,84,1,1,25PE02768
US83250931,83,1,1,25PE02770
US83250929,83,1,1,25PE02772
US83251167,83,1,1,25PE02774
US70252120,70,1,1,25PE02775
US84259846,84,1,1,25PE02776
US84255725,84,1,1,25PE02778
US70255664,70,1,1,25PE02780
US84258606,84,1,1,25PE02782
US84258756,84,1,1,25PE02784
US70251868,70,1,1,25PE02786
US83250024,83,1,1,25PE02787
US84250631,84,1,1,25PE02789
US84257599,84,1,1,25PE02791
US84258681,84,1,1,25PE02793
US84250592,84,1,1,25PE02795
US83250009,83,1,1,25PE02796
US84251440,84,1,1,25PE02797
US84251350,84,1,1,25PE02802
US83250985,83,1,1,25PE02803
US84255508,84,1,1,25PE02804
US84259554,84,1,1,25PE02807
US84259171,84,1,1,25PE02809
US84258817,84,1,1,25PE02811
US83250562,83,1,1,25PE02815
US70258471,70,1,1,25PE02817
US84250610,84,1,1,25PE02818
US83251149,83,1,1,25PE02821
US70255637,70,1,1,25PE02822
US83250591,83,1,1,25PE02823
US83250289,83,1,1,25PE02825
US83250044,83,1,1,25PE02827
US83250909,83,1,1,25PE02829
US84250540,84,1,1,25PE02830
US84257274,84,1,1,25PE02833
US84255511,84,1,1,25PE02834
US83250131,83,1,1,25PE02835
US70255418,70,1,1,25PE02837
US84250689,84,1,1,25PE02839
US83250301,83,1,1,25PE02840
US83251115,83,1,1,25PE02843
US70251799,70,1,1,25PE02845
US84255536,84,1,1,25PE02846
US83250497,83,1,1,25PE02847
US83250801,83,1,1,25PE02849
US84255391,84,1,1,25PE02852
US70255560,70,1,1,25PE02853
US84255325,84,1,1,25PE02854
US70258582,70,1,1,25PE02855
US84259700,84,1,1,25PE02856
US83250529,83,1,1,25PE02858
US84255302,84,1,1,25PE02860
US83251129,83,1,1,25PE02863
US83250705,83,1,1,25PE02865
US84255588,84,1,1,25PE02866
US83250439,83,1,1,25PE02867
US70251588,70,1,1,25PE02870
US70252057,70,1,1,25PE02871
US70255300,70,1,1,25PE02872
US84250618,84,1,1,25PE02873
US84255509,84,1,1,25PE02874
US84255253,84,1,1,25PE02875
US70255227,70,1,1,25PE02876
US83250965,83,1,1,25PE02877
US70258489,70,1,1,25PE02879
US70255586,70,1,1,25PE02881
US84255309,84,1,1,25PE02883
US70252121,70,1,1,25PE02884
US70255469,70,1,1,25PE02886
US70255299,70,1,1,25PE02887
US70258469,70,1,1,25PE02889
US84255538,84,1,1,25PE02890
US84258885,84,1,1,25PE02891
US83250498,83,1,1,25PE02892
US70258428,70,1,1,25PE02894
US70255585,70,1,1,25PE02895
US84255341,84,1,1,25PE02897
US84255238,84,1,1,25PE02901
US70251965,70,1,1,25PE02902
US70258452,70,1,1,25PE02903
US70252118,70,1,1,25PE02904
US84250655,84,1,1,25PE02905
US70258502,70,1,1,25PE02906
US84255400,84,1,1,25PE02907
US70258586,70,1,1,25PE02909
US70255588,70,1,1,25PE02912
US84255416,84,1,1,25PE02913
US84255393,84,1,1,25PE02918
US84255462,84,1,1,25PE02920
US70251731,70,1,1,25PE02922
US84255235,84,1,1,25PE02923
US70258535,70,1,1,25PE02925
US70255580,70,1,1,25PE02926
US70254035,70,1,1,25PE02927
US70251038,70,1,1,25PE02929
US70251808,70,1,1,25PE02930
US70258583,70,1,1,25PE02933
US70251162,70,1,1,25PE02934
US84255162,84,1,1,25PE02935
US70251958,70,1,1,25PE02937
US70251536,70,1,1,25PE02940
US84255449,84,1,1,25PE02942
US70251935,70,1,1,25PE02943
US70254396,70,1,1,25PE02944
US70255656,70,1,1,25PE02945
US70255625,70,1,1,25PE02946
US70258567,70,1,1,25PE02947
US84255634,84,1,1,25PE02948
US70255575,70,1,1,25PE02950
US70251394,70,1,1,25PE02952
