UID,LAMB,SIRE,DAM
89PE00001,89033334,87031509,88032496
89PE00002,89033335,87031509,88032496
89PE00003,89033336,87031509,88032002
89PE00004,89033337,87031509,88032002
89PE00005,89033338,87031206,88031922
89PE00006,89033339,87031206,88031922
89PE00007,89033340,87031206,88032259
89PE00008,89033341,87031233,88032185
89PE00009,89033342,87031244,88032162
89PE00010,89033343,87031244,88031875
89PE00011,89033344,87031244,88031875
89PE00012,89033345,87031244,88032407
89PE00013,89033346,87031244,88032407
89PE00014,89033347,87031347,88032270
89PE00015,89033348,87031347,88032270
89PE00016,89033349,87031244,88032103
89PE00017,89033350,87031244,88032103
89PE00018,89033351,87031509,88032223
89PE00019,89033352,87031509,88031903
89PE00020,89033353,87031509,88031903
89PE00021,89033354,87031509,88031908
89PE00022,89033355,87031509,88031908
89PE00023,89033356,87031244,88032348
89PE00024,89033357,87031509,88032237
89PE00025,89033358,87031509,88032237
89PE00026,89033359,87031206,88032177
89PE00027,89033360,87031244,88032312
89PE00028,89033361,87031244,88032312
89PE00029,89033362,87031244,88032261
89PE00030,89033363,87031509,88032417
89PE00031,89033364,87031244,88031977
89PE00032,89033365,87031509,88032301
89PE00033,89033366,87031509,88031973
89PE00034,89033367,87031347,88032061
89PE00035,89033368,87031347,88032534
89PE00036,89033369,87031347,88032534
89PE00037,89033370,87031509,88032170
89PE00038,89033371,87031347,88031957
89PE00039,89033372,87031509,88032095
89PE00040,89033373,87031244,88032007
89PE00041,89033374,87031509,88032088
89PE00042,89033375,87031509,88032088
89PE00043,89033376,87031233,88031874
89PE00044,89033377,87031206,88032079
89PE00045,89033378,87031233,88032199
89PE00046,89033379,87031233,88032199
89PE00047,89033380,87031347,88031886
89PE00048,89033381,87031206,88032236
89PE00049,89033382,87031206,88032141
89PE00050,89033383,87031206,88032142
89PE00051,89033384,87031206,88032142
89PE00052,89033385,87031347,88032035
89PE00053,89033386,87031347,88032174
89PE00054,89033387,87031347,88032174
89PE00055,89033388,87031347,88032482
89PE00056,89033389,87031233,88031906
89PE00057,89033390,87031233,88032056
89PE00058,89033391,87031233,88032056
89PE00059,89033392,87031233,88032056
89PE00060,89033393,87031233,88032428
89PE00061,89033394,87031233,88032428
89PE00062,89033395,87031206,88032462
89PE00063,89033396,87031206,88032510
89PE00064,89033397,87031509,88031877
89PE00065,89033398,87031509,88031877
89PE00066,89033399,87031509,88032152
89PE00067,89033400,87031233,88032099
89PE00068,89033401,87031233,88032099
89PE00069,89033402,87031233,88032379
89PE00070,89033403,87031233,88032379
89PE00071,89033404,87031347,88032020
89PE00072,89033405,87031347,88032020
89PE00073,89033406,87031233,88031983
89PE00074,89033407,87031206,88031941
89PE00075,89033408,87031509,88032198
89PE00076,89033409,87031509,88032198
89PE00077,89033410,87031347,88032160
89PE00078,89033411,87031347,88032160
89PE00079,89033412,87031509,88032455
89PE00080,89033413,87031244,88032460
89PE00081,89033414,87031347,88032248
89PE00082,89033415,87031206,88032350
89PE00083,89033416,87031244,88031984
89PE00084,89033417,87031509,88032184
89PE00085,89033418,87031509,88032184
89PE00086,89033419,87031347,88032408
89PE00087,89033420,87031347,88032408
89PE00088,89033421,87031509,88032343
89PE00089,89033422,87031206,88032046
89PE00090,89033423,87030525,86803189
89PE00091,89033424,87031206,88032271
89PE00092,89033425,87031347,88032250
89PE00093,89033426,87031347,88032250
89PE00094,89033427,87031509,88031936
89PE00095,89033428,87031509,88032263
89PE00096,89033429,87031509,88032397
89PE00097,89033430,87031509,88032397
89PE00098,89033431,87031244,88032269
89PE00099,89033432,87031244,88032269
89PE00100,89033433,87031509,88032023
89PE00101,89033434,87031347,88032390
89PE00102,89033435,87031244,88031898
89PE00103,89033436,87031509,88032131
89PE00104,89033437,87031244,88032077
89PE00105,89033438,87031244,88032034
89PE00106,89033439,87031244,88032034
89PE00107,89033440,87031347,88032032
89PE00108,89033441,87031347,88032032
89PE00109,89033442,87031244,88032531
89PE00110,89033443,88031985,84027315
89PE00111,89033444,88031985,84027315
89PE00112,89033445,87031206,88032396
89PE00113,89033446,87031206,88032396
89PE00114,89033447,87031233,88032136
89PE00115,89033448,87031347,88032000
89PE00116,89033449,87031347,88032000
89PE00117,89033450,87031244,88032375
89PE00118,89033451,87031244,88032375
89PE00119,89033452,87031233,88031976
89PE00120,89033453,87031509,88032319
89PE00121,89033454,87030769,86029128
89PE00122,89033455,87031206,88031885
89PE00123,89033456,87031206,88031885
89PE00124,89033457,87031244,88032205
89PE00125,89033458,87031206,88032335
89PE00126,89033459,87031206,88032335
89PE00127,89033460,87031347,88031899
89PE00128,89033461,87030860,87031431
89PE00129,89033462,87030860,87031431
89PE00130,89033463,87030860,87031679
89PE00131,89033464,87031244,88031960
89PE00132,89033465,87031509,88031966
89PE00133,89033467,87031509,88032520
89PE00134,89033468,87031509,88031998
89PE00135,89033469,87031509,88031998
89PE00136,89033470,87031233,88031945
89PE00137,89033471,87031233,88032089
89PE00138,89033472,87031233,88031945
89PE00139,89033473,87031347,88031938
89PE00140,89033474,87031347,88031938
89PE00141,89033475,87031256,86029865
89PE00142,89033476,87031256,86029865
89PE00143,89033477,87031244,88031925
89PE00144,89033478,87031244,88031925
89PE00145,89033479,88032370,86029575
89PE00146,89033480,88032370,86029575
89PE00147,89033481,88032370,86029575
89PE00148,89033482,88032370,84027131
89PE00149,89033483,88032370,84027131
89PE00150,89033484,87031347,88032138
89PE00151,89033485,87031347,88032138
89PE00152,89033486,87031079,87031695
89PE00153,89033487,87031079,87031695
89PE00154,89033488,87031347,88032134
89PE00155,89033489,87031347,88032134
89PE00156,89033490,87031206,88032001
89PE00157,89033491,88031985,87030678
89PE00158,89033492,87031233,88032151
89PE00159,89033493,87031233,88032151
89PE00160,89033494,87031256,84026465
89PE00161,89033495,87031256,84026465
89PE00162,89033496,87031206,88031961
89PE00163,89033497,87031206,88031961
89PE00164,89033498,87031206,88031996
89PE00165,89033499,87031206,88031996
89PE00166,89033500,87031347,88032140
89PE00167,89033501,87031347,88032140
89PE00168,89033502,87031233,88032156
89PE00169,89033503,87030525,87031302
89PE00170,89033504,87030525,87031302
89PE00171,89033505,87031233,88032311
89PE00172,89033506,87031233,88032311
89PE00173,89033507,88031999,83025205
89PE00174,89033508,88031999,83025205
89PE00175,89033509,87030769,85028327
89PE00176,89033510,87030769,85028327
89PE00177,89033511,87030525,86030050
89PE00178,89033512,87030525,86030050
89PE00179,89033513,88032503,86029140
89PE00180,89033514,88032503,86029140
89PE00181,89033515,87031347,88032314
89PE00182,89033516,87031079,87031569
89PE00183,89033517,87031079,87031569
89PE00184,89033518,87030525,87031445
89PE00185,89033519,87030525,87031445
89PE00186,89033520,87031256,87031568
89PE00187,89033521,87031256,87031568
89PE00188,89033522,88031999,86029223
89PE00189,89033523,88031999,86029223
89PE00190,89033524,87030860,87031632
89PE00191,89033525,87030860,87031632
89PE00192,89033526,87031233,88032128
89PE00193,89033527,87031233,88032128
89PE00194,89033528,87031233,88031892
89PE00195,89033529,87031233,88031892
89PE00196,89033530,87030860,87031820
89PE00197,89033531,87030990,83025344
89PE00198,89033532,87030990,83025344
89PE00199,89033533,87031347,88032215
89PE00200,89033534,87031079,87031118
89PE00201,89033535,87031079,87031118
89PE00202,89033536,88032503,87030659
89PE00203,89033537,88032503,87030659
89PE00204,89033538,87030525,83023910
89PE00205,89033539,87030990,87030862
89PE00206,89033540,87030990,87030862
89PE00207,89033541,88031999,84027058
89PE00208,89033542,88031999,84027058
89PE00209,89033543,88031999,84027058
89PE00210,89033544,88032503,87030577
89PE00211,89033545,88032503,87030577
89PE00212,89033546,87030990,84027102
89PE00213,89033547,87030769,83025384
89PE00214,89033548,87030769,83025384
89PE00215,89033549,88032503,87030906
89PE00216,89033550,88032503,87030906
89PE00217,89033551,87030990,84027102
89PE00218,89033552,87030990,84027102
89PE00219,89033553,88031999,86029064
89PE00220,89033554,87030990,86029068
89PE00221,89033555,87030990,86029068
89PE00222,89033556,87030523,87030873
89PE00223,89033557,87030523,87030873
89PE00224,89033558,88032370,82023149
89PE00225,89033559,88032370,82023149
89PE00226,89033560,87031407,85028462
89PE00227,89033561,87031256,85028618
89PE00228,89033562,87031256,85028618
89PE00229,89033563,87031256,85028618
89PE00230,89033564,88031999,86029487
89PE00231,89033565,88031999,86029487
89PE00232,89033566,88031999,86029487
89PE00233,89033567,88032370,85027905
89PE00234,89033568,88032370,85027905
89PE00235,89033569,88032370,85028842
89PE00236,89033570,87031407,87031637
89PE00237,89033571,87031407,87031637
89PE00238,89033572,87030990,85028261
89PE00239,89033573,87030990,85028261
89PE00240,89033574,87030990,85028261
89PE00241,89033575,87031256,86030157
89PE00242,89033576,87031256,86030157
89PE00243,89033577,88032503,82023371
89PE00244,89033578,88032503,82023371
89PE00245,89033579,88032503,82023371
89PE00246,89033580,88031985,82023208
89PE00247,89033581,88031985,82023208
89PE00248,89033582,87030860,87031312
89PE00249,89033583,87030860,87031312
89PE00250,89033584,87031206,88031876
89PE00251,89033585,87031256,86803123
89PE00252,89033586,87031256,86803123
89PE00253,89033587,88031999,87030503
89PE00254,89033588,88031999,87030503
89PE00255,89033589,87031407,87031128
89PE00256,89033590,87031407,87031128
89PE00257,89033591,87031407,84025888
89PE00258,89033592,87031407,84025888
89PE00259,89033593,87031407,84025888
89PE00260,89033594,88031985,86029347
89PE00261,89033595,88031985,86029347
89PE00262,89033596,88031985,86029347
89PE00263,89033597,88031985,87030680
89PE00264,89033598,88031985,87030680
89PE00265,89033599,87030525,85028568
89PE00266,89033600,87030525,85028568
89PE00267,89033601,87030525,87031189
89PE00268,89033602,87030525,87031189
89PE00269,89033603,88032503,85028634
89PE00270,89033604,88032503,85028634
89PE00271,89033605,87031079,86029816
89PE00272,89033606,87031079,86029816
89PE00273,89033607,87031079,86029816
89PE00274,89033608,88031999,87030703
89PE00275,89033609,88031999,87030703
89PE00276,89033610,87031256,87031782
89PE00277,89033611,87031079,87031807
89PE00278,89033612,87031079,87031807
89PE00279,89033613,87030525,82022264
89PE00280,89033614,87030525,82022264
89PE00281,89033615,87030860,87031371
89PE00282,89033616,87030860,87031371
89PE00283,89033617,87031079,87031852
89PE00284,89033618,88032370,86029343
89PE00285,89033619,87031256,87031818
89PE00286,89033620,87031256,87031818
89PE00287,89033621,88031999,87030833
89PE00288,89033622,87030990,82023364
89PE00289,89033623,87030990,82023364
89PE00290,89033624,87031347,88032226
89PE00291,89033625,87031347,88032226
89PE00292,89033626,87030525,86029983
89PE00293,89033627,87030525,86029983
89PE00294,89033628,87030525,86029983
89PE00295,89033629,87030525,86029813
89PE00296,89033630,87030525,86029813
89PE00297,89033631,88031999,87030833
89PE00298,89033632,87030523,87031043
89PE00299,89033633,87030523,87031043
89PE00300,89033634,88032370,86029396
89PE00301,89033635,88032370,86029396
89PE00302,89033636,87031079,85028955
89PE00303,89033637,87031079,85028955
89PE00304,89033638,87031244,88032137
89PE00305,89033639,87031407,86030027
89PE00306,89033640,87031407,86030027
89PE00307,89033641,87030769,87030890
89PE00308,89033642,87030769,87030890
89PE00309,89033643,87031079,87031193
89PE00310,89033644,87031079,87031193
89PE00311,89033645,87030769,83025216
89PE00312,89033646,87031244,88032029
89PE00313,89033647,87031244,88032029
89PE00314,89033648,87031509,88031868
89PE00315,89033649,87030523,87030684
89PE00316,89033650,87031407,87031793
89PE00317,89033651,87031407,87031793
89PE00318,89033652,88031985,83025299
89PE00319,89033653,88031985,83025299
89PE00320,89033654,88031985,83025299
89PE00321,89033655,87030523,87030684
89PE00322,89033656,87030523,87030684
89PE00323,89033657,87030525,83024356
89PE00324,89033658,87030525,83024356
89PE00325,89033659,87031407,87031443
89PE00326,89033660,87031407,87031443
89PE00327,89033661,87031079,86803239
89PE00328,89033662,87031079,86803239
89PE00329,89033663,87030860,85028453
89PE00330,89033664,87030860,85028453
89PE00331,89033665,87030990,86029335
89PE00332,89033666,87031079,87031138
89PE00333,89033667,87031079,87031138
89PE00334,89033668,87030523,87031641
89PE00335,89033669,87031244,88032291
89PE00336,89033670,87030769,87031006
89PE00337,89033671,87030769,87031006
89PE00338,89033672,87031407,84027701
89PE00339,89033673,87031407,84027701
89PE00340,89033674,87030990,86029335
89PE00341,89033675,87030990,86029335
89PE00342,89033676,88032503,83025222
89PE00343,89033677,88032503,83025222
89PE00344,89033678,87031079,85028808
89PE00345,89033679,87031079,85028808
89PE00346,89033680,88031999,85028313
89PE00347,89033681,88031999,85028313
89PE00348,89033682,87030990,85028302
89PE00349,89033683,88032370,87030876
89PE00350,89033684,88032370,87030876
89PE00351,89033685,88031999,87030550
89PE00352,89033686,88031999,87030550
89PE00353,89033687,88031985,86029638
89PE00354,89033688,88031985,86029638
89PE00355,89033689,87031256,86030465
89PE00356,89033690,87031256,86030465
89PE00357,89033691,87031233,88032006
89PE00358,89033692,87031233,88032006
89PE00359,89033693,87031233,88031919
89PE00360,89033694,87031233,88031919
89PE00361,89033695,87031233,88031919
89PE00362,89033697,88032503,85027872
89PE00363,89033698,88032503,85027872
89PE00364,89033699,87030860,87031699
89PE00365,89033700,87030860,87031699
89PE00366,89033701,88032370,82023045
89PE00367,89033702,88032370,82023045
89PE00368,89033703,88031985,86029493
89PE00369,89033704,88031985,86029493
89PE00370,89033705,88031985,86029493
89PE00371,89033706,87031407,83023884
89PE00372,89033707,87031407,83023884
89PE00373,89033708,87031407,83023884
89PE00374,89033709,87031256,87031742
89PE00375,89033710,87031256,87031742
89PE00376,89033711,87031206,88032431
89PE00377,89033712,87030523,87030561
89PE00378,89033713,87030523,87030561
89PE00379,89033714,87031256,87031672
89PE00380,89033715,87031256,87031672
89PE00381,89033716,87031079,86030056
89PE00382,89033717,87031079,86030056
89PE00383,89033718,87031407,84026520
89PE00384,89033719,88032503,85028086
89PE00385,89033720,88032503,85028086
89PE00386,89033721,88031985,87030926
89PE00387,89033722,88031985,87030926
89PE00388,89033723,88031999,87031004
89PE00389,89033724,88031999,87031004
89PE00390,89033725,87030990,87030541
89PE00391,89033726,87030990,87030541
89PE00392,89033727,87031079,87031579
89PE00393,89033728,87031347,88032389
89PE00394,89033729,87030769,86029351
89PE00395,89033730,87030769,86029351
89PE00396,89033731,87030769,86029351
89PE00397,89033732,87030523,82023416
89PE00398,89033733,87030523,82023416
89PE00399,89033734,87030523,82023416
89PE00400,89033735,87031347,88032078
89PE00401,89033736,87030523,86029121
89PE00402,89033737,87030523,86029121
89PE00403,89033738,87030523,86029121
89PE00404,89033739,87031206,88032256
89PE00405,89033740,87031347,88031884
89PE00406,89033741,87030990,84027247
89PE00407,89033742,87030795,86029125
89PE00408,89033743,87030795,86029125
89PE00409,89033744,87030990,83025152
89PE00410,89033745,87030990,83025152
89PE00411,89033746,88031985,86029586
89PE00412,89033747,87030769,87031453
89PE00413,89033748,87030769,87031453
89PE00414,89033749,88032370,87030509
89PE00415,89033750,87031079,87031305
89PE00416,89033751,87031079,87031305
89PE00417,89033752,88031999,85028003
89PE00418,89033753,88031999,85028003
89PE00419,89033754,87030990,85028011
89PE00420,89033755,87030990,85028011
89PE00421,89033756,87030990,85028011
89PE00422,89033757,87030525,87031774
89PE00423,89033758,87030525,87031544
89PE00424,89033759,87030525,87031544
89PE00425,89033760,88032370,86029656
89PE00426,89033761,88032370,86029656
89PE00427,89033762,88032370,86029656
89PE00428,89033763,87030523,84027041
89PE00429,89033764,87030769,85028038
89PE00430,89033765,87030769,85028038
89PE00431,89033766,88032370,86029535
89PE00432,89033767,88032370,86029535
89PE00433,89033768,88031999,87030894
89PE00434,89033769,87031407,87031573
89PE00435,89033770,87031407,87031573
89PE00436,89033771,87031407,87031315
89PE00437,89033772,87031407,87031315
89PE00438,89033773,87031347,88032300
89PE00439,89033774,87031347,88032300
89PE00440,89033775,87030769,85028299
89PE00441,89033776,87030769,85028299
89PE00442,89033777,88032503,87030861
89PE00443,89033778,87030860,87031477
89PE00444,89033779,87030860,87031477
89PE00445,89033780,87031244,88032133
89PE00446,89033781,87031244,88032133
89PE00447,89033782,87030769,82023201
89PE00448,89033783,87030769,82023201
89PE00449,89033784,88031999,85028469
89PE00450,89033785,88031999,85028469
89PE00451,89033786,88031999,85028469
89PE00452,89033787,88031999,85028469
89PE00453,89033788,87030523,86029157
89PE00454,89033789,87030523,86029157
89PE00455,89033790,87030795,87030731
89PE00456,89033791,87030795,87030731
89PE00457,89033792,87030769,86029220
89PE00458,89033793,87030769,86029220
89PE00459,89033794,87030769,87030891
89PE00460,89033795,87030769,87030891
89PE00461,89033796,87031244,88032159
89PE00462,89033797,87031509,88031962
89PE00463,89033798,87031509,88031962
89PE00464,89033799,87030795,86029416
89PE00465,89033800,87030795,86029416
89PE00466,89033801,87030523,83025112
89PE00467,89033802,87030523,83025112
89PE00468,89033803,87031256,87031306
89PE00469,89033804,87031256,87031306
89PE00470,89033805,87030525,85028901
89PE00471,89033806,87030525,85028901
89PE00472,89033807,87031079,84027618
89PE00473,89033808,87031079,84027618
89PE00474,89033809,87030769,86029245
89PE00475,89033810,87030769,86029245
89PE00476,89033811,87030769,86029245
89PE00477,89033812,87030769,82023100
89PE00478,89033813,87030769,82023100
89PE00479,89033814,87031407,87031770
89PE00480,89033815,87031407,87031387
89PE00481,89033816,87031407,87031387
89PE00482,89033817,88031999,86029543
89PE00483,89033818,88031999,86029543
89PE00484,89033819,88031999,86029543
89PE00485,89033820,87030523,85028265
89PE00486,89033821,87030990,86029165
89PE00487,89033822,87030795,83025172
89PE00488,89033823,87030795,83025172
89PE00489,89033824,87030769,83025377
89PE00490,89033825,87030769,83025377
89PE00491,89033826,87031079,87031069
89PE00492,89033827,87031079,87031069
89PE00493,89033828,87030990,84027203
89PE00494,89033830,87030769,85027999
89PE00495,89033831,87030769,85027999
89PE00496,89033832,87030769,85027999
89PE00497,89033833,87030525,87031322
89PE00498,89033834,87030525,87031322
89PE00499,89033835,87030769,85028199
89PE00500,89033836,87030769,85028199
89PE00501,89033837,88031985,84027316
89PE00502,89033838,88031985,84027316
89PE00503,89033839,87030523,85028181
89PE00504,89033840,87030523,85028181
89PE00505,89033841,87030860,87031789
89PE00506,89033842,88032370,83025346
89PE00507,89033843,88031999,87030649
89PE00508,89033844,88032503,86029366
89PE00509,89033845,88032503,86029366
89PE00510,89033846,88032503,86029366
89PE00511,89033847,87031509,88032149
89PE00512,89033848,87031244,88032129
89PE00513,89033849,87030795,85028194
89PE00514,89033850,87030795,85028194
89PE00515,89033851,87030525,87031578
89PE00516,89033852,87030525,87031578
89PE00517,89033853,87030769,87030779
89PE00518,89033854,87030769,87030779
89PE00519,89033855,88031985,85028017
89PE00520,89033856,88031985,85028017
89PE00521,89033857,88031985,85028017
89PE00522,89033858,87031206,88032565
89PE00523,89033859,87030795,83025382
89PE00524,89033860,87031079,87031775
89PE00525,89033861,87031079,87031775
89PE00526,89033862,87030795,82023229
89PE00527,89033863,88032503,86029476
89PE00528,89033864,88032503,86029476
89PE00529,89033865,88032503,86029476
89PE00530,89033866,87030990,87030818
89PE00531,89033867,87030990,87030818
89PE00532,89033868,88032370,86029198
89PE00533,89033869,88032370,86029198
89PE00534,89033870,87031407,84027467
89PE00535,89033871,87031407,84027467
89PE00536,89033872,87031407,84027467
89PE00537,89033873,87031509,88032287
89PE00538,89033874,87030990,82023116
89PE00539,89033875,87030990,82023116
89PE00540,89033876,87031407,85028677
89PE00541,89033877,87031407,85028677
89PE00542,89033878,87031407,85028677
89PE00543,89033879,87030990,87030938
89PE00544,89033880,88031985,87030793
89PE00545,89033881,88031985,87030793
89PE00546,89033882,88031999,85027864
89PE00547,89033883,87031206,88032183
89PE00548,89033884,87030990,86029650
89PE00549,89033885,87030990,86029650
89PE00550,89033886,87030525,84026714
89PE00551,89033887,87030525,84026714
89PE00552,89033888,87030525,84026714
89PE00553,89033889,87030795,87030592
89PE00554,89033890,87030795,87030592
89PE00555,89033891,87030795,87030592
89PE00556,89033892,87031244,88032515
89PE00557,89033893,87030860,86030417
89PE00558,89033894,87030860,86030417
89PE00559,89033895,87030860,86030417
89PE00560,89033896,87030795,84027344
89PE00561,89033897,88031999,83025427
89PE00562,89033898,88031999,83025427
89PE00563,89033899,88031999,83025427
89PE00564,89033900,88031985,86029555
89PE00565,89033901,88031985,86029555
89PE00566,89033902,87030525,87031647
89PE00567,89033903,87030525,87031647
89PE00568,89033904,88031985,82023150
89PE00569,89033905,88031985,82023150
89PE00570,89033906,87031256,87031275
89PE00571,89033907,88032503,84027130
89PE00572,89033908,88032503,84027130
89PE00573,89033909,87031256,87031072
89PE00574,89033910,88031999,82023405
89PE00575,89033911,88031999,82023405
89PE00576,89033912,88031999,82023405
89PE00577,89033913,87030990,86029164
89PE00578,89033914,88032503,87030770
89PE00579,89033915,88032503,87030770
89PE00580,89033916,87030525,87031498
89PE00581,89033917,87030795,87030877
89PE00582,89033918,87030795,87030877
89PE00583,89033919,87030795,87030877
89PE00584,89033920,87030860,87031507
89PE00585,89033921,87030860,87031507
89PE00586,89033922,87030523,86029080
89PE00587,89033923,87030523,86029080
89PE00588,89033924,88032370,87030595
89PE00589,89033925,88032370,87030595
89PE00590,89033926,88031985,87030959
89PE00591,89033927,88031985,87030959
89PE00592,89033928,87030525,87031694
89PE00593,89033929,87030525,87031694
89PE00594,89033930,87031233,88032541
89PE00595,89033931,88032370,87030723
89PE00596,89033932,88032370,87030723
89PE00597,89033933,87030523,87030967
89PE00598,89033934,87031079,86029900
89PE00599,89033935,87031079,86029900
89PE00600,89033936,87030860,85029044
89PE00601,89033937,88031999,83025036
89PE00602,89033938,88031999,83025036
89PE00603,89033939,88031999,83025036
89PE00604,89033940,87031407,83024314
89PE00605,89033941,87031407,83024314
89PE00606,89033942,88032503,83025338
89PE00607,89033943,88032503,83025338
89PE00608,89033944,87031407,87031497
89PE00609,89033945,87030795,87030538
89PE00610,89033946,87030523,84027174
89PE00611,89033947,87030523,84027174
89PE00612,89033948,87030523,84027174
89PE00613,89033949,87031206,88032295
89PE00614,89033950,87031206,88032295
89PE00615,89033951,87031206,88032318
89PE00616,89033952,87031206,88032318
89PE00617,89033953,88031999,85027866
89PE00618,89033954,88031999,85027866
89PE00619,89033955,88031999,85027866
89PE00620,89033956,87031233,88032512
89PE00621,89033957,88032503,84027151
89PE00622,89033958,88032503,84027151
89PE00623,89033959,88031985,83025419
89PE00624,89033960,87030525,87031117
89PE00625,89033961,87030525,87031117
89PE00626,89033962,87030523,86029511
89PE00627,89033963,87030523,86029511
89PE00628,89033964,87030525,84027778
89PE00629,89033965,87030525,84027778
89PE00630,89033966,87030860,86030161
89PE00631,89033967,87030860,86030161
89PE00632,89033968,87030860,86030161
89PE00633,89033969,87031079,84027736
89PE00634,89033970,87031079,84027736
89PE00635,89033971,87031079,84027736
89PE00636,89033972,87031079,87031416
89PE00637,89033973,87031079,87031416
89PE00638,89033974,87031407,87031092
89PE00639,89033975,87031407,87031092
89PE00640,89033976,88032503,86029190
89PE00641,89033977,88032503,86029190
89PE00642,89033978,88032503,86029190
89PE00643,89033979,87030769,82023125
89PE00644,89033980,87030769,82023125
89PE00645,89033981,87030769,82023125
89PE00646,89033982,88032370,83025273
89PE00647,89033983,87030795,86029081
89PE00648,89033984,87030795,86029081
89PE00649,89033985,87031256,87031361
89PE00650,89033986,87031256,87031361
89PE00651,89033987,87031079,87031323
89PE00652,89033988,87031079,87031323
89PE00653,89033989,87031407,86030439
89PE00654,89033990,87031407,86030439
89PE00655,89033991,87031256,86029989
89PE00656,89033992,87031256,86029989
89PE00657,89033993,87031244,88032387
89PE00658,89033994,87031244,88032387
89PE00659,89033995,88032370,82023390
89PE00660,89033996,88032370,82023390
89PE00661,89033997,88032370,82023390
89PE00662,89033998,88032370,85028371
89PE00663,89033999,88032370,85028371
89PE00664,89034000,87030523,85028408
89PE00665,89034001,87030523,87030848
89PE00666,89034002,87030523,87030848
89PE00667,89034003,87030523,85028408
89PE00668,89034004,87030523,85028408
89PE00669,89034005,87030525,86029899
89PE00670,89034006,87030525,86029899
89PE00671,89034007,87030525,86029899
89PE00672,89034008,87030525,86030441
89PE00673,89034009,87030525,86030441
89PE00674,89034010,87030795,84027018
89PE00675,89034011,87030795,84027018
89PE00676,89034012,87030795,84027018
89PE00677,89034013,88032503,87030647
89PE00678,89034014,88032503,87030647
89PE00679,89034015,87030523,84026974
89PE00680,89034016,87030523,84026974
89PE00681,89034017,87031244,88031917
89PE00682,89034018,88031985,86029135
89PE00683,89034019,88031985,86029135
89PE00684,89034020,88031985,86029135
89PE00685,89034021,87031079,83024910
89PE00686,89034022,88031999,83025308
89PE00687,89034023,88031999,83025308
89PE00688,89034024,88031999,83025308
89PE00689,89034025,88031999,86029073
89PE00690,89034026,88031999,86029073
89PE00691,89034027,88031999,86029073
89PE00692,89034028,88031985,84027043
89PE00693,89034029,88031985,84027043
89PE00694,89034030,87031206,88032130
89PE00695,89034031,87030769,83025009
89PE00696,89034032,88031999,82023298
89PE00697,89034033,88031999,82023298
89PE00698,89034034,87030523,86029109
89PE00699,89034035,87030523,86029109
89PE00700,89034036,88032370,84027274
89PE00701,89034037,88032370,84027274
89PE00702,89034038,88032503,86029233
89PE00703,89034039,88032503,86029233
89PE00704,89034040,87031256,87031229
89PE00705,89034041,87031256,87031229
89PE00706,89034042,87031244,88032453
89PE00707,89034043,87031244,88032453
89PE00708,89034044,87031407,87031838
89PE00709,89034045,87031407,87031838
89PE00710,89034046,88031999,85028085
89PE00711,89034047,88031999,85028085
89PE00712,89034048,88031999,85028085
89PE00713,89034049,87030523,86029312
89PE00714,89034050,87030523,86029312
89PE00715,89034051,87031407,87031682
89PE00716,89034052,87031407,87031682
89PE00717,89034053,87030990,87030544
89PE00718,89034054,87030990,87030544
89PE00719,89034055,88031999,85027962
89PE00720,89034056,88031999,85027962
89PE00721,89034057,88031999,85028110
89PE00722,89034058,88031999,85028110
89PE00723,89034059,87030523,87030618
89PE00724,89034060,87030523,87030618
89PE00725,89034061,87030523,87030618
89PE00726,89034062,87030769,84027063
89PE00727,89034063,87030769,84027063
89PE00728,89034064,88032503,85028189
89PE00729,89034065,88032503,85028189
89PE00730,89034066,87031256,87031853
89PE00731,89034067,87031256,87031853
89PE00732,89034068,87030860,86029866
89PE00733,89034069,87030523,85028015
89PE00734,89034070,87030523,85028015
89PE00735,89034071,87030523,85028015
89PE00736,89034072,88032370,86029142
89PE00737,89034073,88032370,86029142
89PE00738,89034074,88032370,86029142
89PE00739,89034075,87031256,86030395
89PE00740,89034076,87031256,86030395
89PE00741,89034077,87031256,86030395
89PE00742,89034078,87030523,87030546
89PE00743,89034079,87030523,87030546
89PE00744,89034080,87031509,88032355
89PE00745,89034081,87031233,88032360
89PE00746,89034082,88031985,86029625
89PE00747,89034083,88031985,86029625
89PE00748,89034084,88031985,86029625
89PE00749,89034085,88032503,83025144
89PE00750,89034086,87030523,84027195
89PE00751,89034087,87031256,84027796
89PE00752,89034088,87031256,84027796
89PE00753,89034089,87031407,86029873
89PE00754,89034090,87031407,86029873
89PE00755,89034091,87031256,87031147
89PE00756,89034092,87031256,87031147
89PE00757,89034093,87030769,87030526
89PE00758,89034094,87030860,84026496
89PE00759,89034095,87030860,84026496
89PE00760,89034096,87030860,84026496
89PE00761,89034097,88031999,84027175
89PE00762,89034098,88031999,84027175
89PE00763,89034099,88031999,84027175
89PE00764,89034100,87030769,87030668
89PE00765,89034101,87030525,87031799
89PE00766,89034102,87030860,86030024
89PE00767,89034103,87030860,86030024
89PE00768,89034104,88032503,86029094
89PE00769,89034105,88032503,86029094
89PE00770,89034106,88032503,86029094
89PE00771,89034107,88032503,86029094
89PE00772,89034108,87030990,87030777
89PE00773,89034109,87031347,88031989
89PE00774,89034110,87030860,87031749
89PE00775,89034111,87030860,87031749
89PE00776,89034112,87030860,87031749
89PE00777,89034113,87030523,87030850
89PE00778,89034114,87030523,87030850
89PE00779,89034115,87031256,86803241
89PE00780,89034116,87031256,86803241
89PE00781,89034117,88032370,85028154
89PE00782,89034118,88032370,85028154
89PE00783,89034119,88032370,85028154
89PE00784,89034120,88031985,83025254
89PE00785,89034121,88031985,83025254
89PE00786,89034122,88031985,83025254
89PE00787,89034123,88031999,86029358
89PE00788,89034124,88031999,86029358
89PE00789,89034125,88031999,86029358
89PE00790,89034126,87030795,85028305
89PE00791,89034127,87030795,85028305
89PE00792,89034128,87031407,87031702
89PE00793,89034129,87031407,87031702
89PE00794,89034130,87030769,86029597
89PE00795,89034131,87030769,86029597
89PE00796,89034132,87030525,87031404
89PE00797,89034133,87030525,87031404
89PE00798,89034134,87030525,87031250
89PE00799,89034135,87030525,87031250
89PE00800,89034136,87030990,84027194
89PE00801,89034137,87030990,84027194
89PE00802,89034138,87031079,87031476
89PE00803,89034139,87031079,87031476
89PE00804,89034140,87030860,87031084
89PE00805,89034141,87030860,87031084
89PE00806,89034142,87030990,87031027
89PE00807,89034143,87030990,87031027
89PE00808,89034144,87030860,85028653
89PE00809,89034145,87030860,85028653
89PE00810,89034146,87030860,84027437
89PE00811,89034147,87030525,84027706
89PE00812,89034148,87030525,84027706
89PE00813,89034149,87030523,85027990
89PE00814,89034150,87030523,85027990
89PE00815,89034151,87030523,87030517
89PE00816,89034152,87030523,87030517
89PE00817,89034153,87030860,85028875
89PE00818,89034154,87030860,85028875
89PE00819,89034155,87031079,86029984
89PE00820,89034156,87031079,86029984
89PE00821,89034157,87031407,87031300
89PE00822,89034158,87031407,87031300
89PE00823,89034159,88032370,84027005
89PE00824,89034160,88032370,84027005
89PE00825,89034161,87031256,86030007
89PE00826,89034162,87031256,86030007
89PE00827,89034163,87030795,86029215
89PE00828,89034164,87030795,86029215
89PE00829,89034165,87030795,86029215
89PE00830,89034166,87030860,82023575
89PE00831,89034167,87030860,82023575
89PE00832,89034168,88032370,87030722
89PE00833,89034169,87031233,88032264
89PE00834,89034170,87030525,87031135
89PE00835,89034171,87031407,86803184
89PE00836,89034172,87031407,86803184
89PE00837,89034173,87030795,87030513
89PE00838,89034174,88031985,85028273
89PE00839,89034175,88031985,85028273
89PE00840,89034176,88031985,85028273
89PE00841,89034177,87030769,84027138
89PE00842,89034178,87030769,84027138
89PE00843,89034179,87030990,87030648
89PE00844,89034180,87030990,87030648
89PE00845,89034181,88032503,82023016
89PE00846,89034182,88032503,82023016
89PE00847,89034183,87031079,82022460
89PE00848,89034184,87031079,82022460
89PE00849,89034185,87030769,85028300
89PE00850,89034186,87030769,85028300
89PE00851,89034187,87031079,84027787
89PE00852,89034188,87031079,84027787
89PE00853,89034189,87031079,84027787
89PE00854,89034190,87030795,87030645
89PE00855,89034191,87030795,87030645
89PE00856,89034192,87030990,86029319
89PE00857,89034193,87030990,86029319
89PE00858,89034194,87030990,87031622
89PE00859,89034195,87030769,87030548
89PE00860,89034197,87030795,86029331
89PE00861,89034198,87030795,86029331
89PE00862,89034199,87030525,86030367
89PE00863,89034200,87030525,86030367
89PE00864,89034201,87030860,87031277
89PE00865,89034202,87030860,87031277
89PE00866,89034203,88032503,82023110
89PE00867,89034204,88032503,82023110
89PE00868,89034205,87030769,86029067
89PE00869,89034206,87030769,86029067
89PE00870,89034207,87031233,88031991
89PE00871,89034208,87031233,88031991
89PE00872,89034209,87030769,85027906
89PE00873,89034210,87030769,85027906
89PE00874,89034211,87030795,86029163
89PE00875,89034212,87030795,86029163
89PE00876,89034213,87031256,86029905
89PE00877,89034214,88031985,83025011
89PE00878,89034215,88031985,83025011
89PE00879,89034216,87031347,88032561
89PE00880,89034217,88032370,83025155
89PE00881,89034218,88032370,83025155
89PE00882,89034219,88032370,83025155
89PE00883,89034220,88032370,83025155
89PE00884,89034221,87030523,82023424
89PE00885,89034222,87030523,82023424
89PE00886,89034223,88032370,87030512
89PE00887,89034224,88032370,87030512
89PE00888,89034225,87030990,84026960
89PE00889,89034226,87030990,84026960
89PE00890,89034227,87030990,84026960
89PE00891,89034228,87030769,87030969
89PE00892,89034229,87030769,87030969
89PE00893,89034230,87030523,86029143
89PE00894,89034231,87030523,86029143
89PE00895,89034232,87030523,86029143
89PE00896,89034233,87030523,86029143
89PE00897,89034234,87030990,84026942
89PE00898,89034235,87030990,84026942
89PE00899,89034236,87030990,84026942
89PE00900,89034237,87031256,87031474
89PE00901,89034238,87030769,87031037
89PE00902,89034240,88031985,84026997
89PE00903,89034241,88031985,84026997
89PE00904,89034242,87031256,84027741
89PE00905,89034243,87031256,84027741
89PE00906,89034244,87031407,87031064
89PE00907,89034245,87031407,87031064
89PE00908,89034246,87030795,84027134
89PE00909,89034247,87030795,84027134
89PE00910,89034248,87031244,88032333
89PE00911,89034249,88032370,82023433
89PE00912,89034250,88032370,82023433
89PE00913,89034251,87030990,83025321
89PE00914,89034252,87030990,83025321
89PE00915,89034253,87030525,87031735
89PE00916,89034254,87030525,87031068
89PE00917,89034255,87030525,87031068
89PE00918,89034256,87030523,85028304
89PE00919,89034257,87030523,85028304
89PE00920,89034258,87030795,87030952
89PE00921,89034259,87030795,87030952
89PE00922,89034260,87030860,83024305
89PE00923,89034261,87030860,83024305
89PE00924,89034262,87030860,83024305
89PE00925,89034263,87030860,86803153
89PE00926,89034264,87030860,86803153
89PE00927,89034265,87030860,86803153
89PE00928,89034266,87030769,86029097
89PE00929,89034267,87030769,86029097
89PE00930,89034268,87031079,84026159
89PE00931,89034269,87031079,84026159
89PE00932,89034270,87031079,84026159
89PE00933,89034271,87030525,87031612
89PE00934,89034272,87030525,87031612
89PE00935,89034273,87030769,87030528
89PE00936,89034274,87030769,87030528
89PE00937,89034275,87030990,85028014
89PE00938,89034276,87030990,85028014
89PE00939,89034277,88032503,86029455
89PE00940,89034278,88032503,86029455
89PE00941,89034279,88031985,86029433
89PE00942,89034280,88031985,86029433
89PE00943,89034281,88032370,87030784
89PE00944,89034282,88032370,87030784
89PE00945,89034283,88032370,84027241
89PE00946,89034284,88032370,84027241
89PE00947,89034285,87030990,87030593
89PE00948,89034286,87031206,88032563
89PE00949,89034287,87031206,88032563
89PE00950,89034288,87031256,87031422
89PE00951,89034289,87030525,84026140
89PE00952,89034290,87030525,84026140
89PE00953,89034291,87030525,84026140
89PE00954,89034292,88032503,87030687
89PE00955,89034293,87030860,87031124
89PE00956,89034294,87030860,87031124
89PE00957,89034295,86802562,87805162
89PE00958,89034296,86802562,87805162
89PE00959,89034297,88032503,86029563
89PE00960,89034298,88032503,86029563
89PE00961,89034299,87031079,87031739
89PE00962,89034300,87031079,87031739
89PE00963,89034301,87030795,87030789
89PE00964,89034302,87030795,87030789
89PE00965,89034303,87031233,88032317
89PE00966,89034304,88032370,86029457
89PE00967,89034305,88032370,86029457
89PE00968,89034306,88032370,86029457
89PE00969,89034307,87030860,86029940
89PE00970,89034308,87030860,86029940
89PE00971,89034309,87030860,86029940
89PE00972,89034310,87030523,83025380
89PE00973,89034311,87030523,83025380
89PE00974,89034312,87030523,83025380
89PE00975,89034313,87031407,85028895
89PE00976,89034314,87031407,85028895
89PE00977,89034315,87030860,86029806
89PE00978,89034316,87030860,86029806
89PE00979,89034317,87030860,86029806
89PE00980,89034318,87031256,85028964
89PE00981,89034319,87031256,85028964
89PE00982,89034320,87030860,87031857
89PE00983,89034321,87031079,84026799
89PE00984,89034322,87031079,84026799
89PE00985,89034323,88032503,83025102
89PE00986,89034324,88032503,83025102
89PE00987,89034325,88032370,86029182
89PE00988,89034326,88032370,86029182
89PE00989,89034327,88032503,86029514
89PE00990,89034328,88032503,86029514
89PE00991,89034329,87031233,88032025
89PE00992,89034330,87031233,88032290
89PE00993,89034331,87031407,87031175
89PE00994,89034332,87031407,87031175
89PE00995,89034333,87031079,86030464
89PE00996,89034334,87031079,86030464
89PE00997,89034335,87031079,86030368
89PE00998,89034336,87030795,87030859
89PE00999,89034337,87030795,87030859
89PE01000,89034338,87031206,88032306
89PE01001,89034339,87031206,88032306
89PE01002,89034340,87030523,84027293
89PE01003,89034341,87030523,84027293
89PE01004,89034342,87030795,85027982
89PE01005,89034343,87030795,85027982
89PE01006,89034344,87030860,84027763
89PE01007,89034345,87030860,84027763
89PE01008,89034346,87030860,84027763
89PE01009,89034347,87030990,85028306
89PE01010,89034348,87030990,85028306
89PE01011,89034349,87031407,87031254
89PE01012,89034350,87031407,87031254
89PE01013,89034351,87031256,84027630
89PE01014,89034352,87031256,84027630
89PE01015,89034353,87031407,84027777
89PE01016,89034354,87031407,84027777
89PE01017,89034355,87031407,84027777
89PE01018,89034356,88032370,87030929
89PE01019,89034357,88032370,87030929
89PE01020,89034358,88032370,87030929
89PE01021,89034359,87031407,87031601
89PE01022,89034360,87031407,87031601
89PE01023,89034361,87030525,86029767
89PE01024,89034362,87030525,86029767
89PE01025,89034363,87031347,88032146
89PE01026,89034364,88032503,87030657
89PE01027,89034365,88032503,87030657
89PE01028,89034366,87031079,83024041
89PE01029,89034367,87031079,83024041
89PE01030,89034368,87030523,82023129
89PE01031,89034369,87030860,87031570
89PE01032,89034370,87030860,87031570
89PE01033,89034371,87030860,87031160
89PE01034,89034372,87030860,87031160
89PE01035,89034373,87031509,88032487
89PE01036,89034374,87030860,84027666
89PE01037,89034375,87030523,86029678
89PE01038,89034376,87030523,86029678
89PE01039,89034377,87030523,86029678
89PE01040,89034378,87030860,87031600
89PE01041,89034379,87030860,87031600
89PE01042,89034380,87030860,87031236
89PE01043,89034381,87031256,87031589
89PE01044,89034382,87031256,87031589
89PE01045,89034383,87031256,87031589
89PE01046,89034384,87030525,84027570
89PE01047,89034385,87030525,84027570
89PE01048,89034386,87030795,85028272
89PE01049,89034387,87030795,85028272
89PE01050,89034388,87031407,86029809
89PE01051,89034389,87031407,86029809
89PE01052,89034390,87031347,88032334
89PE01053,89034391,87030795,82023048
89PE01054,89034392,87030795,82023048
89PE01055,89034393,87030795,82023048
89PE01056,89034394,88032503,84027231
89PE01057,89034395,88032503,84027231
89PE01058,89034396,88032503,84027231
89PE01059,89034397,87031509,88032122
89PE01060,89034398,87031509,88032122
89PE01061,89034399,87031233,88032180
89PE01062,89034400,87031233,88032180
89PE01063,89034401,87031509,88032359
89PE01064,89034402,87031509,88032359
89PE01065,89034403,87030795,87031036
89PE01066,89034404,87030795,82023434
89PE01067,89034405,88031985,87030727
89PE01068,89034406,88031985,87030727
89PE01069,89034407,87031233,88032518
89PE01070,89034408,87031233,88032518
89PE01071,89034409,87031347,88032349
89PE01072,89100001,88198817,87198059
89PE01073,89100002,87198162,86196944
89PE01074,89100003,87198162,86196944
89PE01075,89100004,87198006,87198217
89PE01076,89100005,87198006,87198217
89PE01077,89100006,87198311,88198959
89PE01078,89100007,87198291,87198171
89PE01079,89100008,88198916,84195604
89PE01080,89100009,88198916,84195604
89PE01081,89100010,88198817,87197888
89PE01082,89100011,88198817,87197888
89PE01083,89100012,88198916,87198067
89PE01084,89100013,87197799,85196730
89PE01085,89100014,87197799,85196730
89PE01086,89100015,87198162,87197951
89PE01087,89100016,87197763,88199144
89PE01088,89100017,87198006,87198373
89PE01089,89100018,87198006,87198373
89PE01090,89100019,88198916,87197894
89PE01091,89100020,88198916,86197397
89PE01092,89100021,88198916,86197397
89PE01093,89100022,88198916,87197894
89PE01094,89100023,88199172,84195894
89PE01095,89100024,88199172,84195894
89PE01096,89100025,87198028,86197384
89PE01097,89100026,88198884,83194750
89PE01098,89100027,88198817,84195876
89PE01099,89100028,88198817,84195876
89PE01100,89100029,87198420,85196342
89PE01101,89100030,87198420,85196342
89PE01102,89100031,87197799,84196106
89PE01103,89100032,87198270,87198340
89PE01104,89100033,87198270,87198340
89PE01105,89100034,88199172,85196462
89PE01106,89100036,87197799,84195998
89PE01107,89100037,87198028,86197434
89PE01108,89100038,87198028,86197434
89PE01109,89100039,87198006,86197273
89PE01110,89100040,87198006,86197273
89PE01111,89100041,88198817,82194240
89PE01112,89100042,88198817,82194240
89PE01113,89100043,87197884,84195423
89PE01114,89100044,87198162,87198072
89PE01115,89100045,87198162,87198072
89PE01116,89100046,87198246,85196137
89PE01117,89100047,87198246,85196137
89PE01118,89100048,87198420,82194556
89PE01119,89100049,87198047,85196363
89PE01120,89100050,87198047,85196363
89PE01121,89100051,87197921,87198273
89PE01122,89100052,87198006,84195851
89PE01123,89100053,87198028,83194647
89PE01124,89100054,87198028,83194647
89PE01125,89100055,88199172,83195036
89PE01126,89100056,88199172,83195036
89PE01127,89100057,87198070,85196327
89PE01128,89100058,87198070,85196327
89PE01129,89100059,87198006,86197037
89PE01130,89100060,87198006,86197037
89PE01131,89100061,88198916,85196643
89PE01132,89100062,88198916,85196643
89PE01133,89100063,87198162,87197975
89PE01134,89100064,87198162,87197975
89PE01135,89100065,87198246,86197146
89PE01136,89100066,87198246,86197146
89PE01137,89100067,87198259,87197935
89PE01138,89100068,87198006,85196539
89PE01139,89100069,87198006,85196539
89PE01140,89100070,87198311,88199095
89PE01141,89100071,87198246,85196437
89PE01142,89100072,87198246,85196437
89PE01143,89100073,87198246,85196437
89PE01144,89100074,87198162,87198416
89PE01145,89100075,87198162,87198416
89PE01146,89100076,87198139,88198709
89PE01147,89100077,87198462,87197860
89PE01148,89100078,87198462,87197860
89PE01149,89100079,87198028,87198175
89PE01150,89100080,87198096,88199318
89PE01151,89100081,87198096,88199318
89PE01152,89100082,87197799,85196395
89PE01153,89100083,87197799,85196395
89PE01154,89100084,88198817,85196370
89PE01155,89100085,87198162,85196734
89PE01156,89100086,87198162,85196734
89PE01157,89100087,87198420,84195750
89PE01158,89100088,87198420,84195750
89PE01159,89100089,87198420,84195750
89PE01160,89100090,87198270,84196016
89PE01161,89100091,87198270,84196016
89PE01162,89100092,87198162,87198314
89PE01163,89100093,88199172,84195598
89PE01164,89100094,88199172,84195598
89PE01165,89100095,88198916,86197476
89PE01166,89100096,88198916,86197476
89PE01167,89100097,87198259,83195055
89PE01168,89100098,87198259,83195055
89PE01169,89100099,87198259,83195055
89PE01170,89100100,87198006,87198272
89PE01171,89100101,88198916,82194072
89PE01172,89100102,88198916,82194072
89PE01173,89100103,87197921,84196040
89PE01174,89100104,87198270,82194395
89PE01175,89100105,87198270,82194395
89PE01176,89100106,88198884,87197864
89PE01177,89100107,87197799,84195998
89PE01178,89100108,87198258,82194098
89PE01179,89100109,87198258,82194098
89PE01180,89100110,87198258,82194098
89PE01181,89100111,88198884,85196691
89PE01182,89100112,88198884,85196691
89PE01183,89100113,87197799,87197947
89PE01184,89100114,87197799,87197947
89PE01185,89100115,87198162,84195958
89PE01186,89100116,87198162,84195958
89PE01187,89100117,87198139,88198702
89PE01188,89100118,87198139,88198828
89PE01189,89100119,88198884,84195809
89PE01190,89100120,88198884,84195809
89PE01191,89100121,87198139,88198726
89PE01192,89100122,87198270,86197238
89PE01193,89100123,88199172,83194889
89PE01194,89100124,88199172,83194889
89PE01195,89100125,87197875,87198482
89PE01196,89100126,87197875,87198482
89PE01197,89100127,87198368,84195983
89PE01198,89100128,87198368,84195983
89PE01199,89100129,87197763,88198983
89PE01200,89100130,88199172,82194136
89PE01201,89100131,88199172,82194136
89PE01202,89100132,87198368,86196997
89PE01203,89100133,87198368,86196997
89PE01204,89100134,87198276,84196055
89PE01205,89100135,87198276,84196055
89PE01206,89100136,87198276,84196055
89PE01207,89100137,88199172,86197184
89PE01208,89100138,88199172,86197184
89PE01209,89100139,87198311,88198960
89PE01210,89100140,87198096,88198992
89PE01211,89100141,87198139,88198802
89PE01212,89100142,87198311,88199126
89PE01213,89100143,87198070,84195698
89PE01214,89100144,87198070,84195698
89PE01215,89100145,87198070,84195698
89PE01216,89100146,87198047,87198151
89PE01217,89100147,87198270,87197955
89PE01218,89100148,87198270,87197955
89PE01219,89100149,87198006,86197374
89PE01220,89100150,87198006,86197374
89PE01221,89100151,87198162,87197821
89PE01222,89100152,87198162,87197821
89PE01223,89100153,87198162,82194315
89PE01224,89100154,87198162,82194315
89PE01225,89100155,87197875,85196568
89PE01226,89100156,87198270,87198086
89PE01227,89100157,87198139,88198931
89PE01228,89100158,87198270,85196182
89PE01229,89100159,87198270,85196182
89PE01230,89100160,87197763,88198956
89PE01231,89100161,87198162,86197252
89PE01232,89100162,87198096,88198950
89PE01233,89100163,87198096,88198872
89PE01234,89100164,87198096,88199212
89PE01235,89100165,87197763,88199184
89PE01236,89100166,87198096,88199125
89PE01237,89100167,87198462,85196527
89PE01238,89100168,87198028,86197280
89PE01239,89100169,87198028,86197280
89PE01240,89100170,88198817,87198138
89PE01241,89100171,88198817,87198138
89PE01242,89100172,87198096,88199331
89PE01243,89100173,87198162,87198176
89PE01244,89100174,87198162,87198176
89PE01245,89100175,87197763,88198839
89PE01246,89100176,87198139,88199160
89PE01247,89100177,87198139,88199151
89PE01248,89100178,87198311,88198845
89PE01249,89100179,87198311,88198845
89PE01250,89100180,87198311,88199332
89PE01251,89100181,88198817,86197032
89PE01252,89100182,87198462,84196042
89PE01253,89100183,87198162,87198128
89PE01254,89100184,87198462,87198281
89PE01255,89100185,87198462,87198281
89PE01256,89100186,87198162,85196672
89PE01257,89100187,87198162,85196672
89PE01258,89100188,87198096,88198812
89PE01259,89100189,87198139,88198891
89PE01260,89100190,87198139,88198891
89PE01261,89100191,87197763,88198705
89PE01262,89100192,87198139,88198933
89PE01263,89100193,87198139,88198933
89PE01264,89100194,87198139,88199237
89PE01265,89100195,87198311,88199262
89PE01266,89100196,87198096,88198673
89PE01267,89100197,87197763,88199040
89PE01268,89100198,87198096,88198844
89PE01269,89100199,87198096,88198844
89PE01270,89100200,87198139,88198915
89PE01271,89100201,87198139,88198657
89PE01272,89100202,87198139,88199165
89PE01273,89100203,87198311,88198666
89PE01274,89100204,87198311,88198806
89PE01275,89100205,87198311,88198995
89PE01276,89100206,87197763,88198772
89PE01277,89100207,87197763,88199216
89PE01278,89100208,87197763,88198763
89PE01279,89100209,87198096,88198747
89PE01280,89100210,87198139,88199430
89PE01281,89100211,87198139,88198790
89PE01282,89100212,87197763,88199449
89PE01283,89100213,87198139,88199078
89PE01284,89100214,87198096,88199406
89PE01285,89100215,87198311,88198876
89PE01286,89100216,87198096,88198704
89PE01287,89100217,87197763,88198944
89PE01288,89100218,87197763,88198944
89PE01289,89100219,87198139,88199209
89PE01290,89100220,87198139,88199073
89PE01291,89100221,87198139,88199014
89PE01292,89100222,87197763,88199419
89PE01293,89100223,87198139,88199297
89PE01294,89100224,87197763,88199146
89PE01295,89100225,87198096,88198962
89PE01296,89100226,87198139,88198976
89PE01297,89100227,87197763,88198735
89PE01298,89100228,87198096,88198778
89PE01299,89100229,87198311,88198927
89PE01300,89100230,87198311,88198927
89PE01301,89100231,87198311,88199280
89PE01302,89100232,87198139,88199296
89PE01303,89100233,87198139,88199444
89PE01304,89100234,87198311,88199064
89PE01305,89100235,87197763,88198800
89PE01306,89100236,87198139,88199097
89PE01307,89100237,87197763,88199190
89PE01308,89100238,87198311,88199272
89PE01309,89100239,87198096,88199168
89PE01310,89100240,87198139,88198819
89PE01311,89199568,87197763,88199034
89PE01312,89199569,87197763,88199034
89PE01313,89199570,87198006,85196116
89PE01314,89199571,88199172,87198123
89PE01315,89199572,87197884,85196761
89PE01316,89199573,87197884,85196761
89PE01317,89199574,88198916,86197052
89PE01318,89199575,87198368,87197846
89PE01319,89199576,88198884,86196942
89PE01320,89199577,88198884,86196942
89PE01321,89199578,87197875,86197348
89PE01322,89199579,87197875,86197348
89PE01323,89199580,88198817,83195039
89PE01324,89199581,88198817,83195039
89PE01325,89199582,88199172,84195437
89PE01326,89199583,88199172,84195437
89PE01327,89199584,87198028,87198117
89PE01328,89199585,88198916,87197969
89PE01329,89199586,88199172,85196328
89PE01330,89199587,88198817,86197418
89PE01331,89199588,88198817,86197418
89PE01332,89199589,87198006,83195165
89PE01333,89199590,87198006,83195165
89PE01334,89199591,88198817,83194924
89PE01335,89199592,88198884,86197415
89PE01336,89199593,87198270,87198450
89PE01337,89199594,87198270,87198450
89PE01338,89199595,88199172,83194700
89PE01339,89199596,88199172,83194700
89PE01340,89199597,87197799,85196809
89PE01341,89199598,88199172,87197868
89PE01342,89199599,88199172,87197868
89PE01343,89199600,87198028,82194268
89PE01344,89199601,87198028,82194268
89PE01345,89199602,88198817,85196797
89PE01346,89199603,87198259,87198375
89PE01347,89199604,87198259,87198375
89PE01348,89199605,87198028,83195270
89PE01349,89199606,87198028,83195270
89PE01350,89199607,88199172,85196692
89PE01351,89199608,88198817,87198434
89PE01352,89199609,87198246,85196741
89PE01353,89199610,87198246,85196741
89PE01354,89199611,87198162,84195807
89PE01355,89199612,87198162,84195807
89PE01356,89199613,87198028,87198005
89PE01357,89199614,87198028,87198005
89PE01358,89199615,87198028,84195865
89PE01359,89199616,87198028,84195865
89PE01360,89199617,88199172,87197851
89PE01361,89199618,88199172,87197851
89PE01362,89199619,87198028,82194486
89PE01363,89199620,87198028,82194486
89PE01364,89199621,88198817,85196127
89PE01365,89199622,88198817,85196127
89PE01366,89199623,87197872,83195024
89PE01367,89199624,87197872,83195024
89PE01368,89199625,88198817,87198282
89PE01369,89199626,88198916,86197139
89PE01370,89199627,88198916,86197139
89PE01371,89199628,88198916,86197139
89PE01372,89199629,88198817,86197294
89PE01373,89199630,88198817,86197294
89PE01374,89199631,87198246,86197633
89PE01375,89199632,87198246,86197633
89PE01376,89199633,88199172,85196564
89PE01377,89199634,88199172,85196564
89PE01378,89199635,88199172,85196564
89PE01379,89199636,87197884,85196160
89PE01380,89199637,87197884,85196160
89PE01381,89199638,87197884,85196160
89PE01382,89199639,87198096,88198917
89PE01383,89199640,87198311,88198749
89PE01384,89199641,87198311,88198749
89PE01385,89199642,88198916,85196494
89PE01386,89199643,88198916,85196494
89PE01387,89199644,88198916,85196494
89PE01388,89199645,87198246,86197431
89PE01389,89199646,87198258,87198115
89PE01390,89199647,87197884,87198476
89PE01391,89199648,87197884,87198476
89PE01392,89199649,87198258,85196215
89PE01393,89199650,87198258,85196215
89PE01394,89199651,88198916,85196575
89PE01395,89199652,88198916,85196575
89PE01396,89199653,88198916,85196575
89PE01397,89199654,87198028,85196203
89PE01398,89199655,87198028,85196203
89PE01399,89199656,88198916,83195371
89PE01400,89199657,88198916,83195371
89PE01401,89199658,88198916,83195371
89PE01402,89199659,87197763,88199036
89PE01403,89199660,88198884,85196129
89PE01404,89199661,88198884,85196129
89PE01405,89199662,87198420,86197498
89PE01406,89199663,87198420,86197498
89PE01407,89199664,87198246,87198147
89PE01408,89199665,87198246,87198147
89PE01409,89199666,87198258,86197478
89PE01410,89199667,87198258,86197478
89PE01411,89199668,88199172,87197788
89PE01412,89199669,88198884,85196776
89PE01413,89199670,88198884,85196776
89PE01414,89199671,88198884,85196776
89PE01415,89199672,87198047,82194440
89PE01416,89199673,87198047,82194440
89PE01417,89199674,87197884,85196715
89PE01418,89199675,87197884,85196715
89PE01419,89199676,88198916,84195510
89PE01420,89199677,87198162,86197553
89PE01421,89199678,87198162,86197553
89PE01422,89199679,88198884,82194086
89PE01423,89199680,88198884,82194086
89PE01424,89199681,87197799,87197827
89PE01425,89199682,87197799,87197827
89PE01426,89199683,88199172,85196353
89PE01427,89199684,88199172,85196353
89PE01428,89199685,88198916,87197848
89PE01429,89199686,87198270,84195671
89PE01430,89199687,87198270,84195671
89PE01431,89199688,87198096,88199055
89PE01432,89199689,87198096,88199055
89PE01433,89199690,87198047,86196966
89PE01434,89199691,87198246,86197599
89PE01435,89199692,87198246,86197599
89PE01436,89199693,88198884,85196523
89PE01437,89199694,88198884,85196523
89PE01438,89199695,88198884,85196523
89PE01439,89199696,88199172,85196790
89PE01440,89199697,88199172,85196790
89PE01441,89199698,88198884,87198122
89PE01442,89199699,88198884,87198122
89PE01443,89199700,87197872,84196081
89PE01444,89199701,87198028,87197910
89PE01445,89199702,87198028,87197910
89PE01446,89199703,88198916,83194638
89PE01447,89199704,88198916,83194638
89PE01448,89199705,87198270,86197182
89PE01449,89199706,87198270,86197182
89PE01450,89199707,88198916,86197130
89PE01451,89199708,88198916,86197130
89PE01452,89199709,88198884,86196894
89PE01453,89199710,88198884,86196894
89PE01454,89199711,88198817,86197627
89PE01455,89199712,88198817,86197627
89PE01456,89199713,88198817,86197627
89PE01457,89199714,88198916,85196128
89PE01458,89199715,88198916,85196128
89PE01459,89199716,88199172,86197261
89PE01460,89199717,88199172,86197261
89PE01461,89199718,87198259,85196615
89PE01462,89199719,88199172,86197569
89PE01463,89199720,88199172,86197569
89PE01464,89199721,88198916,86197013
89PE01465,89199722,88198916,86197013
89PE01466,89199723,88199172,85196670
89PE01467,89199724,87198006,83194818
89PE01468,89199725,87198006,83194818
89PE01469,89199726,87198311,88199259
89PE01470,89199727,87198311,88199259
89PE01471,89199728,87197763,88198670
89PE01472,89199729,87198096,88199206
89PE01473,89199730,87198096,88199206
89PE01474,89199731,87198388,87198186
89PE01475,89199732,87198388,87198186
89PE01476,89199733,87198270,83194693
89PE01477,89199734,87198270,87198029
89PE01478,89199735,88198916,83194925
89PE01479,89199736,88198916,83194925
89PE01480,89199737,88198817,85196688
89PE01481,89199738,88198817,85196688
89PE01482,89199739,88198817,86197395
89PE01483,89199740,88198817,86197395
89PE01484,89199741,87198276,86197207
89PE01485,89199742,88198916,87197903
89PE01486,89199743,88198916,87197903
89PE01487,89199744,87197799,86197628
89PE01488,89199745,87197799,86197628
89PE01489,89199746,88198817,83194692
89PE01490,89199747,88198817,83194692
89PE01491,89199748,88199172,86197112
89PE01492,89199749,88199172,86197112
89PE01493,89199750,87197872,87198304
89PE01494,89199751,87198258,82194529
89PE01495,89199752,87198258,82194529
89PE01496,89199753,88198916,87198156
89PE01497,89199754,88198916,87198156
89PE01498,89199755,88198884,85196308
89PE01499,89199756,88198884,85196308
89PE01500,89199757,88199172,86197456
89PE01501,89199758,87198291,86196981
89PE01502,89199759,87198462,83194952
89PE01503,89199760,87197799,86197381
89PE01504,89199761,87198162,86197307
89PE01505,89199762,88198884,87198007
89PE01506,89199763,88199172,86197123
89PE01507,89199764,88199172,86197123
89PE01508,89199765,87198047,84195951
89PE01509,89199766,87198047,84195951
89PE01510,89199767,87198047,84195951
89PE01511,89199768,87198028,84195717
89PE01512,89199769,87198028,84195717
89PE01513,89199770,88198817,87198093
89PE01514,89199771,87197884,86197220
89PE01515,89199772,88199172,83194667
89PE01516,89199773,88199172,83194667
89PE01517,89199774,87198070,82194215
89PE01518,89199775,87198070,82194215
89PE01519,89199776,88198884,85196444
89PE01520,89199777,88198884,85196444
89PE01521,89199778,88198884,87198567
89PE01522,89199779,88198884,87198567
89PE01523,89199780,87198006,86197465
89PE01524,89199781,87197875,85196207
89PE01525,89199782,88198884,87197802
89PE01526,89199783,87197799,87198146
89PE01527,89199784,87197875,85196763
89PE01528,89199785,87197875,85196763
89PE01529,89199786,87198311,88198874
89PE01530,89199787,88198916,86197310
89PE01531,89199788,88198916,86197310
89PE01532,89199789,87198006,83194632
89PE01533,89199790,87197799,87198553
89PE01534,89199791,87198096,88198863
89PE01535,89199792,87198096,88199012
89PE01536,89199793,87198096,88199012
89PE01537,89199794,87198006,85196366
89PE01538,89199795,87197872,85196604
89PE01539,89199796,87198270,86196901
89PE01540,89199797,87198270,86196901
89PE01541,89199798,87198162,83195276
89PE01542,89199799,87198162,83195276
89PE01543,89199800,88198817,84195645
89PE01544,89199801,88198817,84195645
89PE01545,89199802,87198028,85196556
89PE01546,89199803,87198006,87197887
89PE01547,89199804,87198368,83194792
89PE01548,89199805,88198817,86197282
89PE01549,89199806,88198817,86197282
89PE01550,89199807,88198817,86197282
89PE01551,89199808,87198006,87198134
89PE01552,89199809,87198270,87198510
89PE01553,89199810,87197872,86197244
89PE01554,89199811,87197872,86197244
89PE01555,89199812,87198270,87198225
89PE01556,89199813,87198270,87198225
89PE01557,89199814,87197763,88199347
89PE01558,89199815,87197763,88199347
89PE01559,89199816,87198070,86197496
89PE01560,89199817,87198291,83194730
89PE01561,89199818,87198291,83194730
89PE01562,89199819,88198884,87198320
89PE01563,89199820,88198884,87198320
89PE01564,89199821,88198884,86197283
89PE01565,89199822,88198884,86197283
89PE01566,89199823,87198270,85196510
89PE01567,89199824,87198270,85196510
89PE01568,89199825,87198462,86197188
89PE01569,89199826,88198884,84195697
89PE01570,89199827,88198884,84195697
89PE01571,89199828,87198246,87197828
89PE01572,89199829,87198246,87197828
89PE01573,89199830,87197872,87197912
89PE01574,89199831,87198006,85196164
89PE01575,89199832,87198006,85196164
89PE01576,89199833,87198162,82194538
89PE01577,89199834,87198162,82194538
89PE01578,89199835,88198817,85196592
89PE01579,89199836,88198817,85196592
89PE01580,89199837,88198884,86197621
89PE01581,89199838,88198884,84195973
89PE01582,89199839,88198884,84195973
89PE01583,89199840,87198096,88198833
89PE01584,89199841,87197763,88198977
89PE01585,89199842,87197763,88198977
89PE01586,89199843,87197763,88198799
89PE01587,89199844,87198096,88199267
89PE01588,89199845,87198070,86196919
89PE01589,89199846,87198162,85196233
89PE01590,89199847,87198368,85196501
89PE01591,89199848,87198368,85196501
89PE01592,89199849,88198817,87197789
89PE01593,89199850,88198916,86196874
89PE01594,89199851,88198916,86196874
89PE01595,89199852,88198817,85196707
89PE01596,89199853,87198311,88199433
89PE01597,89199854,87197763,88198711
89PE01598,89199855,87198162,87198230
89PE01599,89199856,87198388,85196442
89PE01600,89199857,87198388,85196442
89PE01601,89199858,87197884,85196141
89PE01602,89199859,87197884,85196141
89PE01603,89199860,87197921,85196516
89PE01604,89199861,87197875,86197604
89PE01605,89199862,87197875,86197604
89PE01606,89199863,88198916,84195804
89PE01607,89199864,88198916,84195804
89PE01608,89199865,87198276,83194996
89PE01609,89199866,87198276,83194996
89PE01610,89199867,87198246,85196709
89PE01611,89199868,87197875,87198054
89PE01612,89199869,87197875,87198054
89PE01613,89199870,87198311,88198813
89PE01614,89199871,87197921,86197062
89PE01615,89199872,88198884,87197813
89PE01616,89199873,87198096,88198660
89PE01617,89199874,87198096,88198660
89PE01618,89199875,87197884,86197601
89PE01619,89199876,87197884,86197601
89PE01620,89199877,87198028,87198037
89PE01621,89199878,87198028,87198037
89PE01622,89199879,87198311,88198733
89PE01623,89199880,87198311,88198733
89PE01624,89199881,87197884,86197637
89PE01625,89199882,87197884,86197637
89PE01626,89199883,88199172,87198502
89PE01627,89199884,88199172,86196937
89PE01628,89199885,88199172,86196937
89PE01629,89199886,87198162,86197453
89PE01630,89199887,87198388,84195970
89PE01631,89199888,88199172,85196155
89PE01632,89199889,88199172,85196155
89PE01633,89199890,88199172,87197917
89PE01634,89199891,88198884,83194936
89PE01635,89199892,88198884,83194936
89PE01636,89199893,87198420,87198143
89PE01637,89199894,87198028,87197812
89PE01638,89199895,87198096,88199429
89PE01639,89199896,87198388,83194773
89PE01640,89199897,87198388,83194773
89PE01641,89199898,87198270,87197776
89PE01642,89199899,87198276,85196589
89PE01643,89199900,87197799,86197591
89PE01644,89199901,87197799,86197591
89PE01645,89199902,87198006,87198103
89PE01646,89199903,87198006,87198103
89PE01647,89199904,87198388,87197811
89PE01648,89199905,87198270,87198204
89PE01649,89199906,87198259,86197369
89PE01650,89199907,87198259,86197369
89PE01651,89199908,87198270,87197880
89PE01652,89199909,87198276,87197885
89PE01653,89199910,87197884,87197837
89PE01654,89199911,87197884,87197837
89PE01655,89199912,87198311,88199156
89PE01656,89199913,87198311,88199156
89PE01657,89199914,88198884,83195369
89PE01658,89199915,88199172,84196088
89PE01659,89199916,88199172,84196088
89PE01660,89199917,87198028,85196145
89PE01661,89199918,87198028,85196145
89PE01662,89199919,88198916,86197622
89PE01663,89199920,88198916,86197622
89PE01664,89199921,87198388,86196984
89PE01665,89199922,88198884,87198036
89PE01666,89199923,88198916,87197764
89PE01667,89199924,87198028,87198312
89PE01668,89199925,87198028,87198312
89PE01669,89199926,87198311,88198789
89PE01670,89199927,87198006,86196908
89PE01671,89199928,88198884,86197523
89PE01672,89199929,88198884,86197523
89PE01673,89199930,87198006,87197847
89PE01674,89199931,88198884,83195369
89PE01675,89199932,87198162,83194791
89PE01676,89199933,87198047,82194618
89PE01677,89199934,87198047,82194618
89PE01678,89199935,87197875,87197858
89PE01679,89199936,88199172,86196996
89PE01680,89199937,88199172,86196996
89PE01681,89199938,87197921,83194854
89PE01682,89199939,87197921,83194854
89PE01683,89199940,87198258,84195561
89PE01684,89199941,87198258,84195561
89PE01685,89199942,87198258,84195561
89PE01686,89199943,87198028,86197221
89PE01687,89199944,87198028,86197221
89PE01688,89199945,87197799,83195130
89PE01689,89199946,87198096,88199091
89PE01690,89199947,87198270,86197030
89PE01691,89199948,87198270,86197030
89PE01692,89199949,87198270,86197030
89PE01693,89199950,87198096,88198743
89PE01694,89199951,87197875,85196722
89PE01695,89199952,87198096,88198794
89PE01696,89199953,88199172,86197335
89PE01697,89199954,88199172,86197335
89PE01698,89199955,88198884,85196293
89PE01699,89199956,88198884,85196293
89PE01700,89199957,88198916,84195901
89PE01701,89199958,88198916,84195901
89PE01702,89199959,88198916,84195901
89PE01703,89199960,88199172,84195805
89PE01704,89199961,87198270,85196439
89PE01705,89199962,87197921,87197854
89PE01706,89199963,87197921,87197854
89PE01707,89199964,87198006,87197796
89PE01708,89199965,87198006,87197796
89PE01709,89199966,88198916,82194392
89PE01710,89199967,88198916,82194392
89PE01711,89199968,88199172,87198344
89PE01712,89199969,88198817,85196389
89PE01713,89199970,87197875,84195478
89PE01714,89199971,87197875,84195478
89PE01715,89199972,88198884,86197326
89PE01716,89199973,88198884,86197326
89PE01717,89199974,87198070,87198127
89PE01718,89199975,87198070,87198127
89PE01719,89199976,87197875,86197643
89PE01720,89199977,87197875,86197643
89PE01721,89199978,87198047,86197514
89PE01722,89199979,87198047,86197514
89PE01723,89199980,87197799,85196704
89PE01724,89199981,87197799,85196704
89PE01725,89199982,87197875,87198265
89PE01726,89199983,87197875,87198265
89PE01727,89199984,87198028,83194744
89PE01728,89199985,87198028,83194744
89PE01729,89199986,87198162,82194084
89PE01730,89199987,87198162,82194084
89PE01731,89199988,87198420,86196965
89PE01732,89199989,87198420,86196965
89PE01733,89199990,88198884,86197070
89PE01734,89199991,88198884,86197070
89PE01735,89199992,87198270,83195020
89PE01736,89199993,87198270,83195020
89PE01737,89199994,87198311,88199424
89PE01738,89199995,87198028,87197849
89PE01739,89199996,87198028,87197849
89PE01740,89199997,87198259,84196095
89PE01741,89199998,87198162,83194679
89PE01742,89199999,87198162,83194679
89PE01743,89440290,87438888,88439787
89PE01744,89440291,87438888,88439787
89PE01745,89440292,88439468,87439097
89PE01746,89440293,88439468,87439097
89PE01747,89440294,87438938,85437452
89PE01748,89440295,87438938,85437452
89PE01749,89440296,87438938,85437452
89PE01750,89440297,87438570,88439925
89PE01751,89440298,87438570,88439925
89PE01752,89440299,87438888,88439724
89PE01753,89440300,88439468,86437796
89PE01754,89440301,88439468,86437796
89PE01755,89440302,87438570,88439904
89PE01756,89440303,88439450,85437023
89PE01757,89440304,88439450,85437023
89PE01758,89440305,88439450,85437023
89PE01759,89440306,88439450,84436401
89PE01760,89440307,88439450,84436401
89PE01761,89440308,88439581,84436655
89PE01762,89440309,88439581,84436655
89PE01763,89440310,88439468,87438540
89PE01764,89440311,88439468,87438540
89PE01765,89440312,88439450,85436978
89PE01766,89440313,88439450,85436978
89PE01767,89440314,87438928,87439302
89PE01768,89440315,87438570,88439642
89PE01769,89440316,88439450,85437189
89PE01770,89440317,88439450,85437189
89PE01771,89440318,87439177,87438583
89PE01772,89440319,88439581,86437685
89PE01773,89440320,88439581,86437685
89PE01774,89440321,88439450,84436522
89PE01775,89440322,88439450,84436522
89PE01776,89440323,87438806,83435841
89PE01777,89440324,87438806,83435841
89PE01778,89440325,87439072,87439120
89PE01779,89440326,88439450,84436694
89PE01780,89440327,88439450,84436694
89PE01781,89440328,88439450,86437979
89PE01782,89440329,88439450,86437979
89PE01783,89440330,87438853,85436979
89PE01784,89440331,87438853,85436979
89PE01785,89440332,87438666,87438918
89PE01786,89440333,88439581,84436833
89PE01787,89440334,88439581,84436833
89PE01788,89440335,88439468,85437480
89PE01789,89440336,87438853,82435261
89PE01790,89440337,87438888,88439939
89PE01791,89440338,87439001,87439173
89PE01792,89440339,87438888,88440084
89PE01793,89440340,87438897,87439346
89PE01794,89440341,88439468,84436454
89PE01795,89440342,88439468,84436454
89PE01796,89440343,87439001,84436856
89PE01797,89440344,87439001,84436856
89PE01798,89440345,87438722,84436683
89PE01799,89440346,88439450,85437563
89PE01800,89440347,88439450,85437563
89PE01801,89440348,87439072,82435079
89PE01802,89440349,87438763,85437305
89PE01803,89440350,87438763,85437305
89PE01804,89440351,87439001,87438574
89PE01805,89440352,87439001,87438574
89PE01806,89440353,88439468,85437480
89PE01807,89440354,88439468,85437480
89PE01808,89440355,87438897,85437142
89PE01809,89440356,87438897,85437142
89PE01810,89440357,87438938,87439272
89PE01811,89440358,87438938,87439272
89PE01812,89440359,87438897,85437551
89PE01813,89440360,87438897,85437551
89PE01814,89440361,88439450,85437427
89PE01815,89440362,88439450,85437427
89PE01816,89440363,88439581,82435189
89PE01817,89440364,88439581,82435189
89PE01818,89440365,88439450,84436865
89PE01819,89440366,88439450,84436865
89PE01820,89440367,88439450,84436865
89PE01821,89440368,87438792,85436993
89PE01822,89440369,88439581,85437118
89PE01823,89440370,88439581,85437118
89PE01824,89440371,88439581,85437118
89PE01825,89440372,88439450,87438663
89PE01826,89440373,88439450,87438663
89PE01827,89440374,87439001,85437424
89PE01828,89440375,87439072,85437374
89PE01829,89440376,87439072,85437374
89PE01830,89440377,88439581,84436325
89PE01831,89440378,87438865,87439092
89PE01832,89440379,88439786,82435089
89PE01833,89440380,88439468,86437687
89PE01834,89440381,88439468,86437687
89PE01835,89440382,88439581,86438322
89PE01836,89440383,88439581,86438322
89PE01837,89440384,87438897,87438866
89PE01838,89440385,88439786,87438900
89PE01839,89440386,88439786,87438900
89PE01840,89440387,88439581,87438980
89PE01841,89440388,88439581,87438980
89PE01842,89440389,87438651,88439978
89PE01843,89440390,87438570,88439929
89PE01844,89440391,88439468,82435216
89PE01845,89440392,88439468,82435216
89PE01846,89440393,88439468,85437183
89PE01847,89440394,88439468,85437183
89PE01848,89440395,87438865,86438324
89PE01849,89440396,87438865,86438324
89PE01850,89440397,88439786,85437173
89PE01851,89440398,88439786,85437173
89PE01852,89440399,87438792,85437066
89PE01853,89440400,88439581,87439137
89PE01854,89440401,88439450,84436476
89PE01855,89440402,88439450,84436476
89PE01856,89440403,87438865,82435073
89PE01857,89440404,87438865,82435073
89PE01858,89440405,88439786,85437024
89PE01859,89440406,88439786,85437024
89PE01860,89440407,88439786,83435634
89PE01861,89440408,88439786,83435634
89PE01862,89440409,88439786,83435634
89PE01863,89440410,87438897,83435692
89PE01864,89440411,87438897,83435692
89PE01865,89440412,87438792,86437750
89PE01866,89440413,88439468,83436200
89PE01867,89440414,88439468,83436200
89PE01868,89440415,88439450,87438829
89PE01869,89440416,88439450,87438829
89PE01870,89440417,87439072,84436806
89PE01871,89440418,87439177,84436911
89PE01872,89440419,87438938,87438611
89PE01873,89440420,87439177,83436308
89PE01874,89440421,87439177,83436308
89PE01875,89440422,88439581,85437581
89PE01876,89440423,88439581,85437581
89PE01877,89440424,88439468,84436685
89PE01878,89440425,87438538,87438689
89PE01879,89440426,87438928,85437514
89PE01880,89440427,87438928,85437514
89PE01881,89440428,87438928,85437514
89PE01882,89440429,88439786,83435823
89PE01883,89440430,88439786,83435823
89PE01884,89440431,88439581,86438063
89PE01885,89440432,88439581,86438063
89PE01886,89440433,88439581,85437466
89PE01887,89440434,87438888,88440113
89PE01888,89440435,88439581,83435648
89PE01889,89440436,88439581,83435648
89PE01890,89440437,87439250,83435745
89PE01891,89440438,87439250,83435745
89PE01892,89440439,87438722,86437703
89PE01893,89440440,88439581,87438839
89PE01894,89440441,87438806,85437610
89PE01895,89440442,88439468,84436864
89PE01896,89440443,88439468,84436864
89PE01897,89440444,87439072,86437792
89PE01898,89440445,87439072,86437792
89PE01899,89440446,87438792,87438862
89PE01900,89440447,88439450,87439207
89PE01901,89440448,87438938,86437864
89PE01902,89440449,87439177,85437441
89PE01903,89440450,87438928,84436380
89PE01904,89440451,87438928,84436380
89PE01905,89440452,88439468,86437881
89PE01906,89440453,88439468,86437881
89PE01907,89440454,88439581,84436518
89PE01908,89440455,88439581,84436518
89PE01909,89440456,88439581,84436518
89PE01910,89440457,87438865,83436175
89PE01911,89440458,87438865,83436175
89PE01912,89440459,88439786,84436801
89PE01913,89440460,88439786,84436801
89PE01914,89440461,87438664,87439248
89PE01915,89440462,87438664,87439248
89PE01916,89440463,87439028,87439322
89PE01917,89440464,87438765,87439290
89PE01918,89440465,88439786,85437449
89PE01919,89440466,87439001,83436285
89PE01920,89440467,87439001,83436285
89PE01921,89440468,87438664,87439287
89PE01922,89440469,87438664,87439287
89PE01923,89440470,87438664,83435675
89PE01924,89440471,87438664,83435675
89PE01925,89440472,87438765,87438727
89PE01926,89440473,87438765,87438727
89PE01927,89440474,87439028,87438745
89PE01928,89440475,88439581,86437788
89PE01929,89440476,87438722,82434911
89PE01930,89440477,88439468,84436364
89PE01931,89440478,88439468,84436364
89PE01932,89440479,88439786,85437025
89PE01933,89440480,87438538,87438788
89PE01934,89440481,87438666,85437276
89PE01935,89440482,87438666,85437276
89PE01936,89440483,88439786,84436425
89PE01937,89440484,88439786,84436425
89PE01938,89440485,88439786,86437916
89PE01939,89440486,88439786,86437916
89PE01940,89440487,87439001,86437808
89PE01941,89440488,87439001,86437808
89PE01942,89440489,87438664,87438610
89PE01943,89440490,87438865,85437324
89PE01944,89440491,87438865,85437324
89PE01945,89440492,87438664,86437906
89PE01946,89440493,87438897,84436506
89PE01947,89440494,87438538,86437880
89PE01948,89440495,88439450,82435074
89PE01949,89440496,88439450,82435074
89PE01950,89440497,88439581,84436428
89PE01951,89440498,88439450,83435539
89PE01952,89440499,88439450,83435539
89PE01953,89440500,88439468,85437370
89PE01954,89440501,88439468,85437370
89PE01955,89440502,88439468,85437370
89PE01956,89440503,88439581,87438797
89PE01957,89440504,88439581,87438797
89PE01958,89440505,88439581,87438797
89PE01959,89440506,87438928,85437041
89PE01960,89440507,87438928,85437041
89PE01961,89440508,87438666,83435592
89PE01962,89440509,87438666,83435592
89PE01963,89440510,87438666,87438571
89PE01964,89440511,87438666,87438571
89PE01965,89440512,88439468,87438658
89PE01966,89440513,88439468,87438658
89PE01967,89440514,87438938,85436955
89PE01968,89440515,88439786,86437782
89PE01969,89440516,88439786,86437782
89PE01970,89440517,87438928,82435341
89PE01971,89440518,87438928,82435341
89PE01972,89440519,88439786,86438265
89PE01973,89440520,88439786,86438265
89PE01974,89440521,87438763,86438283
89PE01975,89440522,87438763,86438283
89PE01976,89440523,87438888,88439398
89PE01977,89440524,87438888,88439398
89PE01978,89440525,87438570,88439567
89PE01979,89440526,87438853,87439280
89PE01980,89440527,87438928,86438006
89PE01981,89440528,87438928,86438006
89PE01982,89440529,88439581,87438889
89PE01983,89440530,88439581,87438889
89PE01984,89440531,87438938,82435254
89PE01985,89440532,87438664,86438218
89PE01986,89440533,87438538,84436334
89PE01987,89440534,87438538,84436334
89PE01988,89440535,87438722,85437301
89PE01989,89440536,87438897,86438061
89PE01990,89440537,87438888,88439433
89PE01991,89440538,87438570,88439856
89PE01992,89440539,87438666,87438595
89PE01993,89440540,87438664,86438015
89PE01994,89440541,87438792,87438630
89PE01995,89440542,87438570,88439408
89PE01996,89440543,87438570,88439408
89PE01997,89440544,88439581,84436346
89PE01998,89440545,88439581,84436346
89PE01999,89440546,87438722,83435867
89PE02000,89440547,87438722,83435867
89PE02001,89440548,88439450,86438260
89PE02002,89440549,88439786,84436583
89PE02003,89440550,88439786,84436583
89PE02004,89440551,88439786,84436583
89PE02005,89440552,87439250,85437165
89PE02006,89440553,87439250,85437165
89PE02007,89440554,87439250,86438098
89PE02008,89440555,87438570,88439754
89PE02009,89440556,88439581,85437159
89PE02010,89440557,87438664,87438772
89PE02011,89440558,87438664,82435259
89PE02012,89440559,87438664,82435259
89PE02013,89440560,88439450,87438528
89PE02014,89440561,87438650,87439336
89PE02015,89440562,87438650,87439336
89PE02016,89440563,87438666,87438825
89PE02017,89440564,87438666,85436997
89PE02018,89440565,87438666,85436997
89PE02019,89440566,87438666,85436997
89PE02020,89440567,87438538,86437927
89PE02021,89440568,87438765,82435280
89PE02022,89440569,87438765,82435280
89PE02023,89440570,87439001,82435177
89PE02024,89440571,88439468,86437959
89PE02025,89440572,88439468,86437959
89PE02026,89440573,87438664,86438506
89PE02027,89440574,87438664,86438506
89PE02028,89440575,87438666,82434830
89PE02029,89440576,87438666,82434830
89PE02030,89440577,87438765,86437955
89PE02031,89440578,87438765,86437955
89PE02032,89440579,87438853,86437870
89PE02033,89440580,87438538,87439319
89PE02034,89440581,87438865,86437764
89PE02035,89440582,87438865,86437764
89PE02036,89440583,87438865,86437764
89PE02037,89440584,88439581,83436157
89PE02038,89440585,88439581,83436157
89PE02039,89440586,87438666,82435331
89PE02040,89440587,87438666,82435331
89PE02041,89440588,87438650,83436217
89PE02042,89440589,87438650,83436217
89PE02043,89440590,87438664,86438016
89PE02044,89440591,87438538,87439105
89PE02045,89440592,87438538,87439105
89PE02046,89440593,87438650,85437176
89PE02047,89440594,87438650,85437176
89PE02048,89440595,87438570,88440086
89PE02049,89440596,87438664,82435238
89PE02050,89440597,87438664,82435238
89PE02051,89440598,87438664,82435238
89PE02052,89440599,87438792,83436198
89PE02053,89440600,87438792,83436198
89PE02054,89440601,87438650,84436666
89PE02055,89440602,87438650,84436666
89PE02056,89440603,87438650,84436666
89PE02057,89440604,87438664,82435127
89PE02058,89440605,87438664,82435127
89PE02059,89440606,87438538,86437963
89PE02060,89440607,87438538,86437963
89PE02061,89440608,87438792,87438998
89PE02062,89440609,87438792,87438998
89PE02063,89440610,87438666,85437553
89PE02064,89440611,87438666,85437553
89PE02065,89440612,87438651,88439413
89PE02066,89440613,87438666,85437312
89PE02067,89440614,87438666,85437312
89PE02068,89440615,88439786,85437587
89PE02069,89440616,88439786,85437587
89PE02070,89440617,87438666,83435822
89PE02071,89440618,87438650,87438913
89PE02072,89440619,87438792,86438052
89PE02073,89440620,87438792,86438052
89PE02074,89440621,88439786,87438590
89PE02075,89440622,87438792,83435504
89PE02076,89440623,87438792,83435504
89PE02077,89440624,87438666,86437663
89PE02078,89440625,87438666,86437663
89PE02079,89440626,87438664,87438720
89PE02080,89440627,87438792,86437885
89PE02081,89440628,87438792,86438108
89PE02082,89440629,87438792,86438108
89PE02083,89440630,87438792,86438442
89PE02084,89440631,87438664,87439373
89PE02085,89440632,87438664,87439373
89PE02086,89440633,87438650,82434877
89PE02087,89440634,87438666,85437553
89PE02088,89440635,87438538,85437299
89PE02089,89440636,87438538,85437299
89PE02090,89440637,87438664,87438682
89PE02091,89440638,87438664,87438682
89PE02092,89440639,87438664,87438682
89PE02093,89440640,87438570,88440142
89PE02094,89440641,87438664,86438217
89PE02095,89440642,87438664,86438217
89PE02096,89440643,87438650,84436879
89PE02097,89440644,87438650,84436879
89PE02098,89440645,87438664,86438490
89PE02099,89440646,87438664,86438490
89PE02100,89440647,87438666,86437902
89PE02101,89440648,87438792,86438192
89PE02102,89440649,87438538,86438109
89PE02103,89440650,87438664,85437300
89PE02104,89440651,87438664,85437300
89PE02105,89440652,87438666,86438073
89PE02106,89440653,87438664,86438204
89PE02107,89440654,87438664,86438204
89PE02108,89440655,87438792,87439337
89PE02109,89440656,87438538,82435390
89PE02110,89440657,87438888,88439455
89PE02111,89440658,87438570,88440061
89PE02112,89440659,87438666,87438653
89PE02113,89440660,87438666,87438653
89PE02114,89440661,87438792,85437484
89PE02115,89440662,87438792,85437484
89PE02116,89440663,87438792,85437206
89PE02117,89440664,87438792,85437206
89PE02118,89440665,87438664,83435640
89PE02119,89440666,87438664,83435640
89PE02120,89440667,87438664,87439122
89PE02121,89440668,87438664,87439122
89PE02122,89440669,87438570,88439508
89PE02123,89440670,87438570,88439508
89PE02124,89440671,87438888,88440011
89PE02125,89440672,87438792,85437031
89PE02126,89440673,87438792,85437031
89PE02127,89440674,87438664,87439353
89PE02128,89440675,87438650,86437813
89PE02129,89440676,87438650,86437813
89PE02130,89440677,88439581,86437929
89PE02131,89440678,88439581,86437929
89PE02132,89440679,87438650,86437928
89PE02133,89440680,87438664,85436975
89PE02134,89440681,87438664,85436975
89PE02135,89440682,87438792,87438758
89PE02136,89440683,87438650,86438019
89PE02137,89440684,87438650,86438019
89PE02138,89440685,87438538,87438568
89PE02139,89440686,87438664,82435301
89PE02140,89440687,87438664,82435301
89PE02141,89440688,87438538,86438131
89PE02142,89440689,87438538,86438131
89PE02143,89440690,87438666,87438930
89PE02144,89440691,87438650,85437497
89PE02145,89440692,87438650,85437497
89PE02146,89440693,87438538,83436103
89PE02147,89440694,87438666,86437798
89PE02148,89440695,87438792,86437894
89PE02149,89440696,87438792,86437894
89PE02150,89440697,87438666,82435231
89PE02151,89440698,87438666,82435231
89PE02152,89440699,87438538,84436485
89PE02153,89440700,87438538,84436485
89PE02154,89440701,87438664,86438069
89PE02155,89440702,87438792,83435606
89PE02156,89440703,87438792,83435606
89PE02157,89440704,87438650,87438789
89PE02158,89440705,87438888,88439831
89PE02159,89440706,87438570,88439710
89PE02160,89440707,87438666,85437137
89PE02161,89440708,87438666,85437137
89PE02162,89440709,87438664,86438465
89PE02163,89440710,87438538,81434064
89PE02164,89440711,87438650,85437310
89PE02165,89440712,87438650,85437310
89PE02166,89440713,87438650,87439149
89PE02167,89440714,87438888,88439448
89PE02168,89440715,87438651,88439933
89PE02169,89440716,87438792,86437994
89PE02170,89440717,87438792,86437994
89PE02171,89440718,87438666,83436077
89PE02172,89440719,87438666,83436077
89PE02173,89440720,87438538,86437876
89PE02174,89440721,88439468,86438389
89PE02175,89440722,88439468,86438389
89PE02176,89440723,87438664,87439091
89PE02177,89440724,87438792,82435013
89PE02178,89440725,87438650,87438969
89PE02179,89440726,87438650,85436941
89PE02180,89440727,87438650,85436941
89PE02181,89440728,87438650,84436387
89PE02182,89440729,87438650,84436387
89PE02183,89440730,87438538,85437131
89PE02184,89440731,87438538,85437131
89PE02185,89440732,87439177,87439203
89PE02186,89440733,87438792,84436673
89PE02187,89440734,87438538,86438039
89PE02188,89440735,87438651,88439473
89PE02189,89440736,87438888,88439542
89PE02190,89440737,87438888,88439542
89PE02191,89440738,87438666,86437989
89PE02192,89440739,87438666,86437989
89PE02193,89440740,88439786,87438798
89PE02194,89440741,88439786,87438798
89PE02195,89440742,87438763,84436766
89PE02196,89440743,87438763,84436766
89PE02197,89440744,87438763,84436766
89PE02198,89440745,87439072,87438550
89PE02199,89440746,87439072,87438550
89PE02200,89440747,87438792,82435042
89PE02201,89440748,87438792,82435042
89PE02202,89440749,87438651,88439622
89PE02203,89440750,87438651,88439622
89PE02204,89440751,87438650,86437748
89PE02205,89440752,87438538,86438429
89PE02206,89440753,87438651,88439732
89PE02207,89440754,87438570,88439826
89PE02208,89440755,87438651,88439537
89PE02209,89440756,88439468,87438864
89PE02210,89440757,88439468,87438864
89PE02211,89440758,88439468,83435746
89PE02212,89440759,88439468,83435746
89PE02213,89440760,87438888,88439719
89PE02214,89440761,87438806,87438929
89PE02215,89440762,87439028,83435499
89PE02216,89440763,87439028,83435499
89PE02217,89440764,87438538,87438944
89PE02218,89440765,88439581,85437325
89PE02219,89440766,88439581,85437325
89PE02220,89440767,88439450,86437711
89PE02221,89440768,88439450,86437711
89PE02222,89440769,87438570,88439777
89PE02223,89440770,87438570,88439777
89PE02224,89440771,87438538,87439311
89PE02225,89440772,87438538,83436147
89PE02226,89440773,87438538,83436147
89PE02227,89440774,87438763,87439020
89PE02228,89440775,87438763,87439020
89PE02229,89440776,87438650,83435497
89PE02230,89440777,88439786,84436341
89PE02231,89440778,88439786,84436341
89PE02232,89440779,88439786,87439295
89PE02233,89440780,88439786,87439295
89PE02234,89440781,88439450,85437124
89PE02235,89440782,88439450,85437124
89PE02236,89440783,87438928,87438731
89PE02237,89440784,87438928,87438731
89PE02238,89440785,87438763,83436007
89PE02239,89440786,87438763,83436007
89PE02240,89440787,87438538,84436587
89PE02241,89440788,87438538,84436587
89PE02242,89440789,88439581,86437828
89PE02243,89440790,88439581,86437828
89PE02244,89440791,87438570,88440249
89PE02245,89440792,87438651,88439510
89PE02246,89440793,87438538,86438135
89PE02247,89440794,87438538,86438135
89PE02248,89440795,87438806,85437262
89PE02249,89440796,87438806,85437262
89PE02250,89440797,87438570,88439584
89PE02251,89440798,87438666,86438059
89PE02252,89440799,87438666,86438059
89PE02253,89440800,87438664,85436948
89PE02254,89440801,87438664,85436948
89PE02255,89440802,87438666,84436708
89PE02256,89440803,87438666,84436708
89PE02257,89440804,87438666,86438245
89PE02258,89440805,87438666,86438245
89PE02259,89440806,87438666,86438245
89PE02260,89440807,87438570,88439540
89PE02261,89440808,87438651,88439874
89PE02262,89440809,87438666,87439232
89PE02263,89440810,87438666,87439232
89PE02264,89440811,87438763,86437730
89PE02265,89440812,87438763,86437730
89PE02266,89440813,88439450,84436732
89PE02267,89440814,88439450,84436732
89PE02268,89440815,88439450,84436732
89PE02269,89440816,88439581,83436256
89PE02270,89440817,88439581,83436256
89PE02271,89440818,87438538,87439277
89PE02272,89440819,87438538,87439277
89PE02273,89440820,87438664,87439352
89PE02274,89440821,87438664,87439352
89PE02275,89440822,87438888,88440105
89PE02276,89440823,88439786,84436514
89PE02277,89440824,88439581,87439053
89PE02278,89440825,88439581,87439053
89PE02279,89440826,88439581,87439053
89PE02280,89440827,87438650,87439308
89PE02281,89440828,87439028,85437539
89PE02282,89440829,87439028,85437539
89PE02283,89440830,87438666,87438746
89PE02284,89440831,87438666,87438746
89PE02285,89440832,87438570,88439614
89PE02286,89440833,87439177,86437809
89PE02287,89440834,87439177,86437809
89PE02288,89440835,87438666,86438518
89PE02289,89440836,87438792,86437930
89PE02290,89440837,87438765,84436343
89PE02291,89440838,87438765,84436343
89PE02292,89440839,87438792,86438175
89PE02293,89440840,87438792,86438175
89PE02294,89440841,88439786,87438919
89PE02295,89440842,88439786,87438919
89PE02296,89440843,88439468,87439331
89PE02297,89440844,88439468,87439331
89PE02298,89440845,88439468,87439331
89PE02299,89440846,88439468,84436521
89PE02300,89440847,88439468,84436521
89PE02301,89440848,87438792,84436411
89PE02302,89440849,87438792,84436411
89PE02303,89440850,88439786,87439032
89PE02304,89440851,88439786,87439032
89PE02305,89440852,87438792,87439013
89PE02306,89440853,87438666,87439157
89PE02307,89440854,87438853,84436321
89PE02308,89440855,87438664,85436951
89PE02309,89440856,87438664,85436951
89PE02310,89440857,87438888,88440028
89PE02311,89440858,87438666,86438427
89PE02312,89440859,88439468,85437123
89PE02313,89440860,88439468,85437123
89PE02314,89440861,87438651,88439583
89PE02315,89440862,87438651,88439583
89PE02316,89440863,87438651,88440018
89PE02317,89440864,88439468,86438210
89PE02318,89440865,88439468,86438210
89PE02319,89440866,88439468,86438210
89PE02320,89440867,88439786,86438042
89PE02321,89440868,88439786,86438042
89PE02322,89440869,87439028,86438028
89PE02323,89440870,87439028,86438028
89PE02324,89440871,87438888,88439453
89PE02325,89440872,87438570,88439692
89PE02326,89440873,88439468,84436315
89PE02327,89440874,88439468,84436315
89PE02328,89440875,87438651,88439930
89PE02329,89440876,87438651,88439930
89PE02330,89440877,87438666,86438111
89PE02331,89440878,87438666,86438111
89PE02332,89440879,87438650,85437012
89PE02333,89440880,87438650,85437012
89PE02334,89440881,87438650,86438107
89PE02335,89440882,87438650,86438107
89PE02336,89440883,87438650,84436525
89PE02337,89440884,87438650,84436525
89PE02338,89440885,87439250,87438923
89PE02339,89440886,87439250,87438923
89PE02340,89440887,87438538,84436843
89PE02341,89440888,87438888,88439463
89PE02342,89440889,87439028,84436416
89PE02343,89440890,87439028,84436416
89PE02344,89440891,87438666,82434797
89PE02345,89440892,87438651,88439705
89PE02346,89440893,87438888,88439727
89PE02347,89440894,87438651,88439735
89PE02348,89440895,87438853,87438612
89PE02349,89440896,87438570,88439530
89PE02350,89440897,87438792,85437349
89PE02351,89440898,87438792,85437349
89PE02352,89440899,87438792,87438602
89PE02353,89440900,87438570,88440072
89PE02354,89440901,87438666,84436440
89PE02355,89440902,87438666,84436440
89PE02356,89440903,87438792,87438585
89PE02357,89440904,87438792,85437013
89PE02358,89440905,87438792,85437013
89PE02359,89440906,87438792,87439156
89PE02360,89440907,87438792,87439156
89PE02361,89440908,87438650,87438607
89PE02362,89440909,87438865,84436775
89PE02363,89440910,87438650,86438144
89PE02364,89440911,87438650,86438441
89PE02365,89440912,87438650,82434889
89PE02366,89440913,87438650,87438711
89PE02367,89440914,87438792,84436527
89PE02368,89440915,87438792,84436527
89PE02369,89440916,87438792,84436527
89PE02370,89440917,87438651,88440111
89PE02371,89440918,87438651,88440111
89PE02372,89440919,87438651,88439869
89PE02373,89440920,87438651,88439587
89PE02374,89440921,87438651,88439587
89PE02375,89440922,87438651,88439846
89PE02376,89440923,87438570,88439439
89PE02377,89440924,87438651,88439765
89PE02378,89440925,87438570,88439519
89PE02379,89440926,87438651,88439822
89PE02380,89440927,87438570,88439774
89PE02381,89633822,87632675,86632258
89PE02382,89633823,87632675,86632258
89PE02383,89633824,88633645,87632949
89PE02384,89633825,87632782,83630230
89PE02385,89633826,88633645,85631496
89PE02386,89633827,88633645,85631496
89PE02387,89633828,88633281,83630252
89PE02388,89633829,88633281,83630252
89PE02389,89633830,88633220,83630533
89PE02390,89633831,88633220,83630533
89PE02391,89633832,87632726,82630121
89PE02392,89633833,87632726,82630121
89PE02393,89633834,87632712,83630201
89PE02394,89633835,87632854,87632417
89PE02395,89633836,87632854,87632417
89PE02396,89633837,87632735,85631664
89PE02397,89633838,87632726,84630909
89PE02398,89633839,87632726,84630909
89PE02399,89633840,87632726,84630909
89PE02400,89633841,88633220,87632531
89PE02401,89633842,87632495,87632545
89PE02402,89633843,87632495,87632545
89PE02403,89633844,87632854,84631147
89PE02404,89633845,87632726,87632715
89PE02405,89633846,87632726,87632715
89PE02406,89633847,87632712,84630963
89PE02407,89633848,88633645,86632001
89PE02408,89633849,88633645,86632001
89PE02409,89633850,87632854,85631490
89PE02410,89633851,87632854,85631490
89PE02411,89633852,88633220,84631042
89PE02412,89633853,88633281,87632615
89PE02413,89633854,87632782,84630771
89PE02414,89633855,87632854,86631950
89PE02415,89633856,87632735,87632603
89PE02416,89633857,87632712,87632532
89PE02417,89633858,87632735,86631884
89PE02418,89633859,87632735,86631884
89PE02419,89633860,88633220,86632057
89PE02420,89633861,88633220,86632057
89PE02421,89633862,87632735,85631376
89PE02422,89633863,88633281,85631235
89PE02423,89633864,88633281,85631235
89PE02424,89633865,87632675,87632540
89PE02425,89633866,87632675,86632362
89PE02426,89633867,87632675,86632362
89PE02427,89633868,87632735,87632680
89PE02428,89633869,87632735,87632680
89PE02429,89633870,88633645,87632508
89PE02430,89633871,87632854,87632716
89PE02431,89633872,87632735,87632933
89PE02432,89633873,88633281,85631759
89PE02433,89633874,88633281,85631759
89PE02434,89633875,87632782,83630359
89PE02435,89633877,88633220,85631303
89PE02436,89633878,88633645,86632360
89PE02437,89633879,88633645,86632360
89PE02438,89633880,87632495,87632669
89PE02439,89633881,87632675,84631106
89PE02440,89633882,87632495,85631724
89PE02441,89633883,87632495,85631724
89PE02442,89633884,87632854,82629798
89PE02443,89633885,87632854,82629798
89PE02444,89633886,88633220,87632945
89PE02445,89633887,87632854,85631520
89PE02446,89633888,88633281,83630425
89PE02447,89633889,88633281,83630425
89PE02448,89633890,88633281,85631482
89PE02449,89633891,88633281,85631482
89PE02450,89633892,87632726,87632497
89PE02451,89633893,87632735,84630843
89PE02452,89633894,87632735,84630843
89PE02453,89633895,87632675,86632197
89PE02454,89633896,88633645,87632591
89PE02455,89633897,88633645,87632591
89PE02456,89633898,88633281,84631047
89PE02457,89633899,88633281,84631047
89PE02458,89633900,87632854,82630048
89PE02459,89633901,88633515,87632438
89PE02460,89633902,87632782,87632602
89PE02461,89633903,87632675,83630202
89PE02462,89633904,87632675,83630202
89PE02463,89633905,88633220,83630207
89PE02464,89633906,88633220,83630207
89PE02465,89633907,88633220,83630207
89PE02466,89633908,88633281,87632891
89PE02467,89633909,88633220,85631731
89PE02468,89633910,87632675,85631366
89PE02469,89633911,87632675,85631366
89PE02470,89633912,88633220,87632457
89PE02471,89633913,87632782,85631604
89PE02472,89633914,87632726,86632253
89PE02473,89633915,87632675,85631781
89PE02474,89633916,87632675,85631781
89PE02475,89633917,88633220,86631956
89PE02476,89633918,88633220,84630778
89PE02477,89633919,88633220,84630778
89PE02478,89633920,88633515,85631242
89PE02479,89633921,88633515,85631242
89PE02480,89633922,88633515,85631729
89PE02481,89633923,87632726,87633012
89PE02482,89633924,87632726,87633012
89PE02483,89633925,87632675,87632464
89PE02484,89633926,87632675,87632464
89PE02485,89633927,87632782,87632987
89PE02486,89633928,87632782,87632987
89PE02487,89633929,87632963,87632537
89PE02488,89633930,87632782,87632554
89PE02489,89633931,87632782,87632554
89PE02490,89633932,88633220,85631704
89PE02491,89633933,88633220,85631704
89PE02492,89633934,88633281,85631719
89PE02493,89633935,88633281,85631719
89PE02494,89633936,88633220,86632325
89PE02495,89633937,88633220,86632325
89PE02496,89633938,88633220,86632325
89PE02497,89633939,88633645,83630617
89PE02498,89633940,88633645,85631404
89PE02499,89633941,88633220,85631741
89PE02500,89633942,88633220,85631741
89PE02501,89633943,87632782,86632123
89PE02502,89633944,87632854,87632448
89PE02503,89633945,87632726,83630373
89PE02504,89633946,87632726,83630373
89PE02505,89633947,87632675,86632406
89PE02506,89633948,87632675,86632406
89PE02507,89633949,87632854,83630713
89PE02508,89633950,88633515,86632228
89PE02509,89633951,88633515,86632228
89PE02510,89633952,88633515,83630409
89PE02511,89633953,88633515,83630409
89PE02512,89633954,88633515,83630409
89PE02513,89633955,87632495,87632521
89PE02514,89633956,87632495,87632521
89PE02515,89633957,87632963,85631591
89PE02516,89633958,87632782,84631122
89PE02517,89633959,87632782,84631122
89PE02518,89633960,88633645,86632405
89PE02519,89633961,88633515,83630183
89PE02520,89633962,88633515,83630183
89PE02521,89633963,87632854,86632117
89PE02522,89633964,87632854,86632117
89PE02523,89633965,87632675,86631812
89PE02524,89633966,87632675,86631812
89PE02525,89633967,87632735,84630922
89PE02526,89633968,87632726,85631313
89PE02527,89633969,87632612,88633403
89PE02528,89633970,88633220,85631533
89PE02529,89633971,88633220,85631533
89PE02530,89633972,87632782,84630912
89PE02531,89633973,88633515,85631702
89PE02532,89633974,88633515,85631702
89PE02533,89633975,87632495,86631924
89PE02534,89633976,87632495,86631924
89PE02535,89633977,87632495,82630164
89PE02536,89633978,87632495,82630164
89PE02537,89633979,87632782,86632099
89PE02538,89633980,87632735,85631567
89PE02539,89633981,87632735,85631567
89PE02540,89633982,87632782,86632407
89PE02541,89633983,87632782,86632407
89PE02542,89633984,87632782,86631919
89PE02543,89633985,87632782,86631919
89PE02544,89633986,88633515,87632574
89PE02545,89633987,88633515,87632574
89PE02546,89633988,87632726,86631949
89PE02547,89633989,87632726,86631949
89PE02548,89633990,87632612,88633203
89PE02549,89633991,87632735,86631951
89PE02550,89633992,88633281,84631137
89PE02551,89633993,88633645,87632619
89PE02552,89633994,87632735,85631636
89PE02553,89633995,87632735,85631636
89PE02554,89633996,87632675,85631582
89PE02555,89633997,87632675,85631582
89PE02556,89633998,87632675,85631582
89PE02557,89633999,87632854,86632203
89PE02558,89634000,87632854,86632203
89PE02559,89634001,87632854,87632599
89PE02560,89634002,88633281,86631852
89PE02561,89634003,88633281,86631852
89PE02562,89634004,88633281,87632552
89PE02563,89634005,88633281,87632552
89PE02564,89634006,87632735,86632219
89PE02565,89634007,87632735,86632219
89PE02566,89634008,87632735,87632427
89PE02567,89634009,87632735,87632427
89PE02568,89634010,88633281,82630179
89PE02569,89634011,88633645,83630428
89PE02570,89634012,88633645,83630428
89PE02571,89634013,87632782,87632505
89PE02572,89634014,88633281,86632403
89PE02573,89634015,88633515,86632005
89PE02574,89634016,88633515,86632005
89PE02575,89634017,87632495,83630522
89PE02576,89634018,87632495,83630522
89PE02577,89634019,87632782,87632702
89PE02578,89634020,88633281,84630999
89PE02579,89634021,88633281,84630999
89PE02580,89634022,87632726,85631516
89PE02581,89634023,87632726,85631253
89PE02582,89634024,87632854,87632685
89PE02583,89634025,87632854,87632685
89PE02584,89634026,87632963,85631271
89PE02585,89634027,87632963,85631271
89PE02586,89634028,87632854,86632042
89PE02587,89634029,87632854,86632042
89PE02588,89634030,87632675,87632705
89PE02589,89634031,87632854,85631555
89PE02590,89634032,87632854,85631555
89PE02591,89634033,88633645,83630212
89PE02592,89634034,88633645,83630212
89PE02593,89634035,87632612,88633117
89PE02594,89634036,87632735,85631536
89PE02595,89634037,87632782,86632364
89PE02596,89634038,87632495,86631939
89PE02597,89634039,88633281,83630541
89PE02598,89634040,87632963,86632271
89PE02599,89634041,88633645,84631203
89PE02600,89634042,88633645,84631203
89PE02601,89634043,87632726,87632995
89PE02602,89634044,87632726,87632995
89PE02603,89634045,88633515,87632514
89PE02604,89634046,87632504,88633604
89PE02605,89634047,87632675,87632798
89PE02606,89634048,87632712,87632482
89PE02607,89634049,87632712,87632482
89PE02608,89634050,87632495,84631141
89PE02609,89634051,87632495,84631141
89PE02610,89634052,87632854,86631883
89PE02611,89634053,87632854,86631883
89PE02612,89634054,88633515,85631405
89PE02613,89634055,88633515,85631405
89PE02614,89634056,88633515,85631501
89PE02615,89634057,88633515,85631501
89PE02616,89634058,88633645,87632733
89PE02617,89634059,88633645,87632733
89PE02618,89634060,88633220,87632958
89PE02619,89634061,88633281,85631333
89PE02620,89634062,87632963,85631421
89PE02621,89634063,87632963,85631421
89PE02622,89634064,87632495,84630948
89PE02623,89634065,88633220,83630300
89PE02624,89634066,87632782,86632232
89PE02625,89634067,87632782,86632232
89PE02626,89634068,87632726,87632792
89PE02627,89634069,87632726,87632792
89PE02628,89634070,87632854,82630041
89PE02629,89634071,87632854,82630041
89PE02630,89634072,88633645,86632145
89PE02631,89634073,87632854,86632374
89PE02632,89634074,88633645,84630945
89PE02633,89634075,88633645,84630945
89PE02634,89634076,87632612,88633671
89PE02635,89634077,87632854,84630998
89PE02636,89634078,87632854,84630998
89PE02637,89634079,88633645,85631768
89PE02638,89634080,88633645,85631768
89PE02639,89634081,88633645,85631768
89PE02640,89634082,87632735,83630433
89PE02641,89634083,87632712,87632453
89PE02642,89634084,88633220,87632613
89PE02643,89634085,87632735,87632461
89PE02644,89634086,87632495,83630443
89PE02645,89634087,87632726,86632337
89PE02646,89634088,87632726,86632337
89PE02647,89634089,88633645,84631152
89PE02648,89634090,88633515,86632077
89PE02649,89634091,88633515,86632077
89PE02650,89634092,87632495,84631005
89PE02651,89634093,88633220,86631809
89PE02652,89634094,88633220,86631809
89PE02653,89634095,87632712,87632688
89PE02654,89634096,87632712,87632688
89PE02655,89634097,87632735,82630069
89PE02656,89634098,87632735,82630069
89PE02657,89634099,87632712,86632161
89PE02658,89634100,87632712,86632161
89PE02659,89634101,88633645,86632352
89PE02660,89634102,87632726,86632185
89PE02661,89634103,87632495,87632977
89PE02662,89634104,87632675,84630793
89PE02663,89634105,87632675,84630793
89PE02664,89634106,88633220,87632698
89PE02665,89634107,88633220,87632698
89PE02666,89634108,87632675,85631249
89PE02667,89634109,87632495,86631864
89PE02668,89634110,87632726,86632400
89PE02669,89634111,87632726,86632400
89PE02670,89634112,87632782,87632809
89PE02671,89634113,87632782,87632809
89PE02672,89634114,88633515,84630969
89PE02673,89634115,87632963,86632166
89PE02674,89634116,87632963,84630937
89PE02675,89634117,87632963,84630937
89PE02676,89634118,88633220,86632144
89PE02677,89634119,88633220,86632144
89PE02678,89634120,87632726,86632069
89PE02679,89634121,87632726,86632069
89PE02680,89634122,88633645,84631063
89PE02681,89634123,88633645,84631063
89PE02682,89634124,87632726,87632442
89PE02683,89634125,87632495,87632657
89PE02684,89634126,87632495,87632657
89PE02685,89634127,88633515,84631103
89PE02686,89634128,87632782,87632536
89PE02687,89634129,87632612,88633380
89PE02688,89634130,87632963,86631971
89PE02689,89634131,87632712,86632091
89PE02690,89634132,87632712,86632091
89PE02691,89634133,87632735,85631485
89PE02692,89634134,87632735,85631485
89PE02693,89634135,87632735,85631485
89PE02694,89634136,88633515,83630272
89PE02695,89634137,88633515,83630272
89PE02696,89634138,88633281,86631830
89PE02697,89634139,88633281,86631830
89PE02698,89634140,87632735,82629919
89PE02699,89634141,87632735,82629919
89PE02700,89634142,87632735,86632021
89PE02701,89634143,87632735,86632021
89PE02702,89634144,87632452,88633572
89PE02703,89634145,87632452,88633572
89PE02704,89634146,88633515,84631170
89PE02705,89634147,88633220,86631849
89PE02706,89634148,88633220,86631849
89PE02707,89634149,88633220,84630993
89PE02708,89634150,88633515,87632951
89PE02709,89634151,88633515,87632951
89PE02710,89634152,87632782,86631923
89PE02711,89634153,87632782,86631923
89PE02712,89634154,87632782,86631923
89PE02713,89634155,88633281,82629744
89PE02714,89634156,88633281,82629744
89PE02715,89634157,87632782,86631791
89PE02716,89634158,87632782,86631791
89PE02717,89634159,87632675,87633010
89PE02718,89634160,88633281,87633030
89PE02719,89634161,88633281,87633030
89PE02720,89634163,87632854,82629736
89PE02721,89634164,88633220,85631650
89PE02722,89634165,88633220,85631650
89PE02723,89634166,88633645,86631831
89PE02724,89634167,88633220,86632333
89PE02725,89634168,88633220,86632333
89PE02726,89634169,87632782,85631733
89PE02727,89634170,87632782,85631733
89PE02728,89634171,87632963,86631942
89PE02729,89634172,87632782,87632639
89PE02730,89634173,87632782,87632639
89PE02731,89634174,87632675,86632122
89PE02732,89634175,88633220,86632401
89PE02733,89634176,87632963,85631497
89PE02734,89634177,87632963,85631497
89PE02735,89634178,88633645,83630396
89PE02736,89634179,88633645,83630396
89PE02737,89634180,87632854,87632894
89PE02738,89634181,87632854,87632894
89PE02739,89634182,87632735,82630082
89PE02740,89634183,87632735,82630082
89PE02741,89634184,88633220,82630051
89PE02742,89634185,87632712,87632626
89PE02743,89634186,87632504,88633065
89PE02744,89634187,87632712,86631943
89PE02745,89634188,87632712,86631943
89PE02746,89634189,87632726,82630135
89PE02747,89634190,87632726,82630135
89PE02748,89634191,87632675,87632618
89PE02749,89634192,88633220,83630418
89PE02750,89634193,88633220,83630418
89PE02751,89634194,87632854,86631980
89PE02752,89634195,87632854,86631980
89PE02753,89634196,87632675,87632642
89PE02754,89634197,87632675,87632642
89PE02755,89634198,87632735,86632165
89PE02756,89634199,87632735,86632165
89PE02757,89634200,87632495,87632682
89PE02758,89634201,87632495,87632682
89PE02759,89634202,87632726,82629756
89PE02760,89634203,87632726,82629756
89PE02761,89634204,87632735,84631056
89PE02762,89634205,87632735,84631056
89PE02763,89634206,87632726,84631112
89PE02764,89634207,87632726,84631112
89PE02765,89634208,88633645,87632784
89PE02766,89634209,87632726,83630538
89PE02767,89634210,87632726,83630538
89PE02768,89634211,87632712,86631840
89PE02769,89634212,87632495,87632648
89PE02770,89634213,87632495,87632648
89PE02771,89634214,88633281,86631958
89PE02772,89634215,88633281,86631958
89PE02773,89634216,87632495,87632936
89PE02774,89634217,87632495,87632936
89PE02775,89634218,87632712,86632251
89PE02776,89634219,87632712,86632251
89PE02777,89634220,87632735,84631177
89PE02778,89634221,87632726,87632476
89PE02779,89634222,87632726,87632476
89PE02780,89634223,87632735,85631265
89PE02781,89634224,87632735,85631265
89PE02782,89634225,87632712,83630630
89PE02783,89634226,87632712,83630630
89PE02784,89634227,87632854,85631413
89PE02785,89634228,87632675,87632466
89PE02786,89634229,88633220,87632776
89PE02787,89634230,88633220,87632776
89PE02788,89634231,87632963,82630134
89PE02789,89634232,87632782,87632671
89PE02790,89634233,87632782,87632671
89PE02791,89634234,87632854,87632847
89PE02792,89634235,87632854,87632847
89PE02793,89634236,87632963,86632037
89PE02794,89634237,87632963,86632037
89PE02795,89634238,87632495,87632760
89PE02796,89634239,87632854,85631361
89PE02797,89634240,87632854,85631361
89PE02798,89634241,88633281,85631751
89PE02799,89634242,88633281,85631751
89PE02800,89634243,87632963,84630913
89PE02801,89634244,87632612,88633752
89PE02802,89634245,87632504,88633128
89PE02803,89634246,87632735,82629754
89PE02804,89634247,87632726,87632624
89PE02805,89634248,87632726,87632624
89PE02806,89634249,88633515,87632834
89PE02807,89634250,87632675,82629897
89PE02808,89634251,88633645,86632076
89PE02809,89634252,88633281,87632487
89PE02810,89634253,88633281,87632487
89PE02811,89634254,87632854,85631723
89PE02812,89634255,87632495,87632852
89PE02813,89634256,88633281,86632281
89PE02814,89634257,88633281,86632281
89PE02815,89634258,87632782,86631801
89PE02816,89634259,87632782,86631801
89PE02817,89634260,88633515,86632265
89PE02818,89634261,88633515,86631804
89PE02819,89634262,87632495,86632313
89PE02820,89634263,87632495,86632313
89PE02821,89634264,87632495,86631966
89PE02822,89634265,87632735,87632721
89PE02823,89634266,87632726,85631639
89PE02824,89634267,87632612,88633506
89PE02825,89634268,87632612,88633506
89PE02826,89634269,88633645,85631609
89PE02827,89634270,88633515,87632924
89PE02828,89634271,88633515,87632924
89PE02829,89634272,87632675,87632970
89PE02830,89634273,87632495,83630399
89PE02831,89634274,87632495,83630399
89PE02832,89634275,87632726,83630338
89PE02833,89634276,87632726,83630338
89PE02834,89634277,87632612,88633275
89PE02835,89634278,87632612,88633275
89PE02836,89634279,87632452,88633665
89PE02837,89634280,88633515,86631907
89PE02838,89634281,88633515,86631907
89PE02839,89634282,87632675,87632496
89PE02840,89634283,87632782,86631818
89PE02841,89634284,87632495,87633011
89PE02842,89634285,87632495,87633011
89PE02843,89634286,87632854,87632491
89PE02844,89634287,87632854,87632491
89PE02845,89634288,87632452,88633126
89PE02846,89634289,87632735,83630205
89PE02847,89634290,87632735,83630205
89PE02848,89634291,87632735,83630205
89PE02849,89634292,87632726,84630942
89PE02850,89634293,87632495,86631823
89PE02851,89634294,87632675,84630959
89PE02852,89634295,87632675,84630959
89PE02853,89634296,87632675,83630326
89PE02854,89634297,87632675,83630326
89PE02855,89634298,88633281,84630869
89PE02856,89634299,88633281,84630869
89PE02857,89634300,87632854,86631811
89PE02858,89634301,87632726,85631614
89PE02859,89634302,87632726,85631614
89PE02860,89634303,87632452,88633221
89PE02861,89634304,87632452,88633221
89PE02862,89634305,87632854,83630376
89PE02863,89634306,88633515,83630679
89PE02864,89634307,88633515,83630679
89PE02865,89634308,87632782,87632723
89PE02866,89634309,87632782,82630140
89PE02867,89634310,87632782,82630140
89PE02868,89634311,87632726,86632038
89PE02869,89634312,88633515,86631848
89PE02870,89634313,87632712,87632978
89PE02871,89634314,87632712,87632978
89PE02872,89634315,88633515,82630050
89PE02873,89634316,88633515,82630050
89PE02874,89634317,88633515,82630050
89PE02875,89634318,87632712,85631336
89PE02876,89634319,87632712,85631336
89PE02877,89634320,87632712,85631336
89PE02878,89634321,88633515,85631643
89PE02879,89634322,88633515,85631643
89PE02880,89634323,87632726,86631880
89PE02881,89634324,87632726,86631880
89PE02882,89634325,88633281,87632699
89PE02883,89634326,88633281,85631660
89PE02884,89634327,87632963,86632398
89PE02885,89634328,88633645,86631868
89PE02886,89634329,88633645,86631868
89PE02887,89634330,87632612,88633190
89PE02888,89634331,87632452,88633360
89PE02889,89634332,87632452,88633360
89PE02890,89634333,87632782,87632770
89PE02891,89634334,87632782,87632770
89PE02892,89634335,87632782,82629969
89PE02893,89634336,87632782,82629969
89PE02894,89634337,87632612,88633072
89PE02895,89634338,87632735,86632379
89PE02896,89634339,87632735,86632379
89PE02897,89634340,87632578,88633285
89PE02898,89634341,87632578,88633285
89PE02899,89634342,87632612,88633130
89PE02900,89634343,87632782,84630983
89PE02901,89634344,87632712,85631207
89PE02902,89634345,87632495,85631312
89PE02903,89634346,87632495,85631312
89PE02904,89634347,87632963,85631237
89PE02905,89634348,87632963,85631237
89PE02906,89634349,87632726,85631468
89PE02907,89634350,87632495,87632846
89PE02908,89634351,86802162,87632720
89PE02909,89634352,86802162,87632720
89PE02910,89634353,87632675,83630643
89PE02911,89634354,87632675,83630643
89PE02912,89634355,87632675,86631910
89PE02913,89634356,87632782,84631171
89PE02914,89634357,87632495,86632243
89PE02915,89634358,87632675,87632459
89PE02916,89634359,87632675,87632459
89PE02917,89634360,88633515,82629908
89PE02918,89634361,87632452,88633312
89PE02919,89634362,87632452,88633312
89PE02920,89634363,87632963,83630365
89PE02921,89634364,87632963,83630365
89PE02922,89634365,87632712,84631142
89PE02923,89634366,87632578,88633463
89PE02924,89634367,87632612,88633300
89PE02925,89634368,87632452,88633181
89PE02926,89634369,87632452,88633073
89PE02927,89634370,87632504,88633228
89PE02928,89634371,87632452,88633470
89PE02929,89634372,87632612,88633241
89PE02930,89634373,87632452,88633250
89PE02931,89634374,87632452,88633185
89PE02932,89634375,87632612,88633115
89PE02933,89634376,87632452,88633292
89PE02934,89634377,87632452,88633373
89PE02935,89634378,87632612,88633093
89PE02936,89634379,87632612,88633093
89PE02937,89634380,87632452,88633272
89PE02938,89634381,87632452,88633272
89PE02939,89634382,87632504,88633062
89PE02940,89634383,87632504,88633683
89PE02941,89634384,87632504,88633134
89PE02942,89634385,87632452,88633503
89PE02943,89634386,87632452,88633122
89PE02944,89634387,87632452,88633122
89PE02945,89634388,87632612,88633391
89PE02946,89634389,87632578,88633296
89PE02947,89634390,87632504,88633186
89PE02948,89634391,87632504,88633498
89PE02949,89634392,87632452,88633303
89PE02950,89634393,87632504,88633252
89PE02951,89634394,87632578,88633581
89PE02952,89634395,87632578,88633581
89PE02953,89634396,87632612,88633347
89PE02954,89634397,87632504,88633302
89PE02955,89634398,87632612,88633271
89PE02956,89634399,87632578,88633066
89PE02957,89634400,87632452,88633753
89PE02958,89634401,87632452,88633244
89PE02959,89634402,87632452,88633378
89PE02960,89634403,87632452,88633429
89PE02961,89634404,87632578,88633103
89PE02962,89634405,87632578,88633402
89PE02963,89634406,87632504,88633368
89PE02964,89634407,87632578,88633070
89PE02965,89634408,87632452,88633249
89PE02966,89634409,87632504,88633172
89PE02967,89634410,87632578,88633175
89PE02968,89634411,87632612,88633464
89PE02969,89634412,87632578,88633340
89PE02970,89634413,87632612,88633219
89PE02971,89808097,87000000,84195495
89PE02972,89808098,87000000,86029231
89PE02973,89808099,87000000,86029231
89PE02974,89808100,87000000,83194794
89PE02975,89808101,87000000,83194794
89PE02976,89808102,87000000,83194794
89PE02977,89808103,87000000,82194183
89PE02978,89808104,87000000,86197409
89PE02979,89808105,87000000,85196731
89PE02980,89808106,87000000,84630763
89PE02981,89808107,87000000,86632290
89PE02982,89808108,87000000,83194754
89PE02983,89808109,87000000,82194055
89PE02984,89808110,87000000,83194735
89PE02985,89808111,87000000,83194735
89PE02986,89808112,87000000,86197106
89PE02987,89808113,87000000,86197106
89PE02988,89808114,87000000,85437556
89PE02989,89808115,87000000,86197060
89PE02990,89808116,87000000,85196566
89PE02991,89808117,87000000,84195403
89PE02992,89808118,87000000,83194988
89PE02993,89808119,87000000,86197385
89PE02994,89808120,87000000,85196465
89PE02995,89808121,87000000,85196465
89PE02996,89808122,87000000,86437775
89PE02997,89808123,87000000,86437775
89PE02998,89808124,87000000,83194949
89PE02999,89808125,87000000,86197370
89PE03000,89808126,87000000,86196954
89PE03001,89808127,87000000,86196954
89PE03002,89808128,87000000,86197040
89PE03003,89808129,87000000,86197040
89PE03004,89808130,87000000,86197454
89PE03005,89808131,87000000,82194606
89PE03006,89808132,87000000,82194606
89PE03007,89808133,87000000,84436754
89PE03008,89808134,87000000,86197551
89PE03009,89808135,87000000,86437695
89PE03010,89808136,87000000,86437695
89PE03011,89808137,87000000,85196406
89PE03012,89808138,87000000,85196406
89PE03013,89808139,87000000,86197127
89PE03014,89808140,87000000,85196297
89PE03015,89808141,87000000,85196297
89PE03016,89808142,87000000,83435740
89PE03017,89808143,87000000,86197426
89PE03018,89808144,87000000,86197426
89PE03019,89808145,87000000,82194415
89PE03020,89808146,87000000,83435519
89PE03021,89808147,87000000,83435519
89PE03022,89808148,87000000,85437108
89PE03023,89808149,87000000,85437108
89PE03024,89808150,87000000,85196281
89PE03025,89808151,87000000,85196281
89PE03026,89808152,87000000,82194122
89PE03027,89808153,87000000,82194122
89PE03028,89808154,87000000,85437351
89PE03029,89808155,87000000,85437351
89PE03030,89808156,87000000,85437538
89PE03031,89808157,87000000,85196440
89PE03032,89808158,87000000,85196440
89PE03033,89808159,87000000,84195699
89PE03034,89808160,87000000,84195699
89PE03035,89808161,87000000,85196695
89PE03036,89808162,87000000,85196695
89PE03037,89808163,87000000,82434989
89PE03038,89808164,87000000,82434989
89PE03039,89808165,87000000,85196152
89PE03040,89808166,87000000,84195849
89PE03041,89808167,87000000,85437048
89PE03042,89808168,87000000,85437048
89PE03043,89808169,87000000,88199072
89PE03044,89808170,87190000,88805735
89PE03045,89808171,87190000,88805735
89PE03046,89808172,87190000,88805883
89PE03047,89808173,87190000,88805883
89PE03048,89808174,84970022,83974517
89PE03049,89808175,84970022,83974517
89PE03050,89808176,84970022,83974537
89PE03051,89808177,84970022,83974537
89PE03052,89808178,88439468,87438766
89PE03053,89808179,87190000,88807171
89PE03054,89808180,85979218,85978761
89PE03055,89808181,85979218,85978761
89PE03056,89808182,84970022,83974597
89PE03057,89808183,84970022,83974597
89PE03058,89808184,84970022,85978799
89PE03059,89808185,87190000,88806422
89PE03060,89808186,87190000,88805665
89PE03061,89808187,87190000,88805665
89PE03062,89808188,85979218,86801452
89PE03063,89808189,85979218,86801452
89PE03064,89808190,85979218,87803518
89PE03065,89808191,87190000,88805792
89PE03066,89808192,87190000,88805792
89PE03067,89808193,87190000,88806637
89PE03068,89808194,87190000,88806637
89PE03069,89808195,87190000,88806800
89PE03070,89808196,86800949,88806211
89PE03071,89808197,87190000,88807701
89PE03072,89808198,87190000,88807701
89PE03073,89808199,87190000,88807102
89PE03074,89808200,87190000,88807755
89PE03075,89808201,87190000,88806999
89PE03076,89808202,87190000,88806999
89PE03077,89808203,85979218,87803706
89PE03078,89808204,87190000,88806722
89PE03079,89808205,87190000,88806722
89PE03080,89808206,84970022,87804150
89PE03081,89808207,84970022,87804150
89PE03082,89808208,87190000,88806705
89PE03083,89808209,87190000,88806705
89PE03084,89808210,87190000,88806120
89PE03085,89808211,87190000,88805955
89PE03086,89808212,87190000,88807720
89PE03087,89808213,87190000,88806945
89PE03088,89808214,87190000,88805667
89PE03089,89808215,87190000,88805667
89PE03090,89808216,84970022,87803517
89PE03091,89808217,84970022,87803517
89PE03092,89808218,87190000,88805680
89PE03093,89808219,86800949,88805923
89PE03094,89808220,87190000,88805834
89PE03095,89808221,84970022,86801724
89PE03096,89808222,87190000,88807424
89PE03097,89808223,84970022,86801724
89PE03098,89808224,84970022,86801724
89PE03099,89808225,84970022,87805509
89PE03100,89808226,84970022,87805509
89PE03101,89808227,84970022,87804881
89PE03102,89808228,87190000,88805712
89PE03103,89808229,87190000,88805712
89PE03104,89808230,87190000,88805668
89PE03105,89808231,86800949,88805700
89PE03106,89808232,85979218,87803667
89PE03107,89808233,87190000,88805896
89PE03108,89808234,87190000,88807864
89PE03109,89808235,87190000,88807864
89PE03110,89808236,85979218,87803830
89PE03111,89808237,86800949,88805836
89PE03112,89808238,87190000,88806731
89PE03113,89808239,87190000,88806731
89PE03114,89808240,84970022,83974527
89PE03115,89808241,84970022,83974527
89PE03116,89808242,85979218,85979037
89PE03117,89808243,85979218,85979037
89PE03118,89808244,85979218,85979037
89PE03119,89808245,84970022,83974564
89PE03120,89808246,84970022,83974564
89PE03121,89808247,84970022,83974564
89PE03122,89808248,85979218,86801233
89PE03123,89808249,85979218,86801233
89PE03124,89808250,87190000,88807726
89PE03125,89808251,87190000,88807726
89PE03126,89808252,84970022,86801148
89PE03127,89808253,85979218,87803829
89PE03128,89808254,84970022,84976577
89PE03129,89808255,84970022,84976577
89PE03130,89808256,84970022,85978610
89PE03131,89808257,87190000,88807486
89PE03132,89808258,87190000,88806654
89PE03133,89808259,87190000,88806654
89PE03134,89808260,87970000,87805457
89PE03135,89808261,87970000,87805457
89PE03136,89808262,87190000,88807654
89PE03137,89808263,85979218,87804012
89PE03138,89808264,85979218,87804012
89PE03139,89808265,87190000,88806093
89PE03140,89808266,87190000,88807564
89PE03141,89808267,87190000,88807076
89PE03142,89808268,87190000,88807076
89PE03143,89808269,85979218,83974553
89PE03144,89808270,85979218,83974553
89PE03145,89808271,84970022,83974570
89PE03146,89808272,84970022,83974570
89PE03147,89808273,87970000,83630472
89PE03148,89808274,87970000,83630472
89PE03149,89808275,87190000,88805958
89PE03150,89808276,85979218,85978956
89PE03151,89808277,85979218,85978956
89PE03152,89808278,87190000,88806355
89PE03153,89808279,87190000,88805691
89PE03154,89808280,87190000,88805691
89PE03155,89808281,85979218,86801158
89PE03156,89808282,85979218,86801160
89PE03157,89808283,85979218,86801160
89PE03158,89808284,84970022,84976554
89PE03159,89808285,84970022,84976554
89PE03160,89808286,84970022,84976554
89PE03161,89808287,87190000,88807290
89PE03162,89808288,86800949,88805936
89PE03163,89808289,86802162,84631022
89PE03164,89808290,87190000,88807878
89PE03165,89808291,84970022,82972471
89PE03166,89808292,84970022,82972471
89PE03167,89808293,84970022,82972471
89PE03168,89808294,87970000,85196220
89PE03169,89808295,87190000,88806799
89PE03170,89808296,87190000,88806799
89PE03171,89808297,87970000,86801903
89PE03172,89808298,87970000,86801903
89PE03173,89808299,87190000,88805987
89PE03174,89808300,87190000,88806616
89PE03175,89808301,87190000,88806616
89PE03176,89808302,87190000,88806616
89PE03177,89808303,86802162,87805113
89PE03178,89808304,86802162,87805113
89PE03179,89808305,87190000,88806701
89PE03180,89808306,87190000,88806701
89PE03181,89808307,87190000,88806733
89PE03182,89808308,87190000,88806733
89PE03183,89808309,87970000,87803753
89PE03184,89808310,87970000,87803753
89PE03185,89808311,87190000,88807572
89PE03186,89808312,87970000,84946987
89PE03187,89808313,87970000,84946987
89PE03188,89808314,87190000,88807514
89PE03189,89808315,87190000,88807254
89PE03190,89808316,87190000,88805827
89PE03191,89808317,87970000,87803808
89PE03192,89808318,87970000,87803808
89PE03193,89808319,84970022,86801029
89PE03194,89808320,84970022,86801029
89PE03195,89808321,87190000,88805890
89PE03196,89808322,87190000,88805890
89PE03197,89808323,87970000,85948930
89PE03198,89808324,87970000,85948930
89PE03199,89808325,87970000,87803717
89PE03200,89808326,87970000,87803717
89PE03201,89808327,87970000,85949179
89PE03202,89808329,87970000,85949179
89PE03203,89808330,87970000,85949179
89PE03204,89808331,87190000,88805878
89PE03205,89808332,87970000,84946876
89PE03206,89808333,87970000,84946876
89PE03207,89808334,87970000,86800917
89PE03208,89808335,87970000,86800917
89PE03209,89808336,87970000,84946881
89PE03210,89808337,87970000,84946881
89PE03211,89808338,87970000,84946876
89PE03212,89808339,85979218,86801161
89PE03213,89808340,87970000,87803764
89PE03214,89808341,87970000,87803764
89PE03215,89808342,87970000,87803630
89PE03216,89808343,87970000,87803630
89PE03217,89808344,87970000,87803578
89PE03218,89808345,87970000,87803578
89PE03219,89808346,87190000,88807155
89PE03220,89808347,87970000,86801531
89PE03221,89808348,87970000,86801531
89PE03222,89808349,86196923,82943558
89PE03223,89808350,87970000,84947084
89PE03224,89808351,87970000,82944235
89PE03225,89808352,87970000,82944235
89PE03226,89808353,87970000,87803508
89PE03227,89808354,87970000,86801105
89PE03228,89808355,87970000,86801105
89PE03229,89808356,87970000,86801255
89PE03230,89808357,87970000,84946663
89PE03231,89808358,87970000,84946663
89PE03232,89808359,87970000,86801044
89PE03233,89808360,87970000,86801044
89PE03234,89808361,87970000,82943736
89PE03235,89808362,87970000,82943736
89PE03236,89808363,87190000,88806561
89PE03237,89808364,87190000,88806561
89PE03238,89808365,87970000,83945945
89PE03239,89808366,87970000,84947084
89PE03240,89808367,87970000,84947084
89PE03241,89808368,87970000,85948670
89PE03242,89808369,87970000,86801548
89PE03243,89808370,87970000,86801548
89PE03244,89808371,87970000,82942705
89PE03245,89808372,87970000,82942705
89PE03246,89808373,87970000,86800942
89PE03247,89808374,87190000,88807042
89PE03248,89808375,86197041,85949237
89PE03249,89808376,87970000,84947731
89PE03250,89808377,87970000,84947731
89PE03251,89808378,87970000,82942738
89PE03252,89808379,87970000,82942738
89PE03253,89808380,87190000,88806000
89PE03254,89808381,87970000,83630487
89PE03255,89808382,86800949,88807919
89PE03256,89808383,87970000,87803962
89PE03257,89808384,87970000,87803962
89PE03258,89808385,87970000,85948581
89PE03259,89808386,87190000,88807776
89PE03260,89808387,87190000,88807776
89PE03261,89808388,87970000,84947595
89PE03262,89808389,87970000,84947595
89PE03263,89808390,87970000,87803842
89PE03264,89808391,87970000,87803842
89PE03265,89808392,87970000,86801248
89PE03266,89808393,87970000,84946717
89PE03267,89808394,87970000,84946717
89PE03268,89808395,87970000,86801085
89PE03269,89808396,87970000,86801085
89PE03270,89808397,87970000,87803619
89PE03271,89808398,87970000,87803619
89PE03272,89808399,87970000,87803905
89PE03273,89808400,87190000,88807867
89PE03274,89808401,87190000,88807867
89PE03275,89808402,87970000,87803460
89PE03276,89808403,87970000,87803460
89PE03277,89808404,87970000,85948690
89PE03278,89808405,87970000,85948690
89PE03279,89808406,87970000,86800936
89PE03280,89808407,87970000,86800936
89PE03281,89808408,87970000,85948609
89PE03282,89808409,87970000,85948609
89PE03283,89808410,86800949,88805949
89PE03284,89808411,87970000,83945420
89PE03285,89808412,87970000,87803588
89PE03286,89808413,87970000,87803588
89PE03287,89808414,86802162,82943852
89PE03288,89808415,86802562,86802059
89PE03289,89808416,86802562,86802059
89PE03290,89808417,87190000,88806044
89PE03291,89808418,87190000,88807417
89PE03292,89808419,87190000,88806153
89PE03293,89808420,87970000,87803506
89PE03294,89808421,87970000,87803506
89PE03295,89808422,86803193,87804233
89PE03296,89808423,86803193,87804233
89PE03297,89808424,86802562,87632488
89PE03298,89808425,86802562,87632488
89PE03299,89808426,87970000,83945142
89PE03300,89808427,87970000,83945142
89PE03301,89808428,87970000,87803649
89PE03302,89808429,87970000,87803649
89PE03303,89808430,87190000,88807217
89PE03304,89808431,87970000,83630299
89PE03305,89808432,87970000,82943670
89PE03306,89808433,87970000,82943670
89PE03307,89808434,86802162,86801334
89PE03308,89808435,87804224,88806638
89PE03309,89808436,87804224,88806638
89PE03310,89808437,86802562,87632777
89PE03311,89808438,86803193,84946684
89PE03312,89808439,86803193,84946684
89PE03313,89808440,86803193,86801598
89PE03314,89808441,86803193,86801598
89PE03315,89808442,86803193,86801598
89PE03316,89808443,86802162,87805348
89PE03317,89808444,86802162,87805348
89PE03318,89808445,86802162,87805348
89PE03319,89808446,87970000,86801216
89PE03320,89808447,87970000,86801216
89PE03321,89808448,87970000,85949175
89PE03322,89808449,86196923,87805435
89PE03323,89808450,86196923,87805435
89PE03324,89808451,86803193,85949259
89PE03325,89808452,86803193,85949259
89PE03326,89808453,86803193,85949942
89PE03327,89808454,86803193,85949942
89PE03328,89808455,86803193,85949942
89PE03329,89808456,86802162,87804557
89PE03330,89808457,86802162,87804557
89PE03331,89808458,87190000,88807217
89PE03332,89808459,87970000,87198237
89PE03333,89808460,86802562,86632196
89PE03334,89808461,86802562,86632196
89PE03335,89808462,86802562,86801486
89PE03336,89808463,86802562,86801486
89PE03337,89808464,86802562,86801486
89PE03338,89808465,87970000,86801113
89PE03339,89808466,86802562,87804317
89PE03340,89808467,87970000,86801163
89PE03341,89808468,87970000,86801163
89PE03342,89808469,87970000,86801188
89PE03343,89808470,87970000,86801188
89PE03344,89808471,87970000,87632570
89PE03345,89808472,87970000,87632570
89PE03346,89808473,85028923,85800533
89PE03347,89808474,85028923,85800533
89PE03348,89808475,86803193,87804418
89PE03349,89808476,86803193,87804418
89PE03350,89808477,86802562,85631392
89PE03351,89808478,86802562,87803944
89PE03352,89808479,86802562,87803944
89PE03353,89808480,87190000,88805908
89PE03354,89808481,86196923,85949941
89PE03355,89808482,86196923,85949941
89PE03356,89808483,86802162,84946921
89PE03357,89808484,86802162,84946921
89PE03358,89808485,86802562,85800522
89PE03359,89808486,86802562,85800522
89PE03360,89808487,87970000,83946232
89PE03361,89808488,87970000,86801446
89PE03362,89808489,85028923,83945221
89PE03363,89808490,85028923,83945221
89PE03364,89808491,85028923,83945221
89PE03365,89808492,86803193,87804683
89PE03366,89808493,86803193,87804683
89PE03367,89808494,86197041,87804501
89PE03368,89808495,87970000,84947133
89PE03369,89808496,87970000,86632030
89PE03370,89808497,87970000,86632030
89PE03371,89808498,87970000,86632030
89PE03372,89808499,87190000,88806423
89PE03373,89808500,86802162,86802026
89PE03374,89808501,86802162,86802026
89PE03375,89808502,86802162,86802026
89PE03376,89808503,86802162,86802026
89PE03377,89808504,87970000,82023090
89PE03378,89808505,87190000,88806062
89PE03379,89808506,85028923,87804831
89PE03380,89808507,85028923,87804831
89PE03381,89808508,87970000,87632817
89PE03382,89808509,86802162,87632444
89PE03383,89808510,86802162,87804708
89PE03384,89808511,86803193,84630996
89PE03385,89808512,86803193,84630996
89PE03386,89808513,86803193,87632868
89PE03387,89808514,86197041,86801557
89PE03388,89808515,86197041,86801557
89PE03389,89808516,87970000,87632874
89PE03390,89808517,86802562,87804713
89PE03391,89808518,86802562,87804713
89PE03392,89808519,87970000,86800906
89PE03393,89808520,87970000,86800906
89PE03394,89808521,87970000,86801515
89PE03395,89808522,87970000,86801515
89PE03396,89808523,86803193,87632913
89PE03397,89808524,86802562,87805034
89PE03398,89808525,86802562,87805034
89PE03399,89808526,86802162,87804917
89PE03400,89808527,86802162,87804917
89PE03401,89808528,86802562,87804585
89PE03402,89808529,87970000,86631865
89PE03403,89808530,87970000,86631865
89PE03404,89808531,86196923,87804608
89PE03405,89808532,86196923,87804608
89PE03406,89808533,87970000,87803718
89PE03407,89808534,87970000,87803718
89PE03408,89808535,86197041,82944164
89PE03409,89808536,86197041,82944164
89PE03410,89808537,86197041,82944164
89PE03411,89808538,86802562,85800662
89PE03412,89808539,86802562,85800662
89PE03413,89808540,86197041,87804727
89PE03414,89808541,86197041,87804727
89PE03415,89808542,85028923,84947202
89PE03416,89808543,85028923,84947202
89PE03417,89808544,85028923,84947202
89PE03418,89808545,86803193,87632547
89PE03419,89808546,86803193,87632547
89PE03420,89808547,86803193,86802742
89PE03421,89808548,86803193,86802742
89PE03422,89808549,84970022,86801198
89PE03423,89808550,84970022,86801198
89PE03424,89808551,84970022,86801198
89PE03425,89808552,87190000,88806549
89PE03426,89808553,86802562,87805360
89PE03427,89808554,86802162,86801693
89PE03428,89808555,86802162,86801693
89PE03429,89808556,87970000,87198021
89PE03430,89808557,87970000,87198021
89PE03431,89808558,86197041,86802625
89PE03432,89808559,86197041,86802625
89PE03433,89808560,86197041,86802625
89PE03434,89808561,87970000,84631073
89PE03435,89808562,86803193,84947432
89PE03436,89808563,86803193,84947432
89PE03437,89808564,86802162,83945011
89PE03438,89808565,86802162,83945011
89PE03439,89808566,86802162,83945011
89PE03440,89808567,87190000,88807728
89PE03441,89808568,86802562,86631915
89PE03442,89808569,86802562,86631915
89PE03443,89808570,86196923,84947420
89PE03444,89808571,86196923,84947420
89PE03445,89808572,86197041,87805219
89PE03446,89808573,86197041,87805219
89PE03447,89808574,87970000,87803530
89PE03448,89808575,87970000,87803530
89PE03449,89808576,86196923,87804409
89PE03450,89808577,86196923,87804409
89PE03451,89808578,87804224,88806286
89PE03452,89808579,86197041,85800555
89PE03453,89808580,86197041,85800555
89PE03454,89808581,86197041,85800555
89PE03455,89808582,86197041,82943457
89PE03456,89808583,87970000,87198208
89PE03457,89808584,86802162,85631266
89PE03458,89808585,86802162,85631266
89PE03459,89808586,87970000,87804120
89PE03460,89808587,87970000,87804120
89PE03461,89808588,87970000,84631020
89PE03462,89808589,87970000,84631020
89PE03463,89808590,86802562,84631026
89PE03464,89808591,86802562,84631026
89PE03465,89808592,86197041,87804833
89PE03466,89808593,86197041,87804833
89PE03467,89808594,86802162,86802459
89PE03468,89808595,86802162,86802459
89PE03469,89808596,86801162,86802025
89PE03470,89808597,86801162,86802025
89PE03471,89808598,86801162,86802025
89PE03472,89808599,86802562,87632994
89PE03473,89808600,86802162,86802837
89PE03474,89808601,86802162,86802837
89PE03475,89808602,86802162,86802837
89PE03476,89808603,87970000,82942827
89PE03477,89808604,87970000,82942827
89PE03478,89808605,86802562,86801836
89PE03479,89808606,87190000,88806406
89PE03480,89808607,87970000,87632470
89PE03481,89808608,87970000,87632470
89PE03482,89808609,86803193,82629891
89PE03483,89808610,87190000,88806963
89PE03484,89808611,87190000,88806963
89PE03485,89808612,86803193,86632016
89PE03486,89808613,86803193,86632016
89PE03487,89808614,86196865,86802027
89PE03488,89808615,86196865,86802027
89PE03489,89808616,86803193,87805320
89PE03490,89808617,86803193,87805320
89PE03491,89808618,87970000,87198032
89PE03492,89808619,87970000,87198032
89PE03493,89808620,87970000,86801154
89PE03494,89808621,87970000,86801154
89PE03495,89808622,87970000,85196375
89PE03496,89808623,87970000,85196375
89PE03497,89808624,86803193,85800558
89PE03498,89808625,86803193,85800558
89PE03499,89808626,86803193,85800558
89PE03500,89808627,86803193,86802246
89PE03501,89808628,85028923,87804486
89PE03502,89808629,87970000,86801304
89PE03503,89808630,87970000,86801304
89PE03504,89808631,86802562,85949848
89PE03505,89808632,86802562,85949848
89PE03506,89808633,86802562,85949848
89PE03507,89808634,86802162,85800587
89PE03508,89808635,86802162,85800587
89PE03509,89808636,86196923,85631454
89PE03510,89808637,86196923,85631454
89PE03511,89808638,86802562,87804828
89PE03512,89808639,86802562,87804828
89PE03513,89808640,86197041,84947412
89PE03514,89808641,86197041,84947412
89PE03515,89808642,86197041,84947412
89PE03516,89808643,86197041,87804078
89PE03517,89808644,87970000,86632118
89PE03518,89808645,85028923,87805183
89PE03519,89808646,85028923,87805183
89PE03520,89808647,87970000,87197834
89PE03521,89808648,86802562,83945131
89PE03522,89808649,86802562,83945131
89PE03523,89808650,86802562,83945131
89PE03524,89808651,86802162,87804277
89PE03525,89808652,86802162,87804277
89PE03526,89808653,86197041,86801906
89PE03527,89808654,86197041,86801906
89PE03528,89808655,86197041,86801906
89PE03529,89808656,86197041,87805075
89PE03530,89808657,86197041,87805075
89PE03531,89808658,87970000,85948710
89PE03532,89808659,87970000,85948710
89PE03533,89808660,86803193,83944943
89PE03534,89808661,86803193,83944943
89PE03535,89808662,87970000,84946790
89PE03536,89808663,87970000,84946790
89PE03537,89808664,86197041,84631090
89PE03538,89808665,86802162,86631876
89PE03539,89808666,87970000,86197522
89PE03540,89808667,87970000,86197522
89PE03541,89808668,86197041,86802101
89PE03542,89808669,86197041,86802101
89PE03543,89808670,87970000,84195952
89PE03544,89808671,87970000,84195952
89PE03545,89808672,87970000,83630270
89PE03546,89808673,87970000,83630270
89PE03547,89808674,86197041,86631997
89PE03548,89808675,86197041,86631997
89PE03549,89808676,87970000,87803539
89PE03550,89808677,86197041,84631090
89PE03551,89808678,87190000,88807445
89PE03552,89808679,87970000,83630291
89PE03553,89808680,87970000,83630291
89PE03554,89808681,86197041,87804598
89PE03555,89808682,86197041,87804598
89PE03556,89808683,86196923,87804508
89PE03557,89808684,86802162,83945632
89PE03558,89808685,86802162,83945632
89PE03559,89808686,86802162,83945632
89PE03560,89808687,86802162,87804430
89PE03561,89808688,86802162,87804430
89PE03562,89808689,87970000,84947010
89PE03563,89808690,87970000,84947010
89PE03564,89808691,87970000,84947010
89PE03565,89808692,87970000,84947010
89PE03566,89808693,86802162,85949337
89PE03567,89808694,86802162,85949337
89PE03568,89808695,86197041,83946144
89PE03569,89808696,86197041,83946144
89PE03570,89808697,86197041,83946144
89PE03571,89808698,86802562,84630782
89PE03572,89808699,87970000,85631538
89PE03573,89808700,87970000,85631538
89PE03574,89808701,85028923,84947762
89PE03575,89808702,85028923,84947762
89PE03576,89808703,85028923,84947762
89PE03577,89808704,87970000,86632340
89PE03578,89808705,86802162,84947638
89PE03579,89808706,86802162,84947638
89PE03580,89808707,86197041,85949905
89PE03581,89808708,86197041,85949905
89PE03582,89808709,87190000,88807800
89PE03583,89808710,86196865,87805140
89PE03584,89808711,86196865,87805140
89PE03585,89808712,86196865,87805140
89PE03586,89808713,86196865,84631025
89PE03587,89808714,86196865,84631025
89PE03588,89808715,87190000,88807150
89PE03589,89808716,87970000,87803701
89PE03590,89808717,87970000,87803701
89PE03591,89808718,86802562,82943264
89PE03592,89808719,86802562,82943264
89PE03593,89808720,87804224,88806084
89PE03594,89808721,86196923,86801907
89PE03595,89808722,86196923,86801907
89PE03596,89808723,86802162,86632084
89PE03597,89808724,87970000,87803834
89PE03598,89808725,87970000,87803834
89PE03599,89808726,87970000,87803834
89PE03600,89808727,87970000,85631656
89PE03601,89808728,87970000,85631656
89PE03602,89808729,86196923,87632811
89PE03603,89808730,86196865,86632103
89PE03604,89808731,86196865,86632103
89PE03605,89808732,86802162,87632926
89PE03606,89808733,86196865,86802888
89PE03607,89808734,86196865,86802888
89PE03608,89808735,87190000,88805669
89PE03609,89808736,86196865,82943953
89PE03610,89808737,86196865,82943953
89PE03611,89808738,87190000,88807064
89PE03612,89808739,86197041,85631447
89PE03613,89808740,86197041,85631447
89PE03614,89808741,86197041,83945310
89PE03615,89808742,86197041,83945310
89PE03616,89808743,86197041,83945310
89PE03617,89808744,86196865,87632472
89PE03618,89808745,86196865,87632472
89PE03619,89808746,86196865,87632472
89PE03620,89808747,86800949,88807769
89PE03621,89808748,87430000,88805612
89PE03622,89808749,87970000,86801019
89PE03623,89808750,87970000,86801019
89PE03624,89808751,86803193,85631511
89PE03625,89808752,86803193,85631511
89PE03626,89808753,86801162,83630611
89PE03627,89808754,87970000,83945482
89PE03628,89808755,87970000,87804736
89PE03629,89808756,87970000,87804736
89PE03630,89808757,86803193,87804752
89PE03631,89808758,86802162,83630646
89PE03632,89808759,86802162,83630646
89PE03633,89808760,87970000,85631778
89PE03634,89808761,87970000,85631778
89PE03635,89808762,86196865,83945022
89PE03636,89808763,87970000,86197098
89PE03637,89808764,87970000,86197098
89PE03638,89808765,87970000,86801055
89PE03639,89808766,87970000,86801055
89PE03640,89808767,87190000,88806502
89PE03641,89808768,86196923,86632248
89PE03642,89808769,86196923,86632248
89PE03643,89808770,87970000,85196262
89PE03644,89808771,87970000,85196262
89PE03645,89808772,87970000,85631552
89PE03646,89808773,87970000,85631552
89PE03647,89808774,87970000,84195588
89PE03648,89808775,87970000,84631033
89PE03649,89808776,87970000,83945344
89PE03650,89808777,87970000,83945344
89PE03651,89808778,87970000,83945344
89PE03652,89808779,87190000,88807843
89PE03653,89808780,87190000,88807843
89PE03654,89808781,87970000,86632056
89PE03655,89808782,87190000,88807074
89PE03656,89808783,87190000,88807074
89PE03657,89808784,86802562,83945988
89PE03658,89808785,86802562,83945988
89PE03659,89808786,86802562,83945988
89PE03660,89808787,87190000,88806205
89PE03661,89808788,87970000,87803629
89PE03662,89808789,87970000,85196468
89PE03663,89808790,87970000,85196468
89PE03664,89808791,87970000,87632660
89PE03665,89808792,87970000,87632660
89PE03666,89808793,87970000,87632440
89PE03667,89808794,87970000,87632714
89PE03668,89808795,87190000,88807166
89PE03669,89808796,87190000,88806941
89PE03670,89808797,87970000,82629937
89PE03671,89808798,87970000,82629937
89PE03672,89808799,87970000,83435844
89PE03673,89808800,87970000,83435844
89PE03674,89808801,87970000,83435844
89PE03675,89808802,87970000,85948570
89PE03676,89808803,87970000,85948570
89PE03677,89808804,87970000,87632772
89PE03678,89808805,87970000,87632772
89PE03679,89808806,87430000,88805943
89PE03680,89808807,87430000,88805943
89PE03681,89808808,87970000,86197113
89PE03682,89808809,87970000,86197113
89PE03683,89808810,87970000,83944726
89PE03684,89808811,87970000,83944726
89PE03685,89808812,87190000,88805818
89PE03686,89808813,87970000,86801317
89PE03687,89808814,87970000,86801317
89PE03688,89808815,87970000,87031501
89PE03689,89808816,87970000,87031501
89PE03690,89808817,87970000,86029766
89PE03691,89808818,87970000,86029766
89PE03692,89808819,87970000,86029766
89PE03693,89808820,87970000,87803487
89PE03694,89808821,87970000,87803487
89PE03695,89808822,87970000,82194605
89PE03696,89808823,87430000,88805701
89PE03697,89808824,87970000,86632067
89PE03698,89808825,87970000,86632067
89PE03699,89808826,87190000,88806181
89PE03700,89808827,87970000,86197467
89PE03701,89808828,87970000,85949088
89PE03702,89808829,87970000,85800517
89PE03703,89808830,87970000,84947268
89PE03704,89808831,87970000,84947268
89PE03705,89808832,87970000,84947268
89PE03706,89808833,87970000,85437009
89PE03707,89808834,87970000,85437009
89PE03708,89808835,87970000,86801013
89PE03709,89808836,86197041,86632224
89PE03710,89808837,87970000,85437380
89PE03711,89808838,87970000,87632516
89PE03712,89808839,87970000,87803904
89PE03713,89808840,87970000,87803904
89PE03714,89808841,87430000,88806273
89PE03715,89808842,87190000,88807531
89PE03716,89808843,87970000,83945851
89PE03717,89808844,87970000,83945851
89PE03718,89808845,87970000,83945851
89PE03719,89808846,87970000,86632137
89PE03720,89808847,87970000,87804918
89PE03721,89808848,87970000,87804918
89PE03722,89808849,87970000,87804267
89PE03723,89808850,87970000,87804267
89PE03724,89808851,87970000,87803693
89PE03725,89808852,87970000,86029192
89PE03726,89808853,87970000,86029192
89PE03727,89808854,87970000,86801056
89PE03728,89808855,87970000,86801056
89PE03729,89808856,87970000,84195621
89PE03730,89808857,87970000,84195621
89PE03731,89808858,87970000,87803719
89PE03732,89808859,87970000,87803719
89PE03733,89808860,87970000,82630085
89PE03734,89808861,87970000,82630085
89PE03735,89808862,87970000,82943647
89PE03736,89808863,87970000,82943647
89PE03737,89808864,87970000,86801252
89PE03738,89808865,87970000,86801252
89PE03739,89808866,87970000,86801537
89PE03740,89808867,87970000,87804726
89PE03741,89808868,87970000,87198052
89PE03742,89808869,87970000,84196060
89PE03743,89808870,87970000,85437200
89PE03744,89808871,87970000,83630440
89PE03745,89808872,87970000,84946920
89PE03746,89808873,87970000,84946920
89PE03747,89808874,87970000,86631838
89PE03748,89808875,87970000,86631838
89PE03749,89808876,87970000,87803710
89PE03750,89808877,87970000,87803710
89PE03751,89808878,87430000,88805662
89PE03752,89808879,87970000,87804877
89PE03753,89808880,87970000,87804089
89PE03754,89808881,87970000,87804089
89PE03755,89808882,87970000,87803787
89PE03756,89808883,87970000,87803787
89PE03757,89808884,87430000,88805938
89PE03758,89808885,87970000,87804561
89PE03759,89808886,87970000,87804561
89PE03760,89808887,87970000,85436944
89PE03761,89808888,87970000,85436944
89PE03762,89808889,87970000,82434932
89PE03763,89808890,87970000,82434932
89PE03764,89808891,87190000,88807196
89PE03765,89808892,87970000,87804778
89PE03766,89808893,87970000,86632078
89PE03767,89808894,87970000,86632078
89PE03768,89808895,87970000,87805415
89PE03769,89808896,87970000,87805415
89PE03770,89808897,87970000,85800377
89PE03771,89808898,87970000,85800377
89PE03772,89808899,87970000,86802563
89PE03773,89808900,87970000,86802563
89PE03774,89808901,87190000,88807815
89PE03775,89808902,87970000,87805329
89PE03776,89808903,87970000,87438598
89PE03777,89808904,87970000,83435534
89PE03778,89808905,87970000,83435534
89PE03779,89808906,87970000,87805044
89PE03780,89808907,87970000,87805044
89PE03781,89808908,87970000,86801869
89PE03782,89808909,87970000,87804823
89PE03783,89808910,87970000,86802173
89PE03784,89808911,87970000,86802173
89PE03785,89808912,87970000,86802173
89PE03786,89808913,87970000,83945607
89PE03787,89808914,87970000,83945607
89PE03788,89808915,87970000,83945607
89PE03789,89808916,87970000,87804290
89PE03790,89808917,87970000,87804290
89PE03791,89808918,87970000,87632808
89PE03792,89808919,87970000,87632808
89PE03793,89808920,87970000,87805283
89PE03794,89808921,87970000,85949423
89PE03795,89808922,87970000,85949230
89PE03796,89808923,87970000,85949230
89PE03797,89808924,87970000,83946263
89PE03798,89808925,87970000,83946263
89PE03799,89808926,87970000,86631869
89PE03800,89808927,87970000,86631869
89PE03801,89808928,87970000,86801150
89PE03802,89808929,87970000,86801150
89PE03803,89808930,87970000,83944973
89PE03804,89808931,87970000,83944973
89PE03805,89808932,87970000,86801583
89PE03806,89808933,87970000,86801583
89PE03807,89808934,87970000,86801583
89PE03808,89808935,87970000,84630890
89PE03809,89808936,87970000,84630890
89PE03810,89808937,87970000,84947036
89PE03811,89808938,87970000,84947036
89PE03812,89808939,87970000,86802641
89PE03813,89808940,87970000,86802641
89PE03814,89808941,87970000,86631882
89PE03815,89808942,87970000,86631882
89PE03816,89808943,87970000,87632779
89PE03817,89808944,87970000,85949849
89PE03818,89808945,87970000,87804549
89PE03819,89808946,87970000,87804549
89PE03820,89808947,87970000,87198376
89PE03821,89808948,87970000,85949258
89PE03822,89808949,87970000,87439363
89PE03823,89808950,87970000,85631306
89PE03824,89808951,87970000,85631306
89PE03825,89808952,87970000,87805400
89PE03826,89808953,87970000,87804709
89PE03827,89808954,87970000,87804709
89PE03828,89808955,87970000,84947642
89PE03829,89808956,87970000,84947642
89PE03830,89808957,87970000,85800482
89PE03831,89808958,87970000,85800482
89PE03832,89808959,87970000,84631172
89PE03833,89808960,87970000,84631172
89PE03834,89808961,87970000,87633053
89PE03835,89808962,87970000,86801610
89PE03836,89808963,87970000,86801610
89PE03837,89808964,87970000,85948841
89PE03838,89808965,87190000,88807052
89PE03839,89808966,87970000,86802466
89PE03840,89808967,87970000,86802466
89PE03841,89808968,87970000,87198467
89PE03842,89808969,87970000,82943036
89PE03843,89808970,87970000,82943036
89PE03844,89808971,87970000,87632707
89PE03845,89808972,87970000,85800559
89PE03846,89808973,87970000,85800559
89PE03847,89808974,87970000,85800559
89PE03848,89808975,87970000,87804786
89PE03849,89808976,87970000,87804786
89PE03850,89808977,87970000,82943699
89PE03851,89808978,87970000,82943699
89PE03852,89808979,87970000,84947683
89PE03853,89808980,87970000,82942689
89PE03854,89808981,87970000,82942689
89PE03855,89808982,87970000,82942689
89PE03856,89808983,87970000,85631426
89PE03857,89808984,87970000,86801460
89PE03858,89808985,87970000,86801460
89PE03859,89808986,87970000,86632004
89PE03860,89808987,87970000,86632004
89PE03861,89808988,87970000,83436209
89PE03862,89808989,87970000,83436209
89PE03863,89808990,87970000,83436209
89PE03864,89808991,87970000,87804320
89PE03865,89808992,87970000,85800518
89PE03866,89808993,87970000,85800518
89PE03867,89808994,87970000,84631016
89PE03868,89808995,87970000,86631957
89PE03869,89808996,87970000,86631957
89PE03870,89808997,87970000,87805078
89PE03871,89808998,87970000,86802770
89PE03872,89808999,87970000,86802770
89PE03873,89809000,87190000,88806523
89PE03874,89809001,87970000,87439310
89PE03875,89809002,87970000,87439310
89PE03876,89809003,87970000,85437501
89PE03877,89809004,87970000,85437501
89PE03878,89809005,87970000,85437501
89PE03879,89809006,87970000,87438872
89PE03880,89809007,87970000,84631054
89PE03881,89809008,87970000,87198575
89PE03882,89809009,87970000,87198575
89PE03883,89809010,87970000,87632539
89PE03884,89809011,87970000,87632539
89PE03885,89809012,87970000,87803868
89PE03886,89809013,87970000,87632762
89PE03887,89809014,87970000,84947656
89PE03888,89809015,87970000,84947656
89PE03889,89809016,87970000,87438955
89PE03890,89809017,87970000,87438955
89PE03891,89809018,87970000,84947002
89PE03892,89809019,87970000,87632493
89PE03893,89809020,87970000,87804878
89PE03894,89809021,87970000,87804878
89PE03895,89809022,87970000,85800613
89PE03896,89809023,87970000,85800613
89PE03897,89809024,87970000,85800556
89PE03898,89809025,87970000,85800556
89PE03899,89809026,88031999,83025132
89PE03900,89809027,87970000,86802091
89PE03901,89809028,87970000,86802091
89PE03902,89809029,87970000,87803961
89PE03903,89809030,87970000,87803961
89PE03904,89809031,87970000,87438843
89PE03905,89809032,87970000,84436627
89PE03906,89809034,87970000,84436627
89PE03907,89809035,87970000,84436671
89PE03908,89809036,87970000,84436671
89PE03909,89809037,85028923,87633035
89PE03910,89809038,85028923,87633035
89PE03911,89809039,85028923,82943265
89PE03912,89034410,87031407,86803253
89PE03913,89034411,87031407,86803253
89PE03914,89034412,87031407,85028450
89PE03915,89034413,87031407,85028450
89PE03916,89034414,87031509,87031663
89PE03917,89034415,87031509,85028582
89PE03918,89034416,87031509,85028582
89PE03919,89034417,87031509,86030206
89PE03920,89034418,87031509,86030206
89PE03921,89034419,87031509,86030206
89PE03922,89034420,87031509,86030206
89PE03923,89034421,87031154,86029831
89PE03924,89034422,87031154,86029831
89PE03925,89034423,87031154,86030432
89PE03926,89034424,87031154,83025282
89PE03927,89034425,87031407,83024576
89PE03928,89034426,87031154,84027560
89PE03929,89034427,87031509,84026222
89PE03930,89034428,87031509,84026222
89PE03931,89034429,87031154,85028748
89PE03932,89034430,87031509,85028747
89PE03933,89034431,87031509,83023966
89PE03934,89034432,87031813,86030279
89PE03935,89034433,87031813,86030279
89PE03936,89034434,87031813,86030279
89PE03937,89034435,87031509,82023844
89PE03938,89034436,87031509,86803192
89PE03939,89034437,87031407,86030497
89PE03940,89034438,87031407,86030497
89PE03941,89034439,87031346,84027438
89PE03942,89034440,87031407,86803112
89PE03943,89034441,87031407,86803112
89PE03944,89034442,87031346,83024026
89PE03945,89034443,87031346,83024026
89PE03946,89034444,87031509,85028852
89PE03947,89034445,87031509,85028852
89PE03948,89034446,87031509,86029752
89PE03949,89034447,87031457,86030285
89PE03950,89034448,88032044,85028484
89PE03951,89034449,88032044,85028484
89PE03952,89034450,87031346,83024430
89PE03953,89034451,87031421,87031383
89PE03954,89034452,87031421,87031383
89PE03955,89034453,87031509,84026190
89PE03956,89034454,87031509,84026190
89PE03957,89034455,87031154,87031536
89PE03958,89034456,87031154,87031536
89PE03959,89034457,87031813,84025748
89PE03960,89034458,87031154,86029897
89PE03961,89034459,87031813,85028675
89PE03962,89034460,87031813,85028675
89PE03963,89034461,87031457,85028750
89PE03964,89034462,87031457,85028750
89PE03965,89034463,88032044,86030433
89PE03966,89034464,87031457,82022400
89PE03967,89034465,87031457,82022400
89PE03968,89034466,87031154,84026171
89PE03969,89034467,87031154,84026171
89PE03970,89034468,87031421,84027588
89PE03971,89034469,87031154,85028499
89PE03972,89034470,87031509,86029874
89PE03973,89034471,87031457,84026201
89PE03974,89034472,87031457,84026201
89PE03975,89034473,87031407,84025956
89PE03976,89034474,87031407,84025956
89PE03977,89034475,87031509,85028476
89PE03978,89034476,87031509,85028476
89PE03979,89034477,88032044,84026134
89PE03980,89034478,87031154,84027722
89PE03981,89034479,87031457,84027518
89PE03982,89034480,87031407,82022911
89PE03983,89034481,87031407,82022911
89PE03984,89034482,88032044,83024365
89PE03985,89034483,88032044,83024365
89PE03986,89034484,87031154,85028835
89PE03987,89034485,87031154,85028835
89PE03988,89034486,87031407,85028527
89PE03989,89034487,87031407,85028527
89PE03990,89034488,87031407,85028527
89PE03991,89034489,88032044,85028922
89PE03992,89034490,88000255,86197108
89PE03993,89034491,88000255,86197108
89PE03994,89034492,87030000,88032792
89PE03995,89034493,87031154,87031468
89PE03996,89034494,88032044,82023426
89PE03997,89034495,87031154,84026191
89PE03998,89034496,87031154,84026191
89PE03999,89034497,88032044,86029898
89PE04000,89034498,88032044,86029898
89PE04001,89034499,87031457,84027596
89PE04002,89034500,87031457,84027596
89PE04003,89034501,87031407,84026099
89PE04004,89034502,87031407,84026099
89PE04005,89034503,87031407,84026099
89PE04006,89034504,87031154,86029963
89PE04007,89034505,87030000,88032954
89PE04008,89034506,87031407,85028477
89PE04009,89034507,87031407,85028477
89PE04010,89034508,87031509,86030321
89PE04011,89034509,87031509,86030321
89PE04012,89034510,87030000,88032883
89PE04013,89034511,87031457,87031428
89PE04014,89034512,87031154,82023742
89PE04015,89034513,87031154,82023742
89PE04016,89034514,87030000,88033265
89PE04017,89034515,87031407,85028771
89PE04018,89034516,87031154,83024469
89PE04019,89034517,87031509,87031786
89PE04020,89034518,87031509,87031537
89PE04021,89034519,87031509,87031537
89PE04022,89034520,87031407,86030009
89PE04023,89034521,87031407,86030009
89PE04024,89034522,87030000,88033024
89PE04025,89034523,87030000,88033024
89PE04026,89034524,87030000,88032796
89PE04027,89034525,88000450,87198203
89PE04028,89034526,88032044,82022002
89PE04029,89034527,87031407,83024970
89PE04030,89034528,87031407,83024970
89PE04031,89034529,87031509,84027577
89PE04032,89034530,87031509,84027577
89PE04033,89034531,87031509,87031726
89PE04034,89034532,87031509,87031726
89PE04035,89034533,87031509,86029956
89PE04036,89034534,87031509,82022058
89PE04037,89034535,88032044,83024606
89PE04038,89034536,87031457,84026048
89PE04039,89034537,87030000,88032862
89PE04040,89034538,88032044,86029842
89PE04041,89034539,87031407,86030039
89PE04042,89034540,87031407,86030039
89PE04043,89034541,87031154,87031455
89PE04044,89034542,87030000,88032951
89PE04045,89034543,87031502,83024625
89PE04046,89034544,87031502,83024625
89PE04047,89034545,87031509,83023922
89PE04048,89034546,87031346,86029805
89PE04049,89034547,87031346,86029805
89PE04050,89034548,87031407,84027506
89PE04051,89034549,87031407,84027506
89PE04052,89034550,87031154,82023355
89PE04053,89034551,87031154,82023355
89PE04054,89034552,87031154,84026059
89PE04055,89034553,87031154,84026059
89PE04056,89034554,87031509,85028481
89PE04057,89034555,88032044,84027541
89PE04058,89034556,88032044,84027541
89PE04059,89034557,87031502,82022699
89PE04060,89034558,87031502,82022699
89PE04061,89034559,87031421,84027768
89PE04062,89034560,87031421,84027768
89PE04063,89034561,87031154,86030131
89PE04064,89034562,87030000,88033040
89PE04065,89034563,87031154,86030205
89PE04066,89034564,87031421,83023926
89PE04067,89034565,87031421,85028930
89PE04068,89034566,87031421,85028930
89PE04069,89034567,87031407,83024355
89PE04070,89034568,87031407,83024355
89PE04071,89034569,87031457,84027589
89PE04072,89034570,87031457,84027589
89PE04073,89034571,87031502,85028526
89PE04074,89034572,87031502,85028526
89PE04075,89034573,87031346,87031531
89PE04076,89034574,87031421,87031859
89PE04077,89034575,87031421,87031859
89PE04078,89034576,87031502,84026262
89PE04079,89034577,87031502,84026262
89PE04080,89034578,87031154,86803117
89PE04081,89034579,87031154,86803117
89PE04082,89034580,87031813,87031772
89PE04083,89034581,87031346,85028719
89PE04084,89034582,87031346,85028719
89PE04085,89034583,87031502,85028571
89PE04086,89034584,87031502,85028571
89PE04087,89034585,87031509,84026172
89PE04088,89034586,87031509,84026172
89PE04089,89034587,87031421,85029054
89PE04090,89034588,87031502,84026228
89PE04091,89034589,87031457,85028889
89PE04092,89034590,87031457,85028889
89PE04093,89034591,87031346,85028787
89PE04094,89034592,87031509,86030001
89PE04095,89034593,87031509,86030001
89PE04096,89034594,87031421,85028717
89PE04097,89034595,87031421,85028717
89PE04098,89034596,87031813,87031202
89PE04099,89034597,87031421,83025541
89PE04100,89034598,87031346,86803121
89PE04101,89034599,87031502,83024030
89PE04102,89034600,87031502,83024030
89PE04103,89034601,87031421,83024841
89PE04104,89034602,87031421,83024841
89PE04105,89034603,87031346,84027487
89PE04106,89034604,87031346,84027487
89PE04107,89034605,87031502,83024549
89PE04108,89034606,87031502,83024549
89PE04109,89034607,87031502,83024549
89PE04110,89034608,87031457,85028464
89PE04111,89034609,87031457,85028464
89PE04112,89034610,87031813,85028539
89PE04113,89034611,87031813,85028539
89PE04114,89034612,87031813,85028539
89PE04115,89034613,87031346,83024400
89PE04116,89034614,87031346,83024400
89PE04117,89034615,87031457,84027798
89PE04118,89034616,87031457,84027798
89PE04119,89034617,87031457,83024462
89PE04120,89034618,87031502,84026080
89PE04121,89034619,87031502,84026080
89PE04122,89034620,87198636,81193797
89PE04123,89034621,87198636,81193797
89PE04124,89034622,87031502,83023908
89PE04125,89034623,87031502,83023908
89PE04126,89034624,87031421,85028944
89PE04127,89034625,87031421,85028944
89PE04128,89034626,87031457,84027676
89PE04129,89034627,87031421,85028632
89PE04130,89034628,87031457,86803122
89PE04131,89034629,87031457,84027578
89PE04132,89034630,87031457,84027578
89PE04133,89034631,87031421,82022457
89PE04134,89034632,87031502,86029790
89PE04135,89034633,87031502,84027678
89PE04136,89034634,87031346,82022234
89PE04137,89034635,87031346,82022234
89PE04138,89034636,87031457,84025863
89PE04139,89034637,87031457,84025863
89PE04140,89034638,87031421,83024076
89PE04141,89034639,87031421,83024076
89PE04142,89034640,87031813,82023642
89PE04143,89034641,87031813,82023642
89PE04144,89034642,87031813,84026377
89PE04145,89034643,87031813,84026377
89PE04146,89034644,87031346,84025992
89PE04147,89034645,87031346,82023599
89PE04148,89034646,87031346,82023874
89PE04149,89034647,87031457,84027532
89PE04150,89034648,87031457,84027636
89PE04151,89034649,87031457,84027636
89PE04152,89034650,87031457,84025953
89PE04153,89034651,87031457,84025953
89PE04154,89034652,87031813,84026439
89PE04155,89034653,87031813,84026439
89PE04156,89034654,88032044,85028770
89PE04157,89034655,87031421,84025741
89PE04158,89034656,87031421,84025741
89PE04159,89034657,87031457,87031200
89PE04160,89034658,87031421,87031365
89PE04161,89034659,87031502,86030275
89PE04162,89034660,87031346,82022302
89PE04163,89034661,87031813,87031271
89PE04164,89034662,87031346,84027594
89PE04165,89034663,87031813,84026273
89PE04166,89034664,87031457,85028995
89PE04167,89034665,87031457,85028995
89PE04168,89034666,87031813,83024650
89PE04169,89034667,87031457,84026715
89PE04170,89034668,87031813,85029026
89PE04171,89034669,87031813,85029026
89PE04172,89034670,87031457,86029959
89PE04173,89034671,87031813,83025547
89PE04174,89034672,87031421,84027384
89PE04175,89034673,87031421,84027384
89PE04176,89034674,87031457,85028785
89PE04177,89034675,87031346,84027563
89PE04178,89034676,87031502,84026370
89PE04179,89034677,87031457,82022518
89PE04180,89034678,87031457,82022518
89PE04181,89034679,87031421,85028703
89PE04182,89034680,87031421,85028703
89PE04183,89034681,87030000,88032634
89PE04184,89034682,87030000,88033315
89PE04185,89034683,87031813,82022394
89PE04186,89034684,87031813,82022394
89PE04187,89034685,87031813,85028639
89PE04188,89034686,87030000,88032976
89PE04189,89034687,87030000,88032976
89PE04190,89034688,87030000,88032867
89PE04191,89100241,88199020,83195255
89PE04192,89100242,87198608,84195641
89PE04193,89100243,87198608,84195641
89PE04194,89100244,87198608,82194528
89PE04195,89100245,87198636,82194040
89PE04196,89100246,87198636,81193320
89PE04197,89100247,87198636,81193320
89PE04198,89100248,88000377,87198623
89PE04199,89100249,88000377,87198623
89PE04200,89100250,88199020,85196825
89PE04201,89100251,88199020,85196825
89PE04202,89100252,88199020,83194706
89PE04203,89100253,88199114,81193516
89PE04204,89100254,88199114,81193516
89PE04205,89100255,88000377,87198605
89PE04206,89100256,88000377,87198605
89PE04207,89100257,88000377,85196836
89PE04208,89100258,88199020,84195530
89PE04209,89100259,87198608,82194400
89PE04210,89100260,88000450,87197923
89PE04211,89100261,88000450,87197923
89PE04212,89100262,88000061,87198063
89PE04213,89100263,88000061,87198620
89PE04214,89100264,88000061,87198620
89PE04215,89100265,88000377,86197653
89PE04216,89100266,88000377,86197653
89PE04217,89100267,88000377,87198578
89PE04218,89100268,88000255,85196845
89PE04219,89100269,88000377,86197243
89PE04220,89100270,88000377,86196872
89PE04221,89100271,88000255,84195746
89PE04222,89100272,88000255,84195746
89PE04223,89100273,88000255,84195746
89PE04224,89100274,88199114,82194189
89PE04225,89100275,88199114,82194189
89PE04226,89100276,88000377,83194717
89PE04227,89100277,88000255,85196845
89PE04228,89100278,88000255,87198074
89PE04229,89100279,88000255,87198074
89PE04230,89100280,88000450,87197839
89PE04231,89100281,88000450,87197839
89PE04232,89100282,88000061,83194739
89PE04233,89100283,88000061,83194739
89PE04234,89100284,88000061,83194739
89PE04235,89100285,87198636,81193809
89PE04236,89100286,87198636,81193809
89PE04237,89100287,88000450,86197148
89PE04238,89100288,88000450,86197096
89PE04239,89100289,88000450,86197096
89PE04240,89100290,88000450,87198587
89PE04241,89100291,88000061,84195791
89PE04242,89100292,88000061,84195791
89PE04243,89100293,88000061,84195791
89PE04244,89100294,88000450,83195126
89PE04245,89100295,88000450,83195126
89PE04246,89100296,88000450,83195126
89PE04247,89100297,88000450,85196824
89PE04248,89100298,88000450,87198641
89PE04249,89100299,88000450,87198641
89PE04250,89100300,88000255,86197213
89PE04251,89100301,88000099,87197859
89PE04252,89100302,88000255,84195521
89PE04253,89100303,88000255,84195521
89PE04254,89100304,88000099,86197729
89PE04255,89100305,88000099,86197729
89PE04256,89100306,87198608,86197482
89PE04257,89100307,87198608,86197482
89PE04258,89100308,88000255,85196519
89PE04259,89100309,88000450,84195528
89PE04260,89100310,88000061,85196832
89PE04261,89100311,88199114,86197707
89PE04262,89100312,88199114,83194813
89PE04263,89100313,88199020,84195669
89PE04264,89100314,88199020,83195064
89PE04265,89100315,88199020,83195064
89PE04266,89100316,87198636,87198582
89PE04267,89100317,87198636,87198582
89PE04268,89100318,87198608,84196075
89PE04269,89100319,87198608,84195674
89PE04270,89100320,88199020,85196512
89PE04271,89100321,87198608,82194108
89PE04272,89440928,87430000,83435735
89PE04273,89440929,87430000,83435735
89PE04274,89440930,87030000,84436849
89PE04275,89440931,87030000,86438117
89PE04276,89809051,87970000,87031646
89PE04277,89809053,87970000,85028759
89PE04278,89809054,87970000,85028648
89PE04279,89809055,87970000,87031383
89PE04280,89809056,87970000,84026270
89PE04281,89809057,87970000,83023924
89PE04282,89809058,87970000,83023924
89PE04283,89809059,87970000,84025748
89PE04284,89809060,87970000,84025748
89PE04285,89809061,87970000,87031122
89PE04286,89809062,87970000,83024704
89PE04287,89809063,87970000,85028687
89PE04288,89809064,87970000,84027463
89PE04289,89809065,87970000,84025928
89PE04290,89809066,87970000,84025928
89PE04291,89809067,87970000,87031228
89PE04292,89809068,87970000,84027745
89PE04293,89809069,87970000,84027745
89PE04294,89809070,87970000,84026428
89PE04295,89809071,87970000,84027650
