UID,YR,LBRD,LAMB,SBRD,SIRE,DBRD,DAM,STM,LAMBID,SIREID,DAMID
13PE00001,13,05,H7938,05,H7324,05,H7656,30,2013057938,2011057324,2012057656
13PE00002,13,05,H7939,05,H5936,05,H7497,30,2013057939,2010055936,2012057497
13PE00003,13,05,H7940,05,H5936,05,H7497,39,2013057940,2010055936,2012057497
13PE00004,13,05,H7941,05,H6969,05,H4451,30,2013057941,2011056969,2008054451
13PE00005,13,05,H7942,05,H5934,05,H6539,30,2013057942,2010055934,2011056539
13PE00006,13,05,H7943,05,H5934,05,H6539,30,2013057943,2010055934,2011056539
13PE00007,13,05,H7944,00,H7410,05,H5682,30,2013057944,2011007410,2010055682
13PE00008,13,05,H7945,05,H5934,05,H3898,30,2013057945,2010055934,2008053898
13PE00009,13,05,H7946,05,H5934,05,H3898,30,2013057946,2010055934,2008053898
13PE00010,13,05,H7947,05,H6952,05,H6955,30,2013057947,2011056952,2011056955
13PE00011,13,05,H7948,05,H6952,05,H6955,30,2013057948,2011056952,2011056955
13PE00012,13,05,H7949,05,H6777,05,H3905,30,2013057949,2011056777,2008053905
13PE00013,13,05,H7950,05,H6777,05,H3905,30,2013057950,2011056777,2008053905
13PE00014,13,05,H7951,05,H5934,05,H5520,30,2013057951,2010055934,2009055520
13PE00015,13,05,H7952,05,H5934,05,H5520,30,2013057952,2010055934,2009055520
13PE00016,13,05,H7953,05,H6969,05,H6349,30,2013057953,2011056969,2010056349
13PE00017,13,05,H7954,05,H6039,05,H7623,30,2013057954,2010056039,2012057623
13PE00018,13,05,H7955,00,H7410,05,H5036,30,2013057955,2011007410,2009055036
13PE00019,13,05,H7956,05,H6952,05,H6859,30,2013057956,2011056952,2011056859
13PE00020,13,05,H7957,05,H6777,05,H5102,30,2013057957,2011056777,2009055102
13PE00021,13,05,H7958,05,H6777,05,H5102,30,2013057958,2011056777,2009055102
13PE00022,13,05,H7959,05,H7199,05,H3638,30,2013057959,2011057199,2007053638
13PE00023,13,05,H7960,05,H7199,05,H3638,30,2013057960,2011057199,2007053638
13PE00024,13,05,H7961,05,H6969,05,H5140,30,2013057961,2011056969,2009055140
13PE00025,13,05,H7962,05,H6777,05,H4448,30,2013057962,2011056777,2008054448
13PE00026,13,05,H7963,05,H6777,05,H4448,30,2013057963,2011056777,2008054448
13PE00027,13,05,H7964,00,H7410,05,H6364,30,2013057964,2011007410,2010056364
13PE00028,13,05,H7965,00,H7410,05,H6364,30,2013057965,2011007410,2010056364
13PE00029,13,05,H7966,00,H7410,05,H5662,30,2013057966,2011007410,2010055662
13PE00030,13,05,H7967,00,H7410,05,H5662,30,2013057967,2011007410,2010055662
13PE00031,13,05,H7968,05,H6952,05,H6821,30,2013057968,2011056952,2011056821
13PE00032,13,05,H7969,05,H6952,05,H6821,30,2013057969,2011056952,2011056821
13PE00033,13,05,H7970,05,H6952,05,H6821,30,2013057970,2011056952,2011056821
13PE00034,13,05,H7971,05,H7150,05,H7426,30,2013057971,2011057150,2012057426
13PE00035,13,05,H7972,05,H6969,05,H5693,30,2013057972,2011056969,2010055693
13PE00036,13,05,H7973,05,H6969,05,H5693,30,2013057973,2011056969,2010055693
13PE00037,13,05,H7974,05,H7199,05,H7386,30,2013057974,2011057199,2011057386
13PE00038,13,05,H7975,05,H7199,05,H7386,30,2013057975,2011057199,2011057386
13PE00039,13,05,H7976,05,H7199,05,H2194,30,2013057976,2011057199,2006052194
13PE00040,13,05,H7977,05,H6952,05,H7399,30,2013057977,2011056952,2011057399
13PE00041,13,05,H7978,05,H6039,05,H7537,30,2013057978,2010056039,2012057537
13PE00042,13,05,H7979,05,H7324,05,H7567,30,2013057979,2011057324,2012057567
13PE00043,13,05,H7980,00,H7410,05,H7200,30,2013057980,2011007410,2011057200
13PE00044,13,05,H7981,00,H7410,05,H7200,30,2013057981,2011007410,2011057200
13PE00045,13,05,H7982,05,H5936,05,H7843,30,2013057982,2010055936,2012057843
13PE00046,13,05,H7983,05,H5936,05,H7843,30,2013057983,2010055936,2012057843
13PE00047,13,05,H7984,05,H5936,05,H7436,30,2013057984,2010055936,2012057436
13PE00048,13,05,H7985,05,H5936,05,H7436,30,2013057985,2010055936,2012057436
13PE00049,13,05,H7986,05,H7199,05,H3491,30,2013057986,2011057199,2007053491
13PE00050,13,05,H7987,05,H7199,05,H3491,30,2013057987,2011057199,2007053491
13PE00051,13,05,H7988,05,H5934,05,H5295,30,2013057988,2010055934,2009055295
13PE00052,13,05,H7989,05,H5934,05,H5295,30,2013057989,2010055934,2009055295
13PE00053,13,05,H7990,05,H7199,05,H6755,30,2013057990,2011057199,2011056755
13PE00054,13,05,H7991,05,H5934,05,H7207,30,2013057991,2010055934,2011057207
13PE00055,13,05,H7992,00,H7410,05,H5998,30,2013057992,2011007410,2010055998
13PE00056,13,05,H7993,00,H7410,05,H5998,30,2013057993,2011007410,2010055998
13PE00057,13,05,H7994,05,H5934,05,H7182,30,2013057994,2010055934,2011057182
13PE00058,13,05,H7995,05,H5934,05,H7182,30,2013057995,2010055934,2011057182
13PE00059,13,05,H7996,00,H7410,05,H2855,30,2013057996,2011007410,2006052855
13PE00060,13,05,H7997,05,H7199,05,H2324,30,2013057997,2011057199,2006052324
13PE00061,13,05,H7998,05,H7199,05,H2324,30,2013057998,2011057199,2006052324
13PE00062,13,05,H7999,05,H5936,05,H7848,30,2013057999,2010055936,2012057848
13PE00063,13,05,H8000,05,H5936,05,H7848,30,2013058000,2010055936,2012057848
13PE00064,13,05,H8001,05,H6952,05,H7011,30,2013058001,2011056952,2011057011
13PE00065,13,05,H8002,05,H6952,05,H7011,30,2013058002,2011056952,2011057011
13PE00066,13,05,H8003,05,H6952,05,H6608,30,2013058003,2011056952,2011056608
13PE00067,13,05,H8004,05,H6952,05,H6608,30,2013058004,2011056952,2011056608
13PE00068,13,05,H8005,05,H5934,05,H5213,30,2013058005,2010055934,2009055213
13PE00069,13,05,H8006,05,H5934,05,H5213,30,2013058006,2010055934,2009055213
13PE00070,13,05,H8007,05,H5934,05,H2853,30,2013058007,2010055934,2006052853
13PE00071,13,05,H8008,00,H7410,05,H6653,30,2013058008,2011007410,2011056653
13PE00072,13,05,H8009,00,H7410,05,H6653,30,2013058009,2011007410,2011056653
13PE00073,13,05,H8010,05,H7199,05,H1898,30,2013058010,2011057199,2005051898
13PE00074,13,05,H8011,05,H7199,05,H1898,30,2013058011,2011057199,2005051898
13PE00075,13,05,H8012,05,H7199,05,H1898,30,2013058012,2011057199,2005051898
13PE00076,13,05,H8013,05,H7324,05,H7531,30,2013058013,2011057324,2012057531
13PE00077,13,05,H8014,05,H7324,05,H7531,30,2013058014,2011057324,2012057531
13PE00078,13,05,H8015,00,H7410,05,H5232,30,2013058015,2011007410,2009055232
13PE00079,13,05,H8016,00,H7410,05,H5232,30,2013058016,2011007410,2009055232
13PE00080,13,05,H8017,00,H7410,05,H5866,30,2013058017,2011007410,2010055866
13PE00081,13,05,H8018,00,H7410,05,H5866,30,2013058018,2011007410,2010055866
13PE00082,13,05,H8019,05,H6777,05,H1525,30,2013058019,2011056777,2005051525
13PE00083,13,05,H8020,05,H6777,05,H1525,30,2013058020,2011056777,2005051525
13PE00084,13,05,H8021,05,H5934,05,H5055,30,2013058021,2010055934,2009055055
13PE00085,13,05,H8022,05,H5934,05,H5055,30,2013058022,2010055934,2009055055
13PE00086,13,05,H8023,05,H7260,05,H6886,30,2013058023,2011057260,2011056886
13PE00087,13,05,H8024,05,H7260,05,H6886,30,2013058024,2011057260,2011056886
13PE00088,13,05,H8025,00,H7410,05,H7064,30,2013058025,2011007410,2011057064
13PE00089,13,05,H8026,00,H7410,05,H7064,30,2013058026,2011007410,2011057064
13PE00090,13,05,H8027,00,H7410,05,H1822,30,2013058027,2011007410,2005051822
13PE00091,13,05,H8028,00,H7410,05,H1822,30,2013058028,2011007410,2005051822
13PE00092,13,05,H8029,05,H7260,05,H5332,30,2013058029,2011057260,2009055332
13PE00093,13,05,H8030,05,H7260,05,H5332,30,2013058030,2011057260,2009055332
13PE00094,13,05,H8031,05,H6952,05,H6819,30,2013058031,2011056952,2011056819
13PE00095,13,05,H8032,05,H7199,05,H6150,30,2013058032,2011057199,2010056150
13PE00096,13,05,H8033,05,H6969,05,H4257,30,2013058033,2011056969,2008054257
13PE00097,13,05,H8034,05,H6969,05,H4257,30,2013058034,2011056969,2008054257
13PE00098,13,05,H8035,05,H6969,05,H4257,30,2013058035,2011056969,2008054257
13PE00099,13,05,H8036,05,H6777,05,H4333,30,2013058036,2011056777,2008054333
13PE00100,13,05,H8037,05,H6777,05,H4333,30,2013058037,2011056777,2008054333
13PE00101,13,05,H8038,05,H6952,05,H6830,30,2013058038,2011056952,2011056830
13PE00102,13,05,H8039,05,H6952,05,H6830,30,2013058039,2011056952,2011056830
13PE00103,13,05,H8041,05,H5936,05,H7553,30,2013058041,2010055936,2012057553
13PE00104,13,05,H8042,05,H7324,05,H7650,30,2013058042,2011057324,2012057650
13PE00105,13,05,H8043,05,H6969,05,H3493,30,2013058043,2011056969,2007053493
13PE00106,13,05,H8044,05,H6969,05,H3493,30,2013058044,2011056969,2007053493
13PE00107,13,05,H8045,05,H6039,05,H7439,30,2013058045,2010056039,2012057439
13PE00108,13,05,H8046,05,H6039,05,H7439,30,2013058046,2010056039,2012057439
13PE00109,13,05,H8047,00,H7410,05,H4341,30,2013058047,2011007410,2008054341
13PE00110,13,05,H8048,05,H5936,05,H7500,30,2013058048,2010055936,2012057500
13PE00111,13,05,H8049,05,H6969,05,H4367,30,2013058049,2011056969,2008054367
13PE00112,13,05,H8050,05,H6969,05,H4367,30,2013058050,2011056969,2008054367
13PE00113,13,05,H8051,05,H6969,05,H4367,30,2013058051,2011056969,2008054367
13PE00114,13,05,H8052,05,H6969,05,H5551,30,2013058052,2011056969,2009055551
13PE00115,13,05,H8053,05,H5936,05,H7505,30,2013058053,2010055936,2012057505
13PE00116,13,05,H8054,05,H6952,05,H7103,30,2013058054,2011056952,2011057103
13PE00117,13,05,H8055,00,H7410,05,H2354,30,2013058055,2011007410,2006052354
13PE00118,13,05,H8056,05,H6777,05,H4936,30,2013058056,2011056777,2009054936
13PE00119,13,05,H8057,05,H6777,05,H4936,30,2013058057,2011056777,2009054936
13PE00120,13,05,H8058,05,H6777,05,H4936,30,2013058058,2011056777,2009054936
13PE00121,13,05,H8059,05,H7260,05,H6184,30,2013058059,2011057260,2010056184
13PE00122,13,05,H8060,05,H7260,05,H6184,30,2013058060,2011057260,2010056184
13PE00123,13,05,H8061,05,H6777,05,H6233,30,2013058061,2011056777,2010056233
13PE00124,13,05,H8062,05,H6777,05,H6233,30,2013058062,2011056777,2010056233
13PE00125,13,05,H8063,05,H5934,05,H1520,30,2013058063,2010055934,2005051520
13PE00126,13,05,H8064,05,H5934,05,H1520,30,2013058064,2010055934,2005051520
13PE00127,13,05,H8065,00,H7410,05,H5706,30,2013058065,2011007410,2010055706
13PE00128,13,05,H8066,00,H7410,05,H5706,30,2013058066,2011007410,2010055706
13PE00129,13,05,H8067,05,H6969,05,H2828,30,2013058067,2011056969,2006052828
13PE00130,13,05,H8068,05,H6969,05,H2828,30,2013058068,2011056969,2006052828
13PE00131,13,05,H8069,05,H5934,05,H4399,30,2013058069,2010055934,2008054399
13PE00132,13,05,H8070,05,H5934,05,H4399,30,2013058070,2010055934,2008054399
13PE00133,13,05,H8071,05,H7260,05,H4166,30,2013058071,2011057260,2008054166
13PE00134,13,05,H8072,05,H7260,05,H4166,30,2013058072,2011057260,2008054166
13PE00135,13,05,H8073,05,H7199,05,H5484,30,2013058073,2011057199,2009055484
13PE00136,13,05,H8074,05,H7199,05,H5484,30,2013058074,2011057199,2009055484
13PE00137,13,05,H8075,05,H7260,05,H5665,30,2013058075,2011057260,2010055665
13PE00138,13,05,H8076,05,H7260,05,H5665,30,2013058076,2011057260,2010055665
13PE00139,13,05,H8077,00,H7410,05,H5917,30,2013058077,2011007410,2010055917
13PE00140,13,05,H8078,00,H7410,05,H5917,30,2013058078,2011007410,2010055917
13PE00141,13,05,H8079,00,H7410,05,H5917,30,2013058079,2011007410,2010055917
13PE00142,13,05,H8080,05,H5936,05,H7616,30,2013058080,2010055936,2012057616
13PE00143,13,05,H8081,05,H5936,05,H7616,30,2013058081,2010055936,2012057616
13PE00144,13,05,H8082,05,H6969,05,H7256,30,2013058082,2011056969,2011057256
13PE00145,13,05,H8083,05,H7260,05,H5760,30,2013058083,2011057260,2010055760
13PE00146,13,05,H8084,05,H7260,05,H5760,30,2013058084,2011057260,2010055760
13PE00147,13,05,H8085,05,H6952,05,H6625,30,2013058085,2011056952,2011056625
13PE00148,13,05,H8086,05,H6952,05,H6625,30,2013058086,2011056952,2011056625
13PE00149,13,05,H8087,05,H6952,05,H6552,30,2013058087,2011056952,2011056552
13PE00150,13,05,H8088,05,H6952,05,H6552,30,2013058088,2011056952,2011056552
13PE00151,13,05,H8089,05,H7199,05,H3934,30,2013058089,2011057199,2008053934
13PE00152,13,05,H8090,05,H6969,05,H5700,30,2013058090,2011056969,2010055700
13PE00153,13,05,H8091,05,H6969,05,H6062,30,2013058091,2011056969,2010056062
13PE00154,13,05,H8092,05,H6969,05,H6062,30,2013058092,2011056969,2010056062
13PE00155,13,05,H8093,05,H6777,05,H6432,30,2013058093,2011056777,2010056432
13PE00156,13,05,H8094,05,H5934,05,H3483,30,2013058094,2010055934,2007053483
13PE00157,13,05,H8095,05,H5934,05,H3483,30,2013058095,2010055934,2007053483
13PE00158,13,05,H8096,05,H5934,05,H3483,30,2013058096,2010055934,2007053483
13PE00159,13,05,H8097,05,H6969,05,H7123,30,2013058097,2011056969,2011057123
13PE00160,13,05,H8098,05,H6969,05,H7123,30,2013058098,2011056969,2011057123
13PE00161,13,05,H8099,05,H7150,05,H7895,30,2013058099,2011057150,2012057895
13PE00162,13,05,H8100,05,H6039,05,H7465,30,2013058100,2010056039,2012057465
13PE00163,13,05,H8101,05,H7199,05,H6579,30,2013058101,2011057199,2011056579
13PE00164,13,05,H8102,05,H7199,05,H6579,30,2013058102,2011057199,2011056579
13PE00165,13,05,H8103,05,H7260,05,H5114,30,2013058103,2011057260,2009055114
13PE00166,13,05,H8104,05,H7260,05,H5114,30,2013058104,2011057260,2009055114
13PE00167,13,05,H8105,05,H5934,05,H3571,30,2013058105,2010055934,2007053571
13PE00168,13,05,H8106,05,H5934,05,H3571,30,2013058106,2010055934,2007053571
13PE00169,13,05,H8107,05,H5934,05,H3571,30,2013058107,2010055934,2007053571
13PE00170,13,05,H8108,05,H6969,05,H6468,30,2013058108,2011056969,2010056468
13PE00171,13,05,H8109,05,H7260,05,H5316,30,2013058109,2011057260,2009055316
13PE00172,13,05,H8110,05,H7260,05,H5316,30,2013058110,2011057260,2009055316
13PE00173,13,05,H8111,05,H7260,05,H5316,30,2013058111,2011057260,2009055316
13PE00174,13,05,H8112,05,H5934,05,H5570,30,2013058112,2010055934,2010055570
13PE00175,13,05,H8113,05,H5934,05,H5570,30,2013058113,2010055934,2010055570
13PE00176,13,05,H8114,05,H5934,05,H5570,30,2013058114,2010055934,2010055570
13PE00177,13,05,H8115,05,H6952,05,H5634,30,2013058115,2011056952,2010055634
13PE00178,13,05,H8116,05,H6952,05,H5634,30,2013058116,2011056952,2010055634
13PE00179,13,05,H8117,05,H6777,05,H5202,30,2013058117,2011056777,2009055202
13PE00180,13,05,H8118,05,H6777,05,H5202,30,2013058118,2011056777,2009055202
13PE00181,13,05,H8119,05,H6777,05,H5202,30,2013058119,2011056777,2009055202
13PE00182,13,05,H8120,05,H5936,05,H7522,30,2013058120,2010055936,2012057522
13PE00183,13,05,H8121,05,H5934,05,H4110,30,2013058121,2010055934,2008054110
13PE00184,13,05,H8122,00,H7410,05,H3514,30,2013058122,2011007410,2007053514
13PE00185,13,05,H8123,00,H7410,05,H3514,30,2013058123,2011007410,2007053514
13PE00186,13,05,H8124,05,H6777,05,H3723,30,2013058124,2011056777,2007053723
13PE00187,13,05,H8125,05,H6952,05,H6563,30,2013058125,2011056952,2011056563
13PE00188,13,05,H8126,05,H5936,05,H7558,30,2013058126,2010055936,2012057558
13PE00189,13,05,H8127,05,H5936,05,H7558,30,2013058127,2010055936,2012057558
13PE00190,13,05,H8128,05,H7150,05,H7850,30,2013058128,2011057150,2012057850
13PE00191,13,05,H8129,05,H7150,05,H7850,30,2013058129,2011057150,2012057850
13PE00192,13,05,H8130,05,H7260,05,H7405,30,2013058130,2011057260,2011057405
13PE00193,13,05,H8131,05,H7150,05,H7601,30,2013058131,2011057150,2012057601
13PE00194,13,05,H8132,05,H7150,05,H7601,30,2013058132,2011057150,2012057601
13PE00195,13,05,H8133,05,H5934,05,H6064,30,2013058133,2010055934,2010056064
13PE00196,13,05,H8134,05,H5934,05,H6064,30,2013058134,2010055934,2010056064
13PE00197,13,05,H8135,05,H7260,05,H6419,30,2013058135,2011057260,2010056419
13PE00198,13,05,H8136,05,H7260,05,H6419,30,2013058136,2011057260,2010056419
13PE00199,13,05,H8137,05,H6952,05,H5793,30,2013058137,2011056952,2010055793
13PE00200,13,05,H8138,05,H6952,05,H5793,30,2013058138,2011056952,2010055793
13PE00201,13,05,H8139,05,H5934,05,H4843,30,2013058139,2010055934,2009054843
13PE00202,13,05,H8140,05,H5934,05,H4843,30,2013058140,2010055934,2009054843
13PE00203,13,05,H8141,05,H5934,05,H4843,30,2013058141,2010055934,2009054843
13PE00204,13,05,H8142,05,H5934,05,H5979,30,2013058142,2010055934,2010055979
13PE00205,13,05,H8143,05,H5934,05,H5979,30,2013058143,2010055934,2010055979
13PE00206,13,05,H8144,05,H6777,05,H7387,30,2013058144,2011056777,2011057387
13PE00207,13,05,H8145,05,H6777,05,H7387,30,2013058145,2011056777,2011057387
13PE00208,13,05,H8146,05,H6039,05,H7621,30,2013058146,2010056039,2012057621
13PE00209,13,05,H8148,05,H7260,05,H7061,30,2013058148,2011057260,2011057061
13PE00210,13,05,H8149,05,H7260,05,H7061,30,2013058149,2011057260,2011057061
13PE00211,13,05,H8150,05,H7260,05,H7061,30,2013058150,2011057260,2011057061
13PE00212,13,05,H8151,05,H6777,05,H4391,30,2013058151,2011056777,2008054391
13PE00213,13,05,H8152,05,H6777,05,H4391,30,2013058152,2011056777,2008054391
13PE00214,13,05,H8153,05,H7199,05,H3266,30,2013058153,2011057199,2007053266
13PE00215,13,05,H8154,05,H7150,05,H7612,30,2013058154,2011057150,2012057612
13PE00216,13,05,H8155,05,H6952,05,H5730,30,2013058155,2011056952,2010055730
13PE00217,13,05,H8156,05,H7150,05,H7603,30,2013058156,2011057150,2012057603
13PE00218,13,05,H8157,05,H7150,05,H7603,30,2013058157,2011057150,2012057603
13PE00219,13,05,H8158,05,H7260,05,H5988,30,2013058158,2011057260,2010055988
13PE00220,13,05,H8159,05,H7260,05,H5988,30,2013058159,2011057260,2010055988
13PE00221,13,05,H8160,05,H7260,05,H5988,30,2013058160,2011057260,2010055988
13PE00222,13,05,H8161,05,H6777,05,H5842,30,2013058161,2011056777,2010055842
13PE00223,13,05,H8162,05,H7150,05,H7782,30,2013058162,2011057150,2012057782
13PE00224,13,05,H8163,05,H6039,05,H7571,30,2013058163,2010056039,2012057571
13PE00225,13,05,H8164,05,H6039,05,H7571,30,2013058164,2010056039,2012057571
13PE00226,13,05,H8165,05,H7324,05,H7450,30,2013058165,2011057324,2012057450
13PE00227,13,05,H8166,05,H7324,05,H7450,30,2013058166,2011057324,2012057450
13PE00228,13,05,H8167,05,H5936,05,H7582,30,2013058167,2010055936,2012057582
13PE00229,13,05,H8168,05,H5936,05,H7582,30,2013058168,2010055936,2012057582
13PE00230,13,05,H8169,05,H7150,05,H7753,30,2013058169,2011057150,2012057753
13PE00231,13,05,H8170,05,H7199,05,H5816,30,2013058170,2011057199,2010055816
13PE00232,13,05,H8171,05,H7199,05,H5816,30,2013058171,2011057199,2010055816
13PE00233,13,05,H8172,05,H7199,05,H7335,30,2013058172,2011057199,2011057335
13PE00234,13,05,H8173,05,H7199,05,H7335,30,2013058173,2011057199,2011057335
13PE00235,13,05,H8174,05,H7199,05,H7335,30,2013058174,2011057199,2011057335
13PE00236,13,05,H8175,05,H7260,05,H5231,30,2013058175,2011057260,2009055231
13PE00237,13,05,H8176,05,H7260,05,H5231,30,2013058176,2011057260,2009055231
13PE00238,13,05,H8177,05,H6039,05,H7566,30,2013058177,2010056039,2012057566
13PE00239,13,05,H8178,05,H6039,05,H7566,30,2013058178,2010056039,2012057566
13PE00240,13,05,H8179,05,H7260,05,H4486,30,2013058179,2011057260,2008054486
13PE00241,13,05,H8180,05,H7260,05,H4486,30,2013058180,2011057260,2008054486
13PE00242,13,05,H8181,05,H7260,05,H4486,30,2013058181,2011057260,2008054486
13PE00243,13,05,H8182,05,H6777,05,H6310,30,2013058182,2011056777,2010056310
13PE00244,13,05,H8183,05,H6777,05,H6310,30,2013058183,2011056777,2010056310
13PE00245,13,05,H8184,05,H6777,05,H5173,30,2013058184,2011056777,2009055173
13PE00246,13,05,H8185,05,H6777,05,H5173,30,2013058185,2011056777,2009055173
13PE00247,13,05,H8186,05,H6777,05,H5173,30,2013058186,2011056777,2009055173
13PE00248,13,05,H8187,05,H7260,05,H5430,30,2013058187,2011057260,2009055430
13PE00249,13,05,H8188,05,H7260,05,H5430,30,2013058188,2011057260,2009055430
13PE00250,13,05,H8189,05,H6777,05,H5431,30,2013058189,2011056777,2009055431
13PE00251,13,05,H8190,05,H6777,05,H5431,30,2013058190,2011056777,2009055431
13PE00252,13,05,H8191,05,H6777,05,H6746,30,2013058191,2011056777,2011056746
13PE00253,13,05,H8192,05,H6777,05,H6746,30,2013058192,2011056777,2011056746
13PE00254,13,05,H8193,05,H6777,05,H5879,30,2013058193,2011056777,2010055879
13PE00255,13,05,H8194,05,H6777,05,H5879,30,2013058194,2011056777,2010055879
13PE00256,13,05,H8195,05,H6777,05,H5879,30,2013058195,2011056777,2010055879
13PE00257,13,05,H8196,05,H7199,05,H6289,30,2013058196,2011057199,2010056289
13PE00258,13,05,H8197,05,H7199,05,H6289,30,2013058197,2011057199,2010056289
13PE00259,13,05,H8198,05,H7199,05,H6289,30,2013058198,2011057199,2010056289
13PE00260,13,05,H8199,05,H7150,05,H7527,30,2013058199,2011057150,2012057527
13PE00261,13,05,H8200,05,H5936,05,H7577,30,2013058200,2010055936,2012057577
13PE00262,13,05,H8201,05,H6952,05,H5668,30,2013058201,2011056952,2010055668
13PE00263,13,05,H8202,05,H6952,05,H5668,30,2013058202,2011056952,2010055668
13PE00264,13,05,H8203,05,H5936,05,H7670,30,2013058203,2010055936,2012057670
13PE00265,13,05,H8204,00,H7410,05,H3160,30,2013058204,2011007410,2007053160
13PE00266,13,05,H8205,00,H7410,05,H3160,30,2013058205,2011007410,2007053160
13PE00267,13,05,H8206,05,H7150,05,H7529,30,2013058206,2011057150,2012057529
13PE00268,13,05,H8207,05,H7150,05,H7529,30,2013058207,2011057150,2012057529
13PE00269,13,05,H8208,00,H7410,05,H4891,30,2013058208,2011007410,2009054891
13PE00270,13,05,H8209,00,H7410,05,H4891,30,2013058209,2011007410,2009054891
13PE00271,13,05,H8210,00,H7410,05,H4891,30,2013058210,2011007410,2009054891
13PE00272,13,05,H8211,05,H6952,05,H6601,30,2013058211,2011056952,2011056601
13PE00273,13,05,H8212,05,H7324,05,H7744,30,2013058212,2011057324,2012057744
13PE00274,13,05,H8213,05,H6969,05,H4201,30,2013058213,2011056969,2008054201
13PE00275,13,05,H8214,05,H6969,05,H4201,30,2013058214,2011056969,2008054201
13PE00276,13,05,H8215,05,H6969,05,H4201,30,2013058215,2011056969,2008054201
13PE00277,13,05,H8216,05,H7199,05,H5158,30,2013058216,2011057199,2009055158
13PE00278,13,05,H8217,05,H7199,05,H5158,30,2013058217,2011057199,2009055158
13PE00279,13,05,H8218,05,H7150,05,H7419,30,2013058218,2011057150,2012057419
13PE00280,13,05,H8219,05,H6777,05,H4317,30,2013058219,2011056777,2008054317
13PE00281,13,05,H8220,05,H6777,05,H4317,30,2013058220,2011056777,2008054317
13PE00282,13,05,H8221,05,H7260,05,H4029,30,2013058221,2011057260,2008054029
13PE00283,13,05,H8222,05,H7260,05,H4029,30,2013058222,2011057260,2008054029
13PE00284,13,05,H8223,05,H7199,05,H3104,30,2013058223,2011057199,2007053104
13PE00285,13,05,H8224,05,H7199,05,H3104,30,2013058224,2011057199,2007053104
13PE00286,13,05,H8225,05,H7199,05,H3104,30,2013058225,2011057199,2007053104
13PE00287,13,05,H8226,05,H6969,05,H6570,30,2013058226,2011056969,2011056570
13PE00288,13,05,H8227,05,H6969,05,H6570,30,2013058227,2011056969,2011056570
13PE00289,13,05,H8228,05,H6777,05,H4639,30,2013058228,2011056777,2009054639
13PE00290,13,05,H8229,05,H6777,05,H3857,30,2013058229,2011056777,2008053857
13PE00291,13,05,H8230,05,H6777,05,H3857,30,2013058230,2011056777,2008053857
13PE00292,13,05,H8231,00,H7410,05,H6066,30,2013058231,2011007410,2010056066
13PE00293,13,05,H8232,00,H7410,05,H6066,30,2013058232,2011007410,2010056066
13PE00294,13,05,H8233,05,H5934,05,H2730,30,2013058233,2010055934,2006052730
13PE00295,13,05,H8234,05,H5934,05,H2730,30,2013058234,2010055934,2006052730
13PE00296,13,05,H8235,05,H5934,05,H2730,30,2013058235,2010055934,2006052730
13PE00297,13,05,H8236,05,H5936,05,H7687,30,2013058236,2010055936,2012057687
13PE00298,13,05,H8237,05,H5936,05,H7687,30,2013058237,2010055936,2012057687
13PE00299,13,05,H8238,05,H5934,05,H6052,30,2013058238,2010055934,2010056052
13PE00300,13,05,H8239,05,H5934,05,H6052,30,2013058239,2010055934,2010056052
13PE00301,13,05,H8240,05,H6952,05,H6299,30,2013058240,2011056952,2010056299
13PE00302,13,05,H8241,05,H5934,05,H5160,30,2013058241,2010055934,2009055160
13PE00303,13,05,H8242,05,H5934,05,H5160,30,2013058242,2010055934,2009055160
13PE00304,13,05,H8243,05,H6969,05,H5843,30,2013058243,2011056969,2010055843
13PE00305,13,05,H8244,05,H6969,05,H5843,30,2013058244,2011056969,2010055843
13PE00306,13,05,H8245,05,H6969,05,H5843,30,2013058245,2011056969,2010055843
13PE00307,13,05,H8246,05,H7260,05,H6965,30,2013058246,2011057260,2011056965
13PE00308,13,05,H8247,05,H6952,05,H6231,30,2013058247,2011056952,2010056231
13PE00309,13,05,H8248,05,H6952,05,H6231,30,2013058248,2011056952,2010056231
13PE00310,13,05,H8249,05,H6039,05,H7573,30,2013058249,2010056039,2012057573
13PE00311,13,05,H8250,05,H6039,05,H7573,30,2013058250,2010056039,2012057573
13PE00312,13,05,H8251,05,H7199,05,H7233,30,2013058251,2011057199,2011057233
13PE00313,13,05,H8252,05,H7199,05,H7233,30,2013058252,2011057199,2011057233
13PE00314,13,05,H8253,05,H6969,05,H4100,30,2013058253,2011056969,2008054100
13PE00315,13,05,H8254,05,H6969,05,H4100,30,2013058254,2011056969,2008054100
13PE00316,13,05,H8255,05,H6969,05,H4100,30,2013058255,2011056969,2008054100
13PE00317,13,05,H8256,05,H7324,05,H7680,30,2013058256,2011057324,2012057680
13PE00318,13,05,H8257,05,H7324,05,H7680,30,2013058257,2011057324,2012057680
13PE00319,13,05,H8258,05,H7150,05,H7679,30,2013058258,2011057150,2012057679
13PE00320,13,05,H8259,05,H7150,05,H7679,30,2013058259,2011057150,2012057679
13PE00321,13,05,H8260,05,H7199,05,H2300,30,2013058260,2011057199,2006052300
13PE00322,13,05,H8261,05,H7199,05,H2300,30,2013058261,2011057199,2006052300
13PE00323,13,05,H8262,05,H6969,05,H2838,30,2013058262,2011056969,2006052838
13PE00324,13,05,H8263,05,H6969,05,H2838,30,2013058263,2011056969,2006052838
13PE00325,13,05,H8264,05,H6777,05,H2882,30,2013058264,2011056777,2006052882
13PE00326,13,05,H8265,05,H6777,05,H2882,30,2013058265,2011056777,2006052882
13PE00327,13,05,H8266,05,H7260,05,H5038,30,2013058266,2011057260,2009055038
13PE00328,13,05,H8267,05,H7260,05,H5038,30,2013058267,2011057260,2009055038
13PE00329,13,05,H8268,05,H6952,05,H6671,30,2013058268,2011056952,2011056671
13PE00330,13,05,H8269,05,H5934,05,H3002,30,2013058269,2010055934,2007053002
13PE00331,13,05,H8270,05,H5934,05,H3002,30,2013058270,2010055934,2007053002
13PE00332,13,05,H8271,05,H5934,05,H3002,30,2013058271,2010055934,2007053002
13PE00333,13,05,H8272,05,H6969,05,H7237,30,2013058272,2011056969,2011057237
13PE00334,13,05,H8273,05,H6969,05,H7237,30,2013058273,2011056969,2011057237
13PE00335,13,05,H8274,05,H7260,05,H5456,30,2013058274,2011057260,2009055456
13PE00336,13,05,H8275,05,H7260,05,H5456,30,2013058275,2011057260,2009055456
13PE00337,13,05,H8276,05,H7324,05,H7418,30,2013058276,2011057324,2012057418
13PE00338,13,05,H8277,05,H7324,05,H7418,30,2013058277,2011057324,2012057418
13PE00339,13,05,H8278,05,H6039,05,H7828,30,2013058278,2010056039,2012057828
13PE00340,13,05,H8279,05,H6969,05,H6481,30,2013058279,2011056969,2010056481
13PE00341,13,05,H8280,05,H6969,05,H6481,30,2013058280,2011056969,2010056481
13PE00342,13,05,H8281,05,H6969,05,H6481,30,2013058281,2011056969,2010056481
13PE00343,13,05,H8282,05,H6952,05,H7346,30,2013058282,2011056952,2011057346
13PE00344,13,05,H8283,05,H7150,05,H7735,30,2013058283,2011057150,2012057735
13PE00345,13,05,H8284,05,H7150,05,H7735,30,2013058284,2011057150,2012057735
13PE00346,13,05,H8285,05,H7199,05,H5946,30,2013058285,2011057199,2010055946
13PE00347,13,05,H8286,05,H7199,05,H5946,30,2013058286,2011057199,2010055946
13PE00348,13,05,H8287,05,H5934,05,H2258,30,2013058287,2010055934,2006052258
13PE00349,13,05,H8288,05,H5934,05,H2258,30,2013058288,2010055934,2006052258
13PE00350,13,05,H8289,05,H7150,05,H7555,30,2013058289,2011057150,2012057555
13PE00351,13,05,H8290,00,H7410,05,H2787,30,2013058290,2011007410,2006052787
13PE00352,13,05,H8291,05,H6039,05,H7460,30,2013058291,2010056039,2012057460
13PE00353,13,05,H8292,05,H6952,05,H6576,30,2013058292,2011056952,2011056576
13PE00354,13,05,H8293,05,H6952,05,H6576,30,2013058293,2011056952,2011056576
13PE00355,13,05,H8294,00,H7410,05,H5141,30,2013058294,2011007410,2009055141
13PE00356,13,05,H8295,00,H7410,05,H5141,30,2013058295,2011007410,2009055141
13PE00357,13,05,H8296,00,H7410,05,H5141,30,2013058296,2011007410,2009055141
13PE00358,13,05,H8297,05,H7260,05,H7263,30,2013058297,2011057260,2011057263
13PE00359,13,05,H8298,05,H5934,05,H4302,30,2013058298,2010055934,2008054302
13PE00360,13,05,H8299,05,H5934,05,H4302,30,2013058299,2010055934,2008054302
13PE00361,13,05,H8300,05,H5934,05,H4302,30,2013058300,2010055934,2008054302
13PE00362,13,05,H8301,05,H6969,05,H5592,30,2013058301,2011056969,2010055592
13PE00363,13,05,H8302,05,H7199,05,H6686,30,2013058302,2011057199,2011056686
13PE00364,13,05,H8303,05,H7199,05,H6686,30,2013058303,2011057199,2011056686
13PE00365,13,05,H8304,00,H7410,05,H3454,30,2013058304,2011007410,2007053454
13PE00366,13,05,H8305,00,H7410,05,H3454,30,2013058305,2011007410,2007053454
13PE00367,13,05,H8306,00,H7410,05,H4886,30,2013058306,2011007410,2009054886
13PE00368,13,05,H8307,00,H7410,05,H4886,30,2013058307,2011007410,2009054886
13PE00369,13,05,H8308,05,H5934,05,H3604,30,2013058308,2010055934,2007053604
13PE00370,13,05,H8309,05,H5934,05,H3604,30,2013058309,2010055934,2007053604
13PE00371,13,05,H8310,05,H5934,05,H3604,30,2013058310,2010055934,2007053604
13PE00372,13,05,H8311,05,H7260,05,H4277,30,2013058311,2011057260,2008054277
13PE00373,13,05,H8312,05,H7260,05,H6068,30,2013058312,2011057260,2010056068
13PE00374,13,05,H8313,05,H7260,05,H6068,30,2013058313,2011057260,2010056068
13PE00375,13,05,H8314,00,H7410,05,H5696,30,2013058314,2011007410,2010055696
13PE00376,13,05,H8315,00,H7410,05,H5696,30,2013058315,2011007410,2010055696
13PE00377,13,05,H8316,05,H6952,05,H6120,30,2013058316,2011056952,2010056120
13PE00378,13,05,H8317,05,H6952,05,H6120,30,2013058317,2011056952,2010056120
13PE00379,13,05,H8318,05,H5934,05,H1627,30,2013058318,2010055934,2005051627
13PE00380,13,05,H8319,05,H5934,05,H1627,30,2013058319,2010055934,2005051627
13PE00381,13,05,H8320,05,H6969,05,H5582,30,2013058320,2011056969,2010055582
13PE00382,13,05,H8321,05,H6969,05,H5582,30,2013058321,2011056969,2010055582
13PE00383,13,05,H8322,05,H7324,05,H7614,30,2013058322,2011057324,2012057614
13PE00384,13,05,H8323,05,H7324,05,H7614,30,2013058323,2011057324,2012057614
13PE00385,13,05,H8324,00,H7410,05,H4107,30,2013058324,2011007410,2008054107
13PE00386,13,05,H8325,00,H7410,05,H4107,30,2013058325,2011007410,2008054107
13PE00387,13,05,H8326,00,H7410,05,H4107,30,2013058326,2011007410,2008054107
13PE00388,13,05,H8327,05,H6969,05,H4591,30,2013058327,2011056969,2009054591
13PE00389,13,05,H8328,05,H6969,05,H4591,30,2013058328,2011056969,2009054591
13PE00390,13,05,H8329,05,H6952,05,H6951,30,2013058329,2011056952,2011056951
13PE00391,13,05,H8330,05,H7199,05,H6300,30,2013058330,2011057199,2010056300
13PE00392,13,05,H8331,05,H7199,05,H6300,30,2013058331,2011057199,2010056300
13PE00393,13,05,H8332,05,H7199,05,H4499,30,2013058332,2011057199,2008054499
13PE00394,13,05,H8333,05,H7199,05,H4499,30,2013058333,2011057199,2008054499
13PE00395,13,05,H8334,05,H5934,05,H6057,30,2013058334,2010055934,2010056057
13PE00396,13,05,H8335,05,H5934,05,H6057,30,2013058335,2010055934,2010056057
13PE00397,13,05,H8336,05,H6777,05,H4187,30,2013058336,2011056777,2008054187
13PE00398,13,05,H8337,05,H6777,05,H4187,30,2013058337,2011056777,2008054187
13PE00399,13,05,H8338,05,H7199,05,H6058,30,2013058338,2011057199,2010056058
13PE00400,13,05,H8339,05,H7199,05,H6058,30,2013058339,2011057199,2010056058
13PE00401,13,05,H8340,05,H7199,05,H3345,30,2013058340,2011057199,2007053345
13PE00402,13,05,H8341,05,H7199,05,H3345,30,2013058341,2011057199,2007053345
13PE00403,13,05,H8342,05,H7199,05,H3345,30,2013058342,2011057199,2007053345
13PE00404,13,05,H8343,05,H6039,05,H7767,30,2013058343,2010056039,2012057767
13PE00405,13,05,H8344,05,H6039,05,H7767,30,2013058344,2010056039,2012057767
13PE00406,13,05,H8345,05,H6777,05,H6085,30,2013058345,2011056777,2010056085
13PE00407,13,05,H8346,05,H7260,05,H4776,30,2013058346,2011057260,2009054776
13PE00408,13,05,H8347,05,H7260,05,H4776,30,2013058347,2011057260,2009054776
13PE00409,13,05,H8348,05,H7150,05,H7703,30,2013058348,2011057150,2012057703
13PE00410,13,05,H8349,05,H6969,05,H2399,30,2013058349,2011056969,2006052399
13PE00411,13,05,H8350,05,H6969,05,H2399,30,2013058350,2011056969,2006052399
13PE00412,13,05,H8351,00,H7410,05,H6548,30,2013058351,2011007410,2011056548
13PE00413,13,05,H8352,00,H7410,05,H6548,30,2013058352,2011007410,2011056548
13PE00414,13,05,H8353,05,H5936,05,H7669,30,2013058353,2010055936,2012057669
13PE00415,13,05,H8354,05,H5936,05,H7669,30,2013058354,2010055936,2012057669
13PE00416,13,05,H8355,05,H6039,05,H7747,30,2013058355,2010056039,2012057747
13PE00417,13,05,H8356,05,H6039,05,H7747,30,2013058356,2010056039,2012057747
13PE00418,13,05,H8357,05,H7324,05,H7774,30,2013058357,2011057324,2012057774
13PE00419,13,05,H8358,05,H7324,05,H7774,30,2013058358,2011057324,2012057774
13PE00420,13,05,H8359,05,H7324,05,H7774,30,2013058359,2011057324,2012057774
13PE00421,13,05,H8360,05,H6777,05,H7081,30,2013058360,2011056777,2011057081
13PE00422,13,05,H8361,05,H6777,05,H7081,30,2013058361,2011056777,2011057081
13PE00423,13,05,H8362,05,H5934,05,H3038,30,2013058362,2010055934,2007053038
13PE00424,13,05,H8363,05,H7150,05,H7576,30,2013058363,2011057150,2012057576
13PE00425,13,05,H8364,05,H7150,05,H7576,30,2013058364,2011057150,2012057576
13PE00426,13,05,H8365,00,H7410,05,H2371,30,2013058365,2011007410,2006052371
13PE00427,13,05,H8366,00,H7410,05,H2371,30,2013058366,2011007410,2006052371
13PE00428,13,05,H8367,05,H7324,05,H7516,30,2013058367,2011057324,2012057516
13PE00429,13,05,H8368,05,H7324,05,H7516,30,2013058368,2011057324,2012057516
13PE00430,13,05,H8369,05,H6969,05,H6037,30,2013058369,2011056969,2010056037
13PE00431,13,05,H8370,05,H6969,05,H6037,30,2013058370,2011056969,2010056037
13PE00432,13,05,H8371,05,H6039,05,H7791,30,2013058371,2010056039,2012057791
13PE00433,13,05,H8372,05,H6039,05,H7791,30,2013058372,2010056039,2012057791
13PE00434,13,05,H8373,05,H7260,05,H5784,30,2013058373,2011057260,2010055784
13PE00435,13,05,H8374,05,H7260,05,H5784,30,2013058374,2011057260,2010055784
13PE00436,13,05,H8375,05,H7260,05,H3490,30,2013058375,2011057260,2007053490
13PE00437,13,05,H8376,05,H7260,05,H3490,30,2013058376,2011057260,2007053490
13PE00438,13,05,H8377,05,H7260,05,H3490,30,2013058377,2011057260,2007053490
13PE00439,13,05,H8378,05,H6952,05,H6555,30,2013058378,2011056952,2011056555
13PE00440,13,05,H8379,05,H6952,05,H6555,30,2013058379,2011056952,2011056555
13PE00441,13,05,H8380,05,H7199,05,H3499,30,2013058380,2011057199,2007053499
13PE00442,13,05,H8381,05,H7199,05,H3499,30,2013058381,2011057199,2007053499
13PE00443,13,05,H8382,05,H7199,05,H3499,30,2013058382,2011057199,2007053499
13PE00444,13,05,H8383,00,H7410,05,H6526,30,2013058383,2011007410,2010056526
13PE00445,13,05,H8384,00,H7410,05,H6526,30,2013058384,2011007410,2010056526
13PE00446,13,05,H8385,05,H7150,05,H7584,30,2013058385,2011057150,2012057584
13PE00447,13,05,H8386,05,H7150,05,H7584,30,2013058386,2011057150,2012057584
13PE00448,13,05,H8387,05,H6777,05,H2559,30,2013058387,2011056777,2006052559
13PE00449,13,05,H8388,05,H6777,05,H2559,30,2013058388,2011056777,2006052559
13PE00450,13,05,H8389,00,H7410,05,H6390,30,2013058389,2011007410,2010056390
13PE00451,13,05,H8390,00,H7410,05,H6390,30,2013058390,2011007410,2010056390
13PE00452,13,05,H8391,05,H7260,05,H1761,30,2013058391,2011057260,2005051761
13PE00453,13,05,H8392,05,H7260,05,H1761,30,2013058392,2011057260,2005051761
13PE00454,13,05,H8393,05,H7260,05,H1761,30,2013058393,2011057260,2005051761
13PE00455,13,05,H8394,05,H7260,05,H1761,30,2013058394,2011057260,2005051761
13PE00456,13,05,H8395,05,H6969,05,H4135,30,2013058395,2011056969,2008054135
13PE00457,13,05,H8396,05,H6969,05,H4135,30,2013058396,2011056969,2008054135
13PE00458,13,05,H8397,05,H6777,05,H5844,30,2013058397,2011056777,2010055844
13PE00459,13,05,H8398,05,H6777,05,H5844,30,2013058398,2011056777,2010055844
13PE00460,13,05,H8399,05,H7150,05,H7517,30,2013058399,2011057150,2012057517
13PE00461,13,05,H8400,05,H7150,05,H7517,30,2013058400,2011057150,2012057517
13PE00462,13,05,H8401,05,H5934,05,H3727,30,2013058401,2010055934,2007053727
13PE00463,13,05,H8402,05,H7199,05,H5272,30,2013058402,2011057199,2009055272
13PE00464,13,05,H8403,05,H7199,05,H5272,30,2013058403,2011057199,2009055272
13PE00465,13,05,H8404,05,H7260,05,H6832,30,2013058404,2011057260,2011056832
13PE00466,13,05,H8405,05,H7260,05,H6832,30,2013058405,2011057260,2011056832
13PE00467,13,05,H8406,05,H7260,05,H6832,30,2013058406,2011057260,2011056832
13PE00468,13,05,H8407,00,H7410,05,H5685,30,2013058407,2011007410,2010055685
13PE00469,13,05,H8408,05,H5936,05,H7892,30,2013058408,2010055936,2012057892
13PE00470,13,05,H8409,05,H5936,05,H7892,30,2013058409,2010055936,2012057892
13PE00471,13,05,H8410,05,H6039,05,H7866,30,2013058410,2010056039,2012057866
13PE00472,13,05,H8411,05,H6039,05,H7739,30,2013058411,2010056039,2012057739
13PE00473,13,05,H8412,05,H6952,05,H6032,30,2013058412,2011056952,2010056032
13PE00474,13,05,H8413,05,H6952,05,H6032,30,2013058413,2011056952,2010056032
13PE00475,13,05,H8414,05,H7324,05,H7423,30,2013058414,2011057324,2012057423
13PE00476,13,05,H8415,05,H7324,05,H7423,30,2013058415,2011057324,2012057423
13PE00477,13,05,H8416,05,H6777,05,H6368,30,2013058416,2011056777,2010056368
13PE00478,13,05,H8417,05,H5936,05,H7721,30,2013058417,2010055936,2012057721
13PE00479,13,05,H8418,05,H5936,05,H7721,30,2013058418,2010055936,2012057721
13PE00480,13,05,H8419,05,H5936,05,H7862,30,2013058419,2010055936,2012057862
13PE00481,13,05,H8420,05,H6952,05,H5408,30,2013058420,2011056952,2009055408
13PE00482,13,05,H8421,05,H6952,05,H5408,30,2013058421,2011056952,2009055408
13PE00483,13,05,H8422,05,H5936,05,H7416,30,2013058422,2010055936,2012057416
13PE00484,13,05,H8423,05,H6039,05,H7877,30,2013058423,2010056039,2012057877
13PE00485,13,05,H8424,05,H6952,05,H5229,30,2013058424,2011056952,2009055229
13PE00486,13,05,H8425,05,H6952,05,H5229,30,2013058425,2011056952,2009055229
13PE00487,13,05,H8426,05,H6969,05,H6457,30,2013058426,2011056969,2010056457
13PE00488,13,05,H8427,05,H6969,05,H6457,30,2013058427,2011056969,2010056457
13PE00489,13,05,H8428,05,H6969,05,H6457,30,2013058428,2011056969,2010056457
13PE00490,13,05,H8429,05,H6039,05,H7592,30,2013058429,2010056039,2012057592
13PE00491,13,05,H8430,05,H6039,05,H7592,30,2013058430,2010056039,2012057592
13PE00492,13,05,H8431,05,H5936,05,H7498,30,2013058431,2010055936,2012057498
13PE00493,13,05,H8432,05,H7150,05,H7489,30,2013058432,2011057150,2012057489
13PE00494,13,05,H8433,05,H7150,05,H7489,30,2013058433,2011057150,2012057489
13PE00495,13,05,H8434,05,H6039,05,H7620,30,2013058434,2010056039,2012057620
13PE00496,13,05,H8435,05,H6039,05,H7620,30,2013058435,2010056039,2012057620
13PE00497,13,05,H8436,05,H6039,05,H7481,30,2013058436,2010056039,2012057481
13PE00498,13,05,H8437,05,H6039,05,H7481,30,2013058437,2010056039,2012057481
13PE00499,13,05,H8438,05,H7324,05,H7867,30,2013058438,2011057324,2012057867
13PE00500,13,05,H8439,05,H7324,05,H7867,30,2013058439,2011057324,2012057867
13PE00501,13,05,H8440,05,H7150,05,H7526,30,2013058440,2011057150,2012057526
13PE00502,13,05,H8441,05,H7324,05,H7440,30,2013058441,2011057324,2012057440
13PE00503,13,05,H8442,05,H6039,05,H7865,30,2013058442,2010056039,2012057865
13PE00504,13,05,H8443,05,H7324,05,H7876,30,2013058443,2011057324,2012057876
13PE00505,13,05,H8444,05,H7150,05,H7494,30,2013058444,2011057150,2012057494
13PE00506,13,05,H8445,05,H5936,05,H7476,30,2013058445,2010055936,2012057476
13PE00507,13,05,H8446,05,H7150,05,H7496,30,2013058446,2011057150,2012057496
13PE00508,13,05,H8447,05,H7324,05,H7935,30,2013058447,2011057324,2012057935
13PE00509,13,05,H8448,05,H7324,05,H7473,30,2013058448,2011057324,2012057473
13PE00510,13,05,H8449,05,H7324,05,H7473,30,2013058449,2011057324,2012057473
13PE00511,13,05,H8450,05,H6039,05,H7837,30,2013058450,2010056039,2012057837
13PE00512,13,05,H8451,05,H6039,05,H7700,30,2013058451,2010056039,2012057700
13PE00513,13,05,H8452,05,H7324,05,H7506,30,2013058452,2011057324,2012057506
13PE00514,13,05,H8453,05,H5936,05,H7420,30,2013058453,2010055936,2012057420
13PE00515,13,05,H8454,05,H6039,05,H7542,30,2013058454,2010056039,2012057542
13PE00516,13,05,H8455,05,H6039,05,H7542,30,2013058455,2010056039,2012057542
13PE00517,13,05,H8456,05,H7150,05,H7801,30,2013058456,2011057150,2012057801
13PE00518,13,05,H8457,05,H7150,05,H7801,30,2013058457,2011057150,2012057801
13PE00519,13,05,H8458,05,H6039,05,H7779,30,2013058458,2010056039,2012057779
13PE00520,13,05,H8459,05,H6039,05,H7779,30,2013058459,2010056039,2012057779
13PE00521,13,05,H8460,05,H5936,05,H7632,30,2013058460,2010055936,2012057632
13PE00522,13,05,H8461,05,H5936,05,H7632,30,2013058461,2010055936,2012057632
13PE00523,13,11,R9568,11,R9101,11,R8713,07,2013119568,2011119101,2011118713
13PE00524,13,11,R9569,11,R8988,11,R9135,07,2013119569,2011118988,2012119135
13PE00525,13,11,R9570,11,R8421,11,R7779,07,2013119570,2010118421,2009117779
13PE00526,13,11,R9571,11,R9071,11,R8279,07,2013119571,2011119071,2010118279
13PE00527,13,11,R9572,11,R9071,11,R8279,07,2013119572,2011119071,2010118279
13PE00528,13,11,R9573,11,R9071,11,R6421,07,2013119573,2011119071,2006116421
13PE00529,13,11,R9574,11,R9071,11,R6421,07,2013119574,2011119071,2006116421
13PE00530,13,11,R9575,11,R8715,11,R6482,07,2013119575,2011118715,2006116482
13PE00531,13,11,R9576,11,R8715,11,R6482,07,2013119576,2011118715,2006116482
13PE00532,13,11,R9577,11,R9101,11,R8831,07,2013119577,2011119101,2011118831
13PE00533,13,11,R9578,11,R9101,11,R8466,07,2013119578,2011119101,2010118466
13PE00534,13,11,R9579,11,R8988,11,R9151,07,2013119579,2011118988,2012119151
13PE00535,13,11,R9580,11,R8988,11,R9151,07,2013119580,2011118988,2012119151
13PE00536,13,11,R9581,11,R8421,11,R7880,07,2013119581,2010118421,2009117880
13PE00537,13,11,R9582,11,R8421,11,R7880,07,2013119582,2010118421,2009117880
13PE00538,13,11,R9583,11,R8906,11,R7650,07,2013119583,2011118906,2009117650
13PE00539,13,11,R9584,11,R8906,11,R7650,07,2013119584,2011118906,2009117650
13PE00540,13,11,R9585,11,R8421,11,R7172,07,2013119585,2010118421,2008117172
13PE00541,13,11,R9586,11,R8421,11,R7172,07,2013119586,2010118421,2008117172
13PE00542,13,11,R9587,11,R9071,11,R6933,07,2013119587,2011119071,2007116933
13PE00543,13,11,R9588,11,R9071,11,R6933,07,2013119588,2011119071,2007116933
13PE00544,13,11,R9589,11,R8906,11,R7215,07,2013119589,2011118906,2008117215
13PE00545,13,11,R9590,11,R9101,11,R8071,07,2013119590,2011119101,2010118071
13PE00546,13,11,R9591,11,R9420,11,R6381,07,2013119591,2012119420,2006116381
13PE00547,13,11,R9592,11,R9420,11,R6381,07,2013119592,2012119420,2006116381
13PE00548,13,11,R9593,11,R8751,11,R8943,07,2013119593,2011118751,2011118943
13PE00549,13,11,R9594,11,R8751,11,R6447,07,2013119594,2011118751,2006116447
13PE00550,13,11,R9595,11,R8751,11,R6447,07,2013119595,2011118751,2006116447
13PE00551,13,11,R9596,11,R8421,11,R8092,07,2013119596,2010118421,2010118092
13PE00552,13,11,R9597,11,R9101,11,R8087,07,2013119597,2011119101,2010118087
13PE00553,13,11,R9598,11,R8421,11,R7810,07,2013119598,2010118421,2009117810
13PE00554,13,11,R9599,11,R8751,11,R8868,07,2013119599,2011118751,2011118868
13PE00555,13,11,R9600,11,R8906,11,R7487,07,2013119600,2011118906,2009117487
13PE00556,13,11,R9601,11,R8906,11,R7487,07,2013119601,2011118906,2009117487
13PE00557,13,11,R9602,11,R9101,11,R8085,07,2013119602,2011119101,2010118085
13PE00558,13,11,R9603,11,R9101,11,R7685,07,2013119603,2011119101,2009117685
13PE00559,13,11,R9604,11,R9101,11,R7685,07,2013119604,2011119101,2009117685
13PE00560,13,11,R9605,11,R8421,11,R8775,07,2013119605,2010118421,2011118775
13PE00561,13,11,R9606,11,R8751,11,R9005,07,2013119606,2011118751,2011119005
13PE00562,13,11,R9607,11,R9071,11,R7740,07,2013119607,2011119071,2009117740
13PE00563,13,11,R9608,11,R8715,11,R8234,07,2013119608,2011118715,2010118234
13PE00564,13,11,R9609,11,R8715,11,R8234,07,2013119609,2011118715,2010118234
13PE00565,13,11,R9610,11,R8421,11,R8076,07,2013119610,2010118421,2010118076
13PE00566,13,11,R9611,11,R8421,11,R8076,07,2013119611,2010118421,2010118076
13PE00567,13,11,R9612,11,R9101,11,R8006,07,2013119612,2011119101,2009118006
13PE00568,13,11,R9613,11,R8421,11,R7368,07,2013119613,2010118421,2008117368
13PE00569,13,11,R9614,11,R8421,11,R7368,07,2013119614,2010118421,2008117368
13PE00570,13,11,R9615,11,R8421,11,R8317,07,2013119615,2010118421,2010118317
13PE00571,13,11,R9616,11,R8421,11,R8317,07,2013119616,2010118421,2010118317
13PE00572,13,11,R9617,11,R8751,11,R8846,07,2013119617,2011118751,2011118846
13PE00573,13,11,R9618,11,R8832,11,R9099,07,2013119618,2011118832,2011119099
13PE00574,13,11,R9619,11,R8832,11,R9099,07,2013119619,2011118832,2011119099
13PE00575,13,11,R9620,11,R9071,11,R8652,07,2013119620,2011119071,2011118652
13PE00576,13,11,R9621,11,R9420,11,R8067,07,2013119621,2012119420,2010118067
13PE00577,13,11,R9622,11,R9420,11,R8067,07,2013119622,2012119420,2010118067
13PE00578,13,11,R9623,11,R8751,11,R6915,07,2013119623,2011118751,2007116915
13PE00579,13,11,R9624,11,R8751,11,R6915,07,2013119624,2011118751,2007116915
13PE00580,13,11,R9625,11,R9071,11,R5420,07,2013119625,2011119071,2005115420
13PE00581,13,11,R9626,11,R9071,11,R5420,07,2013119626,2011119071,2005115420
13PE00582,13,11,R9627,11,R8832,11,R7595,07,2013119627,2011118832,2009117595
13PE00583,13,11,R9628,11,R8751,11,R8870,07,2013119628,2011118751,2011118870
13PE00584,13,11,R9629,11,R8751,11,R8878,07,2013119629,2011118751,2011118878
13PE00585,13,11,R9630,11,R8906,11,R5907,07,2013119630,2011118906,2005115907
13PE00586,13,11,R9631,11,R8832,11,R8410,07,2013119631,2011118832,2010118410
13PE00587,13,11,R9632,11,R8421,11,R7412,07,2013119632,2010118421,2008117412
13PE00588,13,11,R9633,11,R8421,11,R7412,07,2013119633,2010118421,2008117412
13PE00589,13,11,R9634,11,R9101,11,R7335,07,2013119634,2011119101,2008117335
13PE00590,13,11,R9635,11,R9101,11,R7335,07,2013119635,2011119101,2008117335
13PE00591,13,11,R9636,11,R8421,11,R6539,07,2013119636,2010118421,2006116539
13PE00592,13,11,R9637,11,R9071,11,R8774,07,2013119637,2011119071,2011118774
13PE00593,13,11,R9638,11,R9071,11,R8774,07,2013119638,2011119071,2011118774
13PE00594,13,11,R9639,11,R8832,11,R7714,07,2013119639,2011118832,2009117714
13PE00595,13,11,R9640,11,R8832,11,R7714,07,2013119640,2011118832,2009117714
13PE00596,13,11,R9641,11,R9071,11,R7999,07,2013119641,2011119071,2009117999
13PE00597,13,11,R9642,11,R9420,11,R8086,07,2013119642,2012119420,2010118086
13PE00598,13,11,R9643,11,R8906,11,R7726,07,2013119643,2011118906,2009117726
13PE00599,13,11,R9644,11,R8906,11,R7726,07,2013119644,2011118906,2009117726
13PE00600,13,11,R9645,11,R8832,11,R7869,07,2013119645,2011118832,2009117869
13PE00601,13,11,R9646,11,R8832,11,R7869,07,2013119646,2011118832,2009117869
13PE00602,13,11,R9647,11,R8715,11,R7238,07,2013119647,2011118715,2008117238
13PE00603,13,11,R9648,11,R8421,11,R8199,07,2013119648,2010118421,2010118199
13PE00604,13,11,R9649,11,R8421,11,R8199,07,2013119649,2010118421,2010118199
13PE00605,13,11,R9650,11,R8906,11,R7302,07,2013119650,2011118906,2008117302
13PE00606,13,11,R9651,11,R9101,11,R7210,07,2013119651,2011119101,2008117210
13PE00607,13,11,R9652,11,R9101,11,R7210,07,2013119652,2011119101,2008117210
13PE00608,13,11,R9653,11,R8832,11,R8473,07,2013119653,2011118832,2010118473
13PE00609,13,11,R9654,11,R8832,11,R8473,07,2013119654,2011118832,2010118473
13PE00610,13,11,R9655,11,R8715,11,R6717,07,2013119655,2011118715,2007116717
13PE00611,13,11,R9656,11,R9071,11,R6835,07,2013119656,2011119071,2007116835
13PE00612,13,11,R9657,11,R9071,11,R9066,07,2013119657,2011119071,2011119066
13PE00613,13,11,R9658,11,R9420,11,R8437,07,2013119658,2012119420,2010118437
13PE00614,13,11,R9659,11,R8832,11,R8090,07,2013119659,2011118832,2010118090
13PE00615,13,11,R9660,11,R8832,11,R8090,07,2013119660,2011118832,2010118090
13PE00616,13,11,R9661,11,R9420,11,R8987,07,2013119661,2012119420,2011118987
13PE00617,13,11,R9662,11,R9101,11,R8257,07,2013119662,2011119101,2010118257
13PE00618,13,11,R9663,11,R8715,11,R8572,07,2013119663,2011118715,2010118572
13PE00619,13,11,R9664,11,R8715,11,R8119,07,2013119664,2011118715,2010118119
13PE00620,13,11,R9665,11,R8715,11,R7190,07,2013119665,2011118715,2008117190
13PE00621,13,11,R9666,11,R8421,11,R7913,07,2013119666,2010118421,2009117913
13PE00622,13,11,R9667,11,R8906,11,R6978,07,2013119667,2011118906,2007116978
13PE00623,13,11,R9668,11,R8906,11,R6978,07,2013119668,2011118906,2007116978
13PE00624,13,11,R9669,11,R9071,11,R7949,07,2013119669,2011119071,2009117949
13PE00625,13,11,R9670,11,R9071,11,R7949,07,2013119670,2011119071,2009117949
13PE00626,13,11,R9671,11,R8421,11,R8477,07,2013119671,2010118421,2010118477
13PE00627,13,11,R9672,11,R9101,11,R8617,07,2013119672,2011119101,2010118617
13PE00628,13,11,R9673,11,R9101,11,R8617,07,2013119673,2011119101,2010118617
13PE00629,13,11,R9674,11,R9101,11,R6469,07,2013119674,2011119101,2006116469
13PE00630,13,11,R9675,11,R8832,11,R8295,07,2013119675,2011118832,2010118295
13PE00631,13,11,R9676,11,R8751,11,R8073,07,2013119676,2011118751,2010118073
13PE00632,13,11,R9677,11,R8751,11,R8073,07,2013119677,2011118751,2010118073
13PE00633,13,11,R9678,11,R8832,11,R7573,07,2013119678,2011118832,2009117573
13PE00634,13,11,R9679,11,R8832,11,R7573,07,2013119679,2011118832,2009117573
13PE00635,13,11,R9680,11,R9101,11,R8853,07,2013119680,2011119101,2011118853
13PE00636,13,11,R9681,11,R9101,11,R8853,07,2013119681,2011119101,2011118853
13PE00637,13,11,R9682,11,R8715,11,R6991,07,2013119682,2011118715,2007116991
13PE00638,13,11,R9683,11,R8715,11,R6991,07,2013119683,2011118715,2007116991
13PE00639,13,11,R9684,11,R9101,11,R6229,07,2013119684,2011119101,2006116229
13PE00640,13,11,R9685,11,R9101,11,R6229,07,2013119685,2011119101,2006116229
13PE00641,13,11,R9686,11,R8421,11,R8084,07,2013119686,2010118421,2010118084
13PE00642,13,11,R9687,11,R8906,11,R6876,07,2013119687,2011118906,2007116876
13PE00643,13,11,R9688,11,R8906,11,R6876,07,2013119688,2011118906,2007116876
13PE00644,13,11,R9689,11,R8906,11,R7773,07,2013119689,2011118906,2009117773
13PE00645,13,11,R9690,11,R8906,11,R7773,07,2013119690,2011118906,2009117773
13PE00646,13,11,R9691,11,R8405,11,R9185,07,2013119691,2010118405,2012119185
13PE00647,13,11,R9692,11,R8832,11,R7490,07,2013119692,2011118832,2009117490
13PE00648,13,11,R9693,11,R9420,11,R8260,07,2013119693,2012119420,2010118260
13PE00649,13,11,R9694,11,R8906,11,R6436,07,2013119694,2011118906,2006116436
13PE00650,13,11,R9695,11,R8906,11,R6436,07,2013119695,2011118906,2006116436
13PE00651,13,11,R9696,11,R9420,11,R7439,07,2013119696,2012119420,2009117439
13PE00652,13,11,R9697,11,R8405,11,R9553,07,2013119697,2010118405,2012119553
13PE00653,13,11,R9698,11,R9420,11,R8961,07,2013119698,2012119420,2011118961
13PE00654,13,11,R9699,11,R9420,11,R8961,07,2013119699,2012119420,2011118961
13PE00655,13,11,R9700,11,R8421,11,R8346,07,2013119700,2010118421,2010118346
13PE00656,13,11,R9701,11,R8421,11,R8346,07,2013119701,2010118421,2010118346
13PE00657,13,11,R9702,11,R8906,11,R7572,07,2013119702,2011118906,2009117572
13PE00658,13,11,R9703,11,R8906,11,R7572,07,2013119703,2011118906,2009117572
13PE00659,13,11,R9704,11,R8832,11,R8884,07,2013119704,2011118832,2011118884
13PE00660,13,11,R9705,11,R8832,11,R8884,07,2013119705,2011118832,2011118884
13PE00661,13,11,R9706,11,R8906,11,R7542,07,2013119706,2011118906,2009117542
13PE00662,13,11,R9707,11,R8832,11,R7160,07,2013119707,2011118832,2008117160
13PE00663,13,11,R9708,11,R8751,11,R8570,07,2013119708,2011118751,2010118570
13PE00664,13,11,R9709,11,R8715,11,R7466,07,2013119709,2011118715,2009117466
13PE00665,13,11,R9710,11,R8715,11,R7466,07,2013119710,2011118715,2009117466
13PE00666,13,11,R9711,11,R8751,11,R8457,07,2013119711,2011118751,2010118457
13PE00667,13,11,R9712,11,R8832,11,R8070,07,2013119712,2011118832,2010118070
13PE00668,13,11,R9713,11,R8421,11,R7792,07,2013119713,2010118421,2009117792
13PE00669,13,11,R9714,11,R8421,11,R7792,07,2013119714,2010118421,2009117792
13PE00670,13,11,R9715,11,R9101,11,R7594,07,2013119715,2011119101,2009117594
13PE00671,13,11,R9716,11,R9101,11,R7594,07,2013119716,2011119101,2009117594
13PE00672,13,11,R9717,11,R8906,11,R6260,07,2013119717,2011118906,2006116260
13PE00673,13,11,R9718,11,R8906,11,R6260,07,2013119718,2011118906,2006116260
13PE00674,13,11,R9719,11,R9071,11,R6572,07,2013119719,2011119071,2006116572
13PE00675,13,11,R9720,11,R9071,11,R6572,07,2013119720,2011119071,2006116572
13PE00676,13,11,R9721,11,R8906,11,R7031,07,2013119721,2011118906,2007117031
13PE00677,13,11,R9722,11,R8906,11,R7031,07,2013119722,2011118906,2007117031
13PE00678,13,11,R9723,11,R8906,11,R7031,07,2013119723,2011118906,2007117031
13PE00679,13,11,R9724,11,R9071,11,R7744,07,2013119724,2011119071,2009117744
13PE00680,13,11,R9725,11,R9071,11,R7744,07,2013119725,2011119071,2009117744
13PE00681,13,11,R9726,11,R9420,11,R6425,07,2013119726,2012119420,2006116425
13PE00682,13,11,R9727,11,R8715,11,R7743,07,2013119727,2011118715,2009117743
13PE00683,13,11,R9728,11,R8715,11,R7743,07,2013119728,2011118715,2009117743
13PE00684,13,11,R9729,11,R9071,11,R8930,07,2013119729,2011119071,2011118930
13PE00685,13,11,R9730,11,R9071,11,R8930,07,2013119730,2011119071,2011118930
13PE00686,13,11,R9731,11,R8986,11,R9270,07,2013119731,2011118986,2012119270
13PE00687,13,11,R9732,11,R8986,11,R9270,07,2013119732,2011118986,2012119270
13PE00688,13,11,R9733,11,R8906,11,R6429,07,2013119733,2011118906,2006116429
13PE00689,13,11,R9734,11,R8906,11,R6429,07,2013119734,2011118906,2006116429
13PE00690,13,11,R9735,11,R8751,11,R6585,07,2013119735,2011118751,2006116585
13PE00691,13,11,R9736,11,R8751,11,R6585,07,2013119736,2011118751,2006116585
13PE00692,13,11,R9737,11,R8421,11,R9130,07,2013119737,2010118421,2011119130
13PE00693,13,11,R9738,11,R8421,11,R9130,07,2013119738,2010118421,2011119130
13PE00694,13,11,R9739,11,R8715,11,R8721,07,2013119739,2011118715,2011118721
13PE00695,13,11,R9740,11,R8421,11,R8224,07,2013119740,2010118421,2010118224
13PE00696,13,11,R9741,11,R8421,11,R8224,07,2013119741,2010118421,2010118224
13PE00697,13,11,R9742,11,R8715,11,R8491,07,2013119742,2011118715,2010118491
13PE00698,13,11,R9743,11,R8715,11,R8491,07,2013119743,2011118715,2010118491
13PE00699,13,11,R9744,11,R8715,11,R7291,07,2013119744,2011118715,2008117291
13PE00700,13,11,R9745,11,R8715,11,R7291,07,2013119745,2011118715,2008117291
13PE00701,13,11,R9746,11,R8832,11,R8325,07,2013119746,2011118832,2010118325
13PE00702,13,11,R9747,11,R9071,11,R7156,07,2013119747,2011119071,2008117156
13PE00703,13,11,R9748,11,R9071,11,R7156,07,2013119748,2011119071,2008117156
13PE00704,13,11,R9749,11,R9420,11,R6993,07,2013119749,2012119420,2007116993
13PE00705,13,11,R9750,11,R9420,11,R6993,07,2013119750,2012119420,2007116993
13PE00706,13,11,R9751,11,R9101,11,R7360,07,2013119751,2011119101,2008117360
13PE00707,13,11,R9752,11,R9101,11,R7360,07,2013119752,2011119101,2008117360
13PE00708,13,11,R9753,11,R9101,11,R7360,07,2013119753,2011119101,2008117360
13PE00709,13,11,R9754,11,R9420,11,R6509,07,2013119754,2012119420,2006116509
13PE00710,13,11,R9755,11,R9420,11,R6509,07,2013119755,2012119420,2006116509
13PE00711,13,11,R9756,11,R8751,11,R6346,07,2013119756,2011118751,2006116346
13PE00712,13,11,R9757,11,R8751,11,R6346,07,2013119757,2011118751,2006116346
13PE00713,13,11,R9758,11,R9101,11,R7403,07,2013119758,2011119101,2008117403
13PE00714,13,11,R9759,11,R9101,11,R7403,07,2013119759,2011119101,2008117403
13PE00715,13,11,R9760,11,R8906,11,R7856,07,2013119760,2011118906,2009117856
13PE00716,13,11,R9761,11,R8906,11,R7856,07,2013119761,2011118906,2009117856
13PE00717,13,11,R9762,11,R9101,11,R8507,07,2013119762,2011119101,2010118507
13PE00718,13,11,R9763,11,R8405,11,R9363,07,2013119763,2010118405,2012119363
13PE00719,13,11,R9764,11,R9071,11,R7879,07,2013119764,2011119071,2009117879
13PE00720,13,11,R9765,11,R9071,11,R7879,07,2013119765,2011119071,2009117879
13PE00721,13,11,R9766,11,R9071,11,R7879,07,2013119766,2011119071,2009117879
13PE00722,13,11,R9767,11,R8751,11,R6773,07,2013119767,2011118751,2007116773
13PE00723,13,11,R9768,11,R8751,11,R6773,07,2013119768,2011118751,2007116773
13PE00724,13,11,R9769,11,R8421,11,R8236,07,2013119769,2010118421,2010118236
13PE00725,13,11,R9770,11,R8421,11,R8236,07,2013119770,2010118421,2010118236
13PE00726,13,11,R9771,11,R8906,11,R7786,07,2013119771,2011118906,2009117786
13PE00727,13,11,R9772,11,R8906,11,R7786,07,2013119772,2011118906,2009117786
13PE00728,13,11,R9773,11,R8906,11,R7786,07,2013119773,2011118906,2009117786
13PE00729,13,11,R9774,11,R8405,11,R9264,07,2013119774,2010118405,2012119264
13PE00730,13,11,R9775,11,R8405,11,R9264,07,2013119775,2010118405,2012119264
13PE00731,13,11,R9776,11,R8986,11,R9168,07,2013119776,2011118986,2012119168
13PE00732,13,11,R9777,11,R8986,11,R9168,07,2013119777,2011118986,2012119168
13PE00733,13,11,R9778,11,R8751,11,R8814,07,2013119778,2011118751,2011118814
13PE00734,13,11,R9779,11,R8751,11,R8814,07,2013119779,2011118751,2011118814
13PE00735,13,11,R9780,11,R8421,11,R8621,07,2013119780,2010118421,2010118621
13PE00736,13,11,R9781,11,R8421,11,R8621,07,2013119781,2010118421,2010118621
13PE00737,13,11,R9782,11,R9071,11,R8055,07,2013119782,2011119071,2010118055
13PE00738,13,11,R9783,11,R9071,11,R8055,07,2013119783,2011119071,2010118055
13PE00739,13,11,R9784,11,R8715,11,R8281,07,2013119784,2011118715,2010118281
13PE00740,13,11,R9785,11,R8751,11,R5541,07,2013119785,2011118751,2005115541
13PE00741,13,11,R9786,11,R8751,11,R5541,07,2013119786,2011118751,2005115541
13PE00742,13,11,R9787,11,R9420,11,R7788,07,2013119787,2012119420,2009117788
13PE00743,13,11,R9788,11,R9420,11,R7788,07,2013119788,2012119420,2009117788
13PE00744,13,11,R9789,11,R8906,11,R6159,07,2013119789,2011118906,2006116159
13PE00745,13,11,R9790,11,R9071,11,R7374,07,2013119790,2011119071,2008117374
13PE00746,13,11,R9791,11,R9071,11,R7374,07,2013119791,2011119071,2008117374
13PE00747,13,11,R9792,11,R8715,11,R7480,07,2013119792,2011118715,2009117480
13PE00748,13,11,R9793,11,R8715,11,R7480,07,2013119793,2011118715,2009117480
13PE00749,13,11,R9794,11,R9101,11,R6274,07,2013119794,2011119101,2006116274
13PE00750,13,11,R9795,11,R9101,11,R6274,07,2013119795,2011119101,2006116274
13PE00751,13,11,R9796,11,R8906,11,R7998,07,2013119796,2011118906,2009117998
13PE00752,13,11,R9797,11,R8906,11,R7998,07,2013119797,2011118906,2009117998
13PE00753,13,11,R9798,11,R9420,11,R7591,07,2013119798,2012119420,2009117591
13PE00754,13,11,R9799,11,R9420,11,R7591,07,2013119799,2012119420,2009117591
13PE00755,13,11,R9800,11,R8715,11,R7369,07,2013119800,2011118715,2008117369
13PE00756,13,11,R9801,11,R8715,11,R7369,07,2013119801,2011118715,2008117369
13PE00757,13,11,R9802,11,R8715,11,R7369,07,2013119802,2011118715,2008117369
13PE00758,13,11,R9803,11,R8421,11,R8625,07,2013119803,2010118421,2010118625
13PE00759,13,11,R9804,11,R8988,11,R9465,07,2013119804,2011118988,2012119465
13PE00760,13,11,R9805,11,R9071,11,R7996,07,2013119805,2011119071,2009117996
13PE00761,13,11,R9806,11,R9071,11,R7996,07,2013119806,2011119071,2009117996
13PE00762,13,11,R9807,11,R8751,11,R6608,07,2013119807,2011118751,2006116608
13PE00763,13,11,R9808,11,R8751,11,R6608,07,2013119808,2011118751,2006116608
13PE00764,13,11,R9809,11,R9101,11,R9055,07,2013119809,2011119101,2011119055
13PE00765,13,11,R9810,11,R8832,11,R8525,07,2013119810,2011118832,2010118525
13PE00766,13,11,R9811,11,R8832,11,R8525,07,2013119811,2011118832,2010118525
13PE00767,13,11,R9812,11,R8751,11,R6475,07,2013119812,2011118751,2006116475
13PE00768,13,11,R9813,11,R8751,11,R6475,07,2013119813,2011118751,2006116475
13PE00769,13,11,R9814,11,R8832,11,R8035,07,2013119814,2011118832,2009118035
13PE00770,13,11,R9815,11,R9071,11,R6201,07,2013119815,2011119071,2006116201
13PE00771,13,11,R9816,11,R8906,11,R7089,07,2013119816,2011118906,2007117089
13PE00772,13,11,R9817,11,R8906,11,R7089,07,2013119817,2011118906,2007117089
13PE00773,13,11,R9818,11,R8906,11,R6326,07,2013119818,2011118906,2006116326
13PE00774,13,11,R9819,11,R8715,11,R8072,07,2013119819,2011118715,2010118072
13PE00775,13,11,R9820,11,R8715,11,R8072,07,2013119820,2011118715,2010118072
13PE00776,13,11,R9821,11,R9101,11,R6466,07,2013119821,2011119101,2006116466
13PE00777,13,11,R9822,11,R9101,11,R6466,07,2013119822,2011119101,2006116466
13PE00778,13,11,R9823,11,R8715,11,R8213,07,2013119823,2011118715,2010118213
13PE00779,13,11,R9824,11,R8715,11,R8213,07,2013119824,2011118715,2010118213
13PE00780,13,11,R9825,11,R9420,11,R7337,07,2013119825,2012119420,2008117337
13PE00781,13,11,R9826,11,R9420,11,R7337,07,2013119826,2012119420,2008117337
13PE00782,13,11,R9827,11,R9071,11,R6492,07,2013119827,2011119071,2006116492
13PE00783,13,11,R9828,11,R9071,11,R6492,07,2013119828,2011119071,2006116492
13PE00784,13,11,R9829,11,R9420,11,R6547,07,2013119829,2012119420,2006116547
13PE00785,13,11,R9830,11,R9420,11,R6547,07,2013119830,2012119420,2006116547
13PE00786,13,11,R9831,11,R8906,11,R7324,07,2013119831,2011118906,2008117324
13PE00787,13,11,R9832,11,R8906,11,R7324,07,2013119832,2011118906,2008117324
13PE00788,13,11,R9833,11,R8906,11,R7324,07,2013119833,2011118906,2008117324
13PE00789,13,11,R9834,11,R8421,11,R8636,07,2013119834,2010118421,2010118636
13PE00790,13,11,R9835,11,R8421,11,R8636,07,2013119835,2010118421,2010118636
13PE00791,13,11,R9836,11,R9071,11,R6322,07,2013119836,2011119071,2006116322
13PE00792,13,11,R9837,11,R8760,11,R9153,07,2013119837,2011118760,2012119153
13PE00793,13,11,R9838,11,R8751,11,R6306,07,2013119838,2011118751,2006116306
13PE00794,13,11,R9839,11,R9420,11,R8483,07,2013119839,2012119420,2010118483
13PE00795,13,11,R9840,11,R9420,11,R8483,07,2013119840,2012119420,2010118483
13PE00796,13,11,R9841,11,R8760,11,R9149,07,2013119841,2011118760,2012119149
13PE00797,13,11,R9842,11,R8715,11,R8932,07,2013119842,2011118715,2011118932
13PE00798,13,11,R9843,11,R8715,11,R8932,07,2013119843,2011118715,2011118932
13PE00799,13,11,R9844,11,R9420,11,R8339,07,2013119844,2012119420,2010118339
13PE00800,13,11,R9845,11,R9420,11,R8339,07,2013119845,2012119420,2010118339
13PE00801,13,11,R9846,11,R8715,11,R8550,07,2013119846,2011118715,2010118550
13PE00802,13,11,R9847,11,R8751,11,R8744,07,2013119847,2011118751,2011118744
13PE00803,13,11,R9848,11,R8751,11,R8744,07,2013119848,2011118751,2011118744
13PE00804,13,11,R9849,11,R9420,11,R7684,07,2013119849,2012119420,2009117684
13PE00805,13,11,R9850,11,R9420,11,R7684,07,2013119850,2012119420,2009117684
13PE00806,13,11,R9851,11,R8421,11,R8789,07,2013119851,2010118421,2011118789
13PE00807,13,11,R9852,11,R8421,11,R8789,07,2013119852,2010118421,2011118789
13PE00808,13,11,R9853,11,R8832,11,R7585,07,2013119853,2011118832,2009117585
13PE00809,13,11,R9854,11,R8832,11,R7585,07,2013119854,2011118832,2009117585
13PE00810,13,11,R9855,11,R9420,11,R8223,07,2013119855,2012119420,2010118223
13PE00811,13,11,R9856,11,R9420,11,R8223,07,2013119856,2012119420,2010118223
13PE00812,13,11,R9857,11,R8988,11,R9240,07,2013119857,2011118988,2012119240
13PE00813,13,11,R9858,11,R8986,11,R9172,07,2013119858,2011118986,2012119172
13PE00814,13,11,R9859,11,R9101,11,R8396,07,2013119859,2011119101,2010118396
13PE00815,13,11,R9860,11,R9101,11,R8396,07,2013119860,2011119101,2010118396
13PE00816,13,11,R9861,11,R8751,11,R6594,07,2013119861,2011118751,2006116594
13PE00817,13,11,R9862,11,R8751,11,R6594,07,2013119862,2011118751,2006116594
13PE00818,13,11,R9863,11,R8751,11,R6594,07,2013119863,2011118751,2006116594
13PE00819,13,11,R9864,11,R8751,11,R7628,07,2013119864,2011118751,2009117628
13PE00820,13,11,R9865,11,R8751,11,R7628,07,2013119865,2011118751,2009117628
13PE00821,13,11,R9866,11,R8421,11,R7867,07,2013119866,2010118421,2009117867
13PE00822,13,11,R9867,11,R8421,11,R7867,07,2013119867,2010118421,2009117867
13PE00823,13,11,R9868,11,R8751,11,R6486,07,2013119868,2011118751,2006116486
13PE00824,13,11,R9869,11,R8751,11,R6486,07,2013119869,2011118751,2006116486
13PE00825,13,11,R9870,11,R8421,11,R7545,07,2013119870,2010118421,2009117545
13PE00826,13,11,R9871,11,R8421,11,R9008,07,2013119871,2010118421,2011119008
13PE00827,13,11,R9872,11,R8421,11,R9008,07,2013119872,2010118421,2011119008
13PE00828,13,11,R9873,11,R8715,11,R6997,07,2013119873,2011118715,2007116997
13PE00829,13,11,R9874,11,R8421,11,R8093,07,2013119874,2010118421,2010118093
13PE00830,13,11,R9875,11,R8421,11,R8093,07,2013119875,2010118421,2010118093
13PE00831,13,11,R9876,11,R8906,11,R7168,07,2013119876,2011118906,2008117168
13PE00832,13,11,R9877,11,R8906,11,R7168,07,2013119877,2011118906,2008117168
13PE00833,13,11,R9878,11,R8832,11,R7440,07,2013119878,2011118832,2009117440
13PE00834,13,11,R9879,11,R8832,11,R7440,07,2013119879,2011118832,2009117440
13PE00835,13,11,R9880,11,R8421,11,R8321,07,2013119880,2010118421,2010118321
13PE00836,13,11,R9881,11,R8421,11,R8321,07,2013119881,2010118421,2010118321
13PE00837,13,11,R9882,11,R9420,11,R6161,07,2013119882,2012119420,2006116161
13PE00838,13,11,R9883,11,R9420,11,R6161,07,2013119883,2012119420,2006116161
13PE00839,13,11,R9884,11,R9071,11,R8313,07,2013119884,2011119071,2010118313
13PE00840,13,11,R9885,11,R9071,11,R8313,07,2013119885,2011119071,2010118313
13PE00841,13,11,R9886,11,R8751,11,R6317,07,2013119886,2011118751,2006116317
13PE00842,13,11,R9887,11,R8751,11,R6317,07,2013119887,2011118751,2006116317
13PE00843,13,11,R9888,11,R8832,11,R8543,07,2013119888,2011118832,2010118543
13PE00844,13,11,R9889,11,R8832,11,R8543,07,2013119889,2011118832,2010118543
13PE00845,13,11,R9890,11,R8751,11,R8312,07,2013119890,2011118751,2010118312
13PE00846,13,11,R9891,11,R8906,11,R7755,07,2013119891,2011118906,2009117755
13PE00847,13,11,R9892,11,R8906,11,R7755,07,2013119892,2011118906,2009117755
13PE00848,13,11,R9893,11,R9420,11,R8556,07,2013119893,2012119420,2010118556
13PE00849,13,11,R9894,11,R9420,11,R8556,07,2013119894,2012119420,2010118556
13PE00850,13,11,R9895,11,R9071,11,R7802,07,2013119895,2011119071,2009117802
13PE00851,13,11,R9896,11,R9071,11,R7802,07,2013119896,2011119071,2009117802
13PE00852,13,11,R9897,11,R9071,11,R7802,07,2013119897,2011119071,2009117802
13PE00853,13,11,R9898,11,R8832,11,R8624,07,2013119898,2011118832,2010118624
13PE00854,13,11,R9899,11,R8832,11,R8624,07,2013119899,2011118832,2010118624
13PE00855,13,11,R9900,11,R9071,11,R8615,07,2013119900,2011119071,2010118615
13PE00856,13,11,R9901,11,R8715,11,R8425,07,2013119901,2011118715,2010118425
13PE00857,13,11,R9902,11,R8421,11,R8406,07,2013119902,2010118421,2010118406
13PE00858,13,11,R9903,11,R8421,11,R8406,07,2013119903,2010118421,2010118406
13PE00859,13,11,R9904,11,R8832,11,R8153,07,2013119904,2011118832,2010118153
13PE00860,13,11,R9905,11,R8832,11,R8153,07,2013119905,2011118832,2010118153
13PE00861,13,11,R9906,11,R8760,11,R9206,07,2013119906,2011118760,2012119206
13PE00862,13,11,R9907,11,R9420,11,R8864,07,2013119907,2012119420,2011118864
13PE00863,13,11,R9908,11,R9420,11,R8864,07,2013119908,2012119420,2011118864
13PE00864,13,11,R9909,11,R8988,11,R9323,07,2013119909,2011118988,2012119323
13PE00865,13,11,R9910,11,R9101,11,R6540,07,2013119910,2011119101,2006116540
13PE00866,13,11,R9911,11,R8405,11,R9204,07,2013119911,2010118405,2012119204
13PE00867,13,11,R9912,11,R8988,11,R9145,07,2013119912,2011118988,2012119145
13PE00868,13,11,R9913,11,R8988,11,R9145,07,2013119913,2011118988,2012119145
13PE00869,13,11,R9914,11,R8715,11,R7142,07,2013119914,2011118715,2008117142
13PE00870,13,11,R9915,11,R8715,11,R7142,07,2013119915,2011118715,2008117142
13PE00871,13,11,R9916,11,R9071,11,R8025,07,2013119916,2011119071,2009118025
13PE00872,13,11,R9917,11,R9071,11,R8025,07,2013119917,2011119071,2009118025
13PE00873,13,11,R9918,11,R8832,11,R7052,07,2013119918,2011118832,2007117052
13PE00874,13,11,R9919,11,R8832,11,R7052,07,2013119919,2011118832,2007117052
13PE00875,13,11,R9920,11,R9101,11,R6020,07,2013119920,2011119101,2005116020
13PE00876,13,11,R9921,11,R9101,11,R6020,07,2013119921,2011119101,2005116020
13PE00877,13,11,R9922,11,R9420,11,R6521,07,2013119922,2012119420,2006116521
13PE00878,13,11,R9923,11,R9101,11,R8549,07,2013119923,2011119101,2010118549
13PE00879,13,11,R9924,11,R9101,11,R8549,07,2013119924,2011119101,2010118549
13PE00880,13,11,R9925,11,R9071,11,R8458,07,2013119925,2011119071,2010118458
13PE00881,13,11,R9926,11,R9071,11,R8458,07,2013119926,2011119071,2010118458
13PE00882,13,11,R9927,11,R8906,11,R5918,07,2013119927,2011118906,2005115918
13PE00883,13,11,R9928,11,R8906,11,R5918,07,2013119928,2011118906,2005115918
13PE00884,13,11,R9929,11,R8751,11,R8939,07,2013119929,2011118751,2011118939
13PE00885,13,11,R9930,11,R8751,11,R8939,07,2013119930,2011118751,2011118939
13PE00886,13,11,R9931,11,R8832,11,R8219,07,2013119931,2011118832,2010118219
13PE00887,13,11,R9932,11,R8986,11,R9486,07,2013119932,2011118986,2012119486
13PE00888,13,11,R9933,11,R8832,11,R6541,07,2013119933,2011118832,2006116541
13PE00889,13,11,R9934,11,R8832,11,R6541,07,2013119934,2011118832,2006116541
13PE00890,13,11,R9935,11,R9071,11,R6939,07,2013119935,2011119071,2007116939
13PE00891,13,11,R9936,11,R9071,11,R6939,07,2013119936,2011119071,2007116939
13PE00892,13,11,R9937,11,R9071,11,R5920,07,2013119937,2011119071,2005115920
13PE00893,13,11,R9938,11,R8986,11,R9332,07,2013119938,2011118986,2012119332
13PE00894,13,11,R9939,11,R8986,11,R9387,07,2013119939,2011118986,2012119387
13PE00895,13,11,R9940,11,R8832,11,R9089,07,2013119940,2011118832,2011119089
13PE00896,13,11,R9941,11,R8832,11,R9089,07,2013119941,2011118832,2011119089
13PE00897,13,11,R9942,11,R8715,11,R8835,07,2013119942,2011118715,2011118835
13PE00898,13,11,R9943,11,R8405,11,R9154,07,2013119943,2010118405,2012119154
13PE00899,13,11,R9944,11,R8405,11,R9313,07,2013119944,2010118405,2012119313
13PE00900,13,11,R9945,11,R8405,11,R9313,07,2013119945,2010118405,2012119313
13PE00901,13,11,R9946,11,R8988,11,R9402,07,2013119946,2011118988,2012119402
13PE00902,13,11,R9947,11,R8988,11,R9166,07,2013119947,2011118988,2012119166
13PE00903,13,11,R9948,11,R9420,11,R7275,07,2013119948,2012119420,2008117275
13PE00904,13,11,R9949,11,R8405,11,R9244,07,2013119949,2010118405,2012119244
13PE00905,13,11,R9950,11,R8832,11,R8296,07,2013119950,2011118832,2010118296
13PE00906,13,11,R9951,11,R8760,11,R9256,07,2013119951,2011118760,2012119256
13PE00907,13,11,R9952,11,R8405,11,R9528,07,2013119952,2010118405,2012119528
13PE00908,13,11,R9953,11,R8405,11,R9528,07,2013119953,2010118405,2012119528
13PE00909,13,11,R9954,11,R8988,11,R9242,07,2013119954,2011118988,2012119242
13PE00910,13,11,R9955,11,R8760,11,R9208,07,2013119955,2011118760,2012119208
13PE00911,13,11,R9956,11,R8760,11,R9358,07,2013119956,2011118760,2012119358
13PE00912,13,11,R9957,11,R8988,11,R9160,07,2013119957,2011118988,2012119160
13PE00913,13,11,R9958,11,R8988,11,R9160,07,2013119958,2011118988,2012119160
13PE00914,13,11,R9959,11,R8988,11,R9519,07,2013119959,2011118988,2012119519
13PE00915,13,11,R9960,11,R8405,11,R9164,07,2013119960,2010118405,2012119164
13PE00916,13,11,R9961,11,R8988,11,R9210,07,2013119961,2011118988,2012119210
13PE00917,13,11,R9962,11,R8760,11,R9352,07,2013119962,2011118760,2012119352
13PE00918,13,11,R9963,11,R8760,11,R9555,07,2013119963,2011118760,2012119555
13PE00919,13,11,R9964,11,R8760,11,R9555,07,2013119964,2011118760,2012119555
13PE00920,13,11,R9965,11,R8760,11,R9169,07,2013119965,2011118760,2012119169
13PE00921,13,11,R9966,11,R8988,11,R9262,07,2013119966,2011118988,2012119262
13PE00922,13,11,R9967,11,R8986,11,R9159,07,2013119967,2011118986,2012119159
13PE00923,13,11,R9968,11,R8760,11,R9141,07,2013119968,2011118760,2012119141
13PE00924,13,11,R9969,11,R8760,11,R9464,07,2013119969,2011118760,2012119464
13PE00925,13,11,R9970,11,R8988,11,R9220,07,2013119970,2011118988,2012119220
13PE00926,13,11,R9971,11,R8760,11,R9274,07,2013119971,2011118760,2012119274
13PE00927,13,11,R9972,11,R8760,11,R9274,07,2013119972,2011118760,2012119274
13PE00928,13,11,R9973,11,R8760,11,R9455,07,2013119973,2011118760,2012119455
13PE00929,13,11,R9974,11,R8760,11,R9223,07,2013119974,2011118760,2012119223
13PE00930,13,11,R9975,11,R8760,11,R9223,07,2013119975,2011118760,2012119223
13PE00931,13,11,R9976,11,R8988,11,R9165,07,2013119976,2011118988,2012119165
13PE00932,13,11,R9977,11,R8760,11,R9535,07,2013119977,2011118760,2012119535
13PE00933,13,11,R9978,11,R8760,11,R9546,07,2013119978,2011118760,2012119546
13PE00934,13,45,T4677,45,T3748,45,T3741,02,2013454677,2011453748,2011453741
13PE00935,13,45,T4678,45,T3748,45,T3437,02,2013454678,2011453748,2010453437
13PE00936,13,45,T4679,45,T3264,45,T3432,02,2013454679,2010453264,2010453432
13PE00937,13,45,T4680,45,T4626,45,T1305,02,2013454680,2012454626,2007451305
13PE00938,13,45,T4681,45,T2482,45,T3937,02,2013454681,2009452482,2011453937
13PE00939,13,45,T4682,45,T3748,45,T4093,02,2013454682,2011453748,2011454093
13PE00940,13,45,T4683,45,T3469,45,T3297,02,2013454683,2010453469,2010453297
13PE00941,13,45,T4684,45,T3469,45,T3297,02,2013454684,2010453469,2010453297
13PE00942,13,45,T4685,45,T3264,45,T3828,02,2013454685,2010453264,2011453828
13PE00943,13,45,T4686,45,T3862,45,T2002,02,2013454686,2011453862,2008452002
13PE00944,13,45,T4687,45,T3862,45,T2002,02,2013454687,2011453862,2008452002
13PE00945,13,45,T4688,45,T3862,45,T2002,02,2013454688,2011453862,2008452002
13PE00946,13,45,T4689,45,T4240,45,T3065,02,2013454689,2012454240,2010453065
13PE00947,13,45,T4690,45,T4240,45,T3065,02,2013454690,2012454240,2010453065
13PE00948,13,45,T4691,45,T3643,45,T1398,02,2013454691,2011453643,2007451398
13PE00949,13,45,T4692,45,T3643,45,T1398,02,2013454692,2011453643,2007451398
13PE00950,13,45,T4693,45,T3469,45,T3729,02,2013454693,2010453469,2011453729
13PE00951,13,45,T4694,45,T3862,45,T4016,02,2013454694,2011453862,2011454016
13PE00952,13,45,T4695,45,T3862,45,T4016,02,2013454695,2011453862,2011454016
13PE00953,13,45,T4696,45,T3469,45,T3821,02,2013454696,2010453469,2011453821
13PE00954,13,45,T4697,45,T3469,45,T3821,02,2013454697,2010453469,2011453821
13PE00955,13,45,T4698,45,T4375,45,T3255,02,2013454698,2012454375,2010453255
13PE00956,13,45,T4699,45,T4375,45,T3255,02,2013454699,2012454375,2010453255
13PE00957,13,45,T4700,45,T4524,45,T1433,02,2013454700,2012454524,2007451433
13PE00958,13,45,T4701,45,T4524,45,T1433,02,2013454701,2012454524,2007451433
13PE00959,13,45,T4702,45,T3077,45,T1880,02,2013454702,2010453077,2008451880
13PE00960,13,45,T4703,45,T3077,45,T1880,02,2013454703,2010453077,2008451880
13PE00961,13,45,T4704,45,T4177,45,T2577,02,2013454704,2012454177,2009452577
13PE00962,13,45,T4705,45,T4177,45,T2577,02,2013454705,2012454177,2009452577
13PE00963,13,45,T4706,45,T3748,45,T2646,02,2013454706,2011453748,2009452646
13PE00964,13,45,T4707,45,T3748,45,T2646,02,2013454707,2011453748,2009452646
13PE00965,13,45,T4708,45,T4626,45,T1385,02,2013454708,2012454626,2007451385
13PE00966,13,45,T4709,45,T3643,45,T2104,02,2013454709,2011453643,2008452104
13PE00967,13,45,T4710,45,T3748,45,T3110,02,2013454710,2011453748,2010453110
13PE00968,13,45,T4711,45,T3748,45,T3110,02,2013454711,2011453748,2010453110
13PE00969,13,45,T4712,45,T4524,45,T1302,02,2013454712,2012454524,2007451302
13PE00970,13,45,T4713,45,T4524,45,T1302,02,2013454713,2012454524,2007451302
13PE00971,13,45,T4714,45,T4375,45,T3320,02,2013454714,2012454375,2010453320
13PE00972,13,45,T4715,45,T4375,45,T3320,02,2013454715,2012454375,2010453320
13PE00973,13,45,T4716,45,T3077,45,T3661,02,2013454716,2010453077,2011453661
13PE00974,13,45,T4717,45,T3077,45,T3661,02,2013454717,2010453077,2011453661
13PE00975,13,45,T4718,45,T4524,45,T3964,02,2013454718,2012454524,2011453964
13PE00976,13,45,T4719,45,T3748,45,T4008,02,2013454719,2011453748,2011454008
13PE00977,13,45,T4720,45,T3469,45,T2151,02,2013454720,2010453469,2008452151
13PE00978,13,45,T4721,45,T3469,45,T2151,02,2013454721,2010453469,2008452151
13PE00979,13,45,T4722,45,T4198,45,T3832,02,2013454722,2012454198,2011453832
13PE00980,13,45,T4723,45,T4198,45,T3832,02,2013454723,2012454198,2011453832
13PE00981,13,45,T4724,45,T4375,45,T3251,02,2013454724,2012454375,2010453251
13PE00982,13,45,T4725,45,T3469,45,T3724,02,2013454725,2010453469,2011453724
13PE00983,13,45,T4726,45,T3862,45,T3354,02,2013454726,2011453862,2010453354
13PE00984,13,45,T4727,45,T3862,45,T3354,02,2013454727,2011453862,2010453354
13PE00985,13,45,T4728,45,T3643,45,T3800,02,2013454728,2011453643,2011453800
13PE00986,13,45,T4729,45,T3862,45,T1155,02,2013454729,2011453862,2006451155
13PE00987,13,45,T4730,45,T3862,45,T1155,02,2013454730,2011453862,2006451155
13PE00988,13,45,T4731,45,T2482,45,T2437,02,2013454731,2009452482,2009452437
13PE00989,13,45,T4732,45,T3469,45,T1130,02,2013454732,2010453469,2006451130
13PE00990,13,45,T4733,45,T4240,45,T3243,02,2013454733,2012454240,2010453243
13PE00991,13,45,T4734,45,T4375,45,T3551,02,2013454734,2012454375,2011453551
13PE00992,13,45,T4735,45,T3643,45,T1712,02,2013454735,2011453643,2007451712
13PE00993,13,45,T4736,45,T3643,45,T1712,02,2013454736,2011453643,2007451712
13PE00994,13,45,T4737,45,T4626,45,T1809,02,2013454737,2012454626,2007451809
13PE00995,13,45,T4738,45,T4626,45,T1809,02,2013454738,2012454626,2007451809
13PE00996,13,45,T4739,45,T4240,45,T4074,02,2013454739,2012454240,2011454074
13PE00997,13,45,T4740,45,T4240,45,T4074,02,2013454740,2012454240,2011454074
13PE00998,13,45,T4741,45,T4198,45,T1871,02,2013454741,2012454198,2008451871
13PE00999,13,45,T4742,45,T4198,45,T1871,02,2013454742,2012454198,2008451871
13PE01000,13,45,T4743,45,T3469,45,T0788,02,2013454743,2010453469,2006450788
13PE01001,13,45,T4744,45,T3469,45,T0788,02,2013454744,2010453469,2006450788
13PE01002,13,45,T4745,45,T4626,45,T2488,02,2013454745,2012454626,2009452488
13PE01003,13,45,T4746,45,T3469,45,T3662,02,2013454746,2010453469,2011453662
13PE01004,13,45,T4747,45,T3469,45,T3662,02,2013454747,2010453469,2011453662
13PE01005,13,45,T4748,45,T3077,45,T3998,02,2013454748,2010453077,2011453998
13PE01006,13,45,T4749,45,T4240,45,T2663,02,2013454749,2012454240,2009452663
13PE01007,13,45,T4750,45,T4240,45,T2663,02,2013454750,2012454240,2009452663
13PE01008,13,45,T4751,45,T3469,45,T3905,02,2013454751,2010453469,2011453905
13PE01009,13,45,T4752,45,T2482,45,T3621,02,2013454752,2009452482,2011453621
13PE01010,13,45,T4753,45,T3643,45,T3666,02,2013454753,2011453643,2011453666
13PE01011,13,45,T4754,45,T3643,45,T4015,02,2013454754,2011453643,2011454015
13PE01012,13,45,T4755,45,T3643,45,T4015,02,2013454755,2011453643,2011454015
13PE01013,13,45,T4756,45,T3077,45,T3362,02,2013454756,2010453077,2010453362
13PE01014,13,45,T4757,45,T3077,45,T3362,02,2013454757,2010453077,2010453362
13PE01015,13,45,T4758,45,T3643,45,T2499,02,2013454758,2011453643,2009452499
13PE01016,13,45,T4759,45,T3264,45,T3598,02,2013454759,2010453264,2011453598
13PE01017,13,45,T4760,45,T3264,45,T3598,02,2013454760,2010453264,2011453598
13PE01018,13,45,T4761,45,T3264,45,T3122,02,2013454761,2010453264,2010453122
13PE01019,13,45,T4762,45,T3264,45,T3122,02,2013454762,2010453264,2010453122
13PE01020,13,45,T4763,45,T3643,45,T3898,02,2013454763,2011453643,2011453898
13PE01021,13,45,T4764,45,T3643,45,T3898,02,2013454764,2011453643,2011453898
13PE01022,13,45,T4765,45,T2482,45,T2800,02,2013454765,2009452482,2009452800
13PE01023,13,45,T4766,45,T2482,45,T2800,02,2013454766,2009452482,2009452800
13PE01024,13,45,T4767,45,T4177,45,T2484,02,2013454767,2012454177,2009452484
13PE01025,13,45,T4768,45,T3748,45,T1961,02,2013454768,2011453748,2008451961
13PE01026,13,45,T4769,45,T3748,45,T1961,02,2013454769,2011453748,2008451961
13PE01027,13,45,T4770,45,T3264,45,T3763,02,2013454770,2010453264,2011453763
13PE01028,13,45,T4771,45,T4198,45,T3856,02,2013454771,2012454198,2011453856
13PE01029,13,45,T4772,45,T4177,45,T2662,02,2013454772,2012454177,2009452662
13PE01030,13,45,T4773,45,T4177,45,T2662,02,2013454773,2012454177,2009452662
13PE01031,13,45,T4774,45,T2482,45,T2854,02,2013454774,2009452482,2010452854
13PE01032,13,45,T4775,45,T4524,45,T3629,02,2013454775,2012454524,2011453629
13PE01033,13,45,T4776,45,T4524,45,T3316,02,2013454776,2012454524,2010453316
13PE01034,13,45,T4777,45,T2482,45,T1299,02,2013454777,2009452482,2007451299
13PE01035,13,45,T4778,45,T2482,45,T1299,02,2013454778,2009452482,2007451299
13PE01036,13,45,T4779,45,T4198,45,T2879,02,2013454779,2012454198,2010452879
13PE01037,13,45,T4780,45,T3469,45,T2794,02,2013454780,2010453469,2009452794
13PE01038,13,45,T4781,45,T2632,45,T3976,02,2013454781,2009452632,2011453976
13PE01039,13,45,T4782,45,T2632,45,T3976,02,2013454782,2009452632,2011453976
13PE01040,13,45,T4783,45,T2482,45,T1769,02,2013454783,2009452482,2007451769
13PE01041,13,45,T4784,45,T2482,45,T1769,02,2013454784,2009452482,2007451769
13PE01042,13,45,T4785,45,T2482,45,T1769,02,2013454785,2009452482,2007451769
13PE01043,13,45,T4786,45,T3077,45,T1990,02,2013454786,2010453077,2008451990
13PE01044,13,45,T4787,45,T3077,45,T1990,02,2013454787,2010453077,2008451990
13PE01045,13,45,T4788,45,T3643,45,T3706,02,2013454788,2011453643,2011453706
13PE01046,13,45,T4789,45,T3264,45,T2542,02,2013454789,2010453264,2009452542
13PE01047,13,45,T4790,45,T3077,45,T1507,02,2013454790,2010453077,2007451507
13PE01048,13,45,T4791,45,T3077,45,T1507,02,2013454791,2010453077,2007451507
13PE01049,13,45,T4792,45,T3264,45,T3704,02,2013454792,2010453264,2011453704
13PE01050,13,45,T4793,45,T3264,45,T3704,02,2013454793,2010453264,2011453704
13PE01051,13,45,T4794,45,T4626,45,T2610,02,2013454794,2012454626,2009452610
13PE01052,13,45,T4795,45,T3077,45,T2490,02,2013454795,2010453077,2009452490
13PE01053,13,45,T4796,45,T3077,45,T2490,02,2013454796,2010453077,2009452490
13PE01054,13,45,T4797,45,T4543,45,T3361,02,2013454797,2012454543,2010453361
13PE01055,13,45,T4798,45,T4543,45,T3361,02,2013454798,2012454543,2010453361
13PE01056,13,45,T4799,45,T4240,45,T3231,02,2013454799,2012454240,2010453231
13PE01057,13,45,T4800,45,T4543,45,T2634,02,2013454800,2012454543,2009452634
13PE01058,13,45,T4801,45,T4543,45,T2634,02,2013454801,2012454543,2009452634
13PE01059,13,45,T4802,45,T4198,45,T2234,02,2013454802,2012454198,2008452234
13PE01060,13,45,T4803,45,T4198,45,T2234,02,2013454803,2012454198,2008452234
13PE01061,13,45,T4804,45,T3264,45,T1058,02,2013454804,2010453264,2006451058
13PE01062,13,45,T4805,45,T3469,45,T3194,02,2013454805,2010453469,2010453194
13PE01063,13,45,T4806,45,T3469,45,T3194,02,2013454806,2010453469,2010453194
13PE01064,13,45,T4807,45,T3077,45,T4065,02,2013454807,2010453077,2011454065
13PE01065,13,45,T4808,45,T3077,45,T4065,02,2013454808,2010453077,2011454065
13PE01066,13,45,T4809,45,T3077,45,T2667,02,2013454809,2010453077,2009452667
13PE01067,13,45,T4810,45,T3077,45,T2667,02,2013454810,2010453077,2009452667
13PE01068,13,45,T4811,45,T3077,45,T2560,02,2013454811,2010453077,2009452560
13PE01069,13,45,T4812,45,T4198,45,T2306,02,2013454812,2012454198,2008452306
13PE01070,13,45,T4813,45,T4198,45,T2306,02,2013454813,2012454198,2008452306
13PE01071,13,45,T4814,45,T4524,45,T1869,02,2013454814,2012454524,2008451869
13PE01072,13,45,T4815,45,T4524,45,T1869,02,2013454815,2012454524,2008451869
13PE01073,13,45,T4816,45,T3077,45,T0954,02,2013454816,2010453077,2006450954
13PE01074,13,45,T4817,45,T3077,45,T0954,02,2013454817,2010453077,2006450954
13PE01075,13,45,T4818,45,T4524,45,T2170,02,2013454818,2012454524,2008452170
13PE01076,13,45,T4819,45,T4524,45,T2170,02,2013454819,2012454524,2008452170
13PE01077,13,45,T4820,45,T4198,45,T3073,02,2013454820,2012454198,2010453073
13PE01078,13,45,T4821,45,T3077,45,T2711,02,2013454821,2010453077,2009452711
13PE01079,13,45,T4822,45,T3862,45,T3881,02,2013454822,2011453862,2011453881
13PE01080,13,45,T4823,45,T4626,45,T0925,02,2013454823,2012454626,2006450925
13PE01081,13,45,T4824,45,T4626,45,T0925,02,2013454824,2012454626,2006450925
13PE01082,13,45,T4825,45,T4626,45,T0925,02,2013454825,2012454626,2006450925
13PE01083,13,45,T4826,45,T4524,45,T2248,02,2013454826,2012454524,2008452248
13PE01084,13,45,T4827,45,T4524,45,T2248,02,2013454827,2012454524,2008452248
13PE01085,13,45,T4828,45,T4543,45,T1297,02,2013454828,2012454543,2007451297
13PE01086,13,45,T4829,45,T4543,45,T1297,02,2013454829,2012454543,2007451297
13PE01087,13,45,T4830,45,T4240,45,T3098,02,2013454830,2012454240,2010453098
13PE01088,13,45,T4831,45,T4240,45,T3098,02,2013454831,2012454240,2010453098
13PE01089,13,45,T4832,45,T3643,45,T4017,02,2013454832,2011453643,2011454017
13PE01090,13,45,T4833,45,T4177,45,T2508,02,2013454833,2012454177,2009452508
13PE01091,13,45,T4834,45,T4626,45,T2426,02,2013454834,2012454626,2009452426
13PE01092,13,45,T4835,45,T4034,45,T4158,02,2013454835,2011454034,2012454158
13PE01093,13,45,T4836,45,T3862,45,T3225,02,2013454836,2011453862,2010453225
13PE01094,13,45,T4837,45,T3862,45,T1541,02,2013454837,2011453862,2007451541
13PE01095,13,45,T4838,45,T3862,45,T1541,02,2013454838,2011453862,2007451541
13PE01096,13,45,T4839,45,T4177,45,T1647,02,2013454839,2012454177,2007451647
13PE01097,13,45,T4840,45,T4177,45,T1647,02,2013454840,2012454177,2007451647
13PE01098,13,45,T4841,45,T4543,45,T2950,02,2013454841,2012454543,2010452950
13PE01099,13,45,T4842,45,T4240,45,T1566,02,2013454842,2012454240,2007451566
13PE01100,13,45,T4843,45,T3643,45,T3725,02,2013454843,2011453643,2011453725
13PE01101,13,45,T4844,45,T3643,45,T3725,02,2013454844,2011453643,2011453725
13PE01102,13,45,T4845,45,T3433,45,T4397,02,2013454845,2010453433,2012454397
13PE01103,13,45,T4846,45,T3433,45,T4397,02,2013454846,2010453433,2012454397
13PE01104,13,45,T4847,45,T4375,45,T2149,02,2013454847,2012454375,2008452149
13PE01105,13,45,T4848,45,T4375,45,T2149,02,2013454848,2012454375,2008452149
13PE01106,13,45,T4849,45,T2632,45,T2690,02,2013454849,2009452632,2009452690
13PE01107,13,45,T4850,45,T3862,45,T3124,02,2013454850,2011453862,2010453124
13PE01108,13,45,T4851,45,T3862,45,T3124,02,2013454851,2011453862,2010453124
13PE01109,13,45,T4852,45,T4543,45,T3148,02,2013454852,2012454543,2010453148
13PE01110,13,45,T4853,45,T4626,45,T2471,02,2013454853,2012454626,2009452471
13PE01111,13,45,T4854,45,T3264,45,T2019,02,2013454854,2010453264,2008452019
13PE01112,13,45,T4855,45,T4198,45,T2138,02,2013454855,2012454198,2008452138
13PE01113,13,45,T4856,45,T4198,45,T2138,02,2013454856,2012454198,2008452138
13PE01114,13,45,T4857,45,T2482,45,T0880,02,2013454857,2009452482,2006450880
13PE01115,13,45,T4858,45,T3643,45,T1522,02,2013454858,2011453643,2007451522
13PE01116,13,45,T4859,45,T4524,45,T3664,02,2013454859,2012454524,2011453664
13PE01117,13,45,T4860,45,T4524,45,T3664,02,2013454860,2012454524,2011453664
13PE01118,13,45,T4861,45,T3862,45,T3605,02,2013454861,2011453862,2011453605
13PE01119,13,45,T4862,45,T4240,45,T1832,02,2013454862,2012454240,2007451832
13PE01120,13,45,T4863,45,T4240,45,T1832,02,2013454863,2012454240,2007451832
13PE01121,13,45,T4864,45,T4543,45,T2525,02,2013454864,2012454543,2009452525
13PE01122,13,45,T4865,45,T4240,45,T3318,02,2013454865,2012454240,2010453318
13PE01123,13,45,T4866,45,T4543,45,T3064,02,2013454866,2012454543,2010453064
13PE01124,13,45,T4867,45,T4543,45,T3064,02,2013454867,2012454543,2010453064
13PE01125,13,45,T4868,45,T3862,45,T2092,02,2013454868,2011453862,2008452092
13PE01126,13,45,T4869,45,T3862,45,T2092,02,2013454869,2011453862,2008452092
13PE01127,13,45,T4870,45,T3862,45,T2326,02,2013454870,2011453862,2008452326
13PE01128,13,45,T4871,45,T2482,45,T2997,02,2013454871,2009452482,2010452997
13PE01129,13,45,T4872,45,T2482,45,T2997,02,2013454872,2009452482,2010452997
13PE01130,13,45,T4873,45,T4177,45,T2763,02,2013454873,2012454177,2009452763
13PE01131,13,45,T4874,45,T4177,45,T2763,02,2013454874,2012454177,2009452763
13PE01132,13,45,T4875,45,T2632,45,T0772,02,2013454875,2009452632,2006450772
13PE01133,13,45,T4876,45,T3077,45,T2712,02,2013454876,2010453077,2009452712
13PE01134,13,45,T4877,45,T3077,45,T2712,02,2013454877,2010453077,2009452712
13PE01135,13,45,T4878,45,T2632,45,T4027,02,2013454878,2009452632,2011454027
13PE01136,13,45,T4879,45,T3862,45,T0885,02,2013454879,2011453862,2006450885
13PE01137,13,45,T4880,45,T4177,45,T2487,02,2013454880,2012454177,2009452487
13PE01138,13,45,T4881,45,T4543,45,T3301,02,2013454881,2012454543,2010453301
13PE01139,13,45,T4882,45,T4198,45,T3213,02,2013454882,2012454198,2010453213
13PE01140,13,45,T4883,45,T4198,45,T3213,02,2013454883,2012454198,2010453213
13PE01141,13,45,T4884,45,T3264,45,T3146,02,2013454884,2010453264,2010453146
13PE01142,13,45,T4885,45,T3469,45,T0454,02,2013454885,2010453469,2005450454
13PE01143,13,45,T4886,45,T3469,45,T0454,02,2013454886,2010453469,2005450454
13PE01144,13,45,T4887,45,T3643,45,T3599,02,2013454887,2011453643,2011453599
13PE01145,13,45,T4888,45,T3643,45,T3599,02,2013454888,2011453643,2011453599
13PE01146,13,45,T4889,45,T3862,45,T2089,02,2013454889,2011453862,2008452089
13PE01147,13,45,T4890,45,T3401,45,T4416,02,2013454890,2010453401,2012454416
13PE01148,13,45,T4891,45,T3748,45,T3378,02,2013454891,2011453748,2010453378
13PE01149,13,45,T4892,45,T2632,45,T2731,02,2013454892,2009452632,2009452731
13PE01150,13,45,T4893,45,T4375,45,T2872,02,2013454893,2012454375,2010452872
13PE01151,13,45,T4894,45,T3264,45,T3791,02,2013454894,2010453264,2011453791
13PE01152,13,45,T4895,45,T4543,45,T3144,02,2013454895,2012454543,2010453144
13PE01153,13,45,T4896,45,T4543,45,T2347,02,2013454896,2012454543,2009452347
13PE01154,13,45,T4897,45,T4543,45,T2347,02,2013454897,2012454543,2009452347
13PE01155,13,45,T4898,45,T3469,45,T3566,02,2013454898,2010453469,2011453566
13PE01156,13,45,T4899,45,T3077,45,T2781,02,2013454899,2010453077,2009452781
13PE01157,13,45,T4900,45,T4543,45,T3842,02,2013454900,2012454543,2011453842
13PE01158,13,45,T4901,45,T4543,45,T3842,02,2013454901,2012454543,2011453842
13PE01159,13,45,T4902,45,T3433,45,T4464,02,2013454902,2010453433,2012454464
13PE01160,13,45,T4903,45,T3862,45,T3656,02,2013454903,2011453862,2011453656
13PE01161,13,45,T4904,45,T3862,45,T3656,02,2013454904,2011453862,2011453656
13PE01162,13,45,T4905,45,T3077,45,T0774,02,2013454905,2010453077,2006450774
13PE01163,13,45,T4906,45,T4240,45,T3883,02,2013454906,2012454240,2011453883
13PE01164,13,45,T4907,45,T3862,45,T3853,02,2013454907,2011453862,2011453853
13PE01165,13,45,T4908,45,T3862,45,T3853,02,2013454908,2011453862,2011453853
13PE01166,13,45,T4909,45,T3643,45,T3554,02,2013454909,2011453643,2011453554
13PE01167,13,45,T4910,45,T3264,45,T1538,02,2013454910,2010453264,2007451538
13PE01168,13,45,T4911,45,T3264,45,T1538,02,2013454911,2010453264,2007451538
13PE01169,13,45,T4912,45,T3469,45,T3082,02,2013454912,2010453469,2010453082
13PE01170,13,45,T4913,45,T4034,45,T4154,02,2013454913,2011454034,2012454154
13PE01171,13,45,T4914,45,T3264,45,T4032,02,2013454914,2010453264,2011454032
13PE01172,13,45,T4915,45,T4240,45,T1991,02,2013454915,2012454240,2008451991
13PE01173,13,45,T4916,45,T4177,45,T2520,02,2013454916,2012454177,2009452520
13PE01174,13,45,T4917,45,T4177,45,T2520,02,2013454917,2012454177,2009452520
13PE01175,13,45,T4918,45,T4524,45,T0924,02,2013454918,2012454524,2006450924
13PE01176,13,45,T4919,45,T4524,45,T0924,02,2013454919,2012454524,2006450924
13PE01177,13,45,T4920,45,T2482,45,T3563,02,2013454920,2009452482,2011453563
13PE01178,13,45,T4921,45,T4198,45,T2071,02,2013454921,2012454198,2008452071
13PE01179,13,45,T4922,45,T4198,45,T2071,02,2013454922,2012454198,2008452071
13PE01180,13,45,T4923,45,T2482,45,T3755,02,2013454923,2009452482,2011453755
13PE01181,13,45,T4924,45,T2482,45,T3755,02,2013454924,2009452482,2011453755
13PE01182,13,45,T4925,45,T3264,45,T3910,02,2013454925,2010453264,2011453910
13PE01183,13,45,T4926,45,T3469,45,T3908,02,2013454926,2010453469,2011453908
13PE01184,13,45,T4927,45,T3469,45,T1708,02,2013454927,2010453469,2007451708
13PE01185,13,45,T4928,45,T3469,45,T1708,02,2013454928,2010453469,2007451708
13PE01186,13,45,T4929,45,T4198,45,T3795,02,2013454929,2012454198,2011453795
13PE01187,13,45,T4930,45,T2632,45,T2873,02,2013454930,2009452632,2010452873
13PE01188,13,45,T4931,45,T2632,45,T2873,02,2013454931,2009452632,2010452873
13PE01189,13,45,T4932,45,T4524,45,T2460,02,2013454932,2012454524,2009452460
13PE01190,13,45,T4933,45,T4524,45,T2460,02,2013454933,2012454524,2009452460
13PE01191,13,45,T4934,45,T3307,45,T4155,02,2013454934,2010453307,2012454155
13PE01192,13,45,T4935,45,T4626,45,T2821,02,2013454935,2012454626,2009452821
13PE01193,13,45,T4936,45,T4626,45,T2821,02,2013454936,2012454626,2009452821
13PE01194,13,45,T4937,45,T3643,45,T2727,02,2013454937,2011453643,2009452727
13PE01195,13,45,T4938,45,T3643,45,T2727,02,2013454938,2011453643,2009452727
13PE01196,13,45,T4939,45,T4375,45,T0911,02,2013454939,2012454375,2006450911
13PE01197,13,45,T4940,45,T4375,45,T0911,02,2013454940,2012454375,2006450911
13PE01198,13,45,T4941,45,T2482,45,T1537,02,2013454941,2009452482,2007451537
13PE01199,13,45,T4942,45,T2482,45,T1537,02,2013454942,2009452482,2007451537
13PE01200,13,45,T4943,45,T4177,45,T2642,02,2013454943,2012454177,2009452642
13PE01201,13,45,T4944,45,T4177,45,T2642,02,2013454944,2012454177,2009452642
13PE01202,13,45,T4945,45,T4240,45,T3121,02,2013454945,2012454240,2010453121
13PE01203,13,45,T4946,45,T4240,45,T3121,02,2013454946,2012454240,2010453121
13PE01204,13,45,T4947,45,T3469,45,T2530,02,2013454947,2010453469,2009452530
13PE01205,13,45,T4948,45,T3469,45,T2530,02,2013454948,2010453469,2009452530
13PE01206,13,45,T4949,45,T3469,45,T3765,02,2013454949,2010453469,2011453765
13PE01207,13,45,T4950,45,T3748,45,T4005,02,2013454950,2011453748,2011454005
13PE01208,13,45,T4951,45,T4177,45,T2803,02,2013454951,2012454177,2009452803
13PE01209,13,45,T4952,45,T4177,45,T2803,02,2013454952,2012454177,2009452803
13PE01210,13,45,T4953,45,T4198,45,T2849,02,2013454953,2012454198,2010452849
13PE01211,13,45,T4954,45,T3748,45,T2334,02,2013454954,2011453748,2008452334
13PE01212,13,45,T4955,45,T3748,45,T2334,02,2013454955,2011453748,2008452334
13PE01213,13,45,T4956,45,T3748,45,T3697,02,2013454956,2011453748,2011453697
13PE01214,13,45,T4957,45,T2632,45,T1274,02,2013454957,2009452632,2007451274
13PE01215,13,45,T4958,45,T2632,45,T1274,02,2013454958,2009452632,2007451274
13PE01216,13,45,T4959,45,T3469,45,T2777,02,2013454959,2010453469,2009452777
13PE01217,13,45,T4960,45,T3643,45,T3848,02,2013454960,2011453643,2011453848
13PE01218,13,45,T4961,45,T3643,45,T3848,02,2013454961,2011453643,2011453848
13PE01219,13,45,T4962,45,T3862,45,T3053,02,2013454962,2011453862,2010453053
13PE01220,13,45,T4963,45,T3077,45,T3176,02,2013454963,2010453077,2010453176
13PE01221,13,45,T4964,45,T3077,45,T3176,02,2013454964,2010453077,2010453176
13PE01222,13,45,T4965,45,T2482,45,T3753,02,2013454965,2009452482,2011453753
13PE01223,13,45,T4966,45,T4439,45,T3422,02,2013454966,2012454439,2010453422
13PE01224,13,45,T4967,45,T4439,45,T3422,02,2013454967,2012454439,2010453422
13PE01225,13,45,T4968,45,T3748,45,T3308,02,2013454968,2011453748,2010453308
13PE01226,13,45,T4969,45,T2632,45,T2971,02,2013454969,2009452632,2010452971
13PE01227,13,45,T4970,45,T4543,45,T2441,02,2013454970,2012454543,2009452441
13PE01228,13,45,T4971,45,T4543,45,T2441,02,2013454971,2012454543,2009452441
13PE01229,13,45,T4972,45,T4524,45,T3693,02,2013454972,2012454524,2011453693
13PE01230,13,45,T4973,45,T4177,45,T2835,02,2013454973,2012454177,2009452835
13PE01231,13,45,T4974,45,T4177,45,T2835,02,2013454974,2012454177,2009452835
13PE01232,13,45,T4975,45,T4626,45,T2519,02,2013454975,2012454626,2009452519
13PE01233,13,45,T4976,45,T4626,45,T2519,02,2013454976,2012454626,2009452519
13PE01234,13,45,T4977,45,T4543,45,T1359,02,2013454977,2012454543,2007451359
13PE01235,13,45,T4978,45,T4177,45,T2578,02,2013454978,2012454177,2009452578
13PE01236,13,45,T4979,45,T4177,45,T2578,02,2013454979,2012454177,2009452578
13PE01237,13,45,T4980,45,T3748,45,T3756,02,2013454980,2011453748,2011453756
13PE01238,13,45,T4981,45,T4375,45,T1376,02,2013454981,2012454375,2007451376
13PE01239,13,45,T4982,45,T4375,45,T1376,02,2013454982,2012454375,2007451376
13PE01240,13,45,T4983,45,T3264,45,T3811,02,2013454983,2010453264,2011453811
13PE01241,13,45,T4984,45,T3264,45,T3811,02,2013454984,2010453264,2011453811
13PE01242,13,45,T4985,45,T4626,45,T2397,02,2013454985,2012454626,2009452397
13PE01243,13,45,T4986,45,T4626,45,T2397,02,2013454986,2012454626,2009452397
13PE01244,13,45,T4987,45,T4439,45,T3583,02,2013454987,2012454439,2011453583
13PE01245,13,45,T4988,45,T4439,45,T3583,02,2013454988,2012454439,2011453583
13PE01246,13,45,T4989,45,T4177,45,T3603,02,2013454989,2012454177,2011453603
13PE01247,13,45,T4990,45,T2632,45,T3387,02,2013454990,2009452632,2010453387
13PE01248,13,45,T4991,45,T2632,45,T3387,02,2013454991,2009452632,2010453387
13PE01249,13,45,T4992,45,T4524,45,T2303,02,2013454992,2012454524,2008452303
13PE01250,13,45,T4993,45,T3802,45,T4300,02,2013454993,2011453802,2012454300
13PE01251,13,45,T4994,45,T3264,45,T2465,02,2013454994,2010453264,2009452465
13PE01252,13,45,T4995,45,T3264,45,T2465,02,2013454995,2010453264,2009452465
13PE01253,13,45,T4996,45,T4543,45,T1890,02,2013454996,2012454543,2008451890
13PE01254,13,45,T4997,45,T3643,45,T4021,02,2013454997,2011453643,2011454021
13PE01255,13,45,T4998,45,T3643,45,T4021,02,2013454998,2011453643,2011454021
13PE01256,13,45,T4999,45,T3748,45,T3953,02,2013454999,2011453748,2011453953
13PE01257,13,45,T5000,45,T3748,45,T3953,02,2013455000,2011453748,2011453953
13PE01258,13,45,T5001,45,T4626,45,T2518,02,2013455001,2012454626,2009452518
13PE01259,13,45,T5002,45,T4626,45,T2518,02,2013455002,2012454626,2009452518
13PE01260,13,45,T5003,45,T2482,45,T3919,02,2013455003,2009452482,2011453919
13PE01261,13,45,T5004,45,T2482,45,T3919,02,2013455004,2009452482,2011453919
13PE01262,13,45,T5005,45,T4524,45,T2565,02,2013455005,2012454524,2009452565
13PE01263,13,45,T5006,45,T4524,45,T2565,02,2013455006,2012454524,2009452565
13PE01264,13,45,T5007,45,T4240,45,T3351,02,2013455007,2012454240,2010453351
13PE01265,13,45,T5008,45,T4240,45,T3351,02,2013455008,2012454240,2010453351
13PE01266,13,45,T5009,45,T3264,45,T1089,02,2013455009,2010453264,2006451089
13PE01267,13,45,T5010,45,T3264,45,T3876,02,2013455010,2010453264,2011453876
13PE01268,13,45,T5011,45,T4524,45,T3804,02,2013455011,2012454524,2011453804
13PE01269,13,45,T5012,45,T2482,45,T2428,02,2013455012,2009452482,2009452428
13PE01270,13,45,T5013,45,T3862,45,T2557,02,2013455013,2011453862,2009452557
13PE01271,13,45,T5014,45,T3643,45,T1331,02,2013455014,2011453643,2007451331
13PE01272,13,45,T5015,45,T3643,45,T1331,02,2013455015,2011453643,2007451331
13PE01273,13,45,T5016,45,T4439,45,T3029,02,2013455016,2012454439,2010453029
13PE01274,13,45,T5017,45,T4439,45,T3029,02,2013455017,2012454439,2010453029
13PE01275,13,45,T5018,45,T3077,45,T4012,02,2013455018,2010453077,2011454012
13PE01276,13,45,T5019,45,T3077,45,T4012,02,2013455019,2010453077,2011454012
13PE01277,13,45,T5020,45,T3264,45,T2867,02,2013455020,2010453264,2010452867
13PE01278,13,45,T5021,45,T3685,45,T4219,02,2013455021,2011453685,2012454219
13PE01279,13,45,T5022,45,T3685,45,T4219,02,2013455022,2011453685,2012454219
13PE01280,13,45,T5023,45,T4198,45,T3313,02,2013455023,2012454198,2010453313
13PE01281,13,45,T5024,45,T4198,45,T3313,02,2013455024,2012454198,2010453313
13PE01282,13,45,T5025,45,T3077,45,T2791,02,2013455025,2010453077,2009452791
13PE01283,13,45,T5026,45,T3643,45,T3604,02,2013455026,2011453643,2011453604
13PE01284,13,45,T5027,45,T3862,45,T3553,02,2013455027,2011453862,2011453553
13PE01285,13,45,T5028,45,T3862,45,T3553,02,2013455028,2011453862,2011453553
13PE01286,13,45,T5029,45,T3862,45,T3201,02,2013455029,2011453862,2010453201
13PE01287,13,45,T5030,45,T4240,45,T3142,02,2013455030,2012454240,2010453142
13PE01288,13,45,T5031,45,T3748,45,T1598,02,2013455031,2011453748,2007451598
13PE01289,13,45,T5032,45,T4177,45,T3565,02,2013455032,2012454177,2011453565
13PE01290,13,45,T5033,45,T4177,45,T3565,02,2013455033,2012454177,2011453565
13PE01291,13,45,T5034,45,T4198,45,T3574,02,2013455034,2012454198,2011453574
13PE01292,13,45,T5035,45,T3264,45,T2168,02,2013455035,2010453264,2008452168
13PE01293,13,45,T5036,45,T3264,45,T2168,02,2013455036,2010453264,2008452168
13PE01294,13,45,T5037,45,T3862,45,T2497,02,2013455037,2011453862,2009452497
13PE01295,13,45,T5038,45,T4240,45,T3165,02,2013455038,2012454240,2010453165
13PE01296,13,45,T5039,45,T3307,45,T4327,02,2013455039,2010453307,2012454327
13PE01297,13,45,T5040,45,T3307,45,T4327,02,2013455040,2010453307,2012454327
13PE01298,13,45,T5041,45,T2632,45,T2602,02,2013455041,2009452632,2009452602
13PE01299,13,45,T5042,45,T2632,45,T2602,02,2013455042,2009452632,2009452602
13PE01300,13,45,T5043,45,T3748,45,T2145,02,2013455043,2011453748,2008452145
13PE01301,13,45,T5044,45,T3748,45,T2145,02,2013455044,2011453748,2008452145
13PE01302,13,45,T5045,45,T4439,45,T4003,02,2013455045,2012454439,2011454003
13PE01303,13,45,T5046,45,T3862,45,T2148,02,2013455046,2011453862,2008452148
13PE01304,13,45,T5047,45,T3264,45,T1825,02,2013455047,2010453264,2007451825
13PE01305,13,45,T5048,45,T3264,45,T1825,02,2013455048,2010453264,2007451825
13PE01306,13,45,T5049,45,T2632,45,T3653,02,2013455049,2009452632,2011453653
13PE01307,13,45,T5050,45,T4177,45,T1087,02,2013455050,2012454177,2006451087
13PE01308,13,45,T5051,45,T4177,45,T1087,02,2013455051,2012454177,2006451087
13PE01309,13,45,T5052,45,T4198,45,T2300,02,2013455052,2012454198,2008452300
13PE01310,13,45,T5053,45,T4198,45,T2300,02,2013455053,2012454198,2008452300
13PE01311,13,45,T5054,45,T2482,45,T3931,02,2013455054,2009452482,2011453931
13PE01312,13,45,T5055,45,T2482,45,T3931,02,2013455055,2009452482,2011453931
13PE01313,13,45,T5056,45,T3077,45,T2684,02,2013455056,2010453077,2009452684
13PE01314,13,45,T5057,45,T3077,45,T2684,02,2013455057,2010453077,2009452684
13PE01315,13,45,T5058,45,T3685,45,T4393,02,2013455058,2011453685,2012454393
13PE01316,13,45,T5059,45,T4439,45,T3776,02,2013455059,2012454439,2011453776
13PE01317,13,45,T5060,45,T4439,45,T3776,02,2013455060,2012454439,2011453776
13PE01318,13,45,T5061,45,T3862,45,T3060,02,2013455061,2011453862,2010453060
13PE01319,13,45,T5062,45,T3862,45,T3060,02,2013455062,2011453862,2010453060
13PE01320,13,45,T5063,45,T3433,45,T4360,02,2013455063,2010453433,2012454360
13PE01321,13,45,T5064,45,T3685,45,T4427,02,2013455064,2011453685,2012454427
13PE01322,13,45,T5065,45,T3685,45,T4427,02,2013455065,2011453685,2012454427
13PE01323,13,45,T5066,45,T4198,45,T3093,02,2013455066,2012454198,2010453093
13PE01324,13,45,T5067,45,T4198,45,T3093,02,2013455067,2012454198,2010453093
13PE01325,13,45,T5068,45,T3748,45,T2852,02,2013455068,2011453748,2010452852
13PE01326,13,45,T5069,45,T3643,45,T2237,02,2013455069,2011453643,2008452237
13PE01327,13,45,T5070,45,T3643,45,T3099,02,2013455070,2011453643,2010453099
13PE01328,13,45,T5071,45,T3643,45,T3099,02,2013455071,2011453643,2010453099
13PE01329,13,45,T5072,45,T4240,45,T2176,02,2013455072,2012454240,2008452176
13PE01330,13,45,T5073,45,T4240,45,T2176,02,2013455073,2012454240,2008452176
13PE01331,13,45,T5074,45,T4198,45,T2218,02,2013455074,2012454198,2008452218
13PE01332,13,45,T5075,45,T4198,45,T2218,02,2013455075,2012454198,2008452218
13PE01333,13,45,T5076,45,T4439,45,T3557,02,2013455076,2012454439,2011453557
13PE01334,13,45,T5077,45,T4439,45,T3557,02,2013455077,2012454439,2011453557
13PE01335,13,45,T5078,45,T2482,45,T3360,02,2013455078,2009452482,2010453360
13PE01336,13,45,T5079,45,T2482,45,T3360,02,2013455079,2009452482,2010453360
13PE01337,13,45,T5080,45,T3643,45,T4020,02,2013455080,2011453643,2011454020
13PE01338,13,45,T5081,45,T3643,45,T4020,02,2013455081,2011453643,2011454020
13PE01339,13,45,T5082,45,T3077,45,T2439,02,2013455082,2010453077,2009452439
13PE01340,13,45,T5083,45,T3077,45,T2439,02,2013455083,2010453077,2009452439
13PE01341,13,45,T5084,45,T3802,45,T4535,02,2013455084,2011453802,2012454535
13PE01342,13,45,T5085,45,T2632,45,T3230,02,2013455085,2009452632,2010453230
13PE01343,13,45,T5086,45,T2632,45,T3230,02,2013455086,2009452632,2010453230
13PE01344,13,45,T5087,45,T3307,45,T4585,02,2013455087,2010453307,2012454585
13PE01345,13,45,T5088,45,T3643,45,T3906,02,2013455088,2011453643,2011453906
13PE01346,13,45,T5089,45,T3077,45,T2746,02,2013455089,2010453077,2009452746
13PE01347,13,45,T5090,45,T3077,45,T2746,02,2013455090,2010453077,2009452746
13PE01348,13,45,T5091,45,T3264,45,T2798,02,2013455091,2010453264,2009452798
13PE01349,13,45,T5093,45,T3264,45,T2798,02,2013455093,2010453264,2009452798
13PE01350,13,45,T5094,45,T4375,45,T1781,02,2013455094,2012454375,2007451781
13PE01351,13,45,T5095,45,T3307,45,T4424,02,2013455095,2010453307,2012454424
13PE01352,13,45,T5096,45,T3307,45,T4424,02,2013455096,2010453307,2012454424
13PE01353,13,45,T5097,45,T4524,45,T2856,02,2013455097,2012454524,2010452856
13PE01354,13,45,T5098,45,T4524,45,T2856,02,2013455098,2012454524,2010452856
13PE01355,13,45,T5099,45,T2632,45,T1876,02,2013455099,2009452632,2008451876
13PE01356,13,45,T5100,45,T4375,45,T0957,02,2013455100,2012454375,2006450957
13PE01357,13,45,T5101,45,T4375,45,T0957,02,2013455101,2012454375,2006450957
13PE01358,13,45,T5102,45,T4439,45,T3438,02,2013455102,2012454439,2010453438
13PE01359,13,45,T5103,45,T4439,45,T3438,02,2013455103,2012454439,2010453438
13PE01360,13,45,T5104,45,T3862,45,T2875,02,2013455104,2011453862,2010452875
13PE01361,13,45,T5105,45,T3862,45,T2875,02,2013455105,2011453862,2010452875
13PE01362,13,45,T5106,45,T3469,45,T3957,02,2013455106,2010453469,2011453957
13PE01363,13,45,T5107,45,T2482,45,T4031,02,2013455107,2009452482,2011454031
13PE01364,13,45,T5108,45,T2482,45,T4031,02,2013455108,2009452482,2011454031
13PE01365,13,45,T5109,45,T4626,45,T2436,02,2013455109,2012454626,2009452436
13PE01366,13,45,T5110,45,T4626,45,T2436,02,2013455110,2012454626,2009452436
13PE01367,13,45,T5111,45,T4375,45,T3644,02,2013455111,2012454375,2011453644
13PE01368,13,45,T5112,45,T4375,45,T3644,02,2013455112,2012454375,2011453644
13PE01369,13,45,T5113,45,T3264,45,T3865,02,2013455113,2010453264,2011453865
13PE01370,13,45,T5114,45,T3264,45,T3865,02,2013455114,2010453264,2011453865
13PE01371,13,45,T5115,45,T3077,45,T4024,02,2013455115,2010453077,2011454024
13PE01372,13,45,T5116,45,T3077,45,T4024,02,2013455116,2010453077,2011454024
13PE01373,13,45,T5117,45,T2632,45,T3451,02,2013455117,2009452632,2010453451
13PE01374,13,45,T5118,45,T2632,45,T3451,02,2013455118,2009452632,2010453451
13PE01375,13,45,T5119,45,T3643,45,T2383,02,2013455119,2011453643,2009452383
13PE01376,13,45,T5120,45,T2482,45,T2330,02,2013455120,2009452482,2008452330
13PE01377,13,45,T5121,45,T2482,45,T2330,02,2013455121,2009452482,2008452330
13PE01378,13,45,T5122,45,T4439,45,T2649,02,2013455122,2012454439,2009452649
13PE01379,13,45,T5123,45,T4439,45,T2649,02,2013455123,2012454439,2009452649
13PE01380,13,45,T5124,45,T2632,45,T3707,02,2013455124,2009452632,2011453707
13PE01381,13,45,T5125,45,T3469,45,T3814,02,2013455125,2010453469,2011453814
13PE01382,13,45,T5126,45,T3469,45,T3814,02,2013455126,2010453469,2011453814
13PE01383,13,45,T5127,45,T4524,45,T3348,02,2013455127,2012454524,2010453348
13PE01384,13,45,T5128,45,T4524,45,T3348,02,2013455128,2012454524,2010453348
13PE01385,13,45,T5129,45,T3469,45,T1670,02,2013455129,2010453469,2007451670
13PE01386,13,45,T5130,45,T3469,45,T1670,02,2013455130,2010453469,2007451670
13PE01387,13,45,T5131,45,T3643,45,T2638,02,2013455131,2011453643,2009452638
13PE01388,13,45,T5132,45,T4375,45,T4048,02,2013455132,2012454375,2011454048
13PE01389,13,45,T5133,45,T3748,45,T3406,02,2013455133,2011453748,2010453406
13PE01390,13,45,T5134,45,T3748,45,T3406,02,2013455134,2011453748,2010453406
13PE01391,13,45,T5135,45,T4524,45,T3946,02,2013455135,2012454524,2011453946
13PE01392,13,45,T5136,45,T3643,45,T0498,02,2013455136,2011453643,2005450498
13PE01393,13,45,T5137,45,T3643,45,T0498,02,2013455137,2011453643,2005450498
13PE01394,13,45,T5138,45,T3643,45,T0498,02,2013455138,2011453643,2005450498
13PE01395,13,45,T5139,45,T4375,45,T3897,02,2013455139,2012454375,2011453897
13PE01396,13,45,T5140,45,T4626,45,T2819,02,2013455140,2012454626,2009452819
13PE01397,13,45,T5141,45,T4626,45,T2819,02,2013455141,2012454626,2009452819
13PE01398,13,45,T5142,45,T3802,45,T4326,02,2013455142,2011453802,2012454326
13PE01399,13,45,T5143,45,T3077,45,T3933,02,2013455143,2010453077,2011453933
13PE01400,13,45,T5144,45,T3077,45,T3933,02,2013455144,2010453077,2011453933
13PE01401,13,45,T5145,45,T3264,45,T2432,02,2013455145,2010453264,2009452432
13PE01402,13,45,T5146,45,T3264,45,T2432,02,2013455146,2010453264,2009452432
13PE01403,13,45,T5147,45,T3748,45,T3640,02,2013455147,2011453748,2011453640
13PE01404,13,45,T5148,45,T4375,45,T1399,02,2013455148,2012454375,2007451399
13PE01405,13,45,T5149,45,T4375,45,T1399,02,2013455149,2012454375,2007451399
13PE01406,13,45,T5150,45,T3802,45,T4108,02,2013455150,2011453802,2012454108
13PE01407,13,45,T5151,45,T2482,45,T1957,02,2013455151,2009452482,2008451957
13PE01408,13,45,T5152,45,T2482,45,T1957,02,2013455152,2009452482,2008451957
13PE01409,13,45,T5153,45,T3077,45,T1293,02,2013455153,2010453077,2007451293
13PE01410,13,45,T5154,45,T3077,45,T1293,02,2013455154,2010453077,2007451293
13PE01411,13,45,T5155,45,T2482,45,T3269,02,2013455155,2009452482,2010453269
13PE01412,13,45,T5156,45,T2482,45,T3269,02,2013455156,2009452482,2010453269
13PE01413,13,45,T5157,45,T3469,45,T3703,02,2013455157,2010453469,2011453703
13PE01414,13,45,T5158,45,T3469,45,T2751,02,2013455158,2010453469,2009452751
13PE01415,13,45,T5159,45,T3469,45,T2751,02,2013455159,2010453469,2009452751
13PE01416,13,45,T5160,45,T3469,45,T1633,02,2013455160,2010453469,2007451633
13PE01417,13,45,T5161,45,T3469,45,T1633,02,2013455161,2010453469,2007451633
13PE01418,13,45,T5162,45,T2482,45,T1625,02,2013455162,2009452482,2007451625
13PE01419,13,45,T5163,45,T2482,45,T1625,02,2013455163,2009452482,2007451625
13PE01420,13,45,T5164,45,T3748,45,T3689,02,2013455164,2011453748,2011453689
13PE01421,13,45,T5165,45,T2632,45,T3568,02,2013455165,2009452632,2011453568
13PE01422,13,45,T5166,45,T3264,45,T2296,02,2013455166,2010453264,2008452296
13PE01423,13,45,T5167,45,T4198,45,T0986,02,2013455167,2012454198,2006450986
13PE01424,13,45,T5168,45,T4198,45,T0986,02,2013455168,2012454198,2006450986
13PE01425,13,45,T5169,45,T3307,45,T4435,02,2013455169,2010453307,2012454435
13PE01426,13,45,T5170,45,T3748,45,T2885,02,2013455170,2011453748,2010452885
13PE01427,13,45,T5171,45,T4626,45,T2552,02,2013455171,2012454626,2009452552
13PE01428,13,45,T5172,45,T4626,45,T2552,02,2013455172,2012454626,2009452552
13PE01429,13,45,T5173,45,T3748,45,T2558,02,2013455173,2011453748,2009452558
13PE01430,13,45,T5174,45,T3748,45,T2558,02,2013455174,2011453748,2009452558
13PE01431,13,45,T5175,45,T3264,45,T3928,02,2013455175,2010453264,2011453928
13PE01432,13,45,T5176,45,T3264,45,T3928,02,2013455176,2010453264,2011453928
13PE01433,13,45,T5177,45,T3862,45,T2319,02,2013455177,2011453862,2008452319
13PE01434,13,45,T5178,45,T4177,45,T1518,02,2013455178,2012454177,2007451518
13PE01435,13,45,T5179,45,T4177,45,T1518,02,2013455179,2012454177,2007451518
13PE01436,13,45,T5180,45,T4543,45,T2434,02,2013455180,2012454543,2009452434
13PE01437,13,45,T5181,45,T4543,45,T2434,02,2013455181,2012454543,2009452434
13PE01438,13,45,T5182,45,T4543,45,T2039,02,2013455182,2012454543,2008452039
13PE01439,13,45,T5183,45,T2632,45,T1065,02,2013455183,2009452632,2006451065
13PE01440,13,45,T5184,45,T2632,45,T2957,02,2013455184,2009452632,2010452957
13PE01441,13,45,T5185,45,T3748,45,T2888,02,2013455185,2011453748,2010452888
13PE01442,13,45,T5186,45,T3748,45,T2888,02,2013455186,2011453748,2010452888
13PE01443,13,45,T5187,45,T3264,45,T1785,02,2013455187,2010453264,2007451785
13PE01444,13,45,T5188,45,T3264,45,T1785,02,2013455188,2010453264,2007451785
13PE01445,13,45,T5189,45,T3264,45,T1785,02,2013455189,2010453264,2007451785
13PE01446,13,45,T5190,45,T2632,45,T3682,02,2013455190,2009452632,2011453682
13PE01447,13,45,T5191,45,T2632,45,T3682,02,2013455191,2009452632,2011453682
13PE01448,13,45,T5192,45,T3264,45,T2062,02,2013455192,2010453264,2008452062
13PE01449,13,45,T5193,45,T3469,45,T2704,02,2013455193,2010453469,2009452704
13PE01450,13,45,T5194,45,T2482,45,T1912,02,2013455194,2009452482,2008451912
13PE01451,13,45,T5195,45,T2482,45,T1912,02,2013455195,2009452482,2008451912
13PE01452,13,45,T5196,45,T2632,45,T1313,02,2013455196,2009452632,2007451313
13PE01453,13,45,T5197,45,T2632,45,T1313,02,2013455197,2009452632,2007451313
13PE01454,13,45,T5198,45,T4375,45,T2217,02,2013455198,2012454375,2008452217
13PE01455,13,45,T5199,45,T3307,45,T4520,02,2013455199,2010453307,2012454520
13PE01456,13,45,T5200,45,T3643,45,T0845,02,2013455200,2011453643,2006450845
13PE01457,13,45,T5201,45,T3643,45,T0845,02,2013455201,2011453643,2006450845
13PE01458,13,45,T5202,45,T3685,45,T4364,02,2013455202,2011453685,2012454364
13PE01459,13,45,T5203,45,T4626,45,T2532,02,2013455203,2012454626,2009452532
13PE01460,13,45,T5204,45,T4626,45,T2532,02,2013455204,2012454626,2009452532
13PE01461,13,45,T5205,45,T3077,45,T4022,02,2013455205,2010453077,2011454022
13PE01462,13,45,T5206,45,T3685,45,T4568,02,2013455206,2011453685,2012454568
13PE01463,13,45,T5207,45,T3307,45,T4157,02,2013455207,2010453307,2012454157
13PE01464,13,45,T5208,45,T3307,45,T4157,02,2013455208,2010453307,2012454157
13PE01465,13,45,T5209,45,T3802,45,T4101,02,2013455209,2011453802,2012454101
13PE01466,13,45,T5210,45,T3802,45,T4101,02,2013455210,2011453802,2012454101
13PE01467,13,45,T5211,45,T4177,45,T3751,02,2013455211,2012454177,2011453751
13PE01468,13,45,T5212,45,T3748,45,T2117,02,2013455212,2011453748,2008452117
13PE01469,13,45,T5213,45,T3748,45,T2117,02,2013455213,2011453748,2008452117
13PE01470,13,45,T5214,45,T3862,45,T3878,02,2013455214,2011453862,2011453878
13PE01471,13,45,T5215,45,T3862,45,T3878,02,2013455215,2011453862,2011453878
13PE01472,13,45,T5216,45,T3469,45,T2754,02,2013455216,2010453469,2009452754
13PE01473,13,45,T5217,45,T3469,45,T2754,02,2013455217,2010453469,2009452754
13PE01474,13,45,T5218,45,T2632,45,T3677,02,2013455218,2009452632,2011453677
13PE01475,13,45,T5219,45,T3685,45,T4227,02,2013455219,2011453685,2012454227
13PE01476,13,45,T5220,45,T4034,45,T4344,02,2013455220,2011454034,2012454344
13PE01477,13,45,T5221,45,T2632,45,T2433,02,2013455221,2009452632,2009452433
13PE01478,13,45,T5222,45,T3862,45,T1380,02,2013455222,2011453862,2007451380
13PE01479,13,45,T5223,45,T3401,45,T4288,02,2013455223,2010453401,2012454288
13PE01480,13,45,T5224,45,T4543,45,T3116,02,2013455224,2012454543,2010453116
13PE01481,13,45,T5225,45,T4034,45,T4522,02,2013455225,2011454034,2012454522
13PE01482,13,45,T5226,45,T2632,45,T1998,02,2013455226,2009452632,2008451998
13PE01483,13,45,T5227,45,T2632,45,T3896,02,2013455227,2009452632,2011453896
13PE01484,13,45,T5228,45,T3433,45,T4264,02,2013455228,2010453433,2012454264
13PE01485,13,45,T5229,45,T3685,45,T4352,02,2013455229,2011453685,2012454352
13PE01486,13,45,T5230,45,T4198,45,T3461,02,2013455230,2012454198,2010453461
13PE01487,13,45,T5231,45,T4198,45,T3461,02,2013455231,2012454198,2010453461
13PE01488,13,45,T5232,45,T2632,45,T2308,02,2013455232,2009452632,2008452308
13PE01489,13,45,T5233,45,T2632,45,T2308,02,2013455233,2009452632,2008452308
13PE01490,13,45,T5234,45,T4034,45,T4129,02,2013455234,2011454034,2012454129
13PE01491,13,45,T5235,45,T3307,45,T4481,02,2013455235,2010453307,2012454481
13PE01492,13,45,T5236,45,T4439,45,T2075,02,2013455236,2012454439,2008452075
13PE01493,13,45,T5237,45,T3433,45,T4506,02,2013455237,2010453433,2012454506
13PE01494,13,45,T5238,45,T3433,45,T4640,02,2013455238,2010453433,2012454640
13PE01495,13,45,T5239,45,T3401,45,T4209,02,2013455239,2010453401,2012454209
13PE01496,13,45,T5240,45,T4034,45,T4545,02,2013455240,2011454034,2012454545
13PE01497,13,45,T5241,45,T2632,45,T4039,02,2013455241,2009452632,2011454039
13PE01498,13,45,T5242,45,T4034,45,T4247,02,2013455242,2011454034,2012454247
13PE01499,13,45,T5243,45,T3433,45,T4207,02,2013455243,2010453433,2012454207
13PE01500,13,45,T5244,45,T3433,45,T4207,02,2013455244,2010453433,2012454207
13PE01501,13,45,T5245,45,T3401,45,T4473,02,2013455245,2010453401,2012454473
13PE01502,13,45,T5246,45,T3433,45,T4462,02,2013455246,2010453433,2012454462
13PE01503,13,45,T5247,45,T2632,45,T3645,02,2013455247,2009452632,2011453645
13PE01504,13,45,T5248,45,T3307,45,T4390,02,2013455248,2010453307,2012454390
13PE01505,13,45,T5249,45,T3685,45,T4354,02,2013455249,2011453685,2012454354
13PE01506,13,45,T5250,45,T4034,45,T4567,02,2013455250,2011454034,2012454567
13PE01507,13,45,T5251,45,T3685,45,T4102,02,2013455251,2011453685,2012454102
13PE01508,13,45,T5252,45,T3685,45,T4102,02,2013455252,2011453685,2012454102
13PE01509,13,45,T5253,45,T4034,45,T4596,02,2013455253,2011454034,2012454596
13PE01510,13,45,T5254,45,T4034,45,T4596,02,2013455254,2011454034,2012454596
13PE01511,13,45,T5255,45,T4240,45,T3869,02,2013455255,2012454240,2011453869
13PE01512,13,45,T5256,45,T3401,45,T4287,02,2013455256,2010453401,2012454287
13PE01513,13,45,T5257,45,T4439,45,T3396,02,2013455257,2012454439,2010453396
13PE01514,13,45,T5258,45,T3802,45,T4586,02,2013455258,2011453802,2012454586
13PE01515,13,45,T5259,45,T3433,45,T4501,02,2013455259,2010453433,2012454501
13PE01516,13,45,T5260,45,T3433,45,T4611,02,2013455260,2010453433,2012454611
13PE01517,13,45,T5261,45,T3433,45,T4611,02,2013455261,2010453433,2012454611
13PE01518,13,45,T5262,45,T3802,45,T4184,02,2013455262,2011453802,2012454184
13PE01519,13,45,T5263,45,T3685,45,T4181,02,2013455263,2011453685,2012454181
13PE01520,13,45,T5264,45,T3802,45,T4389,02,2013455264,2011453802,2012454389
13PE01521,13,45,T5265,45,T4034,45,T4173,02,2013455265,2011454034,2012454173
13PE01522,13,45,T5266,45,T3433,45,T4320,02,2013455266,2010453433,2012454320
13PE01523,13,45,T5267,45,T3802,45,T4226,02,2013455267,2011453802,2012454226
13PE01524,13,45,T5268,45,T3802,45,T4234,02,2013455268,2011453802,2012454234
13PE01525,13,45,T5269,45,T3685,45,T4587,02,2013455269,2011453685,2012454587
13PE01526,13,45,T5270,45,T3685,45,T4222,02,2013455270,2011453685,2012454222
13PE01527,13,45,T5271,45,T3401,45,T4505,02,2013455271,2010453401,2012454505
13PE01528,13,45,T5272,45,T3401,45,T4605,02,2013455272,2010453401,2012454605
13PE01529,13,45,T5273,45,T4034,45,T4566,02,2013455273,2011454034,2012454566
13PE01530,13,45,T5274,45,T4034,45,T4115,02,2013455274,2011454034,2012454115
13PE01531,13,45,T5275,45,T4034,45,T4477,02,2013455275,2011454034,2012454477
13PE01532,13,45,T5276,45,T3433,45,T4289,02,2013455276,2010453433,2012454289
13PE01533,13,45,T5277,45,T4034,45,T4603,02,2013455277,2011454034,2012454603
13PE01534,13,45,T5278,45,T3433,45,T4651,02,2013455278,2010453433,2012454651
13PE01535,13,45,T5279,45,T3433,45,T4651,02,2013455279,2010453433,2012454651
13PE01536,13,45,T5280,45,T3802,45,T4285,02,2013455280,2011453802,2012454285
13PE01537,13,45,T5281,45,T3685,45,T4156,02,2013455281,2011453685,2012454156
13PE01538,13,45,T5282,45,T3433,45,T4250,02,2013455282,2010453433,2012454250
13PE01539,13,45,T5283,45,T3401,45,T4655,02,2013455283,2010453401,2012454655
13PE01540,13,45,T5284,45,T3685,45,T4365,02,2013455284,2011453685,2012454365
13PE01541,13,45,T5285,45,T3401,45,T4220,02,2013455285,2010453401,2012454220
13PE01542,13,45,T5286,45,T3401,45,T4220,02,2013455286,2010453401,2012454220
13PE01543,13,45,T5287,45,T3685,45,T4561,02,2013455287,2011453685,2012454561
13PE01544,13,45,T5288,45,T3433,45,T4451,02,2013455288,2010453433,2012454451
13PE01545,13,45,T5289,45,T3433,45,T4466,02,2013455289,2010453433,2012454466
13PE01546,13,45,T5290,45,T3401,45,T4119,02,2013455290,2010453401,2012454119
13PE01547,13,45,T5291,45,T3307,45,T4645,02,2013455291,2010453307,2012454645
13PE01548,13,45,T5292,45,T4034,45,T4547,02,2013455292,2011454034,2012454547
13PE01549,13,45,T5293,45,T3401,45,T4329,02,2013455293,2010453401,2012454329
13PE01550,13,45,T5294,45,T3685,45,T4502,02,2013455294,2011453685,2012454502
13PE01551,13,45,T5295,45,T3307,45,T4438,02,2013455295,2010453307,2012454438
13PE01552,13,45,T5296,45,T3802,45,T4440,02,2013455296,2011453802,2012454440
13PE01553,13,45,T5297,45,T3685,45,T4347,02,2013455297,2011453685,2012454347
13PE01554,13,45,T5298,45,T3685,45,T4347,02,2013455298,2011453685,2012454347
13PE01555,13,45,T5299,45,T3401,45,T4468,02,2013455299,2010453401,2012454468
13PE01556,13,45,T5300,45,T3802,45,T4103,02,2013455300,2011453802,2012454103
13PE01557,13,50,Y1216,83,Z0000,83,Z0488,00,2013501216,         0,2011830488
13PE01558,13,50,Y1217,64,K0000,05,H5528,00,2013501217,         0,2009055528
13PE01559,13,50,Y1218,64,K0000,05,H5528,00,2013501218,         0,2009055528
13PE01560,13,50,Y1219,64,K0000,05,H5528,00,2013501219,         0,2009055528
13PE01561,13,50,Y1220,82,X0000,11,R8982,00,2013501220,         0,2011118982
13PE01562,13,50,Y1221,83,Z0000,05,H7245,00,2013501221,         0,2011057245
13PE01563,13,50,Y1222,83,Z0000,11,R8600,00,2013501222,         0,2010118600
13PE01564,13,50,Y1223,82,X0000,05,H5768,00,2013501223,         0,2010055768
13PE01565,13,50,Y1224,82,X0000,05,H5768,00,2013501224,         0,2010055768
13PE01566,13,50,Y1225,83,Z0000,11,R8692,00,2013501225,         0,2011118692
13PE01567,13,50,Y1226,83,Z0000,11,R8692,00,2013501226,         0,2011118692
13PE01568,13,50,Y1227,82,X0000,05,H5048,00,2013501227,         0,2009055048
13PE01569,13,50,Y1228,82,X0000,05,H5048,00,2013501228,         0,2009055048
13PE01570,13,50,Y1229,83,Z0000,05,H5447,00,2013501229,         0,2009055447
13PE01571,13,50,Y1230,82,X0000,83,Z0575,00,2013501230,         0,2011830575
13PE01572,13,50,Y1231,82,X0000,83,Z0654,00,2013501231,         0,2011830654
13PE01573,13,50,Y1232,82,X0000,83,Z0654,00,2013501232,         0,2011830654
13PE01574,13,50,Y1233,82,X0000,05,H7023,00,2013501233,         0,2011057023
13PE01575,13,50,Y1234,82,X0000,05,H7023,00,2013501234,         0,2011057023
13PE01576,13,50,Y1235,64,K0000,05,H6388,00,2013501235,         0,2010056388
13PE01577,13,50,Y1236,64,K0000,05,H6388,00,2013501236,         0,2010056388
13PE01578,13,50,Y1237,64,K0000,83,Z0662,00,2013501237,         0,2011830662
13PE01579,13,50,Y1238,82,X0000,82,X7962,00,2013501238,         0,2009827962
13PE01580,13,50,Y1239,82,X0000,82,X7962,00,2013501239,         0,2009827962
13PE01581,13,50,Y1240,82,X0000,05,H6917,00,2013501240,         0,2011056917
13PE01582,13,50,Y1241,83,Z0000,82,X7989,00,2013501241,         0,2009827989
13PE01583,13,50,Y1242,64,K0000,11,R8720,00,2013501242,         0,2011118720
13PE01584,13,50,Y1243,64,K0000,11,R8720,00,2013501243,         0,2011118720
13PE01585,13,50,Y1244,82,X0000,83,Z0360,00,2013501244,         0,2011830360
13PE01586,13,50,Y1245,82,X0000,83,Z0360,00,2013501245,         0,2011830360
13PE01587,13,50,Y1246,82,X0000,05,H6597,00,2013501246,         0,2011056597
13PE01588,13,50,Y1247,82,X0000,05,H6597,00,2013501247,         0,2011056597
13PE01589,13,50,Y1248,83,Z0000,83,Z0583,00,2013501248,         0,2011830583
13PE01590,13,50,Y1249,83,Z0000,05,H6459,00,2013501249,         0,2010056459
13PE01591,13,50,Y1250,64,K0000,83,Z0244,00,2013501250,         0,2011830244
13PE01592,13,50,Y1251,64,K0000,83,Z0244,00,2013501251,         0,2011830244
13PE01593,13,50,Y1252,83,Z0000,82,X9598,00,2013501252,         0,2010829598
13PE01594,13,50,Y1253,82,X0000,82,X9095,00,2013501253,         0,2010829095
13PE01595,13,50,Y1254,82,X0000,82,X9095,00,2013501254,         0,2010829095
13PE01596,13,50,Y1255,82,X0000,11,R8691,00,2013501255,         0,2011118691
13PE01597,13,50,Y1256,05,H5936,05,H7467,00,2013501256,2010055936,2012057467
13PE01598,13,50,Y1257,05,H5936,05,H7467,00,2013501257,2010055936,2012057467
13PE01599,13,50,Y1258,83,Z0000,82,X8195,00,2013501258,         0,2009828195
13PE01600,13,50,Y1259,83,Z0000,82,X8195,00,2013501259,         0,2009828195
13PE01601,13,50,Y1260,64,K0000,82,X7876,00,2013501260,         0,2009827876
13PE01602,13,50,Y1261,64,K0000,82,X7876,00,2013501261,         0,2009827876
13PE01603,13,50,Y1262,82,X0000,82,X9381,00,2013501262,         0,2010829381
13PE01604,13,50,Y1263,82,X0000,82,X9381,00,2013501263,         0,2010829381
13PE01605,13,50,Y1264,82,X0000,82,X9381,00,2013501264,         0,2010829381
13PE01606,13,50,Y1265,82,X0000,82,X8091,00,2013501265,         0,2009828091
13PE01607,13,50,Y1266,64,K0000,83,Z0685,00,2013501266,         0,2011830685
13PE01608,13,50,Y1267,64,K0000,83,Z0685,00,2013501267,         0,2011830685
13PE01609,13,50,Y1268,64,K0000,82,X8063,00,2013501268,         0,2009828063
13PE01610,13,50,Y1269,82,X0000,05,H4627,00,2013501269,         0,2009054627
13PE01611,13,50,Y1270,82,X0000,05,H4627,00,2013501270,         0,2009054627
13PE01612,13,50,Y1271,82,X0000,11,R7519,00,2013501271,         0,2009117519
13PE01613,13,50,Y1272,82,X0000,11,R7519,00,2013501272,         0,2009117519
13PE01614,13,50,Y1273,83,Z0000,05,H7167,00,2013501273,         0,2011057167
13PE01615,13,50,Y1274,83,Z0000,05,H7167,00,2013501274,         0,2011057167
13PE01616,13,50,Y1275,82,X0000,05,H6850,00,2013501275,         0,2011056850
13PE01617,13,50,Y1276,82,X0000,05,H6215,00,2013501276,         0,2010056215
13PE01618,13,50,Y1277,82,X0000,05,H6215,00,2013501277,         0,2010056215
13PE01619,13,50,Y1278,82,X0000,82,X9335,00,2013501278,         0,2010829335
13PE01620,13,50,Y1279,82,X0000,82,X9335,00,2013501279,         0,2010829335
13PE01621,13,50,Y1280,83,Z0000,82,X7948,00,2013501280,         0,2009827948
13PE01622,13,50,Y1281,83,Z0000,82,X7948,00,2013501281,         0,2009827948
13PE01623,13,50,Y1282,64,K0000,83,Z0428,00,2013501282,         0,2011830428
13PE01624,13,50,Y1283,64,K0000,05,H6901,00,2013501283,         0,2011056901
13PE01625,13,50,Y1284,64,K0000,05,H6901,00,2013501284,         0,2011056901
13PE01626,13,50,Y1285,82,X0000,05,H7175,00,2013501285,         0,2011057175
13PE01627,13,50,Y1286,83,Z0000,83,Z0707,00,2013501286,         0,2011830707
13PE01628,13,50,Y1287,82,X0000,05,H6015,00,2013501287,         0,2010056015
13PE01629,13,50,Y1288,82,X0000,05,H6015,00,2013501288,         0,2010056015
13PE01630,13,50,Y1289,83,Z0000,82,X9052,00,2013501289,         0,2010829052
13PE01631,13,50,Y1290,82,X0000,05,H5603,00,2013501290,         0,2010055603
13PE01632,13,50,Y1291,82,X0000,82,X9358,00,2013501291,         0,2010829358
13PE01633,13,50,Y1292,82,X0000,82,X9358,00,2013501292,         0,2010829358
13PE01634,13,50,Y1293,83,Z0000,05,H5956,00,2013501293,         0,2010055956
13PE01635,13,50,Y1294,83,Z0000,05,H5956,00,2013501294,         0,2010055956
13PE01636,13,50,Y1295,83,Z0000,11,R8766,00,2013501295,         0,2011118766
13PE01637,13,50,Y1296,64,K0000,83,Z0288,00,2013501296,         0,2011830288
13PE01638,13,50,Y1297,83,Z0000,83,Z0525,00,2013501297,         0,2011830525
13PE01639,13,50,Y1298,83,Z0000,83,Z0525,00,2013501298,         0,2011830525
13PE01640,13,50,Y1299,82,X0000,82,X7825,00,2013501299,         0,2009827825
13PE01641,13,50,Y1300,82,X0000,82,X7825,00,2013501300,         0,2009827825
13PE01642,13,50,Y1301,82,X0000,83,Z0621,00,2013501301,         0,2011830621
13PE01643,13,50,Y1302,82,X0000,83,Z0621,00,2013501302,         0,2011830621
13PE01644,13,50,Y1303,82,X0000,83,Z0446,00,2013501303,         0,2011830446
13PE01645,13,50,Y1304,82,X0000,83,Z0446,00,2013501304,         0,2011830446
13PE01646,13,50,Y1305,82,X0000,82,X7881,00,2013501305,         0,2009827881
13PE01647,13,50,Y1306,82,X0000,82,X7881,00,2013501306,         0,2009827881
13PE01648,13,50,Y1307,83,Z0000,11,R8459,00,2013501307,         0,2010118459
13PE01649,13,50,Y1308,83,Z0000,11,R8459,00,2013501308,         0,2010118459
13PE01650,13,50,Y1309,64,K0000,82,X9575,00,2013501309,         0,2010829575
13PE01651,13,50,Y1310,64,K0000,82,X9575,00,2013501310,         0,2010829575
13PE01652,13,50,Y1311,82,X0000,05,H5970,00,2013501311,         0,2010055970
13PE01653,13,50,Y1312,82,X0000,05,H5970,00,2013501312,         0,2010055970
13PE01654,13,50,Y1313,82,X0000,83,Z0546,00,2013501313,         0,2011830546
13PE01655,13,50,Y1314,82,X0000,83,Z0546,00,2013501314,         0,2011830546
13PE01656,13,50,Y1315,64,K0000,05,H7331,00,2013501315,         0,2011057331
13PE01657,13,50,Y1316,64,K0000,05,H6306,00,2013501316,         0,2010056306
13PE01658,13,50,Y1317,64,K0000,05,H6306,00,2013501317,         0,2010056306
13PE01659,13,50,Y1318,82,X0000,82,X7967,00,2013501318,         0,2009827967
13PE01660,13,50,Y1319,82,X0000,82,X7967,00,2013501319,         0,2009827967
13PE01661,13,50,Y1320,83,Z0000,82,X9123,00,2013501320,         0,2010829123
13PE01662,13,50,Y1321,83,Z0000,82,X9123,00,2013501321,         0,2010829123
13PE01663,13,50,Y1322,64,K0000,05,H6977,00,2013501322,         0,2011056977
13PE01664,13,50,Y1323,64,K0000,05,H6977,00,2013501323,         0,2011056977
13PE01665,13,50,Y1324,64,K0000,83,Z0442,00,2013501324,         0,2011830442
13PE01666,13,50,Y1325,64,K0000,83,Z0442,00,2013501325,         0,2011830442
13PE01667,13,50,Y1326,83,Z0000,11,R9061,00,2013501326,         0,2011119061
13PE01668,13,50,Y1327,82,X0000,82,X8099,00,2013501327,         0,2009828099
13PE01669,13,50,Y1328,82,X0000,82,X8099,00,2013501328,         0,2009828099
13PE01670,13,50,Y1329,83,Z0000,82,X8021,00,2013501329,         0,2009828021
13PE01671,13,50,Y1330,83,Z0000,82,X8021,00,2013501330,         0,2009828021
13PE01672,13,50,Y1331,83,Z0000,82,X8021,00,2013501331,         0,2009828021
13PE01673,13,50,Y1332,82,X0000,83,Z0553,00,2013501332,         0,2011830553
13PE01674,13,50,Y1333,82,X0000,83,Z0553,00,2013501333,         0,2011830553
13PE01675,13,50,Y1334,83,Z0000,82,X9491,00,2013501334,         0,2010829491
13PE01676,13,50,Y1335,83,Z0000,82,X9491,00,2013501335,         0,2010829491
13PE01677,13,50,Y1336,83,Z0000,82,X7791,00,2013501336,         0,2009827791
13PE01678,13,50,Y1337,83,Z0000,82,X7791,00,2013501337,         0,2009827791
13PE01679,13,50,Y1338,64,K0000,05,H6680,00,2013501338,         0,2011056680
13PE01680,13,50,Y1339,64,K0000,05,H6680,00,2013501339,         0,2011056680
13PE01681,13,50,Y1340,64,K0000,11,R7905,00,2013501340,         0,2009117905
13PE01682,13,50,Y1341,82,X0000,05,H6167,00,2013501341,         0,2010056167
13PE01683,13,50,Y1342,83,Z0000,83,Z0687,00,2013501342,         0,2011830687
13PE01684,13,50,Y1343,83,Z0000,05,H4599,00,2013501343,         0,2009054599
13PE01685,13,50,Y1344,83,Z0000,05,H4599,00,2013501344,         0,2009054599
13PE01686,13,50,Y1345,83,Z0000,05,H4599,00,2013501345,         0,2009054599
13PE01687,13,50,Y1346,82,X0000,05,H4911,00,2013501346,         0,2009054911
13PE01688,13,50,Y1347,82,X0000,05,H4911,00,2013501347,         0,2009054911
13PE01689,13,50,Y1348,64,K0000,82,X9032,00,2013501348,         0,2010829032
13PE01690,13,50,Y1349,64,K0000,82,X9032,00,2013501349,         0,2010829032
13PE01691,13,50,Y1350,64,K0000,82,X9032,00,2013501350,         0,2010829032
13PE01692,13,50,Y1351,64,K0000,11,R8495,00,2013501351,         0,2010118495
13PE01693,13,50,Y1352,82,X0000,82,X8076,00,2013501352,         0,2009828076
13PE01694,13,50,Y1353,82,X0000,82,X8076,00,2013501353,         0,2009828076
13PE01695,13,50,Y1354,83,Z0000,05,H6381,00,2013501354,         0,2010056381
13PE01696,13,50,Y1355,83,Z0000,05,H6381,00,2013501355,         0,2010056381
13PE01697,13,50,Y1356,82,X0000,05,H5019,00,2013501356,         0,2009055019
13PE01698,13,50,Y1357,82,X0000,05,H5019,00,2013501357,         0,2009055019
13PE01699,13,50,Y1358,83,Z0000,05,H6916,00,2013501358,         0,2011056916
13PE01700,13,50,Y1359,83,Z0000,05,H6916,00,2013501359,         0,2011056916
13PE01701,13,50,Y1360,83,Z0000,05,H6685,00,2013501360,         0,2011056685
13PE01702,13,50,Y1361,83,Z0000,83,Z0728,00,2013501361,         0,2011830728
13PE01703,13,50,Y1362,83,Z0000,83,Z0728,00,2013501362,         0,2011830728
13PE01704,13,50,Y1363,82,X0000,82,X8056,00,2013501363,         0,2009828056
13PE01705,13,50,Y1364,82,X0000,82,X8056,00,2013501364,         0,2009828056
13PE01706,13,50,Y1365,82,X0000,82,X7877,00,2013501365,         0,2009827877
13PE01707,13,50,Y1366,82,X0000,83,Z0445,00,2013501366,         0,2011830445
13PE01708,13,50,Y1367,82,X0000,05,H6885,00,2013501367,         0,2011056885
13PE01709,13,50,Y1368,83,Z0000,82,X9382,00,2013501368,         0,2010829382
13PE01710,13,50,Y1369,83,Z0000,82,X9382,00,2013501369,         0,2010829382
13PE01711,13,50,Y1370,82,X0000,11,R8580,00,2013501370,         0,2010118580
13PE01712,13,50,Y1371,82,X0000,11,R8580,00,2013501371,         0,2010118580
13PE01713,13,50,Y1372,64,K0000,83,Z0532,00,2013501372,         0,2011830532
13PE01714,13,50,Y1373,64,K0000,83,Z0532,00,2013501373,         0,2011830532
13PE01715,13,50,Y1374,82,X0000,11,R8980,00,2013501374,         0,2011118980
13PE01716,13,50,Y1375,82,X0000,11,R8980,00,2013501375,         0,2011118980
13PE01717,13,50,Y1376,82,X0000,83,Z0666,00,2013501376,         0,2011830666
13PE01718,13,50,Y1377,82,X0000,83,Z0666,00,2013501377,         0,2011830666
13PE01719,13,50,Y1378,82,X0000,83,Z0361,00,2013501378,         0,2011830361
13PE01720,13,50,Y1379,82,X0000,05,H7216,00,2013501379,         0,2011057216
13PE01721,13,50,Y1380,82,X0000,05,H7216,00,2013501380,         0,2011057216
13PE01722,13,50,Y1381,83,Z0000,83,Z0513,00,2013501381,         0,2011830513
13PE01723,13,50,Y1382,64,K0000,11,R9086,00,2013501382,         0,2011119086
13PE01724,13,50,Y1383,82,X0000,05,H6807,00,2013501383,         0,2011056807
13PE01725,13,50,Y1384,83,Z0000,05,H5748,00,2013501384,         0,2010055748
13PE01726,13,50,Y1385,83,Z0000,05,H5748,00,2013501385,         0,2010055748
13PE01727,13,50,Y1386,64,K0000,82,X9062,00,2013501386,         0,2010829062
13PE01728,13,50,Y1387,64,K0000,82,X9062,00,2013501387,         0,2010829062
13PE01729,13,50,Y1388,82,X0000,05,H7033,00,2013501388,         0,2011057033
13PE01730,13,50,Y1389,82,X0000,05,H7033,00,2013501389,         0,2011057033
13PE01731,13,50,Y1390,82,X0000,11,R8419,00,2013501390,         0,2010118419
13PE01732,13,50,Y1391,82,X0000,11,R8419,00,2013501391,         0,2010118419
13PE01733,13,50,Y1392,82,X0000,05,H6644,00,2013501392,         0,2011056644
13PE01734,13,50,Y1393,83,Z0000,05,H6632,00,2013501393,         0,2011056632
13PE01735,13,50,Y1394,83,Z0000,05,H6632,00,2013501394,         0,2011056632
13PE01736,13,50,Y1395,83,Z0000,11,R9080,00,2013501395,         0,2011119080
13PE01737,13,50,Y1396,64,K0000,82,X9372,00,2013501396,         0,2010829372
13PE01738,13,50,Y1397,64,K0000,82,X9372,00,2013501397,         0,2010829372
13PE01739,13,50,Y1398,83,Z0000,05,H6739,00,2013501398,         0,2011056739
13PE01740,13,50,Y1399,64,K0000,82,X9525,00,2013501399,         0,2010829525
13PE01741,13,50,Y1400,64,K0000,82,X9525,00,2013501400,         0,2010829525
13PE01742,13,50,Y1401,83,Z0000,11,R7523,00,2013501401,         0,2009117523
13PE01743,13,50,Y1402,83,Z0000,11,R7523,00,2013501402,         0,2009117523
13PE01744,13,50,Y1403,83,Z0000,05,H4711,00,2013501403,         0,2009054711
13PE01745,13,50,Y1404,64,K0000,83,Z0359,00,2013501404,         0,2011830359
13PE01746,13,50,Y1405,64,K0000,83,Z0359,00,2013501405,         0,2011830359
13PE01747,13,50,Y1406,64,K0000,11,R7567,00,2013501406,         0,2009117567
13PE01748,13,50,Y1407,83,Z0000,05,H7121,00,2013501407,         0,2011057121
13PE01749,13,50,Y1408,83,Z0000,05,H7121,00,2013501408,         0,2011057121
13PE01750,13,50,Y1409,64,K0000,83,Z0531,00,2013501409,         0,2011830531
13PE01751,13,50,Y1410,64,K0000,83,Z0531,00,2013501410,         0,2011830531
13PE01752,13,50,Y1411,64,K0000,82,X8925,00,2013501411,         0,2010828925
13PE01753,13,50,Y1412,64,K0000,82,X8925,00,2013501412,         0,2010828925
13PE01754,13,50,Y1413,64,K0000,82,X8925,00,2013501413,         0,2010828925
13PE01755,13,50,Y1414,83,Z0000,05,H5984,00,2013501414,         0,2010055984
13PE01756,13,50,Y1415,83,Z0000,05,H5984,00,2013501415,         0,2010055984
13PE01757,13,50,Y1416,64,K0000,05,H5835,00,2013501416,         0,2010055835
13PE01758,13,50,Y1417,64,K0000,05,H5835,00,2013501417,         0,2010055835
13PE01759,13,50,Y1418,82,X0000,11,R8765,00,2013501418,         0,2011118765
13PE01760,13,50,Y1419,82,X0000,05,H5217,00,2013501419,         0,2009055217
13PE01761,13,50,Y1420,82,X0000,05,H5217,00,2013501420,         0,2009055217
13PE01762,13,50,Y1421,82,X0000,05,H6882,00,2013501421,         0,2011056882
13PE01763,13,50,Y1422,82,X0000,05,H6882,00,2013501422,         0,2011056882
13PE01764,13,50,Y1423,82,X0000,11,R9120,00,2013501423,         0,2011119120
13PE01765,13,50,Y1424,64,K0000,11,R8186,00,2013501424,         0,2010118186
13PE01766,13,50,Y1425,82,X0000,82,X9407,00,2013501425,         0,2010829407
13PE01767,13,50,Y1426,82,X0000,82,X9407,00,2013501426,         0,2010829407
13PE01768,13,50,Y1427,82,X0000,83,Z0683,00,2013501427,         0,2011830683
13PE01769,13,50,Y1428,83,Z0000,83,Z0782,00,2013501428,         0,2011830782
13PE01770,13,50,Y1429,83,Z0000,83,Z0782,00,2013501429,         0,2011830782
13PE01771,13,50,Y1430,82,X0000,82,X8110,00,2013501430,         0,2009828110
13PE01772,13,50,Y1431,82,X0000,82,X8110,00,2013501431,         0,2009828110
13PE01773,13,50,Y1432,83,Z0000,82,X9192,00,2013501432,         0,2010829192
13PE01774,13,50,Y1433,83,Z0000,82,X9192,00,2013501433,         0,2010829192
13PE01775,13,50,Y1434,82,X0000,05,H5886,00,2013501434,         0,2010055886
13PE01776,13,50,Y1435,82,X0000,05,H5886,00,2013501435,         0,2010055886
13PE01777,13,50,Y1436,64,K0000,11,R8500,00,2013501436,         0,2010118500
13PE01778,13,50,Y1437,64,K0000,11,R8500,00,2013501437,         0,2010118500
13PE01779,13,50,Y1438,82,X0000,05,H5825,00,2013501438,         0,2010055825
13PE01780,13,50,Y1439,82,X0000,05,H5825,00,2013501439,         0,2010055825
13PE01781,13,50,Y1440,83,Z0000,11,R9037,00,2013501440,         0,2011119037
13PE01782,13,50,Y1441,82,X0000,11,R7812,00,2013501441,         0,2009117812
13PE01783,13,50,Y1442,83,Z0000,05,H6262,00,2013501442,         0,2010056262
13PE01784,13,50,Y1443,83,Z0000,05,H6262,00,2013501443,         0,2010056262
13PE01785,13,50,Y1444,82,X0000,05,H6921,00,2013501444,         0,2011056921
13PE01786,13,50,Y1445,82,X0000,05,H6921,00,2013501445,         0,2011056921
13PE01787,13,50,Y1446,64,K0000,11,R7622,00,2013501446,         0,2009117622
13PE01788,13,50,Y1447,83,Z0000,11,R7964,00,2013501447,         0,2009117964
13PE01789,13,50,Y1448,82,X0000,11,R8150,00,2013501448,         0,2010118150
13PE01790,13,50,Y1449,82,X0000,11,R8150,00,2013501449,         0,2010118150
13PE01791,13,50,Y1450,82,X0000,05,H4955,00,2013501450,         0,2009054955
13PE01792,13,50,Y1451,82,X0000,05,H4955,00,2013501451,         0,2009054955
13PE01793,13,50,Y1452,82,X0000,82,X8946,00,2013501452,         0,2010828946
13PE01794,13,50,Y1453,82,X0000,82,X8946,00,2013501453,         0,2010828946
13PE01795,13,50,Y1454,83,Z0000,05,H4947,00,2013501454,         0,2009054947
13PE01796,13,50,Y1455,83,Z0000,05,H4947,00,2013501455,         0,2009054947
13PE01797,13,50,Y1456,83,Z0000,05,H4947,00,2013501456,         0,2009054947
13PE01798,13,50,Y1457,83,Z0000,11,R8499,00,2013501457,         0,2010118499
13PE01799,13,50,Y1458,83,Z0000,11,R8499,00,2013501458,         0,2010118499
13PE01800,13,50,Y1459,83,Z0000,11,R8336,00,2013501459,         0,2010118336
13PE01801,13,50,Y1460,83,Z0000,05,H7143,00,2013501460,         0,2011057143
13PE01802,13,50,Y1461,82,X0000,83,Z0586,00,2013501461,         0,2011830586
13PE01803,13,50,Y1462,82,X0000,83,Z0586,00,2013501462,         0,2011830586
13PE01804,13,50,Y1463,82,X0000,83,Z0369,00,2013501463,         0,2011830369
13PE01805,13,50,Y1464,82,X0000,83,Z0369,00,2013501464,         0,2011830369
13PE01806,13,50,Y1465,64,K0000,11,R8331,00,2013501465,         0,2010118331
13PE01807,13,50,Y1466,64,K0000,11,R8331,00,2013501466,         0,2010118331
13PE01808,13,50,Y1467,64,K0000,11,R8918,00,2013501467,         0,2011118918
13PE01809,13,50,Y1468,83,Z0000,82,X8049,00,2013501468,         0,2009828049
13PE01810,13,50,Y1469,83,Z0000,82,X8049,00,2013501469,         0,2009828049
13PE01811,13,50,Y1470,82,X0000,11,R8681,00,2013501470,         0,2011118681
13PE01812,13,50,Y1471,82,X0000,82,X9019,00,2013501471,         0,2010829019
13PE01813,13,50,Y1472,82,X0000,82,X9019,00,2013501472,         0,2010829019
13PE01814,13,50,Y1473,82,X0000,11,R9060,00,2013501473,         0,2011119060
13PE01815,13,50,Y1474,83,Z0000,83,Z0565,00,2013501474,         0,2011830565
13PE01816,13,50,Y1475,83,Z0000,83,Z0565,00,2013501475,         0,2011830565
13PE01817,13,50,Y1476,82,X0000,05,H6164,00,2013501476,         0,2010056164
13PE01818,13,50,Y1477,82,X0000,05,H6164,00,2013501477,         0,2010056164
13PE01819,13,50,Y1478,82,X0000,83,Z0261,00,2013501478,         0,2011830261
13PE01820,13,50,Y1479,82,X0000,83,Z0261,00,2013501479,         0,2011830261
13PE01821,13,50,Y1480,64,K0000,11,R8575,00,2013501480,         0,2010118575
13PE01822,13,50,Y1481,82,X0000,83,Z0427,00,2013501481,         0,2011830427
13PE01823,13,50,Y1482,64,K0000,11,R8243,00,2013501482,         0,2010118243
13PE01824,13,50,Y1483,64,K0000,11,R8243,00,2013501483,         0,2010118243
13PE01825,13,50,Y1484,64,K0000,11,R8478,00,2013501484,         0,2010118478
13PE01826,13,50,Y1485,64,K0000,11,R8478,00,2013501485,         0,2010118478
13PE01827,13,50,Y1486,64,K0000,05,H5047,00,2013501486,         0,2009055047
13PE01828,13,50,Y1487,64,K0000,05,H5047,00,2013501487,         0,2009055047
13PE01829,13,50,Y1488,82,X0000,05,H7186,00,2013501488,         0,2011057186
13PE01830,13,50,Y1489,82,X0000,05,H7186,00,2013501489,         0,2011057186
13PE01831,13,50,Y1490,82,X0000,82,X9218,00,2013501490,         0,2010829218
13PE01832,13,50,Y1491,82,X0000,82,X9218,00,2013501491,         0,2010829218
13PE01833,13,50,Y1492,82,X0000,83,Z0530,00,2013501492,         0,2011830530
13PE01834,13,50,Y1493,82,X0000,83,Z0530,00,2013501493,         0,2011830530
13PE01835,13,50,Y1494,64,K0000,05,H6244,00,2013501494,         0,2010056244
13PE01836,13,50,Y1495,64,K0000,05,H6244,00,2013501495,         0,2010056244
13PE01837,13,50,Y1496,64,K0000,05,H6244,00,2013501496,         0,2010056244
13PE01838,13,50,Y1497,82,X0000,05,H6415,00,2013501497,         0,2010056415
13PE01839,13,50,Y1498,82,X0000,05,H6415,00,2013501498,         0,2010056415
13PE01840,13,50,Y1499,82,X0000,05,H6672,00,2013501499,         0,2011056672
13PE01841,13,50,Y1500,82,X0000,05,H5759,00,2013501500,         0,2010055759
13PE01842,13,50,Y1501,82,X0000,05,H5759,00,2013501501,         0,2010055759
13PE01843,13,50,Y1502,82,X0000,05,H5759,00,2013501502,         0,2010055759
13PE01844,13,50,Y1503,82,X0000,05,H5759,00,2013501503,         0,2010055759
13PE01845,13,50,Y1504,82,X0000,11,R7940,00,2013501504,         0,2009117940
13PE01846,13,50,Y1505,82,X0000,11,R7940,00,2013501505,         0,2009117940
13PE01847,13,50,Y1506,82,X0000,05,H7041,00,2013501506,         0,2011057041
13PE01848,13,50,Y1507,82,X0000,05,H7041,00,2013501507,         0,2011057041
13PE01849,13,50,Y1508,82,X0000,82,X7980,00,2013501508,         0,2009827980
13PE01850,13,50,Y1509,82,X0000,82,X7980,00,2013501509,         0,2009827980
13PE01851,13,50,Y1510,82,X0000,11,R7575,00,2013501510,         0,2009117575
13PE01852,13,50,Y1511,64,K0000,82,X9061,00,2013501511,         0,2010829061
13PE01853,13,50,Y1512,64,K0000,82,X9061,00,2013501512,         0,2010829061
13PE01854,13,50,Y1513,82,X0000,11,R9053,00,2013501513,         0,2011119053
13PE01855,13,50,Y1514,82,X0000,82,X7682,00,2013501514,         0,2009827682
13PE01856,13,50,Y1515,82,X0000,82,X7682,00,2013501515,         0,2009827682
13PE01857,13,50,Y1516,83,Z0000,11,R8678,00,2013501516,         0,2011118678
13PE01858,13,50,Y1517,82,X0000,05,H4805,00,2013501517,         0,2009054805
13PE01859,13,50,Y1518,82,X0000,05,H4805,00,2013501518,         0,2009054805
13PE01860,13,50,Y1519,82,X0000,05,H4805,00,2013501519,         0,2009054805
13PE01861,13,50,Y1520,82,X0000,05,H6584,00,2013501520,         0,2011056584
13PE01862,13,50,Y1521,82,X0000,05,H6584,00,2013501521,         0,2011056584
13PE01863,13,50,Y1522,82,X0000,82,X8116,00,2013501522,         0,2009828116
13PE01864,13,50,Y1523,82,X0000,82,X8116,00,2013501523,         0,2009828116
13PE01865,13,50,Y1524,82,X0000,82,X8116,00,2013501524,         0,2009828116
13PE01866,13,50,Y1525,82,X0000,05,H5493,00,2013501525,         0,2009055493
13PE01867,13,50,Y1526,82,X0000,05,H5493,00,2013501526,         0,2009055493
13PE01868,13,50,Y1527,64,K0000,11,R7570,00,2013501527,         0,2009117570
13PE01869,13,50,Y1528,64,K0000,11,R7570,00,2013501528,         0,2009117570
13PE01870,13,50,Y1529,64,K0000,05,H5744,00,2013501529,         0,2010055744
13PE01871,13,50,Y1530,64,K0000,05,H5744,00,2013501530,         0,2010055744
13PE01872,13,50,Y1531,64,K0000,05,H5744,00,2013501531,         0,2010055744
13PE01873,13,50,Y1532,83,Z0000,11,R7836,00,2013501532,         0,2009117836
13PE01874,13,50,Y1533,83,Z0000,11,R7836,00,2013501533,         0,2009117836
13PE01875,13,50,Y1534,82,X0000,11,R8407,00,2013501534,         0,2010118407
13PE01876,13,50,Y1535,82,X0000,11,R7837,00,2013501535,         0,2009117837
13PE01877,13,50,Y1536,64,K0000,83,Z0639,00,2013501536,         0,2011830639
13PE01878,13,50,Y1537,64,K0000,83,Z0639,00,2013501537,         0,2011830639
13PE01879,13,50,Y1538,82,X0000,11,R8663,00,2013501538,         0,2011118663
13PE01880,13,50,Y1539,82,X0000,11,R8663,00,2013501539,         0,2011118663
13PE01881,13,50,Y1540,82,X0000,05,H6845,00,2013501540,         0,2011056845
13PE01882,13,50,Y1541,83,Z0000,82,X7906,00,2013501541,         0,2009827906
13PE01883,13,50,Y1542,83,Z0000,82,X7906,00,2013501542,         0,2009827906
13PE01884,13,50,Y1543,83,Z0000,05,H5042,00,2013501543,         0,2009055042
13PE01885,13,50,Y1544,82,X0000,11,R9063,00,2013501544,         0,2011119063
13PE01886,13,50,Y1545,82,X0000,05,H6848,00,2013501545,         0,2011056848
13PE01887,13,50,Y1546,83,Z0000,82,X9411,00,2013501546,         0,2010829411
13PE01888,13,50,Y1547,83,Z0000,82,X9411,00,2013501547,         0,2010829411
13PE01889,13,50,Y1548,83,Z0000,82,X7996,00,2013501548,         0,2009827996
13PE01890,13,50,Y1549,83,Z0000,82,X7996,00,2013501549,         0,2009827996
13PE01891,13,50,Y1550,82,X0000,05,H4823,00,2013501550,         0,2009054823
13PE01892,13,50,Y1551,82,X0000,05,H4823,00,2013501551,         0,2009054823
13PE01893,13,50,Y1552,82,X0000,82,X9515,00,2013501552,         0,2010829515
13PE01894,13,50,Y1553,82,X0000,82,X9515,00,2013501553,         0,2010829515
13PE01895,13,50,Y1554,82,X0000,82,X9515,00,2013501554,         0,2010829515
13PE01896,13,50,Y1555,64,K0000,11,R8291,00,2013501555,         0,2010118291
13PE01897,13,50,Y1556,64,K0000,11,R8886,00,2013501556,         0,2011118886
13PE01898,13,50,Y1557,82,X0000,05,H4765,00,2013501557,         0,2009054765
13PE01899,13,50,Y1558,82,X0000,05,H4765,00,2013501558,         0,2009054765
13PE01900,13,50,Y1559,82,X0000,05,H4765,00,2013501559,         0,2009054765
13PE01901,13,50,Y1560,82,X0000,82,X9547,00,2013501560,         0,2010829547
13PE01902,13,50,Y1561,82,X0000,82,X9547,00,2013501561,         0,2010829547
13PE01903,13,50,Y1562,64,K0000,11,R8952,00,2013501562,         0,2011118952
13PE01904,13,50,Y1563,83,Z0000,82,X7777,00,2013501563,         0,2009827777
13PE01905,13,50,Y1564,83,Z0000,82,X7777,00,2013501564,         0,2009827777
13PE01906,13,50,Y1565,64,K0000,11,R7728,00,2013501565,         0,2009117728
13PE01907,13,50,Y1566,64,K0000,05,H7179,00,2013501566,         0,2011057179
13PE01908,13,50,Y1567,64,K0000,05,H7179,00,2013501567,         0,2011057179
13PE01909,13,50,Y1568,64,K0000,11,R8501,00,2013501568,         0,2010118501
13PE01910,13,50,Y1569,83,Z0000,82,X7833,00,2013501569,         0,2009827833
13PE01911,13,50,Y1570,83,Z0000,82,X7833,00,2013501570,         0,2009827833
13PE01912,13,50,Y1571,82,X0000,11,R8688,00,2013501571,         0,2011118688
13PE01913,13,50,Y1572,82,X0000,82,X9327,00,2013501572,         0,2010829327
13PE01914,13,50,Y1573,82,X0000,82,X9327,00,2013501573,         0,2010829327
13PE01915,13,50,Y1574,82,X0000,82,X9327,00,2013501574,         0,2010829327
13PE01916,13,50,Y1575,82,X0000,05,H6010,00,2013501575,         0,2010056010
13PE01917,13,50,Y1576,82,X0000,05,H6010,00,2013501576,         0,2010056010
13PE01918,13,50,Y1577,82,X0000,05,H4699,00,2013501577,         0,2009054699
13PE01919,13,50,Y1578,82,X0000,05,H4699,00,2013501578,         0,2009054699
13PE01920,13,50,Y1579,82,X0000,05,H4699,00,2013501579,         0,2009054699
13PE01921,13,50,Y1580,82,X0000,05,H6751,00,2013501580,         0,2011056751
13PE01922,13,50,Y1581,83,Z0000,11,R7558,00,2013501581,         0,2009117558
13PE01923,13,50,Y1582,83,Z0000,11,R7558,00,2013501582,         0,2009117558
13PE01924,13,50,Y1583,83,Z0000,83,Z0754,00,2013501583,         0,2011830754
13PE01925,13,50,Y1584,64,K0000,05,H5262,00,2013501584,         0,2009055262
13PE01926,13,50,Y1585,64,K0000,82,X9332,00,2013501585,         0,2010829332
13PE01927,13,50,Y1586,64,K0000,82,X9332,00,2013501586,         0,2010829332
13PE01928,13,50,Y1587,82,X0000,83,Z0426,00,2013501587,         0,2011830426
13PE01929,13,50,Y1588,82,X0000,83,Z0426,00,2013501588,         0,2011830426
13PE01930,13,50,Y1589,82,X0000,05,H5043,00,2013501589,         0,2009055043
13PE01931,13,50,Y1590,64,K0000,82,X9565,00,2013501590,         0,2010829565
13PE01932,13,50,Y1591,64,K0000,82,X9565,00,2013501591,         0,2010829565
13PE01933,13,50,Y1592,82,X0000,11,R8881,00,2013501592,         0,2011118881
13PE01934,13,50,Y1593,83,Z0000,82,X7687,00,2013501593,         0,2009827687
13PE01935,13,50,Y1594,64,K0000,83,Z0358,00,2013501594,         0,2011830358
13PE01936,13,50,Y1595,64,K0000,83,Z0358,00,2013501595,         0,2011830358
13PE01937,13,50,Y1596,82,X0000,82,X7941,00,2013501596,         0,2009827941
13PE01938,13,50,Y1597,82,X0000,82,X7941,00,2013501597,         0,2009827941
13PE01939,13,50,Y1598,82,X0000,82,X7941,00,2013501598,         0,2009827941
13PE01940,13,50,Y1599,82,X0000,82,X7941,00,2013501599,         0,2009827941
13PE01941,13,50,Y1600,83,Z0000,05,H5089,00,2013501600,         0,2009055089
13PE01942,13,50,Y1601,82,X0000,05,H5813,00,2013501601,         0,2010055813
13PE01943,13,50,Y1602,82,X0000,05,H5813,00,2013501602,         0,2010055813
13PE01944,13,50,Y1603,82,X0000,05,H5813,00,2013501603,         0,2010055813
13PE01945,13,50,Y1604,64,K0000,05,H5751,00,2013501604,         0,2010055751
13PE01946,13,50,Y1605,82,X0000,11,R9068,00,2013501605,         0,2011119068
13PE01947,13,50,Y1606,64,K0000,05,H5306,00,2013501606,         0,2009055306
13PE01948,13,50,Y1607,64,K0000,05,H5306,00,2013501607,         0,2009055306
13PE01949,13,50,Y1608,83,Z0000,05,H5215,00,2013501608,         0,2009055215
13PE01950,13,50,Y1609,83,Z0000,05,H5215,00,2013501609,         0,2009055215
13PE01951,13,50,Y1610,82,X0000,82,X7801,00,2013501610,         0,2009827801
13PE01952,13,50,Y1611,82,X0000,82,X7801,00,2013501611,         0,2009827801
13PE01953,13,50,Y1612,82,X0000,82,X9004,00,2013501612,         0,2010829004
13PE01954,13,50,Y1613,82,X0000,82,X9004,00,2013501613,         0,2010829004
13PE01955,13,50,Y1614,82,X0000,82,X9004,00,2013501614,         0,2010829004
13PE01956,13,50,Y1615,64,K0000,05,H6796,00,2013501615,         0,2011056796
13PE01957,13,50,Y1616,82,X0000,82,X9566,00,2013501616,         0,2010829566
13PE01958,13,50,Y1617,82,X0000,82,X9566,00,2013501617,         0,2010829566
13PE01959,13,50,Y1618,83,Z0000,11,R9108,00,2013501618,         0,2011119108
13PE01960,13,50,Y1619,82,X0000,05,H5914,00,2013501619,         0,2010055914
13PE01961,13,50,Y1620,82,X0000,05,H5914,00,2013501620,         0,2010055914
13PE01962,13,50,Y1621,82,X0000,82,X9460,00,2013501621,         0,2010829460
13PE01963,13,50,Y1622,82,X0000,82,X9460,00,2013501622,         0,2010829460
13PE01964,13,50,Y1623,82,X0000,82,X9460,00,2013501623,         0,2010829460
13PE01965,13,50,Y1624,83,Z0000,05,H5188,00,2013501624,         0,2009055188
13PE01966,13,50,Y1625,83,Z0000,05,H5188,00,2013501625,         0,2009055188
13PE01967,13,50,Y1626,83,Z0000,05,H5188,00,2013501626,         0,2009055188
13PE01968,13,50,Y1627,83,Z0000,05,H5188,00,2013501627,         0,2009055188
13PE01969,13,50,Y1628,82,X0000,11,R8540,00,2013501628,         0,2010118540
13PE01970,13,50,Y1629,82,X0000,83,Z0732,00,2013501629,         0,2011830732
13PE01971,13,50,Y1630,82,X0000,83,Z0732,00,2013501630,         0,2011830732
13PE01972,13,50,Y1631,64,K0000,11,R8239,00,2013501631,         0,2010118239
13PE01973,13,50,Y1632,82,X0000,11,R8299,00,2013501632,         0,2010118299
13PE01974,13,50,Y1633,82,X0000,11,R8299,00,2013501633,         0,2010118299
13PE01975,13,50,Y1634,83,Z0000,11,R8284,00,2013501634,         0,2010118284
13PE01976,13,50,Y1635,64,K0000,11,R7625,00,2013501635,         0,2009117625
13PE01977,13,50,Y1636,82,X0000,05,H6925,00,2013501636,         0,2011056925
13PE01978,13,50,Y1637,82,X0000,05,H6925,00,2013501637,         0,2011056925
13PE01979,13,50,Y1638,82,X0000,11,R8167,00,2013501638,         0,2010118167
13PE01980,13,50,Y1639,82,X0000,11,R8167,00,2013501639,         0,2010118167
13PE01981,13,50,Y1640,82,X0000,83,Z0590,00,2013501640,         0,2011830590
13PE01982,13,50,Y1641,82,X0000,11,R8880,00,2013501641,         0,2011118880
13PE01983,13,50,Y1642,82,X0000,11,R8880,00,2013501642,         0,2011118880
13PE01984,13,50,Y1643,83,Z0000,82,X9102,00,2013501643,         0,2010829102
13PE01985,13,50,Y1644,83,Z0000,82,X9102,00,2013501644,         0,2010829102
13PE01986,13,50,Y1645,64,K0000,05,H7133,00,2013501645,         0,2011057133
13PE01987,13,50,Y1646,64,K0000,05,H7133,00,2013501646,         0,2011057133
13PE01988,13,50,Y1647,83,Z0000,83,Z0605,00,2013501647,         0,2011830605
13PE01989,13,50,Y1648,83,Z0000,83,Z0605,00,2013501648,         0,2011830605
13PE01990,13,50,Y1649,82,X0000,05,H7253,00,2013501649,         0,2011057253
13PE01991,13,50,Y1650,82,X0000,05,H7253,00,2013501650,         0,2011057253
13PE01992,13,50,Y1651,83,Z0000,05,H5186,00,2013501651,         0,2009055186
13PE01993,13,50,Y1652,64,K0000,05,H7379,00,2013501652,         0,2011057379
13PE01994,13,50,Y1653,64,K0000,05,H7379,00,2013501653,         0,2011057379
13PE01995,13,50,Y1654,83,Z0000,11,R8415,00,2013501654,         0,2010118415
13PE01996,13,50,Y1655,83,Z0000,11,R8415,00,2013501655,         0,2010118415
13PE01997,13,50,Y1656,82,X0000,11,R8193,00,2013501656,         0,2010118193
13PE01998,13,50,Y1657,82,X0000,11,R8193,00,2013501657,         0,2010118193
13PE01999,13,50,Y1658,83,Z0000,82,X9564,00,2013501658,         0,2010829564
13PE02000,13,50,Y1659,83,Z0000,82,X9564,00,2013501659,         0,2010829564
13PE02001,13,50,Y1660,82,X0000,11,R8182,00,2013501660,         0,2010118182
13PE02002,13,50,Y1661,82,X0000,11,R8182,00,2013501661,         0,2010118182
13PE02003,13,50,Y1662,82,X0000,11,R8490,00,2013501662,         0,2010118490
13PE02004,13,50,Y1663,82,X0000,11,R8490,00,2013501663,         0,2010118490
13PE02005,13,50,Y1664,64,K0000,11,R7955,00,2013501664,         0,2009117955
13PE02006,13,50,Y1665,64,K0000,11,R7955,00,2013501665,         0,2009117955
13PE02007,13,50,Y1666,82,X0000,82,X8172,00,2013501666,         0,2009828172
13PE02008,13,50,Y1667,82,X0000,82,X8172,00,2013501667,         0,2009828172
13PE02009,13,50,Y1668,82,X0000,11,R7921,00,2013501668,         0,2009117921
13PE02010,13,50,Y1669,82,X0000,11,R7921,00,2013501669,         0,2009117921
13PE02011,13,50,Y1670,82,X0000,11,R7921,00,2013501670,         0,2009117921
13PE02012,13,50,Y1671,82,X0000,11,R7456,00,2013501671,         0,2009117456
13PE02013,13,50,Y1672,82,X0000,11,R7456,00,2013501672,         0,2009117456
13PE02014,13,50,Y1673,82,X0000,05,H5812,00,2013501673,         0,2010055812
13PE02015,13,50,Y1674,82,X0000,05,H5812,00,2013501674,         0,2010055812
13PE02016,13,50,Y1675,82,X0000,05,H5812,00,2013501675,         0,2010055812
13PE02017,13,50,Y1676,83,Z0000,05,H7124,00,2013501676,         0,2011057124
13PE02018,13,50,Y1677,83,Z0000,05,H7124,00,2013501677,         0,2011057124
13PE02019,13,50,Y1678,82,X0000,05,H4884,00,2013501678,         0,2009054884
13PE02020,13,50,Y1679,82,X0000,05,H4884,00,2013501679,         0,2009054884
13PE02021,13,50,Y1680,82,X0000,11,R8342,00,2013501680,         0,2010118342
13PE02022,13,50,Y1681,82,X0000,11,R8342,00,2013501681,         0,2010118342
13PE02023,13,50,Y1682,83,Z0000,82,X7804,00,2013501682,         0,2009827804
13PE02024,13,50,Y1683,83,Z0000,82,X7804,00,2013501683,         0,2009827804
13PE02025,13,50,Y1684,82,X0000,82,X9211,00,2013501684,         0,2010829211
13PE02026,13,50,Y1685,82,X0000,82,X9211,00,2013501685,         0,2010829211
13PE02027,13,50,Y1686,82,X0000,82,X9211,00,2013501686,         0,2010829211
13PE02028,13,50,Y1687,82,X0000,11,R7700,00,2013501687,         0,2009117700
13PE02029,13,50,Y1688,82,X0000,11,R9076,00,2013501688,         0,2011119076
13PE02030,13,50,Y1689,83,Z0000,05,H5805,00,2013501689,         0,2010055805
13PE02031,13,50,Y1690,83,Z0000,05,H5805,00,2013501690,         0,2010055805
13PE02032,13,50,Y1691,64,K0000,11,R7508,00,2013501691,         0,2009117508
13PE02033,13,50,Y1692,82,X0000,82,X9415,00,2013501692,         0,2010829415
13PE02034,13,50,Y1693,82,X0000,82,X9415,00,2013501693,         0,2010829415
13PE02035,13,50,Y1694,82,X0000,11,R8188,00,2013501694,         0,2010118188
13PE02036,13,50,Y1695,82,X0000,11,R8188,00,2013501695,         0,2010118188
13PE02037,13,50,Y1696,82,X0000,83,Z0422,00,2013501696,         0,2011830422
13PE02038,13,50,Y1697,82,X0000,83,Z0422,00,2013501697,         0,2011830422
13PE02039,13,50,Y1698,82,X0000,11,R8263,00,2013501698,         0,2010118263
13PE02040,13,50,Y1699,82,X0000,11,R8460,00,2013501699,         0,2010118460
13PE02041,13,50,Y1700,64,K0000,82,X7930,00,2013501700,         0,2009827930
13PE02042,13,50,Y1701,64,K0000,82,X7930,00,2013501701,         0,2009827930
13PE02043,13,50,Y1702,82,X0000,83,Z0535,00,2013501702,         0,2011830535
13PE02044,13,50,Y1703,82,X0000,83,Z0535,00,2013501703,         0,2011830535
13PE02045,13,50,Y1704,82,X0000,82,X8159,00,2013501704,         0,2009828159
13PE02046,13,50,Y1705,82,X0000,82,X8159,00,2013501705,         0,2009828159
13PE02047,13,50,Y1706,82,X0000,82,X8159,00,2013501706,         0,2009828159
13PE02048,13,50,Y1707,82,X0000,11,R8359,00,2013501707,         0,2010118359
13PE02049,13,50,Y1708,82,X0000,11,R8359,00,2013501708,         0,2010118359
13PE02050,13,50,Y1709,82,X0000,11,R7634,00,2013501709,         0,2009117634
13PE02051,13,50,Y1710,82,X0000,11,R7634,00,2013501710,         0,2009117634
13PE02052,13,50,Y1711,83,Z0000,05,H6438,00,2013501711,         0,2010056438
13PE02053,13,50,Y1712,83,Z0000,05,H6438,00,2013501712,         0,2010056438
13PE02054,13,50,Y1713,64,K0000,82,X8274,00,2013501713,         0,2009828274
13PE02055,13,50,Y1714,64,K0000,82,X8274,00,2013501714,         0,2009828274
13PE02056,13,50,Y1715,64,K0000,05,H4774,00,2013501715,         0,2009054774
13PE02057,13,50,Y1716,64,K0000,05,H4774,00,2013501716,         0,2009054774
13PE02058,13,50,Y1717,64,K0000,82,X7944,00,2013501717,         0,2009827944
13PE02059,13,50,Y1718,64,K0000,82,X7944,00,2013501718,         0,2009827944
13PE02060,13,50,Y1719,64,K0000,82,X9472,00,2013501719,         0,2010829472
13PE02061,13,50,Y1720,82,X0000,11,R7823,00,2013501720,         0,2009117823
13PE02062,13,50,Y1721,82,X0000,11,R7823,00,2013501721,         0,2009117823
13PE02063,13,50,Y1722,83,Z0000,83,Z0523,00,2013501722,         0,2011830523
13PE02064,13,50,Y1723,82,X0000,82,X9063,00,2013501723,         0,2010829063
13PE02065,13,50,Y1724,82,X0000,82,X9063,00,2013501724,         0,2010829063
13PE02066,13,50,Y1725,82,X0000,83,Z0568,00,2013501725,         0,2011830568
13PE02067,13,50,Y1726,82,X0000,83,Z0568,00,2013501726,         0,2011830568
13PE02068,13,50,Y1727,64,K0000,11,R8803,00,2013501727,         0,2011118803
13PE02069,13,50,Y1728,64,K0000,11,R8803,00,2013501728,         0,2011118803
13PE02070,13,50,Y1729,83,Z0000,82,X8127,00,2013501729,         0,2009828127
13PE02071,13,50,Y1730,82,X0000,11,R9093,00,2013501730,         0,2011119093
13PE02072,13,50,Y1731,82,X0000,11,R7749,00,2013501731,         0,2009117749
13PE02073,13,50,Y1732,82,X0000,11,R7749,00,2013501732,         0,2009117749
13PE02074,13,50,Y1733,64,K0000,05,H7339,00,2013501733,         0,2011057339
13PE02075,13,50,Y1734,64,K0000,05,H7339,00,2013501734,         0,2011057339
13PE02076,13,50,Y1735,83,Z0000,82,X9034,00,2013501735,         0,2010829034
13PE02077,13,50,Y1736,83,Z0000,82,X9034,00,2013501736,         0,2010829034
13PE02078,13,50,Y1737,83,Z0000,82,X9034,00,2013501737,         0,2010829034
13PE02079,13,50,Y1738,83,Z0000,11,R7968,00,2013501738,         0,2009117968
13PE02080,13,50,Y1739,83,Z0000,11,R7968,00,2013501739,         0,2009117968
13PE02081,13,50,Y1740,64,K0000,82,X7774,00,2013501740,         0,2009827774
13PE02082,13,50,Y1741,64,K0000,82,X7774,00,2013501741,         0,2009827774
13PE02083,13,50,Y1742,83,Z0000,05,H5893,00,2013501742,         0,2010055893
13PE02084,13,50,Y1743,83,Z0000,05,H5893,00,2013501743,         0,2010055893
13PE02085,13,50,Y1744,64,K0000,11,R9026,00,2013501744,         0,2011119026
13PE02086,13,50,Y1745,82,X0000,05,H6116,00,2013501745,         0,2010056116
13PE02087,13,50,Y1746,82,X0000,05,H6116,00,2013501746,         0,2010056116
13PE02088,13,50,Y1747,82,X0000,11,R8529,00,2013501747,         0,2010118529
13PE02089,13,50,Y1748,83,Z0000,05,H6683,00,2013501748,         0,2011056683
13PE02090,13,50,Y1749,83,Z0000,05,H6683,00,2013501749,         0,2011056683
13PE02091,13,50,Y1750,83,Z0000,82,X7973,00,2013501750,         0,2009827973
13PE02092,13,50,Y1751,83,Z0000,82,X7973,00,2013501751,         0,2009827973
13PE02093,13,50,Y1752,64,K0000,83,Z0574,00,2013501752,         0,2011830574
13PE02094,13,50,Y1753,64,K0000,83,Z0574,00,2013501753,         0,2011830574
13PE02095,13,50,Y1754,64,K0000,82,X8205,00,2013501754,         0,2009828205
13PE02096,13,50,Y1755,64,K0000,82,X8205,00,2013501755,         0,2009828205
13PE02097,13,50,Y1756,82,X0000,82,X8177,00,2013501756,         0,2009828177
13PE02098,13,50,Y1757,64,K0000,05,H4767,00,2013501757,         0,2009054767
13PE02099,13,50,Y1758,64,K0000,05,H4767,00,2013501758,         0,2009054767
13PE02100,13,50,Y1759,82,X0000,05,H6016,00,2013501759,         0,2010056016
13PE02101,13,50,Y1760,82,X0000,05,H6016,00,2013501760,         0,2010056016
13PE02102,13,50,Y1761,82,X0000,82,X8191,00,2013501761,         0,2009828191
13PE02103,13,50,Y1762,82,X0000,82,X8191,00,2013501762,         0,2009828191
13PE02104,13,50,Y1763,82,X0000,11,R8023,00,2013501763,         0,2009118023
13PE02105,13,50,Y1764,82,X0000,11,R8023,00,2013501764,         0,2009118023
13PE02106,13,50,Y1765,83,Z0000,05,H5767,00,2013501765,         0,2010055767
13PE02107,13,50,Y1766,83,Z0000,05,H5767,00,2013501766,         0,2010055767
13PE02108,13,50,Y1767,83,Z0000,05,H5767,00,2013501767,         0,2010055767
13PE02109,13,50,Y1768,83,Z0000,05,H6884,00,2013501768,         0,2011056884
13PE02110,13,50,Y1769,83,Z0000,05,H6884,00,2013501769,         0,2011056884
13PE02111,13,50,Y1770,82,X0000,05,H4993,00,2013501770,         0,2009054993
13PE02112,13,50,Y1771,64,K0000,11,R9109,00,2013501771,         0,2011119109
13PE02113,13,50,Y1772,82,X0000,11,R8007,00,2013501772,         0,2009118007
13PE02114,13,50,Y1773,83,Z0000,11,R8790,00,2013501773,         0,2011118790
13PE02115,13,50,Y1774,82,X0000,05,H5356,00,2013501774,         0,2009055356
13PE02116,13,50,Y1775,82,X0000,82,X7646,00,2013501775,         0,2009827646
13PE02117,13,50,Y1776,82,X0000,82,X8937,00,2013501776,         0,2010828937
13PE02118,13,50,Y1777,82,X0000,82,X8937,00,2013501777,         0,2010828937
13PE02119,13,50,Y1778,82,X0000,82,X8937,00,2013501778,         0,2010828937
13PE02120,13,50,Y1779,82,X0000,05,H6272,00,2013501779,         0,2010056272
13PE02121,13,50,Y1780,82,X0000,11,R8931,00,2013501780,         0,2011118931
13PE02122,13,50,Y1781,82,X0000,11,R7970,00,2013501781,         0,2009117970
13PE02123,13,50,Y1782,64,K0000,05,H5468,00,2013501782,         0,2009055468
13PE02124,13,50,Y1783,64,K0000,05,H5468,00,2013501783,         0,2009055468
13PE02125,13,50,Y1784,82,X0000,82,X7984,00,2013501784,         0,2009827984
13PE02126,13,50,Y1785,82,X0000,82,X7984,00,2013501785,         0,2009827984
13PE02127,13,50,Y1786,64,K0000,05,H6747,00,2013501786,         0,2011056747
13PE02128,13,50,Y1787,64,K0000,05,H6747,00,2013501787,         0,2011056747
13PE02129,13,50,Y1788,82,X0000,82,X9312,00,2013501788,         0,2010829312
13PE02130,13,50,Y1789,82,X0000,82,X9312,00,2013501789,         0,2010829312
13PE02131,13,50,Y1790,82,X0000,82,X9312,00,2013501790,         0,2010829312
13PE02132,13,50,Y1791,82,X0000,11,R8861,00,2013501791,         0,2011118861
13PE02133,13,50,Y1792,82,X0000,05,H6389,00,2013501792,         0,2010056389
13PE02134,13,50,Y1793,82,X0000,05,H7191,00,2013501793,         0,2011057191
13PE02135,13,50,Y1794,82,X0000,05,H7191,00,2013501794,         0,2011057191
13PE02136,13,50,Y1795,83,Z0000,82,X9501,00,2013501795,         0,2010829501
13PE02137,13,50,Y1796,83,Z0000,82,X9501,00,2013501796,         0,2010829501
13PE02138,13,50,Y1797,83,Z0000,82,X9501,00,2013501797,         0,2010829501
13PE02139,13,50,Y1798,82,X0000,82,X7622,00,2013501798,         0,2009827622
13PE02140,13,50,Y1799,82,X0000,82,X7622,00,2013501799,         0,2009827622
13PE02141,13,50,Y1800,82,X0000,11,R7635,00,2013501800,         0,2009117635
13PE02142,13,50,Y1801,82,X0000,05,H6634,00,2013501801,         0,2011056634
13PE02143,13,50,Y1802,83,Z0000,83,Z0414,00,2013501802,         0,2011830414
13PE02144,13,50,Y1803,83,Z0000,83,Z0414,00,2013501803,         0,2011830414
13PE02145,13,50,Y1804,82,X0000,05,H5344,00,2013501804,         0,2009055344
13PE02146,13,50,Y1805,82,X0000,05,H5344,00,2013501805,         0,2009055344
13PE02147,13,50,Y1806,82,X0000,05,H5344,00,2013501806,         0,2009055344
13PE02148,13,50,Y1807,82,X0000,05,H5411,00,2013501807,         0,2009055411
13PE02149,13,50,Y1808,82,X0000,05,H5411,00,2013501808,         0,2009055411
13PE02150,13,50,Y1809,83,Z0000,83,Z0678,00,2013501809,         0,2011830678
13PE02151,13,50,Y1810,83,Z0000,83,Z0678,00,2013501810,         0,2011830678
13PE02152,13,50,Y1811,83,Z0000,05,H6384,00,2013501811,         0,2010056384
13PE02153,13,50,Y1812,83,Z0000,11,R8883,00,2013501812,         0,2011118883
13PE02154,13,50,Y1813,83,Z0000,11,R8798,00,2013501813,         0,2011118798
13PE02155,13,50,Y1814,64,K0000,05,H5725,00,2013501814,         0,2010055725
13PE02156,13,50,Y1815,64,K0000,05,H5725,00,2013501815,         0,2010055725
13PE02157,13,50,Y1816,64,K0000,05,H5725,00,2013501816,         0,2010055725
13PE02158,13,50,Y1817,82,X0000,11,R9030,00,2013501817,         0,2011119030
13PE02159,13,50,Y1818,64,K0000,82,X7859,00,2013501818,         0,2009827859
13PE02160,13,50,Y1819,64,K0000,82,X7859,00,2013501819,         0,2009827859
13PE02161,13,50,Y1820,64,K0000,82,X7859,00,2013501820,         0,2009827859
13PE02162,13,50,Y1821,83,Z0000,83,Z0740,00,2013501821,         0,2011830740
13PE02163,13,50,Y1822,83,Z0000,83,Z0740,00,2013501822,         0,2011830740
13PE02164,13,50,Y1823,82,X0000,05,H5470,00,2013501823,         0,2009055470
13PE02165,13,50,Y1824,82,X0000,05,H5470,00,2013501824,         0,2009055470
13PE02166,13,50,Y1825,82,X0000,05,H5470,00,2013501825,         0,2009055470
13PE02167,13,50,Y1826,82,X0000,82,X8173,00,2013501826,         0,2009828173
13PE02168,13,50,Y1827,82,X0000,82,X8173,00,2013501827,         0,2009828173
13PE02169,13,50,Y1828,82,X0000,83,Z0287,00,2013501828,         0,2011830287
13PE02170,13,50,Y1829,82,X0000,83,Z0287,00,2013501829,         0,2011830287
13PE02171,13,50,Y1830,82,X0000,11,R8922,00,2013501830,         0,2011118922
13PE02172,13,50,Y1831,83,Z0000,05,H5836,00,2013501831,         0,2010055836
13PE02173,13,50,Y1832,83,Z0000,05,H5836,00,2013501832,         0,2010055836
13PE02174,13,50,Y1833,82,X0000,11,R7565,00,2013501833,         0,2009117565
13PE02175,13,50,Y1834,82,X0000,11,R7565,00,2013501834,         0,2009117565
13PE02176,13,50,Y1835,82,X0000,11,R7565,00,2013501835,         0,2009117565
13PE02177,13,50,Y1836,64,K0000,83,Z0511,00,2013501836,         0,2011830511
13PE02178,13,50,Y1837,64,K0000,83,Z0511,00,2013501837,         0,2011830511
13PE02179,13,50,Y1838,64,K0000,83,Z0511,00,2013501838,         0,2011830511
13PE02180,13,50,Y1839,64,K0000,05,H6382,00,2013501839,         0,2010056382
13PE02181,13,50,Y1840,64,K0000,05,H6382,00,2013501840,         0,2010056382
13PE02182,13,50,Y1841,82,X0000,05,H6154,00,2013501841,         0,2010056154
13PE02183,13,50,Y1842,82,X0000,05,H6154,00,2013501842,         0,2010056154
13PE02184,13,50,Y1843,64,K0000,05,H5933,00,2013501843,         0,2010055933
13PE02185,13,50,Y1844,64,K0000,05,H5933,00,2013501844,         0,2010055933
13PE02186,13,50,Y1845,82,X0000,05,H5958,00,2013501845,         0,2010055958
13PE02187,13,50,Y1846,82,X0000,05,H5958,00,2013501846,         0,2010055958
13PE02188,13,50,Y1847,82,X0000,05,H5180,00,2013501847,         0,2009055180
13PE02189,13,50,Y1848,82,X0000,05,H5180,00,2013501848,         0,2009055180
13PE02190,13,50,Y1849,82,X0000,05,H5180,00,2013501849,         0,2009055180
13PE02191,13,50,Y1850,64,K0000,05,H4626,00,2013501850,         0,2009054626
13PE02192,13,50,Y1851,64,K0000,05,H4626,00,2013501851,         0,2009054626
13PE02193,13,50,Y1852,64,K0000,05,H4626,00,2013501852,         0,2009054626
13PE02194,13,50,Y1853,82,X0000,83,Z0243,00,2013501853,         0,2011830243
13PE02195,13,50,Y1854,82,X0000,83,Z0243,00,2013501854,         0,2011830243
13PE02196,13,50,Y1855,82,X0000,83,Z0626,00,2013501855,         0,2011830626
13PE02197,13,50,Y1856,82,X0000,83,Z0626,00,2013501856,         0,2011830626
13PE02198,13,50,Y1857,64,K0000,11,R8703,00,2013501857,         0,2011118703
13PE02199,13,50,Y1858,83,Z0000,82,X9214,00,2013501858,         0,2010829214
13PE02200,13,50,Y1859,83,Z0000,82,X9214,00,2013501859,         0,2010829214
13PE02201,13,50,Y1860,83,Z0000,82,X9214,00,2013501860,         0,2010829214
13PE02202,13,50,Y1861,64,K0000,05,H4588,00,2013501861,         0,2009054588
13PE02203,13,50,Y1862,64,K0000,05,H4588,00,2013501862,         0,2009054588
13PE02204,13,50,Y1863,82,X0000,11,R8857,00,2013501863,         0,2011118857
13PE02205,13,50,Y1864,82,X0000,82,X9036,00,2013501864,         0,2010829036
13PE02206,13,50,Y1865,82,X0000,82,X9036,00,2013501865,         0,2010829036
13PE02207,13,50,Y1866,64,K0000,82,X8034,00,2013501866,         0,2009828034
13PE02208,13,50,Y1867,64,K0000,82,X8034,00,2013501867,         0,2009828034
13PE02209,13,50,Y1868,64,K0000,82,X8034,00,2013501868,         0,2009828034
13PE02210,13,50,Y1869,83,Z0000,05,H7097,00,2013501869,         0,2011057097
13PE02211,13,50,Y1870,83,Z0000,05,H7097,00,2013501870,         0,2011057097
13PE02212,13,50,Y1871,82,X0000,82,X8160,00,2013501871,         0,2009828160
13PE02213,13,50,Y1872,82,X0000,82,X8160,00,2013501872,         0,2009828160
13PE02214,13,50,Y1873,83,Z0000,82,X8071,00,2013501873,         0,2009828071
13PE02215,13,50,Y1874,83,Z0000,82,X8071,00,2013501874,         0,2009828071
13PE02216,13,50,Y1875,83,Z0000,82,X8071,00,2013501875,         0,2009828071
13PE02217,13,50,Y1876,83,Z0000,05,H5355,00,2013501876,         0,2009055355
13PE02218,13,50,Y1877,82,X0000,83,Z0676,00,2013501877,         0,2011830676
13PE02219,13,50,Y1878,82,X0000,83,Z0676,00,2013501878,         0,2011830676
13PE02220,13,50,Y1879,82,X0000,05,H5622,00,2013501879,         0,2010055622
13PE02221,13,50,Y1880,82,X0000,05,H5622,00,2013501880,         0,2010055622
13PE02222,13,50,Y1881,83,Z0000,11,R9033,00,2013501881,         0,2011119033
13PE02223,13,50,Y1882,83,Z0000,11,R9033,00,2013501882,         0,2011119033
13PE02224,13,50,Y1883,82,X0000,05,H6094,00,2013501883,         0,2010056094
13PE02225,13,50,Y1884,82,X0000,05,H6094,00,2013501884,         0,2010056094
13PE02226,13,50,Y1885,82,X0000,05,H6094,00,2013501885,         0,2010056094
13PE02227,13,50,Y1886,64,K0000,05,H5798,00,2013501886,         0,2010055798
13PE02228,13,50,Y1887,64,K0000,05,H5798,00,2013501887,         0,2010055798
13PE02229,13,50,Y1888,64,K0000,05,H5798,00,2013501888,         0,2010055798
13PE02230,13,50,Y1889,64,K0000,05,H5798,00,2013501889,         0,2010055798
13PE02231,13,50,Y1890,83,Z0000,11,R8682,00,2013501890,         0,2011118682
13PE02232,13,50,Y1891,82,X0000,82,X9236,00,2013501891,         0,2010829236
13PE02233,13,50,Y1892,82,X0000,82,X9236,00,2013501892,         0,2010829236
13PE02234,13,50,Y1893,83,Z0000,11,R8031,00,2013501893,         0,2009118031
13PE02235,13,50,Y1894,83,Z0000,82,X7942,00,2013501894,         0,2009827942
13PE02236,13,50,Y1895,83,Z0000,82,X7942,00,2013501895,         0,2009827942
13PE02237,13,50,Y1896,82,X0000,05,H5994,00,2013501896,         0,2010055994
13PE02238,13,50,Y1897,82,X0000,05,H5994,00,2013501897,         0,2010055994
13PE02239,13,50,Y1898,82,X0000,05,H5994,00,2013501898,         0,2010055994
13PE02240,13,50,Y1899,82,X0000,05,H5994,00,2013501899,         0,2010055994
13PE02241,13,50,Y1900,82,X0000,11,R8739,00,2013501900,         0,2011118739
13PE02242,13,50,Y1901,82,X0000,11,R8739,00,2013501901,         0,2011118739
13PE02243,13,50,Y1902,82,X0000,82,X9116,00,2013501902,         0,2010829116
13PE02244,13,50,Y1903,82,X0000,82,X9116,00,2013501903,         0,2010829116
13PE02245,13,50,Y1904,64,K0000,05,H5703,00,2013501904,         0,2010055703
13PE02246,13,50,Y1905,64,K0000,05,H6509,00,2013501905,         0,2010056509
13PE02247,13,50,Y1906,64,K0000,05,H6509,00,2013501906,         0,2010056509
13PE02248,13,50,Y1907,64,K0000,11,R8579,00,2013501907,         0,2010118579
13PE02249,13,50,Y1908,82,X0000,05,H6177,00,2013501908,         0,2010056177
13PE02250,13,50,Y1909,82,X0000,05,H6177,00,2013501909,         0,2010056177
13PE02251,13,50,Y1910,82,X0000,05,H5214,00,2013501910,         0,2009055214
13PE02252,13,50,Y1911,83,Z0000,11,R8273,00,2013501911,         0,2010118273
13PE02253,13,50,Y1912,83,Z0000,11,R8273,00,2013501912,         0,2010118273
13PE02254,13,50,Y1913,83,Z0000,11,R8403,00,2013501913,         0,2010118403
13PE02255,13,50,Y1914,83,Z0000,11,R8403,00,2013501914,         0,2010118403
13PE02256,13,50,Y1915,64,K0000,82,X7918,00,2013501915,         0,2009827918
13PE02257,13,50,Y1916,64,K0000,82,X7918,00,2013501916,         0,2009827918
13PE02258,13,50,Y1917,82,X0000,05,H6729,00,2013501917,         0,2011056729
13PE02259,13,50,Y1918,82,X0000,82,X8970,00,2013501918,         0,2010828970
13PE02260,13,50,Y1919,82,X0000,82,X8970,00,2013501919,         0,2010828970
13PE02261,13,50,Y1920,64,K0000,05,H6510,00,2013501920,         0,2010056510
13PE02262,13,50,Y1921,64,K0000,05,H6510,00,2013501921,         0,2010056510
13PE02263,13,50,Y1922,82,X0000,05,H6198,00,2013501922,         0,2010056198
13PE02264,13,50,Y1923,82,X0000,05,H6198,00,2013501923,         0,2010056198
13PE02265,13,50,Y1924,64,K0000,05,H5413,00,2013501924,         0,2009055413
13PE02266,13,50,Y1925,64,K0000,05,H5413,00,2013501925,         0,2009055413
13PE02267,13,50,Y1926,83,Z0000,11,R8024,00,2013501926,         0,2009118024
13PE02268,13,50,Y1927,83,Z0000,11,R8024,00,2013501927,         0,2009118024
13PE02269,13,50,Y1928,82,X0000,05,H5752,00,2013501928,         0,2010055752
13PE02270,13,50,Y1929,82,X0000,05,H5752,00,2013501929,         0,2010055752
13PE02271,13,50,Y1930,64,K0000,11,R7683,00,2013501930,         0,2009117683
13PE02272,13,50,Y1931,64,K0000,11,R7683,00,2013501931,         0,2009117683
13PE02273,13,50,Y1932,64,K0000,82,X9303,00,2013501932,         0,2010829303
13PE02274,13,50,Y1933,64,K0000,82,X9303,00,2013501933,         0,2010829303
13PE02275,13,50,Y1934,82,X0000,11,R8661,00,2013501934,         0,2011118661
13PE02276,13,50,Y1935,82,X0000,11,R8661,00,2013501935,         0,2011118661
13PE02277,13,50,Y1936,82,X0000,83,Z0579,00,2013501936,         0,2011830579
13PE02278,13,50,Y1937,82,X0000,83,Z0579,00,2013501937,         0,2011830579
13PE02279,13,50,Y1938,82,X0000,82,X7589,00,2013501938,         0,2009827589
13PE02280,13,50,Y1939,82,X0000,82,X7589,00,2013501939,         0,2009827589
13PE02281,13,50,Y1940,83,Z0000,05,H6119,00,2013501940,         0,2010056119
13PE02282,13,50,Y1941,83,Z0000,05,H6119,00,2013501941,         0,2010056119
13PE02283,13,50,Y1942,83,Z0000,82,X9521,00,2013501942,         0,2010829521
13PE02284,13,50,Y1943,83,Z0000,82,X9521,00,2013501943,         0,2010829521
13PE02285,13,50,Y1945,64,K0000,82,X9016,00,2013501945,         0,2010829016
13PE02286,13,50,Y1946,64,K0000,82,X9016,00,2013501946,         0,2010829016
13PE02287,13,50,Y1947,82,X0000,05,H5187,00,2013501947,         0,2009055187
13PE02288,13,50,Y1948,82,X0000,05,H5187,00,2013501948,         0,2009055187
13PE02289,13,50,Y1949,82,X0000,05,H5187,00,2013501949,         0,2009055187
13PE02290,13,50,Y1950,64,K0000,82,X9346,00,2013501950,         0,2010829346
13PE02291,13,50,Y1951,64,K0000,82,X9346,00,2013501951,         0,2010829346
13PE02292,13,50,Y1952,82,X0000,11,R8718,00,2013501952,         0,2011118718
13PE02293,13,50,Y1953,82,X0000,11,R8718,00,2013501953,         0,2011118718
13PE02294,13,50,Y1954,64,K0000,05,H6709,00,2013501954,         0,2011056709
13PE02295,13,50,Y1955,64,K0000,05,H6709,00,2013501955,         0,2011056709
13PE02296,13,50,Y1956,82,X0000,83,Z0471,00,2013501956,         0,2011830471
13PE02297,13,50,Y1957,82,X0000,83,Z0471,00,2013501957,         0,2011830471
13PE02298,13,50,Y1958,64,K0000,83,Z0230,00,2013501958,         0,2011830230
13PE02299,13,50,Y1959,82,X0000,11,R7925,00,2013501959,         0,2009117925
13PE02300,13,50,Y1960,82,X0000,11,R7925,00,2013501960,         0,2009117925
13PE02301,13,50,Y1961,82,X0000,11,R7925,00,2013501961,         0,2009117925
13PE02302,13,50,Y1962,82,X0000,11,R8899,00,2013501962,         0,2011118899
13PE02303,13,50,Y1963,82,X0000,11,R8899,00,2013501963,         0,2011118899
13PE02304,13,50,Y1964,82,X0000,05,H6480,00,2013501964,         0,2010056480
13PE02305,13,50,Y1965,82,X0000,05,H6480,00,2013501965,         0,2010056480
13PE02306,13,50,Y1966,82,X0000,05,H6480,00,2013501966,         0,2010056480
13PE02307,13,50,Y1967,83,Z0000,11,R9114,00,2013501967,         0,2011119114
13PE02308,13,50,Y1968,83,Z0000,11,R9114,00,2013501968,         0,2011119114
13PE02309,13,50,Y1969,83,Z0000,05,H6669,00,2013501969,         0,2011056669
13PE02310,13,50,Y1970,83,Z0000,05,H6669,00,2013501970,         0,2011056669
13PE02311,13,50,Y1971,83,Z0000,05,H6669,00,2013501971,         0,2011056669
13PE02312,13,50,Y1972,64,K0000,82,X9278,00,2013501972,         0,2010829278
13PE02313,13,50,Y1973,64,K0000,82,X9278,00,2013501973,         0,2010829278
13PE02314,13,50,Y1974,82,X0000,11,R7828,00,2013501974,         0,2009117828
13PE02315,13,50,Y1975,64,K0000,11,R9057,00,2013501975,         0,2011119057
13PE02316,13,50,Y1976,64,K0000,11,R9057,00,2013501976,         0,2011119057
13PE02317,13,50,Y1977,83,Z0000,82,X8190,00,2013501977,         0,2009828190
13PE02318,13,50,Y1978,83,Z0000,82,X8190,00,2013501978,         0,2009828190
13PE02319,13,50,Y1979,82,X0000,82,X9283,00,2013501979,         0,2010829283
13PE02320,13,50,Y1980,64,K0000,82,X9067,00,2013501980,         0,2010829067
13PE02321,13,50,Y1981,64,K0000,82,X9067,00,2013501981,         0,2010829067
13PE02322,13,50,Y1982,82,X0000,05,H5448,00,2013501982,         0,2009055448
13PE02323,13,50,Y1983,82,X0000,05,H5448,00,2013501983,         0,2009055448
13PE02324,13,50,Y1984,83,Z0000,11,R7850,00,2013501984,         0,2009117850
13PE02325,13,50,Y1985,83,Z0000,11,R7850,00,2013501985,         0,2009117850
13PE02326,13,50,Y1986,83,Z0000,82,X9231,00,2013501986,         0,2010829231
13PE02327,13,50,Y1987,83,Z0000,82,X9231,00,2013501987,         0,2010829231
13PE02328,13,50,Y1988,83,Z0000,11,R8364,00,2013501988,         0,2010118364
13PE02329,13,50,Y1989,83,Z0000,11,R8364,00,2013501989,         0,2010118364
13PE02330,13,50,Y1990,82,X0000,05,H7082,00,2013501990,         0,2011057082
13PE02331,13,50,Y1991,82,X0000,05,H6209,00,2013501991,         0,2010056209
13PE02332,13,50,Y1992,82,X0000,05,H6209,00,2013501992,         0,2010056209
13PE02333,13,50,Y1993,82,X0000,11,R8350,00,2013501993,         0,2010118350
13PE02334,13,50,Y1994,82,X0000,11,R8350,00,2013501994,         0,2010118350
13PE02335,13,50,Y1995,82,X0000,05,H5711,00,2013501995,         0,2010055711
13PE02336,13,50,Y1996,82,X0000,05,H5711,00,2013501996,         0,2010055711
13PE02337,13,50,Y1997,82,X0000,05,H5686,00,2013501997,         0,2010055686
13PE02338,13,50,Y1998,82,X0000,05,H5686,00,2013501998,         0,2010055686
13PE02339,13,50,Y1999,82,X0000,82,X9096,00,2013501999,         0,2010829096
13PE02340,13,50,Y2000,82,X0000,82,X9096,00,2013502000,         0,2010829096
13PE02341,13,64,K4926,64,K4814,64,K3725,06,2013644926,2011644814,2006643725
13PE02342,13,64,K4927,00,K4924,64,K4036,06,2013644927,2010004924,2007644036
13PE02343,13,64,K4928,00,K4924,64,K4036,06,2013644928,2010004924,2007644036
13PE02344,13,64,K4929,64,K4648,64,K4861,06,2013644929,2010644648,2012644861
13PE02345,13,64,K4930,64,K4848,64,K3381,06,2013644930,2011644848,2005643381
13PE02346,13,64,K4931,64,K4848,64,K3381,06,2013644931,2011644848,2005643381
13PE02347,13,64,K4932,64,K4848,64,K4591,06,2013644932,2011644848,2009644591
13PE02348,13,64,K4933,64,K4848,64,K4591,06,2013644933,2011644848,2009644591
13PE02349,13,64,K4934,64,K4814,64,K3656,06,2013644934,2011644814,2006643656
13PE02350,13,64,K4935,64,K4814,64,K3656,06,2013644935,2011644814,2006643656
13PE02351,13,64,K4936,64,K4848,64,K4628,06,2013644936,2011644848,2010644628
13PE02352,13,64,K4937,00,K4924,64,K3338,06,2013644937,2010004924,2005643338
13PE02353,13,64,K4938,64,K4848,64,K3933,06,2013644938,2011644848,2007643933
13PE02354,13,64,K4939,64,K4848,64,K3933,06,2013644939,2011644848,2007643933
13PE02355,13,64,K4940,64,K4848,64,K4498,06,2013644940,2011644848,2009644498
13PE02356,13,64,K4941,64,K4848,64,K4498,06,2013644941,2011644848,2009644498
13PE02357,13,64,K4942,64,K4848,64,K4772,06,2013644942,2011644848,2011644772
13PE02358,13,64,K4943,00,K4924,64,K4488,06,2013644943,2010004924,2009644488
13PE02359,13,64,K4944,00,K4924,64,K4488,06,2013644944,2010004924,2009644488
13PE02360,13,64,K4945,64,K4848,64,K4712,06,2013644945,2011644848,2010644712
13PE02361,13,64,K4946,64,K4848,64,K4712,06,2013644946,2011644848,2010644712
13PE02362,13,64,K4947,64,K4848,64,K4170,06,2013644947,2011644848,2008644170
13PE02363,13,64,K4948,64,K4814,64,K4192,06,2013644948,2011644814,2008644192
13PE02364,13,64,K4949,64,K4814,64,K4192,06,2013644949,2011644814,2008644192
13PE02365,13,64,K4950,64,K4848,64,K3469,06,2013644950,2011644848,2005643469
13PE02366,13,64,K4951,64,K4848,64,K3469,06,2013644951,2011644848,2005643469
13PE02367,13,64,K4952,64,K4848,64,K3469,06,2013644952,2011644848,2005643469
13PE02368,13,64,K4953,64,K4648,64,K4906,06,2013644953,2010644648,2012644906
13PE02369,13,64,K4954,00,K4924,64,K3991,06,2013644954,2010004924,2007643991
13PE02370,13,64,K4955,00,K4924,64,K3991,06,2013644955,2010004924,2007643991
13PE02371,13,64,K4956,64,K4848,64,K3639,06,2013644956,2011644848,2006643639
13PE02372,13,64,K4957,64,K4848,64,K3639,06,2013644957,2011644848,2006643639
13PE02373,13,64,K4958,64,K4848,64,K3639,06,2013644958,2011644848,2006643639
13PE02374,13,64,K4959,64,K4848,64,K4500,06,2013644959,2011644848,2009644500
13PE02375,13,64,K4960,00,K4924,64,K4694,06,2013644960,2010004924,2010644694
13PE02376,13,64,K4961,00,K4924,64,K4694,06,2013644961,2010004924,2010644694
13PE02377,13,64,K4962,64,K4848,64,K3883,06,2013644962,2011644848,2007643883
13PE02378,13,64,K4963,64,K4848,64,K4422,06,2013644963,2011644848,2009644422
13PE02379,13,64,K4964,64,K4814,64,K4361,06,2013644964,2011644814,2008644361
13PE02380,13,64,K4965,64,K4814,64,K4361,06,2013644965,2011644814,2008644361
13PE02381,13,64,K4966,64,K4648,64,K4865,06,2013644966,2010644648,2012644865
13PE02382,13,64,K4967,64,K4848,64,K3956,06,2013644967,2011644848,2007643956
13PE02383,13,64,K4968,64,K4848,64,K3956,06,2013644968,2011644848,2007643956
13PE02384,13,64,K4969,00,K4924,64,K4390,06,2013644969,2010004924,2008644390
13PE02385,13,64,K4970,64,K4648,64,K4911,06,2013644970,2010644648,2012644911
13PE02386,13,64,K4971,64,K4648,64,K4911,06,2013644971,2010644648,2012644911
13PE02387,13,64,K4972,64,K4814,64,K4029,06,2013644972,2011644814,2007644029
13PE02388,13,64,K4973,64,K4814,64,K4029,06,2013644973,2011644814,2007644029
13PE02389,13,64,K4974,64,K4814,64,K4602,06,2013644974,2011644814,2009644602
13PE02390,13,64,K4975,64,K4814,64,K4602,06,2013644975,2011644814,2009644602
13PE02391,13,64,K4976,64,K4848,64,K3937,06,2013644976,2011644848,2007643937
13PE02392,13,64,K4977,64,K4848,64,K3696,06,2013644977,2011644848,2006643696
13PE02393,13,64,K4978,64,K4648,64,K4874,06,2013644978,2010644648,2012644874
13PE02394,13,64,K4979,64,K4848,64,K3528,06,2013644979,2011644848,2005643528
13PE02395,13,64,K4980,64,K4848,64,K3528,06,2013644980,2011644848,2005643528
13PE02396,13,64,K4981,64,K4848,64,K3528,06,2013644981,2011644848,2005643528
13PE02397,13,64,K4982,00,K4924,64,K4776,06,2013644982,2010004924,2011644776
13PE02398,13,64,K4983,00,K4924,64,K4776,06,2013644983,2010004924,2011644776
13PE02399,13,64,K4984,00,K4924,64,K4081,06,2013644984,2010004924,2007644081
13PE02400,13,64,K4985,64,K4814,64,K4832,06,2013644985,2011644814,2011644832
13PE02401,13,64,K4986,64,K4648,64,K4883,06,2013644986,2010644648,2012644883
13PE02402,13,64,K4987,64,K4648,64,K4884,06,2013644987,2010644648,2012644884
13PE02403,13,64,K4988,64,K4648,64,K4872,06,2013644988,2010644648,2012644872
13PE02404,13,64,K4989,64,K4648,64,K4916,06,2013644989,2010644648,2012644916
13PE02405,13,64,K4990,64,K4648,64,K4916,06,2013644990,2010644648,2012644916
13PE02406,13,64,K4991,64,K4648,64,K4898,06,2013644991,2010644648,2012644898
13PE02407,13,64,K4992,64,K4648,64,K4880,06,2013644992,2010644648,2012644880
13PE02408,13,64,K4993,64,K4648,64,K4896,06,2013644993,2010644648,2012644896
13PE02409,13,64,K4994,64,K4648,64,K4917,06,2013644994,2010644648,2012644917
13PE02410,13,64,K4995,00,K4924,64,K4578,06,2013644995,2010004924,2009644578
13PE02411,13,64,K4996,00,K4924,64,K4578,06,2013644996,2010004924,2009644578
13PE02412,13,70,L0993,82,X7416,82,X7499,PC,2013700993,2009827416,2009827499
13PE02413,13,70,L0994,82,X9831,83,Z0077,PC,2013700994,2011829831,2011830077
13PE02414,13,70,L0995,82,X9831,83,Z0077,PC,2013700995,2011829831,2011830077
13PE02415,13,70,L0996,70,L0495,70,L0517,PC,2013700996,2011700495,2011700517
13PE02416,13,70,L0997,70,L0495,70,L0517,PC,2013700997,2011700495,2011700517
13PE02417,13,70,L0998,70,L0105,70,L0349,PC,2013700998,2010700105,2011700349
13PE02418,13,70,L0999,70,L0341,70,L0402,PC,2013700999,2011700341,2011700402
13PE02419,13,70,L1000,70,L0341,70,L0402,PC,2013701000,2011700341,2011700402
13PE02420,13,70,L1001,82,X8834,82,X7277,PC,2013701001,2010828834,2009827277
13PE02421,13,70,L1002,82,X8610,82,X7790,PC,2013701002,2010828610,2009827790
13PE02422,13,70,L1003,82,X8834,82,X8580,PC,2013701003,2010828834,2010828580
13PE02423,13,70,L1004,82,X8834,82,X8580,PC,2013701004,2010828834,2010828580
13PE02424,13,70,L1005,70,L0495,70,L0209,PC,2013701005,2011700495,2010700209
13PE02425,13,70,L1006,70,L0105,70,L0049,PC,2013701006,2010700105,2010700049
13PE02426,13,70,L1007,70,L0341,70,L0529,PC,2013701007,2011700341,2011700529
13PE02427,13,70,L1008,70,L0105,70,L0407,PC,2013701008,2010700105,2011700407
13PE02428,13,70,L1009,70,L0105,70,L0407,PC,2013701009,2010700105,2011700407
13PE02429,13,70,L1010,70,L0341,70,L0283,PC,2013701010,2011700341,2011700283
13PE02430,13,70,L1011,70,L0105,70,L0470,PC,2013701011,2010700105,2011700470
13PE02431,13,70,L1012,70,L0495,70,L0046,PC,2013701012,2011700495,2010700046
13PE02432,13,70,L1013,70,L0495,70,L0046,PC,2013701013,2011700495,2010700046
13PE02433,13,70,L1014,70,L0492,70,L0201,PC,2013701014,2011700492,2010700201
13PE02434,13,70,L1015,70,L0492,70,L0201,PC,2013701015,2011700492,2010700201
13PE02435,13,70,L1016,82,X9831,82,X7359,PC,2013701016,2011829831,2009827359
13PE02436,13,70,L1017,82,X9831,82,X7359,PC,2013701017,2011829831,2009827359
13PE02437,13,70,L1018,70,L0239,70,L0164,PC,2013701018,2010700239,2010700164
13PE02438,13,70,L1019,70,L0239,70,L0164,PC,2013701019,2010700239,2010700164
13PE02439,13,70,L1020,82,X8610,82,X5951,PC,2013701020,2010828610,2008825951
13PE02440,13,70,L1021,82,X8610,82,X5951,PC,2013701021,2010828610,2008825951
13PE02441,13,70,L1022,82,X7416,83,Z0095,PC,2013701022,2009827416,2011830095
13PE02442,13,70,L1023,70,L0492,70,L0029,PC,2013701023,2011700492,2009700029
13PE02443,13,70,L1024,82,X8610,82,X9850,PC,2013701024,2010828610,2011829850
13PE02444,13,70,L1025,82,X7416,82,X9446,PC,2013701025,2009827416,2010829446
13PE02445,13,70,L1026,83,Z0098,83,Z0038,PC,2013701026,2011830098,2011830038
13PE02446,13,70,L1027,83,Z0098,82,X9048,PC,2013701027,2011830098,2010829048
13PE02447,13,70,L1028,70,L0492,70,L0148,PC,2013701028,2011700492,2010700148
13PE02448,13,70,L1029,70,L0492,70,L0148,PC,2013701029,2011700492,2010700148
13PE02449,13,70,L1030,70,L0495,70,L0274,PC,2013701030,2011700495,2011700274
13PE02450,13,70,L1031,70,L0495,70,L0274,PC,2013701031,2011700495,2011700274
13PE02451,13,70,L1032,82,X8610,82,X7458,PC,2013701032,2010828610,2009827458
13PE02452,13,70,L1033,82,X8610,82,X7458,PC,2013701033,2010828610,2009827458
13PE02453,13,70,L1034,83,Z0053,82,X6703,PC,2013701034,2011830053,2008826703
13PE02454,13,70,L1035,83,Z0053,82,X6703,PC,2013701035,2011830053,2008826703
13PE02455,13,70,L1036,82,X9831,82,X6911,PC,2013701036,2011829831,2008826911
13PE02456,13,70,L1037,82,X9831,82,X6911,PC,2013701037,2011829831,2008826911
13PE02457,13,70,L1038,83,Z0053,82,X5519,PC,2013701038,2011830053,2007825519
13PE02458,13,70,L1039,83,Z0053,82,X5519,PC,2013701039,2011830053,2007825519
13PE02459,13,70,L1040,82,X9831,82,X8637,PC,2013701040,2011829831,2010828637
13PE02460,13,70,L1041,82,X9831,82,X8637,PC,2013701041,2011829831,2010828637
13PE02461,13,70,L1042,83,Z0098,82,X4847,PC,2013701042,2011830098,2007824847
13PE02462,13,70,L1043,83,Z0098,82,X4847,PC,2013701043,2011830098,2007824847
13PE02463,13,70,L1044,82,X9831,82,X7236,PC,2013701044,2011829831,2009827236
13PE02464,13,70,L1045,82,X9831,82,X7236,PC,2013701045,2011829831,2009827236
13PE02465,13,70,L1046,82,X8610,83,Z0135,PC,2013701046,2010828610,2011830135
13PE02466,13,70,L1047,82,X8610,83,Z0135,PC,2013701047,2010828610,2011830135
13PE02467,13,70,L1048,83,Z0053,82,X7290,PC,2013701048,2011830053,2009827290
13PE02468,13,70,L1049,83,Z0053,82,X7290,PC,2013701049,2011830053,2009827290
13PE02469,13,70,L1050,82,X7416,82,X9963,PC,2013701050,2009827416,2011829963
13PE02470,13,70,L1051,83,Z0053,83,Z0067,PC,2013701051,2011830053,2011830067
13PE02471,13,70,L1052,82,X8610,82,X4446,PC,2013701052,2010828610,2007824446
13PE02472,13,70,L1053,82,X8610,82,X4446,PC,2013701053,2010828610,2007824446
13PE02473,13,70,L1054,70,L0239,70,L0142,PC,2013701054,2010700239,2010700142
13PE02474,13,70,L1055,70,L0239,70,L0142,PC,2013701055,2010700239,2010700142
13PE02475,13,70,L1056,82,X9831,82,X8532,PC,2013701056,2011829831,2010828532
13PE02476,13,70,L1057,82,X9831,82,X8532,PC,2013701057,2011829831,2010828532
13PE02477,13,70,L1058,70,L0341,70,L0225,PC,2013701058,2011700341,2010700225
13PE02478,13,70,L1059,70,L0341,70,L0359,PC,2013701059,2011700341,2011700359
13PE02479,13,70,L1060,82,X7416,82,X6377,PC,2013701060,2009827416,2008826377
13PE02480,13,70,L1061,82,X7416,82,X6377,PC,2013701061,2009827416,2008826377
13PE02481,13,70,L1062,82,X7416,83,Z0258,PC,2013701062,2009827416,2011830258
13PE02482,13,70,L1063,82,X7416,83,Z0258,PC,2013701063,2009827416,2011830258
13PE02483,13,70,L1064,82,X7416,83,Z0324,PC,2013701064,2009827416,2011830324
13PE02484,13,70,L1065,82,X7416,83,Z0324,PC,2013701065,2009827416,2011830324
13PE02485,13,70,L1066,70,L0492,70,L0452,PC,2013701066,2011700492,2011700452
13PE02486,13,70,L1067,70,L0492,70,L0474,PC,2013701067,2011700492,2011700474
13PE02487,13,70,L1068,70,L0492,70,L0474,PC,2013701068,2011700492,2011700474
13PE02488,13,70,L1069,70,L0341,70,L0014,PC,2013701069,2011700341,2009700014
13PE02489,13,70,L1070,83,Z0098,83,Z0202,PC,2013701070,2011830098,2011830202
13PE02490,13,70,L1071,70,L0105,70,L0135,PC,2013701071,2010700105,2010700135
13PE02491,13,70,L1072,82,X8834,82,X6831,PC,2013701072,2010828834,2008826831
13PE02492,13,70,L1073,82,X8834,82,X6831,PC,2013701073,2010828834,2008826831
13PE02493,13,70,L1074,70,L0495,70,L0278,PC,2013701074,2011700495,2011700278
13PE02494,13,70,L1075,70,L0105,70,L0080,PC,2013701075,2010700105,2010700080
13PE02495,13,70,L1076,70,L0341,70,L0264,PC,2013701076,2011700341,2011700264
13PE02496,13,70,L1077,70,L0492,70,L0374,PC,2013701077,2011700492,2011700374
13PE02497,13,70,L1078,83,Z0098,82,X7310,PC,2013701078,2011830098,2009827310
13PE02498,13,70,L1079,83,Z0098,82,X7310,PC,2013701079,2011830098,2009827310
13PE02499,13,70,L1080,70,L0495,70,L0542,PC,2013701080,2011700495,2011700542
13PE02500,13,70,L1081,70,L0492,70,L0345,PC,2013701081,2011700492,2011700345
13PE02501,13,70,L1082,82,X8610,83,Z0103,PC,2013701082,2010828610,2011830103
13PE02502,13,70,L1083,70,L0341,70,L0199,PC,2013701083,2011700341,2010700199
13PE02503,13,70,L1084,70,L0341,70,L0429,PC,2013701084,2011700341,2011700429
13PE02504,13,70,L1085,82,X8610,82,X4930,PC,2013701085,2010828610,2007824930
13PE02505,13,70,L1086,82,X8610,82,X4930,PC,2013701086,2010828610,2007824930
13PE02506,13,70,L1087,82,X8610,82,X4930,PC,2013701087,2010828610,2007824930
13PE02507,13,70,L1088,70,L0341,70,L0548,PC,2013701088,2011700341,2011700548
13PE02508,13,70,L1089,70,L0341,70,L0548,PC,2013701089,2011700341,2011700548
13PE02509,13,70,L1090,70,L0239,70,L0243,PC,2013701090,2010700239,2011700243
13PE02510,13,70,L1091,70,L0492,70,L0549,PC,2013701091,2011700492,2011700549
13PE02511,13,70,L1092,70,L0495,70,L0418,PC,2013701092,2011700495,2011700418
13PE02512,13,70,L1093,82,X8610,83,Z0137,PC,2013701093,2010828610,2011830137
13PE02513,13,70,L1094,83,Z0098,82,X9984,PC,2013701094,2011830098,2011829984
13PE02514,13,70,L1095,83,Z0098,82,X9984,PC,2013701095,2011830098,2011829984
13PE02515,13,70,L1096,70,L0105,70,L0348,PC,2013701096,2010700105,2011700348
13PE02516,13,70,L1097,70,L0105,70,L0348,PC,2013701097,2010700105,2011700348
13PE02517,13,70,L1098,70,L0492,70,L0130,PC,2013701098,2011700492,2010700130
13PE02518,13,70,L1099,70,L0492,70,L0130,PC,2013701099,2011700492,2010700130
13PE02519,13,70,L1100,70,L0495,70,L0291,PC,2013701100,2011700495,2011700291
13PE02520,13,70,L1101,70,L0239,70,L0351,PC,2013701101,2010700239,2011700351
13PE02521,13,70,L1102,83,Z0053,83,Z0017,PC,2013701102,2011830053,2011830017
13PE02522,13,70,L1103,83,Z0098,82,X7225,PC,2013701103,2011830098,2009827225
13PE02523,13,70,L1104,83,Z0098,82,X7225,PC,2013701104,2011830098,2009827225
13PE02524,13,70,L1105,82,X7416,82,X8490,PC,2013701105,2009827416,2010828490
13PE02525,13,70,L1106,83,Z0053,82,X9064,PC,2013701106,2011830053,2010829064
13PE02526,13,70,L1107,83,Z0053,82,X9064,PC,2013701107,2011830053,2010829064
13PE02527,13,70,L1108,70,L0495,70,L0454,PC,2013701108,2011700495,2011700454
13PE02528,13,70,L1109,83,Z0053,82,X8977,PC,2013701109,2011830053,2010828977
13PE02529,13,70,L1110,70,L0105,70,L0461,PC,2013701110,2010700105,2011700461
13PE02530,13,70,L1111,82,X8834,82,X6873,PC,2013701111,2010828834,2008826873
13PE02531,13,70,L1112,83,Z0098,83,Z0037,PC,2013701112,2011830098,2011830037
13PE02532,13,70,L1113,82,X9831,82,X7557,PC,2013701113,2011829831,2009827557
13PE02533,13,70,L1114,82,X9831,82,X7557,PC,2013701114,2011829831,2009827557
13PE02534,13,70,L1115,82,X9831,82,X9604,PC,2013701115,2011829831,2010829604
13PE02535,13,70,L1116,82,X9831,82,X9604,PC,2013701116,2011829831,2010829604
13PE02536,13,70,L1117,70,L0341,70,L0428,PC,2013701117,2011700341,2011700428
13PE02537,13,70,L1118,82,X8610,82,X6235,PC,2013701118,2010828610,2008826235
13PE02538,13,70,L1119,82,X8610,82,X6235,PC,2013701119,2010828610,2008826235
13PE02539,13,70,L1120,70,L0105,70,L0486,PC,2013701120,2010700105,2011700486
13PE02540,13,70,L1121,82,X9831,82,X6291,PC,2013701121,2011829831,2008826291
13PE02541,13,70,L1122,83,Z0053,82,X6502,PC,2013701122,2011830053,2008826502
13PE02542,13,70,L1123,70,L0495,70,L0506,PC,2013701123,2011700495,2011700506
13PE02543,13,70,L1124,70,L0495,70,L0362,PC,2013701124,2011700495,2011700362
13PE02544,13,70,L1125,70,L0495,70,L0362,PC,2013701125,2011700495,2011700362
13PE02545,13,70,L1126,82,X7416,82,X8506,PC,2013701126,2009827416,2010828506
13PE02546,13,70,L1127,83,Z0053,82,X8588,PC,2013701127,2011830053,2010828588
13PE02547,13,70,L1128,82,X9831,82,X6267,PC,2013701128,2011829831,2008826267
13PE02548,13,70,L1129,82,X9831,82,X6267,PC,2013701129,2011829831,2008826267
13PE02549,13,70,L1130,70,L0341,70,L0197,PC,2013701130,2011700341,2010700197
13PE02550,13,70,L1131,70,L0341,70,L0197,PC,2013701131,2011700341,2010700197
13PE02551,13,70,L1132,70,L0495,70,L0406,PC,2013701132,2011700495,2011700406
13PE02552,13,70,L1133,70,L0495,70,L0406,PC,2013701133,2011700495,2011700406
13PE02553,13,70,L1134,70,L0239,70,L0388,PC,2013701134,2010700239,2011700388
13PE02554,13,70,L1135,83,Z0098,82,X6812,PC,2013701135,2011830098,2008826812
13PE02555,13,70,L1136,70,L0492,70,L0448,PC,2013701136,2011700492,2011700448
13PE02556,13,70,L1137,83,Z0053,82,X9862,PC,2013701137,2011830053,2011829862
13PE02557,13,70,L1138,82,X8610,83,Z0623,PC,2013701138,2010828610,2011830623
13PE02558,13,70,L1139,70,L0239,70,L0525,PC,2013701139,2010700239,2011700525
13PE02559,13,70,L1140,83,Z0098,82,X8018,PC,2013701140,2011830098,2009828018
13PE02560,13,70,L1141,82,X8610,82,X7280,PC,2013701141,2010828610,2009827280
13PE02561,13,70,L1142,82,X8610,82,X7280,PC,2013701142,2010828610,2009827280
13PE02562,13,70,L1143,83,Z0098,82,X7389,PC,2013701143,2011830098,2009827389
13PE02563,13,70,L1144,83,Z0098,82,X7389,PC,2013701144,2011830098,2009827389
13PE02564,13,70,L1145,70,L0239,70,L0467,PC,2013701145,2010700239,2011700467
13PE02565,13,70,L1146,70,L0239,70,L0467,PC,2013701146,2010700239,2011700467
13PE02566,13,70,L1147,70,L0492,70,L0380,PC,2013701147,2011700492,2011700380
13PE02567,13,70,L1148,70,L0492,70,L0380,PC,2013701148,2011700492,2011700380
13PE02568,13,70,L1149,70,L0495,70,L0131,PC,2013701149,2011700495,2010700131
13PE02569,13,70,L1150,70,L0495,70,L0131,PC,2013701150,2011700495,2010700131
13PE02570,13,70,L1151,70,L0105,70,L0028,PC,2013701151,2010700105,2009700028
13PE02571,13,70,L1152,82,X8610,82,X8494,PC,2013701152,2010828610,2010828494
13PE02572,13,70,L1153,82,X8610,82,X8494,PC,2013701153,2010828610,2010828494
13PE02573,13,70,L1154,83,Z0053,82,X7575,PC,2013701154,2011830053,2009827575
13PE02574,13,70,L1155,83,Z0053,82,X7575,PC,2013701155,2011830053,2009827575
13PE02575,13,70,L1156,82,X9831,83,Z0195,PC,2013701156,2011829831,2011830195
13PE02576,13,70,L1157,70,L0524,70,L0629,PC,2013701157,2011700524,2012700629
13PE02577,13,70,L1158,70,L0105,70,L0183,PC,2013701158,2010700105,2010700183
13PE02578,13,70,L1159,70,L0105,70,L0183,PC,2013701159,2010700105,2010700183
13PE02579,13,70,L1160,70,L0105,70,L0170,PC,2013701160,2010700105,2010700170
13PE02580,13,70,L1161,70,L0105,70,L0170,PC,2013701161,2010700105,2010700170
13PE02581,13,70,L1162,70,L0492,70,L0530,PC,2013701162,2011700492,2011700530
13PE02582,13,70,L1163,70,L0492,70,L0530,PC,2013701163,2011700492,2011700530
13PE02583,13,70,L1164,70,L0105,70,L0462,PC,2013701164,2010700105,2011700462
13PE02584,13,70,L1165,70,L0341,70,L0176,PC,2013701165,2011700341,2010700176
13PE02585,13,70,L1166,82,X7416,83,Z0351,PC,2013701166,2009827416,2011830351
13PE02586,13,70,L1167,82,X7416,83,Z0351,PC,2013701167,2009827416,2011830351
13PE02587,13,70,L1168,70,L0495,70,L0044,PC,2013701168,2011700495,2010700044
13PE02588,13,70,L1169,70,L0495,70,L0044,PC,2013701169,2011700495,2010700044
13PE02589,13,70,L1170,83,Z0053,82,X8701,PC,2013701170,2011830053,2010828701
13PE02590,13,70,L1171,82,X8834,82,X6668,PC,2013701171,2010828834,2008826668
13PE02591,13,70,L1172,82,X8834,82,X6668,PC,2013701172,2010828834,2008826668
13PE02592,13,70,L1173,82,X7416,82,X7226,PC,2013701173,2009827416,2009827226
13PE02593,13,70,L1174,82,X7416,82,X7226,PC,2013701174,2009827416,2009827226
13PE02594,13,70,L1175,82,X8610,82,X9968,PC,2013701175,2010828610,2011829968
13PE02595,13,70,L1176,82,X8834,82,X8788,PC,2013701176,2010828834,2010828788
13PE02596,13,70,L1177,82,X8834,82,X8788,PC,2013701177,2010828834,2010828788
13PE02597,13,70,L1178,70,L0239,70,L0371,PC,2013701178,2010700239,2011700371
13PE02598,13,70,L1179,70,L0105,70,L0214,PC,2013701179,2010700105,2010700214
13PE02599,13,70,L1180,82,X7416,82,X5810,PC,2013701180,2009827416,2008825810
13PE02600,13,70,L1181,82,X7416,82,X5810,PC,2013701181,2009827416,2008825810
13PE02601,13,70,L1182,70,L0495,70,L0411,PC,2013701182,2011700495,2011700411
13PE02602,13,70,L1183,82,X8924,83,Z1262,PC,2013701183,2010828924,2012831262
13PE02603,13,70,L1184,82,X8924,83,Z1262,PC,2013701184,2010828924,2012831262
13PE02604,13,70,L1185,70,L0341,70,L0086,PC,2013701185,2011700341,2010700086
13PE02605,13,70,L1186,83,Z0053,82,X7387,PC,2013701186,2011830053,2009827387
13PE02606,13,70,L1187,70,L0492,70,L0268,PC,2013701187,2011700492,2011700268
13PE02607,13,70,L1188,70,L0492,70,L0228,PC,2013701188,2011700492,2010700228
13PE02608,13,70,L1189,82,X7416,82,X4683,PC,2013701189,2009827416,2007824683
13PE02609,13,70,L1190,82,X7416,82,X4683,PC,2013701190,2009827416,2007824683
13PE02610,13,70,L1191,70,L0476,70,L0730,PC,2013701191,2011700476,2012700730
13PE02611,13,70,L1192,82,X8610,82,X3317,PC,2013701192,2010828610,2006823317
13PE02612,13,70,L1193,82,X8610,82,X3317,PC,2013701193,2010828610,2006823317
13PE02613,13,70,L1194,82,X8610,83,Z0014,PC,2013701194,2010828610,2011830014
13PE02614,13,70,L1195,82,X8610,83,Z0014,PC,2013701195,2010828610,2011830014
13PE02615,13,70,L1196,70,L0239,70,L0013,PC,2013701196,2010700239,2009700013
13PE02616,13,70,L1197,70,L0239,70,L0013,PC,2013701197,2010700239,2009700013
13PE02617,13,70,L1198,83,Z0053,83,Z0174,PC,2013701198,2011830053,2011830174
13PE02618,13,70,L1199,82,X8610,82,X8616,PC,2013701199,2010828610,2010828616
13PE02619,13,70,L1200,82,X8610,82,X8616,PC,2013701200,2010828610,2010828616
13PE02620,13,70,L1201,83,Z0053,82,X8732,PC,2013701201,2011830053,2010828732
13PE02621,13,70,L1202,83,Z0053,82,X8732,PC,2013701202,2011830053,2010828732
13PE02622,13,70,L1203,82,X7276,83,Z1255,PC,2013701203,2009827276,2012831255
13PE02623,13,70,L1204,82,X9831,82,X9101,PC,2013701204,2011829831,2010829101
13PE02624,13,70,L1205,82,X9831,82,X9101,PC,2013701205,2011829831,2010829101
13PE02625,13,70,L1206,83,Z0098,82,X6550,PC,2013701206,2011830098,2008826550
13PE02626,13,70,L1207,83,Z0098,82,X6550,PC,2013701207,2011830098,2008826550
13PE02627,13,70,L1208,82,X9831,82,X8885,PC,2013701208,2011829831,2010828885
13PE02628,13,70,L1209,82,X9831,82,X8885,PC,2013701209,2011829831,2010828885
13PE02629,13,70,L1210,82,X8834,82,X7992,PC,2013701210,2010828834,2009827992
13PE02630,13,70,L1211,82,X8834,82,X7992,PC,2013701211,2010828834,2009827992
13PE02631,13,70,L1212,70,L0239,70,L0317,PC,2013701212,2010700239,2011700317
13PE02632,13,70,L1213,82,X8834,82,X8787,PC,2013701213,2010828834,2010828787
13PE02633,13,70,L1214,82,X8834,82,X8787,PC,2013701214,2010828834,2010828787
13PE02634,13,70,L1215,70,L0495,70,L0017,PC,2013701215,2011700495,2009700017
13PE02635,13,70,L1216,70,L0495,70,L0017,PC,2013701216,2011700495,2009700017
13PE02636,13,70,L1217,82,X7416,83,Z0151,PC,2013701217,2009827416,2011830151
13PE02637,13,70,L1218,82,X7416,83,Z0151,PC,2013701218,2009827416,2011830151
13PE02638,13,70,L1219,83,Z0098,83,Z0072,PC,2013701219,2011830098,2011830072
13PE02639,13,70,L1220,82,X8834,82,X6827,PC,2013701220,2010828834,2008826827
13PE02640,13,70,L1221,82,X7416,83,Z0185,PC,2013701221,2009827416,2011830185
13PE02641,13,70,L1222,83,Z0053,82,X8786,PC,2013701222,2011830053,2010828786
13PE02642,13,70,L1223,83,Z0053,82,X8786,PC,2013701223,2011830053,2010828786
13PE02643,13,70,L1224,70,L0492,70,L0309,PC,2013701224,2011700492,2011700309
13PE02644,13,70,L1225,70,L0239,70,L0186,PC,2013701225,2010700239,2010700186
13PE02645,13,70,L1226,70,L0239,70,L0186,PC,2013701226,2010700239,2010700186
13PE02646,13,70,L1227,82,X8834,82,X6228,PC,2013701227,2010828834,2008826228
13PE02647,13,70,L1228,82,X8610,82,X6259,PC,2013701228,2010828610,2008826259
13PE02648,13,70,L1229,82,X8610,82,X6259,PC,2013701229,2010828610,2008826259
13PE02649,13,70,L1230,83,Z0098,82,X9498,PC,2013701230,2011830098,2010829498
13PE02650,13,70,L1231,83,Z0098,82,X9498,PC,2013701231,2011830098,2010829498
13PE02651,13,70,L1232,83,Z0206,83,Z1193,PC,2013701232,2011830206,2012831193
13PE02652,13,70,L1233,83,Z0206,83,Z1193,PC,2013701233,2011830206,2012831193
13PE02653,13,70,L1234,70,L0495,70,L0195,PC,2013701234,2011700495,2010700195
13PE02654,13,70,L1235,70,L0495,70,L0195,PC,2013701235,2011700495,2010700195
13PE02655,13,70,L1236,70,L0239,70,L0340,PC,2013701236,2010700239,2011700340
13PE02656,13,70,L1237,70,L0239,70,L0340,PC,2013701237,2010700239,2011700340
13PE02657,13,70,L1238,70,L0239,70,L0054,PC,2013701238,2010700239,2010700054
13PE02658,13,70,L1239,70,L0239,70,L0054,PC,2013701239,2010700239,2010700054
13PE02659,13,70,L1240,82,X8834,82,X7940,PC,2013701240,2010828834,2009827940
13PE02660,13,70,L1241,82,X8834,82,X7251,PC,2013701241,2010828834,2009827251
13PE02661,13,70,L1242,82,X8834,82,X7251,PC,2013701242,2010828834,2009827251
13PE02662,13,70,L1243,82,X9831,82,X7316,PC,2013701243,2011829831,2009827316
13PE02663,13,70,L1244,82,X9831,82,X7316,PC,2013701244,2011829831,2009827316
13PE02664,13,70,L1245,82,X7416,82,X6208,PC,2013701245,2009827416,2008826208
13PE02665,13,70,L1246,82,X7416,82,X6208,PC,2013701246,2009827416,2008826208
13PE02666,13,70,L1247,82,X7416,82,X6208,PC,2013701247,2009827416,2008826208
13PE02667,13,70,L1248,82,X7416,83,Z0019,PC,2013701248,2009827416,2011830019
13PE02668,13,70,L1249,83,Z0206,83,Z1280,PC,2013701249,2011830206,2012831280
13PE02669,13,70,L1250,82,X7416,83,Z0539,PC,2013701250,2009827416,2011830539
13PE02670,13,70,L1251,82,X7416,83,Z0539,PC,2013701251,2009827416,2011830539
13PE02671,13,70,L1252,82,X8924,83,Z1170,PC,2013701252,2010828924,2012831170
13PE02672,13,70,L1253,82,X7416,82,X3470,PC,2013701253,2009827416,2006823470
13PE02673,13,70,L1254,82,X7416,82,X3470,PC,2013701254,2009827416,2006823470
13PE02674,13,70,L1255,70,L0492,70,L0285,PC,2013701255,2011700492,2011700285
13PE02675,13,70,L1256,82,X8834,82,X7933,PC,2013701256,2010828834,2009827933
13PE02676,13,70,L1257,83,Z0098,82,X8784,PC,2013701257,2011830098,2010828784
13PE02677,13,70,L1258,82,X9831,83,Z0375,PC,2013701258,2011829831,2011830375
13PE02678,13,70,L1259,82,X9831,83,Z0375,PC,2013701259,2011829831,2011830375
13PE02679,13,70,L1260,82,X7416,82,X9817,PC,2013701260,2009827416,2011829817
13PE02680,13,70,L1261,70,L0239,70,L0198,PC,2013701261,2010700239,2010700198
13PE02681,13,70,L1262,70,L0492,70,L0058,PC,2013701262,2011700492,2010700058
13PE02682,13,70,L1263,70,L0492,70,L0058,PC,2013701263,2011700492,2010700058
13PE02683,13,70,L1264,82,X9831,82,X6641,PC,2013701264,2011829831,2008826641
13PE02684,13,70,L1265,70,L0105,70,L0458,PC,2013701265,2010700105,2011700458
13PE02685,13,70,L1266,70,L0239,70,L0511,PC,2013701266,2010700239,2011700511
13PE02686,13,70,L1267,70,L0239,70,L0125,PC,2013701267,2010700239,2010700125
13PE02687,13,70,L1268,70,L0492,70,L0387,PC,2013701268,2011700492,2011700387
13PE02688,13,70,L1269,83,Z0098,82,X5851,PC,2013701269,2011830098,2008825851
13PE02689,13,70,L1270,83,Z0098,82,X5851,PC,2013701270,2011830098,2008825851
13PE02690,13,70,L1271,70,L0239,70,L0224,PC,2013701271,2010700239,2010700224
13PE02691,13,70,L1272,70,L0239,70,L0409,PC,2013701272,2010700239,2011700409
13PE02692,13,70,L1273,83,Z0098,82,X8978,PC,2013701273,2011830098,2010828978
13PE02693,13,70,L1274,82,X7416,82,X9896,PC,2013701274,2009827416,2011829896
13PE02694,13,70,L1275,70,L0341,70,L0126,PC,2013701275,2011700341,2010700126
13PE02695,13,70,L1276,70,L0341,70,L0126,PC,2013701276,2011700341,2010700126
13PE02696,13,70,L1277,82,X8610,82,X6637,PC,2013701277,2010828610,2008826637
13PE02697,13,70,L1278,82,X8610,82,X6637,PC,2013701278,2010828610,2008826637
13PE02698,13,70,L1279,82,X8610,82,X8835,PC,2013701279,2010828610,2010828835
13PE02699,13,70,L1280,82,X8610,82,X8835,PC,2013701280,2010828610,2010828835
13PE02700,13,70,L1281,82,X8610,82,X8835,PC,2013701281,2010828610,2010828835
13PE02701,13,70,L1282,82,X8610,82,X8631,PC,2013701282,2010828610,2010828631
13PE02702,13,70,L1283,70,L0239,70,L0096,PC,2013701283,2010700239,2010700096
13PE02703,13,70,L1284,70,L0239,70,L0096,PC,2013701284,2010700239,2010700096
13PE02704,13,70,L1285,70,L0341,70,L0099,PC,2013701285,2011700341,2010700099
13PE02705,13,70,L1286,70,L0341,70,L0099,PC,2013701286,2011700341,2010700099
13PE02706,13,70,L1287,83,Z0098,82,X6862,PC,2013701287,2011830098,2008826862
13PE02707,13,70,L1288,83,Z0098,82,X6862,PC,2013701288,2011830098,2008826862
13PE02708,13,70,L1289,70,L0495,70,L0117,PC,2013701289,2011700495,2010700117
13PE02709,13,70,L1290,70,L0495,70,L0117,PC,2013701290,2011700495,2010700117
13PE02710,13,70,L1291,70,L0482,70,L0624,PC,2013701291,2011700482,2012700624
13PE02711,13,70,L1292,70,L0524,70,L0886,PC,2013701292,2011700524,2012700886
13PE02712,13,70,L1293,70,L0239,70,L0078,PC,2013701293,2010700239,2010700078
13PE02713,13,70,L1294,83,Z0098,82,X9904,PC,2013701294,2011830098,2011829904
13PE02714,13,70,L1295,83,Z0098,82,X9904,PC,2013701295,2011830098,2011829904
13PE02715,13,70,L1296,82,X8834,82,X8769,PC,2013701296,2010828834,2010828769
13PE02716,13,70,L1297,82,X8834,82,X9098,PC,2013701297,2010828834,2010829098
13PE02717,13,70,L1298,82,X8834,82,X9098,PC,2013701298,2010828834,2010829098
13PE02718,13,70,L1299,70,L0277,70,L0684,PC,2013701299,2011700277,2012700684
13PE02719,13,70,L1300,70,L0239,70,L0297,PC,2013701300,2010700239,2011700297
13PE02720,13,70,L1301,70,L0341,70,L0188,PC,2013701301,2011700341,2010700188
13PE02721,13,70,L1302,70,L0341,70,L0188,PC,2013701302,2011700341,2010700188
13PE02722,13,70,L1303,82,X9831,82,X8733,PC,2013701303,2011829831,2010828733
13PE02723,13,70,L1304,82,X9831,82,X6520,PC,2013701304,2011829831,2008826520
13PE02724,13,70,L1305,82,X9831,82,X6520,PC,2013701305,2011829831,2008826520
13PE02725,13,70,L1306,70,L0105,70,L0090,PC,2013701306,2010700105,2010700090
13PE02726,13,70,L1307,70,L0105,70,L0090,PC,2013701307,2010700105,2010700090
13PE02727,13,70,L1308,70,L0105,70,L0090,PC,2013701308,2010700105,2010700090
13PE02728,13,70,L1309,70,L0495,70,L0312,PC,2013701309,2011700495,2011700312
13PE02729,13,70,L1310,82,X8610,83,Z0152,PC,2013701310,2010828610,2011830152
13PE02730,13,70,L1311,82,X9831,82,X9927,PC,2013701311,2011829831,2011829927
13PE02731,13,70,L1312,82,X9831,82,X9927,PC,2013701312,2011829831,2011829927
13PE02732,13,70,L1313,70,L0341,70,L0055,PC,2013701313,2011700341,2010700055
13PE02733,13,70,L1314,82,X8610,82,X7617,PC,2013701314,2010828610,2009827617
13PE02734,13,70,L1315,82,X8610,82,X7617,PC,2013701315,2010828610,2009827617
13PE02735,13,70,L1316,70,L0105,70,L0498,PC,2013701316,2010700105,2011700498
13PE02736,13,70,L1317,70,L0492,70,L0016,PC,2013701317,2011700492,2009700016
13PE02737,13,70,L1318,83,Z0053,82,X8501,PC,2013701318,2011830053,2010828501
13PE02738,13,70,L1319,83,Z0053,82,X8501,PC,2013701319,2011830053,2010828501
13PE02739,13,70,L1320,70,L0495,70,L0177,PC,2013701320,2011700495,2010700177
13PE02740,13,70,L1321,82,X8834,82,X6915,PC,2013701321,2010828834,2008826915
13PE02741,13,70,L1322,82,X8834,82,X6915,PC,2013701322,2010828834,2008826915
13PE02742,13,70,L1323,82,X8834,82,X7297,PC,2013701323,2010828834,2009827297
13PE02743,13,70,L1324,82,X8610,82,X4684,PC,2013701324,2010828610,2007824684
13PE02744,13,70,L1325,82,X8610,83,Z0020,PC,2013701325,2010828610,2011830020
13PE02745,13,70,L1326,83,Z0053,83,Z0634,PC,2013701326,2011830053,2011830634
13PE02746,13,70,L1327,82,X9831,82,X6809,PC,2013701327,2011829831,2008826809
13PE02747,13,70,L1328,82,X9831,82,X6809,PC,2013701328,2011829831,2008826809
13PE02748,13,70,L1329,82,X8610,83,Z0302,PC,2013701329,2010828610,2011830302
13PE02749,13,70,L1330,82,X7416,82,X5312,PC,2013701330,2009827416,2007825312
13PE02750,13,70,L1331,82,X7416,82,X5312,PC,2013701331,2009827416,2007825312
13PE02751,13,70,L1332,82,X8834,82,X7088,PC,2013701332,2010828834,2008827088
13PE02752,13,70,L1333,82,X8834,82,X7088,PC,2013701333,2010828834,2008827088
13PE02753,13,70,L1334,82,X7416,82,X8675,PC,2013701334,2009827416,2010828675
13PE02754,13,70,L1335,82,X7416,82,X8675,PC,2013701335,2009827416,2010828675
13PE02755,13,70,L1336,70,L0341,70,L0152,PC,2013701336,2011700341,2010700152
13PE02756,13,70,L1337,70,L0277,70,L0744,PC,2013701337,2011700277,2012700744
13PE02757,13,70,L1338,82,X8610,82,X5322,PC,2013701338,2010828610,2007825322
13PE02758,13,70,L1339,70,L0495,70,L0154,PC,2013701339,2011700495,2010700154
13PE02759,13,70,L1340,70,L0341,70,L0007,PC,2013701340,2011700341,2009700007
13PE02760,13,70,L1341,70,L0341,70,L0007,PC,2013701341,2011700341,2009700007
13PE02761,13,70,L1342,83,Z0098,82,X8606,PC,2013701342,2011830098,2010828606
13PE02762,13,70,L1343,83,Z0098,82,X8606,PC,2013701343,2011830098,2010828606
13PE02763,13,70,L1344,82,X7276,83,Z1085,PC,2013701344,2009827276,2012831085
13PE02764,13,70,L1345,70,L0492,70,L0504,PC,2013701345,2011700492,2011700504
13PE02765,13,70,L1346,82,X7416,83,Z0279,PC,2013701346,2009827416,2011830279
13PE02766,13,70,L1347,82,X7416,83,Z0279,PC,2013701347,2009827416,2011830279
13PE02767,13,70,L1348,70,L0524,70,L0743,PC,2013701348,2011700524,2012700743
13PE02768,13,70,L1349,70,L0341,70,L0145,PC,2013701349,2011700341,2010700145
13PE02769,13,70,L1350,70,L0341,70,L0145,PC,2013701350,2011700341,2010700145
13PE02770,13,70,L1351,70,L0289,70,L0719,PC,2013701351,2011700289,2012700719
13PE02771,13,70,L1352,70,L0341,70,L0233,PC,2013701352,2011700341,2010700233
13PE02772,13,70,L1353,70,L0341,70,L0233,PC,2013701353,2011700341,2010700233
13PE02773,13,70,L1354,70,L0492,70,L0325,PC,2013701354,2011700492,2011700325
13PE02774,13,70,L1355,82,X8610,82,X4614,PC,2013701355,2010828610,2007824614
13PE02775,13,70,L1356,82,X8610,82,X4614,PC,2013701356,2010828610,2007824614
13PE02776,13,70,L1357,70,L0495,70,L0087,PC,2013701357,2011700495,2010700087
13PE02777,13,70,L1358,70,L0105,70,L0123,PC,2013701358,2010700105,2010700123
13PE02778,13,70,L1359,70,L0105,70,L0123,PC,2013701359,2010700105,2010700123
13PE02779,13,70,L1360,70,L0277,70,L0660,PC,2013701360,2011700277,2012700660
13PE02780,13,70,L1361,83,Z0098,82,X8848,PC,2013701361,2011830098,2010828848
13PE02781,13,70,L1362,82,X9831,82,X8704,PC,2013701362,2011829831,2010828704
13PE02782,13,70,L1363,82,X9831,82,X8704,PC,2013701363,2011829831,2010828704
13PE02783,13,70,L1364,82,X9831,82,X8704,PC,2013701364,2011829831,2010828704
13PE02784,13,70,L1365,82,X8834,82,X7439,PC,2013701365,2010828834,2009827439
13PE02785,13,70,L1366,82,X8834,82,X7439,PC,2013701366,2010828834,2009827439
13PE02786,13,70,L1367,70,L0476,70,L0699,PC,2013701367,2011700476,2012700699
13PE02787,13,70,L1368,82,X7416,83,Z0013,PC,2013701368,2009827416,2011830013
13PE02788,13,70,L1369,82,X8834,82,X6524,PC,2013701369,2010828834,2008826524
13PE02789,13,70,L1370,82,X8834,82,X6524,PC,2013701370,2010828834,2008826524
13PE02790,13,70,L1371,82,X8834,82,X6524,PC,2013701371,2010828834,2008826524
13PE02791,13,70,L1372,82,X9831,82,X4632,PC,2013701372,2011829831,2007824632
13PE02792,13,70,L1373,82,X9831,82,X4632,PC,2013701373,2011829831,2007824632
13PE02793,13,70,L1374,82,X9831,82,X4632,PC,2013701374,2011829831,2007824632
13PE02794,13,70,L1375,70,L0289,70,L0908,PC,2013701375,2011700289,2012700908
13PE02795,13,70,L1376,83,Z0053,83,Z0197,PC,2013701376,2011830053,2011830197
13PE02796,13,70,L1377,83,Z0053,83,Z0197,PC,2013701377,2011830053,2011830197
13PE02797,13,70,L1378,82,X7276,83,Z1166,PC,2013701378,2009827276,2012831166
13PE02798,13,70,L1379,70,L0495,70,L0088,PC,2013701379,2011700495,2010700088
13PE02799,13,70,L1380,70,L0239,70,L0085,PC,2013701380,2010700239,2010700085
13PE02800,13,70,L1381,70,L0239,70,L0085,PC,2013701381,2010700239,2010700085
13PE02801,13,70,L1382,70,L0476,70,L0674,PC,2013701382,2011700476,2012700674
13PE02802,13,70,L1383,82,X8924,83,Z1086,PC,2013701383,2010828924,2012831086
13PE02803,13,70,L1384,82,X8610,82,X6712,PC,2013701384,2010828610,2008826712
13PE02804,13,70,L1385,82,X8610,82,X6712,PC,2013701385,2010828610,2008826712
13PE02805,13,70,L1386,70,L0476,70,L0558,PC,2013701386,2011700476,2012700558
13PE02806,13,70,L1387,82,X9831,83,Z0331,PC,2013701387,2011829831,2011830331
13PE02807,13,70,L1388,82,X8834,82,X8863,PC,2013701388,2010828834,2010828863
13PE02808,13,70,L1389,82,X8834,82,X8863,PC,2013701389,2010828834,2010828863
13PE02809,13,70,L1390,83,Z0053,82,X9392,PC,2013701390,2011830053,2010829392
13PE02810,13,70,L1391,83,Z0053,82,X9392,PC,2013701391,2011830053,2010829392
13PE02811,13,70,L1392,82,X8836,83,Z0993,PC,2013701392,2010828836,2012830993
13PE02812,13,70,L1393,82,X8610,83,Z0210,PC,2013701393,2010828610,2011830210
13PE02813,13,70,L1394,70,L0341,70,L0346,PC,2013701394,2011700341,2011700346
13PE02814,13,70,L1395,70,L0476,70,L0866,PC,2013701395,2011700476,2012700866
13PE02815,13,70,L1396,70,L0105,70,L0242,PC,2013701396,2010700105,2011700242
13PE02816,13,70,L1397,82,X8610,83,Z0319,PC,2013701397,2010828610,2011830319
13PE02817,13,70,L1398,82,X8836,83,Z0984,PC,2013701398,2010828836,2012830984
13PE02818,13,70,L1399,70,L0482,70,L0931,PC,2013701399,2011700482,2012700931
13PE02819,13,70,L1400,70,L0289,70,L0745,PC,2013701400,2011700289,2012700745
13PE02820,13,70,L1401,70,L0289,70,L0745,PC,2013701401,2011700289,2012700745
13PE02821,13,70,L1402,82,X8836,83,Z1040,PC,2013701402,2010828836,2012831040
13PE02822,13,70,L1403,70,L0277,70,L0841,PC,2013701403,2011700277,2012700841
13PE02823,13,70,L1404,82,X8836,83,Z0931,PC,2013701404,2010828836,2012830931
13PE02824,13,70,L1405,82,X8836,83,Z0931,PC,2013701405,2010828836,2012830931
13PE02825,13,70,L1406,82,X7416,82,X8907,PC,2013701406,2009827416,2010828907
13PE02826,13,70,L1407,82,X7416,82,X8907,PC,2013701407,2009827416,2010828907
13PE02827,13,70,L1408,70,L0277,70,L0722,PC,2013701408,2011700277,2012700722
13PE02828,13,70,L1409,82,X8924,83,Z1208,PC,2013701409,2010828924,2012831208
13PE02829,13,70,L1410,70,L0476,70,L0786,PC,2013701410,2011700476,2012700786
13PE02830,13,70,L1411,82,X8834,82,X6536,PC,2013701411,2010828834,2008826536
13PE02831,13,70,L1412,82,X8834,82,X6536,PC,2013701412,2010828834,2008826536
13PE02832,13,70,L1413,70,L0239,70,L0519,PC,2013701413,2010700239,2011700519
13PE02833,13,70,L1414,70,L0239,70,L0519,PC,2013701414,2010700239,2011700519
13PE02834,13,70,L1415,70,L0239,70,L0519,PC,2013701415,2010700239,2011700519
13PE02835,13,70,L1416,82,X8836,83,Z1008,PC,2013701416,2010828836,2012831008
13PE02836,13,70,L1417,70,L0277,70,L0694,PC,2013701417,2011700277,2012700694
13PE02837,13,70,L1418,82,X8836,83,Z0997,PC,2013701418,2010828836,2012830997
13PE02838,13,70,L1419,70,L0482,70,L0871,PC,2013701419,2011700482,2012700871
13PE02839,13,70,L1420,70,L0476,70,L0601,PC,2013701420,2011700476,2012700601
13PE02840,13,70,L1421,82,X7276,83,Z1111,PC,2013701421,2009827276,2012831111
13PE02841,13,70,L1422,82,X7276,83,Z1111,PC,2013701422,2009827276,2012831111
13PE02842,13,70,L1423,70,L0277,70,L0630,PC,2013701423,2011700277,2012700630
13PE02843,13,70,L1424,82,X8836,83,Z1018,PC,2013701424,2010828836,2012831018
13PE02844,13,70,L1425,83,Z0206,83,Z1144,PC,2013701425,2011830206,2012831144
13PE02845,13,70,L1426,83,Z0206,83,Z1144,PC,2013701426,2011830206,2012831144
13PE02846,13,70,L1427,70,L0482,70,L0676,PC,2013701427,2011700482,2012700676
13PE02847,13,70,L1428,70,L0482,70,L0676,PC,2013701428,2011700482,2012700676
13PE02848,13,70,L1429,82,X8836,83,Z0956,PC,2013701429,2010828836,2012830956
13PE02849,13,70,L1430,70,L0289,70,L0571,PC,2013701430,2011700289,2012700571
13PE02850,13,70,L1431,82,X7276,83,Z1243,PC,2013701431,2009827276,2012831243
13PE02851,13,70,L1432,82,X8834,82,X7438,PC,2013701432,2010828834,2009827438
13PE02852,13,70,L1433,82,X8834,82,X7438,PC,2013701433,2010828834,2009827438
13PE02853,13,70,L1434,70,L0482,70,L0821,PC,2013701434,2011700482,2012700821
13PE02854,13,70,L1435,70,L0482,70,L0821,PC,2013701435,2011700482,2012700821
13PE02855,13,70,L1436,82,X8836,83,Z0969,PC,2013701436,2010828836,2012830969
13PE02856,13,70,L1437,70,L0476,70,L0746,PC,2013701437,2011700476,2012700746
13PE02857,13,70,L1438,82,X8836,83,Z1088,PC,2013701438,2010828836,2012831088
13PE02858,13,70,L1439,70,L0289,70,L0659,PC,2013701439,2011700289,2012700659
13PE02859,13,70,L1440,70,L0482,70,L0737,PC,2013701440,2011700482,2012700737
13PE02860,13,70,L1441,70,L0277,70,L0700,PC,2013701441,2011700277,2012700700
13PE02861,13,70,L1442,70,L0476,70,L0824,PC,2013701442,2011700476,2012700824
13PE02862,13,70,L1443,70,L0277,70,L0577,PC,2013701443,2011700277,2012700577
13PE02863,13,70,L1444,70,L0289,70,L0592,PC,2013701444,2011700289,2012700592
13PE02864,13,70,L1445,70,L0289,70,L0592,PC,2013701445,2011700289,2012700592
13PE02865,13,70,L1446,82,X8924,83,Z1121,PC,2013701446,2010828924,2012831121
13PE02866,13,70,L1447,82,X8924,83,Z1121,PC,2013701447,2010828924,2012831121
13PE02867,13,70,L1448,70,L0482,70,L0720,PC,2013701448,2011700482,2012700720
13PE02868,13,70,L1449,70,L0476,70,L0793,PC,2013701449,2011700476,2012700793
13PE02869,13,70,L1450,70,L0476,70,L0844,PC,2013701450,2011700476,2012700844
13PE02870,13,70,L1451,83,Z0206,83,Z1162,PC,2013701451,2011830206,2012831162
13PE02871,13,70,L1452,70,L0524,70,L0772,PC,2013701452,2011700524,2012700772
13PE02872,13,70,L1453,82,X7276,83,Z1232,PC,2013701453,2009827276,2012831232
13PE02873,13,70,L1454,70,L0476,70,L0613,PC,2013701454,2011700476,2012700613
13PE02874,13,70,L1455,83,Z0206,83,Z1102,PC,2013701455,2011830206,2012831102
13PE02875,13,70,L1456,70,L0524,70,L0914,PC,2013701456,2011700524,2012700914
13PE02876,13,70,L1457,70,L0482,70,L0563,PC,2013701457,2011700482,2012700563
13PE02877,13,70,L1458,70,L0289,70,L0940,PC,2013701458,2011700289,2012700940
13PE02878,13,70,L1459,82,X7276,83,Z1187,PC,2013701459,2009827276,2012831187
13PE02879,13,70,L1460,82,X7276,83,Z1023,PC,2013701460,2009827276,2012831023
13PE02880,13,70,L1461,70,L0105,70,L0313,PC,2013701461,2010700105,2011700313
13PE02881,13,70,L1462,70,L0105,70,L0313,PC,2013701462,2010700105,2011700313
13PE02882,13,70,L1463,82,X0000,82,X6028,PC,2013701463,         0,2008826028
13PE02883,13,70,L1464,83,Z0206,83,Z1011,PC,2013701464,2011830206,2012831011
13PE02884,13,70,L1465,82,X8924,83,Z1073,PC,2013701465,2010828924,2012831073
13PE02885,13,70,L1466,82,X8924,83,Z1073,PC,2013701466,2010828924,2012831073
13PE02886,13,70,L1467,70,L0289,70,L0710,PC,2013701467,2011700289,2012700710
13PE02887,13,70,L1468,70,L0277,70,L0838,PC,2013701468,2011700277,2012700838
13PE02888,13,70,L1469,83,Z0206,83,Z1153,PC,2013701469,2011830206,2012831153
13PE02889,13,70,L1470,82,X7276,83,Z1218,PC,2013701470,2009827276,2012831218
13PE02890,13,70,L1471,83,Z0206,83,Z1047,PC,2013701471,2011830206,2012831047
13PE02891,13,70,L1472,70,L0289,70,L0920,PC,2013701472,2011700289,2012700920
13PE02892,13,70,L1473,70,L0277,70,L0673,PC,2013701473,2011700277,2012700673
13PE02893,13,70,L1474,70,L0277,70,L0673,PC,2013701474,2011700277,2012700673
13PE02894,13,70,L1475,82,X8924,83,Z1177,PC,2013701475,2010828924,2012831177
13PE02895,13,70,L1476,70,L0277,70,L0768,PC,2013701476,2011700277,2012700768
13PE02896,13,70,L1477,83,Z0206,83,Z1138,PC,2013701477,2011830206,2012831138
13PE02897,13,70,L1478,70,L0524,70,L0715,PC,2013701478,2011700524,2012700715
13PE02898,13,70,L1479,70,L0289,70,L0703,PC,2013701479,2011700289,2012700703
13PE02899,13,70,L1480,82,X8924,83,Z1030,PC,2013701480,2010828924,2012831030
13PE02900,13,70,L1481,82,X8924,83,Z1030,PC,2013701481,2010828924,2012831030
13PE02901,13,70,L1482,70,L0277,70,L0897,PC,2013701482,2011700277,2012700897
13PE02902,13,70,L1483,70,L0277,70,L0873,PC,2013701483,2011700277,2012700873
13PE02903,13,70,L1484,70,L0476,70,L0596,PC,2013701484,2011700476,2012700596
13PE02904,13,70,L1485,82,X7276,83,Z1228,PC,2013701485,2009827276,2012831228
13PE02905,13,70,L1486,70,L0524,70,L0937,PC,2013701486,2011700524,2012700937
13PE02906,13,70,L1487,70,L0482,70,L0733,PC,2013701487,2011700482,2012700733
13PE02907,13,70,L1488,82,X8836,83,Z1090,PC,2013701488,2010828836,2012831090
13PE02908,13,70,L1489,82,X8924,83,Z1247,PC,2013701489,2010828924,2012831247
13PE02909,13,70,L1490,70,L0482,70,L0595,PC,2013701490,2011700482,2012700595
13PE02910,13,70,L1491,82,X8836,83,Z1191,PC,2013701491,2010828836,2012831191
13PE02911,13,70,L1492,82,X8836,83,Z1191,PC,2013701492,2010828836,2012831191
13PE02912,13,70,L1493,70,L0289,70,L0832,PC,2013701493,2011700289,2012700832
13PE02913,13,70,L1494,70,L0277,70,L0739,PC,2013701494,2011700277,2012700739
13PE02914,13,70,L1495,82,X8924,83,Z1263,PC,2013701495,2010828924,2012831263
13PE02915,13,70,L1496,82,X8924,83,Z1056,PC,2013701496,2010828924,2012831056
13PE02916,13,70,L1497,82,X7276,83,Z1126,PC,2013701497,2009827276,2012831126
13PE02917,13,70,L1498,70,L0524,70,L0608,PC,2013701498,2011700524,2012700608
13PE02918,13,70,L1499,82,X8836,83,Z0894,PC,2013701499,2010828836,2012830894
13PE02919,13,70,L1500,70,L0476,70,L0896,PC,2013701500,2011700476,2012700896
13PE02920,13,70,L1501,82,X8836,83,Z1076,PC,2013701501,2010828836,2012831076
13PE02921,13,70,L1502,70,L0277,70,L0567,PC,2013701502,2011700277,2012700567
13PE02922,13,70,L1503,82,X7276,83,Z0918,PC,2013701503,2009827276,2012830918
13PE02923,13,70,L1504,70,L0524,70,L0602,PC,2013701504,2011700524,2012700602
13PE02924,13,70,L1505,70,L0476,70,L0881,PC,2013701505,2011700476,2012700881
13PE02925,13,70,L1506,82,X8836,83,Z1016,PC,2013701506,2010828836,2012831016
13PE02926,13,70,L1507,82,X8836,83,Z1016,PC,2013701507,2010828836,2012831016
13PE02927,13,70,L1508,70,L0524,70,L0934,PC,2013701508,2011700524,2012700934
13PE02928,13,70,L1509,70,L0277,70,L0742,PC,2013701509,2011700277,2012700742
13PE02929,13,70,L1510,70,L0277,70,L0742,PC,2013701510,2011700277,2012700742
13PE02930,13,70,L1511,82,X8836,83,Z1007,PC,2013701511,2010828836,2012831007
13PE02931,13,70,L1512,70,L0277,70,L0805,PC,2013701512,2011700277,2012700805
13PE02932,13,70,L1513,82,X8924,83,Z1258,PC,2013701513,2010828924,2012831258
13PE02933,13,70,L1514,70,L0482,70,L0576,PC,2013701514,2011700482,2012700576
13PE02934,13,82,Z1537,05,H6587,82,X7487,BL,2013821537,1911056587,2009827487
13PE02935,13,83,Z1469,00,Z1459,83,Z0760,TS,2013831469,2012001459,2011830760
13PE02936,13,83,Z1470,00,Z1459,82,X7279,TS,2013831470,2012001459,2009827279
13PE02937,13,83,Z1471,00,Z1459,82,X7279,TS,2013831471,2012001459,2009827279
13PE02938,13,83,Z1472,64,K4814,82,X8898,C3,2013831472,2011644814,2010828898
13PE02939,13,83,Z1473,82,X8516,82,X5017,97,2013831473,2010828516,2007825017
13PE02940,13,83,Z1474,00,Z1459,83,Z0207,T3,2013831474,2012001459,2011830207
13PE02941,13,83,Z1475,00,Z1457,82,X9828,97,2013831475,2011001457,2011829828
13PE02942,13,83,Z1476,00,Z1457,82,X9828,97,2013831476,2011001457,2011829828
13PE02943,13,83,Z1477,00,Z1457,64,K4830,SC,2013831477,2011001457,2011644830
13PE02944,13,83,Z1478,00,Z1449,82,X7463,97,2013831478,2011001449,2009827463
13PE02945,13,83,Z1479,00,Z1449,82,X7463,97,2013831479,2011001449,2009827463
13PE02946,13,83,Z1480,00,Z1459,82,X7433,T3,2013831480,2012001459,2009827433
13PE02947,13,83,Z1481,00,Z1460,82,X6654,97,2013831481,2012001460,2008826654
13PE02948,13,83,Z1482,00,Z1460,82,X6654,97,2013831482,2012001460,2008826654
13PE02949,13,83,Z1483,00,Z1457,82,X7223,97,2013831483,2011001457,2009827223
13PE02950,13,83,Z1484,00,Z1454,82,X6519,97,2013831484,2012001454,2008826519
13PE02951,13,83,Z1485,00,Z1459,64,K4649,TC,2013831485,2012001459,2010644649
13PE02952,13,83,Z1486,00,Z1459,64,K4649,TC,2013831486,2012001459,2010644649
13PE02953,13,83,Z1487,00,Z1457,82,X7497,97,2013831487,2011001457,2009827497
13PE02954,13,83,Z1488,00,Z1457,82,X7497,97,2013831488,2011001457,2009827497
13PE02955,13,83,Z1489,64,K4814,82,X4449,CS,2013831489,2011644814,2007824449
13PE02956,13,83,Z1490,64,K4814,82,X4449,CS,2013831490,2011644814,2007824449
13PE02957,13,83,Z1491,00,Z1454,82,X7464,97,2013831491,2012001454,2009827464
13PE02958,13,83,Z1492,00,K4924,82,X8899,C3,2013831492,2010004924,2010828899
13PE02959,13,83,Z1493,00,Z1456,82,X8957,T3,2013831493,2012001456,2010828957
13PE02960,13,83,Z1494,00,Z1456,82,X8957,T3,2013831494,2012001456,2010828957
13PE02961,13,83,Z1495,00,Z1458,82,X7244,97,2013831495,2011001458,2009827244
13PE02962,13,83,Z1496,00,Z1458,82,X7244,97,2013831496,2011001458,2009827244
13PE02963,13,83,Z1497,00,Z1459,82,X5711,T3,2013831497,2012001459,2008825711
13PE02964,13,83,Z1498,00,Z1459,82,X5711,T3,2013831498,2012001459,2008825711
13PE02965,13,83,Z1499,05,H6587,82,X3392,BL,2013831499,2011056587,2006823392
13PE02966,13,83,Z1500,05,H6587,82,X3392,BL,2013831500,2011056587,2006823392
13PE02967,13,83,Z1501,00,Z1459,82,X8538,TS,2013831501,2012001459,2010828538
13PE02968,13,83,Z1502,00,Z1459,82,X8538,TS,2013831502,2012001459,2010828538
13PE02969,13,83,Z1503,00,K4924,82,X7492,CM,2013831503,2010004924,2009827492
13PE02970,13,83,Z1504,82,X8796,82,X8719,CM,2013831504,2010828796,2010828719
13PE02971,13,83,Z1505,82,X8796,82,X8719,CM,2013831505,2010828796,2010828719
13PE02972,13,83,Z1506,00,Z1454,64,K4564,SC,2013831506,2012001454,2009644564
13PE02973,13,83,Z1507,00,Z1454,64,K4564,SC,2013831507,2012001454,2009644564
13PE02974,13,83,Z1508,82,X8516,82,X4776,97,2013831508,2010828516,2007824776
13PE02975,13,83,Z1509,82,X8516,82,X4776,97,2013831509,2010828516,2007824776
13PE02976,13,83,Z1510,00,Z1454,82,X4539,97,2013831510,2012001454,2007824539
13PE02977,13,83,Z1511,00,Z1454,82,X4539,97,2013831511,2012001454,2007824539
13PE02978,13,83,Z1512,82,X8516,82,X7254,97,2013831512,2010828516,2009827254
13PE02979,13,83,Z1513,82,X8516,82,X7254,97,2013831513,2010828516,2009827254
13PE02980,13,83,Z1514,64,K4814,82,X8561,CS,2013831514,2011644814,2010828561
13PE02981,13,83,Z1515,00,Z1456,82,X4797,T3,2013831515,2012001456,2007824797
13PE02982,13,83,Z1516,00,Z1456,82,X4797,T3,2013831516,2012001456,2007824797
13PE02983,13,83,Z1517,82,X6217,82,X8814,S3,2013831517,2008826217,2010828814
13PE02984,13,83,Z1518,82,X6217,82,X8814,S3,2013831518,2008826217,2010828814
13PE02985,13,83,Z1519,05,H6587,83,Z0144,00,2013831519,2011056587,2011830144
13PE02986,13,83,Z1520,05,H6587,83,Z0144,BL,2013831520,2011056587,2011830144
13PE02987,13,83,Z1521,64,K4814,82,X8960,CS,2013831521,2011644814,2010828960
13PE02988,13,83,Z1522,00,Z1460,64,K4623,SC,2013831522,2012001460,2010644623
13PE02989,13,83,Z1523,00,Z1449,82,X8564,97,2013831523,2011001449,2010828564
13PE02990,13,83,Z1524,00,Z1449,82,X8564,97,2013831524,2011001449,2010828564
13PE02991,13,83,Z1525,82,X6217,82,X3433,S3,2013831525,2008826217,2006823433
13PE02992,13,83,Z1526,82,X6217,82,X3433,S3,2013831526,2008826217,2006823433
13PE02993,13,83,Z1527,05,H6587,82,X8905,00,2013831527,2011056587,2010828905
13PE02994,13,83,Z1528,05,H6587,82,X8905,BL,2013831528,2011056587,2010828905
13PE02995,13,83,Z1529,00,Z1454,82,X5388,S3,2013831529,2012001454,2007825388
13PE02996,13,83,Z1530,00,Z1454,82,X5388,S3,2013831530,2012001454,2007825388
13PE02997,13,83,Z1531,82,X6217,64,K4191,CM,2013831531,2008826217,2008644191
13PE02998,13,83,Z1532,82,X6217,64,K4191,CM,2013831532,2008826217,2008644191
13PE02999,13,83,Z1533,82,X9950,82,X9025,CM,2013831533,2011829950,2010829025
13PE03000,13,83,Z1534,82,X9950,82,X9025,CM,2013831534,2011829950,2010829025
13PE03001,13,83,Z1535,00,K4924,82,X5883,C3,2013831535,2010004924,2008825883
13PE03002,13,83,Z1536,00,K4924,82,X5883,C3,2013831536,2010004924,2008825883
13PE03003,13,83,Z1538,82,X8804,64,K4475,CM,2013831538,2010828804,2009644475
13PE03004,13,83,Z1539,00,K4924,82,X8873,C3,2013831539,2010004924,2010828873
13PE03005,13,83,Z1540,00,K4924,82,X8873,C3,2013831540,2010004924,2010828873
13PE03006,13,83,Z1541,00,K4924,82,X8873,C3,2013831541,2010004924,2010828873
13PE03007,13,83,Z1542,00,Z1454,64,K4686,SC,2013831542,2012001454,2010644686
13PE03008,13,83,Z1543,00,Z1454,64,K4686,SC,2013831543,2012001454,2010644686
13PE03009,13,83,Z1544,82,X7486,64,K4653,C3,2013831544,2009827486,2010644653
13PE03010,13,83,Z1545,82,X7486,64,K4653,C3,2013831545,2009827486,2010644653
13PE03011,13,83,Z1546,05,H6587,83,Z0296,BL,2013831546,2011056587,2011830296
13PE03012,13,83,Z1547,00,Z1456,82,X8839,TS,2013831547,2012001456,2010828839
13PE03013,13,83,Z1548,00,Z1456,82,X8839,TS,2013831548,2012001456,2010828839
13PE03014,13,83,Z1549,00,Z1458,83,Z0282,97,2013831549,2011001458,2011830282
13PE03015,13,83,Z1550,82,X6217,82,X9973,S3,2013831550,2008826217,2011829973
13PE03016,13,83,Z1551,82,X6217,82,X9973,S3,2013831551,2008826217,2011829973
13PE03017,13,83,Z1552,64,K4814,83,Z0087,CS,2013831552,2011644814,2011830087
13PE03018,13,83,Z1553,64,K4814,82,X6252,C3,2013831553,2011644814,2008826252
13PE03019,13,83,Z1554,82,X9950,83,Z0029,CM,2013831554,2011829950,2011830029
13PE03020,13,83,Z1555,82,X8516,64,K4103,SC,2013831555,2010828516,2007644103
13PE03021,13,83,Z1556,64,K4814,82,X5305,CM,2013831556,2011644814,2007825305
13PE03022,13,83,Z1557,82,X8796,82,X8909,CM,2013831557,2010828796,2010828909
13PE03023,13,83,Z1558,82,X8796,82,X8909,CM,2013831558,2010828796,2010828909
13PE03024,13,83,Z1559,00,K4924,82,X6675,CS,2013831559,2010004924,2008826675
13PE03025,13,83,Z1560,00,Z1449,64,K4552,SC,2013831560,2011001449,2009644552
13PE03026,13,83,Z1561,00,Z1449,64,K4552,SC,2013831561,2011001449,2009644552
13PE03027,13,83,Z1562,82,X8796,83,Z0340,CM,2013831562,2010828796,2011830340
13PE03028,13,83,Z1563,82,X8796,82,X8974,CM,2013831563,2010828796,2010828974
13PE03029,13,83,Z1564,00,Z1457,82,X8695,97,2013831564,2011001457,2010828695
13PE03030,13,83,Z1565,00,Z1457,82,X8695,97,2013831565,2011001457,2010828695
13PE03031,13,83,Z1566,82,X8804,82,X3123,S3,2013831566,2010828804,2006823123
13PE03032,13,83,Z1567,82,X8804,82,X3123,S3,2013831567,2010828804,2006823123
13PE03033,13,83,Z1568,82,X8804,82,X6499,S3,2013831568,2010828804,2008826499
13PE03034,13,83,Z1569,82,X8804,82,X6499,S3,2013831569,2010828804,2008826499
13PE03035,13,83,Z1570,00,Z1456,82,X7471,T3,2013831570,2012001456,2009827471
13PE03036,13,83,Z1571,00,Z1456,82,X7471,T3,2013831571,2012001456,2009827471
13PE03037,13,83,Z1572,00,K4924,82,X7636,CM,2013831572,2010004924,2009827636
13PE03038,13,83,Z1573,00,K4924,82,X7636,CM,2013831573,2010004924,2009827636
13PE03039,13,83,Z1574,82,X7486,64,K4782,C3,2013831574,2009827486,2011644782
13PE03040,13,83,Z1575,05,H6587,70,L0459,BL,2013831575,2011056587,2011700459
13PE03041,13,83,Z1576,00,Z1460,83,Z0283,97,2013831576,2012001460,2011830283
13PE03042,13,83,Z1577,00,Z1460,83,Z0283,97,2013831577,2012001460,2011830283
13PE03043,13,83,Z1578,82,X9950,82,X8565,CM,2013831578,2011829950,2010828565
13PE03044,13,83,Z1579,00,K4924,82,X8514,C3,2013831579,2010004924,2010828514
13PE03045,13,83,Z1580,00,K4924,82,X8514,C3,2013831580,2010004924,2010828514
13PE03046,13,83,Z1581,00,K4924,82,X4980,CM,2013831581,2010004924,2007824980
13PE03047,13,83,Z1582,82,X9950,82,X9917,CM,2013831582,2011829950,2011829917
13PE03048,13,83,Z1583,00,Z1458,82,X8716,97,2013831583,2011001458,2010828716
13PE03049,13,83,Z1584,00,Z1458,82,X8716,97,2013831584,2011001458,2010828716
13PE03050,13,83,Z1585,00,Z1458,82,X8716,97,2013831585,2011001458,2010828716
13PE03051,13,83,Z1586,00,Z1458,82,X7220,97,2013831586,2011001458,2009827220
13PE03052,13,83,Z1587,00,Z1457,64,K4601,SC,2013831587,2011001457,2009644601
13PE03053,13,83,Z1588,00,Z1457,64,K4601,SC,2013831588,2011001457,2009644601
13PE03054,13,83,Z1589,82,X8804,64,K4457,CM,2013831589,2010828804,2009644457
13PE03055,13,83,Z1590,82,X8804,64,K4457,CM,2013831590,2010828804,2009644457
13PE03056,13,83,Z1591,00,Z1460,82,X7245,97,2013831591,2012001460,2009827245
13PE03057,13,83,Z1592,00,Z1460,82,X7245,97,2013831592,2012001460,2009827245
13PE03058,13,83,Z1593,00,Z1459,82,X4910,T3,2013831593,2012001459,2007824910
13PE03059,13,83,Z1594,00,Z1459,82,X4910,T3,2013831594,2012001459,2007824910
13PE03060,13,83,Z1595,00,Z1459,82,X4910,T3,2013831595,2012001459,2007824910
13PE03061,13,83,Z1596,82,X9950,82,X8647,CM,2013831596,2011829950,2010828647
13PE03062,13,83,Z1597,82,X9950,82,X8647,CM,2013831597,2011829950,2010828647
13PE03063,13,83,Z1598,82,X9950,82,X8647,CM,2013831598,2011829950,2010828647
13PE03064,13,83,Z1599,05,H6587,82,X8679,BL,2013831599,2011056587,2010828679
13PE03065,13,83,Z1600,05,H6587,82,X8679,BL,2013831600,2011056587,2010828679
13PE03066,13,83,Z1601,00,Z1449,64,K3976,SC,2013831601,2011001449,2007643976
13PE03067,13,83,Z1602,05,H6587,82,X8599,BL,2013831602,2011056587,2010828599
13PE03068,13,83,Z1603,05,H6587,82,X8599,00,2013831603,2011056587,2010828599
13PE03069,13,83,Z1604,82,X8796,83,Z0110,CM,2013831604,2010828796,2011830110
13PE03070,13,83,Z1605,82,X8796,83,Z0110,CM,2013831605,2010828796,2011830110
13PE03071,13,83,Z1606,82,X7486,64,K4439,C3,2013831606,2009827486,2009644439
13PE03072,13,83,Z1607,82,X8516,82,X7309,97,2013831607,2010828516,2009827309
13PE03073,13,83,Z1608,82,X8516,82,X7309,97,2013831608,2010828516,2009827309
13PE03074,13,83,Z1609,00,Z1454,82,X7710,S3,2013831609,2012001454,2009827710
13PE03075,13,83,Z1610,00,Z1454,82,X7710,S3,2013831610,2012001454,2009827710
13PE03076,13,83,Z1611,82,X8804,82,X9900,S3,2013831611,2010828804,2011829900
13PE03077,13,83,Z1612,82,X8516,82,X4308,97,2013831612,2010828516,2007824308
13PE03078,13,83,Z1613,82,X8516,82,X4308,97,2013831613,2010828516,2007824308
13PE03079,13,83,Z1614,00,Z1459,64,K4695,TC,2013831614,2012001459,2010644695
13PE03080,13,83,Z1615,00,Z1459,64,K4695,TC,2013831615,2012001459,2010644695
13PE03081,13,83,Z1616,82,X8804,82,X8791,S3,2013831616,2010828804,2010828791
13PE03082,13,83,Z1617,82,X8804,82,X8791,S3,2013831617,2010828804,2010828791
13PE03083,13,83,Z1618,00,Z1459,82,X8958,T3,2013831618,2012001459,2010828958
13PE03084,13,83,Z1619,00,K4924,82,X7384,CS,2013831619,2010004924,2009827384
13PE03085,13,83,Z1620,00,K4924,82,X7384,CS,2013831620,2010004924,2009827384
13PE03086,13,83,Z1621,82,X6217,64,K3877,CM,2013831621,2008826217,2007643877
13PE03087,13,83,Z1622,82,X6217,64,K3877,CM,2013831622,2008826217,2007643877
13PE03088,13,83,Z1623,05,H6587,82,X9097,BL,2013831623,2011056587,2010829097
13PE03089,13,83,Z1624,05,H6587,82,X9097,BL,2013831624,2011056587,2010829097
13PE03090,13,83,Z1625,00,Z1456,82,X3387,T3,2013831625,2012001456,2006823387
13PE03091,13,83,Z1626,82,X6217,82,X7246,S3,2013831626,2008826217,2009827246
13PE03092,13,83,Z1627,82,X6217,82,X7246,S3,2013831627,2008826217,2009827246
13PE03093,13,83,Z1628,82,X6217,82,X7246,S3,2013831628,2008826217,2009827246
13PE03094,13,83,Z1629,00,Z1459,83,Z0043,TS,2013831629,2012001459,2011830043
13PE03095,13,83,Z1630,00,Z1459,83,Z0043,TS,2013831630,2012001459,2011830043
13PE03096,13,83,Z1631,05,H6587,82,X9929,BL,2013831631,2011056587,2011829929
13PE03097,13,83,Z1632,05,H6587,82,X9929,BL,2013831632,2011056587,2011829929
13PE03098,13,83,Z1633,82,X7486,64,K4505,C3,2013831633,2009827486,2009644505
13PE03099,13,83,Z1634,82,X7486,64,K4505,C3,2013831634,2009827486,2009644505
13PE03100,13,83,Z1635,64,K4814,82,X8513,C3,2013831635,2011644814,2010828513
13PE03101,13,83,Z1636,64,K4814,82,X8513,C3,2013831636,2011644814,2010828513
13PE03102,13,83,Z1637,00,Z1458,82,X9856,97,2013831637,2011001458,2011829856
13PE03103,13,83,Z1638,00,Z1458,82,X9856,97,2013831638,2011001458,2011829856
13PE03104,13,83,Z1639,00,Z1456,64,K4626,TC,2013831639,2012001456,2010644626
13PE03105,13,83,Z1640,00,Z1456,64,K4626,TC,2013831640,2012001456,2010644626
13PE03106,13,83,Z1641,00,Z1457,82,X4826,97,2013831641,2011001457,2007824826
13PE03107,13,83,Z1642,00,Z1457,82,X4826,97,2013831642,2011001457,2007824826
13PE03108,13,83,Z1643,00,Z1457,82,X4826,97,2013831643,2011001457,2007824826
13PE03109,13,83,Z1644,82,X6217,64,K4336,CM,2013831644,2008826217,2008644336
13PE03110,13,83,Z1645,82,X6217,64,K4336,CM,2013831645,2008826217,2008644336
13PE03111,13,83,Z1646,64,K4848,82,X8934,C3,2013831646,2011644848,2010828934
13PE03112,13,83,Z1647,00,Z1457,83,Z0203,97,2013831647,2011001457,2011830203
13PE03113,13,83,Z1648,00,Z1457,83,Z0203,97,2013831648,2011001457,2011830203
13PE03114,13,83,Z1649,05,H6587,82,X8770,BL,2013831649,2011056587,2010828770
13PE03115,13,83,Z1650,82,X8804,64,K4802,CM,2013831650,2010828804,2011644802
13PE03116,13,83,Z1651,00,Z1459,82,X8778,T3,2013831651,2012001459,2010828778
13PE03117,13,83,Z1652,64,K4814,82,X7479,C3,2013831652,2011644814,2009827479
13PE03118,13,83,Z1653,64,K4814,82,X7479,C3,2013831653,2011644814,2009827479
13PE03119,13,83,Z1654,82,X7486,64,K3280,C3,2013831654,2009827486,2005643280
13PE03120,13,83,Z1655,82,X7486,64,K3280,C3,2013831655,2009827486,2005643280
13PE03121,13,83,Z1656,82,X8516,82,X8991,S3,2013831656,2010828516,2010828991
13PE03122,13,83,Z1657,00,Z1449,82,X8993,97,2013831657,2011001449,2010828993
13PE03123,13,83,Z1658,00,Z1454,83,Z0140,97,2013831658,2012001454,2011830140
13PE03124,13,83,Z1659,82,X8804,64,K4764,CM,2013831659,2010828804,2011644764
13PE03125,13,83,Z1660,82,X8804,64,K4764,CM,2013831660,2010828804,2011644764
13PE03126,13,83,Z1661,00,Z1456,83,Z0011,T3,2013831661,2012001456,2011830011
13PE03127,13,83,Z1662,00,Z1456,83,Z0011,T3,2013831662,2012001456,2011830011
13PE03128,13,83,Z1663,00,Z1459,64,K4499,TC,2013831663,2012001459,2009644499
13PE03129,13,83,Z1664,00,Z1459,64,K4499,TC,2013831664,2012001459,2009644499
13PE03130,13,83,Z1665,00,Z1449,64,K4820,SC,2013831665,2011001449,2011644820
13PE03131,13,83,Z1666,05,H6587,82,X8535,BL,2013831666,2011056587,2010828535
13PE03132,13,83,Z1667,05,H6587,82,X8535,BL,2013831667,2011056587,2010828535
13PE03133,13,83,Z1668,00,Z1456,82,X8892,T3,2013831668,2012001456,2010828892
13PE03134,13,83,Z1669,82,X6217,82,X7803,S3,2013831669,2008826217,2009827803
13PE03135,13,83,Z1670,82,X6217,82,X7803,S3,2013831670,2008826217,2009827803
13PE03136,13,83,Z1671,82,X6217,82,X7803,S3,2013831671,2008826217,2009827803
13PE03137,13,83,Z1672,82,X8804,82,X5729,S3,2013831672,2010828804,2008825729
13PE03138,13,83,Z1673,82,X8804,82,X5729,S3,2013831673,2010828804,2008825729
13PE03139,13,83,Z1674,00,Z1458,64,K4741,SC,2013831674,2011001458,2011644741
13PE03140,13,83,Z1675,00,Z1456,83,Z0749,TS,2013831675,2012001456,2011830749
13PE03141,13,83,Z1676,00,Z1456,83,Z0749,TS,2013831676,2012001456,2011830749
13PE03142,13,83,Z1677,64,K4814,82,X7628,C3,2013831677,2011644814,2009827628
13PE03143,13,83,Z1678,00,Z1454,82,X8591,97,2013831678,2012001454,2010828591
13PE03144,13,83,Z1679,00,Z1454,82,X8591,97,2013831679,2012001454,2010828591
13PE03145,13,83,Z1680,82,X6217,64,K4510,CM,2013831680,2008826217,2009644510
13PE03146,13,83,Z1681,00,Z1456,64,K4837,TC,2013831681,2012001456,2011644837
13PE03147,13,83,Z1682,00,Z1455,83,Z1118,97,2013831682,2012001455,2012831118
13PE03148,13,83,Z1683,00,Z1459,82,X8917,TS,2013831683,2012001459,2010828917
13PE03149,13,83,Z1684,00,Z1459,82,X8917,TS,2013831684,2012001459,2010828917
13PE03150,13,83,Z1685,00,Z1459,83,Z0092,T3,2013831685,2012001459,2011830092
13PE03151,13,83,Z1686,00,Z1459,83,Z0092,T3,2013831686,2012001459,2011830092
13PE03152,13,83,Z1687,00,Z1456,82,X4950,T3,2013831687,2012001456,2007824950
13PE03153,13,83,Z1688,00,Z1456,82,X4950,T3,2013831688,2012001456,2007824950
13PE03154,13,83,Z1689,00,Z1456,82,X8534,TS,2013831689,2012001456,2010828534
13PE03155,13,83,Z1690,82,X9950,82,X8777,CM,2013831690,2011829950,2010828777
13PE03156,13,83,Z1691,82,X9950,82,X8777,CM,2013831691,2011829950,2010828777
13PE03157,13,83,Z1692,00,Z1460,82,X7677,97,2013831692,2012001460,2009827677
13PE03158,13,83,Z1693,00,Z1460,82,X7677,97,2013831693,2012001460,2009827677
13PE03159,13,83,Z1694,05,H6587,82,X6113,00,2013831694,2011056587,2008826113
13PE03160,13,83,Z1695,00,Z1457,82,X7750,S3,2013831695,2011001457,2009827750
13PE03161,13,83,Z1696,00,Z1457,82,X7750,S3,2013831696,2011001457,2009827750
13PE03162,13,83,Z1697,05,H6587,82,X8642,BL,2013831697,2011056587,2010828642
13PE03163,13,83,Z1698,00,Z1456,82,X7263,TS,2013831698,2012001456,2009827263
13PE03164,13,83,Z1699,00,Z1456,82,X7263,TS,2013831699,2012001456,2009827263
13PE03165,13,83,Z1700,00,K4924,82,X7434,CM,2013831700,2010004924,2009827434
13PE03166,13,83,Z1701,05,H6587,82,X8678,BL,2013831701,2011056587,2010828678
13PE03167,13,83,Z1702,64,K4814,82,X7240,CM,2013831702,2011644814,2009827240
13PE03168,13,83,Z1703,64,K4814,82,X7635,CM,2013831703,2011644814,2009827635
13PE03169,13,83,Z1704,64,K4814,82,X7635,CM,2013831704,2011644814,2009827635
13PE03170,13,83,Z1705,05,H6587,82,X8736,BL,2013831705,2011056587,2010828736
13PE03171,13,83,Z1706,05,H6587,82,X8736,BL,2013831706,2011056587,2010828736
13PE03172,13,83,Z1707,00,Z1460,82,X9895,97,2013831707,2012001460,2011829895
13PE03173,13,83,Z1708,00,Z1460,82,X9895,97,2013831708,2012001460,2011829895
13PE03174,13,83,Z1709,64,K4814,82,X7491,CM,2013831709,2011644814,2009827491
13PE03175,13,83,Z1710,64,K4814,82,X7491,CM,2013831710,2011644814,2009827491
13PE03176,13,83,Z1711,82,X7486,64,K3936,C3,2013831711,2009827486,2007643936
13PE03177,13,83,Z1712,82,X7486,64,K3936,C3,2013831712,2009827486,2007643936
13PE03178,13,83,Z1713,00,Z1456,82,X6289,T3,2013831713,2012001456,2008826289
13PE03179,13,83,Z1714,00,Z1456,82,X6289,T3,2013831714,2012001456,2008826289
13PE03180,13,83,Z1715,82,X8796,83,Z0220,CM,2013831715,2010828796,2011830220
13PE03181,13,83,Z1716,00,Z1456,64,K4670,TC,2013831716,2012001456,2010644670
13PE03182,13,83,Z1717,00,Z1459,83,Z0343,T3,2013831717,2012001459,2011830343
13PE03183,13,83,Z1718,00,K4924,82,X4493,CM,2013831718,2010004924,2007824493
13PE03184,13,83,Z1719,00,Z1457,82,X8992,S3,2013831719,2011001457,2010828992
13PE03185,13,83,Z1720,00,Z1449,83,Z0139,97,2013831720,2011001449,2011830139
13PE03186,13,83,Z1721,00,Z1449,83,Z0139,97,2013831721,2011001449,2011830139
13PE03187,13,83,Z1722,00,Z1458,64,K4615,SC,2013831722,2011001458,2010644615
13PE03188,13,83,Z1723,00,Z1458,64,K4615,SC,2013831723,2011001458,2010644615
13PE03189,13,83,Z1724,64,K4814,82,X8812,C3,2013831724,2011644814,2010828812
13PE03190,13,83,Z1725,64,K4814,82,X8812,C3,2013831725,2011644814,2010828812
13PE03191,13,83,Z1726,64,K4814,82,X2422,CS,2013831726,2011644814,2005822422
13PE03192,13,83,Z1727,64,K4814,82,X2422,CS,2013831727,2011644814,2005822422
13PE03193,13,83,Z1728,82,X6217,82,X5912,S3,2013831728,2008826217,2008825912
13PE03194,13,83,Z1730,00,Z1457,82,X2678,97,2013831730,2011001457,2005822678
13PE03195,13,83,Z1731,82,X8516,82,X7414,97,2013831731,2010828516,2009827414
13PE03196,13,83,Z1732,82,X8516,82,X7414,97,2013831732,2010828516,2009827414
13PE03197,13,83,Z1733,00,Z1459,82,X3386,T3,2013831733,2012001459,2006823386
13PE03198,13,83,Z1734,00,Z1459,82,X3386,T3,2013831734,2012001459,2006823386
13PE03199,13,83,Z1735,82,X9950,82,X8659,CM,2013831735,2011829950,2010828659
13PE03200,13,83,Z1736,05,H6587,82,X8578,BL,2013831736,2011056587,2010828578
13PE03201,13,83,Z1737,00,Z1456,82,X9979,T3,2013831737,2012001456,2011829979
13PE03202,13,83,Z1738,00,Z1456,82,X9859,T3,2013831738,2012001456,2011829859
13PE03203,13,83,Z1739,00,Z1456,82,X9859,T3,2013831739,2012001456,2011829859
13PE03204,13,83,Z1740,00,K4924,82,X5877,CS,2013831740,2010004924,2008825877
13PE03205,13,83,Z1741,00,K4924,82,X5877,CS,2013831741,2010004924,2008825877
13PE03206,13,83,Z1742,00,Z1459,82,X8595,T3,2013831742,2012001459,2010828595
13PE03207,13,83,Z1743,00,Z1459,82,X8595,T3,2013831743,2012001459,2010828595
13PE03208,13,83,Z1744,00,Z1458,82,X7762,S3,2013831744,2011001458,2009827762
13PE03209,13,83,Z1745,00,Z1456,64,K3363,TC,2013831745,2012001456,2005643363
13PE03210,13,83,Z1746,00,Z1456,64,K3363,TC,2013831746,2012001456,2005643363
13PE03211,13,83,Z1747,82,X6217,64,K4388,CM,2013831747,2008826217,2008644388
13PE03212,13,83,Z1748,00,K4924,82,X8894,CM,2013831748,2010004924,2010828894
13PE03213,13,83,Z1749,00,Z1460,82,X6459,S3,2013831749,2012001460,2008826459
13PE03214,13,83,Z1750,00,Z1460,82,X6459,S3,2013831750,2012001460,2008826459
13PE03215,13,83,Z1751,00,Z1456,64,K4450,TC,2013831751,2012001456,2009644450
13PE03216,13,83,Z1752,00,Z1460,82,X5326,97,2013831752,2012001460,2007825326
13PE03217,13,83,Z1753,00,Z1460,82,X5326,97,2013831753,2012001460,2007825326
13PE03218,13,83,Z1754,82,X6217,64,K3690,CM,2013831754,2008826217,2006643690
13PE03219,13,83,Z1755,00,Z1459,82,X8715,T3,2013831755,2012001459,2010828715
13PE03220,13,83,Z1756,00,Z1459,82,X8715,T3,2013831756,2012001459,2010828715
13PE03221,13,83,Z1757,00,Z1456,83,Z0208,T3,2013831757,2012001456,2011830208
13PE03222,13,83,Z1758,00,Z1456,83,Z0208,T3,2013831758,2012001456,2011830208
13PE03223,13,83,Z1760,05,H6587,82,X9162,BL,2013831760,2011056587,2010829162
13PE03224,13,83,Z1761,05,H6587,82,X9162,BL,2013831761,2011056587,2010829162
13PE03225,13,83,Z1762,00,Z1449,82,X7667,S3,2013831762,2011001449,2009827667
13PE03226,13,83,Z1763,00,Z1449,82,X7667,S3,2013831763,2011001449,2009827667
13PE03227,13,83,Z1764,00,Z1460,64,K4749,00,2013831764,2012001460,2011644749
13PE03228,13,83,Z1765,00,Z1454,82,X7178,97,2013831765,2012001454,2008827178
13PE03229,13,83,Z1766,00,Z1454,82,X7178,97,2013831766,2012001454,2008827178
13PE03230,13,83,Z1767,82,X8796,83,Z0851,CM,2013831767,2010828796,2011830851
13PE03231,13,83,Z1768,00,Z1456,64,K4783,TC,2013831768,2012001456,2011644783
13PE03232,13,83,Z1769,00,Z1459,83,Z0367,T3,2013831769,2012001459,2011830367
13PE03233,13,83,Z1770,00,Z1459,83,Z0367,T3,2013831770,2012001459,2011830367
13PE03234,13,83,Z1771,00,Z1456,82,X6110,T3,2013831771,2012001456,2008826110
13PE03235,13,83,Z1772,00,Z1456,82,X6110,T3,2013831772,2012001456,2008826110
13PE03236,13,83,Z1773,00,Z1459,82,X8893,T3,2013831773,2012001459,2010828893
13PE03237,13,83,Z1774,00,Z1459,82,X8893,T3,2013831774,2012001459,2010828893
13PE03238,13,83,Z1775,00,Z1458,82,X6045,S3,2013831775,2011001458,2008826045
13PE03239,13,83,Z1776,00,Z1458,82,X6045,S3,2013831776,2011001458,2008826045
13PE03240,13,83,Z1777,82,X8804,82,X7262,S3,2013831777,2010828804,2009827262
13PE03241,13,83,Z1778,00,Z1455,83,Z1079,97,2013831778,2012001455,2012831079
13PE03242,13,83,Z1779,00,Z1457,64,K4330,SC,2013831779,2011001457,2008644330
13PE03243,13,83,Z1780,00,Z1457,64,K4330,SC,2013831780,2011001457,2008644330
13PE03244,13,83,Z1781,00,K4924,82,X2326,CS,2013831781,2010004924,2005822326
13PE03245,13,83,Z1782,00,Z1449,82,X6020,97,2013831782,2011001449,2008826020
13PE03246,13,83,Z1783,00,Z1449,82,X6020,97,2013831783,2011001449,2008826020
13PE03247,13,83,Z1784,64,K4814,82,X7658,CM,2013831784,2011644814,2009827658
13PE03248,13,83,Z1785,64,K4814,82,X7658,CM,2013831785,2011644814,2009827658
13PE03249,13,83,Z1786,00,Z1458,64,K4357,SC,2013831786,2011001458,2008644357
13PE03250,13,83,Z1787,00,Z1458,64,K4357,SC,2013831787,2011001458,2008644357
13PE03251,13,83,Z1788,82,X8516,82,X6353,97,2013831788,2010828516,2008826353
13PE03252,13,83,Z1789,82,X8516,82,X6353,97,2013831789,2010828516,2008826353
13PE03253,13,83,Z1790,00,Z1455,83,Z1196,97,2013831790,2012001455,2012831196
13PE03254,13,83,Z1791,82,X8516,82,X8604,97,2013831791,2010828516,2010828604
13PE03255,13,83,Z1792,82,X8516,82,X8604,97,2013831792,2010828516,2010828604
13PE03256,13,83,Z1793,82,X8622,83,Z1249,CM,2013831793,2010828622,2012831249
13PE03257,13,83,Z1794,00,K4924,82,X8919,CS,2013831794,2010004924,2010828919
13PE03258,13,83,Z1795,00,K4924,82,X8919,CS,2013831795,2010004924,2010828919
13PE03259,13,83,Z1796,00,Z1456,82,X7798,T3,2013831796,2012001456,2009827798
13PE03260,13,83,Z1797,00,Z1456,82,X7798,T3,2013831797,2012001456,2009827798
13PE03261,13,83,Z1798,82,X6217,83,Z0452,S3,2013831798,2008826217,2011830452
13PE03262,13,83,Z1799,82,X6217,83,Z0452,S3,2013831799,2008826217,2011830452
13PE03263,13,83,Z1800,00,Z1458,82,X6532,97,2013831800,2011001458,2008826532
13PE03264,13,83,Z1801,00,Z1458,82,X6532,97,2013831801,2011001458,2008826532
13PE03265,13,83,Z1802,00,Z1454,82,X6058,97,2013831802,2012001454,2008826058
13PE03266,13,83,Z1803,00,Z1454,82,X6058,97,2013831803,2012001454,2008826058
13PE03267,13,83,Z1804,00,Z1449,82,X2500,97,2013831804,2011001449,2005822500
13PE03268,13,83,Z1805,00,Z1449,82,X2500,97,2013831805,2011001449,2005822500
13PE03269,13,83,Z1806,82,X8796,83,Z0127,CM,2013831806,2010828796,2011830127
13PE03270,13,83,Z1807,00,K4924,82,X8512,C3,2013831807,2010004924,2010828512
13PE03271,13,83,Z1808,00,Z1459,64,K3462,TC,2013831808,2012001459,2005643462
13PE03272,13,83,Z1809,00,Z1456,82,X5771,TS,2013831809,2012001456,2008825771
13PE03273,13,83,Z1810,70,L0239,70,L0281,00,2013831810,2010700239,2011700281
13PE03274,13,83,Z1811,82,X9950,82,X9978,CM,2013831811,2011829950,2011829978
13PE03275,13,83,Z1812,82,X8516,64,K4683,SC,2013831812,2010828516,2010644683
13PE03276,13,83,Z1813,00,Z1455,83,Z1036,97,2013831813,2012001455,2012831036
13PE03277,13,83,Z1814,00,K4924,82,X7496,C3,2013831814,2010004924,2009827496
13PE03278,13,83,Z1815,00,K4924,82,X7496,C3,2013831815,2010004924,2009827496
13PE03279,13,83,Z1816,00,Z1455,83,Z0978,97,2013831816,2012001455,2012830978
13PE03280,13,83,Z1817,05,H6777,05,H6477,00,2013831817,2011056777,2010056477
13PE03281,13,83,Z1818,05,H6777,05,H6477,00,2013831818,2011056777,2010056477
13PE03282,13,83,Z1819,05,H6777,05,H6477,00,2013831819,2011056777,2010056477
13PE03283,13,83,Z1820,00,Z1460,82,X8680,S3,2013831820,2012001460,2010828680
13PE03284,13,83,Z1821,00,Z1460,82,X8680,S3,2013831821,2012001460,2010828680
13PE03285,13,83,Z1822,00,Z1455,83,Z1063,97,2013831822,2012001455,2012831063
13PE03286,13,83,Z1823,82,X8804,64,K4341,CM,2013831823,2010828804,2008644341
13PE03287,13,83,Z1824,82,X8804,64,K4341,CM,2013831824,2010828804,2008644341
13PE03288,13,83,Z1825,82,X9950,82,X8949,CM,2013831825,2011829950,2010828949
13PE03289,13,83,Z1826,82,X6217,64,K4196,CM,2013831826,2008826217,2008644196
13PE03290,13,83,Z1827,82,X6217,64,K4196,CM,2013831827,2008826217,2008644196
13PE03291,13,83,Z1828,82,X8804,64,K4788,CM,2013831828,2010828804,2011644788
13PE03292,13,83,Z1829,82,X8804,64,K4788,CM,2013831829,2010828804,2011644788
13PE03293,13,83,Z1830,05,H6777,05,H5116,00,2013831830,2011056777,2009055116
13PE03294,13,83,Z1831,05,H6777,05,H5116,00,2013831831,2011056777,2009055116
13PE03295,13,83,Z1832,05,H6777,05,H5116,00,2013831832,2011056777,2009055116
13PE03296,13,83,Z1833,05,H6777,05,H4639,00,2013831833,2011056777,2009054639
13PE03297,13,83,Z1834,82,X8796,83,Z0115,CM,2013831834,2010828796,2011830115
13PE03298,13,83,Z1835,00,K4924,82,X6689,CM,2013831835,2010004924,2008826689
13PE03299,13,83,Z1836,05,H6777,05,H6991,00,2013831836,2011056777,2011056991
13PE03300,13,83,Z1837,05,H6777,05,H6991,00,2013831837,2011056777,2011056991
13PE03301,13,83,Z1838,83,Z0785,82,X7425,00,2013831838,2011830785,2009827425
13PE03302,13,83,Z1839,82,X8622,83,Z1000,CM,2013831839,2010828622,2012831000
13PE03303,13,83,Z1840,00,Z1455,83,Z1183,97,2013831840,2012001455,2012831183
13PE03304,13,83,Z1841,82,X9950,82,X8726,CM,2013831841,2011829950,2010828726
13PE03305,13,83,Z1842,82,X0000,45,T2415,00,2013831842,         0,2009452415
13PE03306,13,83,Z1843,82,X0000,45,T2415,00,2013831843,         0,2009452415
13PE03307,13,83,Z1844,82,X9977,45,T2501,00,2013831844,2011829977,2009452501
13PE03308,13,83,Z1845,83,Z0785,83,Z0779,00,2013831845,2011830785,2011830779
13PE03309,13,83,Z1846,83,Z0785,83,Z0779,00,2013831846,2011830785,2011830779
13PE03310,13,83,Z1847,82,X0000,45,T2075,00,2013831847,         0,2008452075
13PE03311,13,83,Z1848,82,X0000,45,T1171,00,2013831848,         0,2006451171
13PE03312,13,83,Z1849,82,X0000,45,T1171,00,2013831849,         0,2006451171
13PE03313,13,83,Z1850,83,Z0785,64,K4060,00,2013831850,2011830785,2007644060
13PE03314,13,83,Z1851,83,Z0785,64,K4060,00,2013831851,2011830785,2007644060
13PE03315,13,83,Z1852,82,X0000,45,T3314,00,2013831852,         0,2010453314
13PE03316,13,83,Z1853,05,H6777,05,H6085,00,2013831853,2011056777,2010056085
13PE03317,13,83,Z1854,05,H6777,05,H6085,00,2013831854,2011056777,2010056085
13PE03318,13,83,Z1855,82,X0000,82,X7293,00,2013831855,         0,2009827293
13PE03319,13,83,Z1856,82,X0000,45,T2586,00,2013831856,         0,2009452586
13PE03320,13,83,Z1857,82,X0000,64,K4826,00,2013831857,         0,2011644826
13PE03321,13,83,Z1858,82,X0000,64,K4826,00,2013831858,         0,2011644826
13PE03322,13,83,Z1859,82,X0000,45,T3923,00,2013831859,         0,2011453923
13PE03323,13,83,Z1860,82,X0000,45,T3923,00,2013831860,         0,2011453923
13PE03324,13,83,Z1861,82,X0000,45,T3845,00,2013831861,         0,2011453845
13PE03325,13,83,Z1862,82,X0000,11,R8429,00,2013831862,         0,2010118429
13PE03326,13,83,Z1863,82,X0000,11,R8429,00,2013831863,         0,2010118429
13PE03327,13,83,Z1864,82,X0000,45,T3722,00,2013831864,         0,2011453722
13PE03328,13,83,Z1865,82,X0000,45,T3722,00,2013831865,         0,2011453722
13PE03329,13,83,Z1866,82,X0000,45,T4013,00,2013831866,         0,2011454013
13PE03330,13,83,Z1867,82,X0000,45,T4013,00,2013831867,         0,2011454013
13PE03331,13,83,Z1868,82,X0000,05,H7076,00,2013831868,         0,2011057076
13PE03332,13,83,Z1869,82,X0000,05,H7076,00,2013831869,         0,2011057076
13PE03333,13,83,Z1870,82,X0000,45,T2636,00,2013831870,         0,2009452636
13PE03334,13,83,Z1871,05,H6777,05,H2559,00,2013831871,2011056777,2006052559
13PE03335,13,83,Z1872,82,X0000,82,X7714,00,2013831872,         0,2009827714
13PE03336,13,83,Z1873,82,X0000,82,X7714,00,2013831873,         0,2009827714
13PE03337,13,83,Z1874,83,Z0000,05,H5926,00,2013831874,         0,2010055926
13PE03338,13,83,Z1875,83,Z0000,05,H5926,00,2013831875,         0,2010055926
13PE03339,13,83,Z1876,64,K0000,82,X9481,00,2013831876,         0,2010829481
13PE03340,13,83,Z1877,64,K0000,82,X9481,00,2013831877,         0,2010829481
13PE03341,13,83,Z1878,82,X0000,82,X9284,00,2013831878,         0,2010829284
13PE03342,13,83,Z1879,82,X0000,82,X9284,00,2013831879,         0,2010829284
13PE03343,13,83,Z1880,64,K0000,83,Z0385,00,2013831880,         0,2011830385
13PE03344,13,83,Z1881,64,K0000,83,Z0385,00,2013831881,         0,2011830385
13PE03345,13,83,Z1882,11,R6633,82,X9998,00,2013831882,2007116633,2011829998
13PE03346,13,83,Z1883,11,R6633,82,X9998,00,2013831883,2007116633,2011829998
13PE03347,13,83,Z1884,82,X0000,45,T3760,00,2013831884,         0,2011453760
13PE03348,13,83,Z1885,11,R6633,83,Z1371,00,2013831885,2007116633,2012831371
13PE03349,13,83,Z1886,82,X0000,82,X8070,00,2013831886,         0,2009828070
13PE03350,13,83,Z1887,82,X0000,82,X8070,00,2013831887,         0,2009828070
13PE03351,13,83,Z1888,82,X0000,82,X8070,00,2013831888,         0,2009828070
13PE03352,13,83,Z1889,64,K0000,05,H5080,00,2013831889,         0,2009055080
13PE03353,13,83,Z1890,64,K0000,05,H5080,00,2013831890,         0,2009055080
13PE03354,13,83,Z1891,83,Z0785,82,X6466,00,2013831891,2011830785,2008826466
13PE03355,13,83,Z1892,82,X0000,45,T3979,00,2013831892,         0,2011453979
13PE03356,13,83,Z1893,82,X0000,05,H7168,00,2013831893,         0,2011057168
13PE03357,13,83,Z1894,82,X0000,05,H7168,00,2013831894,         0,2011057168
13PE03358,13,83,Z1895,82,X0000,05,H5769,00,2013831895,         0,2010055769
13PE03359,13,83,Z1896,82,X0000,05,H5769,00,2013831896,         0,2010055769
13PE03360,13,83,Z1897,82,X0000,05,H5769,00,2013831897,         0,2010055769
13PE03361,13,83,Z1898,82,X0000,11,R8722,00,2013831898,         0,2011118722
13PE03362,13,83,Z1899,83,Z0000,11,R7819,00,2013831899,         0,2009117819
13PE03363,13,83,Z1900,83,Z0000,11,R7819,00,2013831900,         0,2009117819
13PE03364,13,83,Z1901,82,X0000,11,R8212,00,2013831901,         0,2010118212
13PE03365,13,83,Z1902,82,X0000,11,R8212,00,2013831902,         0,2010118212
13PE03366,13,83,Z1903,83,Z0000,11,R8274,00,2013831903,         0,2010118274
13PE03367,13,83,Z1904,83,Z0000,11,R8274,00,2013831904,         0,2010118274
13PE03368,13,83,Z1905,83,Z0000,11,R8274,00,2013831905,         0,2010118274
13PE03369,13,83,Z1906,82,X0000,05,H4664,00,2013831906,         0,2009054664
13PE03370,13,83,Z1907,82,X0000,05,H4664,00,2013831907,         0,2009054664
13PE03371,13,83,Z1908,82,X0000,05,H4664,00,2013831908,         0,2009054664
13PE03372,13,83,Z1909,82,X0000,82,X9510,00,2013831909,         0,2010829510
13PE03373,13,83,Z1910,82,X0000,82,X9510,00,2013831910,         0,2010829510
13PE03374,13,83,Z1911,82,X0000,83,Z0700,00,2013831911,         0,2011830700
13PE03375,13,83,Z1912,83,Z0785,82,X6276,00,2013831912,2011830785,2008826276
13PE03376,13,83,Z1913,83,Z0785,82,X6276,00,2013831913,2011830785,2008826276
13PE03377,13,83,Z1914,83,Z0785,82,X6276,00,2013831914,2011830785,2008826276
13PE03378,13,83,Z1915,64,K0000,05,H4807,00,2013831915,         0,2009054807
13PE03379,13,83,Z1916,82,X0000,11,R8848,00,2013831916,         0,2011118848
13PE03380,13,83,Z1917,82,X0000,11,R9069,00,2013831917,         0,2011119069
13PE03381,13,83,Z1918,82,X0000,11,R9069,00,2013831918,         0,2011119069
13PE03382,13,83,Z1919,82,X0000,45,T1981,00,2013831919,         0,2008451981
13PE03383,13,83,Z1920,82,X0000,45,T1981,00,2013831920,         0,2008451981
13PE03384,13,83,Z1921,82,X0000,11,R8349,00,2013831921,         0,2010118349
13PE03385,13,83,Z1922,82,X0000,11,R8131,00,2013831922,         0,2010118131
13PE03386,13,83,Z1923,82,X0000,05,H4809,00,2013831923,         0,2009054809
13PE03387,13,83,Z1924,82,X0000,05,H4809,00,2013831924,         0,2009054809
13PE03388,13,83,Z1925,82,X0000,05,H6650,00,2013831925,         0,2011056650
13PE03389,13,83,Z1926,64,K0000,82,X7866,00,2013831926,         0,2009827866
13PE03390,13,83,Z1927,64,K0000,82,X7866,00,2013831927,         0,2009827866
13PE03391,13,83,Z1928,64,K0000,05,H7315,00,2013831928,         0,2011057315
13PE03392,13,83,Z1929,64,K0000,05,H7315,00,2013831929,         0,2011057315
13PE03393,13,83,Z1930,82,X0000,82,X8944,00,2013831930,         0,2010828944
13PE03394,13,83,Z1931,82,X0000,82,X8944,00,2013831931,         0,2010828944
13PE03395,13,83,Z1932,83,Z0000,11,R8590,00,2013831932,         0,2010118590
13PE03396,13,83,Z1933,82,X0000,11,R8576,00,2013831933,         0,2010118576
13PE03397,13,83,Z1934,82,X0000,11,R8576,00,2013831934,         0,2010118576
13PE03398,13,83,Z1935,05,H6777,05,H6368,00,2013831935,2011056777,2010056368
13PE03399,13,83,Z1936,05,H6777,05,H6368,00,2013831936,2011056777,2010056368
13PE03400,13,83,Z1937,82,X0000,45,T2694,00,2013831937,         0,2009452694
13PE03401,13,83,Z1938,82,X0000,45,T2694,00,2013831938,         0,2009452694
13PE03402,13,83,Z1939,83,Z0785,45,T2593,00,2013831939,2011830785,2009452593
13PE03403,13,83,Z1940,82,X0000,11,R8697,00,2013831940,         0,2011118697
13PE03404,13,83,Z1941,64,K0000,11,R8553,00,2013831941,         0,2010118553
13PE03405,13,83,Z1942,64,K0000,11,R8553,00,2013831942,         0,2010118553
13PE03406,13,83,Z1943,64,K0000,82,X9046,00,2013831943,         0,2010829046
13PE03407,13,83,Z1944,64,K0000,82,X9046,00,2013831944,         0,2010829046
13PE03408,13,83,Z1945,11,R6633,82,X5491,00,2013831945,2007116633,2007825491
13PE03409,13,83,Z1946,11,R6633,82,X5491,00,2013831946,2007116633,2007825491
13PE03410,13,83,Z1947,82,X0000,45,T2594,00,2013831947,         0,2009452594
13PE03411,13,83,Z1948,82,X0000,11,R8517,00,2013831948,         0,2010118517
13PE03412,13,83,Z1949,82,X0000,11,R8517,00,2013831949,         0,2010118517
13PE03413,13,83,Z1950,82,X0000,11,R8517,00,2013831950,         0,2010118517
13PE03414,13,83,Z1951,83,Z0000,82,X9267,00,2013831951,         0,2010829267
13PE03415,13,83,Z1952,83,Z0000,82,X9267,00,2013831952,         0,2010829267
13PE03416,13,83,Z1953,11,R6633,82,X8997,00,2013831953,2007116633,2010828997
13PE03417,13,83,Z1954,11,R6633,82,X6607,00,2013831954,2007116633,2008826607
13PE03418,13,83,Z1955,11,R6633,82,X6607,00,2013831955,2007116633,2008826607
13PE03419,13,83,Z1956,64,K0000,82,X8015,00,2013831956,         0,2009828015
13PE03420,13,83,Z1957,64,K0000,82,X8015,00,2013831957,         0,2009828015
13PE03421,13,83,Z1958,82,X0000,11,R8381,00,2013831958,         0,2010118381
13PE03422,13,83,Z1959,82,X0000,11,R8381,00,2013831959,         0,2010118381
13PE03423,13,83,Z1960,83,Z0000,05,H6772,00,2013831960,         0,2011056772
13PE03424,13,83,Z1961,83,Z0000,05,H6772,00,2013831961,         0,2011056772
13PE03425,13,83,Z1962,83,Z0000,05,H6772,00,2013831962,         0,2011056772
13PE03426,13,83,Z1963,82,X0000,82,X8714,00,2013831963,         0,2010828714
13PE03427,13,83,Z1964,82,X0000,82,X8714,00,2013831964,         0,2010828714
13PE03428,13,83,Z1965,83,Z0785,83,Z0090,00,2013831965,2011830785,2011830090
13PE03429,13,83,Z1966,64,K0000,11,R7482,00,2013831966,         0,2009117482
13PE03430,13,83,Z1967,82,X0000,11,R8800,00,2013831967,         0,2011118800
13PE03431,13,83,Z1968,82,X0000,45,T3728,00,2013831968,         0,2011453728
13PE03432,13,83,Z1969,82,X0000,45,T3728,00,2013831969,         0,2011453728
13PE03433,13,83,Z1970,82,X0000,11,R8205,00,2013831970,         0,2010118205
13PE03434,13,83,Z1971,82,X0000,11,R8205,00,2013831971,         0,2010118205
13PE03435,13,83,Z1972,64,K0000,11,R7759,00,2013831972,         0,2009117759
13PE03436,13,83,Z1973,64,K0000,05,H7341,00,2013831973,         0,2011057341
13PE03437,13,83,Z1974,64,K0000,05,H7341,00,2013831974,         0,2011057341
13PE03438,13,83,Z1975,83,Z0785,83,Z0846,00,2013831975,2011830785,2011830846
13PE03439,13,83,Z1976,82,X0000,82,X8176,00,2013831976,         0,2009828176
13PE03440,13,83,Z1977,82,X0000,82,X8176,00,2013831977,         0,2009828176
13PE03441,13,83,Z1978,64,K0000,05,H5900,00,2013831978,         0,2010055900
13PE03442,13,83,Z1979,83,Z0000,11,R7536,00,2013831979,         0,2009117536
13PE03443,13,83,Z1980,83,Z0000,11,R7620,00,2013831980,         0,2009117620
13PE03444,13,83,Z1981,83,Z0000,11,R7620,00,2013831981,         0,2009117620
13PE03445,13,83,Z1982,64,K0000,11,R8002,00,2013831982,         0,2009118002
13PE03446,13,83,Z1983,64,K0000,11,R8002,00,2013831983,         0,2009118002
13PE03447,13,83,Z1984,82,X0000,70,L0045,00,2013831984,         0,2010700045
13PE03448,13,83,Z1985,82,X0000,70,L0045,00,2013831985,         0,2010700045
13PE03449,13,83,Z1986,82,X0000,11,R8397,00,2013831986,         0,2010118397
13PE03450,13,83,Z1987,82,X0000,11,R8734,00,2013831987,         0,2011118734
13PE03451,13,83,Z1988,82,X0000,11,R8734,00,2013831988,         0,2011118734
13PE03452,13,83,Z1989,82,X0000,05,H7006,00,2013831989,         0,2011057006
13PE03453,13,83,Z1990,82,X0000,05,H7006,00,2013831990,         0,2011057006
13PE03454,13,83,Z1991,82,X0000,45,T2813,00,2013831991,         0,2009452813
13PE03455,13,83,Z1992,82,X0000,45,T2813,00,2013831992,         0,2009452813
13PE03456,13,83,Z1993,82,X0000,83,Z0078,00,2013831993,         0,2011830078
13PE03457,13,83,Z1994,82,X0000,45,T2335,00,2013831994,         0,2008452335
13PE03458,13,83,Z1995,82,X0000,45,T2335,00,2013831995,         0,2008452335
13PE03459,13,83,Z1996,64,K0000,11,R9031,00,2013831996,         0,2011119031
13PE03460,13,83,Z1997,64,K0000,11,R9031,00,2013831997,         0,2011119031
13PE03461,13,83,Z1998,64,K0000,11,R8189,00,2013831998,         0,2010118189
13PE03462,13,83,Z1999,64,K0000,11,R8189,00,2013831999,         0,2010118189
13PE03463,13,83,Z2000,83,Z0000,11,R8133,00,2013832000,         0,2010118133
13PE03464,13,83,Z2001,83,Z0000,11,R8133,00,2013832001,         0,2010118133
13PE03465,13,83,Z2002,82,X0000,82,X9915,00,2013832002,         0,2011829915
13PE03466,13,83,Z2003,82,X0000,45,T0803,00,2013832003,         0,2006450803
13PE03467,13,83,Z2004,82,X0000,45,T0803,00,2013832004,         0,2006450803
13PE03468,13,83,Z2005,83,Z0000,05,H6900,00,2013832005,         0,2011056900
13PE03469,13,83,Z2006,82,X0000,70,L0326,00,2013832006,         0,2011700326
13PE03470,13,83,Z2007,82,X0000,70,L0326,00,2013832007,         0,2011700326
13PE03471,13,83,Z2008,83,Z0785,82,X8594,00,2013832008,2011830785,2010828594
13PE03472,13,83,Z2009,83,Z0785,82,X8594,00,2013832009,2011830785,2010828594
13PE03473,13,83,Z2010,82,X0000,11,R8394,00,2013832010,         0,2010118394
13PE03474,13,83,Z2011,00,Z1455,83,Z1148,97,2013832011,2012001455,2012831148
13PE03475,13,83,Z2012,00,Z1455,83,Z1148,97,2013832012,2012001455,2012831148
13PE03476,13,83,Z2013,05,H6587,83,Z1198,00,2013832013,2011056587,2012831198
13PE03477,13,83,Z2014,82,X0000,11,R8013,00,2013832014,         0,2009118013
13PE03478,13,83,Z2015,82,X0000,11,R8013,00,2013832015,         0,2009118013
13PE03479,13,83,Z2016,82,X0000,70,L0324,00,2013832016,         0,2011700324
13PE03480,13,83,Z2017,82,X0000,45,T3075,00,2013832017,         0,2010453075
13PE03481,13,83,Z2018,83,Z0785,82,X5454,00,2013832018,2011830785,2007825454
13PE03482,13,83,Z2019,83,Z0785,82,X5454,00,2013832019,2011830785,2007825454
13PE03483,13,83,Z2020,83,Z0785,82,X5454,00,2013832020,2011830785,2007825454
13PE03484,13,83,Z2021,82,X0000,83,Z0190,00,2013832021,         0,2011830190
13PE03485,13,83,Z2022,64,K0000,11,R8758,00,2013832022,         0,2011118758
13PE03486,13,83,Z2023,11,R6633,45,T2419,00,2013832023,2007116633,2009452419
13PE03487,13,83,Z2024,11,R6633,45,T2419,00,2013832024,2007116633,2009452419
13PE03488,13,83,Z2025,82,X0000,11,R7588,00,2013832025,         0,2009117588
13PE03489,13,83,Z2026,82,X0000,82,X3133,00,2013832026,         0,2006823133
13PE03490,13,83,Z2027,82,X0000,82,X3133,00,2013832027,         0,2006823133
13PE03491,13,83,Z2028,82,X8622,83,Z1057,CM,2013832028,2010828622,2012831057
13PE03492,13,83,Z2029,82,X0000,82,X9875,00,2013832029,         0,2011829875
13PE03493,13,83,Z2030,83,Z0785,45,T2164,00,2013832030,2011830785,2008452164
13PE03494,13,83,Z2031,83,Z0785,45,T2164,00,2013832031,2011830785,2008452164
13PE03495,13,83,Z2032,82,X0000,70,L0399,00,2013832032,         0,2011700399
13PE03496,13,83,Z2033,83,Z0000,11,R8249,00,2013832033,         0,2010118249
13PE03497,13,83,Z2034,82,X0000,05,H5319,00,2013832034,         0,2009055319
13PE03498,13,83,Z2035,00,Z1455,83,Z0880,97,2013832035,2012001455,2012830880
13PE03499,13,83,Z2036,83,Z0785,83,Z1108,00,2013832036,2011830785,2012831108
13PE03500,13,83,Z2037,82,X0000,64,K4834,00,2013832037,         0,2011644834
13PE03501,13,83,Z2038,82,X0000,64,K4834,00,2013832038,         0,2011644834
13PE03502,13,83,Z2039,00,K4924,82,X4450,CS,2013832039,2010004924,2007824450
13PE03503,13,83,Z2040,00,K4924,82,X4450,CS,2013832040,2010004924,2007824450
13PE03504,13,83,Z2041,82,X0000,45,T3562,00,2013832041,         0,2011453562
13PE03505,13,83,Z2042,82,X0000,45,T3562,00,2013832042,         0,2011453562
13PE03506,13,83,Z2043,11,R6633,82,X5870,00,2013832043,2007116633,2008825870
13PE03507,13,83,Z2044,11,R6633,82,X5870,00,2013832044,2007116633,2008825870
13PE03508,13,83,Z2045,82,X0000,45,T2192,00,2013832045,         0,2008452192
13PE03509,13,83,Z2046,82,X0000,45,T2192,00,2013832046,         0,2008452192
13PE03510,13,83,Z2047,82,X0000,05,H7377,00,2013832047,         0,2011057377
13PE03511,13,83,Z2048,00,Z1455,83,Z1042,97,2013832048,2012001455,2012831042
13PE03512,13,83,Z2049,11,R6633,82,X7647,00,2013832049,2007116633,2009827647
13PE03513,13,83,Z2050,11,R6633,82,X7647,00,2013832050,2007116633,2009827647
13PE03514,13,83,Z2051,82,X0000,45,T3738,00,2013832051,         0,2011453738
13PE03515,13,83,Z2052,82,X0000,11,R6465,00,2013832052,         0,2006116465
13PE03516,13,83,Z2053,82,X0000,11,R6465,00,2013832053,         0,2006116465
13PE03517,13,83,Z2054,11,R6633,82,X9953,00,2013832054,2007116633,2011829953
13PE03518,13,83,Z2055,11,R6633,82,X9953,00,2013832055,2007116633,2011829953
13PE03519,13,83,Z2056,83,Z0785,82,X8587,00,2013832056,2011830785,2010828587
13PE03520,13,83,Z2057,83,Z0785,82,X8587,00,2013832057,2011830785,2010828587
13PE03521,13,83,Z2058,82,X0000,82,X6292,00,2013832058,         0,2008826292
13PE03522,13,83,Z2059,82,X0000,45,T2533,00,2013832059,         0,2009452533
13PE03523,13,83,Z2060,82,X0000,45,T2533,00,2013832060,         0,2009452533
13PE03524,13,83,Z2061,00,Z1455,83,Z0884,97,2013832061,2012001455,2012830884
13PE03525,13,83,Z2062,00,Z1455,83,Z1115,97,2013832062,2012001455,2012831115
13PE03526,13,83,Z2063,83,Z0002,83,Z1061,CM,2013832063,2011830002,2012831061
13PE03527,13,83,Z2064,82,X0000,05,H6849,00,2013832064,         0,2011056849
13PE03528,13,83,Z2065,82,X0000,05,H6849,00,2013832065,         0,2011056849
13PE03529,13,83,Z2066,83,Z0785,45,T2418,00,2013832066,2011830785,2009452418
13PE03530,13,83,Z2067,00,Z1455,83,Z0950,97,2013832067,2012001455,2012830950
13PE03531,13,83,Z2068,11,R6633,82,X7427,00,2013832068,2007116633,2009827427
13PE03532,13,83,Z2069,11,R6633,82,X7427,00,2013832069,2007116633,2009827427
13PE03533,13,83,Z2070,82,X0000,45,T3428,00,2013832070,         0,2010453428
13PE03534,13,83,Z2071,82,X0000,45,T3428,00,2013832071,         0,2010453428
13PE03535,13,83,Z2072,82,X0000,11,R8548,00,2013832072,         0,2010118548
13PE03536,13,83,Z2073,82,X0000,11,R6552,00,2013832073,         0,2006116552
13PE03537,13,83,Z2074,82,X0000,11,R6552,00,2013832074,         0,2006116552
13PE03538,13,83,Z2075,82,X0000,11,R8341,00,2013832075,         0,2010118341
13PE03539,13,83,Z2076,82,X0000,11,R8341,00,2013832076,         0,2010118341
13PE03540,13,83,Z2077,82,X0000,05,H7162,00,2013832077,         0,2011057162
13PE03541,13,83,Z2078,82,X0000,45,T2923,00,2013832078,         0,2010452923
13PE03542,13,83,Z2079,82,X0000,45,T2923,00,2013832079,         0,2010452923
13PE03543,13,83,Z2080,82,X0000,11,R6693,00,2013832080,         0,2007116693
13PE03544,13,83,Z2081,82,X0000,11,R6693,00,2013832081,         0,2007116693
13PE03545,13,83,Z2082,00,Z1455,83,Z1124,97,2013832082,2012001455,2012831124
13PE03546,13,83,Z2083,82,X0000,11,R6298,00,2013832083,         0,2006116298
13PE03547,13,83,Z2084,82,X0000,11,R6298,00,2013832084,         0,2006116298
13PE03548,13,83,Z2085,82,X0000,11,R6298,00,2013832085,         0,2006116298
13PE03549,13,83,Z2086,82,X0000,05,H7205,00,2013832086,         0,2011057205
13PE03550,13,83,Z2087,82,X0000,05,H7205,00,2013832087,         0,2011057205
13PE03551,13,83,Z2088,00,K4924,82,X7431,CS,2013832088,2010004924,2009827431
13PE03552,13,83,Z2089,82,X0000,11,R8838,00,2013832089,         0,2011118838
13PE03553,13,83,Z2090,05,H6587,83,Z1071,BL,2013832090,2011056587,2012831071
13PE03554,13,83,Z2091,05,H6587,83,Z1071,BL,2013832091,2011056587,2012831071
13PE03555,13,83,Z2092,00,Z1455,83,Z1041,97,2013832092,2012001455,2012831041
13PE03556,13,83,Z2093,82,X0000,45,T3719,00,2013832093,         0,2011453719
13PE03557,13,83,Z2094,82,X0000,45,T3719,00,2013832094,         0,2011453719
13PE03558,13,83,Z2095,82,X0000,05,H5674,00,2013832095,         0,2010055674
13PE03559,13,83,Z2096,82,X0000,11,R8309,00,2013832096,         0,2010118309
13PE03560,13,83,Z2097,82,X0000,11,R6563,00,2013832097,         0,2006116563
13PE03561,13,83,Z2098,82,X0000,45,T3789,00,2013832098,         0,2011453789
13PE03562,13,83,Z2099,82,X0000,05,H6960,00,2013832099,         0,2011056960
13PE03563,13,83,Z2100,82,X0000,45,T0785,00,2013832100,         0,2006450785
13PE03564,13,83,Z2101,00,K4924,11,R7044,00,2013832101,2010004924,2007117044
13PE03565,13,83,Z2102,00,Z1455,83,Z1078,97,2013832102,2012001455,2012831078
13PE03566,13,83,Z2103,82,X0000,82,X9408,00,2013832103,         0,2010829408
13PE03567,13,83,Z2104,82,X0000,45,T3034,00,2013832104,         0,2010453034
13PE03568,13,83,Z2105,82,X0000,45,T3034,00,2013832105,         0,2010453034
13PE03569,13,83,Z2106,82,X0000,45,T3034,00,2013832106,         0,2010453034
13PE03570,13,83,Z2107,82,X0000,11,R6347,00,2013832107,         0,2006116347
13PE03571,13,83,Z2108,82,X0000,11,R6347,00,2013832108,         0,2006116347
13PE03572,13,83,Z2109,82,X0000,83,Z0751,00,2013832109,         0,2011830751
13PE03573,13,83,Z2110,82,X0000,45,T3252,00,2013832110,         0,2010453252
13PE03574,13,83,Z2111,82,X0000,45,T3252,00,2013832111,         0,2010453252
13PE03575,13,83,Z2112,11,R6633,64,K3939,00,2013832112,2007116633,2007643939
13PE03576,13,83,Z2113,82,X0000,11,R7732,00,2013832113,         0,2009117732
13PE03577,13,83,Z2114,82,X0000,11,R8658,00,2013832114,         0,2011118658
13PE03578,13,83,Z2115,82,X0000,11,R8658,00,2013832115,         0,2011118658
13PE03579,13,83,Z2116,82,X0000,45,T3930,00,2013832116,         0,2011453930
13PE03580,13,83,Z2117,64,K0000,05,H3022,33,2013832117,         0,2007053022
13PE03581,13,83,Z2118,64,K0000,05,H3022,33,2013832118,         0,2007053022
13PE03582,13,83,Z2119,64,K0000,05,H4017,33,2013832119,         0,2008054017
13PE03583,13,83,Z2120,64,K0000,05,H4017,33,2013832120,         0,2008054017
13PE03584,13,83,Z2121,64,K0000,05,H4017,33,2013832121,         0,2008054017
13PE03585,13,83,Z2122,82,X0000,83,Z1358,00,2013832122,         0,2012831358
13PE03586,13,83,Z2123,82,X0000,83,Z0394,00,2013832123,         0,2011830394
13PE03587,13,83,Z2124,82,X0000,83,Z0394,00,2013832124,         0,2011830394
13PE03588,13,83,Z2125,82,X0000,83,Z0670,00,2013832125,         0,2011830670
13PE03589,13,83,Z2126,82,X0000,83,Z0670,00,2013832126,         0,2011830670
13PE03590,13,83,Z2127,82,X0000,83,Z0670,00,2013832127,         0,2011830670
13PE03591,13,83,Z2128,82,X0000,05,H2998,00,2013832128,         0,2007052998
13PE03592,13,83,Z2129,82,X0000,05,H2998,00,2013832129,         0,2007052998
13PE03593,13,83,Z2130,82,X0000,05,H2429,00,2013832130,         0,2006052429
13PE03594,13,83,Z2131,82,X0000,05,H2429,00,2013832131,         0,2006052429
13PE03595,13,83,Z2132,82,X0000,05,H2429,00,2013832132,         0,2006052429
13PE03596,13,83,Z2133,82,X0000,83,Z0674,00,2013832133,         0,2011830674
13PE03597,13,83,Z2134,82,X0000,83,Z0449,00,2013832134,         0,2011830449
13PE03598,13,83,Z2135,82,X0000,83,Z0449,00,2013832135,         0,2011830449
13PE03599,13,83,Z2136,82,X0000,82,X9507,00,2013832136,         0,2010829507
13PE03600,13,83,Z2137,82,X0000,82,X9507,00,2013832137,         0,2010829507
13PE03601,13,83,Z2138,82,X0000,83,Z0563,00,2013832138,         0,2011830563
13PE03602,13,83,Z2139,82,X0000,83,Z0563,00,2013832139,         0,2011830563
13PE03603,13,83,Z2140,64,K0000,05,H4331,33,2013832140,         0,2008054331
13PE03604,13,83,Z2141,64,K0000,05,H4331,33,2013832141,         0,2008054331
13PE03605,13,83,Z2142,64,K0000,05,H4331,33,2013832142,         0,2008054331
13PE03606,13,83,Z2143,64,K0000,05,H4490,33,2013832143,         0,2008054490
13PE03607,13,83,Z2144,82,X0000,05,H3044,00,2013832144,         0,2007053044
13PE03608,13,83,Z2145,82,X0000,05,H3044,00,2013832145,         0,2007053044
13PE03609,13,83,Z2146,82,X0000,05,H3044,00,2013832146,         0,2007053044
13PE03610,13,83,Z2147,82,X0000,83,Z0316,00,2013832147,         0,2011830316
13PE03611,13,83,Z2148,82,X0000,83,Z0514,00,2013832148,         0,2011830514
13PE03612,13,83,Z2149,82,X0000,83,Z0514,00,2013832149,         0,2011830514
13PE03613,13,83,Z2150,82,X0000,83,Z0420,00,2013832150,         0,2011830420
13PE03614,13,83,Z2151,82,X0000,83,Z0420,00,2013832151,         0,2011830420
13PE03615,13,83,Z2152,82,X0000,83,Z0619,00,2013832152,         0,2011830619
13PE03616,13,83,Z2153,82,X0000,83,Z0619,00,2013832153,         0,2011830619
13PE03617,13,83,Z2154,82,X0000,83,Z0595,00,2013832154,         0,2011830595
13PE03618,13,83,Z2155,82,X0000,82,X8962,00,2013832155,         0,2010828962
13PE03619,13,83,Z2156,82,X0000,82,X8962,00,2013832156,         0,2010828962
13PE03620,13,83,Z2157,82,X0000,83,Z0476,00,2013832157,         0,2011830476
13PE03621,13,83,Z2158,82,X0000,83,Z0476,00,2013832158,         0,2011830476
13PE03622,13,83,Z2159,82,X0000,83,Z0625,00,2013832159,         0,2011830625
13PE03623,13,83,Z2160,82,X0000,83,Z0712,00,2013832160,         0,2011830712
13PE03624,13,83,Z2161,82,X0000,83,Z0712,00,2013832161,         0,2011830712
13PE03625,13,83,Z2162,82,X0000,83,Z0665,00,2013832162,         0,2011830665
13PE03626,13,83,Z2163,82,X0000,82,X9431,00,2013832163,         0,2010829431
13PE03627,13,83,Z2164,82,X0000,82,X9431,00,2013832164,         0,2010829431
13PE03628,13,83,Z2165,64,K0000,05,H3437,33,2013832165,         0,2007053437
13PE03629,13,83,Z2166,64,K0000,05,H3437,33,2013832166,         0,2007053437
13PE03630,13,83,Z2167,64,K0000,05,H2439,33,2013832167,         0,2006052439
13PE03631,13,83,Z2168,64,K0000,05,H2439,33,2013832168,         0,2006052439
13PE03632,13,83,Z2169,64,K0000,05,H2439,33,2013832169,         0,2006052439
13PE03633,13,83,Z2170,82,X0000,45,T3772,00,2013832170,         0,2011453772
13PE03634,13,83,Z2171,82,X0000,45,T3678,00,2013832171,         0,2011453678
13PE03635,13,83,Z2172,64,K0000,05,H3425,33,2013832172,         0,2007053425
13PE03636,13,83,Z2173,64,K0000,05,H3425,33,2013832173,         0,2007053425
13PE03637,13,83,Z2174,82,X0000,83,Z0673,00,2013832174,         0,2011830673
13PE03638,13,83,Z2175,82,X0000,83,Z0673,00,2013832175,         0,2011830673
13PE03639,13,83,Z2176,82,X0000,83,Z0705,00,2013832176,         0,2011830705
13PE03640,13,83,Z2177,64,K0000,05,H2245,33,2013832177,         0,2006052245
13PE03641,13,83,Z2178,64,K0000,05,H2245,33,2013832178,         0,2006052245
13PE03642,13,83,Z2179,64,K0000,05,H2245,33,2013832179,         0,2006052245
13PE03643,13,83,Z2180,82,X0000,05,H2805,00,2013832180,         0,2006052805
13PE03644,13,83,Z2181,82,X0000,05,H2805,00,2013832181,         0,2006052805
13PE03645,13,83,Z2182,64,K0000,05,H4093,33,2013832182,         0,2008054093
13PE03646,13,83,Z2183,64,K0000,05,H4093,33,2013832183,         0,2008054093
13PE03647,13,83,Z2184,64,K0000,05,H2210,33,2013832184,         0,2006052210
13PE03648,13,83,Z2185,64,K0000,05,H2210,33,2013832185,         0,2006052210
13PE03649,13,83,Z2186,64,K0000,05,H2210,33,2013832186,         0,2006052210
13PE03650,13,83,Z2187,64,K0000,05,H3708,33,2013832187,         0,2007053708
13PE03651,13,83,Z2188,64,K0000,05,H3708,33,2013832188,         0,2007053708
13PE03652,13,83,Z2189,64,K0000,05,H1809,33,2013832189,         0,2005051809
13PE03653,13,83,Z2190,64,K0000,05,H1809,33,2013832190,         0,2005051809
13PE03654,13,83,Z2191,64,K0000,05,H3225,33,2013832191,         0,2007053225
13PE03655,13,83,Z2192,64,K0000,05,H3225,33,2013832192,         0,2007053225
13PE03656,13,83,Z2193,82,X0000,83,Z0517,00,2013832193,         0,2011830517
13PE03657,13,83,Z2194,82,X0000,83,Z0448,00,2013832194,         0,2011830448
13PE03658,13,83,Z2195,82,X0000,83,Z0448,00,2013832195,         0,2011830448
13PE03659,13,83,Z2196,82,X0000,83,Z1026,00,2013832196,         0,2012831026
13PE03660,13,83,Z2197,82,X0000,83,Z1375,00,2013832197,         0,2012831375
13PE03661,13,83,Z2198,82,X0000,45,T3541,00,2013832198,         0,2011453541
13PE03662,13,83,Z2199,82,X0000,05,H2460,00,2013832199,         0,2006052460
13PE03663,13,83,Z2200,82,X0000,05,H2460,00,2013832200,         0,2006052460
13PE03664,13,83,Z2201,82,X0000,05,H2460,00,2013832201,         0,2006052460
13PE03665,13,83,Z2202,64,K0000,05,H3622,33,2013832202,         0,2007053622
13PE03666,13,83,Z2203,64,K0000,05,H3622,33,2013832203,         0,2007053622
13PE03667,13,83,Z2204,64,K0000,05,H1585,33,2013832204,         0,2005051585
13PE03668,13,83,Z2205,64,K0000,05,H1585,33,2013832205,         0,2005051585
13PE03669,13,83,Z2206,82,X0000,83,Z0572,00,2013832206,         0,2011830572
13PE03670,13,83,Z2207,82,X0000,82,X8982,00,2013832207,         0,2010828982
13PE03671,13,83,Z2208,82,X0000,82,X8982,00,2013832208,         0,2010828982
13PE03672,13,83,Z2209,82,X0000,83,Z0480,00,2013832209,         0,2011830480
13PE03673,13,83,Z2210,82,X0000,05,H2625,00,2013832210,         0,2006052625
13PE03674,13,83,Z2211,82,X0000,05,H2985,00,2013832211,         0,2007052985
13PE03675,13,83,Z2212,82,X0000,05,H2985,00,2013832212,         0,2007052985
13PE03676,13,83,Z2213,82,X0000,83,Z0436,00,2013832213,         0,2011830436
13PE03677,13,83,Z2214,82,X0000,83,Z0436,00,2013832214,         0,2011830436
13PE03678,13,83,Z2215,82,X0000,05,H2623,00,2013832215,         0,2006052623
13PE03679,13,83,Z2216,82,X0000,05,H2623,00,2013832216,         0,2006052623
13PE03680,13,83,Z2217,82,X0000,83,Z0421,00,2013832217,         0,2011830421
13PE03681,13,83,Z2218,82,X0000,83,Z0421,00,2013832218,         0,2011830421
13PE03682,13,83,Z2219,82,X0000,83,Z0637,00,2013832219,         0,2011830637
13PE03683,13,83,Z2220,82,X0000,83,Z0637,00,2013832220,         0,2011830637
13PE03684,13,83,Z2221,82,X0000,45,T3587,00,2013832221,         0,2011453587
13PE03685,13,83,Z2222,64,K0000,05,H3981,33,2013832222,         0,2008053981
13PE03686,13,83,Z2223,64,K0000,05,H3981,33,2013832223,         0,2008053981
13PE03687,13,83,Z2224,64,K0000,05,H3812,33,2013832224,         0,2008053812
13PE03688,13,83,Z2225,64,K0000,05,H3812,33,2013832225,         0,2008053812
13PE03689,13,83,Z2226,64,K0000,05,H3812,33,2013832226,         0,2008053812
13PE03690,13,83,Z2227,82,X0000,82,X8941,00,2013832227,         0,2010828941
13PE03691,13,83,Z2228,82,X0000,83,Z0577,00,2013832228,         0,2011830577
13PE03692,13,83,Z2229,82,X0000,83,Z0577,00,2013832229,         0,2011830577
13PE03693,13,83,Z2230,82,X0000,45,T3679,00,2013832230,         0,2011453679
13PE03694,13,83,Z2231,64,K0000,05,H3458,33,2013832231,         0,2007053458
13PE03695,13,83,Z2232,64,K0000,05,H1747,33,2013832232,         0,2005051747
13PE03696,13,83,Z2233,64,K0000,05,H1747,33,2013832233,         0,2005051747
13PE03697,13,83,Z2234,82,X0000,83,Z0317,00,2013832234,         0,2011830317
13PE03698,13,83,Z2235,82,X0000,05,H2987,00,2013832235,         0,2007052987
13PE03699,13,83,Z2236,82,X0000,05,H2987,00,2013832236,         0,2007052987
13PE03700,13,83,Z2237,82,X0000,05,H2825,00,2013832237,         0,2006052825
13PE03701,13,83,Z2238,64,K0000,05,H3146,33,2013832238,         0,2007053146
13PE03702,13,83,Z2239,64,K0000,05,H3146,33,2013832239,         0,2007053146
13PE03703,13,83,Z2240,64,K0000,05,H3146,33,2013832240,         0,2007053146
13PE03704,13,83,Z2241,64,K0000,05,H3146,33,2013832241,         0,2007053146
13PE03705,13,83,Z2242,64,K0000,05,H2097,33,2013832242,         0,2005052097
13PE03706,13,83,Z2243,64,K0000,05,H2097,33,2013832243,         0,2005052097
13PE03707,13,83,Z2244,82,X0000,83,Z0669,00,2013832244,         0,2011830669
13PE03708,13,83,Z2245,82,X0000,05,H2810,00,2013832245,         0,2006052810
13PE03709,13,83,Z2246,82,X0000,45,T4030,00,2013832246,         0,2011454030
13PE03710,13,83,Z2247,82,X0000,45,T3815,00,2013832247,         0,2011453815
13PE03711,13,83,Z2248,82,X0000,45,T3815,00,2013832248,         0,2011453815
13PE03712,13,83,Z2249,64,K0000,05,H1610,33,2013832249,         0,2005051610
13PE03713,13,83,Z2250,64,K0000,05,H3649,33,2013832250,         0,2007053649
13PE03714,13,83,Z2251,64,K0000,05,H3649,33,2013832251,         0,2007053649
