UID,LAMB,SIRE,DAM
51PE00001,51113587,49000000,49112985
51PE00002,51140306,49000000,49130213
51PE00003,51406282,49000000,48404346
51PE00004,51406144,49000000,48404352
51PE00005,51406145,49000000,48404352
51PE00006,51406124,49000000,48404419
51PE00007,51406125,49000000,48404419
51PE00008,51406506,49000000,49404492
51PE00009,51406513,49000000,49404770
51PE00010,51406569,49000000,49404845
51PE00011,51406366,49000000,49404909
51PE00012,51406558,49000000,49405057
51PE00013,51406559,49000000,49405057
51PE00014,51406239,49000000,44480248
51PE00015,51406619,49000000,44480254
51PE00016,51406620,49000000,44480254
51PE00017,51406445,49000000,44480288
51PE00018,51406446,49000000,44480288
51PE00019,51406054,49000000,44480366
51PE00020,51406055,49000000,44480366
51PE00021,51406349,49000000,45480422
51PE00022,51406350,49000000,45480422
51PE00023,51406320,49000000,45480424
51PE00024,51406321,49000000,45480424
51PE00025,51406507,49000000,45480547
51PE00026,51406508,49000000,45480547
51PE00027,51406472,49000000,45480689
51PE00028,51406614,49000000,45480690
51PE00029,51406615,49000000,45480690
51PE00030,51405949,49000000,46480809
51PE00031,51406270,49000000,46480828
51PE00032,51406271,49000000,46480828
51PE00033,51406068,49000000,46481000
51PE00034,51406069,49000000,46481000
51PE00035,51406489,49000000,46481017
51PE00036,51406490,49000000,46481017
51PE00037,51406352,49000000,47481129
51PE00038,51406353,49000000,47481129
51PE00039,51406111,49000000,47481145
51PE00040,51406112,49000000,47481145
51PE00041,51176882,49170000,48112522
51PE00042,51176879,49170000,49112791
51PE00043,51176864,49170000,49112973
51PE00044,51176865,49170000,49130104
51PE00045,51176878,49170000,49130295
51PE00046,51176888,49170000,49130316
51PE00047,51176891,49170000,49130547
51PE00048,51176889,49170000,49130590
51PE00049,51176871,49170000,49130620
51PE00050,51176880,49170000,49130685
51PE00051,51176890,49170000,44136395
51PE00052,51176896,49170000,44136564
51PE00053,51176873,49170000,45137121
51PE00054,51176894,49170000,45137642
51PE00055,51176895,49170000,45137642
51PE00056,51176872,49170000,46137879
51PE00057,51176868,49170000,47138574
51PE00058,51176899,49170000,47138761
51PE00059,51176892,49170000,47138873
51PE00060,51176887,49170000,47138906
51PE00061,51176876,49170000,47138907
51PE00062,51176883,49170000,48139267
51PE00063,51176884,49170000,48139267
51PE00064,51140352,49170000,48139311
51PE00065,51176867,49170000,48139346
51PE00066,51176875,49170000,48139554
51PE00067,51176866,49170000,48139680
51PE00068,51176893,49170000,48139864
51PE00069,51176863,49170000,49139994
51PE00070,51176874,49170000,48175830
51PE00071,51176881,49170000,49175958
51PE00072,51481773,49170000,45814330
51PE00073,51131772,47910109,49130099
51PE00074,51140327,47910109,49130155
51PE00075,51131489,47910109,49130284
51PE00076,51140004,47910109,49130286
51PE00077,51131702,47910109,49130297
51PE00078,51131487,47910109,44136234
51PE00079,51140038,47910109,44136383
51PE00080,51140039,47910109,44136383
51PE00081,51131765,47910109,45137028
51PE00082,51131766,47910109,45137028
51PE00083,51131972,47910109,45137513
51PE00084,51131973,47910109,45137513
51PE00085,51131818,47910109,46137972
51PE00086,51140090,47910109,46138032
51PE00087,51140159,47910109,46138106
51PE00088,51140160,47910109,46138106
51PE00089,51131516,47910109,46138160
51PE00090,51131517,47910109,46138160
51PE00091,51140098,47910109,46138168
51PE00092,51131799,47910109,47138551
51PE00093,51131800,47910109,47138551
51PE00094,51140215,47910109,47138744
51PE00095,51131656,47910109,47138745
51PE00096,51131620,47910109,47138786
51PE00097,51131621,47910109,47138786
51PE00098,51131510,47910109,47138894
51PE00099,51140120,47910109,48139195
51PE00100,51131494,47910109,48139205
51PE00101,51131495,47910109,48139205
51PE00102,51131978,47910109,48139217
51PE00103,51131541,47910109,48139313
51PE00104,51131553,47910109,48139365
51PE00105,51131586,47910109,48139411
51PE00106,51131587,47910109,48139411
51PE00107,51131974,47910109,48139420
51PE00108,51131975,47910109,48139420
51PE00109,51131522,47910109,48139489
51PE00110,51131523,47910109,48139489
51PE00111,51140056,47910109,48139500
51PE00112,51140057,47910109,48139500
51PE00113,51131557,47910109,48139646
51PE00114,51131636,47910109,48139752
51PE00115,51131637,47910109,48139752
51PE00116,51140015,47910109,48139753
51PE00117,51140233,47910109,48139813
51PE00118,51131916,47910109,49139976
51PE00119,51113522,47112232,44111486
51PE00120,51113523,47112232,44111486
51PE00121,51113605,47112232,46112129
51PE00122,51113513,47112232,47112238
51PE00123,51113403,47112232,48112579
51PE00124,51113568,47112232,49112845
51PE00125,51176677,47112232,45137766
51PE00126,51176678,47112232,45137766
51PE00127,51176835,47112232,44174437
51PE00128,51176836,47112232,44174437
51PE00129,51176806,47112232,48175644
51PE00130,51176807,47112232,48175644
51PE00131,51176746,47112232,49175976
51PE00132,51113594,47112362,45111771
51PE00133,51113469,47112362,47112295
51PE00134,51113470,47112362,47112295
51PE00135,51113312,47112362,48112510
51PE00136,51113459,47112362,48112612
51PE00137,51113460,47112362,48112612
51PE00138,51113395,47112362,48112726
51PE00139,51113364,47112362,49112833
51PE00140,51176826,47112362,47175457
51PE00141,51176827,47112362,47175457
51PE00142,51176861,47112362,48175615
51PE00143,51176853,47112362,48175759
51PE00144,51113597,47112401,42110974
51PE00145,51113426,47112401,47112384
51PE00146,51113533,47112401,48112526
51PE00147,51113368,47112401,49112832
51PE00148,51176644,47112401,43174314
51PE00149,51176645,47112401,43174314
51PE00150,51176772,47112401,47175539
51PE00151,51176672,47112401,48175606
51PE00152,51176843,47112401,48175700
51PE00153,51176664,47112401,49176061
51PE00154,51113492,48112594,42111084
51PE00155,51113452,48112594,47112260
51PE00156,51113335,48112594,47112348
51PE00157,51113592,48112594,47112398
51PE00158,51113593,48112594,47112398
51PE00159,51113438,48112594,47112434
51PE00160,51113465,48112594,48112555
51PE00161,51113466,48112594,48112555
51PE00162,51113570,48112594,48112648
51PE00163,51113341,48112594,49112794
51PE00164,51113342,48112594,49112794
51PE00165,51113511,48112594,49112811
51PE00166,51113512,48112594,49112811
51PE00167,51113534,48112594,49113019
51PE00168,51140122,48112594,49130270
51PE00169,51131903,48112594,49130309
51PE00170,51140308,48112594,49130548
51PE00171,51140163,48112594,44136711
51PE00172,51131897,48112594,45137346
51PE00173,51131509,48112594,46137861
51PE00174,51131839,48112594,46138142
51PE00175,51131840,48112594,46138142
51PE00176,51131777,48112594,47138977
51PE00177,51131778,48112594,47138977
51PE00178,51131900,48112594,48139469
51PE00179,51131910,48112594,48139520
51PE00180,51131911,48112594,48139520
51PE00181,51140112,48112594,48139797
51PE00182,51176901,48112594,47138875
51PE00183,51101536,48112594,47138765
51PE00184,51101549,48112594,48139624
51PE00185,51113402,48112744,43111225
51PE00186,51113349,48112744,44111517
51PE00187,51113350,48112744,44111517
51PE00188,51113503,48112744,45111860
51PE00189,51113558,48112744,45111876
51PE00190,51113559,48112744,45111876
51PE00191,51113488,48112744,46112003
51PE00192,51113489,48112744,46112003
51PE00193,51113355,48112744,46112061
51PE00194,51113356,48112744,46112061
51PE00195,51113549,48112744,47112277
51PE00196,51113550,48112744,47112277
51PE00197,51113346,48112744,47112342
51PE00198,51113343,48112744,47112446
51PE00199,51113365,48112744,48112568
51PE00200,51113560,48112744,48112580
51PE00201,51113432,48112744,48112643
51PE00202,51113433,48112744,48112643
51PE00203,51113555,48112744,49112815
51PE00204,51113394,48112744,49112966
51PE00205,51113589,48112744,49112995
51PE00206,51113531,48112744,49113030
51PE00207,51140296,48112744,49130067
51PE00208,51140084,48112744,49130405
51PE00209,51140278,48112744,49130694
51PE00210,51131759,48112744,43135555
51PE00211,51131760,48112744,43135555
51PE00212,51131985,48112744,46137980
51PE00213,51140170,48112744,47138545
51PE00214,51140171,48112744,47138545
51PE00215,51140347,48112744,47139023
51PE00216,51131947,48112744,48139292
51PE00217,51131948,48112744,48139292
51PE00218,51140123,48112744,48139521
51PE00219,51140124,48112744,48139521
51PE00220,51131650,48112744,49139970
51PE00221,51113566,49112771,43111211
51PE00222,51113567,49112771,43111211
51PE00223,51113532,49112771,44111459
51PE00224,51113471,49112771,44111604
51PE00225,51113472,49112771,44111604
51PE00226,51113366,49112771,45111701
51PE00227,51113367,49112771,45111701
51PE00228,51113580,49112771,45111713
51PE00229,51113581,49112771,45111713
51PE00230,51113547,49112771,46111979
51PE00231,51113548,49112771,46111979
51PE00232,51113407,49112771,46111996
51PE00233,51113408,49112771,46111996
51PE00234,51113524,49112771,46112020
51PE00235,51113525,49112771,46112020
51PE00236,51113334,49112771,46112021
51PE00237,51113539,49112771,46112060
51PE00238,51113540,49112771,46112060
51PE00239,51113305,49112771,46112127
51PE00240,51113306,49112771,46112127
51PE00241,51113414,49112771,47112230
51PE00242,51113415,49112771,47112230
51PE00243,51113545,49112771,47112237
51PE00244,51113546,49112771,47112237
51PE00245,51113371,49112771,47112241
51PE00246,51113372,49112771,47112241
51PE00247,51113467,49112771,47112247
51PE00248,51113468,49112771,47112247
51PE00249,51113313,49112771,47112299
51PE00250,51113314,49112771,47112299
51PE00251,51113557,49112771,47112365
51PE00252,51113500,49112771,47112386
51PE00253,51113501,49112771,47112386
51PE00254,51113461,49112771,47112433
51PE00255,51113462,49112771,47112433
51PE00256,51113307,49112771,48112518
51PE00257,51113294,49112771,48112571
51PE00258,51113392,49112771,48112687
51PE00259,51113308,49112771,48112709
51PE00260,51113387,49112771,48112721
51PE00261,51113475,49112771,49112773
51PE00262,51113473,49112771,49112847
51PE00263,51113427,49112771,49112868
51PE00264,51113332,49112771,49112901
51PE00265,51113542,49112771,42110962
51PE00266,51113520,49112781,43111173
51PE00267,51113521,49112781,43111173
51PE00268,51113344,49112781,44111431
51PE00269,51113345,49112781,44111431
51PE00270,51113380,49112781,45111727
51PE00271,51113315,49112781,45111731
51PE00272,51113316,49112781,45111731
51PE00273,51113505,49112781,45111745
51PE00274,51113506,49112781,45111745
51PE00275,51113309,49112781,45111755
51PE00276,51113339,49112781,45111828
51PE00277,51113340,49112781,45111828
51PE00278,51113535,49112781,45111839
51PE00279,51113297,49112781,46111972
51PE00280,51113409,49112781,46111999
51PE00281,51113382,49112781,46112036
51PE00282,51113383,49112781,46112036
51PE00283,51113413,49112781,47112220
51PE00284,51113391,49112781,47112259
51PE00285,51113424,49112781,47112369
51PE00286,51113425,49112781,47112369
51PE00287,51113541,49112781,47112470
51PE00288,51113518,49112781,48112500
51PE00289,51113325,49112781,48112516
51PE00290,51113379,49112781,48112551
51PE00291,51113514,49112781,48112585
51PE00292,51113515,49112781,48112585
51PE00293,51113463,49112781,48112625
51PE00294,51113464,49112781,48112625
51PE00295,51113318,49112781,48112626
51PE00296,51113430,49112781,48112649
51PE00297,51113431,49112781,48112649
51PE00298,51113599,49112781,48112731
51PE00299,51113292,49112781,49112799
51PE00300,51113310,49112781,49112824
51PE00301,51113454,49112781,49112828
51PE00302,51113510,49112781,49112913
51PE00303,51113563,49112781,49112918
51PE00304,51113399,49112781,49112939
51PE00305,51113400,49112781,49112939
51PE00306,51113412,49112781,49112994
51PE00307,51113389,49112781,49113006
51PE00308,51176761,49112781,44174456
51PE00309,51176762,49112781,44174456
51PE00310,51176577,49112781,47175505
51PE00311,51176713,49112781,48175710
51PE00312,51176558,49112781,48175817
51PE00313,51176559,49112781,48175817
51PE00314,51176552,49112781,49176100
51PE00315,51113564,49112793,45111744
51PE00316,51113565,49112793,45111744
51PE00317,51113351,49112793,46112102
51PE00318,51113352,49112793,46112102
51PE00319,51113397,49112793,47112407
51PE00320,51113398,49112793,47112407
51PE00321,51113496,49112793,48112714
51PE00322,51113497,49112793,48112714
51PE00323,51113529,49112793,49112987
51PE00324,51176657,49112793,45137765
51PE00325,51176658,49112793,45137765
51PE00326,51176779,49112793,48175571
51PE00327,51176675,49112793,48175779
51PE00328,51113326,49112822,45111704
51PE00329,51113504,49112822,45111898
51PE00330,51113474,49112822,47112418
51PE00331,51113291,49112822,48112677
51PE00332,51113610,49112822,49112768
51PE00333,51176785,49112822,43173986
51PE00334,51176786,49112822,43173986
51PE00335,51176648,49112822,48175732
51PE00336,51176565,49112822,48175804
51PE00337,51176566,49112822,48175804
51PE00338,51176689,49112822,48175910
51PE00339,51176597,49112822,49176009
51PE00340,51113478,49112837,43111191
51PE00341,51113486,49112837,44111537
51PE00342,51113487,49112837,44111537
51PE00343,51113453,49112837,44111609
51PE00344,51113602,49112837,45111718
51PE00345,51113396,49112837,45111820
51PE00346,51113569,49112837,46111982
51PE00347,51113322,49112837,46112037
51PE00348,51113323,49112837,46112037
51PE00349,51113348,49112837,46112107
51PE00350,51113363,49112837,46112135
51PE00351,51113435,49112837,46112146
51PE00352,51113336,49112837,46112202
51PE00353,51113381,49112837,47112219
51PE00354,51113317,49112837,47112229
51PE00355,51113411,49112837,47112242
51PE00356,51113494,49112837,47112320
51PE00357,51113429,49112837,47112410
51PE00358,51113536,49112837,48112494
51PE00359,51113333,49112837,48112520
51PE00360,51113376,49112837,48112577
51PE00361,51113369,49112837,48112634
51PE00362,51113370,49112837,48112634
51PE00363,51113509,49112837,48112635
51PE00364,51113442,49112837,48112636
51PE00365,51113374,49112837,48112678
51PE00366,51113375,49112837,48112678
51PE00367,51113441,49112837,48112711
51PE00368,51113543,49112837,49112906
51PE00369,51113601,49112837,49112919
51PE00370,51113604,49112837,49112943
51PE00371,51113360,49112837,49112968
51PE00372,51113591,49112837,49112971
51PE00373,51113507,49112842,45111661
51PE00374,51113551,49112842,46112055
51PE00375,51113443,49112842,46112057
51PE00376,51113516,49112842,47112417
51PE00377,51113517,49112842,47112417
51PE00378,51113405,49112842,47112455
51PE00379,51113406,49112842,47112455
51PE00380,51113582,49112842,48112638
51PE00381,51113583,49112842,48112638
51PE00382,51113479,49112842,48112639
51PE00383,51113495,49112842,49112849
51PE00384,51113390,49112842,49112899
51PE00385,51131996,49112842,49130687
51PE00386,51131901,49112842,42135189
51PE00387,51140064,49112842,44136338
51PE00388,51131634,49112842,45137180
51PE00389,51131635,49112842,45137180
51PE00390,51140162,49112842,46138237
51PE00391,51131797,49112842,46138495
51PE00392,51131798,49112842,46138495
51PE00393,51131665,49112842,47138613
51PE00394,51131666,49112842,47138613
51PE00395,51140119,49112842,48139224
51PE00396,51131763,49112842,48139648
51PE00397,51131764,49112842,48139648
51PE00398,51140142,49112842,48139814
51PE00399,51113293,49112893,45111692
51PE00400,51113422,49112893,46112173
51PE00401,51113423,49112893,46112173
51PE00402,51113327,49112893,48112523
51PE00403,51113328,49112893,48112523
51PE00404,51176690,49112893,45137547
51PE00405,51176716,49112893,48175576
51PE00406,51176717,49112893,48175576
51PE00407,51176728,49112893,48175734
51PE00408,51176794,49112893,49175937
51PE00409,51113603,49112903,43111297
51PE00410,51113302,49112903,44111484
51PE00411,51113303,49112903,44111484
51PE00412,51113457,49112903,44111523
51PE00413,51113458,49112903,44111523
51PE00414,51113484,49112903,45111764
51PE00415,51113485,49112903,45111764
51PE00416,51113556,49112903,45111827
51PE00417,51113436,49112903,45111838
51PE00418,51113437,49112903,45111838
51PE00419,51113575,49112903,45111872
51PE00420,51113576,49112903,45111872
51PE00421,51113295,49112903,46112088
51PE00422,51113296,49112903,46112088
51PE00423,51113561,49112903,46112131
51PE00424,51113571,49112903,47112267
51PE00425,51113572,49112903,47112267
51PE00426,51113447,49112903,47112337
51PE00427,51113448,49112903,47112337
51PE00428,51113596,49112903,47112441
51PE00429,51113562,49112903,48112538
51PE00430,51113482,49112903,48112546
51PE00431,51113483,49112903,48112546
51PE00432,51113519,49112903,48112575
51PE00433,51113386,49112903,48112651
51PE00434,51113311,49112903,48112655
51PE00435,51113434,49112903,48112728
51PE00436,51113607,49112903,49112770
51PE00437,51113331,49112903,49112792
51PE00438,51113324,49112903,49112877
51PE00439,51113378,49112903,49112879
51PE00440,51113362,49112903,49113018
51PE00441,51113304,49112903,49113040
51PE00442,51176684,49112903,44174485
51PE00443,51176685,49112903,44174485
51PE00444,51176686,49112903,44174485
51PE00445,51176567,49112903,47175479
51PE00446,51176568,49112903,47175479
51PE00447,51176569,49112903,48175590
51PE00448,51176570,49112903,48175590
51PE00449,51176532,49112903,48175800
51PE00450,51176533,49112903,48175800
51PE00451,51176601,49112903,49176167
51PE00452,51113588,49112990,43111298
51PE00453,51113439,49112990,44111630
51PE00454,51113537,49112990,46112005
51PE00455,51113538,49112990,46112005
51PE00456,51113440,49112990,46112207
51PE00457,51113477,49112990,47112228
51PE00458,51113499,49112990,47112253
51PE00459,51113481,49112990,47112261
51PE00460,51113337,49112990,47112284
51PE00461,51113584,49112990,47112307
51PE00462,51113493,49112990,47112428
51PE00463,51113329,49112990,47112462
51PE00464,51113330,49112990,47112462
51PE00465,51113418,49112990,47112473
51PE00466,51113347,49112990,48112554
51PE00467,51113377,49112990,48112573
51PE00468,51113502,49112990,48112590
51PE00469,51113585,49112990,48112603
51PE00470,51113578,49112990,48112608
51PE00471,51113579,49112990,48112608
51PE00472,51113590,49112990,48112720
51PE00473,51113428,49112990,48112752
51PE00474,51113455,49112990,49112758
51PE00475,51113611,49112990,49112775
51PE00476,51113451,49112990,49112790
51PE00477,51113359,49112990,49112854
51PE00478,51113528,49112990,49112856
51PE00479,51113393,49112990,49112859
51PE00480,51113385,49112990,49112902
51PE00481,51113401,49112990,49112920
51PE00482,51113530,49112990,49112933
51PE00483,51113361,49112990,49112942
51PE00484,51113480,49112990,49112946
51PE00485,51113490,49112990,49112959
51PE00486,51113388,49112990,49112969
51PE00487,51113595,49112990,49112989
51PE00488,51113319,49112990,49113033
51PE00489,51113476,49112990,49113037
51PE00490,51481744,49112990,48404296
51PE00491,51481745,49112990,48404296
51PE00492,51481762,49112990,48404427
51PE00493,51481732,49112990,49404714
51PE00494,51481731,49112990,49404800
51PE00495,51481738,49112990,47481047
51PE00496,51481739,49112990,47481056
51PE00497,51481740,49112990,47481056
51PE00498,51481757,49112990,47481057
51PE00499,51481747,49112990,47481073
51PE00500,51481748,49112990,47481073
51PE00501,51481741,49112990,47481081
51PE00502,51481742,49112990,47481081
51PE00503,51481765,49112990,47481084
51PE00504,51481766,49112990,47481084
51PE00505,51481746,49112990,47481086
51PE00506,51481751,49112990,47481094
51PE00507,51481752,49112990,47481094
51PE00508,51481758,49112990,47481103
51PE00509,51481759,49112990,47481103
51PE00510,51481736,49112990,47481155
51PE00511,51481737,49112990,47481155
51PE00512,51481735,49112990,49481648
51PE00513,51481767,49112990,49481684
51PE00514,51113574,49112996,44111516
51PE00515,51113416,49112996,44111568
51PE00516,51113417,49112996,44111568
51PE00517,51113553,49112996,45111775
51PE00518,51113554,49112996,45111775
51PE00519,51113573,49112996,45111874
51PE00520,51113498,49112996,46112115
51PE00521,51113526,49112996,46112186
51PE00522,51113527,49112996,46112186
51PE00523,51113444,49112996,47112429
51PE00524,51113586,49112996,48112540
51PE00525,51113353,49112996,48112561
51PE00526,51113354,49112996,48112561
51PE00527,51113600,49112996,48112642
51PE00528,51113338,49112996,48112703
51PE00529,51113598,49112996,49112866
51PE00530,51113491,49112996,49112883
51PE00531,51131658,49112996,49130023
51PE00532,51131659,49112996,49130023
51PE00533,51131575,49112996,49130072
51PE00534,51131779,49112996,49130111
51PE00535,51131875,49112996,49130181
51PE00536,51140023,49112996,44136815
51PE00537,51131965,49112996,46137845
51PE00538,51131966,49112996,46137845
51PE00539,51131865,49112996,46137924
51PE00540,51131866,49112996,46137924
51PE00541,51131812,49112996,46138219
51PE00542,51131813,49112996,46138219
51PE00543,51140034,49112996,47138760
51PE00544,51140035,49112996,47138760
51PE00545,51131717,49112996,47139122
51PE00546,51131817,49112996,48139883
51PE00547,51131913,49112996,48139907
51PE00548,51113508,50113236,44111490
51PE00549,51113419,50113236,44111578
51PE00550,51113420,50113236,44111578
51PE00551,51113404,50113236,45111847
51PE00552,51113321,50113236,46111948
51PE00553,51113544,50113236,46111949
51PE00554,51113606,50113236,47112276
51PE00555,51113298,50113236,47112397
51PE00556,51113299,50113236,47112397
51PE00557,51113577,50113236,47112482
51PE00558,51113357,50113236,48112543
51PE00559,51113358,50113236,48112543
51PE00560,51113445,50113236,48112584
51PE00561,51113446,50113236,48112584
51PE00562,51113608,50113236,48112640
51PE00563,51113609,50113236,48112640
51PE00564,51113301,50113236,49112836
51PE00565,51113320,50113236,49112869
51PE00566,51113456,50113236,49112871
51PE00567,51113384,50113236,49112878
51PE00568,51113449,50113236,49112882
51PE00569,51113373,50113236,49112908
51PE00570,51113410,50113236,49112926
51PE00571,51113421,50113236,49112931
51PE00572,51113450,50113236,49113014
51PE00573,51140132,49130054,49130019
51PE00574,51131653,49130054,49130070
51PE00575,51140301,49130054,49130173
51PE00576,51140146,49130054,49130320
51PE00577,51140262,49130054,49130528
51PE00578,51131731,49130054,43135479
51PE00579,51131814,49130054,44136630
51PE00580,51131815,49130054,44136630
51PE00581,51131738,49130054,45137071
51PE00582,51131739,49130054,45137071
51PE00583,51131742,49130054,46138094
51PE00584,51131743,49130054,46138094
51PE00585,51140101,49130054,47138552
51PE00586,51140102,49130054,47138552
51PE00587,51131561,49130054,47138717
51PE00588,51131562,49130054,47138717
51PE00589,51131849,49130054,47138748
51PE00590,51131860,49130054,47138911
51PE00591,51131861,49130054,47138911
51PE00592,51131703,49130054,47138975
51PE00593,51140127,49130054,47139136
51PE00594,51140128,49130054,47139136
51PE00595,51140191,49130054,48139252
51PE00596,51140289,49130054,48139376
51PE00597,51131848,49130054,48139703
51PE00598,51131542,49130054,49139981
51PE00599,51176869,49130144,45137714
51PE00600,51176870,49130144,45137714
51PE00601,51176897,49130144,48139306
51PE00602,51176898,49130144,48139306
51PE00603,51176885,49130144,48139323
51PE00604,51176886,49130144,48139323
51PE00605,51176877,49130144,48139588
51PE00606,51131899,49130161,49130102
51PE00607,51131571,49130161,46138169
51PE00608,51131740,49130161,47139025
51PE00609,51131741,49130161,47139025
51PE00610,51140062,49130161,48139371
51PE00611,51140063,49130161,48139371
51PE00612,51131938,49130161,48139858
51PE00613,51176745,49130161,46175347
51PE00614,51176641,49130161,48175664
51PE00615,51176701,49130161,49175956
51PE00616,51176702,49130161,49175956
51PE00617,51176550,49130161,49176010
51PE00618,51176551,49130161,49176010
51PE00619,51101547,49130161,49101467
51PE00620,51101548,49130161,49101467
51PE00621,51140111,49130202,49130100
51PE00622,51131761,49130202,49130108
51PE00623,51131632,49130202,44136542
51PE00624,51131633,49130202,44136542
51PE00625,51140053,49130202,44136834
51PE00626,51131939,49130202,45137604
51PE00627,51140280,49130202,46138071
51PE00628,51140281,49130202,46138071
51PE00629,51140026,49130202,46138174
51PE00630,51140237,49130202,46138340
51PE00631,51131830,49130202,47138656
51PE00632,51131831,49130202,47138656
51PE00633,51140255,49130202,47138852
51PE00634,51131593,49130202,48139844
51PE00635,51131538,49130202,48139856
51PE00636,51140346,49130206,49130174
51PE00637,51140245,49130206,49130254
51PE00638,51131604,49130206,49130442
51PE00639,51140286,49130206,49130475
51PE00640,51140333,49130206,49130476
51PE00641,51140201,49130206,49130477
51PE00642,51140089,49130206,49130711
51PE00643,51131664,49130206,43136127
51PE00644,51131565,49130206,45137234
51PE00645,51131566,49130206,45137234
51PE00646,51131837,49130206,45137325
51PE00647,51131838,49130206,45137325
51PE00648,51131998,49130206,45137418
51PE00649,51131643,49130206,45137518
51PE00650,51131644,49130206,45137518
51PE00651,51131514,49130206,45137575
51PE00652,51140251,49130206,46137855
51PE00653,51131709,49130206,46137929
51PE00654,51140223,49130206,46138223
51PE00655,51131808,49130206,47138598
51PE00656,51131809,49130206,47138598
51PE00657,51131597,49130206,47138929
51PE00658,51131598,49130206,47138929
51PE00659,51131927,49130206,47138994
51PE00660,51131835,49130206,48139299
51PE00661,51140246,49130206,48139391
51PE00662,51131905,49130206,48139405
51PE00663,51131525,49130206,48139869
51PE00664,51131526,49130206,48139869
51PE00665,51131957,49130206,48139870
51PE00666,51131958,49130206,48139870
51PE00667,51131955,49130241,49130051
51PE00668,51131496,49130241,42135252
51PE00669,51131497,49130241,42135252
51PE00670,51140072,49130241,45137140
51PE00671,51140073,49130241,45137140
51PE00672,51131532,49130241,46137868
51PE00673,51131533,49130241,46137868
51PE00674,51131898,49130241,46137882
51PE00675,51140130,49130241,48139348
51PE00676,51140024,49130243,49130022
51PE00677,51131805,49130243,49130074
51PE00678,51131873,49130243,49130110
51PE00679,51140161,49130243,44136550
51PE00680,51131638,49130243,45137226
51PE00681,51131756,49130243,45137516
51PE00682,51131791,49130243,45137583
51PE00683,51131792,49130243,45137583
51PE00684,51140070,49130243,46137814
51PE00685,51140071,49130243,46137814
51PE00686,51140095,49130243,46137815
51PE00687,51131932,49130243,46138346
51PE00688,51131933,49130243,46138346
51PE00689,51131484,49130243,47139181
51PE00690,51131914,49130251,49130200
51PE00691,51131563,49130251,49130205
51PE00692,51131564,49130251,49130205
51PE00693,51140206,49130251,44136868
51PE00694,51131967,49130251,45137374
51PE00695,51131793,49130251,45137661
51PE00696,51131794,49130251,45137661
51PE00697,51131723,49130251,46138439
51PE00698,51131724,49130251,46138439
51PE00699,51140027,49130251,47138917
51PE00700,51131983,49130251,47139067
51PE00701,51131503,49130251,48139578
51PE00702,51140307,49130251,48139632
51PE00703,51101544,49130251,46101375
51PE00704,51101545,49130251,49101478
51PE00705,51101540,49130251,49101501
51PE00706,51140109,49130271,49130209
51PE00707,51131953,49130271,49130520
51PE00708,51131652,49130271,49130553
51PE00709,51131881,49130271,49130658
51PE00710,51131882,49130271,49130658
51PE00711,51131964,49130271,43136107
51PE00712,51131567,49130271,45137377
51PE00713,51131568,49130271,45137377
51PE00714,51131595,49130271,46137859
51PE00715,51131596,49130271,46137859
51PE00716,51131943,49130271,46138064
51PE00717,51131944,49130271,46138064
51PE00718,51131789,49130271,46138391
51PE00719,51131790,49130271,46138391
51PE00720,51131816,49130271,48139366
51PE00721,51140009,49130271,48139485
51PE00722,51140345,49130271,48139570
51PE00723,51131529,49130271,48139810
51PE00724,51140046,49130323,49130039
51PE00725,51131821,49130323,49130267
51PE00726,51131493,49130323,49130336
51PE00727,51131896,49130323,49130410
51PE00728,51131954,49130323,49130645
51PE00729,51140210,49130323,43136087
51PE00730,51140211,49130323,43136087
51PE00731,51140032,49130323,44136285
51PE00732,51140033,49130323,44136285
51PE00733,51131692,49130323,44136658
51PE00734,51131693,49130323,44136658
51PE00735,51131499,49130323,46137880
51PE00736,51131883,49130323,46138162
51PE00737,51131700,49130323,46138181
51PE00738,51131701,49130323,46138181
51PE00739,51131887,49130323,47138665
51PE00740,51140134,49130323,47138690
51PE00741,51131926,49130323,47138969
51PE00742,51140302,49130323,47138983
51PE00743,51131894,49130323,47139039
51PE00744,51131895,49130323,47139039
51PE00745,51140225,49130323,47139187
51PE00746,51131591,49130323,48139309
51PE00747,51131694,49130323,48139354
51PE00748,51131477,49130323,48139355
51PE00749,51131578,49130323,48139359
51PE00750,51131579,49130323,48139359
51PE00751,51140085,49130323,48139590
51PE00752,51131869,49130323,48139617
51PE00753,51140110,49130323,48139776
51PE00754,51176619,49130323,47175503
51PE00755,51176708,49130323,48175676
51PE00756,51176538,49130323,48175803
51PE00757,51176596,49130323,49176043
51PE00758,51131832,49130338,49130106
51PE00759,51131755,49130338,49130145
51PE00760,51131892,49130338,44136335
51PE00761,51131893,49130338,44136335
51PE00762,51140229,49130338,44136446
51PE00763,51140230,49130338,44136446
51PE00764,51131534,49130338,44136708
51PE00765,51131535,49130338,44136708
51PE00766,51140328,49130338,45137130
51PE00767,51140290,49130338,45137167
51PE00768,51140238,49130338,45137707
51PE00769,51140239,49130338,45137707
51PE00770,51140133,49130338,46138016
51PE00771,51131982,49130338,46138047
51PE00772,51131511,49130338,46138428
51PE00773,51140059,49130338,46138512
51PE00774,51140060,49130338,46138512
51PE00775,51140157,49130338,48139198
51PE00776,51140158,49130338,48139198
51PE00777,51131977,49130338,48139215
51PE00778,51131513,49130338,48139643
51PE00779,51140080,49130338,48139687
51PE00780,51131671,49130338,48139750
51PE00781,51131874,49130338,48139762
51PE00782,51140220,49130338,48139784
51PE00783,51131683,49130346,49130064
51PE00784,51140234,49130346,49130150
51PE00785,51140335,49130346,49130194
51PE00786,51140121,49130346,49130399
51PE00787,51140235,49130346,49130440
51PE00788,51131781,49130346,49130710
51PE00789,51131930,49130346,43135698
51PE00790,51131931,49130346,43135698
51PE00791,51131478,49130346,44136329
51PE00792,51131479,49130346,44136329
51PE00793,51140272,49130346,44136756
51PE00794,51131626,49130346,45137126
51PE00795,51131627,49130346,45137126
51PE00796,51140297,49130346,45137267
51PE00797,51140317,49130346,46137830
51PE00798,51131690,49130346,46137974
51PE00799,51131691,49130346,46137974
51PE00800,51131980,49130346,46138020
51PE00801,51131833,49130346,46138147
51PE00802,51131834,49130346,46138147
51PE00803,51131716,49130346,47138530
51PE00804,51140334,49130346,47138651
51PE00805,51131917,49130346,47138730
51PE00806,51131667,49130346,47138731
51PE00807,51140092,49130346,47138755
51PE00808,51140093,49130346,47138755
51PE00809,51140180,49130346,47138828
51PE00810,51140181,49130346,47138828
51PE00811,51131999,49130346,48139200
51PE00812,51131536,49130346,48139202
51PE00813,51131537,49130346,48139202
51PE00814,51131678,49130346,48139530
51PE00815,51131679,49130346,48139530
51PE00816,51131554,49130346,48139586
51PE00817,51140166,49130346,48139929
51PE00818,51176851,49130346,47175428
51PE00819,51176627,49130346,48175780
51PE00820,51176718,49130346,49176050
51PE00821,51481760,49130346,44814216
51PE00822,51481761,49130346,44814216
51PE00823,51140067,49130378,49130511
51PE00824,51131624,49130378,49130557
51PE00825,51131886,49130378,42135287
51PE00826,51131722,49130378,43135678
51PE00827,51131576,49130378,46137831
51PE00828,51131577,49130378,46137831
51PE00829,51140322,49130378,46138514
51PE00830,51140323,49130378,46138514
51PE00831,51131990,49130378,47138888
51PE00832,51140074,49130378,48139638
51PE00833,51140075,49130378,48139638
51PE00834,51101539,49130378,49101461
51PE00835,51131715,49130403,49130353
51PE00836,51140096,49130403,43135725
51PE00837,51131922,49130403,46137970
51PE00838,51131923,49130403,46137970
51PE00839,51140249,49130403,48139266
51PE00840,51140250,49130403,48139266
51PE00841,51131580,49130403,48139320
51PE00842,51131581,49130403,48139320
51PE00843,51176531,49130403,47175529
51PE00844,51176814,49130403,48175584
51PE00845,51176815,49130403,48175584
51PE00846,51176731,49130403,48175845
51PE00847,51176732,49130403,48175845
51PE00848,51176621,49130403,49175996
51PE00849,51101537,49130403,49101464
51PE00850,51140304,49130445,49130078
51PE00851,51140316,49130445,49130564
51PE00852,51131885,49130445,49130696
51PE00853,51140264,49130445,43135822
51PE00854,51131619,49130445,44136955
51PE00855,51131918,49130445,46137825
51PE00856,51131919,49130445,46137825
51PE00857,51131872,49130445,46137874
51PE00858,51131979,49130445,46138084
51PE00859,51131906,49130445,46138155
51PE00860,51131599,49130445,46138176
51PE00861,51131600,49130445,46138176
51PE00862,51140086,49130445,47139169
51PE00863,51131729,49130445,47139184
51PE00864,51131995,49130445,48139380
51PE00865,51131771,49130445,48139433
51PE00866,51140243,49130445,48139524
51PE00867,51140045,49130450,49130050
51PE00868,51131518,49130450,49130090
51PE00869,51131519,49130450,49130090
51PE00870,51140311,49130450,49130091
51PE00871,51131663,49130450,49130218
51PE00872,51140148,49130450,49130219
51PE00873,51140149,49130450,49130219
51PE00874,51140107,49130450,49130308
51PE00875,51131583,49130450,49130377
51PE00876,51140164,49130450,49130383
51PE00877,51140104,49130450,49130457
51PE00878,51140325,49130450,49130512
51PE00879,51131959,49130450,49130608
51PE00880,51140140,49130450,43135953
51PE00881,51140141,49130450,43135953
51PE00882,51131968,49130450,44136528
51PE00883,51131969,49130450,44136528
51PE00884,51131540,49130450,45137193
51PE00885,51140256,49130450,45137528
51PE00886,51140014,49130450,46137894
51PE00887,51140244,49130450,46138332
51PE00888,51131826,49130450,46138448
51PE00889,51131827,49130450,46138448
51PE00890,51131609,49130450,47138594
51PE00891,51131610,49130450,47138594
51PE00892,51140339,49130450,47139044
51PE00893,51131676,49130450,47139072
51PE00894,51131677,49130450,47139072
51PE00895,51131909,49130450,47139130
51PE00896,51140178,49130450,48139297
51PE00897,51131594,49130450,48139298
51PE00898,51131912,49130450,48139332
51PE00899,51140351,49130450,48139460
51PE00900,51131552,49130450,48139478
51PE00901,51140081,49130450,48139480
51PE00902,51131736,49130450,48139874
51PE00903,51131737,49130450,48139874
51PE00904,51140270,49130450,48139930
51PE00905,51140271,49130450,48139930
51PE00906,51481753,49130450,44814230
51PE00907,51481734,49130450,44814250
51PE00908,51481754,49130450,45814338
51PE00909,51481755,49130450,45814338
51PE00910,51481733,49130450,45814370
51PE00911,51481743,49130450,45814384
51PE00912,51131850,49130543,49130042
51PE00913,51131854,49130543,49130076
51PE00914,51131640,49130543,49130191
51PE00915,51140216,49130543,49130203
51PE00916,51140068,49130543,49130225
51PE00917,51131486,49130543,49130247
51PE00918,51140187,49130543,49130390
51PE00919,51131780,49130543,49130438
51PE00920,51140252,49130543,49130482
51PE00921,51131960,49130543,43135552
51PE00922,51131961,49130543,43135552
51PE00923,51140087,49130543,43135606
51PE00924,51131986,49130543,43136149
51PE00925,51131987,49130543,43136149
51PE00926,51131506,49130543,44136713
51PE00927,51131507,49130543,44136713
51PE00928,51140287,49130543,45137054
51PE00929,51140288,49130543,45137054
51PE00930,51131867,49130543,45137614
51PE00931,51131868,49130543,45137614
51PE00932,51140195,49130543,45137660
51PE00933,51140196,49130543,45137660
51PE00934,51131544,49130543,45137725
51PE00935,51131545,49130543,45137725
51PE00936,51140294,49130543,46138230
51PE00937,51140155,49130543,46138246
51PE00938,51140156,49130543,46138246
51PE00939,51140349,49130543,46138278
51PE00940,51140227,49130543,46138305
51PE00941,51140054,49130543,46138388
51PE00942,51140055,49130543,46138388
51PE00943,51131734,49130543,47138700
51PE00944,51131735,49130543,47138700
51PE00945,51140273,49130543,47138771
51PE00946,51140049,49130543,47139162
51PE00947,51140050,49130543,47139162
51PE00948,51131775,49130543,48139244
51PE00949,51131776,49130543,48139244
51PE00950,51140145,49130543,48139245
51PE00951,51131721,49130543,48139257
51PE00952,51140265,49130543,48139331
51PE00953,51140266,49130543,48139331
51PE00954,51131749,49130543,48139715
51PE00955,51140151,49130543,48139716
51PE00956,51140258,49130543,48139725
51PE00957,51140167,49130543,48139826
51PE00958,51131673,49130543,48139867
51PE00959,51140144,49130543,48139912
51PE00960,51131823,49130543,49139998
51PE00961,51131937,49130561,49130415
51PE00962,51131570,49130561,49130583
51PE00963,51140043,49130561,49130680
51PE00964,51131984,49130561,44136294
51PE00965,51131657,49130561,45137197
51PE00966,51131748,49130561,45137692
51PE00967,51140129,49130561,45137702
51PE00968,51131688,49130561,46137903
51PE00969,51131689,49130561,46137903
51PE00970,51131928,49130561,46138304
51PE00971,51131929,49130561,46138304
51PE00972,51140282,49130561,47139078
51PE00973,51140283,49130561,47139078
51PE00974,51140236,49130561,48139229
51PE00975,51131904,49130561,48139800
51PE00976,51140205,49130561,48139818
51PE00977,51140313,49130589,43135600
51PE00978,51140314,49130589,43135600
51PE00979,51131876,49130589,43136111
51PE00980,51131585,49130589,43136118
51PE00981,51140209,49130589,44136590
51PE00982,51140292,49130589,44136718
51PE00983,51140218,49130589,46137897
51PE00984,51140291,49130589,46137899
51PE00985,51140340,49130589,46137917
51PE00986,51140341,49130589,46137917
51PE00987,51140338,49130589,46137918
51PE00988,51131539,49130589,46138031
51PE00989,51140342,49130589,46138405
51PE00990,51140343,49130589,46138405
51PE00991,51140305,49130589,48139466
51PE00992,51140131,49130589,48139604
51PE00993,51131584,49130589,48139653
51PE00994,51131504,49130589,48139694
51PE00995,51131480,49130606,49130028
51PE00996,51131481,49130606,49130028
51PE00997,51140103,49130606,49130058
51PE00998,51131547,49130606,49130063
51PE00999,51131482,49130606,49130193
51PE01000,51131801,49130606,49130586
51PE01001,51131601,49130606,49130654
51PE01002,51131970,49130606,43136093
51PE01003,51131971,49130606,43136093
51PE01004,51131710,49130606,44136413
51PE01005,51131711,49130606,44136413
51PE01006,51131783,49130606,44136575
51PE01007,51131784,49130606,44136575
51PE01008,51140348,49130606,44136730
51PE01009,51131706,49130606,45137327
51PE01010,51131707,49130606,45137327
51PE01011,51131698,49130606,45137744
51PE01012,51131550,49130606,46137843
51PE01013,51131551,49130606,46137843
51PE01014,51140318,49130606,46138058
51PE01015,51131559,49130606,46138077
51PE01016,51131962,49130606,46138260
51PE01017,51131963,49130606,46138260
51PE01018,51131991,49130606,46138269
51PE01019,51131992,49130606,46138269
51PE01020,51131769,49130606,46138270
51PE01021,51131770,49130606,46138270
51PE01022,51131654,49130606,46138398
51PE01023,51140022,49130606,46138480
51PE01024,51140061,49130606,47138901
51PE01025,51131863,49130606,47138992
51PE01026,51131864,49130606,47138992
51PE01027,51131828,49130606,47139156
51PE01028,51131829,49130606,47139156
51PE01029,51140017,49130606,48139635
51PE01030,51140018,49130606,48139635
51PE01031,51140152,49130606,48139641
51PE01032,51131822,49130606,48139642
51PE01033,51140011,49130606,49139947
51PE01034,51131870,49130606,49139991
51PE01035,51140284,49130636,49130223
51PE01036,51140108,49130636,49130443
51PE01037,51140091,49130636,49130560
51PE01038,51140179,49130636,49130704
51PE01039,51140188,49130636,44136532
51PE01040,51131782,49130636,44136561
51PE01041,51140115,49130636,45137596
51PE01042,51140116,49130636,45137596
51PE01043,51140051,49130636,46138430
51PE01044,51131785,49130636,47138673
51PE01045,51131786,49130636,47138673
51PE01046,51131546,49130636,47138706
51PE01047,51131718,49130636,47138833
51PE01048,51140350,49130636,47139008
51PE01049,51131744,49130636,47139121
51PE01050,51131745,49130636,47139121
51PE01051,51131746,49130636,47139121
51PE01052,51131699,49130636,48139614
51PE01053,51140242,49130636,48139713
51PE01054,51140041,49130636,48139764
51PE01055,51131682,49130636,48139798
51PE01056,51131762,49130636,48139830
51PE01057,51140259,49130636,48139909
51PE01058,51131956,49130636,49139965
51PE01059,51131582,49130637,49130495
51PE01060,51140189,49130637,44136794
51PE01061,51140190,49130637,44136794
51PE01062,51131501,49130637,46138337
51PE01063,51131502,49130637,46138337
51PE01064,51131648,49130637,47138926
51PE01065,51131695,49130637,48139446
51PE01066,51176542,49130637,47175501
51PE01067,51176543,49130637,47175501
51PE01068,51176795,49130637,48175695
51PE01069,51176796,49130637,48175695
51PE01070,51176706,49130637,48175815
51PE01071,51176707,49130637,48175815
51PE01072,51176829,49130637,49175988
51PE01073,51101543,49130637,49101473
51PE01074,51131819,49130664,49130101
51PE01075,51131548,49130664,49130264
51PE01076,51131807,49130664,49130578
51PE01077,51140125,49130664,49130673
51PE01078,51140126,49130664,49130673
51PE01079,51131795,49130664,42135023
51PE01080,51131796,49130664,42135023
51PE01081,51140079,49130664,44136538
51PE01082,51140069,49130664,45137276
51PE01083,51132000,49130664,45137563
51PE01084,51140001,49130664,45137563
51PE01085,51131810,49130664,46137943
51PE01086,51131811,49130664,46137943
51PE01087,51140212,49130664,46137997
51PE01088,51140213,49130664,46137997
51PE01089,51140135,49130664,46138069
51PE01090,51131753,49130664,47138546
51PE01091,51140138,49130664,47138610
51PE01092,51140139,49130664,47138610
51PE01093,51140263,49130664,47138632
51PE01094,51140267,49130664,47138632
51PE01095,51131611,49130664,47138818
51PE01096,51131612,49130664,47138818
51PE01097,51131902,49130664,48139682
51PE01098,51140042,49130664,48139793
51PE01099,51131747,49130686,49130333
51PE01100,51140303,49130686,49130610
51PE01101,51131556,49130686,49130642
51PE01102,51140105,49130686,49130646
51PE01103,51140019,49130686,44136677
51PE01104,51131856,49130686,44136934
51PE01105,51140010,49130686,45137128
51PE01106,51140320,49130686,45137674
51PE01107,51140321,49130686,45137674
51PE01108,51140274,49130686,46137910
51PE01109,51140275,49130686,46137910
51PE01110,51131802,49130686,46137925
51PE01111,51131787,49130686,46137989
51PE01112,51131788,49130686,46137989
51PE01113,51131945,49130686,46138335
51PE01114,51131946,49130686,46138335
51PE01115,51140005,49130686,47138631
51PE01116,51140006,49130686,47138631
51PE01117,51140040,49130686,47138728
51PE01118,51131920,49130686,47139001
51PE01119,51131921,49130686,47139001
51PE01120,51131645,49130686,47139026
51PE01121,51131646,49130686,47139026
51PE01122,51140030,49130686,47139103
51PE01123,51140031,49130686,47139103
51PE01124,51131976,49130686,47139143
51PE01125,51131836,49130686,48139251
51PE01126,51140193,49130686,48139369
51PE01127,51140097,49130686,48139448
51PE01128,51140261,49130686,48139651
51PE01129,51140143,50130848,49130135
51PE01130,51131845,50130848,49130398
51PE01131,51131879,50130848,49130555
51PE01132,51131880,50130848,49130555
51PE01133,51131719,50130848,44136674
51PE01134,51131720,50130848,44136674
51PE01135,51131615,50130848,45137150
51PE01136,51131616,50130848,45137150
51PE01137,51131824,50130848,46138236
51PE01138,51131825,50130848,46138236
51PE01139,51140106,50130848,47138558
51PE01140,51131871,50130848,47138591
51PE01141,51131708,50130848,48139426
51PE01142,51140299,50130848,48139569
51PE01143,51140082,50130848,48139602
51PE01144,51131855,50130872,49130119
51PE01145,51131750,50130872,49130169
51PE01146,51140078,50130872,49130231
51PE01147,51131680,50130872,49130274
51PE01148,51131681,50130872,49130274
51PE01149,51140330,50130872,49130275
51PE01150,51140344,50130872,49130280
51PE01151,51140182,50130872,49130291
51PE01152,51140136,50130872,49130292
51PE01153,51131773,50130872,49130525
51PE01154,51131728,50130872,43135783
51PE01155,51131767,50130872,44136366
51PE01156,51131768,50130872,44136366
51PE01157,51140279,50130872,44136716
51PE01158,51140199,50130872,44136881
51PE01159,51140200,50130872,44136881
51PE01160,51131660,50130872,45137233
51PE01161,51131661,50130872,45137233
51PE01162,51131727,50130872,45137345
51PE01163,51140020,50130872,45137762
51PE01164,51140021,50130872,45137762
51PE01165,51140336,50130872,46137869
51PE01166,51140337,50130872,46137869
51PE01167,51140247,50130872,46137887
51PE01168,51140248,50130872,46137887
51PE01169,51131949,50130872,46137964
51PE01170,51131950,50130872,46137964
51PE01171,51140253,50130872,46138166
51PE01172,51140254,50130872,46138166
51PE01173,51140174,50130872,46138245
51PE01174,51140175,50130872,46138245
51PE01175,51140221,50130872,46138361
51PE01176,51140222,50130872,46138361
51PE01177,51140076,50130872,47138621
51PE01178,51140077,50130872,47138621
51PE01179,51140207,50130872,47138622
51PE01180,51140208,50130872,47138622
51PE01181,51131844,50130872,47138685
51PE01182,51131841,50130872,47138770
51PE01183,51131842,50130872,47138770
51PE01184,51131651,50130872,47138952
51PE01185,51140002,50130872,47138972
51PE01186,51140003,50130872,47138972
51PE01187,51140094,50130872,48139401
51PE01188,51131512,50130872,48139483
51PE01189,51131853,50130872,48139596
51PE01190,51140184,50130872,48139679
51PE01191,51140185,50130872,48139679
51PE01192,51140276,50130872,48139706
51PE01193,51140277,50130872,48139706
51PE01194,51131520,50130893,44136663
51PE01195,51131521,50130893,44136663
51PE01196,51131641,50130893,45137341
51PE01197,51131642,50130893,45137341
51PE01198,51131628,50130893,46137871
51PE01199,51131629,50130893,46137871
51PE01200,51131475,50130893,46138211
51PE01201,51131476,50130893,46138211
51PE01202,51131934,50130893,46138463
51PE01203,51131935,50130893,46138463
51PE01204,51131668,50130893,46138485
51PE01205,51131669,50130893,46138485
51PE01206,51131613,50130893,46138517
51PE01207,51131614,50130893,46138517
51PE01208,51131820,50130893,47138564
51PE01209,51131560,50130893,47138702
51PE01210,51131754,50130893,47138749
51PE01211,51131803,50130893,48139230
51PE01212,51140047,50130893,48139361
51PE01213,51140048,50130893,48139361
51PE01214,51131500,50130893,48139453
51PE01215,51131498,50130893,48139455
51PE01216,51140165,50130893,48139647
51PE01217,51140217,50130893,48139880
51PE01218,51140016,50130893,48139885
51PE01219,51131877,50130893,48139904
51PE01220,51131878,50130893,48139904
51PE01221,51140231,50131268,49130166
51PE01222,51140232,50131268,49130166
51PE01223,51140326,50131268,49130341
51PE01224,51140285,50131268,49130703
51PE01225,51131704,50131268,46138113
51PE01226,51131705,50131268,46138113
51PE01227,51131951,50131268,46138292
51PE01228,51140331,50131268,46138477
51PE01229,51140183,50131268,47139038
51PE01230,51140240,50131268,48139265
51PE01231,51140241,50131268,48139265
51PE01232,51131997,50131268,48139567
51PE01233,51131647,50131268,48139571
51PE01234,51131485,47138827,49130087
51PE01235,51140065,47138827,46138307
51PE01236,51140066,47138827,46138307
51PE01237,51140028,47138827,47138659
51PE01238,51140029,47138827,47138659
51PE01239,51140197,47138827,48139413
51PE01240,51140198,47138827,48139413
51PE01241,51131757,47138827,48139587
51PE01242,51176822,47138827,46175358
51PE01243,51176823,47138827,46175358
51PE01244,51176824,47138827,46175358
51PE01245,51176580,47138827,48175647
51PE01246,51176805,47138827,48175745
51PE01247,51176790,47138827,49176099
51PE01248,51101550,47138827,49101476
51PE01249,51131686,48139240,44136816
51PE01250,51131687,48139240,44136816
51PE01251,51140012,48139240,47138987
51PE01252,51140013,48139240,47138987
51PE01253,51131530,48139240,48139290
51PE01254,51131531,48139240,48139290
51PE01255,51131672,48139240,48139740
51PE01256,51131524,48139240,49139943
51PE01257,51176825,48139240,44174727
51PE01258,51176694,48139240,48175739
51PE01259,51176695,48139240,48175739
51PE01260,51176758,48139240,48175846
51PE01261,51176750,48139240,49176113
51PE01262,51131758,48139263,49130273
51PE01263,51140268,48139263,49130302
51PE01264,51140312,48139263,49130401
51PE01265,51131696,48139263,49130635
51PE01266,51140147,48139263,49130651
51PE01267,51140219,48139263,49130713
51PE01268,51140204,48139263,44136295
51PE01269,51140172,48139263,44136388
51PE01270,51140173,48139263,44136388
51PE01271,51140007,48139263,44136787
51PE01272,51140008,48139263,44136787
51PE01273,51140228,48139263,45137151
51PE01274,51131858,48139263,46138096
51PE01275,51131859,48139263,46138096
51PE01276,51131847,48139263,46138294
51PE01277,51131684,48139263,46138403
51PE01278,51131685,48139263,46138403
51PE01279,51140260,48139263,47138746
51PE01280,51131572,48139263,47138808
51PE01281,51131573,48139263,47138808
51PE01282,51131712,48139263,47138890
51PE01283,51131851,48139263,47139165
51PE01284,51131555,48139263,48139368
51PE01285,51140117,48139263,48139418
51PE01286,51131993,48139263,48139423
51PE01287,51131994,48139263,48139423
51PE01288,51131981,48139263,48139619
51PE01289,51140044,48139263,48139927
51PE01290,51140309,48139389,49130349
51PE01291,51131670,48139389,49130612
51PE01292,51140298,48139389,44136357
51PE01293,51131857,48139389,45137045
51PE01294,51140176,48139389,45137283
51PE01295,51140177,48139389,45137283
51PE01296,51131617,48139389,45137472
51PE01297,51131618,48139389,45137472
51PE01298,51131607,48139389,45137649
51PE01299,51131608,48139389,45137649
51PE01300,51131846,48139389,46137895
51PE01301,51140226,48139389,46138493
51PE01302,51140300,48139389,46138499
51PE01303,51131890,48139389,47138736
51PE01304,51131891,48139389,47138736
51PE01305,51131549,48139389,47138801
51PE01306,51140083,48139389,47138819
51PE01307,51140036,48139389,47139087
51PE01308,51140037,48139389,47139087
51PE01309,51140329,48139389,47139141
51PE01310,51131751,48139389,48139268
51PE01311,51140332,48139389,48139316
51PE01312,51131491,48139389,48139529
51PE01313,51131492,48139389,48139529
51PE01314,51131940,48139389,48139860
51PE01315,51140310,48139389,48139886
51PE01316,51140186,48139389,48139889
51PE01317,51131569,48139444,49130084
51PE01318,51140293,48139444,49130148
51PE01319,51131588,48139444,49130154
51PE01320,51131625,48139444,49130412
51PE01321,51131490,48139444,49130431
51PE01322,51131730,48139444,49130726
51PE01323,51131630,48139444,44136802
51PE01324,51131631,48139444,44136802
51PE01325,51131622,48139444,44136805
51PE01326,51131623,48139444,44136805
51PE01327,51140113,48139444,44136879
51PE01328,51140114,48139444,44136879
51PE01329,51131884,48139444,45137199
51PE01330,51140192,48139444,45137487
51PE01331,51131941,48139444,45137612
51PE01332,51131942,48139444,45137612
51PE01333,51131732,48139444,46137857
51PE01334,51131733,48139444,46137857
51PE01335,51131574,48139444,46137926
51PE01336,51140168,48139444,47138617
51PE01337,51140169,48139444,47138617
51PE01338,51131589,48139444,47138633
51PE01339,51131590,48139444,47138633
51PE01340,51131806,48139444,47139069
51PE01341,51140319,48139444,48139344
51PE01342,51140202,48139444,48139428
51PE01343,51140203,48139444,48139428
51PE01344,51131527,48139444,48139668
51PE01345,51131528,48139444,48139668
51PE01346,51131804,48139444,48139910
51PE01347,51131697,48139444,48139916
51PE01348,51481756,48139444,44814265
51PE01349,51481763,48139444,44814287
51PE01350,51481764,48139444,44814287
51PE01351,51481749,48139444,45814317
51PE01352,51481750,48139444,45814317
51PE01353,51131774,48139693,49130182
51PE01354,51140324,48139693,49130244
51PE01355,51140224,48139693,49130276
51PE01356,51131752,48139693,49130627
51PE01357,51131988,48139693,44136488
51PE01358,51131989,48139693,44136488
51PE01359,51131605,48139693,44136686
51PE01360,51131606,48139693,44136686
51PE01361,51131488,48139693,44136738
51PE01362,51131907,48139693,45137077
51PE01363,51131908,48139693,45137077
51PE01364,51131602,48139693,45137272
51PE01365,51131603,48139693,45137272
51PE01366,51131674,48139693,45137277
51PE01367,51131675,48139693,45137277
51PE01368,51131725,48139693,45137619
51PE01369,51131726,48139693,45137619
51PE01370,51131713,48139693,46137806
51PE01371,51131714,48139693,46137806
51PE01372,51131888,48139693,46137862
51PE01373,51131889,48139693,46137862
51PE01374,51131649,48139693,46138150
51PE01375,51131952,48139693,46138494
51PE01376,51140194,48139693,47138570
51PE01377,51131592,48139693,48139276
51PE01378,51140257,48139693,48139302
51PE01379,51140088,48139693,48139462
51PE01380,51131936,48139693,48139610
51PE01381,51140295,48139693,48139838
51PE01382,51131558,49139987,49130010
51PE01383,51131843,49139987,49130160
51PE01384,51140315,49139987,49130503
51PE01385,51131508,49139987,49130532
51PE01386,51131655,49139987,44136554
51PE01387,51131852,49139987,45137375
51PE01388,51131924,49139987,45137447
51PE01389,51131925,49139987,45137447
51PE01390,51140058,49139987,46138420
51PE01391,51140025,49139987,46138443
51PE01392,51140118,49139987,46138471
51PE01393,51140269,49139987,47138937
51PE01394,51131505,49139987,48139427
51PE01395,51140099,49139987,48139603
51PE01396,51131515,49139987,48139639
51PE01397,51131915,49139987,48139902
51PE01398,51140052,49139992,49130195
51PE01399,51140153,49139992,45137543
51PE01400,51140154,49139992,45137543
51PE01401,51140214,49139992,46138479
51PE01402,51140100,49139992,47139043
51PE01403,51131543,49139992,48139447
51PE01404,51176757,49139992,45174913
51PE01405,51176759,49139992,48175691
51PE01406,51176760,49139992,48175691
51PE01407,51176840,49139992,48175777
51PE01408,51176556,49139992,49175989
51PE01409,51101541,49139992,46101379
51PE01410,51101542,49139992,46101379
51PE01411,51176655,48175751,45137370
51PE01412,51176656,48175751,45137370
51PE01413,51176668,48175751,42173131
51PE01414,51176669,48175751,42173131
51PE01415,51176719,48175751,42173277
51PE01416,51176791,48175751,43174128
51PE01417,51176747,48175751,44174519
51PE01418,51176748,48175751,44174519
51PE01419,51176738,48175751,44174541
51PE01420,51176739,48175751,44174541
51PE01421,51176626,48175751,45174947
51PE01422,51176817,48175751,45175021
51PE01423,51176729,48175751,45175049
51PE01424,51176730,48175751,45175049
51PE01425,51176593,48175751,45175099
51PE01426,51176594,48175751,45175099
51PE01427,51176548,48175751,45175226
51PE01428,51176766,48175751,45175246
51PE01429,51176767,48175751,45175246
51PE01430,51176557,48175751,46175337
51PE01431,51176573,48175751,46175346
51PE01432,51176574,48175751,46175346
51PE01433,51176854,48175751,46175354
51PE01434,51176855,48175751,46175354
51PE01435,51176697,48175751,47175431
51PE01436,51176828,48175751,47175441
51PE01437,51176780,48175751,47175468
51PE01438,51176740,48175751,47175485
51PE01439,51176741,48175751,47175485
51PE01440,51176857,48175751,47175500
51PE01441,51176858,48175751,47175500
51PE01442,51176727,48175751,47175519
51PE01443,51176602,48175751,47175550
51PE01444,51176603,48175751,47175550
51PE01445,51176606,48175751,48175603
51PE01446,51176709,48175751,48175605
51PE01447,51176733,48175751,48175689
51PE01448,51176734,48175751,48175689
51PE01449,51176809,48175751,48175696
51PE01450,51176638,48175751,48175705
51PE01451,51176714,48175751,48175711
51PE01452,51176539,48175751,48175744
51PE01453,51176579,48175751,48175752
51PE01454,51176775,48175751,48175836
51PE01455,51176776,48175751,48175836
51PE01456,51176799,48175751,48175884
51PE01457,51176830,48175751,49175934
51PE01458,51176691,48175751,49175967
51PE01459,51176860,48175751,49175979
51PE01460,51176642,48175751,49175985
51PE01461,51176711,48175751,49175997
51PE01462,51176575,48175751,49176017
51PE01463,51176562,48175751,49176027
51PE01464,51176831,48175751,49176045
51PE01465,51176819,48175751,49176058
51PE01466,51176663,48175751,49176101
51PE01467,51176778,48175751,49176111
51PE01468,51176528,48175751,49176150
51PE01469,51176620,48175751,49176196
51PE01470,51176530,49175965,43173948
51PE01471,51176816,49175965,44174698
51PE01472,51176743,49175965,45174875
51PE01473,51176744,49175965,45174875
51PE01474,51176692,49175965,45174981
51PE01475,51176693,49175965,45174981
51PE01476,51176670,49175965,45175184
51PE01477,51176671,49175965,45175184
51PE01478,51176598,49175965,46175327
51PE01479,51176599,49175965,46175367
51PE01480,51176600,49175965,46175367
51PE01481,51176646,49175965,46175373
51PE01482,51176647,49175965,46175373
51PE01483,51176735,49175965,47175438
51PE01484,51176637,49175965,47175456
51PE01485,51176651,49175965,47175489
51PE01486,51176632,49175965,47175511
51PE01487,51176633,49175965,47175511
51PE01488,51176588,49175965,48175568
51PE01489,51176537,49175965,48175616
51PE01490,51176625,49175965,48175651
51PE01491,51176797,49175965,48175666
51PE01492,51176798,49175965,48175666
51PE01493,51176832,49175965,48175721
51PE01494,51176810,49175965,48175761
51PE01495,51176811,49175965,48175761
51PE01496,51176673,49175965,48175852
51PE01497,51176674,49175965,48175852
51PE01498,51176837,49175965,49175928
51PE01499,51176666,49175965,49175941
51PE01500,51176607,49175965,49175951
51PE01501,51176801,49175965,49176015
51PE01502,51176547,49175965,49176022
51PE01503,51176688,49175965,49176040
51PE01504,51176617,49175965,49176055
51PE01505,51176534,49175965,49176114
51PE01506,51176818,49175965,49176153
51PE01507,51176680,49175965,49176179
51PE01508,51176635,49176143,43173793
51PE01509,51176636,49176143,43173793
51PE01510,51176529,49176143,44174447
51PE01511,51176751,49176143,45174813
51PE01512,51176752,49176143,45174813
51PE01513,51176784,49176143,45174845
51PE01514,51176844,49176143,45174865
51PE01515,51176845,49176143,45174865
51PE01516,51176838,49176143,45175140
51PE01517,51176710,49176143,45175262
51PE01518,51176753,49176143,46175350
51PE01519,51176754,49176143,46175350
51PE01520,51176564,49176143,46175372
51PE01521,51176654,49176143,47175398
51PE01522,51176787,49176143,47175445
51PE01523,51176788,49176143,47175445
51PE01524,51176535,49176143,47175508
51PE01525,51176536,49176143,47175508
51PE01526,51176771,49176143,47175527
51PE01527,51176722,49176143,48175573
51PE01528,51176808,49176143,48175597
51PE01529,51176586,49176143,48175659
51PE01530,51176696,49176143,48175690
51PE01531,51176789,49176143,48175723
51PE01532,51176554,49176143,48175725
51PE01533,51176544,49176143,48175887
51PE01534,51176545,49176143,48175887
51PE01535,51176649,49176143,48175903
51PE01536,51176665,49176143,49175944
51PE01537,51176615,49176143,49175999
51PE01538,51176839,49176143,49176020
51PE01539,51176783,49176143,49176077
51PE01540,51176546,49176143,49176087
51PE01541,51176699,49176143,49176169
51PE01542,51176700,49176143,49176169
51PE01543,51176749,49176154,42173194
51PE01544,51176623,49176154,43174365
51PE01545,51176624,49176154,43174365
51PE01546,51176725,49176154,44174755
51PE01547,51176726,49176154,44174755
51PE01548,51176643,49176154,45174917
51PE01549,51176712,49176154,45175016
51PE01550,51176653,49176154,45175192
51PE01551,51176781,49176154,45175234
51PE01552,51176782,49176154,45175234
51PE01553,51176703,49176154,46175384
51PE01554,51176704,49176154,47175423
51PE01555,51176705,49176154,47175423
51PE01556,51176610,49176154,47175429
51PE01557,51176661,49176154,47175496
51PE01558,51176662,49176154,47175496
51PE01559,51176578,49176154,47175521
51PE01560,51176553,49176154,47175543
51PE01561,51176639,49176154,48175633
51PE01562,51176846,49176154,48175674
51PE01563,51176812,49176154,48175701
51PE01564,51176813,49176154,48175701
51PE01565,51176833,49176154,48175704
51PE01566,51176611,49176154,48175714
51PE01567,51176652,49176154,48175879
51PE01568,51176612,49176154,49175935
51PE01569,51176634,49176154,49175953
51PE01570,51176687,49176154,49175994
51PE01571,51176560,49176154,49175995
51PE01572,51176561,49176154,49175995
51PE01573,51176576,49176154,49176084
51PE01574,51176715,49176154,49176136
51PE01575,51176768,49176154,49176142
51PE01576,51176859,49176154,49176182
51PE01577,51176804,50176360,47138667
51PE01578,51176608,50176360,43173917
51PE01579,51176609,50176360,43173917
51PE01580,51176756,50176360,43174091
51PE01581,51176682,50176360,43174192
51PE01582,51176683,50176360,43174192
51PE01583,51176742,50176360,45174914
51PE01584,51176589,50176360,45175031
51PE01585,51176590,50176360,45175031
51PE01586,51176792,50176360,45175071
51PE01587,51176793,50176360,45175071
51PE01588,51176563,50176360,45175194
51PE01589,51176630,50176360,46175348
51PE01590,51176631,50176360,46175348
51PE01591,51176595,50176360,46175366
51PE01592,51176667,50176360,47175462
51PE01593,51176802,50176360,47175493
51PE01594,51176803,50176360,47175493
51PE01595,51176584,50176360,47175535
51PE01596,51176585,50176360,47175535
51PE01597,51176587,50176360,48175607
51PE01598,51176736,50176360,48175640
51PE01599,51176856,50176360,48175693
51PE01600,51176681,50176360,48175697
51PE01601,51176549,50176360,48175783
51PE01602,51176659,50176360,48175806
51PE01603,51176660,50176360,48175806
51PE01604,51176834,50176360,48175880
51PE01605,51176581,50176360,48175882
51PE01606,51176755,50176360,49175962
51PE01607,51176650,50176360,49175978
51PE01608,51176582,50176360,49176025
51PE01609,51176852,50176360,49176034
51PE01610,51176583,50176360,49176066
51PE01611,51176800,50176360,49176088
51PE01612,51176540,50176360,49176139
51PE01613,51176723,50176377,42173392
51PE01614,51176724,50176377,42173392
51PE01615,51176555,50176377,45174834
51PE01616,51176847,50176377,45174939
51PE01617,51176848,50176377,45174939
51PE01618,51176850,50176377,45175056
51PE01619,51176571,50176377,46175312
51PE01620,51176572,50176377,46175312
51PE01621,51176679,50176377,46175319
51PE01622,51176841,50176377,46175343
51PE01623,51176842,50176377,46175343
51PE01624,51176591,50176377,46175391
51PE01625,51176592,50176377,46175391
51PE01626,51176613,50176377,47175400
51PE01627,51176614,50176377,47175400
51PE01628,51176628,50176377,47175477
51PE01629,51176629,50176377,47175477
51PE01630,51176777,50176377,47175504
51PE01631,51176769,50176377,47175546
51PE01632,51176770,50176377,47175546
51PE01633,51176698,50176377,48175564
51PE01634,51176763,50176377,48175649
51PE01635,51176764,50176377,48175682
51PE01636,51176765,50176377,48175682
51PE01637,51176720,50176377,48175687
51PE01638,51176721,50176377,48175687
51PE01639,51176616,50176377,48175717
51PE01640,51176820,50176377,48175748
51PE01641,51176821,50176377,48175748
51PE01642,51176773,50176377,48175861
51PE01643,51176774,50176377,48175861
51PE01644,51176676,50176377,48175891
51PE01645,51176541,50176377,49175933
51PE01646,51176737,50176377,49175972
51PE01647,51176862,50176377,49175986
51PE01648,51176618,50176377,49176033
51PE01649,51176640,50176377,49176074
51PE01650,51176622,50176377,49176103
51PE01651,51176604,50176377,49176132
51PE01652,51176605,50176377,49176200
51PE01653,51405815,46403546,45403177
51PE01654,51405816,46403546,45403177
51PE01655,51406577,46403546,46403362
51PE01656,51406026,46403546,46403438
51PE01657,51405827,46403546,46403440
51PE01658,51405828,46403546,46403440
51PE01659,51405831,46403546,46403500
51PE01660,51405811,46403546,47403677
51PE01661,51405919,46403546,47403787
51PE01662,51406013,46403546,48404016
51PE01663,51406050,46403546,48404092
51PE01664,51405911,48404036,48404458
51PE01665,51405912,48404036,48404458
51PE01666,51406284,48404036,49404547
51PE01667,51406475,48404036,49404879
51PE01668,51406180,48404036,49404927
51PE01669,51406197,48404036,46480794
51PE01670,51406198,48404036,46480794
51PE01671,51406208,48404036,46480839
51PE01672,51406209,48404036,46480839
51PE01673,51405856,48404036,46480863
51PE01674,51405857,48404036,46480863
51PE01675,51405998,48404036,46480942
51PE01676,51405999,48404036,46480942
51PE01677,51405924,48404036,46480952
51PE01678,51405925,48404036,46480952
51PE01679,51406141,48404036,46480957
51PE01680,51406166,48404036,46481004
51PE01681,51406167,48404036,46481004
51PE01682,51406590,48404036,47481187
51PE01683,51406591,48404036,47481187
51PE01684,51406609,48404036,47481236
51PE01685,51406610,48404036,47481236
51PE01686,51406147,48404036,47481266
51PE01687,51406148,48404036,47481266
51PE01688,51406094,48404036,47481302
51PE01689,51406095,48404036,47481302
51PE01690,51406471,48404036,47481303
51PE01691,51405942,48404036,47481312
51PE01692,51405943,48404036,47481312
51PE01693,51405960,48404036,47481362
51PE01694,51405961,48404036,47481362
51PE01695,51406118,48404036,48481421
51PE01696,51406119,48404036,48481421
51PE01697,51405981,48404036,48481445
51PE01698,51406035,48404036,48481447
51PE01699,51406283,48404036,48481478
51PE01700,51406635,48404036,48481480
51PE01701,51406345,48404036,48481484
51PE01702,51406346,48404036,48481484
51PE01703,51406463,48404036,48481492
51PE01704,51406464,48404036,48481492
51PE01705,51406436,48404036,48481501
51PE01706,51406532,48404036,48481520
51PE01707,51406199,48404036,48481531
51PE01708,51406639,48404036,48481553
51PE01709,51406437,48404036,49481571
51PE01710,51406438,48404036,49481571
51PE01711,51406265,48404036,49481576
51PE01712,51406536,48404036,49481595
51PE01713,51406537,48404036,49481595
51PE01714,51406039,48404036,49481613
51PE01715,51406040,48404036,49481613
51PE01716,51406498,48404261,49404658
51PE01717,51406413,48404261,49404717
51PE01718,51406414,48404261,49404717
51PE01719,51406363,48404261,44480298
51PE01720,51406096,48404261,45480441
51PE01721,51406097,48404261,45480441
51PE01722,51405846,48404261,45480478
51PE01723,51406384,48404261,45480495
51PE01724,51406385,48404261,45480495
51PE01725,51406267,48404261,45480557
51PE01726,51406423,48404261,45480680
51PE01727,51406509,48404261,46480874
51PE01728,51406510,48404261,46480874
51PE01729,51405903,48404261,47481099
51PE01730,51405904,48404261,47481099
51PE01731,51406078,48404261,47481387
51PE01732,51101565,48404261,47101411
51PE01733,51101566,48404261,47101411
51PE01734,51406617,48404272,42402265
51PE01735,51406618,48404272,42402265
51PE01736,51406631,48404272,44402785
51PE01737,51406597,48404272,45403023
51PE01738,51406598,48404272,45403023
51PE01739,51406535,48404272,45403042
51PE01740,51406626,48404272,45403075
51PE01741,51406627,48404272,45403075
51PE01742,51406179,48404272,46403322
51PE01743,51406215,48404272,46403361
51PE01744,51406334,48404272,46403467
51PE01745,51406501,48404272,47403674
51PE01746,51406502,48404272,47403674
51PE01747,51406428,48404272,47403721
51PE01748,51406429,48404272,47403721
51PE01749,51406605,48404272,47403797
51PE01750,51406606,48404272,47403797
51PE01751,51406042,48404272,47403939
51PE01752,51406043,48404272,47403939
51PE01753,51406193,48404272,47403952
51PE01754,51406194,48404272,47403952
51PE01755,51406399,48404272,47403955
51PE01756,51406638,48404272,48404014
51PE01757,51406632,48404272,48404076
51PE01758,51406113,48404272,48404262
51PE01759,51406563,48404272,48404460
51PE01760,51406650,48404272,49404612
51PE01761,51406655,48404272,49404940
51PE01762,51406047,48404272,49405024
51PE01763,51405819,48404374,44402670
51PE01764,51405820,48404374,44402670
51PE01765,51406416,48404374,45403041
51PE01766,51406417,48404374,45403041
51PE01767,51406580,48404374,46403388
51PE01768,51406581,48404374,46403388
51PE01769,51406246,48404374,46403554
51PE01770,51406280,48404374,47403718
51PE01771,51406281,48404374,47403718
51PE01772,51406401,48404374,47403836
51PE01773,51406526,48404374,48404149
51PE01774,51406527,48404374,48404149
51PE01775,51406085,48404374,49404722
51PE01776,51406230,48404374,47481124
51PE01777,51406231,48404374,47481124
51PE01778,51101551,48404374,46101384
51PE01779,51101552,48404374,46101384
51PE01780,51406544,48404390,45402924
51PE01781,51406545,48404390,45402924
51PE01782,51405964,48404390,46403385
51PE01783,51405965,48404390,46403385
51PE01784,51405966,48404390,46403385
51PE01785,51406310,48404390,46403475
51PE01786,51406311,48404390,46403475
51PE01787,51406105,48404390,46403488
51PE01788,51406174,48404390,46403627
51PE01789,51406476,48404390,48404101
51PE01790,51406477,48404390,48404101
51PE01791,51406006,48404390,48404178
51PE01792,51405821,48404390,48404365
51PE01793,51405822,48404390,48404365
51PE01794,51406049,48404390,49404631
51PE01795,51406240,48404390,49404740
51PE01796,51406175,48404390,45480484
51PE01797,51101558,48404390,47101396
51PE01798,51101559,48404390,47101396
51PE01799,51406451,48404442,49404897
51PE01800,51406411,48404442,49404961
51PE01801,51406412,48404442,49404961
51PE01802,51406546,48404442,44480297
51PE01803,51406547,48404442,44480297
51PE01804,51406220,48404442,44480359
51PE01805,51406221,48404442,44480359
51PE01806,51406162,48404442,45480517
51PE01807,51406163,48404442,45480517
51PE01808,51405938,48404442,45480663
51PE01809,51405939,48404442,45480663
51PE01810,51405829,48404442,45480672
51PE01811,51406151,48404442,45480683
51PE01812,51406152,48404442,45480683
51PE01813,51405951,48404442,46480913
51PE01814,51405932,48404442,46480996
51PE01815,51405933,48404442,46480996
51PE01816,51405975,48404442,47481119
51PE01817,51405976,48404442,47481119
51PE01818,51101564,48404442,48101428
51PE01819,51406053,49404498,43402470
51PE01820,51406108,49404498,44402704
51PE01821,51405844,49404498,44402717
51PE01822,51405845,49404498,44402717
51PE01823,51406083,49404498,44402823
51PE01824,51406084,49404498,44402823
51PE01825,51406592,49404498,45402970
51PE01826,51405871,49404498,45402977
51PE01827,51405872,49404498,45402977
51PE01828,51405958,49404498,45403093
51PE01829,51405959,49404498,45403093
51PE01830,51406659,49404498,46403272
51PE01831,51406383,49404498,46403301
51PE01832,51406247,49404498,46403350
51PE01833,51405915,49404498,46403352
51PE01834,51405839,49404498,46403528
51PE01835,51406443,49404498,46403614
51PE01836,51406444,49404498,46403614
51PE01837,51405823,49404498,47403656
51PE01838,51405824,49404498,47403656
51PE01839,51406128,49404498,47403734
51PE01840,51406129,49404498,47403734
51PE01841,51405834,49404498,47403832
51PE01842,51406629,49404498,47403870
51PE01843,51406184,49404498,47403980
51PE01844,51406005,49404498,48404106
51PE01845,51405859,49404498,48404115
51PE01846,51406037,49404498,48404295
51PE01847,51406027,49404498,48404304
51PE01848,51405851,49404498,48404470
51PE01849,51406643,49404498,49404489
51PE01850,51405893,49404498,49404869
51PE01851,51406653,49404498,49404882
51PE01852,51406028,49404498,49404941
51PE01853,51406396,49404498,49404980
51PE01854,51406397,49404498,49405041
51PE01855,51405842,49404498,44480225
51PE01856,51405843,49404498,44480225
51PE01857,51406309,49404498,44480306
51PE01858,51406204,49404498,45480473
51PE01859,51406205,49404498,45480473
51PE01860,51405895,49404498,45480528
51PE01861,51405896,49404498,45480528
51PE01862,51405894,49404498,45480634
51PE01863,51405985,49404498,45480666
51PE01864,51405986,49404498,45480666
51PE01865,51406090,49404498,46480923
51PE01866,51406091,49404498,46480923
51PE01867,51406467,49404498,47481172
51PE01868,51406064,49404498,47481225
51PE01869,51406065,49404498,47481225
51PE01870,51406312,49404570,45403024
51PE01871,51406313,49404570,45403024
51PE01872,51405899,49404570,45403124
51PE01873,51405900,49404570,45403124
51PE01874,51405996,49404570,45403129
51PE01875,51405997,49404570,45403129
51PE01876,51406116,49404570,45403167
51PE01877,51406117,49404570,45403167
51PE01878,51406120,49404570,46403286
51PE01879,51406121,49404570,46403286
51PE01880,51406663,49404570,46403381
51PE01881,51406342,49404570,46403569
51PE01882,51406343,49404570,46403569
51PE01883,51406272,49404570,47403886
51PE01884,51406273,49404570,47403886
51PE01885,51406511,49404570,48404069
51PE01886,51406336,49404570,48404185
51PE01887,51405950,49404570,48404229
51PE01888,51406044,49404570,48404252
51PE01889,51406045,49404570,48404252
51PE01890,51406568,49404570,48404405
51PE01891,51405854,49404570,49404556
51PE01892,51405855,49404570,49404556
51PE01893,51405889,49404570,49404609
51PE01894,51406146,49404570,49404610
51PE01895,51405858,49404570,49404672
51PE01896,51406046,49404570,49404881
51PE01897,51406132,49404572,43402620
51PE01898,51406014,49404572,44402803
51PE01899,51405837,49404572,44402884
51PE01900,51406482,49404572,44402889
51PE01901,51406520,49404572,45403052
51PE01902,51406521,49404572,45403052
51PE01903,51406259,49404572,45403065
51PE01904,51406612,49404572,45403088
51PE01905,51405878,49404572,45403091
51PE01906,51405879,49404572,45403091
51PE01907,51406224,49404572,45403153
51PE01908,51406225,49404572,45403153
51PE01909,51406495,49404572,45403185
51PE01910,51406582,49404572,47403654
51PE01911,51406075,49404572,47403752
51PE01912,51406415,49404572,47403801
51PE01913,51406288,49404572,47403824
51PE01914,51406289,49404572,47403824
51PE01915,51406189,49404572,47403855
51PE01916,51406190,49404572,47403855
51PE01917,51406008,49404572,47403994
51PE01918,51406102,49404572,47404000
51PE01919,51406036,49404572,48404100
51PE01920,51405813,49404572,48404128
51PE01921,51406153,49404572,48404129
51PE01922,51406660,49404572,48404177
51PE01923,51406076,49404572,48404182
51PE01924,51406306,49404572,48404331
51PE01925,51406469,49404572,48404417
51PE01926,51405890,49404572,49404530
51PE01927,51406394,49404572,49404541
51PE01928,51406576,49404572,49404542
51PE01929,51406033,49404572,49404573
51PE01930,51406156,49404572,49404583
51PE01931,51406512,49404572,49404584
51PE01932,51406237,49404572,49404587
51PE01933,51406381,49404572,49404616
51PE01934,51406062,49404591,48404117
51PE01935,51406063,49404591,48404117
51PE01936,51406241,49404591,49404545
51PE01937,51406427,49404591,49404969
51PE01938,51406226,49404591,46480793
51PE01939,51406227,49404591,46480793
51PE01940,51406020,49404591,46480819
51PE01941,51406021,49404591,46480819
51PE01942,51406268,49404591,46480829
51PE01943,51406269,49404591,46480829
51PE01944,51406000,49404591,46480832
51PE01945,51406001,49404591,46480832
51PE01946,51405953,49404591,46480871
51PE01947,51405954,49404591,46480871
51PE01948,51406327,49404591,46480890
51PE01949,51406328,49404591,46480890
51PE01950,51405909,49404591,46480910
51PE01951,51405910,49404591,46480910
51PE01952,51406447,49404591,46480914
51PE01953,51406528,49404591,46480948
51PE01954,51406529,49404591,46480948
51PE01955,51406552,49404591,46480949
51PE01956,51406553,49404591,46480949
51PE01957,51406149,49404591,46480954
51PE01958,51406150,49404591,46480954
51PE01959,51406369,49404591,47481210
51PE01960,51406459,49404591,47481243
51PE01961,51406460,49404591,47481243
51PE01962,51405922,49404591,47481257
51PE01963,51406455,49404591,47481309
51PE01964,51406456,49404591,47481309
51PE01965,51406303,49404591,48481424
51PE01966,51406304,49404591,48481424
51PE01967,51406307,49404591,48481430
51PE01968,51406308,49404591,48481430
51PE01969,51406435,49404591,49481565
51PE01970,51406214,49404591,49481574
51PE01971,51406634,49404591,49481607
51PE01972,51406133,49404591,49481635
51PE01973,51405907,49404635,47403808
51PE01974,51405908,49404635,47403808
51PE01975,51405850,49404635,48404035
51PE01976,51405867,49404635,48404150
51PE01977,51405868,49404635,48404150
51PE01978,51406325,49404635,48404154
51PE01979,51406326,49404635,48404154
51PE01980,51406260,49404635,48404351
51PE01981,51406261,49404635,48404351
51PE01982,51406137,49404635,49404633
51PE01983,51405982,49404635,49404741
51PE01984,51406534,49404635,49404795
51PE01985,51406666,49404635,49404828
51PE01986,51406212,49404635,49404975
51PE01987,51406213,49404635,49404975
51PE01988,51406052,49404635,44480355
51PE01989,51406644,49404635,45480471
51PE01990,51406645,49404635,45480471
51PE01991,51406024,49404635,45480600
51PE01992,51406025,49404635,45480600
51PE01993,51406409,49404635,46480757
51PE01994,51406410,49404635,46480757
51PE01995,51405862,49404635,46480762
51PE01996,51406485,49404635,46480769
51PE01997,51406486,49404635,46480769
51PE01998,51405972,49404635,46480846
51PE01999,51406274,49404635,47481023
51PE02000,51406275,49404635,47481023
51PE02001,51406426,49404635,47481027
51PE02002,51406079,49404635,47481034
51PE02003,51406654,49404635,47481076
51PE02004,51406556,49404635,47481085
51PE02005,51406557,49404635,47481085
51PE02006,51406378,49404635,47481091
51PE02007,51406540,49404635,47481115
51PE02008,51406515,49404635,47481148
51PE02009,51406516,49404635,47481148
51PE02010,51406228,49404635,47481254
51PE02011,51406229,49404635,47481254
51PE02012,51406029,49404635,47481265
51PE02013,51405930,49404635,47481323
51PE02014,51405931,49404635,47481323
51PE02015,51406070,49404635,48481443
51PE02016,51406071,49404635,48481443
51PE02017,51405970,49404635,48481444
51PE02018,51406333,49404635,48481453
51PE02019,51406077,49404635,48481551
51PE02020,51406404,49404635,49481616
51PE02021,51406372,49404635,49481626
51PE02022,51406373,49404635,49481626
51PE02023,51406517,49404635,49481644
51PE02024,51406393,49404635,49481672
51PE02025,51481771,49404635,46920085
51PE02026,51481772,49404635,46920085
51PE02027,51406206,49404647,43402535
51PE02028,51406207,49404647,43402535
51PE02029,51406276,49404647,44402817
51PE02030,51406277,49404647,44402817
51PE02031,51405984,49404647,45402945
51PE02032,51405983,49404647,45403172
51PE02033,51406032,49404647,47403846
51PE02034,51405860,49404647,47403852
51PE02035,51406499,49404647,48404050
51PE02036,51405979,49404647,48404151
51PE02037,51406640,49404647,48404289
51PE02038,51406431,49404647,48404341
51PE02039,51405838,49404647,48404344
51PE02040,51405835,49404647,48404378
51PE02041,51406392,49404647,48404422
51PE02042,51406474,49404647,48404423
51PE02043,51406651,49404647,49404638
51PE02044,51406038,49404647,49404664
51PE02045,51406448,49404647,49404993
51PE02046,51406135,49404656,48404201
51PE02047,51406136,49404656,48404201
51PE02048,51406004,49404656,48404258
51PE02049,51406103,49404656,49404749
51PE02050,51406031,49404656,49404854
51PE02051,51406382,49404656,49405000
51PE02052,51406400,49404656,49405032
51PE02053,51406613,49404656,46480759
51PE02054,51406344,49404656,46480773
51PE02055,51405874,49404656,47481022
51PE02056,51405963,49404656,47481030
51PE02057,51405863,49404656,47481077
51PE02058,51405864,49404656,47481077
51PE02059,51405956,49404656,47481082
51PE02060,51405957,49404656,47481082
51PE02061,51406518,49404656,47481089
51PE02062,51406297,49404656,47481109
51PE02063,51406298,49404656,47481109
51PE02064,51406391,49404656,47481200
51PE02065,51406337,49404656,47481233
51PE02066,51406449,49404656,47481259
51PE02067,51406362,49404656,47481338
51PE02068,51406604,49404656,48481438
51PE02069,51406242,49404656,48481454
51PE02070,51406243,49404656,48481454
51PE02071,51405875,49404656,48481507
51PE02072,51405876,49404656,48481507
51PE02073,51406134,49404656,48481516
51PE02074,51406255,49404656,48481528
51PE02075,51406256,49404656,48481528
51PE02076,51406493,49404656,48481563
51PE02077,51406390,49404656,49481634
51PE02078,51406566,49404656,49481636
51PE02079,51406550,49404656,49481647
51PE02080,51406551,49404656,49481647
51PE02081,51481768,49404656,46920084
51PE02082,51481769,49404656,48920083
51PE02083,51481770,49404656,48920083
51PE02084,51406652,49404708,46403367
51PE02085,51406305,49404708,46403384
51PE02086,51406009,49404708,46403486
51PE02087,51406358,49404708,46403504
51PE02088,51406359,49404708,46403504
51PE02089,51406347,49404708,47403922
51PE02090,51406348,49404708,47403922
51PE02091,51406433,49404708,48404241
51PE02092,51405940,49404708,48404315
51PE02093,51405941,49404708,48404315
51PE02094,51406263,49404708,48404316
51PE02095,51406264,49404708,48404316
51PE02096,51405955,49404708,48404359
51PE02097,51406012,49404708,49404491
51PE02098,51406574,49404708,49404510
51PE02099,51406158,49404708,49404585
51PE02100,51406354,49404708,49404652
51PE02101,51406355,49404708,49404652
51PE02102,51406386,49404708,49404710
51PE02103,51406387,49404708,49404710
51PE02104,51406368,49404708,49404726
51PE02105,51406624,49404708,49404765
51PE02106,51406406,49404708,49404901
51PE02107,51406324,49404708,49405019
51PE02108,51406628,49404708,49405030
51PE02109,51405971,49404708,44480218
51PE02110,51406531,49404708,44480238
51PE02111,51406599,49404708,44480280
51PE02112,51406600,49404708,44480280
51PE02113,51406183,49404708,44480320
51PE02114,51406114,49404708,44480331
51PE02115,51406115,49404708,44480331
51PE02116,51406560,49404708,45480443
51PE02117,51406561,49404708,45480443
51PE02118,51406034,49404708,45480448
51PE02119,51405852,49404708,45480591
51PE02120,51405853,49404708,45480591
51PE02121,51406109,49404708,45480655
51PE02122,51406110,49404708,45480655
51PE02123,51406002,49404708,45480675
51PE02124,51406003,49404708,45480675
51PE02125,51406301,49404708,46480860
51PE02126,51406302,49404708,46480860
51PE02127,51405989,49404708,46480921
51PE02128,51406611,49404708,46480933
51PE02129,51406154,49404708,47481131
51PE02130,51406155,49404708,47481131
51PE02131,51406522,49404708,47481198
51PE02132,51406523,49404708,47481198
51PE02133,51406322,49404708,47481272
51PE02134,51406323,49404708,47481272
51PE02135,51406439,49404708,47481347
51PE02136,51406440,49404708,47481347
51PE02137,51406331,49404721,45403105
51PE02138,51406332,49404721,45403105
51PE02139,51406584,49404721,46403417
51PE02140,51406656,49404721,46403611
51PE02141,51406657,49404721,46403611
51PE02142,51406595,49404721,47403720
51PE02143,51406596,49404721,47403720
51PE02144,51406496,49404721,47403770
51PE02145,51406497,49404721,47403770
51PE02146,51406088,49404721,48404118
51PE02147,51406089,49404721,48404118
51PE02148,51406625,49404721,48404251
51PE02149,51406578,49404721,49404937
51PE02150,51406579,49404721,49404937
51PE02151,51406293,49404721,44480227
51PE02152,51406294,49404721,44480227
51PE02153,51101567,49404721,44101295
51PE02154,51406157,49404750,43402424
51PE02155,51406295,49404750,43402472
51PE02156,51406296,49404750,43402472
51PE02157,51406177,49404750,44402655
51PE02158,51406187,49404750,45403119
51PE02159,51406188,49404750,45403119
51PE02160,51406585,49404750,45403133
51PE02161,51406202,49404750,45403173
51PE02162,51406203,49404750,45403173
51PE02163,51406570,49404750,46403507
51PE02164,51406571,49404750,46403507
51PE02165,51406351,49404750,46403539
51PE02166,51405892,49404750,47403730
51PE02167,51405936,49404750,47403804
51PE02168,51405861,49404750,47403848
51PE02169,51406051,49404750,47403892
51PE02170,51406538,49404750,47403928
51PE02171,51406539,49404750,47403928
51PE02172,51405994,49404750,47403966
51PE02173,51405995,49404750,47403966
51PE02174,51406086,49404750,47403990
51PE02175,51406087,49404750,47403990
51PE02176,51406173,49404750,48404451
51PE02177,51406388,49404750,49404537
51PE02178,51406389,49404750,49404537
51PE02179,51406010,49404750,49404644
51PE02180,51406593,49404750,49404718
51PE02181,51406398,49404750,49404952
51PE02182,51406100,49404784,45403097
51PE02183,51406101,49404784,45403097
51PE02184,51406290,49404784,46403387
51PE02185,51406291,49404784,46403387
51PE02186,51406292,49404784,46403387
51PE02187,51405923,49404784,46403436
51PE02188,51406058,49404784,46403581
51PE02189,51406059,49404784,46403581
51PE02190,51406453,49404784,46403622
51PE02191,51406454,49404784,46403622
51PE02192,51406080,49404784,48404048
51PE02193,51406377,49404784,48404127
51PE02194,51406374,49404784,49404773
51PE02195,51406530,49404784,49405042
51PE02196,51406191,49404784,47481126
51PE02197,51406192,49404784,47481126
51PE02198,51406367,49404852,44480352
51PE02199,51405948,49404852,49404600
51PE02200,51406139,49404852,49404617
51PE02201,51406140,49404852,49404617
51PE02202,51406430,49404852,44480260
51PE02203,51406621,49404852,44480316
51PE02204,51406340,49404852,45480526
51PE02205,51406218,49404852,45480646
51PE02206,51406219,49404852,45480646
51PE02207,51405917,49404852,45480694
51PE02208,51405918,49404852,45480694
51PE02209,51405987,49404852,46480865
51PE02210,51405988,49404852,46480865
51PE02211,51405946,49404852,46480929
51PE02212,51405947,49404852,46480929
51PE02213,51406457,49404852,46481014
51PE02214,51406458,49404852,46481014
51PE02215,51406375,49404968,45403106
51PE02216,51406376,49404968,45403106
51PE02217,51406633,49404968,46403404
51PE02218,51406299,49404968,46403432
51PE02219,51406300,49404968,46403432
51PE02220,51406131,49404968,46403578
51PE02221,51406074,49404968,47403756
51PE02222,51405962,49404968,47403809
51PE02223,51406104,49404968,48404165
51PE02224,51406405,49404968,49404613
51PE02225,51406168,49404968,44480213
51PE02226,51406169,49404968,44480213
51PE02227,51101561,49404968,44101287
51PE02228,51101562,49404968,44101287
51PE02229,51406641,49404976,49404566
51PE02230,51406642,49404976,49404566
51PE02231,51405934,49404976,49404783
51PE02232,51405916,49404976,49405052
51PE02233,51405905,49404976,44480338
51PE02234,51405906,49404976,44480338
51PE02235,51405880,49404996,46480802
51PE02236,51405881,49404996,46480802
51PE02237,51406379,49404996,46480849
51PE02238,51406380,49404996,46480849
51PE02239,51405882,49404996,46480877
51PE02240,51405883,49404996,46480877
51PE02241,51406478,49404996,46480895
51PE02242,51406479,49404996,46480895
51PE02243,51406142,49404996,46480903
51PE02244,51406143,49404996,46480903
51PE02245,51406481,49404996,46480961
51PE02246,51406602,49404996,46480985
51PE02247,51406603,49404996,46480985
51PE02248,51406022,49404996,47481165
51PE02249,51406023,49404996,47481165
51PE02250,51406060,49404996,47481174
51PE02251,51406061,49404996,47481174
51PE02252,51406238,49404996,47481181
51PE02253,51406564,49404996,47481184
51PE02254,51406441,49404996,47481211
51PE02255,51406442,49404996,47481211
51PE02256,51406586,49404996,47481212
51PE02257,51406587,49404996,47481212
51PE02258,51406253,49404996,47481227
51PE02259,51406254,49404996,47481227
51PE02260,51405888,49404996,48481440
51PE02261,51406407,49404996,48481464
51PE02262,51406408,49404996,48481464
51PE02263,51406494,49404996,48481476
51PE02264,51406164,49404996,48481477
51PE02265,51406165,49404996,48481477
51PE02266,51406338,49404996,48481536
51PE02267,51406484,49405013,49404544
51PE02268,51406664,49405013,49404889
51PE02269,51406185,49405013,49404991
51PE02270,51406186,49405013,49404991
51PE02271,51406126,49405013,44480367
51PE02272,51406127,49405013,44480367
51PE02273,51406159,49405013,45480425
51PE02274,51405825,49405013,45480490
51PE02275,51405826,49405013,45480490
51PE02276,51406572,49405013,45480584
51PE02277,51406573,49405013,45480584
51PE02278,51406249,49405013,45480737
51PE02279,51406250,49405013,45480737
51PE02280,51406524,49405013,46480814
51PE02281,51406525,49405013,46480814
51PE02282,51406420,49405013,46480970
51PE02283,51406421,49405013,46480970
51PE02284,51101560,49405013,48101434
51PE02285,51406402,49405027,43402421
51PE02286,51406403,49405027,43402421
51PE02287,51406452,49405027,44402665
51PE02288,51406370,49405027,44402713
51PE02289,51406371,49405027,44402713
51PE02290,51406646,49405027,44402748
51PE02291,51406647,49405027,44402748
51PE02292,51405914,49405027,44402840
51PE02293,51406465,49405027,45402916
51PE02294,51406466,49405027,45402916
51PE02295,51406622,49405027,45403001
51PE02296,51406623,49405027,45403001
51PE02297,51405944,49405027,45403062
51PE02298,51405945,49405027,45403062
51PE02299,51406607,49405027,45403108
51PE02300,51406608,49405027,45403108
51PE02301,51406541,49405027,45403149
51PE02302,51406542,49405027,45403149
51PE02303,51406066,49405027,46403254
51PE02304,51406067,49405027,46403254
51PE02305,51405865,49405027,46403281
51PE02306,51405866,49405027,46403281
51PE02307,51406589,49405027,46403391
51PE02308,51406630,49405027,46403529
51PE02309,51406217,49405027,46403564
51PE02310,51406480,49405027,47403669
51PE02311,51406257,49405027,47403670
51PE02312,51406258,49405027,47403670
51PE02313,51405886,49405027,47403860
51PE02314,51405887,49405027,47403860
51PE02315,51405992,49405027,47403931
51PE02316,51405993,49405027,47403931
51PE02317,51406287,49405027,47403949
51PE02318,51406583,49405027,49404546
51PE02319,51406285,49405027,49404611
51PE02320,51406236,49405027,49404679
51PE02321,51406234,49405027,49404798
51PE02322,51405817,49405027,49404801
51PE02323,51405818,49405027,49404801
51PE02324,51406594,49405059,47403762
51PE02325,51406222,49405059,48404034
51PE02326,51406223,49405059,48404034
51PE02327,51406432,49405059,48404160
51PE02328,51406278,49405059,48404226
51PE02329,51406279,49405059,48404226
51PE02330,51406575,49405059,48404455
51PE02331,51406107,49405059,49404691
51PE02332,51406262,49405059,45480409
51PE02333,51405990,49405059,45480521
51PE02334,51405991,49405059,45480521
51PE02335,51406016,49405059,45480656
51PE02336,51406017,49405059,45480656
51PE02337,51406316,49405059,46480943
51PE02338,51406317,49405059,46480943
51PE02339,51101568,49405059,47101407
51PE02340,51101569,49405059,47101407
51PE02341,51406106,49405060,49404924
51PE02342,51405973,49405060,44480244
51PE02343,51405974,49405060,44480244
51PE02344,51405920,49405060,44480343
51PE02345,51405921,49405060,44480343
51PE02346,51405967,49405060,45480510
51PE02347,51405968,49405060,45480510
51PE02348,51405969,49405060,45480510
51PE02349,51406468,49405060,45480530
51PE02350,51405840,49405060,45480561
51PE02351,51405841,49405060,45480561
51PE02352,51406011,49405060,46480780
51PE02353,51405901,49405060,46480869
51PE02354,51405902,49405060,46480869
51PE02355,51405928,49405060,46481002
51PE02356,51405929,49405060,46481002
51PE02357,51406661,49405060,47481332
51PE02358,51406662,49405060,47481332
51PE02359,51101557,49405060,48101441
51PE02360,51406483,50405483,44402660
51PE02361,51406170,50405483,44402675
51PE02362,51406171,50405483,44402675
51PE02363,51406533,50405483,44402890
51PE02364,51406200,50405483,44402891
51PE02365,51406201,50405483,44402891
51PE02366,51405891,50405483,45403019
51PE02367,51406360,50405483,45403218
51PE02368,51406361,50405483,45403218
51PE02369,51406601,50405483,46403257
51PE02370,51406098,50405483,46403283
51PE02371,51406099,50405483,46403283
51PE02372,51406636,50405483,46403335
51PE02373,51406092,50405483,46403413
51PE02374,51406093,50405483,46403413
51PE02375,51406081,50405483,46403517
51PE02376,51406082,50405483,46403517
51PE02377,51406567,50405483,46403523
51PE02378,51406122,50405483,46403573
51PE02379,51406123,50405483,46403573
51PE02380,51405952,50405483,47403650
51PE02381,51406015,50405483,47403716
51PE02382,51406030,50405483,47403814
51PE02383,51406244,50405483,47403830
51PE02384,51406245,50405483,47403830
51PE02385,51406176,50405483,47403906
51PE02386,51406048,50405483,48404049
51PE02387,51406233,50405483,48404278
51PE02388,51406665,50405483,49404577
51PE02389,51406588,50405483,49404775
51PE02390,51406251,47481118,47403989
51PE02391,51406252,47481118,47403989
51PE02392,51406210,47481118,48404064
51PE02393,51406211,47481118,48404064
51PE02394,51406422,47481118,48404190
51PE02395,51406314,47481118,48404265
51PE02396,51406315,47481118,48404265
51PE02397,51406565,47481118,48404324
51PE02398,51406450,47481118,49404815
51PE02399,51406418,47481118,45480430
51PE02400,51406419,47481118,45480430
51PE02401,51406356,47481118,45480496
51PE02402,51406357,47481118,45480496
51PE02403,51406487,47481118,45480570
51PE02404,51406488,47481118,45480570
51PE02405,51406648,47481118,46480875
51PE02406,51406649,47481118,46480875
51PE02407,51405830,47481118,47481331
51PE02408,51405814,48481412,47403894
51PE02409,51406056,48481412,48404133
51PE02410,51406057,48481412,48404133
51PE02411,51406470,48481412,48404155
51PE02412,51405836,48481412,49404502
51PE02413,51405847,48481412,49404511
51PE02414,51406335,48481412,49404829
51PE02415,51406543,48481412,44480289
51PE02416,51405977,48481412,45480487
51PE02417,51405978,48481412,45480487
51PE02418,51406505,48481412,45480627
51PE02419,51406519,48481412,45480627
51PE02420,51406473,48481412,46480825
51PE02421,51405832,48481412,47481381
51PE02422,51405833,48481412,47481381
51PE02423,51406395,49481577,48404037
51PE02424,51406318,49481577,48404410
51PE02425,51406319,49481577,48404410
51PE02426,51406286,49481577,48404444
51PE02427,51406235,49481577,49404483
51PE02428,51405873,49481577,49404745
51PE02429,51405913,49481577,49404763
51PE02430,51406248,49481577,49404769
51PE02431,51406072,49481577,49404887
51PE02432,51406073,49481577,49404887
51PE02433,51406041,49481577,49404888
51PE02434,51405869,49481577,46480841
51PE02435,51405870,49481577,46480841
51PE02436,51405848,49481577,46480858
51PE02437,51405849,49481577,46480858
51PE02438,51406548,49481577,46480899
51PE02439,51406549,49481577,46480899
51PE02440,51406018,49481577,46480900
51PE02441,51406019,49481577,46480900
51PE02442,51405897,49481577,46480931
51PE02443,51405898,49481577,46480931
51PE02444,51406364,49481577,46480964
51PE02445,51406365,49481577,46480964
51PE02446,51406172,49481577,47481111
51PE02447,51406341,49481577,47481191
51PE02448,51406160,49481577,47481203
51PE02449,51406161,49481577,47481203
51PE02450,51406232,49481577,48481432
51PE02451,51406138,49481577,48481459
51PE02452,51406461,49481577,48481489
51PE02453,51406462,49481577,48481489
51PE02454,51406616,49481577,48481493
51PE02455,51406182,49481577,48481500
51PE02456,51406266,49481577,48481532
51PE02457,51406500,49481577,48481533
51PE02458,51405937,49481577,49481567
51PE02459,51406130,49481577,49481575
51PE02460,51406424,49481656,47403938
51PE02461,51406425,49481656,47403938
51PE02462,51406181,49481656,48404112
51PE02463,51406329,49481656,48404224
51PE02464,51406330,49481656,48404224
51PE02465,51405812,49481656,48404473
51PE02466,51406339,49481656,49404803
51PE02467,51406514,49481656,49404813
51PE02468,51406007,49481656,44480336
51PE02469,51406503,49481656,45480550
51PE02470,51406504,49481656,45480550
51PE02471,51406216,49481656,45480599
51PE02472,51406491,49481656,45480665
51PE02473,51406492,49481656,45480665
51PE02474,51406554,49481656,47481390
51PE02475,51406555,49481656,47481390
51PE02476,51101553,49481656,44101279
51PE02477,51101554,49481656,44101279
51PE02478,51405980,49481662,48404030
51PE02479,51406658,49481662,48404134
51PE02480,51406637,49481662,48404218
51PE02481,51405884,49481662,49404578
51PE02482,51405885,49481662,49404578
51PE02483,51406434,49481662,49404630
51PE02484,51405935,49481662,45480453
51PE02485,51406178,49481662,45480514
51PE02486,51405926,49481662,45480588
51PE02487,51405927,49481662,45480588
51PE02488,51406195,49481662,46480936
51PE02489,51406196,49481662,46480936
51PE02490,51405877,49481662,47481368
51PE02491,51101555,49481662,48101430
51PE02492,51101556,49481662,48101430
51PE02493,51608191,48606746,43604453
51PE02494,51608192,48606746,43604453
51PE02495,51608699,48606746,44604740
51PE02496,51608527,48606746,45605086
51PE02497,51608528,48606746,45605086
51PE02498,51608182,48606746,45605497
51PE02499,51608215,48606746,46605717
51PE02500,51608631,48606746,46605788
51PE02501,51608143,48606746,46606089
51PE02502,51608270,48606746,47606184
51PE02503,51608397,48606746,47606247
51PE02504,51608398,48606746,47606247
51PE02505,51608414,48606746,47606355
51PE02506,51608249,48606746,47606590
51PE02507,51608250,48606746,47606590
51PE02508,51608361,48606746,48606600
51PE02509,51608555,48606746,48606619
51PE02510,51608711,48606746,48606714
51PE02511,51608550,48606746,48606736
51PE02512,51608183,48606746,48606995
51PE02513,51608188,48606746,48606995
51PE02514,51608436,48606746,49607180
51PE02515,51608364,48606746,49607238
51PE02516,51608199,48606746,49607266
51PE02517,51608622,48606746,49607335
51PE02518,51608172,48606746,49607440
51PE02519,51608551,48606746,49607480
51PE02520,51608549,48606746,49607564
51PE02521,51608625,48606746,45671325
51PE02522,51608626,48606746,45671325
51PE02523,51608695,48606746,45671390
51PE02524,51608696,48606746,45671390
51PE02525,51608284,48606746,46671419
51PE02526,51608490,48606746,46671459
51PE02527,51608491,48606746,46671459
51PE02528,51608606,48606746,46671467
51PE02529,51608442,48606767,44604627
51PE02530,51608443,48606767,44604627
51PE02531,51608581,48606767,45605333
51PE02532,51608664,48606767,45605443
51PE02533,51608212,48606767,46605595
51PE02534,51608567,48606767,46605596
51PE02535,51608440,48606767,46605722
51PE02536,51608441,48606767,46605722
51PE02537,51608643,48606767,46605768
51PE02538,51608460,48606767,46605785
51PE02539,51608461,48606767,46605785
51PE02540,51608181,48606767,46605924
51PE02541,51608141,48606767,46605944
51PE02542,51608253,48606767,46606108
51PE02543,51608659,48606767,47606208
51PE02544,51608568,48606767,47606239
51PE02545,51608385,48606767,47606323
51PE02546,51608229,48606767,47606546
51PE02547,51608511,48606767,48606683
51PE02548,51608475,48606767,48606754
51PE02549,51608197,48606767,48606922
51PE02550,51608198,48606767,48606922
51PE02551,51608582,48606767,48606971
51PE02552,51608117,48606767,48607024
51PE02553,51608118,48606767,48607024
51PE02554,51608587,48606767,49607071
51PE02555,51608519,48606767,49607264
51PE02556,51608341,48606767,49607280
51PE02557,51608258,48606767,49607350
51PE02558,51608180,48606767,49607373
51PE02559,51608328,48606767,49607400
51PE02560,51608115,48606767,49607409
51PE02561,51608427,48606767,49607410
51PE02562,51608264,48606767,49607450
51PE02563,51608265,48606767,49607450
51PE02564,51608227,48606767,49607464
51PE02565,51608389,48606767,49607469
51PE02566,51608142,48606767,49607573
51PE02567,51608363,48606767,42670810
51PE02568,51608299,48606767,42670815
51PE02569,51608255,48606767,44671165
51PE02570,51608387,48606925,43604579
51PE02571,51608388,48606925,43604579
51PE02572,51608653,48606925,44604670
51PE02573,51608654,48606925,44604670
51PE02574,51608415,48606925,44604720
51PE02575,51608416,48606925,44604945
51PE02576,51608417,48606925,44604945
51PE02577,51608381,48606925,45605341
51PE02578,51608214,48606925,45605416
51PE02579,51608283,48606925,45605474
51PE02580,51608399,48606925,46605817
51PE02581,51608400,48606925,46605817
51PE02582,51608344,48606925,46606021
51PE02583,51608168,48606925,46606081
51PE02584,51608349,48606925,47606162
51PE02585,51608350,48606925,47606162
51PE02586,51608240,48606925,47606289
51PE02587,51608241,48606925,47606289
51PE02588,51608155,48606925,47606407
51PE02589,51608156,48606925,47606407
51PE02590,51608588,48606925,47606459
51PE02591,51608697,48606925,47606535
51PE02592,51608698,48606925,47606535
51PE02593,51608585,48606925,47606591
51PE02594,51608303,48606925,48606759
51PE02595,51608553,48606925,48606838
51PE02596,51608351,48606925,48606960
51PE02597,51608367,48606925,48607050
51PE02598,51608368,48606925,48607050
51PE02599,51608226,48606925,49607230
51PE02600,51608259,48606925,49607312
51PE02601,51608566,48606925,49607405
51PE02602,51608157,48606925,49607415
51PE02603,51608632,48606925,49607451
51PE02604,51608256,48606925,49607556
51PE02605,51608498,48606925,45671344
51PE02606,51608499,48606925,45671344
51PE02607,51608454,48606925,45671378
51PE02608,51608455,48606925,45671378
51PE02609,51608541,48606925,45671379
51PE02610,51608542,48606925,45671379
51PE02611,51608591,48606984,44604791
51PE02612,51608401,48606984,44604930
51PE02613,51608402,48606984,44604930
51PE02614,51608151,48606984,45605393
51PE02615,51608152,48606984,45605393
51PE02616,51608671,48606984,45605462
51PE02617,51608345,48606984,46605733
51PE02618,51608346,48606984,46605733
51PE02619,51608538,48606984,46605748
51PE02620,51608469,48606984,46605853
51PE02621,51608325,48606984,46605951
51PE02622,51608662,48606984,47606233
51PE02623,51608663,48606984,47606233
51PE02624,51608529,48606984,47606237
51PE02625,51608413,48606984,47606303
51PE02626,51608360,48606984,47606453
51PE02627,51608620,48606984,47606524
51PE02628,51608621,48606984,47606524
51PE02629,51608119,48606984,48606608
51PE02630,51608543,48606984,48606651
51PE02631,51608544,48606984,48606651
51PE02632,51608616,48606984,48606752
51PE02633,51608516,48606984,48606820
51PE02634,51608552,48606984,48606903
51PE02635,51608148,48606984,48606916
51PE02636,51608633,48606984,49607220
51PE02637,51608518,48606984,49607439
51PE02638,51608667,48606984,49607441
51PE02639,51608483,48606984,49607443
51PE02640,51608447,48606984,49607491
51PE02641,51608260,48606984,49607511
51PE02642,51608239,48606984,45671321
51PE02643,51608411,48606984,45671324
51PE02644,51608412,48606984,45671324
51PE02645,51608611,48606984,46671458
51PE02646,51608612,48606984,46671458
51PE02647,51608121,48606984,46671469
51PE02648,51608122,48606984,46671469
51PE02649,51608474,48607008,43604576
51PE02650,51608504,48607008,44604796
51PE02651,51608505,48607008,44604796
51PE02652,51608479,48607008,44604827
51PE02653,51608480,48607008,44604827
51PE02654,51608384,48607008,45605089
51PE02655,51608674,48607008,45605096
51PE02656,51608688,48607008,45605167
51PE02657,51608379,48607008,46605571
51PE02658,51608579,48607008,46605764
51PE02659,51608287,48607008,46605844
51PE02660,51608288,48607008,46605844
51PE02661,51608595,48607008,46605859
51PE02662,51608596,48607008,46605859
51PE02663,51608640,48607008,47606214
51PE02664,51608641,48607008,47606214
51PE02665,51608352,48607008,47606227
51PE02666,51608353,48607008,47606227
51PE02667,51608144,48607008,47606516
51PE02668,51608545,48607008,48606604
51PE02669,51608127,48607008,48606788
51PE02670,51608128,48607008,48606788
51PE02671,51608450,48607008,48606810
51PE02672,51608403,48607008,48606815
51PE02673,51608404,48607008,48606815
51PE02674,51608369,48607008,48606825
51PE02675,51608370,48607008,48606825
51PE02676,51608146,48607008,48606966
51PE02677,51608646,48607008,49607379
51PE02678,51608126,48607008,49607414
51PE02679,51608433,48607008,49607587
51PE02680,51608584,49607083,43604497
51PE02681,51608691,49607083,43604509
51PE02682,51608692,49607083,43604509
51PE02683,51608383,49607083,44604683
51PE02684,51608665,49607083,44604902
51PE02685,51608666,49607083,44604902
51PE02686,51608134,49607083,45605054
51PE02687,51608324,49607083,45605264
51PE02688,51608594,49607083,45605382
51PE02689,51608608,49607083,46605834
51PE02690,51608494,49607083,46606059
51PE02691,51608495,49607083,46606059
51PE02692,51608459,49607083,47606235
51PE02693,51608428,49607083,47606244
51PE02694,51608429,49607083,47606244
51PE02695,51608171,49607083,47606420
51PE02696,51608380,49607083,48606621
51PE02697,51608514,49607083,49607105
51PE02698,51608139,49607083,49607160
51PE02699,51608672,49607083,49607209
51PE02700,51608206,49607083,49607291
51PE02701,51608408,49607083,49607407
51PE02702,51608164,49607083,49607430
51PE02703,51608513,49607083,49607482
51PE02704,51608678,49607083,49607484
51PE02705,51608130,49607083,49607485
51PE02706,51608147,49607083,49607487
51PE02707,51608125,49607083,49607489
51PE02708,51608583,49607083,49607578
51PE02709,51608634,49607083,49607581
51PE02710,51608650,49607083,43670986
51PE02711,51608677,49607083,43671117
51PE02712,51608405,49607083,44671275
51PE02713,51608592,49607106,49607202
51PE02714,51608593,49607106,49607202
51PE02715,51608390,49607106,47671480
51PE02716,51608422,49607106,47671496
51PE02717,51608451,49607106,47671514
51PE02718,51608216,49607106,48671544
51PE02719,51608558,49607106,48671564
51PE02720,51608559,49607106,48671564
51PE02721,51608244,49607106,49671578
51PE02722,51671662,49607106,43680806
51PE02723,51671663,49607106,43680806
51PE02724,51671652,49607106,47680821
51PE02725,51671674,49607106,47680863
51PE02726,51671675,49607106,47680863
51PE02727,51671668,49607106,48680912
51PE02728,51671661,49607106,48680913
51PE02729,51671645,49607106,48680932
51PE02730,51671646,49607106,48680932
51PE02731,51671647,49607106,48680952
51PE02732,51671658,49607106,48680960
51PE02733,51671659,49607106,48680968
51PE02734,51671660,49607106,48680968
51PE02735,51671672,49607106,48680969
51PE02736,51671673,49607106,48680993
51PE02737,51671681,49607106,48681006
51PE02738,51671682,49607106,48681006
51PE02739,51671678,49607106,48681011
51PE02740,51671666,49607106,45690395
51PE02741,51671667,49607106,45690395
51PE02742,51608261,49607139,42604147
51PE02743,51608298,49607139,43604554
51PE02744,51608246,49607139,44604708
51PE02745,51608286,49607139,45605147
51PE02746,51608525,49607139,45605186
51PE02747,51608526,49607139,45605186
51PE02748,51608243,49607139,45605246
51PE02749,51608274,49607139,45605511
51PE02750,51608706,49607139,46605893
51PE02751,51608254,49607139,47606249
51PE02752,51608578,49607139,47606316
51PE02753,51608655,49607139,47606441
51PE02754,51608656,49607139,47606441
51PE02755,51608158,49607139,47606458
51PE02756,51608116,49607139,48606697
51PE02757,51608232,49607139,48606817
51PE02758,51608300,49607139,48606990
51PE02759,51608710,49607139,49607151
51PE02760,51608195,49607139,49607205
51PE02761,51608438,49607139,49607454
51PE02762,51608340,49607139,49607501
51PE02763,51608237,49607153,44604663
51PE02764,51608238,49607153,44604663
51PE02765,51608200,49607153,44604964
51PE02766,51608201,49607153,44604964
51PE02767,51608225,49607153,45605200
51PE02768,51608281,49607153,45605292
51PE02769,51608707,49607153,46605632
51PE02770,51608217,49607153,46605691
51PE02771,51608610,49607153,46605982
51PE02772,51608211,49607153,47606166
51PE02773,51608425,49607153,47606229
51PE02774,51608129,49607153,47606255
51PE02775,51608687,49607153,47606301
51PE02776,51608293,49607153,47606404
51PE02777,51608294,49607153,47606404
51PE02778,51608356,49607153,47606470
51PE02779,51608357,49607153,47606470
51PE02780,51608534,49607153,48606691
51PE02781,51608535,49607153,48606691
51PE02782,51608271,49607153,48607023
51PE02783,51608708,49607153,48607048
51PE02784,51608285,49607153,49607141
51PE02785,51608434,49607153,49607181
51PE02786,51608704,49607153,49607183
51PE02787,51608618,49607153,49607281
51PE02788,51608444,49607153,49607340
51PE02789,51608435,49607153,49607372
51PE02790,51608554,49607153,49607444
51PE02791,51608228,49607153,49607563
51PE02792,51608580,49607153,49607579
51PE02793,51608330,49607153,44671167
51PE02794,51608275,49607201,44604629
51PE02795,51608276,49607201,44604629
51PE02796,51608161,49607201,44604685
51PE02797,51608162,49607201,44604685
51PE02798,51608686,49607201,45605131
51PE02799,51608123,49607201,45605250
51PE02800,51608124,49607201,45605250
51PE02801,51608322,49607201,46605609
51PE02802,51608342,49607201,46605627
51PE02803,51608343,49607201,46605627
51PE02804,51608644,49607201,46605998
51PE02805,51608645,49607201,46605998
51PE02806,51608488,49607201,46606056
51PE02807,51608489,49607201,46606056
51PE02808,51608473,49607201,46606126
51PE02809,51608173,49607201,47606148
51PE02810,51608174,49607201,47606148
51PE02811,51608614,49607201,47606251
51PE02812,51608615,49607201,47606251
51PE02813,51608658,49607201,47606275
51PE02814,51608166,49607201,47606395
51PE02815,51608167,49607201,47606395
51PE02816,51608295,49607201,47606483
51PE02817,51608395,49607201,48606609
51PE02818,51608396,49607201,48606609
51PE02819,51608150,49607201,48606616
51PE02820,51608309,49607201,48606654
51PE02821,51608310,49607201,48606654
51PE02822,51608301,49607201,48606666
51PE02823,51608333,49607201,48606747
51PE02824,51608476,49607201,48606872
51PE02825,51608523,49607201,48606906
51PE02826,51608524,49607201,48606906
51PE02827,51608410,49607201,48607031
51PE02828,51608619,49607201,49607226
51PE02829,51608165,49607201,49607260
51PE02830,51608660,49607201,49607311
51PE02831,51608509,49607201,49607398
51PE02832,51608468,49607201,49607518
51PE02833,51608694,49607201,45671307
51PE02834,51608193,49607204,44604866
51PE02835,51608194,49607204,44604866
51PE02836,51608338,49607204,45605267
51PE02837,51608339,49607204,45605267
51PE02838,51608251,49607204,45605297
51PE02839,51608508,49607204,46605570
51PE02840,51608569,49607204,46605625
51PE02841,51608269,49607204,46605719
51PE02842,51608149,49607204,46605765
51PE02843,51608564,49607204,46606040
51PE02844,51608186,49607204,47606193
51PE02845,51608187,49607204,47606193
51PE02846,51608268,49607204,47606221
51PE02847,51608320,49607204,47606282
51PE02848,51608304,49607204,47606330
51PE02849,51608470,49607204,47606390
51PE02850,51608242,49607204,48606611
51PE02851,51608218,49607204,48606737
51PE02852,51608135,49607204,48606787
51PE02853,51608136,49607204,48606787
51PE02854,51608637,49607204,49607099
51PE02855,51608145,49607204,49607157
51PE02856,51608308,49607204,49607178
51PE02857,51608131,49607204,49607187
51PE02858,51608512,49607204,49607331
51PE02859,51608617,49607204,49607515
51PE02860,51608572,49607204,49607566
51PE02861,51608221,49607204,49607597
51PE02862,51608222,49607204,49607597
51PE02863,51608371,49607204,44671221
51PE02864,51608372,49607204,44671221
51PE02865,51608377,49607204,44671227
51PE02866,51608378,49607204,44671227
51PE02867,51608184,49607204,44671271
51PE02868,51608185,49607204,44671271
51PE02869,51608223,49607211,43604313
51PE02870,51608224,49607211,43604313
51PE02871,51608597,49607211,44604809
51PE02872,51608598,49607211,44604809
51PE02873,51608386,49607211,44604815
51PE02874,51608684,49607211,44604844
51PE02875,51608685,49607211,44604844
51PE02876,51608623,49607211,44604862
51PE02877,51608624,49607211,44604862
51PE02878,51608481,49607211,45605059
51PE02879,51608482,49607211,45605059
51PE02880,51608196,49607211,45605146
51PE02881,51608318,49607211,45605367
51PE02882,51608319,49607211,45605367
51PE02883,51608282,49607211,45605379
51PE02884,51608510,49607211,45605384
51PE02885,51608530,49607211,45605403
51PE02886,51608531,49607211,45605403
51PE02887,51608132,49607211,46605578
51PE02888,51608537,49607211,46605610
51PE02889,51608629,49607211,46605665
51PE02890,51608630,49607211,46605665
51PE02891,51608391,49607211,46605708
51PE02892,51608392,49607211,46605708
51PE02893,51608273,49607211,46605755
51PE02894,51608492,49607211,47606182
51PE02895,51608493,49607211,47606182
51PE02896,51608466,49607211,47606199
51PE02897,51608314,49607211,47606322
51PE02898,51608458,49607211,47606392
51PE02899,51608464,49607211,47606422
51PE02900,51608465,49607211,47606422
51PE02901,51608213,49607211,47606541
51PE02902,51608159,49607211,47606573
51PE02903,51608160,49607211,47606573
51PE02904,51608657,49607211,47606577
51PE02905,51608574,49607211,47606586
51PE02906,51608575,49607211,47606586
51PE02907,51608586,49607211,48606645
51PE02908,51608421,49607211,48606689
51PE02909,51608137,49607211,48606708
51PE02910,51608138,49607211,48606708
51PE02911,51608589,49607211,48606711
51PE02912,51608590,49607211,48606711
51PE02913,51608235,49607211,48606987
51PE02914,51608236,49607211,48606987
51PE02915,51608571,49607211,49607128
51PE02916,51608375,49607211,49607175
51PE02917,51608376,49607211,49607175
51PE02918,51608439,49607211,49607212
51PE02919,51608426,49607211,49607219
51PE02920,51608471,49607211,49607290
51PE02921,51608683,49607211,49607310
51PE02922,51608307,49607211,49607353
51PE02923,51608437,49607211,49607532
51PE02924,51608648,49607211,43670996
51PE02925,51608649,49607211,43670996
51PE02926,51608262,49607211,43671002
51PE02927,51608263,49607211,43671002
51PE02928,51608209,49607211,43671055
51PE02929,51608210,49607211,43671055
51PE02930,51608635,49607211,44671183
51PE02931,51608560,49607211,44671202
51PE02932,51608561,49607211,44671202
51PE02933,51608153,49607211,44671215
51PE02934,51608154,49607211,44671215
51PE02935,51608323,49607211,44671230
51PE02936,51608326,49607211,44671235
51PE02937,51608515,49607211,44671255
51PE02938,51608272,49607270,44604625
51PE02939,51608423,49607270,44604631
51PE02940,51608424,49607270,44604631
51PE02941,51608266,49607270,44604776
51PE02942,51608267,49607270,44604776
51PE02943,51608604,49607270,44604814
51PE02944,51608302,49607270,44604942
51PE02945,51608321,49607270,44605038
51PE02946,51608673,49607270,45605205
51PE02947,51608120,49607270,45605232
51PE02948,51608189,49607270,45605239
51PE02949,51608190,49607270,45605239
51PE02950,51608496,49607270,45605385
51PE02951,51608497,49607270,45605385
51PE02952,51608547,49607270,45605477
51PE02953,51608548,49607270,45605477
51PE02954,51608462,49607270,46605855
51PE02955,51608463,49607270,46605855
51PE02956,51608681,49607270,46605985
51PE02957,51608682,49607270,46605985
51PE02958,51608219,49607270,46606032
51PE02959,51608220,49607270,46606032
51PE02960,51608562,49607270,47606176
51PE02961,51608563,49607270,47606176
51PE02962,51608420,49607270,47606236
51PE02963,51608539,49607270,47606286
51PE02964,51608540,49607270,47606286
51PE02965,51608296,49607270,47606382
51PE02966,51608638,49607270,47606425
51PE02967,51608639,49607270,47606425
51PE02968,51608278,49607270,47606436
51PE02969,51608279,49607270,47606436
51PE02970,51608277,49607270,47606450
51PE02971,51608668,49607270,47606518
51PE02972,51608177,49607270,47606526
51PE02973,51608178,49607270,47606526
51PE02974,51608520,49607270,48606762
51PE02975,51608521,49607270,48606762
51PE02976,51608163,49607270,48606963
51PE02977,51608599,49607270,48607011
51PE02978,51608517,49607270,49607081
51PE02979,51608373,49607270,49607241
51PE02980,51608374,49607270,49607241
51PE02981,51608365,49607270,49607271
51PE02982,51608366,49607270,49607271
51PE02983,51608418,49607270,49607507
51PE02984,51608419,49607270,49607507
51PE02985,51608257,49607270,49607535
51PE02986,51608336,49607270,43671005
51PE02987,51608337,49607270,43671005
51PE02988,51608484,49607270,43671122
51PE02989,51608485,49607270,43671122
51PE02990,51608609,49607270,46671415
51PE02991,51608179,49607270,46671417
51PE02992,51608536,49607270,46671439
51PE02993,51608231,49607270,46671442
51PE02994,51608430,49607270,46671456
51PE02995,51608431,49607270,46671456
51PE02996,51608679,49607270,46671460
51PE02997,51608680,49607270,46671460
51PE02998,51608472,49607270,46671466
51PE02999,51608448,49607375,45605149
51PE03000,51608449,49607375,45605149
51PE03001,51608207,49607375,45605223
51PE03002,51608208,49607375,45605223
51PE03003,51608280,49607375,45605358
51PE03004,51608532,49607375,45605502
51PE03005,51608456,49607375,46605771
51PE03006,51608457,49607375,46605771
51PE03007,51608317,49607375,47606156
51PE03008,51608175,49607375,47606549
51PE03009,51608176,49607375,47606549
51PE03010,51608393,49607375,48606626
51PE03011,51608394,49607375,48606626
51PE03012,51608407,49607375,49607188
51PE03013,51608329,49607375,49607286
51PE03014,51608453,49607375,49607334
51PE03015,51608661,49607375,49607396
51PE03016,51608506,49607375,45671317
51PE03017,51608507,49607375,45671317
51PE03018,51608607,49607375,45671327
51PE03019,51608354,49607375,45671330
51PE03020,51608355,49607375,45671330
51PE03021,51608332,49607375,45671406
51PE03022,51608252,49607375,46671421
51PE03023,51608334,49607375,46671453
51PE03024,51608335,49607375,46671453
51PE03025,51608627,49607375,46671454
51PE03026,51608628,49607375,46671454
51PE03027,51608693,49607534,43604574
51PE03028,51608703,49607534,44604848
51PE03029,51608675,49607534,44604960
51PE03030,51608676,49607534,44604960
51PE03031,51608204,49607534,44604968
51PE03032,51608205,49607534,44604968
51PE03033,51608477,49607534,45605098
51PE03034,51608478,49607534,45605098
51PE03035,51608247,49607534,45605101
51PE03036,51608248,49607534,45605101
51PE03037,51608289,49607534,45605527
51PE03038,51608290,49607534,45605527
51PE03039,51608347,49607534,46605631
51PE03040,51608348,49607534,46605631
51PE03041,51608613,49607534,46605999
51PE03042,51608570,49607534,47606175
51PE03043,51608169,49607534,47606241
51PE03044,51608170,49607534,47606241
51PE03045,51608445,49607534,47606403
51PE03046,51608446,49607534,47606403
51PE03047,51608689,49607534,47606412
51PE03048,51608690,49607534,47606412
51PE03049,51608362,49607534,47606452
51PE03050,51608358,49607534,47606531
51PE03051,51608359,49607534,47606531
51PE03052,51608651,49607534,48606625
51PE03053,51608652,49607534,48606625
51PE03054,51608705,49607534,48606695
51PE03055,51608709,49607534,48606854
51PE03056,51608603,49607534,48606896
51PE03057,51608669,49607534,48607015
51PE03058,51608670,49607534,48607015
51PE03059,51608602,49607534,48607047
51PE03060,51608533,49607534,49607143
51PE03061,51608432,49607534,49607144
51PE03062,51608452,49607534,49607343
51PE03063,51608647,49607534,49607442
51PE03064,51608605,49607534,49607517
51PE03065,51608133,49607534,49607539
51PE03066,51608702,49607534,43671145
51PE03067,51608316,49607534,44671246
51PE03068,51608486,49607534,45671339
51PE03069,51608487,49607534,45671339
51PE03070,51690414,50607606,47661336
51PE03071,51690415,50607606,47661336
51PE03072,51608500,50607606,47671475
51PE03073,51608501,50607606,47671475
51PE03074,51608556,50607606,47671497
51PE03075,51608557,50607606,47671497
51PE03076,51608576,50607606,47671509
51PE03077,51608577,50607606,47671509
51PE03078,51608202,50607606,47671511
51PE03079,51608203,50607606,47671511
51PE03080,51608233,50607606,48671569
51PE03081,51608234,50607606,48671569
51PE03082,51608140,50607606,49671571
51PE03083,51608245,50607606,49671575
51PE03084,51671650,50607606,43690393
51PE03085,51671651,50607606,43690393
51PE03086,51671669,50607606,44680814
51PE03087,51671670,50607606,44680814
51PE03088,51671655,50607606,47680854
51PE03089,51671653,50607606,47680867
51PE03090,51671657,50607606,47680869
51PE03091,51671664,50607606,47680892
51PE03092,51671665,50607606,47680892
51PE03093,51671648,50607606,48680947
51PE03094,51671644,50607606,48680959
51PE03095,51671649,50607606,48680967
51PE03096,51671671,50607606,48680974
51PE03097,51671677,50607606,48680983
51PE03098,51671676,50607606,48681020
51PE03099,51608315,50607651,49607072
51PE03100,51608311,50607651,47671474
51PE03101,51608312,50607651,47671474
51PE03102,51608409,50607651,48671568
51PE03103,51671654,50607651,47680843
51PE03104,51671679,50607651,47680856
51PE03105,51671680,50607651,47680856
51PE03106,51671656,50607651,47680875
51PE03107,51608297,50607765,44604651
51PE03108,51608467,50607765,44604660
51PE03109,51608305,50607765,44604873
51PE03110,51608306,50607765,44604873
51PE03111,51608600,50607765,45605202
51PE03112,51608642,50607765,46605989
51PE03113,51608382,50607765,46606063
51PE03114,51608230,50607765,47606154
51PE03115,51608291,50607765,47606232
51PE03116,51608292,50607765,47606232
51PE03117,51608700,50607765,47606266
51PE03118,51608701,50607765,47606266
51PE03119,51608502,50607765,47606396
51PE03120,51608503,50607765,47606396
51PE03121,51608327,50607765,47606457
51PE03122,51608546,50607765,47606592
51PE03123,51608712,50607765,48606649
51PE03124,51608406,50607765,48606738
51PE03125,51608331,50607765,49607302
51PE03126,51608565,50607765,49607416
51PE03127,51608313,50607765,45671350
