UID,YR,SEX,LAMB,LB1,LINE,BPEN,DAM,DBRD,DB1,INBRL,CODE,ADAM,TRT,CLR,STM,SPEC,JAW,DAYBN,TB,TRT1,DAYDIS,MILK,ABEWE,DISP,INBRD,FONO,FOPU,TRT2,DB2,LBRD,SIRE,SBRD,Y1,WNWT,LNDAM,TM,Y4,CODE2,Y2,Y3,BRWT,Y5,ABLMB,TRT3,CDNO,DATEBN,STMD
71LA00001,71,,,0,24,240,5500,11,1,36,5,-0,,,07,,,127,,,0,,,,25,,,,1,11,6408,11,1,0,24,1,0, 6,0,0,0.0,0,,1,1,1971-05-07,07
71LA00002,71,1,6512,1,32,320,5562,11,1,31,5,-0,,1,07,,1,104,8,,0,2,,,29,,&,,1,11,6452,11,1,63,32,1,1, 6,1,2,7.4,5,,1,1,1971-04-14,07
71LA00003,71,2,6513,1,32,320,5562,11,1,31,5,-0,,1,07,,1,104,8,,0,2,,,29,932861,-,2,1,11,6452,11,0,65,32,1,1, 6,0,0,6.2,5,,1,2,1971-04-14,07
71LA00004,71,1,6506,1,32,320,5741,11,1,28,5,90,,1,07,,1,101,8,,0,3,,,22,,,6,1,11,6452,11,1,54,32,1,1, 6,1,2,10.0,10,,1,1,1971-04-11,07
71LA00005,71,1,6507,1,32,320,5741,11,1,28,5,90,,1,07,,1,101,8,,0,3,,,22,,,6,1,11,6452,11,0,65,32,1,1, 6,0,0,8.8,10,,1,2,1971-04-11,07
71LA00006,71,2,6502,1,24,240,5766,11,1,38,5,90,,1,07,,1,100,5,,0,2,,,32,,,6,1,11,6408,11,1,59,24,1,1, 6,1,1,10.2,10,,1,1,1971-04-10,07
71LA00007,71,1,6525,1,24,240,5794,11,1,36,5,90,,1,07,,1,106,8,,230,0,,7,30,,&,,1,11,6408,11,0,0,24,1,1, 7,0,0,9.2,0,,1,2,1971-04-16,07
71LA00008,71,1,6524,1,24,240,5794,11,1,36,5,90,,1,07,,1,106,8,,0,0,04,,30,,,2,1,11,6408,11,1,96,24,1,1, 7,1,2,10.2,10,,1,1,1971-04-16,07
71LA00009,71,2,6184,3,76,762,5917,11,1,,5,80,,1,07,,1,113,8,,0,4,,,,,,1,1,18,4970,18,1,52,76,6,1,,1,2,8.8,10,,1,1,1971-04-23,07
71LA00010,71,1,6185,3,76,762,5917,11,1,,5,80,,1,07,,1,113,8,,0,4,,,,,,1,1,18,4970,18,0,59,76,6,1,,0,0,9.4,10,,1,2,1971-04-23,07
71LA00011,71,,,0,32,320,5920,11,1,31,5,80,,,07,,,145,,,0,,,,38,,,,1,11,6452,11,0,0,32,1,0, 6,0,0,0.0,0,,2,1,1971-05-25,07
71LA00012,71,2,6518,1,32,320,5941,11,1,29,5,80,,1,07,,1,105,5,,0,4,11,,31,,&,,1,11,6452,11,1,80,32,1,1, 7,1,1,9.4,5,,2,1,1971-04-15,07
71LA00013,71,,,0,78,781,5944,11,1,,5,80,,,07,,,133,,,0,,,,,,,,1,18,3681,18,1,0,78,6,0,,0,0,0.0,0,,2,1,1971-05-13,07
71LA00014,71,2,6508,1,32,320,5970,11,1,30,5,80,,1,07,,1,101,5,,0,4,,,35,,,6,1,11,6452,11,1,64,32,1,1, 6,1,1,10.0,10,,2,1,1971-04-11,07
71LA00015,71,1,6519,1,24,240,5979,11,1,40,5,70,,1,07,,1,105,8,,0,4,,,31,,,1,1,11,6408,11,1,60,24,1,1, 7,1,2,10.0,10,,1,1,1971-04-15,07
71LA00016,71,1,6520,1,24,240,5979,11,1,40,5,70,,1,07,,1,105,8,,0,4,,,31,,,1,1,11,6408,11,0,53,24,1,1, 7,0,0,8.4,10,,1,2,1971-04-15,07
71LA00017,71,1,6503,1,24,240,6024,11,1,40,5,70,,1,07,,1,100,8,,0,3,,,32,350918,-,1,1,11,6408,11,1,80,24,1,1, 7,1,2,8.2,5,,1,1,1971-04-10,07
71LA00018,71,2,6504,1,24,240,6024,11,1,40,5,70,,1,07,,1,100,8,,0,3,,,32,,,1,1,11,6408,11,0,58,24,1,1, 7,0,0,6.6,10,,1,2,1971-04-10,07
71LA00019,71,1,6529,1,24,240,6071,11,1,39,5,70,,1,07,,1,108,8,,0,3,,,31,,,6,1,11,6408,11,1,61,24,1,1, 6,1,2,7.8,10,,1,1,1971-04-18,07
71LA00020,71,1,6530,1,24,240,6071,11,1,39,5,70,,1,07,,1,108,8,,0,3,,,31,,,6,1,11,6408,11,0,56,24,1,1, 6,0,0,8.8,10,,1,2,1971-04-18,07
71LA00021,71,1,6517,1,24,240,6088,11,1,51,5,70,,1,07,,1,105,5,,0,4,,,28,,,1,1,11,6408,11,1,68,24,1,1, 7,1,1,9.0,10,,1,1,1971-04-15,07
71LA00022,71,1,6498,1,24,240,6100,11,1,39,5,70,,1,07,,2,97,5,,0,4,,,30,,,6,1,11,6408,11,1,57,24,1,1, 6,1,1,9.8,10,,1,1,1971-04-07,07
71LA00023,71,1,,0,24,240,6103,11,1,40,5,70,,1,07,,1,93,1,,0,1,,1,33,,,,1,11,6408,11,1,0,24,1,0, 7,1,1,12.2,0,,1,1,1971-04-03,07
71LA00024,71,2,6495,1,24,240,6105,11,1,40,5,70,,1,07,,1,95,5,,0,3,,,29,,,6,1,11,6408,11,1,68,24,1,1, 6,1,1,9.0,10,,1,1,1971-04-05,07
71LA00025,71,2,,0,32,320,6110,11,1,32,5,70,,1,07,,1,104,1,,0,4,,1,26,651411,+,,1,11,6452,11,1,0,32,1,0, 6,1,1,8.8,5,,1,1,1971-04-14,07
71LA00026,71,1,6535,1,32,320,6122,11,1,31,5,70,,1,07,,1,110,8,,0,4,,,28,,,1,1,11,6452,11,1,63,32,1,1, 7,1,2,10.0,10,,1,1,1971-04-20,07
71LA00027,71,1,6536,1,32,320,6122,11,1,31,5,70,,1,07,,1,110,8,,0,4,,,28,,,1,1,11,6452,11,0,44,32,1,1, 7,0,0,8.0,10,,1,2,1971-04-20,07
71LA00028,71,1,5857,3,74,740,6159,11,1,,4,60,,1,07,,1,107,8,4,0,4,,,,,,1,1,18,3926,18,1,73,74,6,1,,1,2,10.2,10,,1,1,1971-04-17,07
71LA00029,71,1,5858,3,74,740,6159,11,1,,4,60,,1,07,,1,107,8,4,0,4,,,,,,1,1,18,3926,18,0,81,74,6,1,,0,0,13.4,10,,1,2,1971-04-17,07
71LA00030,71,1,5683,3,73,730,6167,11,1,,4,60,,1,07,,1,102,5,4,0,5,,,,,,1,1,18,3396,18,1,78,73,6,1,,1,1,8.8,10,,2,1,1971-04-12,07
71LA00031,71,1,5813,3,78,780,6171,11,1,,4,60,,1,07,,1,106,8,2,0,3,,,,,,1,1,18,3452,18,1,53,78,6,1,,1,2,10.2,10,,1,1,1971-04-16,07
71LA00032,71,1,5814,3,78,780,6171,11,1,,4,60,,1,07,,1,106,8,2,0,3,,,,,,1,1,18,3452,18,0,49,78,6,1,,0,0,8.4,10,,1,2,1971-04-16,07
71LA00033,71,1,5652,3,74,742,6173,11,1,,4,60,,1,07,,3,102,8,4,0,4,,,,,,1,1,18,4172,18,1,91,74,6,1,,1,2,11.0,10,,2,1,1971-04-12,07
71LA00034,71,1,5653,3,74,742,6173,11,1,,4,60,,1,07,,1,102,8,4,0,4,,,,,,1,1,18,4172,18,0,78,74,6,1,,0,0,9.6,10,,2,2,1971-04-12,07
71LA00035,71,1,5220,3,76,761,6180,11,1,,4,60,,1,07,,1,93,5,2,0,5,,,,,,1,1,18,3528,18,1,107,76,6,1,,1,1,13.4,10,,1,1,1971-04-03,07
71LA00036,71,1,5629,3,75,751,6181,11,1,,4,60,,1,07,,1,101,8,2,0,4,,,,,,1,1,18,4449,18,1,73,75,6,1,,1,2,9.6,10,,1,1,1971-04-11,07
71LA00037,71,2,5630,3,75,751,6181,11,1,,4,60,,1,07,,1,101,8,2,0,4,,,,,,1,1,18,4449,18,0,79,75,6,1,,0,0,9.8,10,,1,2,1971-04-11,07
71LA00038,71,2,6531,1,24,240,6185,11,1,32,4,60,,1,07,,1,109,5,,0,4,,,30,,,1,1,11,6408,11,1,77,24,1,1, 7,1,1,11.0,10,,1,1,1971-04-19,07
71LA00039,71,1,6057,3,76,760,6190,11,1,,4,60,,1,07,,1,110,8,4,0,4,,,,,,1,1,18,3516,18,1,59,76,6,1,,1,2,11.0,10,,1,1,1971-04-20,07
71LA00040,71,1,6058,3,76,760,6190,11,1,,4,60,,1,07,,1,110,8,4,0,4,,,,,,1,1,18,3516,18,0,73,76,6,1,,0,0,10.8,10,,1,2,1971-04-20,07
71LA00041,71,,,0,77,772,6196,11,1,,4,60,,,07,,,133,,2,0,,,,,,,,1,18,4742,18,1,0,77,6,0,,0,0,0.0,0,,2,1,1971-05-13,07
71LA00042,71,1,5945,3,75,750,6197,11,1,,4,60,,1,07,,1,108,8,2,147,3,,6,,,,,1,18,3406,18,1,0,75,6,1,,1,2,9.0,0,,1,1,1971-04-18,07
71LA00043,71,1,5946,3,75,750,6197,11,1,,4,60,,1,07,,1,108,8,2,0,3,,,,,&,,1,18,3406,18,0,63,75,6,1,,0,0,7.6,5,,1,2,1971-04-18,07
71LA00044,71,3,7970,9,00,000,6203,11,1,,4,60,,1,00,3,1,58,5,2,0,4,,,,,,1,1,90,0000,00,1,79,77,0,1,,1,1,11.0,10,,2,1,1971-02-27,07
71LA00045,71,1,6532,1,24,240,6204,11,1,31,4,60,,1,07,,1,109,8,,0,3,,,27,,,6,1,11,6408,11,1,65,24,1,1, 6,1,2,8.6,10,,1,1,1971-04-19,07
71LA00046,71,1,6533,1,24,240,6204,11,1,31,4,60,,1,07,,1,109,8,,116,3,,6,27,,,,1,11,6408,11,0,0,24,1,1, 6,0,0,7.2,0,,1,2,1971-04-19,07
71LA00047,71,2,5563,3,77,770,6243,11,1,,4,50,,1,07,,1,99,5,2,0,4,,,,,,1,1,18,3382,18,1,73,77,6,1,,1,1,13.8,10,,2,1,1971-04-09,07
71LA00048,71,1,5221,3,75,752,6244,11,1,,4,50,,1,07,,1,93,5,2,0,4,,,,,,1,1,18,3999,18,1,80,75,6,1,,1,1,10.2,10,,1,1,1971-04-03,07
71LA00049,71,1,6540,1,32,320,6247,11,1,46,4,50,,1,07,,1,112,5,,0,4,,,26,,,6,1,11,6452,11,1,54,32,1,1, 6,1,1,10.6,10,,1,1,1971-04-22,07
71LA00050,71,1,5980,3,78,782,6253,11,1,,4,50,,1,07,,1,109,5,4,0,4,,,,,,1,1,18,3789,18,1,79,78,6,1,,1,1,10.6,10,,2,1,1971-04-19,07
71LA00051,71,1,6538,1,24,240,6259,11,1,33,4,50,,3,07,,1,111,8,,0,5,,,27,,,1,1,11,6408,11,1,71,24,1,1, 7,1,2,12.0,10,,1,1,1971-04-21,07
71LA00052,71,1,6539,1,24,240,6259,11,1,33,4,50,,1,07,,1,111,8,,0,5,,,27,,,1,1,11,6408,11,0,58,24,1,1, 7,0,0,11.0,10,,1,2,1971-04-21,07
71LA00053,71,2,6534,1,32,320,6270,11,1,34,4,50,,1,07,,3,110,5,,112,4,,6,24,,,,1,11,6452,11,1,0,32,1,1, 7,1,1,10.2,0,,1,1,1971-04-20,07
71LA00054,71,,,0,77,772,6271,11,1,,4,50,,,07,1,,0,,2,0,,,,,,,,1,18,4742,18,1,0,77,6,0,,0,0,0.0,0,,1,1,,07
71LA00055,71,2,8073,9,00,772,6271,11,1,,4,50,,5,40,2,2,129,5,2,0,4,,,,,,3,1,90,0000,98,1,73,77,0,1,,1,1,13.6,10,,1,1,1971-05-09,07
71LA00056,71,2,6514,1,32,320,6273,11,1,32,4,50,,1,07,,3,104,5,,0,1,04,,36,611011,-,6,1,11,6452,11,1,66,32,1,1, 6,1,1,8.0,5,,1,1,1971-04-14,07
71LA00057,71,1,5408,3,77,771,6285,11,1,,4,50,,1,07,,1,97,5,2,0,4,,,,,,1,1,18,3491,18,1,86,77,6,1,,1,1,10.0,10,,1,1,1971-04-07,07
71LA00058,71,1,6217,3,74,741,6297,11,1,,4,50,,1,07,,1,115,8,2,0,4,,,,,,1,1,18,4234,18,1,67,74,6,1,,1,2,10.4,10,,2,1,1971-04-25,07
71LA00059,71,2,6218,3,74,741,6297,11,1,,4,50,,1,07,,1,115,8,2,0,4,,,,,,1,1,18,4234,18,0,58,74,6,1,,0,0,9.4,10,,2,2,1971-04-25,07
71LA00060,71,1,5216,3,73,731,6298,11,1,,4,50,,1,07,,1,93,8,4,116,4,,6,,,,,1,18,3402,18,1,0,73,6,1,,1,2,8.2,0,,2,1,1971-04-03,07
71LA00061,71,2,5217,3,73,731,6298,11,1,,4,50,,1,07,,1,93,8,4,0,4,,,,,,1,1,18,3402,18,0,69,73,6,1,,0,0,7.4,10,,2,2,1971-04-03,07
71LA00062,71,2,6500,1,32,320,6305,11,1,36,4,40,,1,07,,1,98,5,,106,4,,6,29,,,,1,11,6452,11,1,0,32,1,1, 6,1,1,9.0,0,,1,1,1971-04-08,07
71LA00063,71,1,6497,1,24,240,6314,11,1,37,4,40,,1,07,,1,96,5,,0,5,,,41,,,1,1,11,6408,11,1,96,24,1,1, 7,1,1,12.2,10,,1,1,1971-04-06,07
71LA00064,71,,,0,76,762,6319,11,1,,4,40,,,07,,,133,,1,0,,,,,,,,1,18,4970,18,1,0,76,6,0,,0,0,0.0,0,,2,1,1971-05-13,07
71LA00065,71,1,8009,9,97,090,6321,11,1,,4,40,,1,51,,1,100,8,,0,4,,,,,,,1,90,0004,95,1,84,77,8,1,,1,2,9.4,10,,2,1,1971-04-10,07
71LA00066,71,1,8010,9,97,090,6321,11,1,,4,40,,1,51,,1,100,8,,0,4,,,,,,,1,90,0004,95,0,79,77,8,1,,0,0,8.0,10,,2,2,1971-04-10,07
71LA00067,71,1,6537,1,24,240,6334,11,1,38,4,40,,1,07,,1,111,5,,0,4,,,34,,,6,1,11,6408,11,1,86,24,1,1, 6,1,1,13.6,10,,1,1,1971-04-21,07
71LA00068,71,1,5558,3,75,751,6337,11,1,,4,40,,1,07,,1,99,5,2,0,4,,,,,,1,1,18,4449,18,1,88,75,6,1,,1,1,12.6,10,,2,1,1971-04-09,07
71LA00069,71,1,5403,3,78,781,6345,11,1,,4,40,,1,07,,1,97,8,3,0,5,,,,,,1,1,18,3681,18,1,54,78,6,1,,1,2,10.0,10,,1,1,1971-04-07,07
71LA00070,71,1,5404,3,78,781,6345,11,1,,4,40,,1,07,,1,97,8,3,0,5,,,,,,1,1,18,3681,18,0,67,78,6,1,,0,0,8.4,10,,1,2,1971-04-07,07
71LA00071,71,1,5289,3,76,761,6346,11,1,,4,40,,1,07,,1,95,5,4,0,5,,,,,,1,1,18,3528,18,1,92,76,6,1,,1,1,13.2,10,,2,1,1971-04-05,07
71LA00072,71,,,0,77,770,6361,11,1,,4,40,,,07,,,139,,1,0,,,,,,,,1,18,3382,18,1,0,77,6,0,,0,0,0.0,0,,1,1,1971-05-19,07
71LA00073,71,2,8011,9,97,091,6363,11,1,,4,40,,2,51,,1,101,5,,0,3,,,,,,1,1,90,0005,95,1,83,76,8,1,,1,1,9.6,10,,1,1,1971-04-11,07
71LA00074,71,2,6131,3,75,750,6372,11,1,,4,40,,1,07,,1,111,8,4,0,4,,,,,,1,1,18,3406,18,1,61,75,6,1,,1,2,9.2,10,,2,1,1971-04-21,07
71LA00075,71,1,6132,3,75,750,6372,11,1,,4,40,,1,07,,1,111,8,4,0,4,,,,,,1,1,18,3406,18,0,69,75,6,1,,0,0,9.8,10,,2,2,1971-04-21,07
71LA00076,71,,,0,74,740,6373,11,1,,4,40,,,07,1,,0,,2,0,,,,,,,,1,18,3926,18,1,0,74,6,0,,0,0,0.0,0,,2,1,,07
71LA00077,71,2,8067,9,00,740,6373,11,1,,4,40,,5,40,2,1,128,5,2,0,3,,,,,,3,1,90,0000,98,1,74,74,0,1,,1,1,10.6,10,,2,1,1971-05-08,07
71LA00078,71,,,0,32,320,6383,11,1,38,3,30,,,07,,,127,,,0,,,,29,,,,1,11,6452,11,1,0,32,1,0, 6,0,0,0.0,0,,1,1,1971-05-07,07
71LA00079,71,,,0,32,320,6384,11,1,38,3,30,,,07,,,130,,,0,,,,29,,,,1,11,6452,11,1,0,32,1,0, 7,0,0,0.0,0,,1,1,1971-05-10,07
71LA00080,71,2,6499,1,32,320,6386,11,1,40,3,30,,2,07,,1,97,5,,0,3,,,30,,,6,1,11,6452,11,1,58,32,1,1, 6,1,1,9.2,10,,1,1,1971-04-07,07
71LA00081,71,1,,0,32,320,6391,11,1,38,3,30,,1,07,,1,120,1,,0,3,,1,29,303362,+,,1,11,6452,11,1,0,32,1,0, 7,1,1,9.6,5,,1,1,1971-04-30,07
71LA00082,71,1,5184,3,78,780,6395,11,1,,3,30,,1,07,,1,91,8,4,0,3,,,,,,1,1,18,3452,18,1,89,78,6,1,,1,2,6.8,10,,2,1,1971-04-01,07
71LA00083,71,2,5185,3,78,780,6395,11,1,,3,30,,1,07,,1,91,8,4,106,3,,6,,,,,1,18,3452,18,0,0,78,6,1,,0,0,6.6,0,,2,2,1971-04-01,07
71LA00084,71,2,5417,3,77,772,6398,11,1,,3,30,,1,07,,1,97,5,4,0,5,,,,,,1,1,18,4742,18,1,78,77,6,1,,1,1,11.0,10,,2,1,1971-04-07,07
71LA00085,71,2,6541,1,32,320,6401,11,1,37,3,30,,1,07,,1,113,5,,0,4,,,28,,,6,1,11,6452,11,1,62,32,1,1, 6,1,1,10.4,10,,1,1,1971-04-23,07
71LA00086,71,,,0,32,320,6406,11,1,46,3,30,,,07,1,,0,,,0,,,,30,,,,1,11,6452,11,1,0,32,1,0, 7,0,0,0.0,0,,1,1,,07
71LA00087,71,3,8090,9,00,320,6406,11,1,,3,30,,5,40,2,1,133,5,,0,3,,6,30,,,,1,90,0000,98,1,0,32,0,1, 7,1,1,14.6,0,,1,1,1971-05-13,07
71LA00088,71,2,6501,1,24,240,6411,11,1,46,2,20,,1,07,,1,99,5,,0,5,,,39,,,6,1,11,6408,11,1,73,24,1,1, 6,1,1,9.8,10,,1,1,1971-04-09,07
71LA00089,71,2,6527,1,32,320,6414,11,1,38,2,20,,1,07,,1,107,5,,111,4,,6,31,612818,+,,1,11,6452,11,1,0,32,1,1, 7,1,1,10.0,0,02,1,1,1971-04-17,07
71LA00090,71,1,6516,1,24,240,6417,11,1,43,2,20,,1,07,,2,105,5,,123,3,,6,30,,,,1,11,6408,11,1,0,24,1,1, 7,1,1,9.8,0,,1,1,1971-04-15,07
71LA00091,71,,,0,24,240,6419,11,1,46,2,20,,,07,,,127,,,0,,,,43,,,,1,11,6408,11,1,0,24,1,0, 6,0,0,0.0,0,,1,1,1971-05-07,07
71LA00092,71,,,0,32,320,6420,11,1,39,2,20,,,07,,,133,,,0,,,,31,,,,1,11,6452,11,1,0,32,1,0, 6,0,0,0.0,0,,1,1,1971-05-13,07
71LA00093,71,1,6528,1,32,320,6421,11,1,37,2,20,,1,07,,1,107,5,,110,2,,6,28,,,,1,11,6452,11,1,0,32,1,1, 7,1,1,9.2,0,,1,1,1971-04-17,07
71LA00094,71,2,6523,1,32,320,6422,11,1,37,2,20,,1,07,,1,106,5,,0,2,,,28,,,6,1,11,6452,11,1,59,32,1,1, 6,1,1,7.6,10,,1,1,1971-04-16,07
71LA00095,71,2,6510,1,24,240,6425,11,1,43,2,20,,1,07,,1,102,5,,0,3,,,34,,,1,1,11,6408,11,1,55,24,1,1, 7,1,1,7.0,10,,1,1,1971-04-12,07
71LA00096,71,2,6511,1,24,240,6427,11,1,48,2,20,,1,07,,1,104,5,,0,2,,,43,,,6,1,11,6408,11,1,57,24,1,1, 6,1,1,9.0,10,,1,1,1971-04-14,07
71LA00097,71,2,6509,1,24,240,6432,11,1,43,2,20,,1,07,,1,102,5,,0,2,,,33,,,1,1,11,6408,11,1,58,24,1,1, 7,1,1,9.0,10,,1,1,1971-04-12,07
71LA00098,71,,,0,32,320,6433,11,1,40,2,20,,,07,,,127,,,0,,,,30,,,,1,11,6452,11,1,0,32,1,0, 7,0,0,0.0,0,,1,1,1971-05-07,07
71LA00099,71,2,6496,1,32,320,6434,11,1,38,2,20,,1,07,,1,96,5,,0,3,,,29,,,6,1,11,6452,11,1,71,32,1,1, 6,1,1,9.4,10,,1,1,1971-04-06,07
71LA00100,71,1,6505,1,32,320,6435,11,1,38,2,20,,1,07,,1,101,5,,106,4,,6,29,,,,1,11,6452,11,1,0,32,1,1, 7,1,1,6.8,0,,1,1,1971-04-11,07
71LA00101,71,1,6522,1,24,240,6437,11,1,47,2,20,,1,07,,1,106,5,,0,5,,,41,,,6,1,11,6408,11,1,93,24,1,1, 6,1,1,12.2,10,,1,1,1971-04-16,07
71LA00102,71,2,6521,1,24,240,6438,11,1,47,2,20,,1,07,,1,106,5,,0,2,,,41,,,1,1,11,6408,11,1,60,24,1,1, 7,1,1,9.2,10,,1,1,1971-04-16,07
71LA00103,71,1,6515,1,24,240,6440,11,1,45,2,20,,1,07,,1,104,5,,0,4,,,37,,,6,1,11,6408,11,1,93,24,1,1, 6,1,1,13.0,10,,1,1,1971-04-14,07
71LA00104,71,1,6542,1,24,240,6444,11,1,48,2,20,,1,07,,1,113,5,,0,2,,,43,,,1,1,11,6408,11,1,69,24,1,1, 7,1,1,9.6,10,,1,1,1971-04-23,07
71LA00105,71,2,6526,1,24,240,6447,11,1,46,2,20,,1,07,,1,107,5,,0,3,,,39,,,6,1,11,6408,11,1,51,24,1,1, 6,1,1,7.6,10,,1,1,1971-04-17,07
71LA00106,71,2,9909,2,35,350,5210,14,1,34,5,-0,,1,07,,1,105,5,,106,0,16,6,24,,,,4,14,9818,14,1,0,35,1,1, 7,1,1,6.8,0,,1,1,1971-04-15,07
71LA00107,71,2,9889,2,35,350,5801,14,1,42,5,00,,1,07,,1,99,5,,112,3,,6,35,,,,4,14,9818,14,1,0,35,1,1, 6,1,1,7.6,0,,1,1,1971-04-09,07
71LA00108,71,2,,0,46,460,5992,14,1,29,5,00,,1,07,,1,101,7,,0,1,,1,26,,,,4,14,9808,14,0,0,46,1,0, 6,0,0,7.0,0,,1,2,1971-04-11,07
71LA00109,71,1,9893,2,46,460,5992,14,1,29,5,00,,1,07,,1,101,7,,0,1,,,26,,&,,4,14,9808,14,1,87,46,1,1, 6,1,2,7.6,5,,1,1,1971-04-11,07
71LA00110,71,,,0,35,350,6527,14,1,43,5,90,,,07,,,145,,,0,,,,38,,,,4,14,9818,14,0,0,35,1,0, 6,0,0,0.0,0,,1,1,1971-05-25,07
71LA00111,71,1,5215,3,78,782,6552,14,1,,5,80,,1,07,,1,93,5,,0,5,,,,,,1,4,18,3789,18,1,95,78,6,1,,1,1,10.0,10,,1,1,1971-04-03,07
71LA00112,71,1,5546,3,78,781,6559,14,1,,5,80,,1,07,,1,99,8,,0,1,,,,911961,-,2,4,18,3681,18,0,97,78,6,1,,0,0,10.4,5,,2,2,1971-04-09,07
71LA00113,71,2,5545,3,78,781,6559,14,1,,5,80,,1,07,,1,99,8,,0,1,04,,,,,1,4,18,3681,18,1,80,78,6,1,,1,2,8.2,10,,2,1,1971-04-09,07
71LA00114,71,,,0,78,780,6569,14,1,,5,80,,,07,,,60,,,0,,,,,,,,4,18,3452,18,0,0,78,6,0,,0,0,0.0,0,,1,1,1971-03-01,07
71LA00115,71,1,5424,3,78,782,6587,14,1,,5,80,,1,07,,1,97,5,,97,3,,6,,543018,+,,4,18,3789,18,1,0,78,6,1,,1,1,7.8,5,,2,1,1971-04-07,07
71LA00116,71,1,9910,2,46,460,6609,14,1,31,5,80,,1,07,,1,105,5,,0,4,,,28,,,6,4,14,9808,14,1,83,46,1,1, 6,1,1,13.2,10,,2,1,1971-04-15,07
71LA00117,71,1,5385,3,78,781,6632,14,1,,5,80,,1,07,,1,96,8,,0,4,,,,,,1,4,18,3681,18,1,77,78,6,1,,1,2,10.6,10,,1,1,1971-04-06,07
71LA00118,71,2,5386,3,78,781,6632,14,1,,5,80,,1,07,,5,96,8,,0,4,,,,,,1,4,18,3681,18,0,54,78,6,1,,0,0,9.0,10,,1,2,1971-04-06,07
71LA00119,71,1,5681,3,78,780,6658,14,1,,5,80,,1,07,,3,102,9,,0,4,,,,,,1,4,18,3452,18,1,69,78,6,1,,1,3,9.2,10,,2,1,1971-04-12,07
71LA00120,71,1,5682,3,78,780,6658,14,1,,5,80,,1,07,,1,102,9,,0,4,,,,,,1,4,18,3452,18,0,68,78,6,1,,0,0,8.8,10,,2,2,1971-04-12,07
71LA00121,71,2,,0,78,780,6658,14,1,,5,80,,1,07,,1,102,9,,0,4,,1,,,,,4,18,3452,18,0,0,78,6,0,,0,0,9.0,0,,2,3,1971-04-12,07
71LA00122,71,2,5970,3,75,752,6719,14,1,,5,80,,1,07,,1,109,5,,0,3,,,,,,1,4,18,3999,18,1,66,75,6,1,,1,1,10.8,10,,2,1,1971-04-19,07
71LA00123,71,2,5981,3,78,782,6728,14,1,,5,80,,1,07,,1,109,8,,0,3,,,,,,1,4,18,3789,18,1,63,78,6,1,,1,2,8.6,10,,1,1,1971-04-19,07
71LA00124,71,2,5982,3,78,782,6728,14,1,,5,80,,1,07,,1,109,8,,0,3,,,,,,1,4,18,3789,18,0,60,78,6,1,,0,0,8.8,10,,1,2,1971-04-19,07
71LA00125,71,1,5770,3,78,781,6739,14,1,,5,80,,1,07,,1,105,5,,0,3,,,,,,1,4,18,3681,18,1,82,78,6,1,,1,1,13.4,10,,2,1,1971-04-15,07
71LA00126,71,1,5862,3,74,742,6813,14,1,,5,80,,1,07,,1,107,5,,0,4,,,,,,1,4,18,4172,18,1,83,74,6,1,,1,1,14.0,10,,1,1,1971-04-17,07
71LA00127,71,2,5589,3,78,780,6831,14,1,,5,80,,1,07,,3,100,8,,0,3,,,,,,1,4,18,3452,18,1,70,78,6,1,,1,2,10.4,10,,1,1,1971-04-10,07
71LA00128,71,2,5590,3,78,780,6831,14,1,,5,80,,1,07,,1,100,8,,0,3,,,,,,1,4,18,3452,18,0,49,78,6,1,,0,0,8.8,10,,1,2,1971-04-10,07
71LA00129,71,1,6183,3,75,751,6856,14,1,,5,80,,1,07,,1,113,5,,0,3,,,,,,1,4,18,4449,18,1,86,75,6,1,,1,1,12.8,10,,1,1,1971-04-23,07
71LA00130,71,2,5754,3,78,782,7004,14,1,,5,80,,1,07,,1,104,5,,0,3,,,,,&,,4,18,3789,18,1,83,78,6,1,,1,1,9.2,5,,2,1,1971-04-14,07
71LA00131,71,1,5932,3,73,732,7049,14,1,,5,80,,1,07,,1,108,5,,0,4,,,,,,1,4,18,3844,18,1,81,73,6,1,,1,1,13.2,10,,2,1,1971-04-18,07
71LA00132,71,1,5919,3,78,781,7076,14,1,,5,80,,1,07,,1,108,8,,0,4,,,,,,1,4,18,3681,18,1,63,78,6,1,,1,2,11.2,10,,1,1,1971-04-18,07
71LA00133,71,1,5920,3,78,781,7076,14,1,,5,80,,1,07,,1,108,8,,0,4,,,,,,1,4,18,3681,18,0,81,78,6,1,,0,0,8.6,10,,1,2,1971-04-18,07
71LA00134,71,,,0,73,730,7102,14,1,,5,80,,,07,1,,0,,,0,,,,,,,,4,18,3396,18,1,0,73,6,0,,0,0,0.0,0,,1,1,,07
71LA00135,71,3,8085,9,00,730,7102,14,1,,5,80,,5,40,2,2,133,5,,0,5,,,,,,3,4,90,0000,98,1,83,73,0,1,,1,1,13.2,10,,1,1,1971-05-13,07
71LA00136,71,1,9886,2,35,350,7268,14,1,45,5,70,,1,07,,1,98,8,,0,2,,6,40,952261,-,,4,14,9818,14,0,0,35,1,1, 6,0,0,7.2,0,,1,2,1971-04-08,07
71LA00137,71,2,9885,2,35,350,7268,14,1,45,5,70,,1,07,,1,98,8,,0,2,13,,40,,,6,4,14,9818,14,1,59,35,1,1, 6,1,2,8.4,10,,1,1,1971-04-08,07
71LA00138,71,2,9928,2,46,460,7307,14,1,28,5,70,,1,07,,1,111,8,,0,3,,,29,,,1,4,14,9808,14,1,68,46,1,1, 7,1,2,8.0,10,,1,1,1971-04-21,07
71LA00139,71,2,9929,2,46,460,7307,14,1,28,5,70,,1,07,,1,111,8,,111,3,,6,29,,,,4,14,9808,14,0,0,46,1,1, 7,0,0,7.4,0,,1,2,1971-04-21,07
71LA00140,71,1,9897,2,46,460,7325,14,1,30,5,70,,1,07,,1,102,5,,0,2,,,28,,,6,4,14,9808,14,1,85,46,1,1, 6,1,1,11.4,10,,1,1,1971-04-12,07
71LA00141,71,1,9937,2,35,350,7368,14,1,54,5,70,,1,07,,1,125,5,,0,5,,,34,690742,+,6,4,14,9818,14,1,46,35,1,1, 6,1,1,7.4,15,,1,1,1971-05-05,07
71LA00142,71,1,9876,2,35,350,7393,14,1,41,5,70,,1,07,,1,95,8,,0,4,,,33,,,6,4,14,9818,14,1,80,35,1,1, 6,1,2,9.4,10,,1,1,1971-04-05,07
71LA00143,71,1,9877,2,35,350,7393,14,1,41,5,70,,2,07,,1,95,8,,0,4,,,33,,,6,4,14,9818,14,0,94,35,1,1, 6,0,0,10.6,10,05,1,2,1971-04-05,07
71LA00144,71,1,9874,2,35,350,7394,14,1,41,5,70,,1,07,,1,95,8,,125,3,,6,33,,&,,4,14,9818,14,0,0,35,1,1, 7,0,0,8.6,0,,1,2,1971-04-05,07
71LA00145,71,2,9873,2,35,350,7394,14,1,41,5,70,,1,07,,1,95,8,,0,3,13,,33,,,1,4,14,9818,14,1,59,35,1,1, 7,1,2,6.0,10,,1,1,1971-04-05,07
71LA00146,71,2,9891,2,46,460,7451,14,1,33,5,70,,1,07,,1,101,5,,0,4,,,40,,,6,4,14,9808,14,1,74,46,1,1, 6,1,1,12.0,10,,1,1,1971-04-11,07
71LA00147,71,2,9913,2,35,350,7460,14,1,42,5,70,,1,07,,1,108,9,,0,4,,,38,,,1,4,14,9818,14,1,58,35,1,1, 7,1,3,10.0,10,,1,1,1971-04-18,07
71LA00148,71,2,9914,2,35,350,7460,14,1,42,5,70,,1,07,,1,108,9,,0,4,,,38,,,1,4,14,9818,14,0,58,35,1,1, 7,0,0,9.4,10,,1,2,1971-04-18,07
71LA00149,71,1,9915,2,35,350,7460,14,1,42,5,70,,1,07,,1,108,9,,0,4,,,38,,&,,4,14,9818,14,0,87,35,1,1, 7,0,0,7.8,5,,1,3,1971-04-18,07
71LA00150,71,1,9898,2,46,460,7487,14,1,29,5,70,,1,07,,1,102,5,,0,3,,,26,,,1,4,14,9808,14,1,62,46,1,1, 7,1,1,9.4,10,,1,1,1971-04-12,07
71LA00151,71,1,6017,3,74,741,7575,14,1,,4,60,,1,07,,1,109,8,4,0,4,,,,,,1,4,18,4234,18,1,59,74,6,1,,1,2,9.6,10,,1,1,1971-04-19,07
71LA00152,71,2,6018,3,74,741,7575,14,1,,4,60,,1,07,,1,109,8,4,0,4,,,,,,1,4,18,4234,18,0,63,74,6,1,,0,0,10.0,10,,1,2,1971-04-19,07
71LA00153,71,1,5193,3,78,780,7582,14,1,,4,60,,1,07,,1,92,8,4,0,4,,,,,,1,4,18,3452,18,1,87,78,6,1,,1,2,9.0,10,,2,1,1971-04-02,07
71LA00154,71,2,5194,3,78,780,7582,14,1,,4,60,,1,07,,1,92,8,4,0,4,,,,,,1,4,18,3452,18,0,57,78,6,1,,0,0,8.6,10,,2,2,1971-04-02,07
71LA00155,71,2,5873,3,76,760,7590,14,1,,4,60,,1,07,,1,107,8,4,0,4,,,,,,1,4,18,3516,18,1,64,76,6,1,,1,2,9.0,10,,2,1,1971-04-17,07
71LA00156,71,1,5874,3,76,760,7590,14,1,,4,60,,1,07,,1,107,8,4,0,4,,,,,,1,4,18,3516,18,0,78,76,6,1,,0,0,10.2,10,,2,2,1971-04-17,07
71LA00157,71,1,5455,3,76,762,7607,14,1,,4,60,,1,07,,1,97,8,4,0,2,,,,,,1,4,18,4970,18,1,77,76,6,1,,1,2,9.2,10,,1,1,1971-04-07,07
71LA00158,71,1,5456,3,76,762,7607,14,1,,4,60,,1,07,,1,97,8,4,0,2,,,,950261,-,2,4,18,4970,18,0,76,76,6,1,,0,0,7.0,5,,1,2,1971-04-07,07
71LA00159,71,,,0,73,732,7619,14,1,,4,60,,,07,1,,0,,2,0,,,,,,,,4,18,3844,18,1,0,73,6,0,,0,0,0.0,0,,1,1,,07
71LA00160,71,2,8116,9,00,732,7619,14,1,,4,60,,5,40,2,1,140,5,2,0,4,,,,,,3,4,90,0000,98,1,61,73,0,1,,1,1,11.2,10,,1,1,1971-05-20,07
71LA00161,71,1,5210,3,78,782,7626,14,1,,4,60,,1,07,,1,93,5,2,0,4,,,,,,1,4,18,3789,18,1,90,78,6,1,,1,1,13.0,10,,1,1,1971-04-03,07
71LA00162,71,2,6171,3,76,761,7629,14,1,,4,60,,1,07,,1,112,8,2,0,4,,,,,,1,4,18,3528,18,1,76,76,6,1,,1,2,9.0,10,,1,1,1971-04-22,07
71LA00163,71,1,6172,3,76,761,7629,14,1,,4,60,,1,07,,1,112,8,2,0,4,,,,,,3,4,18,3528,18,0,80,76,6,1,,0,0,11.2,10,,1,2,1971-04-22,07
71LA00164,71,1,5407,3,73,731,7632,14,1,,4,60,,1,07,,1,97,5,4,0,4,,,,,,1,4,18,3402,18,1,78,73,6,1,,1,1,11.0,10,01,1,1,1971-04-07,07
71LA00165,71,1,6151,3,75,750,7636,14,1,,4,60,,1,07,,1,112,5,4,123,4,,6,,,,,4,18,3406,18,1,0,75,6,1,,1,1,12.2,0,,1,1,1971-04-22,07
71LA00166,71,1,5646,3,78,781,7638,14,1,,4,60,,1,07,,1,101,8,4,123,3,,6,,,,,4,18,3681,18,1,0,78,6,1,,1,2,9.0,0,,2,1,1971-04-11,07
71LA00167,71,1,5647,3,78,781,7638,14,1,,4,60,,1,07,,1,101,8,4,0,3,,,,,,1,4,18,3681,18,0,70,78,6,1,,0,0,9.4,10,,2,2,1971-04-11,07
71LA00168,71,2,5243,3,75,752,7642,14,1,,4,60,,1,07,,1,94,8,4,0,5,,,,,,1,4,18,3999,18,1,80,75,6,1,,1,2,12.2,10,,1,1,1971-04-04,07
71LA00169,71,1,5244,3,75,752,7642,14,1,,4,60,,1,07,,1,94,8,4,0,5,,6,,,,,4,18,3999,18,0,0,75,6,1,,0,0,9.0,0,,1,2,1971-04-04,07
71LA00170,71,1,6262,3,76,760,7643,14,1,,4,60,,1,07,,1,109,8,2,0,5,,6,,254162,+,,4,18,3516,18,1,0,76,6,1,,1,2,9.8,5,,1,1,1971-04-19,07
71LA00171,71,2,6263,3,76,760,7643,14,1,,4,60,,1,07,,1,109,8,2,0,5,,6,,,,,4,18,3516,18,0,0,76,6,1,,0,0,9.0,0,,1,2,1971-04-19,07
71LA00172,71,1,6016,3,74,740,7647,14,1,,4,60,,1,07,,1,109,5,2,0,5,,,,,,1,4,18,3926,18,1,77,74,6,1,,1,1,12.0,10,,1,1,1971-04-19,07
71LA00173,71,1,5593,3,77,771,7651,14,1,,4,60,,1,07,,1,100,8,2,0,5,,,,,,1,4,18,3491,18,1,55,77,6,1,,1,2,9.0,10,,2,1,1971-04-10,07
71LA00174,71,1,5594,3,77,771,7651,14,1,,4,60,,1,07,,1,100,8,2,0,5,,,,,,1,4,18,3491,18,0,94,77,6,1,,0,0,10.6,10,,2,2,1971-04-10,07
71LA00175,71,1,5429,3,77,770,7652,14,1,,4,60,,1,07,,1,97,8,4,0,3,,,,,,1,4,18,3382,18,1,94,77,6,1,,1,2,11.2,10,,2,1,1971-04-07,07
71LA00176,71,1,5430,3,77,770,7652,14,1,,4,60,,1,07,,1,97,8,4,0,3,,,,658714,-,1,4,18,3382,18,0,80,77,6,1,,0,0,10.4,5,,2,2,1971-04-07,07
71LA00177,71,1,5917,3,76,762,7653,14,1,,4,60,,1,07,,1,108,8,2,0,4,,,,,,2,4,18,4970,18,1,70,76,6,1,,1,2,9.6,10,,2,1,1971-04-18,07
71LA00178,71,2,5918,3,76,762,7653,14,1,,4,60,,1,07,,1,108,8,2,0,4,,,,,,1,4,18,4970,18,0,69,76,6,1,,0,0,9.0,10,,2,2,1971-04-18,07
71LA00179,71,2,5349,3,74,742,7667,14,1,,4,60,,1,07,,1,96,5,2,0,3,,6,,,,,4,18,4172,18,1,0,74,6,1,,1,1,10.0,0,,2,1,1971-04-06,07
71LA00180,71,,,0,74,741,7669,14,1,,4,60,,,07,,,36,,4,0,,,,,,,,4,18,4234,18,0,0,74,6,0,,0,0,0.0,0,,1,1,,07
71LA00181,71,1,5973,3,78,780,7673,14,1,,4,60,,1,07,,1,109,8,2,0,4,,,,,,1,4,18,3452,18,1,79,78,6,1,,1,2,12.2,10,,1,1,1971-04-19,07
71LA00182,71,2,5974,3,78,780,7673,14,1,,4,60,,3,07,,3,109,8,2,0,4,,,,,,,4,18,3452,18,0,63,78,6,1,,0,0,11.0,10,,1,2,1971-04-19,07
71LA00183,71,1,5534,3,77,772,7676,14,1,,4,60,,1,07,,1,99,8,4,0,3,,,,,,,4,18,4742,18,1,66,77,6,1,,1,2,10.6,10,,1,1,1971-04-09,07
71LA00184,71,1,5535,3,77,772,7676,14,1,,4,60,,1,07,,1,99,8,4,0,3,,,,,,,4,18,4742,18,0,63,77,6,1,,0,0,9.4,10,,1,2,1971-04-09,07
71LA00185,71,1,5956,3,74,740,7678,14,1,,4,60,,1,07,,1,108,8,4,0,4,,,,,,1,4,18,3926,18,1,61,74,6,1,,1,2,10.2,10,,2,1,1971-04-18,07
71LA00186,71,2,5957,3,74,740,7678,14,1,,4,60,,1,07,,1,108,8,4,0,4,,,,,,1,4,18,3926,18,0,63,74,6,1,,0,0,9.0,10,,2,2,1971-04-18,07
71LA00187,71,2,5780,3,74,742,7690,14,1,,4,60,,1,07,,1,105,5,2,0,4,,,,,,1,4,18,4172,18,1,72,74,6,1,,1,1,13.0,10,,1,1,1971-04-15,07
71LA00188,71,1,6156,3,77,771,7692,14,1,,4,60,,1,07,,1,112,8,2,0,4,,,,,,1,4,18,3491,18,1,71,77,6,1,,1,2,10.8,10,,1,1,1971-04-22,07
71LA00189,71,1,6157,3,77,771,7692,14,1,,4,60,,1,07,,1,112,8,2,0,4,,,,,,1,4,18,3491,18,0,49,77,6,1,,0,0,9.4,10,,1,2,1971-04-22,07
71LA00190,71,1,5565,3,73,730,7695,14,1,,4,60,,1,07,,1,99,8,2,0,4,,,,,,1,4,18,3396,18,1,68,73,6,1,,1,2,10.4,10,,2,1,1971-04-09,07
71LA00191,71,2,5566,3,73,730,7695,14,1,,4,60,,1,07,,1,99,8,2,0,4,,,,,,1,4,18,3396,18,0,54,73,6,1,,0,0,8.4,10,,2,2,1971-04-09,07
71LA00192,71,,,0,77,770,7699,14,1,,4,60,,,07,,,68,,4,0,,,,,,,,4,18,3382,18,0,0,77,6,0,,0,0,0.0,0,,1,1,1971-03-09,07
71LA00193,71,2,5743,3,73,732,7702,14,1,,4,60,,1,07,,1,104,8,2,0,5,,,,,,1,4,18,3844,18,1,61,73,6,1,,1,2,9.8,10,,2,1,1971-04-14,07
71LA00194,71,2,5744,3,73,732,7702,14,1,,4,60,,1,07,,1,104,8,2,0,5,,,,,,1,4,18,3844,18,0,73,73,6,1,,0,0,10.4,10,,2,2,1971-04-14,07
71LA00195,71,,,0,77,772,7712,14,1,,4,60,,,07,1,,0,,4,0,,,,,,,,4,18,4742,18,1,0,77,6,0,,0,0,0.0,0,,2,1,,07
71LA00196,71,2,8076,9,00,772,7712,14,1,,4,60,,5,40,2,1,130,5,4,0,5,,,,,,3,4,90,0000,98,1,75,77,0,1,,1,1,13.6,10,,2,1,1971-05-10,07
71LA00197,71,,,0,73,731,7717,14,1,,4,60,,,07,,,110,,4,0,,,,,,,,4,18,3402,18,0,0,73,6,0,,0,0,0.0,0,,2,1,1971-04-20,07
71LA00198,71,1,6143,3,77,771,7721,14,1,,4,60,,1,07,,1,111,8,4,0,3,,,,,,1,4,18,3491,18,1,73,77,6,1,,1,2,9.8,10,,2,1,1971-04-21,07
71LA00199,71,2,6144,3,77,771,7721,14,1,,4,60,,1,07,,1,111,8,4,0,3,,,,,,1,4,18,3491,18,0,63,77,6,1,,0,0,9.8,10,,2,2,1971-04-21,07
71LA00200,71,2,5389,3,78,782,7732,14,1,,4,60,,1,07,,1,96,8,2,0,4,,,,,,1,4,18,3789,18,1,83,78,6,1,,1,2,10.6,10,,2,1,1971-04-06,07
71LA00201,71,1,5390,3,78,782,7732,14,1,,4,60,,1,07,,1,96,8,2,106,4,,6,,,,,4,18,3789,18,0,0,78,6,1,,0,0,10.6,0,,2,2,1971-04-06,07
71LA00202,71,1,6126,3,77,770,7733,14,1,,4,60,,1,07,,1,111,8,4,0,0,,,,,&,,4,18,3382,18,1,85,77,6,1,,1,2,13.6,5,,2,1,1971-04-21,07
71LA00203,71,2,6127,3,77,770,7733,14,1,,4,60,,1,07,,1,111,8,4,0,0,,,,029342,-,2,4,18,3382,18,0,86,77,6,1,,0,0,11.2,5,,2,2,1971-04-21,07
71LA00204,71,2,5643,3,76,761,7745,14,1,,4,60,,1,07,,1,101,5,2,0,4,,,,,&,,4,18,3528,18,1,85,76,6,1,,1,1,14.4,5,,2,1,1971-04-11,07
71LA00205,71,2,5415,3,75,751,7746,14,1,,4,60,,1,07,,1,97,8,4,0,4,,,,,,1,4,18,4449,18,1,61,75,6,1,,1,2,8.2,10,,2,1,1971-04-07,07
71LA00206,71,2,5416,3,75,751,7746,14,1,,4,60,,1,07,,1,97,8,4,0,4,,,,,,1,4,18,4449,18,0,77,75,6,1,,0,0,9.6,10,,2,2,1971-04-07,07
71LA00207,71,2,6264,3,73,730,7754,14,1,,4,60,,1,07,,2,131,5,2,0,2,,,,,,3,4,18,3396,18,1,58,73,6,1,,1,1,10.0,10,,1,1,1971-05-11,07
71LA00208,71,1,5488,3,78,781,7755,14,1,,4,60,,1,07,,1,98,8,2,0,4,,,,,,1,4,18,3681,18,1,71,78,6,1,,1,2,9.0,10,,1,1,1971-04-08,07
71LA00209,71,2,5489,3,78,781,7755,14,1,,4,60,,1,07,,1,98,8,2,0,4,,,,,,1,4,18,3681,18,0,57,78,6,1,,0,0,5.8,10,,1,2,1971-04-08,07
71LA00210,71,2,5830,3,75,750,7756,14,1,,4,60,,1,07,,1,106,8,4,0,4,,,,,,1,4,18,3406,18,0,69,75,6,1,,0,0,10.0,10,,2,2,1971-04-16,07
71LA00211,71,2,5829,3,75,750,7756,14,1,,4,60,,1,07,,1,106,8,4,0,4,,,,,,1,4,18,3406,18,1,71,75,6,1,,1,2,12.0,10,02,2,1,1971-04-16,07
71LA00212,71,2,6116,3,78,780,7761,14,1,,4,60,,1,07,,1,111,8,4,0,3,,,,,,1,4,18,3452,18,1,78,78,6,1,,1,2,11.4,10,,2,1,1971-04-21,07
71LA00213,71,1,6117,3,78,780,7761,14,1,,4,60,,1,07,,3,111,8,4,0,3,,,,,,1,4,18,3452,18,0,64,78,6,1,,0,0,9.0,10,,2,2,1971-04-21,07
71LA00214,71,2,5656,3,78,782,7764,14,1,,4,60,,1,07,,1,102,5,2,0,4,,,,,,1,4,18,3789,18,1,79,78,6,1,,1,1,9.6,10,,1,1,1971-04-12,07
71LA00215,71,2,5517,3,73,732,7773,14,1,,4,60,,1,07,,1,98,5,2,0,4,,,,,,1,4,18,3844,18,1,88,73,6,1,,1,1,11.0,10,,1,1,1971-04-08,07
71LA00216,71,2,5709,3,75,752,7775,14,1,,4,60,,1,07,,1,103,5,4,0,4,11,,,,,1,4,18,3999,18,1,72,75,6,1,,1,1,10.0,10,,2,1,1971-04-13,07
71LA00217,71,1,5912,3,74,741,7780,14,1,,4,60,,1,07,,1,108,8,2,111,4,,6,,,,,4,18,4234,18,1,0,74,6,1,,1,2,9.0,0,,1,1,1971-04-18,07
71LA00218,71,2,5913,3,74,741,7780,14,1,,4,60,,1,07,,1,108,8,2,0,4,,,,,&,,4,18,4234,18,0,66,74,6,1,,0,0,9.2,5,,1,2,1971-04-18,07
71LA00219,71,2,6035,3,74,740,7783,14,1,,4,60,,1,07,,1,109,5,4,111,4,,6,,,,,4,18,3926,18,1,0,74,6,1,,1,1,11.0,0,,1,1,1971-04-19,07
71LA00220,71,1,6254,3,77,772,7784,14,1,,4,60,,1,07,,1,126,8,2,0,4,,,,,,3,4,18,4742,18,1,59,77,6,1,,1,2,10.2,10,,1,1,1971-05-06,07
71LA00221,71,2,6255,3,77,772,7784,14,1,,4,60,,1,07,,1,126,8,2,0,4,,,,,,3,4,18,4742,18,0,60,77,6,1,,0,0,10.0,10,,1,2,1971-05-06,07
71LA00222,71,,,0,76,760,7787,14,1,,4,60,,,07,,,133,,2,0,,,,,,,,4,18,3516,18,1,0,76,6,0,,0,0,0.0,0,,2,1,1971-05-13,07
71LA00223,71,1,6251,3,75,751,7791,14,1,,4,60,,1,07,,1,126,8,4,0,5,,,,,,3,4,18,4449,18,1,68,75,6,1,,1,2,10.4,10,,1,1,1971-05-06,07
71LA00224,71,1,6253,3,75,751,7791,14,1,,4,60,,1,07,,1,126,8,4,0,5,,,,,,3,4,18,4449,18,0,67,75,6,1,,0,0,10.0,10,,1,2,1971-05-06,07
71LA00225,71,1,5466,3,75,750,7795,14,1,,4,60,,1,07,,1,97,8,4,0,4,,,,,,1,4,18,3406,18,1,83,75,6,1,,1,2,10.8,10,,1,1,1971-04-07,07
71LA00226,71,2,5467,3,75,750,7795,14,1,,4,60,,1,07,,1,97,8,4,0,4,,,,,,1,4,18,3406,18,0,72,75,6,1,,0,0,9.2,10,,1,2,1971-04-07,07
71LA00227,71,2,5266,3,75,752,7799,14,1,,4,60,,1,07,,1,94,5,2,0,4,,,,,,1,4,18,3999,18,1,79,75,6,1,,1,1,9.2,10,,1,1,1971-04-04,07
71LA00228,71,2,5324,3,74,742,7804,14,1,,4,60,,1,07,,3,95,8,2,0,4,,,,,,1,4,18,4172,18,1,69,74,6,1,,1,2,8.8,10,,2,1,1971-04-05,07
71LA00229,71,1,5325,3,74,742,7804,14,1,,4,60,,1,07,,1,95,8,2,0,4,,,,,,1,4,18,4172,18,0,82,74,6,1,,0,0,9.0,10,,2,2,1971-04-05,07
71LA00230,71,1,5350,3,73,731,7810,14,1,,4,60,,1,07,,1,96,8,4,0,3,,,,,,1,4,18,3402,18,1,66,73,6,1,,1,2,9.4,10,,1,1,1971-04-06,07
71LA00231,71,1,5351,3,73,731,7810,14,1,,4,60,,1,07,,1,96,8,4,119,3,,6,,,&,,4,18,3402,18,0,0,73,6,1,,0,0,9.0,0,,1,2,1971-04-06,07
71LA00232,71,1,,0,74,741,7811,14,1,,4,60,,1,07,,6,113,1,4,0,3,,1,,647642,+,,4,18,4234,18,1,0,74,6,0,,1,1,9.4,5,,2,1,1971-04-23,07
71LA00233,71,2,5944,3,73,730,7812,14,1,,4,60,,1,07,,1,108,5,4,0,4,,,,,,1,4,18,3396,18,1,68,73,6,1,,1,1,11.0,10,,2,1,1971-04-18,07
71LA00234,71,,,0,77,771,7816,14,1,,4,60,,,07,,,133,,2,0,,,,,,,,4,18,3491,18,1,0,77,6,0,,0,0,0.0,0,,1,1,1971-05-13,07
71LA00235,71,2,5741,3,74,740,7817,14,1,,4,60,,1,07,,1,104,8,2,0,4,,,,,,1,4,18,3926,18,1,67,74,6,1,,1,2,8.6,10,,2,1,1971-04-14,07
71LA00236,71,1,5742,3,74,740,7817,14,1,,4,60,,1,07,,1,104,8,2,0,4,,,,,,1,4,18,3926,18,0,74,74,6,1,,0,0,8.0,10,,2,2,1971-04-14,07
71LA00237,71,1,5578,3,75,751,7823,14,1,,4,60,,1,07,,1,100,5,2,0,5,,,,,,1,4,18,4449,18,1,91,75,6,1,,1,1,13.2,10,,2,1,1971-04-10,07
71LA00238,71,2,5567,3,76,762,7833,14,1,,4,60,,1,07,,1,99,8,2,0,4,,,,,,1,4,18,4970,18,1,61,76,6,1,,1,2,7.8,10,,1,1,1971-04-09,07
71LA00239,71,2,5568,3,76,762,7833,14,1,,4,60,,1,07,,1,99,8,2,0,4,,,,,,1,4,18,4970,18,0,64,76,6,1,,0,0,9.0,10,,1,2,1971-04-09,07
71LA00240,71,1,5444,3,77,770,7845,14,1,,4,60,,1,07,,1,97,8,4,0,4,,,,,,1,4,18,3382,18,1,71,77,6,1,,1,2,9.4,10,,1,1,1971-04-07,07
71LA00241,71,2,5445,3,77,770,7845,14,1,,4,60,,1,07,,1,97,8,4,0,4,,,,,,1,4,18,3382,18,0,59,77,6,1,,0,0,8.4,10,,1,2,1971-04-07,07
71LA00242,71,,,0,77,772,7846,14,1,,4,60,,,07,,,133,,4,0,,,,,,,,4,18,4742,18,1,0,77,6,0,,0,0,0.0,0,,2,1,1971-05-13,07
71LA00243,71,2,6048,3,78,781,7853,14,1,,4,60,,1,07,,1,110,8,4,0,4,,,,,,1,4,18,3681,18,1,59,78,6,1,,1,2,8.6,10,,2,1,1971-04-20,07
71LA00244,71,1,6049,3,78,781,7853,14,1,,4,60,,1,07,,1,110,8,4,0,4,,,,,,1,4,18,3681,18,0,57,78,6,1,,0,0,10.8,10,,2,2,1971-04-20,07
71LA00245,71,1,5484,3,73,732,7854,14,1,,4,60,,1,07,,1,98,8,4,0,4,,6,,,&,,4,18,3844,18,1,0,73,6,1,,1,2,10.4,0,,2,1,1971-04-08,07
71LA00246,71,1,5485,3,73,732,7854,14,1,,4,60,,1,07,,1,98,8,4,0,4,,,,,&,,4,18,3844,18,0,110,73,6,1,,0,0,11.0,5,,2,2,1971-04-08,07
71LA00247,71,2,6237,3,73,731,7858,14,1,,4,60,,1,07,,1,117,8,2,0,4,,,,,,1,4,18,3402,18,1,52,73,6,1,,1,2,8.4,10,,2,1,1971-04-27,07
71LA00248,71,2,6238,3,73,731,7858,14,1,,4,60,,1,07,,1,117,8,2,0,4,,,,,,6,4,18,3402,18,0,47,73,6,1,,0,0,7.4,10,,2,2,1971-04-27,07
71LA00249,71,2,5756,3,78,780,7870,14,1,,4,60,,1,07,,1,104,8,4,0,4,,,,,,1,4,18,3452,18,1,67,78,6,1,,1,2,10.4,10,,1,1,1971-04-14,07
71LA00250,71,2,5757,3,78,780,7870,14,1,,4,60,,1,07,,1,104,8,4,0,4,,,,,,1,4,18,3452,18,0,64,78,6,1,,0,0,8.4,10,,1,2,1971-04-14,07
71LA00251,71,1,5672,3,73,730,7871,14,1,,4,60,,1,07,,1,102,5,4,106,3,,6,,,,,4,18,3396,18,1,0,73,6,1,,1,1,8.2,0,,1,1,1971-04-12,07
71LA00252,71,2,5707,3,77,771,7875,14,1,,4,60,,1,07,,1,103,8,2,0,3,,,,,,1,4,18,3491,18,1,61,77,6,1,,1,2,8.0,10,,2,1,1971-04-13,07
71LA00253,71,1,5708,3,77,771,7875,14,1,,4,60,,1,07,,1,103,8,2,0,3,,,,,,1,4,18,3491,18,0,61,77,6,1,,0,0,9.4,10,,2,2,1971-04-13,07
71LA00254,71,2,5296,3,74,742,7877,14,1,,4,60,,1,07,,1,95,8,4,0,5,,,,,,1,4,18,4172,18,1,68,74,6,1,,1,2,11.4,10,,1,1,1971-04-05,07
71LA00255,71,1,5297,3,74,742,7877,14,1,,4,60,,1,07,,1,95,8,4,0,5,,,,,,1,4,18,4172,18,0,65,74,6,1,,0,0,10.4,10,,1,2,1971-04-05,07
71LA00256,71,2,5726,3,73,732,7878,14,1,,4,60,,1,07,,1,103,8,2,0,4,,,,,,1,4,18,3844,18,1,66,73,6,1,,1,2,11.2,10,,1,1,1971-04-13,07
71LA00257,71,1,5727,3,73,732,7878,14,1,,4,60,,1,07,,1,103,8,2,0,4,,,,,,1,4,18,3844,18,0,65,73,6,1,,0,0,10.4,10,,1,2,1971-04-13,07
71LA00258,71,2,6260,3,74,741,7889,14,1,,4,60,,1,07,,2,130,8,2,0,4,,,,,,3,4,18,4234,18,1,70,74,6,1,,1,2,11.0,10,,1,1,1971-05-10,07
71LA00259,71,2,6261,3,74,741,7889,14,1,,4,60,,1,07,,2,130,8,2,0,4,,,,,,3,4,18,4234,18,0,60,74,6,1,,0,0,10.2,10,,1,2,1971-05-10,07
71LA00260,71,1,5960,3,74,740,7898,14,1,,4,60,,1,07,,3,108,8,4,0,3,,,,,,1,4,18,3926,18,1,78,74,6,1,,1,2,9.6,10,,1,1,1971-04-18,07
71LA00261,71,1,5962,3,74,740,7898,14,1,,4,60,,1,07,,1,108,8,4,0,3,,,,740161,-,6,4,18,3926,18,0,89,74,6,1,,0,0,9.2,5,,1,2,1971-04-18,07
71LA00262,71,2,5889,3,75,750,7906,14,1,,4,60,,1,07,,1,107,8,2,0,2,,,,,,1,4,18,3406,18,1,72,75,6,1,,1,2,10.8,10,,2,1,1971-04-17,07
71LA00263,71,1,5890,3,75,750,7906,14,1,,4,60,,1,07,,1,107,8,2,0,2,,,,109242,-,2,4,18,3406,18,0,64,75,6,1,,0,0,10.0,5,,2,2,1971-04-17,07
71LA00264,71,1,5231,3,74,742,7907,14,1,,4,60,,1,07,,3,94,8,4,0,4,,,,,,1,4,18,4172,18,1,73,74,6,1,,1,2,9.6,10,,2,1,1971-04-04,07
71LA00265,71,2,5232,3,74,742,7907,14,1,,4,60,,1,07,,5,94,8,4,0,4,,,,,,1,4,18,4172,18,0,73,74,6,1,,0,0,8.8,10,,2,2,1971-04-04,07
71LA00266,71,2,6148,3,73,731,7911,14,1,,4,60,,1,07,,1,112,8,4,0,4,,,,,,1,4,18,3402,18,1,50,73,6,1,,1,2,8.4,10,,1,1,1971-04-22,07
71LA00267,71,2,6149,3,73,731,7911,14,1,,4,60,,1,07,,1,112,8,4,0,4,,,,,,1,4,18,3402,18,0,59,73,6,1,,0,0,8.4,10,,1,2,1971-04-22,07
71LA00268,71,1,5599,3,73,730,7919,14,1,,4,60,,1,07,,1,100,5,2,0,4,,,,,,1,4,18,3396,18,1,70,73,6,1,,1,1,9.6,10,,2,1,1971-04-10,07
71LA00269,71,1,6119,3,75,752,7920,14,1,,4,60,,1,07,,1,111,5,2,0,4,,,,,,1,4,18,3999,18,1,93,75,6,1,,1,1,11.8,10,,2,1,1971-04-21,07
71LA00270,71,2,6051,3,76,761,7924,14,1,,4,60,,1,07,,1,110,5,2,0,4,,,,,,1,4,18,3528,18,1,65,76,6,1,,1,1,10.2,10,,1,1,1971-04-20,07
71LA00271,71,2,6211,3,78,782,7925,14,1,,4,60,,1,07,,1,114,5,4,0,4,,,,,,1,4,18,3789,18,1,72,78,6,1,,1,1,11.8,10,,2,1,1971-04-24,07
71LA00272,71,2,6259,3,74,741,7928,14,1,,4,60,,1,07,,2,129,5,4,151,3,,2,,,,,4,18,4234,18,1,0,74,6,1,,1,1,9.8,0,,2,1,1971-05-09,07
71LA00273,71,,,0,77,770,7931,14,1,,4,60,,,07,,,133,,4,0,,,,,,,,4,18,3382,18,1,0,77,6,0,,0,0,0.0,0,,2,1,1971-05-13,07
71LA00274,71,1,5720,3,77,772,7936,14,1,,4,60,,1,07,,1,103,7,2,0,4,,,,,,1,4,18,4742,18,1,69,77,6,1,,1,2,7.8,10,,1,1,1971-04-13,07
71LA00275,71,2,,0,77,772,7936,14,1,,4,60,,1,07,,1,103,7,2,0,4,,1,,,,,4,18,4742,18,0,0,77,6,0,,0,0,7.0,0,,1,2,1971-04-13,07
71LA00276,71,2,5205,3,76,760,7937,14,1,,4,60,,1,07,,1,93,5,4,0,3,,,,,,1,4,18,3516,18,1,80,76,6,1,,1,1,9.8,10,,1,1,1971-04-03,07
71LA00277,71,2,5893,3,76,762,7943,14,1,,4,60,,1,07,,1,107,8,2,0,3,,,,,,1,4,18,4970,18,1,68,76,6,1,,1,2,9.2,10,,2,1,1971-04-17,07
71LA00278,71,2,5894,3,76,762,7943,14,1,,4,60,,1,07,,1,107,8,2,0,3,,,,,,1,4,18,4970,18,0,68,76,6,1,,0,0,8.8,10,,2,2,1971-04-17,07
71LA00279,71,2,5745,3,75,751,7950,14,1,,4,60,,1,07,,1,104,5,4,0,4,,,,,,1,4,18,4449,18,1,70,75,6,1,,1,1,12.2,10,,1,1,1971-04-14,07
71LA00280,71,1,5337,3,76,761,7963,14,1,,4,60,,1,07,,1,95,8,2,0,3,,,,,,1,4,18,3528,18,1,53,76,6,1,,1,2,9.6,10,,2,1,1971-04-05,07
71LA00281,71,1,5338,3,76,761,7963,14,1,,4,60,,1,07,,1,95,8,2,0,3,,,,,,1,4,18,3528,18,0,69,76,6,1,,0,0,9.0,10,,2,2,1971-04-05,07
71LA00282,71,1,5419,3,74,740,7968,14,1,,4,60,,1,07,,1,97,8,4,0,4,,,,,,1,4,18,3926,18,1,71,74,6,1,,1,2,8.0,10,,2,1,1971-04-07,07
71LA00283,71,2,5420,3,74,740,7968,14,1,,4,60,,1,07,,1,97,8,4,0,4,,,,,,1,4,18,3926,18,0,62,74,6,1,,0,0,6.2,10,,2,2,1971-04-07,07
71LA00284,71,1,5728,3,77,771,7973,14,1,,4,60,,1,07,,1,103,8,4,0,4,,,,,,1,4,18,3491,18,1,64,77,6,1,,1,2,9.0,10,,1,1,1971-04-13,07
71LA00285,71,2,5729,3,77,771,7973,14,1,,4,60,,1,07,,1,103,8,4,0,4,,,,,,1,4,18,3491,18,0,71,77,6,1,,0,0,8.4,10,,1,2,1971-04-13,07
71LA00286,71,1,5258,3,73,732,7974,14,1,,4,60,,1,07,,1,94,8,2,0,4,,,,,&,,4,18,3844,18,0,85,73,6,1,,0,0,8.4,5,,2,2,1971-04-04,07
71LA00287,71,2,5257,3,73,732,7974,14,1,,4,60,,1,07,,1,94,8,2,0,4,,,,,,1,4,18,3844,18,1,72,73,6,1,,1,2,7.4,10,03,2,1,1971-04-04,07
71LA00288,71,1,5287,3,74,742,7976,14,1,,4,60,,1,07,,1,95,5,4,0,5,,,,,,1,4,18,4172,18,1,102,74,6,1,,1,1,14.2,10,,1,1,1971-04-05,07
71LA00289,71,2,5255,3,73,731,7981,14,1,,4,60,,1,07,,1,94,8,4,0,5,,,,,,1,4,18,3402,18,1,71,73,6,1,,1,2,8.4,10,,2,1,1971-04-04,07
71LA00290,71,1,5256,3,73,731,7981,14,1,,4,60,,1,07,,1,94,8,4,0,5,,,,,,1,4,18,3402,18,0,79,73,6,1,,0,0,9.2,10,,2,2,1971-04-04,07
71LA00291,71,1,5789,3,76,760,7989,14,1,,4,60,,1,07,,1,105,8,2,0,5,,,,,,1,4,18,3516,18,1,59,76,6,1,,1,2,9.4,10,,2,1,1971-04-15,07
71LA00292,71,1,5790,3,76,760,7989,14,1,,4,60,,1,07,,1,105,8,2,0,5,,,,,,1,4,18,3516,18,0,68,76,6,1,,0,0,8.6,10,,2,2,1971-04-15,07
71LA00293,71,1,5722,3,75,750,7993,14,1,,4,60,,1,07,,1,103,8,4,0,4,,,,,,1,4,18,3406,18,1,85,75,6,1,,1,2,8.0,10,,1,1,1971-04-13,07
71LA00294,71,2,5723,3,75,750,7993,14,1,,4,60,,1,07,,1,103,8,4,0,4,,,,,,,4,18,3406,18,0,53,75,6,1,,0,0,8.8,10,,1,2,1971-04-13,07
71LA00295,71,,,0,76,762,7994,14,1,,4,60,,,07,,,133,,2,0,,,,,,,,4,18,4970,18,1,0,76,6,0,,0,0,0.0,0,,1,1,1971-05-13,07
71LA00296,71,2,9888,2,46,460,7997,14,1,32,4,60,,1,07,,3,99,5,,0,4,,,23,,,6,4,14,9808,14,1,74,46,1,1, 6,1,1,11.0,10,,1,1,1971-04-09,07
71LA00297,71,2,,0,46,460,7998,14,1,32,4,60,,1,07,,1,96,1,,0,3,,1,23,534518,+,,4,14,9808,14,1,0,46,1,0, 7,1,1,7.0,5,,1,1,1971-04-06,07
71LA00298,71,1,5555,3,77,770,8003,14,1,,4,60,,1,07,,1,99,5,2,0,4,,,,,,1,4,18,3382,18,1,104,77,6,1,,1,1,13.0,10,,1,1,1971-04-09,07
71LA00299,71,1,5915,3,75,752,8006,14,1,,4,60,,1,07,,1,108,5,2,0,5,,,,,,1,4,18,3999,18,1,94,75,6,1,,1,1,10.2,10,,1,1,1971-04-18,07
71LA00300,71,2,5506,3,76,761,8009,14,1,,4,60,,1,07,,1,98,8,2,0,4,,,,,,1,4,18,3528,18,1,80,76,6,1,,1,2,10.0,10,,1,1,1971-04-08,07
71LA00301,71,2,5507,3,76,761,8009,14,1,,4,60,,1,07,,1,98,8,2,0,4,,,,,,1,4,18,3528,18,0,81,76,6,1,,0,0,10.0,10,,1,2,1971-04-08,07
71LA00302,71,2,6120,3,76,760,8024,14,1,,4,60,,1,07,,1,111,8,2,117,2,,6,,,,,4,18,3516,18,1,0,76,6,1,,1,2,11.0,0,,1,1,1971-04-21,07
71LA00303,71,2,6121,3,76,760,8024,14,1,,4,60,,1,07,,1,111,8,2,0,2,,,,,,1,4,18,3516,18,0,63,76,6,1,,0,0,8.0,10,,1,2,1971-04-21,07
71LA00304,71,1,5986,3,75,751,8025,14,1,,4,60,,1,07,,1,109,8,4,110,4,,6,,,,,4,18,4449,18,0,0,75,6,1,,0,0,10.0,0,,2,2,1971-04-19,07
71LA00305,71,1,5985,3,75,751,8025,14,1,,4,60,,1,07,,1,109,8,4,0,4,11,6,,,,,4,18,4449,18,1,0,75,6,1,,1,2,10.8,0,,2,1,1971-04-19,07
71LA00306,71,1,5499,3,77,772,8026,14,1,,4,60,,1,07,,1,98,8,4,0,4,,,,,,1,4,18,4742,18,1,74,77,6,1,,1,2,11.0,10,,2,1,1971-04-08,07
71LA00307,71,2,5500,3,77,772,8026,14,1,,4,60,,1,07,,1,98,8,4,0,4,,,,,,1,4,18,4742,18,0,61,77,6,1,,0,0,9.0,10,,2,2,1971-04-08,07
71LA00308,71,,,0,74,741,8027,14,1,,4,60,,,07,1,,0,,4,0,,,,,,,,4,18,4234,18,1,0,74,6,0,,0,0,0.0,0,,1,1,,07
71LA00309,71,2,8060,9,00,741,8027,14,1,,4,60,,5,40,2,1,126,5,4,0,4,,,,,,3,4,90,0000,98,1,69,74,0,1,,1,1,11.2,10,,1,1,1971-05-06,07
71LA00310,71,2,5834,3,78,781,8030,14,1,,4,60,,1,07,,1,106,8,4,0,3,,,,,,1,4,18,3681,18,1,58,78,6,1,,1,2,8.8,10,,1,1,1971-04-16,07
71LA00311,71,2,5835,3,78,781,8030,14,1,,4,60,,1,07,,1,106,8,4,0,3,,,,,,1,4,18,3681,18,0,50,78,6,1,,0,0,9.0,10,,1,2,1971-04-16,07
71LA00312,71,1,5209,3,78,780,8041,14,1,,4,60,,1,07,,1,93,5,2,0,2,,,,,,1,4,18,3452,18,1,86,78,6,1,,1,1,7.8,10,,2,1,1971-04-03,07
71LA00313,71,1,5607,3,74,740,8048,14,1,,4,60,,1,07,,1,101,8,4,0,4,,,,,,1,4,18,3926,18,1,74,74,6,1,,1,2,10.2,10,,1,1,1971-04-11,07
71LA00314,71,2,5608,3,74,740,8048,14,1,,4,60,,1,07,,1,101,8,4,0,4,,,,,,1,4,18,3926,18,0,62,74,6,1,,0,0,8.2,10,,1,2,1971-04-11,07
71LA00315,71,2,5251,3,75,750,8054,14,1,,4,60,,1,07,,1,94,8,2,0,3,,,,,,6,4,18,3406,18,1,54,75,6,1,,1,2,6.0,10,,2,1,1971-04-04,07
71LA00316,71,1,5252,3,75,750,8054,14,1,,4,60,,1,07,,1,94,8,2,0,3,,,,,,1,4,18,3406,18,0,50,75,6,1,,0,0,5.6,10,,2,2,1971-04-04,07
71LA00317,71,2,6170,3,78,782,8056,14,1,,4,60,,1,07,,1,112,5,4,0,5,,,,,,1,4,18,3789,18,1,85,78,6,1,,1,1,14.8,10,,1,1,1971-04-22,07
71LA00318,71,1,5398,3,78,781,8057,14,1,,4,60,,1,07,,1,97,8,2,0,4,,,,,,1,4,18,3681,18,1,76,78,6,1,,1,2,8.6,10,,2,1,1971-04-07,07
71LA00319,71,1,5399,3,78,781,8057,14,1,,4,60,,1,07,,1,97,8,2,0,4,,,,,,1,4,18,3681,18,0,81,78,6,1,,0,0,8.6,10,,2,2,1971-04-07,07
71LA00320,71,2,5462,3,76,762,8064,14,1,,4,60,,1,07,,1,97,8,4,0,3,,,,,,1,4,18,4970,18,1,74,76,6,1,,1,2,9.8,10,,2,1,1971-04-07,07
71LA00321,71,2,5463,3,76,762,8064,14,1,,4,60,,1,07,,1,97,8,4,0,3,,,,326510,-,6,4,18,4970,18,0,75,76,6,1,,0,0,8.4,5,,2,2,1971-04-07,07
71LA00322,71,1,5934,3,75,752,8071,14,1,,4,60,,1,07,,1,108,5,4,0,4,,,,,,1,4,18,3999,18,1,84,75,6,1,,1,1,10.8,10,,2,1,1971-04-18,07
71LA00323,71,1,5997,3,76,761,8073,14,1,,4,60,,1,07,,1,109,8,2,0,5,,,,,,1,4,18,3528,18,1,71,76,6,1,,1,2,10.2,10,,2,1,1971-04-19,07
71LA00324,71,1,5998,3,76,761,8073,14,1,,4,60,,1,07,,1,109,8,2,160,5,,6,,,&,,4,18,3528,18,0,0,76,6,1,,0,0,8.6,0,,2,2,1971-04-19,07
71LA00325,71,2,5363,3,77,771,8082,14,1,,4,60,,1,07,,1,96,5,4,0,4,,6,,,,,4,18,3491,18,1,0,77,6,1,,1,1,10.6,0,,2,1,1971-04-06,07
71LA00326,71,2,5342,3,75,751,8083,14,1,,4,60,,1,07,,1,95,5,4,0,4,,,,,,1,4,18,4449,18,1,81,75,6,1,,1,1,12.8,10,59,1,1,1971-04-05,07
71LA00327,71,1,5421,3,75,750,8087,14,1,,4,60,,1,07,,1,97,5,2,0,4,,6,,,,,4,18,3406,18,1,0,75,6,1,,1,1,12.8,0,,1,1,1971-04-07,07
71LA00328,71,,,0,74,742,8102,14,1,,4,60,,,07,,,36,,4,0,,,,,,,,4,18,4172,18,0,0,74,6,0,,0,0,0.0,0,,1,1,,07
71LA00329,71,2,5425,3,77,770,8115,14,1,,4,60,,1,07,,1,97,8,2,0,4,,,,,,1,4,18,3382,18,1,69,77,6,1,,1,2,10.6,10,,2,1,1971-04-07,07
71LA00330,71,1,5426,3,77,770,8115,14,1,,4,60,,1,07,,1,97,8,2,0,4,,,,,,1,4,18,3382,18,0,61,77,6,1,,0,0,11.0,10,,2,2,1971-04-07,07
71LA00331,71,1,5595,3,78,780,8120,14,1,,4,50,,1,07,,1,100,5,4,115,4,,6,,,,,4,18,3452,18,1,0,78,6,1,,1,1,9.4,0,,1,1,1971-04-10,07
71LA00332,71,1,5897,3,76,760,8129,14,1,,4,50,,1,07,,1,107,5,2,0,4,,,,,,1,4,18,3516,18,1,94,76,6,1,,1,1,12.2,10,,2,1,1971-04-17,07
71LA00333,71,,,0,77,772,8143,14,1,,4,50,,,07,,,133,,2,0,,,,,,,,4,18,4742,18,1,0,77,6,0,,0,0,0.0,0,,1,1,1971-05-13,07
71LA00334,71,2,5937,3,73,730,8144,14,1,,4,50,,1,07,,1,108,9,2,0,5,,,,,,1,4,18,3396,18,1,70,73,6,1,,1,3,9.6,10,,1,1,1971-04-18,07
71LA00335,71,2,5938,3,73,730,8144,14,1,,4,50,,1,07,,1,108,9,2,0,5,,,,,,1,4,18,3396,18,0,71,73,6,1,,0,0,10.4,10,,1,2,1971-04-18,07
71LA00336,71,1,5939,3,73,730,8144,14,1,,4,50,,1,07,,1,108,9,2,0,5,,6,,901841,-,,4,18,3396,18,0,0,73,6,1,,0,0,7.4,0,,1,3,1971-04-18,07
71LA00337,71,2,6050,3,77,772,8145,14,1,,4,50,,1,07,,1,110,5,4,0,4,,,,,,1,4,18,4742,18,1,75,77,6,1,,1,1,11.0,10,,2,1,1971-04-20,07
71LA00338,71,2,5541,3,75,752,8148,14,1,,4,50,,1,07,,1,99,8,4,0,4,,,,,,1,4,18,3999,18,1,73,75,6,1,,1,2,10.4,10,,1,1,1971-04-09,07
71LA00339,71,1,5542,3,75,752,8148,14,1,,4,50,,1,07,,1,99,8,4,106,4,,6,,,,,4,18,3999,18,0,0,75,6,1,,0,0,9.8,0,,1,2,1971-04-09,07
71LA00340,71,2,5670,3,75,751,8152,14,1,,4,50,,1,07,,3,102,5,4,0,4,,,,,,1,4,18,4449,18,1,86,75,6,1,,1,1,11.8,10,,2,1,1971-04-12,07
71LA00341,71,2,9905,2,46,460,8156,14,1,28,4,50,,1,07,,3,103,8,,0,3,,6,32,,,,4,14,9808,14,1,0,46,1,1, 6,1,2,8.0,0,,1,1,1971-04-13,07
71LA00342,71,1,9906,2,46,460,8156,14,1,28,4,50,,1,07,,3,103,8,,0,3,,6,32,,,,4,14,9808,14,0,0,46,1,1, 6,0,0,7.6,0,,1,2,1971-04-13,07
71LA00343,71,2,8052,9,97,091,8161,14,1,,4,50,,1,51,,1,115,8,,0,5,,,,,,,4,90,0005,95,1,64,73,8,1,,1,2,9.0,10,,2,1,1971-04-25,07
71LA00344,71,2,8053,9,97,091,8161,14,1,,4,50,,1,51,,1,115,8,,0,5,,,,,,,4,90,0005,95,0,70,73,8,1,,0,0,9.4,10,05,2,2,1971-04-25,07
71LA00345,71,2,6088,3,76,762,8172,14,1,,4,50,,1,07,,1,111,8,,0,4,,6,,,&,,4,18,4970,18,1,0,76,6,1,,1,2,10.4,0,,1,1,1971-04-21,07
71LA00346,71,2,6089,3,76,762,8172,14,1,,4,50,,1,07,,1,111,8,,0,4,,,,,&,,4,18,4970,18,0,86,76,6,1,,0,0,9.0,5,,1,2,1971-04-21,07
71LA00347,71,1,5378,3,77,770,8174,14,1,,4,50,,1,07,,1,96,5,4,0,2,,,,,,1,4,18,3382,18,1,87,77,6,1,,1,1,8.2,10,,1,1,1971-04-06,07
71LA00348,71,2,5261,3,77,771,8184,14,1,,4,50,,1,07,,1,94,8,4,0,4,,,,,,1,4,18,3491,18,1,66,77,6,1,,1,2,7.2,10,,1,1,1971-04-04,07
71LA00349,71,2,5262,3,77,771,8184,14,1,,4,50,,1,07,,1,94,8,4,0,4,,,,,,1,4,18,3491,18,0,67,77,6,1,,0,0,7.0,10,,1,2,1971-04-04,07
71LA00350,71,1,5751,3,77,771,8195,14,1,,4,50,,1,07,,1,104,5,2,0,4,,,,,,1,4,18,3491,18,1,85,77,6,1,,1,1,14.0,10,,2,1,1971-04-14,07
71LA00351,71,2,5989,3,76,761,8198,14,1,,4,50,,1,07,,1,109,5,4,0,5,,,,,,1,4,18,3528,18,1,74,76,6,1,,1,1,10.6,10,,1,1,1971-04-19,07
71LA00352,71,2,6187,3,75,750,8203,14,1,,4,50,,1,07,,1,113,5,4,0,4,,,,,,1,4,18,3406,18,1,70,75,6,1,,1,1,11.4,10,,2,1,1971-04-23,07
71LA00353,71,1,5817,3,77,770,8208,14,1,,4,50,,1,07,,1,106,8,2,0,3,,,,,,1,4,18,3382,18,1,69,77,6,1,,1,2,10.2,10,,2,1,1971-04-16,07
71LA00354,71,1,5818,3,77,770,8208,14,1,,4,50,,1,07,,1,106,8,2,0,3,,,,,,1,4,18,3382,18,0,65,77,6,1,,0,0,8.4,10,,2,2,1971-04-16,07
71LA00355,71,2,5397,3,73,732,8213,14,1,,4,50,,1,07,,1,97,5,2,0,4,,,,,,1,4,18,3844,18,1,83,73,6,1,,1,1,9.8,10,02,1,1,1971-04-07,07
71LA00356,71,1,5569,3,76,760,8222,14,1,,4,50,,1,07,,2,99,5,2,0,4,,,,,,1,4,18,3516,18,1,90,76,6,1,,1,1,12.0,10,,1,1,1971-04-09,07
71LA00357,71,2,9887,2,46,460,8231,14,1,30,4,50,,1,07,,1,98,5,,0,4,,,38,,,6,4,14,9808,14,1,83,46,1,1, 6,1,1,10.6,10,,1,1,1971-04-08,07
71LA00358,71,2,5352,3,78,782,8241,14,1,,4,50,,1,07,,1,96,5,4,0,4,,,,,,1,4,18,3789,18,1,78,78,6,1,,1,1,13.2,10,,2,1,1971-04-06,07
71LA00359,71,2,5364,3,74,741,8244,14,1,,4,50,,1,07,,1,96,8,2,140,4,,6,,,,,4,18,4234,18,1,0,74,6,1,,1,2,7.4,0,,2,1,1971-04-06,07
71LA00360,71,1,5365,3,74,741,8244,14,1,,4,50,,1,07,,1,96,8,2,0,4,,,,,,1,4,18,4234,18,0,76,74,6,1,,0,0,8.6,10,,2,2,1971-04-06,07
71LA00361,71,1,5322,3,76,762,8262,14,1,,4,50,,1,07,,1,95,8,4,0,3,,,,,,1,4,18,4970,18,1,71,76,6,1,,1,2,10.6,10,,2,1,1971-04-05,07
71LA00362,71,1,5323,3,76,762,8262,14,1,,4,50,,1,07,,1,95,8,4,0,3,,,,,,,4,18,4970,18,0,107,76,6,1,,0,0,9.2,10,,2,2,1971-04-05,07
71LA00363,71,2,5764,3,78,781,8263,14,1,,4,50,,1,07,,1,104,8,2,119,4,,6,,,,,4,18,3681,18,1,0,78,6,1,,1,2,10.8,0,,1,1,1971-04-14,07
71LA00364,71,1,5765,3,78,781,8263,14,1,,4,50,,1,07,,1,104,8,2,0,4,,,,,,2,4,18,3681,18,0,91,78,6,1,,0,0,12.6,10,,1,2,1971-04-14,07
71LA00365,71,2,5457,3,78,780,8265,14,1,,4,50,,1,07,,1,97,5,2,0,5,,,,,,1,4,18,3452,18,1,76,78,6,1,,1,1,10.0,10,,2,1,1971-04-07,07
71LA00366,71,2,5529,3,75,752,8271,14,1,,4,50,,1,07,,1,99,8,2,0,4,,,,,,1,4,18,3999,18,1,66,75,6,1,,1,2,9.0,10,,2,1,1971-04-09,07
71LA00367,71,2,5530,3,75,752,8271,14,1,,4,50,,1,07,,1,99,8,2,0,4,,,,,,1,4,18,3999,18,0,78,75,6,1,,0,0,10.2,10,,2,2,1971-04-09,07
71LA00368,71,2,5965,3,74,740,8274,14,1,,4,50,,2,07,,1,108,8,4,0,3,,,,,,1,4,18,3926,18,1,73,74,6,1,,1,2,9.0,10,,2,1,1971-04-18,07
71LA00369,71,2,5966,3,74,740,8274,14,1,,4,50,,1,07,,1,108,8,4,0,3,,,,,,3,4,18,3926,18,0,74,74,6,1,,0,0,7.8,10,,2,2,1971-04-18,07
71LA00370,71,2,6188,3,76,761,8282,14,1,,4,50,,1,07,,1,113,5,4,0,4,,,,,,1,4,18,3528,18,1,75,76,6,1,,1,1,13.4,10,,2,1,1971-04-23,07
71LA00371,71,,,0,35,350,8287,14,1,40,4,50,,,07,1,,0,,,0,,,,35,,,,4,14,9818,14,1,0,35,1,0, 6,0,0,0.0,0,,1,1,,07
71LA00372,71,3,8077,9,00,350,8287,14,1,,4,50,,5,40,2,1,130,8,,0,4,,,35,,,6,4,90,0000,98,1,63,35,0,1, 6,1,2,12.2,10,,1,1,1971-05-10,07
71LA00373,71,3,8078,9,00,350,8287,14,1,,4,50,,5,40,2,1,130,8,,0,4,,,35,,,6,4,90,0000,98,0,58,35,0,1, 6,0,0,11.2,10,,1,2,1971-05-10,07
71LA00374,71,2,5953,3,76,761,8291,14,1,,4,50,,1,07,,2,108,5,2,0,4,,,,,,1,4,18,3528,18,1,91,76,6,1,,1,1,10.8,10,,1,1,1971-04-18,07
71LA00375,71,2,5368,3,73,731,8293,14,1,,4,50,,1,07,,1,96,8,2,0,4,,,,,,1,4,18,3402,18,1,76,73,6,1,,1,2,8.2,10,,1,1,1971-04-06,07
71LA00376,71,2,5369,3,73,731,8293,14,1,,4,50,,1,07,,1,96,8,2,0,4,,,,,&,,4,18,3402,18,0,56,73,6,1,,0,0,8.2,5,,1,2,1971-04-06,07
71LA00377,71,1,5359,3,73,730,8306,14,1,,4,50,,1,07,,1,96,5,2,0,4,,,,,,1,4,18,3396,18,1,79,73,6,1,,1,1,11.4,10,,2,1,1971-04-06,07
71LA00378,71,1,6179,3,74,742,8308,14,1,,4,50,,1,07,,1,112,8,2,0,4,,,,,,1,4,18,4172,18,1,56,74,6,1,,1,2,10.4,10,,1,1,1971-04-22,07
71LA00379,71,2,6180,3,74,742,8308,14,1,,4,50,,1,07,,1,112,8,2,0,4,,,,,,1,4,18,4172,18,0,60,74,6,1,,0,0,8.4,10,,1,2,1971-04-22,07
71LA00380,71,2,6233,3,75,751,8314,14,1,,4,50,,1,07,,1,117,5,4,0,2,,,,,,3,4,18,4449,18,1,53,75,6,1,,1,1,10.2,10,,1,1,1971-04-27,07
71LA00381,71,,,0,73,732,8327,14,1,,4,50,,,07,,,145,,2,0,,,,,,,,4,18,3844,18,0,0,73,6,0,,0,0,0.0,0,,2,1,1971-05-25,07
71LA00382,71,1,9890,2,46,460,8329,14,1,33,4,50,,1,07,,1,100,5,,0,5,,,39,,,1,4,14,9808,14,1,70,46,1,1, 7,1,1,10.0,10,,1,1,1971-04-10,07
71LA00383,71,2,9894,2,46,460,8330,14,1,33,4,50,,1,07,,1,101,8,,0,3,,,39,379918,-,1,4,14,9808,14,1,59,46,1,1, 6,1,2,9.4,5,,1,1,1971-04-11,07
71LA00384,71,2,9895,2,46,460,8330,14,1,33,4,50,,1,07,,1,101,8,,0,3,,,39,079042,-,2,4,14,9808,14,0,85,46,1,1, 6,0,0,9.0,5,,1,2,1971-04-11,07
71LA00385,71,1,5586,3,74,741,8341,14,1,,4,50,,1,07,,1,100,8,,0,4,,,,,,1,4,18,4234,18,1,71,74,6,1,,1,2,10.4,10,,1,1,1971-04-10,07
71LA00386,71,2,5587,3,74,741,8341,14,1,,4,50,,1,07,,1,100,8,,0,4,,,,,,,4,18,4234,18,0,54,74,6,1,,0,0,7.6,10,,1,2,1971-04-10,07
71LA00387,71,2,5841,3,73,730,8342,14,1,,4,50,,1,07,,1,106,5,2,0,4,,,,,,1,4,18,3396,18,1,78,73,6,1,,1,1,11.2,10,,1,1,1971-04-16,07
71LA00388,71,1,5634,3,73,730,8356,14,1,,4,50,,1,07,,1,101,8,4,0,4,,,,,,1,4,18,3396,18,1,72,73,6,1,,1,2,9.2,10,,2,1,1971-04-11,07
71LA00389,71,1,5635,3,73,730,8356,14,1,,4,50,,1,07,,1,101,8,4,0,4,,,,,,1,4,18,3396,18,0,55,73,6,1,,0,0,8.6,10,,2,2,1971-04-11,07
71LA00390,71,,,0,73,732,8362,14,1,,4,50,,,07,,,133,,2,0,,,,,,,,4,18,3844,18,1,0,73,6,0,,0,0,0.0,0,,1,1,1971-05-13,07
71LA00391,71,2,5822,3,73,731,8363,14,1,,4,50,,2,07,,1,106,8,4,0,4,,,,,,1,4,18,3402,18,1,61,73,6,1,,1,2,9.0,10,,2,1,1971-04-16,07
71LA00392,71,2,5823,3,73,731,8363,14,1,,4,50,,1,07,,1,106,8,4,0,4,,,,,,1,4,18,3402,18,0,58,73,6,1,,0,0,7.8,10,,2,2,1971-04-16,07
71LA00393,71,2,5610,3,75,750,8365,14,1,,4,50,,1,07,,1,101,8,4,0,3,,,,,,1,4,18,3406,18,1,67,75,6,1,,1,2,9.0,10,,1,1,1971-04-11,07
71LA00394,71,1,5611,3,75,750,8365,14,1,,4,50,,1,07,,1,101,8,4,0,3,,,,,,1,4,18,3406,18,0,61,75,6,1,,0,0,8.6,10,,1,2,1971-04-11,07
71LA00395,71,2,5317,3,78,782,8367,14,1,,4,50,,1,07,,1,95,8,2,0,2,,,,,,1,4,18,3789,18,1,87,78,6,1,,1,2,8.4,10,,1,1,1971-04-05,07
71LA00396,71,1,5318,3,78,782,8367,14,1,,4,50,,1,07,,1,95,8,2,0,2,,,,342818,-,1,4,18,3789,18,0,91,78,6,1,,0,0,8.6,5,,1,2,1971-04-05,07
71LA00397,71,1,5731,3,74,740,8368,14,1,,4,50,,1,07,,1,104,5,2,0,5,,,,,,1,4,18,3926,18,1,94,74,6,1,,1,1,9.4,10,,1,1,1971-04-14,07
71LA00398,71,1,6010,3,77,772,8371,14,1,,4,50,,1,07,,1,109,8,4,0,4,,,,,,1,4,18,4742,18,1,87,77,6,1,,1,2,11.0,10,,1,1,1971-04-19,07
71LA00399,71,1,6011,3,77,772,8371,14,1,,4,50,,1,07,,1,109,8,4,111,4,,6,,,,,4,18,4742,18,0,0,77,6,1,,0,0,7.6,0,,1,2,1971-04-19,07
71LA00400,71,2,5362,3,74,742,8373,14,1,,4,50,,1,07,,1,96,5,2,0,4,,,,,,1,4,18,4172,18,1,83,74,6,1,,1,1,7.0,10,,2,1,1971-04-06,07
71LA00401,71,,,0,75,752,8375,14,1,,4,50,,,07,1,,0,,2,0,,,,,,,,4,18,3999,18,1,0,75,6,0,,0,0,0.0,0,,1,1,,07
71LA00402,71,3,8083,9,00,752,8375,14,1,,4,50,,5,40,2,1,132,5,2,0,5,,,,,,3,4,90,0000,98,1,99,75,0,1,,1,1,14.0,10,,1,1,1971-05-12,07
71LA00403,71,1,5868,3,76,762,8378,14,1,,4,50,,1,07,,1,107,5,4,0,4,,,,,,1,4,18,4970,18,1,94,76,6,1,,1,1,12.6,10,,1,1,1971-04-17,07
71LA00404,71,1,5442,3,78,781,8383,14,1,,4,50,,1,07,,1,97,5,2,0,5,,,,,,1,4,18,3681,18,1,96,78,6,1,,1,1,11.6,10,,2,1,1971-04-07,07
71LA00405,71,1,5409,3,78,780,8386,14,1,,4,50,,1,07,,1,97,5,4,125,2,,6,,,,,4,18,3452,18,1,0,78,6,1,,1,1,7.8,0,,1,1,1971-04-07,07
71LA00406,71,2,8038,9,97,090,8389,14,1,,4,50,,1,51,,1,108,8,,0,4,,,,,,,4,90,0004,95,1,62,78,8,1,,1,2,10.6,10,,1,1,1971-04-18,07
71LA00407,71,2,8039,9,97,090,8389,14,1,,4,50,,1,51,,1,108,8,,0,4,,,,,,,4,90,0004,95,0,74,78,8,1,,0,0,9.0,10,,1,2,1971-04-18,07
71LA00408,71,1,6110,3,76,760,8399,14,1,,4,50,,1,07,,1,111,8,2,0,3,,,,,,1,4,18,3516,18,1,69,76,6,1,,1,2,9.0,10,,2,1,1971-04-21,07
71LA00409,71,2,6111,3,76,760,8399,14,1,,4,50,,1,07,,2,111,8,2,0,3,,,,,,1,4,18,3516,18,0,55,76,6,1,,0,0,7.0,10,,2,2,1971-04-21,07
71LA00410,71,2,5494,3,73,730,8400,14,1,,4,50,,1,07,,1,98,8,2,136,4,,6,,,,,4,18,3396,18,1,0,73,6,1,,1,2,8.6,0,,1,1,1971-04-08,07
71LA00411,71,2,5495,3,73,730,8400,14,1,,4,50,,1,07,,1,98,8,2,0,4,,,,,,1,4,18,3396,18,0,78,73,6,1,,0,0,8.4,10,,1,2,1971-04-08,07
71LA00412,71,1,5975,3,73,732,8407,14,1,,4,50,,1,07,,1,109,5,4,0,4,,,,,,1,4,18,3844,18,1,86,73,6,1,,1,1,12.2,10,,2,1,1971-04-19,07
71LA00413,71,1,,0,78,781,8408,14,1,,4,50,,1,07,,1,91,2,4,0,3,,0,,797690,+,,4,18,3681,18,1,0,78,6,0,,1,2,5.6,5,,1,1,1971-04-01,07
71LA00414,71,2,,0,78,781,8408,14,1,,4,50,,1,07,,1,91,2,4,0,3,,0,,,,,4,18,3681,18,0,0,78,6,0,,0,0,5.4,0,,1,2,1971-04-01,07
71LA00415,71,1,6186,3,76,760,8410,14,1,,4,50,,1,07,,1,113,5,2,0,5,,,,,,1,4,18,3516,18,1,73,76,6,1,,1,1,13.2,10,,1,1,1971-04-23,07
71LA00416,71,1,5619,3,75,751,8423,14,1,,4,50,,1,07,,1,101,8,4,0,4,,,,,,1,4,18,4449,18,1,81,75,6,1,,1,2,9.8,10,,2,1,1971-04-11,07
71LA00417,71,2,5620,3,75,751,8423,14,1,,4,50,,1,07,,1,101,8,4,0,4,,,,,,1,4,18,4449,18,0,66,75,6,1,,0,0,7.8,10,,2,2,1971-04-11,07
71LA00418,71,2,5885,3,78,782,8425,14,1,,4,50,,1,07,,1,107,5,2,0,4,09,,,,,1,4,18,3789,18,1,81,78,6,1,,1,1,10.0,10,,2,1,1971-04-17,07
71LA00419,71,2,5942,3,73,731,8427,14,1,,4,50,,1,07,,1,108,8,4,0,3,,,,,,1,4,18,3402,18,1,54,73,6,1,,1,2,8.2,10,,1,1,1971-04-18,07
71LA00420,71,2,5943,3,73,731,8427,14,1,,4,50,,1,07,,1,108,8,4,0,3,,,,,,1,4,18,3402,18,0,59,73,6,1,,0,0,8.2,10,,1,2,1971-04-18,07
71LA00421,71,1,5539,3,78,780,8428,14,1,,4,50,,1,07,,1,99,8,4,0,4,,,,,,1,4,18,3452,18,1,71,78,6,1,,1,2,8.6,10,,2,1,1971-04-09,07
71LA00422,71,1,5540,3,78,780,8428,14,1,,4,50,,1,07,,1,99,8,4,0,4,,,,,,1,4,18,3452,18,0,63,78,6,1,,0,0,7.6,10,,2,2,1971-04-09,07
71LA00423,71,2,7988,9,97,091,8433,14,1,,4,50,,1,51,,1,94,8,,0,4,10,,,,,,4,90,0005,95,1,84,77,8,1,,1,2,9.6,10,,2,1,1971-04-04,07
71LA00424,71,1,7989,9,97,091,8433,14,1,,4,50,,1,51,,3,94,8,,0,4,,,,,,,4,90,0005,95,0,97,77,8,1,,0,0,9.2,10,,2,2,1971-04-04,07
71LA00425,71,1,5395,3,75,750,8438,14,1,,4,50,,1,07,,1,97,5,4,0,5,,,,,,1,4,18,3406,18,1,63,75,6,1,,1,1,12.0,10,,2,1,1971-04-07,07
71LA00426,71,2,5490,3,77,771,8448,14,1,,4,50,,1,07,,1,98,8,4,0,3,,,,,,1,4,18,3491,18,1,76,77,6,1,,1,2,8.4,10,,1,1,1971-04-08,07
71LA00427,71,2,5491,3,77,771,8448,14,1,,4,50,,1,07,,1,98,8,4,136,3,,6,,288710,-,,4,18,3491,18,0,0,77,6,1,,0,0,8.8,0,,1,2,1971-04-08,07
71LA00428,71,1,,0,76,762,8449,14,1,,4,50,,1,07,,1,103,1,2,0,3,,1,,218062,+,,4,18,4970,18,1,0,76,6,0,,1,1,11.0,5,,2,1,1971-04-13,07
71LA00429,71,1,5999,3,76,761,8461,14,1,,4,50,,1,07,,1,109,8,2,0,4,,,,,,1,4,18,3528,18,1,71,76,6,1,,1,2,10.6,10,,2,1,1971-04-19,07
71LA00430,71,2,6000,3,76,761,8461,14,1,,4,50,,3,07,,1,109,8,2,0,4,,,,,,1,4,18,3528,18,0,57,76,6,1,,0,0,9.6,10,,2,2,1971-04-19,07
71LA00431,71,2,6203,3,78,782,8470,14,1,,4,50,,1,07,,1,114,5,4,0,4,,,,,,1,4,18,3789,18,1,81,78,6,1,,1,1,12.4,10,,1,1,1971-04-24,07
71LA00432,71,2,6123,3,73,730,8472,14,1,,4,50,,1,07,,1,111,5,,0,4,,,,,,1,4,18,3396,18,1,81,73,6,1,,1,1,10.0,10,,2,1,1971-04-21,07
71LA00433,71,1,5904,3,78,781,8483,14,1,,4,50,,1,07,,1,107,5,,0,5,,,,,,2,4,18,3681,18,1,92,78,6,1,,1,1,12.8,10,,2,1,1971-04-17,07
71LA00434,71,2,5334,3,76,760,8485,14,1,,4,50,,1,07,,1,95,5,4,0,5,,,,,,1,4,18,3516,18,1,94,76,6,1,,1,1,12.2,10,,2,1,1971-04-05,07
71LA00435,71,2,5492,3,73,732,8490,14,1,,4,50,,1,07,,1,98,8,4,0,4,,,,,&,,4,18,3844,18,1,78,73,6,1,,1,2,9.0,5,,1,1,1971-04-08,07
71LA00436,71,1,5493,3,73,732,8490,14,1,,4,50,,1,07,,1,98,8,4,0,4,,,,843661,-,1,4,18,3844,18,0,87,73,6,1,,0,0,10.2,5,,1,2,1971-04-08,07
71LA00437,71,1,6038,3,75,752,8494,14,1,,4,50,,1,07,,1,109,8,,0,4,,,,,,1,4,18,3999,18,1,77,75,6,1,,1,2,11.2,10,,2,1,1971-04-19,07
71LA00438,71,1,6039,3,75,752,8494,14,1,,4,50,,1,07,,1,109,8,,0,4,,,,,,1,4,18,3999,18,0,66,75,6,1,,0,0,8.4,10,,2,2,1971-04-19,07
71LA00439,71,1,6250,3,75,751,8500,14,1,,4,50,,1,07,,1,125,5,2,0,4,,,,,,3,4,18,4449,18,1,86,75,6,1,,1,1,11.6,10,,1,1,1971-05-05,07
71LA00440,71,1,5961,3,76,762,8510,14,1,,4,50,,1,07,,1,108,5,4,0,5,,,,,,1,4,18,4970,18,1,88,76,6,1,,1,1,12.0,10,,1,1,1971-04-18,07
71LA00441,71,1,,0,74,741,8511,14,1,,4,50,,1,07,,1,112,1,4,0,4,,1,,639542,+,,4,18,4234,18,1,0,74,6,0,,1,1,12.0,5,,2,1,1971-04-22,07
71LA00442,71,,,0,73,731,8512,14,1,,4,50,,,07,,,133,,2,0,,,,,,,,4,18,3402,18,1,0,73,6,0,,0,0,0.0,0,,2,1,1971-05-13,07
71LA00443,71,1,5286,3,75,750,8513,14,1,,4,50,,1,07,,1,95,5,2,0,4,,6,,,,,4,18,3406,18,1,0,75,6,1,,1,1,12.2,0,,1,1,1971-04-05,07
71LA00444,71,2,5692,3,76,761,8517,14,1,,4,50,,1,07,,1,103,8,4,0,4,,,,,,1,4,18,3528,18,1,82,76,6,1,,1,2,10.2,10,,1,1,1971-04-13,07
71LA00445,71,1,5693,3,76,761,8517,14,1,,4,50,,1,07,,1,103,8,4,0,4,,,,,&,,4,18,3528,18,0,101,76,6,1,,0,0,7.2,5,,1,2,1971-04-13,07
71LA00446,71,2,7984,9,97,091,8522,14,1,,4,50,,3,51,,1,93,5,,0,3,,,,,,,4,90,0005,95,1,88,75,8,1,,1,1,10.6,10,,1,1,1971-04-03,07
71LA00447,71,2,5326,3,74,740,8523,14,1,,4,50,,1,07,,1,95,5,4,0,4,,,,,,1,4,18,3926,18,1,88,74,6,1,,1,1,12.4,10,,2,1,1971-04-05,07
71LA00448,71,1,5497,3,78,780,8527,14,1,,4,50,,1,07,,1,98,5,2,0,4,,,,,,1,4,18,3452,18,1,95,78,6,1,,1,1,12.0,10,,1,1,1971-04-08,07
71LA00449,71,2,5345,3,75,752,8534,14,1,,4,50,,1,07,,1,96,8,4,0,2,,,,799814,-,1,4,18,3999,18,0,80,75,6,1,,0,0,7.0,5,,1,2,1971-04-06,07
71LA00450,71,2,5344,3,75,752,8534,14,1,,4,50,,1,07,,1,96,8,4,0,2,04,,,,,1,4,18,3999,18,1,73,75,6,1,,1,2,7.8,10,,1,1,1971-04-06,07
71LA00451,71,1,6208,3,75,751,8537,14,1,,4,50,,1,07,,1,114,8,4,0,4,,,,,,1,4,18,4449,18,1,71,75,6,1,,1,2,10.2,10,,2,1,1971-04-24,07
71LA00452,71,2,6209,3,75,751,8537,14,1,,4,50,,1,07,,1,114,8,4,0,4,,,,,,1,4,18,4449,18,0,43,75,6,1,,0,0,7.6,10,,2,2,1971-04-24,07
71LA00453,71,1,5969,3,74,742,8543,14,1,,4,50,,1,07,,1,109,5,4,0,3,,,,,,1,4,18,4172,18,1,83,74,6,1,,1,1,10.0,10,,1,1,1971-04-19,07
71LA00454,71,1,5236,3,77,770,8559,14,1,,4,50,,1,07,,1,94,8,2,0,4,,,,,,1,4,18,3382,18,1,77,77,6,1,,1,2,9.6,10,,1,1,1971-04-04,07
71LA00455,71,2,5237,3,77,770,8559,14,1,,4,50,,1,07,,1,94,8,2,0,4,,,,,,1,4,18,3382,18,0,58,77,6,1,,0,0,8.4,10,40,1,2,1971-04-04,07
71LA00456,71,1,6229,3,74,741,8568,14,1,,4,50,,1,07,,1,116,8,4,0,3,,,,,,1,4,18,4234,18,1,76,74,6,1,,1,2,11.8,10,,1,1,1971-04-26,07
71LA00457,71,1,6230,3,74,741,8568,14,1,,4,50,,1,07,,1,116,8,4,0,3,,,,,,1,4,18,4234,18,0,41,74,6,1,,0,0,9.4,10,,1,2,1971-04-26,07
71LA00458,71,1,8029,9,97,090,8572,14,1,,4,50,,1,51,,1,106,8,,0,4,,,,,,,4,90,0004,95,1,79,74,8,1,,1,2,9.4,10,,2,1,1971-04-16,07
71LA00459,71,1,8030,9,97,090,8572,14,1,,4,50,,1,51,,1,106,8,,0,4,,6,,,,,4,90,0004,95,0,0,74,8,1,,0,0,9.0,0,,2,2,1971-04-16,07
71LA00460,71,1,6128,3,76,760,8581,14,1,,4,50,,1,07,,1,111,8,4,140,1,,6,,641411,-,,4,18,3516,18,1,0,76,6,1,,1,2,10.4,0,,1,1,1971-04-21,07
71LA00461,71,2,6129,3,76,760,8581,14,1,,4,50,,1,07,,1,111,8,4,0,1,,,,,,1,4,18,3516,18,0,70,76,6,1,,0,0,8.6,10,,1,2,1971-04-21,07
71LA00462,71,1,5518,3,76,762,8602,14,1,,4,50,,1,07,,1,98,8,2,0,4,,,,,,1,4,18,4970,18,1,65,76,6,1,,1,2,9.2,10,,2,1,1971-04-08,07
71LA00463,71,1,5519,3,76,762,8602,14,1,,4,50,,1,07,,1,98,8,2,0,4,,,,,,1,4,18,4970,18,0,72,76,6,1,,0,0,10.0,10,,2,2,1971-04-08,07
71LA00464,71,1,5211,3,76,761,8611,14,1,,4,50,,1,07,,1,93,8,4,0,4,,,,,,1,4,18,3528,18,1,96,76,6,1,,1,2,11.2,10,,2,1,1971-04-03,07
71LA00465,71,2,5212,3,76,761,8611,14,1,,4,50,,1,07,,1,93,8,4,0,4,,,,,,1,4,18,3528,18,0,68,76,6,1,,0,0,8.8,10,,2,2,1971-04-03,07
71LA00466,71,1,5413,3,77,772,8625,14,1,,4,50,,1,07,,1,97,8,4,0,5,,,,,,1,4,18,4742,18,1,78,77,6,1,,1,2,9.0,10,,2,1,1971-04-07,07
71LA00467,71,1,5414,3,77,772,8625,14,1,,4,50,,1,07,,1,97,8,4,0,5,,,,,,1,4,18,4742,18,0,74,77,6,1,,0,0,10.4,10,,2,2,1971-04-07,07
71LA00468,71,2,5259,3,74,740,8632,14,1,,4,50,,1,07,,1,94,8,4,0,5,,,,,,1,4,18,3926,18,1,69,74,6,1,,1,2,11.0,10,,1,1,1971-04-04,07
71LA00469,71,1,5260,3,74,740,8632,14,1,,4,50,,1,07,,1,94,8,4,0,5,,,,,,1,4,18,3926,18,0,63,74,6,1,,0,0,8.8,10,,1,2,1971-04-04,07
71LA00470,71,,,0,78,782,8643,14,1,,4,50,,,07,,,133,,4,0,,,,,,,,4,18,3789,18,1,0,78,6,0,,0,0,0.0,0,,2,1,1971-05-13,07
71LA00471,71,1,5428,3,77,771,8644,14,1,,4,50,,1,07,,1,97,5,4,0,5,,,,,,1,4,18,3491,18,1,101,77,6,1,,1,1,11.4,10,,2,1,1971-04-07,07
71LA00472,71,1,5382,3,73,731,8647,14,1,,4,50,,1,07,,1,96,8,2,0,4,,,,,,1,4,18,3402,18,1,53,73,6,1,,1,2,7.6,10,,1,1,1971-04-06,07
71LA00473,71,2,5383,3,73,731,8647,14,1,,4,50,,1,07,,1,96,8,2,0,4,,,,,,1,4,18,3402,18,0,71,73,6,1,,0,0,9.0,10,,1,2,1971-04-06,07
71LA00474,71,,,0,78,781,8660,14,1,,4,50,,,07,,,36,,2,0,,,,,,,,4,18,3681,18,0,0,78,6,0,,0,0,0.0,0,,1,1,,07
71LA00475,71,1,5900,3,78,780,8661,14,1,,4,50,,1,07,,1,107,5,2,0,4,,,,,,1,4,18,3452,18,1,96,78,6,1,,1,1,10.4,10,,2,1,1971-04-17,07
71LA00476,71,,,0,73,732,8662,14,1,,4,50,,,07,1,,0,,2,0,,,,,,,,4,18,3844,18,1,0,73,6,0,,0,0,0.0,0,,2,1,,07
71LA00477,71,3,8125,9,00,732,8662,14,1,,4,50,,5,40,2,1,142,5,2,151,3,,2,,,,,4,90,0000,98,1,0,73,0,1,,1,1,13.6,0,,2,1,1971-05-22,07
71LA00478,71,2,5306,3,73,731,8664,14,1,,4,50,,1,07,,1,95,8,2,0,5,,,,,,1,4,18,3402,18,0,68,73,6,1,,0,0,9.2,10,,2,2,1971-04-05,07
71LA00479,71,1,5305,3,73,731,8664,14,1,,4,50,,1,07,,1,95,8,2,145,5,09,6,,,,,4,18,3402,18,1,0,73,6,1,,1,2,10.4,0,,2,1,1971-04-05,07
71LA00480,71,1,5469,3,77,770,8669,14,1,,4,50,,1,07,,1,97,8,4,0,3,,,,950261,-,2,4,18,3382,18,1,78,77,6,1,,1,2,7.8,5,,2,1,1971-04-07,07
71LA00481,71,2,5470,3,77,770,8669,14,1,,4,50,,1,07,,1,97,8,4,0,3,,,,,,1,4,18,3382,18,0,93,77,6,1,,0,0,9.4,10,,2,2,1971-04-07,07
71LA00482,71,1,6257,3,77,772,8672,14,1,,4,50,,1,07,,1,128,5,4,140,4,,6,,,,,4,18,4742,18,1,0,77,6,1,,1,1,10.4,0,,1,1,1971-05-08,07
71LA00483,71,2,5836,3,75,750,8683,14,1,,4,50,,1,07,,1,106,8,2,0,5,,,,,,1,4,18,3406,18,1,70,75,6,1,,1,2,10.8,10,,2,1,1971-04-16,07
71LA00484,71,1,5837,3,75,750,8683,14,1,,4,50,,1,07,,2,106,8,2,0,5,,,,,,1,4,18,3406,18,0,72,75,6,1,,0,0,9.8,10,,2,2,1971-04-16,07
71LA00485,71,1,6195,3,78,782,8684,14,1,,4,50,,1,07,,3,113,8,4,0,3,,,,,,1,4,18,3789,18,1,63,78,6,1,,1,2,9.8,10,,1,1,1971-04-23,07
71LA00486,71,2,6196,3,78,782,8684,14,1,,4,50,,1,07,,1,113,8,4,0,3,,,,,,1,4,18,3789,18,0,57,78,6,1,,0,0,8.2,10,,1,2,1971-04-23,07
71LA00487,71,2,5418,3,77,771,8685,14,1,,4,50,,1,07,,1,97,5,4,0,4,,,,,,1,4,18,3491,18,1,66,77,6,1,,1,1,8.6,10,,1,1,1971-04-07,07
71LA00488,71,2,5730,3,74,742,8686,14,1,,4,50,,1,07,,1,104,5,4,0,4,,,,,,1,4,18,4172,18,1,89,74,6,1,,1,1,12.6,10,,2,1,1971-04-14,07
71LA00489,71,2,6084,3,76,760,8688,14,1,,4,50,,1,07,,1,111,8,2,0,4,,,,,,1,4,18,3516,18,1,61,76,6,1,,1,2,8.4,10,,2,1,1971-04-21,07
71LA00490,71,1,6085,3,76,760,8688,14,1,,4,50,,1,07,,1,111,8,2,0,4,,,,,,1,4,18,3516,18,0,77,76,6,1,,0,0,10.4,10,,2,2,1971-04-21,07
71LA00491,71,2,6109,3,77,770,8689,14,1,,4,50,,1,07,,1,111,5,4,0,4,,,,,,1,4,18,3382,18,1,78,77,6,1,,1,1,11.0,10,,1,1,1971-04-21,07
71LA00492,71,2,5714,3,76,762,8696,14,1,,4,50,,1,07,,1,103,5,2,0,4,,,,,,1,4,18,4970,18,1,76,76,6,1,,1,1,9.8,10,,1,1,1971-04-13,07
71LA00493,71,2,5396,3,74,741,8697,14,1,,4,50,,1,07,,1,97,5,,0,5,,,,,,1,4,18,4234,18,1,76,74,6,1,,1,1,9.8,10,,2,1,1971-04-07,07
71LA00494,71,1,6114,3,76,761,8699,14,1,,4,50,,1,07,,1,111,8,2,0,4,,,,,,1,4,18,3528,18,1,86,76,6,1,,1,2,10.6,10,,1,1,1971-04-21,07
71LA00495,71,1,6115,3,76,761,8699,14,1,,4,50,,1,07,,1,111,8,2,0,4,,,,,,1,4,18,3528,18,0,76,76,6,1,,0,0,10.6,10,,1,2,1971-04-21,07
71LA00496,71,1,5224,3,73,730,8710,14,1,,4,50,,1,07,,1,93,5,2,0,4,,,,,,1,4,18,3396,18,1,81,73,6,1,,1,1,10.4,10,,1,1,1971-04-03,07
71LA00497,71,,,0,77,772,8712,14,1,,4,50,,,07,,,133,,4,0,,,,,,,,4,18,4742,18,1,0,77,6,0,,0,0,0.0,0,,2,1,1971-05-13,07
71LA00498,71,2,5609,3,78,781,8722,14,1,,4,50,,1,07,,1,101,5,4,0,4,,,,,,1,4,18,3681,18,1,76,78,6,1,,1,1,10.2,10,,2,1,1971-04-11,07
71LA00499,71,2,6087,3,74,740,8734,14,1,,4,50,,1,07,,1,111,5,4,0,4,,,,,,,4,18,3926,18,1,65,74,6,1,,1,1,10.2,10,,2,1,1971-04-21,07
71LA00500,71,2,5186,3,77,771,8738,14,1,,4,50,,1,07,,1,91,5,4,0,4,,,,,,1,4,18,3491,18,1,83,77,6,1,,1,1,10.2,10,,2,1,1971-04-01,07
71LA00501,71,,,0,76,760,8739,14,1,,4,50,,,07,1,,0,,2,0,,,,,,,,4,18,3516,18,1,0,76,6,0,,0,0,0.0,0,,1,1,,07
71LA00502,71,2,8139,9,00,760,8739,14,1,,4,50,,5,40,2,1,145,8,2,0,3,,6,,,,,4,90,0000,98,1,0,76,0,1,,1,2,9.0,0,,1,1,1971-05-25,07
71LA00503,71,2,8140,9,00,760,8739,14,1,,4,50,,5,40,2,1,145,8,2,0,3,,,,,,3,4,90,0000,98,0,31,76,0,1,,0,0,9.2,10,,1,2,1971-05-25,07
71LA00504,71,1,6137,3,74,742,8751,14,1,,4,50,,1,07,,1,111,8,4,0,4,,,,,,1,4,18,4172,18,1,60,74,6,1,,1,2,11.4,10,,1,1,1971-04-21,07
71LA00505,71,1,6138,3,74,742,8751,14,1,,4,50,,1,07,,1,111,8,4,0,4,,,,,,1,4,18,4172,18,0,54,74,6,1,,0,0,12.0,10,,1,2,1971-04-21,07
71LA00506,71,1,6024,3,73,732,8756,14,1,,4,40,,1,07,,1,109,8,3,0,4,,,,,,1,4,18,3844,18,1,67,73,6,1,,1,2,9.2,10,,1,1,1971-04-19,07
71LA00507,71,1,6025,3,73,732,8756,14,1,,4,40,,1,07,,1,109,8,3,0,4,,,,,,1,4,18,3844,18,0,73,73,6,1,,0,0,9.4,10,,1,2,1971-04-19,07
71LA00508,71,2,,0,75,752,8761,14,1,,4,40,,1,07,,1,108,1,4,0,4,,1,,244962,+,,4,18,3999,18,1,0,75,6,0,,1,1,11.0,5,,2,1,1971-04-18,07
71LA00509,71,2,5699,3,77,770,8782,14,1,,4,40,,1,07,,1,103,5,1,0,4,,,,,,1,4,18,3382,18,1,69,77,6,1,,1,1,10.8,10,,2,1,1971-04-13,07
71LA00510,71,1,5842,3,76,762,8789,14,1,,4,40,,1,07,,1,106,8,1,0,4,,,,,,,4,18,4970,18,1,69,76,6,1,,1,2,9.8,10,,2,1,1971-04-16,07
71LA00511,71,1,5843,3,76,762,8789,14,1,,4,40,,1,07,,1,106,8,1,0,4,,,,,,1,4,18,4970,18,0,72,76,6,1,,0,0,8.0,10,,2,2,1971-04-16,07
71LA00512,71,2,5870,3,76,761,8790,14,1,,4,40,,1,07,,1,107,5,2,0,4,,,,,,1,4,18,3528,18,1,79,76,6,1,,1,1,11.4,10,,2,1,1971-04-17,07
71LA00513,71,2,9935,2,46,460,8795,14,1,37,4,40,,1,07,,1,120,8,,0,4,,,25,,,1,4,14,9808,14,1,52,46,1,1, 7,1,2,8.4,10,59,1,1,1971-04-30,07
71LA00514,71,1,9936,2,46,460,8795,14,1,37,4,40,,1,07,,1,120,8,,123,4,,6,25,,,,4,14,9808,14,0,0,46,1,1, 7,0,0,7.0,0,59,1,2,1971-04-30,07
71LA00515,71,1,5616,3,74,741,8801,14,1,,4,40,,1,07,,1,101,5,2,0,5,,,,,,1,4,18,4234,18,1,97,74,6,1,,1,1,14.2,10,,1,1,1971-04-11,07
71LA00516,71,1,7996,9,97,090,8802,14,1,,4,40,,1,51,,1,97,8,,0,4,,,,,,,4,90,0004,95,1,88,73,8,1,,1,2,9.4,10,,1,1,1971-04-07,07
71LA00517,71,1,7997,9,97,090,8802,14,1,,4,40,,1,51,,1,97,8,,0,4,,,,,,,4,90,0004,95,0,81,73,8,1,,0,0,8.2,10,,1,2,1971-04-07,07
71LA00518,71,1,5778,3,78,780,8803,14,1,,4,40,,1,07,,1,105,8,4,160,3,,6,,,&,,4,18,3452,18,1,0,78,6,1,,1,2,8.2,0,,1,1,1971-04-15,07
71LA00519,71,2,5779,3,78,780,8803,14,1,,4,40,,1,07,,1,105,8,4,160,3,,6,,,&,,4,18,3452,18,0,0,78,6,1,,0,0,7.0,0,,1,2,1971-04-15,07
71LA00520,71,2,5532,3,76,760,8806,14,1,,4,40,,1,07,,1,99,8,4,0,4,,,,,,1,4,18,3516,18,1,79,76,6,1,,1,2,8.4,10,,2,1,1971-04-09,07
71LA00521,71,2,5533,3,76,760,8806,14,1,,4,40,,1,07,,1,99,8,4,0,4,,,,262942,-,2,4,18,3516,18,0,81,76,6,1,,0,0,7.4,5,,2,2,1971-04-09,07
71LA00522,71,2,5747,3,76,762,8814,14,1,,4,40,,1,07,,1,104,8,1,0,5,09,,,,,1,4,18,4970,18,1,74,76,6,1,,1,2,9.8,10,,1,1,1971-04-14,07
71LA00523,71,1,5748,3,76,762,8814,14,1,,4,40,,1,07,,1,104,8,1,0,5,,,,,,1,4,18,4970,18,0,54,76,6,1,,0,0,9.8,10,,1,2,1971-04-14,07
71LA00524,71,1,6096,3,75,751,8815,14,1,,4,40,,1,07,,1,111,5,3,0,5,12,,,,,,4,18,4449,18,1,80,75,6,1,,1,1,12.6,10,,1,1,1971-04-21,07
71LA00525,71,1,5621,3,76,761,8819,14,1,,4,40,,1,07,,1,101,5,2,0,5,,,,,,1,4,18,3528,18,1,93,76,6,1,,1,1,12.2,10,,1,1,1971-04-11,07
71LA00526,71,1,5827,3,74,740,8823,14,1,,4,40,,1,07,,1,106,8,1,0,4,,,,,,1,4,18,3926,18,1,72,74,6,1,,1,2,10.8,10,,1,1,1971-04-16,07
71LA00527,71,1,5828,3,74,740,8823,14,1,,4,40,,1,07,,1,106,8,1,0,4,,,,,,1,4,18,3926,18,0,73,74,6,1,,0,0,9.0,10,,1,2,1971-04-16,07
71LA00528,71,1,5329,3,75,750,8846,14,1,,4,40,,1,07,,1,95,5,2,0,4,,,,,,1,4,18,3406,18,1,64,75,6,1,,1,1,7.8,10,,1,1,1971-04-05,07
71LA00529,71,1,6072,3,75,752,8848,14,1,,4,40,,1,07,,1,110,5,3,0,4,,,,,,1,4,18,3999,18,1,83,75,6,1,,1,1,11.0,10,,1,1,1971-04-20,07
71LA00530,71,2,5815,3,73,731,8857,14,1,,4,40,,1,07,,1,106,8,3,0,4,,,,,,1,4,18,3402,18,1,62,73,6,1,,1,2,10.6,10,,1,1,1971-04-16,07
71LA00531,71,1,5816,3,73,731,8857,14,1,,4,40,,1,07,,1,106,8,3,172,4,,6,,,,,4,18,3402,18,0,0,73,6,1,,0,0,9.4,0,,1,2,1971-04-16,07
71LA00532,71,2,5783,3,75,751,8866,14,1,,4,40,,1,07,,1,105,5,4,0,5,,,,,,1,4,18,4449,18,1,78,75,6,1,,1,1,10.0,10,,2,1,1971-04-15,07
71LA00533,71,2,6197,3,73,730,8868,14,1,,4,40,,1,07,,1,113,5,1,0,4,,,,,,1,4,18,3396,18,1,63,73,6,1,,1,1,9.6,10,,2,1,1971-04-23,07
71LA00534,71,2,6124,3,75,750,8870,14,1,,4,40,,1,07,,1,111,8,2,0,4,,,,,,1,4,18,3406,18,1,59,75,6,1,,1,2,8.8,10,,2,1,1971-04-21,07
71LA00535,71,2,6125,3,75,750,8870,14,1,,4,40,,1,07,,1,111,8,2,0,4,,,,,,1,4,18,3406,18,0,58,75,6,1,,0,0,10.0,10,,2,2,1971-04-21,07
71LA00536,71,2,5677,3,74,742,8873,14,1,,4,40,,1,07,,1,102,8,1,0,4,,,,,,1,4,18,4172,18,1,61,74,6,1,,1,2,7.6,10,,2,1,1971-04-12,07
71LA00537,71,1,5678,3,74,742,8873,14,1,,4,40,,1,07,,1,102,8,1,0,4,,,,,,1,4,18,4172,18,0,65,74,6,1,,0,0,9.2,10,,2,2,1971-04-12,07
71LA00538,71,1,8026,9,97,090,8883,14,1,,4,40,,1,51,,1,105,8,,0,3,,,,,,,4,90,0004,95,1,88,75,8,1,,1,2,10.0,10,,2,1,1971-04-15,07
71LA00539,71,2,8027,9,97,090,8883,14,1,,4,40,,1,51,,1,105,8,,0,3,,,,,,,4,90,0004,95,0,68,75,8,1,,0,0,7.4,10,,2,2,1971-04-15,07
71LA00540,71,1,6191,3,78,782,8886,14,1,,4,40,,1,07,,1,113,5,3,0,3,,,,,,1,4,18,3789,18,1,84,78,6,1,,1,1,12.0,10,,2,1,1971-04-23,07
71LA00541,71,1,5187,3,75,752,8888,14,1,,4,40,,1,07,,1,92,5,3,0,5,,,,,,1,4,18,3999,18,1,100,75,6,1,,1,1,12.0,10,,2,1,1971-04-02,07
71LA00542,71,1,5949,3,76,760,8890,14,1,,4,40,,1,07,,1,108,5,3,0,4,,,,,,1,4,18,3516,18,1,84,76,6,1,,1,1,15.2,10,,1,1,1971-04-18,07
71LA00543,71,2,5622,3,78,781,8895,14,1,,4,40,,1,07,,3,101,8,3,0,4,,,,,,1,4,18,3681,18,1,73,78,6,1,,1,2,9.4,10,,1,1,1971-04-11,07
71LA00544,71,1,5623,3,78,781,8895,14,1,,4,40,,1,07,,1,101,8,3,0,4,,6,,,,,4,18,3681,18,0,0,78,6,1,,0,0,9.4,0,,1,2,1971-04-11,07
71LA00545,71,2,5977,3,73,732,8898,14,1,,4,40,,1,07,,1,109,8,4,0,4,,,,,,1,4,18,3844,18,1,68,73,6,1,,1,2,10.4,10,,2,1,1971-04-19,07
71LA00546,71,1,5978,3,73,732,8898,14,1,,4,40,,1,07,,1,109,8,4,0,4,,,,,,1,4,18,3844,18,0,69,73,6,1,,0,0,10.0,10,,2,2,1971-04-19,07
71LA00547,71,,,0,75,751,8901,14,1,,4,40,,,07,,,145,,4,0,,,,,,,,4,18,4449,18,0,0,75,6,0,,0,0,0.0,0,,1,1,1971-05-25,07
71LA00548,71,1,5474,3,77,772,8904,14,1,,4,40,,2,07,,1,97,5,1,0,4,,,,,,1,4,18,4742,18,1,90,77,6,1,,1,1,12.0,10,,1,1,1971-04-07,07
71LA00549,71,2,5431,3,77,771,8908,14,1,,4,40,,1,07,,1,97,8,1,0,4,,,,,,1,4,18,3491,18,1,67,77,6,1,,1,2,8.6,10,,1,1,1971-04-07,07
71LA00550,71,2,5432,3,77,771,8908,14,1,,4,40,,1,07,,1,97,8,1,0,4,,,,,,1,4,18,3491,18,0,78,77,6,1,,0,0,8.2,10,,1,2,1971-04-07,07
71LA00551,71,1,7995,9,97,091,8913,14,1,,4,40,,1,51,,1,97,5,,0,4,,,,,,,4,90,0005,95,1,101,78,8,1,,1,1,10.0,10,,1,1,1971-04-07,07
71LA00552,71,2,9921,2,46,460,8922,14,1,32,4,40,,1,07,,1,108,5,,0,2,,,28,,,6,4,14,9808,14,1,57,46,1,1, 6,1,1,10.0,10,,1,1,1971-04-18,07
71LA00553,71,2,5854,3,78,780,8926,14,1,,4,40,,1,07,,1,106,8,2,0,3,,,,,,1,4,18,3452,18,1,64,78,6,1,,1,2,8.0,10,,2,1,1971-04-16,07
71LA00554,71,2,5855,3,78,780,8926,14,1,,4,40,,1,07,,1,106,8,2,0,3,,,,,,1,4,18,3452,18,0,65,78,6,1,,0,0,7.2,10,,2,2,1971-04-16,07
71LA00555,71,2,5660,3,73,731,8927,14,1,,4,40,,1,07,,1,102,8,1,0,4,,6,,,,,4,18,3402,18,1,0,73,6,1,,1,2,7.4,0,,2,1,1971-04-12,07
71LA00556,71,2,5661,3,73,731,8927,14,1,,4,40,,1,07,,1,102,8,1,0,4,,,,,,1,4,18,3402,18,0,63,73,6,1,,0,0,7.4,10,,2,2,1971-04-12,07
71LA00557,71,2,5888,3,73,730,8938,14,1,,4,40,,1,07,,1,107,5,3,160,1,,6,,,&,,4,18,3396,18,1,0,73,6,1,,1,1,8.8,0,,1,1,1971-04-17,07
71LA00558,71,1,5387,3,78,782,8947,14,1,,4,40,,1,07,,1,96,5,2,0,4,,,,,,1,4,18,3789,18,1,81,78,6,1,,1,1,11.6,10,,1,1,1971-04-06,07
71LA00559,71,2,9900,2,35,350,8949,14,1,45,4,40,,1,07,,1,103,5,,0,4,,,35,,,1,4,14,9818,14,1,67,35,1,1, 7,1,1,8.6,10,,1,1,1971-04-13,07
71LA00560,71,2,5799,3,73,732,8956,14,1,,4,40,,1,07,,1,105,5,3,0,5,,,,,,1,4,18,3844,18,1,90,73,6,1,,1,1,12.2,10,,1,1,1971-04-15,07
71LA00561,71,2,6097,3,77,770,8957,14,1,,4,40,,1,07,,1,111,5,1,0,4,,,,,,1,4,18,3382,18,1,68,77,6,1,,1,1,12.4,10,,1,1,1971-04-21,07
71LA00562,71,1,5903,3,76,762,8960,14,1,,4,40,,1,07,,1,107,5,4,0,4,,,,,,1,4,18,4970,18,1,98,76,6,1,,1,1,15.4,10,,2,1,1971-04-17,07
71LA00563,71,2,5654,3,74,741,8961,14,1,,4,40,,1,07,,1,102,8,4,0,4,,,,,,1,4,18,4234,18,1,62,74,6,1,,1,2,10.6,10,,2,1,1971-04-12,07
71LA00564,71,2,5655,3,74,741,8961,14,1,,4,40,,1,07,,1,102,8,4,0,4,,,,238918,-,1,4,18,4234,18,0,75,74,6,1,,0,0,10.0,5,,2,2,1971-04-12,07
71LA00565,71,,,0,77,772,8965,14,1,,4,40,,,07,1,,0,,4,0,,,,,,,,4,18,4742,18,1,0,77,6,0,,0,0,0.0,0,,2,1,,07
71LA00566,71,2,8104,9,00,772,8965,14,1,,4,40,,5,40,2,1,136,5,4,0,5,,,,,,3,4,90,0000,98,1,75,77,0,1,,1,1,13.4,10,,2,1,1971-05-16,07
71LA00567,71,,,0,77,771,8976,14,1,,4,40,,,07,,,133,,3,0,,,,,,,,4,18,3491,18,1,0,77,6,0,,0,0,0.0,0,,2,1,1971-05-13,07
71LA00568,71,2,5781,3,73,731,8993,14,1,,4,40,,1,07,,1,105,8,2,0,3,,,,,,1,4,18,3402,18,1,72,73,6,1,,1,2,10.0,10,,1,1,1971-04-15,07
71LA00569,71,1,5782,3,73,731,8993,14,1,,4,40,,1,07,,1,105,8,2,0,3,,,,,,1,4,18,3402,18,0,64,73,6,1,,0,0,9.4,10,,1,2,1971-04-15,07
71LA00570,71,1,5501,3,78,781,9002,14,1,,4,40,,1,07,,1,98,5,3,0,4,,,,,,1,4,18,3681,18,1,101,78,6,1,,1,1,12.2,10,,2,1,1971-04-08,07
71LA00571,71,1,5573,3,78,780,9004,14,1,,4,40,,1,07,,1,100,5,1,0,4,,,,,,1,4,18,3452,18,1,91,78,6,1,,1,1,13.0,10,,1,1,1971-04-10,07
71LA00572,71,2,6003,3,77,770,9008,14,1,,4,40,,1,07,,1,109,5,,0,4,,,,,,1,4,18,3382,18,1,75,77,6,1,,1,1,14.0,10,,2,1,1971-04-19,07
71LA00573,71,1,6215,3,78,781,9011,14,1,,4,40,,1,07,,1,115,5,4,0,4,,,,,,1,4,18,3681,18,1,93,78,6,1,,1,1,13.2,10,,1,1,1971-04-25,07
71LA00574,71,2,5333,3,76,761,9014,14,1,,4,40,,1,07,,1,95,5,4,0,4,,,,,,1,4,18,3528,18,1,84,76,6,1,,1,1,11.4,10,,2,1,1971-04-05,07
71LA00575,71,2,5910,3,74,740,9019,14,1,,4,40,,1,07,,1,108,8,4,0,3,,,,,,1,4,18,3926,18,1,64,74,6,1,,1,2,6.4,10,,2,1,1971-04-18,07
71LA00576,71,1,5911,3,74,740,9019,14,1,,4,40,,1,07,,1,108,8,4,0,3,,,,,,1,4,18,3926,18,0,62,74,6,1,,0,0,7.0,10,90,2,2,1971-04-18,07
71LA00577,71,1,5667,3,73,732,9030,14,1,,4,40,,1,07,,1,102,8,2,0,4,,,,,,1,4,18,3844,18,1,77,73,6,1,,1,2,8.8,10,,2,1,1971-04-12,07
71LA00578,71,1,5668,3,73,732,9030,14,1,,4,40,,1,07,,1,102,8,2,0,4,,,,,,1,4,18,3844,18,0,58,73,6,1,,0,0,8.0,10,,2,2,1971-04-12,07
71LA00579,71,2,5866,3,78,781,9036,14,1,,4,40,,1,07,,1,107,8,3,0,4,,,,,,1,4,18,3681,18,1,76,78,6,1,,1,2,8.8,10,,2,1,1971-04-17,07
71LA00580,71,2,5867,3,78,781,9036,14,1,,4,40,,1,07,,1,107,8,3,0,4,,,,,,,4,18,3681,18,0,51,78,6,1,,0,0,7.2,10,,2,2,1971-04-17,07
71LA00581,71,2,,0,77,772,9039,14,1,,4,40,,1,07,,1,68,0,1,0,0,,0,,,,,4,18,4742,18,1,0,77,6,0,,1,1,6.6,0,,1,1,1971-03-09,07
71LA00582,71,1,5309,3,76,760,9040,14,1,,4,40,,1,07,,1,95,5,3,0,5,,,,,,1,4,18,3516,18,1,84,76,6,1,,1,1,11.2,10,,2,1,1971-04-05,07
71LA00583,71,1,9926,2,46,460,9041,14,1,46,4,40,,1,07,,1,111,8,,117,4,,6,26,,,,4,14,9808,14,1,0,46,1,1, 7,1,2,8.0,0,,1,1,1971-04-21,07
71LA00584,71,2,9927,2,46,460,9041,14,1,46,4,40,,1,07,,1,111,8,,0,4,,,26,,,1,4,14,9808,14,0,51,46,1,1, 7,0,0,8.8,10,,1,2,1971-04-21,07
71LA00585,71,1,5861,3,77,771,9045,14,1,,4,40,,1,07,,1,107,5,2,0,4,,,,,,1,4,18,3491,18,1,83,77,6,1,,1,1,10.0,10,,1,1,1971-04-17,07
71LA00586,71,2,6028,3,74,742,9055,14,1,,4,40,,1,07,,3,109,5,1,0,5,,,,,,1,4,18,4172,18,1,77,74,6,1,,1,1,10.8,10,,1,1,1971-04-19,07
71LA00587,71,1,5248,3,76,762,9057,14,1,,4,40,,1,07,,1,94,5,2,0,5,,,,,,1,4,18,4970,18,1,98,76,6,1,,1,1,10.2,10,,1,1,1971-04-04,07
71LA00588,71,2,5800,3,78,780,9060,14,1,,4,40,,1,07,,1,105,8,4,0,4,,,,,,1,4,18,3452,18,1,64,78,6,1,,1,2,8.8,10,,2,1,1971-04-15,07
71LA00589,71,2,5801,3,78,780,9060,14,1,,4,40,,1,07,,1,105,8,4,0,4,,,,,,1,4,18,3452,18,0,51,78,6,1,,0,0,9.8,10,,2,2,1971-04-15,07
71LA00590,71,1,9916,2,46,460,9065,14,1,26,4,40,,1,07,,1,108,5,,0,4,,,43,,,6,4,14,9808,14,1,66,46,1,1, 6,1,1,11.4,10,,1,1,1971-04-18,07
71LA00591,71,1,6210,3,73,730,9068,14,1,,4,40,,1,07,,1,114,5,4,0,4,,,,,,1,4,18,3396,18,1,82,73,6,1,,1,1,10.6,10,,2,1,1971-04-24,07
71LA00592,71,1,5665,3,78,782,9071,14,1,,4,40,,1,07,,1,102,8,2,0,4,,,,,,1,4,18,3789,18,1,62,78,6,1,,1,2,9.0,10,,2,1,1971-04-12,07
71LA00593,71,2,5666,3,78,782,9071,14,1,,4,40,,1,07,,1,102,8,2,0,4,,,,,,1,4,18,3789,18,0,73,78,6,1,,0,0,8.4,10,,2,2,1971-04-12,07
71LA00594,71,2,5905,3,77,770,9073,14,1,,4,40,,1,07,,1,107,8,3,0,4,,,,,,1,4,18,3382,18,1,82,77,6,1,,1,2,9.0,10,,1,1,1971-04-17,07
71LA00595,71,2,5906,3,77,770,9073,14,1,,4,40,,1,07,,1,107,8,3,160,4,,6,,,,,4,18,3382,18,0,0,77,6,1,,0,0,8.0,0,,1,2,1971-04-17,07
71LA00596,71,2,9925,2,35,350,9081,14,1,48,4,40,,1,07,,1,111,5,,0,4,,,39,,,6,4,14,9818,14,1,56,35,1,1, 6,1,1,8.6,10,,1,1,1971-04-21,07
71LA00597,71,1,5471,3,75,750,9083,14,1,,4,40,,1,07,,1,97,5,2,0,5,,,,,,1,4,18,3406,18,1,90,75,6,1,,1,1,11.6,10,,1,1,1971-04-07,07
71LA00598,71,1,5718,3,75,752,9085,14,1,,4,40,,1,07,,1,103,8,1,0,4,,,,,,1,4,18,3999,18,1,64,75,6,1,,1,2,10.0,10,,1,1,1971-04-13,07
71LA00599,71,2,5719,3,75,752,9085,14,1,,4,40,,1,07,,1,103,8,1,0,4,,,,,,1,4,18,3999,18,0,49,75,6,1,,0,0,9.4,10,,1,2,1971-04-13,07
71LA00600,71,2,5602,3,74,740,9086,14,1,,4,40,,1,07,,1,100,5,2,0,4,,,,,,1,4,18,3926,18,1,81,74,6,1,,1,1,10.6,10,,1,1,1971-04-10,07
71LA00601,71,2,6106,3,77,772,9093,14,1,,4,40,,1,07,,1,111,5,1,0,4,10,6,,,,,4,18,4742,18,1,0,77,6,1,,1,1,11.2,0,,2,1,1971-04-21,07
71LA00602,71,1,5433,3,75,751,9097,14,1,,4,40,,1,07,,1,97,5,3,0,5,,,,,,1,4,18,4449,18,1,101,75,6,1,,1,1,12.2,10,,2,1,1971-04-07,07
71LA00603,71,2,5820,3,73,731,9100,14,1,,4,40,,1,07,,1,106,5,1,110,4,,6,,631042,+,,4,18,3402,18,1,0,73,6,1,,1,1,9.0,5,,2,1,1971-04-16,07
71LA00604,71,2,5313,3,76,761,9107,14,1,,4,40,,1,07,,1,95,8,,0,5,,,,,,1,4,18,3528,18,1,74,76,6,1,,1,2,8.4,10,,1,1,1971-04-05,07
71LA00605,71,2,5314,3,76,761,9107,14,1,,4,40,,1,07,,1,95,8,,0,5,,,,,,1,4,18,3528,18,0,82,76,6,1,,0,0,8.6,10,,1,2,1971-04-05,07
71LA00606,71,2,5388,3,78,781,9108,14,1,,4,40,,1,07,,1,96,5,3,0,3,,,,,,1,4,18,3681,18,1,65,78,6,1,,1,1,10.2,10,,1,1,1971-04-06,07
71LA00607,71,1,5844,3,78,780,9110,14,1,,4,40,,1,07,,1,106,5,4,0,4,,,,,,1,4,18,3452,18,1,102,78,6,1,,1,1,10.2,10,,1,1,1971-04-16,07
71LA00608,71,2,5253,3,77,771,9111,14,1,,4,40,,1,07,,1,94,8,3,0,4,,,,,,1,4,18,3491,18,1,78,77,6,1,,1,2,9.2,10,,2,1,1971-04-04,07
71LA00609,71,2,5254,3,77,771,9111,14,1,,4,40,,1,07,,1,94,8,3,0,4,,,,,,1,4,18,3491,18,0,64,77,6,1,,0,0,10.0,10,,2,2,1971-04-04,07
71LA00610,71,1,5559,3,78,782,9118,14,1,,4,40,,1,07,,1,99,5,2,0,4,04,,,,,1,4,18,3789,18,1,83,78,6,1,,1,1,12.0,10,,1,1,1971-04-09,07
71LA00611,71,2,6008,3,76,760,9123,14,1,,4,40,,1,07,,1,109,8,3,0,4,,,,,,1,4,18,3516,18,1,68,76,6,1,,1,2,7.4,10,,1,1,1971-04-19,07
71LA00612,71,2,6009,3,76,760,9123,14,1,,4,40,,1,07,,1,109,8,3,0,4,,,,,,1,4,18,3516,18,0,52,76,6,1,,0,0,6.2,10,,1,2,1971-04-19,07
71LA00613,71,,,0,75,750,9124,14,1,,4,40,,,07,,,133,,2,0,,,,,,,,4,18,3406,18,1,0,75,6,0,,0,0,0.0,0,,2,1,1971-05-13,07
71LA00614,71,1,6026,3,73,730,9127,14,1,,4,40,,1,07,,1,109,8,4,0,4,,,,,,1,4,18,3396,18,1,56,73,6,1,,1,2,9.8,10,,1,1,1971-04-19,07
71LA00615,71,1,6027,3,73,730,9127,14,1,,4,40,,1,07,,1,109,8,4,0,4,,,,,,1,4,18,3396,18,0,64,73,6,1,,0,0,9.4,10,,1,2,1971-04-19,07
71LA00616,71,,,0,74,741,9129,14,1,,4,40,,,07,1,,0,,4,0,,,,,,,,4,18,4234,18,1,0,74,6,0,,0,0,0.0,0,,1,1,,07
71LA00617,71,3,8068,9,00,741,9129,14,1,,4,40,,5,40,2,1,128,5,4,0,5,,6,,,,,4,90,0000,98,1,0,74,0,1,,1,1,11.0,0,,1,1,1971-05-08,07
71LA00618,71,1,6152,3,78,781,9133,14,1,,4,40,,1,07,,1,112,8,4,0,4,,,,,,1,4,18,3681,18,1,76,78,6,1,,1,2,11.2,10,,2,1,1971-04-22,07
71LA00619,71,1,6153,3,78,781,9133,14,1,,4,40,,1,07,,1,112,8,4,0,4,,,,,,1,4,18,3681,18,0,68,78,6,1,,0,0,9.6,10,,2,2,1971-04-22,07
71LA00620,71,2,5375,3,77,770,9136,14,1,,4,40,,1,07,,1,96,8,3,0,4,,,,,,1,4,18,3382,18,1,57,77,6,1,,1,2,9.6,10,,2,1,1971-04-06,07
71LA00621,71,2,5376,3,77,770,9136,14,1,,4,40,,1,07,,1,96,8,3,0,4,,,,,,1,4,18,3382,18,0,73,77,6,1,,0,0,8.0,10,,2,2,1971-04-06,07
71LA00622,71,2,6100,3,73,732,9140,14,1,,4,40,,1,07,,1,111,5,4,0,3,,,,,,2,4,18,3844,18,1,78,73,6,1,,1,1,10.6,10,,1,1,1971-04-21,07
71LA00623,71,2,5947,3,76,762,9141,14,1,,4,40,,1,07,,1,108,8,1,0,4,,,,,,1,4,18,4970,18,1,73,76,6,1,,1,2,11.8,10,,2,1,1971-04-18,07
71LA00624,71,1,5948,3,76,762,9141,14,1,,4,40,,1,07,,1,108,8,1,110,4,,6,,,,,4,18,4970,18,0,0,76,6,1,,0,0,10.4,0,,2,2,1971-04-18,07
71LA00625,71,1,5200,3,78,780,9153,14,1,,4,40,,1,07,,1,93,8,4,0,4,,,,,,1,4,18,3452,18,1,63,78,6,1,,1,2,8.8,10,,2,1,1971-04-03,07
71LA00626,71,2,5201,3,78,780,9153,14,1,,4,40,,1,07,,1,93,8,4,0,4,,,,,,1,4,18,3452,18,0,76,78,6,1,,0,0,8.6,10,,2,2,1971-04-03,07
71LA00627,71,,,0,75,752,9168,14,1,,4,40,,,07,,,115,,3,0,,,,,,,,4,18,3999,18,0,0,75,6,0,,0,0,0.0,0,,2,1,1971-04-25,07
71LA00628,71,1,9884,2,35,350,9177,14,1,45,4,40,,1,07,,1,98,5,,0,4,,,37,,,1,4,14,9818,14,1,77,35,1,1, 7,1,1,11.4,10,,1,1,1971-04-08,07
71LA00629,71,1,6006,3,78,782,9179,14,1,,4,40,,1,07,,1,109,8,2,0,4,,,,,,1,4,18,3789,18,1,81,78,6,1,,1,2,11.8,10,,2,1,1971-04-19,07
71LA00630,71,2,6007,3,78,782,9179,14,1,,4,40,,1,07,,1,109,8,2,0,4,,,,,,1,4,18,3789,18,0,68,78,6,1,,0,0,9.8,10,,2,2,1971-04-19,07
71LA00631,71,2,5596,3,77,772,9180,14,1,,4,40,,1,07,,3,100,5,3,136,5,,6,,,,,4,18,4742,18,1,0,77,6,1,,1,1,11.8,0,,1,1,1971-04-10,07
71LA00632,71,2,5454,3,74,742,9185,14,1,,4,40,,1,07,,1,97,5,3,0,5,,,,,,1,4,18,4172,18,1,84,74,6,1,,1,1,10.0,10,,2,1,1971-04-07,07
71LA00633,71,1,7978,9,97,091,9194,14,1,,4,40,,1,51,,3,91,5,,0,3,,,,,,,4,90,0005,95,1,96,74,8,1,,1,1,8.0,10,,2,1,1971-04-01,07
71LA00634,71,2,5547,3,73,731,9203,14,1,,4,40,,1,07,,1,99,8,1,0,4,,,,,,1,4,18,3402,18,1,60,73,6,1,,1,2,8.0,10,,1,1,1971-04-09,07
71LA00635,71,2,5548,3,73,731,9203,14,1,,4,40,,1,07,,1,99,8,1,0,4,,,,,,1,4,18,3402,18,0,62,73,6,1,,0,0,8.6,10,,1,2,1971-04-09,07
71LA00636,71,2,5614,3,77,771,9204,14,1,,4,40,,1,07,,1,101,8,1,0,4,,,,,,1,4,18,3491,18,1,63,77,6,1,,1,2,10.2,10,,1,1,1971-04-11,07
71LA00637,71,2,5615,3,77,771,9204,14,1,,4,40,,1,07,,1,101,8,1,0,4,,,,,,1,4,18,3491,18,0,55,77,6,1,,0,0,7.0,10,,1,2,1971-04-11,07
71LA00638,71,2,5767,3,76,761,9205,14,1,,4,40,,2,07,,1,105,5,2,106,2,,6,,,,,4,18,3528,18,1,0,76,6,1,,1,1,7.4,0,,2,1,1971-04-15,07
71LA00639,71,1,5983,3,74,741,9215,14,1,,4,40,,1,07,,1,109,8,2,0,3,,,,,,1,4,18,4234,18,1,66,74,6,1,,1,2,8.4,10,,2,1,1971-04-19,07
71LA00640,71,2,5984,3,74,741,9215,14,1,,4,40,,1,07,,1,109,8,2,0,3,,,,,,1,4,18,4234,18,0,63,74,6,1,,0,0,8.0,10,,2,2,1971-04-19,07
71LA00641,71,1,5233,3,75,750,9216,14,1,,4,40,,1,07,,1,94,8,2,0,4,,,,,,1,4,18,3406,18,1,72,75,6,1,,1,2,10.4,10,,1,1,1971-04-04,07
71LA00642,71,1,5234,3,75,750,9216,14,1,,4,40,,1,07,,1,94,8,2,0,4,,,,,,1,4,18,3406,18,0,74,75,6,1,,0,0,9.8,10,,1,2,1971-04-04,07
71LA00643,71,2,5935,3,74,740,9223,14,1,,4,40,,1,07,,1,108,5,3,0,3,,,,,,1,4,18,3926,18,1,69,74,6,1,,1,1,7.0,10,,2,1,1971-04-18,07
71LA00644,71,1,5522,3,78,782,9234,14,1,,4,40,,1,07,,1,98,8,2,0,5,,,,,,1,4,18,3789,18,1,66,78,6,1,,1,2,11.2,10,,1,1,1971-04-08,07
71LA00645,71,2,5523,3,78,782,9234,14,1,,4,40,,1,07,,1,98,8,2,0,5,,,,,,1,4,18,3789,18,0,73,78,6,1,,0,0,8.8,10,,1,2,1971-04-08,07
71LA00646,71,2,5560,3,78,780,9235,14,1,,4,40,,1,07,,1,99,5,1,0,4,,,,,,1,4,18,3452,18,1,77,78,6,1,,1,1,9.6,10,,1,1,1971-04-09,07
71LA00647,71,2,5863,3,74,742,9243,14,1,,4,40,,1,07,,1,107,8,3,0,4,,,,,,1,4,18,4172,18,1,63,74,6,1,,1,2,10.0,10,,1,1,1971-04-17,07
71LA00648,71,1,5864,3,74,742,9243,14,1,,4,40,,1,07,,1,107,8,3,0,4,,,,,,1,4,18,4172,18,0,73,74,6,1,,0,0,10.8,10,,1,2,1971-04-17,07
71LA00649,71,2,6073,3,73,730,9248,14,1,,4,40,,1,07,,1,110,9,3,0,4,,6,,,,,4,18,3396,18,1,0,73,6,1,,1,3,9.0,0,,2,1,1971-04-20,07
71LA00650,71,1,6074,3,73,730,9248,14,1,,4,40,,1,07,,1,110,9,3,0,4,,,,,,1,4,18,3396,18,0,74,73,6,1,,0,0,9.8,10,,2,2,1971-04-20,07
71LA00651,71,2,6075,3,73,730,9248,14,1,,4,40,,1,07,,1,110,9,3,0,4,,,,,&,,4,18,3396,18,0,71,73,6,1,,0,0,5.4,5,,2,3,1971-04-20,07
71LA00652,71,1,6164,3,77,770,9251,14,1,,4,40,,1,07,,1,112,8,1,0,4,,,,,,1,4,18,3382,18,0,63,77,6,1,,0,0,8.4,10,,1,2,1971-04-22,07
71LA00653,71,1,6163,3,77,770,9251,14,1,,4,40,,1,07,,1,112,8,1,0,4,,,,,,1,4,18,3382,18,1,55,77,6,1,,1,2,9.0,10,02,1,1,1971-04-22,07
71LA00654,71,2,6037,3,75,752,9256,14,1,,4,40,,1,07,,1,109,8,4,0,4,,,,,,1,4,18,3999,18,0,61,75,6,1,,0,0,8.0,10,,1,2,1971-04-19,07
71LA00655,71,2,6036,3,75,752,9256,14,1,,4,40,,1,07,,1,109,8,4,0,4,,,,,,1,4,18,3999,18,1,64,75,6,1,,1,2,10.0,10,02,1,1,1971-04-19,07
71LA00656,71,2,5760,3,74,741,9257,14,1,,4,40,,1,07,,1,104,5,4,0,4,,,,,,1,4,18,4234,18,1,83,74,6,1,,1,1,12.6,10,,1,1,1971-04-14,07
71LA00657,71,1,5680,3,76,760,9259,14,1,,4,40,,1,07,,1,102,5,1,0,5,,,,,,1,4,18,3516,18,1,98,76,6,1,,1,1,11.0,10,,2,1,1971-04-12,07
71LA00658,71,,,0,77,772,9261,14,1,,4,40,,,07,,,133,,3,0,,,,,,,,4,18,4742,18,1,0,77,6,0,,0,0,0.0,0,,2,1,1971-05-13,07
71LA00659,71,2,6019,3,73,732,9263,14,1,,4,40,,1,07,,1,109,5,1,0,4,,,,,,1,4,18,3844,18,1,79,73,6,1,,1,1,10.8,10,,2,1,1971-04-19,07
71LA00660,71,2,5226,3,75,751,9264,14,1,,4,40,,1,07,,1,94,8,2,0,5,,,,,,1,4,18,4449,18,1,71,75,6,1,,1,2,10.6,10,,1,1,1971-04-04,07
71LA00661,71,2,5227,3,75,751,9264,14,1,,4,40,,1,07,,1,94,8,2,0,5,,,,,,1,4,18,4449,18,0,80,75,6,1,,0,0,10.0,10,,1,2,1971-04-04,07
71LA00662,71,1,,0,76,762,9265,14,1,,4,40,,1,07,,1,119,1,2,0,0,,1,,,,,4,18,4970,18,1,0,76,6,0,,1,1,11.0,0,,1,1,1971-04-29,07
71LA00663,71,2,5738,3,74,740,9278,14,1,,4,40,,1,07,,1,104,8,1,0,5,,,,,,1,4,18,3926,18,1,70,74,6,1,,1,2,13.2,10,,1,1,1971-04-14,07
71LA00664,71,2,5739,3,74,740,9278,14,1,,4,40,,1,07,,1,104,8,1,0,5,,,,,,1,4,18,3926,18,0,69,74,6,1,,0,0,10.8,10,,1,2,1971-04-14,07
71LA00665,71,2,5651,3,74,742,9280,14,1,,4,40,,1,07,,3,102,5,4,0,4,,,,,,1,4,18,4172,18,1,73,74,6,1,,1,1,11.6,10,,2,1,1971-04-12,07
71LA00666,71,,,0,77,771,9293,14,1,,4,40,,,07,,,144,,4,0,,,,,,,,4,18,3491,18,1,0,77,6,0,,0,0,0.0,0,,2,1,1971-05-24,07
71LA00667,71,2,5845,3,73,731,9294,14,1,,4,40,,1,07,,1,106,5,2,0,3,,,,,,1,4,18,3402,18,1,74,73,6,1,,1,1,8.6,10,,2,1,1971-04-16,07
71LA00668,71,2,5576,3,75,750,9304,14,1,,4,40,,1,07,,1,100,5,3,0,4,,,,,,1,4,18,3406,18,1,65,75,6,1,,1,1,10.2,10,,2,1,1971-04-10,07
71LA00669,71,,,0,73,730,9317,14,1,,4,40,,,07,,,145,,3,0,,,,,,,,4,18,3396,18,1,0,73,6,0,,0,0,0.0,0,,1,1,1971-05-25,07
71LA00670,71,,,0,78,782,9321,14,1,,4,40,,,07,,,115,,2,0,,,,,,,,4,18,3789,18,0,0,78,6,0,,0,0,0.0,0,,2,1,1971-04-25,07
71LA00671,71,2,9901,2,35,350,9322,14,1,48,3,30,,1,07,,1,103,5,,0,5,,,43,,,1,4,14,9818,14,1,60,35,1,1, 7,1,1,8.0,10,,1,1,1971-04-13,07
71LA00672,71,1,5737,3,73,732,9324,14,1,,3,30,,1,07,,1,104,5,2,0,3,,6,,585542,+,,4,18,3844,18,1,0,73,6,1,,1,1,10.0,5,,1,1,1971-04-14,07
71LA00673,71,1,5923,3,76,761,9325,14,1,,3,30,,1,07,,1,108,5,4,0,4,,,,,,1,4,18,3528,18,1,86,76,6,1,,1,1,10.8,10,,1,1,1971-04-18,07
71LA00674,71,1,6098,3,74,741,9327,14,1,,3,30,,1,07,,1,111,8,4,0,4,,,,,,1,4,18,4234,18,1,66,74,6,1,,1,2,10.4,10,,2,1,1971-04-21,07
71LA00675,71,2,6099,3,74,741,9327,14,1,,3,30,,1,07,,1,111,8,4,0,4,,,,,,1,4,18,4234,18,0,58,74,6,1,,0,0,8.2,10,,2,2,1971-04-21,07
71LA00676,71,2,6101,3,77,770,9333,14,1,,3,30,,1,07,,1,111,5,2,0,3,,,,,,1,4,18,3382,18,1,67,77,6,1,,1,1,9.6,10,,2,1,1971-04-21,07
71LA00677,71,2,5697,3,77,772,9339,14,1,,3,30,,1,07,,1,103,8,4,0,5,,,,,,1,4,18,4742,18,1,73,77,6,1,,1,2,9.4,10,,1,1,1971-04-13,07
71LA00678,71,1,5698,3,77,772,9339,14,1,,3,30,,1,07,,1,103,8,4,119,5,,6,,,,,4,18,4742,18,0,0,77,6,1,,0,0,9.0,0,,1,2,1971-04-13,07
71LA00679,71,2,5838,3,77,771,9341,14,1,,3,30,,1,07,,1,106,5,2,0,4,09,,,234362,+,1,4,18,3491,18,1,73,77,6,1,,1,1,8.8,15,,1,1,1971-04-16,07
71LA00680,71,2,9902,2,35,350,9342,14,1,49,3,30,,1,07,,1,103,5,,106,4,,6,43,,,,4,14,9818,14,1,0,35,1,1, 6,1,1,5.0,0,,1,1,1971-04-13,07
71LA00681,71,2,5195,3,78,781,9347,14,1,,3,30,,1,07,,1,92,5,2,0,4,,6,,,,,4,18,3681,18,1,0,78,6,1,,1,1,8.6,0,,1,1,1971-04-02,07
71LA00682,71,,,0,35,350,9350,14,1,48,3,30,,,07,,,127,,,0,,,,42,,,,4,14,9818,14,1,0,35,1,0, 7,0,0,0.0,0,,1,1,1971-05-07,07
71LA00683,71,2,5704,3,75,752,9357,14,1,,3,30,,1,07,,1,103,8,2,0,4,,,,,,1,4,18,3999,18,1,71,75,6,1,,1,2,9.0,10,,2,1,1971-04-13,07
71LA00684,71,2,5705,3,75,752,9357,14,1,,3,30,,1,07,,1,103,8,2,0,4,,,,,,1,4,18,3999,18,0,64,75,6,1,,0,0,8.4,10,,2,2,1971-04-13,07
71LA00685,71,,,0,73,731,9361,14,1,,3,30,,,07,,,133,,4,0,,,,,,,,4,18,3402,18,1,0,73,6,0,,0,0,0.0,0,,1,1,1971-05-13,07
71LA00686,71,1,5443,3,73,730,9365,14,1,,3,30,,1,07,,1,97,5,2,0,4,,,,,,1,4,18,3396,18,1,87,73,6,1,,1,1,10.6,10,,2,1,1971-04-07,07
71LA00687,71,2,5498,3,78,780,9366,14,1,,3,30,,1,07,,1,98,5,4,0,4,,,,,,1,4,18,3452,18,1,86,78,6,1,,1,1,10.6,10,,2,1,1971-04-08,07
71LA00688,71,2,8015,9,97,090,9368,14,1,,3,30,,1,51,,1,102,8,,0,4,,,,,,,4,90,0004,95,1,74,76,8,1,,1,2,7.4,10,,1,1,1971-04-12,07
71LA00689,71,2,8016,9,97,090,9368,14,1,,3,30,,1,51,,1,102,8,,0,4,,,,,,,4,90,0004,95,0,76,76,8,1,,0,0,9.4,10,,1,2,1971-04-12,07
71LA00690,71,2,5556,3,74,740,9369,14,1,,3,30,,1,07,,1,99,8,2,140,4,,6,,,,,4,18,3926,18,1,0,74,6,1,,1,2,9.6,0,,2,1,1971-04-09,07
71LA00691,71,1,5557,3,74,740,9369,14,1,,3,30,,1,07,,1,99,8,2,140,4,,6,,,,,4,18,3926,18,0,0,74,6,1,,0,0,9.2,0,,2,2,1971-04-09,07
71LA00692,71,1,5750,3,74,742,9378,14,1,,3,30,,1,07,,1,104,5,4,0,4,,,,,,1,4,18,4172,18,1,53,74,6,1,,1,1,13.8,10,,1,1,1971-04-14,07
71LA00693,71,1,6130,3,73,732,9379,14,1,,3,30,,1,07,,1,111,5,4,0,4,,,,,&,,4,18,3844,18,1,86,73,6,1,,1,1,11.0,5,,2,1,1971-04-21,07
71LA00694,71,,,0,74,741,9382,14,1,,3,30,,,07,,,133,,2,0,,,,,,,,4,18,4234,18,1,0,74,6,0,,0,0,0.0,0,,1,1,1971-05-13,07
71LA00695,71,2,5502,3,73,731,9383,14,1,,3,30,,1,07,,1,98,8,2,0,4,,,,,,1,4,18,3402,18,1,66,73,6,1,,1,2,8.0,10,,2,1,1971-04-08,07
71LA00696,71,2,5503,3,73,731,9383,14,1,,3,30,,1,07,,1,98,8,2,0,4,,,,,,1,4,18,3402,18,0,67,73,6,1,,0,0,6.8,10,,2,2,1971-04-08,07
71LA00697,71,,,0,76,760,9392,14,1,,3,30,,,07,1,,0,,4,0,,,,,,,,4,18,3516,18,1,0,76,6,0,,0,0,0.0,0,,1,1,,07
71LA00698,71,2,8074,9,00,760,9392,14,1,,3,30,,5,40,2,1,129,8,4,0,4,,,,,,3,4,90,0000,98,1,76,76,0,1,,1,2,12.2,10,,1,1,1971-05-09,07
71LA00699,71,3,8075,9,00,760,9392,14,1,,3,30,,5,40,2,1,129,8,4,0,4,,,,,,3,4,90,0000,98,0,59,76,0,1,,0,0,13.0,10,,1,2,1971-05-09,07
71LA00700,71,2,5936,3,78,782,9395,14,1,,3,30,,1,07,,1,108,5,2,0,4,,,,,,1,4,18,3789,18,1,80,78,6,1,,1,1,12.0,10,,1,1,1971-04-18,07
71LA00701,71,1,5669,3,76,762,9398,14,1,,3,30,,1,07,,1,102,5,2,0,4,,,,,,1,4,18,4970,18,1,91,76,6,1,,1,1,12.8,10,,2,1,1971-04-12,07
71LA00702,71,2,5282,3,73,730,9404,14,1,,3,30,,1,07,,1,95,8,4,0,4,,,,,,1,4,18,3396,18,1,66,73,6,1,,1,2,8.0,10,,1,1,1971-04-05,07
71LA00703,71,2,5283,3,73,730,9404,14,1,,3,30,,1,07,,1,95,8,4,0,4,,,,,,1,4,18,3396,18,0,54,73,6,1,,0,0,8.0,10,,1,2,1971-04-05,07
71LA00704,71,2,9881,2,46,460,9408,14,1,37,3,30,,1,07,,1,96,5,,123,3,,6,25,625842,+,,4,14,9808,14,1,0,46,1,1, 6,1,1,10.6,5,,1,1,1971-04-06,07
71LA00705,71,1,5218,3,77,770,9410,14,1,,3,30,,1,07,,1,93,8,4,0,4,,,,,,1,4,18,3382,18,1,65,77,6,1,,1,2,9.2,10,,1,1,1971-04-03,07
71LA00706,71,1,5219,3,77,770,9410,14,1,,3,30,,1,07,,1,93,8,4,0,4,,,,,,1,4,18,3382,18,0,79,77,6,1,,0,0,8.4,10,,1,2,1971-04-03,07
71LA00707,71,2,5263,3,78,781,9412,14,1,,3,30,,1,07,,1,94,5,4,0,3,,,,,,1,4,18,3681,18,1,83,78,6,1,,1,1,8.0,10,79,2,1,1971-04-04,07
71LA00708,71,2,6189,3,74,740,9415,14,1,,3,30,,1,07,,2,113,8,4,0,4,,,,,,1,4,18,3926,18,1,73,74,6,1,,1,2,10.6,10,,1,1,1971-04-23,07
71LA00709,71,1,6190,3,74,740,9415,14,1,,3,30,,1,07,,8,113,8,4,117,4,,6,,,,,4,18,3926,18,0,0,74,6,1,,0,0,10.8,0,,1,2,1971-04-23,07
71LA00710,71,2,5833,3,76,761,9416,14,1,,3,30,,1,07,,1,106,5,4,0,4,,,,,,1,4,18,3528,18,1,82,76,6,1,,1,1,12.6,10,,2,1,1971-04-16,07
71LA00711,71,2,5406,3,75,751,9424,14,1,,3,30,,1,07,,1,97,5,4,0,4,,,,,,1,4,18,4449,18,1,70,75,6,1,,1,1,9.8,10,,2,1,1971-04-07,07
71LA00712,71,1,5869,3,74,742,9427,14,1,,3,30,,1,07,,1,107,5,2,0,5,,,,,,1,4,18,4172,18,1,95,74,6,1,,1,1,12.4,10,,2,1,1971-04-17,07
71LA00713,71,,,0,75,750,9429,14,1,,3,30,,,07,,,130,,2,0,,,,,,,,4,18,3406,18,1,0,75,6,0,,0,0,0.0,0,,1,1,1971-05-10,07
71LA00714,71,2,5531,3,74,741,9430,14,1,,3,30,,1,07,,1,99,5,4,0,5,,,,,,1,4,18,4234,18,1,90,74,6,1,,1,1,12.8,10,,2,1,1971-04-09,07
71LA00715,71,1,5702,3,78,780,9435,14,1,,3,30,,1,07,,1,103,5,2,0,5,,,,,,1,4,18,3452,18,1,81,78,6,1,,1,1,11.4,10,,1,1,1971-04-13,07
71LA00716,71,1,5284,3,73,732,9437,14,1,,3,30,,1,07,,1,94,5,2,0,4,,,,,,1,4,18,3844,18,1,97,73,6,1,,1,1,11.6,10,,1,1,1971-04-04,07
71LA00717,71,2,9911,2,46,460,9440,14,1,39,3,30,,1,07,,1,105,8,,0,4,,,28,,&,,4,14,9808,14,1,63,46,1,1, 7,1,2,9.8,5,,1,1,1971-04-15,07
71LA00718,71,1,9912,2,46,460,9440,14,1,39,3,30,,1,07,,3,105,8,,0,4,,,28,,,1,4,14,9808,14,0,62,46,1,1, 7,0,0,8.6,10,,1,2,1971-04-15,07
71LA00719,71,1,6244,3,73,731,9442,14,1,,3,30,,1,07,,1,121,5,4,0,4,,6,,,,,4,18,3402,18,1,0,73,6,1,,1,1,7.6,0,,1,1,1971-05-01,07
71LA00720,71,2,5328,3,77,772,9445,14,1,,3,30,,1,07,,1,95,5,4,0,4,,,,,,1,4,18,4742,18,1,73,77,6,1,,1,1,10.0,10,,2,1,1971-04-05,07
71LA00721,71,1,,0,75,752,9454,14,1,,3,30,,1,07,,1,106,4,4,0,4,,1,,233262,+,,4,18,3999,18,1,0,75,6,0,,1,2,11.0,5,,1,1,1971-04-16,07
71LA00722,71,1,,0,75,752,9454,14,1,,3,30,,1,07,,1,106,4,4,0,4,,1,,095701,+,,4,18,3999,18,0,0,75,6,0,,0,0,9.8,0,,1,2,1971-04-16,07
71LA00723,71,1,5191,3,78,782,9456,14,1,,3,30,,1,07,,1,92,5,4,0,4,,,,,,1,4,18,3789,18,1,98,78,6,1,,1,1,12.2,10,,2,1,1971-04-02,07
71LA00724,71,2,5475,3,73,730,9462,14,1,,3,30,,1,07,,1,98,8,2,0,4,,,,,,1,4,18,3396,18,1,49,73,6,1,,1,2,9.2,10,,2,1,1971-04-08,07
71LA00725,71,2,5476,3,73,730,9462,14,1,,3,30,,1,07,,1,98,8,2,0,4,,,,,,1,4,18,3396,18,0,61,73,6,1,,0,0,8.0,10,,2,2,1971-04-08,07
71LA00726,71,1,5487,3,74,740,9471,14,1,,3,30,,1,07,,1,98,5,2,0,4,,,,,,1,4,18,3926,18,1,98,74,6,1,,1,1,12.4,10,,2,1,1971-04-08,07
71LA00727,71,2,5771,3,77,771,9473,14,1,,3,30,,1,07,,1,105,8,2,0,3,,,,,,1,4,18,3491,18,1,59,77,6,1,,1,2,9.2,10,,2,1,1971-04-15,07
71LA00728,71,2,5772,3,77,771,9473,14,1,,3,30,,1,07,,1,105,8,2,0,3,,,,,,,4,18,3491,18,0,58,77,6,1,,0,0,9.2,10,,2,2,1971-04-15,07
71LA00729,71,1,5735,3,75,751,9475,14,1,,3,30,,1,07,,1,104,8,2,0,3,,,,,,1,4,18,4449,18,1,63,75,6,1,,1,2,8.0,10,,1,1,1971-04-14,07
71LA00730,71,2,5736,3,75,751,9475,14,1,,3,30,,1,07,,1,104,8,2,0,3,,,,,,3,4,18,4449,18,0,67,75,6,1,,0,0,6.4,10,,1,2,1971-04-14,07
71LA00731,71,1,5624,3,76,760,9482,14,1,,3,30,,1,07,,1,101,5,4,0,4,,,,,,1,4,18,3516,18,1,66,76,6,1,,1,1,13.2,10,,2,1,1971-04-11,07
71LA00732,71,1,5588,3,77,770,9484,14,1,,3,30,,1,07,,1,100,5,4,0,4,,,,,,1,4,18,3382,18,1,96,77,6,1,,1,1,12.0,10,,2,1,1971-04-10,07
71LA00733,71,1,5766,3,75,750,9486,14,1,,3,30,,1,07,,1,105,5,4,0,4,,,,,,1,4,18,3406,18,1,77,75,6,1,,1,1,13.6,10,,2,1,1971-04-15,07
71LA00734,71,1,5896,3,75,752,9488,14,1,,3,30,,1,07,,1,107,5,2,110,5,,6,,,,,4,18,3999,18,1,0,75,6,1,,1,1,11.2,0,,2,1,1971-04-17,07
71LA00735,71,2,5690,3,74,742,9490,14,1,,3,30,,1,07,,1,103,5,4,0,3,,,,,,1,4,18,4172,18,1,82,74,6,1,,1,1,10.0,10,,1,1,1971-04-13,07
71LA00736,71,2,5916,3,73,732,9493,14,1,,3,30,,1,07,,1,108,5,4,0,4,,,,,,1,4,18,3844,18,1,83,73,6,1,,1,1,10.8,10,,2,1,1971-04-18,07
71LA00737,71,,,0,77,772,9500,14,1,,3,30,,,07,,,133,,2,0,,,,,,,,4,18,4742,18,1,0,77,6,0,,0,0,0.0,0,,1,1,1971-05-13,07
71LA00738,71,2,9896,2,35,350,9503,14,1,46,3,30,,1,07,,6,101,5,,106,4,,6,38,,,,4,14,9818,14,1,0,35,1,1, 6,1,1,6.8,0,,1,1,1971-04-11,07
71LA00739,71,1,5327,3,76,762,9508,14,1,,3,30,,1,07,,1,95,5,2,0,4,,,,,,1,4,18,4970,18,1,87,76,6,1,,1,1,13.0,10,,1,1,1971-04-05,07
71LA00740,71,,,0,74,741,9514,14,1,,3,30,,,07,1,,0,,2,0,,,,,,,,4,18,4234,18,1,0,74,6,0,,0,0,0.0,0,,1,1,,07
71LA00741,71,3,8058,9,00,741,9514,14,1,,3,30,,5,40,2,1,124,5,2,0,4,,,,,,3,4,90,0000,98,1,88,74,0,1,,1,1,12.6,10,,1,1,1971-05-04,07
71LA00742,71,1,5291,3,77,771,9520,14,1,,3,30,,1,07,,1,95,5,4,0,4,,,,,,1,4,18,3491,18,1,95,77,6,1,,1,1,10.6,10,,1,1,1971-04-05,07
71LA00743,71,1,6045,3,76,760,9521,14,1,,3,30,,1,07,,1,110,5,4,0,4,,,,,,1,4,18,3516,18,1,56,76,6,1,,1,1,11.6,10,,1,1,1971-04-20,07
71LA00744,71,2,5993,3,77,770,9523,14,1,,3,30,,2,07,,1,109,8,2,0,4,,,,,,1,4,18,3382,18,1,73,77,6,1,,1,2,9.4,10,,1,1,1971-04-19,07
71LA00745,71,2,5994,3,77,770,9523,14,1,,3,30,,1,07,,1,109,8,2,0,4,,,,,,1,4,18,3382,18,0,64,77,6,1,,0,0,8.0,10,,1,2,1971-04-19,07
71LA00746,71,2,5642,3,76,761,9525,14,1,,3,30,,1,07,,1,101,5,2,0,4,,,,,,1,4,18,3528,18,1,77,76,6,1,,1,1,12.0,10,,1,1,1971-04-11,07
71LA00747,71,2,6150,3,77,770,9529,14,1,,3,30,,1,07,,1,112,5,4,0,5,,,,,,1,4,18,3382,18,1,77,77,6,1,,1,1,12.2,10,,2,1,1971-04-22,07
71LA00748,71,1,,0,76,762,9530,14,1,,3,30,,1,07,,1,90,0,4,0,1,,0,,,,,4,18,4970,18,1,0,76,6,0,,1,1,6.8,0,,2,1,1971-03-31,07
71LA00749,71,2,5922,3,78,781,9531,14,1,,3,30,,1,07,,3,108,5,4,0,3,,,,,,1,4,18,3681,18,1,71,78,6,1,,1,1,10.0,10,,1,1,1971-04-18,07
71LA00750,71,1,5276,3,73,731,9532,14,1,,3,30,,1,07,,1,95,5,2,0,2,04,,,,,1,4,18,3402,18,1,73,73,6,1,,1,1,11.0,10,,2,1,1971-04-05,07
71LA00751,71,,,0,74,740,9538,14,1,,3,30,,,07,1,,0,,4,0,,,,,,,,4,18,3926,18,1,0,74,6,0,,0,0,0.0,0,,1,1,,07
71LA00752,71,3,8088,9,00,740,9538,14,1,,3,30,,5,40,2,1,133,5,4,0,5,,6,,,,,4,90,0000,98,1,0,74,0,1,,1,1,11.8,0,,1,1,1971-05-13,07
71LA00753,71,2,5458,3,73,730,9540,14,1,,3,30,,1,07,,1,97,5,4,0,3,,,,,,1,4,18,3396,18,1,61,73,6,1,,1,1,10.2,10,,1,1,1971-04-07,07
71LA00754,71,1,5304,3,73,732,9541,14,1,,3,30,,1,07,,1,95,5,2,0,4,,,,,,1,4,18,3844,18,1,93,73,6,1,,1,1,10.6,10,,1,1,1971-04-05,07
71LA00755,71,1,5299,3,75,751,9545,14,1,,3,30,,1,07,,1,95,7,2,125,4,,6,,530018,+,,4,18,4449,18,1,0,75,6,1,,1,2,6.6,5,,2,1,1971-04-05,07
71LA00756,71,2,,0,75,751,9545,14,1,,3,30,,1,07,,1,95,7,2,0,4,,1,,,,,4,18,4449,18,0,0,75,6,0,,0,0,6.0,0,,2,2,1971-04-05,07
71LA00757,71,,,0,78,780,9556,14,1,,3,30,,,07,,,133,,2,0,,,,,,,,4,18,3452,18,1,0,78,6,0,,0,0,0.0,0,,2,1,1971-05-13,07
71LA00758,71,2,5412,3,73,731,9561,14,1,,3,30,,1,07,,1,97,5,2,0,5,,,,,,1,4,18,3402,18,1,78,73,6,1,,1,1,11.2,10,,1,1,1971-04-07,07
71LA00759,71,1,9917,2,35,350,9563,14,1,47,3,30,,1,07,,1,108,5,,111,4,,6,44,,,,4,14,9818,14,1,0,35,1,1, 7,1,1,9.0,0,,1,1,1971-04-18,07
71LA00760,71,1,9922,2,35,350,9564,14,1,47,3,30,,1,07,,1,109,5,,0,4,,,44,,,6,4,14,9818,14,1,68,35,1,1, 6,1,1,9.2,10,,1,1,1971-04-19,07
71LA00761,71,1,6204,3,74,742,9565,14,1,,3,30,,1,07,,1,114,5,2,0,4,,,,,,1,4,18,4172,18,1,74,74,6,1,,1,1,12.8,10,,2,1,1971-04-24,07
71LA00762,71,2,,0,46,460,9567,14,1,37,3,30,,1,07,,1,109,1,,0,3,,1,30,595218,+,,4,14,9808,14,1,0,46,1,0, 6,1,1,10.0,5,03,1,1,1971-04-19,07
71LA00763,71,1,6079,3,77,772,9569,14,1,,3,30,,1,07,,1,110,8,2,0,4,,6,,,,,4,18,4742,18,1,0,77,6,1,,1,2,10.2,0,,2,1,1971-04-20,07
71LA00764,71,2,6080,3,77,772,9569,14,1,,3,30,,1,07,,1,110,8,2,136,4,,6,,,,,4,18,4742,18,0,0,77,6,1,,0,0,8.2,0,,2,2,1971-04-20,07
71LA00765,71,1,5637,3,76,761,9570,14,1,,3,30,,1,07,,1,101,5,2,0,4,,,,,,1,4,18,3528,18,1,82,76,6,1,,1,1,11.2,10,,2,1,1971-04-11,07
71LA00766,71,2,5791,3,75,750,9571,14,1,,3,30,,1,07,,1,105,5,4,0,4,,,,,,,4,18,3406,18,1,83,75,6,1,,1,1,12.6,10,,1,1,1971-04-15,07
71LA00767,71,,,0,77,771,9576,14,1,,3,30,,,07,,,133,,4,0,,,,,,,,4,18,3491,18,1,0,77,6,0,,0,0,0.0,0,,2,1,1971-05-13,07
71LA00768,71,1,6063,3,75,752,9577,14,1,,3,30,,1,07,,1,110,5,2,0,4,,,,,,1,4,18,3999,18,1,79,75,6,1,,1,1,12.0,10,,1,1,1971-04-20,07
71LA00769,71,1,5585,3,74,741,9587,14,1,,3,30,,1,07,,1,100,5,4,0,4,,,,,,1,4,18,4234,18,1,75,74,6,1,,1,1,11.8,10,,2,1,1971-04-10,07
71LA00770,71,2,,0,76,760,9591,14,1,,3,30,,1,07,,1,89,1,4,0,2,,1,,,,,4,18,3516,18,1,0,76,6,0,,1,1,8.8,0,,2,1,1971-03-30,07
71LA00771,71,1,5303,3,75,751,9593,14,1,,3,30,,1,07,,1,95,5,4,0,5,,,,,,1,4,18,4449,18,1,78,75,6,1,,1,1,8.0,10,,1,1,1971-04-05,07
71LA00772,71,1,9923,2,46,460,9595,14,1,37,3,30,,1,07,,1,109,5,,0,2,,,25,,,1,4,14,9808,14,1,62,46,1,1, 7,1,1,7.4,10,,1,1,1971-04-19,07
71LA00773,71,2,6252,3,78,782,9596,14,1,,3,30,,1,07,,2,126,5,2,0,4,,,,,,3,4,18,3789,18,1,84,78,6,1,,1,1,10.8,10,,1,1,1971-05-06,07
71LA00774,71,2,5740,3,77,770,9597,14,1,,3,30,,1,07,,1,104,5,2,0,4,,,,,,1,4,18,3382,18,1,75,77,6,1,,1,1,11.6,10,,1,1,1971-04-14,07
71LA00775,71,1,9931,2,46,460,9604,14,1,38,3,30,,1,07,,1,113,5,,0,2,,,32,,,6,4,14,9808,14,1,37,46,1,1, 6,1,1,9.6,10,,1,1,1971-04-23,07
71LA00776,71,1,6059,3,75,750,9609,14,1,,3,30,,1,07,,1,110,5,2,0,4,,,,,,1,4,18,3406,18,1,78,75,6,1,,1,1,12.2,10,,2,1,1971-04-20,07
71LA00777,71,2,5208,3,78,781,9617,14,1,,3,30,,1,07,,1,93,5,4,0,4,,,,,,1,4,18,3681,18,1,76,78,6,1,,1,1,9.0,10,,2,1,1971-04-03,07
71LA00778,71,1,5189,3,78,780,9618,14,1,,3,30,,1,07,,1,92,8,2,0,4,,,,,,1,4,18,3452,18,1,76,78,6,1,,1,2,8.4,10,,1,1,1971-04-02,07
71LA00779,71,1,5190,3,78,780,9618,14,1,,3,30,,1,07,,1,92,8,2,0,4,,,,,,1,4,18,3452,18,0,75,78,6,1,,0,0,7.6,10,,1,2,1971-04-02,07
71LA00780,71,2,5706,3,77,772,9619,14,1,,3,30,,1,07,,1,103,5,2,0,5,,,,,,1,4,18,4742,18,1,72,77,6,1,,1,1,10.4,10,,1,1,1971-04-13,07
71LA00781,71,1,9932,2,35,350,9621,14,1,47,3,30,,1,07,,1,113,5,,0,3,,,41,,,1,4,14,9818,14,1,55,35,1,1, 7,1,1,8.8,10,,1,1,1971-04-23,07
71LA00782,71,,,0,76,762,9622,14,1,,3,30,,,07,,,145,,2,0,,,,,,,,4,18,4970,18,1,0,76,6,0,,0,0,0.0,0,,1,1,1971-05-25,07
71LA00783,71,1,6173,3,74,740,9623,14,1,,3,30,,3,07,,1,112,8,2,0,5,,,,,,1,4,18,3926,18,1,81,74,6,1,,1,2,11.2,10,,2,1,1971-04-22,07
71LA00784,71,1,6174,3,74,740,9623,14,1,,3,30,,1,07,,2,112,8,2,0,5,,,,,,1,4,18,3926,18,0,67,74,6,1,,0,0,11.6,10,,2,2,1971-04-22,07
71LA00785,71,2,5298,3,73,730,9627,14,1,,3,30,,1,07,,1,95,5,4,0,5,,,,,,1,4,18,3396,18,1,76,73,6,1,,1,1,10.4,10,,2,1,1971-04-05,07
71LA00786,71,1,5716,3,76,761,9630,14,1,,3,30,,1,07,,1,103,8,4,0,3,,,,,,1,4,18,3528,18,1,68,76,6,1,,1,2,9.6,10,,1,1,1971-04-13,07
71LA00787,71,2,5717,3,76,761,9630,14,1,,3,30,,1,07,,1,103,8,4,0,3,,,,,,1,4,18,3528,18,0,58,76,6,1,,0,0,11.8,10,,1,2,1971-04-13,07
71LA00788,71,2,5272,3,73,732,9632,14,1,,3,30,,1,07,,1,95,8,2,0,4,,,,,,1,4,18,3844,18,1,76,73,6,1,,1,2,8.0,10,,2,1,1971-04-05,07
71LA00789,71,1,5273,3,73,732,9632,14,1,,3,30,,1,07,,1,95,8,2,0,4,,,,,,1,4,18,3844,18,0,81,73,6,1,,0,0,9.2,10,,2,2,1971-04-05,07
71LA00790,71,1,5604,3,76,760,9635,14,1,,3,30,,1,07,,1,100,5,2,0,4,,,,,,1,4,18,3516,18,1,101,76,6,1,,1,1,12.4,10,,1,1,1971-04-10,07
71LA00791,71,1,5300,3,78,782,9637,14,1,,3,30,,1,07,,1,95,9,4,0,4,,,,954514,-,1,4,18,3789,18,1,80,78,6,1,,1,3,6.6,5,,2,1,1971-04-05,07
71LA00792,71,1,5301,3,78,782,9637,14,1,,3,30,,1,07,,1,95,9,4,0,4,,,,,,1,4,18,3789,18,0,95,78,6,1,,0,0,10.0,10,,2,2,1971-04-05,07
71LA00793,71,2,5302,3,78,782,9637,14,1,,3,30,,1,07,,1,95,9,4,0,4,,,,,,1,4,18,3789,18,0,58,78,6,1,,0,0,6.2,10,,2,3,1971-04-05,07
71LA00794,71,2,6061,3,74,741,9640,14,1,,3,30,,1,07,,1,110,8,4,0,5,,,,,,1,4,18,4234,18,1,63,74,6,1,,1,2,10.0,10,,1,1,1971-04-20,07
71LA00795,71,2,6062,3,74,741,9640,14,1,,3,30,,1,07,,1,110,8,4,0,5,,,,,,1,4,18,4234,18,0,54,74,6,1,,0,0,9.4,10,,1,2,1971-04-20,07
71LA00796,71,2,5249,3,74,742,9646,14,1,,3,30,,1,07,,1,94,5,2,0,4,,,,,,1,4,18,4172,18,1,86,74,6,1,,1,1,9.4,10,,1,1,1971-04-04,07
71LA00797,71,1,5528,3,73,731,9647,14,1,,3,30,,1,07,,1,98,5,4,0,1,,,,,,1,4,18,3402,18,1,81,73,6,1,,1,1,8.0,10,,2,1,1971-04-08,07
71LA00798,71,2,5400,3,76,762,9651,14,1,,3,30,,1,07,,1,97,8,2,0,4,,,,,,1,4,18,4970,18,1,89,76,6,1,,1,2,7.2,10,,2,1,1971-04-07,07
71LA00799,71,2,5401,3,76,762,9651,14,1,,3,30,,1,07,,1,97,8,2,125,4,,6,,,,,4,18,4970,18,0,0,76,6,1,,0,0,7.0,0,,2,2,1971-04-07,07
71LA00800,71,,,0,73,730,9668,14,1,,3,30,,,07,,,133,,2,0,,,,,,,,4,18,3396,18,1,0,73,6,0,,0,0,0.0,0,,1,1,1971-05-13,07
71LA00801,71,1,5952,3,78,781,9670,14,1,,3,30,,1,07,,1,108,8,2,0,3,,,,956714,-,6,4,18,3681,18,0,58,78,6,1,,0,0,10.0,5,,1,2,1971-04-18,07
71LA00802,71,1,5951,3,78,781,9670,14,1,,3,30,,1,07,,1,108,8,2,0,3,,,,,,,4,18,3681,18,1,82,78,6,1,,1,2,12.0,10,02,1,1,1971-04-18,07
71LA00803,71,1,9918,2,35,350,9671,14,1,48,3,30,,1,07,,1,108,5,,0,4,,,39,,,6,4,14,9818,14,1,78,35,1,1, 6,1,1,12.0,10,,1,1,1971-04-18,07
71LA00804,71,1,5650,3,76,761,9672,14,1,,3,30,,1,07,,1,102,5,4,0,4,,,,,,1,4,18,3528,18,1,84,76,6,1,,1,1,12.8,10,,2,1,1971-04-12,07
71LA00805,71,,,0,76,760,9673,14,1,,3,30,,,07,,,115,,2,0,,,,,,,,4,18,3516,18,0,0,76,6,0,,0,0,0.0,0,,2,1,1971-04-25,07
71LA00806,71,2,5580,3,73,732,9676,14,1,,3,30,,1,07,,1,100,5,4,0,4,,,,,,1,4,18,3844,18,1,68,73,6,1,,1,1,9.8,10,,1,1,1971-04-10,07
71LA00807,71,2,9934,2,46,460,9680,14,1,39,3,30,,1,07,,1,114,5,,0,4,,,28,,,1,4,14,9808,14,1,55,46,1,1, 7,1,1,11.6,10,,1,1,1971-04-24,07
71LA00808,71,2,5819,3,74,740,9686,14,1,,3,30,,1,07,,1,106,5,4,0,4,,,,,,1,4,18,3926,18,1,75,74,6,1,,1,1,11.8,10,,1,1,1971-04-16,07
71LA00809,71,1,5479,3,77,771,9688,14,1,,3,30,,1,07,,1,98,5,4,0,4,,,,,,1,4,18,3491,18,1,83,77,6,1,,1,1,10.2,10,,1,1,1971-04-08,07
71LA00810,71,1,6159,3,73,731,9690,14,1,,3,30,,1,07,,1,112,8,2,136,4,,6,,,,,4,18,3402,18,1,0,73,6,1,,1,2,8.2,0,,1,1,1971-04-22,07
71LA00811,71,1,6160,3,73,731,9690,14,1,,3,30,,1,07,,1,112,8,2,0,4,,,,,,1,4,18,3402,18,0,72,73,6,1,,0,0,7.8,10,,1,2,1971-04-22,07
71LA00812,71,1,5464,3,78,780,9692,14,1,,3,30,,1,07,,1,97,8,2,0,3,,,,,,1,4,18,3452,18,1,65,78,6,1,,1,2,8.4,10,,2,1,1971-04-07,07
71LA00813,71,2,5465,3,78,780,9692,14,1,,3,30,,1,07,,1,97,8,2,0,3,,,,,,1,4,18,3452,18,0,60,78,6,1,,0,0,8.0,10,,2,2,1971-04-07,07
71LA00814,71,2,6020,3,77,770,9693,14,1,,3,30,,1,07,,1,109,9,2,0,3,,,,,,1,4,18,3382,18,1,64,77,6,1,,1,3,7.2,10,,2,1,1971-04-19,07
71LA00815,71,2,6021,3,77,770,9693,14,1,,3,30,,1,07,,1,109,9,2,0,3,,,,,,1,4,18,3382,18,0,65,77,6,1,,0,0,6.0,10,,2,2,1971-04-19,07
71LA00816,71,1,6022,3,77,770,9693,14,1,,3,30,,1,07,,1,109,9,2,0,3,,,,736061,-,2,4,18,3382,18,0,73,77,6,1,,0,0,7.6,5,,2,3,1971-04-19,07
71LA00817,71,1,5292,3,75,752,9697,14,1,,3,30,,1,07,,1,95,9,2,0,4,,,,,,1,4,18,3999,18,1,67,75,6,1,,1,3,8.4,10,,2,1,1971-04-05,07
71LA00818,71,2,5293,3,75,752,9697,14,1,,3,30,,1,07,,1,95,9,2,0,4,,,,,,1,4,18,3999,18,0,71,75,6,1,,0,0,7.8,10,,2,2,1971-04-05,07
71LA00819,71,1,,0,75,752,9697,14,1,,3,30,,1,07,,1,95,9,2,0,4,,1,,,,,4,18,3999,18,0,0,75,6,0,,0,0,7.0,0,,2,3,1971-04-05,07
71LA00820,71,2,5581,3,75,751,9698,14,1,,3,30,,1,07,,1,100,5,4,0,4,,,,,,1,4,18,4449,18,1,66,75,6,1,,1,1,12.0,10,,2,1,1971-04-10,07
71LA00821,71,2,6077,3,76,762,9699,14,1,,3,30,,1,07,,1,110,8,4,0,4,,,,,,1,4,18,4970,18,1,73,76,6,1,,1,2,10.0,10,,1,1,1971-04-20,07
71LA00822,71,1,6078,3,76,762,9699,14,1,,3,30,,1,07,,1,110,8,4,0,4,,,,,,1,4,18,4970,18,0,53,76,6,1,,0,0,9.0,10,,1,2,1971-04-20,07
71LA00823,71,1,5901,3,75,750,9702,14,1,,3,30,,1,07,,1,107,8,2,0,4,,,,,&,,4,18,3406,18,1,97,75,6,1,,1,2,7.8,5,,1,1,1971-04-17,07
71LA00824,71,1,5902,3,75,750,9702,14,1,,3,30,,1,07,,1,107,8,2,0,4,,,,,,1,4,18,3406,18,0,71,75,6,1,,0,0,10.4,10,,1,2,1971-04-17,07
71LA00825,71,1,5793,3,74,742,9705,14,1,,3,30,,1,07,,1,105,5,2,0,5,,,,,,1,4,18,4172,18,1,83,74,6,1,,1,1,11.8,10,,2,1,1971-04-15,07
71LA00826,71,2,5878,3,74,741,9709,14,1,,3,30,,1,07,,1,107,8,4,0,4,,,,,,1,4,18,4234,18,1,84,74,6,1,,1,2,11.0,10,,2,1,1971-04-17,07
71LA00827,71,2,5879,3,74,741,9709,14,1,,3,30,,1,07,,1,107,8,4,119,4,,6,,,,,4,18,4234,18,0,0,74,6,1,,0,0,12.4,0,,2,2,1971-04-17,07
71LA00828,71,2,,0,73,730,9710,14,1,,3,30,,1,07,,1,89,0,4,0,0,,0,,,,,4,18,3396,18,1,0,73,6,0,,1,1,4.8,0,,2,1,1971-03-30,07
71LA00829,71,2,5679,3,78,782,9711,14,1,,3,30,,1,07,,1,102,5,4,0,4,,,,,,1,4,18,3789,18,1,83,78,6,1,,1,1,11.6,10,,1,1,1971-04-12,07
71LA00830,71,2,6258,3,77,772,9714,14,1,,3,30,,1,07,,1,128,5,4,0,2,,,,,,3,4,18,4742,18,1,60,77,6,1,,1,1,8.6,10,,2,1,1971-05-08,07
71LA00831,71,1,6212,3,74,740,9715,14,1,,3,30,,1,07,,1,115,8,2,140,4,,6,,,,,4,18,3926,18,1,0,74,6,1,,1,2,8.0,0,,2,1,1971-04-25,07
71LA00832,71,1,6213,3,74,740,9715,14,1,,3,30,,1,07,,1,115,8,2,0,4,,6,,,,,4,18,3926,18,0,0,74,6,1,,0,0,7.8,0,,2,2,1971-04-25,07
71LA00833,71,2,5377,3,74,742,9718,14,1,,3,30,,1,07,,1,96,5,4,0,4,,,,,,1,4,18,4172,18,1,74,74,6,1,,1,1,9.6,10,,1,1,1971-04-06,07
71LA00834,71,1,,0,73,732,9722,14,1,,3,30,,1,07,,1,108,7,2,0,3,,1,,,,,4,18,3844,18,0,0,73,6,0,,0,0,7.8,0,,2,2,1971-04-18,07
71LA00835,71,2,5907,3,73,732,9722,14,1,,3,30,,1,07,,1,108,7,2,0,3,,,,,&,,4,18,3844,18,1,48,73,6,1,,1,2,7.2,5,04,2,1,1971-04-18,07
71LA00836,71,1,5584,3,78,781,9725,14,1,,3,30,,1,07,,1,100,5,2,0,4,,,,,,1,4,18,3681,18,1,50,78,6,1,,1,1,8.0,10,,2,1,1971-04-10,07
71LA00837,71,1,9879,2,46,460,9727,14,1,40,3,30,,1,07,,1,96,8,,0,4,,,27,,,6,4,14,9808,14,1,61,46,1,1, 6,1,2,7.0,10,,1,1,1971-04-06,07
71LA00838,71,1,9880,2,46,460,9727,14,1,40,3,30,,1,07,,1,96,8,,119,4,,6,27,,,,4,14,9808,14,0,0,46,1,1, 6,0,0,6.6,0,,1,2,1971-04-06,07
71LA00839,71,2,5909,3,73,731,9736,14,1,,3,30,,1,07,,1,108,8,4,0,3,,,,,,,4,18,3402,18,0,56,73,6,1,,0,0,9.4,10,,2,2,1971-04-18,07
71LA00840,71,2,5908,3,73,731,9736,14,1,,3,30,,1,07,,1,108,8,4,0,3,33,6,,,,,4,18,3402,18,1,0,73,6,1,,1,2,8.6,0,,2,1,1971-04-18,07
71LA00841,71,2,,0,35,350,9741,14,1,48,3,30,,1,07,,1,104,0,,0,0,,0,42,,,,4,14,9818,14,1,0,35,1,0, 7,1,1,5.4,0,,1,1,1971-04-14,07
71LA00842,71,1,5914,3,74,741,9744,14,1,,3,30,,1,07,,1,108,5,2,0,4,,,,,,1,4,18,4234,18,1,83,74,6,1,,1,1,11.2,10,,1,1,1971-04-18,07
71LA00843,71,1,5689,3,74,740,9745,14,1,,3,30,,1,07,,1,102,5,4,106,4,,6,,,,,4,18,3926,18,1,0,74,6,1,,1,1,11.2,0,,1,1,1971-04-12,07
71LA00844,71,1,5877,3,78,780,9751,14,1,,3,30,,1,07,,1,107,5,4,0,4,,,,,,1,4,18,3452,18,1,83,78,6,1,,1,1,10.8,10,,1,1,1971-04-17,07
71LA00845,71,1,5381,3,74,742,9759,14,1,,3,30,,1,07,,1,96,5,2,0,4,,,,,,1,4,18,4172,18,1,94,74,6,1,,1,1,10.8,10,,2,1,1971-04-06,07
71LA00846,71,1,5275,3,77,771,9763,14,1,,3,30,,1,07,,1,95,5,4,0,4,,6,,,,,4,18,3491,18,1,0,77,6,1,,1,1,11.4,0,,2,1,1971-04-05,07
71LA00847,71,2,5496,3,75,752,9764,14,1,,3,30,,1,07,,1,98,5,4,0,4,,,,,,1,4,18,3999,18,1,73,75,6,1,,1,1,12.6,10,,1,1,1971-04-08,07
71LA00848,71,2,5570,3,73,730,9773,14,1,,3,30,,1,07,,1,100,8,4,0,4,,,,,,1,4,18,3396,18,1,60,73,6,1,,1,2,8.8,10,,1,1,1971-04-10,07
71LA00849,71,1,5571,3,73,730,9773,14,1,,3,30,,1,07,,1,100,8,4,0,4,,,,,,1,4,18,3396,18,0,67,73,6,1,,0,0,10.2,10,,1,2,1971-04-10,07
71LA00850,71,2,5579,3,75,751,9775,14,1,,3,30,,1,07,,1,100,5,2,0,4,,,,,,1,4,18,4449,18,1,82,75,6,1,,1,1,13.6,10,,1,1,1971-04-10,07
71LA00851,71,,,0,46,460,9776,14,1,38,3,30,,,07,,,127,,,0,,,,27,,,,4,14,9808,14,1,0,46,1,0, 7,0,0,0.0,0,,1,1,1971-05-07,07
71LA00852,71,1,,0,73,732,9779,14,1,,3,30,,1,07,,1,91,4,2,0,3,,1,,052201,+,,4,18,3844,18,1,0,73,6,0,,1,2,8.8,0,,1,1,1971-04-01,07
71LA00853,71,2,,0,73,732,9779,14,1,,3,30,,1,07,,1,91,4,2,0,3,,1,,,,,4,18,3844,18,0,0,73,6,0,,0,0,7.2,0,,1,2,1971-04-01,07
71LA00854,71,2,,0,74,741,9780,14,1,,3,30,,1,07,,1,102,0,4,0,3,,0,,580942,+,,4,18,4234,18,1,0,74,6,0,,1,1,4.0,5,,2,1,1971-04-12,07
71LA00855,71,2,5574,3,76,761,9781,14,1,,3,30,,1,07,,1,100,8,2,0,4,,,,,,1,4,18,3528,18,1,66,76,6,1,,1,2,10.2,10,,1,1,1971-04-10,07
71LA00856,71,2,5575,3,76,761,9781,14,1,,3,30,,1,07,,1,100,8,2,0,4,,,,,,1,4,18,3528,18,0,65,76,6,1,,0,0,8.4,10,,1,2,1971-04-10,07
71LA00857,71,2,5202,3,75,750,9782,14,1,,3,30,,1,07,,1,93,8,4,0,3,,,,,,1,4,18,3406,18,1,63,75,6,1,,1,2,8.4,10,,2,1,1971-04-03,07
71LA00858,71,2,5203,3,75,750,9782,14,1,,3,30,,1,07,,1,93,8,4,0,3,,,,,,1,4,18,3406,18,0,64,75,6,1,,0,0,8.2,10,,2,2,1971-04-03,07
71LA00859,71,1,5950,3,75,752,9784,14,1,,3,30,,1,07,,1,108,5,2,0,4,,6,,,,,4,18,3999,18,1,0,75,6,1,,1,1,11.0,0,,2,1,1971-04-18,07
71LA00860,71,2,6071,3,77,770,9786,14,1,,3,30,,3,07,,1,110,5,2,0,4,04,,,,,1,4,18,3382,18,1,75,77,6,1,,1,1,11.2,10,03,1,1,1971-04-20,07
71LA00861,71,2,5931,3,75,751,9788,14,1,,3,30,,1,07,,1,108,5,4,0,5,,,,,,1,4,18,4449,18,1,81,75,6,1,,1,1,10.8,10,,2,1,1971-04-18,07
71LA00862,71,,,0,75,750,9789,14,1,,3,30,,,07,,,36,,2,0,,,,,,,,4,18,3406,18,0,0,75,6,0,,0,0,0.0,0,,1,1,,07
71LA00863,71,2,9924,2,35,350,9792,14,1,49,2,20,,1,07,,2,111,5,,0,4,,,43,,,6,4,14,9818,14,1,53,35,1,1, 6,1,1,11.0,10,,1,1,1971-04-21,07
71LA00864,71,1,9875,2,35,350,9794,14,1,48,2,20,,1,07,,1,95,5,,0,4,,,43,,,1,4,14,9818,14,1,80,35,1,1, 7,1,1,10.0,10,,1,1,1971-04-05,07
71LA00865,71,1,9872,2,35,350,9795,14,1,44,2,20,,1,07,,1,94,5,,0,5,,,34,,,6,4,14,9818,14,1,93,35,1,1, 6,1,1,9.8,10,,1,1,1971-04-04,07
71LA00866,71,1,9904,2,35,350,9796,14,1,44,2,20,,1,07,,1,103,5,,0,5,,,34,,,1,4,14,9818,14,1,64,35,1,1, 7,1,1,9.8,10,,1,1,1971-04-13,07
71LA00867,71,2,9930,2,35,350,9800,14,1,47,2,20,,1,07,,1,112,5,,0,4,,,44,,,6,4,14,9818,14,1,52,35,1,1, 6,1,1,8.4,10,,1,1,1971-04-22,07
71LA00868,71,2,9933,2,46,460,9801,14,1,39,2,20,,1,07,,1,114,5,,0,3,,,30,,,6,4,14,9808,14,1,57,46,1,1, 6,1,1,10.2,10,,1,1,1971-04-24,07
71LA00869,71,1,9907,2,46,460,9806,14,1,38,2,20,,1,07,,3,104,5,,0,2,,,29,,&,,4,14,9808,14,1,77,46,1,1, 7,1,1,9.4,5,,1,1,1971-04-14,07
71LA00870,71,2,9878,2,35,350,9811,14,1,48,2,20,,2,07,,1,95,5,,0,4,,,42,,,1,4,14,9818,14,1,69,35,1,1, 7,1,1,9.4,10,,1,1,1971-04-05,07
71LA00871,71,2,9903,2,35,350,9812,14,1,48,2,20,,1,07,,2,103,5,,0,4,,,42,,,6,4,14,9818,14,1,56,35,1,1, 6,1,1,11.4,10,,1,1,1971-04-13,07
71LA00872,71,1,9908,2,46,460,9816,14,1,37,2,20,,1,07,,3,105,5,,0,2,,,25,,,6,4,14,9808,14,1,48,46,1,1, 6,1,1,8.4,10,,1,1,1971-04-15,07
71LA00873,71,2,9919,2,46,460,9817,14,1,46,2,20,,1,07,,1,108,8,,0,2,,,46,,,1,4,14,9808,14,1,47,46,1,1, 7,1,2,8.8,10,,1,1,1971-04-18,07
71LA00874,71,1,9920,2,46,460,9817,14,1,46,2,20,,1,07,,1,108,8,,0,2,,,46,,&,,4,14,9808,14,0,73,46,1,1, 7,0,0,7.6,5,,1,2,1971-04-18,07
71LA00875,71,1,9899,2,46,460,9823,14,1,39,2,20,,1,07,,3,102,5,,0,3,,,37,,,6,4,14,9808,14,1,80,46,1,1, 6,1,1,11.6,10,,1,1,1971-04-12,07
71LA00876,71,1,9882,2,35,350,9826,14,1,48,2,20,,1,07,,1,97,5,,0,5,,,41,,,1,4,14,9818,14,1,72,35,1,1, 7,1,1,8.0,10,,1,1,1971-04-07,07
71LA00877,71,1,,0,46,460,9827,14,1,38,2,20,,1,07,,1,110,1,,0,3,,1,27,,,,4,14,9808,14,1,0,46,1,0, 7,1,1,8.8,0,,1,1,1971-04-20,07
71LA00878,71,2,9883,2,35,350,9834,14,1,49,2,20,,1,07,,1,98,5,,0,4,,,50,,,1,4,14,9818,14,1,74,35,1,1, 7,1,1,9.6,10,,1,1,1971-04-08,07
71LA00879,71,1,9892,2,46,460,9836,14,1,36,2,20,,1,07,,3,98,5,,0,3,,,25,,,1,4,14,9808,14,1,63,46,1,1, 7,1,1,13.2,10,,1,1,1971-04-08,07
71LA00880,71,2,5688,3,70,700,1967,18,1,,4,60,,1,07,,1,102,5,2,0,5,,,,,,1,8,18,3564,18,1,85,70,2,1,,1,1,11.8,10,,1,1,1971-04-12,07
71LA00881,71,1,6248,3,70,702,1976,18,1,,4,60,,1,07,,1,124,5,2,0,5,,,,,,3,8,18,3654,18,1,70,70,2,1,,1,1,9.2,10,,2,1,1971-05-04,07
71LA00882,71,2,5482,3,70,701,1982,18,1,,4,60,,1,07,,1,98,5,2,0,4,11,,,,,1,8,18,3641,18,1,75,70,2,1,,1,1,8.6,10,,1,1,1971-04-08,07
71LA00883,71,2,5959,3,70,700,1983,18,1,,4,60,,1,07,,1,108,8,4,0,4,,,,,,1,8,18,3564,18,0,63,70,2,1,,0,0,7.2,10,,2,2,1971-04-18,07
71LA00884,71,1,5958,3,70,700,1983,18,1,,4,60,,1,07,,1,108,8,4,115,4,08,6,,,,,8,18,3564,18,1,0,70,2,1,,1,2,10.2,0,,2,1,1971-04-18,07
71LA00885,71,1,5755,3,72,800,1987,18,1,,4,60,,1,07,,1,104,5,2,0,3,,,,,,1,8,18,3730,18,1,82,72,3,1,,1,1,10.8,10,,1,1,1971-04-14,07
71LA00886,71,2,5330,3,70,702,1993,18,1,,4,60,,1,07,,1,95,5,2,0,4,,,,,,1,8,18,3654,18,1,76,70,2,1,,1,1,9.0,10,,1,1,1971-04-05,07
71LA00887,71,1,5346,3,70,701,1994,18,1,,4,60,,1,07,,1,96,8,4,0,4,,,,,,1,8,18,3641,18,1,80,70,2,1,,1,2,9.0,10,,2,1,1971-04-06,07
71LA00888,71,2,5347,3,70,701,1994,18,1,,4,60,,1,07,,1,96,8,4,0,4,,,,,,1,8,18,3641,18,0,53,70,2,1,,0,0,8.4,10,,2,2,1971-04-06,07
71LA00889,71,1,6032,3,72,810,2004,18,1,,4,60,,1,07,,1,109,8,4,0,4,,,,,,,8,18,3963,18,0,66,72,3,1,,0,0,8.0,10,,1,2,1971-04-19,07
71LA00890,71,2,6031,3,72,810,2004,18,1,,4,60,,1,07,,1,109,8,4,0,4,,,,,,,8,18,3963,18,1,57,72,3,1,,1,2,8.0,10,02,1,1,1971-04-19,07
71LA00891,71,1,5549,3,72,820,2036,18,1,,4,60,,1,07,,1,99,9,4,0,4,,,,,,1,8,18,3852,18,1,68,72,3,1,,1,3,7.8,10,,1,1,1971-04-09,07
71LA00892,71,2,5550,3,72,820,2036,18,1,,4,60,,1,07,,1,99,9,4,0,4,,,,,,1,8,18,3852,18,0,68,72,3,1,,0,0,7.0,10,,1,2,1971-04-09,07
71LA00893,71,2,5551,3,72,820,2036,18,1,,4,60,,1,07,,1,99,9,4,125,4,,6,,,,,8,18,3852,18,0,0,72,3,1,,0,0,5.0,0,,1,3,1971-04-09,07
71LA00894,71,2,5776,3,70,700,2040,18,1,,4,60,,1,07,,1,105,8,4,0,4,09,,,,,1,8,18,3564,18,1,66,70,2,1,,1,2,8.8,10,,1,1,1971-04-15,07
71LA00895,71,1,5777,3,70,700,2040,18,1,,4,60,,1,07,,1,105,8,4,0,4,,,,,,1,8,18,3564,18,0,63,70,2,1,,0,0,8.6,10,,1,2,1971-04-15,07
71LA00896,71,,,0,70,701,2068,18,1,,4,60,,,07,,,67,,2,0,,,,,,,,8,18,3641,18,0,0,70,2,0,,0,0,0.0,0,,1,1,1971-03-08,07
71LA00897,71,1,5553,3,72,830,2086,18,1,,4,60,,1,07,,1,99,8,2,0,3,,,,,,1,8,18,3368,18,1,55,72,3,1,,1,2,8.8,10,,1,1,1971-04-09,07
71LA00898,71,2,5554,3,72,830,2086,18,1,,4,60,,1,07,,1,99,8,2,0,3,,,,,&,,8,18,3368,18,0,84,72,3,1,,0,0,7.4,5,,1,2,1971-04-09,07
71LA00899,71,2,5761,3,70,700,2093,18,1,,4,60,,1,07,,1,104,8,2,0,4,09,,,234486,-,2,8,18,3564,18,1,83,70,2,1,,1,2,9.0,5,,2,1,1971-04-14,07
71LA00900,71,2,5762,3,70,700,2093,18,1,,4,60,,1,07,,1,104,8,2,0,4,,,,,,1,8,18,3564,18,0,65,70,2,1,,0,0,7.8,10,,2,2,1971-04-14,07
71LA00901,71,2,5795,3,70,702,2109,18,1,,4,60,,1,07,,1,105,8,4,0,5,,,,,,1,8,18,3654,18,1,61,70,2,1,,1,2,10.0,10,,1,1,1971-04-15,07
71LA00902,71,1,5796,3,70,702,2109,18,1,,4,60,,1,07,,1,105,8,4,0,5,,,,,,1,8,18,3654,18,0,71,70,2,1,,0,0,11.2,10,,1,2,1971-04-15,07
71LA00903,71,2,5597,3,72,840,2136,18,1,,4,60,,1,07,,1,100,8,2,0,2,,,,866561,-,6,8,18,3467,18,1,56,72,3,1,,1,2,8.2,5,,1,1,1971-04-10,07
71LA00904,71,2,5598,3,72,840,2136,18,1,,4,60,,1,07,,1,100,8,2,0,2,,,,,,1,8,18,3467,18,0,62,72,3,1,,0,0,8.6,10,,1,2,1971-04-10,07
71LA00905,71,2,5561,3,72,850,2137,18,1,,4,60,,1,07,,1,99,8,4,0,4,,,,,,1,8,18,3733,18,1,64,72,3,1,,1,2,8.4,10,,1,1,1971-04-09,07
71LA00906,71,2,5562,3,72,850,2137,18,1,,4,60,,1,07,,1,99,8,4,0,4,,,,,,1,8,18,3733,18,0,54,72,3,1,,0,0,7.4,10,,1,2,1971-04-09,07
71LA00907,71,1,6135,3,72,860,2151,18,1,,4,60,,1,07,,1,111,8,4,0,4,,,,,,1,8,18,3668,18,1,56,72,3,1,,1,2,9.4,10,,2,1,1971-04-21,07
71LA00908,71,1,6136,3,72,860,2151,18,1,,4,60,,1,07,,1,111,8,4,0,4,,,,,,1,8,18,3668,18,0,52,72,3,1,,0,0,7.0,10,,2,2,1971-04-21,07
71LA00909,71,2,5600,3,72,870,2162,18,1,,4,60,,1,07,,1,100,8,2,0,4,,,,,,1,8,18,3857,18,1,60,72,3,1,,1,2,9.0,10,,1,1,1971-04-10,07
71LA00910,71,1,5601,3,72,870,2162,18,1,,4,60,,1,07,,1,100,8,2,0,4,,,,,,1,8,18,3857,18,0,66,72,3,1,,0,0,11.0,10,,1,2,1971-04-10,07
71LA00911,71,2,5839,3,72,880,2167,18,1,,4,60,,1,07,,1,106,8,,0,2,,,,313581,-,6,8,18,3736,18,1,59,72,3,1,,1,2,7.4,5,,1,1,1971-04-16,07
71LA00912,71,1,5840,3,72,880,2167,18,1,,4,60,,1,07,,1,106,8,,0,2,,,,,,,8,18,3736,18,0,56,72,3,1,,0,0,8.8,10,,1,2,1971-04-16,07
71LA00913,71,1,5437,3,72,890,2168,18,1,,4,60,,1,07,,1,97,8,4,106,4,,6,,,,,8,18,3493,18,1,0,72,3,1,,1,2,7.0,0,,2,1,1971-04-07,07
71LA00914,71,1,5438,3,72,890,2168,18,1,,4,60,,1,07,,1,97,8,4,0,4,,,,,,1,8,18,3493,18,0,91,72,3,1,,0,0,8.0,10,,2,2,1971-04-07,07
71LA00915,71,2,5591,3,70,701,2171,18,1,,4,60,,1,07,,1,100,8,4,0,5,,,,,,1,8,18,3641,18,1,67,70,2,1,,1,2,9.4,10,,2,1,1971-04-10,07
71LA00916,71,2,5592,3,70,701,2171,18,1,,4,60,,1,07,,1,100,8,4,0,5,,,,,,1,8,18,3641,18,0,69,70,2,1,,0,0,10.0,10,,2,2,1971-04-10,07
71LA00917,71,1,5787,3,70,700,2182,18,1,,4,60,,1,07,,6,105,8,4,0,5,,,,,,1,8,18,3564,18,1,79,70,2,1,,1,2,8.6,10,,1,1,1971-04-15,07
71LA00918,71,1,5788,3,70,700,2182,18,1,,4,60,,1,07,,6,105,8,4,0,5,,,,,,1,8,18,3564,18,0,73,70,2,1,,0,0,8.0,10,,1,2,1971-04-15,07
71LA00919,71,1,5483,3,72,900,2185,18,1,,4,60,,1,07,,1,98,5,2,0,4,,,,,,1,8,18,3974,18,1,88,72,3,1,,1,1,13.0,10,,2,1,1971-04-08,07
71LA00920,71,1,5758,3,70,702,2211,18,1,,4,60,,1,07,,1,104,8,2,0,4,,,,,,1,8,18,3654,18,1,74,70,2,1,,1,2,10.4,10,,2,1,1971-04-14,07
71LA00921,71,1,5759,3,70,702,2211,18,1,,4,60,,1,07,,1,104,8,2,0,4,,,,,,1,8,18,3654,18,0,54,70,2,1,,0,0,9.0,10,,2,2,1971-04-14,07
71LA00922,71,1,5749,3,70,701,2242,18,1,,4,60,,1,07,,1,104,5,2,151,5,,2,,,,,8,18,3641,18,1,0,70,2,1,,1,1,10.4,0,,1,1,1971-04-14,07
71LA00923,71,,,0,70,700,2247,18,1,,4,60,,,07,,,115,,2,0,,,,,,,,8,18,3564,18,0,0,70,2,0,,0,0,0.0,0,,2,1,1971-04-25,07
71LA00924,71,2,5354,3,72,920,2258,18,1,,4,60,,1,07,,1,96,5,4,0,4,,,,,&,,8,18,4074,18,1,76,72,3,1,,1,1,6.2,5,60,1,1,1971-04-06,07
71LA00925,71,1,5480,3,72,930,2263,18,1,,4,60,,1,07,,1,98,8,4,0,3,,,,,,1,8,18,3843,18,1,71,72,3,1,,1,2,7.8,10,,2,1,1971-04-08,07
71LA00926,71,2,5481,3,72,930,2263,18,1,,4,60,,1,07,,1,98,8,4,0,3,,,,391481,-,3,8,18,3843,18,0,33,72,3,1,,0,0,4.0,5,,2,2,1971-04-08,07
71LA00927,71,1,5196,3,70,702,2267,18,1,,4,60,,1,07,,1,92,8,,0,4,,,,,,1,8,18,3654,18,1,78,70,2,1,,1,2,11.8,10,,1,1,1971-04-02,07
71LA00928,71,2,5197,3,70,702,2267,18,1,,4,60,,1,07,,1,92,8,,0,4,,,,,,1,8,18,3654,18,0,74,70,2,1,,0,0,8.4,10,,1,2,1971-04-02,07
71LA00929,71,1,5675,3,72,940,2278,18,1,,4,60,,1,07,,1,102,5,2,0,4,,,,,,1,8,18,3731,18,1,78,72,3,1,,1,1,9.4,10,,2,1,1971-04-12,07
71LA00930,71,2,5972,3,70,701,2284,18,1,,4,60,,1,07,,1,109,8,,140,5,,6,,,,,8,18,3641,18,0,0,70,2,1,,0,0,8.2,0,,2,2,1971-04-19,07
71LA00931,71,1,5971,3,70,701,2284,18,1,,4,60,,1,07,,1,109,8,,152,5,09,6,,,,,8,18,3641,18,1,0,70,2,1,,1,2,9.8,0,,2,1,1971-04-19,07
71LA00932,71,2,6093,3,72,950,2295,18,1,,4,60,,1,07,,1,111,8,4,115,3,,6,,,,,8,18,3607,18,1,0,72,3,1,,1,2,10.2,0,,1,1,1971-04-21,07
71LA00933,71,2,6094,3,72,950,2295,18,1,,4,60,,1,07,,1,111,8,4,112,3,,6,,,,,8,18,3607,18,0,0,72,3,1,,0,0,7.8,0,,1,2,1971-04-21,07
71LA00934,71,2,5434,3,70,700,2309,18,1,,4,50,,1,07,,1,97,9,2,125,5,,6,,,,,8,18,3564,18,1,0,70,2,1,,1,3,7.2,0,,1,1,1971-04-07,07
71LA00935,71,2,5435,3,70,700,2309,18,1,,4,50,,1,07,,1,97,9,2,106,5,,6,,,,,8,18,3564,18,0,0,70,2,1,,0,0,7.2,0,,1,2,1971-04-07,07
71LA00936,71,1,5436,3,70,700,2309,18,1,,4,50,,1,07,,1,97,9,2,125,5,,6,,,,,8,18,3564,18,0,0,70,2,1,,0,0,6.6,0,,1,3,1971-04-07,07
71LA00937,71,2,5355,3,70,702,2325,18,1,,4,50,,1,07,,1,96,8,4,0,4,,,,,,1,8,18,3654,18,1,66,70,2,1,,1,2,9.0,10,,2,1,1971-04-06,07
71LA00938,71,2,5356,3,70,702,2325,18,1,,4,50,,1,07,,1,96,8,4,0,4,,,,,,1,8,18,3654,18,0,58,70,2,1,,0,0,8.6,10,,2,2,1971-04-06,07
71LA00939,71,2,5380,3,70,700,2327,18,1,,4,50,,1,07,,1,96,8,,0,0,,,,355718,-,1,8,18,3564,18,0,82,70,2,1,,0,0,8.2,5,,2,2,1971-04-06,07
71LA00940,71,2,5379,3,70,700,2327,18,1,,4,50,,1,07,,1,96,8,,0,0,33,,,,&,,8,18,3564,18,1,73,70,2,1,,1,2,8.8,5,,2,1,1971-04-06,07
71LA00941,71,2,8013,9,97,091,2340,18,1,,4,50,,4,51,,1,102,8,,0,4,,,,,,,8,90,0005,95,1,71,70,8,1,,1,2,8.0,10,,2,1,1971-04-12,07
71LA00942,71,2,8014,9,97,091,2340,18,1,,4,50,,4,51,,1,102,8,,0,4,,,,,,,8,90,0005,95,0,74,70,8,1,,0,0,8.2,10,,2,2,1971-04-12,07
71LA00943,71,2,5427,3,72,960,2344,18,1,,4,50,,1,07,,1,97,5,2,0,4,,,,,,1,8,18,3904,18,1,56,72,3,1,,1,1,10.2,10,,2,1,1971-04-07,07
71LA00944,71,1,5472,3,70,700,2348,18,1,,4,50,,1,07,,1,97,8,2,0,5,,,,,,1,8,18,3564,18,1,63,70,2,1,,1,2,8.8,10,,1,1,1971-04-07,07
71LA00945,71,1,5473,3,70,700,2348,18,1,,4,50,,1,07,,1,97,8,2,0,5,,,,,,1,8,18,3564,18,0,58,70,2,1,,0,0,7.6,10,,1,2,1971-04-07,07
71LA00946,71,1,5320,3,70,702,2350,18,1,,4,50,,1,07,,1,95,8,2,0,5,,,,,,1,8,18,3654,18,1,62,70,2,1,,1,2,12.0,10,,1,1,1971-04-05,07
71LA00947,71,2,5321,3,70,702,2350,18,1,,4,50,,1,07,,1,95,8,2,0,5,,,,,,1,8,18,3654,18,0,87,70,2,1,,0,0,8.6,10,,1,2,1971-04-05,07
71LA00948,71,2,5925,3,70,701,2354,18,1,,4,50,,1,07,,1,108,8,4,0,5,,,,,,1,8,18,3641,18,0,65,70,2,1,,0,0,8.0,10,,1,2,1971-04-18,07
71LA00949,71,2,5924,3,70,701,2354,18,1,,4,50,,1,07,,1,108,8,4,0,5,09,,,,,1,8,18,3641,18,1,63,70,2,1,,1,2,9.0,10,,1,1,1971-04-18,07
71LA00950,71,2,5452,3,70,700,2355,18,1,,4,50,,1,07,,1,97,8,4,0,4,,,,,&,,8,18,3564,18,1,39,70,2,1,,1,2,7.6,5,,2,1,1971-04-07,07
71LA00951,71,2,5453,3,70,700,2355,18,1,,4,50,,1,07,,1,97,8,4,0,4,,,,,,1,8,18,3564,18,0,80,70,2,1,,0,0,7.6,10,,2,2,1971-04-07,07
71LA00952,71,2,5954,3,72,970,2357,18,1,,4,50,,1,07,,1,108,8,2,0,3,,,,,,1,8,18,3751,18,1,59,72,3,1,,1,2,9.0,10,,1,1,1971-04-18,07
71LA00953,71,1,5955,3,72,970,2357,18,1,,4,50,,1,07,,1,108,8,2,0,3,,,,,,,8,18,3751,18,0,70,72,3,1,,0,0,9.8,10,,1,2,1971-04-18,07
71LA00954,71,1,5976,3,70,702,2359,18,1,,4,50,,1,07,,1,109,5,4,0,4,11,,,,,1,8,18,3654,18,1,83,70,2,1,,1,1,11.4,10,,2,1,1971-04-19,07
71LA00955,71,1,5460,3,72,980,2363,18,1,,4,50,,1,07,,1,97,8,4,0,5,,,,,,1,8,18,3770,18,1,72,72,3,1,,1,2,10.8,10,,1,1,1971-04-07,07
71LA00956,71,2,5461,3,72,980,2363,18,1,,4,50,,1,07,,1,97,8,4,0,5,,,,,,1,8,18,3770,18,0,54,72,3,1,,0,0,9.8,10,,1,2,1971-04-07,07
71LA00957,71,1,6176,3,70,701,2378,18,1,,4,50,,1,07,,1,112,5,2,0,5,,,,,,1,8,18,3641,18,1,75,70,2,1,,1,1,11.0,10,,2,1,1971-04-22,07
71LA00958,71,2,5250,3,72,990,2386,18,1,,4,50,,1,07,,1,94,5,2,0,4,,,,,,1,8,18,3621,18,1,81,72,3,1,,1,1,10.0,10,,2,1,1971-04-04,07
71LA00959,71,2,,0,97,090,2389,18,1,,4,50,,1,51,,1,102,1,,0,4,,1,,565518,+,,8,90,0004,95,1,0,72,8,0,,1,1,9.8,5,,1,1,1971-04-12,07
71LA00960,71,2,5875,3,70,700,2391,18,1,,4,50,,1,07,,1,107,5,,0,4,,,,,,1,8,18,3564,18,1,71,70,2,1,,1,1,11.0,10,,1,1,1971-04-17,07
71LA00961,71,2,6030,3,70,702,2406,18,1,,4,50,,1,07,,1,109,5,4,0,2,,,,,,1,8,18,3654,18,1,63,70,2,1,,1,1,8.6,10,,1,1,1971-04-19,07
71LA00962,71,1,5852,3,70,701,2407,18,1,,4,50,,1,07,,1,106,8,4,0,5,,,,,,1,8,18,3641,18,1,74,70,2,1,,1,2,8.4,10,,1,1,1971-04-16,07
71LA00963,71,2,5853,3,70,701,2407,18,1,,4,50,,1,07,,1,106,8,4,0,5,,,,,,1,8,18,3641,18,0,60,70,2,1,,0,0,7.6,10,,1,2,1971-04-16,07
71LA00964,71,,,0,72,800,2421,18,1,,4,50,,,07,,,119,,4,0,,85,,,,,,8,18,3730,18,1,0,72,3,0,,0,0,0.0,0,,2,1,1971-04-29,07
71LA00965,71,1,5294,3,70,700,2432,18,1,,4,50,,1,07,,1,95,8,2,0,4,,,,,,1,8,18,3564,18,1,63,70,2,1,,1,2,9.6,10,,2,1,1971-04-05,07
71LA00966,71,2,5295,3,70,700,2432,18,1,,4,50,,1,07,,1,95,8,2,0,4,,,,,,1,8,18,3564,18,0,67,70,2,1,,0,0,8.4,10,,2,2,1971-04-05,07
71LA00967,71,2,5627,3,72,810,2450,18,1,,4,50,,1,07,,1,101,8,2,0,4,,,,,,1,8,18,3963,18,1,57,72,3,1,,1,2,9.6,10,,2,1,1971-04-11,07
71LA00968,71,2,5628,3,72,810,2450,18,1,,4,50,,1,07,,1,101,8,2,0,4,,,,,,1,8,18,3963,18,0,52,72,3,1,,0,0,6.2,10,,2,2,1971-04-11,07
71LA00969,71,1,5663,3,70,702,2463,18,1,,4,50,,1,07,,1,102,8,4,0,4,,,,,,1,8,18,3654,18,1,57,70,2,1,,1,2,9.4,10,,2,1,1971-04-12,07
71LA00970,71,1,5664,3,70,702,2463,18,1,,4,50,,1,07,,1,102,8,4,0,4,,,,,,1,8,18,3654,18,0,69,70,2,1,,0,0,10.4,10,,2,2,1971-04-12,07
71LA00971,71,1,5536,3,72,820,2490,18,1,,4,50,,1,07,,1,99,8,2,0,5,,,,,,1,8,18,3852,18,1,85,72,3,1,,1,2,9.4,10,,2,1,1971-04-09,07
71LA00972,71,1,5537,3,72,820,2490,18,1,,4,50,,1,07,,1,99,8,2,0,5,,,,,&,,8,18,3852,18,0,79,72,3,1,,0,0,8.8,5,,2,2,1971-04-09,07
71LA00973,71,2,6139,3,70,701,2492,18,1,,4,50,,1,07,,1,111,5,4,0,5,,,,,,1,8,18,3641,18,1,94,70,2,1,,1,1,11.4,10,,2,1,1971-04-21,07
71LA00974,71,1,6001,3,72,830,2495,18,1,,4,50,,1,07,,8,109,8,4,0,5,,,,,,,8,18,3368,18,1,70,72,3,1,,1,2,14.0,10,,2,1,1971-04-19,07
71LA00975,71,1,6002,3,72,830,2495,18,1,,4,50,,1,07,,1,109,8,4,0,5,,,,,,1,8,18,3368,18,0,52,72,3,1,,0,0,10.6,10,,2,2,1971-04-19,07
71LA00976,71,2,,0,72,840,2504,18,1,,4,50,,1,07,,1,95,1,2,0,2,,1,,,,,8,18,3467,18,1,0,72,3,0,,1,1,13.0,0,,2,1,1971-04-05,07
71LA00977,71,,,0,70,700,2510,18,1,,4,50,,,07,,,25,,2,0,,,,,,,,8,18,3564,18,0,0,70,2,0,,0,0,0.0,0,,1,1,,07
71LA00978,71,1,5673,3,70,701,2532,18,1,,4,50,,1,07,,1,102,9,4,0,3,,,,,,1,8,18,3641,18,1,80,70,2,1,,1,3,8.8,10,,1,1,1971-04-12,07
71LA00979,71,1,5674,3,70,701,2532,18,1,,4,50,,1,07,,1,102,9,4,0,3,,,,,,1,8,18,3641,18,0,53,70,2,1,,0,0,7.4,10,,1,2,1971-04-12,07
71LA00980,71,2,5676,3,70,701,2532,18,1,,4,50,,1,07,,1,102,9,4,0,3,,,,106542,-,2,8,18,3641,18,0,76,70,2,1,,0,0,7.0,5,,1,3,1971-04-12,07
71LA00981,71,2,5847,3,72,850,2551,18,1,,4,50,,1,07,,1,106,5,4,0,3,,,,,,1,8,18,3733,18,1,71,72,3,1,,1,1,10.8,10,,2,1,1971-04-16,07
71LA00982,71,1,5657,3,70,702,2552,18,1,,4,50,,1,07,,1,102,8,4,0,4,,,,,,1,8,18,3654,18,1,57,70,2,1,,1,2,8.0,10,,1,1,1971-04-12,07
71LA00983,71,1,5658,3,70,702,2552,18,1,,4,50,,1,07,,1,102,8,4,0,4,,,,,,1,8,18,3654,18,0,63,70,2,1,,0,0,8.2,10,,1,2,1971-04-12,07
71LA00984,71,1,5510,3,72,860,2559,18,1,,4,50,,1,07,,1,98,8,2,0,3,,,,,&,,8,18,3668,18,0,85,72,3,1,,0,0,8.8,5,,1,2,1971-04-08,07
71LA00985,71,1,5509,3,72,860,2559,18,1,,4,50,,1,07,,1,98,8,2,0,3,13,,,,,1,8,18,3668,18,1,79,72,3,1,,1,2,9.8,10,,1,1,1971-04-08,07
71LA00986,71,,,0,72,870,2560,18,1,,4,50,,,07,,,133,,4,0,,,,,,,,8,18,3857,18,1,0,72,3,0,,0,0,0.0,0,,2,1,1971-05-13,07
71LA00987,71,,,0,72,880,2572,18,1,,4,50,,,07,,,130,,2,0,,,,,,,,8,18,3736,18,1,0,72,3,0,,0,0,0.0,0,,2,1,1971-05-10,07
71LA00988,71,,,0,72,890,2573,18,1,,4,50,,,07,,,133,,4,0,,,,,,,,8,18,3493,18,1,0,72,3,0,,0,0,0.0,0,,1,1,1971-05-13,07
71LA00989,71,2,5992,3,72,900,2583,18,1,,4,50,,1,07,,1,109,8,2,110,4,,6,,,,,8,18,3974,18,0,0,72,3,1,,0,0,7.2,0,,1,2,1971-04-19,07
71LA00990,71,2,5991,3,72,900,2583,18,1,,4,50,,1,07,,1,109,8,2,0,4,12,6,,,,,8,18,3974,18,1,0,72,3,1,,1,2,10.2,0,,1,1,1971-04-19,07
71LA00991,71,1,6092,3,72,910,2593,18,1,,4,50,,1,07,,1,111,8,4,0,5,,,,,,1,8,18,3749,18,0,51,72,3,1,,0,0,7.6,10,,2,2,1971-04-21,07
71LA00992,71,1,6091,3,72,910,2593,18,1,,4,50,,1,07,,1,111,8,4,0,5,11,,,,,1,8,18,3749,18,1,68,72,3,1,,1,2,8.4,10,,2,1,1971-04-21,07
71LA00993,71,1,5940,3,70,700,2601,18,1,,4,50,,1,07,,1,108,8,2,0,4,,6,,,,,8,18,3564,18,1,0,70,2,1,,1,2,9.8,0,,2,1,1971-04-18,07
71LA00994,71,1,5941,3,70,700,2601,18,1,,4,50,,1,07,,1,108,8,2,160,4,,6,,,&,,8,18,3564,18,0,0,70,2,1,,0,0,8.4,0,,2,2,1971-04-18,07
71LA00995,71,1,5521,3,70,702,2624,18,1,,4,50,,1,07,,1,98,5,4,0,4,,,,,,1,8,18,3654,18,1,83,70,2,1,,1,1,10.0,10,,2,1,1971-04-08,07
71LA00996,71,2,5451,3,70,701,2626,18,1,,4,50,,1,07,,1,97,5,2,0,4,,,,,,1,8,18,3641,18,1,88,70,2,1,,1,1,12.4,10,,2,1,1971-04-07,07
71LA00997,71,2,5372,3,72,920,2634,18,1,,4,50,,1,07,,1,96,8,4,0,5,,,,,,1,8,18,4074,18,1,60,72,3,1,,1,2,7.2,10,,2,1,1971-04-06,07
71LA00998,71,1,5373,3,72,920,2634,18,1,,4,50,,1,07,,1,96,8,4,0,5,,,,,,1,8,18,4074,18,0,59,72,3,1,,0,0,8.2,10,,2,2,1971-04-06,07
71LA00999,71,2,5926,3,70,700,2665,18,1,,4,40,,1,07,,1,108,8,1,0,5,,,,,,1,8,18,3564,18,1,75,70,2,1,,1,2,8.2,10,,1,1,1971-04-18,07
71LA01000,71,2,5927,3,70,700,2665,18,1,,4,40,,1,07,,1,108,8,1,0,5,,,,,,1,8,18,3564,18,0,68,70,2,1,,0,0,9.4,10,,1,2,1971-04-18,07
71LA01001,71,2,8033,9,97,090,2685,18,1,,4,40,,1,51,,1,106,8,,0,4,,,,,,,8,90,0004,95,1,65,70,8,1,,1,2,9.6,10,,2,1,1971-04-16,07
71LA01002,71,1,8034,9,97,090,2685,18,1,,4,40,,1,51,,1,106,8,,0,4,,,,,,,8,90,0004,95,0,83,70,8,1,,0,0,9.6,10,,2,2,1971-04-16,07
71LA01003,71,1,5700,3,70,702,2691,18,1,,4,40,,1,07,,1,103,8,3,0,4,,,,,,1,8,18,3654,18,1,66,70,2,1,,1,2,9.2,10,,1,1,1971-04-13,07
71LA01004,71,1,5701,3,70,702,2691,18,1,,4,40,,1,07,,1,103,8,3,0,4,,6,,,,,8,18,3654,18,0,0,70,2,1,,0,0,11.4,0,,1,2,1971-04-13,07
71LA01005,71,2,7992,9,97,091,2700,18,1,,4,40,,1,51,,1,95,5,,0,4,,,,,,,8,90,0005,95,1,89,72,8,1,,1,1,10.0,10,,1,1,1971-04-05,07
71LA01006,71,,,0,72,930,2710,18,1,,4,40,,,07,,,115,,3,0,,,,,,,,8,18,3843,18,0,0,72,3,0,,0,0,0.0,0,,1,1,1971-04-25,07
71LA01007,71,1,6118,3,72,940,2711,18,1,,4,40,,1,07,,1,111,5,1,0,3,,,,,,1,8,18,3731,18,1,74,72,3,1,,1,1,10.4,10,,1,1,1971-04-21,07
71LA01008,71,1,5662,3,70,701,2716,18,1,,4,40,,1,07,,1,102,5,1,0,3,,,,,,1,8,18,3641,18,1,84,70,2,1,,1,1,9.8,10,,1,1,1971-04-12,07
71LA01009,71,2,5339,3,72,950,2732,18,1,,4,40,,1,07,,1,95,8,1,0,4,,,,,,1,8,18,3607,18,1,62,72,3,1,,1,2,7.0,10,,2,1,1971-04-05,07
71LA01010,71,1,5340,3,72,950,2732,18,1,,4,40,,1,07,,1,95,8,1,0,4,,,,,,1,8,18,3607,18,0,70,72,3,1,,0,0,7.0,10,,2,2,1971-04-05,07
71LA01011,71,,,0,72,960,2733,18,1,,4,40,,,07,1,,0,,3,0,,,,,,,,8,18,3904,18,1,0,72,3,0,,0,0,0.0,0,,1,1,,07
71LA01012,71,3,8097,9,00,960,2733,18,1,,4,40,,5,40,2,1,135,5,3,0,4,,,,,,3,8,90,0000,98,1,64,72,0,1,,1,1,10.8,10,,1,1,1971-05-15,07
71LA01013,71,2,5468,3,72,980,2785,18,1,,4,40,,1,07,,1,97,5,4,0,4,,,,,,1,8,18,3770,18,1,86,72,3,1,,1,1,9.2,10,,2,1,1971-04-07,07
71LA01014,71,1,,0,70,700,2809,18,1,,4,40,,1,07,,1,97,0,3,0,0,,0,,,,,8,18,3564,18,1,0,70,2,0,,1,1,2.2,0,,2,1,1971-04-07,07
71LA01015,71,1,5267,3,72,990,2812,18,1,,4,40,,1,07,,1,94,8,2,0,4,,,,,,1,8,18,3621,18,1,63,72,3,1,,1,2,7.4,10,,1,1,1971-04-04,07
71LA01016,71,1,5268,3,72,990,2812,18,1,,4,40,,1,07,,1,94,8,2,0,4,,,,,,1,8,18,3621,18,0,57,72,3,1,,0,0,7.6,10,,1,2,1971-04-04,07
71LA01017,71,1,6107,3,70,702,2829,18,1,,4,40,,1,07,,1,111,5,4,0,5,,6,,,,,8,18,3654,18,1,0,70,2,1,,1,1,11.4,0,,2,1,1971-04-21,07
71LA01018,71,1,5810,3,70,701,2836,18,1,,4,40,,1,07,,5,106,9,3,0,5,,,,,,,8,18,3641,18,1,60,70,2,1,,1,3,10.4,10,,2,1,1971-04-16,07
71LA01019,71,2,5811,3,70,701,2836,18,1,,4,40,,1,07,,1,106,9,3,0,5,,,,,,2,8,18,3641,18,0,50,70,2,1,,0,0,7.2,10,,2,2,1971-04-16,07
71LA01020,71,1,5812,3,70,701,2836,18,1,,4,40,,1,07,,1,106,9,3,0,5,,,,,&,,8,18,3641,18,0,75,70,2,1,,0,0,6.4,5,,2,3,1971-04-16,07
71LA01021,71,1,5246,3,72,800,2847,18,1,,4,40,,1,07,,1,94,8,4,0,5,,,,,,1,8,18,3730,18,1,66,72,3,1,,1,2,8.6,10,,1,1,1971-04-04,07
71LA01022,71,2,5247,3,72,800,2847,18,1,,4,40,,1,07,,1,94,8,4,0,5,,,,,,1,8,18,3730,18,0,85,72,3,1,,0,0,8.8,10,,1,2,1971-04-04,07
71LA01023,71,1,5516,3,70,700,2857,18,1,,4,40,,1,07,,1,98,5,2,0,5,,,,,,1,8,18,3564,18,1,90,70,2,1,,1,1,12.6,10,,1,1,1971-04-08,07
71LA01024,71,1,5310,3,70,702,2858,18,1,,4,40,,1,07,,1,95,8,1,0,3,,,,,,1,8,18,3654,18,1,70,70,2,1,,1,2,9.0,10,,1,1,1971-04-05,07
71LA01025,71,1,5311,3,70,702,2858,18,1,,4,40,,1,07,,1,95,8,1,0,3,,6,,,&,,8,18,3654,18,0,0,70,2,1,,0,0,8.2,0,,1,2,1971-04-05,07
71LA01026,71,1,5786,3,70,701,2864,18,1,,4,40,,1,07,,1,105,5,3,0,5,,,,,,1,8,18,3641,18,1,78,70,2,1,,1,1,10.4,10,,1,1,1971-04-15,07
71LA01027,71,2,6046,3,72,810,2868,18,1,,4,40,,1,07,,1,110,5,1,0,4,,,,,,1,8,18,3963,18,1,72,72,3,1,,1,1,9.4,10,,1,1,1971-04-20,07
71LA01028,71,2,6146,3,70,700,2884,18,1,,4,40,,1,07,,1,112,8,4,0,4,,,,,,1,8,18,3564,18,1,68,70,2,1,,1,2,9.4,10,,2,1,1971-04-22,07
71LA01029,71,2,6147,3,70,700,2884,18,1,,4,40,,1,07,,1,112,8,4,0,4,,,,,,2,8,18,3564,18,0,61,70,2,1,,0,0,8.6,10,,2,2,1971-04-22,07
71LA01030,71,1,6064,3,72,820,2886,18,1,,4,40,,1,07,,1,110,5,2,0,4,,,,,,1,8,18,3852,18,1,79,72,3,1,,1,1,11.4,10,,1,1,1971-04-20,07
71LA01031,71,1,5192,3,72,830,2890,18,1,,4,40,,1,07,,1,92,7,3,0,4,,,,,,1,8,18,3368,18,1,73,72,3,1,,1,2,7.4,10,,1,1,1971-04-02,07
71LA01032,71,2,,0,72,830,2890,18,1,,4,40,,1,07,,1,92,7,3,0,4,,1,,,,,8,18,3368,18,0,0,72,3,0,,0,0,7.0,0,79,1,2,1971-04-02,07
71LA01033,71,1,5733,3,70,702,2895,18,1,,4,40,,1,07,,1,104,8,2,160,4,,6,,,&,,8,18,3654,18,1,0,70,2,1,,1,2,8.0,0,,2,1,1971-04-14,07
71LA01034,71,1,5734,3,70,702,2895,18,1,,4,40,,1,07,,1,104,8,2,0,4,,6,,,,,8,18,3654,18,0,0,70,2,1,,0,0,7.4,0,,2,2,1971-04-14,07
71LA01035,71,2,5794,3,70,701,2896,18,1,,4,40,,1,07,,1,105,5,2,0,3,,,,,,1,8,18,3641,18,1,73,70,2,1,,1,1,9.6,10,,2,1,1971-04-15,07
71LA01036,71,1,5552,3,72,840,2902,18,1,,4,40,,3,07,,1,99,5,4,0,4,,,,,,1,8,18,3467,18,1,73,72,3,1,,1,1,10.4,10,,1,1,1971-04-09,07
71LA01037,71,1,5486,3,70,700,2906,18,1,,4,40,,1,07,,1,98,5,3,0,4,,,,,,1,8,18,3564,18,1,103,70,2,1,,1,1,13.2,10,,1,1,1971-04-08,07
71LA01038,71,2,5229,3,70,702,2909,18,1,,4,40,,1,07,,1,94,8,4,0,4,,,,,,1,8,18,3654,18,1,71,70,2,1,,1,2,9.0,10,,1,1,1971-04-04,07
71LA01039,71,1,5230,3,70,702,2909,18,1,,4,40,,1,07,,1,94,8,4,0,4,,,,,,1,8,18,3654,18,0,75,70,2,1,,0,0,8.0,10,,1,2,1971-04-04,07
71LA01040,71,1,5695,3,72,850,2917,18,1,,4,40,,1,07,,1,103,8,1,0,4,,,,,,1,8,18,3733,18,1,75,72,3,1,,1,2,10.0,10,,1,1,1971-04-13,07
71LA01041,71,1,5696,3,72,850,2917,18,1,,4,40,,1,07,,1,103,8,1,0,4,,6,,,,,8,18,3733,18,0,0,72,3,1,,0,0,8.6,0,,1,2,1971-04-13,07
71LA01042,71,2,6142,3,72,860,2924,18,1,,4,40,,1,07,,1,111,5,3,0,3,,,,,,1,8,18,3668,18,1,68,72,3,1,,1,1,11.2,10,,2,1,1971-04-21,07
71LA01043,71,1,5391,3,70,701,2928,18,1,,4,40,,1,07,,1,96,5,4,0,5,,,,,,1,8,18,3641,18,1,79,70,2,1,,1,1,10.2,10,,1,1,1971-04-06,07
71LA01044,71,2,5538,3,70,700,2929,18,1,,4,40,,1,07,,1,99,5,1,0,4,,,,,,1,8,18,3564,18,1,80,70,2,1,,1,1,10.2,10,,2,1,1971-04-09,07
71LA01045,71,1,6104,3,72,870,2948,18,1,,4,40,,1,07,,1,111,8,2,0,4,,,,,,1,8,18,3857,18,1,62,72,3,1,,1,2,8.4,10,,1,1,1971-04-21,07
71LA01046,71,1,6105,3,72,870,2948,18,1,,4,40,,1,07,,1,111,8,2,0,4,,,,,,1,8,18,3857,18,0,61,72,3,1,,0,0,8.4,10,,1,2,1971-04-21,07
71LA01047,71,1,5617,3,72,880,2959,18,1,,4,40,,1,07,,1,101,5,1,0,4,,,,,,1,8,18,3736,18,1,78,72,3,1,,1,1,12.0,10,,1,1,1971-04-11,07
71LA01048,71,1,5285,3,70,702,2960,18,1,,4,40,,1,07,,1,95,5,2,0,4,,,,,,1,8,18,3654,18,1,92,70,2,1,,1,1,10.6,10,,2,1,1971-04-05,07
71LA01049,71,1,5848,3,72,890,2962,18,1,,4,40,,1,07,,1,106,8,,0,4,,,,,,1,8,18,3493,18,1,67,72,3,1,,1,2,10.6,10,,2,1,1971-04-16,07
71LA01050,71,2,5849,3,72,890,2962,18,1,,4,40,,1,07,,1,106,8,,0,4,,,,,,1,8,18,3493,18,0,47,72,3,1,,0,0,10.4,10,,2,2,1971-04-16,07
71LA01051,71,1,6082,3,70,701,2967,18,1,,4,40,,1,07,,1,110,5,3,0,4,,,,,,1,8,18,3641,18,1,76,70,2,1,,1,1,11.0,10,,2,1,1971-04-20,07
71LA01052,71,1,5448,3,70,700,2971,18,1,,4,40,,1,07,,1,97,8,2,0,5,,,,,,1,8,18,3564,18,1,80,70,2,1,,1,2,10.6,10,,1,1,1971-04-07,07
71LA01053,71,2,5449,3,70,700,2971,18,1,,4,40,,2,07,,1,97,8,2,0,5,,,,,,1,8,18,3564,18,0,67,70,2,1,,0,0,9.2,10,,1,2,1971-04-07,07
71LA01054,71,2,5520,3,72,900,2982,18,1,,4,40,,2,07,,1,98,5,3,0,3,,,,,,1,8,18,3974,18,1,77,72,3,1,,1,1,10.0,10,03,2,1,1971-04-08,07
71LA01055,71,1,5264,3,70,702,2984,18,1,,4,40,,1,07,,1,94,8,4,0,4,,,,,,1,8,18,3654,18,1,84,70,2,1,,1,2,9.4,10,,1,1,1971-04-04,07
71LA01056,71,2,5265,3,70,702,2984,18,1,,4,40,,1,07,,5,94,8,4,0,4,,,,,,1,8,18,3654,18,0,58,70,2,1,,0,0,6.6,10,,1,2,1971-04-04,07
71LA01057,71,1,5526,3,72,910,2986,18,1,,4,40,,1,07,,1,98,5,1,0,4,,,,,,1,8,18,3749,18,1,93,72,3,1,,1,1,12.6,10,,1,1,1971-04-08,07
71LA01058,71,1,5752,3,72,920,2990,18,1,,4,40,,1,07,,1,104,8,2,0,4,,,,406518,-,1,8,18,4074,18,1,68,72,3,1,,1,2,8.6,5,,1,1,1971-04-14,07
71LA01059,71,2,5753,3,72,920,2990,18,1,,4,40,,1,07,,1,104,8,2,116,4,,6,,,,,8,18,4074,18,0,0,72,3,1,,0,0,8.8,0,,1,2,1971-04-14,07
71LA01060,71,2,6161,3,72,930,2991,18,1,,4,40,,1,07,,1,112,5,4,0,3,,,,,,1,8,18,3843,18,1,60,72,3,1,,1,1,9.0,10,,2,1,1971-04-22,07
71LA01061,71,1,5360,3,70,700,3017,18,1,,3,30,,1,07,,1,96,8,2,0,2,,,,,,1,8,18,3564,18,1,60,70,2,1,,1,2,7.0,10,,2,1,1971-04-06,07
71LA01062,71,1,5361,3,70,700,3017,18,1,,3,30,,1,07,,1,96,8,2,0,2,,,,,&,,8,18,3564,18,0,89,70,2,1,,0,0,6.6,5,,2,2,1971-04-06,07
71LA01063,71,2,5308,3,70,701,3023,18,1,,3,30,,1,07,,1,95,5,4,0,5,,,,,,1,8,18,3641,18,1,76,70,2,1,,1,1,10.0,10,,1,1,1971-04-05,07
71LA01064,71,1,6067,3,72,940,3030,18,1,,3,30,,1,07,,1,110,8,4,0,3,,,,,,1,8,18,3731,18,1,73,72,3,1,,1,2,9.2,10,,2,1,1971-04-20,07
71LA01065,71,1,6068,3,72,940,3030,18,1,,3,30,,1,07,,1,110,8,4,0,3,,,,,,1,8,18,3731,18,0,66,72,3,1,,0,0,10.8,10,,2,2,1971-04-20,07
71LA01066,71,2,5898,3,70,702,3037,18,1,,3,30,,1,07,,1,107,8,2,0,4,,,,,,1,8,18,3654,18,1,62,70,2,1,,1,2,9.2,10,,2,1,1971-04-17,07
71LA01067,71,2,5899,3,70,702,3037,18,1,,3,30,,1,07,,1,107,8,2,0,4,,,,,,1,8,18,3654,18,0,52,70,2,1,,0,0,8.0,10,,2,2,1971-04-17,07
71LA01068,71,1,5826,3,72,950,3039,18,1,,3,30,,1,07,,1,106,5,2,0,4,,,,,,1,8,18,3607,18,1,85,72,3,1,,1,1,11.4,10,,1,1,1971-04-16,07
71LA01069,71,1,5856,3,70,701,3040,18,1,,3,30,,1,07,,1,107,5,4,0,5,,,,,,1,8,18,3641,18,1,68,70,2,1,,1,1,11.0,10,,2,1,1971-04-17,07
71LA01070,71,1,5638,3,72,960,3041,18,1,,3,30,,1,07,,1,101,5,4,0,4,,,,,,1,8,18,3904,18,1,66,72,3,1,,1,1,8.6,10,,2,1,1971-04-11,07
71LA01071,71,2,6145,3,72,970,3049,18,1,,3,30,,1,07,,1,112,5,2,0,3,,,,,,1,8,18,3751,18,1,70,72,3,1,,1,1,10.4,10,,2,1,1971-04-22,07
71LA01072,71,1,6154,3,72,980,3054,18,1,,3,30,,1,07,,6,112,8,4,0,3,,,,,,1,8,18,3770,18,1,66,72,3,1,,1,2,8.8,10,,1,1,1971-04-22,07
71LA01073,71,1,6155,3,72,980,3054,18,1,,3,30,,1,07,,1,112,8,4,0,3,,,,,,1,8,18,3770,18,0,56,72,3,1,,0,0,8.0,10,,1,2,1971-04-22,07
71LA01074,71,2,5928,3,70,702,3064,18,1,,3,30,,1,07,,1,108,5,2,111,5,,6,,,,,8,18,3654,18,1,0,70,2,1,,1,1,9.8,0,,1,1,1971-04-18,07
71LA01075,71,2,5374,3,72,990,3065,18,1,,3,30,,1,07,,4,96,5,2,0,4,,,,,,1,8,18,3621,18,1,82,72,3,1,,1,1,10.2,10,,2,1,1971-04-06,07
71LA01076,71,2,5228,3,70,700,3078,18,1,,3,30,,1,07,,1,94,5,4,0,3,,,,,,1,8,18,3564,18,1,86,70,2,1,,1,1,7.6,10,,1,1,1971-04-04,07
71LA01077,71,2,5809,3,72,800,3081,18,1,,3,30,,1,07,,1,106,5,4,0,3,,,,,,1,8,18,3730,18,1,72,72,3,1,,1,1,10.0,10,,2,1,1971-04-16,07
71LA01078,71,1,5763,3,72,810,3086,18,1,,3,30,,1,07,,1,104,5,2,0,4,,,,,,1,8,18,3963,18,1,87,72,3,1,,1,1,12.4,10,,2,1,1971-04-14,07
71LA01079,71,1,5802,3,70,701,3093,18,1,,3,30,,1,07,,1,105,8,2,152,3,,6,,,,,8,18,3641,18,1,0,70,2,1,,1,2,7.8,0,,1,1,1971-04-15,07
71LA01080,71,1,5803,3,70,701,3093,18,1,,3,30,,1,07,,1,105,8,2,119,3,,6,,,&,,8,18,3641,18,0,0,70,2,1,,0,0,8.2,0,,1,2,1971-04-15,07
71LA01081,71,1,6133,3,72,820,3097,18,1,,3,30,,1,07,,1,111,8,4,0,4,,,,,,1,8,18,3852,18,1,74,72,3,1,,1,2,10.2,10,,2,1,1971-04-21,07
71LA01082,71,2,6134,3,72,820,3097,18,1,,3,30,,1,07,,1,111,8,4,0,4,,,,,,1,8,18,3852,18,0,48,72,3,1,,0,0,8.2,10,,2,2,1971-04-21,07
71LA01083,71,2,5871,3,70,700,3101,18,1,,3,30,,1,07,,1,107,8,4,0,4,,,,,,2,8,18,3564,18,1,88,70,2,1,,1,2,9.6,10,,2,1,1971-04-17,07
71LA01084,71,1,5872,3,70,700,3101,18,1,,3,30,,1,07,,1,107,8,4,107,4,,6,,,,,8,18,3564,18,0,0,70,2,1,,0,0,8.6,0,,2,2,1971-04-17,07
71LA01085,71,2,5440,3,70,702,3103,18,1,,3,30,,1,07,,1,97,8,2,119,4,,6,,,,,8,18,3654,18,1,0,70,2,1,,1,2,10.4,0,,2,1,1971-04-07,07
71LA01086,71,2,5441,3,70,702,3103,18,1,,3,30,,1,07,,1,97,8,2,0,4,,,,,,1,8,18,3654,18,0,83,70,2,1,,0,0,10.2,10,,2,2,1971-04-07,07
71LA01087,71,2,5886,3,72,830,3109,18,1,,3,30,,1,07,,1,107,8,4,0,4,,,,,,1,8,18,3368,18,1,63,72,3,1,,1,2,10.0,10,,2,1,1971-04-17,07
71LA01088,71,2,5887,3,72,830,3109,18,1,,3,30,,1,07,,1,107,8,4,119,4,,6,,,,,8,18,3368,18,0,0,72,3,1,,0,0,11.0,0,01,2,2,1971-04-17,07
71LA01089,71,2,5331,3,72,840,3110,18,1,,3,30,,1,07,,1,95,8,2,0,4,,,,,,1,8,18,3467,18,1,67,72,3,1,,1,2,9.2,10,,2,1,1971-04-05,07
71LA01090,71,2,5332,3,72,840,3110,18,1,,3,30,,1,07,,1,95,8,2,0,4,,,,,,1,8,18,3467,18,0,70,72,3,1,,0,0,10.0,10,,2,2,1971-04-05,07
71LA01091,71,2,5880,3,70,701,3111,18,1,,3,30,,1,07,,1,107,5,4,0,3,,,,,&,,8,18,3641,18,1,65,70,2,1,,1,1,6.0,5,,2,1,1971-04-17,07
71LA01092,71,2,6015,3,70,700,3114,18,1,,3,30,,1,07,,1,109,5,2,0,5,,,,,,1,8,18,3564,18,1,78,70,2,1,,1,1,8.8,10,,1,1,1971-04-19,07
71LA01093,71,1,5508,3,70,702,3116,18,1,,3,30,,1,07,,1,98,5,4,0,5,,,,,,1,8,18,3654,18,1,89,70,2,1,,1,1,11.8,10,,1,1,1971-04-08,07
71LA01094,71,2,5773,3,72,850,3118,18,1,,3,30,,1,07,,1,105,8,4,0,3,,,,,&,,8,18,3733,18,1,71,72,3,1,,1,2,6.0,5,,2,1,1971-04-15,07
71LA01095,71,2,5774,3,72,850,3118,18,1,,3,30,,1,07,,1,105,8,4,0,3,,,,,,1,8,18,3733,18,0,57,72,3,1,,0,0,5.6,10,,2,2,1971-04-15,07
71LA01096,71,2,5648,3,70,701,3120,18,1,,3,30,,1,07,,1,101,5,2,0,2,,,,,,1,8,18,3641,18,1,74,70,2,1,,1,1,7.4,10,,1,1,1971-04-11,07
71LA01097,71,1,5824,3,72,860,3121,18,1,,3,30,,1,07,,1,106,8,2,115,4,,6,,,,,8,18,3668,18,1,0,72,3,1,,1,2,9.0,0,,1,1,1971-04-16,07
71LA01098,71,1,5825,3,72,860,3121,18,1,,3,30,,1,07,,1,106,8,2,119,4,,6,,,,,8,18,3668,18,0,0,72,3,1,,0,0,9.0,0,,1,2,1971-04-16,07
71LA01099,71,2,6076,3,70,700,3124,18,1,,3,30,,1,07,,3,110,5,4,0,4,,,,,,1,8,18,3564,18,1,59,70,2,1,,1,1,9.2,10,,2,1,1971-04-20,07
71LA01100,71,2,6231,3,72,870,3131,18,1,,3,30,,1,07,,1,116,5,4,0,4,,,,,,1,8,18,3857,18,1,71,72,3,1,,1,1,12.0,10,,2,1,1971-04-26,07
71LA01101,71,1,5933,3,70,701,3139,18,1,,3,30,,1,07,,1,108,5,2,0,4,09,,,,,1,8,18,3641,18,1,83,70,2,1,,1,1,10.8,10,,2,1,1971-04-18,07
71LA01102,71,1,5274,3,72,880,3140,18,1,,3,30,,1,07,,1,95,5,2,0,4,,,,,,1,8,18,3736,18,1,87,72,3,1,,1,1,9.6,10,,2,1,1971-04-05,07
71LA01103,71,,,0,70,702,3145,18,1,,3,30,,,07,,,133,,4,0,,,,,,,,8,18,3654,18,1,0,70,2,0,,0,0,0.0,0,,2,1,1971-05-13,07
71LA01104,71,2,5358,3,70,702,3158,18,1,,3,30,,1,07,,3,96,8,2,0,3,,,,,&,,8,18,3654,18,0,94,70,2,1,,0,0,6.6,5,,1,2,1971-04-06,07
71LA01105,71,1,5357,3,70,702,3158,18,1,,3,30,,1,07,,1,96,8,2,0,3,,,,,,1,8,18,3654,18,1,74,70,2,1,,1,2,9.6,10,02,1,1,1971-04-06,07
71LA01106,71,,,0,72,890,3159,18,1,,3,30,,,07,,,104,,4,0,,,,,,,,8,18,3493,18,1,0,72,3,0,,0,0,0.0,0,,1,1,1971-04-14,07
71LA01107,71,1,5995,3,72,900,3161,18,1,,3,30,,1,07,,1,109,8,2,0,4,,6,,,&,,8,18,3974,18,1,0,72,3,1,,1,2,9.8,0,,1,1,1971-04-19,07
71LA01108,71,1,5996,3,72,900,3161,18,1,,3,30,,1,07,,1,109,8,2,0,4,,,,,,1,8,18,3974,18,0,71,72,3,1,,0,0,8.0,10,,1,2,1971-04-19,07
71LA01109,71,1,5797,3,72,910,3175,18,1,,3,30,,1,07,,1,105,8,4,0,4,,,,,,1,8,18,3749,18,1,53,72,3,1,,1,2,8.2,10,,2,1,1971-04-15,07
71LA01110,71,1,5798,3,72,910,3175,18,1,,3,30,,1,07,,1,105,8,4,0,4,,,,,,1,8,18,3749,18,0,67,72,3,1,,0,0,9.6,10,,2,2,1971-04-15,07
71LA01111,71,,,0,72,920,3183,18,1,,3,30,,,07,1,,0,,2,0,,,,,,,,8,18,4074,18,1,0,72,3,0,,0,0,0.0,0,,2,1,,07
71LA01112,71,3,8069,9,00,920,3183,18,1,,3,30,,5,40,2,1,128,5,2,0,3,,,,,,3,8,90,0000,98,1,82,72,0,1,,1,1,10.8,10,,2,1,1971-05-08,07
71LA01113,71,,,0,72,930,3197,18,1,,3,30,,,07,,,133,,4,0,,,,,,,,8,18,3843,18,1,0,72,3,0,,0,0,0.0,0,,1,1,1971-05-13,07
71LA01114,71,1,6225,3,72,940,3198,18,1,,3,30,,1,07,,2,116,8,2,0,4,,,,,,1,8,18,3731,18,1,59,72,3,1,,1,2,8.0,10,,1,1,1971-04-26,07
71LA01115,71,2,6226,3,72,940,3198,18,1,,3,30,,1,07,,1,116,8,2,0,4,,,,,,1,8,18,3731,18,0,53,72,3,1,,0,0,8.0,10,,1,2,1971-04-26,07
71LA01116,71,,,0,72,950,3207,18,1,,3,30,,,07,,,133,,4,0,,,,,,,,8,18,3607,18,1,0,72,3,0,,0,0,0.0,0,,2,1,1971-05-13,07
71LA01117,71,2,5513,3,72,960,3208,18,1,,3,30,,1,07,,1,98,8,2,0,3,,,,,,1,8,18,3904,18,1,59,72,3,1,,1,2,7.4,10,,1,1,1971-04-08,07
71LA01118,71,2,5514,3,72,960,3208,18,1,,3,30,,1,07,,1,98,8,2,0,3,,,,,,1,8,18,3904,18,0,65,72,3,1,,0,0,7.8,10,,1,2,1971-04-08,07
71LA01119,71,2,5544,3,72,970,3211,18,1,,3,30,,1,07,,1,99,5,4,0,4,,,,,,1,8,18,3751,18,1,87,72,3,1,,1,1,11.8,10,,1,1,1971-04-09,07
71LA01120,71,2,5963,3,70,702,3218,18,1,,3,30,,1,07,,1,108,8,4,0,4,09,,,,,2,8,18,3654,18,1,63,70,2,1,,1,2,8.6,10,,2,1,1971-04-18,07
71LA01121,71,2,5964,3,70,702,3218,18,1,,3,30,,1,07,,1,108,8,4,0,4,,,,,,2,8,18,3654,18,0,61,70,2,1,,0,0,7.2,10,,2,2,1971-04-18,07
71LA01122,71,2,5633,3,70,700,3231,18,1,,3,30,,1,07,,1,101,7,2,106,4,,6,,,,,8,18,3564,18,1,0,70,2,1,,1,2,7.6,0,,1,1,1971-04-11,07
71LA01123,71,1,,0,70,700,3231,18,1,,3,30,,1,07,,1,101,7,2,0,4,,1,,,,,8,18,3564,18,0,0,70,2,0,,0,0,9.0,0,,1,2,1971-04-11,07
71LA01124,71,1,5715,3,70,701,3232,18,1,,3,30,,1,07,,1,103,5,4,0,2,04,,,,,1,8,18,3641,18,1,63,70,2,1,,1,1,9.6,10,,1,1,1971-04-13,07
71LA01125,71,2,6243,3,72,980,3235,18,1,,3,30,,1,07,,1,121,5,2,0,4,,,,,,3,8,18,3770,18,1,62,72,3,1,,1,1,10.6,10,,2,1,1971-05-01,07
71LA01126,71,2,5881,3,72,990,3248,18,1,,3,30,,1,07,,1,107,8,4,0,3,,,,,,1,8,18,3621,18,1,72,72,3,1,,1,2,9.8,10,,1,1,1971-04-17,07
71LA01127,71,1,5882,3,72,990,3248,18,1,,3,30,,1,07,,1,107,8,4,117,3,,6,,,,,8,18,3621,18,0,0,72,3,1,,0,0,9.4,0,,1,2,1971-04-17,07
71LA01128,71,2,5808,3,70,701,3260,18,1,,3,30,,1,07,,1,106,5,2,0,4,,,,,,1,8,18,3641,18,1,74,70,2,1,,1,1,9.6,10,,2,1,1971-04-16,07
71LA01129,71,,,0,72,800,3269,18,1,,3,30,,,07,,,133,,2,0,,,,,,,,8,18,3730,18,1,0,72,3,0,,0,0,0.0,0,,1,1,1971-05-13,07
71LA01130,71,2,5422,3,72,810,3270,18,1,,3,30,,1,07,,1,97,5,4,0,4,,,,,,1,8,18,3963,18,1,84,72,3,1,,1,1,11.6,10,,1,1,1971-04-07,07
71LA01131,71,1,6047,3,72,820,3279,18,1,,3,30,,6,07,,1,110,5,2,0,4,,,,,,1,8,18,3852,18,1,81,72,3,1,,1,1,10.6,10,02,1,1,1971-04-20,07
71LA01132,71,,,0,72,830,3284,18,1,,3,30,,,07,,,115,,4,0,,,,,,,,8,18,3368,18,0,0,72,3,0,,0,0,0.0,0,,1,1,1971-04-25,07
71LA01133,71,,,0,72,840,3286,18,1,,3,30,,,07,,,133,,2,0,,,,,,,,8,18,3467,18,1,0,72,3,0,,0,0,0.0,0,,1,1,1971-05-13,07
71LA01134,71,1,5859,3,72,850,3290,18,1,,3,30,,1,07,,8,107,8,4,0,4,,,,,,,8,18,3733,18,1,57,72,3,1,,1,2,9.2,10,,1,1,1971-04-17,07
71LA01135,71,1,5860,3,72,850,3290,18,1,,3,30,,1,07,,1,107,8,4,0,4,,,,,,1,8,18,3733,18,0,66,72,3,1,,0,0,10.8,10,,1,2,1971-04-17,07
71LA01136,71,1,5280,3,70,700,3304,18,1,,3,30,,1,07,,3,95,8,2,0,4,,,,349718,-,1,8,18,3564,18,1,84,70,2,1,,1,2,7.6,5,,2,1,1971-04-05,07
71LA01137,71,2,5281,3,70,700,3304,18,1,,3,30,,1,07,,1,95,8,2,0,4,,,,,,1,8,18,3564,18,0,72,70,2,1,,0,0,6.2,10,,2,2,1971-04-05,07
71LA01138,71,1,,0,70,700,3312,18,1,,2,20,,1,07,,1,93,1,,0,2,,1,,,,,8,18,3564,18,1,0,70,2,0,,1,1,11.0,0,,1,1,1971-04-03,07
71LA01139,71,2,5979,3,76,762,3316,18,1,,2,20,,1,07,,1,109,5,,0,3,,,,,,1,8,18,4970,18,1,71,76,6,1,,1,1,8.6,10,,2,1,1971-04-19,07
71LA01140,71,2,5199,3,75,750,3317,18,1,,2,20,,1,07,,3,92,5,,0,3,,,,,,1,8,18,3406,18,1,73,75,6,1,,1,1,10.4,10,,2,1,1971-04-02,07
71LA01141,71,1,5612,3,78,780,3320,18,1,,2,20,,1,07,,1,101,8,,0,4,,,,,,1,8,18,3452,18,1,87,78,6,1,,1,2,11.6,10,,2,1,1971-04-11,07
71LA01142,71,2,5613,3,78,780,3320,18,1,,2,20,,1,07,,1,101,8,,0,4,,,,,,1,8,18,3452,18,0,65,78,6,1,,0,0,9.0,10,,2,2,1971-04-11,07
71LA01143,71,2,5290,3,70,701,3323,18,1,,2,20,,1,07,,1,95,5,,0,3,,,,,,1,8,18,3641,18,1,78,70,2,1,,1,1,9.0,10,,1,1,1971-04-05,07
71LA01144,71,2,5876,3,76,760,3327,18,1,,2,20,,1,07,,1,107,5,,0,4,,,,,,1,8,18,3516,18,1,71,76,6,1,,1,1,12.4,10,,1,1,1971-04-17,07
71LA01145,71,2,5865,3,76,761,3333,18,1,,2,20,,1,07,,1,107,5,,0,4,,,,,,1,8,18,3528,18,1,68,76,6,1,,1,1,8.4,10,,2,1,1971-04-17,07
71LA01146,71,1,5577,3,70,702,3335,18,1,,2,20,,1,07,,1,100,5,,0,4,,,,,,1,8,18,3654,18,1,82,70,2,1,,1,1,12.6,10,,1,1,1971-04-10,07
71LA01147,71,2,5582,3,78,782,3337,18,1,,2,20,,1,07,,1,100,8,,0,4,,,,,,1,8,18,3789,18,1,77,78,6,1,,1,2,10.6,10,,2,1,1971-04-10,07
71LA01148,71,1,5583,3,78,782,3337,18,1,,2,20,,1,07,,1,100,8,,0,4,,,,,,1,8,18,3789,18,0,91,78,6,1,,0,0,10.6,10,,2,2,1971-04-10,07
71LA01149,71,1,5214,3,74,740,3339,18,1,,2,20,,1,07,,1,93,5,,0,5,,,,,,1,8,18,3926,18,1,88,74,6,1,,1,1,11.0,10,03,2,1,1971-04-03,07
71LA01150,71,1,5775,3,76,760,3345,18,1,,2,20,,1,07,,1,105,5,,0,3,,,,,,1,8,18,3516,18,1,81,76,6,1,,1,1,10.4,10,,2,1,1971-04-15,07
71LA01151,71,1,5605,3,70,700,3348,18,1,,2,20,,1,07,,1,101,5,,0,4,,,,,,1,8,18,3564,18,1,75,70,2,1,,1,1,10.6,10,,2,1,1971-04-11,07
71LA01152,71,,,0,78,781,3352,18,1,,2,20,,,07,1,,0,,,0,,,,,,,,8,18,3681,18,1,0,78,6,0,,0,0,0.0,0,,1,1,,07
71LA01153,71,2,8151,9,00,781,3352,18,1,,2,20,,5,40,2,1,149,5,,0,3,,,,,,3,8,90,0000,98,1,58,78,0,1,,1,1,14.0,10,,1,1,1971-05-29,07
71LA01154,71,1,5821,3,72,860,3356,18,1,,2,20,,1,07,,1,106,5,,0,4,,,,,,1,8,18,3668,18,1,70,72,3,1,,1,1,11.8,10,,2,1,1971-04-16,07
71LA01155,71,1,6060,3,72,870,3363,18,1,,2,20,,1,07,,1,110,5,,0,3,,6,,,,,8,18,3857,18,1,0,72,3,1,,1,1,11.2,0,,1,1,1971-04-20,07
71LA01156,71,1,5341,3,75,751,3366,18,1,,2,20,,1,07,,1,95,5,,0,4,,,,,,1,8,18,4449,18,1,63,75,6,1,,1,1,11.2,10,,1,1,1971-04-05,07
71LA01157,71,1,5353,3,74,741,3369,18,1,,2,20,,1,07,,1,96,5,,0,4,,,,,,1,8,18,4234,18,1,92,74,6,1,,1,1,10.4,10,,1,1,1971-04-06,07
71LA01158,71,1,5891,3,74,742,3370,18,1,,2,20,,1,07,,1,107,8,,0,4,,,,,,1,8,18,4172,18,1,63,74,6,1,,1,2,7.6,10,,1,1,1971-04-17,07
71LA01159,71,1,5892,3,74,742,3370,18,1,,2,20,,1,07,,1,107,8,,0,4,,,,,,1,8,18,4172,18,0,70,74,6,1,,0,0,6.8,10,,1,2,1971-04-17,07
71LA01160,71,1,5370,3,70,701,3373,18,1,,2,20,,1,07,,1,96,5,,0,4,,,,,,1,8,18,3641,18,1,100,70,2,1,,1,1,12.0,10,,2,1,1971-04-06,07
71LA01161,71,1,5671,3,75,750,3377,18,1,,2,20,,1,07,,1,102,5,,0,5,,,,,,1,8,18,3406,18,1,58,75,6,1,,1,1,12.4,10,,1,1,1971-04-12,07
71LA01162,71,2,5640,3,78,780,3378,18,1,,2,20,,1,07,,1,101,8,,0,3,,,,,,1,8,18,3452,18,1,54,78,6,1,,1,2,9.4,10,,1,1,1971-04-11,07
71LA01163,71,2,5641,3,78,780,3378,18,1,,2,20,,1,07,,1,101,8,,0,3,,,,,,1,8,18,3452,18,0,66,78,6,1,,0,0,8.0,10,,1,2,1971-04-11,07
71LA01164,71,1,5315,3,74,740,3380,18,1,,2,20,,2,07,,1,95,8,,0,4,,,,,,1,8,18,3926,18,1,93,74,6,1,,1,2,9.0,10,,1,1,1971-04-05,07
71LA01165,71,1,5316,3,74,740,3380,18,1,,2,20,,1,07,,1,95,8,,111,4,,6,,,,,8,18,3926,18,0,0,74,6,1,,0,0,7.0,0,,1,2,1971-04-05,07
71LA01166,71,2,5348,3,77,772,3381,18,1,,2,20,,1,07,,1,96,5,,0,3,,,,,,1,8,18,4742,18,1,58,77,6,1,,1,1,10.0,10,,1,1,1971-04-06,07
71LA01167,71,2,5846,3,76,762,3383,18,1,,2,20,,1,07,,1,106,5,,0,4,,,,,,1,8,18,4970,18,1,70,76,6,1,,1,1,11.0,10,,1,1,1971-04-16,07
71LA01168,71,2,5691,3,76,761,3384,18,1,,2,20,,1,07,,1,103,5,,0,5,,,,,,1,8,18,3528,18,1,68,76,6,1,,1,1,8.6,10,,1,1,1971-04-13,07
71LA01169,71,1,5724,3,75,752,3389,18,1,,2,20,,1,07,,1,103,8,,0,2,,,,,,1,8,18,3999,18,1,61,75,6,1,,1,2,7.6,10,,1,1,1971-04-13,07
71LA01170,71,1,5725,3,75,752,3389,18,1,,2,20,,1,07,,1,103,8,,0,2,,,,,,1,8,18,3999,18,0,61,75,6,1,,0,0,7.0,10,,1,2,1971-04-13,07
71LA01171,71,2,6043,3,77,771,3397,18,1,,2,20,,1,07,,1,110,8,,0,3,,,,,,1,8,18,3491,18,1,56,77,6,1,,1,2,7.4,10,,1,1,1971-04-20,07
71LA01172,71,1,6044,3,77,771,3397,18,1,,2,20,,1,07,,1,110,8,,0,3,,,,,,1,8,18,3491,18,0,53,77,6,1,,0,0,8.8,10,,1,2,1971-04-20,07
71LA01173,71,2,5335,3,77,770,3399,18,1,,2,20,,1,07,,1,95,8,,0,4,,,,,,1,8,18,3382,18,1,69,77,6,1,,1,2,9.0,10,,2,1,1971-04-05,07
71LA01174,71,2,5336,3,77,770,3399,18,1,,2,20,,1,07,,2,95,8,,0,4,,6,,,&,,8,18,3382,18,0,0,77,6,1,,0,0,8.8,0,,2,2,1971-04-05,07
71LA01175,71,2,6234,3,77,772,3401,18,1,,2,20,,1,07,,1,117,5,,0,3,,,,,,3,8,18,4742,18,1,73,77,6,1,,1,1,10.4,10,,2,1,1971-04-27,07
71LA01176,71,2,6014,3,73,730,3403,18,1,,2,20,,1,07,,1,109,8,,0,2,,,,,,1,8,18,3396,18,1,56,73,6,1,,1,2,7.2,10,,2,1,1971-04-19,07
71LA01177,71,2,6042,3,73,730,3403,18,1,,2,20,,1,07,,1,109,8,,0,2,,,,,,1,8,18,3396,18,0,49,73,6,1,,0,0,7.8,10,,2,2,1971-04-19,07
71LA01178,71,1,6083,3,77,771,3411,18,1,,2,20,,1,07,,1,110,5,,0,3,,,,,,1,8,18,3491,18,1,80,77,6,1,,1,1,10.8,10,,2,1,1971-04-20,07
71LA01179,71,2,5703,3,78,781,3417,18,1,,2,20,,1,07,,1,103,5,,0,3,,,,,,1,8,18,3681,18,1,66,78,6,1,,1,1,9.2,10,,2,1,1971-04-13,07
71LA01180,71,1,5405,3,78,782,3419,18,1,,2,20,,1,07,,1,97,5,,0,4,,,,,,1,8,18,3789,18,1,90,78,6,1,,1,1,11.8,10,,1,1,1971-04-07,07
71LA01181,71,1,5319,3,77,770,3420,18,1,,2,20,,3,07,,1,95,5,,0,4,,,,,,1,8,18,3382,18,1,92,77,6,1,,1,1,11.8,10,,1,1,1971-04-05,07
71LA01182,71,1,6239,3,77,770,3421,18,1,,2,20,,1,07,,1,118,8,,0,4,,,,,,1,8,18,3382,18,1,56,77,6,1,,1,2,8.6,10,,2,1,1971-04-28,07
71LA01183,71,2,6240,3,77,770,3421,18,1,,2,20,,1,07,,1,118,8,,0,4,,,,,,1,8,18,3382,18,0,53,77,6,1,,0,0,7.0,10,,2,2,1971-04-28,07
71LA01184,71,1,6182,3,73,731,3422,18,1,,2,20,,1,07,,1,112,5,,0,4,,,,,,1,8,18,3402,18,1,72,73,6,1,,1,1,11.4,10,,1,1,1971-04-22,07
71LA01185,71,2,5271,3,76,761,3424,18,1,,2,20,,1,07,,1,95,5,,0,5,,,,,,1,8,18,3528,18,1,86,76,6,1,,1,1,12.0,10,,2,1,1971-04-05,07
71LA01186,71,2,6246,3,78,780,3426,18,1,,2,20,,2,07,,1,123,5,,0,5,,,,,,3,8,18,3452,18,1,84,78,6,1,,1,1,11.8,10,,2,1,1971-05-03,07
71LA01187,71,2,,0,74,741,3428,18,1,,2,20,,1,07,,1,95,1,,0,4,,1,,531818,+,,8,18,4234,18,1,0,74,6,0,,1,1,6.6,5,,2,1,1971-04-05,07
71LA01188,71,1,5929,3,74,742,3429,18,1,,2,20,,1,07,,1,108,8,,0,4,,,,,,1,8,18,4172,18,1,60,74,6,1,,1,2,8.0,10,,2,1,1971-04-18,07
71LA01189,71,1,5930,3,74,742,3429,18,1,,2,20,,1,07,,1,108,8,,0,4,,,,,,1,8,18,4172,18,0,47,74,6,1,,0,0,9.2,10,,2,2,1971-04-18,07
71LA01190,71,1,5883,3,78,781,3430,18,1,,2,20,,1,07,,1,107,8,,0,4,,,,,,1,8,18,3681,18,1,70,78,6,1,,1,2,10.8,10,,1,1,1971-04-17,07
71LA01191,71,2,5884,3,78,781,3430,18,1,,2,20,,1,07,,1,107,8,,0,4,,,,,,1,8,18,3681,18,0,65,78,6,1,,0,0,9.8,10,,1,2,1971-04-17,07
71LA01192,71,1,6236,3,76,762,3434,18,1,,2,20,,1,07,,1,117,5,,0,4,,,,,,1,8,18,4970,18,1,63,76,6,1,,1,1,8.6,10,,2,1,1971-04-27,07
71LA01193,71,1,5631,3,75,750,3435,18,1,,2,20,,1,07,,1,101,8,,110,2,,6,,,,,8,18,3406,18,1,0,75,6,1,,1,2,11.0,0,,2,1,1971-04-11,07
71LA01194,71,2,5632,3,75,750,3435,18,1,,2,20,,1,07,,1,101,8,,125,2,,6,,,,,8,18,3406,18,0,0,75,6,1,,0,0,8.4,0,,2,2,1971-04-11,07
71LA01195,71,1,5524,3,78,782,3437,18,1,,2,20,,1,07,,1,98,5,,0,3,,,,,,1,8,18,3789,18,1,86,78,6,1,,1,1,11.8,10,,2,1,1971-04-08,07
71LA01196,71,2,6181,3,73,732,3438,18,1,,2,20,,2,07,,1,112,5,,136,1,,6,,,,,8,18,3844,18,1,0,73,6,1,,1,1,8.2,0,,2,1,1971-04-22,07
71LA01197,71,1,6054,3,70,702,3439,18,1,,2,20,,1,07,,1,110,5,,0,4,,,,,,1,8,18,3654,18,1,89,70,2,1,,1,1,11.6,10,,2,1,1971-04-20,07
71LA01198,71,1,6247,3,73,731,3443,18,1,,2,20,,1,07,,1,124,5,,0,3,,,,,,3,8,18,3402,18,1,69,73,6,1,,1,1,9.0,10,,2,1,1971-05-04,07
71LA01199,71,1,5713,3,72,880,3445,18,1,,2,20,,1,07,,1,103,5,,0,3,,,,,,1,8,18,3736,18,1,84,72,3,1,,1,1,11.4,10,,1,1,1971-04-13,07
71LA01200,71,2,5459,3,72,890,3456,18,1,,2,20,,1,07,,1,97,5,,0,4,,,,,,1,8,18,3493,18,1,64,72,3,1,,1,1,11.0,10,,2,1,1971-04-07,07
71LA01201,71,1,6162,3,70,701,3460,18,1,,2,20,,1,07,,1,112,5,,0,4,,,,,,1,8,18,3641,18,1,88,70,2,1,,1,1,12.4,10,,1,1,1971-04-22,07
71LA01202,71,1,5807,3,70,700,3464,18,1,,2,20,,1,07,,1,105,5,,0,4,,,,,,1,8,18,3564,18,1,81,70,2,1,,1,1,10.8,10,,1,1,1971-04-15,07
71LA01203,71,2,6201,3,72,900,3468,18,1,,2,20,,1,07,,1,114,8,,0,2,,,,,,1,8,18,3974,18,1,51,72,3,1,,1,2,8.8,10,,2,1,1971-04-24,07
71LA01204,71,1,6202,3,72,900,3468,18,1,,2,20,,1,07,,1,114,8,,0,2,,,,,&,,8,18,3974,18,0,76,72,3,1,,0,0,7.8,5,,2,2,1971-04-24,07
71LA01205,71,1,6034,3,78,780,3471,18,1,,2,20,,1,07,,1,109,5,,0,3,,,,,,1,8,18,3452,18,1,75,78,6,1,,1,1,9.0,10,,1,1,1971-04-19,07
71LA01206,71,2,6165,3,76,761,3482,18,1,,2,20,,1,07,,1,112,8,,0,4,,,,,&,,8,18,3528,18,1,71,76,6,1,,1,2,8.4,5,,1,1,1971-04-22,07
71LA01207,71,2,6166,3,76,761,3482,18,1,,2,20,,1,07,,1,112,8,,0,4,,,,,,1,8,18,3528,18,0,59,76,6,1,,0,0,9.4,10,,1,2,1971-04-22,07
71LA01208,71,2,6219,3,78,781,3487,18,1,,2,20,,1,07,,1,115,5,,0,2,,,,,,1,8,18,3681,18,1,69,78,6,1,,1,1,10.8,10,,2,1,1971-04-25,07
71LA01209,71,2,5222,3,77,772,3492,18,1,,2,20,,1,07,,1,93,8,,0,3,,,,,,1,8,18,4742,18,1,58,77,6,1,,1,2,7.6,10,,1,1,1971-04-03,07
71LA01210,71,1,5223,3,77,772,3492,18,1,,2,20,,1,07,,1,93,8,,0,3,,,,,,1,8,18,4742,18,0,67,77,6,1,,0,0,8.2,10,,1,2,1971-04-03,07
71LA01211,71,1,5439,3,76,760,3497,18,1,,2,20,,1,07,,1,97,5,,97,3,,6,,528018,+,,8,18,3516,18,1,0,76,6,1,,1,1,7.2,5,79,1,1,1971-04-07,07
71LA01212,71,1,6086,3,76,760,3498,18,1,,2,20,,1,07,,1,111,5,,0,4,,,,,,1,8,18,3516,18,1,79,76,6,1,,1,1,13.0,10,,2,1,1971-04-21,07
71LA01213,71,1,,0,74,742,3499,18,1,,2,20,,1,07,,1,105,1,,0,3,,1,,,,,8,18,4172,18,1,0,74,6,0,,1,1,10.0,0,,1,1,1971-04-15,07
71LA01214,71,,,0,77,771,3504,18,1,,2,20,,,07,,,145,,,0,,,,,,,,8,18,3491,18,1,0,77,6,0,,0,0,0.0,0,,1,1,1971-05-25,07
71LA01215,71,,,0,77,772,3505,18,1,,2,20,,,07,1,,0,,,0,,,,,,,,8,18,4742,18,1,0,77,6,0,,0,0,0.0,0,,2,1,,07
71LA01216,71,2,8065,9,00,772,3505,18,1,,2,20,,5,40,2,1,127,5,,0,4,,,,,,3,8,90,0000,98,1,43,77,0,1,,1,1,8.8,10,,2,1,1971-05-07,07
71LA01217,71,2,5850,3,74,741,3506,18,1,,2,20,,1,07,,1,106,5,,0,4,,,,,,1,8,18,4234,18,1,82,74,6,1,,1,1,10.6,10,,1,1,1971-04-16,07
71LA01218,71,2,,0,74,740,3509,18,1,,2,20,,1,07,,1,102,1,,0,4,,1,,650311,+,,8,18,3926,18,1,0,74,6,0,,1,1,9.0,5,,2,1,1971-04-12,07
71LA01219,71,2,5694,3,76,762,3511,18,1,,2,20,,1,07,,1,103,5,,0,3,,,,,,1,8,18,4970,18,1,72,76,6,1,,1,1,10.0,10,,1,1,1971-04-13,07
71LA01220,71,,,0,76,762,3512,18,1,,2,20,,,07,1,,0,,,0,,,,,,,,8,18,4970,18,1,0,76,6,0,,0,0,0.0,0,,2,1,,07
71LA01221,71,3,8095,9,00,762,3512,18,1,,2,20,,5,40,2,1,134,5,,0,4,,,,,,3,8,90,0000,98,1,76,76,0,1,,1,1,11.8,10,,2,1,1971-05-14,07
71LA01222,71,1,6227,3,74,741,3515,18,1,,2,20,,1,07,,2,116,5,,0,3,03,,,,,3,8,18,4234,18,1,75,74,6,1,,1,1,12.2,10,,2,1,1971-04-26,07
71LA01223,71,2,6065,3,74,740,3520,18,1,,2,20,,3,07,,1,110,8,,0,4,,,,,,1,8,18,3926,18,1,59,74,6,1,,1,2,8.6,10,,1,1,1971-04-20,07
71LA01224,71,2,6066,3,74,740,3520,18,1,,2,20,,1,07,,1,110,8,,0,4,,,,,,1,8,18,3926,18,0,65,74,6,1,,0,0,8.8,10,,1,2,1971-04-20,07
71LA01225,71,1,5411,3,70,702,3522,18,1,,2,20,,1,07,,1,97,5,,160,5,,6,,,&,,8,18,3654,18,1,0,70,2,1,,1,1,9.6,0,,1,1,1971-04-07,07
71LA01226,71,2,6245,3,75,751,3526,18,1,,2,20,,1,07,,1,122,5,,0,5,,,,,,1,8,18,4449,18,1,58,75,6,1,,1,1,9.0,10,,2,1,1971-05-02,07
71LA01227,71,2,5710,3,78,782,3536,18,1,,2,20,,1,07,,1,103,5,,0,4,,,,,,1,8,18,3789,18,1,76,78,6,1,,1,1,9.6,10,,1,1,1971-04-13,07
71LA01228,71,1,6198,3,74,740,3545,18,1,,2,20,,1,07,,4,113,5,,0,4,,,,,,1,8,18,3926,18,1,80,74,6,1,,1,1,11.4,10,,2,1,1971-04-23,07
71LA01229,71,1,5393,3,76,760,3557,18,1,,2,20,,1,07,,1,96,8,,97,3,,6,,538018,+,,8,18,3516,18,1,0,76,6,1,,1,2,6.6,5,,1,1,1971-04-06,07
71LA01230,71,2,5394,3,76,760,3557,18,1,,2,20,,1,07,,1,96,8,,97,3,,6,,,,,8,18,3516,18,0,0,76,6,1,,0,0,6.0,0,,1,2,1971-04-06,07
71LA01231,71,1,5711,3,76,760,3558,18,1,,2,20,,1,07,,1,103,5,,0,4,,,,,,1,8,18,3516,18,1,97,76,6,1,,1,1,11.6,10,,2,1,1971-04-13,07
71LA01232,71,2,5213,3,73,730,3565,18,1,,2,20,,1,07,,1,93,5,,0,4,,,,,,1,8,18,3396,18,1,88,73,6,1,,1,1,11.2,10,,1,1,1971-04-03,07
71LA01233,71,2,5921,3,70,701,3567,18,1,,2,20,,1,07,,1,108,5,,0,3,,,,,,1,8,18,3641,18,1,61,70,2,1,,1,1,9.2,10,,2,1,1971-04-18,07
71LA01234,71,,,0,78,781,3571,18,1,,2,20,,,07,,,145,,,0,,,,,,,,8,18,3681,18,1,0,78,6,0,,0,0,0.0,0,,1,1,1971-05-25,07
71LA01235,71,1,5245,3,77,771,3573,18,1,,2,20,,1,07,,1,94,5,,0,5,,,,,,1,8,18,3491,18,1,80,77,6,1,,1,1,10.8,10,,2,1,1971-04-04,07
71LA01236,71,2,6040,3,73,732,3575,18,1,,2,20,,1,07,,1,110,8,,0,3,,,,,,1,8,18,3844,18,1,72,73,6,1,,1,2,8.0,10,,1,1,1971-04-20,07
71LA01237,71,1,6041,3,73,732,3575,18,1,,2,20,,1,07,,1,110,8,,111,3,,6,,,,,8,18,3844,18,0,0,73,6,1,,0,0,7.0,0,,1,2,1971-04-20,07
71LA01238,71,2,5895,3,72,910,3584,18,1,,2,20,,1,07,,1,107,5,,160,3,,6,,,&,,8,18,3749,18,1,0,72,3,1,,1,1,10.8,0,,1,1,1971-04-17,07
71LA01239,71,1,6193,3,73,730,3585,18,1,,2,20,,1,07,,1,113,5,,0,4,,,,,,1,8,18,3396,18,1,66,73,6,1,,1,1,10.4,10,,2,1,1971-04-23,07
71LA01240,71,1,,0,77,770,3596,18,1,,2,20,,1,07,,1,95,1,,0,2,,1,,,,,8,18,3382,18,1,0,77,6,0,,1,1,12.6,0,,1,1,1971-04-05,07
71LA01241,71,2,6095,3,73,731,3599,18,1,,2,20,,1,07,,1,111,5,,0,4,,,,,,1,8,18,3402,18,1,77,73,6,1,,1,1,10.0,10,,1,1,1971-04-21,07
71LA01242,71,2,5242,3,73,732,3601,18,1,,2,20,,1,07,,1,94,5,,0,4,,,,,,1,8,18,3844,18,1,87,73,6,1,,1,1,12.0,10,,2,1,1971-04-04,07
71LA01243,71,2,6256,3,73,730,3602,18,1,,2,20,,1,07,,1,128,5,,0,3,,,,,,3,8,18,3396,18,1,66,73,6,1,,1,1,9.4,10,,1,1,1971-05-08,07
71LA01244,71,2,6005,3,70,700,3603,18,1,,2,20,,1,07,,1,109,5,,0,4,,,,,,1,8,18,3564,18,1,64,70,2,1,,1,1,9.8,10,,2,1,1971-04-19,07
71LA01245,71,1,6242,3,75,751,3605,18,1,,2,20,,1,07,,1,121,5,,0,4,,6,,,,,8,18,4449,18,1,0,75,6,1,,1,1,12.0,0,,1,1,1971-05-01,07
71LA01246,71,1,5603,3,76,761,3610,18,1,,2,20,,1,07,,1,100,5,,0,5,,,,,,1,8,18,3528,18,1,102,76,6,1,,1,1,12.2,10,,2,1,1971-04-10,07
71LA01247,71,,,0,72,870,3616,18,1,,2,20,,,07,1,,0,,,0,,,,,,,,8,18,3857,18,1,0,72,3,0,,0,0,0.0,0,,2,1,,07
71LA01248,71,2,8138,9,00,870,3616,18,1,,2,20,,5,40,2,1,144,5,,0,3,,6,,,,,8,90,0000,98,1,0,72,0,1,,1,1,10.6,0,,2,1,1971-05-24,07
71LA01249,71,1,6069,3,78,781,3618,18,1,,2,20,,1,07,,1,110,8,,0,3,,,,,,1,8,18,3681,18,1,70,78,6,1,,1,2,7.6,10,,2,1,1971-04-20,07
71LA01250,71,1,6070,3,78,781,3618,18,1,,2,20,,1,07,,1,110,8,,0,3,,,,,,1,8,18,3681,18,0,72,78,6,1,,0,0,8.0,10,,2,2,1971-04-20,07
71LA01251,71,2,5804,3,72,930,3622,18,1,,2,20,,1,07,,1,105,5,,0,3,,,,,,1,8,18,3843,18,1,67,72,3,1,,1,1,8.4,10,,2,1,1971-04-15,07
71LA01252,71,,,0,75,752,3627,18,1,,2,20,,,07,1,,0,,,0,,,,,,,,8,18,3999,18,1,0,75,6,0,,0,0,0.0,0,,2,1,,07
71LA01253,71,3,8093,9,00,752,3627,18,1,,2,20,,5,40,2,1,133,8,,0,3,,,,,,3,8,90,0000,98,1,73,75,0,1,,1,2,8.6,10,,2,1,1971-05-13,07
71LA01254,71,2,8094,9,00,752,3627,18,1,,2,20,,5,40,2,1,133,8,,0,3,,,,997261,-,3,8,90,0000,98,0,64,75,0,1,,0,0,6.6,5,,2,2,1971-05-13,07
71LA01255,71,1,5384,3,70,702,3631,18,1,,2,20,,1,07,,1,96,5,,0,5,,,,,,,8,18,3654,18,1,96,70,2,1,,1,1,10.2,10,,2,1,1971-04-06,07
71LA01256,71,2,6004,3,70,700,3632,18,1,,2,20,,1,07,,1,109,5,,0,4,,,,,,1,8,18,3564,18,1,73,70,2,1,,1,1,8.2,10,,1,1,1971-04-19,07
71LA01257,71,,,0,75,752,3635,18,1,,2,20,,,07,,,133,,,0,,,,,,,,8,18,3999,18,1,0,75,6,0,,0,0,0.0,0,,1,1,1971-05-13,07
71LA01258,71,2,,0,74,742,3638,18,1,,2,20,,1,07,,1,92,0,,0,0,,0,,,,,8,18,4172,18,1,0,74,6,0,,1,1,6.6,0,,2,1,1971-04-02,07
71LA01259,71,2,,0,77,772,3640,18,1,,2,20,,1,07,,1,116,1,,0,3,,1,,287462,+,,8,18,4742,18,1,0,77,6,0,,1,1,5.2,5,,1,1,1971-04-26,07
71LA01260,71,1,5851,3,78,780,3645,18,1,,2,20,,1,07,,1,106,5,,0,4,,,,,,1,8,18,3452,18,1,94,78,6,1,,1,1,11.2,10,,2,1,1971-04-16,07
71LA01261,71,2,5721,3,78,782,3652,18,1,,2,20,,1,07,,1,103,5,,0,3,,,,,,1,8,18,3789,18,1,79,78,6,1,,1,1,11.0,10,,2,1,1971-04-13,07
71LA01262,71,1,5270,3,78,782,3653,18,1,,2,20,,1,07,,1,95,5,,0,4,,,,,,1,8,18,3789,18,1,92,78,6,1,,1,1,11.0,10,,1,1,1971-04-05,07
71LA01263,71,1,5626,3,70,702,3658,18,1,,2,20,,1,07,,1,101,5,,0,4,,,,,,1,8,18,3654,18,1,85,70,2,1,,1,1,9.8,10,,1,1,1971-04-11,07
71LA01264,71,1,5746,3,70,700,3659,18,1,,2,20,,1,07,,1,104,5,,0,4,,,,,,1,8,18,3564,18,1,68,70,2,1,,1,1,8.0,10,,2,1,1971-04-14,07
71LA01265,71,1,5572,3,76,760,3660,18,1,,2,20,,1,07,,1,100,5,,0,3,,,,,,1,8,18,3516,18,1,88,76,6,1,,1,1,10.8,10,,1,1,1971-04-10,07
71LA01266,71,2,5512,3,70,702,3673,18,1,,2,20,,1,07,,1,98,5,,0,4,,,,,,1,8,18,3654,18,1,69,70,2,1,,1,1,9.0,10,,2,1,1971-04-08,07
71LA01267,71,2,6214,3,77,772,3678,18,1,,2,20,,1,07,,1,115,5,,0,4,,,,,,1,8,18,4742,18,1,63,77,6,1,,1,1,8.8,10,,2,1,1971-04-25,07
71LA01268,71,2,5831,3,73,731,3688,18,1,,2,20,,1,07,,1,106,8,,0,4,,,,,,1,8,18,3402,18,1,61,73,6,1,,1,2,7.4,10,,2,1,1971-04-16,07
71LA01269,71,1,5832,3,73,731,3688,18,1,,2,20,,1,07,,1,106,8,,0,4,,,,,,1,8,18,3402,18,0,50,73,6,1,,0,0,8.0,10,,2,2,1971-04-16,07
71LA01270,71,2,5423,3,77,771,3690,18,1,,2,20,,1,07,,1,97,5,,0,3,,,,,,1,8,18,3491,18,1,49,77,6,1,,1,1,7.0,10,,1,1,1971-04-07,07
71LA01271,71,1,6228,3,77,772,3693,18,1,,2,20,,1,07,,1,116,5,,0,4,,,,,,1,8,18,4742,18,1,63,77,6,1,,1,1,10.6,10,,1,1,1971-04-26,07
71LA01272,71,1,5606,3,70,701,3700,18,1,,2,20,,1,07,,1,101,5,,0,4,,,,,,1,8,18,3641,18,1,77,70,2,1,,1,1,11.2,10,,1,1,1971-04-11,07
71LA01273,71,2,5269,3,77,771,3701,18,1,,2,20,,1,07,,1,95,5,,0,4,,,,,,1,8,18,3491,18,1,76,77,6,1,,1,1,9.6,10,,2,1,1971-04-05,07
71LA01274,71,2,5990,3,77,770,3706,18,1,,2,20,,1,07,,1,109,5,,0,4,,,,,,1,8,18,3382,18,1,71,77,6,1,,1,1,11.6,10,,2,1,1971-04-19,07
71LA01275,71,1,6158,3,74,741,3707,18,1,,2,20,,1,07,,1,112,5,,0,4,,,,,,1,8,18,4234,18,1,76,74,6,1,,1,1,10.6,10,,1,1,1971-04-22,07
71LA01276,71,2,5238,3,73,732,3717,18,1,,2,20,,1,07,,1,94,8,,136,5,21,6,,,,,8,18,3844,18,1,0,73,6,1,,1,2,8.0,0,38,1,1,1971-04-04,07
71LA01277,71,1,5239,3,73,732,3717,18,1,,2,20,,1,07,,1,94,8,,0,5,,,,,,1,8,18,3844,18,0,77,73,6,1,,0,0,8.2,10,,1,2,1971-04-04,07
71LA01278,71,2,6033,3,75,750,3718,18,1,,2,20,,1,07,,1,109,5,,111,3,,6,,,,,8,18,3406,18,1,0,75,6,1,,1,1,4.0,0,,1,1,1971-04-19,07
71LA01279,71,1,6221,3,75,751,3719,18,1,,2,20,,1,07,,1,116,5,,0,4,,,,,,1,8,18,4449,18,1,70,75,6,1,,1,1,9.2,10,,2,1,1971-04-26,07
71LA01280,71,1,5712,3,70,701,3721,18,1,,2,20,,1,07,,1,103,5,,0,4,,6,,,,,8,18,3641,18,1,0,70,2,1,,1,1,9.8,0,,2,1,1971-04-13,07
71LA01281,71,2,5477,3,78,781,3735,18,1,,2,20,,1,07,,1,98,5,,0,4,,,,,,1,8,18,3681,18,1,83,78,6,1,,1,1,12.2,10,,1,1,1971-04-08,07
71LA01282,71,2,5686,3,72,950,3738,18,1,,2,20,,1,07,,1,102,5,,0,3,,,,,,1,8,18,3607,18,1,39,72,3,1,,1,1,7.6,10,,1,1,1971-04-12,07
71LA01283,71,1,6232,3,72,960,3744,18,1,,2,20,,1,07,,1,117,5,,0,2,,,,,,3,8,18,3904,18,1,57,72,3,1,,1,1,8.4,10,,2,1,1971-04-27,07
71LA01284,71,2,6102,3,76,762,3747,18,1,,2,20,,1,07,,1,111,8,,0,3,,,,,,3,8,18,4970,18,1,67,76,6,1,,1,2,8.6,10,,1,1,1971-04-21,07
71LA01285,71,1,6103,3,76,762,3747,18,1,,2,20,,1,07,,1,111,8,,0,3,,,,,,2,8,18,4970,18,0,102,76,6,1,,0,0,8.8,10,,1,2,1971-04-21,07
71LA01286,71,2,5188,3,77,772,3752,18,1,,2,20,,1,07,,1,92,5,,0,3,,,,,,1,8,18,4742,18,1,78,77,6,1,,1,1,7.8,10,,2,1,1971-04-02,07
71LA01287,71,2,6122,3,77,771,3753,18,1,,2,20,,1,07,,1,111,5,,0,4,,,,,,1,8,18,3491,18,1,62,77,6,1,,1,1,11.2,10,,1,1,1971-04-21,07
71LA01288,71,2,6192,3,74,742,3758,18,1,,2,20,,1,07,,1,113,5,,0,3,,,,,,1,8,18,4172,18,1,68,74,6,1,,1,1,11.0,10,,1,1,1971-04-23,07
71LA01289,71,2,5402,3,74,740,3759,18,1,,2,20,,1,07,,1,97,5,,0,5,,,,,,1,8,18,3926,18,1,63,74,6,1,,1,1,9.4,10,,1,1,1971-04-07,07
71LA01290,71,,,0,76,761,3761,18,1,,2,20,,,07,,,133,,,0,,,,,,,,8,18,3528,18,1,0,76,6,0,,0,0,0.0,0,,1,1,1971-05-13,07
71LA01291,71,1,5768,3,75,752,3778,18,1,,2,20,,1,07,,1,105,8,,0,3,,,,,,1,8,18,3999,18,1,73,75,6,1,,1,2,7.4,10,,2,1,1971-04-15,07
71LA01292,71,1,5769,3,75,752,3778,18,1,,2,20,,1,07,,1,105,8,,106,3,,6,,,,,8,18,3999,18,0,0,75,6,1,,0,0,5.6,0,,2,2,1971-04-15,07
71LA01293,71,2,,0,75,750,3779,18,1,,2,20,,1,07,,1,104,0,,0,0,,0,,,,,8,18,3406,18,1,0,75,6,0,,1,1,4.4,0,,2,1,1971-04-14,07
71LA01294,71,1,6235,3,75,751,3785,18,1,,2,20,,1,07,,1,117,5,,0,3,,,,,,3,8,18,4449,18,1,81,75,6,1,,1,1,12.0,10,,1,1,1971-04-27,07
71LA01295,71,2,5792,3,75,752,3788,18,1,,2,20,,1,07,,1,105,5,,0,4,,,,,,1,8,18,3999,18,1,59,75,6,1,,1,1,9.4,10,,1,1,1971-04-15,07
71LA01296,71,2,5446,3,77,770,3791,18,1,,2,20,,1,07,,1,97,5,,0,4,,,,,,1,8,18,3382,18,1,81,77,6,1,,1,1,10.0,10,,1,1,1971-04-07,07
71LA01297,71,1,6216,3,72,970,3792,18,1,,2,20,,1,07,,1,115,5,,0,4,,,,,,1,8,18,3751,18,1,67,72,3,1,,1,1,11.8,10,,2,1,1971-04-25,07
71LA01298,71,2,5392,3,73,730,3793,18,1,,2,20,,1,07,,1,96,5,,0,4,,,,,,1,8,18,3396,18,1,81,73,6,1,,1,1,11.0,10,,2,1,1971-04-06,07
71LA01299,71,2,5240,3,73,731,3794,18,1,,2,20,,1,07,,1,94,8,,0,4,,,,,,1,8,18,3402,18,1,61,73,6,1,,1,2,7.6,10,,1,1,1971-04-04,07
71LA01300,71,1,5241,3,73,731,3794,18,1,,2,20,,1,07,,1,94,8,,0,4,,,,,,1,8,18,3402,18,0,59,73,6,1,,0,0,7.6,10,,1,2,1971-04-04,07
71LA01301,71,1,5639,3,78,780,3799,18,1,,2,20,,1,07,,1,101,5,,0,5,,,,989414,+,1,8,18,3452,18,1,63,78,6,1,,1,1,10.4,15,02,1,1,1971-04-11,07
71LA01302,71,2,6177,3,78,781,3800,18,1,,2,20,,1,07,,1,112,5,,0,3,,,,,,1,8,18,3681,18,1,69,78,6,1,,1,1,10.6,10,,2,1,1971-04-22,07
71LA01303,71,2,5659,3,72,980,3803,18,1,,2,20,,1,07,,1,102,5,,0,4,,,,,,1,8,18,3770,18,1,63,72,3,1,,1,1,10.4,10,,1,1,1971-04-12,07
71LA01304,71,2,6205,3,72,990,3805,18,1,,2,20,,1,07,,1,114,5,,0,3,,,,,,1,8,18,3621,18,1,68,72,3,1,,1,1,10.6,10,,2,1,1971-04-24,07
71LA01305,71,2,5225,3,76,762,3808,18,1,,2,20,,1,07,,1,93,5,,0,5,,,,,,1,8,18,4970,18,1,90,76,6,1,,1,1,10.4,10,,2,1,1971-04-03,07
71LA01306,71,1,5198,3,76,761,3809,18,1,,2,20,,1,07,,1,92,5,,0,3,,,,,,1,8,18,3528,18,1,104,76,6,1,,1,1,8.0,10,,2,1,1971-04-02,07
71LA01307,71,1,5987,3,77,772,3810,18,1,,2,20,,1,07,,1,109,8,,0,4,,6,,,,,8,18,4742,18,1,0,77,6,1,,1,2,10.0,0,,1,1,1971-04-19,07
71LA01308,71,1,5988,3,77,772,3810,18,1,,2,20,,1,07,,1,109,8,,0,4,,6,,,&,,8,18,4742,18,0,0,77,6,1,,0,0,9.8,0,,1,2,1971-04-19,07
71LA01309,71,2,6140,3,72,800,3814,18,1,,2,20,,1,07,,1,111,8,,0,3,,,,379342,-,3,8,18,3730,18,1,72,72,3,1,,1,2,8.0,5,,2,1,1971-04-21,07
71LA01310,71,2,6141,3,72,800,3814,18,1,,2,20,,1,07,,1,111,8,,0,3,,,,,,1,8,18,3730,18,0,64,72,3,1,,0,0,7.0,10,,2,2,1971-04-21,07
71LA01311,71,2,6220,3,72,810,3819,18,1,,2,20,,1,07,,1,116,5,,117,3,,6,,,,,8,18,3963,18,1,0,72,3,1,,1,1,7.8,0,,2,1,1971-04-26,07
71LA01312,71,1,5515,3,72,820,3820,18,1,,2,20,,1,07,,1,98,5,,0,4,,,,,,1,8,18,3852,18,1,68,72,3,1,,1,1,10.2,10,,2,1,1971-04-08,07
71LA01313,71,1,5967,3,73,732,3823,18,1,,2,20,,1,07,,1,108,8,,111,2,,6,,,,,8,18,3844,18,1,0,73,6,1,,1,2,10.8,0,,2,1,1971-04-18,07
71LA01314,71,1,5968,3,73,732,3823,18,1,,2,20,,1,07,,1,108,8,,0,2,,,,,&,,8,18,3844,18,0,83,73,6,1,,0,0,6.8,5,,2,2,1971-04-18,07
71LA01315,71,2,5511,3,78,782,3832,18,1,,2,20,,1,07,,1,98,5,,0,3,,,,,,1,8,18,3789,18,1,66,78,6,1,,1,1,9.6,10,,2,1,1971-04-08,07
71LA01316,71,1,5288,3,75,750,3837,18,1,,2,20,,1,07,,1,95,5,,0,4,,,,,,1,8,18,3406,18,1,93,75,6,1,,1,1,10.8,10,,1,1,1971-04-05,07
71LA01317,71,1,6108,3,74,742,3838,18,1,,2,20,,3,07,,1,111,5,,0,2,,,,,,1,8,18,4172,18,1,67,74,6,1,,1,1,10.6,10,,2,1,1971-04-21,07
71LA01318,71,1,6168,3,72,830,3842,18,1,,2,20,,1,07,,1,112,8,,0,4,,,,,,1,8,18,3368,18,1,64,72,3,1,,1,2,10.8,10,,2,1,1971-04-22,07
71LA01319,71,1,6169,3,72,830,3842,18,1,,2,20,,1,07,,1,112,8,,0,4,,,,,,1,8,18,3368,18,0,56,72,3,1,,0,0,8.8,10,,2,2,1971-04-22,07
71LA01320,71,1,5636,3,72,840,3847,18,1,,2,20,,1,07,,1,101,5,,0,4,,,,,,1,8,18,3467,18,1,76,72,3,1,,1,1,9.8,10,,2,1,1971-04-11,07
71LA01321,71,1,5235,3,77,770,3851,18,1,,2,20,,1,07,,1,94,5,,0,5,,,,,,1,8,18,3382,18,1,68,77,6,1,,1,1,13.0,10,,2,1,1971-04-04,07
71LA01322,71,1,5687,3,72,900,3863,18,1,,2,20,,1,07,,1,102,5,,0,3,,,,,,1,8,18,3974,18,1,69,72,3,1,,1,1,10.4,10,,1,1,1971-04-12,07
71LA01323,71,2,6167,3,74,741,3866,18,1,,2,20,,1,07,,1,112,5,,117,2,,6,,,,,8,18,4234,18,1,0,74,6,1,,1,1,8.0,0,,2,1,1971-04-22,07
71LA01324,71,2,5343,3,73,731,3871,18,1,,2,20,,1,07,,1,95,5,,125,2,,6,,,,,8,18,3402,18,1,0,73,6,1,,1,1,8.2,0,,2,1,1971-04-05,07
71LA01325,71,2,5618,3,74,742,3872,18,1,,2,20,,1,07,,1,101,5,,0,5,,,,,,1,8,18,4172,18,1,60,74,6,1,,1,1,10.4,10,,1,1,1971-04-11,07
71LA01326,71,2,5371,3,73,732,3881,18,1,,2,20,,1,07,,1,96,5,,0,4,,,,,,3,8,18,3844,18,1,72,73,6,1,,1,1,13.6,10,,1,1,1971-04-06,07
71LA01327,71,2,5649,3,75,751,3883,18,1,,2,20,,1,07,,1,101,5,,0,4,,,,,,1,8,18,4449,18,1,84,75,6,1,,1,1,12.4,10,,2,1,1971-04-11,07
71LA01328,71,1,6199,3,73,730,3889,18,1,,2,20,,1,07,,1,113,5,,0,2,,,,,&,,8,18,3396,18,1,65,73,6,1,,1,1,9.2,5,,1,1,1971-04-23,07
71LA01329,71,1,6112,3,77,771,3898,18,1,,2,20,,1,07,,1,111,5,,0,3,,,,,,1,8,18,3491,18,1,76,77,6,1,,1,1,11.2,10,,2,1,1971-04-21,07
71LA01330,71,2,6052,3,73,731,3910,18,1,,2,20,,1,07,,1,110,8,,0,2,,,,,,1,8,18,3402,18,1,73,73,6,1,,1,2,8.4,10,,1,1,1971-04-20,07
71LA01331,71,1,6053,3,73,731,3910,18,1,,2,20,,1,07,,1,110,8,,0,2,,6,,,,,8,18,3402,18,0,0,73,6,1,,0,0,8.2,0,,1,2,1971-04-20,07
71LA01332,71,1,6222,3,74,741,3911,18,1,,2,20,,1,07,,1,116,8,,0,4,,,,,,3,8,18,4234,18,1,65,74,6,1,,1,2,10.0,10,,1,1,1971-04-26,07
71LA01333,71,2,6223,3,74,741,3911,18,1,,2,20,,1,07,,1,116,8,,0,4,,,,,,3,8,18,4234,18,0,66,74,6,1,,0,0,10.2,10,,1,2,1971-04-26,07
71LA01334,71,2,5478,3,75,752,3916,18,1,,2,20,,1,07,,1,98,5,,0,3,,,,,,1,8,18,3999,18,1,70,75,6,1,,1,1,8.4,10,,2,1,1971-04-08,07
71LA01335,71,1,6194,3,70,700,3920,18,1,,2,20,,1,07,,1,113,5,,0,3,,,,,,1,8,18,3564,18,1,69,70,2,1,,1,1,8.6,10,,1,1,1971-04-23,07
71LA01336,71,2,5504,3,76,760,3931,18,1,,2,20,,1,07,,1,98,8,,0,4,,,,,&,,8,18,3516,18,1,65,76,6,1,,1,2,10.4,5,,2,1,1971-04-08,07
71LA01337,71,2,5505,3,76,760,3931,18,1,,2,20,,1,07,,1,98,8,,0,4,,,,,,1,8,18,3516,18,0,75,76,6,1,,0,0,10.6,10,,2,2,1971-04-08,07
71LA01338,71,1,5277,3,74,740,3945,18,1,,2,20,,1,07,,1,95,9,,0,4,,,,,,1,8,18,3926,18,1,88,74,6,1,,1,3,10.6,10,,2,1,1971-04-05,07
71LA01339,71,1,5278,3,74,740,3945,18,1,,2,20,,1,07,,1,95,9,,0,4,,,,,,1,8,18,3926,18,0,51,74,6,1,,0,0,9.8,10,,2,2,1971-04-05,07
71LA01340,71,1,5279,3,74,740,3945,18,1,,2,20,,1,07,,1,95,9,,0,4,,,,,&,,8,18,3926,18,0,88,74,6,1,,0,0,10.4,5,,2,3,1971-04-05,07
71LA01341,71,2,6012,3,74,742,3947,18,1,,2,20,,1,07,,1,109,8,,0,4,,,,,,1,8,18,4172,18,1,64,74,6,1,,1,2,9.6,10,,2,1,1971-04-19,07
71LA01342,71,2,6013,3,74,742,3947,18,1,,2,20,,1,07,,1,109,8,,0,4,,,,,,1,8,18,4172,18,0,67,74,6,1,,0,0,10.2,10,,2,2,1971-04-19,07
71LA01343,71,2,5312,3,77,772,3951,18,1,,2,20,,1,07,,1,95,5,,0,4,,,,,,1,8,18,4742,18,1,78,77,6,1,,1,1,9.6,10,,2,1,1971-04-05,07
71LA01344,71,2,5450,3,77,771,3954,18,1,,2,20,,1,07,,1,97,5,,0,4,,,,,,1,8,18,3491,18,1,75,77,6,1,,1,1,8.6,10,,1,1,1971-04-07,07
71LA01345,71,,,0,77,770,3956,18,1,,2,20,,,07,,,133,,,0,,,,,,,,8,18,3382,18,1,0,77,6,0,,0,0,0.0,0,,1,1,1971-05-13,07
71LA01346,71,1,5805,3,75,751,3964,18,1,,2,20,,1,07,,1,105,5,,0,4,,,,,,1,8,18,4449,18,1,82,75,6,1,,1,1,13.8,10,,1,1,1971-04-15,07
71LA01347,71,2,6090,3,76,762,3966,18,1,,2,20,,1,07,,1,111,5,,0,4,,6,,,,,8,18,4970,18,1,0,76,6,1,,1,1,11.0,0,,1,1,1971-04-21,07
71LA01348,71,2,5625,3,70,700,3967,18,1,,2,20,,1,07,,2,101,5,,0,3,,,,,,1,8,18,3564,18,1,70,70,2,1,,1,1,10.0,10,,2,1,1971-04-11,07
71LA01349,71,1,5410,3,72,910,3973,18,1,,2,20,,1,07,,1,97,5,,0,2,,,,,,1,8,18,3749,18,1,78,72,3,1,,1,1,6.4,10,,2,1,1971-04-07,07
71LA01350,71,2,6206,3,77,770,3982,18,1,,2,20,,1,07,,1,114,5,,0,4,,,,,,1,8,18,3382,18,1,70,77,6,1,,1,1,9.4,10,,2,1,1971-04-24,07
71LA01351,71,2,5307,3,70,701,3983,18,1,,2,20,,1,07,,1,98,5,,0,3,,,,,,1,8,18,3641,18,1,70,70,2,1,,1,1,6.6,10,,1,1,1971-04-08,07
71LA01352,71,2,5784,3,77,771,3987,18,1,,2,20,,1,07,,1,105,8,,0,2,,,,,,1,8,18,3491,18,1,68,77,6,1,,1,2,9.0,10,,2,1,1971-04-15,07
71LA01353,71,2,5785,3,77,771,3987,18,1,,2,20,,1,07,,1,105,8,,0,2,,,,,&,,8,18,3491,18,0,77,77,6,1,,0,0,6.4,5,,2,2,1971-04-15,07
71LA01354,71,1,6178,3,77,770,3992,18,1,,2,20,,1,07,,1,112,5,,0,5,,,,,,1,8,18,3382,18,1,70,77,6,1,,1,1,7.0,10,,1,1,1971-04-22,07
71LA01355,71,2,5564,3,75,750,3993,18,1,,2,20,,1,07,,1,99,5,,0,3,,,,,,1,8,18,3406,18,1,67,75,6,1,,1,1,10.6,10,,2,1,1971-04-09,07
71LA01356,71,2,5447,3,74,740,3996,18,1,,2,20,,1,07,,1,97,5,,0,3,,,,,,1,8,18,3926,18,1,85,74,6,1,,1,1,9.8,10,,1,1,1971-04-07,07
71LA01357,71,,,0,74,741,3997,18,1,,2,20,,,07,,,133,,,0,,,,,,,,8,18,4234,18,1,0,74,6,0,,0,0,0.0,0,,2,1,1971-05-13,07
71LA01358,71,2,6200,3,75,750,3998,18,1,,2,20,,1,07,,1,113,5,,0,3,,,,,,1,8,18,3406,18,1,64,75,6,1,,1,1,10.4,10,,1,1,1971-04-23,07
71LA01359,71,1,6081,3,78,780,4004,18,1,,2,20,,1,07,,1,110,5,,0,4,,,,,,1,8,18,3452,18,1,80,78,6,1,,1,1,11.4,10,,2,1,1971-04-20,07
71LA01360,71,2,5684,3,78,782,4015,18,1,,2,20,,1,07,,1,102,5,,0,4,,,,,,1,8,18,3789,18,1,78,78,6,1,,1,1,11.0,10,,1,1,1971-04-12,07
71LA01361,71,2,5366,3,72,920,4016,18,1,,2,20,,1,07,,1,96,8,,0,3,,,,,,1,8,18,4074,18,1,63,72,3,1,,1,2,7.6,10,,1,1,1971-04-06,07
71LA01362,71,2,5367,3,72,920,4016,18,1,,2,20,,1,07,,1,96,8,,181,3,,6,,,&,,8,18,4074,18,0,0,72,3,1,,0,0,5.0,0,,1,2,1971-04-06,07
71LA01363,71,2,5527,3,70,702,4019,18,1,,2,20,,1,07,,1,98,5,,0,4,,,,,,1,8,18,3654,18,1,68,70,2,1,,1,1,10.8,10,,1,1,1971-04-08,07
71LA01364,71,,,0,73,731,4027,18,1,,2,20,,,07,,,133,,,0,,,,,,,,8,18,3402,18,1,0,73,6,0,,0,0,0.0,0,,2,1,1971-05-13,07
71LA01365,71,2,6055,3,76,761,4031,18,1,,2,20,,1,07,,1,110,8,,0,3,,,,,,2,8,18,3528,18,1,64,76,6,1,,1,2,7.4,10,,1,1,1971-04-20,07
71LA01366,71,1,6056,3,76,761,4031,18,1,,2,20,,1,07,,1,110,8,,160,3,,6,,,&,,8,18,3528,18,0,0,76,6,1,,0,0,7.6,0,,1,2,1971-04-20,07
71LA01367,71,1,6113,3,75,750,4047,18,1,,2,20,,1,07,,1,111,5,,0,4,,,,,,1,8,18,3406,18,1,68,75,6,1,,1,1,10.6,10,,2,1,1971-04-21,07
71LA01368,71,2,5732,3,76,760,4048,18,1,,2,20,,1,07,,1,104,5,,0,4,,,,,,1,8,18,3516,18,1,68,76,6,1,,1,1,10.8,10,,1,1,1971-04-14,07
71LA01369,71,2,5206,3,73,730,4049,18,1,,2,20,,1,07,,1,93,8,,125,3,,6,,,,,8,18,3396,18,1,0,73,6,1,,1,2,8.0,0,,2,1,1971-04-03,07
71LA01370,71,2,5207,3,73,730,4049,18,1,,2,20,,1,07,,1,93,8,,125,3,,6,,,,,8,18,3396,18,0,0,73,6,1,,0,0,6.8,0,,2,2,1971-04-03,07
71LA01371,71,1,5685,3,70,700,4052,18,1,,2,20,,1,07,,1,102,5,,0,4,,,,,,1,8,18,3564,18,1,84,70,2,1,,1,1,10.2,10,,1,1,1971-04-12,07
71LA01372,71,2,6175,3,77,772,4055,18,1,,2,20,,1,07,,1,112,5,,0,3,,,,,,1,8,18,4742,18,1,69,77,6,1,,1,1,10.4,10,,1,1,1971-04-22,07
71LA01373,71,2,6023,3,73,731,4059,18,1,,2,20,,1,07,,1,109,5,,0,3,,,,,,1,8,18,3402,18,1,63,73,6,1,,1,1,8.4,10,,1,1,1971-04-19,07
71LA01374,71,2,5644,3,75,752,4062,18,1,,2,20,,1,07,,1,101,8,,0,4,,,,,&,,8,18,3999,18,1,58,75,6,1,,1,2,9.0,5,,1,1,1971-04-11,07
71LA01375,71,1,5645,3,75,752,4062,18,1,,2,20,,1,07,,1,101,8,,0,4,,,,,,1,8,18,3999,18,0,69,75,6,1,,0,0,8.4,10,,1,2,1971-04-11,07
71LA01376,71,2,5525,3,75,752,4063,18,1,,2,20,,1,07,,1,98,5,,0,3,,,,,,1,8,18,3999,18,1,61,75,6,1,,1,1,9.6,10,,2,1,1971-04-08,07
71LA01377,71,2,,0,77,770,4065,18,1,,2,20,,1,07,,1,98,1,,0,4,,1,,575218,+,,8,18,3382,18,1,0,77,6,0,,1,1,8.8,5,,2,1,1971-04-08,07
71LA01378,71,2,6249,3,77,771,4079,18,1,,2,20,,1,07,,1,124,5,,0,2,,,,,,3,8,18,3491,18,1,75,77,6,1,,1,1,10.4,10,,1,1,1971-05-04,07
71LA01379,71,1,5806,3,72,930,4083,18,1,,2,20,,1,07,,1,105,5,,0,3,,,,,,1,8,18,3843,18,1,80,72,3,1,,1,1,10.2,10,,1,1,1971-04-15,07
71LA01380,71,2,6241,3,72,940,4084,18,1,,2,20,,1,07,,1,119,5,,0,3,,,,,,3,8,18,3731,18,1,68,72,3,1,,1,1,9.0,10,,2,1,1971-04-29,07
71LA01381,71,1,6029,3,75,751,4086,18,1,,2,20,,1,07,,1,109,5,,0,5,,,,,,1,8,18,4449,18,1,87,75,6,1,,1,1,12.0,10,,2,1,1971-04-19,07
71LA01382,71,1,5204,3,74,740,4089,18,1,,2,20,,1,07,,1,93,5,,0,4,,,,,,1,8,18,3926,18,1,81,74,6,1,,1,1,12.2,10,,2,1,1971-04-03,07
71LA01383,71,1,5543,3,72,890,4093,18,1,,2,20,,1,07,,1,99,5,,0,4,,,,,,1,8,18,3493,18,1,81,72,3,1,,1,1,10.6,10,,1,1,1971-04-09,07
71LA01384,71,1,6224,3,78,782,4094,18,1,,2,20,,1,07,,1,116,5,,0,4,,,,,,1,8,18,3789,18,1,89,78,6,1,,1,1,12.0,10,,2,1,1971-04-26,07
71LA01385,71,1,6207,3,70,702,4111,18,1,,2,20,,1,07,,1,114,5,,0,4,,,,,,1,8,18,3654,18,1,77,70,2,1,,1,1,10.4,10,,1,1,1971-04-24,07
71LA01386,71,,,0,14,142,3323,41,4,27,5,&0,,,02,,,145,,,0,,,,15,,,,1,42,3946,42,1,0,14,1,0, 6,0,0,0.0,0,,1,1,1971-05-25,02
71LA01387,71,1,5808,4,14,142,4438,41,4,28,5,&0,,1,02,,1,102,8,,0,0,,,26,,&,,1,42,3946,42,1,84,14,1,1, 6,1,2,7.6,5,,1,1,1971-04-12,02
71LA01388,71,1,5809,4,14,142,4438,41,4,28,5,&0,,1,02,,1,102,8,,0,0,,,26,978014,-,1,1,42,3946,42,0,71,14,1,1, 6,0,0,8.2,5,,1,2,1971-04-12,02
71LA01389,71,2,,0,08,082,5797,41,4,30,5,00,,5,02,,1,137,1,,0,3,,1,23,,,,1,42,3029,42,1,0,08,1,0, 7,1,1,13.0,0,,1,1,1971-05-17,02
71LA01390,71,1,5762,4,14,142,5965,41,4,48,5,00,,1,02,,1,96,5,,0,4,,,28,,,1,1,42,3946,42,1,87,14,1,1, 7,1,1,12.4,10,,1,1,1971-04-06,02
71LA01391,71,1,5768,4,08,082,6099,41,4,30,5,00,,1,02,,1,97,5,,0,4,,,25,,,6,1,42,3029,42,1,76,08,1,1, 6,1,1,9.6,10,,1,1,1971-04-07,02
71LA01392,71,,,0,14,142,7833,41,4,37,5,80,,,02,,,127,,,0,,,,30,,,,1,42,3946,42,1,0,14,1,0, 7,0,0,0.0,0,,1,1,1971-05-07,02
71LA01393,71,1,6917,4,07,072,7854,41,4,32,5,80,,1,02,,1,125,8,,0,3,,,26,,,1,1,42,3320,42,1,53,07,1,1, 7,1,2,12.0,10,,1,1,1971-05-05,02
71LA01394,71,2,6918,4,07,072,7854,41,4,32,5,80,,1,02,,1,125,8,,0,3,,,26,,,1,1,42,3320,42,0,50,07,1,1, 7,0,0,9.6,10,,1,2,1971-05-05,02
71LA01395,71,,,0,07,072,7916,41,4,32,5,80,,,02,,,127,,,0,,,,27,,,,1,42,3320,42,1,0,07,1,0, 6,0,0,0.0,0,,1,1,1971-05-07,02
71LA01396,71,2,6337,4,14,142,7960,41,4,29,5,80,,1,02,,1,111,8,,0,3,,,19,,,6,1,42,3946,42,1,52,14,1,1, 6,1,2,11.0,10,,1,1,1971-04-21,02
71LA01397,71,2,6338,4,14,142,7960,41,4,29,5,80,,1,02,,3,111,8,,117,3,,6,19,,,,1,42,3946,42,0,0,14,1,1, 6,0,0,10.0,0,03,1,2,1971-04-21,02
71LA01398,71,1,5779,4,14,142,8044,41,4,37,5,80,,1,02,,1,100,8,,0,3,,,43,,&,,1,42,3946,42,1,106,14,1,1, 7,1,2,10.6,5,,1,1,1971-04-10,02
71LA01399,71,1,5780,4,14,142,8044,41,4,37,5,80,,1,02,,1,100,8,,0,3,,,43,,,1,1,42,3946,42,0,67,14,1,1, 7,0,0,9.8,10,,1,2,1971-04-10,02
71LA01400,71,1,5777,4,03,032,8170,41,4,29,5,80,,1,02,,1,99,5,,0,3,,,30,,,1,1,42,3342,42,1,70,03,1,1, 7,1,1,8.4,10,,1,1,1971-04-09,02
71LA01401,71,,,0,03,032,8189,41,4,29,5,80,,,02,,,36,,,0,,,,30,,,,1,42,3342,42,0,0,03,1,0, 6,0,0,0.0,0,,1,1,,02
71LA01402,71,1,5753,4,08,082,8232,41,4,34,5,80,,1,02,,1,92,5,,0,4,,,24,,,6,1,42,3029,42,1,100,08,1,1, 6,1,1,10.4,10,,1,1,1971-04-02,02
71LA01403,71,2,6734,4,07,072,8243,41,4,30,5,80,,1,02,,1,117,8,,0,3,,,26,,,6,1,42,3320,42,1,58,07,1,1, 6,1,2,8.0,10,,1,1,1971-04-27,02
71LA01404,71,1,6735,4,07,072,8243,41,4,30,5,80,,1,02,,1,117,8,,0,3,,,26,,,6,1,42,3320,42,0,70,07,1,1, 6,0,0,9.6,10,,1,2,1971-04-27,02
71LA01405,71,,,0,08,082,8454,41,4,36,5,80,,,02,,,115,,,0,,,,49,,,,1,42,3029,42,0,0,08,1,0, 7,0,0,0.0,0,,1,1,1971-04-25,02
71LA01406,71,2,6602,4,08,082,8492,41,4,31,5,80,,1,02,,1,114,5,,0,4,,,24,282462,+,1,1,42,3029,42,1,60,08,1,1, 6,1,1,10.2,15,,1,1,1971-04-24,02
71LA01407,71,1,6529,4,07,072,8588,41,4,32,5,80,,1,02,,1,113,8,,0,3,,,27,,,1,1,42,3320,42,1,72,07,1,1, 7,1,2,10.4,10,,1,1,1971-04-23,02
71LA01408,71,1,6530,4,07,072,8588,41,4,32,5,80,,1,02,,1,113,8,,0,3,,,27,,&,,1,42,3320,42,0,65,07,1,1, 7,0,0,9.0,5,,1,2,1971-04-23,02
71LA01409,71,,,0,14,142,8596,41,4,40,5,80,,,02,1,,0,,,0,,,,40,,,,1,42,3946,42,1,0,14,1,0, 7,0,0,0.0,0,,1,1,,02
71LA01410,71,3,8126,9,00,142,8596,41,4,,5,80,,5,50,2,1,142,8,,0,3,,,40,,,1,1,90,0000,98,1,49,14,0,1, 7,1,2,12.4,10,,1,1,1971-05-22,02
71LA01411,71,2,8127,9,00,142,8596,41,4,,5,80,,5,50,2,1,142,8,,0,3,,6,40,,,,1,90,0000,98,0,0,14,0,1, 7,0,0,8.8,0,,1,2,1971-05-22,02
71LA01412,71,,,0,03,032,8745,41,4,31,5,80,,,02,1,,0,,,0,,,,43,,,,1,42,3342,42,1,0,03,1,0, 6,0,0,0.0,0,,1,1,,02
71LA01413,71,2,8096,9,00,032,8745,41,4,,5,80,,5,50,2,1,134,5,,0,3,,,43,,,6,1,90,0000,98,1,47,03,0,1, 6,1,1,9.2,10,,1,1,1971-05-14,02
71LA01414,71,1,6179,4,72,922,8810,41,4,,5,70,,1,02,,1,108,8,,0,3,,,,,,1,1,42,3652,42,1,73,72,3,1,,1,2,9.6,10,,2,1,1971-04-18,02
71LA01415,71,1,6180,4,72,922,8810,41,4,,5,70,,1,02,,1,108,8,,0,3,,,,,,2,1,42,3652,42,0,85,72,3,1,,0,0,9.0,10,,2,2,1971-04-18,02
71LA01416,71,2,6461,4,72,912,8876,41,4,,5,70,,2,02,,1,112,8,,0,3,,,,156842,-,3,1,42,3592,42,0,56,72,3,1,,0,0,9.4,5,,2,2,1971-04-22,02
71LA01417,71,1,6460,4,72,912,8876,41,4,,5,70,,1,02,,1,112,8,,0,3,04,,,,,2,1,42,3592,42,1,68,72,3,1,,1,2,11.6,10,,2,1,1971-04-22,02
71LA01418,71,2,6830,4,72,902,8877,41,4,,5,70,,1,02,,1,119,5,,0,4,,,,,,3,1,42,4237,42,1,54,72,3,1,,1,1,12.4,10,,2,1,1971-04-29,02
71LA01419,71,2,6605,4,73,732,8990,41,4,,5,70,,1,02,,1,114,5,,0,4,,,,,,3,1,42,4076,42,1,93,73,6,1,,1,1,13.4,10,,1,1,1971-04-24,02
71LA01420,71,1,6171,4,73,732,9018,41,4,,5,70,,1,02,,1,108,5,,0,4,,,,593918,+,2,1,42,4076,42,1,66,73,6,1,,1,1,7.8,10,,2,1,1971-04-18,02
71LA01421,71,2,6617,4,73,731,9046,41,4,,5,70,,1,02,,1,114,8,,0,0,,,,,&,,1,42,4146,42,0,78,73,6,1,,0,0,10.6,5,,1,2,1971-04-24,02
71LA01422,71,2,6616,4,73,731,9046,41,4,,5,70,,1,02,,1,114,8,,0,0,,,,,&,,1,42,4146,42,1,70,73,6,1,,1,2,10.8,5,57,1,1,1971-04-24,02
71LA01423,71,2,6330,4,78,781,9073,41,4,,5,70,,1,02,,1,111,8,,0,3,,,,,,2,1,42,4414,42,1,83,78,6,1,,1,2,9.0,10,,2,1,1971-04-21,02
71LA01424,71,1,6331,4,78,781,9073,41,4,,5,70,,1,02,,1,111,8,,0,3,,,,,,3,1,42,4414,42,0,96,78,6,1,,0,0,8.0,10,,2,2,1971-04-21,02
71LA01425,71,2,6933,4,72,822,9106,41,4,,5,70,,1,02,,3,133,5,,0,4,,,,,,3,1,42,3474,42,1,64,72,3,1,,1,1,11.8,10,,1,1,1971-05-13,02
71LA01426,71,1,6685,4,72,812,9107,41,4,,5,70,,1,02,,1,116,8,,0,4,,,,,,3,1,42,3407,42,0,69,72,3,1,,0,0,10.4,10,,1,2,1971-04-26,02
71LA01427,71,1,6684,4,72,812,9107,41,4,,5,70,,1,02,,1,116,8,,0,4,07,,,,,3,1,42,3407,42,1,82,72,3,1,,1,2,10.4,10,,1,1,1971-04-26,02
71LA01428,71,1,6860,4,77,772,9128,41,4,,5,70,,1,02,,1,120,8,,0,3,,,,,,3,1,42,5277,42,1,73,77,6,1,,1,2,10.8,10,,1,1,1971-04-30,02
71LA01429,71,2,6861,4,77,772,9128,41,4,,5,70,,1,02,,1,120,8,,0,3,,,,,,3,1,42,5277,42,0,70,77,6,1,,0,0,11.2,10,,1,2,1971-04-30,02
71LA01430,71,1,6825,4,70,702,9135,41,4,,5,70,,1,02,,1,119,8,,0,4,,,,,,3,1,42,4337,42,1,83,70,2,1,,1,2,13.2,10,,2,1,1971-04-29,02
71LA01431,71,2,6826,4,70,702,9135,41,4,,5,70,,1,02,,1,119,8,,0,4,,,,,,3,1,42,4337,42,0,54,70,2,1,,0,0,11.6,10,,2,2,1971-04-29,02
71LA01432,71,1,6485,4,72,802,9165,41,4,,5,70,,1,02,,1,113,5,,0,4,,,,,,3,1,42,3984,42,1,59,72,3,1,,1,1,10.0,10,,2,1,1971-04-23,02
71LA01433,71,1,5846,4,07,072,9204,41,4,29,5,70,,1,02,,1,103,8,,119,1,,6,26,,,,1,42,3320,42,1,0,07,1,1, 7,1,2,7.4,0,,1,1,1971-04-13,02
71LA01434,71,2,5847,4,07,072,9204,41,4,29,5,70,,1,02,,1,103,8,,0,1,,,26,,&,,1,42,3320,42,0,75,07,1,1, 7,0,0,6.0,5,60,1,2,1971-04-13,02
71LA01435,71,1,6539,4,73,730,9255,41,4,,5,70,,1,02,,1,113,8,,0,4,,,,,,3,1,42,3860,42,1,73,73,6,1,,1,2,12.0,10,,1,1,1971-04-23,02
71LA01436,71,2,6540,4,73,730,9255,41,4,,5,70,,1,02,,1,113,8,,0,4,,,,,,3,1,42,3860,42,0,75,73,6,1,,0,0,10.0,10,,1,2,1971-04-23,02
71LA01437,71,1,6595,4,70,701,9277,41,4,,5,70,,1,02,,1,114,5,,119,2,,6,,,,,1,42,3660,42,1,0,70,2,1,,1,1,7.2,0,,1,1,1971-04-24,02
71LA01438,71,1,6236,4,78,780,9421,41,4,,5,70,,1,02,,1,109,5,,0,4,,,,,,2,1,42,4186,42,1,100,78,6,1,,1,1,11.0,10,,2,1,1971-04-19,02
71LA01439,71,,,0,07,072,9424,41,4,33,5,70,,,02,,,139,,,0,,,,37,,,,1,42,3320,42,1,0,07,1,0, 6,0,0,0.0,0,,1,1,1971-05-19,02
71LA01440,71,1,6106,4,77,771,9427,41,4,,5,70,,1,02,,1,107,5,,0,4,,,,,,2,1,42,3932,42,1,105,77,6,1,,1,1,13.6,10,,2,1,1971-04-17,02
71LA01441,71,1,6038,4,77,770,9471,41,4,,5,70,,1,02,,1,106,8,,0,3,,,,,,2,1,42,3674,42,1,77,77,6,1,,1,2,6.8,10,,1,1,1971-04-16,02
71LA01442,71,1,6039,4,77,770,9471,41,4,,5,70,,1,02,,1,106,8,,112,3,,6,,,,,1,42,3674,42,0,0,77,6,1,,0,0,6.6,0,,1,2,1971-04-16,02
71LA01443,71,2,5868,4,72,992,9505,41,4,,5,70,,1,02,,3,103,5,,0,3,04,,,,,2,1,42,3370,42,1,61,72,3,1,,1,1,9.4,10,,1,1,1971-04-13,02
71LA01444,71,1,5977,4,72,982,9510,41,4,,5,70,,1,02,,1,105,8,,0,1,,,,,&,,1,42,4339,42,1,93,72,3,1,,1,2,8.8,5,,2,1,1971-04-15,02
71LA01445,71,1,5978,4,72,982,9510,41,4,,5,70,,1,02,,1,105,8,,0,1,,,,,&,,1,42,4339,42,0,85,72,3,1,,0,0,8.0,5,,2,2,1971-04-15,02
71LA01446,71,2,6380,4,14,142,9542,41,4,31,5,70,,1,02,,1,111,5,,0,5,,,28,,,6,1,42,3946,42,1,51,14,1,1, 6,1,1,12.8,10,,1,1,1971-04-21,02
71LA01447,71,2,6632,4,77,772,9618,41,4,,5,70,,1,02,,1,115,5,,0,4,,,,,,3,1,42,5277,42,1,84,77,6,1,,1,1,13.0,10,,2,1,1971-04-25,02
71LA01448,71,1,6804,4,78,782,9636,41,4,,5,70,,3,02,,1,119,8,,0,4,,,,,,3,1,42,4301,42,1,72,78,6,1,,1,2,10.2,10,,1,1,1971-04-29,02
71LA01449,71,2,6805,4,78,782,9636,41,4,,5,70,,1,02,,1,119,8,,0,4,,,,,,3,1,42,4301,42,0,64,78,6,1,,0,0,9.6,10,,1,2,1971-04-29,02
71LA01450,71,1,6431,4,78,781,9638,41,4,,5,70,,1,02,,1,112,5,,0,5,,,,,,2,1,42,4414,42,1,78,78,6,1,,1,1,11.4,10,,1,1,1971-04-22,02
71LA01451,71,1,6489,4,77,771,9678,41,4,,5,70,,1,02,,1,113,8,,0,4,,,,,,2,1,42,3932,42,1,66,77,6,1,,1,2,11.4,10,,1,1,1971-04-23,02
71LA01452,71,1,6490,4,77,771,9678,41,4,,5,70,,1,02,,1,113,8,,0,4,,,,,,2,1,42,3932,42,0,75,77,6,1,,0,0,10.4,10,,1,2,1971-04-23,02
71LA01453,71,,,0,70,700,9689,41,4,,5,70,,,02,,,133,,,0,,,,,,,,1,42,3431,42,1,0,70,2,0,,0,0,0.0,0,,1,1,1971-05-13,02
71LA01454,71,2,6565,4,70,702,9712,41,4,,5,70,,1,02,,1,114,5,,119,3,,6,,,,,1,42,4337,42,1,0,70,2,1,,1,1,12.0,0,,1,1,1971-04-24,02
71LA01455,71,1,6212,4,70,701,9744,41,4,,5,70,,1,02,,1,109,8,,0,4,,,,,,2,1,42,3660,42,1,68,70,2,1,,1,2,10.4,10,,2,1,1971-04-19,02
71LA01456,71,1,6213,4,70,701,9744,41,4,,5,70,,1,02,,1,109,8,,0,4,,,,,,2,1,42,3660,42,0,75,70,2,1,,0,0,10.4,10,,2,2,1971-04-19,02
71LA01457,71,2,5960,4,74,741,9753,41,4,,4,60,,1,02,,1,105,5,2,0,4,,,,,,2,1,42,3788,42,1,91,74,6,1,,1,1,11.8,10,,1,1,1971-04-15,02
71LA01458,71,1,6216,4,74,742,9770,41,4,,4,60,,1,02,,1,109,5,4,0,3,,,,,,2,1,42,4176,42,1,90,74,6,1,,1,1,11.4,10,,1,1,1971-04-19,02
71LA01459,71,2,6259,4,77,770,9776,41,4,,4,60,,1,02,,1,110,5,4,0,4,,,,,,2,1,42,3674,42,1,79,77,6,1,,1,1,10.8,10,,2,1,1971-04-20,02
71LA01460,71,2,6818,4,77,772,9777,41,4,,4,60,,1,02,,1,119,5,2,0,5,,,,,,3,1,42,5277,42,1,87,77,6,1,,1,1,13.2,10,,1,1,1971-04-29,02
71LA01461,71,2,6208,4,78,780,9778,41,4,,4,60,,1,02,,1,109,8,4,0,4,,,,,,2,1,42,4186,42,1,86,78,6,1,,1,2,11.6,10,,1,1,1971-04-19,02
71LA01462,71,1,6209,4,78,780,9778,41,4,,4,60,,1,02,,1,109,8,4,112,4,,6,,,,,1,42,4186,42,0,0,78,6,1,,0,0,11.2,0,,1,2,1971-04-19,02
71LA01463,71,3,8040,9,00,762,9785,41,4,,4,60,,1,05,3,3,108,8,4,0,3,,,,,,,1,90,0931,62,1,75,76,0,1,,1,2,10.4,10,,1,1,1971-04-18,02
71LA01464,71,3,8041,9,00,762,9785,41,4,,4,60,,1,05,3,1,108,8,4,0,3,,,,,,,1,90,0931,62,0,77,76,0,1,,0,0,10.0,10,,1,2,1971-04-18,02
71LA01465,71,1,6922,4,70,700,9788,41,4,,4,60,,1,02,,1,127,5,2,0,4,,,,,,3,1,42,3431,42,1,80,70,2,1,,1,1,11.0,10,,2,1,1971-05-07,02
71LA01466,71,1,6378,4,76,760,9789,41,4,,4,60,,2,02,,1,111,8,2,0,4,,,,,,2,1,42,3730,42,1,83,76,6,1,,1,2,11.8,10,,1,1,1971-04-21,02
71LA01467,71,2,6379,4,76,760,9789,41,4,,4,60,,3,02,,3,111,8,2,0,4,,,,,,2,1,42,3730,42,0,71,76,6,1,,0,0,10.6,10,,1,2,1971-04-21,02
71LA01468,71,1,6579,4,77,771,9800,41,4,,4,60,,1,02,,3,114,5,2,0,5,,,,,,3,1,42,3932,42,1,98,77,6,1,,1,1,15.4,10,,2,1,1971-04-24,02
71LA01469,71,1,6073,4,72,972,9802,41,4,,4,60,,1,02,,1,107,8,4,0,4,,,,,,2,1,42,3735,42,1,71,72,3,1,,1,2,10.0,10,,1,1,1971-04-17,02
71LA01470,71,2,6074,4,72,972,9802,41,4,,4,60,,1,02,,1,107,8,4,0,4,,,,,&,,1,42,3735,42,0,84,72,3,1,,0,0,7.8,5,,1,2,1971-04-17,02
71LA01471,71,1,6894,4,03,032,9804,41,4,31,4,60,,1,02,,1,122,5,,0,2,,6,26,,,,1,42,3342,42,1,0,03,1,1, 7,1,1,8.4,0,,1,1,1971-05-02,02
71LA01472,71,2,6097,4,76,761,9805,41,4,,4,60,,1,02,,1,107,5,4,0,4,,,,,,2,1,42,3963,42,1,95,76,6,1,,1,1,12.0,10,,2,1,1971-04-17,02
71LA01473,71,1,6743,4,75,752,9813,41,4,,4,60,,1,02,,1,117,5,2,0,4,,,,,,3,1,42,4395,42,1,95,75,6,1,,1,1,10.8,10,,2,1,1971-04-27,02
71LA01474,71,2,6091,4,74,741,9815,41,4,,4,60,,1,02,,1,107,8,2,0,4,,,,,,2,1,42,3788,42,1,72,74,6,1,,1,2,12.4,10,,2,1,1971-04-17,02
71LA01475,71,2,6092,4,74,741,9815,41,4,,4,60,,1,02,,1,107,8,2,0,4,,,,,,2,1,42,3788,42,0,67,74,6,1,,0,0,11.4,10,,2,2,1971-04-17,02
71LA01476,71,1,6258,4,73,732,9816,41,4,,4,60,,1,02,,1,110,5,4,0,4,,,,940814,-,6,1,42,4076,42,1,98,73,6,1,,1,1,12.2,5,,1,1,1971-04-20,02
71LA01477,71,2,6372,4,78,782,9817,41,4,,4,60,,2,02,,1,111,5,2,0,4,,,,,,2,1,42,4301,42,1,79,78,6,1,,1,1,11.0,10,,2,1,1971-04-21,02
71LA01478,71,2,5997,4,74,740,9824,41,4,,4,60,,1,02,,1,105,5,2,0,4,,,,,,2,1,42,3553,42,1,90,74,6,1,,1,1,13.2,10,,1,1,1971-04-15,02
71LA01479,71,1,,0,73,731,9825,41,4,,4,60,,1,02,,1,101,1,2,0,0,,1,,,,,1,42,4146,42,1,0,73,6,0,,1,1,8.0,0,,2,1,1971-04-11,02
71LA01480,71,2,6584,4,78,781,9849,41,4,,4,60,,1,02,,1,114,8,4,0,3,,,,,,3,1,42,4414,42,1,80,78,6,1,,1,2,10.0,10,,2,1,1971-04-24,02
71LA01481,71,2,6585,4,78,781,9849,41,4,,4,60,,1,02,,6,114,8,4,0,3,,,,,&,,1,42,4414,42,0,50,78,6,1,,0,0,7.0,5,,2,2,1971-04-24,02
71LA01482,71,1,5816,4,77,770,9850,41,4,,4,60,,1,02,,1,102,5,4,0,4,,,,,,2,1,42,3674,42,1,90,77,6,1,,1,1,12.2,10,,1,1,1971-04-12,02
71LA01483,71,1,6506,4,78,780,9864,41,4,,4,60,,1,02,,1,113,8,4,0,5,09,,,,,3,1,42,4186,42,1,66,78,6,1,,1,2,9.6,10,,2,1,1971-04-23,02
71LA01484,71,1,6507,4,78,780,9864,41,4,,4,60,,1,02,,1,113,8,4,0,5,,,,,,3,1,42,4186,42,0,76,78,6,1,,0,0,10.4,10,,2,2,1971-04-23,02
71LA01485,71,2,5996,4,78,782,9872,41,4,,4,60,,1,02,,1,105,5,4,0,4,,,,,,2,1,42,4301,42,1,95,78,6,1,,1,1,11.8,10,,1,1,1971-04-15,02
71LA01486,71,1,6242,4,74,742,9874,41,4,,4,60,,1,02,,1,109,5,4,0,3,,,,,,2,1,42,4176,42,1,85,74,6,1,,1,1,10.6,10,,2,1,1971-04-19,02
71LA01487,71,2,6214,4,77,771,9882,41,4,,4,60,,1,02,,1,109,8,2,0,3,,6,,,,,1,42,3932,42,1,0,77,6,1,,1,2,8.8,0,,1,1,1971-04-19,02
71LA01488,71,1,6215,4,77,771,9882,41,4,,4,60,,1,02,,1,109,8,2,0,3,,,,946361,-,2,1,42,3932,42,0,93,77,6,1,,0,0,8.2,5,,1,2,1971-04-19,02
71LA01489,71,1,6526,4,72,962,9894,41,4,,4,60,,1,02,,1,113,8,4,0,4,,,,,,3,1,42,4140,42,1,52,72,3,1,,1,2,9.4,10,,2,1,1971-04-23,02
71LA01490,71,2,6527,4,72,962,9894,41,4,,4,60,,1,02,,1,113,8,4,0,4,,,,,,3,1,42,4140,42,0,65,72,3,1,,0,0,10.8,10,,2,2,1971-04-23,02
71LA01491,71,1,6702,4,73,730,9896,41,4,,4,60,,1,02,,1,116,5,2,0,4,,,,,,3,1,42,3860,42,1,88,73,6,1,,1,1,12.2,10,,2,1,1971-04-26,02
71LA01492,71,1,6430,4,75,751,9907,41,4,,4,60,,1,02,,1,112,5,2,0,3,,,,,,2,1,42,4305,42,1,63,75,6,1,,1,1,9.4,10,,2,1,1971-04-22,02
71LA01493,71,1,6119,4,70,702,9912,41,4,,4,60,,1,02,,1,107,8,,0,4,,,,,,2,1,42,4337,42,1,82,70,2,1,,1,2,11.6,10,,2,1,1971-04-17,02
71LA01494,71,1,6120,4,70,702,9912,41,4,,4,60,,1,02,,1,107,8,,0,4,,,,,,2,1,42,4337,42,0,76,70,2,1,,0,0,9.4,10,,2,2,1971-04-17,02
71LA01495,71,1,6016,4,70,701,9923,41,4,,4,60,,1,02,,1,106,5,4,0,4,,,,,,2,1,42,3660,42,1,97,70,2,1,,1,1,10.8,10,,1,1,1971-04-16,02
71LA01496,71,1,6082,4,07,072,9925,41,4,35,4,60,,1,02,,1,107,8,,0,3,,6,24,,,,1,42,3320,42,1,0,07,1,1, 6,1,2,9.4,0,,1,1,1971-04-17,02
71LA01497,71,1,6083,4,07,072,9925,41,4,35,4,60,,1,02,,1,107,8,,0,3,,,24,,&,,1,42,3320,42,0,67,07,1,1, 6,0,0,9.0,5,,1,2,1971-04-17,02
71LA01498,71,,,0,74,741,9928,41,4,,4,60,,,02,,,95,,4,0,,,,,,,,1,42,3788,42,0,0,74,6,0,,0,0,0.0,0,,1,1,1971-04-05,02
71LA01499,71,1,6062,4,75,750,9935,41,4,,4,60,,1,02,,1,106,8,4,0,4,,,,,,2,1,42,3610,42,1,78,75,6,1,,1,2,11.8,10,,1,1,1971-04-16,02
71LA01500,71,1,6063,4,75,750,9935,41,4,,4,60,,1,02,,1,106,8,4,0,4,,,,,,2,1,42,3610,42,0,63,75,6,1,,0,0,9.8,10,,1,2,1971-04-16,02
71LA01501,71,1,6041,4,72,952,9941,41,4,,4,60,,1,02,,1,106,8,2,0,3,,,,,,2,1,42,4387,42,1,63,72,3,1,,1,2,9.0,10,,1,1,1971-04-16,02
71LA01502,71,2,6042,4,72,952,9941,41,4,,4,60,,1,02,,1,106,8,2,0,3,,,,,,,1,42,4387,42,0,60,72,3,1,,0,0,8.6,10,,1,2,1971-04-16,02
71LA01503,71,2,6381,4,70,700,9951,41,4,,4,60,,1,02,,1,111,5,2,0,5,10,,,,,2,1,42,3431,42,1,92,70,2,1,,1,1,12.6,10,,1,1,1971-04-21,02
71LA01504,71,1,6653,4,74,740,9960,41,4,,4,60,,1,02,,1,115,5,4,0,3,,,,,,3,1,42,3553,42,1,97,74,6,1,,1,1,10.8,10,,2,1,1971-04-25,02
71LA01505,71,1,6462,4,74,742,9963,41,4,,4,60,,1,02,,3,112,8,2,0,5,,,,,,2,1,42,4176,42,1,82,74,6,1,,1,2,11.4,10,,1,1,1971-04-22,02
71LA01506,71,1,6463,4,74,742,9963,41,4,,4,60,,1,02,,1,112,8,2,0,5,,,,,,2,1,42,4176,42,0,87,74,6,1,,0,0,11.4,10,,1,2,1971-04-22,02
71LA01507,71,1,6013,4,78,781,9964,41,4,,4,60,,1,02,,1,106,5,,0,4,,,,,,2,1,42,4414,42,1,100,78,6,1,,1,1,13.2,10,,1,1,1971-04-16,02
71LA01508,71,1,6693,4,72,942,9966,41,4,,4,60,,1,02,,1,116,8,4,0,4,,,,,,3,1,42,3404,42,1,59,72,3,1,,1,2,8.8,10,,2,1,1971-04-26,02
71LA01509,71,1,6694,4,72,942,9966,41,4,,4,60,,1,02,,1,116,8,4,0,4,,,,,,3,1,42,3404,42,0,80,72,3,1,,0,0,10.6,10,,2,2,1971-04-26,02
71LA01510,71,1,5908,4,75,752,9981,41,4,,4,60,,1,02,,1,104,8,4,0,4,,,,,,2,1,42,4395,42,1,102,75,6,1,,1,2,12.2,10,,1,1,1971-04-14,02
71LA01511,71,1,5909,4,75,752,9981,41,4,,4,60,,1,02,,1,104,8,4,0,4,,,,,&,,1,42,4395,42,0,108,75,6,1,,0,0,11.0,5,35,1,2,1971-04-14,02
71LA01512,71,2,5979,4,73,732,9984,41,4,,4,60,,1,02,,1,105,8,4,0,4,,,,,,2,1,42,4076,42,1,71,73,6,1,,1,2,10.6,10,,2,1,1971-04-15,02
71LA01513,71,1,5980,4,73,732,9984,41,4,,4,60,,1,02,,1,105,8,4,0,4,,,,,,2,1,42,4076,42,0,79,73,6,1,,0,0,10.0,10,,2,2,1971-04-15,02
71LA01514,71,2,6502,4,77,772,9995,41,4,,4,60,,1,02,,1,113,8,2,0,4,,,,,,3,1,42,5277,42,1,76,77,6,1,,1,2,11.0,10,,2,1,1971-04-23,02
71LA01515,71,2,6503,4,77,772,9995,41,4,,4,60,,1,02,,1,113,8,2,0,4,,,,,,3,1,42,5277,42,0,69,77,6,1,,0,0,11.4,10,,2,2,1971-04-23,02
71LA01516,71,2,6126,4,08,082,0014,42,4,29,4,60,,1,02,,1,107,5,,0,4,,,25,,,6,2,42,3029,42,1,81,08,1,1, 6,1,1,10.4,10,60,1,1,1971-04-17,02
71LA01517,71,2,6731,4,74,741,0024,42,4,,4,60,,1,02,,1,117,5,4,0,4,,,,,,3,2,42,3788,42,1,81,74,6,1,,1,1,14.4,10,,1,1,1971-04-27,02
71LA01518,71,1,5842,4,07,072,0026,42,4,32,4,60,,1,02,,1,103,5,,0,3,,,28,,,6,2,42,3320,42,1,78,07,1,1, 6,1,1,11.4,10,,1,1,1971-04-13,02
71LA01519,71,2,5787,4,77,770,0029,42,4,,4,60,,1,02,,1,100,8,4,0,4,,,,,,2,2,42,3674,42,1,74,77,6,1,,1,2,9.8,10,,2,1,1971-04-10,02
71LA01520,71,1,5788,4,77,770,0029,42,4,,4,60,,1,02,,1,100,8,4,0,4,,,,,,,2,42,3674,42,0,56,77,6,1,,0,0,10.0,10,,2,2,1971-04-10,02
71LA01521,71,2,6026,4,78,780,0033,42,4,,4,60,,1,02,,1,106,5,2,0,4,11,,,,,2,2,42,4186,42,1,83,78,6,1,,1,1,10.2,10,,2,1,1971-04-16,02
71LA01522,71,2,6593,4,76,762,0041,42,4,,4,60,,1,02,,1,114,8,4,0,4,,,,,,3,2,42,3466,42,1,72,76,6,1,,1,2,10.2,10,,2,1,1971-04-24,02
71LA01523,71,1,6594,4,76,762,0041,42,4,,4,60,,1,02,,1,114,8,4,0,4,,,,,,3,2,42,3466,42,0,63,76,6,1,,0,0,9.6,10,,2,2,1971-04-24,02
71LA01524,71,1,6160,4,76,761,0042,42,4,,4,60,,1,02,,1,108,8,2,0,3,,,,,,2,2,42,3963,42,1,80,76,6,1,,1,2,10.4,10,,1,1,1971-04-18,02
71LA01525,71,2,6161,4,76,761,0042,42,4,,4,60,,1,02,,1,108,8,2,123,3,,6,,,,,2,42,3963,42,0,0,76,6,1,,0,0,9.2,0,,1,2,1971-04-18,02
71LA01526,71,1,5898,4,72,992,0047,42,4,,4,60,,1,02,,1,104,8,2,0,3,,,,,,2,2,42,3370,42,1,69,72,3,1,,1,2,8.8,10,,1,1,1971-04-14,02
71LA01527,71,1,5899,4,72,992,0047,42,4,,4,60,,1,02,,1,104,8,2,0,3,,,,,,2,2,42,3370,42,0,71,72,3,1,,0,0,8.0,10,,1,2,1971-04-14,02
71LA01528,71,,,0,70,702,0049,42,4,,4,60,,,02,,,115,,2,0,,,,,,,,2,42,4337,42,0,0,70,2,0,,0,0,0.0,0,,2,1,1971-04-25,02
71LA01529,71,,,0,76,760,0062,42,4,,4,60,,,02,,,115,,4,0,,,,,,,,2,42,3730,42,0,0,76,6,0,,0,0,0.0,0,,2,1,1971-04-25,02
71LA01530,71,1,6738,4,77,772,0065,42,4,,4,60,,1,02,,1,117,5,2,0,4,,,,,,3,2,42,5277,42,1,105,77,6,1,,1,1,13.8,10,,2,1,1971-04-27,02
71LA01531,71,2,6261,4,70,701,0072,42,4,,4,60,,1,02,,1,110,5,2,0,4,,,,,,2,2,42,3660,42,1,82,70,2,1,,1,1,13.2,10,,1,1,1971-04-20,02
71LA01532,71,,,0,72,982,0083,42,4,,4,60,,,02,,,133,,4,0,,,,,,,,2,42,4339,42,1,0,72,3,0,,0,0,0.0,0,,2,1,1971-05-13,02
71LA01533,71,2,6182,4,72,972,0084,42,4,,4,60,,1,02,,1,108,5,2,0,5,,,,,,2,2,42,3735,42,1,96,72,3,1,,1,1,14.4,10,,1,1,1971-04-18,02
71LA01534,71,,,0,73,731,0086,42,4,,4,60,,,02,,,137,,4,0,,,,,,,,2,42,4146,42,0,0,73,6,0,,0,0,0.0,0,,2,1,1971-05-17,02
71LA01535,71,2,5886,4,75,751,0097,42,4,,4,60,,1,02,,1,104,8,2,0,4,,,,,,2,2,42,4305,42,1,75,75,6,1,,1,2,10.6,10,,2,1,1971-04-14,02
71LA01536,71,2,5887,4,75,751,0097,42,4,,4,60,,1,02,,1,104,8,2,0,4,,,,,,2,2,42,4305,42,0,74,75,6,1,,0,0,8.4,10,,2,2,1971-04-14,02
71LA01537,71,1,6217,4,74,740,0101,42,4,,4,60,,1,02,,1,109,7,2,0,3,,,,,,2,2,42,3553,42,1,86,74,6,1,,1,2,9.2,10,,1,1,1971-04-19,02
71LA01538,71,2,,0,74,740,0101,42,4,,4,60,,1,02,,1,109,7,2,0,3,,1,,,,,2,42,3553,42,0,0,74,6,0,,0,0,8.8,0,,1,2,1971-04-19,02
71LA01539,71,2,6546,4,75,750,0102,42,4,,4,60,,1,02,,1,113,8,4,0,4,,,,,,3,2,42,3610,42,0,53,75,6,1,,0,0,10.0,10,,1,2,1971-04-23,02
71LA01540,71,1,6545,4,75,750,0102,42,4,,4,60,,1,02,,1,113,8,4,0,4,11,,,,,3,2,42,3610,42,1,65,75,6,1,,1,2,10.4,10,,1,1,1971-04-23,02
71LA01541,71,2,6744,4,74,742,0103,42,4,,4,60,,1,02,,1,117,8,2,0,4,,,,,,3,2,42,4176,42,1,75,74,6,1,,1,2,11.6,10,,1,1,1971-04-27,02
71LA01542,71,1,6745,4,74,742,0103,42,4,,4,60,,1,02,,1,117,8,2,0,4,,,,,,3,2,42,4176,42,0,72,74,6,1,,0,0,9.8,10,,1,2,1971-04-27,02
71LA01543,71,2,6264,4,70,700,0116,42,4,,4,60,,2,02,,1,110,8,4,0,4,,,,,,2,2,42,3431,42,1,73,70,2,1,,1,2,10.8,10,,2,1,1971-04-20,02
71LA01544,71,1,6265,4,70,700,0116,42,4,,4,60,,1,02,,1,110,8,4,0,4,,,,,,2,2,42,3431,42,0,64,70,2,1,,0,0,9.4,10,,2,2,1971-04-20,02
71LA01545,71,2,6143,4,70,702,0125,42,4,,4,60,,1,02,,1,108,8,4,0,4,,,,,,2,2,42,4337,42,1,77,70,2,1,,1,2,12.6,10,,1,1,1971-04-18,02
71LA01546,71,2,6144,4,70,702,0125,42,4,,4,60,,1,02,,1,108,8,4,0,4,,,,,,2,2,42,4337,42,0,81,70,2,1,,0,0,12.6,10,,1,2,1971-04-18,02
71LA01547,71,1,6799,4,77,771,0136,42,4,,4,60,,1,02,,1,118,8,4,0,4,,,,,,3,2,42,3932,42,1,78,77,6,1,,1,2,10.0,10,,1,1,1971-04-28,02
71LA01548,71,2,6800,4,77,771,0136,42,4,,4,60,,1,02,,1,118,8,4,0,4,,,,,,3,2,42,3932,42,0,61,77,6,1,,0,0,8.2,10,,1,2,1971-04-28,02
71LA01549,71,2,5904,4,78,782,0153,42,4,,4,60,,1,02,,1,104,8,2,110,4,,6,,,,,2,42,4301,42,1,0,78,6,1,,1,2,10.2,0,,1,1,1971-04-14,02
71LA01550,71,2,5905,4,78,782,0153,42,4,,4,60,,1,02,,1,104,8,2,0,4,,,,,,1,2,42,4301,42,0,78,78,6,1,,0,0,9.8,10,,1,2,1971-04-14,02
71LA01551,71,2,6759,4,75,752,0166,42,4,,4,60,,1,02,,1,117,8,2,0,3,,,,,,3,2,42,4395,42,1,63,75,6,1,,1,2,9.2,10,,2,1,1971-04-27,02
71LA01552,71,1,6760,4,75,752,0166,42,4,,4,60,,1,02,,1,117,8,2,0,3,,,,,,3,2,42,4395,42,0,73,75,6,1,,0,0,10.0,10,,2,2,1971-04-27,02
71LA01553,71,,,0,75,751,0180,42,4,,4,60,,,02,,,145,,2,0,,,,,,,,2,42,4305,42,0,0,75,6,0,,0,0,0.0,0,,1,1,1971-05-25,02
71LA01554,71,2,6044,4,77,770,0191,42,4,,4,60,,1,02,,1,106,8,4,0,3,,,,,,2,2,42,3674,42,1,61,77,6,1,,1,2,9.0,10,,1,1,1971-04-16,02
71LA01555,71,2,6045,4,77,770,0191,42,4,,4,60,,1,02,,1,106,8,4,0,3,,,,,,2,2,42,3674,42,0,67,77,6,1,,0,0,8.8,10,,1,2,1971-04-16,02
71LA01556,71,2,6846,4,75,750,0209,42,4,,4,60,,1,02,,1,120,8,4,0,4,,,,,,3,2,42,3610,42,1,73,75,6,1,,1,2,9.0,10,,2,1,1971-04-30,02
71LA01557,71,2,6847,4,75,750,0209,42,4,,4,60,,1,02,,1,120,8,4,0,4,,,,,,3,2,42,3610,42,0,52,75,6,1,,0,0,9.2,10,,2,2,1971-04-30,02
71LA01558,71,2,6875,4,70,701,0212,42,4,,4,60,,1,02,,1,121,8,4,0,4,,,,,,3,2,42,3660,42,1,68,70,2,1,,1,2,10.8,10,,2,1,1971-05-01,02
71LA01559,71,2,6876,4,70,701,0212,42,4,,4,60,,1,02,,1,121,8,4,0,4,,,,,,3,2,42,3660,42,0,60,70,2,1,,0,0,9.2,10,,2,2,1971-05-01,02
71LA01560,71,1,6280,4,77,772,0214,42,4,,4,60,,1,02,,1,110,8,2,0,4,,,,,,2,2,42,5277,42,1,65,77,6,1,,1,2,9.4,10,,1,1,1971-04-20,02
71LA01561,71,1,6281,4,77,772,0214,42,4,,4,60,,1,02,,1,110,8,2,0,4,,,,,,2,2,42,5277,42,0,75,77,6,1,,0,0,10.8,10,,1,2,1971-04-20,02
71LA01562,71,1,6725,4,70,700,0215,42,4,,4,60,,1,02,,1,117,8,4,0,2,,,,,,3,2,42,3431,42,1,59,70,2,1,,1,2,11.4,10,,1,1,1971-04-27,02
71LA01563,71,1,6726,4,70,700,0215,42,4,,4,60,,1,02,,1,117,8,4,123,2,,6,,,,,2,42,3431,42,0,0,70,2,1,,0,0,10.6,0,,1,2,1971-04-27,02
71LA01564,71,2,6898,4,75,752,0217,42,4,,4,60,,1,02,,3,122,5,4,0,5,,,,,,3,2,42,4395,42,1,88,75,6,1,,1,1,14.6,10,,1,1,1971-05-02,02
71LA01565,71,1,6403,4,74,741,0219,42,4,,4,60,,1,02,,1,112,8,4,0,4,,,,,,2,2,42,3788,42,1,96,74,6,1,,1,2,10.6,10,,2,1,1971-04-22,02
71LA01566,71,2,6404,4,74,741,0219,42,4,,4,60,,1,02,,1,112,8,4,0,4,,,,,,2,2,42,3788,42,0,71,74,6,1,,0,0,9.4,10,01,2,2,1971-04-22,02
71LA01567,71,2,6708,4,75,751,0228,42,4,,4,60,,1,02,,1,116,5,4,0,4,04,,,,,3,2,42,4305,42,1,78,75,6,1,,1,1,11.8,10,,2,1,1971-04-26,02
71LA01568,71,1,6387,4,73,730,0236,42,4,,4,60,,1,02,,1,111,5,4,0,4,,6,,,,,2,42,3860,42,1,0,73,6,1,,1,1,11.4,0,,2,1,1971-04-21,02
71LA01569,71,2,6141,4,70,702,0241,42,4,,4,60,,1,02,,1,108,8,2,0,4,,,,,,2,2,42,4337,42,1,72,70,2,1,,1,2,12.5,10,60,2,1,1971-04-18,02
71LA01570,71,1,6142,4,70,702,0241,42,4,,4,60,,1,02,,1,108,8,2,0,4,,,,,,2,2,42,4337,42,0,87,70,2,1,,0,0,9.2,10,60,2,2,1971-04-18,02
71LA01571,71,1,6012,4,72,962,0248,42,4,,4,60,,1,02,,1,105,5,4,0,4,,,,,,2,2,42,4140,42,1,113,72,3,1,,1,1,13.2,10,,2,1,1971-04-15,02
71LA01572,71,1,6175,4,77,771,0250,42,4,,4,60,,1,02,,1,108,8,2,0,4,,,,,,2,2,42,3932,42,1,82,77,6,1,,1,2,10.8,10,,2,1,1971-04-18,02
71LA01573,71,2,6176,4,77,771,0250,42,4,,4,60,,1,02,,1,108,8,2,0,4,,,,,,2,2,42,3932,42,0,71,77,6,1,,0,0,9.6,10,21,2,2,1971-04-18,02
71LA01574,71,1,6059,4,75,750,0253,42,4,,4,60,,1,02,,1,106,5,2,160,5,,6,,,,,2,42,3610,42,1,0,75,6,1,,1,1,10.2,0,,1,1,1971-04-16,02
71LA01575,71,2,5991,4,73,732,0272,42,4,,4,60,,1,02,,1,105,6,4,0,5,,,,,,2,2,42,4076,42,1,78,73,6,1,,1,2,7.6,10,,1,1,1971-04-15,02
71LA01576,71,2,,0,73,732,0272,42,4,,4,60,,1,02,,1,105,6,4,0,5,,0,,,,,2,42,4076,42,0,0,73,6,0,,0,0,4.2,0,,1,2,1971-04-15,02
71LA01577,71,2,5769,4,08,082,0274,42,4,33,4,60,,1,02,,1,98,8,,0,4,,,37,,,6,2,42,3029,42,1,71,08,1,1, 6,1,2,8.4,10,,1,1,1971-04-08,02
71LA01578,71,2,5770,4,08,082,0274,42,4,33,4,60,,1,02,,1,98,8,,0,4,,,37,,,6,2,42,3029,42,0,72,08,1,1, 6,0,0,8.2,10,,1,2,1971-04-08,02
71LA01579,71,1,5890,4,73,731,0282,42,4,,4,60,,1,02,,1,104,8,4,0,3,,,,342642,-,2,2,42,4146,42,0,90,73,6,1,,0,0,11.2,5,,1,2,1971-04-14,02
71LA01580,71,2,5889,4,73,731,0282,42,4,,4,60,,1,02,,1,104,8,4,0,3,03,,,,,2,2,42,4146,42,1,70,73,6,1,,1,2,11.2,10,,1,1,1971-04-14,02
71LA01581,71,1,6099,4,72,952,0286,42,4,,4,60,,1,02,,1,107,5,4,0,3,04,,,,,2,2,42,4387,42,1,67,72,3,1,,1,1,12.2,10,,1,1,1971-04-17,02
71LA01582,71,2,,0,73,730,0293,42,4,,4,60,,1,02,,1,112,1,2,0,3,,1,,612718,+,,2,42,3860,42,1,0,73,6,0,,1,1,12.0,5,,1,1,1971-04-22,02
71LA01583,71,2,6052,4,77,770,0305,42,4,,4,60,,1,02,,1,106,5,4,0,4,,,,,,2,2,42,3674,42,1,92,77,6,1,,1,1,12.0,10,,2,1,1971-04-16,02
71LA01584,71,,,0,76,762,0308,42,4,,4,60,,,02,1,,0,,4,0,,,,,,,,2,42,3466,42,1,0,76,6,0,,0,0,0.0,0,,1,1,,02
71LA01585,71,3,8124,9,00,762,0308,42,4,,4,60,,5,50,2,1,142,5,4,0,5,,,,,,3,2,90,0000,98,1,74,76,0,1,,1,1,16.0,10,,1,1,1971-05-22,02
71LA01586,71,1,6559,4,70,701,0330,42,4,,4,60,,1,02,,1,114,5,2,0,4,,,,,,3,2,42,3660,42,1,88,70,2,1,,1,1,9.4,10,,1,1,1971-04-24,02
71LA01587,71,2,5943,4,76,761,0343,42,4,,4,60,,1,02,,1,104,5,4,0,3,,,,,,2,2,42,3963,42,1,88,76,6,1,,1,1,12.2,10,,2,1,1971-04-14,02
71LA01588,71,2,6920,4,74,740,0352,42,4,,4,60,,1,02,,1,125,8,2,0,5,,,,,,3,2,42,3553,42,1,63,74,6,1,,1,2,9.6,10,,2,1,1971-05-05,02
71LA01589,71,2,6921,4,74,740,0352,42,4,,4,60,,1,02,,1,125,8,2,0,5,,,,,,3,2,42,3553,42,0,65,74,6,1,,0,0,8.6,10,,2,2,1971-05-05,02
71LA01590,71,1,6269,4,70,701,0358,42,4,,4,60,,1,02,,1,110,8,4,0,4,,,,,,2,2,42,3660,42,1,79,70,2,1,,1,2,10.2,10,,2,1,1971-04-20,02
71LA01591,71,1,6270,4,70,701,0358,42,4,,4,60,,1,02,,1,110,8,4,0,4,,,,,,2,2,42,3660,42,0,64,70,2,1,,0,0,8.0,10,,2,2,1971-04-20,02
71LA01592,71,1,6105,4,76,760,0361,42,4,,4,60,,1,02,,1,107,5,2,0,4,,,,,,2,2,42,3730,42,1,102,76,6,1,,1,1,16.4,10,,1,1,1971-04-17,02
71LA01593,71,1,6870,4,74,742,0365,42,4,,4,60,,1,02,,1,121,8,2,0,3,,,,,,3,2,42,4176,42,1,58,74,6,1,,1,2,10.6,10,,2,1,1971-05-01,02
71LA01594,71,2,6871,4,74,742,0365,42,4,,4,60,,1,02,,1,121,8,2,0,3,,,,,,3,2,42,4176,42,0,55,74,6,1,,0,0,8.6,10,,2,2,1971-05-01,02
71LA01595,71,1,5848,4,78,781,0368,42,4,,4,60,,1,02,,1,103,8,4,0,3,,,,,,2,2,42,4414,42,1,79,78,6,1,,1,2,11.2,10,,2,1,1971-04-13,02
71LA01596,71,1,5849,4,78,781,0368,42,4,,4,60,,1,02,,1,103,8,4,0,3,,,,,,2,2,42,4414,42,0,79,78,6,1,,0,0,10.6,10,,2,2,1971-04-13,02
71LA01597,71,1,6260,4,73,732,0373,42,4,,4,60,,1,02,,1,110,5,4,0,4,,6,,,,,2,42,4076,42,1,0,73,6,1,,1,1,10.4,0,,2,1,1971-04-20,02
71LA01598,71,2,6022,4,07,072,0404,42,4,35,4,60,,1,02,,1,106,5,,0,4,,,31,,,1,2,42,3320,42,1,68,07,1,1, 7,1,1,11.0,10,,1,1,1971-04-16,02
71LA01599,71,1,6727,4,72,942,0413,42,4,,4,60,,1,02,,1,116,5,4,0,5,09,,,,,3,2,42,3404,42,1,105,72,3,1,,1,1,12.0,10,,2,1,1971-04-26,02
71LA01600,71,1,6704,4,73,731,0429,42,4,,4,60,,1,02,,1,116,8,2,0,5,,,,,,3,2,42,4146,42,1,88,73,6,1,,1,2,12.8,10,,2,1,1971-04-26,02
71LA01601,71,1,6705,4,73,731,0429,42,4,,4,60,,1,02,,1,116,8,2,119,5,,6,,,,,2,42,4146,42,0,0,73,6,1,,0,0,4.0,0,,2,2,1971-04-26,02
71LA01602,71,2,6256,4,76,762,0441,42,4,,4,60,,1,02,,1,110,5,2,0,4,,,,,,2,2,42,3466,42,1,91,76,6,1,,1,1,13.2,10,,2,1,1971-04-20,02
71LA01603,71,1,6629,4,74,741,0488,42,4,,4,60,,1,02,,1,114,5,2,0,5,,,,,,3,2,42,3788,42,1,99,74,6,1,,1,1,15.0,10,,1,1,1971-04-24,02
71LA01604,71,1,6715,4,73,730,0491,42,4,,4,60,,1,02,,3,116,8,2,0,4,,,,,,3,2,42,3860,42,1,76,73,6,1,,1,2,11.4,10,,2,1,1971-04-26,02
71LA01605,71,2,6716,4,73,730,0491,42,4,,4,60,,1,02,,3,116,8,2,0,4,,,,,,3,2,42,3860,42,0,70,73,6,1,,0,0,11.0,10,,2,2,1971-04-26,02
71LA01606,71,2,6470,4,75,752,0495,42,4,,4,60,,1,02,,1,112,8,4,0,4,,,,,,2,2,42,4395,42,1,70,75,6,1,,1,2,10.0,10,,2,1,1971-04-22,02
71LA01607,71,2,6471,4,75,752,0495,42,4,,4,60,,1,02,,1,112,8,4,0,4,,,,,,2,2,42,4395,42,0,75,75,6,1,,0,0,11.0,10,,2,2,1971-04-22,02
71LA01608,71,1,5975,4,72,932,0505,42,4,,4,60,,1,02,,1,105,8,2,0,4,,,,,,2,2,42,3629,42,1,102,72,3,1,,1,2,11.0,10,,1,1,1971-04-15,02
71LA01609,71,1,5976,4,72,932,0505,42,4,,4,60,,1,02,,1,105,8,2,106,4,,6,,,,,2,42,3629,42,0,0,72,3,1,,0,0,10.2,0,,1,2,1971-04-15,02
71LA01610,71,2,6087,4,73,732,0506,42,4,,4,60,,1,02,,1,107,8,4,0,4,,,,,,2,2,42,4076,42,1,63,73,6,1,,1,2,9.6,10,,1,1,1971-04-17,02
71LA01611,71,2,6088,4,73,732,0506,42,4,,4,60,,1,02,,1,107,8,4,0,4,,,,,,2,2,42,4076,42,0,62,73,6,1,,0,0,7.8,10,,1,2,1971-04-17,02
71LA01612,71,2,6357,4,73,731,0511,42,4,,4,60,,1,02,,3,111,5,2,0,5,,,,,,2,2,42,4146,42,1,78,73,6,1,,1,1,13.6,10,,1,1,1971-04-21,02
71LA01613,71,1,6174,4,77,772,0516,42,4,,4,60,,1,02,,1,108,5,2,0,5,,,,,,2,2,42,5277,42,1,102,77,6,1,,1,1,10.8,10,,2,1,1971-04-18,02
71LA01614,71,,,0,78,780,0525,42,4,,4,60,,,02,,,36,,2,0,,,,,,,,2,42,4186,42,0,0,78,6,0,,0,0,0.0,0,,1,1,,02
71LA01615,71,,,0,76,761,0531,42,4,,4,60,,,02,1,,0,,4,0,,08,,,,,,2,42,3963,42,1,0,76,6,0,,0,0,0.0,0,,1,1,,02
71LA01616,71,3,8113,9,00,761,0531,42,4,,4,60,,5,50,2,1,140,8,4,0,3,08,,,,,3,2,90,0000,98,1,46,76,0,1,,1,2,10.6,10,,1,1,1971-05-20,02
71LA01617,71,3,8114,9,00,761,0531,42,4,,4,60,,5,50,2,1,140,8,4,0,3,,,,,,3,2,90,0000,98,0,59,76,0,1,,0,0,11.4,10,,1,2,1971-05-20,02
71LA01618,71,2,6541,4,78,782,0533,42,4,,4,60,,1,02,,1,113,8,2,0,4,,,,,,3,2,42,4301,42,1,72,78,6,1,,1,2,10.4,10,,2,1,1971-04-23,02
71LA01619,71,2,6542,4,78,782,0533,42,4,,4,60,,1,02,,1,113,8,2,0,4,,,,,,2,2,42,4301,42,0,73,78,6,1,,0,0,9.6,10,,2,2,1971-04-23,02
71LA01620,71,1,6806,4,70,700,0535,42,4,,4,60,,1,02,,1,119,7,4,0,4,,,,300762,+,3,2,42,3431,42,1,62,70,2,1,,1,2,7.0,15,,2,1,1971-04-29,02
71LA01621,71,2,,0,70,700,0535,42,4,,4,60,,1,02,,1,119,7,4,0,4,,1,,,,,2,42,3431,42,0,0,70,2,0,,0,0,11.0,0,,2,2,1971-04-29,02
71LA01622,71,1,5961,4,73,730,0537,42,4,,4,60,,1,02,,1,105,8,4,0,4,,,,,,2,2,42,3860,42,1,76,73,6,1,,1,2,11.2,10,,1,1,1971-04-15,02
71LA01623,71,1,5962,4,73,730,0537,42,4,,4,60,,1,02,,1,105,8,4,0,4,,,,,,2,2,42,3860,42,0,89,73,6,1,,0,0,13.0,10,,1,2,1971-04-15,02
71LA01624,71,1,6836,4,72,922,0538,42,4,,4,60,,1,02,,1,120,8,4,0,1,,,,,&,,2,42,3652,42,0,76,72,3,1,,0,0,10.0,5,,1,2,1971-04-30,02
71LA01625,71,1,6835,4,72,922,0538,42,4,,4,60,,1,02,,1,120,8,4,0,1,04,6,,315042,-,,2,42,3652,42,1,0,72,3,1,,1,2,8.8,0,,1,1,1971-04-30,02
71LA01626,71,1,6098,4,72,912,0546,42,4,,4,60,,1,02,,1,107,5,2,0,4,,,,,,2,2,42,3592,42,1,114,72,3,1,,1,1,13.0,10,,1,1,1971-04-17,02
71LA01627,71,1,6729,4,78,781,0548,42,4,,4,60,,1,02,,1,117,5,4,0,4,,,,,,3,2,42,4414,42,1,83,78,6,1,,1,1,13.0,10,,1,1,1971-04-27,02
71LA01628,71,1,6479,4,78,780,0550,42,4,,4,60,,1,02,,1,112,9,2,0,3,,,,,,3,2,42,4186,42,1,75,78,6,1,,1,3,10.0,10,,2,1,1971-04-22,02
71LA01629,71,2,6480,4,78,780,0550,42,4,,4,60,,1,02,,1,112,9,2,0,3,,,,,,3,2,42,4186,42,0,71,78,6,1,,0,0,8.8,10,,2,2,1971-04-22,02
71LA01630,71,1,,0,78,780,0550,42,4,,4,60,,1,02,,1,112,9,2,0,3,,1,,,,,2,42,4186,42,0,0,78,6,0,,0,0,10.0,0,,2,3,1971-04-22,02
71LA01631,71,1,6465,4,77,771,0551,42,4,,4,60,,1,02,,1,112,8,4,0,4,,,,,,2,2,42,3932,42,1,82,77,6,1,,1,2,10.0,10,,1,1,1971-04-22,02
71LA01632,71,1,6466,4,77,771,0551,42,4,,4,60,,1,02,,1,112,8,4,0,4,,,,,,2,2,42,3932,42,0,85,77,6,1,,0,0,9.8,10,,1,2,1971-04-22,02
71LA01633,71,1,6438,4,75,751,0556,42,4,,4,60,,1,02,,1,112,8,2,0,4,,,,,,2,2,42,4305,42,1,75,75,6,1,,1,2,12.0,10,,1,1,1971-04-22,02
71LA01634,71,2,6439,4,75,751,0556,42,4,,4,60,,1,02,,1,112,8,2,0,4,,,,,,2,2,42,4305,42,0,79,75,6,1,,0,0,10.8,10,,1,2,1971-04-22,02
71LA01635,71,1,6885,4,75,750,0570,42,4,,4,60,,1,02,,1,121,8,4,0,4,,,,,,3,2,42,3610,42,0,70,75,6,1,,0,0,10.8,10,,2,2,1971-05-01,02
71LA01636,71,2,6884,4,75,750,0570,42,4,,4,60,,2,02,,1,121,8,4,0,4,31,,,,,3,2,42,3610,42,1,69,75,6,1,,1,2,11.2,10,,2,1,1971-05-01,02
71LA01637,71,2,6364,4,74,740,0573,42,4,,4,60,,1,02,,1,111,8,4,0,4,,,,,,2,2,42,3553,42,1,75,74,6,1,,1,2,11.8,10,,1,1,1971-04-21,02
71LA01638,71,2,6365,4,74,740,0573,42,4,,4,60,,1,02,,1,111,8,4,0,4,,,,,,2,2,42,3553,42,0,63,74,6,1,,0,0,10.2,10,,1,2,1971-04-21,02
71LA01639,71,1,8048,9,98,091,0578,42,4,,4,60,,3,52,,3,111,8,,0,2,,,,,,,2,90,0005,95,1,84,73,8,1,,1,2,8.0,10,,1,1,1971-04-21,02
71LA01640,71,1,8049,9,98,091,0578,42,4,,4,60,,3,52,,3,111,8,,112,2,,6,,,,,2,90,0005,95,0,0,73,8,1,,0,0,6.6,0,,1,2,1971-04-21,02
71LA01641,71,2,6795,4,74,742,0581,42,4,,4,60,,1,02,,1,118,5,2,0,4,,,,,,3,2,42,4176,42,1,84,74,6,1,,1,1,13.0,10,,1,1,1971-04-28,02
71LA01642,71,2,6500,4,73,731,0601,42,4,,4,60,,1,02,,1,113,8,4,0,4,,,,,,3,2,42,4146,42,1,72,73,6,1,,1,2,10.4,10,,2,1,1971-04-23,02
71LA01643,71,1,6501,4,73,731,0601,42,4,,4,60,,1,02,,1,113,8,4,0,4,,,,,,3,2,42,4146,42,0,74,73,6,1,,0,0,11.2,10,,2,2,1971-04-23,02
71LA01644,71,1,6383,4,75,752,0605,42,4,,4,60,,1,02,,1,111,5,4,0,4,,6,,,,,2,42,4395,42,1,0,75,6,1,,1,1,13.0,0,,1,1,1971-04-21,02
71LA01645,71,1,6548,4,77,770,0607,42,4,,4,60,,1,02,,2,113,8,2,0,4,,6,,,,,2,42,3674,42,1,0,77,6,1,,1,2,11.6,0,,1,1,1971-04-23,02
71LA01646,71,1,6549,4,77,770,0607,42,4,,4,60,,1,02,,1,113,8,2,0,4,,,,,,3,2,42,3674,42,0,79,77,6,1,,0,0,10.8,10,,1,2,1971-04-23,02
71LA01647,71,1,6312,4,70,700,0609,42,4,,4,60,,1,02,,1,110,8,2,140,4,,6,,,,,2,42,3431,42,1,0,70,2,1,,1,2,12.0,0,,1,1,1971-04-20,02
71LA01648,71,2,6313,4,70,700,0609,42,4,,4,60,,1,02,,1,110,8,2,0,4,,,,,,3,2,42,3431,42,0,46,70,2,1,,0,0,10.6,10,,1,2,1971-04-20,02
71LA01649,71,1,6368,4,70,702,0616,42,4,,4,60,,1,02,,1,111,5,2,0,5,,,,,,2,2,42,4337,42,1,88,70,2,1,,1,1,12.6,10,,1,1,1971-04-21,02
71LA01650,71,1,6504,4,74,741,0619,42,4,,4,60,,1,02,,1,113,8,2,0,4,,,,,,3,2,42,3788,42,1,66,74,6,1,,1,2,12.6,10,,2,1,1971-04-23,02
71LA01651,71,2,6505,4,74,741,0619,42,4,,4,60,,1,02,,1,113,8,2,0,4,,,,,,3,2,42,3788,42,0,54,74,6,1,,0,0,10.0,10,,2,2,1971-04-23,02
71LA01652,71,,,0,78,782,0623,42,4,,4,60,,,02,,,115,,2,0,,,,,,,,2,42,4301,42,0,0,78,6,0,,0,0,0.0,0,,1,1,1971-04-25,02
71LA01653,71,1,6801,4,73,730,0635,42,4,,4,60,,1,02,,1,118,5,2,0,5,,,,,,3,2,42,3860,42,1,93,73,6,1,,1,1,14.8,10,,2,1,1971-04-28,02
71LA01654,71,,,0,76,760,0639,42,4,,4,60,,,02,,,145,,2,0,,,,,,,,2,42,3730,42,1,0,76,6,0,,0,0,0.0,0,,2,1,1971-05-25,02
71LA01655,71,1,6349,4,14,142,0643,42,4,31,4,60,,2,02,,1,111,8,,0,5,,,30,,,1,2,42,3946,42,1,78,14,1,1, 7,1,2,12.2,10,,1,1,1971-04-21,02
71LA01656,71,1,6350,4,14,142,0643,42,4,31,4,60,,1,02,,1,111,8,,0,5,,,30,,,1,2,42,3946,42,0,82,14,1,1, 7,0,0,10.4,10,,1,2,1971-04-21,02
71LA01657,71,1,6652,4,78,781,0646,42,4,,4,60,,1,02,,1,115,5,2,0,4,,,,,,3,2,42,4414,42,1,93,78,6,1,,1,1,11.6,10,,2,1,1971-04-25,02
71LA01658,71,1,5766,4,74,740,0662,42,4,,4,50,,1,02,,1,97,8,4,0,4,,,,,,2,2,42,3553,42,1,84,74,6,1,,1,2,8.0,10,,2,1,1971-04-07,02
71LA01659,71,1,5767,4,74,740,0662,42,4,,4,50,,1,02,,1,97,8,4,0,4,,,,,,2,2,42,3553,42,0,74,74,6,1,,0,0,8.8,10,,2,2,1971-04-07,02
71LA01660,71,1,6687,4,74,742,0664,42,4,,4,50,,1,02,,1,116,8,2,0,4,,,,,,3,2,42,4176,42,1,84,74,6,1,,1,2,12.0,10,,2,1,1971-04-26,02
71LA01661,71,2,6688,4,74,742,0664,42,4,,4,50,,1,02,,1,116,8,2,0,4,,,,,,2,2,42,4176,42,0,59,74,6,1,,0,0,9.4,10,,2,2,1971-04-26,02
71LA01662,71,1,6317,4,78,780,0667,42,4,,4,50,,1,02,,1,110,5,4,0,4,,,,,,2,2,42,4186,42,1,101,78,6,1,,1,1,11.8,10,,1,1,1971-04-20,02
71LA01663,71,2,6290,4,73,732,0680,42,4,,4,50,,1,02,,1,110,8,2,0,3,,,,,,2,2,42,4076,42,1,67,73,6,1,,1,2,9.8,10,,2,1,1971-04-20,02
71LA01664,71,1,6291,4,73,732,0680,42,4,,4,50,,1,02,,1,110,8,2,0,3,,,,,,2,2,42,4076,42,0,74,73,6,1,,0,0,8.8,10,,2,2,1971-04-20,02
71LA01665,71,1,6788,4,76,762,0683,42,4,,4,50,,1,02,,1,118,5,2,0,5,,,,,,3,2,42,3466,42,1,97,76,6,1,,1,1,15.0,10,,1,1,1971-04-28,02
71LA01666,71,2,6342,4,75,751,0684,42,4,,4,50,,1,02,,1,111,8,2,0,3,,,,,,2,2,42,4305,42,1,64,75,6,1,,1,2,10.2,10,,2,1,1971-04-21,02
71LA01667,71,2,6343,4,75,751,0684,42,4,,4,50,,1,02,,1,111,8,2,0,3,,,,,,2,2,42,4305,42,0,62,75,6,1,,0,0,9.0,10,,2,2,1971-04-21,02
71LA01668,71,2,6910,4,78,782,0690,42,4,,4,50,,1,02,,1,123,5,4,0,4,,,,,,3,2,42,4301,42,1,82,78,6,1,,1,1,11.8,10,,2,1,1971-05-03,02
71LA01669,71,2,6366,4,78,781,0696,42,4,,4,50,,1,02,,1,111,8,2,0,3,,,,,,2,2,42,4414,42,1,73,78,6,1,,1,2,10.6,10,,1,1,1971-04-21,02
71LA01670,71,2,6367,4,78,781,0696,42,4,,4,50,,1,02,,1,111,8,2,0,3,,,,,,2,2,42,4414,42,0,63,78,6,1,,0,0,7.8,10,,1,2,1971-04-21,02
71LA01671,71,1,6770,4,76,761,0697,42,4,,4,50,,1,02,,1,118,8,2,0,4,,,,,,3,2,42,3963,42,1,71,76,6,1,,1,2,10.6,10,,2,1,1971-04-28,02
71LA01672,71,1,6771,4,76,761,0697,42,4,,4,50,,1,02,,1,118,8,2,0,4,,,,,,3,2,42,3963,42,0,79,76,6,1,,0,0,10.0,10,,2,2,1971-04-28,02
71LA01673,71,,,0,70,702,0701,42,4,,4,50,,,02,,,145,,2,0,,,,,,,,2,42,4337,42,1,0,70,2,0,,0,0,0.0,0,,2,1,1971-05-25,02
71LA01674,71,2,6570,4,76,760,0702,42,4,,4,50,,2,02,,1,114,5,2,0,4,,,,,,3,2,42,3730,42,1,99,76,6,1,,1,1,12.6,10,,1,1,1971-04-24,02
71LA01675,71,2,6396,4,76,762,0703,42,4,,4,50,,1,02,,1,111,8,4,0,4,,,,,,2,2,42,3466,42,1,71,76,6,1,,1,2,12.2,10,,2,1,1971-04-21,02
71LA01676,71,2,6397,4,76,762,0703,42,4,,4,50,,3,02,,1,111,8,4,0,4,,,,,,2,2,42,3466,42,0,75,76,6,1,,0,0,10.8,10,,2,2,1971-04-21,02
71LA01677,71,1,6856,4,75,750,0704,42,4,,4,50,,1,02,,1,120,8,2,0,3,,,,329710,-,,2,42,3610,42,0,63,75,6,1,,0,0,10.0,5,,1,2,1971-04-30,02
71LA01678,71,1,6855,4,75,750,0704,42,4,,4,50,,1,02,,1,120,8,2,138,3,04,6,,,,,2,42,3610,42,1,0,75,6,1,,1,2,10.8,0,,1,1,1971-04-30,02
71LA01679,71,1,5833,4,77,772,0705,42,4,,4,50,,1,02,,3,102,8,4,0,4,,,,,,2,2,42,5277,42,1,86,77,6,1,,1,2,10.8,10,,1,1,1971-04-12,02
71LA01680,71,2,5834,4,77,772,0705,42,4,,4,50,,1,02,,3,102,8,4,0,4,,,,,,2,2,42,5277,42,0,82,77,6,1,,0,0,9.4,10,,1,2,1971-04-12,02
71LA01681,71,1,6172,4,76,761,0706,42,4,,4,50,,1,02,,1,108,8,4,0,4,,,,,,2,2,42,3963,42,1,97,76,6,1,,1,2,13.2,10,,1,1,1971-04-18,02
71LA01682,71,1,6173,4,76,761,0706,42,4,,4,50,,1,02,,1,108,8,4,0,4,,,,,,2,2,42,3963,42,0,76,76,6,1,,0,0,10.2,10,,1,2,1971-04-18,02
71LA01683,71,1,6177,4,77,771,0711,42,4,,4,50,,1,02,,1,108,8,4,0,5,,,,,,2,2,42,3932,42,1,71,77,6,1,,1,2,11.8,10,,2,1,1971-04-18,02
71LA01684,71,1,6178,4,77,771,0711,42,4,,4,50,,1,02,,1,108,8,4,0,5,,,,,,2,2,42,3932,42,0,68,77,6,1,,0,0,13.0,10,,2,2,1971-04-18,02
71LA01685,71,1,6129,4,03,032,0718,42,4,27,4,50,,1,02,,1,107,5,,0,2,,,28,,&,,2,42,3342,42,1,70,03,1,1, 6,1,1,5.4,5,,1,1,1971-04-17,02
71LA01686,71,1,7993,9,98,091,0733,42,4,,4,50,,1,52,,1,97,8,,0,3,33,,,,,,2,90,0005,95,1,51,75,8,1,,1,2,8.8,10,,1,1,1971-04-07,02
71LA01687,71,2,7994,9,98,091,0733,42,4,,4,50,,1,52,,1,97,8,,0,3,,,,,,,2,90,0005,95,0,54,75,8,1,,0,0,8.6,10,05,1,2,1971-04-07,02
71LA01688,71,1,6633,4,78,780,0736,42,4,,4,50,,1,02,,1,115,8,4,0,3,,,,,,3,2,42,4186,42,1,70,78,6,1,,1,2,8.6,10,,2,1,1971-04-25,02
71LA01689,71,1,6634,4,78,780,0736,42,4,,4,50,,1,02,,3,115,8,4,0,3,,,,,,3,2,42,4186,42,0,69,78,6,1,,0,0,8.6,10,,2,2,1971-04-25,02
71LA01690,71,2,7981,9,98,090,0737,42,4,,4,50,,1,52,,1,92,7,,0,3,,,,,,,2,90,0004,95,1,89,74,8,1,,1,2,8.6,10,,1,1,1971-04-02,02
71LA01691,71,2,,0,98,090,0737,42,4,,4,50,,1,52,,1,92,7,,0,3,,1,,,,,2,90,0004,95,0,0,74,8,0,,0,0,8.0,0,72,1,2,1971-04-02,02
71LA01692,71,1,6181,4,78,782,0738,42,4,,4,50,,1,02,,1,108,7,4,0,3,,,,,,2,2,42,4301,42,1,98,78,6,1,,1,2,10.0,10,,1,1,1971-04-18,02
71LA01693,71,2,,0,78,782,0738,42,4,,4,50,,1,02,,1,108,7,4,0,3,,1,,,,,2,42,4301,42,0,0,78,6,0,,0,0,11.0,0,,1,2,1971-04-18,02
71LA01694,71,2,6027,4,76,760,0739,42,4,,4,50,,1,02,,1,106,8,4,0,5,,,,,,2,2,42,3730,42,1,65,76,6,1,,1,2,11.2,10,,2,1,1971-04-16,02
71LA01695,71,1,6028,4,76,760,0739,42,4,,4,50,,1,02,,1,106,8,4,0,5,,,,,,2,2,42,3730,42,0,70,76,6,1,,0,0,9.6,10,,2,2,1971-04-16,02
71LA01696,71,1,6473,4,77,770,0740,42,4,,4,50,,1,02,,1,112,8,2,0,4,,,,,,3,2,42,3674,42,1,78,77,6,1,,1,2,10.8,10,,2,1,1971-04-22,02
71LA01697,71,1,6474,4,77,770,0740,42,4,,4,50,,1,02,,1,112,8,2,0,4,,,,,,3,2,42,3674,42,0,76,77,6,1,,0,0,8.0,10,,2,2,1971-04-22,02
71LA01698,71,2,6102,4,76,762,0741,42,4,,4,50,,1,02,,1,107,8,4,0,4,,,,,,2,2,42,3466,42,1,72,76,6,1,,1,2,11.0,10,,1,1,1971-04-17,02
71LA01699,71,2,6103,4,76,762,0741,42,4,,4,50,,1,02,,1,107,8,4,0,4,,,,,,2,2,42,3466,42,0,73,76,6,1,,0,0,12.2,10,,1,2,1971-04-17,02
71LA01700,71,,,0,72,902,0752,42,4,,4,50,,,02,1,,0,,2,0,,,,,,,,2,42,4237,42,1,0,72,3,0,,0,0,0.0,0,,1,1,,02
71LA01701,71,3,8128,9,00,902,0752,42,4,,4,50,,5,50,2,1,143,5,2,0,4,,,,,,3,2,90,0000,98,1,73,72,0,1,,1,1,11.2,10,,1,1,1971-05-23,02
71LA01702,71,2,6292,4,76,761,0757,42,4,,4,50,,1,02,,1,110,5,4,0,4,,,,,,2,2,42,3963,42,1,101,76,6,1,,1,1,11.4,10,,2,1,1971-04-20,02
71LA01703,71,1,6131,4,03,032,0758,42,4,29,4,50,,1,02,,1,108,8,,111,3,,6,38,,,,2,42,3342,42,1,0,03,1,1, 7,1,2,8.2,0,,1,1,1971-04-18,02
71LA01704,71,1,6132,4,03,032,0758,42,4,29,4,50,,1,02,,1,108,8,,0,3,,,38,022808,-,6,2,42,3342,42,0,83,03,1,1, 7,0,0,6.2,5,,1,2,1971-04-18,02
71LA01705,71,1,6538,4,74,741,0760,42,4,,4,50,,1,02,,1,113,5,4,0,4,,,,,,3,2,42,3788,42,1,84,74,6,1,,1,1,9.6,10,,1,1,1971-04-23,02
71LA01706,71,2,5981,4,73,731,0763,42,4,,4,50,,1,02,,1,105,5,2,0,4,,,,,,2,2,42,4146,42,1,66,73,6,1,,1,1,12.4,10,,1,1,1971-04-15,02
71LA01707,71,,,0,77,772,0771,42,4,,4,50,,,02,,,133,,2,0,,,,,,,,2,42,5277,42,1,0,77,6,0,,0,0,0.0,0,,2,1,1971-05-13,02
71LA01708,71,1,6127,4,73,730,0774,42,4,,4,50,,1,02,,1,107,8,2,0,4,,,,,,2,2,42,3860,42,1,76,73,6,1,,1,2,12.4,10,,1,1,1971-04-17,02
71LA01709,71,2,6128,4,73,730,0774,42,4,,4,50,,1,02,,1,107,8,2,0,4,,,,,,2,2,42,3860,42,0,78,73,6,1,,0,0,10.0,10,,1,2,1971-04-17,02
71LA01710,71,1,8036,9,98,090,0778,42,4,,4,50,,1,52,,1,108,8,,0,3,,,,,,,2,90,0004,95,1,72,70,8,1,,1,2,9.6,10,,1,1,1971-04-18,02
71LA01711,71,1,8037,9,98,090,0778,42,4,,4,50,,1,52,,1,108,8,,0,3,,,,,,,2,90,0004,95,0,66,70,8,1,,0,0,7.6,10,,1,2,1971-04-18,02
71LA01712,71,2,6665,4,73,732,0786,42,4,,4,50,,1,02,,1,115,5,2,0,3,,,,,,3,2,42,4076,42,1,68,73,6,1,,1,1,9.6,10,,1,1,1971-04-25,02
71LA01713,71,1,6307,4,70,701,0787,42,4,,4,50,,1,02,,1,110,8,4,0,3,,,,,,2,2,42,3660,42,1,86,70,2,1,,1,2,10.8,10,,1,1,1971-04-20,02
71LA01714,71,1,6308,4,70,701,0787,42,4,,4,50,,1,02,,1,110,8,4,0,3,,,,,,2,2,42,3660,42,0,60,70,2,1,,0,0,9.6,10,,1,2,1971-04-20,02
71LA01715,71,1,5795,4,74,740,0790,42,4,,4,50,,1,02,,1,101,7,4,0,4,,6,,989514,+,,2,42,3553,42,1,0,74,6,1,,1,2,10.4,5,,1,1,1971-04-11,02
71LA01716,71,2,,0,74,740,0790,42,4,,4,50,,1,02,,1,101,7,4,0,4,,1,,,,,2,42,3553,42,0,0,74,6,0,,0,0,11.0,0,,1,2,1971-04-11,02
71LA01717,71,2,6425,4,75,750,0793,42,4,,4,50,,1,02,,1,112,8,4,0,4,,,,,,2,2,42,3610,42,1,71,75,6,1,,1,2,11.4,10,,2,1,1971-04-22,02
71LA01718,71,2,6426,4,75,750,0793,42,4,,4,50,,1,02,,1,112,8,4,0,4,,,,,,2,2,42,3610,42,0,68,75,6,1,,0,0,11.8,10,,2,2,1971-04-22,02
71LA01719,71,1,6483,4,70,700,0795,42,4,,4,50,,1,02,,1,112,8,2,0,4,,,,,,3,2,42,3431,42,1,78,70,2,1,,1,2,11.6,10,,2,1,1971-04-22,02
71LA01720,71,2,6484,4,70,700,0795,42,4,,4,50,,1,02,,1,112,8,2,0,4,,,,,,3,2,42,3431,42,0,81,70,2,1,,0,0,13.0,10,,2,2,1971-04-22,02
71LA01721,71,1,6613,4,74,742,0802,42,4,,4,50,,1,02,,1,114,5,2,0,5,,,,,,3,2,42,4176,42,1,81,74,6,1,,1,1,12.6,10,,1,1,1971-04-24,02
71LA01722,71,1,5813,4,78,781,0804,42,4,,4,50,,1,02,,1,102,8,4,0,4,,,,,,2,2,42,4414,42,0,100,78,6,1,,0,0,11.8,10,,2,2,1971-04-12,02
71LA01723,71,2,5812,4,78,781,0804,42,4,,4,50,,1,02,,1,102,8,4,0,4,,,,,,2,2,42,4414,42,1,84,78,6,1,,1,2,12.0,10,01,2,1,1971-04-12,02
71LA01724,71,1,6528,4,76,760,0813,42,4,,4,50,,1,02,,1,113,5,2,0,5,,,,,,3,2,42,3730,42,1,90,76,6,1,,1,1,12.8,10,,1,1,1971-04-23,02
71LA01725,71,2,6868,4,75,752,0814,42,4,,4,50,,1,02,,1,121,8,4,0,4,,6,,,,,2,42,4395,42,1,0,75,6,1,,1,2,10.2,0,,2,1,1971-05-01,02
71LA01726,71,2,6869,4,75,752,0814,42,4,,4,50,,1,02,,1,121,8,4,0,4,,,,,,3,2,42,4395,42,0,81,75,6,1,,0,0,10.4,10,,2,2,1971-05-01,02
71LA01727,71,2,5860,4,70,701,0827,42,4,,4,50,,1,02,,1,103,5,4,0,4,,,,,,2,2,42,3660,42,1,84,70,2,1,,1,1,10.8,10,,2,1,1971-04-13,02
71LA01728,71,2,5800,4,74,741,0830,42,4,,4,50,,1,02,,1,102,8,2,0,3,,,,,,2,2,42,3788,42,1,84,74,6,1,,1,2,10.0,10,,2,1,1971-04-12,02
71LA01729,71,1,5801,4,74,741,0830,42,4,,4,50,,1,02,,1,102,8,2,0,3,,,,,,2,2,42,3788,42,0,85,74,6,1,,0,0,11.0,10,,2,2,1971-04-12,02
71LA01730,71,1,6238,4,78,780,0831,42,4,,4,50,,1,02,,1,109,5,2,0,5,,,,,,2,2,42,4186,42,1,110,78,6,1,,1,1,13.2,10,,1,1,1971-04-19,02
71LA01731,71,2,6192,4,75,751,0838,42,4,,4,50,,1,02,,1,109,5,2,0,4,,,,,,2,2,42,4305,42,1,86,75,6,1,,1,1,12.0,10,,1,1,1971-04-19,02
71LA01732,71,1,6575,4,78,782,0847,42,4,,4,50,,1,02,,1,114,8,2,0,4,,,,,,3,2,42,4301,42,1,75,78,6,1,,1,2,11.0,10,,2,1,1971-04-24,02
71LA01733,71,2,6576,4,78,782,0847,42,4,,4,50,,1,02,,1,114,8,2,0,4,,,,,,3,2,42,4301,42,0,69,78,6,1,,0,0,11.2,10,,2,2,1971-04-24,02
71LA01734,71,1,,0,77,771,0848,42,4,,4,50,,1,02,,1,99,1,4,0,0,,1,,,,,2,42,3932,42,1,0,77,6,0,,1,1,8.2,0,,1,1,1971-04-09,02
71LA01735,71,2,5835,4,75,750,0854,42,4,,4,50,,1,02,,1,102,5,2,0,4,,,,,,2,2,42,3610,42,1,101,75,6,1,,1,1,11.0,10,,1,1,1971-04-12,02
71LA01736,71,2,,0,73,731,0855,42,4,,4,50,,1,02,,1,111,0,4,0,2,,0,,,,,2,42,4146,42,1,0,73,6,0,,1,1,4.0,0,,2,1,1971-04-21,02
71LA01737,71,1,5952,4,73,730,0857,42,4,,4,50,,1,02,,1,105,5,4,0,4,,,,,,2,2,42,3860,42,1,86,73,6,1,,1,1,12.8,10,,2,1,1971-04-15,02
71LA01738,71,2,6283,4,73,732,0862,42,4,,4,50,,1,02,,1,110,8,2,0,4,,,,,,2,2,42,4076,42,1,55,73,6,1,,1,2,9.8,10,,2,1,1971-04-20,02
71LA01739,71,2,6284,4,73,732,0862,42,4,,4,50,,1,02,,1,110,8,2,0,4,,,,,,2,2,42,4076,42,0,68,73,6,1,,0,0,9.4,10,,2,2,1971-04-20,02
71LA01740,71,1,6322,4,73,731,0863,42,4,,4,50,,1,02,,1,111,5,4,0,5,,,,,,2,2,42,4146,42,1,98,73,6,1,,1,1,15.2,10,,1,1,1971-04-21,02
71LA01741,71,1,6635,4,70,702,0867,42,4,,4,50,,1,02,,1,115,8,4,0,5,,,,,,3,2,42,4337,42,1,84,70,2,1,,1,2,11.8,10,,1,1,1971-04-25,02
71LA01742,71,1,6636,4,70,702,0867,42,4,,4,50,,1,02,,1,115,8,4,0,5,,,,,,3,2,42,4337,42,0,71,70,2,1,,0,0,10.6,10,,1,2,1971-04-25,02
71LA01743,71,2,6096,4,75,752,0871,42,4,,4,50,,1,02,,1,107,5,4,0,4,,,,,,2,2,42,4395,42,1,77,75,6,1,,1,1,10.0,10,,1,1,1971-04-17,02
71LA01744,71,1,6231,4,74,740,0872,42,4,,4,50,,1,02,,1,109,8,2,116,4,,6,,,,,2,42,3553,42,1,0,74,6,1,,1,2,11.4,0,,2,1,1971-04-19,02
71LA01745,71,1,6232,4,74,740,0872,42,4,,4,50,,1,02,,1,109,8,2,0,4,,,,,,2,2,42,3553,42,0,79,74,6,1,,0,0,9.4,10,,2,2,1971-04-19,02
71LA01746,71,2,6156,4,70,700,0873,42,4,,4,50,,1,02,,1,108,5,2,136,3,,6,,,,,2,42,3431,42,1,0,70,2,1,,1,1,11.6,0,,1,1,1971-04-18,02
71LA01747,71,1,6321,4,74,742,0879,42,4,,4,50,,1,02,,1,111,5,4,0,5,,,,,,2,2,42,4176,42,1,93,74,6,1,,1,1,14.8,10,,2,1,1971-04-21,02
71LA01748,71,2,6751,4,74,741,0885,42,4,,4,50,,1,02,,1,117,8,2,0,4,,,,,,3,2,42,3788,42,1,77,74,6,1,,1,2,10.6,10,,1,1,1971-04-27,02
71LA01749,71,2,6752,4,74,741,0885,42,4,,4,50,,1,02,,1,117,8,2,0,4,,,,,,3,2,42,3788,42,0,82,74,6,1,,0,0,11.2,10,,1,2,1971-04-27,02
71LA01750,71,1,6416,4,78,781,0888,42,4,,4,50,,1,02,,1,112,8,4,0,4,,,,,,2,2,42,4414,42,1,66,78,6,1,,1,2,10.0,10,,1,1,1971-04-22,02
71LA01751,71,1,6417,4,78,781,0888,42,4,,4,50,,1,02,,1,112,8,4,0,4,,,,,,2,2,42,4414,42,0,64,78,6,1,,0,0,8.8,10,,1,2,1971-04-22,02
71LA01752,71,1,6784,4,77,770,0889,42,4,,4,50,,1,02,,1,118,8,2,0,3,,,,,,3,2,42,3674,42,1,70,77,6,1,,1,2,9.6,10,,1,1,1971-04-28,02
71LA01753,71,2,6785,4,77,770,0889,42,4,,4,50,,1,02,,1,118,8,2,0,3,,,,,,3,2,42,3674,42,0,66,77,6,1,,0,0,9.0,10,,1,2,1971-04-28,02
71LA01754,71,1,,0,76,762,0890,42,4,,4,50,,1,02,,1,101,1,2,0,0,,1,,,,,2,42,3466,42,1,0,76,6,0,,1,1,8.0,0,,2,1,1971-04-11,02
71LA01755,71,1,6319,4,73,730,0899,42,4,,4,50,,1,02,,1,111,8,4,0,4,,,,,,2,2,42,3860,42,1,73,73,6,1,,1,2,10.6,10,,1,1,1971-04-21,02
71LA01756,71,2,6320,4,73,730,0899,42,4,,4,50,,1,02,,1,111,8,4,0,4,,,,,,2,2,42,3860,42,0,65,73,6,1,,0,0,9.4,10,,1,2,1971-04-21,02
71LA01757,71,1,6646,4,75,751,0903,42,4,,4,50,,1,02,,1,115,5,2,0,4,,,,,,3,2,42,4305,42,1,91,75,6,1,,1,1,12.2,10,,2,1,1971-04-25,02
71LA01758,71,2,6048,4,72,882,0908,42,4,,4,50,,1,02,,1,106,5,2,126,2,,6,,,,,2,42,4416,42,1,0,72,3,1,,1,1,10.4,0,,1,1,1971-04-16,02
71LA01759,71,,,0,72,872,0911,42,4,,4,50,,,02,,,133,,2,0,,,,,,,,2,42,3584,42,1,0,72,3,0,,0,0,0.0,0,,2,1,1971-05-13,02
71LA01760,71,,,0,77,772,0916,42,4,,4,50,,,02,,,133,,4,0,,,,,,,,2,42,5277,42,1,0,77,6,0,,0,0,0.0,0,,1,1,1971-05-13,02
71LA01761,71,1,6511,4,76,761,0917,42,4,,4,50,,1,02,,1,113,8,4,0,4,,,,,,3,2,42,3963,42,1,71,76,6,1,,1,2,12.6,10,,1,1,1971-04-23,02
71LA01762,71,2,6512,4,76,761,0917,42,4,,4,50,,1,02,,1,113,8,4,0,4,,,,,,3,2,42,3963,42,0,79,76,6,1,,0,0,10.0,10,,1,2,1971-04-23,02
71LA01763,71,2,6298,4,77,771,0921,42,4,,4,50,,1,02,,1,110,8,2,117,4,,6,,,,,2,42,3932,42,1,0,77,6,1,,1,2,9.4,0,,2,1,1971-04-20,02
71LA01764,71,2,6299,4,77,771,0921,42,4,,4,50,,1,02,,3,110,8,2,0,4,,,,,,2,2,42,3932,42,0,70,77,6,1,,0,0,8.4,10,,2,2,1971-04-20,02
71LA01765,71,1,6225,4,77,770,0922,42,4,,4,50,,1,02,,1,109,5,4,0,4,,,,,,2,2,42,3674,42,1,110,77,6,1,,1,1,13.0,10,,2,1,1971-04-19,02
71LA01766,71,2,6475,4,77,772,0935,42,4,,4,50,,1,02,,1,112,8,4,0,2,,,,,,2,2,42,5277,42,1,85,77,6,1,,1,2,10.2,10,,2,1,1971-04-22,02
71LA01767,71,1,6476,4,77,772,0935,42,4,,4,50,,1,02,,1,112,8,4,0,2,,,,781114,-,1,2,42,5277,42,0,80,77,6,1,,0,0,11.6,5,,2,2,1971-04-22,02
71LA01768,71,2,,0,70,702,0947,42,4,,4,50,,1,02,,1,105,1,2,0,4,,1,,802590,+,,2,42,4337,42,1,0,70,2,0,,1,1,12.0,5,,2,1,1971-04-15,02
71LA01769,71,2,6432,4,72,862,0951,42,4,,4,50,,1,02,,1,112,8,4,0,3,,,,,,2,2,42,3867,42,1,77,72,3,1,,1,2,12.2,10,,1,1,1971-04-22,02
71LA01770,71,1,6433,4,72,862,0951,42,4,,4,50,,1,02,,1,112,8,4,0,3,,,,,&,,2,42,3867,42,0,99,72,3,1,,0,0,11.2,5,,1,2,1971-04-22,02
71LA01771,71,2,6780,4,70,701,0958,42,4,,4,50,,1,02,,1,118,8,4,0,2,,,,,,3,2,42,3660,42,1,73,70,2,1,,1,2,9.2,10,,1,1,1971-04-28,02
71LA01772,71,2,6781,4,70,701,0958,42,4,,4,50,,1,02,,1,118,8,4,0,2,,6,,,,,2,42,3660,42,0,0,70,2,1,,0,0,8.6,0,,1,2,1971-04-28,02
71LA01773,71,,,0,78,780,0969,42,4,,4,50,,,02,,,115,,2,0,,,,,,,,2,42,4186,42,0,0,78,6,0,,0,0,0.0,0,,2,1,1971-04-25,02
71LA01774,71,1,5933,4,70,700,0979,42,4,,4,50,,1,02,,1,104,8,4,0,4,,,,,,2,2,42,3431,42,1,74,70,2,1,,1,2,10.8,10,,2,1,1971-04-14,02
71LA01775,71,2,5934,4,70,700,0979,42,4,,4,50,,1,02,,1,104,8,4,0,4,,,,,,2,2,42,3431,42,0,59,70,2,1,,0,0,9.6,10,,2,2,1971-04-14,02
71LA01776,71,2,6591,4,75,750,0990,42,4,,4,50,,1,02,,1,114,5,4,0,4,,,,,,3,2,42,3610,42,1,86,75,6,1,,1,1,13.0,10,,2,1,1971-04-24,02
71LA01777,71,2,5758,4,14,142,0997,42,4,34,4,50,,1,02,,1,95,8,,117,4,,6,37,,,,2,42,3946,42,1,0,14,1,1, 6,1,2,6.2,0,,1,1,1971-04-05,02
71LA01778,71,2,5759,4,14,142,0997,42,4,34,4,50,,1,02,,1,95,8,,0,4,,6,37,,,,2,42,3946,42,0,0,14,1,1, 6,0,0,7.0,0,47,1,2,1971-04-05,02
71LA01779,71,2,6024,4,75,752,1002,42,4,,4,50,,1,02,,1,106,5,4,0,4,,,,,,2,2,42,4395,42,1,99,75,6,1,,1,1,13.2,10,,2,1,1971-04-16,02
71LA01780,71,,,0,70,702,1005,42,4,,4,50,,,02,,,60,,,0,,,,,,,,2,42,4337,42,0,0,70,2,0,,0,0,0.0,0,,1,1,1971-03-01,02
71LA01781,71,,,0,76,760,1012,42,4,,4,50,,,02,1,,0,,2,0,,,,,,,,2,42,3730,42,1,0,76,6,0,,0,0,0.0,0,,2,1,,02
71LA01782,71,2,8086,9,00,760,1012,42,4,,4,50,,4,50,2,1,133,8,2,0,4,,,,,,3,2,90,0000,98,1,62,76,0,1,,1,2,10.4,10,,2,1,1971-05-13,02
71LA01783,71,2,8087,9,00,760,1012,42,4,,4,50,,4,50,2,2,133,8,2,0,4,,,,,,3,2,90,0000,98,0,54,76,0,1,,0,0,7.8,10,,2,2,1971-05-13,02
71LA01784,71,,,0,98,091,1020,42,4,,4,50,,,52,,,133,,,0,,,,,,,,2,90,0005,95,1,0,70,8,0,,0,0,0.0,0,,1,1,1971-05-13,02
71LA01785,71,1,5988,4,77,771,1024,42,4,,4,50,,1,02,,1,105,8,4,0,3,,,,,,2,2,42,3932,42,1,86,77,6,1,,1,2,9.8,10,,1,1,1971-04-15,02
71LA01786,71,1,5989,4,77,771,1024,42,4,,4,50,,1,02,,1,105,8,4,0,3,,,,,,2,2,42,3932,42,0,72,77,6,1,,0,0,9.0,10,,1,2,1971-04-15,02
71LA01787,71,1,6566,4,78,782,1032,42,4,,4,50,,1,02,,1,114,8,2,0,4,,,,,,3,2,42,4301,42,1,91,78,6,1,,1,2,11.4,10,,1,1,1971-04-24,02
71LA01788,71,2,6567,4,78,782,1032,42,4,,4,50,,1,02,,1,114,8,2,0,4,,,,,,3,2,42,4301,42,0,53,78,6,1,,0,0,9.6,10,,1,2,1971-04-24,02
71LA01789,71,2,6815,4,74,740,1036,42,4,,4,50,,1,02,,1,119,5,4,0,3,,,,,,3,2,42,3553,42,1,72,74,6,1,,1,1,8.4,10,,1,1,1971-04-29,02
71LA01790,71,1,6405,4,76,762,1043,42,4,,4,50,,1,02,,1,112,9,2,0,4,,,,,,2,2,42,3466,42,1,72,76,6,1,,1,3,10.4,10,,1,1,1971-04-22,02
71LA01791,71,2,6406,4,76,762,1043,42,4,,4,50,,1,02,,1,112,9,2,0,4,,,,,,2,2,42,3466,42,0,62,76,6,1,,0,0,9.8,10,,1,2,1971-04-22,02
71LA01792,71,2,6407,4,76,762,1043,42,4,,4,50,,1,02,,1,112,9,2,0,4,,6,,,,,2,42,3466,42,0,0,76,6,1,,0,0,9.8,0,,1,3,1971-04-22,02
71LA01793,71,2,6686,4,76,761,1046,42,4,,4,50,,1,02,,1,116,5,4,0,4,,,,,,3,2,42,3963,42,1,94,76,6,1,,1,1,15.2,10,,2,1,1971-04-26,02
71LA01794,71,,,0,08,082,1056,42,4,32,4,50,,,02,1,,0,,,0,,,,37,,,,2,42,3029,42,1,0,08,1,0, 7,0,0,0.0,0,,1,1,,02
71LA01795,71,3,8121,9,00,082,1056,42,4,,4,50,,5,50,2,1,139,5,,0,3,,,,,,3,2,90,0000,98,1,64,08,0,1, 7,1,1,12.2,10,,1,1,1971-05-19,02
71LA01796,71,1,6221,4,73,732,1059,42,4,,4,50,,1,02,,1,109,5,2,0,4,,,,622042,+,2,2,42,4076,42,1,88,73,6,1,,1,1,11.6,10,,1,1,1971-04-19,02
71LA01797,71,2,6723,4,78,781,1060,42,4,,4,50,,1,02,,1,116,5,2,0,4,,,,,,3,2,42,4414,42,1,84,78,6,1,,1,1,12.0,10,,2,1,1971-04-26,02
71LA01798,71,2,,0,72,852,1065,42,4,,4,50,,1,02,,1,102,4,2,0,2,,1,,567618,+,,2,42,3619,42,1,0,72,3,0,,1,2,6.0,5,,2,1,1971-04-12,02
71LA01799,71,2,,0,72,852,1065,42,4,,4,50,,1,02,,1,102,4,2,0,2,,1,,,,,2,42,3619,42,0,0,72,3,0,,0,0,5.0,0,,2,2,1971-04-12,02
71LA01800,71,2,6607,4,74,742,1067,42,4,,4,50,,1,02,,1,114,5,2,0,3,,,,,,3,2,42,4176,42,1,75,74,6,1,,1,1,9.4,10,,1,1,1971-04-24,02
71LA01801,71,2,6252,4,73,731,1068,42,4,,4,50,,1,02,,1,110,8,2,0,4,,,,,,2,2,42,4146,42,1,49,73,6,1,,1,2,9.6,10,,2,1,1971-04-20,02
71LA01802,71,1,6253,4,73,731,1068,42,4,,4,50,,1,02,,1,110,8,2,0,4,,,,,,2,2,42,4146,42,0,70,73,6,1,,0,0,9.6,10,,2,2,1971-04-20,02
71LA01803,71,2,6454,4,72,842,1078,42,4,,4,50,,1,02,,1,112,8,4,0,3,,,,,,2,2,42,4113,42,1,68,72,3,1,,1,2,9.0,10,,1,1,1971-04-22,02
71LA01804,71,1,6455,4,72,842,1078,42,4,,4,50,,1,02,,1,112,8,4,0,3,,,,,,2,2,42,4113,42,0,75,72,3,1,,0,0,9.8,10,,1,2,1971-04-22,02
71LA01805,71,1,6555,4,70,701,1081,42,4,,4,50,,1,02,,1,113,8,4,0,4,,,,,,3,2,42,3660,42,1,76,70,2,1,,1,2,10.0,10,,2,1,1971-04-23,02
71LA01806,71,2,6556,4,70,701,1081,42,4,,4,50,,1,02,,1,113,8,4,0,4,,,,,,3,2,42,3660,42,0,76,70,2,1,,0,0,10.2,10,,2,2,1971-04-23,02
71LA01807,71,1,6113,4,75,751,1092,42,4,,4,50,,1,02,,1,107,5,4,0,5,,,,589018,+,2,2,42,4305,42,1,82,75,6,1,,1,1,13.4,15,,1,1,1971-04-17,02
71LA01808,71,2,6516,4,73,730,1095,42,4,,4,50,,1,02,,1,113,8,4,0,5,,,,,,3,2,42,3860,42,1,71,73,6,1,,1,2,10.4,10,,2,1,1971-04-23,02
71LA01809,71,2,6517,4,73,730,1095,42,4,,4,50,,1,02,,1,113,8,4,0,5,,,,,,3,2,42,3860,42,0,66,73,6,1,,0,0,7.8,10,,2,2,1971-04-23,02
71LA01810,71,1,6571,4,78,780,1101,42,4,,4,50,,1,02,,1,114,8,4,0,4,,,,,,3,2,42,4186,42,1,78,78,6,1,,1,2,12.0,10,,1,1,1971-04-24,02
71LA01811,71,1,6572,4,78,780,1101,42,4,,4,50,,1,02,,1,114,8,4,0,4,,,,,,3,2,42,4186,42,0,68,78,6,1,,0,0,10.6,10,,1,2,1971-04-24,02
71LA01812,71,2,6070,4,70,700,1104,42,4,,4,50,,1,02,,1,107,8,2,110,4,,6,,,,,2,42,3431,42,1,0,70,2,1,,1,2,10.0,0,,1,1,1971-04-17,02
71LA01813,71,2,6071,4,70,700,1104,42,4,,4,50,,1,02,,1,107,8,2,0,4,,,,,,2,2,42,3431,42,0,65,70,2,1,,0,0,9.6,10,,1,2,1971-04-17,02
71LA01814,71,1,6199,4,76,760,1115,42,4,,4,50,,1,02,,1,109,8,4,0,5,,,,,,2,2,42,3730,42,1,95,76,6,1,,1,2,12.8,10,,1,1,1971-04-19,02
71LA01815,71,2,6200,4,76,760,1115,42,4,,4,50,,1,02,,1,109,8,4,0,5,,,,,,2,2,42,3730,42,0,79,76,6,1,,0,0,12.0,10,,1,2,1971-04-19,02
71LA01816,71,2,6897,4,75,750,1120,42,4,,4,50,,1,02,,1,122,5,2,0,5,,,,,,3,2,42,3610,42,1,80,75,6,1,,1,1,12.6,10,,1,1,1971-05-02,02
71LA01817,71,1,6036,4,70,702,1126,42,4,,4,50,,1,02,,1,106,8,4,0,4,,,,,,2,2,42,4337,42,1,98,70,2,1,,1,2,10.8,10,,2,1,1971-04-16,02
71LA01818,71,1,6037,4,70,702,1126,42,4,,4,50,,1,02,,1,106,8,4,0,4,,,,,,2,2,42,4337,42,0,74,70,2,1,,0,0,12.0,10,,2,2,1971-04-16,02
71LA01819,71,2,6915,4,74,741,1128,42,4,,4,50,,1,02,,1,124,8,2,0,5,,,,,,3,2,42,3788,42,1,69,74,6,1,,1,2,11.2,10,,2,1,1971-05-04,02
71LA01820,71,2,6916,4,74,741,1128,42,4,,4,50,,1,02,,1,124,8,2,0,5,,,,,,3,2,42,3788,42,0,72,74,6,1,,0,0,10.4,10,,2,2,1971-05-04,02
71LA01821,71,2,,0,98,090,1141,42,4,,4,50,,1,52,,1,90,4,,0,0,,1,,,,,2,90,0004,95,1,0,75,8,0,,1,2,8.6,0,,1,1,1971-03-31,02
71LA01822,71,2,,0,98,090,1141,42,4,,4,50,,1,52,,1,90,4,,0,0,,1,,,,,2,90,0004,95,0,0,75,8,0,,0,0,8.6,0,,1,2,1971-03-31,02
71LA01823,71,2,6456,4,77,770,1145,42,4,,4,50,,1,02,,1,112,5,2,0,3,,,,,,2,2,42,3674,42,1,89,77,6,1,,1,1,11.2,10,02,1,1,1971-04-22,02
71LA01824,71,2,6010,4,76,762,1146,42,4,,4,50,,1,02,,3,105,5,4,0,3,,,,,,2,2,42,3466,42,1,84,76,6,1,,1,1,12.2,10,,2,1,1971-04-15,02
71LA01825,71,1,6481,4,76,761,1154,42,4,,4,50,,1,02,,1,112,8,2,0,4,,,,,,3,2,42,3963,42,1,65,76,6,1,,1,2,10.2,10,,1,1,1971-04-22,02
71LA01826,71,2,6482,4,76,761,1154,42,4,,4,50,,1,02,,1,112,8,2,0,4,,,,,,3,2,42,3963,42,0,78,76,6,1,,0,0,9.4,10,,1,2,1971-04-22,02
71LA01827,71,1,6030,4,77,772,1167,42,4,,4,50,,1,02,,1,106,8,4,0,4,,,,,,2,2,42,5277,42,1,76,77,6,1,,1,2,10.4,10,,1,1,1971-04-16,02
71LA01828,71,1,6031,4,77,772,1167,42,4,,4,50,,1,02,,1,106,8,4,0,4,,,,,,2,2,42,5277,42,0,74,77,6,1,,0,0,9.6,10,,1,2,1971-04-16,02
71LA01829,71,1,6730,4,75,752,1171,42,4,,4,50,,1,02,,1,117,5,2,0,4,,,,,,3,2,42,4395,42,1,104,75,6,1,,1,1,13.2,10,,1,1,1971-04-27,02
71LA01830,71,1,6816,4,78,782,1181,42,4,,4,50,,1,02,,1,119,5,4,0,4,,,,,,3,2,42,4301,42,1,86,78,6,1,,1,1,12.8,10,,2,1,1971-04-29,02
71LA01831,71,,,0,70,701,1184,42,4,,4,50,,,02,,,133,,4,0,,,,,,,,2,42,3660,42,1,0,70,2,0,,0,0,0.0,0,,1,1,1971-05-13,02
71LA01832,71,1,6551,4,74,740,1187,42,4,,4,50,,1,02,,1,113,8,4,0,4,,,,,,3,2,42,3553,42,1,66,74,6,1,,1,2,11.8,10,,2,1,1971-04-23,02
71LA01833,71,2,6552,4,74,740,1187,42,4,,4,50,,1,02,,1,113,8,4,0,4,,,,,,3,2,42,3553,42,0,64,74,6,1,,0,0,11.4,10,,2,2,1971-04-23,02
71LA01834,71,2,6518,4,78,781,1195,42,4,,4,50,,1,02,,3,113,5,4,0,3,,,,,,3,2,42,4414,42,1,85,78,6,1,,1,1,11.4,10,,1,1,1971-04-23,02
71LA01835,71,1,6690,4,76,760,1201,42,4,,4,50,,1,02,,3,116,5,2,0,4,,,,,,3,2,42,3730,42,1,94,76,6,1,,1,1,12.4,10,,2,1,1971-04-26,02
71LA01836,71,2,6831,4,76,762,1206,42,4,,4,50,,1,02,,1,119,5,2,0,3,,,,,,3,2,42,3466,42,1,80,76,6,1,,1,1,13.2,10,,1,1,1971-04-29,02
71LA01837,71,2,6850,4,75,751,1207,42,4,,4,50,,1,02,,1,120,8,4,0,4,,,,,,3,2,42,4305,42,1,68,75,6,1,,1,2,11.0,10,,2,1,1971-04-30,02
71LA01838,71,2,6851,4,75,751,1207,42,4,,4,50,,1,02,,1,120,8,4,0,4,,,,,,3,2,42,4305,42,0,54,75,6,1,,0,0,10.4,10,,2,2,1971-04-30,02
71LA01839,71,2,6117,4,75,750,1218,42,4,,4,50,,1,02,,1,107,8,4,0,4,,,,,,2,2,42,3610,42,1,69,75,6,1,,1,2,9.4,10,,2,1,1971-04-17,02
71LA01840,71,2,6118,4,75,750,1218,42,4,,4,50,,1,02,,1,107,8,4,0,4,,,,,,2,2,42,3610,42,0,73,75,6,1,,0,0,9.6,10,,2,2,1971-04-17,02
71LA01841,71,1,6053,4,72,832,1221,42,4,,4,50,,1,02,,1,106,8,2,0,4,,,,,,2,2,42,3440,42,1,88,72,3,1,,1,2,10.0,10,,2,1,1971-04-16,02
71LA01842,71,2,6054,4,72,832,1221,42,4,,4,50,,1,02,,1,106,8,2,0,4,,,,,&,,2,42,3440,42,0,89,72,3,1,,0,0,9.2,5,,2,2,1971-04-16,02
71LA01843,71,1,6817,4,70,700,1228,42,4,,4,50,,1,02,,1,119,5,4,0,3,,,,,,3,2,42,3431,42,1,84,70,2,1,,1,1,10.4,10,,2,1,1971-04-29,02
71LA01844,71,2,6272,4,73,732,1231,42,4,,4,50,,1,02,,1,110,8,2,0,4,,,,,,2,2,42,4076,42,1,72,73,6,1,,1,2,10.8,10,,2,1,1971-04-20,02
71LA01845,71,2,6273,4,73,732,1231,42,4,,4,50,,1,02,,1,110,8,2,0,4,,,,,,2,2,42,4076,42,0,66,73,6,1,,0,0,9.4,10,,2,2,1971-04-20,02
71LA01846,71,2,6139,4,76,761,1244,42,4,,4,50,,2,02,,1,108,5,4,0,3,,,,,,2,2,42,3963,42,1,83,76,6,1,,1,1,8.8,10,,2,1,1971-04-18,02
71LA01847,71,1,5935,4,75,752,1246,42,4,,4,50,,1,02,,1,104,8,2,0,3,,,,,,2,2,42,4395,42,1,96,75,6,1,,1,2,9.6,10,,2,1,1971-04-14,02
71LA01848,71,2,5936,4,75,752,1246,42,4,,4,50,,1,02,,1,104,8,2,0,3,,6,,,,,2,42,4395,42,0,0,75,6,1,,0,0,8.6,0,,2,2,1971-04-14,02
71LA01849,71,2,6712,4,74,741,1247,42,4,,4,50,,1,02,,1,116,5,2,0,4,,,,,,3,2,42,3788,42,1,67,74,6,1,,1,1,12.4,10,,1,1,1971-04-26,02
71LA01850,71,1,5950,4,72,822,1249,42,4,,4,50,,1,02,,1,105,8,4,0,4,,,,,,2,2,42,3474,42,1,61,72,3,1,,1,2,8.6,10,,2,1,1971-04-15,02
71LA01851,71,1,5951,4,72,822,1249,42,4,,4,50,,1,02,,1,105,8,4,0,4,,,,,,2,2,42,3474,42,0,83,72,3,1,,0,0,9.2,10,,2,2,1971-04-15,02
71LA01852,71,,,0,77,771,1263,42,4,,4,50,,,02,1,,0,,2,0,,,,,,,,2,42,3932,42,1,0,77,6,0,,0,0,0.0,0,,2,1,,02
71LA01853,71,2,8148,9,00,771,1263,42,4,,4,50,,5,50,2,1,149,8,2,0,4,,6,,,,,2,90,0000,98,1,0,77,0,1,,1,2,14.0,0,,2,1,1971-05-29,02
71LA01854,71,2,8150,9,00,771,1263,42,4,,4,50,,5,50,2,1,149,8,2,0,4,,,,428181,-,3,2,90,0000,98,0,74,77,0,1,,0,0,13.6,5,,2,2,1971-05-29,02
71LA01855,71,1,6060,4,76,760,1264,42,4,,4,50,,3,02,,1,106,5,2,0,4,,,,,,2,2,42,3730,42,1,98,76,6,1,,1,1,14.0,10,,1,1,1971-04-16,02
71LA01856,71,1,6029,4,72,812,1280,42,4,,4,50,,1,02,,1,106,5,2,0,4,,,,,,2,2,42,3407,42,1,45,72,3,1,,1,1,12.8,10,,1,1,1971-04-16,02
71LA01857,71,2,6057,4,74,742,1282,42,4,,4,50,,1,02,,1,106,8,2,0,4,,6,,,,,2,42,4176,42,1,0,74,6,1,,1,2,11.0,0,,2,1,1971-04-16,02
71LA01858,71,2,6058,4,74,742,1282,42,4,,4,50,,1,02,,1,106,8,2,0,4,,,,,,2,2,42,4176,42,0,75,74,6,1,,0,0,9.8,10,,2,2,1971-04-16,02
71LA01859,71,1,6468,4,73,731,1289,42,4,,4,50,,1,02,,1,112,8,2,0,4,,,,,,2,2,42,4146,42,1,78,73,6,1,,1,2,11.4,10,,1,1,1971-04-22,02
71LA01860,71,2,6469,4,73,731,1289,42,4,,4,50,,1,02,,1,112,8,2,0,4,,,,,,2,2,42,4146,42,0,68,73,6,1,,0,0,10.2,10,,1,2,1971-04-22,02
71LA01861,71,2,5953,4,76,762,1307,42,4,,4,50,,1,02,,1,105,8,4,117,4,,6,,,,,2,42,3466,42,1,0,76,6,1,,1,2,11.4,0,,2,1,1971-04-15,02
71LA01862,71,2,5954,4,76,762,1307,42,4,,4,50,,1,02,,1,105,8,4,0,4,,,,,,2,2,42,3466,42,0,83,76,6,1,,0,0,11.8,10,,2,2,1971-04-15,02
71LA01863,71,1,5785,4,75,751,1308,42,4,,4,50,,1,02,,1,100,8,4,0,3,,,,,,2,2,42,4305,42,1,64,75,6,1,,1,2,10.4,10,,1,1,1971-04-10,02
71LA01864,71,2,5786,4,75,751,1308,42,4,,4,50,,1,02,,1,100,8,4,0,3,,,,,,2,2,42,4305,42,0,63,75,6,1,,0,0,7.0,10,,1,2,1971-04-10,02
71LA01865,71,2,6763,4,74,740,1316,42,4,,4,50,,1,02,,1,117,8,2,0,4,,,,,,3,2,42,3553,42,1,61,74,6,1,,1,2,12.2,10,12,1,1,1971-04-27,02
71LA01866,71,1,6764,4,74,740,1316,42,4,,4,50,,1,02,,3,117,8,2,0,4,,,,,,3,2,42,3553,42,0,63,74,6,1,,0,0,14.0,10,,1,2,1971-04-27,02
71LA01867,71,1,6157,4,78,780,1320,42,4,,4,50,,1,02,,1,108,8,2,0,4,,,,,,2,2,42,4186,42,1,89,78,6,1,,1,2,11.4,10,,2,1,1971-04-18,02
71LA01868,71,1,6158,4,78,780,1320,42,4,,4,50,,1,02,,1,108,8,2,0,4,,,,,,2,2,42,4186,42,0,81,78,6,1,,0,0,11.6,10,,2,2,1971-04-18,02
71LA01869,71,1,5925,4,76,761,1321,42,4,,4,50,,1,02,,1,104,5,4,0,5,,,,,,2,2,42,3963,42,1,104,76,6,1,,1,1,13.0,10,,1,1,1971-04-14,02
71LA01870,71,2,6138,4,75,750,1322,42,4,,4,50,,1,02,,1,108,5,4,0,4,,,,,,2,2,42,3610,42,1,95,75,6,1,,1,1,14.6,10,,1,1,1971-04-18,02
71LA01871,71,2,6148,4,73,730,1338,42,4,,4,50,,1,02,,1,108,5,2,0,4,,,,,,2,2,42,3860,42,1,82,73,6,1,,1,1,14.6,10,,1,1,1971-04-18,02
71LA01872,71,2,6341,4,77,770,1342,42,4,,4,50,,1,02,,1,111,5,4,0,4,,,,,,2,2,42,3674,42,1,68,77,6,1,,1,1,9.4,10,,2,1,1971-04-21,02
71LA01873,71,2,6532,4,76,760,1343,42,4,,4,50,,1,02,,1,113,8,4,0,4,,6,,,,,2,42,3730,42,1,0,76,6,1,,1,2,10.8,0,,2,1,1971-04-23,02
71LA01874,71,1,6533,4,76,760,1343,42,4,,4,50,,1,02,,1,113,8,4,0,4,,,,,,3,2,42,3730,42,0,54,76,6,1,,0,0,10.8,10,,2,2,1971-04-23,02
71LA01875,71,2,6858,4,75,752,1344,42,4,,4,50,,1,02,,1,120,8,4,0,4,09,,,,,3,2,42,4395,42,1,64,75,6,1,,1,2,12.0,10,,1,1,1971-04-30,02
71LA01876,71,2,6859,4,75,752,1344,42,4,,4,50,,1,02,,1,120,8,4,0,4,,,,,,3,2,42,4395,42,0,74,75,6,1,,0,0,11.6,10,,1,2,1971-04-30,02
71LA01877,71,2,6123,4,72,802,1346,42,4,,4,50,,1,02,,1,107,8,4,0,4,,,,,,2,2,42,3984,42,1,52,72,3,1,,1,2,8.8,10,,1,1,1971-04-17,02
71LA01878,71,1,6124,4,72,802,1346,42,4,,4,50,,1,02,,1,107,8,4,0,4,,,,,,2,2,42,3984,42,0,62,72,3,1,,0,0,8.6,10,,1,2,1971-04-17,02
71LA01879,71,2,6696,4,78,782,1360,42,4,,4,50,,3,02,,1,116,8,4,0,4,,,,,,3,2,42,4301,42,0,78,78,6,1,,0,0,9.4,10,02,1,2,1971-04-26,02
71LA01880,71,1,6695,4,78,782,1360,42,4,,4,50,,1,02,,1,116,8,4,0,4,08,,,,,3,2,42,4301,42,1,60,78,6,1,,1,2,12.6,10,,1,1,1971-04-26,02
71LA01881,71,2,5922,4,75,751,1361,42,4,,4,50,,1,02,,1,104,5,2,0,4,,,,,,2,2,42,4305,42,1,97,75,6,1,,1,1,12.8,10,,2,1,1971-04-14,02
71LA01882,71,1,6194,4,74,742,1362,42,4,,4,50,,1,02,,1,109,8,2,0,4,,,,,,2,2,42,4176,42,1,69,74,6,1,,1,2,12.2,10,,1,1,1971-04-19,02
71LA01883,71,2,6195,4,74,742,1362,42,4,,4,50,,1,02,,1,109,8,2,0,4,,,,,,2,2,42,4176,42,0,84,74,6,1,,0,0,11.6,10,,1,2,1971-04-19,02
71LA01884,71,1,5838,4,78,781,1370,42,4,,4,50,,1,02,,3,103,5,4,0,5,,,,,,2,2,42,4414,42,1,103,78,6,1,,1,1,11.8,10,,2,1,1971-04-13,02
71LA01885,71,2,6301,4,75,750,1373,42,4,,4,50,,1,02,,1,110,8,4,0,4,,6,,,,,2,42,3610,42,1,0,75,6,1,,1,2,9.6,0,,2,1,1971-04-20,02
71LA01886,71,2,6302,4,75,750,1373,42,4,,4,50,,1,02,,1,110,8,4,0,4,,,,,,2,2,42,3610,42,0,52,75,6,1,,0,0,8.6,10,,2,2,1971-04-20,02
71LA01887,71,2,6401,4,76,762,1387,42,4,,4,50,,1,02,,1,112,8,2,0,4,,,,,,2,2,42,3466,42,1,72,76,6,1,,1,2,12.0,10,,1,1,1971-04-22,02
71LA01888,71,1,6402,4,76,762,1387,42,4,,4,50,,1,02,,1,112,8,2,0,4,,,,,,2,2,42,3466,42,0,60,76,6,1,,0,0,9.6,10,,1,2,1971-04-22,02
71LA01889,71,1,6895,4,74,741,1388,42,4,,4,50,,1,02,,1,122,8,4,0,4,,,,,,3,2,42,3788,42,1,82,74,6,1,,1,2,11.2,10,,2,1,1971-05-02,02
71LA01890,71,2,6896,4,74,741,1388,42,4,,4,50,,1,02,,1,122,8,4,0,4,,6,,,,,2,42,3788,42,0,0,74,6,1,,0,0,10.6,0,,2,2,1971-05-02,02
71LA01891,71,2,6250,4,78,780,1394,42,4,,4,50,,1,02,,1,110,5,,0,4,,,,,,2,2,42,4186,42,1,83,78,6,1,,1,1,11.6,10,,1,1,1971-04-20,02
71LA01892,71,2,6497,4,72,992,1397,42,4,,4,50,,1,02,,1,113,5,2,0,4,23,,,,,3,2,42,3370,42,1,80,72,3,1,,1,1,9.8,10,,2,1,1971-04-23,02
71LA01893,71,1,5852,4,72,982,1398,42,4,,4,50,,1,02,,1,103,8,4,0,3,,,,,,2,2,42,4339,42,1,83,72,3,1,,1,2,9.4,10,,1,1,1971-04-13,02
71LA01894,71,2,5853,4,72,982,1398,42,4,,4,50,,1,02,,1,103,8,4,0,3,,,,,&,,2,42,4339,42,0,55,72,3,1,,0,0,7.8,5,,1,2,1971-04-13,02
71LA01895,71,2,6239,4,74,740,1405,42,4,,4,50,,1,02,,3,109,8,4,0,4,,6,,,&,,2,42,3553,42,1,0,74,6,1,,1,2,9.6,0,,2,1,1971-04-19,02
71LA01896,71,1,6240,4,74,740,1405,42,4,,4,50,,1,02,,1,109,8,4,0,4,,,,,,2,2,42,3553,42,0,99,74,6,1,,0,0,10.2,10,,2,2,1971-04-19,02
71LA01897,71,1,6536,4,73,732,1424,42,4,,4,50,,1,02,,1,113,8,2,0,4,,,,,,3,2,42,4076,42,1,81,73,6,1,,1,2,9.2,10,,1,1,1971-04-23,02
71LA01898,71,2,6537,4,73,732,1424,42,4,,4,50,,1,02,,1,113,8,2,0,4,,6,,,,,2,42,4076,42,0,0,73,6,1,,0,0,8.6,0,,1,2,1971-04-23,02
71LA01899,71,2,5806,4,74,742,1425,42,4,,4,50,,1,02,,1,102,8,2,0,4,,,,,,2,2,42,4176,42,1,82,74,6,1,,1,2,8.8,10,,2,1,1971-04-12,02
71LA01900,71,2,5807,4,74,742,1425,42,4,,4,50,,1,02,,1,102,8,2,0,4,,,,,&,,2,42,4176,42,0,75,74,6,1,,0,0,8.4,5,,2,2,1971-04-12,02
71LA01901,71,2,6604,4,72,972,1428,42,4,,4,50,,1,02,,1,114,5,4,0,4,,,,,,3,2,42,3735,42,1,83,72,3,1,,1,1,11.6,10,,2,1,1971-04-24,02
71LA01902,71,,,0,70,701,1430,42,4,,4,50,,,02,,,36,,4,0,,,,,,,,2,42,3660,42,0,0,70,2,0,,0,0,0.0,0,,1,1,,02
71LA01903,71,2,6812,4,74,741,1431,42,4,,4,50,,1,02,,1,119,8,4,0,4,,,,,,3,2,42,3788,42,0,64,74,6,1,,0,0,11.0,10,,1,2,1971-04-29,02
71LA01904,71,2,6811,4,74,741,1431,42,4,,4,50,,1,02,,1,119,8,4,0,4,,,,,,3,2,42,3788,42,1,59,74,6,1,,1,2,12.4,10,02,1,1,1971-04-29,02
71LA01905,71,2,5837,4,78,782,1432,42,4,,4,50,,1,02,,1,102,5,2,0,4,,,,,,2,2,42,4301,42,1,90,78,6,1,,1,1,11.4,10,,2,1,1971-04-12,02
71LA01906,71,2,6753,4,75,752,1434,42,4,,4,50,,2,02,,1,117,5,4,0,5,,,,,,3,2,42,4395,42,1,89,75,6,1,,1,1,14.0,10,01,2,1,1971-04-27,02
71LA01907,71,,,0,75,751,1436,42,4,,4,50,,,02,,,133,,4,0,,,,,,,,2,42,4305,42,1,0,75,6,0,,0,0,0.0,0,,1,1,1971-05-13,02
71LA01908,71,1,6414,4,77,772,1437,42,4,,4,50,,1,02,,1,112,8,4,0,4,,,,,,2,2,42,5277,42,1,70,77,6,1,,1,2,11.0,10,,2,1,1971-04-22,02
71LA01909,71,1,6415,4,77,772,1437,42,4,,4,50,,1,02,,1,112,8,4,0,4,,,,,,2,2,42,5277,42,0,73,77,6,1,,0,0,13.2,10,,2,2,1971-04-22,02
71LA01910,71,1,6848,4,75,750,1451,42,4,,4,50,,1,02,,1,120,8,2,0,4,,,,,,3,2,42,3610,42,1,51,75,6,1,,1,2,11.6,10,,1,1,1971-04-30,02
71LA01911,71,2,6849,4,75,750,1451,42,4,,4,50,,1,02,,1,120,8,2,0,4,,,,,,3,2,42,3610,42,0,50,75,6,1,,0,0,9.8,10,,1,2,1971-04-30,02
71LA01912,71,1,5958,4,76,761,1453,42,4,,4,50,,1,02,,1,105,8,2,0,4,,,,,,2,2,42,3963,42,1,82,76,6,1,,1,2,11.0,10,,2,1,1971-04-15,02
71LA01913,71,1,5959,4,76,761,1453,42,4,,4,50,,1,02,,1,105,8,2,0,4,,,,,,2,2,42,3963,42,0,81,76,6,1,,0,0,10.0,10,,2,2,1971-04-15,02
71LA01914,71,,,0,73,731,1458,42,4,,4,50,,,02,,,36,,4,0,,,,,,,,2,42,4146,42,0,0,73,6,0,,0,0,0.0,0,,1,1,,02
71LA01915,71,1,6747,4,77,771,1459,42,4,,4,50,,1,02,,1,117,5,2,0,5,,6,,,,,2,42,3932,42,1,0,77,6,1,,1,1,15.6,0,,1,1,1971-04-27,02
71LA01916,71,2,6746,4,75,752,1467,42,4,,4,50,,1,02,,1,117,7,2,0,5,,,,,,3,2,42,4395,42,1,104,75,6,1,,1,2,12.8,10,,1,1,1971-04-27,02
71LA01917,71,2,,0,75,752,1467,42,4,,4,50,,1,02,,1,117,7,2,0,5,,1,,,,,2,42,4395,42,0,0,75,6,0,,0,0,10.2,0,,1,2,1971-04-27,02
71LA01918,71,2,6296,4,75,751,1470,42,4,,4,50,,1,02,,1,110,8,4,0,4,,,,,,2,2,42,4305,42,1,82,75,6,1,,1,2,11.2,10,,2,1,1971-04-20,02
71LA01919,71,1,6297,4,75,751,1470,42,4,,4,50,,1,02,,1,110,8,4,0,4,,,,,,2,2,42,4305,42,0,61,75,6,1,,0,0,8.0,10,,2,2,1971-04-20,02
71LA01920,71,2,6389,4,73,730,1475,42,4,,4,50,,1,02,,1,111,5,2,0,4,,,,,,2,2,42,3860,42,1,78,73,6,1,,1,1,11.4,10,,2,1,1971-04-21,02
71LA01921,71,1,5803,4,73,732,1476,42,4,,4,50,,2,02,,1,102,5,4,0,4,,,,,&,,2,42,4076,42,1,101,73,6,1,,1,1,10.4,5,,2,1,1971-04-12,02
71LA01922,71,2,6553,4,73,732,1478,42,4,,4,50,,1,02,,1,113,8,4,0,3,,,,,,3,2,42,4076,42,1,72,73,6,1,,1,2,9.4,10,,1,1,1971-04-23,02
71LA01923,71,2,6554,4,73,732,1478,42,4,,4,50,,1,02,,1,113,8,4,0,3,,,,667361,-,3,2,42,4076,42,0,57,73,6,1,,0,0,7.6,5,,1,2,1971-04-23,02
71LA01924,71,1,6394,4,70,702,1479,42,4,,4,50,,1,02,,1,111,8,2,0,4,,,,,,2,2,42,4337,42,1,99,70,2,1,,1,2,13.0,10,,1,1,1971-04-21,02
71LA01925,71,2,6395,4,70,702,1479,42,4,,4,50,,1,02,,1,111,8,2,0,4,,,,851114,-,1,2,42,4337,42,0,93,70,2,1,,0,0,11.4,5,,1,2,1971-04-21,02
71LA01926,71,1,5914,4,77,770,1504,42,4,,4,50,,1,02,,1,104,8,4,0,3,,,,,,2,2,42,3674,42,1,65,77,6,1,,1,2,10.4,10,,1,1,1971-04-14,02
71LA01927,71,2,5915,4,77,770,1504,42,4,,4,50,,1,02,,1,104,8,4,0,3,,,,,,2,2,42,3674,42,0,79,77,6,1,,0,0,9.4,10,,1,2,1971-04-14,02
71LA01928,71,1,6809,4,70,700,1514,42,4,,4,50,,1,02,,1,119,7,4,0,5,,,,,,3,2,42,3431,42,1,93,70,2,1,,1,2,12.0,10,,1,1,1971-04-29,02
71LA01929,71,1,,0,70,700,1514,42,4,,4,50,,1,02,,1,119,7,4,0,5,,1,,,,,2,42,3431,42,0,0,70,2,0,,0,0,13.0,0,,1,2,1971-04-29,02
71LA01930,71,2,6544,4,74,740,1527,42,4,,4,40,,1,02,,1,113,8,2,0,3,,,,090562,-,3,2,42,3553,42,0,78,74,6,1,,0,0,9.4,5,,1,2,1971-04-23,02
71LA01931,71,2,6543,4,74,740,1527,42,4,,4,40,,1,02,,1,113,8,2,0,3,04,,,,,3,2,42,3553,42,1,67,74,6,1,,1,2,9.0,10,,1,1,1971-04-23,02
71LA01932,71,1,6196,4,74,742,1528,42,4,,4,40,,1,02,,1,109,5,2,0,3,,,,,,2,2,42,4176,42,1,76,74,6,1,,1,1,9.4,10,,1,1,1971-04-19,02
71LA01933,71,,,0,73,731,1529,42,4,,4,40,,,02,,,133,,3,0,,,,,,,,2,42,4146,42,1,0,73,6,0,,0,0,0.0,0,,1,1,1971-05-13,02
71LA01934,71,2,6703,4,77,772,1530,42,4,,4,40,,1,02,,1,116,5,3,0,4,,,,,,3,2,42,5277,42,1,84,77,6,1,,1,1,11.0,10,,1,1,1971-04-26,02
71LA01935,71,2,6318,4,75,750,1531,42,4,,4,40,,1,02,,1,111,5,2,0,5,,,,,,2,2,42,3610,42,1,88,75,6,1,,1,1,11.8,10,,2,1,1971-04-21,02
71LA01936,71,1,6050,4,76,762,1532,42,4,,4,40,,1,02,,1,106,8,4,0,4,,,,,,2,2,42,3466,42,1,78,76,6,1,,1,2,8.4,10,,2,1,1971-04-16,02
71LA01937,71,2,6051,4,76,762,1532,42,4,,4,40,,1,02,,1,106,8,4,0,4,,,,,,2,2,42,3466,42,0,73,76,6,1,,0,0,8.8,10,,2,2,1971-04-16,02
71LA01938,71,2,7990,9,98,091,1537,42,4,,4,40,,3,52,,1,94,8,,0,4,,,,,,,2,90,0005,95,1,81,76,8,1,,1,2,9.4,10,,1,1,1971-04-04,02
71LA01939,71,1,7991,9,98,091,1537,42,4,,4,40,,3,52,,1,94,8,,0,4,,,,,,,2,90,0005,95,0,111,76,8,1,,0,0,8.0,10,,1,2,1971-04-04,02
71LA01940,71,2,,0,77,771,1539,42,4,,4,40,,1,02,,1,118,1,2,0,4,,1,,,,,2,42,3932,42,1,0,77,6,0,,1,1,12.0,0,,2,1,1971-04-28,02
71LA01941,71,,,0,73,730,1548,42,4,,4,40,,,02,,,133,,3,0,,,,,,,,2,42,3860,42,1,0,73,6,0,,0,0,0.0,0,,1,1,1971-05-13,02
71LA01942,71,2,6204,4,78,781,1549,42,4,,4,40,,1,02,,1,109,8,1,125,4,,6,,,,,2,42,4414,42,1,0,78,6,1,,1,2,8.6,0,,1,1,1971-04-19,02
71LA01943,71,1,6205,4,78,781,1549,42,4,,4,40,,1,02,,1,109,8,1,0,4,,,,,,2,2,42,4414,42,0,92,78,6,1,,0,0,9.4,10,,1,2,1971-04-19,02
71LA01944,71,1,6508,4,74,741,1551,42,4,,4,40,,1,02,,1,113,5,3,0,4,,,,,,3,2,42,3788,42,1,84,74,6,1,,1,1,13.6,10,,2,1,1971-04-23,02
71LA01945,71,1,6247,4,76,761,1553,42,4,,4,40,,1,02,,1,110,8,2,0,5,,,,,,2,2,42,3963,42,1,71,76,6,1,,1,2,9.4,10,,1,1,1971-04-20,02
71LA01946,71,2,6248,4,76,761,1553,42,4,,4,40,,1,02,,1,110,8,2,0,5,,,,,,2,2,42,3963,42,0,77,76,6,1,,0,0,10.4,10,,1,2,1971-04-20,02
71LA01947,71,2,5931,4,77,770,1554,42,4,,4,40,,1,02,,1,104,8,3,111,4,,6,,,,,2,42,3674,42,1,0,77,6,1,,1,2,6.8,0,,2,1,1971-04-14,02
71LA01948,71,2,5932,4,77,770,1554,42,4,,4,40,,1,02,,1,104,8,3,106,4,,6,,,,,2,42,3674,42,0,0,77,6,1,,0,0,8.0,0,,2,2,1971-04-14,02
71LA01949,71,1,6094,4,78,780,1559,42,4,,4,40,,1,02,,1,107,5,1,0,4,,,,,,2,2,42,4186,42,1,103,78,6,1,,1,1,11.0,10,02,2,1,1971-04-17,02
71LA01950,71,1,5851,4,77,772,1563,42,4,,4,40,,1,02,,1,103,5,2,0,3,,,,,,2,2,42,5277,42,1,93,77,6,1,,1,1,11.2,10,,2,1,1971-04-13,02
71LA01951,71,2,6125,4,73,732,1565,42,4,,4,40,,1,02,,1,107,7,1,111,3,,6,,,,,2,42,4076,42,1,0,73,6,1,,1,2,5.2,0,,2,1,1971-04-17,02
71LA01952,71,1,,0,73,732,1565,42,4,,4,40,,1,02,,1,107,7,1,0,3,,1,,,,,2,42,4076,42,0,0,73,6,0,,0,0,8.0,0,,2,2,1971-04-17,02
71LA01953,71,2,,0,74,740,1568,42,4,,4,40,,1,02,,1,114,1,4,0,3,,1,,646142,+,,2,42,3553,42,1,0,74,6,0,,1,1,12.0,5,,2,1,1971-04-24,02
71LA01954,71,2,6399,4,75,752,1574,42,4,,4,40,,1,02,,1,111,8,4,0,3,,,,,,3,2,42,4395,42,1,79,75,6,1,,1,2,8.6,10,,2,1,1971-04-21,02
71LA01955,71,1,6400,4,75,752,1574,42,4,,4,40,,1,02,,1,111,8,4,115,3,,6,,,,,2,42,4395,42,0,0,75,6,1,,0,0,8.0,0,22,2,2,1971-04-21,02
71LA01956,71,1,6720,4,77,771,1576,42,4,,4,40,,1,02,,1,116,8,2,0,4,,,,,,3,2,42,3932,42,1,45,77,6,1,,1,2,12.4,10,,1,1,1971-04-26,02
71LA01957,71,1,6721,4,77,771,1576,42,4,,4,40,,1,02,,1,116,8,2,0,4,,,,,,3,2,42,3932,42,0,74,77,6,1,,0,0,8.2,10,,1,2,1971-04-26,02
71LA01958,71,2,8021,9,98,091,1584,42,4,,4,40,,1,52,,1,104,8,,0,4,,,,,,,2,90,0005,95,1,75,77,8,1,,1,2,8.8,10,,1,1,1971-04-14,02
71LA01959,71,2,8022,9,98,091,1584,42,4,,4,40,,3,52,,1,104,8,,0,4,,,,,,,2,90,0005,95,0,81,77,8,1,,0,0,9.0,10,,1,2,1971-04-14,02
71LA01960,71,1,5893,4,73,731,1585,42,4,,4,40,,1,02,,1,104,8,1,0,4,,,,,,2,2,42,4146,42,1,75,73,6,1,,1,2,9.8,10,,2,1,1971-04-14,02
71LA01961,71,2,5894,4,73,731,1585,42,4,,4,40,,1,02,,1,104,8,1,0,4,,,,,,2,2,42,4146,42,0,61,73,6,1,,0,0,6.4,10,,2,2,1971-04-14,02
71LA01962,71,1,7982,9,98,090,1588,42,4,,4,40,,1,52,,1,92,8,,0,4,,,,,&,,2,90,0004,95,1,105,77,8,1,,1,2,8.6,5,,1,1,1971-04-02,02
71LA01963,71,1,7983,9,98,090,1588,42,4,,4,40,,1,52,,1,92,8,,0,4,,,,,,,2,90,0004,95,0,97,77,8,1,,0,0,7.0,10,,1,2,1971-04-02,02
71LA01964,71,1,5792,4,78,782,1591,42,4,,4,40,,1,02,,1,101,8,2,0,4,,,,,,2,2,42,4301,42,1,81,78,6,1,,1,2,10.2,10,,1,1,1971-04-11,02
71LA01965,71,1,5793,4,78,782,1591,42,4,,4,40,,1,02,,1,101,8,2,0,4,,,,,,2,2,42,4301,42,0,93,78,6,1,,0,0,10.4,10,,1,2,1971-04-11,02
71LA01966,71,1,6418,4,77,770,1593,42,4,,4,40,,1,02,,1,112,8,3,115,2,,6,,,,,2,42,3674,42,1,0,77,6,1,,1,2,8.6,0,,1,1,1971-04-22,02
71LA01967,71,1,6419,4,77,770,1593,42,4,,4,40,,1,02,,1,112,8,3,0,2,,,,,&,,2,42,3674,42,0,84,77,6,1,,0,0,6.2,5,,1,2,1971-04-22,02
71LA01968,71,1,5841,4,76,760,1594,42,4,,4,40,,1,02,,1,103,5,4,0,3,,,,,,2,2,42,3730,42,1,112,76,6,1,,1,1,10.8,10,,1,1,1971-04-13,02
71LA01969,71,1,6279,4,76,762,1595,42,4,,4,40,,1,02,,1,110,5,3,0,4,11,,,,,2,2,42,3466,42,1,104,76,6,1,,1,1,12.0,10,,1,1,1971-04-20,02
71LA01970,71,2,,0,74,742,1599,42,4,,4,40,,1,02,,1,105,7,4,0,5,,1,,,,,2,42,4176,42,0,0,74,6,0,,0,0,9.8,0,,2,2,1971-04-15,02
71LA01971,71,2,5995,4,74,742,1599,42,4,,4,40,,1,02,,1,105,7,4,0,5,,,,,,2,2,42,4176,42,1,73,74,6,1,,1,2,9.8,10,03,2,1,1971-04-15,02
71LA01972,71,1,5823,4,75,751,1603,42,4,,4,40,,1,02,,1,102,5,1,0,4,,,,,,2,2,42,4305,42,1,79,75,6,1,,1,1,8.2,10,,1,1,1971-04-12,02
71LA01973,71,2,6877,4,74,741,1604,42,4,,4,40,,2,02,,1,121,5,3,0,4,,,,,,3,2,42,3788,42,1,74,74,6,1,,1,1,8.8,10,,1,1,1971-05-01,02
71LA01974,71,2,6793,4,78,781,1605,42,4,,4,40,,1,02,,1,118,8,2,0,4,,,,,,3,2,42,4414,42,1,78,78,6,1,,1,2,10.8,10,,2,1,1971-04-28,02
71LA01975,71,2,6794,4,78,781,1605,42,4,,4,40,,1,02,,1,118,8,2,0,4,,,,,,3,2,42,4414,42,0,67,78,6,1,,0,0,10.2,10,,2,2,1971-04-28,02
71LA01976,71,1,6079,4,75,750,1607,42,4,,4,40,,1,02,,1,107,5,1,0,4,,,,,,2,2,42,3610,42,1,108,75,6,1,,1,1,12.4,10,,1,1,1971-04-17,02
71LA01977,71,1,6369,4,74,740,1613,42,4,,4,40,,1,02,,1,111,5,3,0,4,,,,,,2,2,42,3553,42,1,93,74,6,1,,1,1,11.8,10,,1,1,1971-04-21,02
71LA01978,71,2,6146,4,73,730,1616,42,4,,4,40,,1,02,,1,108,8,2,0,4,,,,,,2,2,42,3860,42,1,79,73,6,1,,1,2,11.0,10,,2,1,1971-04-18,02
71LA01979,71,1,6147,4,73,730,1616,42,4,,4,40,,1,02,,1,108,8,2,0,4,,,,,,2,2,42,3860,42,0,78,73,6,1,,0,0,11.4,10,,2,2,1971-04-18,02
71LA01980,71,2,6728,4,73,732,1617,42,4,,4,40,,1,02,,1,117,5,2,0,4,,,,,,3,2,42,4076,42,1,73,73,6,1,,1,1,11.4,10,,1,1,1971-04-27,02
71LA01981,71,1,6008,4,76,761,1622,42,4,,4,40,,1,02,,1,105,8,4,0,3,,,,,,2,2,42,3963,42,1,73,76,6,1,,1,2,9.6,10,,2,1,1971-04-15,02
71LA01982,71,2,6009,4,76,761,1622,42,4,,4,40,,1,02,,1,105,8,4,0,3,,,,,&,,2,42,3963,42,0,94,76,6,1,,0,0,8.6,5,,2,2,1971-04-15,02
71LA01983,71,2,6639,4,77,772,1623,42,4,,4,40,,1,02,,1,115,8,4,0,4,,,,,,3,2,42,5277,42,1,64,77,6,1,,1,2,10.0,10,,1,1,1971-04-25,02
71LA01984,71,1,6640,4,77,772,1623,42,4,,4,40,,1,02,,1,115,8,4,0,4,,,,,,3,2,42,5277,42,0,84,77,6,1,,0,0,10.0,10,,1,2,1971-04-25,02
71LA01985,71,1,8004,9,98,090,1625,42,4,,4,40,,1,52,,1,100,8,,0,4,,,,,,,2,90,0004,95,1,88,78,8,1,,1,2,12.2,10,,1,1,1971-04-10,02
71LA01986,71,2,8005,9,98,090,1625,42,4,,4,40,,1,52,,1,100,8,,0,4,,,,,,,2,90,0004,95,0,65,78,8,1,,0,0,10.0,10,,1,2,1971-04-10,02
71LA01987,71,2,6658,4,73,730,1626,42,4,,4,40,,1,02,,1,115,8,1,0,4,,,,,,3,2,42,3860,42,1,69,73,6,1,,1,2,10.0,10,,1,1,1971-04-25,02
71LA01988,71,1,6659,4,73,730,1626,42,4,,4,40,,1,02,,1,115,8,1,0,4,,,,,,3,2,42,3860,42,0,65,73,6,1,,0,0,8.4,10,,1,2,1971-04-25,02
71LA01989,71,2,6827,4,78,780,1627,42,4,,4,40,,1,02,,3,119,9,1,0,3,,,,,,3,2,42,4186,42,1,71,78,6,1,,1,3,8.6,10,,1,1,1971-04-29,02
71LA01990,71,2,6828,4,78,780,1627,42,4,,4,40,,1,02,,3,119,9,1,0,3,,,,,,3,2,42,4186,42,0,74,78,6,1,,0,0,7.8,10,,1,2,1971-04-29,02
71LA01991,71,1,6829,4,78,780,1627,42,4,,4,40,,1,02,,3,119,9,1,0,3,,,,,,3,2,42,4186,42,0,57,78,6,1,,0,0,8.4,10,,1,3,1971-04-29,02
71LA01992,71,2,6324,4,75,752,1628,42,4,,4,40,,1,02,,1,111,8,2,0,5,,,,,,2,2,42,4395,42,1,80,75,6,1,,1,2,11.2,10,,1,1,1971-04-21,02
71LA01993,71,2,6325,4,75,752,1628,42,4,,4,40,,1,02,,1,111,8,2,0,5,,,,,,2,2,42,4395,42,0,73,75,6,1,,0,0,11.4,10,,1,2,1971-04-21,02
71LA01994,71,2,6104,4,77,771,1630,42,4,,4,40,,1,02,,1,107,7,4,0,4,,,,,,2,2,42,3932,42,1,73,77,6,1,,1,2,10.0,10,,2,1,1971-04-17,02
71LA01995,71,1,,0,77,771,1630,42,4,,4,40,,1,02,,1,107,7,4,0,4,,1,,,,,2,42,3932,42,0,0,77,6,0,,0,0,12.0,0,,2,2,1971-04-17,02
71LA01996,71,1,6931,4,74,742,1636,42,4,,4,40,,1,02,,3,132,5,4,0,4,,,,,,3,2,42,4176,42,1,74,74,6,1,,1,1,12.8,10,,1,1,1971-05-12,02
71LA01997,71,1,,0,74,741,1641,42,4,,4,40,,1,02,,1,106,1,1,0,0,,1,,,,,2,42,3788,42,1,0,74,6,0,,1,1,6.6,0,,2,1,1971-04-16,02
71LA01998,71,1,6189,4,76,760,1655,42,4,,4,40,,2,02,,1,108,5,4,0,3,,,,,,2,2,42,3730,42,1,93,76,6,1,,1,1,11.4,10,,1,1,1971-04-18,02
71LA01999,71,2,5790,4,77,770,1663,42,4,,4,40,,1,02,,1,101,8,1,0,3,,,,,,2,2,42,3674,42,1,49,77,6,1,,1,2,8.0,10,,2,1,1971-04-11,02
71LA02000,71,2,5791,4,77,770,1663,42,4,,4,40,,1,02,,1,101,8,1,149,3,,6,,,,,2,42,3674,42,0,0,77,6,1,,0,0,7.4,0,,2,2,1971-04-11,02
71LA02001,71,2,6006,4,76,762,1664,42,4,,4,40,,1,02,,1,105,8,2,0,4,,,,,,2,2,42,3466,42,1,82,76,6,1,,1,2,10.6,10,,2,1,1971-04-15,02
71LA02002,71,1,6007,4,76,762,1664,42,4,,4,40,,1,02,,1,105,8,2,0,4,,,,,,2,2,42,3466,42,0,69,76,6,1,,0,0,9.6,10,,2,2,1971-04-15,02
71LA02003,71,1,6932,4,76,761,1668,42,4,,4,40,,1,02,,1,133,5,1,151,1,,2,,,,,2,42,3963,42,1,0,76,6,1,,1,1,5.2,0,,1,1,1971-05-13,02
71LA02004,71,,,0,78,782,1670,42,4,,4,40,,,02,,,133,,2,0,,,,,,,,2,42,4301,42,1,0,78,6,0,,0,0,0.0,0,,2,1,1971-05-13,02
71LA02005,71,2,6654,4,77,772,1671,42,4,,4,40,,1,02,,1,115,5,1,0,4,,,,,,3,2,42,5277,42,1,81,77,6,1,,1,1,13.2,10,,2,1,1971-04-25,02
71LA02006,71,1,6424,4,75,751,1674,42,4,,4,40,,1,02,,1,112,8,1,0,4,,6,,,,,2,42,4305,42,0,0,75,6,1,,0,0,9.6,0,,2,2,1971-04-22,02
71LA02007,71,1,6423,4,75,751,1674,42,4,,4,40,,1,02,,1,112,8,1,140,4,09,6,,,,,2,42,4305,42,1,0,75,6,1,,1,2,8.0,0,,2,1,1971-04-22,02
71LA02008,71,1,6019,4,77,771,1677,42,4,,4,40,,3,02,,1,106,8,2,0,5,,,,,,2,2,42,3932,42,1,97,77,6,1,,1,2,11.8,10,,1,1,1971-04-16,02
71LA02009,71,1,6020,4,77,771,1677,42,4,,4,40,,2,02,,1,106,8,2,0,5,,,,,,2,2,42,3932,42,0,99,77,6,1,,0,0,10.4,10,,1,2,1971-04-16,02
71LA02010,71,2,6361,4,77,770,1681,42,4,,4,40,,1,02,,1,111,5,2,0,4,,,,,,2,2,42,3674,42,1,83,77,6,1,,1,1,12.0,10,,1,1,1971-04-21,02
71LA02011,71,1,6717,4,78,781,1688,42,4,,4,40,,1,02,,1,116,5,2,0,5,,,,,,3,2,42,4414,42,1,100,78,6,1,,1,1,14.0,10,,1,1,1971-04-26,02
71LA02012,71,2,6187,4,74,740,1689,42,4,,4,40,,1,02,,1,108,8,2,0,4,,,,,,2,2,42,3553,42,1,73,74,6,1,,1,2,12.0,10,,2,1,1971-04-18,02
71LA02013,71,1,6188,4,74,740,1689,42,4,,4,40,,1,02,,1,108,8,2,123,4,,6,,,,,2,42,3553,42,0,0,74,6,1,,0,0,11.2,0,,2,2,1971-04-18,02
71LA02014,71,1,6420,4,76,761,1694,42,4,,4,40,,1,02,,1,112,8,4,0,4,,,,,,2,2,42,3963,42,1,64,76,6,1,,1,2,9.8,10,,2,1,1971-04-22,02
71LA02015,71,1,6421,4,76,761,1694,42,4,,4,40,,1,02,,1,112,8,4,0,4,,,,,,2,2,42,3963,42,0,82,76,6,1,,0,0,9.4,10,,2,2,1971-04-22,02
71LA02016,71,2,6266,4,76,762,1696,42,4,,4,40,,1,02,,1,110,5,3,0,3,,,,,,2,2,42,3466,42,1,77,76,6,1,,1,1,10.0,10,,1,1,1971-04-20,02
71LA02017,71,1,8044,9,98,090,1697,42,4,,4,40,,1,52,,1,108,5,,110,3,09,6,,,,,2,90,0004,95,1,0,73,8,1,,1,1,11.8,0,,1,1,1971-04-18,02
71LA02018,71,1,6077,4,74,742,1698,42,4,,4,40,,1,02,,1,107,8,1,0,4,,,,,,2,2,42,4176,42,1,82,74,6,1,,1,2,11.4,10,,2,1,1971-04-17,02
71LA02019,71,2,6078,4,74,742,1698,42,4,,4,40,,1,02,,1,107,8,1,0,4,,,,,,2,2,42,4176,42,0,67,74,6,1,,0,0,9.0,10,,2,2,1971-04-17,02
71LA02020,71,1,5895,4,74,741,1702,42,4,,4,40,,1,02,,3,104,8,4,0,2,,,,,,2,2,42,3788,42,1,102,74,6,1,,1,2,11.2,10,,1,1,1971-04-14,02
71LA02021,71,1,5896,4,74,741,1702,42,4,,4,40,,1,02,,1,104,8,4,0,2,,6,,,,,2,42,3788,42,0,0,74,6,1,,0,0,9.8,0,,1,2,1971-04-14,02
71LA02022,71,2,6521,4,74,740,1710,42,4,,4,40,,1,02,,1,113,5,3,140,4,,6,,,,,2,42,3553,42,1,0,74,6,1,,1,1,11.6,0,,1,1,1971-04-23,02
71LA02023,71,1,6623,4,73,731,1714,42,4,,4,40,,1,02,,1,114,8,3,0,4,,,,,,3,2,42,4146,42,1,87,73,6,1,,1,2,11.0,10,,1,1,1971-04-24,02
71LA02024,71,2,6624,4,73,731,1714,42,4,,4,40,,1,02,,1,114,8,3,0,4,,,,,,2,2,42,4146,42,0,69,73,6,1,,0,0,8.8,10,,1,2,1971-04-24,02
71LA02025,71,1,6787,4,76,760,1718,42,4,,4,40,,2,02,,1,118,5,2,0,5,,,,,,3,2,42,3730,42,1,104,76,6,1,,1,1,14.2,10,,2,1,1971-04-28,02
71LA02026,71,2,6822,4,76,760,1721,42,4,,4,40,,1,02,,1,119,5,1,0,5,,,,,,3,2,42,3730,42,1,89,76,6,1,,1,1,14.2,10,,1,1,1971-04-29,02
71LA02027,71,2,5921,4,74,742,1724,42,4,,4,40,,1,02,,1,104,5,3,0,4,,,,,,2,2,42,4176,42,1,93,74,6,1,,1,1,13.4,10,,1,1,1971-04-14,02
71LA02028,71,1,6263,4,75,750,1725,42,4,,4,40,,1,02,,1,110,5,4,0,3,,,,,,2,2,42,3610,42,1,77,75,6,1,,1,1,13.4,10,,2,1,1971-04-20,02
71LA02029,71,1,6409,4,77,772,1729,42,4,,4,40,,1,02,,1,112,8,3,0,4,,,,,,2,2,42,5277,42,1,64,77,6,1,,1,2,12.6,10,,1,1,1971-04-22,02
71LA02030,71,2,6410,4,77,772,1729,42,4,,4,40,,1,02,,1,112,8,3,0,4,,,,,,2,2,42,5277,42,0,63,77,6,1,,0,0,9.0,10,,1,2,1971-04-22,02
71LA02031,71,1,6748,4,74,741,1730,42,4,,4,40,,1,02,,1,117,5,3,136,4,,6,,667242,+,,2,42,3788,42,1,0,74,6,1,,1,1,11.4,5,41,2,1,1971-04-27,02
71LA02032,71,1,6262,4,78,780,1733,42,4,,4,40,,1,02,,1,110,7,4,0,4,,,,,,2,2,42,4186,42,1,91,78,6,1,,1,2,10.8,10,,2,1,1971-04-20,02
71LA02033,71,2,,0,78,780,1733,42,4,,4,40,,1,02,,1,110,7,4,0,4,,1,,,,,2,42,4186,42,0,0,78,6,0,,0,0,8.0,0,,2,2,1971-04-20,02
71LA02034,71,1,6135,4,75,752,1734,42,4,,4,40,,1,02,,1,108,8,3,0,4,,,,,,2,2,42,4395,42,1,66,75,6,1,,1,2,8.8,10,,2,1,1971-04-18,02
71LA02035,71,1,6136,4,75,752,1734,42,4,,4,40,,1,02,,1,108,8,3,0,4,,,,,,2,2,42,4395,42,0,72,75,6,1,,0,0,10.4,10,,2,2,1971-04-18,02
71LA02036,71,1,5863,4,76,762,1735,42,4,,4,40,,1,02,,1,103,8,4,0,4,,,,,,2,2,42,3466,42,1,73,76,6,1,,1,2,10.0,10,,2,1,1971-04-13,02
71LA02037,71,1,5864,4,76,762,1735,42,4,,4,40,,1,02,,1,103,8,4,0,4,,,,,,2,2,42,3466,42,0,85,76,6,1,,0,0,10.0,10,,2,2,1971-04-13,02
71LA02038,71,2,5957,4,74,740,1736,42,4,,4,40,,1,02,,1,105,5,4,0,4,,,,,,2,2,42,3553,42,1,95,74,6,1,,1,1,13.0,10,,2,1,1971-04-15,02
71LA02039,71,2,6152,4,75,751,1745,42,4,,4,40,,1,02,,1,108,8,3,119,3,,6,,,,,2,42,4305,42,0,0,75,6,1,,0,0,5.0,0,,1,2,1971-04-18,02
71LA02040,71,2,6137,4,75,751,1745,42,4,,4,40,,1,02,,1,108,8,3,0,3,,6,,614942,+,,2,42,4305,42,1,0,75,6,1,,1,2,7.6,5,72,1,1,1971-04-18,02
71LA02041,71,2,6754,4,73,732,1749,42,4,,4,40,,1,02,,1,117,8,4,0,3,,,,,,3,2,42,4076,42,1,64,73,6,1,,1,2,10.6,10,,2,1,1971-04-27,02
71LA02042,71,1,6755,4,73,732,1749,42,4,,4,40,,1,02,,3,117,8,4,0,3,,,,,,3,2,42,4076,42,0,71,73,6,1,,0,0,11.0,10,,2,2,1971-04-27,02
71LA02043,71,2,6033,4,77,771,1750,42,4,,4,40,,1,02,,1,106,5,3,0,4,,,,,,2,2,42,3932,42,1,83,77,6,1,,1,1,11.6,10,,2,1,1971-04-16,02
71LA02044,71,2,6660,4,75,750,1753,42,4,,4,40,,3,02,,1,115,5,2,0,4,,,,,,3,2,42,3610,42,1,87,75,6,1,,1,1,11.6,10,,1,1,1971-04-25,02
71LA02045,71,2,6562,4,75,752,1756,42,4,,4,40,,1,02,,1,114,8,1,0,2,,,,,&,,2,42,4395,42,1,84,75,6,1,,1,2,10.6,5,,1,1,1971-04-24,02
71LA02046,71,2,6563,4,75,752,1756,42,4,,4,40,,1,02,,1,114,8,1,0,2,,,,,,2,2,42,4395,42,0,72,75,6,1,,0,0,12.6,10,,1,2,1971-04-24,02
71LA02047,71,1,6663,4,76,761,1758,42,4,,4,40,,1,02,,1,115,8,4,0,5,,,,,,3,2,42,3963,42,1,79,76,6,1,,1,2,12.4,10,,1,1,1971-04-25,02
71LA02048,71,2,6664,4,76,761,1758,42,4,,4,40,,1,02,,1,115,8,4,0,5,,,,,,3,2,42,3963,42,0,72,76,6,1,,0,0,9.6,10,,1,2,1971-04-25,02
71LA02049,71,,,0,77,770,1762,42,4,,4,40,,,02,,,133,,3,0,,,,,,,,2,42,3674,42,1,0,77,6,0,,0,0,0.0,0,,2,1,1971-05-13,02
71LA02050,71,2,6891,4,78,782,1770,42,4,,4,40,,3,02,,1,122,5,2,0,4,,,,,,3,2,42,4301,42,1,70,78,6,1,,1,1,10.2,10,,1,1,1971-05-02,02
71LA02051,71,2,6345,4,76,760,1771,42,4,,4,40,,1,02,,1,111,5,1,0,3,,6,,,,,2,42,3730,42,1,0,76,6,1,,1,1,10.0,0,,2,1,1971-04-21,02
71LA02052,71,,,0,75,751,1777,42,4,,4,40,,,02,,,133,,1,0,,,,,,,,2,42,4305,42,1,0,75,6,0,,0,0,0.0,0,,2,1,1971-05-13,02
71LA02053,71,1,7976,9,98,091,1779,42,4,,4,40,,1,52,,3,90,8,,0,3,04,,,840814,-,,2,90,0005,95,1,103,78,8,1,,1,2,10.2,5,,1,1,1971-03-31,02
71LA02054,71,1,7977,9,98,091,1779,42,4,,4,40,,1,52,,1,90,8,,0,3,,,,,,,2,90,0005,95,0,108,78,8,1,,0,0,8.8,10,,1,2,1971-03-31,02
71LA02055,71,1,5830,4,70,702,1786,42,4,,4,40,,1,02,,1,102,8,4,0,5,,,,,,2,2,42,4337,42,1,78,70,2,1,,1,2,11.8,10,,2,1,1971-04-12,02
71LA02056,71,2,5831,4,70,702,1786,42,4,,4,40,,1,02,,1,102,8,4,0,5,,,,,,2,2,42,4337,42,0,85,70,2,1,,0,0,9.8,10,,2,2,1971-04-12,02
71LA02057,71,2,5754,4,08,082,1790,42,4,37,4,40,,1,02,,1,93,8,,0,4,,,29,,,6,2,42,3029,42,1,59,08,1,1, 7,1,2,8.4,10,,1,1,1971-04-03,02
71LA02058,71,2,5755,4,08,082,1790,42,4,37,4,40,,1,02,,1,93,8,,0,4,,6,29,,,,2,42,3029,42,0,0,08,1,1, 7,0,0,7.8,0,,1,2,1971-04-03,02
71LA02059,71,2,6056,4,08,082,1799,42,4,38,4,40,,1,02,,1,106,5,,0,4,11,,31,,,6,2,42,3029,42,1,62,08,1,1, 6,1,1,9.2,10,,1,1,1971-04-16,02
71LA02060,71,1,6900,4,77,772,1804,42,4,,4,40,,1,02,,1,122,5,3,0,5,,,,,,3,2,42,5277,42,1,97,77,6,1,,1,1,15.0,10,,2,1,1971-05-02,02
71LA02061,71,1,6488,4,76,762,1814,42,4,,4,40,,1,02,,1,113,8,4,0,4,,,,,,3,2,42,3466,42,0,75,76,6,1,,0,0,11.6,10,,1,2,1971-04-23,02
71LA02062,71,2,6487,4,76,762,1814,42,4,,4,40,,1,02,,1,113,8,4,0,4,,,,,,3,2,42,3466,42,1,77,76,6,1,,1,2,10.4,10,02,1,1,1971-04-23,02
71LA02063,71,2,6089,4,70,701,1815,42,4,,4,40,,1,02,,1,107,8,2,0,5,,,,,,2,2,42,3660,42,1,75,70,2,1,,1,2,12.6,10,,1,1,1971-04-17,02
71LA02064,71,1,6090,4,70,701,1815,42,4,,4,40,,1,02,,1,107,8,2,0,5,,,,,,2,2,42,3660,42,0,81,70,2,1,,0,0,12.6,10,,1,2,1971-04-17,02
71LA02065,71,1,5763,4,07,072,1820,42,4,38,4,40,,1,02,,1,96,5,,0,4,,,28,,,6,2,42,3320,42,1,66,07,1,1, 6,1,1,9.4,10,,1,1,1971-04-06,02
71LA02066,71,2,6666,4,70,700,1828,42,4,,4,40,,1,02,,1,115,8,3,0,4,,6,,,,,2,42,3431,42,1,0,70,2,1,,1,2,10.2,0,,2,1,1971-04-25,02
71LA02067,71,2,6667,4,70,700,1828,42,4,,4,40,,1,02,,1,115,8,3,0,4,,,,,,3,2,42,3431,42,0,55,70,2,1,,0,0,10.2,10,,2,2,1971-04-25,02
71LA02068,71,2,6134,4,74,742,1831,42,4,,4,40,,1,02,,1,108,5,1,0,4,,,,,,2,2,42,4176,42,1,85,74,6,1,,1,1,10.0,10,,2,1,1971-04-18,02
71LA02069,71,2,5901,4,72,962,1832,42,4,,4,40,,1,02,,1,104,8,1,0,4,,6,,,,,2,42,4140,42,1,0,72,3,1,,1,2,9.8,0,,1,1,1971-04-14,02
71LA02070,71,2,5902,4,72,962,1832,42,4,,4,40,,1,02,,1,104,8,1,119,4,,6,,,,,2,42,4140,42,0,0,72,3,1,,0,0,8.0,0,,1,2,1971-04-14,02
71LA02071,71,1,6153,4,70,702,1844,42,4,,4,40,,1,02,,1,108,8,4,0,4,,,,,,2,2,42,4337,42,1,85,70,2,1,,1,2,11.2,10,,1,1,1971-04-18,02
71LA02072,71,1,6154,4,70,702,1844,42,4,,4,40,,1,02,,1,108,8,4,0,4,,,,,,2,2,42,4337,42,0,88,70,2,1,,0,0,9.6,10,,1,2,1971-04-18,02
71LA02073,71,2,6017,4,78,781,1848,42,4,,4,40,,1,02,,1,106,8,2,0,4,,,,,,2,2,42,4414,42,1,83,78,6,1,,1,2,9.8,10,,2,1,1971-04-16,02
71LA02074,71,1,6018,4,78,781,1848,42,4,,4,40,,1,02,,1,106,8,2,0,4,,6,,,,,2,42,4414,42,0,0,78,6,1,,0,0,9.6,0,,2,2,1971-04-16,02
71LA02075,71,2,5832,4,70,702,1850,42,4,,4,40,,1,02,,1,102,5,4,0,4,,,,,,2,2,42,4337,42,1,105,70,2,1,,1,1,11.6,10,,2,1,1971-04-12,02
71LA02076,71,2,6285,4,72,952,1871,42,4,,4,40,,1,02,,1,110,8,3,0,4,,,,,,2,2,42,4387,42,1,52,72,3,1,,1,2,7.8,10,,2,1,1971-04-20,02
71LA02077,71,2,6286,4,72,952,1871,42,4,,4,40,,1,02,,1,110,8,3,0,4,,6,,,,,2,42,4387,42,0,0,72,3,1,,0,0,7.2,0,,2,2,1971-04-20,02
71LA02078,71,1,6055,4,72,942,1883,42,4,,4,40,,1,02,,1,106,5,1,0,4,,,,,,2,2,42,3404,42,1,95,72,3,1,,1,1,12.4,10,,1,1,1971-04-16,02
71LA02079,71,3,7968,9,00,000,1889,42,4,,4,40,,1,00,3,1,32,5,3,0,3,,,,,,1,2,90,0000,00,1,106,72,0,1,,1,1,15.0,10,,2,1,1971-02-01,02
71LA02080,71,,,0,72,922,1890,42,4,,4,40,,,02,,,133,,1,0,,,,,,,,2,42,3652,42,1,0,72,3,0,,0,0,0.0,0,,2,1,1971-05-13,02
71LA02081,71,,,0,98,091,1893,42,4,,4,40,,,52,,,133,,,0,,,,,,,,2,90,0005,95,1,0,74,8,0,,0,0,0.0,0,,1,1,1971-05-13,02
71LA02082,71,2,6224,4,14,142,1901,42,4,40,4,40,,1,02,,1,109,5,,0,5,,,35,,,1,2,42,3946,42,1,78,14,1,1, 7,1,1,11.4,10,,1,1,1971-04-19,02
71LA02083,71,2,6919,4,14,142,1910,42,4,44,4,40,,1,02,,3,125,5,,0,3,,,33,,,6,2,42,3946,42,1,52,14,1,1, 6,1,1,10.0,10,59,1,1,1971-05-05,02
71LA02084,71,2,6767,4,07,072,1919,42,4,37,4,40,,1,02,,1,117,5,,123,4,,6,29,,,,2,42,3320,42,1,0,07,1,1, 7,1,1,8.6,0,,1,1,1971-04-27,02
71LA02085,71,,,0,70,700,1934,42,4,,4,40,,,02,,,36,,2,0,,,,,,,,2,42,3431,42,0,0,70,2,0,,0,0,0.0,0,,1,1,,02
71LA02086,71,1,6872,4,78,780,1936,42,4,,4,40,,1,02,,1,121,8,2,0,4,,,,,,3,2,42,4186,42,1,79,78,6,1,,1,2,10.8,10,,1,1,1971-05-01,02
71LA02087,71,1,6873,4,78,780,1936,42,4,,4,40,,1,02,,1,121,8,2,0,4,,,,,,3,2,42,4186,42,0,73,78,6,1,,0,0,8.4,10,,1,2,1971-05-01,02
71LA02088,71,2,8001,9,98,091,1937,42,4,,4,40,,3,52,,1,99,6,,0,2,,,,,,,2,90,0005,95,1,83,72,8,1,,1,2,7.0,10,,1,1,1971-04-09,02
71LA02089,71,2,,0,98,091,1937,42,4,,4,40,,3,52,,1,99,6,,0,2,,0,,,,,2,90,0005,95,0,0,72,8,0,,0,0,4.4,0,,1,2,1971-04-09,02
71LA02090,71,2,6670,4,08,082,1941,42,4,37,4,40,,1,02,,1,115,5,,0,3,,,31,,,1,2,42,3029,42,1,56,08,1,1, 7,1,1,9.8,10,01,1,1,1971-04-25,02
71LA02091,71,2,6167,4,08,082,1953,42,4,38,4,40,,1,02,,1,108,5,,0,3,,,27,,,6,2,42,3029,42,1,49,08,1,1, 6,1,1,5.6,10,,1,1,1971-04-18,02
71LA02092,71,2,6810,4,75,750,1965,42,4,,4,40,,1,02,,1,119,5,3,0,3,,,,,,3,2,42,3610,42,1,75,75,6,1,,1,1,11.4,10,,2,1,1971-04-29,02
71LA02093,71,,,0,72,912,1970,42,4,,4,40,,,02,,,145,,3,0,,,,,,,,2,42,3592,42,1,0,72,3,0,,0,0,0.0,0,,2,1,1971-05-25,02
71LA02094,71,1,6003,4,70,701,1983,42,4,,4,40,,3,02,,1,105,8,1,0,4,,,,,,2,2,42,3660,42,1,102,70,2,1,,1,2,13.4,10,,2,1,1971-04-15,02
71LA02095,71,2,6004,4,70,701,1983,42,4,,4,40,,1,02,,1,105,8,1,106,4,,6,,,,,2,42,3660,42,0,0,70,2,1,,0,0,9.4,0,21,2,2,1971-04-15,02
71LA02096,71,,,0,72,902,1993,42,4,,4,40,,,02,1,,0,,1,0,,,,,,,,2,42,4237,42,1,0,72,3,0,,0,0,0.0,0,,2,1,,02
71LA02097,71,3,8111,9,00,902,1993,42,4,,4,40,,5,50,2,1,138,8,1,0,3,,,,,,3,2,90,0000,98,1,60,72,0,1,,1,2,10.6,10,,2,1,1971-05-18,02
71LA02098,71,2,8112,9,00,902,1993,42,4,,4,40,,5,50,2,1,138,8,1,0,3,,,,,,3,2,90,0000,98,0,58,72,0,1,,0,0,10.0,10,,2,2,1971-05-18,02
71LA02099,71,1,6889,4,72,892,2005,42,4,,4,40,,1,02,,1,122,5,2,0,2,,,,,,3,2,42,4399,42,1,64,72,3,1,,1,1,10.0,10,,2,1,1971-05-02,02
71LA02100,71,2,6914,4,75,752,2024,42,4,,4,40,,1,02,,3,124,5,3,0,5,,,,,,3,2,42,4395,42,1,84,75,6,1,,1,1,12.0,10,,2,1,1971-05-04,02
71LA02101,71,2,5856,4,03,032,2027,42,4,34,4,40,,1,02,,1,103,5,,0,4,,,18,,,1,2,42,3342,42,1,80,03,1,1, 7,1,1,8.8,10,,1,1,1971-04-13,02
71LA02102,71,2,5820,4,72,882,2030,42,4,,4,40,,1,02,,1,102,8,3,0,4,,,,,,2,2,42,4416,42,1,69,72,3,1,,1,2,9.4,10,,2,1,1971-04-12,02
71LA02103,71,1,5821,4,72,882,2030,42,4,,4,40,,1,02,,1,102,8,3,0,4,,,,,,2,2,42,4416,42,0,76,72,3,1,,0,0,9.6,10,,2,2,1971-04-12,02
71LA02104,71,2,5999,4,76,761,2035,42,4,,4,40,,2,02,,1,105,8,1,0,4,,,,,,2,2,42,3963,42,1,74,76,6,1,,1,2,10.0,10,,2,1,1971-04-15,02
71LA02105,71,1,6000,4,76,761,2035,42,4,,4,40,,1,02,,1,105,8,1,111,4,,6,,,,,2,42,3963,42,0,0,76,6,1,,0,0,11.4,0,,2,2,1971-04-15,02
71LA02106,71,1,6398,4,78,782,2038,42,4,,4,40,,1,02,,1,111,5,2,0,4,,,,,,2,2,42,4301,42,1,90,78,6,1,,1,1,10.0,10,,2,1,1971-04-21,02
71LA02107,71,1,,0,70,700,2040,42,4,,4,40,,1,02,,1,110,1,3,0,2,,1,,,,,2,42,3431,42,1,0,70,2,0,,1,1,8.8,0,,2,1,1971-04-20,02
71LA02108,71,,,0,73,731,2052,42,4,,4,40,,,02,,,106,,3,0,,85,,,,,,2,42,4146,42,1,0,73,6,0,,0,0,0.0,0,,2,1,1971-04-16,02
71LA02109,71,,,0,73,730,2055,42,4,,4,40,,,02,,,60,,2,0,,,,,,,,2,42,3860,42,0,0,73,6,0,,0,0,0.0,0,,2,1,1971-03-01,02
71LA02110,71,2,6375,4,14,142,2057,42,4,36,4,40,,1,02,,1,111,5,,0,3,,,28,,,1,2,42,3946,42,1,66,14,1,1, 7,1,1,11.8,10,,1,1,1971-04-21,02
71LA02111,71,2,6718,4,74,741,2069,42,4,,4,40,,1,02,,1,116,5,4,0,4,,,,,,3,2,42,3788,42,1,86,74,6,1,,1,1,11.2,10,,1,1,1971-04-26,02
71LA02112,71,,,0,73,732,2071,42,4,,4,40,,,02,,,145,,4,0,,,,,,,,2,42,4076,42,1,0,73,6,0,,0,0,0.0,0,,1,1,1971-05-25,02
71LA02113,71,2,6392,4,75,751,2077,42,4,,4,40,,1,02,,1,111,5,1,0,4,,,,,,2,2,42,4305,42,1,74,75,6,1,,1,1,12.4,10,,1,1,1971-04-21,02
71LA02114,71,1,6519,4,70,701,2081,42,4,,4,40,,1,02,,1,113,5,3,0,5,,,,,,3,2,42,3660,42,1,83,70,2,1,,1,1,11.8,10,,1,1,1971-04-23,02
71LA02115,71,1,6535,4,74,740,2085,42,4,,4,40,,1,02,,1,113,5,4,0,4,,,,,,3,2,42,3553,42,1,86,74,6,1,,1,1,11.6,10,,1,1,1971-04-23,02
71LA02116,71,1,6326,4,73,731,2087,42,4,,4,40,,1,02,,1,111,8,3,0,4,,,,,,2,2,42,4146,42,1,70,73,6,1,,1,2,10.2,10,,1,1,1971-04-21,02
71LA02117,71,1,6327,4,73,731,2087,42,4,,4,40,,1,02,,1,111,8,3,0,4,,,,,,2,2,42,4146,42,0,65,73,6,1,,0,0,9.8,10,,1,2,1971-04-21,02
71LA02118,71,1,6227,4,78,781,2090,42,4,,4,40,,1,02,,3,109,8,2,0,4,,,,,,2,2,42,4414,42,1,77,78,6,1,,1,2,9.8,10,,1,1,1971-04-19,02
71LA02119,71,1,6228,4,78,781,2090,42,4,,4,40,,1,02,,3,109,8,2,0,4,,,,,,2,2,42,4414,42,0,74,78,6,1,,0,0,8.8,10,,1,2,1971-04-19,02
71LA02120,71,1,5939,4,73,730,2095,42,4,,4,40,,1,02,,1,104,8,4,0,4,,,,,,2,2,42,3860,42,1,98,73,6,1,,1,2,10.0,10,,1,1,1971-04-14,02
71LA02121,71,1,5940,4,73,730,2095,42,4,,4,40,,1,02,,1,104,8,4,160,4,,6,,,&,,2,42,3860,42,0,0,73,6,1,,0,0,10.6,0,,1,2,1971-04-14,02
71LA02122,71,2,6887,4,73,732,2096,42,4,,4,40,,1,02,,1,121,5,4,0,5,,,,,,3,2,42,4076,42,1,89,73,6,1,,1,1,13.0,10,,2,1,1971-05-01,02
71LA02123,71,1,6813,4,76,760,2100,42,4,,4,40,,1,02,,1,119,8,3,0,4,,,,,,3,2,42,3730,42,1,77,76,6,1,,1,2,10.4,10,,1,1,1971-04-29,02
71LA02124,71,1,6814,4,76,760,2100,42,4,,4,40,,1,02,,1,119,8,3,0,4,,,,,,3,2,42,3730,42,0,72,76,6,1,,0,0,9.0,10,,1,2,1971-04-29,02
71LA02125,71,1,6450,4,75,750,2101,42,4,,4,40,,1,02,,1,112,8,1,0,3,,,,,,3,2,42,3610,42,1,86,75,6,1,,1,2,11.4,10,,1,1,1971-04-22,02
71LA02126,71,2,6451,4,75,750,2101,42,4,,4,40,,1,02,,1,112,8,1,0,3,,,,,,3,2,42,3610,42,0,76,75,6,1,,0,0,10.6,10,,1,2,1971-04-22,02
71LA02127,71,1,5781,4,14,142,2106,42,4,37,4,40,,1,02,,1,100,5,,0,4,04,6,32,,,,2,42,3946,42,1,0,14,1,1, 6,1,1,11.6,0,,1,1,1971-04-10,02
71LA02128,71,2,6700,4,77,771,2122,42,4,,4,40,,1,02,,1,116,5,3,0,5,,,,,,3,2,42,3932,42,1,85,77,6,1,,1,1,13.8,10,,1,1,1971-04-26,02
71LA02129,71,2,6756,4,70,702,2124,42,4,,4,40,,1,02,,1,117,8,4,0,4,,,,,,3,2,42,4337,42,1,76,70,2,1,,1,2,11.0,10,,1,1,1971-04-27,02
71LA02130,71,2,6757,4,70,702,2124,42,4,,4,40,,1,02,,1,117,8,4,0,4,,6,,,,,2,42,4337,42,0,0,70,2,1,,0,0,8.4,0,,1,2,1971-04-27,02
71LA02131,71,1,6841,4,72,872,2129,42,4,,4,40,,1,02,,1,120,8,4,125,4,,6,,,,,2,42,3584,42,1,0,72,3,1,,1,2,10.2,0,,1,1,1971-04-30,02
71LA02132,71,1,6842,4,72,872,2129,42,4,,4,40,,1,02,,1,120,8,4,0,4,,,,,&,,2,42,3584,42,0,67,72,3,1,,0,0,8.0,5,,1,2,1971-04-30,02
71LA02133,71,2,6912,4,75,752,2131,42,4,,4,40,,1,02,,1,124,5,4,0,3,,6,,,,,2,42,4395,42,1,0,75,6,1,,1,1,9.8,0,,1,1,1971-05-04,02
71LA02134,71,2,5756,4,14,142,2143,42,4,37,4,40,,1,02,,1,94,5,,0,5,,,34,,,1,2,42,3946,42,1,62,14,1,1, 7,1,1,8.6,10,,1,1,1971-04-04,02
71LA02135,71,2,6935,4,70,701,2145,42,4,,4,40,,1,02,,3,134,5,4,0,4,,,,,,3,2,42,3660,42,1,70,70,2,1,,1,1,10.6,10,,2,1,1971-05-14,02
71LA02136,71,2,6005,4,78,780,2146,42,4,,4,40,,1,02,,1,105,5,4,0,3,,,,,,2,2,42,4186,42,1,83,78,6,1,,1,1,12.0,10,,2,1,1971-04-15,02
71LA02137,71,1,6671,4,72,862,2147,42,4,,4,40,,3,02,,1,115,7,1,0,3,,,,,,3,2,42,3867,42,1,67,72,3,1,,1,2,7.0,10,,2,1,1971-04-25,02
71LA02138,71,2,,0,72,862,2147,42,4,,4,40,,1,02,,1,115,7,1,0,3,,1,,,,,2,42,3867,42,0,0,72,3,0,,0,0,8.2,0,,2,2,1971-04-25,02
71LA02139,71,1,5880,4,76,762,2149,42,4,,4,40,,1,02,,1,103,5,3,0,4,,,,,,2,2,42,3466,42,1,91,76,6,1,,1,1,13.2,10,,2,1,1971-04-13,02
71LA02140,71,2,6625,4,75,751,2150,42,4,,4,40,,1,02,,1,114,5,4,0,5,,,,,,3,2,42,4305,42,1,72,75,6,1,,1,1,13.8,10,,2,1,1971-04-24,02
71LA02141,71,1,8002,9,98,090,2151,42,4,,4,40,,1,52,,1,99,8,,0,4,,,,,,,2,90,0004,95,1,82,72,8,1,,1,2,8.0,10,,1,1,1971-04-09,02
71LA02142,71,1,8003,9,98,090,2151,42,4,,4,40,,1,52,,1,99,8,,0,4,,,,,,,2,90,0004,95,0,88,72,8,1,,0,0,8.8,10,,1,2,1971-04-09,02
71LA02143,71,2,6162,4,03,032,2156,42,4,36,4,40,,1,02,,1,108,8,,0,4,,,28,,,1,2,42,3342,42,1,63,03,1,1, 7,1,2,8.8,10,,1,1,1971-04-18,02
71LA02144,71,1,6163,4,03,032,2156,42,4,36,4,40,,1,02,,1,108,8,,0,4,,,28,,,1,2,42,3342,42,0,62,03,1,1, 7,0,0,7.8,10,,1,2,1971-04-18,02
71LA02145,71,1,5854,4,14,142,2161,42,4,37,4,40,,1,02,,1,103,8,,0,2,,,33,,,6,2,42,3946,42,1,87,14,1,1, 6,1,2,8.4,10,,1,1,1971-04-13,02
71LA02146,71,2,5855,4,14,142,2161,42,4,37,4,40,,1,02,,1,103,8,,0,2,,,33,932414,-,1,2,42,3946,42,0,71,14,1,1, 6,0,0,8.0,5,,1,2,1971-04-13,02
71LA02147,71,1,6615,4,70,700,2163,42,4,,4,40,,1,02,,1,114,5,2,0,4,,,,,,3,2,42,3431,42,1,100,70,2,1,,1,1,15.2,10,,1,1,1971-04-24,02
71LA02148,71,1,6384,4,70,700,2164,42,4,,4,40,,1,02,,1,111,5,1,0,4,,,,267262,+,2,2,42,3431,42,1,86,70,2,1,,1,1,12.2,10,,2,1,1971-04-21,02
71LA02149,71,1,6493,4,78,782,2169,42,4,,4,40,,1,02,,1,113,8,2,0,4,,,,,,2,2,42,4301,42,1,63,78,6,1,,1,2,13.4,10,,1,1,1971-04-23,02
71LA02150,71,1,6494,4,78,782,2169,42,4,,4,40,,1,02,,1,113,8,2,0,4,,,,,,2,2,42,4301,42,0,59,78,6,1,,0,0,11.0,10,,1,2,1971-04-23,02
71LA02151,71,1,5906,4,07,072,2170,42,4,38,4,40,,1,02,,1,104,8,,160,4,,6,28,,&,,2,42,3320,42,1,0,07,1,1, 6,1,2,7.2,0,,1,1,1971-04-14,02
71LA02152,71,1,5907,4,07,072,2170,42,4,38,4,40,,1,02,,1,104,8,,123,4,,6,28,,,,2,42,3320,42,0,0,07,1,1, 6,0,0,7.2,0,,1,2,1971-04-14,02
71LA02153,71,1,5845,4,07,072,2172,42,4,37,4,40,,1,02,,1,103,5,,0,4,,,27,,,6,2,42,3320,42,1,76,07,1,1, 6,1,1,12.4,10,,1,1,1971-04-13,02
71LA02154,71,1,5822,4,08,082,2176,42,4,40,4,40,,3,02,,1,102,5,,0,4,,,28,,,6,2,42,3029,42,1,76,08,1,1, 6,1,1,10.0,10,,1,1,1971-04-12,02
71LA02155,71,2,5874,4,72,852,2177,42,4,,4,40,,1,02,,1,103,8,3,0,2,,,,,,2,2,42,3619,42,1,84,72,3,1,,1,2,8.2,10,,1,1,1971-04-13,02
71LA02156,71,2,5875,4,72,852,2177,42,4,,4,40,,1,02,,1,103,8,3,119,2,,6,,,,,2,42,3619,42,0,0,72,3,1,,0,0,8.6,0,,1,2,1971-04-13,02
71LA02157,71,2,6783,4,78,781,2195,42,4,,4,40,,1,02,,1,118,5,2,0,5,,,,,,3,2,42,4414,42,1,75,78,6,1,,1,1,10.4,10,,2,1,1971-04-28,02
71LA02158,71,1,5784,4,03,032,2197,42,4,48,4,40,,1,02,,1,100,5,,0,3,,,22,,,6,2,42,3342,42,1,86,03,1,1, 6,1,1,10.0,10,,1,1,1971-04-10,02
71LA02159,71,2,6348,4,07,072,2205,42,4,40,4,40,,1,02,,1,111,5,,0,5,,,24,,,1,2,42,3320,42,1,78,07,1,1, 7,1,1,10.6,10,,1,1,1971-04-21,02
71LA02160,71,1,6457,4,72,842,2215,42,4,,4,40,,1,02,,1,112,5,4,0,4,,,,,,2,2,42,4113,42,1,76,72,3,1,,1,1,10.4,10,,2,1,1971-04-22,02
71LA02161,71,1,6109,4,08,082,2224,42,4,39,4,40,,2,02,,1,107,5,,0,4,,,37,,,1,2,42,3029,42,1,91,08,1,1, 7,1,1,12.4,10,,1,1,1971-04-17,02
71LA02162,71,1,5897,4,08,082,2225,42,4,39,4,40,,1,02,,3,104,5,,0,4,,,37,,,1,2,42,3029,42,1,78,08,1,1, 7,1,1,11.2,10,,1,1,1971-04-14,02
71LA02163,71,1,6733,4,70,702,2227,42,4,,4,40,,1,02,,1,117,5,2,0,5,,6,,,,,2,42,4337,42,1,0,70,2,1,,1,1,16.2,0,,2,1,1971-04-27,02
71LA02164,71,1,6675,4,72,832,2232,42,4,,4,40,,1,02,,1,115,5,1,0,4,,,,,,3,2,42,3440,42,1,88,72,3,1,,1,1,10.8,10,,1,1,1971-04-25,02
71LA02165,71,2,6638,4,70,701,2233,42,4,,4,40,,2,02,,1,115,5,3,0,4,,,,,,3,2,42,3660,42,1,82,70,2,1,,1,1,12.2,10,,1,1,1971-04-25,02
71LA02166,71,1,6679,4,74,742,2234,42,4,,4,40,,3,02,,1,116,8,4,0,5,,,,,,3,2,42,4176,42,1,74,74,6,1,,1,2,12.4,10,,1,1,1971-04-26,02
71LA02167,71,2,6680,4,74,742,2234,42,4,,4,40,,1,02,,1,116,8,4,0,5,,,,,,3,2,42,4176,42,0,64,74,6,1,,0,0,10.4,10,,1,2,1971-04-26,02
71LA02168,71,2,5947,4,78,780,2235,42,4,,4,40,,1,02,,1,105,8,1,0,3,,,,,,2,2,42,4186,42,1,68,78,6,1,,1,2,9.2,10,,1,1,1971-04-15,02
71LA02169,71,2,5948,4,78,780,2235,42,4,,4,40,,1,02,,1,105,8,1,0,3,,,,,,2,2,42,4186,42,0,78,78,6,1,,0,0,10.2,10,,1,2,1971-04-15,02
71LA02170,71,,,0,77,770,2240,42,4,,4,40,,,02,,,133,,3,0,,,,,,,,2,42,3674,42,1,0,77,6,0,,0,0,0.0,0,,1,1,1971-05-13,02
71LA02171,71,1,6233,4,72,822,2241,42,4,,4,40,,1,02,,1,109,5,2,140,5,,6,,,,,2,42,3474,42,1,0,72,3,1,,1,1,13.0,0,,1,1,1971-04-19,02
71LA02172,71,1,6882,4,08,082,2256,42,4,41,4,40,,1,02,,1,121,5,,0,4,,,36,,,1,2,42,3029,42,1,65,08,1,1, 7,1,1,11.2,10,,1,1,1971-05-01,02
71LA02173,71,1,6377,4,70,702,2265,42,4,,4,40,,1,02,,1,111,8,4,0,4,,,,,,,2,42,4337,42,0,73,70,2,1,,0,0,12.0,10,,1,2,1971-04-21,02
71LA02174,71,1,6376,4,70,702,2265,42,4,,4,40,,1,02,,1,111,8,4,0,4,32,,,,,,2,42,4337,42,1,56,70,2,1,,1,2,10.6,10,,1,1,1971-04-21,02
71LA02175,71,1,6586,4,76,761,2266,42,4,,4,40,,1,02,,1,114,8,1,0,5,,,,,,3,2,42,3963,42,1,94,76,6,1,,1,2,12.6,10,,1,1,1971-04-24,02
71LA02176,71,1,6587,4,76,761,2266,42,4,,4,40,,1,02,,1,114,8,1,0,5,,,,,,3,2,42,3963,42,0,79,76,6,1,,0,0,8.2,10,,1,2,1971-04-24,02
71LA02177,71,1,,0,78,782,2267,42,4,,4,40,,1,02,,1,100,0,1,0,0,,0,,,,,2,42,4301,42,1,0,78,6,0,,1,1,4.4,0,,2,1,1971-04-10,02
71LA02178,71,1,6614,4,77,772,2270,42,4,,4,40,,1,02,,1,114,5,2,0,5,,,,,,3,2,42,5277,42,1,96,77,6,1,,1,1,13.0,10,,1,1,1971-04-24,02
71LA02179,71,1,6287,4,72,812,2277,42,4,,4,40,,1,02,,1,110,8,,117,4,,6,,,,,2,42,3407,42,1,0,72,3,1,,1,2,9.6,0,,2,1,1971-04-20,02
71LA02180,71,1,6288,4,72,812,2277,42,4,,4,40,,1,02,,1,110,8,,0,4,,,,,,2,2,42,3407,42,0,82,72,3,1,,0,0,9.0,10,,2,2,1971-04-20,02
71LA02181,71,1,6477,4,73,731,2280,42,4,,4,40,,1,02,,1,112,8,4,0,4,,,,,,2,2,42,4146,42,1,69,73,6,1,,1,2,11.6,10,,2,1,1971-04-22,02
71LA02182,71,2,6478,4,73,731,2280,42,4,,4,40,,1,02,,1,112,8,4,0,4,,,,,,2,2,42,4146,42,0,78,73,6,1,,0,0,11.2,10,,2,2,1971-04-22,02
71LA02183,71,,,0,72,802,2286,42,4,,4,40,,,02,,,145,,2,0,,,,,,,,2,42,3984,42,0,0,72,3,0,,0,0,0.0,0,,2,1,1971-05-25,02
71LA02184,71,1,5973,4,70,701,2288,42,4,,4,40,,1,02,,1,105,5,4,0,5,,,,,,2,2,42,3660,42,1,99,70,2,1,,1,1,13.4,10,,2,1,1971-04-15,02
71LA02185,71,2,6832,4,07,072,2293,42,4,40,4,40,,1,02,,1,119,5,,0,4,,,36,,,6,2,42,3320,42,1,63,07,1,1, 6,1,1,8.8,10,,1,1,1971-04-29,02
71LA02186,71,,,0,08,082,2294,42,4,38,4,40,,,02,,,127,,,0,,,,32,,,,2,42,3029,42,1,0,08,1,0, 6,0,0,0.0,0,,1,1,1971-05-07,02
71LA02187,71,2,8012,9,98,090,2295,42,4,,4,40,,1,52,,3,101,5,,0,5,,,,,,,2,90,0004,95,1,93,76,8,1,,1,1,13.4,10,,1,1,1971-04-11,02
71LA02188,71,1,6719,4,72,992,2301,42,4,,4,40,,2,02,,1,116,5,4,0,4,,,,,,3,2,42,3370,42,1,77,72,3,1,,1,1,13.8,10,,1,1,1971-04-26,02
71LA02189,71,1,6789,4,72,982,2302,42,4,,4,40,,3,02,,1,118,8,2,0,4,,6,,,,,2,42,4339,42,1,0,72,3,1,,1,2,11.4,0,,2,1,1971-04-28,02
71LA02190,71,1,6790,4,72,982,2302,42,4,,4,40,,1,02,,1,118,8,2,0,4,,6,,,,,2,42,4339,42,0,0,72,3,1,,0,0,11.6,0,,2,2,1971-04-28,02
71LA02191,71,2,5974,4,72,972,2305,42,4,,4,40,,1,02,,1,105,5,4,0,4,,,,,,2,2,42,3735,42,1,46,72,3,1,,1,1,11.8,10,,1,1,1971-04-15,02
71LA02192,71,1,5910,4,03,032,2307,42,4,36,4,40,,1,02,,1,104,8,,0,4,,,29,,,1,2,42,3342,42,1,78,03,1,1, 7,1,2,9.4,10,,1,1,1971-04-14,02
71LA02193,71,2,5911,4,03,032,2307,42,4,36,4,40,,1,02,,1,104,8,,0,4,,,29,,,1,2,42,3342,42,0,65,03,1,1, 7,0,0,8.0,10,,1,2,1971-04-14,02
71LA02194,71,1,6661,4,70,700,2326,42,4,,4,40,,1,02,,1,115,8,1,0,3,,,,,,1,2,42,3431,42,1,72,70,2,1,,1,2,10.8,10,,1,1,1971-04-25,02
71LA02195,71,1,6662,4,70,700,2326,42,4,,4,40,,1,02,,1,115,8,1,0,3,,,,,,3,2,42,3431,42,0,68,70,2,1,,0,0,9.6,10,,1,2,1971-04-25,02
71LA02196,71,2,6390,4,73,732,2344,42,4,,4,40,,2,02,,1,111,8,4,0,4,,,,,,2,2,42,4076,42,1,73,73,6,1,,1,2,8.8,10,,1,1,1971-04-21,02
71LA02197,71,1,6391,4,73,732,2344,42,4,,4,40,,1,02,,1,111,8,4,0,4,,,,,,2,2,42,4076,42,0,67,73,6,1,,0,0,8.2,10,,1,2,1971-04-21,02
71LA02198,71,1,5764,4,07,072,2351,42,4,37,4,40,,1,02,,1,96,8,,152,4,,6,30,752261,-,,2,42,3320,42,1,0,07,1,1, 7,1,2,8.6,0,,1,1,1971-04-06,02
71LA02199,71,1,5765,4,07,072,2351,42,4,37,4,40,,1,02,,1,96,8,,0,4,,,30,,,1,2,42,3320,42,0,81,07,1,1, 7,0,0,8.6,10,,1,2,1971-04-06,02
71LA02200,71,1,6923,4,14,142,2359,42,4,39,4,40,,3,02,,1,131,5,,0,5,,,40,,,6,2,42,3946,42,1,54,14,1,1, 6,1,1,11.6,10,,1,1,1971-05-11,02
71LA02201,71,1,6303,4,07,072,2360,42,4,38,4,40,,1,02,,2,110,8,,0,3,,6,32,,,,2,42,3320,42,1,0,07,1,1, 7,1,2,8.8,0,,1,1,1971-04-20,02
71LA02202,71,2,6304,4,07,072,2360,42,4,38,4,40,,1,02,,1,110,8,,0,3,,,32,912361,-,1,2,42,3320,42,0,60,07,1,1, 7,0,0,7.0,5,,1,2,1971-04-20,02
71LA02203,71,2,6114,4,72,962,2377,42,4,,4,40,,1,02,,1,107,8,4,110,3,,6,,,,,2,42,4140,42,1,0,72,3,1,,1,2,10.2,0,,2,1,1971-04-17,02
71LA02204,71,2,6115,4,72,962,2377,42,4,,4,40,,1,02,,1,107,8,4,0,3,,,,,,1,2,42,4140,42,0,71,72,3,1,,0,0,9.0,10,,2,2,1971-04-17,02
71LA02205,71,1,6411,4,70,702,2379,42,4,,4,40,,1,02,,1,112,8,2,0,4,,,,,,3,2,42,4337,42,1,90,70,2,1,,1,2,11.6,10,,2,1,1971-04-22,02
71LA02206,71,1,6412,4,70,702,2379,42,4,,4,40,,2,02,,1,112,8,2,112,4,,6,,,,,2,42,4337,42,0,0,70,2,1,,0,0,9.8,0,37,2,2,1971-04-22,02
71LA02207,71,1,6440,4,73,732,2382,42,4,,3,30,,1,02,,1,112,8,4,0,3,,,,,,2,2,42,4076,42,1,87,73,6,1,,1,2,11.2,10,,2,1,1971-04-22,02
71LA02208,71,1,6441,4,73,732,2382,42,4,,3,30,,1,02,,1,112,8,4,0,3,,,,,&,,2,42,4076,42,0,85,73,6,1,,0,0,9.4,5,,2,2,1971-04-22,02
71LA02209,71,1,6289,4,75,750,2383,42,4,,3,30,,1,02,,1,110,5,2,0,5,,,,,,2,2,42,3610,42,1,80,75,6,1,,1,1,10.4,10,,2,1,1971-04-20,02
71LA02210,71,2,6903,4,77,771,2389,42,4,,3,30,,3,02,,1,123,5,2,0,4,,,,,,3,2,42,3932,42,1,83,77,6,1,,1,1,8.8,10,,2,1,1971-05-03,02
71LA02211,71,1,6025,4,77,770,2390,42,4,,3,30,,1,02,,2,106,5,2,0,4,,,,,,,2,42,3674,42,1,77,77,6,1,,1,1,13.6,10,,2,1,1971-04-16,02
71LA02212,71,1,6309,4,73,731,2392,42,4,,3,30,,1,02,,1,110,5,2,0,5,,,,,,2,2,42,4146,42,1,87,73,6,1,,1,1,14.0,10,,1,1,1971-04-20,02
71LA02213,71,1,5924,4,78,781,2393,42,4,,3,30,,1,02,,1,104,5,2,0,5,,,,,,2,2,42,4414,42,1,81,78,6,1,,1,1,11.2,10,,1,1,1971-04-14,02
71LA02214,71,1,5869,4,74,741,2397,42,4,,3,30,,1,02,,1,103,5,2,0,4,,,,,,2,2,42,3788,42,1,91,74,6,1,,1,1,14.0,10,,2,1,1971-04-13,02
71LA02215,71,1,6040,4,77,772,2399,42,4,,3,30,,1,02,,1,106,5,4,0,3,,,,,,2,2,42,5277,42,1,96,77,6,1,,1,1,10.8,10,,2,1,1971-04-16,02
71LA02216,71,1,6618,4,74,740,2402,42,4,,3,30,,1,02,,1,114,8,4,0,4,,,,,,3,2,42,3553,42,1,96,74,6,1,,1,2,11.6,10,,2,1,1971-04-24,02
71LA02217,71,2,6619,4,74,740,2402,42,4,,3,30,,1,02,,1,114,8,4,0,4,,6,,,,,2,42,3553,42,0,0,74,6,1,,0,0,10.2,0,,2,2,1971-04-24,02
71LA02218,71,2,6023,4,73,730,2404,42,4,,3,30,,1,02,,1,106,5,4,0,4,,,,,,2,2,42,3860,42,1,79,73,6,1,,1,1,13.6,10,,2,1,1971-04-16,02
71LA02219,71,1,5870,4,78,780,2406,42,4,,3,30,,1,02,,1,103,8,4,0,4,,,,,,2,2,42,4186,42,1,71,78,6,1,,1,2,10.0,10,,2,1,1971-04-13,02
71LA02220,71,1,5871,4,78,780,2406,42,4,,3,30,,1,02,,1,103,8,4,0,4,,,,,,2,2,42,4186,42,0,81,78,6,1,,0,0,9.4,10,,2,2,1971-04-13,02
71LA02221,71,1,5986,4,73,730,2410,42,4,,3,30,,1,02,,1,105,8,2,0,4,,,,,,2,2,42,3860,42,1,69,73,6,1,,1,2,11.5,10,,1,1,1971-04-15,02
71LA02222,71,1,5987,4,73,730,2410,42,4,,3,30,,1,02,,1,105,8,2,0,4,,,,,,2,2,42,3860,42,0,74,73,6,1,,0,0,11.2,10,,1,2,1971-04-15,02
71LA02223,71,1,5843,4,76,760,2413,42,4,,3,30,,1,02,,1,103,8,2,0,4,,,,,,2,2,42,3730,42,1,71,76,6,1,,1,2,11.8,10,,2,1,1971-04-13,02
71LA02224,71,2,5844,4,76,760,2413,42,4,,3,30,,1,02,,1,103,8,2,0,4,,,,,,2,2,42,3730,42,0,70,76,6,1,,0,0,10.2,10,02,2,2,1971-04-13,02
71LA02225,71,2,6649,4,73,731,2414,42,4,,3,30,,1,02,,1,115,5,4,0,4,,,,,,3,2,42,4146,42,1,83,73,6,1,,1,1,13.0,10,,2,1,1971-04-25,02
71LA02226,71,2,6243,4,76,762,2416,42,4,,3,30,,2,02,,1,109,8,4,0,4,,,,,,2,2,42,3466,42,1,71,76,6,1,,1,2,10.8,10,,1,1,1971-04-19,02
71LA02227,71,2,6244,4,76,762,2416,42,4,,3,30,,1,02,,3,109,8,4,0,4,,,,,,2,2,42,3466,42,0,73,76,6,1,,0,0,12.8,10,,1,2,1971-04-19,02
71LA02228,71,2,6072,4,74,742,2417,42,4,,3,30,,1,02,,1,107,5,2,0,5,,,,,,2,2,42,4176,42,1,82,74,6,1,,1,1,10.4,10,,2,1,1971-04-17,02
71LA02229,71,2,6874,4,76,761,2420,42,4,,3,30,,1,02,,1,121,5,2,0,3,,,,,,3,2,42,3963,42,1,74,76,6,1,,1,1,11.8,10,,2,1,1971-05-01,02
71LA02230,71,1,6347,4,78,782,2421,42,4,,3,30,,1,02,,1,111,5,2,116,2,,6,,,,,2,42,4301,42,1,0,78,6,1,,1,1,8.6,0,,1,1,1971-04-21,02
71LA02231,71,2,6001,4,73,730,2426,42,4,,3,30,,1,02,,1,105,5,2,0,3,,,,,,2,2,42,3860,42,1,83,73,6,1,,1,1,8.8,10,,2,1,1971-04-15,02
71LA02232,71,2,6899,4,74,741,2429,42,4,,3,30,,1,02,,1,122,5,4,0,4,,,,,,3,2,42,3788,42,1,79,74,6,1,,1,1,12.8,10,,1,1,1971-05-02,02
71LA02233,71,1,5965,4,74,740,2433,42,4,,3,30,,1,02,,3,105,5,2,0,4,,,,,,2,2,42,3553,42,1,98,74,6,1,,1,1,15.0,10,,1,1,1971-04-15,02
71LA02234,71,1,6644,4,73,732,2434,42,4,,3,30,,1,02,,1,115,8,4,0,3,,,,,,3,2,42,4076,42,1,93,73,6,1,,1,2,10.6,10,,1,1,1971-04-25,02
71LA02235,71,1,6645,4,73,732,2434,42,4,,3,30,,1,02,,1,115,8,4,160,3,,6,,,&,,2,42,4076,42,0,0,73,6,1,,0,0,9.8,0,,1,2,1971-04-25,02
71LA02236,71,2,6211,4,77,771,2435,42,4,,3,30,,1,02,,1,109,5,2,0,5,,,,,,2,2,42,3932,42,1,93,77,6,1,,1,1,12.0,10,,1,1,1971-04-19,02
71LA02237,71,1,6697,4,73,731,2438,42,4,,3,30,,1,02,,1,116,5,2,0,4,,,,,,3,2,42,4146,42,1,84,73,6,1,,1,1,14.2,10,,1,1,1971-04-26,02
71LA02238,71,2,6808,4,75,752,2440,42,4,,3,30,,1,02,,1,119,5,2,0,5,,,,,,3,2,42,4395,42,1,81,75,6,1,,1,1,12.6,10,,2,1,1971-04-29,02
71LA02239,71,2,6255,4,74,742,2453,42,4,,3,30,,1,02,,1,110,5,4,0,5,,,,,,2,2,42,4176,42,1,81,74,6,1,,1,1,8.2,10,,1,1,1971-04-20,02
71LA02240,71,2,5955,4,76,760,2455,42,4,,3,30,,1,02,,1,105,5,4,0,5,,,,,,2,2,42,3730,42,1,91,76,6,1,,1,1,12.8,10,,1,1,1971-04-15,02
71LA02241,71,1,6207,4,74,741,2460,42,4,,3,30,,1,02,,1,109,7,2,0,4,,,,,,2,2,42,3788,42,1,93,74,6,1,,1,2,10.0,10,,2,1,1971-04-19,02
71LA02242,71,2,,0,74,741,2460,42,4,,3,30,,1,02,,1,109,7,2,0,4,,1,,,,,2,42,3788,42,0,0,74,6,0,,0,0,10.0,0,,2,2,1971-04-19,02
71LA02243,71,2,6573,4,73,732,2465,42,4,,3,30,,1,02,,1,114,8,4,0,4,,,,,,3,2,42,4076,42,1,54,73,6,1,,1,2,10.0,10,,2,1,1971-04-24,02
71LA02244,71,1,6574,4,73,732,2465,42,4,,3,30,,1,02,,1,114,8,4,0,4,,,,,,3,2,42,4076,42,0,72,73,6,1,,0,0,9.4,10,,2,2,1971-04-24,02
71LA02245,71,1,5839,4,78,781,2467,42,4,,3,30,,1,02,,1,103,5,4,0,5,,,,,,2,2,42,4414,42,1,93,78,6,1,,1,1,13.2,10,,2,1,1971-04-13,02
71LA02246,71,1,5971,4,73,731,2468,42,4,,3,30,,1,02,,1,105,8,2,0,4,,,,,,2,2,42,4146,42,1,76,73,6,1,,1,2,11.0,10,,2,1,1971-04-15,02
71LA02247,71,1,5972,4,73,731,2468,42,4,,3,30,,1,02,,3,105,8,2,0,4,,,,,,2,2,42,4146,42,0,82,73,6,1,,0,0,10.8,10,,2,2,1971-04-15,02
71LA02248,71,2,6807,4,77,770,2472,42,4,,3,30,,1,02,,1,119,5,4,0,3,,,,,,3,2,42,3674,42,1,84,77,6,1,,1,1,11.8,10,,1,1,1971-04-29,02
71LA02249,71,2,6495,4,75,751,2473,42,4,,3,30,,1,02,,1,113,5,4,0,4,,,,,,2,2,42,4305,42,1,92,75,6,1,,1,1,12.2,10,,1,1,1971-04-23,02
71LA02250,71,1,6592,4,78,780,2476,42,4,,3,30,,1,02,,1,114,5,2,0,5,,,,,,3,2,42,4186,42,1,88,78,6,1,,1,1,12.0,10,,1,1,1971-04-24,02
71LA02251,71,2,6359,4,77,772,2477,42,4,,3,30,,1,02,,1,111,8,2,0,4,,,,,,2,2,42,5277,42,1,82,77,6,1,,1,2,9.6,10,,1,1,1971-04-21,02
71LA02252,71,2,6360,4,77,772,2477,42,4,,3,30,,1,02,,1,111,8,2,0,4,,,,,&,,2,42,5277,42,0,91,77,6,1,,0,0,10.0,5,,1,2,1971-04-21,02
71LA02253,71,1,5826,4,74,740,2479,42,4,,3,30,,1,02,,1,102,5,4,0,5,,,,,,2,2,42,3553,42,1,97,74,6,1,,1,1,12.2,10,,2,1,1971-04-12,02
71LA02254,71,1,5859,4,76,762,2483,42,4,,3,30,,1,02,,1,103,7,2,119,4,,6,,218562,+,,2,42,3466,42,1,0,76,6,1,,1,2,8.0,5,,2,1,1971-04-13,02
71LA02255,71,1,,0,76,762,2483,42,4,,3,30,,1,02,,1,103,7,2,0,4,,1,,,,,2,42,3466,42,0,0,76,6,0,,0,0,7.0,0,,2,2,1971-04-13,02
71LA02256,71,2,6353,4,74,742,2485,42,4,,3,30,,1,02,,1,111,5,2,0,5,,,,,,2,2,42,4176,42,1,96,74,6,1,,1,1,13.2,10,,2,1,1971-04-21,02
71LA02257,71,2,6186,4,76,761,2486,42,4,,3,30,,1,02,,3,108,5,4,0,4,,,,,,2,2,42,3963,42,1,96,76,6,1,,1,1,15.6,10,,1,1,1971-04-18,02
71LA02258,71,1,6014,4,78,782,2488,42,4,,3,30,,1,02,,1,106,8,4,0,4,,,,,,2,2,42,4301,42,1,86,78,6,1,,1,2,11.2,10,,2,1,1971-04-16,02
71LA02259,71,1,6015,4,78,782,2488,42,4,,3,30,,1,02,,1,106,8,4,0,4,,,,,,2,2,42,4301,42,0,82,78,6,1,,0,0,10.2,10,,2,2,1971-04-16,02
71LA02260,71,2,6210,4,75,750,2492,42,4,,3,30,,1,02,,1,109,5,2,0,4,09,,,,,2,2,42,3610,42,1,94,75,6,1,,1,1,12.6,10,,1,1,1971-04-19,02
71LA02261,71,1,6170,4,77,771,2493,42,4,,3,30,,1,02,,1,108,5,4,0,4,,,,,,2,2,42,3932,42,1,96,77,6,1,,1,1,13.0,10,,2,1,1971-04-18,02
71LA02262,71,1,6580,4,76,760,2494,42,4,,3,30,,1,02,,1,114,5,2,0,5,,,,,,3,2,42,3730,42,1,94,76,6,1,,1,1,14.2,10,,2,1,1971-04-24,02
71LA02263,71,,,0,77,772,2499,42,4,,3,30,,,02,,,133,,2,0,,,,,,,,2,42,5277,42,1,0,77,6,0,,0,0,0.0,0,,2,1,1971-05-13,02
71LA02264,71,1,6588,4,76,762,2501,42,4,,3,30,,3,02,,1,114,8,4,0,4,,,,,,3,2,42,3466,42,1,82,76,6,1,,1,2,11.2,10,,1,1,1971-04-24,02
71LA02265,71,2,6589,4,76,762,2501,42,4,,3,30,,3,02,,1,114,8,4,0,4,,,,,,3,2,42,3466,42,0,71,76,6,1,,0,0,10.4,10,,1,2,1971-04-24,02
71LA02266,71,2,6682,4,73,730,2504,42,4,,3,30,,1,02,,1,116,8,4,0,4,,,,,,3,2,42,3860,42,0,72,73,6,1,,0,0,9.4,10,,1,2,1971-04-26,02
71LA02267,71,1,6681,4,73,730,2504,42,4,,3,30,,1,02,,1,116,8,4,0,4,,,,,,3,2,42,3860,42,1,84,73,6,1,,1,2,11.6,10,03,1,1,1971-04-26,02
71LA02268,71,1,6525,4,77,770,2505,42,4,,3,30,,1,02,,1,113,5,4,0,4,,,,,,3,2,42,3674,42,1,88,77,6,1,,1,1,13.8,10,,2,1,1971-04-23,02
71LA02269,71,1,,0,78,781,2506,42,4,,3,30,,1,02,,1,104,0,2,0,0,,0,,,,,2,42,4414,42,1,0,78,6,0,,1,1,4.8,0,,1,1,1971-04-14,02
71LA02270,71,,,0,75,752,2507,42,4,,3,30,,,02,,,133,,4,0,,,,,,,,2,42,4395,42,1,0,75,6,0,,0,0,0.0,0,,1,1,1971-05-13,02
71LA02271,71,1,6581,4,77,771,2514,42,4,,3,30,,1,02,,1,114,5,2,0,5,,,,,,3,2,42,3932,42,1,82,77,6,1,,1,1,13.4,10,,1,1,1971-04-24,02
71LA02272,71,2,6691,4,73,732,2520,42,4,,3,30,,1,02,,1,116,8,2,0,4,,,,,,3,2,42,4076,42,1,63,73,6,1,,1,2,9.0,10,,1,1,1971-04-26,02
71LA02273,71,2,6692,4,73,732,2520,42,4,,3,30,,1,02,,1,116,8,2,0,4,,6,,,,,2,42,4076,42,0,0,73,6,1,,0,0,9.6,0,,1,2,1971-04-26,02
71LA02274,71,1,6344,4,77,770,2521,42,4,,3,30,,1,02,,1,111,5,4,0,5,,,,,,2,2,42,3674,42,1,86,77,6,1,,1,1,12.2,10,,1,1,1971-04-21,02
71LA02275,71,2,5994,4,78,780,2522,42,4,,3,30,,1,02,,1,105,5,4,0,4,,,,,,2,2,42,4186,42,1,77,78,6,1,,1,1,10.4,10,,2,1,1971-04-15,02
71LA02276,71,2,6332,4,76,761,2523,42,4,,3,30,,1,02,,1,111,8,2,0,4,,,,,,2,2,42,3963,42,1,61,76,6,1,,1,2,9.0,10,,2,1,1971-04-21,02
71LA02277,71,2,6333,4,76,761,2523,42,4,,3,30,,1,02,,1,111,8,2,0,4,,,,,,2,2,42,3963,42,0,51,76,6,1,,0,0,9.4,10,,2,2,1971-04-21,02
71LA02278,71,2,6641,4,74,741,2535,42,4,,3,30,,1,02,,1,115,5,4,0,5,,,,,,3,2,42,3788,42,1,89,74,6,1,,1,1,12.8,10,,1,1,1971-04-25,02
71LA02279,71,,,0,74,740,2542,42,4,,3,30,,,02,,,121,,2,0,,,,,,,,2,42,3553,42,0,0,74,6,0,,0,0,0.0,0,,1,1,1971-05-01,02
71LA02280,71,,,0,74,742,2546,42,4,,3,30,,,02,1,,0,,4,0,,,,,,,,2,42,4176,42,1,0,74,6,0,,0,0,0.0,0,,1,1,,02
71LA02281,71,2,8115,9,00,742,2546,42,4,,3,30,,5,50,2,1,140,5,4,0,4,,,,,,3,2,90,0000,98,1,58,74,0,1,,1,1,11.8,10,,1,1,1971-05-20,02
71LA02282,71,2,5818,4,78,782,2547,42,4,,3,30,,2,02,,1,102,8,2,0,4,,,,,,2,2,42,4301,42,1,64,78,6,1,,1,2,6.8,10,,1,1,1971-04-12,02
71LA02283,71,1,5819,4,78,782,2547,42,4,,3,30,,1,02,,1,102,8,2,0,4,,,,,,2,2,42,4301,42,0,86,78,6,1,,0,0,10.0,10,,1,2,1971-04-12,02
71LA02284,71,2,6797,4,78,781,2555,42,4,,3,30,,1,02,,1,118,5,4,0,2,,,,,,3,2,42,4414,42,1,70,78,6,1,,1,1,7.0,10,,2,1,1971-04-28,02
71LA02285,71,2,6499,4,75,751,2557,42,4,,3,30,,2,02,,1,113,5,2,0,5,,,,,,3,2,42,4305,42,1,83,75,6,1,,1,1,11.2,10,,2,1,1971-04-23,02
71LA02286,71,,,0,03,032,2564,42,4,29,3,30,,,02,,,127,,,0,,,,24,,,,2,42,3342,42,1,0,03,1,0, 7,0,0,0.0,0,,1,1,1971-05-07,02
71LA02287,71,2,6866,4,76,762,2580,42,4,,3,30,,1,02,,1,120,8,4,0,4,,,,,,3,2,42,3466,42,1,71,76,6,1,,1,2,11.8,10,,2,1,1971-04-30,02
71LA02288,71,2,6867,4,76,762,2580,42,4,,3,30,,1,02,,1,120,8,4,0,4,,,,,,3,2,42,3466,42,0,66,76,6,1,,0,0,11.4,10,,2,2,1971-04-30,02
71LA02289,71,2,6839,4,74,740,2581,42,4,,3,30,,1,02,,1,120,8,4,0,4,,,,,,3,2,42,3553,42,1,72,74,6,1,,1,2,8.8,10,,2,1,1971-04-30,02
71LA02290,71,2,6840,4,74,740,2581,42,4,,3,30,,1,02,,1,120,8,4,0,4,,,,,,3,2,42,3553,42,0,67,74,6,1,,0,0,9.0,10,,2,2,1971-04-30,02
71LA02291,71,1,6569,4,74,742,2585,42,4,,3,30,,1,02,,1,114,5,2,0,3,,,,,,3,2,42,4176,42,1,86,74,6,1,,1,1,12.0,10,,2,1,1971-04-24,02
71LA02292,71,1,6080,4,77,772,2589,42,4,,3,30,,1,02,,1,107,8,2,0,4,,,,,,2,2,42,5277,42,1,81,77,6,1,,1,2,11.2,10,,1,1,1971-04-17,02
71LA02293,71,1,6081,4,77,772,2589,42,4,,3,30,,1,02,,1,107,8,2,0,4,,,,,,2,2,42,5277,42,0,74,77,6,1,,0,0,10.2,10,,1,2,1971-04-17,02
71LA02294,71,2,6523,4,78,780,2594,42,4,,3,30,,1,02,,3,113,8,2,0,4,,,,,,3,2,42,4186,42,1,68,78,6,1,,1,2,11.0,10,,1,1,1971-04-23,02
71LA02295,71,2,6524,4,78,780,2594,42,4,,3,30,,1,02,,1,113,8,2,0,4,,,,,,3,2,42,4186,42,0,73,78,6,1,,0,0,11.2,10,,1,2,1971-04-23,02
71LA02296,71,2,6862,4,75,750,2596,42,4,,3,30,,1,02,,2,120,5,4,0,5,,,,,,3,2,42,3610,42,1,94,75,6,1,,1,1,12.0,10,,2,1,1971-04-30,02
71LA02297,71,2,5773,4,73,731,2605,42,4,,3,30,,1,02,,1,98,5,2,0,4,,,,,,2,2,42,4146,42,1,73,73,6,1,,1,1,9.8,10,,1,1,1971-04-08,02
71LA02298,71,1,5956,4,75,752,2606,42,4,,3,30,,1,02,,1,105,5,2,0,4,,6,,,,,2,42,4395,42,1,0,75,6,1,,1,1,10.2,0,,2,1,1971-04-15,02
71LA02299,71,2,5917,4,74,741,2608,42,4,,3,30,,1,02,,1,104,8,4,0,4,,,,,,2,2,42,3788,42,1,74,74,6,1,,1,2,9.4,10,,2,1,1971-04-14,02
71LA02300,71,1,5918,4,74,741,2608,42,4,,3,30,,1,02,,1,104,8,4,0,4,,,,,,2,2,42,3788,42,0,84,74,6,1,,0,0,10.2,10,,2,2,1971-04-14,02
71LA02301,71,2,6564,4,75,751,2615,42,4,,3,30,,1,02,,1,114,5,4,0,4,,,,,,3,2,42,4305,42,1,88,75,6,1,,1,1,12.4,10,,1,1,1971-04-24,02
71LA02302,71,1,6668,4,77,771,2621,42,4,,3,30,,1,02,,1,115,5,4,0,5,,,,,,3,2,42,3932,42,1,84,77,6,1,,1,1,15.0,10,,2,1,1971-04-25,02
71LA02303,71,1,6776,4,73,730,2625,42,4,,3,30,,1,02,,1,118,5,4,0,5,,,,,,3,2,42,3860,42,1,91,73,6,1,,1,1,12.8,10,,2,1,1971-04-28,02
71LA02304,71,1,,0,75,750,2629,42,4,,3,30,,1,02,,1,101,1,2,0,3,,1,,553318,+,,2,42,3610,42,1,0,75,6,0,,1,1,13.0,5,,1,1,1971-04-11,02
71LA02305,71,2,5778,4,08,082,2631,42,4,40,3,30,,3,02,,1,99,5,,0,2,,,37,,,6,2,42,3029,42,1,65,08,1,1, 6,1,1,9.6,10,,1,1,1971-04-09,02
71LA02306,71,1,6110,4,76,760,2636,42,4,,3,30,,1,02,,1,107,5,2,0,4,,,,,,2,2,42,3730,42,1,106,76,6,1,,1,1,15.2,10,,1,1,1971-04-17,02
71LA02307,71,1,6165,4,77,770,2637,42,4,,3,30,,1,02,,1,108,8,2,0,4,,,,,,2,2,42,3674,42,1,98,77,6,1,,1,2,11.0,10,,2,1,1971-04-18,02
71LA02308,71,2,6166,4,77,770,2637,42,4,,3,30,,1,02,,1,108,8,2,0,4,,,,,&,,2,42,3674,42,0,71,77,6,1,,0,0,9.6,5,,2,2,1971-04-18,02
71LA02309,71,1,5923,4,70,701,2640,42,4,,3,30,,1,02,,1,104,5,2,138,5,,6,,,,,2,42,3660,42,1,0,70,2,1,,1,1,10.8,0,,1,1,1971-04-14,02
71LA02310,71,2,5782,4,08,082,2644,42,4,41,3,30,,1,02,,3,100,8,,100,2,,6,41,,,,2,42,3029,42,1,0,08,1,1, 7,1,2,7.8,0,,1,1,1971-04-10,02
71LA02311,71,2,5783,4,08,082,2644,42,4,41,3,30,,1,02,,3,100,8,,0,2,,,41,,,1,2,42,3029,42,0,51,08,1,1, 7,0,0,7.6,10,,1,2,1971-04-10,02
71LA02312,71,2,6908,4,74,740,2648,42,4,,3,30,,1,02,,1,123,8,2,0,3,,,,,,3,2,42,3553,42,1,62,74,6,1,,1,2,9.6,10,,1,1,1971-05-03,02
71LA02313,71,2,6909,4,74,740,2648,42,4,,3,30,,1,02,,1,123,8,2,0,3,,,,,,3,2,42,3553,42,0,69,74,6,1,,0,0,9.6,10,,1,2,1971-05-03,02
71LA02314,71,2,6798,4,76,761,2652,42,4,,3,30,,1,02,,1,118,5,4,0,4,,,,,,3,2,42,3963,42,1,84,76,6,1,,1,1,9.8,10,,1,1,1971-04-28,02
71LA02315,71,1,6282,4,72,952,2656,42,4,,3,30,,2,02,,1,110,5,4,0,4,,,,,,2,2,42,4387,42,1,86,72,3,1,,1,1,12.2,10,,1,1,1971-04-20,02
71LA02316,71,2,6522,4,73,732,2663,42,4,,3,30,,1,02,,1,113,5,2,0,4,,,,,,3,2,42,4076,42,1,80,73,6,1,,1,1,12.8,10,,2,1,1971-04-23,02
71LA02317,71,2,6774,4,78,782,2665,42,4,,3,30,,1,02,,1,118,5,2,0,4,,,,,,3,2,42,4301,42,1,77,78,6,1,,1,1,12.2,10,,2,1,1971-04-28,02
71LA02318,71,1,6669,4,78,781,2666,42,4,,3,30,,1,02,,1,115,5,4,0,4,,,,,,3,2,42,4414,42,1,85,78,6,1,,1,1,12.8,10,,1,1,1971-04-25,02
71LA02319,71,1,5828,4,72,942,2671,42,4,,3,30,,1,02,,1,102,8,2,0,4,,,,,,2,2,42,3404,42,1,81,72,3,1,,1,2,8.6,10,,2,1,1971-04-12,02
71LA02320,71,1,5829,4,72,942,2671,42,4,,3,30,,1,02,,1,102,8,2,0,4,,,,,,2,2,42,3404,42,0,73,72,3,1,,0,0,8.6,10,,2,2,1971-04-12,02
71LA02321,71,1,6611,4,75,752,2672,42,4,,3,30,,1,02,,1,114,8,4,0,5,,,,,,3,2,42,4395,42,1,63,75,6,1,,1,2,9.6,10,,1,1,1971-04-24,02
71LA02322,71,1,6612,4,75,752,2672,42,4,,3,30,,1,02,,1,114,8,4,0,5,,6,,,,,2,42,4395,42,0,0,75,6,1,,0,0,9.6,0,,1,2,1971-04-24,02
71LA02323,71,2,6796,4,70,700,2674,42,4,,3,30,,1,02,,1,118,5,4,0,4,,,,,,3,2,42,3431,42,1,83,70,2,1,,1,1,12.2,10,,2,1,1971-04-28,02
71LA02324,71,1,6819,4,75,751,2681,42,4,,3,30,,1,02,,1,119,5,2,0,4,,,,,,3,2,42,4305,42,1,101,75,6,1,,1,1,12.6,10,,2,1,1971-04-29,02
71LA02325,71,1,,0,70,702,2688,42,4,,3,30,,1,02,,1,116,1,2,0,3,,1,,,,,2,42,4337,42,1,0,70,2,0,,1,1,13.0,0,,1,1,1971-04-26,02
71LA02326,71,1,6388,4,74,742,2709,42,4,,3,30,,1,02,,1,111,5,2,0,5,,,,,,2,2,42,4176,42,1,108,74,6,1,,1,1,15.6,10,,1,1,1971-04-21,02
71LA02327,71,2,6709,4,78,782,2710,42,4,,3,30,,1,02,,1,116,5,4,0,4,,,,,,3,2,42,4301,42,1,82,78,6,1,,1,1,12.0,10,,1,1,1971-04-26,02
71LA02328,71,1,6698,4,76,760,2713,42,4,,3,30,,1,02,,1,116,5,4,0,4,,,,,,1,2,42,3730,42,1,53,76,6,1,,1,1,14.0,10,,2,1,1971-04-26,02
71LA02329,71,,,0,72,932,2717,42,4,,3,30,,,02,1,,0,,4,0,,,,,,,,2,42,3629,42,1,0,72,3,0,,0,0,0.0,0,,1,1,,02
71LA02330,71,3,8119,9,00,932,2717,42,4,,3,30,,5,50,2,1,145,5,4,0,4,,,,,,3,2,90,0000,98,1,72,72,0,1,,1,1,13.2,10,,1,1,1971-05-25,02
71LA02331,71,2,6651,4,77,772,2721,42,4,,3,30,,1,02,,1,115,5,4,0,3,,,,,,3,2,42,5277,42,1,80,77,6,1,,1,1,9.4,10,,2,1,1971-04-25,02
71LA02332,71,1,6422,4,75,750,2722,42,4,,3,30,,1,02,,1,112,5,4,0,4,,,,,,2,2,42,3610,42,1,101,75,6,1,,1,1,15.6,10,,2,1,1971-04-22,02
71LA02333,71,1,6300,4,76,762,2729,42,4,,3,30,,1,02,,1,110,5,2,0,4,,,,,,2,2,42,3466,42,1,80,76,6,1,,1,1,10.4,10,,1,1,1971-04-20,02
71LA02334,71,1,6251,4,78,781,2743,42,4,,3,30,,1,02,,1,110,5,2,0,4,,,,,,2,2,42,4414,42,1,86,78,6,1,,1,1,11.0,10,,2,1,1971-04-20,02
71LA02335,71,,,0,76,761,2744,42,4,,3,30,,,02,1,,0,,4,0,,,,,,,,2,42,3963,42,1,0,76,6,0,,0,0,0.0,0,,2,1,,02
71LA02336,71,2,8102,9,00,761,2744,42,4,,3,30,,5,50,2,1,135,8,4,0,4,,,,,,3,2,90,0000,98,1,66,76,0,1,,1,2,9.4,10,,2,1,1971-05-15,02
71LA02337,71,2,8103,9,00,761,2744,42,4,,3,30,,5,50,2,1,135,8,4,0,4,,6,,,,,2,90,0000,98,0,0,76,0,1,,0,0,8.0,0,,2,2,1971-05-15,02
71LA02338,71,1,6837,4,70,701,2771,42,4,,3,30,,1,02,,1,120,8,4,147,3,,6,,,,,2,42,3660,42,1,0,70,2,1,,1,2,12.2,0,,2,1,1971-04-30,02
71LA02339,71,2,6838,4,70,701,2771,42,4,,3,30,,1,02,,1,120,8,4,0,3,,,,,,3,2,42,3660,42,0,44,70,2,1,,0,0,9.2,10,,2,2,1971-04-30,02
71LA02340,71,1,5811,4,73,731,2774,42,4,,3,30,,1,02,,1,102,5,4,0,4,,,,,,2,2,42,4146,42,1,86,73,6,1,,1,1,10.6,10,,2,1,1971-04-12,02
71LA02341,71,2,6510,4,78,780,2775,42,4,,3,30,,1,02,,1,113,5,4,0,5,,,,,,3,2,42,4186,42,1,83,78,6,1,,1,1,8.6,10,,2,1,1971-04-23,02
71LA02342,71,1,6334,4,72,922,2786,42,4,,3,30,,1,02,,1,111,5,4,0,4,,,,,,2,2,42,3652,42,1,57,72,3,1,,1,1,8.8,10,,1,1,1971-04-21,02
71LA02343,71,1,6762,4,77,771,2802,42,4,,3,30,,1,02,,1,117,5,2,0,5,,,,,,3,2,42,3932,42,1,78,77,6,1,,1,1,12.6,10,,1,1,1971-04-27,02
71LA02344,71,,,0,14,142,2805,42,4,32,3,30,,,02,,,127,,,0,,,,32,,,,2,42,3946,42,1,0,14,1,0, 6,0,0,0.0,0,,1,1,1971-05-07,02
71LA02345,71,2,6339,4,76,760,2810,42,4,,3,30,,1,02,,1,111,5,2,0,4,,,,,,2,2,42,3730,42,1,83,76,6,1,,1,1,12.4,10,,1,1,1971-04-21,02
71LA02346,71,1,6736,4,75,752,2811,42,4,,3,30,,1,02,,1,117,8,2,0,4,,,,,,3,2,42,4395,42,1,74,75,6,1,,1,2,12.0,10,,2,1,1971-04-27,02
71LA02347,71,1,6737,4,75,752,2811,42,4,,3,30,,1,02,,1,117,8,2,0,4,,,,,,3,2,42,4395,42,0,79,75,6,1,,0,0,11.0,10,,2,2,1971-04-27,02
71LA02348,71,2,6823,4,74,741,2823,42,4,,3,30,,1,02,,1,119,5,2,0,4,,,,,,3,2,42,3788,42,1,90,74,6,1,,1,1,13.2,10,,1,1,1971-04-29,02
71LA02349,71,1,6710,4,78,782,2828,42,4,,3,30,,1,02,,1,116,5,2,0,5,,,,,,3,2,42,4301,42,1,76,78,6,1,,1,1,14.8,10,,2,1,1971-04-26,02
71LA02350,71,1,6857,4,76,762,2833,42,4,,3,30,,1,02,,2,120,5,4,0,5,,,,,,3,2,42,3466,42,1,89,76,6,1,,1,1,14.2,10,,2,1,1971-04-30,02
71LA02351,71,1,6854,4,73,730,2837,42,4,,3,30,,2,02,,1,120,5,2,0,4,,6,,,,,2,42,3860,42,1,0,73,6,1,,1,1,9.0,0,,1,1,1971-04-30,02
71LA02352,71,2,6620,4,78,780,2838,42,4,,3,30,,1,02,,1,114,5,4,0,4,,,,,,3,2,42,4186,42,1,85,78,6,1,,1,1,9.4,10,,1,1,1971-04-24,02
71LA02353,71,1,6435,4,77,770,2849,42,4,,3,30,,1,02,,1,112,5,4,0,5,,,,,,2,2,42,3674,42,1,111,77,6,1,,1,1,15.8,10,,1,1,1971-04-22,02
71LA02354,71,2,6434,4,76,761,2853,42,4,,3,30,,2,02,,1,112,5,2,0,4,,,,,,2,2,42,3963,42,1,95,76,6,1,,1,1,12.6,10,,1,1,1971-04-22,02
71LA02355,71,2,5760,4,08,082,2857,42,4,39,3,30,,1,02,,3,95,5,,0,5,,,37,,,6,2,42,3029,42,1,83,08,1,1, 6,1,1,11.4,10,,1,1,1971-04-05,02
71LA02356,71,2,6904,4,72,912,2863,42,4,,3,30,,1,02,,1,123,5,2,0,5,,,,,,3,2,42,3592,42,1,69,72,3,1,,1,1,14.0,10,,1,1,1971-05-03,02
71LA02357,71,,,0,77,772,2866,42,4,,3,30,,,02,,,133,,2,0,,,,,,,,2,42,5277,42,1,0,77,6,0,,0,0,0.0,0,,1,1,1971-05-13,02
71LA02358,71,2,6782,4,76,760,2871,42,4,,3,30,,2,02,,1,118,5,4,0,4,,,,,,3,2,42,3730,42,1,81,76,6,1,,1,1,11.4,10,,2,1,1971-04-28,02
71LA02359,71,1,6514,4,14,142,2877,42,4,36,3,30,,1,02,,1,113,8,,119,3,,6,40,,,,2,42,3946,42,1,0,14,1,1, 7,1,2,8.4,0,,1,1,1971-04-23,02
71LA02360,71,1,6515,4,14,142,2877,42,4,36,3,30,,1,02,,1,113,8,,0,3,,,40,,,1,2,42,3946,42,0,73,14,1,1, 7,0,0,10.6,10,,1,2,1971-04-23,02
71LA02361,71,2,6880,4,74,740,2879,42,4,,3,30,,1,02,,1,121,8,4,0,4,,,,,,3,2,42,3553,42,1,68,74,6,1,,1,2,9.4,10,,2,1,1971-05-01,02
71LA02362,71,1,6881,4,74,740,2879,42,4,,3,30,,1,02,,1,121,8,4,0,4,,,,,,3,2,42,3553,42,0,70,74,6,1,,0,0,9.4,10,,2,2,1971-05-01,02
71LA02363,71,2,5993,4,73,732,2882,42,4,,3,30,,1,02,,1,105,5,4,0,5,,,,,,2,2,42,4076,42,1,88,73,6,1,,1,1,11.0,10,,1,1,1971-04-15,02
71LA02364,71,2,6777,4,72,902,2893,42,4,,3,30,,1,02,,1,118,8,4,0,3,,,,,,3,2,42,4237,42,1,72,72,3,1,,1,2,10.0,10,,1,1,1971-04-28,02
71LA02365,71,2,6778,4,72,902,2893,42,4,,3,30,,1,02,,1,118,8,4,0,3,,,,,,2,2,42,4237,42,0,76,72,3,1,,0,0,9.6,10,,1,2,1971-04-28,02
71LA02366,71,2,5926,4,76,762,2894,42,4,,3,30,,1,02,,1,104,5,2,0,5,,,,,,2,2,42,3466,42,1,77,76,6,1,,1,1,10.6,10,,1,1,1971-04-14,02
71LA02367,71,1,6852,4,74,742,2898,42,4,,3,30,,1,02,,1,120,8,2,0,3,,,,,,3,2,42,4176,42,1,78,74,6,1,,1,2,9.8,10,,2,1,1971-04-30,02
71LA02368,71,1,6853,4,74,742,2898,42,4,,3,30,,1,02,,1,120,8,2,0,3,,6,,,,,2,42,4176,42,0,0,74,6,1,,0,0,9.2,0,20,2,2,1971-04-30,02
71LA02369,71,2,5865,4,70,700,2904,42,4,,3,30,,1,02,,1,103,8,2,0,5,,,,,,2,2,42,3431,42,1,62,70,2,1,,1,2,10.0,10,,1,1,1971-04-13,02
71LA02370,71,2,5866,4,70,700,2904,42,4,,3,30,,1,02,,1,103,8,2,0,5,,,,,,2,2,42,3431,42,0,71,70,2,1,,0,0,8.4,10,,1,2,1971-04-13,02
71LA02371,71,1,6648,4,76,761,2909,42,4,,3,30,,1,02,,1,115,5,4,0,4,,,,,,3,2,42,3963,42,1,94,76,6,1,,1,1,14.0,10,,2,1,1971-04-25,02
71LA02372,71,2,6582,4,72,892,2912,42,4,,3,30,,1,02,,1,114,8,2,0,5,,,,,,3,2,42,4399,42,1,36,72,3,1,,1,2,9.4,10,,1,1,1971-04-24,02
71LA02373,71,1,6583,4,72,892,2912,42,4,,3,30,,1,02,,1,114,8,2,0,5,,,,,,3,2,42,4399,42,0,69,72,3,1,,0,0,11.0,10,,1,2,1971-04-24,02
71LA02374,71,2,6049,4,76,760,2914,42,4,,3,30,,1,02,,1,106,5,2,0,4,,,,,,2,2,42,3730,42,1,95,76,6,1,,1,1,11.0,10,,1,1,1971-04-16,02
71LA02375,71,1,5945,4,73,731,2919,42,4,,3,30,,1,02,,1,104,5,2,0,4,,,,,,2,2,42,4146,42,1,103,73,6,1,,1,1,13.4,10,,1,1,1971-04-14,02
71LA02376,71,1,6844,4,77,771,2924,42,4,,3,30,,1,02,,1,120,5,4,0,5,,,,,,3,2,42,3932,42,1,100,77,6,1,,1,1,13.0,10,,2,1,1971-04-30,02
71LA02377,71,2,6111,4,74,741,2925,42,4,,3,30,,2,02,,1,107,8,4,0,4,,,,,,2,2,42,3788,42,1,73,74,6,1,,1,2,10.0,10,,2,1,1971-04-17,02
71LA02378,71,1,6112,4,74,741,2925,42,4,,3,30,,1,02,,1,107,8,4,0,4,,,,,,2,2,42,3788,42,0,67,74,6,1,,0,0,9.0,10,,2,2,1971-04-17,02
71LA02379,71,,,0,73,730,2926,42,4,,3,30,,,02,,,133,,4,0,,,,,,,,2,42,3860,42,1,0,73,6,0,,0,0,0.0,0,,2,1,1971-05-13,02
71LA02380,71,1,5857,4,70,702,2931,42,4,,3,30,,1,02,,1,103,8,4,0,2,,,,,,2,2,42,4337,42,1,96,70,2,1,,1,2,11.0,10,,2,1,1971-04-13,02
71LA02381,71,1,5858,4,70,702,2931,42,4,,3,30,,1,02,,1,103,8,4,106,2,,6,,,,,2,42,4337,42,0,0,70,2,1,,0,0,9.6,0,,2,2,1971-04-13,02
71LA02382,71,2,5928,4,74,740,2935,42,4,,3,30,,1,02,,1,104,5,2,0,4,,,,,,2,2,42,3553,42,1,88,74,6,1,,1,1,12.4,10,,1,1,1971-04-14,02
71LA02383,71,2,6034,4,70,701,2942,42,4,,3,30,,1,02,,1,106,5,2,0,4,,,,,,2,2,42,3660,42,1,79,70,2,1,,1,1,11.4,10,,1,1,1971-04-16,02
71LA02384,71,1,6061,4,76,762,2945,42,4,,3,30,,1,02,,1,106,5,4,0,1,,,,,&,,2,42,3466,42,1,91,76,6,1,,1,1,7.6,5,,2,1,1971-04-16,02
71LA02385,71,2,6408,4,75,751,2946,42,4,,3,30,,1,02,,1,112,5,2,0,4,,,,,,2,2,42,4305,42,1,80,75,6,1,,1,1,12.2,10,,1,1,1971-04-22,02
71LA02386,71,1,6739,4,75,750,2949,42,4,,3,30,,1,02,,1,117,5,4,0,5,,,,,,3,2,42,3610,42,1,84,75,6,1,,1,1,11.0,10,,1,1,1971-04-27,02
71LA02387,71,1,5840,4,72,882,2950,42,4,,3,30,,1,02,,1,103,5,4,0,4,,,,,,2,2,42,4416,42,1,102,72,3,1,,1,1,12.6,10,,1,1,1971-04-13,02
71LA02388,71,1,6863,4,72,872,2951,42,4,,3,30,,1,02,,1,120,8,2,0,4,,,,,,3,2,42,3584,42,1,48,72,3,1,,1,2,10.0,10,,2,1,1971-04-30,02
71LA02389,71,1,6864,4,72,872,2951,42,4,,3,30,,1,02,,1,120,8,2,0,4,,,,,,3,2,42,3584,42,0,70,72,3,1,,0,0,9.4,10,,2,2,1971-04-30,02
71LA02390,71,1,6772,4,72,862,2953,42,4,,3,30,,1,02,,1,118,5,4,0,4,,,,,,3,2,42,3867,42,1,94,72,3,1,,1,1,11.0,10,,1,1,1971-04-28,02
71LA02391,71,1,6021,4,77,770,2958,42,4,,3,30,,1,02,,1,106,5,2,0,4,,,,,,2,2,42,3674,42,1,94,77,6,1,,1,1,8.0,10,,2,1,1971-04-16,02
71LA02392,71,,,0,70,700,2964,42,4,,3,30,,,02,,,101,,4,0,,,,,,,,2,42,3431,42,1,0,70,2,0,,0,0,0.0,0,,2,1,1971-04-11,02
71LA02393,71,2,6382,4,70,702,2966,42,4,,3,30,,2,02,,1,111,5,2,0,5,,,,,,2,2,42,4337,42,1,87,70,2,1,,1,1,15.6,10,,1,1,1971-04-21,02
71LA02394,71,1,5798,4,75,752,2969,42,4,,3,30,,1,02,,1,102,8,2,0,4,,,,,,2,2,42,4395,42,1,78,75,6,1,,1,2,11.6,10,,1,1,1971-04-12,02
71LA02395,71,2,5799,4,75,752,2969,42,4,,3,30,,1,02,,1,102,8,2,0,4,,,,,,2,2,42,4395,42,0,73,75,6,1,,0,0,9.4,10,,1,2,1971-04-12,02
71LA02396,71,2,6201,4,73,732,2976,42,4,,3,30,,1,02,,1,109,5,4,0,4,,,,,,2,2,42,4076,42,1,94,73,6,1,,1,1,13.2,10,,2,1,1971-04-19,02
71LA02397,71,,,0,77,772,2990,42,4,,3,30,,,02,,,93,,2,0,,,,,,,,2,42,5277,42,0,0,77,6,0,,0,0,0.0,0,,2,1,1971-04-03,02
71LA02398,71,2,6108,4,78,781,2991,42,4,,3,30,,1,02,,1,107,5,2,0,4,,,,,,2,2,42,4414,42,1,88,78,6,1,,1,1,11.8,10,,1,1,1971-04-17,02
71LA02399,71,2,6168,4,76,761,3003,42,4,,3,30,,3,02,,1,108,8,2,0,5,,,,,,2,2,42,3963,42,1,66,76,6,1,,1,2,12.4,10,,1,1,1971-04-18,02
71LA02400,71,1,6169,4,76,761,3003,42,4,,3,30,,1,02,,1,108,8,2,0,5,,,,,,2,2,42,3963,42,0,96,76,6,1,,0,0,13.0,10,,1,2,1971-04-18,02
71LA02401,71,1,6845,4,72,852,3015,42,4,,3,30,,1,02,,1,120,5,4,0,4,,,,,,3,2,42,3619,42,1,56,72,3,1,,1,1,9.2,10,,2,1,1971-04-30,02
71LA02402,71,1,6509,4,72,842,3025,42,4,,3,30,,1,02,,1,113,5,2,0,5,,,,,,3,2,42,4113,42,1,97,72,3,1,,1,1,14.2,10,,1,1,1971-04-23,02
71LA02403,71,2,6116,4,72,832,3033,42,4,,3,30,,1,02,,1,107,5,4,0,4,,,,,,2,2,42,3440,42,1,72,72,3,1,,1,1,10.0,10,,2,1,1971-04-17,02
71LA02404,71,1,6185,4,70,701,3040,42,4,,3,30,,1,02,,1,108,5,2,0,4,,,,,,2,2,42,3660,42,1,100,70,2,1,,1,1,12.6,10,,2,1,1971-04-18,02
71LA02405,71,1,6351,4,75,751,3043,42,4,,3,30,,1,02,,1,111,8,4,0,4,,,,,,2,2,42,4305,42,1,69,75,6,1,,1,2,9.6,10,,2,1,1971-04-21,02
71LA02406,71,1,6352,4,75,751,3043,42,4,,3,30,,1,02,,1,111,8,4,0,4,,,,,,2,2,42,4305,42,0,85,75,6,1,,0,0,9.2,10,,2,2,1971-04-21,02
71LA02407,71,1,6346,4,73,731,3047,42,4,,3,30,,1,02,,1,111,5,2,0,4,,,,,,2,2,42,4146,42,1,86,73,6,1,,1,1,10.8,10,,2,1,1971-04-21,02
71LA02408,71,1,5774,4,08,082,3056,42,4,41,3,30,,1,02,,1,98,5,,0,3,,,36,,,1,2,42,3029,42,1,71,08,1,1, 7,1,1,8.6,10,,1,1,1971-04-08,02
71LA02409,71,1,5881,4,72,822,3061,42,4,,3,30,,1,02,,1,103,5,2,0,4,,,,,,2,2,42,3474,42,1,90,72,3,1,,1,1,11.0,10,,2,1,1971-04-13,02
71LA02410,71,2,5751,4,14,142,3063,42,4,33,3,30,,1,02,,1,91,5,,0,3,,,33,,,6,2,42,3946,42,1,73,14,1,1, 6,1,1,7.8,10,,1,1,1971-04-01,02
71LA02411,71,,,0,75,750,3064,42,4,,3,30,,,02,,,36,,2,0,,,,,,,,2,42,3610,42,0,0,75,6,0,,0,0,0.0,0,,1,1,,02
71LA02412,71,,,0,72,812,3068,42,4,,3,30,,,02,,,133,,4,0,,,,,,,,2,42,3407,42,1,0,72,3,0,,0,0,0.0,0,,1,1,1971-05-13,02
71LA02413,71,2,6464,4,72,802,3077,42,4,,3,30,,1,02,,3,112,5,2,0,5,,,,,,2,2,42,3984,42,1,77,72,3,1,,1,1,9.0,10,,1,1,1971-04-22,02
71LA02414,71,1,5775,4,08,082,3089,42,4,38,3,30,,1,02,,1,99,8,,0,4,,,26,,,6,2,42,3029,42,1,49,08,1,1, 6,1,2,8.6,10,,1,1,1971-04-09,02
71LA02415,71,1,5776,4,08,082,3089,42,4,38,3,30,,1,02,,1,99,8,,0,4,,,26,,,6,2,42,3029,42,0,57,08,1,1, 6,0,0,8.4,10,02,1,2,1971-04-09,02
71LA02416,71,1,5919,4,14,142,3094,42,4,37,3,30,,1,02,,1,104,8,,0,3,,,37,,,1,2,42,3946,42,1,70,14,1,1, 7,1,2,9.8,10,,1,1,1971-04-14,02
71LA02417,71,2,5920,4,14,142,3094,42,4,37,3,30,,1,02,,1,104,8,,160,3,,6,37,,&,,2,42,3946,42,0,0,14,1,1, 7,0,0,8.4,0,,1,2,1971-04-14,02
71LA02418,71,1,6879,4,77,771,3106,42,4,,3,30,,1,02,,3,121,5,2,0,5,,,,,,3,2,42,3932,42,1,84,77,6,1,,1,1,11.0,10,,1,1,1971-05-01,02
71LA02419,71,1,,0,70,700,3126,42,4,,3,30,,1,02,,1,107,0,2,0,0,,0,,,,,2,42,3431,42,1,0,70,2,0,,1,1,4.4,0,,1,1,1971-04-17,02
71LA02420,71,2,6101,4,78,782,3130,42,4,,3,30,,1,02,,1,107,5,4,0,4,,,,,,2,2,42,4301,42,1,102,78,6,1,,1,1,13.0,10,,1,1,1971-04-17,02
71LA02421,71,2,6075,4,72,832,3140,42,4,,3,30,,1,02,,1,107,5,2,0,3,,,,,,2,2,42,3440,42,1,89,72,3,1,,1,1,10.4,10,,1,1,1971-04-17,02
71LA02422,71,1,6043,4,70,702,3148,42,4,,3,30,,1,02,,1,106,5,4,0,4,,,,,,2,2,42,4337,42,1,81,70,2,1,,1,1,12.0,10,,2,1,1971-04-16,02
71LA02423,71,1,,0,70,701,3150,42,4,,3,30,,1,02,,1,120,0,2,0,2,,0,,683542,+,,2,42,3660,42,1,0,70,2,0,,1,1,4.8,0,,1,1,1971-04-30,02
71LA02424,71,2,6732,4,70,700,3151,42,4,,3,30,,1,02,,1,117,5,4,0,5,,,,,,3,2,42,3431,42,1,82,70,2,1,,1,1,11.4,10,,2,1,1971-04-27,02
71LA02425,71,,,0,70,702,3163,42,4,,3,30,,,02,1,,0,,2,0,,,,,,,,2,42,4337,42,1,0,70,2,0,,0,0,0.0,0,,1,1,,02
71LA02426,71,2,8108,9,00,702,3163,42,4,,3,30,,5,50,2,1,137,5,2,0,3,,,,,,3,2,90,0000,98,1,66,70,0,1,,1,1,12.2,10,,1,1,1971-05-17,02
71LA02427,71,1,6603,4,70,701,3166,42,4,,3,30,,1,02,,1,114,5,4,0,4,,,,,,3,2,42,3660,42,1,82,70,2,1,,1,1,10.0,10,,2,1,1971-04-24,02
71LA02428,71,,,0,70,700,3175,42,4,,3,30,,,02,,,48,,2,0,,,,,,,,2,42,3431,42,0,0,70,2,0,,0,0,0.0,0,,1,1,,02
71LA02429,71,,,0,07,072,3180,42,4,38,3,30,,,02,,,127,,,0,,,,31,,,,2,42,3320,42,1,0,07,1,0, 6,0,0,0.0,0,,1,1,1971-05-07,02
71LA02430,71,1,6655,4,70,702,3190,42,4,,3,30,,1,02,,1,115,8,4,0,4,,,,,,3,2,42,4337,42,1,49,70,2,1,,1,2,12.6,10,,2,1,1971-04-25,02
71LA02431,71,2,6656,4,70,702,3190,42,4,,3,30,,1,02,,1,115,8,4,0,4,,,,,,3,2,42,4337,42,0,47,70,2,1,,0,0,9.0,10,,2,2,1971-04-25,02
71LA02432,71,2,,0,08,082,3192,42,4,37,3,30,,1,02,,1,91,0,,0,3,,0,31,,,,2,42,3029,42,1,0,08,1,0, 7,1,1,6.0,0,,1,1,1971-04-01,02
71LA02433,71,1,6328,4,07,072,3196,42,4,41,3,30,,1,02,,1,111,8,,0,4,,,27,,,1,2,42,3320,42,1,72,07,1,1, 7,1,2,10.2,10,,1,1,1971-04-21,02
71LA02434,71,1,6329,4,07,072,3196,42,4,41,3,30,,1,02,,1,111,8,,0,4,,,27,,,1,2,42,3320,42,0,58,07,1,1, 7,0,0,9.4,10,,1,2,1971-04-21,02
71LA02435,71,1,6803,4,72,842,3198,42,4,,3,30,,1,02,,1,119,8,2,182,4,,6,,,,,2,42,4113,42,0,0,72,3,1,,0,0,9.6,0,,2,2,1971-04-29,02
71LA02436,71,2,6802,4,72,842,3198,42,4,,3,30,,1,02,,1,119,8,2,0,4,,,,,,,2,42,4113,42,1,68,72,3,1,,1,2,9.4,10,03,2,1,1971-04-29,02
71LA02437,71,1,5836,4,77,770,3202,42,4,,3,30,,1,02,,1,102,5,4,0,4,,,,,,2,2,42,3674,42,1,93,77,6,1,,1,1,11.6,10,,1,1,1971-04-12,02
71LA02438,71,1,6742,4,73,730,3208,42,4,,3,30,,1,02,,1,117,8,4,0,4,,,,,&,,2,42,3860,42,0,71,73,6,1,,0,0,13.4,5,,1,2,1971-04-27,02
71LA02439,71,1,6741,4,73,730,3208,42,4,,3,30,,1,02,,1,117,8,4,0,4,,,,,,3,2,42,3860,42,1,90,73,6,1,,1,2,11.8,10,02,1,1,1971-04-27,02
71LA02440,71,2,6928,4,78,781,3209,42,4,,3,30,,1,02,,3,128,8,2,0,3,,,,,,3,2,42,4414,42,0,76,78,6,1,,0,0,10.2,10,,2,2,1971-05-08,02
71LA02441,71,1,6927,4,78,781,3209,42,4,,3,30,,1,02,,3,128,8,2,0,3,06,,,,&,,2,42,4414,42,1,78,78,6,1,,1,2,9.8,5,,2,1,1971-05-08,02
71LA02442,71,2,6363,4,70,701,3217,42,4,,3,30,,1,02,,3,111,5,2,0,4,,,,,,2,2,42,3660,42,1,74,70,2,1,,1,1,11.6,10,,1,1,1971-04-21,02
71LA02443,71,2,6393,4,70,700,3220,42,4,,3,30,,1,02,,1,111,5,4,0,4,,,,,,2,2,42,3431,42,1,83,70,2,1,,1,1,11.2,10,,2,1,1971-04-21,02
71LA02444,71,2,6911,4,08,082,3231,42,4,38,3,30,,1,02,,1,124,5,,0,3,,,32,,,6,2,42,3029,42,1,57,08,1,1, 6,1,1,8.4,10,,1,1,1971-05-04,02
71LA02445,71,2,5885,4,70,702,3241,42,4,,3,30,,3,02,,1,104,8,2,0,4,,,,,,2,2,42,4337,42,0,92,70,2,1,,0,0,10.4,10,,1,2,1971-04-14,02
71LA02446,71,2,5884,4,70,702,3241,42,4,,3,30,,1,02,,1,104,8,2,0,4,,,,,,2,2,42,4337,42,1,86,70,2,1,,1,2,10.4,10,21,1,1,1971-04-14,02
71LA02447,71,1,6064,4,72,852,3244,42,4,,3,30,,1,02,,1,106,9,4,0,4,,6,,,,,2,42,3619,42,1,0,72,3,1,,1,3,10.2,0,,1,1,1971-04-16,02
71LA02448,71,2,6065,4,72,852,3244,42,4,,3,30,,1,02,,1,106,9,4,0,4,,,,,,2,2,42,3619,42,0,82,72,3,1,,0,0,8.4,10,,1,2,1971-04-16,02
71LA02449,71,1,6066,4,72,852,3244,42,4,,3,30,,1,02,,1,106,9,4,0,4,,,,,&,,2,42,3619,42,0,84,72,3,1,,0,0,6.4,5,,1,3,1971-04-16,02
71LA02450,71,,,0,03,032,3250,42,4,30,3,30,,,02,,,84,,,0,,,,29,,,,2,42,3342,42,0,0,03,1,0, 7,0,0,0.0,0,,1,1,1971-03-25,02
71LA02451,71,1,6890,4,72,862,3259,42,4,,3,30,,1,02,,1,122,5,2,0,3,,,,,,3,2,42,3867,42,1,69,72,3,1,,1,1,10.6,10,,2,1,1971-05-02,02
71LA02452,71,2,6713,4,70,701,3265,42,4,,3,30,,1,02,,1,116,5,4,0,4,,,,,,3,2,42,3660,42,1,63,70,2,1,,1,1,9.8,10,,2,1,1971-04-26,02
71LA02453,71,2,6155,4,72,872,3275,42,4,,3,30,,1,02,,1,108,5,2,0,2,,,,,,2,2,42,3584,42,1,65,72,3,1,,1,1,10.4,10,,1,1,1971-04-18,02
71LA02454,71,2,5794,4,75,752,3284,42,4,,3,30,,1,02,,1,101,5,4,0,3,,,,,,2,2,42,4395,42,1,85,75,6,1,,1,1,10.6,10,,2,1,1971-04-11,02
71LA02455,71,1,6183,4,72,882,3286,42,4,,3,30,,1,02,,1,108,8,4,0,4,,,,,,2,2,42,4416,42,1,79,72,3,1,,1,2,12.0,10,,2,1,1971-04-18,02
71LA02456,71,2,6184,4,72,882,3286,42,4,,3,30,,1,02,,1,108,8,4,0,4,,,,,,2,2,42,4416,42,0,76,72,3,1,,0,0,10.0,10,,2,2,1971-04-18,02
71LA02457,71,1,6711,4,78,780,3293,42,4,,3,30,,1,02,,1,116,5,4,0,4,,,,,,3,2,42,4186,42,1,86,78,6,1,,1,1,10.8,10,,2,1,1971-04-26,02
71LA02458,71,1,6906,4,72,892,3295,42,4,,3,30,,1,02,,1,123,8,2,0,3,,,,,,3,2,42,4399,42,1,76,72,3,1,,1,2,8.8,10,,2,1,1971-05-03,02
71LA02459,71,2,6907,4,72,892,3295,42,4,,3,30,,1,02,,1,123,8,2,0,3,,,,736814,-,6,2,42,4399,42,0,60,72,3,1,,0,0,7.6,5,,2,2,1971-05-03,02
71LA02460,71,1,6358,4,78,782,3300,42,4,,3,30,,1,02,,1,111,5,2,0,4,,,,,,2,2,42,4301,42,1,64,78,6,1,,1,1,9.6,10,,2,1,1971-04-21,02
71LA02461,71,2,5984,4,75,751,3307,42,4,,3,30,,1,02,,1,105,8,2,119,1,,6,,,,,2,42,4305,42,1,0,75,6,1,,1,2,4.6,0,,1,1,1971-04-15,02
71LA02462,71,1,5985,4,75,751,3307,42,4,,3,30,,1,02,,1,105,8,2,106,1,,6,,,,,2,42,4305,42,0,0,75,6,1,,0,0,6.4,0,,1,2,1971-04-15,02
71LA02463,71,1,6107,4,72,922,3309,42,4,,3,30,,1,02,,3,107,5,4,0,4,,,,,,2,2,42,3652,42,1,83,72,3,1,,1,1,10.6,10,,2,1,1971-04-17,02
71LA02464,71,2,5968,4,07,072,3312,42,4,40,3,30,,1,02,,1,105,8,,138,3,,6,24,,,,2,42,3320,42,1,0,07,1,1, 6,1,2,8.4,0,,1,1,1971-04-15,02
71LA02465,71,1,5969,4,07,072,3312,42,4,40,3,30,,1,02,,1,105,8,,0,3,,,24,,,6,2,42,3320,42,0,82,07,1,1, 6,0,0,9.4,10,,1,2,1971-04-15,02
71LA02466,71,2,5982,4,07,072,3313,42,4,40,3,30,,1,02,,1,105,8,,140,3,,6,24,,,,2,42,3320,42,1,0,07,1,1, 7,1,2,8.8,0,,1,1,1971-04-15,02
71LA02467,71,1,5983,4,07,072,3313,42,4,40,3,30,,1,02,,1,105,8,,0,3,,,24,,,1,2,42,3320,42,0,84,07,1,1, 7,0,0,9.4,10,,1,2,1971-04-15,02
71LA02468,71,2,6820,4,70,700,3314,42,4,,3,30,,1,02,,1,119,5,2,0,3,,,,,,3,2,42,3431,42,1,77,70,2,1,,1,1,12.4,10,,1,1,1971-04-29,02
71LA02469,71,2,6305,4,72,932,3316,42,4,,3,30,,1,02,,1,110,8,2,0,3,,,,,,2,2,42,3629,42,1,55,72,3,1,,1,2,8.0,10,,2,1,1971-04-20,02
71LA02470,71,2,6306,4,72,932,3316,42,4,,3,30,,1,02,,1,110,8,2,0,3,,,,,,2,2,42,3629,42,0,59,72,3,1,,0,0,8.2,10,,2,2,1971-04-20,02
71LA02471,71,1,6277,4,75,750,3318,42,4,,3,30,,1,02,,1,110,8,4,0,4,,,,,,2,2,42,3610,42,1,84,75,6,1,,1,2,10.0,10,,1,1,1971-04-20,02
71LA02472,71,1,6278,4,75,750,3318,42,4,,3,30,,1,02,,1,110,8,4,0,4,,,,,,2,2,42,3610,42,0,69,75,6,1,,0,0,9.0,10,,1,2,1971-04-20,02
71LA02473,71,1,6164,4,08,082,3323,42,4,36,2,20,,1,02,,1,108,5,,0,5,,,33,,,2,2,42,3029,42,1,103,08,1,1, 7,1,1,13.6,10,,1,1,1971-04-18,02
71LA02474,71,,,0,08,082,3325,42,4,34,2,20,,,02,,,127,,,0,,,,28,,,,2,42,3029,42,1,0,08,1,0, 6,0,0,0.0,0,,1,1,1971-05-07,02
71LA02475,71,2,5757,4,07,072,3326,42,4,37,2,20,,1,02,,1,95,5,,0,3,,,30,,,1,2,42,3320,42,1,72,07,1,1, 7,1,1,11.2,10,,1,1,1971-04-05,02
71LA02476,71,,,0,08,082,3328,42,4,33,2,20,,,02,,,127,,,0,,,,31,,,,2,42,3029,42,1,0,08,1,0, 7,0,0,0.0,0,,1,1,1971-05-07,02
71LA02477,71,2,6218,4,08,082,3333,42,4,36,2,20,,1,02,,1,109,5,,0,2,,,33,,,6,2,42,3029,42,1,64,08,1,1, 6,1,1,7.0,10,,1,1,1971-04-19,02
71LA02478,71,,,0,14,142,3337,42,4,44,2,20,,,02,,,127,,,0,,,,42,,,,2,42,3946,42,1,0,14,1,0, 7,0,0,0.0,0,,1,1,1971-05-07,02
71LA02479,71,,,0,03,032,3338,42,4,40,2,20,,,02,,,127,,,0,,,,28,,,,2,42,3342,42,1,0,03,1,0, 6,0,0,0.0,0,,1,1,1971-05-07,02
71LA02480,71,2,5761,4,07,072,3345,42,4,42,2,20,,1,02,,1,95,5,,0,4,,,43,,,6,2,42,3320,42,1,87,07,1,1, 6,1,1,10.0,10,,1,1,1971-04-05,02
71LA02481,71,,,0,07,072,3346,42,4,42,2,20,,,02,,,127,,,0,,,,43,,,,2,42,3320,42,1,0,07,1,0, 7,0,0,0.0,0,,1,1,1971-05-07,02
71LA02482,71,2,6779,4,07,072,3351,42,4,42,2,20,,1,02,,1,118,5,,0,2,,,48,344742,-,3,2,42,3320,42,1,59,07,1,1, 6,1,1,9.8,5,,1,1,1971-04-28,02
71LA02483,71,1,6647,4,77,772,3359,42,4,,2,20,,1,02,,1,115,5,,0,4,,,,,,3,2,42,5277,42,1,95,77,6,1,,1,1,12.4,10,,1,1,1971-04-25,02
71LA02484,71,1,6786,4,07,072,3362,42,4,38,2,20,,1,02,,1,118,5,,0,4,,,31,,,1,2,42,3320,42,1,66,07,1,1, 7,1,1,12.0,10,,1,1,1971-04-28,02
71LA02485,71,2,6937,4,07,072,3374,42,4,41,2,20,,1,02,,1,120,5,,0,3,,,45,,,6,2,42,3320,42,1,75,07,1,1, 6,1,1,11.0,10,,1,1,1971-04-30,02
71LA02486,71,2,6597,4,78,780,3378,42,4,,2,20,,1,02,,1,114,5,,0,3,,,,,,3,2,42,4186,42,1,63,78,6,1,,1,1,9.6,10,,1,1,1971-04-24,02
71LA02487,71,2,6068,4,03,032,3391,42,4,38,2,20,,1,02,,1,107,5,,0,3,,,30,,,1,2,42,3342,42,1,58,03,1,1, 7,1,1,7.0,10,,1,1,1971-04-17,02
71LA02488,71,,,0,07,072,3395,42,4,39,2,20,,,02,1,,0,,,0,,,,35,,,,2,42,3320,42,1,0,07,1,0, 7,0,0,0.0,0,,1,1,,02
71LA02489,71,2,8149,9,00,072,3395,42,4,,2,20,,5,50,2,1,150,5,,0,2,,6,35,,,,2,90,0000,98,1,0,07,0,1, 7,1,1,10.8,0,,1,1,1971-05-30,02
71LA02490,71,2,6121,4,70,700,3402,42,4,,2,20,,1,02,,1,107,8,,0,4,,,,,,2,2,42,3431,42,1,82,70,2,1,,1,2,7.4,10,,2,1,1971-04-17,02
71LA02491,71,2,6122,4,70,700,3402,42,4,,2,20,,1,02,,1,107,8,,0,4,,,,,,2,2,42,3431,42,0,64,70,2,1,,0,0,8.0,10,,2,2,1971-04-17,02
71LA02492,71,1,6095,4,08,082,3408,42,4,36,2,20,,1,02,,1,107,5,,0,4,,,30,,,1,2,42,3029,42,1,91,08,1,1, 7,1,1,11.2,10,,1,1,1971-04-17,02
71LA02493,71,1,5817,4,77,771,3410,42,4,,2,20,,3,02,,1,102,5,,0,4,,,,,,2,2,42,3932,42,1,99,77,6,1,,1,1,11.2,10,,2,1,1971-04-12,02
71LA02494,71,,,0,77,770,3412,42,4,,2,20,,,02,,,145,,,0,,,,,,,,2,42,3674,42,1,0,77,6,0,,0,0,0.0,0,,2,1,1971-05-25,02
71LA02495,71,1,6590,4,78,780,3418,42,4,,2,20,,1,02,,1,114,5,,0,4,,,,,,3,2,42,4186,42,1,89,78,6,1,,1,1,13.8,10,,2,1,1971-04-24,02
71LA02496,71,1,5946,4,78,781,3419,42,4,,2,20,,1,02,,1,105,5,,0,4,,,,,,2,2,42,4414,42,1,86,78,6,1,,1,1,10.4,10,,1,1,1971-04-15,02
71LA02497,71,1,6865,4,76,760,3425,42,4,,2,20,,1,02,,1,120,5,,0,4,,,,,,3,2,42,3730,42,1,81,76,6,1,,1,1,12.6,10,,2,1,1971-04-30,02
71LA02498,71,2,,0,76,762,3426,42,4,,2,20,,1,02,,1,104,1,,0,4,,1,,589042,+,,2,42,3466,42,1,0,76,6,0,,1,1,6.6,5,,1,1,1971-04-14,02
71LA02499,71,2,6276,4,75,752,3428,42,4,,2,20,,1,02,,1,110,5,,0,4,,,,,,2,2,42,4395,42,1,79,75,6,1,,1,1,9.4,10,,1,1,1971-04-20,02
71LA02500,71,2,6046,4,14,142,3430,42,4,43,2,20,,1,02,,1,106,8,,0,3,,,38,,,6,2,42,3946,42,1,58,14,1,1, 6,1,2,9.6,10,,1,1,1971-04-16,02
71LA02501,71,2,6047,4,14,142,3430,42,4,43,2,20,,1,02,,1,106,8,,0,3,,,38,,,6,2,42,3946,42,0,58,14,1,1, 6,0,0,8.0,10,,1,2,1971-04-16,02
71LA02502,71,2,6373,4,74,742,3436,42,4,,2,20,,1,02,,1,111,8,,0,4,,,,,,3,2,42,4176,42,1,60,74,6,1,,1,2,8.2,10,,1,1,1971-04-21,02
71LA02503,71,1,6374,4,74,742,3436,42,4,,2,20,,1,02,,1,111,8,,0,4,,,,,,3,2,42,4176,42,0,54,74,6,1,,0,0,7.0,10,,1,2,1971-04-21,02
71LA02504,71,2,6076,4,75,751,3442,42,4,,2,20,,1,02,,1,107,5,,0,4,,,,,,2,2,42,4305,42,1,73,75,6,1,,1,1,10.6,10,,2,1,1971-04-17,02
71LA02505,71,1,5771,4,14,142,3445,42,4,47,2,20,,3,02,,1,98,5,,0,3,,,40,,,1,2,42,3946,42,1,63,14,1,1, 7,1,1,12.2,10,,1,1,1971-04-08,02
71LA02506,71,2,,0,78,782,3447,42,4,,2,20,,1,02,,1,121,1,,0,4,21,1,,677942,+,,2,42,4301,42,1,0,78,6,0,,1,1,11.0,5,,1,1,1971-05-01,02
71LA02507,71,2,,0,74,741,3449,42,4,,2,20,,1,02,,1,98,0,,0,0,,0,,,,,2,42,3788,42,1,0,74,6,0,,1,1,4.4,0,,1,1,1971-04-08,02
71LA02508,71,2,6534,4,75,751,3450,42,4,,2,20,,1,02,,1,113,8,,0,4,,,,,,3,2,42,4305,42,1,82,75,6,1,,1,2,11.8,10,,1,1,1971-04-23,02
71LA02509,71,2,6550,4,75,751,3450,42,4,,2,20,,1,02,,1,113,8,,0,4,,,,,&,,2,42,4305,42,0,85,75,6,1,,0,0,9.3,5,,1,2,1971-04-23,02
71LA02510,71,1,6245,4,75,752,3454,42,4,,2,20,,1,02,,1,109,8,,0,4,,,,,,2,2,42,4395,42,1,67,75,6,1,,1,2,9.0,10,,2,1,1971-04-19,02
71LA02511,71,1,6246,4,75,752,3454,42,4,,2,20,,1,02,,1,109,8,,0,4,,,,,,1,2,42,4395,42,0,73,75,6,1,,0,0,8.0,10,,2,2,1971-04-19,02
71LA02512,71,2,6133,4,73,730,3455,42,4,,2,20,,1,02,,1,108,5,,0,5,,,,,,2,2,42,3860,42,1,85,73,6,1,,1,1,11.8,10,,2,1,1971-04-18,02
71LA02513,71,1,6724,4,76,761,3459,42,4,,2,20,,1,02,,1,116,5,,0,4,,,,,,3,2,42,3963,42,1,77,76,6,1,,1,1,12.8,10,,2,1,1971-04-26,02
71LA02514,71,1,6628,4,78,781,3467,42,4,,2,20,,1,02,,1,114,5,,0,4,,,,,,3,2,42,4414,42,1,83,78,6,1,,1,1,11.2,10,,2,1,1971-04-24,02
71LA02515,71,2,6268,4,78,782,3468,42,4,,2,20,,1,02,,1,110,5,,0,5,,,,,,2,2,42,4301,42,1,83,78,6,1,,1,1,13.2,10,,2,1,1971-04-20,02
71LA02516,71,2,6561,4,74,740,3477,42,4,,2,20,,1,02,,1,114,5,,0,4,,,,,,3,2,42,3553,42,1,73,74,6,1,,1,1,10.6,10,,2,1,1971-04-24,02
71LA02517,71,1,6765,4,76,760,3480,42,4,,2,20,,1,02,,1,117,8,,0,3,,,,,,3,2,42,3730,42,1,86,76,6,1,,1,2,9.8,10,,1,1,1971-04-27,02
71LA02518,71,1,6766,4,76,760,3480,42,4,,2,20,,1,02,,1,117,8,,0,3,,,,,,3,2,42,3730,42,0,50,76,6,1,,0,0,7.4,10,,1,2,1971-04-27,02
71LA02519,71,1,5949,4,72,802,3487,42,4,,2,20,,1,02,,1,105,5,,0,3,,,,,,2,2,42,3984,42,1,68,72,3,1,,1,1,7.8,10,,2,1,1971-04-15,02
71LA02520,71,1,6159,4,75,750,3488,42,4,,2,20,,1,02,,1,108,5,,0,4,,,,,,2,2,42,3610,42,1,100,75,6,1,,1,1,12.8,10,,2,1,1971-04-18,02
71LA02521,71,1,6577,4,72,812,3491,42,4,,2,20,,1,02,,1,114,8,,0,3,,,,,,3,2,42,3407,42,1,85,72,3,1,,1,2,9.0,10,,2,1,1971-04-24,02
71LA02522,71,2,6578,4,72,812,3491,42,4,,2,20,,1,02,,1,114,8,,0,3,,,,,&,,2,42,3407,42,0,76,72,3,1,,0,0,8.0,5,,2,2,1971-04-24,02
71LA02523,71,2,6626,4,72,822,3499,42,4,,2,20,,1,02,,1,114,5,,0,4,,,,,,3,2,42,3474,42,1,83,72,3,1,,1,1,11.4,10,,1,1,1971-04-24,02
71LA02524,71,2,6513,4,07,072,3507,42,4,39,2,20,,1,02,,1,113,5,,0,2,,,26,,,6,2,42,3320,42,1,66,07,1,1, 6,1,1,8.8,10,,1,1,1971-04-23,02
71LA02525,71,2,6905,4,77,771,3513,42,4,,2,20,,1,02,,3,123,5,,0,4,,,,,,3,2,42,3932,42,1,69,77,6,1,,1,1,11.2,10,,1,1,1971-05-03,02
71LA02526,71,2,6761,4,73,731,3514,42,4,,2,20,,1,02,,1,117,5,,0,4,,,,,,3,2,42,4146,42,1,74,73,6,1,,1,1,12.0,10,,1,1,1971-04-27,02
71LA02527,71,1,5804,4,70,701,3519,42,4,,2,20,,1,02,,1,102,5,,111,2,,6,,,,,2,42,3660,42,1,0,70,2,1,,1,1,5.0,0,,1,1,1971-04-12,02
71LA02528,71,1,6093,4,70,702,3522,42,4,,2,20,,1,02,,1,107,5,,0,3,,,,,,2,2,42,4337,42,1,93,70,2,1,,1,1,10.4,10,90,2,1,1971-04-17,02
71LA02529,71,,,0,72,832,3529,42,4,,2,20,,,02,,,145,,,0,,,,,,,,2,42,3440,42,0,0,72,3,0,,0,0,0.0,0,,2,1,1971-05-25,02
71LA02530,71,1,5941,4,74,741,3531,42,4,,2,20,,1,02,,1,104,8,,0,4,,,,,,2,2,42,3788,42,1,80,74,6,1,,1,2,12.4,10,,2,1,1971-04-14,02
71LA02531,71,2,5942,4,74,741,3531,42,4,,2,20,,1,02,,1,104,8,,0,4,,,,,,2,2,42,3788,42,0,65,74,6,1,,0,0,10.0,10,,2,2,1971-04-14,02
71LA02532,71,1,6560,4,74,742,3533,42,4,,2,20,,1,02,,1,114,5,,0,5,,,,,,3,2,42,4176,42,1,98,74,6,1,,1,1,16.0,10,,2,1,1971-04-24,02
71LA02533,71,1,6821,4,74,740,3534,42,4,,2,20,,1,02,,1,119,5,,0,4,,,,,,3,2,42,3553,42,1,83,74,6,1,,1,1,15.2,10,,1,1,1971-04-29,02
71LA02534,71,2,6622,4,07,072,3539,42,4,38,2,20,,1,02,,1,114,5,,0,4,,,31,,,1,2,42,3320,42,1,59,07,1,1, 7,1,1,11.4,10,,1,1,1971-04-24,02
71LA02535,71,1,6340,4,74,740,3540,42,4,,2,20,,1,02,,6,111,5,,0,4,,,,,,2,2,42,3553,42,1,71,74,6,1,,1,1,10.2,10,,2,1,1971-04-21,02
71LA02536,71,2,6642,4,75,750,3545,42,4,,2,20,,1,02,,2,115,8,,0,3,,,,,,3,2,42,3610,42,1,53,75,6,1,,1,2,7.8,10,,1,1,1971-04-25,02
71LA02537,71,1,6643,4,75,750,3545,42,4,,2,20,,1,02,,1,115,8,,0,3,,6,,,,,2,42,3610,42,0,0,75,6,1,,0,0,7.6,0,,1,2,1971-04-25,02
71LA02538,71,,,0,73,732,3547,42,4,,2,20,,,02,,,145,,,0,,,,,,,,2,42,4076,42,1,0,73,6,0,,0,0,0.0,0,,1,1,1971-05-25,02
71LA02539,71,2,6452,4,78,780,3548,42,4,,2,20,,1,02,,1,112,8,,0,2,,,,,,2,2,42,4186,42,1,83,78,6,1,,1,2,10.8,10,,1,1,1971-04-22,02
71LA02540,71,2,6453,4,78,780,3548,42,4,,2,20,,1,02,,3,112,8,,0,2,,,,,&,,2,42,4186,42,0,82,78,6,1,,0,0,7.8,5,,1,2,1971-04-22,02
71LA02541,71,2,6274,4,14,142,3549,42,4,43,2,20,,1,02,,1,110,5,,0,2,,,41,,,6,2,42,3946,42,1,57,14,1,1, 6,1,1,8.8,10,,1,1,1971-04-20,02
71LA02542,71,2,6531,4,78,781,3556,42,4,,2,20,,1,02,,1,113,5,,0,5,,,,,,3,2,42,4414,42,1,78,78,6,1,,1,1,10.8,10,,1,1,1971-04-23,02
71LA02543,71,2,,0,72,842,3570,42,4,,2,20,,1,02,,1,120,1,,0,2,,1,,,,,2,42,4113,42,1,0,72,3,0,,1,1,8.8,0,,1,1,1971-04-30,02
71LA02544,71,,,0,72,852,3571,42,4,,2,20,,,02,,,133,,,0,,,,,,,,2,42,3619,42,1,0,72,3,0,,0,0,0.0,0,,2,1,1971-05-13,02
71LA02545,71,1,6257,4,78,782,3576,42,4,,2,20,,1,02,,1,110,5,,0,4,,,,,,2,2,42,4301,42,1,98,78,6,1,,1,1,13.2,10,,1,1,1971-04-20,02
71LA02546,71,2,6427,4,78,781,3583,42,4,,2,20,,1,02,,1,112,8,,0,4,,,,,,2,2,42,4414,42,1,54,78,6,1,,1,2,10.8,10,,2,1,1971-04-22,02
71LA02547,71,2,6428,4,78,781,3583,42,4,,2,20,,1,02,,1,112,8,,0,4,,,,,,2,2,42,4414,42,0,58,78,6,1,,0,0,9.6,10,,2,2,1971-04-22,02
71LA02548,71,1,6740,4,74,741,3586,42,4,,2,20,,1,02,,1,117,5,,0,4,,,,,,3,2,42,3788,42,1,61,74,6,1,,1,1,10.8,10,,1,1,1971-04-27,02
71LA02549,71,2,6924,4,76,762,3591,42,4,,2,20,,1,02,,1,132,5,,0,4,,,,,,3,2,42,3466,42,1,66,76,6,1,,1,1,10.0,10,,2,1,1971-05-12,02
71LA02550,71,,,0,70,701,3596,42,4,,2,20,,,02,,,133,,,0,,,,,,,,2,42,3660,42,1,0,70,2,0,,0,0,0.0,0,,2,1,1971-05-13,02
71LA02551,71,1,6749,4,70,702,3598,42,4,,2,20,,1,02,,1,117,5,,0,3,,,,,,3,2,42,4337,42,1,61,70,2,1,,1,1,8.2,10,,1,1,1971-04-27,02
71LA02552,71,2,5966,4,77,772,3611,42,4,,2,20,,1,02,,1,105,8,,0,2,,,,,,2,2,42,5277,42,1,76,77,6,1,,1,2,7.4,10,,2,1,1971-04-15,02
71LA02553,71,2,5967,4,77,772,3611,42,4,,2,20,,1,02,,1,105,8,,110,2,,6,,,,,2,42,5277,42,0,0,77,6,1,,0,0,7.6,0,,2,2,1971-04-15,02
71LA02554,71,1,6084,4,72,862,3620,42,4,,2,20,,1,02,,1,107,5,,0,4,,,,,,2,2,42,3867,42,1,87,72,3,1,,1,1,12.4,10,,1,1,1971-04-17,02
71LA02555,71,1,6925,4,74,742,3624,42,4,,2,20,,1,02,,1,128,5,,0,5,,,,,,3,2,42,4176,42,1,82,74,6,1,,1,1,13.0,10,,1,1,1971-05-08,02
71LA02556,71,1,5752,4,03,032,3630,42,4,39,2,20,,1,02,,1,91,5,,0,2,16,,31,,,1,2,42,3342,42,1,75,03,1,1, 6,1,1,8.8,10,,1,1,1971-04-01,02
71LA02557,71,2,5913,4,72,872,3631,42,4,,2,20,,1,02,,1,104,5,,0,4,,,,,,2,2,42,3584,42,1,91,72,3,1,,1,1,13.2,10,,2,1,1971-04-14,02
71LA02558,71,2,6833,4,78,782,3632,42,4,,2,20,,1,02,,1,119,8,,0,3,,,,,,3,2,42,4301,42,1,68,78,6,1,,1,2,8.4,10,,2,1,1971-04-29,02
71LA02559,71,2,6834,4,78,782,3632,42,4,,2,20,,1,02,,1,119,8,,0,3,,,,,,3,2,42,4301,42,0,60,78,6,1,,0,0,8.8,10,,2,2,1971-04-29,02
71LA02560,71,1,6773,4,70,702,3634,42,4,,2,20,,1,02,,1,118,5,,0,3,,,,,,3,2,42,4337,42,1,97,70,2,1,,1,1,11.0,10,,2,1,1971-04-28,02
71LA02561,71,1,6707,4,75,750,3642,42,4,,2,20,,1,02,,1,116,5,,0,3,,,,,,3,2,42,3610,42,1,84,75,6,1,,1,1,11.4,10,,2,1,1971-04-26,02
71LA02562,71,2,6558,4,73,730,3650,42,4,,2,20,,1,02,,1,114,8,,0,0,,,,,&,,2,42,3860,42,0,88,73,6,1,,0,0,9.0,5,,1,2,1971-04-24,02
71LA02563,71,2,6557,4,73,730,3650,42,4,,2,20,,1,02,,1,114,8,,0,0,33,,,,&,,2,42,3860,42,1,74,73,6,1,,1,2,8.6,5,,1,1,1971-04-24,02
71LA02564,71,2,6701,4,70,700,3665,42,4,,2,20,,2,02,,1,116,5,,0,5,,,,,,3,2,42,3431,42,1,74,70,2,1,,1,1,10.2,10,,1,1,1971-04-26,02
71LA02565,71,2,6193,4,73,731,3682,42,4,,2,20,,1,02,,1,109,5,,0,3,,,,,,2,2,42,4146,42,1,72,73,6,1,,1,1,10.2,10,,2,1,1971-04-19,02
71LA02566,71,1,5827,4,78,780,3684,42,4,,2,20,,1,02,,1,102,5,,0,4,,,,,,2,2,42,4186,42,1,102,78,6,1,,1,1,12.8,10,,2,1,1971-04-12,02
71LA02567,71,1,6145,4,78,782,3690,42,4,,2,20,,1,02,,1,108,5,,0,4,,,,,,2,2,42,4301,42,1,87,78,6,1,,1,1,13.0,10,,1,1,1971-04-18,02
71LA02568,71,2,6100,4,77,770,3707,42,4,,2,20,,1,02,,1,107,5,,0,4,,,,,,2,2,42,3674,42,1,91,77,6,1,,1,1,13.6,10,,1,1,1971-04-17,02
71LA02569,71,2,6323,4,75,751,3714,42,4,,2,20,,1,02,,1,111,5,,0,5,,,,,,2,2,42,4305,42,1,80,75,6,1,,1,1,13.2,10,,2,1,1971-04-21,02
71LA02570,71,2,6293,4,73,732,3717,42,4,,2,20,,1,02,,1,110,5,,0,4,,,,,,2,2,42,4076,42,1,70,73,6,1,,1,1,9.0,10,,2,1,1971-04-20,02
71LA02571,71,1,6429,4,75,752,3719,42,4,,2,20,,1,02,,1,112,5,,0,4,,,,,,2,2,42,4395,42,1,94,75,6,1,,1,1,12.8,10,,1,1,1971-04-22,02
71LA02572,71,2,6335,4,78,781,3721,42,4,,2,20,,1,02,,1,111,5,,0,4,,,,,,2,2,42,4414,42,1,65,78,6,1,,1,1,9.2,10,,1,1,1971-04-21,02
71LA02573,71,2,,0,78,780,3728,42,4,,2,20,,1,02,,1,103,4,,0,3,,1,,,,,2,42,4186,42,1,0,78,6,0,,1,2,5.0,0,,1,1,1971-04-13,02
71LA02574,71,2,,0,78,780,3728,42,4,,2,20,,1,02,,1,103,4,,0,3,,1,,,,,2,42,4186,42,0,0,78,6,0,,0,0,6.2,0,,1,2,1971-04-13,02
71LA02575,71,2,6699,4,78,780,3740,42,4,,2,20,,1,02,,3,116,5,,0,4,,,,,,3,2,42,4186,42,1,83,78,6,1,,1,1,11.4,10,,2,1,1971-04-26,02
71LA02576,71,2,6149,4,74,742,3741,42,4,,2,20,,1,02,,1,108,9,,0,4,,,,174542,-,2,2,42,4176,42,1,73,74,6,1,,1,3,8.6,5,,2,1,1971-04-18,02
71LA02577,71,1,6150,4,74,742,3741,42,4,,2,20,,1,02,,1,108,9,,140,4,,6,,,,,2,42,4176,42,0,0,74,6,1,,0,0,10.8,0,,2,2,1971-04-18,02
71LA02578,71,2,6151,4,74,742,3741,42,4,,2,20,,1,02,,1,108,9,,0,4,,,,,,2,2,42,4176,42,0,74,74,6,1,,0,0,10.0,10,,2,3,1971-04-18,02
71LA02579,71,1,5900,4,73,730,3743,42,4,,2,20,,1,02,,1,104,5,,0,4,,,,,,2,2,42,3860,42,1,87,73,6,1,,1,1,10.4,10,,2,1,1971-04-14,02
71LA02580,71,1,6630,4,77,772,3750,42,4,,2,20,,1,02,,1,115,5,,0,4,,,,,,3,2,42,5277,42,1,88,77,6,1,,1,1,11.8,10,,1,1,1971-04-25,02
71LA02581,71,1,5789,4,07,072,3757,42,4,38,2,20,,1,02,,1,101,5,,0,4,,,31,,,6,2,42,3320,42,1,86,07,1,1, 6,1,1,11.8,10,59,1,1,1971-04-11,02
71LA02582,71,2,5927,4,07,072,3763,42,4,40,2,20,,1,02,,1,104,5,,0,4,,6,36,,,,2,42,3320,42,1,0,07,1,1, 7,1,1,10.8,0,,1,1,1971-04-14,02
71LA02583,71,2,6706,4,14,142,3768,42,4,43,2,20,,1,02,,1,116,5,,0,4,,,41,,,1,2,42,3946,42,1,56,14,1,1, 7,1,1,10.4,10,,1,1,1971-04-26,02
71LA02584,71,2,6714,4,78,781,3775,42,4,,2,20,,1,02,,1,116,5,,0,4,,,,,,3,2,42,4414,42,1,84,78,6,1,,1,1,11.0,10,,2,1,1971-04-26,02
71LA02585,71,2,5802,4,70,700,3778,42,4,,2,20,,1,02,,1,102,5,,0,4,,,,,,2,2,42,3431,42,1,68,70,2,1,,1,1,10.8,10,,2,1,1971-04-12,02
71LA02586,71,1,6190,4,70,700,3779,42,4,,2,20,,1,02,,1,109,8,,0,4,,,,,,2,2,42,3431,42,1,85,70,2,1,,1,2,10.0,10,,1,1,1971-04-19,02
71LA02587,71,1,6191,4,70,700,3779,42,4,,2,20,,1,02,,1,109,8,,0,4,,6,,,,,2,42,3431,42,0,0,70,2,1,,0,0,8.8,0,,1,2,1971-04-19,02
71LA02588,71,2,6035,4,74,740,3781,42,4,,2,20,,1,02,,1,106,5,,0,5,,,,,,2,2,42,3553,42,1,80,74,6,1,,1,1,11.8,10,,1,1,1971-04-16,02
71LA02589,71,2,6758,4,75,752,3784,42,4,,2,20,,1,02,,1,117,5,,0,4,,,,,,3,2,42,4395,42,1,75,75,6,1,,1,1,11.4,10,,2,1,1971-04-27,02
71LA02590,71,1,,0,72,882,3793,42,4,,2,20,,1,02,,1,113,1,,0,4,,1,,614018,+,,2,42,4416,42,1,0,72,3,0,,1,1,12.0,5,,1,1,1971-04-23,02
71LA02591,71,1,6413,4,73,731,3801,42,4,,2,20,,1,02,,1,112,5,,0,5,,,,,,2,2,42,4146,42,1,81,73,6,1,,1,1,12.8,10,,1,1,1971-04-22,02
71LA02592,71,2,6902,4,77,771,3809,42,4,,2,20,,1,02,,1,122,5,,0,4,,,,,,3,2,42,3932,42,1,73,77,6,1,,1,1,9.2,10,,2,1,1971-05-02,02
71LA02593,71,1,5937,4,77,770,3810,42,4,,2,20,,1,02,,1,104,8,,119,4,,6,,,,,2,42,3674,42,1,0,77,6,1,,1,2,10.4,0,,2,1,1971-04-14,02
71LA02594,71,2,5938,4,77,770,3810,42,4,,2,20,,1,02,,1,104,8,,123,4,,6,,,,,2,42,3674,42,0,0,77,6,1,,0,0,9.0,0,,2,2,1971-04-14,02
71LA02595,71,2,6448,4,76,761,3812,42,4,,2,20,,1,02,,1,112,8,,0,2,,,,,,2,2,42,3963,42,1,64,76,6,1,,1,2,10.2,10,,1,1,1971-04-22,02
71LA02596,71,2,6449,4,76,761,3812,42,4,,2,20,,1,02,,1,112,8,,0,2,,,,868361,-,1,2,42,3963,42,0,73,76,6,1,,0,0,8.4,5,,1,2,1971-04-22,02
71LA02597,71,2,6689,4,70,701,3816,42,4,,2,20,,3,02,,1,116,5,,0,4,,,,,,3,2,42,3660,42,1,74,70,2,1,,1,1,11.0,10,,1,1,1971-04-26,02
71LA02598,71,2,5814,4,73,732,3818,42,4,,2,20,,1,02,,1,102,8,,0,4,,,,,,2,2,42,4076,42,1,73,73,6,1,,1,2,8.6,10,,1,1,1971-04-12,02
71LA02599,71,1,5815,4,73,732,3818,42,4,,2,20,,1,02,,1,102,8,,0,4,,,,,,2,2,42,4076,42,0,81,73,6,1,,0,0,9.6,10,,1,2,1971-04-12,02
71LA02600,71,1,6600,4,73,730,3822,42,4,,2,20,,1,02,,2,114,5,,140,4,,6,,,,,2,42,3860,42,1,0,73,6,1,,1,1,10.6,0,,1,1,1971-04-24,02
71LA02601,71,2,6294,4,75,750,3825,42,4,,2,20,,1,02,,1,110,8,,0,3,,,,,,2,2,42,3610,42,1,101,75,6,1,,1,2,9.0,10,,1,1,1971-04-20,02
71LA02602,71,2,6295,4,75,750,3825,42,4,,2,20,,1,02,,1,110,8,,0,3,,,,,,2,2,42,3610,42,0,79,75,6,1,,0,0,8.8,10,,1,2,1971-04-20,02
71LA02603,71,2,6220,4,75,750,3826,42,4,,2,20,,1,02,,1,109,8,,111,2,,6,,105942,-,,2,42,3610,42,0,0,75,6,1,,0,0,8.6,0,,2,2,1971-04-19,02
71LA02604,71,1,6219,4,75,750,3826,42,4,,2,20,,1,02,,1,109,8,,116,2,23,6,,,,,2,42,3610,42,1,0,75,6,1,,1,2,10.4,0,,2,1,1971-04-19,02
71LA02605,71,2,6824,4,77,772,3827,42,4,,2,20,,1,02,,1,119,5,,0,4,,,,,,3,2,42,5277,42,1,75,77,6,1,,1,1,11.4,10,,2,1,1971-04-29,02
71LA02606,71,2,5964,4,73,731,3830,42,4,,2,20,,1,02,,1,105,5,,0,4,,,,,,2,2,42,4146,42,1,79,73,6,1,,1,1,11.6,10,,2,1,1971-04-15,02
71LA02607,71,1,6768,4,75,751,3834,42,4,,2,20,,1,02,,1,117,8,,0,3,,,,,,3,2,42,4305,42,1,61,75,6,1,,1,2,8.4,10,,1,1,1971-04-27,02
71LA02608,71,1,6769,4,75,751,3834,42,4,,2,20,,1,02,,1,117,8,,0,3,,,,,,3,2,42,4305,42,0,58,75,6,1,,0,0,8.6,10,,1,2,1971-04-27,02
71LA02609,71,2,6491,4,72,892,3836,42,4,,2,20,,3,02,,1,113,8,,0,2,,,,,,3,2,42,4399,42,1,74,72,3,1,,1,2,7.0,10,,1,1,1971-04-23,02
71LA02610,71,1,6492,4,72,892,3836,42,4,,2,20,,3,02,,1,113,8,,0,2,,,,,&,,2,42,4399,42,0,90,72,3,1,,0,0,6.8,5,,1,2,1971-04-23,02
71LA02611,71,1,6601,4,76,760,3842,42,4,,2,20,,1,02,,1,114,5,,0,4,,,,,,3,2,42,3730,42,1,86,76,6,1,,1,1,10.8,10,,2,1,1971-04-24,02
71LA02612,71,,,0,72,902,3851,42,4,,2,20,,,02,1,,0,,,0,,,,,,,,2,42,4237,42,1,0,72,3,0,,0,0,0.0,0,,2,1,,02
71LA02613,71,2,8134,9,00,902,3851,42,4,,2,20,,5,50,2,1,143,8,,0,3,,,,,,3,2,90,0000,98,1,48,72,0,1,,1,2,8.0,10,,2,1,1971-05-23,02
71LA02614,71,2,8135,9,00,902,3851,42,4,,2,20,,5,50,2,1,143,8,,0,3,,,,,,3,2,90,0000,98,0,50,72,0,1,,0,0,7.6,10,,2,2,1971-05-23,02
71LA02615,71,1,5797,4,74,740,3853,42,4,,2,20,,1,02,,1,101,5,,0,5,,,,,,2,2,42,3553,42,1,102,74,6,1,,1,1,12.6,10,,2,1,1971-04-11,02
71LA02616,71,2,5882,4,73,732,3862,42,4,,2,20,,1,02,,1,103,8,,0,4,,,,,,2,2,42,4076,42,1,63,73,6,1,,1,2,9.4,10,,2,1,1971-04-13,02
71LA02617,71,1,5883,4,73,732,3862,42,4,,2,20,,1,02,,1,103,8,,0,4,,,,,,2,2,42,4076,42,0,81,73,6,1,,0,0,10.4,10,,2,2,1971-04-13,02
71LA02618,71,1,6458,4,76,762,3868,42,4,,2,20,,1,02,,1,112,5,,0,4,,,,,,2,2,42,3466,42,1,75,76,6,1,,1,1,10.4,10,,1,1,1971-04-22,02
71LA02619,71,1,6226,4,72,912,3872,42,4,,2,20,,1,02,,1,109,5,,0,4,,,,,,2,2,42,3592,42,1,92,72,3,1,,1,1,10.6,10,,2,1,1971-04-19,02
71LA02620,71,2,5796,4,72,922,3877,42,4,,2,20,,1,02,,1,101,5,,0,4,,,,,,2,2,42,3652,42,1,77,72,3,1,,1,1,8.8,10,,1,1,1971-04-11,02
71LA02621,71,2,6936,4,77,771,3923,42,4,,2,20,,1,02,,1,136,5,,152,4,,6,,,,,2,42,3932,42,1,0,77,6,1,,1,1,12.4,0,,1,1,1971-05-16,02
71LA02622,71,,,0,77,772,3924,42,4,,2,20,,,02,1,,0,,,0,,,,,,,,2,42,5277,42,1,0,77,6,0,,0,0,0.0,0,,1,1,,02
71LA02623,71,2,8084,9,00,772,3924,42,4,,2,20,,5,50,2,1,132,5,,0,2,,6,,,,,2,90,0000,98,1,0,77,0,1,,1,1,10.2,0,,1,1,1971-05-12,02
71LA02624,71,2,6436,4,78,782,3927,42,4,,2,20,,1,02,,1,112,5,,0,5,,,,,,2,2,42,4301,42,1,84,78,6,1,,1,1,11.2,10,,2,1,1971-04-22,02
71LA02625,71,,,0,76,760,3942,42,4,,2,20,,,02,1,,0,,,0,,,,,,,,2,42,3730,42,1,0,76,6,0,,0,0,0.0,0,,1,1,,02
71LA02626,71,2,8117,9,00,760,3942,42,4,,2,20,,5,50,2,1,141,5,,0,4,,,,,,3,2,90,0000,98,1,57,76,0,1,,1,1,10.2,10,,1,1,1971-05-21,02
71LA02627,71,1,5772,4,08,082,3948,42,4,31,2,20,,1,02,,1,98,5,,0,4,,,26,,,6,2,42,3029,42,1,58,08,1,1, 6,1,1,9.4,10,,1,1,1971-04-08,02
71LA02628,71,1,6627,4,08,082,3949,42,4,31,2,20,,1,02,,1,114,5,,0,3,,,26,,,1,2,42,3029,42,1,59,08,1,1, 7,1,1,8.4,10,03,1,1,1971-04-24,02
71LA02629,71,1,6878,4,76,761,3950,42,4,,2,20,,1,02,,1,121,5,,0,5,,,,,,3,2,42,3963,42,1,85,76,6,1,,1,1,11.4,10,,2,1,1971-05-01,02
71LA02630,71,1,5891,4,77,770,3957,42,4,,2,20,,1,02,,1,104,8,,0,4,,,,,,2,2,42,3674,42,1,97,77,6,1,,1,2,11.0,10,,1,1,1971-04-14,02
71LA02631,71,1,5892,4,77,770,3957,42,4,,2,20,,1,02,,1,104,8,,0,4,,,,,,2,2,42,3674,42,0,67,77,6,1,,0,0,9.6,10,,1,2,1971-04-14,02
71LA02632,71,1,6370,4,77,770,3982,42,4,,2,20,,1,02,,1,111,8,,0,4,,,,,,2,2,42,3674,42,1,66,77,6,1,,1,2,8.4,10,,2,1,1971-04-21,02
71LA02633,71,1,6371,4,77,770,3982,42,4,,2,20,,1,02,,1,111,8,,0,4,,,,,,2,2,42,3674,42,0,72,77,6,1,,0,0,9.0,10,,2,2,1971-04-21,02
71LA02634,71,2,5992,4,76,762,3990,42,4,,2,20,,1,02,,1,105,5,,0,5,,6,,,,,2,42,3466,42,1,0,76,6,1,,1,1,11.5,0,,2,1,1971-04-15,02
71LA02635,71,1,5876,4,75,751,3991,42,4,,2,20,,1,02,,1,103,8,,0,3,,,,,&,,2,42,4305,42,1,113,75,6,1,,1,2,8.6,5,,2,1,1971-04-13,02
71LA02636,71,2,5877,4,75,751,3991,42,4,,2,20,,3,02,,1,103,8,,119,3,,6,,,,,2,42,4305,42,0,0,75,6,1,,0,0,8.0,0,,2,2,1971-04-13,02
71LA02637,71,1,6267,4,75,752,3996,42,4,,2,20,,1,02,,1,110,5,,0,3,,6,,,,,2,42,4395,42,1,0,75,6,1,,1,1,9.6,0,,1,1,1971-04-20,02
71LA02638,71,1,6929,4,75,750,4002,42,4,,2,20,,1,02,,1,129,5,,0,4,,,,,,3,2,42,3610,42,1,84,75,6,1,,1,1,12.2,10,,1,1,1971-05-09,02
71LA02639,71,1,6722,4,77,771,4009,42,4,,2,20,,1,02,,1,116,5,,0,4,,,,,,3,2,42,3932,42,1,97,77,6,1,,1,1,10.8,10,,2,1,1971-04-26,02
71LA02640,71,1,6085,4,70,702,4016,42,4,,2,20,,1,02,,1,107,8,,160,4,,6,,,,,2,42,4337,42,1,0,70,2,1,,1,2,8.0,0,,1,1,1971-04-17,02
71LA02641,71,1,6086,4,70,702,4016,42,4,,2,20,,1,02,,3,107,8,,0,4,,,,,&,,2,42,4337,42,0,79,70,2,1,,0,0,7.2,5,,1,2,1971-04-17,02
71LA02642,71,2,6637,4,72,932,4018,42,4,,2,20,,1,02,,1,115,5,,0,4,,,,,,,2,42,3629,42,1,68,72,3,1,,1,1,9.8,10,,1,1,1971-04-25,02
71LA02643,71,,,0,75,751,4020,42,4,,2,20,,,02,,,133,,,0,,,,,,,,2,42,4305,42,1,0,75,6,0,,0,0,0.0,0,,1,1,1971-05-13,02
71LA02644,71,2,6621,4,73,730,4024,42,4,,2,20,,1,02,,3,114,5,,0,4,,,,,,3,2,42,3860,42,1,68,73,6,1,,1,1,10.8,10,,2,1,1971-04-24,02
71LA02645,71,1,6792,4,75,752,4026,42,4,,2,20,,1,02,,1,118,5,,0,4,,,,,,3,2,42,4395,42,1,76,75,6,1,,1,1,12.4,10,,2,1,1971-04-28,02
71LA02646,71,2,6067,4,76,761,4030,42,4,,2,20,,1,02,,1,106,5,,0,2,,,,,,2,2,42,3963,42,1,77,76,6,1,,1,1,7.4,10,,1,1,1971-04-16,02
71LA02647,71,1,6606,4,75,750,4034,42,4,,2,20,,1,02,,1,114,5,,0,5,,6,,,,,2,42,3610,42,1,0,75,6,1,,1,1,13.0,0,,2,1,1971-04-24,02
71LA02648,71,2,6892,4,78,780,4038,42,4,,2,20,,3,02,,1,122,8,,0,4,,,,,,3,2,42,4186,42,1,68,78,6,1,,1,2,10.0,10,,1,1,1971-05-02,02
71LA02649,71,1,6893,4,78,780,4038,42,4,,2,20,,1,02,,3,122,8,,151,4,,6,,,,,2,42,4186,42,0,0,78,6,1,,0,0,10.6,0,,1,2,1971-05-02,02
71LA02650,71,1,5998,4,77,770,4043,42,4,,2,20,,1,02,,1,105,5,,0,3,,,,,,2,2,42,3674,42,1,98,77,6,1,,1,1,12.8,10,,1,1,1971-04-15,02
71LA02651,71,2,5970,4,76,762,4049,42,4,,2,20,,1,02,,1,105,5,,0,5,,,,,,2,2,42,3466,42,1,70,76,6,1,,1,1,12.4,10,,1,1,1971-04-15,02
71LA02652,71,1,6437,4,76,760,4057,42,4,,2,20,,1,02,,1,112,5,,0,4,,,,,,2,2,42,3730,42,1,87,76,6,1,,1,1,13.6,10,,2,1,1971-04-22,02
71LA02653,71,2,6336,4,78,781,4068,42,4,,2,20,,1,02,,1,111,5,,0,4,,,,,,2,2,42,4414,42,1,77,78,6,1,,1,1,12.0,10,,1,1,1971-04-21,02
71LA02654,71,2,6683,4,70,701,4086,42,4,,2,20,,1,02,,1,116,5,,0,4,,,,,,3,2,42,3660,42,1,82,70,2,1,,1,1,9.4,10,,2,1,1971-04-26,02
71LA02655,71,1,6496,4,77,772,4087,42,4,,2,20,,1,02,,1,113,5,,0,4,,,,,,2,2,42,5277,42,1,82,77,6,1,,1,1,13.2,10,,2,1,1971-04-23,02
71LA02656,71,2,5861,4,74,741,4092,42,4,,2,20,,1,02,,1,103,8,,117,2,,6,,,,,2,42,3788,42,1,0,74,6,1,,1,2,8.0,0,,2,1,1971-04-13,02
71LA02657,71,1,5862,4,74,741,4092,42,4,,2,20,,1,02,,1,103,8,,0,2,,,,288410,-,,2,42,3788,42,0,96,74,6,1,,0,0,9.0,5,,2,2,1971-04-13,02
71LA02658,71,2,5805,4,73,731,4095,42,4,,2,20,,1,02,,1,102,5,,0,4,,,,,,2,2,42,4146,42,1,78,73,6,1,,1,1,11.0,10,,1,1,1971-04-12,02
71LA02659,71,1,5810,4,74,742,4110,42,4,,2,20,,1,02,,1,102,7,,0,2,,,,,,2,2,42,4176,42,1,76,74,6,1,,1,2,7.6,10,,1,1,1971-04-12,02
71LA02660,71,2,,0,74,742,4110,42,4,,2,20,,1,02,,1,102,7,,0,2,,1,,,,,2,42,4176,42,0,0,74,6,0,,0,0,6.6,0,,1,2,1971-04-12,02
71LA02661,71,2,6206,4,78,780,4115,42,4,,2,20,,1,02,,1,109,5,,0,2,,,,,,2,2,42,4186,42,1,62,78,6,1,,1,1,8.6,10,,2,1,1971-04-19,02
71LA02662,71,2,6547,4,76,761,4127,42,4,,2,20,,1,02,,2,113,5,,0,3,,,,,,3,2,42,3963,42,1,60,76,6,1,,1,1,12.8,10,,2,1,1971-04-23,02
71LA02663,71,1,6130,4,70,701,4135,42,4,,2,20,,1,02,,1,108,5,,0,3,,,,,,2,2,42,3660,42,1,75,70,2,1,,1,1,9.4,10,,1,1,1971-04-18,02
71LA02664,71,1,6314,4,76,760,4141,42,4,,2,20,,1,02,,1,110,5,,0,5,,,,,,2,2,42,3730,42,1,83,76,6,1,,1,1,11.2,10,,1,1,1971-04-20,02
71LA02665,71,2,6631,4,73,732,4142,42,4,,2,20,,1,02,,1,115,5,,0,4,,6,,,,,2,42,4076,42,1,0,73,6,1,,1,1,10.4,0,,1,1,1971-04-25,02
71LA02666,71,2,6791,4,76,762,4153,42,4,,2,20,,1,02,,1,118,5,,0,5,,,,,,3,2,42,3466,42,1,80,76,6,1,,1,1,12.6,10,,2,1,1971-04-28,02
71LA02667,71,2,5944,4,73,730,4161,42,4,,2,20,,1,02,,1,104,5,,0,4,,,,,,2,2,42,3860,42,1,81,73,6,1,,1,1,14.0,10,,1,1,1971-04-14,02
71LA02668,71,1,5888,4,75,751,4164,42,4,,2,20,,1,02,,1,104,5,,0,3,,,,,,2,2,42,4305,42,1,61,75,6,1,,1,1,10.8,10,,2,1,1971-04-14,02
71LA02669,71,2,6002,4,74,740,4175,42,4,,2,20,,1,02,,1,105,5,,0,4,,,,,,2,2,42,3553,42,1,78,74,6,1,,1,1,11.2,10,03,1,1,1971-04-15,02
71LA02670,71,2,6676,4,78,782,4179,42,4,,2,20,,1,02,,1,115,8,,0,4,,,,,,3,2,42,4301,42,1,70,78,6,1,,1,2,11.0,10,,1,1,1971-04-25,02
71LA02671,71,2,6677,4,78,782,4179,42,4,,2,20,,1,02,,1,115,8,,0,4,,,,,,3,2,42,4301,42,0,48,78,6,1,,0,0,9.0,10,,1,2,1971-04-25,02
71LA02672,71,2,,0,77,771,4182,42,4,,2,20,,1,02,,1,103,0,,0,0,,0,,,,,2,42,3932,42,1,0,77,6,0,,1,1,4.4,0,,1,1,1971-04-13,02
71LA02673,71,2,5990,4,78,781,4187,42,4,,2,20,,1,02,,1,105,5,,0,5,,,,,,2,2,42,4414,42,1,84,78,6,1,,1,1,12.2,10,,2,1,1971-04-15,02
71LA02674,71,1,6069,4,78,782,4189,42,4,,2,20,,1,02,,1,107,5,,111,4,,6,,,,,2,42,4301,42,1,0,78,6,1,,1,1,13.0,0,,2,1,1971-04-17,02
71LA02675,71,2,6446,4,76,761,4199,42,4,,2,20,,1,02,,1,112,8,,0,4,,,,,,2,2,42,3963,42,1,72,76,6,1,,1,2,11.0,10,,1,1,1971-04-22,02
71LA02676,71,2,6447,4,76,761,4199,42,4,,2,20,,1,02,,1,112,8,,0,4,,,,,,2,2,42,3963,42,0,65,76,6,1,,0,0,11.0,10,,1,2,1971-04-22,02
71LA02677,71,2,6271,4,72,942,4203,42,4,,2,20,,1,02,,1,110,5,,0,4,,,,,,2,2,42,3404,42,1,59,72,3,1,,1,1,10.4,10,,1,1,1971-04-20,02
71LA02678,71,1,6315,4,73,731,4210,42,4,,2,20,,1,02,,1,110,8,,0,4,,,,,,2,2,42,4146,42,1,74,73,6,1,,1,2,9.8,10,,2,1,1971-04-20,02
71LA02679,71,1,6316,4,73,731,4210,42,4,,2,20,,1,02,,1,110,8,,138,4,,6,,,,,2,42,4146,42,0,0,73,6,1,,0,0,11.2,0,,2,2,1971-04-20,02
71LA02680,71,1,6467,4,74,741,4213,42,4,,2,20,,3,02,,1,112,5,,0,4,,,,,,2,2,42,3788,42,1,94,74,6,1,,1,1,10.6,10,,1,1,1971-04-22,02
71LA02681,71,2,6678,4,72,952,4215,42,4,,2,20,,1,02,,1,116,5,,0,4,,,,,,3,2,42,4387,42,1,66,72,3,1,,1,1,10.4,10,,2,1,1971-04-26,02
71LA02682,71,2,6354,4,76,760,4216,42,4,,2,20,,1,02,,1,111,8,,0,4,,,,,,2,2,42,3730,42,1,71,76,6,1,,1,2,11.8,10,,2,1,1971-04-21,02
71LA02683,71,1,6355,4,76,760,4216,42,4,,2,20,,1,02,,1,111,8,,0,4,,,,,,2,2,42,3730,42,0,81,76,6,1,,0,0,12.4,10,,2,2,1971-04-21,02
71LA02684,71,2,6926,4,76,761,4217,42,4,,2,20,,1,02,,1,128,5,,0,4,,,,,,3,2,42,3963,42,1,74,76,6,1,,1,1,11.8,10,,2,1,1971-05-08,02
71LA02685,71,2,6934,4,74,741,4221,42,4,,2,20,,1,02,,1,134,5,,0,4,,,,,,3,2,42,3788,42,1,66,74,6,1,,1,1,13.4,10,,2,1,1971-05-14,02
71LA02686,71,2,6254,4,72,962,4227,42,4,,2,20,,1,02,,1,110,5,,0,4,,,,,,2,2,42,4140,42,1,70,72,3,1,,1,1,9.0,10,,1,1,1971-04-20,02
71LA02687,71,2,6498,4,72,972,4232,42,4,,2,20,,1,02,,1,113,5,,0,4,,,,,,3,2,42,3735,42,1,70,72,3,1,,1,1,11.6,10,,2,1,1971-04-23,02
71LA02688,71,2,6672,4,70,700,4233,42,4,,2,20,,1,02,,1,115,8,,0,3,,,,173042,-,3,2,42,3431,42,1,69,70,2,1,,1,2,9.4,5,,2,1,1971-04-25,02
71LA02689,71,2,6673,4,70,700,4233,42,4,,2,20,,1,02,,1,115,8,,0,3,,,,,,3,2,42,3431,42,0,70,70,2,1,,0,0,10.2,10,,2,2,1971-04-25,02
71LA02690,71,1,6883,4,76,762,4235,42,4,,2,20,,1,02,,1,121,5,,0,4,,6,,,,,2,42,3466,42,1,0,76,6,1,,1,1,11.2,0,,1,1,1971-05-01,02
71LA02691,71,1,5850,4,72,982,4238,42,4,,2,20,,1,02,,2,103,5,,0,4,,,,,,2,2,42,4339,42,1,73,72,3,1,,1,1,11.0,10,,1,1,1971-04-13,02
71LA02692,71,2,6234,4,70,702,4245,42,4,,2,20,,1,02,,1,109,8,,0,4,,,,,,2,2,42,4337,42,1,70,70,2,1,,1,2,11.6,10,,2,1,1971-04-19,02
71LA02693,71,1,6235,4,70,702,4245,42,4,,2,20,,1,02,,1,109,8,,0,4,,,,,,2,2,42,4337,42,0,69,70,2,1,,0,0,10.8,10,,2,2,1971-04-19,02
71LA02694,71,2,6310,4,75,752,4247,42,4,,2,20,,1,02,,1,110,8,,0,3,,,,910014,-,1,2,42,4395,42,1,78,75,6,1,,1,2,9.8,5,,1,1,1971-04-20,02
71LA02695,71,2,6311,4,75,752,4247,42,4,,2,20,,2,02,,1,110,8,,0,3,,,,,,2,2,42,4395,42,0,72,75,6,1,,0,0,9.0,10,,1,2,1971-04-20,02
71LA02696,71,1,5916,4,73,732,4248,42,4,,2,20,,1,02,,1,104,5,,0,4,,,,,,2,2,42,4076,42,1,91,73,6,1,,1,1,12.0,10,,2,1,1971-04-14,02
71LA02697,71,2,6472,4,70,700,4254,42,4,,2,20,,1,02,,1,112,5,,0,3,,,,,,2,2,42,3431,42,1,78,70,2,1,,1,1,10.0,10,,1,1,1971-04-22,02
71LA02698,71,2,,0,76,760,4258,42,4,,2,20,,1,02,,1,111,4,,0,3,,1,,,,,2,42,3730,42,0,0,76,6,0,,0,0,10.0,0,,1,2,1971-04-21,02
71LA02699,71,1,,0,76,760,4258,42,4,,2,20,,1,02,,1,111,4,,0,3,23,1,,,,,2,42,3730,42,1,0,76,6,0,,1,2,11.0,0,,1,1,1971-04-21,02
71LA02700,71,2,6913,4,74,742,4260,42,4,,2,20,,1,02,,1,124,5,,0,5,,,,,,3,2,42,4176,42,1,70,74,6,1,,1,1,10.0,10,21,2,1,1971-05-04,02
71LA02701,71,2,,0,72,992,4263,42,4,,2,20,,1,02,,1,101,0,,0,0,,0,,,,,2,42,3370,42,1,0,72,3,0,,1,1,4.4,0,,2,1,1971-04-11,02
71LA02702,71,2,6886,4,73,730,4266,42,4,,2,20,,1,02,,1,121,5,,0,4,,6,,,,,2,42,3860,42,1,0,73,6,1,,1,1,13.8,0,,2,1,1971-05-01,02
71LA02703,71,2,5867,4,73,732,4267,42,4,,2,20,,1,02,,1,103,5,,0,4,,,,,,2,2,42,4076,42,1,71,73,6,1,,1,1,11.6,10,,1,1,1971-04-13,02
71LA02704,71,2,5824,4,73,731,4269,42,4,,2,20,,1,02,,1,102,8,,0,3,,,,,,2,2,42,4146,42,1,69,73,6,1,,1,2,8.4,10,,1,1,1971-04-12,02
71LA02705,71,2,5825,4,73,731,4269,42,4,,2,20,,1,02,,1,102,8,,106,3,,6,,,,,2,42,4146,42,0,0,73,6,1,,0,0,7.0,0,,1,2,1971-04-12,02
71LA02706,71,1,6775,4,73,730,4272,42,4,,2,20,,1,02,,3,118,5,,0,4,,,,,,3,2,42,3860,42,1,75,73,6,1,,1,1,13.6,10,,1,1,1971-04-28,02
71LA02707,71,2,6598,4,70,702,4284,42,4,,2,20,,1,02,,1,114,8,,0,4,,,,,,3,2,42,4337,42,1,61,70,2,1,,1,2,9.8,10,,1,1,1971-04-24,02
71LA02708,71,1,6599,4,70,702,4284,42,4,,2,20,,1,02,,1,114,8,,0,4,,,,,,3,2,42,4337,42,0,69,70,2,1,,0,0,10.4,10,,1,2,1971-04-24,02
71LA02709,71,2,6442,4,77,770,4292,42,4,,2,20,,1,02,,1,112,5,,0,4,,,,,,2,2,42,3674,42,1,87,77,6,1,,1,1,12.6,10,,2,1,1971-04-22,02
71LA02710,71,1,5963,4,78,781,4300,42,4,,2,20,,1,02,,1,105,5,,0,4,,,,,,2,2,42,4414,42,1,93,78,6,1,,1,1,10.4,10,,1,1,1971-04-15,02
71LA02711,71,1,6356,4,08,082,4313,42,4,31,2,20,,1,02,,4,111,5,,0,2,,6,33,,,,2,42,3029,42,1,0,08,1,1, 6,1,1,7.4,0,,1,1,1971-04-21,02
71LA02712,71,1,6202,4,70,701,4316,42,4,,2,20,,1,02,,1,109,5,,0,3,,,,,,2,2,42,3660,42,1,85,70,2,1,,1,1,10.6,10,,2,1,1971-04-19,02
71LA02713,71,1,6650,4,74,740,4322,42,4,,2,20,,1,02,,1,115,5,,0,4,,,,,,3,2,42,3553,42,1,83,74,6,1,,1,1,14.4,10,,2,1,1971-04-25,02
71LA02714,71,1,6362,4,75,750,4323,42,4,,2,20,,1,02,,1,111,5,,0,4,,,,,,2,2,42,3610,42,1,83,75,6,1,,1,1,13.6,10,,1,1,1971-04-21,02
71LA02715,71,1,5912,4,70,700,4326,42,4,,2,20,,1,02,,4,104,5,,0,4,,,,,,2,2,42,3431,42,1,101,70,2,1,,1,1,10.8,10,90,2,1,1971-04-14,02
71LA02716,71,1,6275,4,73,731,4333,42,4,,2,20,,1,02,,1,110,5,,119,3,,6,,,,,2,42,4146,42,1,0,73,6,1,,1,1,10.0,0,,2,1,1971-04-20,02
71LA02717,71,2,6459,4,70,702,4334,42,4,,2,20,,1,02,,1,112,5,,115,4,,6,,,,,2,42,4337,42,1,0,70,2,1,,1,1,10.4,0,,2,1,1971-04-22,02
71LA02718,71,2,6568,4,70,700,4335,42,4,,2,20,,1,02,,1,114,5,,0,4,,,,,,3,2,42,3431,42,1,81,70,2,1,,1,1,10.4,10,,1,1,1971-04-24,02
71LA02719,71,2,6198,4,72,802,4340,42,4,,2,20,,1,02,,3,109,5,,0,4,,,,,,2,2,42,3984,42,1,67,72,3,1,,1,1,9.6,10,,1,1,1971-04-19,02
71LA02720,71,2,5878,4,70,702,4342,42,4,,2,20,,1,02,,1,103,8,,0,3,,,,,,2,2,42,4337,42,1,76,70,2,1,,1,2,9.0,10,,1,1,1971-04-13,02
71LA02721,71,2,5879,4,70,702,4342,42,4,,2,20,,1,02,,1,103,8,,0,3,,,,690761,-,2,2,42,4337,42,0,83,70,2,1,,0,0,8.4,5,,1,2,1971-04-13,02
71LA02722,71,2,,0,73,732,4343,42,4,,2,20,,1,02,,1,103,1,,0,3,,1,,216862,+,,2,42,4076,42,1,0,73,6,0,,1,1,10.0,5,,2,1,1971-04-13,02
71LA02723,71,2,6203,4,70,700,4348,42,4,,2,20,,1,02,,1,109,5,,0,2,,,,,,2,2,42,3431,42,1,76,70,2,1,,1,1,10.0,10,,2,1,1971-04-19,02
71LA02724,71,1,6385,4,78,780,4350,42,4,,2,20,,1,02,,1,111,8,,0,4,,,,,,2,2,42,4186,42,1,70,78,6,1,,1,2,10.2,10,,1,1,1971-04-21,02
71LA02725,71,2,6386,4,78,780,4350,42,4,,2,20,,1,02,,1,111,8,,0,4,,,,,,2,2,42,4186,42,0,57,78,6,1,,0,0,8.8,10,,1,2,1971-04-21,02
71LA02726,71,2,6032,4,76,761,4355,42,4,,2,20,,1,02,,1,106,5,,0,4,,,,,,2,2,42,3963,42,1,96,76,6,1,,1,1,13.0,10,,1,1,1971-04-16,02
71LA02727,71,2,6901,4,72,892,4357,42,4,,2,20,,1,02,,1,122,5,,0,3,,,,,,3,2,42,4399,42,1,73,72,3,1,,1,1,10.4,10,,2,1,1971-05-02,02
71LA02728,71,1,6011,4,74,740,4358,42,4,,2,20,,1,02,,1,105,5,,0,3,,,,,,2,2,42,3553,42,1,68,74,6,1,,1,1,11.6,10,,1,1,1971-04-15,02
71LA02729,71,2,6843,4,74,742,4359,42,4,,2,20,,1,02,,1,120,5,,0,4,,,,,,3,2,42,4176,42,1,83,74,6,1,,1,1,11.2,10,,1,1,1971-04-30,02
71LA02730,71,2,6750,4,72,822,4365,42,4,,2,20,,3,02,,1,117,5,,0,3,,,,,,3,2,42,3474,42,1,73,72,3,1,,1,1,11.8,10,,2,1,1971-04-27,02
71LA02731,71,1,6608,4,77,772,4369,42,4,,2,20,,1,02,,1,114,8,,0,4,,,,,,3,2,42,5277,42,1,61,77,6,1,,1,2,9.0,10,,1,1,1971-04-24,02
71LA02732,71,2,6609,4,77,772,4369,42,4,,2,20,,1,02,,3,114,8,,0,4,,,,,,3,2,42,5277,42,0,49,77,6,1,,0,0,8.4,10,,1,2,1971-04-24,02
71LA02733,71,2,6222,4,77,771,4383,42,4,,2,20,,1,02,,1,109,8,,0,4,,,,,,2,2,42,3932,42,1,71,77,6,1,,1,2,9.8,10,,2,1,1971-04-19,02
71LA02734,71,1,6223,4,77,771,4383,42,4,,2,20,,1,02,,1,109,8,,0,4,,,,,,2,2,42,3932,42,0,60,77,6,1,,0,0,8.2,10,,2,2,1971-04-19,02
71LA02735,71,1,5930,4,70,701,4385,42,4,,2,20,,1,02,,1,104,5,,0,4,,,,,,2,2,42,3660,42,1,89,70,2,1,,1,1,11.2,10,,1,1,1971-04-14,02
71LA02736,71,2,6610,4,77,770,4394,42,4,,2,20,,1,02,,1,114,5,,0,4,,,,,,3,2,42,3674,42,1,76,77,6,1,,1,1,10.2,10,,1,1,1971-04-24,02
71LA02737,71,1,6197,4,75,751,4396,42,4,,2,20,,1,02,,1,109,5,,0,4,,,,,,2,2,42,4305,42,1,97,75,6,1,,1,1,11.6,10,,1,1,1971-04-19,02
71LA02738,71,2,6486,4,74,742,4400,42,4,,2,20,,2,02,,1,113,5,,0,4,,,,,,3,2,42,4176,42,1,88,74,6,1,,1,1,12.8,10,,2,1,1971-04-23,02
71LA02739,71,2,6596,4,77,770,4404,42,4,,2,20,,1,02,,1,114,5,,0,4,,,,,,3,2,42,3674,42,1,72,77,6,1,,1,1,13.0,10,,2,1,1971-04-24,02
71LA02740,71,1,5872,4,77,772,4405,42,4,,2,20,,1,02,,1,103,8,,0,2,,,,,,2,2,42,5277,42,1,69,77,6,1,,1,2,8.4,10,,2,1,1971-04-13,02
71LA02741,71,1,5873,4,77,772,4405,42,4,,2,20,,1,02,,1,103,8,,110,2,,6,,,,,2,42,5277,42,0,0,77,6,1,,0,0,8.4,0,,2,2,1971-04-13,02
71LA02742,71,1,6520,4,77,771,4417,42,4,,2,20,,1,02,,1,113,5,,0,3,,,,,,3,2,42,3932,42,1,89,77,6,1,,1,1,8.4,10,,1,1,1971-04-23,02
71LA02743,71,1,6930,4,76,762,4421,42,4,,2,20,,1,02,,1,129,5,,0,5,,,,,,3,2,42,3466,42,1,91,76,6,1,,1,1,14.0,10,,2,1,1971-05-09,02
71LA02744,71,1,5929,4,73,730,4424,42,4,,2,20,,1,02,,1,104,5,,0,5,,,,,,2,2,42,3860,42,1,71,73,6,1,,1,1,9.4,10,,2,1,1971-04-14,02
71LA02745,71,,,0,75,752,4448,42,4,,2,20,,,02,1,,0,,,0,,,,,,,,2,42,4395,42,1,0,75,6,0,,0,0,0.0,0,,2,1,,02
71LA02746,71,2,8142,9,00,752,4448,42,4,,2,20,,5,50,2,1,146,5,,0,2,,6,,,,,2,90,0000,98,1,0,75,0,1,,1,1,11.0,0,,2,1,1971-05-26,02
71LA02747,71,1,6445,4,75,750,4456,42,4,,2,20,,1,02,,1,112,5,,0,5,,,,,,2,2,42,3610,42,1,84,75,6,1,,1,1,11.6,10,,2,1,1971-04-22,02
71LA02748,71,1,5903,4,72,912,4474,42,4,,2,20,,1,02,,1,104,5,,0,4,,,,,,2,2,42,3592,42,1,97,72,3,1,,1,1,12.8,10,,1,1,1971-04-14,02
71LA02749,71,2,6443,4,74,741,4484,42,4,,2,20,,3,02,,1,112,8,,0,3,,,,,,3,2,42,3788,42,1,65,74,6,1,,1,2,8.6,10,,1,1,1971-04-22,02
71LA02750,71,1,6444,4,74,741,4484,42,4,,2,20,,1,02,,1,112,8,,0,3,,,,,,3,2,42,3788,42,0,54,74,6,1,,0,0,7.8,10,,1,2,1971-04-22,02
71LA02751,71,2,6140,4,70,701,4488,42,4,,2,20,,1,02,,1,108,5,,0,3,,,,,,2,2,42,3660,42,1,83,70,2,1,,1,1,11.4,10,,2,1,1971-04-18,02
71LA02752,71,2,6237,4,74,741,4491,42,4,,2,20,,1,02,,1,109,5,,0,2,,,,,,2,2,42,3788,42,1,81,74,6,1,,1,1,9.0,10,,2,1,1971-04-19,02
71LA02753,71,2,6888,4,74,740,4496,42,4,,2,20,,1,02,,1,121,5,,0,2,,,,,,3,2,42,3553,42,1,69,74,6,1,,1,1,10.2,10,,2,1,1971-05-01,02
71LA02754,71,2,6249,4,72,902,4497,42,4,,2,20,,1,02,,1,110,5,,0,3,,,,,,2,2,42,4237,42,1,81,72,3,1,,1,1,11.6,10,,1,1,1971-04-20,02
71LA02755,71,1,6657,4,75,752,4499,42,4,,2,20,,1,02,,1,115,5,,0,4,,6,,,,,2,42,4395,42,1,0,75,6,1,,1,1,11.6,0,,1,1,1971-04-25,02
71LA02756,71,1,6674,4,76,760,4500,42,4,,2,20,,1,02,,1,115,5,,0,4,,,,,,3,2,42,3730,42,1,89,76,6,1,,1,1,13.4,10,,2,1,1971-04-25,02
71LA02757,71,3,8057,9,00,000,5164,42,4,,,10,,1,00,3,1,122,5,,230,2,,7,,,&,,2,90,0000,00,1,0,76,0,1,,1,1,12.4,0,,,1,1971-05-02,02
71LA02758,71,1,3074,6,01,013,4488,61,6,38,5,00,,1,06,,4,120,5,,0,4,,,23,,,6,1,62,0125,62,1,72,01,1,1, 6,1,1,14.0,10,,1,1,1971-04-30,06
71LA02759,71,,,0,10,103,5038,61,6,29,5,00,,,06,,,100,,,0,,,,23,,,,1,62,0687,62,0,0,10,1,0, 7,0,0,0.0,0,,1,1,1971-04-10,06
71LA02760,71,2,2792,6,72,853,5257,61,6,,5,90,,1,06,,1,114,5,,0,4,,,,,,3,1,62,0456,62,1,83,72,3,1,,1,1,11.4,10,,2,1,1971-04-24,06
71LA02761,71,2,3061,6,01,013,5835,61,6,34,5,80,,1,06,,1,120,8,,0,2,,,47,,,1,1,62,0125,62,1,46,01,1,1, 7,1,2,6.0,10,,1,1,1971-04-30,06
71LA02762,71,1,3062,6,01,013,5835,61,6,34,5,80,,1,06,,1,120,8,,0,2,,6,47,,&,,1,62,0125,62,0,0,01,1,1, 7,0,0,5.2,0,,1,2,1971-04-30,06
71LA02763,71,,,0,01,013,5865,61,6,32,5,80,,,06,,,127,,,0,,,,28,,,,1,62,0125,62,1,0,01,1,0, 6,0,0,0.0,0,,1,1,1971-05-07,06
71LA02764,71,2,2316,6,03,033,5887,61,6,37,5,80,,1,06,,7,106,8,,0,3,,,36,,,1,1,62,0258,62,1,68,03,1,1, 7,1,2,10.4,10,,1,1,1971-04-16,06
71LA02765,71,1,2317,6,03,033,5887,61,6,37,5,80,,1,06,,1,106,8,,0,3,,,36,,&,,1,62,0258,62,0,80,03,1,1, 7,0,0,9.0,5,,1,2,1971-04-16,06
71LA02766,71,2,2083,6,02,023,5956,61,6,30,5,80,,1,06,,1,95,5,,0,4,,,33,,,6,1,62,0155,62,1,88,02,1,1, 6,1,1,10.2,10,,1,1,1971-04-05,06
71LA02767,71,1,2462,6,03,033,6050,61,6,37,5,80,,1,06,,1,108,8,,116,3,,6,34,,,,1,62,0258,62,1,0,03,1,1, 7,1,2,7.8,0,,1,1,1971-04-18,06
71LA02768,71,2,2463,6,03,033,6050,61,6,37,5,80,,1,06,,1,108,8,,0,3,,6,34,,,,1,62,0258,62,0,0,03,1,1, 7,0,0,6.2,0,,1,2,1971-04-18,06
71LA02769,71,2,2546,6,02,023,6195,61,6,27,5,80,,1,06,,1,109,8,,0,4,,,20,,,6,1,62,0155,62,1,64,02,1,1, 6,1,2,9.4,10,,1,1,1971-04-19,06
71LA02770,71,2,2547,6,02,023,6195,61,6,27,5,80,,1,06,,1,109,8,,0,4,,,20,,,6,1,62,0155,62,0,63,02,1,1, 6,0,0,8.4,10,,1,2,1971-04-19,06
71LA02771,71,1,2103,6,02,023,6407,61,6,29,5,80,,1,06,,1,98,5,,0,4,,,22,,,1,1,62,0155,62,1,81,02,1,1, 7,1,1,10.0,10,,1,1,1971-04-08,06
71LA02772,71,2,2500,6,02,023,6478,61,6,31,5,80,,1,06,,1,109,5,,0,3,,,36,,,6,1,62,0155,62,1,71,02,1,1, 6,1,1,9.0,10,,1,1,1971-04-19,06
71LA02773,71,1,2527,6,10,103,6480,61,6,31,5,80,,1,06,,1,109,5,,112,4,,6,33,,,,1,62,0687,62,1,0,10,1,1, 6,1,1,12.6,0,,1,1,1971-04-19,06
71LA02774,71,2,2871,6,75,752,6537,61,6,,5,70,,1,06,,1,115,8,,0,4,,,,,,3,1,62,0949,62,1,71,75,6,1,,1,2,10.0,10,,1,1,1971-04-25,06
71LA02775,71,1,2872,6,75,752,6537,61,6,,5,70,,1,06,,1,115,8,,0,4,,,,,,3,1,62,0949,62,0,83,75,6,1,,0,0,12.6,10,,1,2,1971-04-25,06
71LA02776,71,1,2705,6,78,781,6546,61,6,,5,70,,1,06,,1,112,8,,0,2,,6,,,,,1,62,0772,62,0,0,78,6,1,,0,0,7.0,0,,1,2,1971-04-22,06
71LA02777,71,2,2704,6,78,781,6546,61,6,,5,70,,1,06,,1,112,8,,0,2,04,,,,,3,1,62,0772,62,1,72,78,6,1,,1,2,7.0,10,,1,1,1971-04-22,06
71LA02778,71,2,2568,6,74,740,6549,61,6,,5,70,,1,06,,1,110,8,,0,4,,,,,,2,1,62,0274,62,1,59,74,6,1,,1,2,8.6,10,,2,1,1971-04-20,06
71LA02779,71,2,2569,6,74,740,6549,61,6,,5,70,,1,06,,1,110,8,,0,4,,,,,,2,1,62,0274,62,0,56,74,6,1,,0,0,7.4,10,,2,2,1971-04-20,06
71LA02780,71,1,2198,6,73,731,6565,61,6,,5,70,,1,06,,1,103,5,,0,5,,,,,,2,1,62,2008,62,1,82,73,6,1,,1,1,13.6,10,,2,1,1971-04-13,06
71LA02781,71,2,2292,6,70,701,6567,61,6,,5,70,,1,06,,1,105,8,,0,3,,,,,,2,1,62,0599,62,1,56,70,2,1,,1,2,10.0,10,,1,1,1971-04-15,06
71LA02782,71,1,2293,6,70,701,6567,61,6,,5,70,,1,06,,1,105,8,,0,3,,6,,918561,-,,1,62,0599,62,0,0,70,2,1,,0,0,9.0,0,,1,2,1971-04-15,06
71LA02783,71,2,2535,6,73,730,6572,61,6,,5,70,,2,06,,1,109,5,,0,3,,,,,,2,1,62,0533,62,1,57,73,6,1,,1,1,10.4,10,21,1,1,1971-04-19,06
71LA02784,71,1,2166,6,73,732,6579,61,6,,5,70,,1,06,,1,102,5,,0,4,,,,,,2,1,62,1697,62,1,77,73,6,1,,1,1,9.0,10,03,2,1,1971-04-12,06
71LA02785,71,2,2576,6,73,732,6598,61,6,,5,70,,1,06,,1,110,8,,0,2,,,,,,2,1,62,1697,62,1,75,73,6,1,,1,2,6.8,10,,1,1,1971-04-20,06
71LA02786,71,1,2577,6,73,732,6598,61,6,,5,70,,1,06,,1,110,8,,160,2,,6,,,&,,1,62,1697,62,0,0,73,6,1,,0,0,6.4,0,,1,2,1971-04-20,06
71LA02787,71,2,2578,6,77,770,6609,61,6,,5,70,,1,06,,1,110,8,,111,3,,6,,,,,1,62,0394,62,1,0,77,6,1,,1,2,10.2,0,,2,1,1971-04-20,06
71LA02788,71,2,2579,6,77,770,6609,61,6,,5,70,,1,06,,1,110,8,,0,3,,,,,,2,1,62,0394,62,0,75,77,6,1,,0,0,8.6,10,,2,2,1971-04-20,06
71LA02789,71,2,2846,6,73,730,6612,61,6,,5,70,,1,06,,1,114,8,,0,3,,,,,,3,1,62,0533,62,1,95,73,6,1,,1,2,11.2,10,,2,1,1971-04-24,06
71LA02790,71,2,2847,6,73,730,6612,61,6,,5,70,,1,06,,1,114,8,,0,3,,,,,&,,1,62,0533,62,0,51,73,6,1,,0,0,9.6,5,,2,2,1971-04-24,06
71LA02791,71,1,2736,6,78,782,6621,61,6,,5,70,,1,06,,1,113,8,,0,4,,,,,,2,1,62,0504,62,1,75,78,6,1,,1,2,10.4,10,,2,1,1971-04-23,06
71LA02792,71,2,2737,6,78,782,6621,61,6,,5,70,,1,06,,1,113,8,,0,4,,,,,&,,1,62,0504,62,0,81,78,6,1,,0,0,8.0,5,,2,2,1971-04-23,06
71LA02793,71,2,2787,6,75,751,6628,61,6,,5,70,,1,06,,1,114,5,,0,3,,,,,,3,1,62,0601,62,1,81,75,6,1,,1,1,11.0,10,,2,1,1971-04-24,06
71LA02794,71,,,0,74,742,6637,61,6,,5,70,,,06,,,36,,,0,,,,,,,,1,62,0897,62,0,0,74,6,0,,0,0,0.0,0,,1,1,,06
71LA02795,71,2,2820,6,73,732,6660,61,6,,5,70,,1,06,,1,114,8,,0,4,,,,,,3,1,62,1697,62,1,59,73,6,1,,1,2,8.2,10,,2,1,1971-04-24,06
71LA02796,71,1,2821,6,73,732,6660,61,6,,5,70,,1,06,,1,114,8,,0,4,,,,,,3,1,62,1697,62,0,81,73,6,1,,0,0,9.8,10,,2,2,1971-04-24,06
71LA02797,71,,,0,76,762,6664,61,6,,5,70,,,06,,,115,,,0,,,,,,,,1,62,0931,62,0,0,76,6,0,,0,0,0.0,0,,2,1,1971-04-25,06
71LA02798,71,2,2257,6,72,923,6668,61,6,,5,70,,1,06,,1,105,8,,135,4,,6,,,,,1,62,0982,62,1,0,72,3,1,,1,2,8.4,0,,2,1,1971-04-15,06
71LA02799,71,1,2258,6,72,923,6668,61,6,,5,70,,1,06,,1,105,8,,0,4,,,,,,2,1,62,0982,62,0,101,72,3,1,,0,0,12.2,10,,2,2,1971-04-15,06
71LA02800,71,2,2830,6,75,750,6673,61,6,,5,70,,1,06,,1,114,7,,0,4,,,,655442,+,3,1,62,0304,62,1,65,75,6,1,,1,2,8.8,15,,2,1,1971-04-24,06
71LA02801,71,1,,0,75,750,6673,61,6,,5,70,,1,06,,1,114,7,,0,4,,1,,,,,1,62,0304,62,0,0,75,6,0,,0,0,12.0,0,,2,2,1971-04-24,06
71LA02802,71,2,2825,6,74,741,6674,61,6,,5,70,,1,06,,1,114,8,,0,3,,,,,,3,1,62,1243,62,0,73,74,6,1,,0,0,9.8,10,,2,2,1971-04-24,06
71LA02803,71,2,2824,6,74,741,6674,61,6,,5,70,,1,06,,1,114,8,,0,3,04,,,849241,-,6,1,62,1243,62,1,57,74,6,1,,1,2,8.0,5,,2,1,1971-04-24,06
71LA02804,71,1,3077,6,77,771,6679,61,6,,5,70,,1,06,,1,122,8,,0,4,,,,,,3,1,62,0468,62,1,88,77,6,1,,1,2,12.0,10,,2,1,1971-05-02,06
71LA02805,71,2,3078,6,77,771,6679,61,6,,5,70,,1,06,,1,122,8,,135,4,,6,,,,,1,62,0468,62,0,0,77,6,1,,0,0,10.2,0,,2,2,1971-05-02,06
71LA02806,71,1,2999,6,76,761,6680,61,6,,5,70,,1,06,,1,118,5,,0,4,,6,,,,,1,62,0367,62,1,0,76,6,1,,1,1,14.4,0,,2,1,1971-04-28,06
71LA02807,71,2,2162,6,78,781,6684,61,6,,5,70,,1,06,,1,102,5,,0,4,,,,,,2,1,62,0772,62,1,84,78,6,1,,1,1,10.4,10,,2,1,1971-04-12,06
71LA02808,71,1,2656,6,73,731,6705,61,6,,5,70,,1,06,,1,111,5,,119,0,16,6,,,,,1,62,2008,62,1,0,73,6,1,,1,1,5.2,0,,1,1,1971-04-21,06
71LA02809,71,2,3094,6,02,023,6726,61,6,27,5,70,,1,06,,1,124,5,,0,4,,,21,,,1,1,62,0155,62,1,79,02,1,1, 7,1,1,11.0,10,,1,1,1971-05-04,06
71LA02810,71,2,3043,6,77,772,6738,61,6,,5,70,,1,06,,1,120,8,,160,2,,6,,,&,,1,62,0597,62,1,0,77,6,1,,1,2,8.8,0,,1,1,1971-04-30,06
71LA02811,71,2,3044,6,77,772,6738,61,6,,5,70,,1,06,,1,120,8,,160,2,,6,,,&,,1,62,0597,62,0,0,77,6,1,,0,0,8.4,0,,1,2,1971-04-30,06
71LA02812,71,1,2518,6,78,780,6753,61,6,,5,70,,1,06,,1,109,5,,111,4,,6,,,,,1,62,0677,62,1,0,78,6,1,,1,1,13.4,0,,2,1,1971-04-19,06
71LA02813,71,2,,0,70,702,6757,61,6,,5,70,,1,06,,1,111,1,,0,3,,1,,104008,+,,1,62,0849,62,1,0,70,2,0,,1,1,10.0,5,,1,1,1971-04-21,06
71LA02814,71,1,2697,6,77,770,6765,61,6,,5,70,,1,06,,1,112,5,,0,4,,,,,,2,1,62,0394,62,1,91,77,6,1,,1,1,11.6,10,,1,1,1971-04-22,06
71LA02815,71,1,2866,6,75,752,6772,61,6,,5,70,,1,06,,1,115,5,,0,5,,,,,,3,1,62,0949,62,1,97,75,6,1,,1,1,11.0,10,,2,1,1971-04-25,06
71LA02816,71,,,0,70,702,6783,61,6,,5,70,,,06,,,130,,,0,,,,,,,,1,62,0849,62,1,0,70,2,0,,0,0,0.0,0,,2,1,1971-05-10,06
71LA02817,71,,,0,78,782,6793,61,6,,5,70,,,06,,,99,,,0,,,,,,,,1,62,0504,62,0,0,78,6,0,,0,0,0.0,0,,1,1,1971-04-09,06
71LA02818,71,1,2522,6,03,033,6797,61,6,47,5,70,,1,06,,1,109,5,,110,3,,6,26,,,,1,62,0258,62,1,0,03,1,1, 6,1,1,8.0,0,,1,1,1971-04-19,06
71LA02819,71,,,0,03,033,6798,61,6,38,5,70,,,06,,,87,,,0,,,,26,,,,1,62,0258,62,0,0,03,1,0, 7,0,0,0.0,0,,1,1,1971-03-28,06
71LA02820,71,2,2285,6,74,740,6838,61,6,,5,70,,1,06,,1,105,8,,0,3,,,,,,2,1,62,0274,62,1,58,74,6,1,,1,2,10.8,10,,1,1,1971-04-15,06
71LA02821,71,2,2286,6,74,740,6838,61,6,,5,70,,1,06,,5,105,8,,0,3,,,,,,2,1,62,0274,62,0,67,74,6,1,,0,0,9.0,10,,1,2,1971-04-15,06
71LA02822,71,1,2734,6,78,782,6839,61,6,,5,70,,1,06,,1,113,8,,0,4,,,,,,2,1,62,0504,62,1,64,78,6,1,,1,2,11.2,10,,2,1,1971-04-23,06
71LA02823,71,1,2735,6,78,782,6839,61,6,,5,70,,1,06,,3,113,8,,0,4,,,,,,2,1,62,0504,62,0,68,78,6,1,,0,0,9.0,10,,2,2,1971-04-23,06
71LA02824,71,1,2353,6,70,700,6846,61,6,,5,70,,1,06,,1,106,5,,0,4,,,,,,2,1,62,0476,62,1,109,70,2,1,,1,1,14.2,10,,1,1,1971-04-16,06
71LA02825,71,2,2655,6,72,913,6848,61,6,,5,70,,1,06,,1,111,5,,0,4,,,,,,2,1,62,0412,62,1,81,72,3,1,,1,1,12.6,10,,2,1,1971-04-21,06
71LA02826,71,1,2225,6,75,751,6852,61,6,,5,70,,1,06,,1,104,5,,0,4,,,,,,2,1,62,0601,62,1,94,75,6,1,,1,1,12.8,10,,1,1,1971-04-14,06
71LA02827,71,1,2454,6,72,903,6858,61,6,,5,70,,1,06,,1,108,8,,0,4,,6,,,,,1,62,0826,62,1,0,72,3,1,,1,2,10.6,0,,2,1,1971-04-18,06
71LA02828,71,1,2455,6,72,903,6858,61,6,,5,70,,1,06,,1,108,8,,0,4,,,,,,2,1,62,0826,62,0,73,72,3,1,,0,0,7.8,10,,2,2,1971-04-18,06
71LA02829,71,2,2933,6,70,702,6883,61,6,,5,70,,1,06,,1,116,5,,0,4,,,,,,3,1,62,0849,62,1,107,70,2,1,,1,1,12.4,10,,1,1,1971-04-26,06
71LA02830,71,2,2402,6,76,762,6887,61,6,,5,70,,1,06,,1,107,8,,0,4,,,,,,2,1,62,0931,62,1,73,76,6,1,,1,2,9.8,10,,1,1,1971-04-17,06
71LA02831,71,2,2403,6,76,762,6887,61,6,,5,70,,1,06,,1,107,8,,0,4,,,,,,2,1,62,0931,62,0,77,76,6,1,,0,0,9.4,10,,1,2,1971-04-17,06
71LA02832,71,1,2349,6,78,780,6889,61,6,,5,70,,1,06,,1,106,8,,0,3,,,,,,2,1,62,0677,62,1,77,78,6,1,,1,2,10.8,10,,1,1,1971-04-16,06
71LA02833,71,1,2350,6,78,780,6889,61,6,,5,70,,1,06,,1,106,8,,0,3,,,,,,1,1,62,0677,62,0,56,78,6,1,,0,0,9.0,10,,1,2,1971-04-16,06
71LA02834,71,2,2373,6,77,771,6899,61,6,,5,70,,1,06,,1,106,8,,0,4,,,,,,2,1,62,0468,62,1,80,77,6,1,,1,2,15.0,10,,1,1,1971-04-16,06
71LA02835,71,1,2374,6,77,771,6899,61,6,,5,70,,1,06,,1,106,8,,0,4,,,,,,2,1,62,0468,62,0,75,77,6,1,,0,0,10.4,10,,1,2,1971-04-16,06
71LA02836,71,2,,0,77,772,6907,61,6,,5,70,,1,06,,1,104,1,,0,4,,1,,587942,+,,1,62,0597,62,1,0,77,6,0,,1,1,11.6,5,,2,1,1971-04-14,06
71LA02837,71,1,2196,6,74,742,6912,61,6,,5,70,,2,06,,1,103,5,,0,4,,,,,,2,1,62,0897,62,1,96,74,6,1,,1,1,12.0,10,,2,1,1971-04-13,06
71LA02838,71,1,2404,6,74,741,6913,61,6,,5,70,,1,06,,1,107,5,,0,4,,6,,,,,1,62,1243,62,1,0,74,6,1,,1,1,10.2,0,,1,1,1971-04-17,06
71LA02839,71,2,2627,6,76,761,6918,61,6,,5,70,,1,06,,1,110,5,,0,5,,,,,,2,1,62,0367,62,1,86,76,6,1,,1,1,11.0,10,,1,1,1971-04-20,06
71LA02840,71,,,0,70,701,6930,61,6,,5,70,,,06,,,130,,,0,,,,,,,,1,62,0599,62,1,0,70,2,0,,0,0,0.0,0,,2,1,1971-05-10,06
71LA02841,71,2,2777,6,72,833,6947,61,6,,5,70,,1,06,,1,113,5,,0,4,,,,,,3,1,62,0331,62,1,73,72,3,1,,1,1,9.8,10,,2,1,1971-04-23,06
71LA02842,71,1,2631,6,78,781,6948,61,6,,5,70,,1,06,,1,110,8,,0,4,,,,,,2,1,62,0772,62,1,76,78,6,1,,1,2,9.0,10,,1,1,1971-04-20,06
71LA02843,71,1,2632,6,78,781,6948,61,6,,5,70,,1,06,,1,110,8,,111,4,,6,,,,,1,62,0772,62,0,0,78,6,1,,0,0,8.4,0,,1,2,1971-04-20,06
71LA02844,71,1,2605,6,75,750,6958,61,6,,5,70,,1,06,,1,110,5,,0,5,,,,,,2,1,62,0304,62,1,103,75,6,1,,1,1,14.4,10,,1,1,1971-04-20,06
71LA02845,71,2,2491,6,76,760,6960,61,6,,5,70,,1,06,,1,109,5,,0,5,,,,,,2,1,62,0464,62,1,84,76,6,1,,1,1,11.2,10,,2,1,1971-04-19,06
71LA02846,71,1,2840,6,72,823,6962,61,6,,5,70,,1,06,,1,114,5,,0,4,,,,,,3,1,62,0816,62,1,84,72,3,1,,1,1,10.4,10,,1,1,1971-04-24,06
71LA02847,71,,,0,01,013,6964,61,6,47,5,70,,,06,1,,0,,,0,,,,32,,,,1,62,0125,62,1,0,01,1,0, 6,0,0,0.0,0,,1,1,,06
71LA02848,71,3,8070,9,00,013,6964,61,6,,5,70,,5,60,2,2,128,8,,0,3,,,32,,&,,1,90,0000,98,1,93,01,0,1, 6,1,2,12.6,5,,1,1,1971-05-08,06
71LA02849,71,2,8071,9,00,013,6964,61,6,,5,70,,5,60,2,2,128,8,,0,3,,,32,,,6,1,90,0000,98,0,73,01,0,1, 6,0,0,11.0,10,,1,2,1971-05-08,06
71LA02850,71,2,2574,6,76,762,6982,61,6,,5,70,,1,06,,1,110,5,,0,2,,,,,&,,1,62,0931,62,1,56,76,6,1,,1,1,7.0,5,,2,1,1971-04-20,06
71LA02851,71,,,0,73,730,6986,61,6,,5,70,,,06,,,101,,,0,,,,,,,,1,62,0533,62,1,0,73,6,0,,0,0,0.0,0,,1,1,1971-04-11,06
71LA02852,71,2,2221,6,76,761,7000,61,6,,5,70,,1,06,,1,104,5,,106,3,21,6,,,,,1,62,0367,62,1,0,76,6,1,,1,1,11.6,0,,2,1,1971-04-14,06
71LA02853,71,1,2948,6,75,752,7022,61,6,,5,70,,1,06,,1,117,5,,0,5,,,,,,3,1,62,0949,62,1,92,75,6,1,,1,1,14.2,10,,1,1,1971-04-27,06
71LA02854,71,1,2610,6,73,732,7052,61,6,,5,70,,1,06,,1,110,8,,0,3,,,,,,2,1,62,1697,62,0,88,73,6,1,,0,0,8.2,10,,1,2,1971-04-20,06
71LA02855,71,2,2609,6,73,732,7052,61,6,,5,70,,2,06,,1,110,8,,0,3,04,,,,,6,1,62,1697,62,1,70,73,6,1,,1,2,9.0,10,,1,1,1971-04-20,06
71LA02856,71,,,0,78,781,7054,61,6,,5,70,,,06,,,130,,,0,,,,,,,,1,62,0772,62,1,0,78,6,0,,0,0,0.0,0,,2,1,1971-05-10,06
71LA02857,71,1,2226,6,77,771,7079,61,6,,5,70,,1,06,,1,104,8,,0,4,,6,,,,,1,62,0468,62,1,0,77,6,1,,1,2,10.0,0,,2,1,1971-04-14,06
71LA02858,71,2,2227,6,77,771,7079,61,6,,5,70,,1,06,,1,104,8,,0,4,,,,,,2,1,62,0468,62,0,83,77,6,1,,0,0,9.6,10,,2,2,1971-04-14,06
71LA02859,71,2,2274,6,78,780,7082,61,6,,5,70,,1,06,,1,105,5,,0,3,,,,,,2,1,62,0677,62,1,61,78,6,1,,1,1,10.4,10,,2,1,1971-04-15,06
71LA02860,71,2,3114,6,72,803,7085,61,6,,5,70,,1,06,,2,132,5,,0,4,,,,,,3,1,62,0425,62,1,60,72,3,1,,1,1,12.0,10,,2,1,1971-05-12,06
71LA02861,71,2,2648,6,70,700,7095,61,6,,5,70,,1,06,,1,111,5,,0,4,,,,,,3,1,62,0476,62,1,76,70,2,1,,1,1,13.6,10,,2,1,1971-04-21,06
71LA02862,71,2,2183,6,03,033,7123,61,6,43,4,60,,1,06,,1,103,5,,106,4,,6,43,,,,1,62,0258,62,1,0,03,1,1, 6,1,1,10.4,0,,1,1,1971-04-13,06
71LA02863,71,2,2962,6,78,782,7126,61,6,,4,60,,1,06,,1,117,5,4,0,5,,,,,,3,1,62,0504,62,1,84,78,6,1,,1,1,13.8,10,,1,1,1971-04-27,06
71LA02864,71,1,2917,6,72,993,7129,61,6,,4,60,,1,06,,1,116,8,2,0,4,,,,,,3,1,62,0656,62,1,77,72,3,1,,1,2,9.8,10,,2,1,1971-04-26,06
71LA02865,71,1,2918,6,72,993,7129,61,6,,4,60,,1,06,,1,116,8,2,0,4,,,,,,3,1,62,0656,62,0,60,72,3,1,,0,0,8.6,10,,2,2,1971-04-26,06
71LA02866,71,2,2296,6,78,781,7156,61,6,,4,60,,1,06,,2,105,5,2,0,4,,,,,,2,1,62,0772,62,1,86,78,6,1,,1,1,11.8,10,,1,1,1971-04-15,06
71LA02867,71,1,2306,6,78,780,7160,61,6,,4,60,,1,06,,1,106,8,4,119,4,,6,,,,,1,62,0677,62,1,0,78,6,1,,1,2,14.6,0,,1,1,1971-04-16,06
71LA02868,71,1,2307,6,78,780,7160,61,6,,4,60,,1,06,,1,106,8,4,107,4,,6,,,,,1,62,0677,62,0,0,78,6,1,,0,0,11.4,0,,1,2,1971-04-16,06
71LA02869,71,1,2995,6,73,731,7165,61,6,,4,60,,1,06,,1,118,8,2,0,3,,,,,,3,1,62,2008,62,1,71,73,6,1,,1,2,11.6,10,,2,1,1971-04-28,06
71LA02870,71,1,2996,6,73,731,7165,61,6,,4,60,,1,06,,1,118,8,2,0,3,,,,,,3,1,62,2008,62,0,71,73,6,1,,0,0,11.4,10,,2,2,1971-04-28,06
71LA02871,71,2,3066,6,75,751,7171,61,6,,4,60,,1,06,,1,121,8,4,0,5,,,,,,3,1,62,0601,62,1,74,75,6,1,,1,2,14.4,10,,2,1,1971-05-01,06
71LA02872,71,2,3067,6,75,751,7171,61,6,,4,60,,1,06,,1,121,8,4,0,5,,6,,,,,1,62,0601,62,0,0,75,6,1,,0,0,11.2,0,,2,2,1971-05-01,06
71LA02873,71,1,2852,6,74,742,7172,61,6,,4,60,,1,06,,1,115,8,4,0,3,,,,,,3,1,62,0897,62,1,71,74,6,1,,1,2,10.4,10,,1,1,1971-04-25,06
71LA02874,71,2,2853,6,74,742,7172,61,6,,4,60,,1,06,,1,115,8,4,0,3,,,,,,3,1,62,0897,62,0,68,74,6,1,,0,0,8.0,10,,1,2,1971-04-25,06
71LA02875,71,2,2660,6,72,983,7176,61,6,,4,60,,1,06,,1,111,5,4,0,3,,,,,,2,1,62,0943,62,1,62,72,3,1,,1,1,10.8,10,03,1,1,1971-04-21,06
71LA02876,71,,,0,74,741,7181,61,6,,4,60,,,06,,,130,,4,0,,,,,,,,1,62,1243,62,1,0,74,6,0,,0,0,0.0,0,,2,1,1971-05-10,06
71LA02877,71,1,2101,6,03,033,7188,61,6,40,4,60,,1,06,,1,98,8,,0,3,,,29,,,1,1,62,0258,62,1,72,03,1,1, 7,1,2,9.2,10,,1,1,1971-04-08,06
71LA02878,71,2,2102,6,03,033,7188,61,6,40,4,60,,1,06,,1,98,8,,0,3,,,29,,,1,1,62,0258,62,0,66,03,1,1, 7,0,0,9.4,10,,1,2,1971-04-08,06
71LA02879,71,1,2414,6,76,760,7190,61,6,,4,60,,1,06,,1,107,8,2,0,4,,,,,,2,1,62,0464,62,1,88,76,6,1,,1,2,11.2,10,,1,1,1971-04-17,06
71LA02880,71,2,2415,6,76,760,7190,61,6,,4,60,,1,06,,1,107,8,2,0,4,,,,,,2,1,62,0464,62,0,79,76,6,1,,0,0,12.8,10,,1,2,1971-04-17,06
71LA02881,71,,,0,75,750,7191,61,6,,4,60,,,06,,,101,,2,0,,,,,,,,1,62,0304,62,1,0,75,6,0,,0,0,0.0,0,,2,1,1971-04-11,06
71LA02882,71,2,2755,6,73,730,7193,61,6,,4,60,,1,06,,1,113,8,4,0,3,,,,,,3,1,62,0533,62,1,81,73,6,1,,1,2,10.8,10,,2,1,1971-04-23,06
71LA02883,71,1,2756,6,73,730,7193,61,6,,4,60,,1,06,,1,113,8,4,119,3,,6,,,,,1,62,0533,62,0,0,73,6,1,,0,0,9.0,0,,2,2,1971-04-23,06
71LA02884,71,2,3008,6,75,752,7202,61,6,,4,60,,1,06,,1,118,8,4,0,4,,,,,,3,1,62,0949,62,1,65,75,6,1,,1,2,10.8,10,,2,1,1971-04-28,06
71LA02885,71,1,3009,6,75,752,7202,61,6,,4,60,,1,06,,1,118,8,4,0,4,,,,,,3,1,62,0949,62,0,76,75,6,1,,0,0,11.4,10,,2,2,1971-04-28,06
71LA02886,71,1,2608,6,75,751,7214,61,6,,4,60,,1,06,,1,110,8,4,0,0,,,,,,3,1,62,0601,62,0,86,75,6,1,,0,0,9.0,10,,1,2,1971-04-20,06
71LA02887,71,2,2607,6,75,751,7214,61,6,,4,60,,1,06,,1,110,8,4,0,0,01,,,952561,-,2,1,62,0601,62,1,78,75,6,1,,1,2,7.6,5,,1,1,1971-04-20,06
71LA02888,71,1,,0,74,740,7226,61,6,,4,60,,1,06,,1,98,2,2,0,0,,0,,,,,1,62,0274,62,1,0,74,6,0,,1,2,7.0,0,,2,1,1971-04-08,06
71LA02889,71,2,,0,74,740,7226,61,6,,4,60,,1,06,,1,98,2,2,0,0,,0,,,,,1,62,0274,62,0,0,74,6,0,,0,0,4.0,0,,2,2,1971-04-08,06
71LA02890,71,2,2597,6,70,700,7228,61,6,,4,60,,1,06,,1,110,8,4,0,3,,,,,,2,1,62,0476,62,1,81,70,2,1,,1,2,10.0,10,,1,1,1971-04-20,06
71LA02891,71,1,2598,6,70,700,7228,61,6,,4,60,,1,06,,1,110,8,4,0,3,,,,,,2,1,62,0476,62,0,81,70,2,1,,0,0,10.4,10,,1,2,1971-04-20,06
71LA02892,71,1,2658,6,78,782,7237,61,6,,4,60,,1,06,,1,111,8,2,0,3,,,,,,2,1,62,0504,62,1,76,78,6,1,,1,2,10.2,10,,2,1,1971-04-21,06
71LA02893,71,2,2659,6,78,782,7237,61,6,,4,60,,1,06,,3,111,8,2,0,3,,,,,,2,1,62,0504,62,0,79,78,6,1,,0,0,10.8,10,,2,2,1971-04-21,06
71LA02894,71,2,2722,6,75,750,7239,61,6,,4,60,,1,06,,1,112,5,2,0,5,,,,,,2,1,62,0304,62,1,91,75,6,1,,1,1,13.4,10,,1,1,1971-04-22,06
71LA02895,71,1,2164,6,77,772,7240,61,6,,4,60,,1,06,,1,102,8,2,0,0,,,,,&,,1,62,0597,62,0,84,77,6,1,,0,0,9.6,5,,1,2,1971-04-12,06
71LA02896,71,2,2163,6,77,772,7240,61,6,,4,60,,1,06,,1,102,8,2,0,0,16,,,,&,,1,62,0597,62,1,81,77,6,1,,1,2,10.0,5,,1,1,1971-04-12,06
71LA02897,71,1,2785,6,76,761,7241,61,6,,4,60,,1,06,,1,114,5,4,0,3,,,,,,3,1,62,0367,62,1,92,76,6,1,,1,1,12.4,10,,1,1,1971-04-24,06
71LA02898,71,1,2790,6,72,973,7253,61,6,,4,60,,1,06,,1,114,8,2,0,4,,,,,,3,1,62,0581,62,1,76,72,3,1,,1,2,9.0,10,,2,1,1971-04-24,06
71LA02899,71,1,2791,6,72,973,7253,61,6,,4,60,,1,06,,1,114,8,2,0,4,,6,,,,,1,62,0581,62,0,0,72,3,1,,0,0,9.2,0,,2,2,1971-04-24,06
71LA02900,71,1,2459,6,78,781,7255,61,6,,4,60,,1,06,,1,108,8,4,0,4,,,,,,2,1,62,0772,62,1,61,78,6,1,,1,2,10.4,10,,2,1,1971-04-18,06
71LA02901,71,2,2460,6,78,781,7255,61,6,,4,60,,1,06,,1,108,8,4,0,4,,,,,,2,1,62,0772,62,0,63,78,6,1,,0,0,10.0,10,,2,2,1971-04-18,06
71LA02902,71,,,0,01,013,7265,61,6,36,4,60,,,06,1,,0,,,0,,,,33,,,,1,62,0125,62,1,0,01,1,0, 6,0,0,0.0,0,,1,1,,06
71LA02903,71,2,8062,9,00,013,7265,61,6,,4,60,,5,60,2,1,126,5,,0,3,,,33,,,6,1,90,0000,98,1,56,01,0,1, 6,1,1,12.2,10,,1,1,1971-05-06,06
71LA02904,71,,,0,70,701,7272,61,6,,4,60,,,06,,,115,,,0,,,,,,,,1,62,0599,62,0,0,70,2,0,,0,0,0.0,0,,1,1,1971-04-25,06
71LA02905,71,2,2514,6,75,752,7275,61,6,,4,60,,1,06,,1,109,8,4,0,4,,,,,,2,1,62,0949,62,1,71,75,6,1,,1,2,11.0,10,,1,1,1971-04-19,06
71LA02906,71,2,2515,6,75,752,7275,61,6,,4,60,,1,06,,1,109,8,4,0,4,,,,,,2,1,62,0949,62,0,77,75,6,1,,0,0,12.6,10,,1,2,1971-04-19,06
71LA02907,71,,,0,76,761,7280,61,6,,4,60,,,06,,,130,,2,0,,,,,,,,1,62,0367,62,1,0,76,6,0,,0,0,0.0,0,,2,1,1971-05-10,06
71LA02908,71,1,2450,6,75,751,7289,61,6,,4,60,,1,06,,1,108,8,2,0,3,,,,,,2,1,62,0601,62,1,74,75,6,1,,1,2,12.2,10,,2,1,1971-04-18,06
71LA02909,71,1,2451,6,75,751,7289,61,6,,4,60,,1,06,,1,108,8,2,0,3,,,,,,2,1,62,0601,62,0,77,75,6,1,,0,0,10.8,10,,2,2,1971-04-18,06
71LA02910,71,1,2394,6,73,732,7307,61,6,,4,60,,1,06,,1,107,8,2,0,4,,,,,,2,1,62,1697,62,1,68,73,6,1,,1,2,10.0,10,,2,1,1971-04-17,06
71LA02911,71,2,2395,6,73,732,7307,61,6,,4,60,,1,06,,1,107,8,2,0,4,,,,,,2,1,62,1697,62,0,60,73,6,1,,0,0,9.2,10,,2,2,1971-04-17,06
71LA02912,71,,,0,75,750,7309,61,6,,4,60,,,06,,,25,,4,0,,,,,,,,1,62,0304,62,0,0,75,6,0,,0,0,0.0,0,,1,1,,06
71LA02913,71,1,2764,6,70,702,7321,61,6,,4,60,,2,06,,1,113,5,2,125,4,,6,,,,,1,62,0849,62,1,0,70,2,1,,1,1,14.2,0,,2,1,1971-04-23,06
71LA02914,71,1,2371,6,75,752,7343,61,6,,4,60,,1,06,,1,106,8,4,0,4,,,,,,2,1,62,0949,62,1,76,75,6,1,,1,2,9.8,10,,2,1,1971-04-16,06
71LA02915,71,2,2372,6,75,752,7343,61,6,,4,60,,1,06,,1,106,8,4,0,4,,,,,,2,1,62,0949,62,0,83,75,6,1,,0,0,10.2,10,,2,2,1971-04-16,06
71LA02916,71,2,2508,6,72,963,7346,61,6,,4,60,,1,06,,1,109,8,4,0,4,,,,,,2,1,62,1007,62,1,68,72,3,1,,1,2,7.6,10,,1,1,1971-04-19,06
71LA02917,71,1,2509,6,72,963,7346,61,6,,4,60,,1,06,,1,109,8,4,0,4,,,,,,2,1,62,1007,62,0,72,72,3,1,,0,0,8.0,10,,1,2,1971-04-19,06
71LA02918,71,1,2456,6,74,742,7347,61,6,,4,60,,1,06,,1,108,5,2,0,3,,,,,,2,1,62,0897,62,1,107,74,6,1,,1,1,9.8,10,,2,1,1971-04-18,06
71LA02919,71,1,3034,6,77,770,7349,61,6,,4,60,,1,06,,1,119,5,2,0,3,,,,,,3,1,62,0394,62,1,78,77,6,1,,1,1,10.2,10,,2,1,1971-04-29,06
71LA02920,71,1,2544,6,75,751,7360,61,6,,4,60,,1,06,,1,109,5,4,0,3,,6,,602218,+,,1,62,0601,62,1,0,75,6,1,,1,1,11.0,5,,1,1,1971-04-19,06
71LA02921,71,1,2318,6,72,953,7365,61,6,,4,60,,1,06,,1,106,5,4,0,4,,6,,,,,1,62,0554,62,1,0,72,3,1,,1,1,11.2,0,,2,1,1971-04-16,06
71LA02922,71,2,2548,6,73,731,7381,61,6,,4,60,,1,06,,1,109,8,2,0,4,,,,,,2,1,62,2008,62,1,75,73,6,1,,1,2,10.2,10,,1,1,1971-04-19,06
71LA02923,71,1,2549,6,73,731,7381,61,6,,4,60,,1,06,,1,109,8,2,0,4,,,,,,2,1,62,2008,62,0,74,73,6,1,,0,0,10.0,10,,1,2,1971-04-19,06
71LA02924,71,2,2355,6,78,780,7389,61,6,,4,60,,1,06,,1,106,8,,0,4,,,,,,2,1,62,0677,62,1,71,78,6,1,,1,2,9.4,10,,2,1,1971-04-16,06
71LA02925,71,2,2356,6,78,780,7389,61,6,,4,60,,1,06,,1,106,8,,0,4,,,,,,2,1,62,0677,62,0,61,78,6,1,,0,0,9.4,10,,2,2,1971-04-16,06
71LA02926,71,1,2209,6,75,750,7395,61,6,,4,60,,1,06,,1,104,5,4,0,4,,,,,,2,1,62,0304,62,1,101,75,6,1,,1,1,12.8,10,,1,1,1971-04-14,06
71LA02927,71,1,2636,6,10,103,7397,61,6,36,4,60,,2,06,,1,111,8,,0,3,,6,43,,,,1,62,0687,62,1,0,10,1,1, 7,1,2,8.8,0,,1,1,1971-04-21,06
71LA02928,71,2,2637,6,10,103,7397,61,6,36,4,60,,3,06,,2,111,8,,0,3,,,43,,,1,1,62,0687,62,0,68,10,1,1, 7,0,0,7.2,10,,1,2,1971-04-21,06
71LA02929,71,2,2080,6,10,103,7401,61,6,38,4,60,,1,06,,1,93,8,,125,4,,6,26,596218,+,,1,62,0687,62,1,0,10,1,1, 6,1,2,11.0,5,,1,1,1971-04-03,06
71LA02930,71,1,2081,6,10,103,7401,61,6,38,4,60,,1,06,,1,93,8,,123,4,,6,26,,,,1,62,0687,62,0,0,10,1,1, 6,0,0,13.4,0,,1,2,1971-04-03,06
71LA02931,71,2,2628,6,73,730,7407,61,6,,4,60,,1,06,,1,110,8,4,0,3,,,,,,2,1,62,0533,62,1,59,73,6,1,,1,2,10.6,10,,1,1,1971-04-20,06
71LA02932,71,2,2629,6,73,730,7407,61,6,,4,60,,1,06,,1,110,8,4,0,3,,,,,,2,1,62,0533,62,0,68,73,6,1,,0,0,9.2,10,,1,2,1971-04-20,06
71LA02933,71,1,2665,6,77,771,7415,61,6,,4,60,,1,06,,1,111,9,2,0,4,,,,,,2,1,62,0468,62,1,71,77,6,1,,1,3,9.6,10,,1,1,1971-04-21,06
71LA02934,71,2,2666,6,77,771,7415,61,6,,4,60,,1,06,,1,111,9,2,0,4,,,,,,2,1,62,0468,62,0,72,77,6,1,,0,0,9.0,10,,1,2,1971-04-21,06
71LA02935,71,2,2672,6,77,771,7415,61,6,,4,60,,1,06,,1,111,9,2,0,4,,6,,216442,-,,1,62,0468,62,0,0,77,6,1,,0,0,9.2,0,,1,3,1971-04-21,06
71LA02936,71,1,3071,6,70,700,7416,61,6,,4,60,,1,06,,1,121,8,2,0,5,,,,,,3,1,62,0476,62,1,63,70,2,1,,1,2,9.8,10,,2,1,1971-05-01,06
71LA02937,71,1,3072,6,70,700,7416,61,6,,4,60,,1,06,,1,121,8,2,0,5,,,,,,3,1,62,0476,62,0,66,70,2,1,,0,0,9.8,10,,2,2,1971-05-01,06
71LA02938,71,2,2994,6,72,943,7420,61,6,,4,60,,1,06,,1,118,5,2,0,4,,,,,,3,1,62,0859,62,1,68,72,3,1,,1,1,11.2,10,,1,1,1971-04-28,06
71LA02939,71,2,3006,6,72,923,7422,61,6,,4,60,,1,06,,1,118,8,4,0,3,,,,,,3,1,62,0982,62,1,74,72,3,1,,1,2,8.8,10,,1,1,1971-04-28,06
71LA02940,71,2,3007,6,72,923,7422,61,6,,4,60,,1,06,,1,118,8,4,0,3,,,,053542,-,2,1,62,0982,62,0,72,72,3,1,,0,0,9.0,5,,1,2,1971-04-28,06
71LA02941,71,2,2661,6,70,701,7424,61,6,,4,60,,1,06,,1,111,5,4,0,4,,,,,,2,1,62,0599,62,1,67,70,2,1,,1,1,9.8,10,,2,1,1971-04-21,06
71LA02942,71,1,2620,6,77,772,7436,61,6,,4,60,,1,06,,1,110,5,4,0,4,,,,,,2,1,62,0597,62,1,93,77,6,1,,1,1,11.0,10,,2,1,1971-04-20,06
71LA02943,71,1,2725,6,73,732,7440,61,6,,4,60,,1,06,,1,112,5,2,0,4,,,,,,2,1,62,1697,62,1,99,73,6,1,,1,1,13.0,10,,1,1,1971-04-22,06
71LA02944,71,1,2486,6,78,782,7444,61,6,,4,60,,1,06,,1,108,5,4,0,5,,,,,,2,1,62,0504,62,1,80,78,6,1,,1,1,14.0,10,,1,1,1971-04-18,06
71LA02945,71,2,2946,6,73,731,7450,61,6,,4,60,,1,06,,1,117,5,2,120,5,,6,,,,,1,62,2008,62,1,0,73,6,1,,1,1,8.4,0,,2,1,1971-04-27,06
71LA02946,71,1,2862,6,76,760,7458,61,6,,4,60,,1,06,,1,115,5,4,0,1,,,,,,3,1,62,0464,62,1,66,76,6,1,,1,1,6.4,10,,2,1,1971-04-25,06
71LA02947,71,2,3056,6,73,730,7464,61,6,,4,60,,1,06,,3,120,8,2,0,3,,,,,,3,1,62,0533,62,1,62,73,6,1,,1,2,10.4,10,,2,1,1971-04-30,06
71LA02948,71,1,3057,6,73,730,7464,61,6,,4,60,,1,06,,3,120,8,2,0,3,,,,,,3,1,62,0533,62,0,66,73,6,1,,0,0,11.8,10,,2,2,1971-04-30,06
71LA02949,71,2,2536,6,78,781,7465,61,6,,4,60,,1,06,,1,109,8,2,0,4,,,,,,2,1,62,0772,62,1,58,78,6,1,,1,2,8.0,10,,1,1,1971-04-19,06
71LA02950,71,2,2537,6,78,781,7465,61,6,,4,60,,1,06,,1,109,8,2,0,4,,,,,,2,1,62,0772,62,0,48,78,6,1,,0,0,7.8,10,,1,2,1971-04-19,06
71LA02951,71,1,2219,6,78,780,7491,61,6,,4,60,,1,06,,1,104,8,4,0,4,,,,,,2,1,62,0677,62,1,71,78,6,1,,1,2,9.0,10,,1,1,1971-04-14,06
71LA02952,71,1,2220,6,78,780,7491,61,6,,4,60,,1,06,,1,104,8,4,0,4,,,,,,2,1,62,0677,62,0,76,78,6,1,,0,0,9.0,10,,1,2,1971-04-14,06
71LA02953,71,1,2997,6,72,913,7492,61,6,,4,60,,1,06,,1,118,8,2,0,4,08,,,,,3,1,62,0412,62,1,68,72,3,1,,1,2,12.8,10,,1,1,1971-04-28,06
71LA02954,71,2,2998,6,72,913,7492,61,6,,4,60,,1,06,,1,118,8,2,0,4,,6,,,,,1,62,0412,62,0,0,72,3,1,,0,0,9.6,0,,1,2,1971-04-28,06
71LA02955,71,,,0,70,702,7497,61,6,,4,60,,,06,1,,0,,2,0,,,,,,,,1,62,0849,62,1,0,70,2,0,,0,0,0.0,0,,1,1,,06
71LA02956,71,2,8145,9,00,702,7497,61,6,,4,60,,5,60,2,1,147,5,2,0,5,,,,,,3,1,90,0000,98,1,70,70,0,1,,1,1,12.4,10,,1,1,1971-05-27,06
71LA02957,71,2,,0,72,903,7499,61,6,,4,60,,1,06,,1,103,1,4,0,4,,1,,086201,+,,1,62,0826,62,1,0,72,3,0,,1,1,7.2,0,,1,1,1971-04-13,06
71LA02958,71,1,2506,6,78,782,7509,61,6,,4,60,,1,06,,1,109,8,,0,3,,,,,,2,1,62,0504,62,1,86,78,6,1,,1,2,10.2,10,,2,1,1971-04-19,06
71LA02959,71,1,2507,6,78,782,7509,61,6,,4,60,,2,06,,1,109,8,,0,3,,,,,&,,1,62,0504,62,0,79,78,6,1,,0,0,8.0,5,,2,2,1971-04-19,06
71LA02960,71,1,2531,6,76,762,7520,61,6,,4,60,,1,06,,1,109,8,2,0,4,,,,,,2,1,62,0931,62,1,63,76,6,1,,1,2,10.8,10,,1,1,1971-04-19,06
71LA02961,71,2,2532,6,76,762,7520,61,6,,4,60,,1,06,,1,109,8,2,0,4,,,,,,2,1,62,0931,62,0,83,76,6,1,,0,0,8.6,10,,1,2,1971-04-19,06
71LA02962,71,1,,0,77,770,7522,61,6,,4,60,,1,06,,1,98,0,2,0,3,,0,,576442,+,,1,62,0394,62,1,0,77,6,0,,1,1,7.0,0,,1,1,1971-04-08,06
71LA02963,71,,,0,76,761,7532,61,6,,4,60,,,06,,,130,,2,0,,,,,,,,1,62,0367,62,1,0,76,6,0,,0,0,0.0,0,,1,1,1971-05-10,06
71LA02964,71,2,2812,6,74,741,7542,61,6,,4,60,,1,06,,1,114,5,2,0,4,,,,,,3,1,62,1243,62,1,81,74,6,1,,1,1,10.4,10,,1,1,1971-04-24,06
71LA02965,71,2,2416,6,74,740,7543,61,6,,4,60,,1,06,,1,107,5,4,0,3,,,,,,2,1,62,0274,62,1,84,74,6,1,,1,1,8.0,10,,1,1,1971-04-17,06
71LA02966,71,2,3103,6,70,701,7549,61,6,,4,60,,1,06,,1,127,5,2,0,1,,,,,,3,1,62,0599,62,1,56,70,2,1,,1,1,6.6,10,,1,1,1971-05-07,06
71LA02967,71,2,2497,6,77,771,7559,61,6,,4,60,,1,06,,1,109,5,4,0,5,,,,,,2,1,62,0468,62,1,96,77,6,1,,1,1,12.4,10,,2,1,1971-04-19,06
71LA02968,71,2,2254,6,74,742,7575,61,6,,4,60,,1,06,,1,105,5,4,0,4,,,,,,2,1,62,0897,62,1,83,74,6,1,,1,1,11.6,10,05,1,1,1971-04-15,06
71LA02969,71,2,2120,6,75,752,7580,61,6,,4,60,,1,06,,1,101,5,2,0,4,,,,,,2,1,62,0949,62,1,80,75,6,1,,1,1,11.0,10,,1,1,1971-04-11,06
71LA02970,71,,,0,70,700,7582,61,6,,4,60,,,06,,,119,,4,0,,,,,,,,1,62,0476,62,0,0,70,2,0,,0,0,0.0,0,,1,1,1971-04-29,06
71LA02971,71,1,2208,6,72,893,7584,61,6,,4,60,,1,06,,1,104,8,4,0,2,,,,071662,-,2,1,62,0359,62,0,97,72,3,1,,0,0,12.4,5,,1,2,1971-04-14,06
71LA02972,71,1,2207,6,72,893,7584,61,6,,4,60,,1,06,,1,104,8,4,0,2,12,,,,,2,1,62,0359,62,1,103,72,3,1,,1,2,13.2,10,,1,1,1971-04-14,06
71LA02973,71,,,0,78,780,7586,61,6,,4,60,,,06,,,130,,2,0,,,,,,,,1,62,0677,62,1,0,78,6,0,,0,0,0.0,0,,2,1,1971-05-10,06
71LA02974,71,1,3035,6,75,751,7587,61,6,,4,60,,1,06,,3,119,5,2,0,5,,,,,,3,1,62,0601,62,1,56,75,6,1,,1,1,13.4,10,,2,1,1971-04-29,06
71LA02975,71,,,0,74,741,7601,61,6,,4,60,,,06,,,133,,2,0,,,,,,,,1,62,1243,62,1,0,74,6,0,,0,0,0.0,0,,2,1,1971-05-13,06
71LA02976,71,,,0,77,772,7609,61,6,,4,60,,,06,,,139,,4,0,,,,,,,,1,62,0597,62,1,0,77,6,0,,0,0,0.0,0,,1,1,1971-05-19,06
71LA02977,71,1,2368,6,76,760,7610,61,6,,4,60,,1,06,,1,106,8,2,0,2,,,,028062,-,2,1,62,0464,62,0,57,76,6,1,,0,0,9.0,5,,1,2,1971-04-16,06
71LA02978,71,1,2367,6,76,760,7610,61,6,,4,60,,1,06,,1,106,8,2,111,2,04,6,,,,,1,62,0464,62,1,0,76,6,1,,1,2,9.8,0,,1,1,1971-04-16,06
71LA02979,71,2,2213,6,77,770,7628,61,6,,4,60,,1,06,,1,104,5,4,0,4,,,,,,2,1,62,0394,62,1,93,77,6,1,,1,1,11.8,10,,2,1,1971-04-14,06
71LA02980,71,2,2468,6,74,740,7629,61,6,,4,60,,1,06,,1,108,5,4,112,3,,6,,,,,1,62,0274,62,1,0,74,6,1,,1,1,9.0,0,,2,1,1971-04-18,06
71LA02981,71,1,,0,73,732,7652,61,6,,4,60,,1,06,,1,99,0,4,0,0,,0,,,,,1,62,1697,62,1,0,73,6,0,,1,1,4.4,0,,2,1,1971-04-09,06
71LA02982,71,1,2983,6,75,750,7662,61,6,,4,60,,1,06,,1,118,8,2,0,5,,,,,,3,1,62,0304,62,1,78,75,6,1,,1,2,12.6,10,,2,1,1971-04-28,06
71LA02983,71,2,2984,6,75,750,7662,61,6,,4,60,,1,06,,1,118,8,2,0,5,,,,,,3,1,62,0304,62,0,73,75,6,1,,0,0,12.0,10,,2,2,1971-04-28,06
71LA02984,71,,,0,73,731,7667,61,6,,4,60,,,06,,,130,,4,0,,,,,,,,1,62,2008,62,1,0,73,6,0,,0,0,0.0,0,,1,1,1971-05-10,06
71LA02985,71,1,2504,6,74,742,7672,61,6,,4,60,,1,06,,1,109,5,4,0,4,,,,,,2,1,62,0897,62,1,93,74,6,1,,1,1,12.4,10,,2,1,1971-04-19,06
71LA02986,71,,,0,70,702,7680,61,6,,4,60,,,06,1,,0,,4,0,,,,,,,,1,62,0849,62,1,0,70,2,0,,0,0,0.0,0,,2,1,,06
71LA02987,71,2,8143,9,00,702,7680,61,6,,4,60,,5,60,2,1,146,8,4,0,4,,,,,,3,1,90,0000,98,1,62,70,0,1,,1,2,8.8,10,,2,1,1971-05-26,06
71LA02988,71,3,8144,9,00,702,7680,61,6,,4,60,,5,60,2,1,146,8,4,168,4,,6,,,,,1,90,0000,98,0,0,70,0,1,,0,0,8.6,0,,2,2,1971-05-26,06
71LA02989,71,1,2989,6,73,730,7689,61,6,,4,60,,1,06,,1,118,5,4,0,4,31,,,,,3,1,62,0533,62,1,92,73,6,1,,1,1,13.6,10,,1,1,1971-04-28,06
71LA02990,71,1,2229,6,74,741,7694,61,6,,4,60,,1,06,,1,104,8,2,0,4,,,,,,2,1,62,1243,62,0,82,74,6,1,,0,0,11.0,10,,1,2,1971-04-14,06
71LA02991,71,2,2228,6,74,741,7694,61,6,,4,60,,1,06,,1,104,8,2,0,4,01,,,,,2,1,62,1243,62,1,76,74,6,1,,1,2,9.6,10,,1,1,1971-04-14,06
71LA02992,71,,,0,73,732,7695,61,6,,4,60,,,06,,,145,,,0,,,,,,,,1,62,1697,62,1,0,73,6,0,,0,0,0.0,0,,1,1,1971-05-25,06
71LA02993,71,1,2299,6,70,700,7696,61,6,,4,60,,1,06,,1,105,5,4,0,3,,,,,,2,1,62,0476,62,1,86,70,2,1,,1,1,8.6,10,,2,1,1971-04-15,06
71LA02994,71,2,2784,6,75,752,7702,61,6,,4,60,,1,06,,1,113,5,4,0,5,,,,,,3,1,62,0949,62,1,101,75,6,1,,1,1,14.0,10,,2,1,1971-04-23,06
71LA02995,71,2,2959,6,76,762,7714,61,6,,4,60,,1,06,,1,117,9,2,0,2,,,,,&,,1,62,0931,62,0,89,76,6,1,,0,0,7.6,5,,2,2,1971-04-27,06
71LA02996,71,1,2960,6,76,762,7714,61,6,,4,60,,1,06,,1,117,9,2,0,2,,6,,,&,,1,62,0931,62,0,0,76,6,1,,0,0,9.4,0,,2,3,1971-04-27,06
71LA02997,71,2,2958,6,76,762,7714,61,6,,4,60,,1,06,,1,117,9,2,0,2,04,,,,,3,1,62,0931,62,1,66,76,6,1,,1,3,9.8,10,,2,1,1971-04-27,06
71LA02998,71,2,2158,6,78,781,7716,61,6,,4,60,,1,06,,1,102,8,4,0,3,,,,851161,-,2,1,62,0772,62,0,85,78,6,1,,0,0,8.4,5,,2,2,1971-04-12,06
71LA02999,71,2,2157,6,78,781,7716,61,6,,4,60,,1,06,,1,102,8,4,0,3,04,,,,,2,1,62,0772,62,1,86,78,6,1,,1,2,10.2,10,,2,1,1971-04-12,06
71LA03000,71,2,3028,6,72,883,7720,61,6,,4,60,,1,06,,1,119,5,2,0,2,30,,,,,,1,62,1001,62,1,53,72,3,1,,1,1,8.6,10,,2,1,1971-04-29,06
71LA03001,71,1,2433,6,77,772,7729,61,6,,4,60,,1,06,,1,108,8,4,0,4,,,,,,2,1,62,0597,62,1,67,77,6,1,,1,2,8.6,10,,2,1,1971-04-18,06
71LA03002,71,1,2434,6,77,772,7729,61,6,,4,60,,1,06,,1,108,8,4,0,4,,,,,,2,1,62,0597,62,0,78,77,6,1,,0,0,10.4,10,,2,2,1971-04-18,06
71LA03003,71,2,2303,6,76,762,7730,61,6,,4,60,,1,06,,1,105,5,2,0,4,,6,,,,,1,62,0931,62,1,0,76,6,1,,1,1,11.0,0,,1,1,1971-04-15,06
71LA03004,71,1,2444,6,72,873,7732,61,6,,4,60,,1,06,,1,108,5,4,0,4,,,,,,2,1,62,0589,62,1,94,72,3,1,,1,1,12.6,10,,1,1,1971-04-18,06
71LA03005,71,2,2498,6,78,782,7743,61,6,,4,60,,1,06,,1,109,8,4,0,3,,,,,,2,1,62,0504,62,1,60,78,6,1,,1,2,8.8,10,,1,1,1971-04-19,06
71LA03006,71,1,2499,6,78,782,7743,61,6,,4,60,,1,06,,1,109,8,4,0,3,,,,,,2,1,62,0504,62,0,54,78,6,1,,0,0,7.8,10,,1,2,1971-04-19,06
71LA03007,71,,,0,70,702,7747,61,6,,4,60,,,06,1,,0,,4,0,,,,,,,,1,62,0849,62,1,0,70,2,0,,0,0,0.0,0,,1,1,,06
71LA03008,71,3,8146,9,00,702,7747,61,6,,4,60,,5,60,2,1,148,8,4,0,4,,,,,,3,1,90,0000,98,1,45,70,0,1,,1,2,11.8,10,,1,1,1971-05-28,06
71LA03009,71,2,8147,9,00,702,7747,61,6,,4,60,,5,60,2,1,148,8,4,0,4,,,,,,3,1,90,0000,98,0,37,70,0,1,,0,0,10.4,10,,1,2,1971-05-28,06
71LA03010,71,2,2340,6,72,863,7750,61,6,,4,50,,1,06,,1,106,8,2,0,4,,,,,,2,1,62,0253,62,1,68,72,3,1,,1,2,12.0,10,,2,1,1971-04-16,06
71LA03011,71,2,2341,6,72,863,7750,61,6,,4,50,,1,06,,1,106,8,2,0,4,,,,,,2,1,62,0253,62,0,58,72,3,1,,0,0,9.6,10,,2,2,1971-04-16,06
71LA03012,71,1,2856,6,74,740,7751,61,6,,4,50,,1,06,,1,115,5,4,123,4,,6,,,,,1,62,0274,62,1,0,74,6,1,,1,1,10.0,0,,1,1,1971-04-25,06
71LA03013,71,1,2894,6,74,742,7757,61,6,,4,50,,1,06,,1,116,8,,0,4,,,,,,3,1,62,0897,62,1,73,74,6,1,,1,2,11.2,10,,1,1,1971-04-26,06
71LA03014,71,2,2895,6,74,742,7757,61,6,,4,50,,1,06,,1,116,8,,0,4,,,,,,3,1,62,0897,62,0,61,74,6,1,,0,0,11.0,10,,1,2,1971-04-26,06
71LA03015,71,1,3073,6,73,731,7759,61,6,,4,50,,1,06,,1,121,5,2,0,4,,,,,,3,1,62,2008,62,1,82,73,6,1,,1,1,12.4,10,,2,1,1971-05-01,06
71LA03016,71,2,2511,6,73,730,7764,61,6,,4,50,,1,06,,1,109,5,4,0,4,,,,,,2,1,62,0533,62,1,82,73,6,1,,1,1,11.6,10,,2,1,1971-04-19,06
71LA03017,71,1,3110,6,72,853,7765,61,6,,4,50,,2,06,,1,130,5,2,0,2,,,,,,3,1,62,0456,62,1,62,72,3,1,,1,1,7.6,10,,1,1,1971-05-10,06
71LA03018,71,2,2864,6,70,701,7775,61,6,,4,50,,1,06,,1,115,8,4,0,4,,,,,,3,1,62,0599,62,1,70,70,2,1,,1,2,10.0,10,,2,1,1971-04-25,06
71LA03019,71,1,2865,6,70,701,7775,61,6,,4,50,,1,06,,2,115,8,4,0,4,,6,,,,,1,62,0599,62,0,0,70,2,1,,0,0,11.6,0,,2,2,1971-04-25,06
71LA03020,71,1,2443,6,72,843,7781,61,6,,4,50,,1,06,,1,108,5,4,0,5,,,,,,2,1,62,0502,62,1,81,72,3,1,,1,1,11.8,10,,2,1,1971-04-18,06
71LA03021,71,1,2187,6,78,781,7788,61,6,,4,50,,1,06,,1,103,8,,0,4,,,,,,2,1,62,0772,62,1,69,78,6,1,,1,2,9.0,10,,1,1,1971-04-13,06
71LA03022,71,1,2188,6,78,781,7788,61,6,,4,50,,1,06,,1,103,8,,0,4,,,,,,2,1,62,0772,62,0,82,78,6,1,,0,0,7.6,10,,1,2,1971-04-13,06
71LA03023,71,1,3119,6,72,833,7792,61,6,,4,50,,1,06,,2,134,8,,0,4,,,,,,3,1,62,0331,62,1,61,72,3,1,,1,2,11.8,10,,1,1,1971-05-14,06
71LA03024,71,1,3120,6,72,833,7792,61,6,,4,50,,1,06,,2,134,8,,0,4,,,,948161,-,3,1,62,0331,62,0,78,72,3,1,,0,0,10.2,5,,1,2,1971-05-14,06
71LA03025,71,2,2730,6,70,700,7809,61,6,,4,50,,1,06,,1,112,8,2,0,4,,,,,,3,1,62,0476,62,1,88,70,2,1,,1,2,12.0,10,,1,1,1971-04-22,06
71LA03026,71,1,2731,6,70,700,7809,61,6,,4,50,,1,06,,1,112,8,2,0,4,,6,,,,,1,62,0476,62,0,0,70,2,1,,0,0,11.8,0,,1,2,1971-04-22,06
71LA03027,71,2,2265,6,77,770,7816,61,6,,4,50,,1,06,,1,105,8,4,0,3,,,,,,2,1,62,0394,62,1,68,77,6,1,,1,2,10.0,10,,1,1,1971-04-15,06
71LA03028,71,1,2266,6,77,770,7816,61,6,,4,50,,1,06,,1,105,8,4,0,3,,,,,,2,1,62,0394,62,0,70,77,6,1,,0,0,10.0,10,,1,2,1971-04-15,06
71LA03029,71,1,2529,6,76,760,7817,61,6,,4,50,,1,06,,1,109,8,2,0,4,,,,,,2,1,62,0464,62,1,59,76,6,1,,1,2,11.4,10,,2,1,1971-04-19,06
71LA03030,71,1,2530,6,76,760,7817,61,6,,4,50,,1,06,,1,109,8,2,0,4,,,,,,2,1,62,0464,62,0,51,76,6,1,,0,0,8.2,10,,2,2,1971-04-19,06
71LA03031,71,1,3016,6,76,760,7820,61,6,,4,50,,1,06,,1,118,8,2,0,4,,,,,,3,1,62,0464,62,1,68,76,6,1,,1,2,12.2,10,,1,1,1971-04-28,06
71LA03032,71,1,3017,6,76,760,7820,61,6,,4,50,,1,06,,1,118,8,2,0,4,,,,,,3,1,62,0464,62,0,76,76,6,1,,0,0,11.4,10,,1,2,1971-04-28,06
71LA03033,71,1,2294,6,73,732,7829,61,6,,4,50,,1,06,,1,105,8,4,0,3,,,,,,2,1,62,1697,62,1,82,73,6,1,,1,2,9.0,10,,2,1,1971-04-15,06
71LA03034,71,2,2295,6,73,732,7829,61,6,,4,50,,1,06,,1,105,8,4,0,3,,,,,,2,1,62,1697,62,0,77,73,6,1,,0,0,9.4,10,,2,2,1971-04-15,06
71LA03035,71,2,3069,6,73,731,7834,61,6,,4,50,,1,06,,1,121,8,4,0,3,,,,,,3,1,62,2008,62,1,80,73,6,1,,1,2,10.6,10,,1,1,1971-05-01,06
71LA03036,71,2,3070,6,73,731,7834,61,6,,4,50,,1,06,,1,121,8,4,0,3,,,,,&,,1,62,2008,62,0,91,73,6,1,,0,0,10.0,5,,1,2,1971-05-01,06
71LA03037,71,1,2938,6,74,741,7838,61,6,,4,50,,1,06,,1,117,5,4,0,4,,,,,,3,1,62,1243,62,1,102,74,6,1,,1,1,13.0,10,,2,1,1971-04-27,06
71LA03038,71,2,2668,6,77,771,7845,61,6,,4,50,,1,06,,1,111,8,4,0,4,,,,,,2,1,62,0468,62,1,74,77,6,1,,1,2,10.0,10,,1,1,1971-04-21,06
71LA03039,71,2,2669,6,77,771,7845,61,6,,4,50,,1,06,,3,111,8,4,0,4,,,,,,2,1,62,0468,62,0,67,77,6,1,,0,0,9.0,10,,1,2,1971-04-21,06
71LA03040,71,1,2965,6,74,740,7849,61,6,,4,50,,1,06,,1,117,8,4,0,3,,,,,,3,1,62,0274,62,1,92,74,6,1,,1,2,10.0,10,,2,1,1971-04-27,06
71LA03041,71,2,2966,6,74,740,7849,61,6,,4,50,,2,06,,3,117,8,4,0,3,,6,,,,,1,62,0274,62,0,0,74,6,1,,0,0,8.4,0,,2,2,1971-04-27,06
71LA03042,71,1,2159,6,76,761,7867,61,6,,4,50,,1,06,,1,102,8,4,0,5,,,,,,2,1,62,0367,62,1,85,76,6,1,,1,2,9.0,10,,2,1,1971-04-12,06
71LA03043,71,1,2160,6,76,761,7867,61,6,,4,50,,1,06,,2,102,8,4,0,5,,6,,,,,1,62,0367,62,0,0,76,6,1,,0,0,9.2,0,,2,2,1971-04-12,06
71LA03044,71,1,2267,6,77,772,7870,61,6,,4,50,,1,06,,1,105,8,2,0,3,,,,,,2,1,62,0597,62,1,74,77,6,1,,1,2,8.4,10,,1,1,1971-04-15,06
71LA03045,71,2,2268,6,77,772,7870,61,6,,4,50,,1,06,,1,105,8,2,117,3,,6,,,,,1,62,0597,62,0,0,77,6,1,,0,0,7.4,0,,1,2,1971-04-15,06
71LA03046,71,2,2703,6,74,742,7873,61,6,,4,50,,1,06,,1,112,5,2,0,4,,,,,,2,1,62,0897,62,1,78,74,6,1,,1,1,12.8,10,,2,1,1971-04-22,06
71LA03047,71,1,2192,6,76,760,7876,61,6,,4,50,,1,06,,1,103,5,2,0,3,,6,,,,,1,62,0464,62,1,0,76,6,1,,1,1,10.8,0,,2,1,1971-04-13,06
71LA03048,71,2,2479,6,72,813,7880,61,6,,4,50,,1,06,,1,108,5,,115,4,,6,,,,,1,62,0705,62,1,0,72,3,1,,1,1,10.4,0,,2,1,1971-04-18,06
71LA03049,71,1,2420,6,78,782,7887,61,6,,4,50,,1,06,,1,107,8,,0,4,,,,,&,,1,62,0504,62,1,95,78,6,1,,1,2,9.2,5,,2,1,1971-04-17,06
71LA03050,71,2,2421,6,78,782,7887,61,6,,4,50,,1,06,,1,107,8,,0,4,,,,,&,,1,62,0504,62,0,55,78,6,1,,0,0,8.0,5,,2,2,1971-04-17,06
71LA03051,71,2,2683,6,76,762,7891,61,6,,4,50,,1,06,,1,112,8,2,0,4,,,,,,2,1,62,0931,62,1,67,76,6,1,,1,2,10.2,10,,2,1,1971-04-22,06
71LA03052,71,1,2684,6,76,762,7891,61,6,,4,50,,1,06,,1,112,8,2,0,4,,,,,,2,1,62,0931,62,0,64,76,6,1,,0,0,11.2,10,,2,2,1971-04-22,06
71LA03053,71,1,2431,6,78,780,7897,61,6,,4,50,,1,06,,1,108,8,4,0,2,,,,,,2,1,62,0677,62,1,78,78,6,1,,1,2,10.4,10,,1,1,1971-04-18,06
71LA03054,71,2,2432,6,78,780,7897,61,6,,4,50,,1,06,,1,108,8,4,0,2,,,,,&,,1,62,0677,62,0,80,78,6,1,,0,0,8.0,5,,1,2,1971-04-18,06
71LA03055,71,1,2602,6,77,770,7898,61,6,,4,50,,1,06,,1,110,5,4,0,3,,,,,,2,1,62,0394,62,1,66,77,6,1,,1,1,9.4,10,,2,1,1971-04-20,06
71LA03056,71,1,2961,6,72,803,7905,61,6,,4,50,,2,06,,1,117,5,2,0,4,,,,,,3,1,62,0425,62,1,94,72,3,1,,1,1,12.0,10,,1,1,1971-04-27,06
71LA03057,71,,,0,77,771,7908,61,6,,4,50,,,06,,,139,,4,0,,,,,,,,1,62,0468,62,1,0,77,6,0,,0,0,0.0,0,,2,1,1971-05-19,06
71LA03058,71,2,2222,6,76,760,7916,61,6,,4,50,,1,06,,1,104,5,2,0,5,,,,,,2,1,62,0464,62,1,92,76,6,1,,1,1,11.6,10,,1,1,1971-04-14,06
71LA03059,71,1,2870,6,73,730,7924,61,6,,4,50,,1,06,,1,115,8,,0,3,,,,,&,,1,62,0533,62,0,53,73,6,1,,0,0,11.2,5,,1,2,1971-04-25,06
71LA03060,71,2,2869,6,73,730,7924,61,6,,4,50,,1,06,,1,115,8,,0,3,04,,,,,3,1,62,0533,62,1,76,73,6,1,,1,2,12.4,10,,1,1,1971-04-25,06
71LA03061,71,1,2501,6,10,103,7948,61,6,33,4,50,,1,06,,1,109,5,,0,3,,,31,,,1,1,62,0687,62,1,68,10,1,1, 7,1,1,10.4,10,,1,1,1971-04-19,06
71LA03062,71,2,,0,10,103,7949,61,6,33,4,50,,1,06,,1,90,1,,0,4,,1,31,051707,+,,1,62,0687,62,1,0,10,1,0, 6,1,1,11.0,5,,1,1,1971-03-31,06
71LA03063,71,1,2673,6,73,732,7955,61,6,,4,50,,1,06,,1,111,5,4,0,4,,,,,,2,1,62,1697,62,1,75,73,6,1,,1,1,11.2,10,,1,1,1971-04-21,06
71LA03064,71,1,2957,6,78,780,7956,61,6,,4,50,,1,06,,1,117,5,2,0,5,,,,,,3,1,62,0677,62,1,77,78,6,1,,1,1,12.8,10,,2,1,1971-04-27,06
71LA03065,71,1,2495,6,02,023,7962,61,6,27,4,50,,1,06,,1,109,8,,0,3,,,22,,,6,1,62,0155,62,1,75,02,1,1, 6,1,2,10.6,10,,1,1,1971-04-19,06
71LA03066,71,2,2496,6,02,023,7962,61,6,27,4,50,,1,06,,1,109,8,,0,3,,,22,,,6,1,62,0155,62,0,56,02,1,1, 6,0,0,8.0,10,,1,2,1971-04-19,06
71LA03067,71,2,2480,6,76,760,7970,61,6,,4,50,,1,06,,1,108,8,4,0,3,,,,,,2,1,62,0464,62,1,66,76,6,1,,1,2,8.0,10,,2,1,1971-04-18,06
71LA03068,71,2,2481,6,76,760,7970,61,6,,4,50,,1,06,,1,108,8,4,152,3,,6,,,,,1,62,0464,62,0,0,76,6,1,,0,0,6.6,0,,2,2,1971-04-18,06
71LA03069,71,2,2190,6,72,993,7972,61,6,,4,50,,1,06,,1,103,8,2,0,4,,,,,,2,1,62,0656,62,1,71,72,3,1,,1,2,9.6,10,,1,1,1971-04-13,06
71LA03070,71,2,2191,6,72,993,7972,61,6,,4,50,,1,06,,1,103,8,2,0,4,,,,,,2,1,62,0656,62,0,61,72,3,1,,0,0,9.4,10,,1,2,1971-04-13,06
71LA03071,71,,,0,01,013,7975,61,6,34,4,50,,,06,,,115,,,0,,,,35,,,,1,62,0125,62,0,0,01,1,0, 6,0,0,0.0,0,,1,1,1971-04-25,06
71LA03072,71,,,0,77,772,7993,61,6,,4,50,,,06,,,133,,2,0,,,,,,,,1,62,0597,62,1,0,77,6,0,,0,0,0.0,0,,2,1,1971-05-13,06
71LA03073,71,1,2797,6,78,782,7998,61,6,,4,50,,1,06,,2,114,5,4,0,5,,,,,,3,1,62,0504,62,1,87,78,6,1,,1,1,12.2,10,,1,1,1971-04-24,06
71LA03074,71,2,2798,6,73,731,8002,61,6,,4,50,,1,06,,1,114,5,4,0,3,,6,,,,,1,62,2008,62,1,0,73,6,1,,1,1,10.0,0,,2,1,1971-04-24,06
71LA03075,71,2,2263,6,70,702,8014,61,6,,4,50,,1,06,,1,105,8,2,0,3,,,,873561,-,2,1,62,0849,62,0,41,70,2,1,,0,0,7.0,5,,2,2,1971-04-15,06
71LA03076,71,1,2262,6,70,702,8014,61,6,,4,50,,1,06,,1,105,8,2,120,3,04,6,,,,,1,62,0849,62,1,0,70,2,1,,1,2,10.0,0,,2,1,1971-04-15,06
71LA03077,71,2,2717,6,70,701,8016,61,6,,4,50,,1,06,,1,112,5,4,0,2,,,,,,3,1,62,0599,62,1,74,70,2,1,,1,1,7.0,10,,1,1,1971-04-22,06
71LA03078,71,2,2944,6,76,762,8023,61,6,,4,50,,1,06,,1,117,8,4,136,3,,6,,,,,1,62,0931,62,1,0,76,6,1,,1,2,10.6,0,,1,1,1971-04-27,06
71LA03079,71,1,2945,6,76,762,8023,61,6,,4,50,,1,06,,1,117,8,4,0,3,,,,,,3,1,62,0931,62,0,85,76,6,1,,0,0,10.2,10,,1,2,1971-04-27,06
71LA03080,71,1,2971,6,76,761,8025,61,6,,4,50,,1,06,,1,117,8,,0,5,,,,,,3,1,62,0367,62,0,68,76,6,1,,0,0,11.2,10,,1,2,1971-04-27,06
71LA03081,71,2,2970,6,76,761,8025,61,6,,4,50,,1,06,,1,117,8,,0,5,11,,,,,3,1,62,0367,62,1,62,76,6,1,,1,2,10.0,10,,1,1,1971-04-27,06
71LA03082,71,,,0,70,702,8027,61,6,,4,50,,,06,,,130,,2,0,,,,,,,,1,62,0849,62,1,0,70,2,0,,0,0,0.0,0,,1,1,1971-05-10,06
71LA03083,71,,,0,99,091,8028,61,6,,4,50,,,53,1,,0,,,0,,,,,,,,1,90,0005,95,1,0,75,8,0,,0,0,0.0,0,,1,1,,06
71LA03084,71,2,8091,9,00,091,8028,61,6,,4,50,,5,60,2,1,133,8,,0,4,,,,,,3,1,90,0000,98,1,66,75,0,1,,1,2,10.0,10,,1,1,1971-05-13,06
71LA03085,71,2,8092,9,00,091,8028,61,6,,4,50,,5,60,2,1,133,8,,135,4,,6,,,,,1,90,0000,98,0,0,75,0,1,,0,0,8.4,0,,1,2,1971-05-13,06
71LA03086,71,1,2911,6,76,761,8036,61,6,,4,50,,1,06,,1,116,8,4,0,4,,,,,,3,1,62,0367,62,1,67,76,6,1,,1,2,10.0,10,,2,1,1971-04-26,06
71LA03087,71,1,2912,6,76,761,8036,61,6,,4,50,,1,06,,1,116,8,4,0,4,,6,,,,,1,62,0367,62,0,0,76,6,1,,0,0,11.6,0,,2,2,1971-04-26,06
71LA03088,71,2,2289,6,74,741,8037,61,6,,4,50,,1,06,,1,105,5,2,0,4,,,,,,2,1,62,1243,62,1,100,74,6,1,,1,1,12.2,10,,1,1,1971-04-15,06
71LA03089,71,1,3020,6,77,770,8039,61,6,,4,50,,1,06,,1,119,8,4,0,5,,6,,,,,1,62,0394,62,1,0,77,6,1,,1,2,12.0,0,,1,1,1971-04-29,06
71LA03090,71,1,3021,6,77,770,8039,61,6,,4,50,,1,06,,3,119,8,4,0,5,,,,,,3,1,62,0394,62,0,78,77,6,1,,0,0,11.8,10,,1,2,1971-04-29,06
71LA03091,71,1,2892,6,77,771,8050,61,6,,4,50,,1,06,,1,115,5,4,0,5,,,,,,3,1,62,0468,62,1,106,77,6,1,,1,1,12.6,10,,1,1,1971-04-25,06
71LA03092,71,1,2922,6,75,750,8054,61,6,,4,50,,1,06,,1,116,5,2,0,5,,,,,,3,1,62,0304,62,1,89,75,6,1,,1,1,12.0,10,,1,1,1971-04-26,06
71LA03093,71,2,2407,6,02,023,8056,61,6,27,4,50,,1,06,,1,107,8,,0,3,,,28,,,6,1,62,0155,62,1,62,02,1,1, 6,1,2,8.0,10,,1,1,1971-04-17,06
71LA03094,71,2,2408,6,02,023,8056,61,6,27,4,50,,1,06,,1,107,8,,0,3,,,28,,,6,1,62,0155,62,0,56,02,1,1, 6,0,0,9.0,10,,1,2,1971-04-17,06
71LA03095,71,1,2770,6,74,740,8062,61,6,,4,50,,1,06,,1,113,8,2,0,5,,,,,,3,1,62,0274,62,1,69,74,6,1,,1,2,8.2,10,,1,1,1971-04-23,06
71LA03096,71,1,2771,6,74,740,8062,61,6,,4,50,,1,06,,1,113,8,2,0,5,,,,,,3,1,62,0274,62,0,61,74,6,1,,0,0,8.0,10,,1,2,1971-04-23,06
71LA03097,71,1,3085,6,70,701,8063,61,6,,4,50,,1,06,,1,122,5,2,0,4,,,,,,3,1,62,0599,62,1,92,70,2,1,,1,1,12.6,10,,2,1,1971-05-02,06
71LA03098,71,1,2104,6,10,103,8064,61,6,34,4,50,,1,06,,1,98,5,,0,5,,,32,,,1,1,62,0687,62,1,82,10,1,1, 7,1,1,15.0,10,,1,1,1971-04-08,06
71LA03099,71,2,2098,6,02,023,8066,61,6,29,4,50,,1,06,,1,98,5,,0,3,,,33,,,6,1,62,0155,62,1,80,02,1,1, 6,1,1,9.4,10,,1,1,1971-04-08,06
71LA03100,71,2,2642,6,77,772,8070,61,6,,4,50,,1,06,,1,111,5,4,0,4,,,,,,2,1,62,0597,62,1,86,77,6,1,,1,1,11.0,10,,1,1,1971-04-21,06
71LA03101,71,2,2833,6,78,781,8077,61,6,,4,50,,1,06,,1,114,5,2,0,4,,6,,,,,1,62,0772,62,1,0,78,6,1,,1,1,12.0,0,,2,1,1971-04-24,06
71LA03102,71,1,2732,6,76,762,8082,61,6,,4,50,,1,06,,2,113,8,4,0,4,,,,,,3,1,62,0931,62,1,59,76,6,1,,1,2,7.8,10,,2,1,1971-04-23,06
71LA03103,71,1,2733,6,76,762,8082,61,6,,4,50,,1,06,,2,113,8,4,0,4,,,,,,3,1,62,0931,62,0,90,76,6,1,,0,0,7.6,10,,2,2,1971-04-23,06
71LA03104,71,2,2829,6,78,780,8084,61,6,,4,50,,1,06,,1,114,5,2,0,4,,,,,,3,1,62,0677,62,1,70,78,6,1,,1,1,10.0,10,,1,1,1971-04-24,06
71LA03105,71,2,3058,6,77,770,8090,61,6,,4,50,,1,06,,1,120,8,2,0,5,,6,,,,,1,62,0394,62,1,0,77,6,1,,1,2,10.0,0,,2,1,1971-04-30,06
71LA03106,71,1,3060,6,77,770,8090,61,6,,4,50,,1,06,,1,120,8,2,0,5,,,,,,3,1,62,0394,62,0,80,77,6,1,,0,0,9.4,10,,2,2,1971-04-30,06
71LA03107,71,1,2575,6,03,033,8092,61,6,36,4,50,,1,06,,1,110,5,,0,5,,,32,,,6,1,62,0258,62,1,86,03,1,1, 6,1,1,11.2,10,,1,1,1971-04-20,06
71LA03108,71,1,2623,6,75,751,8097,61,6,,4,50,,1,06,,1,110,5,2,0,3,,,,,&,,1,62,0601,62,1,98,75,6,1,,1,1,11.6,5,47,1,1,1971-04-20,06
71LA03109,71,1,2613,6,73,730,8121,61,6,,4,50,,1,06,,1,110,8,4,0,4,,,,,,2,1,62,0533,62,1,73,73,6,1,,1,2,7.6,10,,2,1,1971-04-20,06
71LA03110,71,1,2614,6,73,730,8121,61,6,,4,50,,1,06,,1,110,8,4,0,4,,,,,,2,1,62,0533,62,0,63,73,6,1,,0,0,7.0,10,,2,2,1971-04-20,06
71LA03111,71,2,2194,6,75,752,8122,61,6,,4,50,,1,06,,1,103,5,4,0,2,,,,,,2,1,62,0949,62,1,87,75,6,1,,1,1,9.4,10,,1,1,1971-04-13,06
71LA03112,71,2,2357,6,78,782,8128,61,6,,4,50,,1,06,,1,106,5,4,0,4,,,,,,2,1,62,0504,62,1,93,78,6,1,,1,1,12.0,10,,2,1,1971-04-16,06
71LA03113,71,1,2278,6,03,033,8129,61,6,35,4,50,,1,06,,1,105,5,,0,2,,,31,,,1,1,62,0258,62,1,91,03,1,1, 7,1,1,12.0,10,,1,1,1971-04-15,06
71LA03114,71,,,0,70,702,8131,61,6,,4,50,,,06,,,133,,2,0,,,,,,,,1,62,0849,62,1,0,70,2,0,,0,0,0.0,0,,2,1,1971-05-13,06
71LA03115,71,2,2843,6,70,701,8153,61,6,,4,50,,1,06,,1,114,8,2,0,4,,,,,,3,1,62,0599,62,1,68,70,2,1,,1,2,10.2,10,,1,1,1971-04-24,06
71LA03116,71,1,2844,6,70,701,8153,61,6,,4,50,,1,06,,1,114,8,2,0,4,,,,,,3,1,62,0599,62,0,97,70,2,1,,0,0,11.6,10,,1,2,1971-04-24,06
71LA03117,71,1,8019,9,99,090,8156,61,6,,4,50,,1,53,,1,103,5,,0,5,,,,,,,1,90,0004,95,1,86,72,8,1,,1,1,11.6,10,,1,1,1971-04-13,06
71LA03118,71,2,2399,6,74,742,8160,61,6,,4,50,,1,06,,1,107,5,2,0,4,,,,,,2,1,62,0897,62,1,81,74,6,1,,1,1,11.6,10,,1,1,1971-04-17,06
71LA03119,71,1,2952,6,72,983,8165,61,6,,4,50,,1,06,,1,117,5,4,0,4,,,,,,3,1,62,0943,62,1,86,72,3,1,,1,1,12.2,10,,2,1,1971-04-27,06
71LA03120,71,1,2346,6,72,973,8167,61,6,,4,50,,1,06,,1,106,5,4,0,4,,,,,,2,1,62,0581,62,1,83,72,3,1,,1,1,12.6,10,,1,1,1971-04-16,06
71LA03121,71,2,2264,6,78,780,8170,61,6,,4,50,,1,06,,1,105,5,2,0,3,,,,,,2,1,62,0677,62,1,81,78,6,1,,1,1,12.2,10,,2,1,1971-04-15,06
71LA03122,71,2,2430,6,77,771,8175,61,6,,4,50,,1,06,,3,108,5,4,0,3,,,,,,2,1,62,0468,62,1,58,77,6,1,,1,1,7.6,10,,2,1,1971-04-18,06
71LA03123,71,2,2510,6,74,741,8177,61,6,,4,50,,1,06,,1,109,5,2,0,4,,,,,,1,1,62,1243,62,1,88,74,6,1,,1,1,10.6,10,,2,1,1971-04-19,06
71LA03124,71,1,2698,6,72,963,8191,61,6,,4,50,,1,06,,1,112,5,2,0,2,,,,,,3,1,62,1007,62,1,61,72,3,1,,1,1,8.4,10,,2,1,1971-04-22,06
71LA03125,71,1,2884,6,76,761,8194,61,6,,4,50,,1,06,,3,115,8,4,0,5,,,,,,3,1,62,0367,62,1,64,76,6,1,,1,2,10.8,10,,1,1,1971-04-25,06
71LA03126,71,1,2885,6,76,761,8194,61,6,,4,50,,1,06,,1,115,8,4,0,5,,,,,,3,1,62,0367,62,0,46,76,6,1,,0,0,11.4,10,,1,2,1971-04-25,06
71LA03127,71,2,2807,6,70,700,8196,61,6,,4,50,,1,06,,1,114,8,2,0,4,,,,,,3,1,62,0476,62,1,74,70,2,1,,1,2,11.4,10,,2,1,1971-04-24,06
71LA03128,71,1,2808,6,70,700,8196,61,6,,4,50,,1,06,,1,114,8,2,117,4,,6,,,,,1,62,0476,62,0,0,70,2,1,,0,0,7.6,0,,2,2,1971-04-24,06
71LA03129,71,1,2878,6,77,772,8205,61,6,,4,50,,1,06,,1,115,8,2,0,4,,,,,,3,1,62,0597,62,1,44,77,6,1,,1,2,10.8,10,,2,1,1971-04-25,06
71LA03130,71,1,2879,6,77,772,8205,61,6,,4,50,,1,06,,1,115,8,2,0,4,,,,,,3,1,62,0597,62,0,80,77,6,1,,0,0,12.4,10,,2,2,1971-04-25,06
71LA03131,71,1,2781,6,72,953,8207,61,6,,4,50,,1,06,,1,113,8,2,0,4,,,,,,3,1,62,0554,62,1,69,72,3,1,,1,2,9.4,10,,1,1,1971-04-23,06
71LA03132,71,1,2782,6,72,953,8207,61,6,,4,50,,1,06,,2,113,8,2,0,4,,,,,,3,1,62,0554,62,0,70,72,3,1,,0,0,10.6,10,,1,2,1971-04-23,06
71LA03133,71,1,2622,6,72,943,8208,61,6,,4,50,,1,06,,1,110,5,4,136,4,,6,,,,,1,62,0859,62,1,0,72,3,1,,1,1,11.4,0,,2,1,1971-04-20,06
71LA03134,71,1,2687,6,72,933,8213,61,6,,4,50,,1,06,,1,112,5,4,0,4,,,,,,3,1,62,0161,62,1,57,72,3,1,,1,1,10.4,10,,2,1,1971-04-22,06
71LA03135,71,1,2237,6,74,740,8229,61,6,,4,50,,1,06,,1,104,8,4,0,4,,,,,,2,1,62,0274,62,1,70,74,6,1,,1,2,9.4,10,,2,1,1971-04-14,06
71LA03136,71,2,2238,6,74,740,8229,61,6,,4,50,,1,06,,1,104,8,4,0,4,,,,,,2,1,62,0274,62,0,75,74,6,1,,0,0,9.0,10,,2,2,1971-04-14,06
71LA03137,71,2,2700,6,72,923,8240,61,6,,4,50,,1,06,,1,112,5,2,120,5,,6,,,,,1,62,0982,62,1,0,72,3,1,,1,1,11.2,0,,2,1,1971-04-22,06
71LA03138,71,2,2493,6,74,742,8241,61,6,,4,50,,2,06,,1,109,8,4,0,3,,,,,,2,1,62,0897,62,1,76,74,6,1,,1,2,9.8,10,,2,1,1971-04-19,06
71LA03139,71,1,2494,6,74,742,8241,61,6,,4,50,,1,06,,1,109,8,4,0,3,,,,,,2,1,62,0897,62,0,79,74,6,1,,0,0,9.8,10,21,2,2,1971-04-19,06
71LA03140,71,1,2954,6,75,751,8249,61,6,,4,50,,1,06,,1,117,8,2,160,3,,6,,,,,1,62,0601,62,1,0,75,6,1,,1,2,10.4,0,,2,1,1971-04-27,06
71LA03141,71,2,2955,6,75,751,8249,61,6,,4,50,,1,06,,1,117,8,2,0,3,,,,,,3,1,62,0601,62,0,72,75,6,1,,0,0,10.8,10,,2,2,1971-04-27,06
71LA03142,71,2,2841,6,70,702,8253,61,6,,4,50,,1,06,,3,114,8,2,0,4,,,,,,3,1,62,0849,62,1,83,70,2,1,,1,2,11.2,10,,1,1,1971-04-24,06
71LA03143,71,2,2842,6,70,702,8253,61,6,,4,50,,1,06,,1,114,8,2,0,4,,,,,,3,1,62,0849,62,0,67,70,2,1,,0,0,10.4,10,,1,2,1971-04-24,06
71LA03144,71,1,2972,6,75,750,8256,61,6,,4,50,,1,06,,1,117,5,2,0,4,,,,,,3,1,62,0304,62,1,94,75,6,1,,1,1,12.0,10,,2,1,1971-04-27,06
71LA03145,71,1,2795,6,74,741,8260,61,6,,4,50,,1,06,,1,114,8,2,0,4,,6,,,,,1,62,1243,62,1,0,74,6,1,,1,2,10.6,0,,1,1,1971-04-24,06
71LA03146,71,2,2796,6,74,741,8260,61,6,,4,50,,1,06,,1,114,8,2,123,4,,6,,,,,1,62,1243,62,0,0,74,6,1,,0,0,9.8,0,,1,2,1971-04-24,06
71LA03147,71,2,2919,6,75,752,8261,61,6,,4,50,,1,06,,1,116,5,4,0,4,,,,,,3,1,62,0949,62,1,83,75,6,1,,1,1,13.4,10,,2,1,1971-04-26,06
71LA03148,71,2,2396,6,70,701,8268,61,6,,4,50,,1,06,,1,107,5,2,0,3,,,,,,2,1,62,0599,62,1,78,70,2,1,,1,1,11.0,10,,2,1,1971-04-17,06
71LA03149,71,1,2555,6,70,702,8277,61,6,,4,50,,1,06,,1,109,8,4,0,3,,,,,,2,1,62,0849,62,1,80,70,2,1,,1,2,11.2,10,,2,1,1971-04-19,06
71LA03150,71,2,2556,6,70,702,8277,61,6,,4,50,,1,06,,1,109,8,4,0,3,,,,,,,1,62,0849,62,0,70,70,2,1,,0,0,10.4,10,,2,2,1971-04-19,06
71LA03151,71,2,2901,6,72,913,8280,61,6,,4,50,,1,06,,1,116,8,4,0,4,,,,,,3,1,62,0412,62,1,66,72,3,1,,1,2,8.6,10,,2,1,1971-04-26,06
71LA03152,71,2,2902,6,72,913,8280,61,6,,4,50,,1,06,,1,116,8,4,0,4,,,,,,3,1,62,0412,62,0,66,72,3,1,,0,0,7.4,10,,2,2,1971-04-26,06
71LA03153,71,1,2551,6,70,700,8288,61,6,,4,50,,1,06,,1,109,8,2,160,5,,6,,,&,,1,62,0476,62,1,0,70,2,1,,1,2,9.4,0,,1,1,1971-04-19,06
71LA03154,71,1,2552,6,70,700,8288,61,6,,4,50,,1,06,,1,109,8,2,0,5,,,,,,2,1,62,0476,62,0,81,70,2,1,,0,0,8.4,10,,1,2,1971-04-19,06
71LA03155,71,2,3098,6,73,732,8297,61,6,,4,50,,2,06,,1,125,5,4,0,3,,,,,,3,1,62,1697,62,1,80,73,6,1,,1,1,11.2,10,,2,1,1971-05-05,06
71LA03156,71,1,2606,6,70,700,8301,61,6,,4,50,,1,06,,1,110,5,4,112,3,,6,,,,,1,62,0476,62,1,0,70,2,1,,1,1,8.0,0,,2,1,1971-04-20,06
71LA03157,71,2,2625,6,75,751,8303,61,6,,4,50,,1,06,,1,110,5,4,0,4,,,,,,2,1,62,0601,62,1,82,75,6,1,,1,1,10.2,10,,1,1,1971-04-20,06
71LA03158,71,1,2239,6,74,740,8307,61,6,,4,50,,1,06,,1,104,8,2,0,4,,,,,,2,1,62,0274,62,1,79,74,6,1,,1,2,10.6,10,,1,1,1971-04-14,06
71LA03159,71,2,2240,6,74,740,8307,61,6,,4,50,,1,06,,1,104,8,2,0,4,,,,,,2,1,62,0274,62,0,72,74,6,1,,0,0,9.0,10,,1,2,1971-04-14,06
71LA03160,71,1,2875,6,75,750,8311,61,6,,4,50,,1,06,,1,115,8,2,0,4,,,,,,3,1,62,0304,62,1,79,75,6,1,,1,2,11.4,10,,1,1,1971-04-25,06
71LA03161,71,1,2876,6,75,750,8311,61,6,,4,50,,1,06,,1,115,8,2,0,4,,,,,,3,1,62,0304,62,0,82,75,6,1,,0,0,10.0,10,,1,2,1971-04-25,06
71LA03162,71,,,0,74,742,8312,61,6,,4,50,,,06,,,130,,2,0,,,,,,,,1,62,0897,62,1,0,74,6,0,,0,0,0.0,0,,1,1,1971-05-10,06
71LA03163,71,,,0,75,752,8316,61,6,,4,50,,,06,,,95,,,0,,,,,,,,1,62,0949,62,0,0,75,6,0,,0,0,0.0,0,,1,1,1971-04-05,06
71LA03164,71,2,3105,6,01,013,8323,61,6,31,4,50,,1,06,,1,128,5,,0,3,,,30,,,1,1,62,0125,62,1,64,01,1,1, 7,1,1,8.0,10,,1,1,1971-05-08,06
71LA03165,71,2,2834,6,75,751,8325,61,6,,4,50,,1,06,,1,114,8,,0,4,,,,,&,,1,62,0601,62,1,63,75,6,1,,1,2,10.8,5,,2,1,1971-04-24,06
71LA03166,71,1,2835,6,75,751,8325,61,6,,4,50,,1,06,,1,114,8,,0,4,,,,,&,,1,62,0601,62,0,74,75,6,1,,0,0,11.2,5,,2,2,1971-04-24,06
71LA03167,71,2,2757,6,76,762,8352,61,6,,4,50,,1,06,,1,113,8,4,0,4,,,,,,3,1,62,0931,62,1,68,76,6,1,,1,2,8.4,10,,1,1,1971-04-23,06
71LA03168,71,1,2758,6,76,762,8352,61,6,,4,50,,1,06,,1,113,8,4,0,4,,,,,,3,1,62,0931,62,0,66,76,6,1,,0,0,9.0,10,,1,2,1971-04-23,06
71LA03169,71,2,2615,6,75,750,8356,61,6,,4,50,,1,06,,1,110,8,4,0,4,,,,,,2,1,62,0304,62,1,73,75,6,1,,1,2,10.4,10,,2,1,1971-04-20,06
71LA03170,71,1,2616,6,75,750,8356,61,6,,4,50,,1,06,,1,110,8,4,0,4,,,,,,2,1,62,0304,62,0,66,75,6,1,,0,0,11.2,10,,2,2,1971-04-20,06
71LA03171,71,2,2749,6,76,761,8360,61,6,,4,50,,1,06,,1,113,5,4,0,3,,,,,,3,1,62,0367,62,1,84,76,6,1,,1,1,9.6,10,,2,1,1971-04-23,06
71LA03172,71,2,2863,6,72,903,8362,61,6,,4,50,,1,06,,1,115,5,4,0,4,,,,,,3,1,62,0826,62,1,91,72,3,1,,1,1,10.8,10,,2,1,1971-04-25,06
71LA03173,71,1,2319,6,74,741,8366,61,6,,4,50,,2,06,,1,106,8,,0,4,,,,,,2,1,62,1243,62,1,81,74,6,1,,1,2,10.4,10,,2,1,1971-04-16,06
71LA03174,71,2,2320,6,74,741,8366,61,6,,4,50,,1,06,,1,106,8,,0,4,,,,,,2,1,62,1243,62,0,76,74,6,1,,0,0,9.0,10,,2,2,1971-04-16,06
71LA03175,71,1,2390,6,70,701,8372,61,6,,4,50,,1,06,,1,107,5,,0,3,04,,,,,2,1,62,0599,62,1,86,70,2,1,,1,1,13.4,10,,1,1,1971-04-17,06
71LA03176,71,1,2893,6,73,731,8374,61,6,,4,50,,1,06,,1,116,5,2,0,5,,,,,,3,1,62,2008,62,1,107,73,6,1,,1,1,10.8,10,,1,1,1971-04-26,06
71LA03177,71,1,3083,6,73,730,8375,61,6,,4,50,,1,06,,1,122,8,2,0,3,,,,,,3,1,62,0533,62,1,49,73,6,1,,1,2,10.8,10,,1,1,1971-05-02,06
71LA03178,71,1,3084,6,73,730,8375,61,6,,4,50,,1,06,,1,122,8,2,0,3,,,,,,3,1,62,0533,62,0,66,73,6,1,,0,0,10.0,10,,1,2,1971-05-02,06
71LA03179,71,,,0,70,702,8376,61,6,,4,50,,,06,,,130,,2,0,,,,,,,,1,62,0849,62,1,0,70,2,0,,0,0,0.0,0,,1,1,1971-05-10,06
71LA03180,71,1,8020,9,99,090,8381,61,6,,4,50,,1,53,,1,103,5,,0,3,,,,,,,1,90,0004,95,1,94,76,8,1,,1,1,10.8,10,,1,1,1971-04-13,06
71LA03181,71,2,3027,6,70,701,8386,61,6,,4,50,,1,06,,1,119,8,2,0,5,,,,,,3,1,62,0599,62,0,68,70,2,1,,0,0,10.8,10,,2,2,1971-04-29,06
71LA03182,71,2,3026,6,70,701,8386,61,6,,4,50,,1,06,,1,119,8,2,0,5,,,,,,3,1,62,0599,62,1,74,70,2,1,,1,2,12.0,10,03,2,1,1971-04-29,06
71LA03183,71,2,2657,6,75,752,8388,61,6,,4,50,,1,06,,1,111,5,,0,4,,,,,,2,1,62,0949,62,1,77,75,6,1,,1,1,12.0,10,,2,1,1971-04-21,06
71LA03184,71,1,2477,6,73,732,8390,61,6,,4,40,,1,06,,1,108,8,4,0,4,,,,,,2,1,62,1697,62,1,80,73,6,1,,1,2,10.8,10,,1,1,1971-04-18,06
71LA03185,71,1,2478,6,73,732,8390,61,6,,4,40,,1,06,,1,108,8,4,0,4,,,,,,2,1,62,1697,62,0,71,73,6,1,,0,0,8.4,10,,1,2,1971-04-18,06
71LA03186,71,2,2662,6,74,740,8411,61,6,,4,40,,1,06,,1,111,8,1,0,4,,,,,,2,1,62,0274,62,1,69,74,6,1,,1,2,9.0,10,,2,1,1971-04-21,06
71LA03187,71,2,2663,6,74,740,8411,61,6,,4,40,,1,06,,1,111,8,1,0,4,,,,,,2,1,62,0274,62,0,65,74,6,1,,0,0,8.8,10,,2,2,1971-04-21,06
71LA03188,71,2,2806,6,78,782,8414,61,6,,4,40,,1,06,,1,114,8,2,0,4,,,,,,3,1,62,0504,62,0,73,78,6,1,,0,0,9.6,10,,1,2,1971-04-24,06
71LA03189,71,2,2805,6,78,782,8414,61,6,,4,40,,1,06,,1,114,8,2,0,4,,,,,,3,1,62,0504,62,1,71,78,6,1,,1,2,9.6,10,03,1,1,1971-04-24,06
71LA03190,71,2,2168,6,78,781,8415,61,6,,4,40,,1,06,,1,102,8,2,0,4,,,,434342,-,2,1,62,0772,62,1,79,78,6,1,,1,2,8.0,5,,1,1,1971-04-12,06
71LA03191,71,1,2169,6,78,781,8415,61,6,,4,40,,1,06,,1,102,8,2,0,4,,,,,,2,1,62,0772,62,0,93,78,6,1,,0,0,9.0,10,,1,2,1971-04-12,06
71LA03192,71,1,2540,6,77,770,8416,61,6,,4,40,,1,06,,1,109,9,1,111,2,,6,,,,,1,62,0394,62,1,0,77,6,1,,1,3,6.6,0,,1,1,1971-04-19,06
71LA03193,71,2,2541,6,77,770,8416,61,6,,4,40,,1,06,,1,109,9,1,0,2,,,,764314,-,1,1,62,0394,62,0,88,77,6,1,,0,0,8.4,5,,1,2,1971-04-19,06
71LA03194,71,1,2542,6,77,770,8416,61,6,,4,40,,1,06,,1,109,9,1,0,2,,,,,&,,1,62,0394,62,0,89,77,6,1,,0,0,5.6,5,,1,3,1971-04-19,06
71LA03195,71,1,2181,6,03,033,8421,61,6,43,4,40,,1,06,,1,103,8,,0,4,,,41,,,1,1,62,0258,62,1,48,03,1,1, 7,1,2,8.4,10,,1,1,1971-04-13,06
71LA03196,71,1,2182,6,03,033,8421,61,6,43,4,40,,1,06,,1,103,8,,0,4,,,41,,,1,1,62,0258,62,0,57,03,1,1, 7,0,0,8.6,10,,1,2,1971-04-13,06
71LA03197,71,1,2570,6,70,702,8426,61,6,,4,40,,1,06,,1,110,5,4,0,4,,6,,,,,1,62,0849,62,1,0,70,2,1,,1,1,13.0,0,,2,1,1971-04-20,06
71LA03198,71,1,2558,6,76,760,8428,61,6,,4,40,,1,06,,1,109,5,3,0,3,,,,,,2,1,62,0464,62,1,89,76,6,1,,1,1,12.8,10,,1,1,1971-04-19,06
71LA03199,71,1,2417,6,03,033,8429,61,6,41,4,40,,1,06,,1,107,8,,0,5,,6,31,,,,1,62,0258,62,1,0,03,1,1, 6,1,2,8.6,0,,1,1,1971-04-17,06
71LA03200,71,2,2418,6,03,033,8429,61,6,41,4,40,,1,06,,1,107,8,,0,5,,,31,,,6,1,62,0258,62,0,70,03,1,1, 6,0,0,9.0,10,,1,2,1971-04-17,06
71LA03201,71,1,2107,6,03,033,8430,61,6,41,4,40,,1,06,,1,99,5,,0,5,,,31,,,1,1,62,0258,62,1,88,03,1,1, 7,1,1,11.0,10,,1,1,1971-04-09,06
71LA03202,71,1,2096,6,03,033,8431,61,6,47,4,40,,1,06,,1,97,5,,0,2,,,56,,,6,1,62,0258,62,1,98,03,1,1, 6,1,1,9.0,10,,1,1,1971-04-07,06
71LA03203,71,2,,0,01,013,8432,61,6,33,4,40,,1,06,,1,89,0,,0,0,,0,43,,,,1,62,0125,62,1,0,01,1,0, 7,1,1,3.8,0,,1,1,1971-03-30,06
71LA03204,71,2,7975,9,99,091,8434,61,6,,4,40,,1,53,,1,90,7,,0,2,,,,,,,1,90,0005,95,1,84,72,8,1,,1,2,7.2,10,,1,1,1971-03-31,06
71LA03205,71,2,,0,99,091,8434,61,6,,4,40,,1,53,,1,90,7,,0,2,,1,,,,,1,90,0005,95,0,0,72,8,0,,0,0,7.0,0,,1,2,1971-03-31,06
71LA03206,71,2,2801,6,72,893,8435,61,6,,4,40,,1,06,,1,114,5,2,0,5,,,,,,3,1,62,0359,62,1,88,72,3,1,,1,1,12.8,10,,2,1,1971-04-24,06
71LA03207,71,1,,0,02,023,8436,61,6,27,4,40,,1,06,,1,100,1,,0,3,,1,37,549318,+,,1,62,0155,62,1,0,02,1,0, 7,1,1,8.0,5,,1,1,1971-04-10,06
71LA03208,71,1,2653,6,77,771,8442,61,6,,4,40,,1,06,,1,111,8,1,0,3,,,,,,2,1,62,0468,62,1,79,77,6,1,,1,2,12.8,10,,1,1,1971-04-21,06
71LA03209,71,2,2654,6,77,771,8442,61,6,,4,40,,1,06,,1,111,8,1,0,3,,,,,,2,1,62,0468,62,0,71,77,6,1,,0,0,9.6,10,,1,2,1971-04-21,06
71LA03210,71,1,2745,6,77,772,8445,61,6,,4,40,,1,06,,1,113,8,4,0,4,,,,,,3,1,62,0597,62,1,67,77,6,1,,1,2,8.4,10,,1,1,1971-04-23,06
71LA03211,71,2,2746,6,77,772,8445,61,6,,4,40,,1,06,,1,113,8,4,0,4,,6,,,,,1,62,0597,62,0,0,77,6,1,,0,0,8.4,0,,1,2,1971-04-23,06
71LA03212,71,1,2348,6,75,751,8447,61,6,,4,40,,1,06,,1,106,8,2,0,3,,,,,&,,1,62,0601,62,0,91,75,6,1,,0,0,10.0,5,,1,2,1971-04-16,06
71LA03213,71,1,2347,6,75,751,8447,61,6,,4,40,,1,06,,1,106,8,2,0,3,,,,,,2,1,62,0601,62,1,81,75,6,1,,1,2,10.8,10,02,1,1,1971-04-16,06
71LA03214,71,1,2588,6,72,883,8452,61,6,,4,40,,1,06,,1,110,8,2,0,3,,,,,,2,1,62,1001,62,1,78,72,3,1,,1,2,9.0,10,,1,1,1971-04-20,06
71LA03215,71,1,2589,6,72,883,8452,61,6,,4,40,,1,06,,1,110,8,2,0,3,,,,,,2,1,62,1001,62,0,61,72,3,1,,0,0,7.6,10,,1,2,1971-04-20,06
71LA03216,71,1,2185,6,70,700,8455,61,6,,4,40,,1,06,,1,103,8,3,0,2,,,,248342,-,2,1,62,0476,62,0,101,70,2,1,,0,0,10.0,5,,1,2,1971-04-13,06
71LA03217,71,1,2184,6,70,700,8455,61,6,,4,40,,1,06,,1,103,8,3,0,2,,,,,,2,1,62,0476,62,1,86,70,2,1,,1,2,8.4,10,60,1,1,1971-04-13,06
71LA03218,71,2,2323,6,70,701,8456,61,6,,4,40,,1,06,,1,106,8,1,0,3,,,,,,2,1,62,0599,62,1,78,70,2,1,,1,2,10.0,10,,1,1,1971-04-16,06
71LA03219,71,2,2324,6,70,701,8456,61,6,,4,40,,1,06,,1,106,8,1,0,3,,,,,,2,1,62,0599,62,0,31,70,2,1,,0,0,8.0,10,,1,2,1971-04-16,06
71LA03220,71,2,2813,6,76,762,8457,61,6,,4,40,,1,06,,1,114,5,3,0,4,,,,,,3,1,62,0931,62,1,86,76,6,1,,1,1,10.4,10,,2,1,1971-04-24,06
71LA03221,71,2,2580,6,77,770,8458,61,6,,4,40,,1,06,,1,110,5,1,0,4,,,,,,2,1,62,0394,62,1,89,77,6,1,,1,1,12.8,10,,2,1,1971-04-20,06
71LA03222,71,1,2778,6,78,780,8465,61,6,,4,40,,1,06,,1,113,5,4,123,4,,6,,,,,1,62,0677,62,1,0,78,6,1,,1,1,10.6,0,,1,1,1971-04-23,06
71LA03223,71,1,2992,6,74,742,8467,61,6,,4,40,,1,06,,1,118,8,3,0,4,,,,,,3,1,62,0897,62,1,73,74,6,1,,1,2,10.8,10,,2,1,1971-04-28,06
71LA03224,71,2,2993,6,74,742,8467,61,6,,4,40,,2,06,,1,118,8,3,0,4,,6,,,,,1,62,0897,62,0,0,74,6,1,,0,0,8.2,0,,2,2,1971-04-28,06
71LA03225,71,1,2110,6,76,761,8476,61,6,,4,40,,1,06,,1,100,8,4,0,3,,,,,,2,1,62,0367,62,1,76,76,6,1,,1,2,8.8,10,,1,1,1971-04-10,06
71LA03226,71,2,2111,6,76,761,8476,61,6,,4,40,,1,06,,1,100,8,4,0,3,,,,,,,1,62,0367,62,0,83,76,6,1,,0,0,7.0,10,01,1,2,1971-04-10,06
71LA03227,71,2,2676,6,75,750,8477,61,6,,4,40,,1,06,,1,111,8,2,0,3,,,,,,2,1,62,0304,62,1,83,75,6,1,,1,2,8.4,10,,1,1,1971-04-21,06
71LA03228,71,1,2677,6,75,750,8477,61,6,,4,40,,1,06,,1,111,8,2,160,3,,6,,,&,,1,62,0304,62,0,0,75,6,1,,0,0,7.4,0,,1,2,1971-04-21,06
71LA03229,71,1,3045,6,75,752,8483,61,6,,4,40,,1,06,,1,120,5,2,0,4,,,,,,3,1,62,0949,62,1,82,75,6,1,,1,1,10.8,10,,1,1,1971-04-30,06
71LA03230,71,,,0,76,760,8502,61,6,,4,40,,,06,1,,0,,3,0,,,,,,,,1,62,0464,62,1,0,76,6,0,,0,0,0.0,0,,2,1,,06
71LA03231,71,3,8136,9,00,760,8502,61,6,,4,40,,5,60,2,1,145,8,3,0,3,,,,,,3,1,90,0000,98,1,46,76,0,1,,1,2,10.4,10,,2,1,1971-05-25,06
71LA03232,71,2,8137,9,00,760,8502,61,6,,4,40,,5,60,2,1,145,8,3,0,3,,,,,,3,1,90,0000,98,0,51,76,0,1,,0,0,8.6,10,,2,2,1971-05-25,06
71LA03233,71,2,,0,72,873,8511,61,6,,4,40,,1,06,,1,102,1,4,0,4,,1,,215862,+,,1,62,0589,62,1,0,72,3,0,,1,1,8.8,5,,2,1,1971-04-12,06
71LA03234,71,1,3065,6,01,013,8520,61,6,33,4,40,,1,06,,1,120,5,,0,2,,,39,,,6,1,62,0125,62,1,62,01,1,1, 6,1,1,7.2,10,,1,1,1971-04-30,06
71LA03235,71,,,0,01,013,8521,61,6,33,4,40,,,06,,,127,,,0,,,,39,,,,1,62,0125,62,1,0,01,1,0, 7,0,0,0.0,0,,1,1,1971-05-07,06
71LA03236,71,1,2759,6,72,863,8530,61,6,,4,40,,1,06,,1,113,8,2,0,5,,,,,,3,1,62,0253,62,1,84,72,3,1,,1,2,12.0,10,,1,1,1971-04-23,06
71LA03237,71,2,2760,6,72,863,8530,61,6,,4,40,,1,06,,1,113,8,2,0,5,,6,,,,,1,62,0253,62,0,0,72,3,1,,0,0,11.0,0,,1,2,1971-04-23,06
71LA03238,71,2,2146,6,73,731,8538,61,6,,4,40,,1,06,,1,102,5,4,0,4,,,,,,2,1,62,2008,62,1,88,73,6,1,,1,1,11.2,10,,2,1,1971-04-12,06
71LA03239,71,1,2378,6,74,741,8542,61,6,,4,40,,1,06,,1,107,5,1,0,4,,,,,,2,1,62,1243,62,1,108,74,6,1,,1,1,12.6,10,,1,1,1971-04-17,06
71LA03240,71,1,2534,6,75,751,8544,61,6,,4,40,,1,06,,1,109,5,1,0,5,,,,,,2,1,62,0601,62,1,98,75,6,1,,1,1,12.2,10,,2,1,1971-04-19,06
71LA03241,71,1,2216,6,76,762,8545,61,6,,4,40,,1,06,,1,104,8,3,0,4,,,,,,2,1,62,0931,62,1,106,76,6,1,,1,2,9.8,10,,1,1,1971-04-14,06
71LA03242,71,2,2217,6,76,762,8545,61,6,,4,40,,1,06,,1,104,8,3,110,4,,6,,,,,1,62,0931,62,0,0,76,6,1,,0,0,8.6,0,,1,2,1971-04-14,06
71LA03243,71,1,2586,6,03,033,8546,61,6,40,4,40,,1,06,,1,110,8,,0,4,,,28,,,1,1,62,0258,62,1,72,03,1,1, 7,1,2,12.4,10,,1,1,1971-04-20,06
71LA03244,71,1,2587,6,03,033,8546,61,6,40,4,40,,1,06,,1,110,8,,0,4,,,28,,,1,1,62,0258,62,0,79,03,1,1, 7,0,0,8.4,10,,1,2,1971-04-20,06
71LA03245,71,1,2152,6,72,853,8549,61,6,,4,40,,1,06,,1,102,5,2,0,4,,,,,,2,1,62,0456,62,1,96,72,3,1,,1,1,11.2,10,,2,1,1971-04-12,06
71LA03246,71,,,0,70,702,8557,61,6,,4,40,,,06,1,,0,,2,0,,,,,,,,1,62,0849,62,1,0,70,2,0,,0,0,0.0,0,,1,1,,06
71LA03247,71,2,8109,9,00,702,8557,61,6,,4,40,,5,60,2,1,137,8,2,0,5,,,,,,3,1,90,0000,98,1,55,70,0,1,,1,2,11.4,10,,1,1,1971-05-17,06
71LA03248,71,3,8110,9,00,702,8557,61,6,,4,40,,5,60,2,1,137,8,2,0,5,,,,,,3,1,90,0000,98,0,57,70,0,1,,0,0,11.2,10,,1,2,1971-05-17,06
71LA03249,71,1,2322,6,72,843,8559,61,6,,4,40,,1,06,,1,106,5,3,0,4,,,,,,2,1,62,0502,62,1,50,72,3,1,,1,1,11.4,10,,1,1,1971-04-16,06
71LA03250,71,2,2914,6,72,833,8560,61,6,,4,40,,1,06,,1,116,7,4,0,4,,6,,109001,+,,1,62,0331,62,1,0,72,3,1,,1,2,8.4,0,,2,1,1971-04-26,06
71LA03251,71,2,,0,72,833,8560,61,6,,4,40,,1,06,,1,116,7,4,0,4,,1,,,,,1,62,0331,62,0,0,72,3,0,,0,0,7.8,0,,2,2,1971-04-26,06
71LA03252,71,2,2565,6,74,740,8564,61,6,,4,40,,1,06,,1,110,5,2,0,4,,,,,,2,1,62,0274,62,1,85,74,6,1,,1,1,9.2,10,,1,1,1971-04-20,06
71LA03253,71,1,2377,6,78,782,8566,61,6,,4,40,,1,06,,1,106,5,4,0,4,,,,,,2,1,62,0504,62,1,99,78,6,1,,1,1,11.8,10,,2,1,1971-04-16,06
71LA03254,71,2,2338,6,77,771,8570,61,6,,4,40,,1,06,,1,106,5,1,0,4,,,,,,2,1,62,0468,62,1,94,77,6,1,,1,1,12.0,10,,2,1,1971-04-16,06
71LA03255,71,1,2189,6,10,103,8580,61,6,33,4,40,,1,06,,1,103,5,,0,5,09,,28,,,1,1,62,0687,62,1,79,10,1,1, 7,1,1,15.2,10,,1,1,1971-04-13,06
71LA03256,71,1,2619,6,70,700,8587,61,6,,4,40,,1,06,,1,110,5,4,0,3,,,,,,2,1,62,0476,62,1,90,70,2,1,,1,1,11.2,10,,2,1,1971-04-20,06
71LA03257,71,2,2939,6,72,823,8591,61,6,,4,40,,1,06,,1,117,8,1,0,3,,6,,,,,1,62,0816,62,1,0,72,3,1,,1,2,9.0,0,,2,1,1971-04-27,06
71LA03258,71,2,2940,6,72,823,8591,61,6,,4,40,,1,06,,1,117,8,1,0,3,,,,,,3,1,62,0816,62,0,73,72,3,1,,0,0,7.4,10,,2,2,1971-04-27,06
71LA03259,71,1,2423,6,03,033,8596,61,6,41,4,40,,1,06,,1,107,5,,0,4,,,33,,,6,1,62,0258,62,1,93,03,1,1, 6,1,1,12.4,10,,1,1,1971-04-17,06
71LA03260,71,2,3031,6,77,772,8598,61,6,,4,40,,1,06,,1,119,5,3,0,3,,,,,,3,1,62,0597,62,1,77,77,6,1,,1,1,9.8,10,,2,1,1971-04-29,06
71LA03261,71,1,2761,6,74,742,8602,61,6,,4,40,,1,06,,1,113,8,4,0,4,,,,,,3,1,62,0897,62,1,84,74,6,1,,1,2,12.0,10,01,1,1,1971-04-23,06
71LA03262,71,2,2762,6,74,742,8602,61,6,,4,40,,1,06,,1,113,8,4,0,4,,,,,,3,1,62,0897,62,0,72,74,6,1,,0,0,8.8,10,,1,2,1971-04-23,06
71LA03263,71,2,2099,6,03,033,8612,61,6,48,4,40,,1,06,,1,98,8,,0,4,,,31,,,1,1,62,0258,62,1,81,03,1,1, 7,1,2,9.0,10,,1,1,1971-04-08,06
71LA03264,71,1,2100,6,03,033,8612,61,6,48,4,40,,1,06,,1,98,8,,0,4,,,31,,,1,1,62,0258,62,0,77,03,1,1, 7,0,0,9.0,10,,1,2,1971-04-08,06
71LA03265,71,,,0,70,702,8619,61,6,,4,40,,,06,,,133,,3,0,,,,,,,,1,62,0849,62,1,0,70,2,0,,0,0,0.0,0,,2,1,1971-05-13,06
71LA03266,71,1,2476,6,73,730,8622,61,6,,4,40,,1,06,,1,108,5,2,0,4,,,,,,2,1,62,0533,62,1,86,73,6,1,,1,1,12.0,10,,2,1,1971-04-18,06
71LA03267,71,2,2831,6,72,813,8625,61,6,,4,40,,1,06,,1,114,8,3,0,4,,,,,,3,1,62,0705,62,1,63,72,3,1,,1,2,10.4,10,,1,1,1971-04-24,06
71LA03268,71,2,2832,6,72,813,8625,61,6,,4,40,,1,06,,1,114,8,3,0,4,,6,,,,,1,62,0705,62,0,0,72,3,1,,0,0,10.0,0,,1,2,1971-04-24,06
71LA03269,71,,,0,01,013,8628,61,6,32,4,40,,,06,,,60,,,0,,,,36,,,,1,62,0125,62,0,0,01,1,0, 6,0,0,0.0,0,,1,1,1971-03-01,06
71LA03270,71,1,2291,6,75,750,8629,61,6,,4,40,,1,06,,1,105,5,1,0,4,,,,,,2,1,62,0304,62,1,112,75,6,1,,1,1,14.0,10,,2,1,1971-04-15,06
71LA03271,71,2,,0,77,770,8635,61,6,,4,40,,1,06,,1,98,0,4,0,0,,0,,,,,1,62,0394,62,1,0,77,6,0,,1,1,4.2,0,,1,1,1971-04-08,06
71LA03272,71,2,2908,6,70,701,8645,61,6,,4,40,,1,06,,1,116,5,2,0,4,,,,,,3,1,62,0599,62,1,85,70,2,1,,1,1,14.2,10,,2,1,1971-04-26,06
71LA03273,71,2,2838,6,70,700,8648,61,6,,4,40,,1,06,,1,114,8,1,0,3,,,,,,3,1,62,0476,62,1,64,70,2,1,,1,2,9.8,10,,1,1,1971-04-24,06
71LA03274,71,2,2839,6,70,700,8648,61,6,,4,40,,1,06,,1,114,8,1,167,3,,6,,,&,,1,62,0476,62,0,0,70,2,1,,0,0,8.6,0,,1,2,1971-04-24,06
71LA03275,71,2,2779,6,72,803,8658,61,6,,4,40,,1,06,,1,113,8,4,0,4,,,,,,3,1,62,0425,62,1,71,72,3,1,,1,2,10.8,10,,2,1,1971-04-23,06
71LA03276,71,2,2780,6,72,803,8658,61,6,,4,40,,1,06,,1,113,8,4,0,4,,,,,,3,1,62,0425,62,0,65,72,3,1,,0,0,10.8,10,,2,2,1971-04-23,06
71LA03277,71,,,0,76,761,8661,61,6,,4,40,,,06,,,133,,4,0,,,,,,,,1,62,0367,62,1,0,76,6,0,,0,0,0.0,0,,2,1,1971-05-13,06
71LA03278,71,,,0,70,700,8664,61,6,,4,40,,,06,,,130,,3,0,,,,,,,,1,62,0476,62,1,0,70,2,0,,0,0,0.0,0,,2,1,1971-05-10,06
71LA03279,71,1,2115,6,10,103,8665,61,6,29,4,40,,1,06,,1,100,8,,0,4,,,45,559718,+,6,1,62,0687,62,1,94,10,1,1, 6,1,2,10.4,15,,1,1,1971-04-10,06
71LA03280,71,2,2116,6,10,103,8665,61,6,29,4,40,,1,06,,1,100,8,,0,4,,,45,,&,,1,62,0687,62,0,99,10,1,1, 6,0,0,8.0,5,60,1,2,1971-04-10,06
71LA03281,71,1,2142,6,03,033,8669,61,6,40,4,40,,1,06,,1,101,5,,0,5,,,29,,,6,1,62,0258,62,1,83,03,1,1, 6,1,1,8.0,10,,1,1,1971-04-11,06
71LA03282,71,2,2533,6,03,033,8670,61,6,40,4,40,,3,06,,6,109,5,,110,5,,6,29,079704,+,,1,62,0258,62,1,0,03,1,1, 7,1,1,7.8,5,,1,1,1971-04-19,06
71LA03283,71,2,,0,74,740,8673,61,6,,4,40,,1,06,,1,116,1,2,0,0,,1,,,,,1,62,0274,62,1,0,74,6,0,,1,1,6.6,0,,2,1,1971-04-26,06
71LA03284,71,,,0,70,702,8679,61,6,,4,40,,,06,1,,0,,4,0,,,,,,,,1,62,0849,62,1,0,70,2,0,,0,0,0.0,0,,1,1,,06
71LA03285,71,2,8107,9,00,702,8679,61,6,,4,40,,5,60,2,1,137,5,4,0,4,,6,,,,,1,90,0000,98,1,0,70,0,1,,1,1,10.2,0,,1,1,1971-05-17,06
71LA03286,71,2,,0,01,013,8683,61,6,33,4,40,,1,06,,1,112,1,,0,2,,1,45,644942,+,,1,62,0125,62,1,0,01,1,0, 7,1,1,7.0,5,,1,1,1971-04-22,06
71LA03287,71,1,8035,9,99,091,8686,61,6,,4,40,,1,53,,1,107,5,,0,5,,,,,,,1,90,0005,95,1,109,70,8,1,,1,1,12.4,10,,1,1,1971-04-17,06
71LA03288,71,1,2448,6,73,732,8689,61,6,,4,40,,1,06,,1,108,8,2,0,2,,,,,,2,1,62,1697,62,1,98,73,6,1,,1,2,9.8,10,,2,1,1971-04-18,06
71LA03289,71,2,2449,6,73,732,8689,61,6,,4,40,,3,06,,1,108,8,2,0,2,,,,876114,-,1,1,62,1697,62,0,84,73,6,1,,0,0,10.0,5,,2,2,1971-04-18,06
71LA03290,71,1,2461,6,72,993,8690,61,6,,4,40,,1,06,,1,108,5,1,0,4,,,,,,2,1,62,0656,62,1,78,72,3,1,,1,1,11.0,10,,2,1,1971-04-18,06
71LA03291,71,1,2231,6,70,701,8691,61,6,,4,40,,1,06,,1,104,8,3,0,4,,,,,,2,1,62,0599,62,1,110,70,2,1,,1,2,10.0,10,,1,1,1971-04-14,06
71LA03292,71,1,2232,6,70,701,8691,61,6,,4,40,,1,06,,1,104,8,3,160,4,,6,,,&,,1,62,0599,62,0,0,70,2,1,,0,0,9.0,0,,1,2,1971-04-14,06
71LA03293,71,2,7998,9,99,091,8698,61,6,,4,40,,2,53,,1,97,5,,0,3,,,,,,,1,90,0005,95,1,92,74,8,1,,1,1,8.8,10,06,1,1,1971-04-07,06
71LA03294,71,1,2161,6,72,983,8700,61,6,,4,40,,1,06,,1,102,5,2,0,4,,,,,,2,1,62,0943,62,1,105,72,3,1,,1,1,11.4,10,,1,1,1971-04-12,06
71LA03295,71,1,2345,6,02,023,8703,61,6,26,4,40,,1,06,,1,106,5,,111,3,,6,26,,,,1,62,0155,62,1,0,02,1,1, 6,1,1,10.0,0,90,1,1,1971-04-16,06
71LA03296,71,2,2465,6,77,771,8705,61,6,,4,40,,1,06,,1,108,8,3,0,4,,6,,,,,1,62,0468,62,1,0,77,6,1,,1,2,10.8,0,,1,1,1971-04-18,06
71LA03297,71,2,2466,6,77,771,8705,61,6,,4,40,,1,06,,3,108,8,3,0,4,,,,,,2,1,62,0468,62,0,75,77,6,1,,0,0,10.0,10,,1,2,1971-04-18,06
71LA03298,71,1,2742,6,73,731,8708,61,6,,4,40,,1,06,,1,113,5,1,0,5,,,,,,2,1,62,2008,62,1,92,73,6,1,,1,1,14.0,10,90,1,1,1971-04-23,06
71LA03299,71,2,2124,6,03,033,8711,61,6,40,4,40,,1,06,,1,101,5,,0,4,,,28,,,6,1,62,0258,62,1,83,03,1,1, 6,1,1,11.4,10,,1,1,1971-04-11,06
71LA03300,71,1,2344,6,02,023,8716,61,6,27,4,40,,1,06,,1,106,5,,0,4,,,26,,,1,1,62,0155,62,1,83,02,1,1, 7,1,1,10.0,10,,1,1,1971-04-16,06
71LA03301,71,2,2747,6,78,781,8718,61,6,,4,40,,1,06,,1,113,8,4,0,3,,,,,,3,1,62,0772,62,1,71,78,6,1,,1,2,9.4,10,,2,1,1971-04-23,06
71LA03302,71,2,2748,6,78,781,8718,61,6,,4,40,,1,06,,1,113,8,4,0,3,,,,,,3,1,62,0772,62,0,62,78,6,1,,0,0,8.8,10,,2,2,1971-04-23,06
71LA03303,71,1,2891,6,76,760,8725,61,6,,4,40,,1,06,,1,115,5,1,0,5,,,,,,,1,62,0464,62,1,94,76,6,1,,1,1,14.0,10,,1,1,1971-04-25,06
71LA03304,71,1,,0,70,702,8735,61,6,,4,40,,1,06,,1,105,1,4,0,3,04,1,,226362,+,,1,62,0849,62,1,0,70,2,0,,1,1,6.6,5,72,2,1,1971-04-15,06
71LA03305,71,2,2567,6,02,023,8742,61,6,28,4,40,,1,06,,1,110,5,,0,4,,,28,,,6,1,62,0155,62,1,85,02,1,1, 6,1,1,11.0,10,,1,1,1971-04-20,06
71LA03306,71,,,0,70,700,8745,61,6,,4,40,,,06,,,133,,3,0,,,,,,,,1,62,0476,62,1,0,70,2,0,,0,0,0.0,0,,1,1,1971-05-13,06
71LA03307,71,,,0,10,103,8751,61,6,32,4,40,,,06,,,127,,,0,,,,25,,,,1,62,0687,62,1,0,10,1,0, 7,0,0,0.0,0,,1,1,1971-05-07,06
71LA03308,71,2,2125,6,78,780,8753,61,6,,4,40,,1,06,,1,101,8,4,0,4,,,,,,2,1,62,0677,62,1,68,78,6,1,,1,2,10.0,10,,2,1,1971-04-11,06
71LA03309,71,2,2126,6,78,780,8753,61,6,,4,40,,1,06,,1,101,8,4,0,4,,,,,,2,1,62,0677,62,0,77,78,6,1,,0,0,8.4,10,,2,2,1971-04-11,06
71LA03310,71,1,2235,6,77,772,8755,61,6,,4,40,,1,06,,1,104,5,3,0,5,,,,,,2,1,62,0597,62,1,91,77,6,1,,1,1,12.2,10,,1,1,1971-04-14,06
71LA03311,71,2,2250,6,76,762,8760,61,6,,4,40,,1,06,,1,105,8,3,0,3,,,,,,2,1,62,0931,62,1,61,76,6,1,,1,2,10.8,10,,2,1,1971-04-15,06
71LA03312,71,1,2251,6,76,762,8760,61,6,,4,40,,1,06,,1,105,8,3,0,3,,,,,,2,1,62,0931,62,0,70,76,6,1,,0,0,8.8,10,,2,2,1971-04-15,06
71LA03313,71,1,2503,6,76,761,8765,61,6,,4,40,,1,06,,1,109,5,4,0,4,09,,,,,2,1,62,0367,62,1,97,76,6,1,,1,1,12.6,10,,1,1,1971-04-19,06
71LA03314,71,2,3050,6,70,701,8773,61,6,,4,40,,1,06,,1,120,5,3,0,5,,,,,,3,1,62,0599,62,1,93,70,2,1,,1,1,14.0,10,,2,1,1971-04-30,06
71LA03315,71,,,0,01,013,8776,61,6,34,4,40,,,06,,,139,,,0,,,,40,,,,1,62,0125,62,1,0,01,1,0, 7,0,0,0.0,0,,1,1,1971-05-19,06
71LA03316,71,,,0,01,013,8777,61,6,34,4,40,,,06,1,,0,,,0,,,,40,,,,1,62,0125,62,1,0,01,1,0, 6,0,0,0.0,0,,1,1,,06
71LA03317,71,2,8063,9,00,013,8777,61,6,,4,40,,5,60,2,1,126,5,,0,3,,,40,,,6,1,90,0000,98,1,81,01,0,1, 6,1,1,10.0,10,,1,1,1971-05-06,06
71LA03318,71,2,8122,9,00,000,8780,61,6,,4,40,,5,00,3,1,142,8,,0,5,,,26,,,3,1,90,0000,00,1,49,02,0,1,,1,2,10.0,10,,1,1,1971-05-22,06
71LA03319,71,2,8123,9,00,000,8780,61,6,,4,40,,5,00,3,1,142,8,,0,5,,6,26,,,,1,90,0000,00,0,0,02,0,1,,0,0,10.0,0,,1,2,1971-05-22,06
71LA03320,71,2,2105,6,02,023,8781,61,6,27,4,40,,1,06,,1,98,8,,0,3,,,26,,,6,1,62,0155,62,1,49,02,1,1, 6,1,2,6.0,10,,1,1,1971-04-08,06
71LA03321,71,2,2106,6,02,023,8781,61,6,27,4,40,,1,06,,1,98,8,,0,3,,,26,,,6,1,62,0155,62,0,65,02,1,1, 6,0,0,6.6,10,,1,2,1971-04-08,06
71LA03322,71,1,7979,9,99,091,8788,61,6,,4,40,,1,53,,1,92,8,,0,3,,,,,,,1,90,0005,95,1,90,76,8,1,,1,2,7.4,10,,1,1,1971-04-02,06
71LA03323,71,2,7980,9,99,091,8788,61,6,,4,40,,1,53,,1,92,8,,0,3,,,,,,,1,90,0005,95,0,77,76,8,1,,0,0,7.0,10,,1,2,1971-04-02,06
71LA03324,71,2,2280,6,76,760,8789,61,6,,4,40,,1,06,,1,105,5,3,0,4,,,,,,2,1,62,0464,62,1,95,76,6,1,,1,1,12.4,10,,2,1,1971-04-15,06
71LA03325,71,2,2330,6,73,730,8796,61,6,,4,40,,1,06,,1,106,5,2,0,4,,,,,,2,1,62,0533,62,1,90,73,6,1,,1,1,13.2,10,,1,1,1971-04-16,06
71LA03326,71,1,2688,6,73,732,8797,61,6,,4,40,,1,06,,1,112,5,4,0,4,,,,,,2,1,62,1697,62,1,78,73,6,1,,1,1,10.4,10,,1,1,1971-04-22,06
71LA03327,71,1,8031,9,99,090,8801,61,6,,4,40,,1,53,,1,106,8,,0,4,,,,,,1,1,90,0004,95,1,71,76,8,1,,1,2,9.0,10,,1,1,1971-04-16,06
71LA03328,71,1,8032,9,99,090,8801,61,6,,4,40,,1,53,,1,106,8,,0,4,,,,,,,1,90,0004,95,0,63,76,8,1,,0,0,8.0,10,,1,2,1971-04-16,06
71LA03329,71,2,2593,6,76,761,8804,61,6,,4,40,,1,06,,1,110,5,2,0,5,,6,,,,,1,62,0367,62,1,0,76,6,1,,1,1,12.8,0,,2,1,1971-04-20,06
71LA03330,71,2,2719,6,75,752,8805,61,6,,4,40,,1,06,,1,112,5,2,0,4,,,,,,2,1,62,0949,62,1,84,75,6,1,,1,1,12.6,10,,2,1,1971-04-22,06
71LA03331,71,1,2428,6,77,770,8810,61,6,,4,40,,1,06,,1,108,5,3,0,5,,,,,,2,1,62,0394,62,1,90,77,6,1,,1,1,12.8,10,,2,1,1971-04-18,06
71LA03332,71,2,2881,6,70,701,8812,61,6,,4,40,,1,06,,1,115,8,4,0,4,,,,,,3,1,62,0599,62,1,69,70,2,1,,1,2,11.2,10,,1,1,1971-04-25,06
71LA03333,71,2,2882,6,70,701,8812,61,6,,4,40,,1,06,,1,115,8,4,0,4,,,,,,3,1,62,0599,62,0,79,70,2,1,,0,0,10.4,10,,1,2,1971-04-25,06
71LA03334,71,1,2520,6,76,762,8816,61,6,,4,40,,1,06,,1,109,5,2,0,5,,,,,,2,1,62,0931,62,1,109,76,6,1,,1,1,13.0,10,,1,1,1971-04-19,06
71LA03335,71,1,2300,6,73,731,8817,61,6,,4,40,,1,06,,1,105,8,3,0,4,,,,,,2,1,62,2008,62,1,84,73,6,1,,1,2,9.2,10,,2,1,1971-04-15,06
71LA03336,71,2,2301,6,73,731,8817,61,6,,4,40,,1,06,,1,105,8,3,0,4,,,,,,2,1,62,2008,62,0,55,73,6,1,,0,0,9.2,10,,2,2,1971-04-15,06
71LA03337,71,1,2366,6,72,973,8820,61,6,,4,40,,1,06,,1,106,5,3,0,4,,,,,,2,1,62,0581,62,1,83,72,3,1,,1,1,11.4,10,,2,1,1971-04-16,06
71LA03338,71,1,2822,6,76,760,8824,61,6,,4,40,,1,06,,1,114,5,3,0,5,,,,,,3,1,62,0464,62,1,87,76,6,1,,1,1,11.4,10,,1,1,1971-04-24,06
71LA03339,71,1,2942,6,77,771,8839,61,6,,4,40,,1,06,,1,117,5,,0,4,,,,,,3,1,62,0468,62,1,91,77,6,1,,1,1,12.2,10,,2,1,1971-04-27,06
71LA03340,71,1,2873,6,77,772,8842,61,6,,4,40,,1,06,,2,115,8,4,0,4,,,,,,3,1,62,0597,62,1,98,77,6,1,,1,2,12.8,10,,2,1,1971-04-25,06
71LA03341,71,2,2874,6,77,772,8842,61,6,,4,40,,1,06,,1,115,8,4,0,4,,,,364018,-,1,1,62,0597,62,0,65,77,6,1,,0,0,8.8,5,,2,2,1971-04-25,06
71LA03342,71,1,2643,6,74,741,8852,61,6,,4,40,,1,06,,1,111,5,2,0,4,,,,,,2,1,62,1243,62,1,86,74,6,1,,1,1,11.2,10,,2,1,1971-04-21,06
71LA03343,71,2,2097,6,78,782,8853,61,6,,4,40,,1,06,,2,98,5,4,0,3,,,,,,2,1,62,0504,62,1,91,78,6,1,,1,1,11.4,10,,1,1,1971-04-08,06
71LA03344,71,2,2078,6,03,033,8859,61,6,44,4,40,,1,06,,2,92,8,,0,3,,,45,,,1,1,62,0258,62,1,53,03,1,1, 7,1,2,9.4,10,,1,1,1971-04-02,06
71LA03345,71,1,2079,6,03,033,8859,61,6,44,4,40,,1,06,,1,92,8,,0,3,,,45,,,1,1,62,0258,62,0,62,03,1,1, 7,0,0,9.8,10,,1,2,1971-04-02,06
71LA03346,71,2,2519,6,75,751,8862,61,6,,4,40,,1,06,,1,109,5,4,0,4,,,,,,2,1,62,0601,62,1,87,75,6,1,,1,1,12.6,10,,1,1,1971-04-19,06
71LA03347,71,2,2134,6,72,963,8864,61,6,,4,40,,1,06,,1,101,8,4,0,4,,,,,,2,1,62,1007,62,1,87,72,3,1,,1,2,9.6,10,,1,1,1971-04-11,06
71LA03348,71,2,2135,6,72,963,8864,61,6,,4,40,,1,06,,1,101,8,4,0,4,,,,,,2,1,62,1007,62,0,68,72,3,1,,0,0,8.6,10,,1,2,1971-04-11,06
71LA03349,71,1,2858,6,75,750,8867,61,6,,4,40,,1,06,,1,115,8,1,0,1,,,,,&,,1,62,0304,62,1,74,75,6,1,,1,2,8.4,5,,1,1,1971-04-25,06
71LA03350,71,2,2859,6,75,750,8867,61,6,,4,40,,1,06,,1,115,8,1,0,1,,,,,,3,1,62,0304,62,0,61,75,6,1,,0,0,6.8,10,,1,2,1971-04-25,06
71LA03351,71,1,2904,6,73,730,8873,61,6,,4,40,,1,06,,1,116,8,3,0,5,,,,,,3,1,62,0533,62,1,71,73,6,1,,1,2,12.6,10,,2,1,1971-04-26,06
71LA03352,71,1,2905,6,73,730,8873,61,6,,4,40,,1,06,,1,116,8,3,0,5,,,,,,3,1,62,0533,62,0,73,73,6,1,,0,0,10.6,10,,2,2,1971-04-26,06
71LA03353,71,2,2410,6,76,762,8879,61,6,,4,40,,1,06,,1,107,5,1,120,4,,6,,,,,1,62,0931,62,1,0,76,6,1,,1,1,11.2,0,,2,1,1971-04-17,06
71LA03354,71,1,2128,6,78,781,8883,61,6,,4,40,,1,06,,1,101,8,1,0,4,,,,,,2,1,62,0772,62,1,80,78,6,1,,1,2,9.8,10,,1,1,1971-04-11,06
71LA03355,71,2,2129,6,78,781,8883,61,6,,4,40,,1,06,,1,101,8,1,0,4,,,,,,,1,62,0772,62,0,78,78,6,1,,0,0,9.4,10,,1,2,1971-04-11,06
71LA03356,71,1,2304,6,78,780,8885,61,6,,4,40,,1,06,,1,106,5,4,0,5,,,,,,2,1,62,0677,62,1,86,78,6,1,,1,1,14.0,10,,1,1,1971-04-16,06
71LA03357,71,,,0,01,013,8889,61,6,35,4,40,,,06,1,,0,,,0,,,,33,,,,1,62,0125,62,1,0,01,1,0, 7,0,0,0.0,0,,1,1,,06
71LA03358,71,3,8081,9,00,013,8889,61,6,,4,40,,5,60,2,2,131,5,,0,4,,,33,,,1,1,90,0000,98,1,75,01,0,1, 7,1,1,13.2,10,,1,1,1971-05-11,06
71LA03359,71,1,2298,6,73,732,8892,61,6,,4,40,,1,06,,1,105,5,2,0,4,,,,,,2,1,62,1697,62,1,88,73,6,1,,1,1,10.2,10,,2,1,1971-04-15,06
71LA03360,71,2,2561,6,78,782,8894,61,6,,4,40,,1,06,,1,110,5,3,160,2,,6,,,&,,1,62,0504,62,1,0,78,6,1,,1,1,8.8,0,,2,1,1971-04-20,06
71LA03361,71,2,2596,6,73,731,8900,61,6,,4,40,,1,06,,1,110,8,1,0,5,,,,,,2,1,62,2008,62,0,50,73,6,1,,0,0,8.8,10,,1,2,1971-04-20,06
71LA03362,71,2,2595,6,73,731,8900,61,6,,4,40,,1,06,,1,110,8,1,0,5,30,,,,,2,1,62,2008,62,1,89,73,6,1,,1,2,12.0,10,,1,1,1971-04-20,06
71LA03363,71,1,2084,6,10,103,8902,61,6,30,4,40,,1,06,,1,95,8,,138,4,,6,35,,,,1,62,0687,62,1,0,10,1,1, 6,1,2,9.4,0,,1,1,1971-04-05,06
71LA03364,71,2,2085,6,10,103,8902,61,6,30,4,40,,1,06,,1,95,8,,0,4,,,35,,,6,1,62,0687,62,0,80,10,1,1, 6,0,0,8.0,10,,1,2,1971-04-05,06
71LA03365,71,1,,0,10,103,8903,61,6,30,4,40,,1,06,,1,104,1,,0,0,,1,35,,,,1,62,0687,62,1,0,10,1,0, 7,1,1,8.2,0,,1,1,1971-04-14,06
71LA03366,71,1,2325,6,73,730,8905,61,6,,4,40,,1,06,,1,106,8,3,0,4,,,,,,2,1,62,0533,62,1,78,73,6,1,,1,2,10.8,10,,1,1,1971-04-16,06
71LA03367,71,1,2326,6,73,730,8905,61,6,,4,40,,1,06,,1,106,8,3,0,4,,,,,,2,1,62,0533,62,0,71,73,6,1,,0,0,11.6,10,,1,2,1971-04-16,06
71LA03368,71,2,2331,6,75,752,8907,61,6,,4,40,,1,06,,1,106,8,1,112,3,,6,,,,,1,62,0949,62,1,0,75,6,1,,1,2,9.8,0,,1,1,1971-04-16,06
71LA03369,71,2,2332,6,75,752,8907,61,6,,4,40,,1,06,,1,106,8,1,0,3,,,,945414,-,2,1,62,0949,62,0,62,75,6,1,,0,0,10.0,5,,1,2,1971-04-16,06
71LA03370,71,1,2482,6,78,781,8910,61,6,,4,40,,1,06,,1,108,8,2,0,4,,,,,,2,1,62,0772,62,1,74,78,6,1,,1,2,10.4,10,,2,1,1971-04-18,06
71LA03371,71,1,2483,6,78,781,8910,61,6,,4,40,,1,06,,1,108,8,2,0,4,,,,,,2,1,62,0772,62,0,76,78,6,1,,0,0,9.4,10,,2,2,1971-04-18,06
71LA03372,71,2,2211,6,76,761,8911,61,6,,4,40,,1,06,,1,104,8,2,111,4,,6,,,,,1,62,0367,62,1,0,76,6,1,,1,2,8.6,0,,1,1,1971-04-14,06
71LA03373,71,1,2212,6,76,761,8911,61,6,,4,40,,1,06,,1,104,8,2,0,4,,,,,,2,1,62,0367,62,0,98,76,6,1,,0,0,9.2,10,,1,2,1971-04-14,06
71LA03374,71,1,2214,6,72,953,8912,61,6,,4,40,,1,06,,1,104,5,1,0,5,,,,,,2,1,62,0554,62,1,98,72,3,1,,1,1,11.8,10,,2,1,1971-04-14,06
71LA03375,71,,,0,77,770,8913,61,6,,4,40,,,06,1,,0,,2,0,,,,,,,,1,62,0394,62,1,0,77,6,0,,0,0,0.0,0,,1,1,,06
71LA03376,71,2,8120,9,00,770,8913,61,6,,4,40,,5,60,2,1,139,5,2,0,3,,,,,,3,1,90,0000,98,1,59,77,0,1,,1,1,11.0,10,,1,1,1971-05-19,06
71LA03377,71,1,2671,6,74,742,8915,61,6,,4,40,,1,06,,1,111,5,3,0,3,,,,,,2,1,62,0897,62,1,74,74,6,1,,1,1,11.4,10,,2,1,1971-04-21,06
71LA03378,71,1,2977,6,75,751,8919,61,6,,4,40,,1,06,,1,118,9,1,123,5,,6,,,,,1,62,0601,62,1,0,75,6,1,,1,3,9.6,0,,2,1,1971-04-28,06
71LA03379,71,2,2978,6,75,751,8919,61,6,,4,40,,1,06,,1,118,9,1,0,5,,6,,070762,-,,1,62,0601,62,0,0,75,6,1,,0,0,8.2,0,,2,2,1971-04-28,06
71LA03380,71,1,2979,6,75,751,8919,61,6,,4,40,,1,06,,1,118,9,1,0,5,,,,,,3,1,62,0601,62,0,84,75,6,1,,0,0,8.2,10,,2,3,1971-04-28,06
71LA03381,71,1,2287,6,74,741,8920,61,6,,4,40,,1,06,,1,105,8,2,0,4,,,,,&,,1,62,1243,62,1,89,74,6,1,,1,2,12.6,5,,1,1,1971-04-15,06
71LA03382,71,2,2288,6,74,741,8920,61,6,,4,40,,1,06,,1,105,8,2,0,4,,,,,,2,1,62,1243,62,0,66,74,6,1,,0,0,10.2,10,,1,2,1971-04-15,06
71LA03383,71,2,2487,6,75,750,8921,61,6,,4,40,,1,06,,1,109,5,4,0,4,,,,,,2,1,62,0304,62,1,96,75,6,1,,1,1,13.4,10,,2,1,1971-04-19,06
71LA03384,71,1,2077,6,03,033,8923,61,6,45,4,40,,1,06,,2,90,7,,0,3,,,49,,,6,1,62,0258,62,1,101,03,1,1, 6,1,2,7.6,10,,1,1,1971-03-31,06
71LA03385,71,1,,0,03,033,8923,61,6,45,4,40,,1,06,,2,90,7,,0,3,,1,49,,,,1,62,0258,62,0,0,03,1,0, 6,0,0,9.0,0,,1,2,1971-03-31,06
71LA03386,71,2,,0,99,09Z,8929,61,6,,4,40,,1,53,,1,97,0,,0,0,,0,,,,,1,90,0004,95,1,0,70,8,0,,1,1,5.4,0,,1,1,1971-04-07,06
71LA03387,71,1,2117,6,74,740,8931,61,6,,4,40,,1,06,,1,100,8,1,0,0,,,,,&,,1,62,0274,62,1,83,74,6,1,,1,2,6.8,5,,1,1,1971-04-10,06
71LA03388,71,1,2118,6,74,740,8931,61,6,,4,40,,1,06,,1,100,8,1,0,0,,,,,&,,1,62,0274,62,0,85,74,6,1,,0,0,6.4,5,,1,2,1971-04-10,06
71LA03389,71,2,2179,6,75,750,8932,61,6,,4,40,,1,06,,1,103,8,3,0,3,,,,,,2,1,62,0304,62,1,83,75,6,1,,1,2,11.6,10,,1,1,1971-04-13,06
71LA03390,71,1,2180,6,75,750,8932,61,6,,4,40,,1,06,,1,103,8,3,0,3,,,,844914,-,1,1,62,0304,62,0,106,75,6,1,,0,0,10.2,5,,1,2,1971-04-13,06
71LA03391,71,,,0,70,702,8934,61,6,,4,40,,,06,,,130,,3,0,,,,,,,,1,62,0849,62,1,0,70,2,0,,0,0,0.0,0,,1,1,1971-05-10,06
71LA03392,71,,,0,73,731,8935,61,6,,4,40,,,06,,,25,,4,0,,,,,,,,1,62,2008,62,0,0,73,6,0,,0,0,0.0,0,,1,1,,06
71LA03393,71,1,7986,9,99,090,8938,61,6,,4,40,,1,53,,1,93,8,,0,2,,,,,,3,1,90,0004,95,1,73,75,8,1,,1,2,7.6,10,,1,1,1971-04-03,06
71LA03394,71,1,7987,9,99,090,8938,61,6,,4,40,,1,53,,1,93,8,,0,2,,,,413681,-,6,1,90,0004,95,0,79,75,8,1,,0,0,5.8,5,,1,2,1971-04-03,06
71LA03395,71,1,8007,9,99,090,8942,61,6,,4,40,,1,53,,1,100,8,,0,4,,,,,,,1,90,0004,95,1,96,74,8,1,,1,2,9.8,10,,1,1,1971-04-10,06
71LA03396,71,1,8008,9,99,090,8942,61,6,,4,40,,1,53,,1,100,8,,0,4,,,,,,,1,90,0004,95,0,68,74,8,1,,0,0,9.0,10,,1,2,1971-04-10,06
71LA03397,71,,,0,70,701,8945,61,6,,4,40,,,06,,,133,,1,0,,,,,,,,1,62,0599,62,1,0,70,2,0,,0,0,0.0,0,,2,1,1971-05-13,06
71LA03398,71,1,3075,6,78,780,8948,61,6,,4,40,,1,06,,1,122,8,4,0,5,,,,,,3,1,62,0677,62,1,74,78,6,1,,1,2,10.8,10,,2,1,1971-05-02,06
71LA03399,71,1,3076,6,78,780,8948,61,6,,4,40,,1,06,,1,122,8,4,0,5,,,,,,3,1,62,0677,62,0,63,78,6,1,,0,0,9.8,10,,2,2,1971-05-02,06
71LA03400,71,1,7971,9,99,091,8949,61,6,,4,40,,1,53,,2,89,8,,0,3,,,,,,,1,90,0005,95,1,106,77,8,1,,1,2,8.0,10,,1,1,1971-03-30,06
71LA03401,71,2,7972,9,99,091,8949,61,6,,4,40,,1,53,,1,89,8,,0,3,,,,,,,1,90,0005,95,0,78,77,8,1,,0,0,7.0,10,,1,2,1971-03-30,06
71LA03402,71,1,2283,6,10,103,8972,61,6,28,4,40,,1,06,,1,105,8,,0,4,,,51,,,6,1,62,0687,62,1,44,10,1,1, 6,1,2,9.6,10,,1,1,1971-04-15,06
71LA03403,71,1,2284,6,10,103,8972,61,6,28,4,40,,1,06,,1,105,8,,0,4,,,51,,,6,1,62,0687,62,0,67,10,1,1, 6,0,0,11.4,10,,1,2,1971-04-15,06
71LA03404,71,1,3118,6,72,943,8974,61,6,,4,40,,1,06,,1,133,5,1,0,4,,,,,,3,1,62,0859,62,1,80,72,3,1,,1,1,11.2,10,,1,1,1971-05-13,06
71LA03405,71,2,2592,6,75,751,8976,61,6,,4,40,,1,06,,1,110,5,4,0,3,,,,,,2,1,62,0601,62,1,86,75,6,1,,1,1,10.4,10,,1,1,1971-04-20,06
71LA03406,71,2,2553,6,77,771,8981,61,6,,4,40,,1,06,,1,109,8,4,0,4,,,,,,2,1,62,0468,62,1,77,77,6,1,,1,2,11.4,10,,1,1,1971-04-19,06
71LA03407,71,1,2554,6,77,771,8981,61,6,,4,40,,1,06,,1,109,8,4,0,4,,,,,,2,1,62,0468,62,0,68,77,6,1,,0,0,10.4,10,,1,2,1971-04-19,06
71LA03408,71,2,2638,6,78,782,8983,61,6,,4,40,,1,06,,3,111,5,3,0,4,,,,,,2,1,62,0504,62,1,73,78,6,1,,1,1,11.0,10,,1,1,1971-04-21,06
71LA03409,71,1,2089,6,02,023,8984,61,6,27,4,40,,1,06,,1,95,5,,0,4,,,28,,,6,1,62,0155,62,1,96,02,1,1, 6,1,1,10.2,10,,1,1,1971-04-05,06
71LA03410,71,1,2094,6,02,023,8985,61,6,27,4,40,,1,06,,1,97,5,,0,3,,,28,,,1,1,62,0155,62,1,90,02,1,1, 7,1,1,10.0,10,,1,1,1971-04-07,06
71LA03411,71,,,0,78,781,8990,61,6,,4,40,,,06,,,130,,4,0,,,,,,,,1,62,0772,62,1,0,78,6,0,,0,0,0.0,0,,1,1,1971-05-10,06
71LA03412,71,2,2311,6,77,772,8993,61,6,,4,40,,1,06,,1,106,8,3,0,4,,,,,,2,1,62,0597,62,1,70,77,6,1,,1,2,9.2,10,,1,1,1971-04-16,06
71LA03413,71,1,2312,6,77,772,8993,61,6,,4,40,,1,06,,1,106,8,3,0,4,,,,,,2,1,62,0597,62,0,63,77,6,1,,0,0,8.2,10,,1,2,1971-04-16,06
71LA03414,71,2,3086,6,76,760,8994,61,6,,4,40,,1,06,,1,123,5,1,0,4,,,,,,3,1,62,0464,62,1,75,76,6,1,,1,1,10.6,10,,2,1,1971-05-03,06
71LA03415,71,1,3111,6,74,742,9004,61,6,,4,40,,1,06,,1,131,8,,0,2,,,,957661,-,3,1,62,0897,62,1,67,74,6,1,,1,2,9.0,5,,1,1,1971-05-11,06
71LA03416,71,1,3112,6,74,742,9004,61,6,,4,40,,2,06,,2,131,8,,0,2,,,,,,3,1,62,0897,62,0,67,74,6,1,,0,0,9.6,10,03,1,2,1971-05-11,06
71LA03417,71,2,2711,6,72,933,9007,61,6,,4,40,,1,06,,1,112,5,3,0,4,,,,,,2,1,62,0161,62,1,81,72,3,1,,1,1,10.4,10,,1,1,1971-04-22,06
71LA03418,71,2,7973,9,99,091,9011,61,6,,4,40,,1,53,,1,89,8,,0,4,,,,,,,1,90,0005,95,1,113,73,8,1,,1,2,11.0,10,,1,1,1971-03-30,06
71LA03419,71,2,7974,9,99,091,9011,61,6,,4,40,,1,53,,1,89,8,,0,4,,6,,,,,1,90,0005,95,0,0,73,8,1,,0,0,10.0,0,,1,2,1971-03-30,06
71LA03420,71,1,2621,6,72,923,9014,61,6,,4,40,,2,06,,1,110,5,1,0,3,04,,,,,2,1,62,0982,62,1,102,72,3,1,,1,1,11.2,10,,1,1,1971-04-20,06
71LA03421,71,2,3022,6,78,780,9024,61,6,,4,40,,1,06,,1,119,8,1,0,4,,,,,,3,1,62,0677,62,1,58,78,6,1,,1,2,11.0,10,,1,1,1971-04-29,06
71LA03422,71,2,3023,6,78,780,9024,61,6,,4,40,,1,06,,1,119,8,1,0,4,,,,,,3,1,62,0677,62,0,61,78,6,1,,0,0,10.0,10,,1,2,1971-04-29,06
71LA03423,71,1,2248,6,70,700,9033,61,6,,4,40,,1,06,,1,105,8,1,110,4,,6,,,,,1,62,0476,62,1,0,70,2,1,,1,2,11.0,0,,2,1,1971-04-15,06
71LA03424,71,1,2249,6,70,700,9033,61,6,,4,40,,1,06,,1,105,8,1,0,4,,,,,,2,1,62,0476,62,0,100,70,2,1,,0,0,10.8,10,,2,2,1971-04-15,06
71LA03425,71,,,0,70,702,9034,61,6,,4,40,,,06,1,,0,,2,0,,,,,,,,1,62,0849,62,1,0,70,2,0,,0,0,0.0,0,,2,1,,06
71LA03426,71,2,8129,9,00,702,9034,61,6,,4,40,,5,60,2,1,143,8,2,0,4,,6,,,,,1,90,0000,98,1,0,70,0,1,,1,2,6.4,0,,2,1,1971-05-23,06
71LA03427,71,3,8130,9,00,702,9034,61,6,,4,40,,5,60,2,1,143,8,2,0,4,,,,,,3,1,90,0000,98,0,61,70,0,1,,0,0,9.2,10,,2,2,1971-05-23,06
71LA03428,71,1,2155,6,76,762,9036,61,6,,4,40,,1,06,,1,102,5,1,0,2,,,,,,6,1,62,0931,62,1,102,76,6,1,,1,1,8.6,10,,1,1,1971-04-12,06
71LA03429,71,2,2087,6,03,033,9039,61,6,44,4,40,,1,06,,1,95,8,,0,5,,,45,,,1,1,62,0258,62,1,62,03,1,1, 7,1,2,8.4,10,,1,1,1971-04-05,06
71LA03430,71,2,2088,6,03,033,9039,61,6,44,4,40,,1,06,,1,95,8,,0,5,,,45,,,1,1,62,0258,62,0,79,03,1,1, 7,0,0,9.0,10,,1,2,1971-04-05,06
71LA03431,71,1,2562,6,75,750,9046,61,6,,4,40,,1,06,,1,110,8,,0,4,,,,,,2,1,62,0304,62,1,88,75,6,1,,1,2,10.6,10,,2,1,1971-04-20,06
71LA03432,71,2,2563,6,75,750,9046,61,6,,4,40,,1,06,,1,110,8,,0,4,,,,,,2,1,62,0304,62,0,79,75,6,1,,0,0,9.8,10,,2,2,1971-04-20,06
71LA03433,71,2,2926,6,78,782,9048,61,6,,4,40,,1,06,,1,116,5,3,0,4,04,,,,,3,1,62,0504,62,1,82,78,6,1,,1,1,11.4,10,02,2,1,1971-04-26,06
71LA03434,71,1,2590,6,77,770,9049,61,6,,4,40,,1,06,,1,110,5,3,0,4,,6,,,,,1,62,0394,62,1,0,77,6,1,,1,1,9.0,0,,2,1,1971-04-20,06
71LA03435,71,1,2174,6,77,771,9053,61,6,,4,40,,1,06,,1,103,5,3,0,4,,,,,,2,1,62,0468,62,1,64,77,6,1,,1,1,10.4,10,,2,1,1971-04-13,06
71LA03436,71,2,2253,6,78,781,9054,61,6,,4,40,,1,06,,1,105,5,2,0,4,,,,,,2,1,62,0772,62,1,89,78,6,1,,1,1,11.0,10,,2,1,1971-04-15,06
71LA03437,71,2,2516,6,77,772,9059,61,6,,4,40,,1,06,,1,109,5,2,0,4,,,,,,2,1,62,0597,62,1,80,77,6,1,,1,1,11.2,10,,2,1,1971-04-19,06
71LA03438,71,1,2763,6,78,780,9068,61,6,,4,40,,1,06,,1,113,5,1,0,5,,,,,,3,1,62,0677,62,1,78,78,6,1,,1,1,10.6,10,,2,1,1971-04-23,06
71LA03439,71,,,0,72,933,9071,61,6,,4,40,,,06,,,133,,3,0,,,,,,,,1,62,0161,62,1,0,72,3,0,,0,0,0.0,0,,2,1,1971-05-13,06
71LA03440,71,1,2197,6,73,730,9074,61,6,,4,40,,1,06,,1,103,5,1,0,4,,,,,,2,1,62,0533,62,1,61,73,6,1,,1,1,12.8,10,,2,1,1971-04-13,06
71LA03441,71,2,2108,6,02,023,9081,61,6,26,4,40,,1,06,,1,99,5,,0,3,,,25,,,6,1,62,0155,62,1,70,02,1,1, 6,1,1,9.6,10,,1,1,1971-04-09,06
71LA03442,71,2,2837,6,77,770,9082,61,6,,4,40,,1,06,,1,114,5,2,0,3,,,,,,3,1,62,0394,62,1,95,77,6,1,,1,1,12.4,10,,1,1,1971-04-24,06
71LA03443,71,2,2470,6,75,752,9084,61,6,,4,40,,1,06,,1,108,8,1,0,4,,,,,,2,1,62,0949,62,1,68,75,6,1,,1,2,10.4,10,,2,1,1971-04-18,06
71LA03444,71,2,2471,6,75,752,9084,61,6,,4,40,,3,06,,1,108,8,1,0,4,,,,,,2,1,62,0949,62,0,71,75,6,1,,0,0,10.4,10,,2,2,1971-04-18,06
71LA03445,71,2,2545,6,77,771,9089,61,6,,4,40,,1,06,,1,109,5,4,0,4,,,,,,2,1,62,0468,62,1,89,77,6,1,,1,1,11.0,10,,1,1,1971-04-19,06
71LA03446,71,,,0,76,761,9090,61,6,,4,40,,,06,,,145,,3,0,,,,,,,,1,62,0367,62,1,0,76,6,0,,0,0,0.0,0,,2,1,1971-05-25,06
71LA03447,71,2,2868,6,74,741,9092,61,6,,4,40,,1,06,,1,115,8,3,0,3,,,,,&,,1,62,1243,62,0,50,74,6,1,,0,0,8.8,5,,2,2,1971-04-25,06
71LA03448,71,2,2867,6,74,741,9092,61,6,,4,40,,1,06,,1,115,8,3,0,3,04,,,,,3,1,62,1243,62,1,75,74,6,1,,1,2,9.8,10,,2,1,1971-04-25,06
71LA03449,71,2,2259,6,72,903,9093,61,6,,4,40,,1,06,,1,105,8,1,0,4,,,,,,2,1,62,0826,62,1,80,72,3,1,,1,2,9.4,10,,1,1,1971-04-15,06
71LA03450,71,1,2260,6,72,903,9093,61,6,,4,40,,1,06,,1,105,8,1,0,4,,,,,,2,1,62,0826,62,0,59,72,3,1,,0,0,8.2,10,,1,2,1971-04-15,06
71LA03451,71,1,2789,6,76,760,9096,61,6,,4,40,,1,06,,1,114,5,1,0,4,,,,,,3,1,62,0464,62,1,94,76,6,1,,1,1,11.4,10,,1,1,1971-04-24,06
71LA03452,71,1,2907,6,78,782,9097,61,6,,4,40,,1,06,,1,116,5,3,0,5,,,,,,3,1,62,0504,62,1,86,78,6,1,,1,1,13.4,10,,1,1,1971-04-26,06
71LA03453,71,,,0,74,740,9098,61,6,,4,40,,,06,,,130,,4,0,,,,,,,,1,62,0274,62,1,0,74,6,0,,0,0,0.0,0,,2,1,1971-05-10,06
71LA03454,71,,,0,78,781,9103,61,6,,4,40,,,06,,,130,,4,0,,,,,,,,1,62,0772,62,1,0,78,6,0,,0,0,0.0,0,,1,1,1971-05-10,06
71LA03455,71,1,2800,6,70,700,9115,61,6,,4,40,,1,06,,1,114,5,3,0,4,,,,,,3,1,62,0476,62,1,96,70,2,1,,1,1,11.0,10,,1,1,1971-04-24,06
71LA03456,71,,,0,03,033,9116,61,6,43,4,40,,,06,,,127,,,0,,,,41,,,,1,62,0258,62,1,0,03,1,0, 6,0,0,0.0,0,,1,1,1971-05-07,06
71LA03457,71,2,2690,6,70,702,9118,61,6,,4,40,,1,06,,3,112,8,2,0,3,,,,,,3,1,62,0849,62,1,76,70,2,1,,1,2,10.8,10,,1,1,1971-04-22,06
71LA03458,71,1,2691,6,70,702,9118,61,6,,4,40,,1,06,,1,112,8,2,160,3,,6,,,,,1,62,0849,62,0,0,70,2,1,,0,0,8.8,0,,1,2,1971-04-22,06
71LA03459,71,1,,0,76,762,9119,61,6,,4,40,,1,06,,1,99,1,1,0,3,,1,,554618,+,,1,62,0931,62,1,0,76,6,0,,1,1,10.2,5,,2,1,1971-04-09,06
71LA03460,71,1,2888,6,75,751,9123,61,6,,4,40,,1,06,,1,115,7,2,0,4,,,,630442,+,6,1,62,0601,62,1,63,75,6,1,,1,2,7.4,15,,2,1,1971-04-25,06
71LA03461,71,2,,0,75,751,9123,61,6,,4,40,,1,06,,1,115,7,2,0,4,,1,,,,,1,62,0601,62,0,0,75,6,0,,0,0,7.2,0,,2,2,1971-04-25,06
71LA03462,71,1,3046,6,72,893,9128,61,6,,4,40,,1,06,,1,120,8,3,0,5,,,,,,3,1,62,0359,62,1,80,72,3,1,,1,2,11.6,10,,1,1,1971-04-30,06
71LA03463,71,1,3047,6,72,893,9128,61,6,,4,40,,1,06,,1,120,8,3,0,5,,,,,&,,1,62,0359,62,0,76,72,3,1,,0,0,9.8,5,,1,2,1971-04-30,06
71LA03464,71,1,2502,6,76,761,9131,61,6,,4,40,,1,06,,1,109,5,1,0,3,,,,,,,1,62,0367,62,1,50,76,6,1,,1,1,7.4,10,,1,1,1971-04-19,06
71LA03465,71,,,0,01,013,9138,61,6,32,4,40,,,06,1,,0,,,0,,,,28,,,,1,62,0125,62,1,0,01,1,0, 6,0,0,0.0,0,,1,1,,06
71LA03466,71,3,8066,9,00,013,9138,61,6,,4,40,,5,60,2,1,127,5,,0,4,,,28,,,,1,90,0000,98,1,110,01,0,1, 6,1,1,12.6,10,,1,1,1971-05-07,06
71LA03467,71,1,2440,6,74,742,9141,61,6,,4,40,,1,06,,1,108,5,2,0,4,,,,,,2,1,62,0897,62,1,97,74,6,1,,1,1,12.4,10,,2,1,1971-04-18,06
71LA03468,71,2,3051,6,77,771,9145,61,6,,4,40,,1,06,,1,120,8,1,0,4,,,,,,3,1,62,0468,62,1,74,77,6,1,,1,2,10.8,10,,2,1,1971-04-30,06
71LA03469,71,1,3052,6,77,771,9145,61,6,,4,40,,1,06,,1,120,8,1,0,4,,,,,,3,1,62,0468,62,0,68,77,6,1,,0,0,11.6,10,,2,2,1971-04-30,06
71LA03470,71,2,2090,6,10,103,9148,61,6,31,4,40,,1,06,,1,96,8,,0,2,,,34,012362,-,1,1,62,0687,62,1,73,10,1,1, 7,1,2,8.0,5,,1,1,1971-04-06,06
71LA03471,71,2,2091,6,10,103,9148,61,6,31,4,40,,1,06,,1,96,8,,0,2,,,34,,,1,1,62,0687,62,0,83,10,1,1, 7,0,0,7.8,10,03,1,2,1971-04-06,06
71LA03472,71,2,8023,9,99,090,9151,61,6,,4,40,,1,53,,1,104,8,,0,4,,,,,,,1,90,0004,95,1,56,78,8,1,,1,2,4.8,10,,1,1,1971-04-14,06
71LA03473,71,1,8024,9,99,090,9151,61,6,,4,40,,1,53,,1,104,8,,0,4,,6,,,,,1,90,0004,95,0,0,78,8,1,,0,0,5.4,0,,1,2,1971-04-14,06
71LA03474,71,2,7985,9,99,090,9153,61,6,,4,40,,1,53,,1,93,7,,0,2,,6,,,,,1,90,0004,95,1,0,73,8,1,,1,2,4.0,0,,1,1,1971-04-03,06
71LA03475,71,1,,0,99,090,9153,61,6,,4,40,,1,53,,1,93,7,,0,2,,1,,,,,1,90,0004,95,0,0,73,8,0,,0,0,8.0,0,72,1,2,1971-04-03,06
71LA03476,71,1,2328,6,78,780,9155,61,6,,4,40,,1,06,,1,106,5,1,0,3,,6,,,,,1,62,0677,62,1,0,78,6,1,,1,1,7.6,0,,1,1,1971-04-16,06
71LA03477,71,2,2774,6,76,760,9159,61,6,,4,40,,1,06,,1,113,8,4,0,4,,,,,,3,1,62,0464,62,1,67,76,6,1,,1,2,8.6,10,,2,1,1971-04-23,06
71LA03478,71,1,2775,6,76,760,9159,61,6,,4,40,,1,06,,1,113,8,4,0,4,,6,,,,,1,62,0464,62,0,0,76,6,1,,0,0,7.0,0,,2,2,1971-04-23,06
71LA03479,71,1,2886,6,73,732,9161,61,6,,4,40,,1,06,,1,115,8,1,0,4,01,,,,,3,1,62,1697,62,1,76,73,6,1,,1,2,11.0,10,,1,1,1971-04-25,06
71LA03480,71,2,2887,6,73,732,9161,61,6,,4,40,,1,06,,1,115,8,1,0,4,,,,,,3,1,62,1697,62,0,70,73,6,1,,0,0,10.2,10,,1,2,1971-04-25,06
71LA03481,71,1,3010,6,74,741,9163,61,6,,4,40,,1,06,,1,118,5,2,0,4,01,,,,,3,1,62,1243,62,1,93,74,6,1,,1,1,11.6,10,,1,1,1971-04-28,06
71LA03482,71,2,2131,6,77,770,9164,61,6,,4,40,,1,06,,1,101,5,2,0,4,,,,,,2,1,62,0394,62,1,93,77,6,1,,1,1,10.0,10,,2,1,1971-04-11,06
71LA03483,71,2,2630,6,76,762,9165,61,6,,4,40,,1,06,,1,110,5,4,0,4,,,,,,2,1,62,0931,62,1,69,76,6,1,,1,1,9.0,10,,1,1,1971-04-20,06
71LA03484,71,,,0,74,740,9166,61,6,,4,40,,,06,,,130,,3,0,,,,,,,,1,62,0274,62,1,0,74,6,0,,0,0,0.0,0,,1,1,1971-05-10,06
71LA03485,71,2,2438,6,78,781,9171,61,6,,4,40,,1,06,,1,108,5,3,0,4,,,,,,2,1,62,0772,62,1,85,78,6,1,,1,1,9.6,10,,2,1,1971-04-18,06
71LA03486,71,2,2981,6,77,772,9172,61,6,,4,40,,1,06,,1,118,5,4,0,4,,,,,,3,1,62,0597,62,1,87,77,6,1,,1,1,12.0,10,,1,1,1971-04-28,06
71LA03487,71,1,2947,6,74,742,9173,61,6,,4,40,,1,06,,1,117,5,3,0,5,,,,,,3,1,62,0897,62,1,91,74,6,1,,1,1,12.0,10,,1,1,1971-04-27,06
71LA03488,71,2,2261,6,74,741,9178,61,6,,4,40,,1,06,,1,105,5,4,0,3,,,,,,2,1,62,1243,62,1,84,74,6,1,,1,1,8.4,10,,2,1,1971-04-15,06
71LA03489,71,1,2594,6,77,772,9181,61,6,,4,40,,1,06,,1,110,5,1,111,4,,6,,,,,1,62,0597,62,1,0,77,6,1,,1,1,9.0,0,,2,1,1971-04-20,06
71LA03490,71,2,,0,70,701,9185,61,6,,4,40,,1,06,,1,106,1,2,0,4,33,1,,229362,+,,1,62,0599,62,1,0,70,2,0,,1,1,11.0,0,,1,1,1971-04-16,06
71LA03491,71,2,2896,6,70,700,9188,61,6,,4,40,,1,06,,1,116,5,1,0,3,,,,,,,1,62,0476,62,1,53,70,2,1,,1,1,9.0,10,,2,1,1971-04-26,06
71LA03492,71,1,2925,6,73,730,9191,61,6,,4,40,,1,06,,3,116,5,2,0,4,,,,,,3,1,62,0533,62,1,90,73,6,1,,1,1,13.2,10,,1,1,1971-04-26,06
71LA03493,71,2,2405,6,75,750,9194,61,6,,4,40,,1,06,,1,107,8,3,164,4,,6,,,,,1,62,0304,62,1,0,75,6,1,,1,2,8.6,0,,1,1,1971-04-17,06
71LA03494,71,1,2406,6,75,750,9194,61,6,,4,40,,1,06,,1,107,8,3,0,4,,,,,,2,1,62,0304,62,0,94,75,6,1,,0,0,9.4,10,,1,2,1971-04-17,06
71LA03495,71,2,3091,6,01,013,9198,61,6,32,4,40,,1,06,,2,124,5,,0,2,,,36,,,1,1,62,0125,62,1,66,01,1,1, 7,1,1,7.8,10,,1,1,1971-05-04,06
71LA03496,71,2,2916,6,78,780,9200,61,6,,4,40,,1,06,,3,116,5,3,0,3,,,,,,3,1,62,0677,62,1,63,78,6,1,,1,1,9.8,10,,2,1,1971-04-26,06
71LA03497,71,2,2309,6,76,761,9209,61,6,,4,40,,1,06,,1,106,5,1,0,4,,,,,,2,1,62,0367,62,1,82,76,6,1,,1,1,7.6,10,,2,1,1971-04-16,06
71LA03498,71,2,2967,6,75,752,9210,61,6,,4,40,,1,06,,1,117,8,3,0,4,,,,,,3,1,62,0949,62,1,63,75,6,1,,1,2,8.0,10,,1,1,1971-04-27,06
71LA03499,71,2,2968,6,75,752,9210,61,6,,4,40,,1,06,,1,117,8,3,0,4,,,,,,3,1,62,0949,62,0,62,75,6,1,,0,0,8.0,10,,1,2,1971-04-27,06
71LA03500,71,2,2327,6,73,732,9215,61,6,,4,40,,1,06,,1,106,5,2,0,3,,,,,,2,1,62,1697,62,1,85,73,6,1,,1,1,11.8,10,,2,1,1971-04-16,06
71LA03501,71,2,7999,9,99,091,9216,61,6,,4,40,,3,53,,1,99,8,,0,4,,,,,,,1,90,0005,95,1,68,78,8,1,,1,2,8.6,10,,1,1,1971-04-09,06
71LA03502,71,1,8000,9,99,091,9216,61,6,,4,40,,3,53,,1,99,8,,0,4,,,,,,,1,90,0005,95,0,91,78,8,1,,0,0,9.8,10,,1,2,1971-04-09,06
71LA03503,71,1,2640,6,77,772,9218,61,6,,4,40,,1,06,,1,111,8,3,0,3,,,,,,2,1,62,0597,62,1,64,77,6,1,,1,2,10.4,10,,1,1,1971-04-21,06
71LA03504,71,2,2641,6,77,772,9218,61,6,,4,40,,1,06,,1,111,8,3,0,3,,,,,,2,1,62,0597,62,0,65,77,6,1,,0,0,9.2,10,,1,2,1971-04-21,06
71LA03505,71,2,2441,6,73,731,9222,61,6,,4,40,,1,06,,1,108,5,4,0,4,,,,,,2,1,62,2008,62,1,88,73,6,1,,1,1,12.0,10,,1,1,1971-04-18,06
71LA03506,71,2,8006,9,99,090,9232,61,6,,4,40,,1,53,,1,100,5,,0,4,,,,,,,1,90,0004,95,1,82,77,8,1,,1,1,12.0,10,,1,1,1971-04-10,06
71LA03507,71,1,2308,6,76,760,9241,61,6,,4,40,,1,06,,1,106,5,3,0,4,,,,,,2,1,62,0464,62,1,62,76,6,1,,1,1,11.8,10,,1,1,1971-04-16,06
71LA03508,71,1,2334,6,10,103,9245,61,6,31,4,40,,1,06,,1,106,8,,0,5,,,32,,,1,1,62,0687,62,1,70,10,1,1, 7,1,2,10.2,10,,1,1,1971-04-16,06
71LA03509,71,2,2335,6,10,103,9245,61,6,31,4,40,,1,06,,1,106,8,,0,5,,,32,,,1,1,62,0687,62,0,72,10,1,1, 7,0,0,9.6,10,,1,2,1971-04-16,06
71LA03510,71,1,2202,6,74,740,9249,61,6,,4,40,,1,06,,1,104,8,2,0,4,,,,,,2,1,62,0274,62,1,80,74,6,1,,1,2,8.2,10,,2,1,1971-04-14,06
71LA03511,71,1,2203,6,74,740,9249,61,6,,4,40,,1,06,,1,104,8,2,0,4,,,,,,,1,62,0274,62,0,76,74,6,1,,0,0,10.0,10,,2,2,1971-04-14,06
71LA03512,71,2,3013,6,74,742,9253,61,6,,4,40,,1,06,,1,118,5,2,0,4,,,,,,3,1,62,0897,62,1,83,74,6,1,,1,1,12.2,10,,2,1,1971-04-28,06
71LA03513,71,2,2991,6,75,751,9254,61,6,,4,40,,1,06,,1,118,5,1,0,4,,,,,,3,1,62,0601,62,1,72,75,6,1,,1,1,10.6,10,,1,1,1971-04-28,06
71LA03514,71,2,3025,6,73,730,9257,61,6,,4,40,,1,06,,1,119,5,3,0,4,,,,,,3,1,62,0533,62,1,76,73,6,1,,1,1,12.4,10,,2,1,1971-04-29,06
71LA03515,71,2,2679,6,73,732,9268,61,6,,4,40,,1,06,,1,111,5,3,0,4,,,,,,2,1,62,1697,62,1,80,73,6,1,,1,1,11.4,10,,1,1,1971-04-21,06
71LA03516,71,1,2617,6,77,771,9271,61,6,,3,30,,1,06,,1,110,8,2,0,4,,,,,,2,1,62,0468,62,1,71,77,6,1,,1,2,9.0,10,,1,1,1971-04-20,06
71LA03517,71,2,2618,6,77,771,9271,61,6,,3,30,,1,06,,1,110,8,2,0,4,,,,,,2,1,62,0468,62,0,72,77,6,1,,0,0,9.4,10,,1,2,1971-04-20,06
71LA03518,71,2,2195,6,77,770,9272,61,6,,3,30,,1,06,,1,103,5,4,0,3,,,,,,2,1,62,0394,62,1,88,77,6,1,,1,1,9.6,10,,1,1,1971-04-13,06
71LA03519,71,2,2392,6,77,772,9277,61,6,,3,30,,1,06,,1,107,5,2,0,2,,,,,,2,1,62,0597,62,1,60,77,6,1,,1,1,9.2,10,,2,1,1971-04-17,06
71LA03520,71,,,0,74,741,9280,61,6,,3,30,,,06,,,130,,2,0,,,,,,,,1,62,1243,62,1,0,74,6,0,,0,0,0.0,0,,1,1,1971-05-10,06
71LA03521,71,2,2950,6,76,762,9283,61,6,,3,30,,1,06,,1,117,5,4,0,5,,,,,,3,1,62,0931,62,1,81,76,6,1,,1,1,10.4,10,,2,1,1971-04-27,06
71LA03522,71,2,2242,6,77,772,9285,61,6,,3,30,,1,06,,1,104,5,4,0,3,,,,,,2,1,62,0597,62,1,86,77,6,1,,1,1,10.6,10,,1,1,1971-04-14,06
71LA03523,71,1,2860,6,78,782,9288,61,6,,3,30,,1,06,,1,115,8,2,0,4,,,,,,3,1,62,0504,62,1,99,78,6,1,,1,2,12.4,10,,2,1,1971-04-25,06
71LA03524,71,1,2861,6,78,782,9288,61,6,,3,30,,3,06,,1,115,8,2,230,4,,7,,,&,,1,62,0504,62,0,0,78,6,1,,0,0,8.6,0,79,2,2,1971-04-25,06
71LA03525,71,1,2206,6,75,750,9290,61,6,,3,30,,1,06,,1,104,5,2,0,4,,,,,,2,1,62,0304,62,1,97,75,6,1,,1,1,11.0,10,,2,1,1971-04-14,06
71LA03526,71,,,0,75,752,9291,61,6,,3,30,,,06,,,131,,4,0,,,,,,,,1,62,0949,62,1,0,75,6,0,,0,0,0.0,0,,2,1,1971-05-11,06
71LA03527,71,1,2584,6,74,740,9293,61,6,,3,30,,1,06,,1,110,8,4,0,3,,,,,,2,1,62,0274,62,1,81,74,6,1,,1,2,12.2,10,,1,1,1971-04-20,06
71LA03528,71,2,2585,6,74,740,9293,61,6,,3,30,,1,06,,1,110,8,4,0,3,,,,,&,,1,62,0274,62,0,80,74,6,1,,0,0,7.0,5,,1,2,1971-04-20,06
71LA03529,71,1,3011,6,75,751,9294,61,6,,3,30,,1,06,,1,118,8,2,0,4,,,,,,3,1,62,0601,62,1,75,75,6,1,,1,2,11.2,10,,2,1,1971-04-28,06
71LA03530,71,2,3012,6,75,751,9294,61,6,,3,30,,1,06,,1,118,8,2,0,4,,,,,,3,1,62,0601,62,0,71,75,6,1,,0,0,11.2,10,,2,2,1971-04-28,06
71LA03531,71,2,2489,6,76,761,9297,61,6,,3,30,,1,06,,1,109,8,2,0,3,,,,,,2,1,62,0367,62,1,76,76,6,1,,1,2,7.4,10,,1,1,1971-04-19,06
71LA03532,71,1,2490,6,76,761,9297,61,6,,3,30,,1,06,,1,109,8,2,111,3,,6,,,,,1,62,0367,62,0,0,76,6,1,,0,0,7.0,0,,1,2,1971-04-19,06
71LA03533,71,2,,0,76,762,9301,61,6,,3,30,,1,06,,1,111,1,4,0,3,,1,,,,,1,62,0931,62,1,0,76,6,0,,1,1,11.0,0,,1,1,1971-04-21,06
71LA03534,71,1,2855,6,78,781,9302,61,6,,3,30,,1,06,,1,115,5,4,0,4,,,,,,3,1,62,0772,62,1,91,78,6,1,,1,1,11.0,10,,1,1,1971-04-25,06
71LA03535,71,2,2521,6,77,771,9303,61,6,,3,30,,1,06,,1,109,5,2,0,4,,,,,,2,1,62,0468,62,1,73,77,6,1,,1,1,10.8,10,03,2,1,1971-04-19,06
71LA03536,71,,,0,77,772,9306,61,6,,3,30,,,06,,,1,,4,0,,,,,,,,1,62,0597,62,1,0,77,6,0,,0,0,0.0,0,,2,1,1971-01-01,06
71LA03537,71,2,2754,6,76,760,9310,61,6,,3,30,,1,06,,1,113,5,2,0,3,,,,,,3,1,62,0464,62,1,71,76,6,1,,1,1,10.6,10,,2,1,1971-04-23,06
71LA03538,71,1,2931,6,75,750,9311,61,6,,3,30,,3,06,,1,116,5,4,0,4,,,,,,3,1,62,0304,62,1,95,75,6,1,,1,1,12.6,10,,1,1,1971-04-26,06
71LA03539,71,1,2810,6,75,752,9313,61,6,,3,30,,1,06,,1,114,5,2,0,4,,,,,,3,1,62,0949,62,1,81,75,6,1,,1,1,10.8,10,,1,1,1971-04-24,06
71LA03540,71,1,2379,6,78,780,9317,61,6,,3,30,,1,06,,1,107,5,2,0,4,,,,,,2,1,62,0677,62,1,93,78,6,1,,1,1,13.2,10,,1,1,1971-04-17,06
71LA03541,71,1,2986,6,76,762,9318,61,6,,3,30,,1,06,,1,118,8,4,0,4,,6,,,,,1,62,0931,62,1,0,76,6,1,,1,2,11.6,0,59,2,1,1971-04-28,06
71LA03542,71,1,2987,6,76,762,9318,61,6,,3,30,,1,06,,1,118,8,4,0,4,,,,,,3,1,62,0931,62,0,72,76,6,1,,0,0,9.2,10,03,2,2,1971-04-28,06
71LA03543,71,1,3053,6,74,742,9320,61,6,,3,30,,1,06,,1,120,8,2,0,3,,,,,,3,1,62,0897,62,1,74,74,6,1,,1,2,10.0,10,,1,1,1971-04-30,06
71LA03544,71,1,3054,6,74,742,9320,61,6,,3,30,,1,06,,1,120,8,2,0,3,,,,,,3,1,62,0897,62,0,66,74,6,1,,0,0,9.4,10,,1,2,1971-04-30,06
71LA03545,71,2,2740,6,76,761,9323,61,6,,3,30,,1,06,,1,113,5,2,0,3,,,,,,2,1,62,0367,62,1,88,76,6,1,,1,1,11.0,10,,2,1,1971-04-23,06
71LA03546,71,,,0,76,760,9324,61,6,,3,30,,,06,,,131,,4,0,,,,,,,,1,62,0464,62,1,0,76,6,0,,0,0,0.0,0,,1,1,1971-05-11,06
71LA03547,71,1,2726,6,78,781,9326,61,6,,3,30,,1,06,,1,112,5,4,0,4,,,,,,2,1,62,0772,62,1,81,78,6,1,,1,1,10.6,10,,2,1,1971-04-22,06
71LA03548,71,2,,0,77,770,9328,61,6,,3,30,,1,06,,1,104,1,2,0,2,,1,,651311,+,,1,62,0394,62,1,0,77,6,0,,1,1,12.0,5,,2,1,1971-04-14,06
71LA03549,71,2,2302,6,75,751,9329,61,6,,3,30,,1,06,,1,105,5,4,0,4,,,,,,2,1,62,0601,62,1,81,75,6,1,,1,1,11.0,10,,1,1,1971-04-15,06
71LA03550,71,2,3090,6,73,731,9332,61,6,,3,30,,1,06,,1,124,5,4,0,5,,,,,,3,1,62,2008,62,1,79,73,6,1,,1,1,10.8,10,,2,1,1971-05-04,06
71LA03551,71,2,2271,6,76,762,9340,61,6,,3,30,,1,06,,1,105,5,2,0,4,,,,,,2,1,62,0931,62,1,83,76,6,1,,1,1,9.4,10,,1,1,1971-04-15,06
71LA03552,71,1,2692,6,76,761,9342,61,6,,3,30,,1,06,,1,112,8,4,0,4,,,,,,2,1,62,0367,62,1,73,76,6,1,,1,2,9.0,10,,1,1,1971-04-22,06
71LA03553,71,1,2693,6,76,761,9342,61,6,,3,30,,1,06,,1,112,8,4,0,4,,,,,,2,1,62,0367,62,0,73,76,6,1,,0,0,10.8,10,,1,2,1971-04-22,06
71LA03554,71,2,2177,6,78,782,9352,61,6,,3,30,,1,06,,1,103,5,2,0,4,,,,,,2,1,62,0504,62,1,76,78,6,1,,1,1,11.0,10,,1,1,1971-04-13,06
71LA03555,71,1,2975,6,78,780,9354,61,6,,3,30,,1,06,,1,118,8,4,0,3,,,,,,3,1,62,0677,62,1,66,78,6,1,,1,2,9.4,10,,2,1,1971-04-28,06
71LA03556,71,2,2976,6,78,780,9354,61,6,,3,30,,1,06,,1,118,8,4,0,3,,,,,,3,1,62,0677,62,0,61,78,6,1,,0,0,8.8,10,,2,2,1971-04-28,06
71LA03557,71,1,2848,6,74,741,9355,61,6,,3,30,,1,06,,1,114,8,4,0,4,,,,,,3,1,62,1243,62,1,82,74,6,1,,1,2,11.0,10,,2,1,1971-04-24,06
71LA03558,71,1,2849,6,74,741,9355,61,6,,3,30,,1,06,,1,114,8,4,136,4,,6,,,,,1,62,1243,62,0,0,74,6,1,,0,0,8.6,0,,2,2,1971-04-24,06
71LA03559,71,2,2386,6,78,781,9356,61,6,,3,30,,1,06,,1,107,9,2,0,4,,,,,&,,1,62,0772,62,1,89,78,6,1,,1,3,7.6,5,,1,1,1971-04-17,06
71LA03560,71,2,2387,6,78,781,9356,61,6,,3,30,,1,06,,1,107,9,2,0,4,,,,,,2,1,62,0772,62,0,83,78,6,1,,0,0,10.6,10,,1,2,1971-04-17,06
71LA03561,71,1,2397,6,78,781,9356,61,6,,3,30,,1,06,,1,107,9,2,0,4,,,,,,2,1,62,0772,62,0,61,78,6,1,,0,0,7.4,10,,1,3,1971-04-17,06
71LA03562,71,1,3024,6,75,750,9358,61,6,,3,30,,1,06,,1,119,5,2,0,5,,,,,,3,1,62,0304,62,1,90,75,6,1,,1,1,11.8,10,,2,1,1971-04-29,06
71LA03563,71,2,2172,6,74,740,9359,61,6,,3,30,,1,06,,1,102,5,2,0,4,,,,,,2,1,62,0274,62,1,73,74,6,1,,1,1,9.2,10,,2,1,1971-04-12,06
71LA03564,71,2,2389,6,78,782,9360,61,6,,3,30,,2,06,,1,107,5,2,0,5,,,,,,2,1,62,0504,62,1,96,78,6,1,,1,1,12.4,10,,2,1,1971-04-17,06
71LA03565,71,,,0,77,771,9361,61,6,,3,30,,,06,,,130,,4,0,,,,,,,,1,62,0468,62,1,0,77,6,0,,0,0,0.0,0,,1,1,1971-05-10,06
71LA03566,71,1,2836,6,74,741,9362,61,6,,3,30,,1,06,,1,114,5,4,117,2,,6,,,,,1,62,1243,62,1,0,74,6,1,,1,1,12.0,0,,1,1,1971-04-24,06
71LA03567,71,1,2523,6,74,741,9364,61,6,,3,30,,1,06,,1,109,8,2,0,5,,,,,,2,1,62,1243,62,1,91,74,6,1,,1,2,8.0,10,,2,1,1971-04-19,06
71LA03568,71,1,2524,6,74,741,9364,61,6,,3,30,,1,06,,1,109,8,2,111,5,,6,,,,,1,62,1243,62,0,0,74,6,1,,0,0,8.2,0,,2,2,1971-04-19,06
71LA03569,71,1,2354,6,75,752,9365,61,6,,3,30,,1,06,,1,106,5,4,0,4,,,,,,2,1,62,0949,62,1,92,75,6,1,,1,1,10.6,10,,2,1,1971-04-16,06
71LA03570,71,2,2244,6,75,751,9368,61,6,,3,30,,1,06,,1,104,8,2,0,4,,,,,,2,1,62,0601,62,1,63,75,6,1,,1,2,8.4,10,,2,1,1971-04-14,06
71LA03571,71,2,2245,6,75,751,9368,61,6,,3,30,,1,06,,1,104,8,2,0,4,,,,,,2,1,62,0601,62,0,88,75,6,1,,0,0,9.2,10,,2,2,1971-04-14,06
71LA03572,71,1,2969,6,74,740,9369,61,6,,3,30,,1,06,,1,117,5,4,0,4,,,,,,3,1,62,0274,62,1,86,74,6,1,,1,1,9.8,10,,1,1,1971-04-27,06
71LA03573,71,1,2815,6,74,742,9372,61,6,,3,30,,1,06,,1,114,5,2,0,5,,,,,,3,1,62,0897,62,1,89,74,6,1,,1,1,12.0,10,,2,1,1971-04-24,06
71LA03574,71,2,2937,6,01,013,9377,61,6,42,3,30,,1,06,,1,117,5,,0,4,,,29,,,1,1,62,0125,62,1,64,01,1,1, 7,1,1,11.0,10,,1,1,1971-04-27,06
71LA03575,71,,,0,01,013,9378,61,6,42,3,30,,,06,1,,0,,,0,,,,29,,,,1,62,0125,62,1,0,01,1,0, 6,0,0,0.0,0,,1,1,,06
71LA03576,71,2,8100,9,00,013,9378,61,6,,3,30,,5,60,2,1,135,8,,0,4,,6,29,,,,1,90,0000,98,1,0,01,0,1, 6,1,2,10.4,0,,1,1,1971-05-15,06
71LA03577,71,2,8101,9,00,013,9378,61,6,,3,30,,5,60,2,1,135,8,,0,4,,,29,,,6,1,90,0000,98,0,34,01,0,1, 6,0,0,9.4,10,,1,2,1971-05-15,06
71LA03578,71,2,2685,6,72,883,9379,61,6,,3,30,,1,06,,1,112,5,4,0,4,,6,,,,,1,62,1001,62,1,0,72,3,1,,1,1,10.0,0,,2,1,1971-04-22,06
71LA03579,71,,,0,03,033,9381,61,6,40,3,30,,,06,,,127,,,0,,,,40,,,,1,62,0258,62,1,0,03,1,0, 6,0,0,0.0,0,,1,1,1971-05-07,06
71LA03580,71,2,2818,6,75,750,9384,61,6,,3,30,,1,06,,1,114,8,4,0,4,,,,,,3,1,62,0304,62,1,105,75,6,1,,1,2,13.0,10,03,1,1,1971-04-24,06
71LA03581,71,2,2819,6,75,750,9384,61,6,,3,30,,1,06,,1,114,8,4,0,4,,,,,&,,1,62,0304,62,0,82,75,6,1,,0,0,7.6,5,02,1,2,1971-04-24,06
71LA03582,71,1,,0,01,013,9385,61,6,38,3,30,,1,06,,1,119,1,,0,3,,1,32,300262,+,,1,62,0125,62,1,0,01,1,0, 7,1,1,7.0,5,,1,1,1971-04-29,06
71LA03583,71,1,3113,6,75,752,9393,61,6,,3,30,,1,06,,1,131,5,2,0,5,,,,,,3,1,62,0949,62,1,81,75,6,1,,1,1,13.6,10,,1,1,1971-05-11,06
71LA03584,71,,,0,76,760,9395,61,6,,3,30,,,06,,,133,,2,0,,,,,,,,1,62,0464,62,1,0,76,6,0,,0,0,0.0,0,,2,1,1971-05-13,06
71LA03585,71,1,2132,6,73,730,9398,61,6,,3,30,,1,06,,1,101,8,4,106,2,,6,,,,,1,62,0533,62,1,0,73,6,1,,1,2,7.0,0,,1,1,1971-04-11,06
71LA03586,71,1,2133,6,73,730,9398,61,6,,3,30,,1,06,,1,101,8,4,125,2,,6,,,,,1,62,0533,62,0,0,73,6,1,,0,0,6.6,0,59,1,2,1971-04-11,06
71LA03587,71,,,0,01,013,9399,61,6,41,3,30,,,06,1,,0,,,0,,,,37,,,,1,62,0125,62,1,0,01,1,0, 6,0,0,0.0,0,,1,1,,06
71LA03588,71,3,8061,9,00,013,9399,61,6,,3,30,,5,60,2,1,126,5,,0,4,,,37,,,6,1,90,0000,98,1,73,01,0,1, 6,1,1,11.2,10,,1,1,1971-05-06,06
71LA03589,71,2,2243,6,77,772,9402,61,6,,3,30,,1,06,,1,104,5,2,0,3,,,,,,2,1,62,0597,62,1,75,77,6,1,,1,1,10.2,10,,1,1,1971-04-14,06
71LA03590,71,2,,0,76,762,9403,61,6,,3,30,,1,06,,1,101,1,4,0,0,,1,,,,,1,62,0931,62,1,0,76,6,0,,1,1,6.6,0,,2,1,1971-04-11,06
71LA03591,71,2,2678,6,73,732,9404,61,6,,3,30,,1,06,,1,111,5,2,0,4,,,,,,2,1,62,1697,62,1,73,73,6,1,,1,1,9.4,10,,2,1,1971-04-21,06
71LA03592,71,2,2695,6,78,780,9405,61,6,,3,30,,1,06,,1,112,5,2,0,2,,,,,,2,1,62,0677,62,1,78,78,6,1,,1,1,9.6,10,,1,1,1971-04-22,06
71LA03593,71,2,2603,6,78,782,9410,61,6,,3,30,,1,06,,1,110,8,4,0,4,,6,,,,,1,62,0504,62,1,0,78,6,1,,1,2,8.6,0,,1,1,1971-04-20,06
71LA03594,71,1,2604,6,78,782,9410,61,6,,3,30,,1,06,,1,110,8,4,0,4,,,,,,2,1,62,0504,62,0,76,78,6,1,,0,0,8.8,10,,1,2,1971-04-20,06
71LA03595,71,1,3092,6,76,761,9412,61,6,,3,30,,1,06,,1,124,8,2,0,4,,,,,,3,1,62,0367,62,1,75,76,6,1,,1,2,10.6,10,,2,1,1971-05-04,06
71LA03596,71,1,3093,6,76,761,9412,61,6,,3,30,,1,06,,1,124,8,2,0,4,,,,,,3,1,62,0367,62,0,59,76,6,1,,0,0,8.4,10,,2,2,1971-05-04,06
71LA03597,71,1,2112,6,78,781,9418,61,6,,3,30,,1,06,,1,100,8,2,0,3,,,,,,2,1,62,0772,62,1,84,78,6,1,,1,2,10.4,10,,2,1,1971-04-10,06
71LA03598,71,2,2113,6,78,781,9418,61,6,,3,30,,1,06,,1,100,8,2,0,3,,,,,,2,1,62,0772,62,0,86,78,6,1,,0,0,9.0,10,,2,2,1971-04-10,06
71LA03599,71,1,2469,6,74,741,9420,61,6,,3,30,,1,06,,1,108,5,4,0,3,,,,,,2,1,62,1243,62,1,83,74,6,1,,1,1,9.4,10,,1,1,1971-04-18,06
71LA03600,71,2,2783,6,73,731,9421,61,6,,3,30,,2,06,,1,113,5,4,0,4,,,,,,3,1,62,2008,62,1,76,73,6,1,,1,1,12.4,10,,1,1,1971-04-23,06
71LA03601,71,1,2365,6,72,873,9424,61,6,,3,30,,1,06,,1,106,5,2,181,3,,6,,,&,,1,62,0589,62,1,0,72,3,1,,1,1,5.0,0,,1,1,1971-04-16,06
71LA03602,71,1,2339,6,75,751,9427,61,6,,3,30,,1,06,,1,106,5,4,164,4,,6,,,,,1,62,0601,62,1,0,75,6,1,,1,1,13.8,0,,1,1,1971-04-16,06
71LA03603,71,2,2381,6,74,740,9428,61,6,,3,30,,1,06,,1,107,5,2,0,4,,,,,,2,1,62,0274,62,1,88,74,6,1,,1,1,9.8,10,,2,1,1971-04-17,06
71LA03604,71,2,2234,6,73,730,9430,61,6,,3,30,,1,06,,1,104,5,2,0,5,,,,,,2,1,62,0533,62,1,83,73,6,1,,1,1,10.6,10,,2,1,1971-04-14,06
71LA03605,71,1,2649,6,74,742,9431,61,6,,3,30,,1,06,,1,111,8,4,0,4,,,,,,2,1,62,0897,62,1,60,74,6,1,,1,2,10.2,10,,1,1,1971-04-21,06
71LA03606,71,1,2650,6,74,742,9431,61,6,,3,30,,1,06,,1,111,8,4,0,4,,,,,,2,1,62,0897,62,0,60,74,6,1,,0,0,9.4,10,,1,2,1971-04-21,06
71LA03607,71,,,0,75,750,9447,61,6,,3,30,,,06,,,130,,2,0,,,,,,,,1,62,0304,62,1,0,75,6,0,,0,0,0.0,0,,2,1,1971-05-10,06
71LA03608,71,2,2753,6,75,752,9456,61,6,,3,30,,2,06,,1,113,5,4,0,4,,,,,,3,1,62,0949,62,1,79,75,6,1,,1,1,11.0,10,,2,1,1971-04-23,06
71LA03609,71,2,2564,6,75,751,9462,61,6,,3,30,,1,06,,1,110,5,2,0,4,,,,,,2,1,62,0601,62,1,87,75,6,1,,1,1,11.4,10,,2,1,1971-04-20,06
71LA03610,71,1,,0,77,770,9463,61,6,,3,30,,1,06,,1,109,0,4,0,3,,0,,621542,+,,1,62,0394,62,1,0,77,6,0,,1,1,5.4,5,,1,1,1971-04-19,06
71LA03611,71,2,2768,6,78,780,9466,61,6,,3,30,,1,06,,1,113,5,4,123,3,,6,,,,,1,62,0677,62,1,0,78,6,1,,1,1,11.0,0,02,2,1,1971-04-23,06
71LA03612,71,2,2809,6,77,771,9467,61,6,,3,30,,1,06,,1,114,5,2,0,2,,,,,,3,1,62,0468,62,1,79,77,6,1,,1,1,6.6,10,,2,1,1971-04-24,06
71LA03613,71,2,2714,6,74,742,9480,61,6,,3,30,,1,06,,1,112,8,2,0,3,,,,,,2,1,62,0897,62,1,69,74,6,1,,1,2,9.2,10,,2,1,1971-04-22,06
71LA03614,71,2,2715,6,74,742,9480,61,6,,3,30,,1,06,,1,112,8,2,117,3,,6,,,,,1,62,0897,62,0,0,74,6,1,,0,0,8.4,0,,2,2,1971-04-22,06
71LA03615,71,1,,0,74,740,9481,61,6,,3,30,,1,06,,1,134,1,4,0,4,,1,,312062,+,,1,62,0274,62,1,0,74,6,0,,1,1,9.6,5,,1,1,1971-05-14,06
71LA03616,71,1,2928,6,78,782,9482,61,6,,3,30,,2,06,,1,116,8,2,0,3,,6,,,,,1,62,0504,62,1,0,78,6,1,,1,2,10.6,0,,2,1,1971-04-26,06
71LA03617,71,1,2929,6,78,782,9482,61,6,,3,30,,3,06,,1,116,8,2,0,3,,6,,,,,1,62,0504,62,0,0,78,6,1,,0,0,8.0,0,,2,2,1971-04-26,06
71LA03618,71,2,2712,6,77,770,9484,61,6,,3,30,,1,06,,1,112,5,4,0,4,,,,,,2,1,62,0394,62,1,81,77,6,1,,1,1,11.2,10,,2,1,1971-04-22,06
71LA03619,71,1,2857,6,73,732,9487,61,6,,3,30,,1,06,,1,115,5,4,0,4,,,,,,3,1,62,1697,62,1,69,73,6,1,,1,1,12.8,10,,1,1,1971-04-25,06
71LA03620,71,,,0,78,781,9491,61,6,,3,30,,,06,,,10,,4,0,,,,,,,,1,62,0772,62,1,0,78,6,0,,0,0,0.0,0,,1,1,1971-01-10,06
71LA03621,71,2,3038,6,72,863,9494,61,6,,3,30,,1,06,,1,119,8,2,123,3,,6,,,,,1,62,0253,62,1,0,72,3,1,,1,2,7.4,0,,2,1,1971-04-29,06
71LA03622,71,1,3039,6,72,863,9494,61,6,,3,30,,1,06,,1,119,8,2,0,3,,6,,,,,1,62,0253,62,0,0,72,3,1,,0,0,7.2,0,,2,2,1971-04-29,06
71LA03623,71,,,0,75,752,9496,61,6,,3,30,,,06,,,130,,2,0,,,,,,,,1,62,0949,62,1,0,75,6,0,,0,0,0.0,0,,1,1,1971-05-10,06
71LA03624,71,1,,0,73,731,9499,61,6,,3,30,,1,06,,1,101,1,2,0,5,,1,,079301,+,,1,62,2008,62,1,0,73,6,0,,1,1,6.0,0,,2,1,1971-04-11,06
71LA03625,71,1,,0,74,742,9502,61,6,,3,30,,1,06,,1,97,4,2,0,4,,1,,546918,+,,1,62,0897,62,1,0,74,6,0,,1,2,8.0,5,,1,1,1971-04-07,06
71LA03626,71,2,,0,74,742,9502,61,6,,3,30,,1,06,,1,97,4,2,0,4,,1,,545618,+,,1,62,0897,62,0,0,74,6,0,,0,0,7.0,5,,1,2,1971-04-07,06
71LA03627,71,1,2652,6,70,702,9504,61,6,,3,30,,1,06,,1,111,5,2,0,2,,,,,,2,1,62,0849,62,1,72,70,2,1,,1,1,11.2,10,,2,1,1971-04-21,06
71LA03628,71,2,2333,6,73,730,9516,61,6,,3,30,,1,06,,1,106,5,4,0,5,,,,,,2,1,62,0533,62,1,86,73,6,1,,1,1,11.6,10,,1,1,1971-04-16,06
71LA03629,71,2,,0,74,740,9522,61,6,,3,30,,1,06,,1,98,0,4,0,3,,0,,988614,+,,1,62,0274,62,1,0,74,6,0,,1,1,6.0,0,,2,1,1971-04-08,06
71LA03630,71,1,,0,78,780,9525,61,6,,3,30,,1,06,,1,110,1,2,0,2,,1,,260762,+,,1,62,0677,62,1,0,78,6,0,,1,1,11.0,5,72,1,1,1971-04-20,06
71LA03631,71,2,2826,6,75,751,9529,61,6,,3,30,,1,06,,1,114,8,4,0,3,,,,,,3,1,62,0601,62,1,83,75,6,1,,1,2,9.2,10,,1,1,1971-04-24,06
71LA03632,71,1,2827,6,75,751,9529,61,6,,3,30,,1,06,,1,114,8,4,123,3,,6,,,,,1,62,0601,62,0,0,75,6,1,,0,0,8.6,0,,1,2,1971-04-24,06
71LA03633,71,1,2255,6,74,740,9530,61,6,,3,30,,1,06,,1,105,5,2,0,4,,,,,,2,1,62,0274,62,1,93,74,6,1,,1,1,11.2,10,,1,1,1971-04-15,06
71LA03634,71,2,2903,6,73,732,9531,61,6,,3,30,,1,06,,1,116,5,4,0,4,,,,,,3,1,62,1697,62,1,77,73,6,1,,1,1,8.8,10,,2,1,1971-04-26,06
71LA03635,71,1,2282,6,77,772,9536,61,6,,3,30,,1,06,,1,105,5,4,0,4,,,,,,2,1,62,0597,62,1,78,77,6,1,,1,1,8.8,10,,2,1,1971-04-15,06
71LA03636,71,1,2877,6,74,742,9537,61,6,,3,30,,2,06,,1,115,5,4,0,3,,,,,,3,1,62,0897,62,1,89,74,6,1,,1,1,9.4,10,,2,1,1971-04-25,06
71LA03637,71,1,2425,6,77,771,9541,61,6,,3,30,,1,06,,1,108,8,2,0,4,,,,,,2,1,62,0468,62,1,103,77,6,1,,1,2,11.0,10,,1,1,1971-04-18,06
71LA03638,71,2,2426,6,77,771,9541,61,6,,3,30,,1,06,,1,108,8,2,0,4,,,,,,2,1,62,0468,62,0,64,77,6,1,,0,0,10.0,10,,1,2,1971-04-18,06
71LA03639,71,,,0,75,750,9558,61,6,,3,30,,,06,,,130,,2,0,,,,,,,,1,62,0304,62,1,0,75,6,0,,0,0,0.0,0,,1,1,1971-05-10,06
71LA03640,71,1,3096,6,02,023,9559,61,6,38,3,30,,1,06,,1,125,5,,0,2,,,34,,,1,1,62,0155,62,1,65,02,1,1, 7,1,1,8.6,10,,1,1,1971-05-05,06
71LA03641,71,,,0,73,731,9562,61,6,,3,30,,,06,,,116,,2,0,,,,,,,,1,62,2008,62,0,0,73,6,0,,0,0,0.0,0,,1,1,1971-04-26,06
71LA03642,71,1,2436,6,78,782,9564,61,6,,3,30,,1,06,,1,108,8,4,0,4,,,,,,2,1,62,0504,62,1,71,78,6,1,,1,2,9.4,10,,1,1,1971-04-18,06
71LA03643,71,1,2437,6,78,782,9564,61,6,,3,30,,1,06,,1,108,8,4,0,4,,,,,,2,1,62,0504,62,0,59,78,6,1,,0,0,9.4,10,,1,2,1971-04-18,06
71LA03644,71,2,,0,75,752,9567,61,6,,3,30,,1,06,,1,101,0,4,0,0,,0,,,,,1,62,0949,62,1,0,75,6,0,,1,1,6.0,0,,2,1,1971-04-11,06
71LA03645,71,1,2664,6,70,701,9568,61,6,,3,30,,1,06,,1,111,5,2,0,4,,,,,,2,1,62,0599,62,1,98,70,2,1,,1,1,12.4,10,,2,1,1971-04-21,06
71LA03646,71,,,0,77,770,9574,61,6,,3,30,,,06,,,130,,2,0,,,,,,,,1,62,0394,62,0,0,77,6,0,,0,0,0.0,0,,1,1,1971-05-10,06
71LA03647,71,2,,0,73,730,9576,61,6,,3,30,,1,06,,1,131,1,2,0,2,,1,,311162,+,,1,62,0533,62,1,0,73,6,0,,1,1,10.8,5,,2,1,1971-05-11,06
71LA03648,71,2,2828,6,73,730,9580,61,6,,3,30,,1,06,,1,114,5,2,0,4,,,,,,3,1,62,0533,62,1,81,73,6,1,,1,1,13.0,10,,1,1,1971-04-24,06
71LA03649,71,1,3030,6,78,781,9582,61,6,,3,30,,1,06,,1,119,5,2,0,4,,,,,,3,1,62,0772,62,1,75,78,6,1,,1,1,9.0,10,,2,1,1971-04-29,06
71LA03650,71,2,2845,6,78,780,9588,61,6,,3,30,,1,06,,1,114,5,2,0,4,,,,,,3,1,62,0677,62,1,73,78,6,1,,1,1,10.4,10,,2,1,1971-04-24,06
71LA03651,71,1,2467,6,10,103,9590,61,6,33,3,30,,1,06,,1,108,5,,0,2,,,34,,,6,1,62,0687,62,1,66,10,1,1, 6,1,1,7.6,10,,1,1,1971-04-18,06
71LA03652,71,1,2186,6,76,762,9598,61,6,,3,30,,1,06,,2,103,5,4,0,3,,,,,,2,1,62,0931,62,1,94,76,6,1,,1,1,8.0,10,,1,1,1971-04-13,06
71LA03653,71,2,2880,6,78,782,9601,61,6,,3,30,,1,06,,1,115,5,4,0,4,,,,,,3,1,62,0504,62,1,82,78,6,1,,1,1,11.2,10,,2,1,1971-04-25,06
71LA03654,71,2,2092,6,10,103,9605,61,6,32,3,30,,1,06,,1,96,5,,0,5,,,32,,,1,1,62,0687,62,1,85,10,1,1, 7,1,1,9.6,10,,1,1,1971-04-06,06
71LA03655,71,2,2329,6,73,732,9608,61,6,,3,30,,1,06,,1,106,5,2,0,4,,,,,,2,1,62,1697,62,1,86,73,6,1,,1,1,12.8,10,,1,1,1971-04-16,06
71LA03656,71,1,2816,6,78,781,9610,61,6,,3,30,,1,06,,1,114,5,2,0,3,,,,,,3,1,62,0772,62,1,63,78,6,1,,1,1,5.8,10,,1,1,1971-04-24,06
71LA03657,71,1,2241,6,74,741,9611,61,6,,3,30,,1,06,,1,104,5,4,0,3,,,,,,2,1,62,1243,62,1,73,74,6,1,,1,1,9.8,10,,2,1,1971-04-14,06
71LA03658,71,,,0,78,780,9612,61,6,,3,30,,,06,,,130,,4,0,,,,,,,,1,62,0677,62,1,0,78,6,0,,0,0,0.0,0,,1,1,1971-05-10,06
71LA03659,71,1,2167,6,72,853,9617,61,6,,3,30,,1,06,,1,102,5,2,0,3,,,,,,2,1,62,0456,62,1,87,72,3,1,,1,1,7.6,10,,1,1,1971-04-12,06
71LA03660,71,2,2923,6,77,772,9624,61,6,,3,30,,1,06,,1,116,5,2,0,4,,,,,,3,1,62,0597,62,1,86,77,6,1,,1,1,11.0,10,,1,1,1971-04-26,06
71LA03661,71,2,2122,6,75,751,9627,61,6,,3,30,,1,06,,1,101,5,2,0,4,,,,,,2,1,62,0601,62,1,74,75,6,1,,1,1,8.2,10,,2,1,1971-04-11,06
71LA03662,71,2,2634,6,73,731,9632,61,6,,3,30,,1,06,,1,111,5,4,0,4,,,,,,2,1,62,2008,62,1,85,73,6,1,,1,1,11.6,10,,2,1,1971-04-21,06
71LA03663,71,1,3029,6,75,750,9635,61,6,,3,30,,1,06,,1,119,5,4,0,4,,,,,,3,1,62,0304,62,1,50,75,6,1,,1,1,10.6,10,,2,1,1971-04-29,06
71LA03664,71,1,2153,6,74,740,9643,61,6,,3,30,,1,06,,1,102,5,2,0,3,,,,,,2,1,62,0274,62,1,71,74,6,1,,1,1,11.0,10,,2,1,1971-04-12,06
71LA03665,71,2,2682,6,72,843,9645,61,6,,3,30,,1,06,,1,111,5,4,0,5,,,,,,2,1,62,0502,62,1,81,72,3,1,,1,1,12.8,10,,2,1,1971-04-21,06
71LA03666,71,2,3106,6,72,833,9646,61,6,,3,30,,1,06,,1,128,5,2,0,4,,,,,,3,1,62,0331,62,1,74,72,3,1,,1,1,8.8,10,,1,1,1971-05-08,06
71LA03667,71,,,0,75,752,9649,61,6,,3,30,,,06,,,133,,2,0,,,,,,,,1,62,0949,62,1,0,75,6,0,,0,0,0.0,0,,1,1,1971-05-13,06
71LA03668,71,2,2633,6,10,103,9654,61,6,33,3,30,,1,06,,1,110,5,,0,3,,,33,,,6,1,62,0687,62,1,65,10,1,1, 6,1,1,9.6,10,,1,1,1971-04-20,06
71LA03669,71,2,2932,6,77,771,9656,61,6,,3,30,,1,06,,1,116,5,4,0,5,,,,,,3,1,62,0468,62,1,82,77,6,1,,1,1,10.0,10,,2,1,1971-04-26,06
71LA03670,71,1,2713,6,76,760,9660,61,6,,3,30,,1,06,,2,112,5,2,0,4,,,,,,2,1,62,0464,62,1,87,76,6,1,,1,1,10.2,10,,1,1,1971-04-22,06
71LA03671,71,1,3107,6,75,751,9661,61,6,,3,30,,1,06,,1,128,5,4,135,2,,6,,,,,1,62,0601,62,1,0,75,6,1,,1,1,9.8,0,,1,1,1971-05-08,06
71LA03672,71,,,0,74,742,9664,61,6,,3,30,,,06,,,130,,4,0,,,,,,,,1,62,0897,62,1,0,74,6,0,,0,0,0.0,0,,1,1,1971-05-10,06
71LA03673,71,2,2680,6,72,823,9673,61,6,,3,30,,1,06,,1,111,8,2,0,3,,,,,,2,1,62,0816,62,1,56,72,3,1,,1,2,8.2,10,,1,1,1971-04-21,06
71LA03674,71,2,2681,6,72,823,9673,61,6,,3,30,,1,06,,1,111,8,2,0,3,,,,,,2,1,62,0816,62,0,54,72,3,1,,0,0,7.0,10,,1,2,1971-04-21,06
71LA03675,71,1,2351,6,74,741,9679,61,6,,3,30,,1,06,,1,106,5,2,0,4,,,,,,2,1,62,1243,62,1,98,74,6,1,,1,1,10.4,10,,1,1,1971-04-16,06
71LA03676,71,1,3101,6,73,730,9680,61,6,,3,30,,1,06,,2,126,5,2,0,2,,6,,,,,1,62,0533,62,1,0,73,6,1,,1,1,5.8,0,91,2,1,1971-05-06,06
71LA03677,71,1,2141,6,73,732,9682,61,6,,3,30,,1,06,,1,101,5,4,0,5,,,,,,2,1,62,1697,62,1,115,73,6,1,,1,1,11.2,10,,2,1,1971-04-11,06
71LA03678,71,1,3003,6,74,741,9693,61,6,,3,30,,1,06,,1,118,8,4,0,4,,,,,,3,1,62,1243,62,1,54,74,6,1,,1,2,9.2,10,,2,1,1971-04-28,06
71LA03679,71,2,3004,6,74,741,9693,61,6,,3,30,,1,06,,1,118,8,4,0,4,,,,,,3,1,62,1243,62,0,66,74,6,1,,0,0,8.2,10,,2,2,1971-04-28,06
71LA03680,71,1,2750,6,74,742,9712,61,6,,3,30,,1,06,,1,113,8,4,0,5,,,,,,3,1,62,0897,62,1,83,74,6,1,,1,2,11.6,10,,2,1,1971-04-23,06
71LA03681,71,2,2751,6,74,742,9712,61,6,,3,30,,1,06,,1,113,8,4,0,5,,,,,,3,1,62,0897,62,0,64,74,6,1,,0,0,9.6,10,,2,2,1971-04-23,06
71LA03682,71,1,2767,6,73,731,9714,61,6,,3,30,,1,06,,1,113,5,2,0,4,,,,,,3,1,62,2008,62,1,103,73,6,1,,1,1,12.4,10,,1,1,1971-04-23,06
71LA03683,71,,,0,75,750,9715,61,6,,3,30,,,06,,,130,,2,0,,,,,,,,1,62,0304,62,1,0,75,6,0,,0,0,0.0,0,,1,1,1971-05-10,06
71LA03684,71,2,2727,6,70,700,9717,61,6,,3,30,,1,06,,1,112,5,4,0,4,,,,,,2,1,62,0476,62,1,58,70,2,1,,1,1,10.0,10,,1,1,1971-04-22,06
71LA03685,71,1,2990,6,77,772,9718,61,6,,3,30,,1,06,,1,118,5,2,0,3,,,,,,3,1,62,0597,62,1,41,77,6,1,,1,1,12.2,10,,2,1,1971-04-28,06
71LA03686,71,,,0,70,702,9722,61,6,,3,30,,,06,1,,0,,2,0,,,,,,,,1,62,0849,62,1,0,70,2,0,,0,0,0.0,0,,1,1,,06
71LA03687,71,2,8133,9,00,702,9722,61,6,,3,30,,5,60,2,1,143,5,2,0,5,,,,,,3,1,90,0000,98,1,76,70,0,1,,1,1,11.8,10,,1,1,1971-05-23,06
71LA03688,71,,,0,70,701,9723,61,6,,3,30,,,06,,,130,,4,0,,,,,,,,1,62,0599,62,1,0,70,2,0,,0,0,0.0,0,,1,1,1971-05-10,06
71LA03689,71,1,2086,6,02,023,9729,61,6,37,3,30,,1,06,,1,95,5,,0,3,,,34,,,6,1,62,0155,62,1,64,02,1,1, 6,1,1,9.0,10,,1,1,1971-04-05,06
71LA03690,71,1,2313,6,78,782,9733,61,6,,3,30,,1,06,,1,106,8,2,0,3,,,,,,2,1,62,0504,62,1,67,78,6,1,,1,2,8.8,10,,1,1,1971-04-16,06
71LA03691,71,1,2314,6,78,782,9733,61,6,,3,30,,1,06,,1,106,8,2,0,3,,,,,,2,1,62,0504,62,0,72,78,6,1,,0,0,11.0,10,,1,2,1971-04-16,06
71LA03692,71,1,2889,6,76,761,9744,61,6,,3,30,,1,06,,1,115,5,4,0,4,,,,,,3,1,62,0367,62,1,98,76,6,1,,1,1,14.0,10,,1,1,1971-04-25,06
71LA03693,71,1,2393,6,02,023,9749,61,6,38,3,30,,1,06,,1,107,5,,0,3,,,24,,,1,1,62,0155,62,1,55,02,1,1, 7,1,1,10.0,10,,1,1,1971-04-17,06
71LA03694,71,1,2391,6,73,730,9755,61,6,,3,30,,1,06,,1,107,5,2,0,4,,,,,,2,1,62,0533,62,1,89,73,6,1,,1,1,12.4,10,,1,1,1971-04-17,06
71LA03695,71,2,2920,6,78,781,9762,61,6,,3,30,,1,06,,1,116,8,4,119,0,,6,,,,,1,62,0772,62,1,0,78,6,1,,1,2,6.0,0,,2,1,1971-04-26,06
71LA03696,71,1,2921,6,78,781,9762,61,6,,3,30,,1,06,,1,116,8,4,117,0,,6,,,,,1,62,0772,62,0,0,78,6,1,,0,0,4.6,0,,2,2,1971-04-26,06
71LA03697,71,1,2388,6,76,762,9767,61,6,,3,30,,1,06,,1,107,5,2,0,4,,,,,,2,1,62,0931,62,1,82,76,6,1,,1,1,9.8,10,,2,1,1971-04-17,06
71LA03698,71,2,2199,6,02,023,9768,61,6,34,3,30,,1,06,,1,104,5,,0,3,,,26,,,6,1,62,0155,62,1,91,02,1,1, 6,1,1,9.8,10,,1,1,1971-04-14,06
71LA03699,71,2,2718,6,78,780,9772,61,6,,3,30,,2,06,,1,112,5,2,0,4,,,,,,2,1,62,0677,62,1,66,78,6,1,,1,1,10.8,10,,2,1,1971-04-22,06
71LA03700,71,2,2709,6,76,761,9773,61,6,,3,30,,1,06,,1,112,8,4,0,4,,,,,,2,1,62,0367,62,1,71,76,6,1,,1,2,10.8,10,,2,1,1971-04-22,06
71LA03701,71,2,2710,6,76,761,9773,61,6,,3,30,,1,06,,1,112,8,4,0,4,,,,,,2,1,62,0367,62,0,71,76,6,1,,0,0,9.0,10,,2,2,1971-04-22,06
71LA03702,71,2,2973,6,77,770,9775,61,6,,3,30,,1,06,,1,118,8,4,0,4,,,,,,3,1,62,0394,62,1,70,77,6,1,,1,2,11.0,10,,2,1,1971-04-28,06
71LA03703,71,2,2974,6,77,770,9775,61,6,,3,30,,1,06,,1,118,8,4,0,4,,,,,,3,1,62,0394,62,0,58,77,6,1,,0,0,10.4,10,,2,2,1971-04-28,06
71LA03704,71,2,2290,6,77,771,9776,61,6,,3,30,,1,06,,5,105,5,2,0,4,,,,,,2,1,62,0468,62,1,90,77,6,1,,1,1,12.4,10,,1,1,1971-04-15,06
71LA03705,71,,,0,02,023,9790,61,6,35,3,30,,,06,1,,0,,,0,,,,28,,,,1,62,0155,62,1,0,02,1,0, 6,0,0,0.0,0,,1,1,,06
71LA03706,71,3,8082,9,00,023,9790,61,6,,3,30,,5,60,2,2,131,5,,0,3,,,28,,,,1,90,0000,98,1,75,02,0,1, 6,1,1,12.2,10,,1,1,1971-05-11,06
71LA03707,71,,,0,01,013,9792,61,6,37,3,30,,,06,1,,0,,,0,,,,29,,,,1,62,0125,62,1,0,01,1,0, 7,0,0,0.0,0,,1,1,,06
71LA03708,71,2,8059,9,00,013,9792,61,6,,3,30,,5,60,2,1,124,5,,0,3,,,29,,,1,1,90,0000,98,1,68,01,0,1, 7,1,1,9.8,10,,1,1,1971-05-04,06
71LA03709,71,1,2453,6,77,770,9794,61,6,,3,30,,1,06,,1,108,5,4,117,3,,6,,,,,1,62,0394,62,1,0,77,6,1,,1,1,11.2,0,,1,1,1971-04-18,06
71LA03710,71,,,0,70,702,9796,61,6,,3,30,,,06,1,,0,,4,0,,,,,,,,1,62,0849,62,1,0,70,2,0,,0,0,0.0,0,,2,1,,06
71LA03711,71,2,8106,9,00,702,9796,61,6,,3,30,,5,60,2,1,136,5,4,0,4,,,,,,3,1,90,0000,98,1,83,70,0,1,,1,1,12.0,10,,2,1,1971-05-16,06
71LA03712,71,1,2413,6,70,700,9798,61,6,,3,30,,1,06,,1,107,5,2,0,4,,,,,,2,1,62,0476,62,1,90,70,2,1,,1,1,11.8,10,,2,1,1971-04-17,06
71LA03713,71,2,2382,6,10,103,9801,61,6,39,3,30,,1,06,,1,107,5,,0,4,,,36,,,6,1,62,0687,62,1,73,10,1,1, 6,1,1,10.4,10,,1,1,1971-04-17,06
71LA03714,71,1,,0,70,701,9803,61,6,,3,30,,1,06,,1,102,0,2,0,0,,0,,,,,1,62,0599,62,1,0,70,2,0,,1,1,6.0,0,,2,1,1971-04-12,06
71LA03715,71,1,2380,6,76,760,9805,61,6,,3,30,,1,06,,1,107,5,2,0,3,,,,,,2,1,62,0464,62,1,93,76,6,1,,1,1,10.6,10,,2,1,1971-04-17,06
71LA03716,71,1,3048,6,73,732,9806,61,6,,3,30,,1,06,,1,120,5,4,0,4,,,,,,3,1,62,1697,62,1,83,73,6,1,,1,1,13.8,10,,1,1,1971-04-30,06
71LA03717,71,1,2369,6,75,752,9807,61,6,,3,30,,2,06,,1,106,5,4,0,4,,,,,,2,1,62,0949,62,1,86,75,6,1,,1,1,10.4,10,,2,1,1971-04-16,06
71LA03718,71,2,3115,6,70,700,9809,61,6,,3,30,,1,06,,1,132,5,4,0,2,,,,,,3,1,62,0476,62,1,60,70,2,1,,1,1,8.4,10,,1,1,1971-05-12,06
71LA03719,71,2,2446,6,70,700,9810,61,6,,3,30,,1,06,,1,108,8,2,111,3,,6,,,,,1,62,0476,62,1,0,70,2,1,,1,2,8.6,0,,2,1,1971-04-18,06
71LA03720,71,1,2447,6,70,700,9810,61,6,,3,30,,1,06,,1,108,8,2,110,3,,6,,,,,1,62,0476,62,0,0,70,2,1,,0,0,9.0,0,,2,2,1971-04-18,06
71LA03721,71,1,2934,6,73,731,9811,61,6,,3,30,,1,06,,1,116,8,2,0,4,,6,,,,,1,62,2008,62,1,0,73,6,1,,1,2,10.8,0,,2,1,1971-04-26,06
71LA03722,71,1,2935,6,73,731,9811,61,6,,3,30,,1,06,,1,116,8,2,0,4,,,,,,3,1,62,2008,62,0,87,73,6,1,,0,0,10.0,10,,2,2,1971-04-26,06
71LA03723,71,1,2401,6,78,782,9812,61,6,,3,30,,1,06,,1,107,5,4,0,4,,,,,,2,1,62,0504,62,1,77,78,6,1,,1,1,13.0,10,,2,1,1971-04-17,06
71LA03724,71,1,2599,6,70,701,9813,61,6,,3,30,,3,06,,1,110,8,4,0,4,,,,,,2,1,62,0599,62,1,79,70,2,1,,1,2,12.0,10,,1,1,1971-04-20,06
71LA03725,71,1,2600,6,70,701,9813,61,6,,3,30,,1,06,,1,110,8,4,0,4,,,,,,2,1,62,0599,62,0,72,70,2,1,,0,0,9.0,10,,1,2,1971-04-20,06
71LA03726,71,2,2883,6,77,772,9815,61,6,,3,30,,1,06,,1,115,5,2,0,3,,,,,,3,1,62,0597,62,1,74,77,6,1,,1,1,9.6,10,,1,1,1971-04-25,06
71LA03727,71,1,2210,6,75,751,9816,61,6,,3,30,,1,06,,1,104,5,2,0,4,,,,,,2,1,62,0601,62,1,96,75,6,1,,1,1,12.2,10,,2,1,1971-04-14,06
71LA03728,71,1,2721,6,03,033,9820,61,6,42,3,30,,1,06,,1,112,5,,0,4,,,42,,,1,1,62,0258,62,1,82,03,1,1, 7,1,1,14.4,10,,1,1,1971-04-22,06
71LA03729,71,2,2419,6,77,771,9835,61,6,,3,30,,1,06,,1,107,5,4,0,4,,,,,,2,1,62,0468,62,1,85,77,6,1,,1,1,10.4,10,,2,1,1971-04-17,06
71LA03730,71,1,2899,6,72,813,9836,61,6,,3,30,,1,06,,1,116,8,2,0,4,,6,,,,,1,62,0705,62,1,0,72,3,1,,1,2,11.4,0,,2,1,1971-04-26,06
71LA03731,71,1,2900,6,72,813,9836,61,6,,3,30,,1,06,,1,116,8,2,0,4,,6,,,,,1,62,0705,62,0,0,72,3,1,,0,0,11.6,0,60,2,2,1971-04-26,06
71LA03732,71,1,2804,6,72,803,9838,61,6,,3,30,,1,06,,1,114,5,4,0,4,,,,,,3,1,62,0425,62,1,79,72,3,1,,1,1,11.0,10,,1,1,1971-04-24,06
71LA03733,71,1,3059,6,72,993,9852,61,6,,3,30,,1,06,,1,120,5,2,0,3,,,,,,3,1,62,0656,62,1,74,72,3,1,,1,1,11.0,10,,1,1,1971-04-30,06
71LA03734,71,2,3104,6,70,700,9855,61,6,,3,30,,1,06,,1,127,5,4,0,3,,,,,,3,1,62,0476,62,1,58,70,2,1,,1,1,12.2,10,,1,1,1971-05-07,06
71LA03735,71,,,0,78,781,9862,61,6,,3,30,,,06,,,130,,2,0,,,,,,,,1,62,0772,62,1,0,78,6,0,,0,0,0.0,0,,1,1,1971-05-10,06
71LA03736,71,2,2850,6,76,762,9867,61,6,,3,30,,1,06,,1,115,8,4,0,4,,6,,,,,1,62,0931,62,1,0,76,6,1,,1,2,7.4,0,,1,1,1971-04-25,06
71LA03737,71,1,2851,6,76,762,9867,61,6,,3,30,,1,06,,1,115,8,4,0,4,,,,,,3,1,62,0931,62,0,60,76,6,1,,0,0,8.2,10,,1,2,1971-04-25,06
71LA03738,71,2,2472,6,78,780,9868,61,6,,3,30,,1,06,,1,108,8,4,119,4,13,6,,,,,1,62,0677,62,1,0,78,6,1,,1,2,9.0,0,,1,1,1971-04-18,06
71LA03739,71,1,2473,6,78,780,9868,61,6,,3,30,,1,06,,1,108,8,4,0,4,,,,,,2,1,62,0677,62,0,64,78,6,1,,0,0,7.0,10,,1,2,1971-04-18,06
71LA03740,71,2,2439,6,76,761,9869,61,6,,3,30,,1,06,,1,108,5,2,0,4,,,,,,2,1,62,0367,62,1,78,76,6,1,,1,1,11.4,10,,1,1,1971-04-18,06
71LA03741,71,1,2571,6,70,700,9872,61,6,,3,30,,1,06,,1,110,8,2,0,4,,,,,,2,1,62,0476,62,1,73,70,2,1,,1,2,10.6,10,,2,1,1971-04-20,06
71LA03742,71,1,2572,6,70,700,9872,61,6,,3,30,,1,06,,1,110,8,2,0,4,,,,,,2,1,62,0476,62,0,62,70,2,1,,0,0,8.6,10,,2,2,1971-04-20,06
71LA03743,71,2,2897,6,77,770,9877,61,6,,3,30,,1,06,,1,116,5,2,0,5,,6,,,,,1,62,0394,62,1,0,77,6,1,,1,1,13.4,0,,2,1,1971-04-26,06
71LA03744,71,,,0,70,702,9879,61,6,,3,30,,,06,,,133,,2,0,,,,,,,,1,62,0849,62,1,0,70,2,0,,0,0,0.0,0,,1,1,1971-05-13,06
71LA03745,71,1,2178,6,10,103,9895,61,6,34,3,30,,1,06,,1,103,5,,106,2,,6,34,,,,1,62,0687,62,1,0,10,1,1, 7,1,1,10.0,0,,1,1,1971-04-13,06
71LA03746,71,2,3121,6,70,702,9899,61,6,,3,30,,1,06,,1,135,7,4,0,2,,,,,,3,1,62,0849,62,1,56,70,2,1,,1,2,7.4,10,,2,1,1971-05-15,06
71LA03747,71,2,,0,70,702,9899,61,6,,3,30,,1,06,,1,135,7,4,0,2,,1,,,,,1,62,0849,62,0,0,70,2,0,,0,0,7.0,0,72,2,2,1971-05-15,06
71LA03748,71,1,,0,03,033,9904,61,6,39,3,30,,1,06,,1,67,0,,0,0,,0,36,,,,1,62,0258,62,1,0,03,1,0, 7,1,1,5.0,0,,1,1,1971-03-08,06
71LA03749,71,2,2360,6,77,772,9909,61,6,,3,30,,1,06,,1,106,8,4,0,4,,,,,,2,1,62,0597,62,1,54,77,6,1,,1,2,7.4,10,,2,1,1971-04-16,06
71LA03750,71,2,2361,6,77,772,9909,61,6,,3,30,,1,06,,1,106,8,4,0,4,,,,,,2,1,62,0597,62,0,73,77,6,1,,0,0,7.8,10,,2,2,1971-04-16,06
71LA03751,71,2,2246,6,72,983,9912,61,6,,3,30,,1,06,,1,104,5,2,0,4,,,,,,2,1,62,0943,62,1,80,72,3,1,,1,1,9.4,10,,2,1,1971-04-14,06
71LA03752,71,1,2384,6,76,760,9918,61,6,,3,30,,1,06,,1,107,8,4,0,3,,,,,,2,1,62,0464,62,0,58,76,6,1,,0,0,7.8,10,,1,2,1971-04-17,06
71LA03753,71,2,2383,6,76,760,9918,61,6,,3,30,,1,06,,1,107,8,4,0,3,04,,,,,2,1,62,0464,62,1,71,76,6,1,,1,2,8.6,10,,1,1,1971-04-17,06
71LA03754,71,1,2550,6,73,731,9922,61,6,,3,30,,1,06,,1,109,5,4,0,4,,,,,,2,1,62,2008,62,1,77,73,6,1,,1,1,9.2,10,,1,1,1971-04-19,06
71LA03755,71,2,2236,6,77,771,9927,61,6,,3,30,,1,06,,1,104,5,4,0,3,,,,,,2,1,62,0468,62,1,45,77,6,1,,1,1,8.4,10,,1,1,1971-04-14,06
71LA03756,71,1,,0,02,023,9931,61,6,37,3,30,,1,06,,1,105,1,,0,3,,1,26,,,,1,62,0155,62,1,0,02,1,0, 7,1,1,14.0,0,72,1,1,1971-04-15,06
71LA03757,71,1,2273,6,02,023,9931,61,6,37,3,30,,1,06,,1,105,5,,0,2,,6,26,,,,1,62,0155,62,1,0,02,1,1, 7,1,1,6.4,0,,1,1,1971-04-15,06
71LA03758,71,1,,0,76,762,9939,61,6,,3,30,,1,06,,1,100,0,2,0,1,,0,,,,,1,62,0931,62,1,0,76,6,0,,1,1,5.4,0,,2,1,1971-04-10,06
71LA03759,71,2,,0,76,761,9944,61,6,,3,30,,1,06,,1,101,0,4,0,0,,0,,,,,1,62,0367,62,1,0,76,6,0,,1,1,6.0,0,,2,1,1971-04-11,06
71LA03760,71,1,2305,6,72,973,9955,61,6,,3,30,,1,06,,1,106,5,4,0,3,,,,,,2,1,62,0581,62,1,84,72,3,1,,1,1,10.8,10,,1,1,1971-04-16,06
71LA03761,71,2,2137,6,72,963,9964,61,6,,3,30,,1,06,,1,101,5,2,0,4,,,,,,2,1,62,1007,62,1,84,72,3,1,,1,1,8.8,10,,2,1,1971-04-11,06
71LA03762,71,2,,0,72,953,9966,61,6,,3,30,,1,06,,1,101,0,4,0,3,,0,,075201,+,,1,62,0554,62,1,0,72,3,0,,1,1,4.0,0,,1,1,1971-04-11,06
71LA03763,71,2,2674,6,72,943,9967,61,6,,3,30,,1,06,,1,111,5,2,0,3,,6,,,,,1,62,0859,62,1,0,72,3,1,,1,1,8.0,0,,2,1,1971-04-21,06
71LA03764,71,2,2557,6,72,933,9968,61,6,,3,30,,1,06,,1,109,5,4,0,4,,,,,,2,1,62,0161,62,1,69,72,3,1,,1,1,10.6,10,,1,1,1971-04-19,06
71LA03765,71,,,0,70,701,9970,61,6,,3,30,,,06,,,139,,2,0,,,,,,,,1,62,0599,62,1,0,70,2,0,,0,0,0.0,0,,2,1,1971-05-19,06
71LA03766,71,,,0,70,702,9972,61,6,,3,30,,,06,1,,0,,4,0,,22,,,,,,1,62,0849,62,1,0,70,2,0,,0,0,0.0,0,,1,1,,06
71LA03767,71,3,,0,00,702,9972,61,6,,3,30,,5,60,2,1,134,5,4,0,4,22,6,,809490,+,,1,90,0000,98,1,0,70,0,1,,1,1,13.0,5,,1,1,1971-05-14,06
71LA03768,71,1,,0,72,923,9973,61,6,,3,30,,1,06,,1,115,1,2,0,2,30,1,,,,,1,62,0982,62,1,0,72,3,0,,1,1,6.0,0,,2,1,1971-04-25,06
71LA03769,71,,,0,70,702,9985,61,6,,3,30,,,06,,,130,,2,0,,,,,,,,1,62,0849,62,1,0,70,2,0,,0,0,0.0,0,,2,1,1971-05-10,06
71LA03770,71,1,2890,6,72,913,0008,62,6,,3,30,,1,06,,1,115,5,,0,4,,,,,,3,2,62,0412,62,1,93,72,3,1,,1,1,10.8,10,,2,1,1971-04-25,06
71LA03771,71,1,2359,6,02,023,0010,62,6,36,3,30,,1,06,,1,106,5,,0,4,,,32,,,1,2,62,0155,62,1,69,02,1,1, 7,1,1,10.8,10,,1,1,1971-04-16,06
71LA03772,71,,,0,01,013,0013,62,6,40,3,30,,,06,1,,0,,,0,,,,37,,,,2,62,0125,62,1,0,01,1,0, 6,0,0,0.0,0,,1,1,,06
71LA03773,71,3,8064,9,00,013,0013,62,6,,3,30,,5,60,2,1,126,5,,0,3,,,37,,,3,2,90,0000,98,1,77,01,0,1, 6,1,1,12.6,10,,1,1,1971-05-06,06
71LA03774,71,,,0,10,103,0016,62,6,34,3,30,,,06,,,127,,,0,,,,41,,,,2,62,0687,62,1,0,10,1,0, 7,0,0,0.0,0,,1,1,1971-05-07,06
71LA03775,71,,,0,74,741,0017,62,6,,3,30,,,06,,,133,,,0,,,,,,,,2,62,1243,62,1,0,74,6,0,,0,0,0.0,0,,2,1,1971-05-13,06
71LA03776,71,,,0,74,740,0021,62,6,,3,30,,,06,,,130,,,0,,,,,,,,2,62,0274,62,1,0,74,6,0,,0,0,0.0,0,,2,1,1971-05-10,06
71LA03777,71,2,2560,6,02,023,0023,62,6,37,3,30,,1,06,,1,109,5,,111,2,,6,29,,,,2,62,0155,62,1,0,02,1,1, 6,1,1,5.6,0,,1,1,1971-04-19,06
71LA03778,71,2,2400,6,70,701,0026,62,6,,3,30,,1,06,,1,107,5,,0,4,,,,,,2,2,62,0599,62,1,82,70,2,1,,1,1,11.0,10,03,2,1,1971-04-17,06
71LA03779,71,1,2409,6,72,903,0030,62,6,,3,30,,1,06,,1,107,5,,0,3,,,,,,2,2,62,0826,62,1,86,72,3,1,,1,1,11.4,10,,2,1,1971-04-17,06
71LA03780,71,2,,0,72,893,0034,62,6,,3,30,,1,06,,1,105,0,,0,2,,0,,,,,2,62,0359,62,1,0,72,3,0,,1,1,4.4,0,,1,1,1971-04-15,06
71LA03781,71,2,2941,6,72,883,0041,62,6,,3,30,,1,06,,2,117,5,,0,4,,,,,,3,2,62,1001,62,1,76,72,3,1,,1,1,11.4,10,,2,1,1971-04-27,06
71LA03782,71,2,,0,02,023,0043,62,6,36,3,30,,1,06,,1,104,0,,0,0,,0,27,,,,2,62,0155,62,1,0,02,1,0, 7,1,1,6.6,0,13,1,1,1971-04-14,06
71LA03783,71,1,2140,6,02,023,0045,62,6,36,3,30,,1,06,,1,101,5,,0,3,,,32,,,6,2,62,0155,62,1,72,02,1,1, 6,1,1,8.8,10,,1,1,1971-04-11,06
71LA03784,71,1,2474,6,70,700,0057,62,6,,3,30,,1,06,,1,108,5,,0,4,,,,,,2,2,62,0476,62,1,81,70,2,1,,1,1,12.2,10,,2,1,1971-04-18,06
71LA03785,71,2,2854,6,73,730,0059,62,6,,3,30,,1,06,,1,115,5,,0,4,,,,,,3,2,62,0533,62,1,76,73,6,1,,1,1,11.8,10,,1,1,1971-04-25,06
71LA03786,71,,,0,77,770,0060,62,6,,3,30,,,06,,,145,,,0,,,,,,,,2,62,0394,62,1,0,77,6,0,,0,0,0.0,0,,2,1,1971-05-25,06
71LA03787,71,,,0,70,702,0066,62,6,,3,30,,,06,1,,0,,,0,,,,,,,,2,62,0849,62,1,0,70,2,0,,0,0,0.0,0,,2,1,,06
71LA03788,71,3,8118,9,00,702,0066,62,6,,3,30,,5,60,2,1,141,5,,0,4,,,,,,3,2,90,0000,98,1,42,70,0,1,,1,1,9.6,10,,2,1,1971-05-21,06
71LA03789,71,,,0,72,873,0077,62,6,,3,30,,,06,,,130,,,0,,,,,,,,2,62,0589,62,1,0,72,3,0,,0,0,0.0,0,,1,1,1971-05-10,06
71LA03790,71,,,0,72,863,0078,62,6,,3,30,,,06,,,130,,,0,,,,,,,,2,62,0253,62,1,0,72,3,0,,0,0,0.0,0,,2,1,1971-05-10,06
71LA03791,71,2,2949,6,76,760,0086,62,6,,3,30,,1,06,,1,117,5,,0,4,,,,,,3,2,62,0464,62,1,74,76,6,1,,1,1,10.4,10,,2,1,1971-04-27,06
71LA03792,71,2,2218,6,75,750,0087,62,6,,3,30,,1,06,,1,104,5,,0,4,,,,,,2,2,62,0304,62,1,82,75,6,1,,1,1,12.4,10,,1,1,1971-04-14,06
71LA03793,71,,,0,70,701,0098,62,6,,3,30,,,06,,,115,,,0,,,,,,,,2,62,0599,62,0,0,70,2,0,,0,0,0.0,0,,1,1,1971-04-25,06
71LA03794,71,2,,0,70,700,0099,62,6,,3,30,,1,06,,1,107,1,,0,0,,1,,,,,2,62,0476,62,1,0,70,2,0,,1,1,5.2,0,,1,1,1971-04-17,06
71LA03795,71,2,3087,6,10,103,0110,62,6,45,2,20,,1,06,,1,123,8,,0,2,,,33,,,3,2,62,0687,62,1,64,10,1,1, 6,1,2,7.4,10,,1,1,1971-05-03,06
71LA03796,71,1,3088,6,10,103,0110,62,6,45,2,20,,1,06,,1,123,8,,125,2,,6,33,,,,2,62,0687,62,0,0,10,1,1, 6,0,0,9.8,0,,1,2,1971-05-03,06
71LA03797,71,1,2156,6,03,033,0119,62,6,47,2,20,,1,06,,1,102,5,,0,4,,,57,,,6,2,62,0258,62,1,85,03,1,1, 6,1,1,10.6,10,,1,1,1971-04-12,06
71LA03798,71,2,2963,6,03,033,0120,62,6,47,2,20,,1,06,,1,117,5,,0,3,,,57,,,1,2,62,0258,62,1,55,03,1,1, 7,1,1,8.4,10,,1,1,1971-04-27,06
71LA03799,71,2,2093,6,10,103,0123,62,6,38,2,20,,1,06,,1,97,5,,0,4,,6,30,209062,+,,2,62,0687,62,1,0,10,1,1, 7,1,1,9.4,5,,1,1,1971-04-07,06
71LA03800,71,2,2121,6,02,023,0129,62,6,35,2,20,,1,06,,1,101,5,,0,4,,,28,,,1,2,62,0155,62,1,90,02,1,1, 7,1,1,12.2,10,,1,1,1971-04-11,06
71LA03801,71,,,0,01,013,0132,62,6,40,2,20,,,06,1,,0,,,0,,,,35,,,,2,62,0125,62,1,0,01,1,0, 7,0,0,0.0,0,,1,1,,06
71LA03802,71,2,8098,9,00,013,0132,62,6,,2,20,,5,60,2,2,135,8,,0,2,,,35,,,3,2,90,0000,98,1,43,01,0,1, 7,1,2,7.2,10,,1,1,1971-05-15,06
71LA03803,71,2,8099,9,00,013,0132,62,6,,2,20,,5,60,2,2,135,8,,136,2,,6,35,,,,2,90,0000,98,0,0,01,0,1, 7,0,0,5.2,0,,1,2,1971-05-15,06
71LA03804,71,1,2095,6,02,023,0136,62,6,37,2,20,,1,06,,1,97,5,,0,4,,,32,,,6,2,62,0155,62,1,83,02,1,1, 6,1,1,10.6,10,,1,1,1971-04-07,06
71LA03805,71,2,2708,6,03,033,0140,62,6,43,2,20,,1,06,,1,112,5,,0,3,,,41,,,6,2,62,0258,62,1,67,03,1,1, 6,1,1,10.0,10,,1,1,1971-04-22,06
71LA03806,71,2,3080,6,02,023,0142,62,6,36,2,20,,1,06,,1,122,5,,0,4,,,29,,,1,2,62,0155,62,1,60,02,1,1, 7,1,1,10.6,10,,1,1,1971-05-02,06
71LA03807,71,2,3055,6,01,013,0144,62,6,37,2,20,,1,06,,2,120,5,,160,3,,6,29,,,,2,62,0125,62,1,0,01,1,1, 6,1,1,9.0,0,,1,1,1971-04-30,06
71LA03808,71,1,2150,6,03,033,0145,62,6,44,2,20,,1,06,,1,102,5,,0,5,,,31,,,1,2,62,0258,62,1,94,03,1,1, 7,1,1,12.8,10,,1,1,1971-04-12,06
71LA03809,71,2,2275,6,10,103,0154,62,6,39,2,20,,1,06,,1,105,8,,0,2,,,29,,,6,2,62,0687,62,1,57,10,1,1, 6,1,2,8.0,10,,1,1,1971-04-15,06
71LA03810,71,1,2276,6,10,103,0154,62,6,39,2,20,,1,06,,1,105,8,,0,2,,,29,,&,,2,62,0687,62,0,89,10,1,1, 6,0,0,8.8,5,,1,2,1971-04-15,06
71LA03811,71,1,2279,6,10,103,0157,62,6,40,2,20,,1,06,,1,105,5,,106,4,,6,32,,,,2,62,0687,62,1,0,10,1,1, 7,1,1,10.4,0,,1,1,1971-04-15,06
71LA03812,71,1,2591,6,10,103,0158,62,6,42,2,20,,1,06,,1,110,5,,0,0,,,40,,,1,2,62,0687,62,1,67,10,1,1, 6,1,1,8.6,10,,1,1,1971-04-20,06
71LA03813,71,,,0,01,013,0164,62,6,39,2,20,,,06,,,127,,,0,,,,32,,,,2,62,0125,62,1,0,01,1,0, 7,0,0,0.0,0,,1,1,1971-05-07,06
71LA03814,71,1,,0,03,033,0166,62,6,43,2,20,,1,06,,1,105,1,,0,2,,1,41,802890,+,,2,62,0258,62,1,0,03,1,0, 6,1,1,9.0,5,59,1,1,1971-04-15,06
71LA03815,71,2,2151,6,76,760,0167,62,6,,2,20,,1,06,,1,102,5,,0,4,,,,,,2,2,62,0464,62,1,80,76,6,1,,1,1,9.6,10,,1,1,1971-04-12,06
71LA03816,71,,,0,01,013,0170,62,6,41,2,20,,,06,1,,0,,,0,,,,37,,,,2,62,0125,62,1,0,01,1,0, 6,0,0,0.0,0,,1,1,,06
71LA03817,71,2,8089,9,00,013,0170,62,6,,2,20,,5,60,2,1,133,5,,0,4,,6,37,,,,2,90,0000,98,1,0,01,0,1, 6,1,1,11.8,0,,1,1,1971-05-13,06
71LA03818,71,1,2201,6,02,023,0176,62,6,38,2,20,,1,06,,1,104,5,,0,3,,,24,,,6,2,62,0155,62,1,73,02,1,1, 6,1,1,10.6,10,,1,1,1971-04-14,06
71LA03819,71,,,0,74,741,0189,62,6,,2,20,,,06,,,145,,,0,,,,,,,,2,62,1243,62,1,0,74,6,0,,0,0,0.0,0,,1,1,1971-05-25,06
71LA03820,71,1,2082,6,03,033,0193,62,6,43,2,20,,1,06,,1,94,5,,0,3,,,39,,,1,2,62,0258,62,1,80,03,1,1, 7,1,1,13.0,10,03,1,1,1971-04-04,06
71LA03821,71,,,0,01,013,0197,62,6,40,2,20,,,06,,,145,,,0,,,,34,,,,2,62,0125,62,1,0,01,1,0, 7,0,0,0.0,0,,1,1,1971-05-25,06
71LA03822,71,1,2581,6,78,780,0199,62,6,,2,20,,1,06,,1,110,5,,0,3,,,,,,2,2,62,0677,62,1,65,78,6,1,,1,1,9.8,10,,1,1,1971-04-20,06
71LA03823,71,2,2930,6,72,803,0201,62,6,,2,20,,1,06,,1,116,5,,0,2,,,,,,3,2,62,0425,62,1,68,72,3,1,,1,1,8.0,10,,2,1,1971-04-26,06
71LA03824,71,2,2130,6,02,023,0202,62,6,37,2,20,,1,06,,1,101,5,,0,2,,,33,,&,,2,62,0155,62,1,74,02,1,1, 7,1,1,6.0,5,,1,1,1971-04-11,06
71LA03825,71,1,2811,6,02,023,0203,62,6,35,2,20,,1,06,,1,114,5,,0,2,,,30,,,6,2,62,0155,62,1,62,02,1,1, 6,1,1,7.4,10,,1,1,1971-04-24,06
71LA03826,71,2,,0,72,813,0207,62,6,,2,20,,1,06,,1,104,4,,0,3,,1,,,,,2,62,0705,62,1,0,72,3,0,,1,2,7.4,0,25,2,1,1971-04-14,06
71LA03827,71,1,,0,72,813,0207,62,6,,2,20,,1,06,,1,104,4,,0,3,,1,,,,,2,62,0705,62,0,0,72,3,0,,0,0,7.6,0,25,2,2,1971-04-14,06
71LA03828,71,2,3018,6,70,701,0213,62,6,,2,20,,1,06,,1,118,8,,0,3,,,,,&,,2,62,0599,62,1,79,70,2,1,,1,2,9.4,5,,2,1,1971-04-28,06
71LA03829,71,1,3019,6,70,701,0213,62,6,,2,20,,1,06,,1,118,8,,0,3,,6,,,&,,2,62,0599,62,0,0,70,2,1,,0,0,9.0,0,,2,2,1971-04-28,06
71LA03830,71,1,2362,6,78,781,0215,62,6,,2,20,,1,06,,1,106,5,,0,3,,,,,,2,2,62,0772,62,1,91,78,6,1,,1,1,11.6,10,,2,1,1971-04-16,06
71LA03831,71,,,0,74,740,0220,62,6,,2,20,,,06,,,100,,,0,,,,,,,,2,62,0274,62,0,0,74,6,0,,0,0,0.0,0,,1,1,1971-04-10,06
71LA03832,71,,,0,70,702,0235,62,6,,2,20,,,06,1,,0,,,0,,,,,,,,2,62,0849,62,1,0,70,2,0,,0,0,0.0,0,,1,1,,06
71LA03833,71,2,8105,9,00,702,0235,62,6,,2,20,,5,60,2,1,136,5,,0,3,,,,,,3,2,90,0000,98,1,66,70,0,1,,1,1,9.6,10,,1,1,1971-05-16,06
71LA03834,71,1,2492,6,72,823,0241,62,6,,2,20,,1,06,,1,109,5,,115,4,,6,,,,,2,62,0816,62,1,0,72,3,1,,1,1,12.2,0,,1,1,1971-04-19,06
71LA03835,71,2,2484,6,75,750,0242,62,6,,2,20,,1,06,,1,108,5,,0,5,,,,,,2,2,62,0304,62,1,93,75,6,1,,1,1,13.6,10,,2,1,1971-04-18,06
71LA03836,71,2,2582,6,74,741,0244,62,6,,2,20,,1,06,,1,110,5,,0,3,,,,,,2,2,62,1243,62,1,74,74,6,1,,1,1,10.2,10,,2,1,1971-04-20,06
71LA03837,71,1,2457,6,70,701,0245,62,6,,2,20,,1,06,,1,108,8,,0,3,,,,,,2,2,62,0599,62,1,76,70,2,1,,1,2,11.8,10,,1,1,1971-04-18,06
71LA03838,71,1,2458,6,70,701,0245,62,6,,2,20,,1,06,,1,108,8,,0,3,,,,,,2,2,62,0599,62,0,74,70,2,1,,0,0,10.0,10,,1,2,1971-04-18,06
71LA03839,71,1,2644,6,75,751,0246,62,6,,2,20,,1,06,,1,111,8,,0,3,,6,,,,,2,62,0601,62,1,0,75,6,1,,1,2,9.2,0,,1,1,1971-04-21,06
71LA03840,71,2,2645,6,75,751,0246,62,6,,2,20,,1,06,,3,111,8,,0,3,,,,,,2,2,62,0601,62,0,63,75,6,1,,0,0,9.0,10,,1,2,1971-04-21,06
71LA03841,71,1,2204,6,77,770,0251,62,6,,2,20,,1,06,,1,104,8,,0,4,,,,,,2,2,62,0394,62,1,65,77,6,1,,1,2,8.8,10,,1,1,1971-04-14,06
71LA03842,71,2,2205,6,77,770,0251,62,6,,2,20,,1,06,,1,104,8,,0,4,,,,,,2,2,62,0394,62,0,58,77,6,1,,0,0,7.6,10,03,1,2,1971-04-14,06
71LA03843,71,1,2956,6,74,741,0256,62,6,,2,20,,1,06,,1,117,5,,0,4,,,,,,2,2,62,1243,62,1,75,74,6,1,,1,1,11.0,10,,1,1,1971-04-27,06
71LA03844,71,1,3040,6,78,782,0261,62,6,,2,20,,1,06,,1,119,8,,0,4,,,,,,3,2,62,0504,62,1,78,78,6,1,,1,2,9.4,10,,1,1,1971-04-29,06
71LA03845,71,2,3041,6,78,782,0261,62,6,,2,20,,1,06,,1,119,8,,0,4,,6,,,,,2,62,0504,62,0,0,78,6,1,,0,0,7.6,0,,1,2,1971-04-29,06
71LA03846,71,1,2539,6,75,752,0263,62,6,,2,20,,1,06,,1,109,5,,112,2,,6,,,,,2,62,0949,62,1,0,75,6,1,,1,1,11.2,0,,1,1,1971-04-19,06
71LA03847,71,2,2951,6,78,780,0265,62,6,,2,20,,1,06,,1,117,5,,0,5,,,,,,3,2,62,0677,62,1,76,78,6,1,,1,1,12.0,10,02,2,1,1971-04-27,06
71LA03848,71,1,2144,6,78,781,0266,62,6,,2,20,,1,06,,1,101,8,,0,3,,,,,,2,2,62,0772,62,0,75,78,6,1,,0,0,9.0,10,,1,2,1971-04-11,06
71LA03849,71,2,2143,6,78,781,0266,62,6,,2,20,,1,06,,1,101,8,,0,3,16,,,,,,2,62,0772,62,1,55,78,6,1,,1,2,8.0,10,,1,1,1971-04-11,06
71LA03850,71,2,,0,70,700,0268,62,6,,2,20,,1,06,,1,123,1,,0,4,,1,,,,,2,62,0476,62,1,0,70,2,0,,1,1,12.2,0,,2,1,1971-05-03,06
71LA03851,71,1,2145,6,70,700,0269,62,6,,2,20,,1,06,,1,101,5,,0,4,,,,,,,2,62,0476,62,1,66,70,2,1,,1,1,8.8,10,,1,1,1971-04-11,06
71LA03852,71,1,3099,6,02,023,0271,62,6,34,2,20,,1,06,,1,126,5,,0,4,,,25,,,1,2,62,0155,62,1,70,02,1,1, 7,1,1,11.4,10,,1,1,1971-05-06,06
71LA03853,71,2,2370,6,75,750,0280,62,6,,2,20,,1,06,,1,106,5,,168,4,,6,,236862,+,,2,62,0304,62,1,0,75,6,1,,1,1,9.0,5,,1,1,1971-04-16,06
71LA03854,71,1,2793,6,75,751,0281,62,6,,2,20,,1,06,,1,114,8,,0,4,,6,,,,,2,62,0601,62,1,0,75,6,1,,1,2,7.4,0,,2,1,1971-04-24,06
71LA03855,71,1,2794,6,75,751,0281,62,6,,2,20,,1,06,,1,114,8,,0,4,,,,,&,,2,62,0601,62,0,71,75,6,1,,0,0,5.0,5,,2,2,1971-04-24,06
71LA03856,71,,,0,75,752,0284,62,6,,2,20,,,06,,,101,,,0,,,,,,,,2,62,0949,62,1,0,75,6,0,,0,0,0.0,0,,2,1,1971-04-11,06
71LA03857,71,2,2799,6,03,033,0287,62,6,45,2,20,,1,06,,3,114,5,,123,3,,6,48,307962,+,,2,62,0258,62,1,0,03,1,1, 6,1,1,11.0,5,,1,1,1971-04-24,06
71LA03858,71,1,2517,6,03,033,0289,62,6,48,2,20,,1,06,,1,109,5,,111,1,,6,62,,,,2,62,0258,62,1,0,03,1,1, 7,1,1,8.4,0,,1,1,1971-04-19,06
71LA03859,71,1,2336,6,77,771,0291,62,6,,2,20,,1,06,,1,106,8,,0,3,,6,,,,,2,62,0468,62,1,0,77,6,1,,1,2,10.2,0,,1,1,1971-04-16,06
71LA03860,71,2,2337,6,77,771,0291,62,6,,2,20,,1,06,,1,106,8,,0,3,,,,,,2,2,62,0468,62,0,69,77,6,1,,0,0,9.2,10,,1,2,1971-04-16,06
71LA03861,71,1,2442,6,70,700,0293,62,6,,2,20,,1,06,,1,108,5,,0,3,,,,,,2,2,62,0476,62,1,79,70,2,1,,1,1,12.6,10,,2,1,1971-04-18,06
71LA03862,71,2,3109,6,77,772,0297,62,6,,2,20,,2,06,,1,130,5,,0,4,,,,,,3,2,62,0597,62,1,68,77,6,1,,1,1,12.0,10,,1,1,1971-05-10,06
71LA03863,71,,,0,72,833,0298,62,6,,2,20,,,06,,,101,,,0,,,,,,,,2,62,0331,62,1,0,72,3,0,,0,0,0.0,0,,2,1,1971-04-11,06
71LA03864,71,2,2270,6,75,751,0305,62,6,,2,20,,1,06,,1,105,5,,0,4,,,,,,2,2,62,0601,62,1,83,75,6,1,,1,1,12.0,10,,1,1,1971-04-15,06
71LA03865,71,2,2696,6,70,702,0310,62,6,,2,20,,1,06,,1,112,5,,115,5,,6,,,,,2,62,0849,62,1,0,70,2,1,,1,1,10.6,0,,2,1,1971-04-22,06
71LA03866,71,1,2788,6,70,702,0312,62,6,,2,20,,1,06,,1,114,5,,138,3,,6,,,,,2,62,0849,62,1,0,70,2,1,,1,1,10.4,0,62,1,1,1971-04-24,06
71LA03867,71,2,2964,6,75,750,0318,62,6,,2,20,,1,06,,1,117,5,,0,4,,,,,,3,2,62,0304,62,1,78,75,6,1,,1,1,10.8,10,,2,1,1971-04-27,06
71LA03868,71,1,2385,6,77,770,0327,62,6,,2,20,,1,06,,4,107,5,,0,2,,,,,,,2,62,0394,62,1,41,77,6,1,,1,1,5.6,10,,2,1,1971-04-17,06
71LA03869,71,2,2505,6,74,740,0341,62,6,,2,20,,1,06,,1,109,5,,0,4,,,,,,2,2,62,0274,62,1,69,74,6,1,,1,1,9.0,10,,2,1,1971-04-19,06
71LA03870,71,1,3000,6,78,782,0342,62,6,,2,20,,1,06,,1,118,9,,0,3,,,,,,3,2,62,0504,62,1,58,78,6,1,,1,3,6.0,10,,2,1,1971-04-28,06
71LA03871,71,2,3002,6,78,782,0342,62,6,,2,20,,1,06,,1,118,9,,0,3,,,,938561,-,1,2,62,0504,62,0,55,78,6,1,,0,0,6.6,5,,2,3,1971-04-28,06
71LA03872,71,2,3001,6,78,782,0342,62,6,,2,20,,1,06,,1,118,9,,0,3,,,,,,3,2,62,0504,62,0,58,78,6,1,,0,0,7.0,10,02,2,2,1971-04-28,06
71LA03873,71,2,2411,6,76,761,0343,62,6,,2,20,,1,06,,1,107,5,,0,4,,,,,,2,2,62,0367,62,1,91,76,6,1,,1,1,11.0,10,,1,1,1971-04-17,06
71LA03874,71,2,2694,6,75,752,0348,62,6,,2,20,,1,06,,1,112,5,,0,3,,,,,,2,2,62,0949,62,1,84,75,6,1,,1,1,11.2,10,,1,1,1971-04-22,06
71LA03875,71,1,2701,6,75,750,0350,62,6,,2,20,,1,06,,1,112,5,,0,4,,,,,,2,2,62,0304,62,1,62,75,6,1,,1,1,12.0,10,,1,1,1971-04-22,06
71LA03876,71,2,2173,6,73,732,0353,62,6,,2,20,,1,06,,1,103,5,,0,4,,,,,,2,2,62,1697,62,1,81,73,6,1,,1,1,8.6,10,,1,1,1971-04-13,06
71LA03877,71,1,2119,6,72,843,0358,62,6,,2,20,,1,06,,1,101,5,,0,4,,6,,,,,2,62,0502,62,1,0,72,3,1,,1,1,6.8,0,,2,1,1971-04-11,06
71LA03878,71,2,3063,6,77,772,0362,62,6,,2,20,,1,06,,1,120,5,,0,3,,,,,,3,2,62,0597,62,1,52,77,6,1,,1,1,10.8,10,,2,1,1971-04-30,06
71LA03879,71,1,2114,6,73,732,0364,62,6,,2,20,,1,06,,1,100,5,,0,4,,,,,,2,2,62,1697,62,1,90,73,6,1,,1,1,10.6,10,,2,1,1971-04-10,06
71LA03880,71,2,2817,6,72,853,0365,62,6,,2,20,,1,06,,1,114,5,,0,3,,,,,,3,2,62,0456,62,1,77,72,3,1,,1,1,9.6,10,,1,1,1971-04-24,06
71LA03881,71,1,2154,6,72,863,0366,62,6,,2,20,,1,06,,1,102,5,,0,3,,,,,,2,2,62,0253,62,1,80,72,3,1,,1,1,8.6,10,,1,1,1971-04-12,06
71LA03882,71,,,0,01,013,0373,62,6,39,2,20,,,06,,,145,,,0,,,,33,,,,2,62,0125,62,1,0,01,1,0, 6,0,0,0.0,0,,1,1,1971-05-25,06
71LA03883,71,1,2624,6,77,771,0380,62,6,,2,20,,1,06,,1,110,5,,123,5,,6,,,,,2,62,0468,62,1,0,77,6,1,,1,1,14.2,0,,2,1,1971-04-20,06
71LA03884,71,2,3005,6,73,731,0384,62,6,,2,20,,1,06,,1,118,5,,0,4,,,,,,2,2,62,2008,62,1,67,73,6,1,,1,1,10.6,10,03,1,1,1971-04-28,06
71LA03885,71,2,2913,6,78,781,0389,62,6,,2,20,,1,06,,1,116,5,,0,4,,,,,,3,2,62,0772,62,1,57,78,6,1,,1,1,9.6,10,,2,1,1971-04-26,06
71LA03886,71,2,2138,6,03,033,0396,62,6,44,2,20,,1,06,,1,101,8,,0,4,,,45,,,6,2,62,0258,62,1,63,03,1,1, 6,1,2,7.6,10,,1,1,1971-04-11,06
71LA03887,71,1,2139,6,03,033,0396,62,6,44,2,20,,1,06,,1,101,8,,0,4,,,45,,,6,2,62,0258,62,0,60,03,1,1, 6,0,0,7.8,10,,1,2,1971-04-11,06
71LA03888,71,2,2149,6,70,701,0398,62,6,,2,20,,1,06,,1,102,5,,106,2,,6,,,,,2,62,0599,62,1,0,70,2,1,,1,1,8.4,0,,2,1,1971-04-12,06
71LA03889,71,2,2281,6,76,762,0408,62,6,,2,20,,1,06,,1,105,5,,0,2,,,,,,2,2,62,0931,62,1,77,76,6,1,,1,1,9.4,10,,1,1,1971-04-15,06
71LA03890,71,1,2136,6,72,873,0409,62,6,,2,20,,1,06,,1,101,5,,117,3,,6,,,,,2,62,0589,62,1,0,72,3,1,,1,1,8.4,0,,2,1,1971-04-11,06
71LA03891,71,1,2375,6,76,761,0411,62,6,,2,20,,1,06,,1,106,8,,110,4,,6,,,,,2,62,0367,62,1,0,76,6,1,,1,2,9.2,0,,2,1,1971-04-16,06
71LA03892,71,1,2376,6,76,761,0411,62,6,,2,20,,1,06,,1,106,8,,0,4,,,,,,2,2,62,0367,62,0,84,76,6,1,,0,0,7.2,10,,2,2,1971-04-16,06
71LA03893,71,3,7969,9,00,000,0413,62,6,,2,20,,1,00,3,1,50,5,,0,3,,,,,,1,2,90,0000,00,1,104,72,0,1,,1,1,9.0,10,,1,1,1971-02-19,06
71LA03894,71,1,2272,6,75,752,0415,62,6,,2,20,,1,06,,3,105,5,,0,4,,,,,,2,2,62,0949,62,1,81,75,6,1,,1,1,11.2,10,,2,1,1971-04-15,06
71LA03895,71,1,3032,6,73,730,0420,62,6,,2,20,,1,06,,1,119,8,,0,2,,,,,,2,2,62,0533,62,1,80,73,6,1,,1,2,8.0,10,,2,1,1971-04-29,06
71LA03896,71,2,3033,6,73,730,0420,62,6,,2,20,,1,06,,1,119,8,,0,2,,,,639111,-,1,2,62,0533,62,0,60,73,6,1,,0,0,6.6,5,,2,2,1971-04-29,06
71LA03897,71,1,2910,6,70,700,0421,62,6,,2,20,,1,06,,1,116,5,,0,2,,,,,,3,2,62,0476,62,1,71,70,2,1,,1,1,8.0,10,,1,1,1971-04-26,06
71LA03898,71,2,2612,6,74,740,0426,62,6,,2,20,,1,06,,1,110,5,,0,4,,,,,,2,2,62,0274,62,1,66,74,6,1,,1,1,8.4,10,,1,1,1971-04-20,06
71LA03899,71,2,2823,6,70,701,0434,62,6,,2,20,,1,06,,1,114,5,,115,4,,6,,,,,2,62,0599,62,1,0,70,2,1,,1,1,11.2,0,,1,1,1971-04-24,06
71LA03900,71,1,2485,6,77,770,0436,62,6,,2,20,,1,06,,1,108,5,,125,4,,6,,,,,2,62,0394,62,1,0,77,6,1,,1,1,12.2,0,,1,1,1971-04-18,06
71LA03901,71,1,2363,6,70,702,0443,62,6,,2,20,,1,06,,1,106,8,,0,3,,,,,,2,2,62,0849,62,1,94,70,2,1,,1,2,9.0,10,,2,1,1971-04-16,06
71LA03902,71,2,2364,6,70,702,0443,62,6,,2,20,,1,06,,1,106,8,,0,3,,,,,&,,2,62,0849,62,0,86,70,2,1,,0,0,6.4,5,,2,2,1971-04-16,06
71LA03903,71,2,2200,6,72,893,0457,62,6,,2,20,,1,06,,3,104,5,,0,3,,,,,,2,2,62,0359,62,1,80,72,3,1,,1,1,12.0,10,,2,1,1971-04-14,06
71LA03904,71,2,2543,6,75,751,0460,62,6,,2,20,,1,06,,1,109,5,,0,3,,,,,,2,2,62,0601,62,1,78,75,6,1,,1,1,10.8,10,,2,1,1971-04-19,06
71LA03905,71,,,0,70,700,0461,62,6,,2,20,,,06,,,145,,,0,,32,,,,,,2,62,0476,62,1,0,70,2,0,,0,0,0.0,0,,2,1,1971-05-25,06
71LA03906,71,,,0,73,731,0463,62,6,,2,20,,,06,1,,0,,,0,,,,,,,,2,62,2008,62,1,0,73,6,0,,0,0,0.0,0,,2,1,,06
71LA03907,71,3,8141,9,00,731,0463,62,6,,2,20,,5,60,2,1,146,5,,152,2,,6,,,,,2,90,0000,98,1,0,73,0,1,,1,1,5.4,0,,2,1,1971-05-26,06
71LA03908,71,2,3064,6,75,750,0465,62,6,,2,20,,1,06,,1,120,5,,0,4,,,,,,3,2,62,0304,62,1,53,75,6,1,,1,1,8.0,10,,2,1,1971-04-30,06
71LA03909,71,2,3036,6,77,772,0469,62,6,,2,20,,1,06,,1,119,5,,0,4,,,,,,3,2,62,0597,62,1,78,77,6,1,,1,1,13.2,10,,1,1,1971-04-29,06
71LA03910,71,2,2193,6,78,780,0471,62,6,,2,20,,1,06,,1,103,5,,0,3,,,,,,2,2,62,0677,62,1,69,78,6,1,,1,1,9.4,10,,1,1,1971-04-13,06
71LA03911,71,2,2559,6,02,023,0478,62,6,35,2,20,,1,06,,1,109,5,,0,2,,,28,,,2,2,62,0155,62,1,64,02,1,1, 6,1,1,7.8,10,,1,1,1971-04-19,06
71LA03912,71,2,2123,6,70,701,0486,62,6,,2,20,,1,06,,1,101,5,,0,4,,,,,,2,2,62,0599,62,1,73,70,2,1,,1,1,9.0,10,,2,1,1971-04-11,06
71LA03913,71,1,3089,6,76,760,0490,62,6,,2,20,,1,06,,1,123,5,,0,4,,6,,,,,2,62,0464,62,1,0,76,6,1,,1,1,12.6,0,,2,1,1971-05-03,06
71LA03914,71,2,2277,6,10,103,0494,62,6,40,2,20,,1,06,,1,105,5,,0,4,,,31,,,1,2,62,0687,62,1,63,10,1,1, 7,1,1,11.8,10,,1,1,1971-04-15,06
71LA03915,71,1,2109,6,75,752,0495,62,6,,2,20,,1,06,,1,100,5,,0,4,,,,,,2,2,62,0949,62,1,96,75,6,1,,1,1,11.8,10,,1,1,1971-04-10,06
71LA03916,71,1,2651,6,75,750,0505,62,6,,2,20,,1,06,,1,111,5,,0,4,,,,,,2,2,62,0304,62,1,98,75,6,1,,1,1,12.0,10,,1,1,1971-04-21,06
71LA03917,71,2,2538,6,75,751,0507,62,6,,2,20,,1,06,,1,109,5,,0,5,,,,,,2,2,62,0601,62,1,80,75,6,1,,1,1,13.6,10,,1,1,1971-04-19,06
71LA03918,71,1,2689,6,75,752,0508,62,6,,2,20,,1,06,,1,112,5,,115,4,,6,,,,,2,62,0949,62,1,0,75,6,1,,1,1,13.0,0,,2,1,1971-04-22,06
71LA03919,71,1,3100,6,02,023,0509,62,6,35,2,20,,2,06,,1,126,5,,0,0,,6,30,,&,,2,62,0155,62,1,0,02,1,1, 7,1,1,6.2,0,79,1,1,1971-05-06,06
71LA03920,71,1,2635,6,74,742,0511,62,6,,2,20,,1,06,,1,111,5,,0,4,,,,,,2,2,62,0897,62,1,75,74,6,1,,1,1,12.6,10,,2,1,1971-04-21,06
71LA03921,71,2,3037,6,73,732,0514,62,6,,2,20,,1,06,,1,119,5,,0,4,,,,,,2,2,62,1697,62,1,73,73,6,1,,1,1,9.8,10,,1,1,1971-04-29,06
71LA03922,71,1,2667,6,76,762,0515,62,6,,2,20,,1,06,,6,111,5,,0,4,,6,,,,,2,62,0931,62,1,0,76,6,1,,1,1,12.8,0,,2,1,1971-04-21,06
71LA03923,71,1,2985,6,74,740,0521,62,6,,2,20,,1,06,,1,118,5,,0,5,,,,,,2,2,62,0274,62,1,78,74,6,1,,1,1,9.4,10,,2,1,1971-04-28,06
71LA03924,71,,,0,73,731,0527,62,6,,2,20,,,06,,,133,,,0,,,,,,,,2,62,2008,62,1,0,73,6,0,,0,0,0.0,0,,1,1,1971-05-13,06
71LA03925,71,1,2720,6,76,760,0529,62,6,,2,20,,1,06,,1,112,5,,0,5,,,,,,2,2,62,0464,62,1,83,76,6,1,,1,1,14.6,10,02,1,1,1971-04-22,06
71LA03926,71,2,2670,6,72,903,0532,62,6,,2,20,,1,06,,1,111,5,,0,3,,,,,,2,2,62,0826,62,1,67,72,3,1,,1,1,10.0,10,,1,1,1971-04-21,06
71LA03927,71,2,2773,6,73,731,0539,62,6,,2,20,,1,06,,1,113,5,,0,4,,,,,,2,2,62,2008,62,1,66,73,6,1,,1,1,10.6,10,,2,1,1971-04-23,06
71LA03928,71,1,2786,6,77,771,0541,62,6,,2,20,,1,06,,1,114,5,,0,2,,,,,,3,2,62,0468,62,1,61,77,6,1,,1,1,8.4,10,,1,1,1971-04-24,06
71LA03929,71,2,2936,6,72,913,0546,62,6,,2,20,,1,06,,1,117,5,,0,2,,6,,,,,2,62,0412,62,1,0,72,3,1,,1,1,8.0,0,,1,1,1971-04-27,06
71LA03930,71,,,0,10,103,0548,62,6,39,2,20,,,06,,,127,,,0,,,,30,,,,2,62,0687,62,1,0,10,1,0, 6,0,0,0.0,0,,1,1,1971-05-07,06
71LA03931,71,,,0,77,770,0553,62,6,,2,20,,,06,,,130,,,0,,,,,,,,2,62,0394,62,1,0,77,6,0,,0,0,0.0,0,,2,1,1971-05-10,06
71LA03932,71,2,2915,6,74,742,0555,62,6,,2,20,,2,06,,1,116,5,,0,2,,,,,,2,2,62,0897,62,1,73,74,6,1,,1,1,10.4,10,,1,1,1971-04-26,06
71LA03933,71,1,2445,6,74,741,0556,62,6,,2,20,,1,06,,1,108,5,,0,5,,,,,,2,2,62,1243,62,1,81,74,6,1,,1,1,12.0,10,,2,1,1971-04-18,06
71LA03934,71,,,0,72,923,0562,62,6,,2,20,,,06,,,131,,,0,,,,,,,,2,62,0982,62,1,0,72,3,0,,0,0,0.0,0,,1,1,1971-05-11,06
71LA03935,71,1,2988,6,75,750,0564,62,6,,2,20,,1,06,,1,118,5,,136,4,,6,,,,,2,62,0304,62,1,0,75,6,1,,1,1,12.4,0,,2,1,1971-04-28,06
71LA03936,71,1,3095,6,10,103,0572,62,6,39,2,20,,1,06,,2,125,5,,151,3,,2,29,,,,2,62,0687,62,1,0,10,1,1, 7,1,1,10.4,0,,1,1,1971-05-05,06
71LA03937,71,1,2215,6,77,771,0577,62,6,,2,20,,1,06,,1,104,5,,0,5,,,,,,2,2,62,0468,62,1,92,77,6,1,,1,1,12.4,10,,2,1,1971-04-14,06
71LA03938,71,1,2728,6,77,772,0580,62,6,,2,20,,1,06,,1,112,8,,116,3,,6,,,,,2,62,0597,62,1,0,77,6,1,,1,2,7.2,0,,2,1,1971-04-22,06
71LA03939,71,2,2729,6,77,772,0580,62,6,,2,20,,1,06,,1,112,8,,0,3,,,,,,3,2,62,0597,62,0,70,77,6,1,,0,0,6.8,10,,2,2,1971-04-22,06
71LA03940,71,2,2741,6,72,933,0598,62,6,,2,20,,1,06,,1,113,5,,115,2,,6,,,,,2,62,0161,62,1,0,72,3,1,,1,1,4.2,0,,1,1,1971-04-23,06
71LA03941,71,,,0,70,702,0605,62,6,,2,20,,,06,1,,0,,,0,,,,,,,,2,62,0849,62,1,0,70,2,0,,0,0,0.0,0,,1,1,,06
71LA03942,71,3,8131,9,00,702,0605,62,6,,2,20,,5,60,2,1,143,8,,152,3,,6,,,,,2,90,0000,98,1,0,70,0,1,,1,2,8.6,0,,1,1,1971-05-23,06
71LA03943,71,3,8132,9,00,702,0605,62,6,,2,20,,5,60,2,1,143,8,,0,3,,,,,,3,2,90,0000,98,0,61,70,0,1,,0,0,8.0,10,,1,2,1971-05-23,06
71LA03944,71,1,3102,6,72,943,0609,62,6,,2,20,,1,06,,1,126,5,,0,0,16,,,,&,,2,62,0859,62,1,67,72,3,1,,1,1,8.8,5,,2,1,1971-05-06,06
71LA03945,71,1,2352,6,70,700,0613,62,6,,2,20,,1,06,,1,106,5,,0,4,,,,,,2,2,62,0476,62,1,93,70,2,1,,1,1,11.4,10,,1,1,1971-04-16,06
71LA03946,71,1,2706,6,74,742,0615,62,6,,2,20,,1,06,,1,112,8,,0,2,,,,,,2,2,62,0897,62,1,82,74,6,1,,1,2,7.8,10,,2,1,1971-04-22,06
71LA03947,71,2,2707,6,74,742,0615,62,6,,2,20,,1,06,,1,112,8,,0,2,,,,,&,,2,62,0897,62,0,72,74,6,1,,0,0,6.2,5,,2,2,1971-04-22,06
71LA03948,71,1,2429,6,74,741,0618,62,6,,2,20,,1,06,,1,108,5,,135,3,,6,,,,,2,62,1243,62,1,0,74,6,1,,1,1,9.0,0,,1,1,1971-04-18,06
71LA03949,71,2,2256,6,73,732,0630,62,6,,2,20,,1,06,,1,105,5,,0,3,,,,,,2,2,62,1697,62,1,74,73,6,1,,1,1,10.4,10,,2,1,1971-04-15,06
71LA03950,71,1,2898,6,74,741,0632,62,6,,2,20,,1,06,,1,116,5,,0,3,,,,,,2,2,62,1243,62,1,35,74,6,1,,1,1,7.0,10,,2,1,1971-04-26,06
71LA03951,71,1,2170,6,77,770,0634,62,6,,2,20,,1,06,,1,102,8,,0,4,,,,,,2,2,62,0394,62,1,97,77,6,1,,1,2,12.8,10,,1,1,1971-04-12,06
71LA03952,71,1,2171,6,77,770,0634,62,6,,2,20,,1,06,,1,102,8,,116,4,,6,,,,,2,62,0394,62,0,0,77,6,1,,0,0,11.4,0,,1,2,1971-04-12,06
71LA03953,71,2,2398,6,74,740,0636,62,6,,2,20,,1,06,,1,107,5,,0,4,,,,,,2,2,62,0274,62,1,64,74,6,1,,1,1,9.4,10,,1,1,1971-04-17,06
71LA03954,71,1,2743,6,78,781,0639,62,6,,2,20,,1,06,,1,113,8,,138,4,,6,,,,,2,62,0772,62,1,0,78,6,1,,1,2,8.0,0,,1,1,1971-04-23,06
71LA03955,71,1,2744,6,78,781,0639,62,6,,2,20,,1,06,,1,113,8,,145,4,,6,,,,,2,62,0772,62,0,0,78,6,1,,0,0,8.6,0,,1,2,1971-04-23,06
71LA03956,71,1,2686,6,72,953,0646,62,6,,2,20,,1,06,,3,112,5,,0,3,,,,,,,2,62,0554,62,1,52,72,3,1,,1,1,10.6,10,,1,1,1971-04-22,06
71LA03957,71,2,3122,6,78,780,0648,62,6,,2,20,,1,06,,1,135,5,,0,2,,,,,,3,2,62,0677,62,1,47,78,6,1,,1,1,11.0,10,,2,1,1971-05-15,06
71LA03958,71,2,3117,6,78,782,0649,62,6,,2,20,,2,06,,1,133,5,,0,3,,,,,,3,2,62,0504,62,1,60,78,6,1,,1,1,7.6,10,02,1,1,1971-05-13,06
71LA03959,71,2,2512,6,70,701,0652,62,6,,2,20,,1,06,,1,109,8,,0,0,16,,,,&,,2,62,0599,62,1,86,70,2,1,,1,2,6.8,5,,1,1,1971-04-19,06
71LA03960,71,2,2513,6,70,701,0652,62,6,,2,20,,1,06,,1,109,8,,0,0,,6,,,,,2,62,0599,62,0,0,70,2,1,,0,0,8.8,0,,1,2,1971-04-19,06
71LA03961,71,,,0,76,762,0654,62,6,,2,20,,,06,,,130,,,0,,,,,,,,2,62,0931,62,1,0,76,6,0,,0,0,0.0,0,,1,1,1971-05-10,06
71LA03962,71,,,0,73,731,0659,62,6,,2,20,,,06,,,130,,,0,,,,,,,,2,62,2008,62,1,0,73,6,0,,0,0,0.0,0,,1,1,1971-05-10,06
71LA03963,71,1,2943,6,77,771,0660,62,6,,2,20,,1,06,,1,117,5,,0,3,,,,,,3,2,62,0468,62,1,56,77,6,1,,1,1,12.6,10,03,1,1,1971-04-27,06
71LA03964,71,1,3108,6,77,771,0668,62,6,,2,20,,1,06,,2,129,5,,0,2,,,,,,3,2,62,0468,62,1,68,77,6,1,,1,1,11.4,10,,2,1,1971-05-09,06
71LA03965,71,2,2583,6,02,023,0670,62,6,36,2,20,,1,06,,1,110,5,,115,2,,6,33,,,,2,62,0155,62,1,0,02,1,1, 6,1,1,6.8,0,,1,1,1971-04-20,06
71LA03966,71,2,2739,6,72,963,0679,62,6,,2,20,,1,06,,1,113,5,,0,3,,,,,,2,2,62,1007,62,1,78,72,3,1,,1,1,10.0,10,,2,1,1971-04-23,06
71LA03967,71,1,2435,6,70,702,0683,62,6,,2,20,,1,06,,1,108,5,,110,3,,6,,,,,2,62,0849,62,1,0,70,2,1,,1,1,6.6,0,,2,1,1971-04-18,06
71LA03968,71,2,2269,6,76,761,0701,62,6,,2,20,,1,06,,1,105,5,,0,3,,,,,,2,2,62,0367,62,1,77,76,6,1,,1,1,11.6,10,,1,1,1971-04-15,06
71LA03969,71,2,2252,6,72,973,0703,62,6,,2,20,,1,06,,1,105,5,,0,4,,,,,,2,2,62,0581,62,1,80,72,3,1,,1,1,11.0,10,,1,1,1971-04-15,06
71LA03970,71,1,3116,6,73,730,0706,62,6,,2,20,,1,06,,1,133,5,,0,5,,,,,,2,2,62,0533,62,1,66,73,6,1,,1,1,12.4,10,,1,1,1971-05-13,06
71LA03971,71,1,2980,6,75,751,0707,62,6,,2,20,,1,06,,1,118,5,,118,3,,6,,297862,+,,2,62,0601,62,1,0,75,6,1,,1,1,7.8,0,79,2,1,1971-04-28,06
71LA03972,71,2,,0,78,782,0716,62,6,,2,20,,1,06,,1,104,1,,0,4,,1,,220862,+,,2,62,0504,62,1,0,78,6,0,,1,1,7.6,5,,2,1,1971-04-14,06
71LA03973,71,2,2475,6,77,772,0717,62,6,,2,20,,1,06,,1,108,5,,0,4,,,,,,,2,62,0597,62,1,37,77,6,1,,1,1,8.2,10,,1,1,1971-04-18,06
71LA03974,71,2,2639,6,77,771,0718,62,6,,2,20,,1,06,,1,111,5,,123,3,,6,,,,,2,62,0468,62,1,0,77,6,1,,1,1,9.2,0,,1,1,1971-04-21,06
71LA03975,71,1,2528,6,76,761,0720,62,6,,2,20,,1,06,,1,109,5,,0,4,,,,,,2,2,62,0367,62,1,86,76,6,1,,1,1,11.6,10,,2,1,1971-04-19,06
71LA03976,71,1,2148,6,76,762,0722,62,6,,2,20,,1,06,,1,102,5,,0,4,,,,,,2,2,62,0931,62,1,96,76,6,1,,1,1,9.8,10,,2,1,1971-04-12,06
71LA03977,71,2,2321,6,76,760,0723,62,6,,2,20,,1,06,,1,106,5,,0,5,,,,,,2,2,62,0464,62,1,76,76,6,1,,1,1,11.8,10,,2,1,1971-04-16,06
71LA03978,71,1,2127,6,77,770,0732,62,6,,2,20,,1,06,,1,101,5,,0,5,,,,,,2,2,62,0394,62,1,95,77,6,1,,1,1,12.0,10,,2,1,1971-04-11,06
71LA03979,71,1,2716,6,73,730,0734,62,6,,2,20,,1,06,,1,112,5,,0,2,,,,,&,,2,62,0533,62,1,67,73,6,1,,1,1,7.4,5,60,2,1,1971-04-22,06
71LA03980,71,1,2738,6,72,983,0740,62,6,,2,20,,1,06,,1,113,5,,0,4,,,,,,2,2,62,0943,62,1,77,72,3,1,,1,1,11.6,10,,2,1,1971-04-23,06
71LA03981,71,2,2452,6,78,780,0748,62,6,,2,20,,1,06,,1,108,5,,0,5,,,,,,2,2,62,0677,62,1,91,78,6,1,,1,1,11.4,10,,1,1,1971-04-18,06
71LA03982,71,2,2702,6,76,761,0756,62,6,,2,20,,1,06,,1,112,5,,0,4,,,,,,2,2,62,0367,62,1,70,76,6,1,,1,1,9.2,10,,1,1,1971-04-22,06
71LA03983,71,,,0,77,770,0768,62,6,,2,20,,,06,,,115,,,0,,,,,,,,2,62,0394,62,0,0,77,6,0,,0,0,0.0,0,,1,1,1971-04-25,06
71LA03984,71,1,2723,6,72,993,0769,62,6,,2,20,,1,06,,1,112,8,,0,3,,,,,,3,2,62,0656,62,1,56,72,3,1,,1,2,8.2,10,,1,1,1971-04-22,06
71LA03985,71,1,2724,6,72,993,0769,62,6,,2,20,,1,06,,1,112,8,,117,3,,6,,,,,2,62,0656,62,0,0,72,3,1,,0,0,7.2,0,90,1,2,1971-04-22,06
71LA03986,71,2,2909,6,73,730,0777,62,6,,2,20,,1,06,,1,116,5,,0,4,,,,,,2,2,62,0533,62,1,82,73,6,1,,1,1,13.0,10,,1,1,1971-04-26,06
71LA03987,71,1,2982,6,77,770,0779,62,6,,2,20,,1,06,,1,118,5,,0,5,,,,,,3,2,62,0394,62,1,75,77,6,1,,1,1,13.6,10,,2,1,1971-04-28,06
71LA03988,71,1,2601,6,70,701,0784,62,6,,2,20,,1,06,,1,110,7,,160,3,,6,,,&,,2,62,0599,62,1,0,70,2,1,,1,2,9.0,0,,2,1,1971-04-20,06
71LA03989,71,2,,0,70,701,0784,62,6,,2,20,,1,06,,1,110,7,,0,3,,1,,,,,2,62,0599,62,0,0,70,2,0,,0,0,8.0,0,,2,2,1971-04-20,06
71LA03990,71,1,3014,6,70,702,0785,62,6,,2,20,,1,06,,1,118,8,,0,5,,,,,,3,2,62,0849,62,1,70,70,2,1,,1,2,9.2,10,,1,1,1971-04-28,06
71LA03991,71,1,3015,6,70,702,0785,62,6,,2,20,,1,06,,1,118,8,,0,5,,,,,,3,2,62,0849,62,0,63,70,2,1,,0,0,8.4,10,,1,2,1971-04-28,06
71LA03992,71,1,2147,6,75,752,0790,62,6,,2,20,,1,06,,1,101,5,,0,4,,,,,,2,2,62,0949,62,1,90,75,6,1,,1,1,11.0,10,,1,1,1971-04-11,06
71LA03993,71,2,2626,6,78,781,0794,62,6,,2,20,,1,06,,1,110,5,,0,4,,,,,,3,2,62,0772,62,1,61,78,6,1,,1,1,9.0,10,,2,1,1971-04-20,06
71LA03994,71,1,3081,6,70,700,0795,62,6,,2,20,,1,06,,1,122,8,,0,4,,,,,,3,2,62,0476,62,1,81,70,2,1,,1,2,10.8,10,,2,1,1971-05-02,06
71LA03995,71,1,3082,6,70,700,0795,62,6,,2,20,,1,06,,1,122,8,,0,4,,,,,,3,2,62,0476,62,0,59,70,2,1,,0,0,8.8,10,,2,2,1971-05-02,06
71LA03996,71,,,0,73,731,0797,62,6,,2,20,,,06,,,130,,,0,,,,,,,,2,62,2008,62,1,0,73,6,0,,0,0,0.0,0,,2,1,1971-05-10,06
71LA03997,71,2,2611,6,74,742,0798,62,6,,2,20,,1,06,,1,110,5,,0,4,,,,,,2,2,62,0897,62,1,66,74,6,1,,1,1,11.4,10,03,1,1,1971-04-20,06
71LA03998,71,2,3097,6,72,803,0807,62,6,,2,20,,1,06,,2,125,5,,0,3,,6,,,,,2,62,0425,62,1,0,72,3,1,,1,1,10.4,0,,1,1,1971-05-05,06
71LA03999,71,2,3042,6,76,762,0808,62,6,,2,20,,1,06,,1,120,5,,0,3,,6,,,,,2,62,0931,62,1,0,76,6,1,,1,1,10.0,0,,1,1,1971-04-30,06
71LA04000,71,1,2814,6,74,740,0812,62,6,,2,20,,1,06,,1,114,5,,0,4,,6,,,,,2,62,0274,62,1,0,74,6,1,,1,1,10.0,0,,2,1,1971-04-24,06
71LA04001,71,2,3049,6,73,732,0819,62,6,,2,20,,1,06,,1,120,5,,0,3,,,,,,2,2,62,1697,62,1,61,73,6,1,,1,1,9.0,10,,1,1,1971-04-30,06
71LA04002,71,2,2765,6,73,731,0820,62,6,,2,20,,1,06,,1,113,5,,0,2,,,,,,2,2,62,2008,62,1,55,73,6,1,,1,1,8.2,10,,1,1,1971-04-23,06
71LA04003,71,1,2464,6,75,750,0822,62,6,,2,20,,1,06,,1,108,5,,160,3,,6,,,&,,2,62,0304,62,1,0,75,6,1,,1,1,10.0,0,,1,1,1971-04-18,06
71LA04004,71,1,2647,6,70,701,0824,62,6,,2,20,,1,06,,8,111,5,,0,4,,,,,,,2,62,0599,62,1,67,70,2,1,,1,1,11.6,10,,1,1,1971-04-21,06
71LA04005,71,2,2924,6,78,782,0832,62,6,,2,20,,1,06,,1,116,5,,0,4,,6,,,,,2,62,0504,62,1,0,78,6,1,,1,1,13.0,0,,1,1,1971-04-26,06
71LA04006,71,1,2766,6,70,702,0834,62,6,,2,20,,3,06,,1,113,5,,0,4,,,,,,3,2,62,0849,62,1,83,70,2,1,,1,1,10.6,10,,2,1,1971-04-23,06
71LA04007,71,2,2906,6,78,780,0841,62,6,,2,20,,1,06,,1,116,5,,0,4,,,,,,3,2,62,0677,62,1,82,78,6,1,,1,1,11.6,10,,2,1,1971-04-26,06
71LA04008,71,1,2488,6,78,781,0848,62,6,,2,20,,1,06,,1,109,5,,0,4,,,,,,2,2,62,0772,62,1,71,78,6,1,,1,1,11.0,10,,1,1,1971-04-19,06
71LA04009,71,1,2412,6,77,771,0865,62,6,,2,20,,1,06,,1,107,5,,0,2,,,,,,2,2,62,0468,62,1,58,77,6,1,,1,1,9.8,10,,2,1,1971-04-17,06
71LA04010,71,,,0,77,771,0866,62,6,,2,20,,,06,,,25,,,0,,,,,,,,2,62,0468,62,0,0,77,6,0,,0,0,0.0,0,,1,1,,06
71LA04011,71,2,2646,6,73,730,0867,62,6,,2,20,,1,06,,3,111,5,,0,4,,,,,,2,2,62,0533,62,1,75,73,6,1,,1,1,11.0,10,,2,1,1971-04-21,06
71LA04012,71,2,2953,6,75,751,0876,62,6,,2,20,,1,06,,1,117,5,,0,4,,,,,,3,2,62,0601,62,1,81,75,6,1,,1,1,11.2,10,,1,1,1971-04-27,06
71LA04013,71,2,2525,6,73,730,0882,62,6,,2,20,,1,06,,1,109,8,,112,3,,6,,,,,2,62,0533,62,1,0,73,6,1,,1,2,8.4,0,,1,1,1971-04-19,06
71LA04014,71,1,2526,6,73,730,0882,62,6,,2,20,,1,06,,1,109,8,,111,3,,6,,,,,2,62,0533,62,0,0,73,6,1,,0,0,11.2,0,,1,2,1971-04-19,06
71LA04015,71,1,2297,6,73,730,0883,62,6,,2,20,,1,06,,1,105,5,,160,4,,6,,,,,2,62,0533,62,1,0,73,6,1,,1,1,9.8,0,,2,1,1971-04-15,06
71LA04016,71,1,2315,6,76,760,0885,62,6,,2,20,,1,06,,1,106,5,,0,4,,,,,,2,2,62,0464,62,1,83,76,6,1,,1,1,11.0,10,,1,1,1971-04-16,06
71LA04017,71,1,2573,6,70,701,0888,62,6,,2,20,,1,06,,1,110,5,,0,5,,,,,,2,2,62,0599,62,1,73,70,2,1,,1,1,10.2,10,,2,1,1971-04-20,06
71LA04018,71,,,0,76,760,0890,62,6,,2,20,,,06,,,130,,,0,,,,,,,,2,62,0464,62,1,0,76,6,0,,0,0,0.0,0,,2,1,1971-05-10,06
71LA04019,71,2,2752,6,76,762,0904,62,6,,2,20,,1,06,,1,113,5,,0,3,,,,,,3,2,62,0931,62,1,80,76,6,1,,1,1,11.8,10,,2,1,1971-04-23,06
71LA04020,71,1,,0,76,761,0905,62,6,,2,20,,1,06,,1,114,1,,0,2,,1,,654442,+,,2,62,0367,62,1,0,76,6,0,,1,1,12.8,5,,2,1,1971-04-24,06
71LA04021,71,2,2176,6,78,781,0908,62,6,,2,20,,1,06,,1,103,5,,0,4,,,,,,2,2,62,0772,62,1,83,78,6,1,,1,1,11.0,10,,2,1,1971-04-13,06
71LA04022,71,2,2310,6,74,742,0909,62,6,,2,20,,1,06,,1,106,5,,139,3,,6,,,,,2,62,0897,62,1,0,74,6,1,,1,1,6.4,0,,2,1,1971-04-16,06
71LA04023,71,1,2699,6,74,742,0910,62,6,,2,20,,1,06,,1,112,5,,0,3,,,,,,2,2,62,0897,62,1,70,74,6,1,,1,1,9.0,10,,1,1,1971-04-22,06
71LA04024,71,1,2566,6,77,770,0913,62,6,,2,20,,1,06,,1,110,5,,0,4,,,,,,2,2,62,0394,62,1,88,77,6,1,,1,1,12.2,10,,1,1,1971-04-20,06
71LA04025,71,,,0,76,760,0919,62,6,,2,20,,,06,,,130,,,0,,,,,,,,2,62,0464,62,1,0,76,6,0,,0,0,0.0,0,,1,1,1971-05-10,06
71LA04026,71,2,2927,6,72,813,0925,62,6,,2,20,,1,06,,1,116,5,,0,2,,,,,,3,2,62,0705,62,1,69,72,3,1,,1,1,9.0,10,,1,1,1971-04-26,06
71LA04027,71,1,2230,6,78,780,0927,62,6,,2,20,,1,06,,1,104,5,,0,5,,,,,,2,2,62,0677,62,1,87,78,6,1,,1,1,13.6,10,,1,1,1971-04-14,06
71LA04028,71,2,2769,6,76,762,0932,62,6,,2,20,,1,06,,1,113,5,,0,4,,,,,,3,2,62,0931,62,1,75,76,6,1,,1,1,10.4,10,,1,1,1971-04-23,06
71LA04029,71,1,3068,6,74,742,0933,62,6,,2,20,,1,06,,1,121,5,,0,4,,,,,,2,2,62,0897,62,1,70,74,6,1,,1,1,13.0,10,,2,1,1971-05-01,06
71LA04030,71,2,2675,6,74,740,0940,62,6,,2,20,,1,06,,1,111,5,,0,3,,,,,,2,2,62,0274,62,1,67,74,6,1,,1,1,10.2,10,,1,1,1971-04-21,06
71LA04031,71,2,2165,6,77,772,0941,62,6,,2,20,,1,06,,1,102,5,,0,0,16,,,009901,-,,2,62,0597,62,1,78,77,6,1,,1,1,9.0,5,,2,1,1971-04-12,06
71LA04032,71,1,2422,6,77,772,0945,62,6,,2,20,,1,06,,1,107,5,,0,5,,,,,,2,2,62,0597,62,1,94,77,6,1,,1,1,10.2,10,,1,1,1971-04-17,06
71LA04033,71,1,2358,6,75,752,0946,62,6,,2,20,,1,06,,1,106,5,,116,3,,6,,,,,2,62,0949,62,1,0,75,6,1,,1,1,10.0,0,,2,1,1971-04-16,06
71LA04034,71,1,2802,6,72,823,0953,62,6,,2,20,,1,06,,1,114,8,,0,4,,,,,,3,2,62,0816,62,1,57,72,3,1,,1,2,8.2,10,,2,1,1971-04-24,06
71LA04035,71,2,2803,6,72,823,0953,62,6,,2,20,,1,06,,1,114,8,,0,4,,,,,,3,2,62,0816,62,0,67,72,3,1,,0,0,9.0,10,,2,2,1971-04-24,06
71LA04036,71,2,2427,6,74,741,0955,62,6,,2,20,,1,06,,1,108,5,,0,5,,,,,,2,2,62,1243,62,1,82,74,6,1,,1,1,12.0,10,,1,1,1971-04-18,06
71LA04037,71,2,2776,6,78,782,0956,62,6,,2,20,,1,06,,1,113,5,,0,4,,6,,,,,2,62,0504,62,1,0,78,6,1,,1,1,10.6,0,,2,1,1971-04-23,06
71LA04038,71,2,3079,6,72,833,0958,62,6,,2,20,,1,06,,1,122,5,,0,1,16,,,028762,-,6,2,62,0331,62,1,57,72,3,1,,1,1,8.6,5,,1,1,1971-05-02,06
71LA04039,71,1,2772,6,78,782,0961,62,6,,2,20,,1,06,,1,113,5,,0,4,,,,,,3,2,62,0504,62,1,80,78,6,1,,1,1,11.4,10,,1,1,1971-04-23,06
71LA04040,71,1,2233,6,76,761,0967,62,6,,2,20,,2,06,,1,104,5,,0,4,,,,,,2,2,62,0367,62,1,97,76,6,1,,1,1,10.4,10,,1,1,1971-04-14,06
71LA04041,71,1,2343,6,73,732,0973,62,6,,2,20,,3,06,,1,106,8,,0,3,,,,934114,-,1,2,62,1697,62,0,55,73,6,1,,0,0,7.8,5,,2,2,1971-04-16,06
71LA04042,71,1,2342,6,73,732,0973,62,6,,2,20,,1,06,,1,106,8,,0,3,01,,,,,2,2,62,1697,62,1,82,73,6,1,,1,2,9.2,10,,2,1,1971-04-16,06
71LA04043,71,1,2424,6,70,700,0979,62,6,,2,20,,1,06,,1,108,5,,0,5,,,,,,2,2,62,0476,62,1,99,70,2,1,,1,1,14.0,10,,2,1,1971-04-18,06
71LA04044,71,,,0,77,772,0985,62,6,,2,20,,,06,,,115,,,0,,,,,,,,2,62,0597,62,0,0,77,6,0,,0,0,0.0,0,,2,1,1971-04-25,06
71LA04045,71,2,2175,6,72,843,0993,62,6,,2,20,,1,06,,1,102,5,,0,2,,,,,,2,2,62,0502,62,1,65,72,3,1,,1,1,10.2,10,,1,1,1971-04-12,06
71LA04046,71,1,2247,6,73,732,0999,62,6,,2,20,,1,06,,1,105,5,,0,5,,,,,,2,2,62,1697,62,1,104,73,6,1,,1,1,13.0,10,,1,1,1971-04-15,06
71LA04047,71,1,8017,9,99,700,7612,90,9,,2,20,,1,69,,1,103,8,,160,4,,6,,,&,,0,90,0476,62,1,0,99,8,1,,1,2,8.4,0,,2,1,1971-04-13,53
71LA04048,71,1,8018,9,99,700,7612,90,9,,2,20,,1,69,,1,103,8,,0,4,,,,,,,0,90,0476,62,0,102,99,8,1,,0,0,7.2,10,,2,2,1971-04-13,53
71LA04049,71,1,8047,9,98,700,7625,90,9,,2,20,,1,48,,2,109,5,,0,3,,,,,,,0,90,3431,42,1,67,98,8,1,,1,1,10.8,10,,1,1,1971-04-19,52
71LA04050,71,1,8042,9,97,700,7634,90,9,,2,20,,1,15,,1,108,8,,0,3,,,,,,,0,90,3564,18,1,71,97,8,1,,1,2,7.8,10,,2,1,1971-04-18,51
71LA04051,71,2,8043,9,97,700,7634,90,9,,2,20,,1,15,,1,108,8,,0,3,,,,,,,0,90,3564,18,0,73,97,8,1,,0,0,7.6,10,,2,2,1971-04-18,51
71LA04052,71,1,8054,9,98,700,7650,90,9,,2,20,,1,48,,1,115,8,,0,3,,,,,,,0,90,3431,42,1,57,98,8,1,,1,2,8.0,10,,1,1,1971-04-25,52
71LA04053,71,1,8055,9,98,700,7650,90,9,,2,20,,1,48,,1,115,8,,0,3,,,,,,,0,90,3431,42,0,69,98,8,1,,0,0,7.6,10,,1,2,1971-04-25,52
71LA04054,71,2,8045,9,98,700,7653,90,9,,2,20,,1,48,,1,109,8,,0,3,,,,,,,0,90,3431,42,1,61,98,8,1,,1,2,7.0,10,,1,1,1971-04-19,52
71LA04055,71,2,8046,9,98,700,7653,90,9,,2,20,,1,48,,1,109,8,,0,3,,,,,,,0,90,3431,42,0,65,98,8,1,,0,0,6.6,10,,1,2,1971-04-19,52
71LA04056,71,1,8050,9,99,700,7668,90,9,,2,20,,1,69,,1,114,8,,0,3,,,,,,,0,90,0476,62,1,68,99,8,1,,1,2,8.0,10,,1,1,1971-04-24,53
71LA04057,71,1,8051,9,99,700,7668,90,9,,2,20,,1,69,,1,114,8,,0,3,,,,,,,0,90,0476,62,0,73,99,8,1,,0,0,8.2,10,,1,2,1971-04-24,53
71LA04058,71,2,8056,9,00,000,7702,90,9,,1,10,,1,00,3,1,119,5,,0,1,,,,,,,0,90,0000,00,1,68,98,0,1,,1,1,6.4,10,,1,1,1971-04-29,00
71LA04059,71,3,8079,9,00,000,5122,42,4,,,10,,1,00,3,1,125,5,,,1,,,,,&,,2,90,0000,00,1,,,0,1,,1,1,8.6,0,,,1,,02
71LA04060,71,2,8080,9,00,000,5445,42,4,,,10,,1,00,3,1,130,5,,0,0,,,,,&,,2,90,0000,00,1,74,,0,1,,1,1,11.0,5,,,1,,02
