UID,ID10,YR,SEX,ETAG,BD1,LINE,PEN,BRD,REG,TYPE,INBR,TBR,AGE_LMG,DINBR,TM,HORN,BPEN,YRWT,FACE,C3536,SPRGWT,FALLWT,DISP,C4445,STAPL,CLFL,BRDNEW,DAYDIS,GRFL,FLGR,C6263,SIRE,SB1,SALE_LOT,DAM,DB1,AGE_BRDG,C80,YRREC,AGE
59IN00001,1957910125,57,1,00125,1,,,91,,,,,3,,,,,,,,176,135,3,,,,91,0801,150,2,,,,,,,2,,1959,2.0
59IN00002,1957910126,57,1,00126,1,,,91,,,,,3,,,,,,,,144,153,3,,,,91,0801,133,2,,,,,,,2,,1959,2.0
59IN00003,1957910119,57,1,00119,1,,,91,,,,,3,,,,,,,,150,,,,,,91,,,,,,,,,,2,,1959,2.0
59IN00004,1958910123,58,1,00123,1,,,91,,,,,2,,,,,,,,160,,,,,,91,,,,,,,,,,1,,1959,1.0
59IN00005,1951101644,51,2,U1644,0,68,,10,,,,,9,,,,,,,,130,151,2,,,,10,0924,,,,,,    3,2,,8,,1959,8.0
59IN00006,1951101647,51,2,U1647,0,68,,10,,,,,9,,,,,,,,132,151,2,,,,10,0924,,,,,,   70,0,,8,,1959,8.0
59IN00007,1952101650,52,2,U1650,0,68,,10,,,,,8,,,,,,,,110,140,,,,,10,,,,,,,   50,8,,7,,1959,7.0
59IN00008,1952101653,52,2,U1653,0,68,,10,,,,,8,,,,,,,,126,138,3,,,,10,1218,,,,,,,,,7,,1959,7.0
59IN00009,1952101655,52,2,U1655,0,68,,10,,,,,8,,,,,,,,144,187,,,,,10,,,,,,,   49,8,,7,,1959,7.0
59IN00010,1952101666,52,2,U1666,0,68,,10,,,,,8,,,,,,,,133,162,,,,,10,,,,,,,   47,8,,7,,1959,7.0
59IN00011,1952101673,52,2,U1673,0,68,,10,,,,,8,,,,,,,,128,148,6,,,,10,0920,,,,,,   46,8,,7,,1959,7.0
59IN00012,1952101676,52,2,U1676,0,68,,10,,,,,8,,,,,,,,141,160,3,,,,10,1218,,,,,,,,,7,,1959,7.0
59IN00013,1952101685,52,2,U1685,0,68,,10,,,,,8,,,,,,,,107,140,,,,,10,,,,,,,   51,8,,7,,1959,7.0
59IN00014,1952101687,52,2,U1687,0,68,,10,,,,,8,,,,,,,,,,6,,,,10,0402,,,,,,,,,7,,1959,7.0
59IN00015,1952101688,52,2,U1688,0,68,,10,,,,,8,,,,,,,,122,143,,,,,10,,,,,,,   34,8,,7,,1959,7.0
59IN00016,1952101690,52,2,U1690,0,68,,10,,,,,8,,,,,,,,128,147,,,,,10,,,,,,,   32,8,,7,,1959,7.0
59IN00017,1952101691,52,2,U1691,0,68,,10,,,,,8,,,,,,,,136,163,,,,,10,,,,,,,   29,8,,7,,1959,7.0
59IN00018,1952101692,52,2,U1692,0,68,,10,,,,,8,,,,,,,,135,157,2,,,,10,0924,,,,,,    3,1,,7,,1959,7.0
59IN00019,1952101694,52,2,U1694,0,68,,10,,,,,8,,,,,,,,124,139,2,,,,10,0924,,,,,,    3,1,,7,,1959,7.0
59IN00020,1952101695,52,2,U1695,0,68,,10,,,,,8,,,,,,,,137,156,2,,,,10,0924,,,,,,    3,1,,7,,1959,7.0
59IN00021,1952101696,52,2,U1696,0,68,,10,,,,,8,,,,,,,,134,155,,,,,10,,,,,,,   42,8,,7,,1959,7.0
59IN00022,1952101697,52,2,U1697,0,68,,10,,,,,8,,,,,,,,133,170,3,,,,10,1218,,,,,,,,,7,,1959,7.0
59IN00023,1952101706,52,2,U1706,0,68,,10,,,,,8,,,,,,,,163,169,2,,,,10,0924,,,,,,    3,1,,7,,1959,7.0
59IN00024,1954101710,54,2,U1710,0,69,359,10,,10,,,6,,4,3,,085,16,,134,152,2,,077, 48,10,0924,100,2,,0781,2,    2,9,,5,,1959,5.0
59IN00025,1954101712,54,2,U1712,0,69,399,10,,07,,,6,,4,4,,088,10,,132,162,3,,078, 48,10,1218,113,2,,1637,2,,,,5,,1959,5.0
59IN00026,1954101719,54,2,U1719,0,69,748,10,,07,,,6,,4,5,,087,11,,130,152,2,,080, 45,10,0924,105,2,,6910,3,    2,9,,5,,1959,5.0
59IN00027,1954101724,54,2,U1724,0,69,468,10,,07,,,6,,4,4,,087,12,,123,148,2,,074, 40,10,0924,093,2,,0693,2,    2,9,,5,,1959,5.0
59IN00028,1954101728,54,2,U1728,0,69,508,10,,07,,,6,,4,4,,090,13,,129,153,,,074, 50,10,,096,2,,0705,2,   25,8,,5,,1959,5.0
59IN00029,1954101731,54,2,U1731,0,69,469,10,,08,,,6,,4,1,,081,11,,122,144,,,080, 40,10,,093,2,,1853,2,   21,8,,5,,1959,5.0
59IN00030,1954101733,54,2,U1733,0,69,519,10,,05,,,6,,4,3,,085,15,,113,136,,,076, 46,10,,098,2,,0069,2,   19,8,,5,,1959,5.0
59IN00031,1954101743,54,2,U1743,0,69,358,10,,05,,,6,,4,3,,101,13,,138,169,,,070, 41,10,,097,2,,0511,2,   24,8,,5,,1959,5.0
59IN00032,1954101751,54,2,U1751,0,69,368,10,,06,,,6,,4,3,,092,10,,137,165,2,,083, 49,10,0924,097,2,,0604,2,    2,9,,5,,1959,5.0
59IN00033,1954101757,54,2,U1757,0,69,368,10,,08,,,6,,4,5,,098,10,,148,150,2,,071, 45,10,0924,106,2,,0604,2,    2,9,,5,,1959,5.0
59IN00034,1954101758,54,2,U1758,0,69,469,10,,07,,,6,,4,3,,091,15,,121,142,,,080, 40,10,,075,2,,1853,2,   28,8,,5,,1959,5.0
59IN00035,1954101759,54,2,U1759,0,69,499,10,,06,,,6,,4,3,,090,12,,138,160,,,081, 41,10,,089,2,,1771,2,   22,8,,5,,1959,5.0
59IN00036,1954101760,54,2,U1760,0,69,458,10,,11,,,6,,4,3,,076,13,,117,136,2,,080, 39,10,0924,080,2,,1828,1,    2,9,,5,,1959,5.0
59IN00037,1954101762,54,2,U1762,0,69,508,10,,06,,,6,,4,3,,080,15,,127,142,,,073, 40,10,,089,2,,0705,2,   23,8,,5,,1959,5.0
59IN00038,1954101769,54,2,U1769,0,69,468,10,,07,,,6,,4,1,,073,15,,,,6,,065, 36,10,0331,080,2,,0693,2,,,,5,,1959,5.0
59IN00039,1954101778,54,2,U1778,0,69,408,10,,10,,,6,,4,4,,091,15,,137,162,,,072, 38,10,,094,2,,0714,2,   26,8,,5,,1959,5.0
59IN00040,1954101781,54,2,U1781,0,69,328,10,,07,,,6,,4,1,,083,11,,123,137,,,066, 36,10,,080,2,,7491,1,   35,8,,5,,1959,5.0
59IN00041,1954101789,54,2,U1789,0,69,398,10,,07,,,6,,4,3,,094,10,,128,160,,,076, 49,10,,098,2,,0396,2,   40,8,,5,,1959,5.0
59IN00042,1953101792,53,2,U1792,0,68,,10,,,,,7,,,,,,,,111,135,2,,,,10,0924,,,,,,    3,0,,6,,1959,6.0
59IN00043,1955101803,55,2,U1803,0,69,358,10,,06,,,5,,4,4,,091,09,,124,148,,,092,054,10,,138,2,,0511,2,   36,8,,4,,1959,4.0
59IN00044,1955101806,55,2,U1806,0,69,498,10,,08,,,5,,4,4,,098,10,,128,157,,,088,060,10,,128,1,,1037,2,   37,8,,4,,1959,4.0
59IN00045,1955101812,55,2,U1812,0,69,718,10,,08,,,5,,4,4,,096,09,,123,166,,,081,047,10,,100,2,,7473,3,   39,8,,4,,1959,4.0
59IN00046,1955101816,55,2,U1816,0,69,498,10,,08,,,5,,4,4,,090,13,,113,120,6,,082,054,10,1220,107,2,,1037,2,,,,4,,1959,4.0
59IN00047,1955101817,55,2,U1817,0,69,738,10,,05,,,5,,4,3,,108,12,,132,162,,,093,059,10,,119,2,,7019,3,   45,8,,4,,1959,4.0
59IN00048,1955101821,55,2,U1821,0,69,268,10,,08,,,5,,4,1,,077,09,,119,139,,,089,044,10,,079,2,,1008,2,   44,8,,4,,1959,4.0
59IN00049,1955101822,55,2,U1822,0,69,268,10,,08,,,5,,4,1,,084,09,,121,140,2,,086,049,10,0924,088,2,,1008,2,    2,8,,4,,1959,4.0
59IN00050,1955101827,55,2,U1827,0,69,368,10,,10,,,5,,4,5,,095,10,,133,162,,,100,054,10,,111,2,,0939,2,   42,8,,4,,1959,4.0
59IN00051,1955101828,55,2,U1828,0,69,458,10,,09,,,5,,4,4,,087,12,,114,136,,,092,048,10,,107,1,,1828,1,   29,8,,4,,1959,4.0
59IN00052,1955101829,55,2,U1829,0,69,498,10,,07,,,5,,4,4,,098,14,,135,163,,,081,054,10,,123,2,,1037,2,   34,8,,4,,1959,4.0
59IN00053,1955101835,55,2,U1835,0,69,728,10,,06,,,5,,4,4,,116,09,,153,188,2,,096,056,10,0924,125,2,,7231,3,    2,8,,4,,1959,4.0
59IN00054,1955101844,55,2,U1844,0,69,718,10,,07,,,5,,4,1,,100,10,,134,166,,,091,054,10,,095,2,,7473,3,   32,8,,4,,1959,4.0
59IN00055,1955101854,55,2,U1854,0,69,408,10,,07,,,5,,4,,,096,,,156,185,2,,,,10,0924,100,2,,1209,2,    2,8,,4,,1959,4.0
59IN00056,1955101857,55,2,U1857,0,69,409,10,,06,,,5,,4,4,,103,10,,138,173,,,092,052,10,,101,1,,0935,2,   51,8,,4,,1959,4.0
59IN00057,1955101867,55,2,U1867,0,69,728,10,,07,,,5,,4,3,,104,09,,140,177,,,088,048,10,,093,2,,7231,3,   46,8,,4,,1959,4.0
59IN00058,1955101868,55,2,U1868,0,69,728,10,,08,,,5,,4,1,,098,09,,143,167,,,092,045,10,,082,2,,7231,3,   47,8,,4,,1959,4.0
59IN00059,1955101869,55,2,U1869,0,69,358,10,,07,,,5,,4,3,,094,10,,136,135,,,087,050,10,,104,2,,0511,2,   49,8,,4,,1959,4.0
59IN00060,1955101873,55,2,U1873,0,69,358,10,,07,,,5,,4,4,,099,14,,131,145,3,,082,062,10,1218,098,2,,0511,2,,,,4,,1959,4.0
59IN00061,1955101874,55,2,U1874,0,69,328,10,,06,,,5,,4,1,,093,10,,123,153,2,,090,043,10,0924,085,2,,7491,1,    2,8,,4,,1959,4.0
59IN00062,1955101887,55,2,U1887,0,69,498,10,,08,,,5,,4,4,,093,11,,127,148,,,076,042,10,,098,1,,1037,2,   44,8,,4,,1959,4.0
59IN00063,1955101888,55,2,U1888,0,69,408,10,,08,,,5,,4,4,,084,14,,,,6,,088,044,10,0413,088,1,,1209,2,,,,4,,1959,4.0
59IN00064,1956101893,56,2,U1893,0,69,398,10,,07,,,4,,4,3,,096,13,,123,140,2,,091,049,10,0924,094,2,,0396,2,    2,7,,3,,1959,3.0
59IN00065,1956101898,56,2,U1898,0,69,349,10,,06,,,4,,4,3,,097,07,,131,136,,,085,037,10,,071,1,,4218,1,   45,8,,3,,1959,3.0
59IN00066,1956101902,56,2,U1902,0,69,591,10,,07,,,4,,5,3,,093,10,,137,172,2,,078,051,10,0924,100,2,,3868,1,    2,7,,3,,1959,3.0
59IN00067,1956101914,56,2,U1914,0,69,408,10,,07,,,4,,4,3,,097,11,,127,148,,,089,039,10,,087,2,,0935,2,   50,8,,3,,1959,3.0
59IN00068,1956101915,56,2,U1915,0,69,469,10,,04,,,4,,4,3,,086,09,,114,144,,,082,045,10,,078,1,,1700,2,   39,8,,3,,1959,3.0
59IN00069,1956101919,56,2,U1919,0,69,469,10,,06,,,4,,4,2,,090,09,,128,140,,,073,038,10,,066,1,,1700,2,   35,8,,3,,1959,3.0
59IN00070,1956101928,56,2,U1928,0,69,671,10,,06,,,4,,5,1,,096,11,,141,,3,,084,042,10,0615,084,2,,1857,2,,,,3,,1959,3.0
59IN00071,1956101929,56,4,U1929,0,,,10,,,,5,4,,,,,,,,150,186,,,,,10,,177,6,,1857,2,,1663,0,3,,1959,3.0
59IN00072,1956101929,56,4,U1929,0,,,10,,,,5,4,,,,,,,,150,171,,,,,10,,,,,1857,2,,1663,0,3,,1959,3.0
59IN00073,1956101931,56,2,U1931,0,69,681,10,,05,,,4,,5,5,,099,09,,126,158,,,078,032,10,,065,1,,1876,2,   40,8,,3,,1959,3.0
59IN00074,1956101935,56,2,U1935,0,69,671,10,,05,,,4,,5,1,,088,10,,123,153,,,093,038,10,,079,2,,1857,2,   37,8,,3,,1959,3.0
59IN00075,1956101942,56,2,U1942,0,69,399,10,,07,,,4,,4,3,,098,09,,120,147,,,085,049,10,,091,2,,1714,2,   36,8,,3,,1959,3.0
59IN00076,1956101952,56,2,U1952,0,69,601,10,,07,,,4,01,5,1,,100,09,,129,160,,,089,058,10,,108,2,,4150,1,77 41,0,,3,,1959,3.0
59IN00077,1956101953,56,2,U1953,0,69,348,10,,05,,,4,,4,3,,088,13,,133,157,6,,088,048,10,1220,091,2,,4079,1,,,,3,,1959,3.0
59IN00078,1956101962,56,2,U1962,0,69,591,10,,05,,,4,,5,3,,098,14,,126,149,,,079,042,10,,087,1,,3868,1,   25,8,,3,,1959,3.0
59IN00079,1956101966,56,2,U1966,0,69,728,10,,08,,,4,,4,1,,080,10,,117,151,,,092,047,10,,099,2,,7166,3,   23,8,,3,,1959,3.0
59IN00080,1956101967,56,2,U1967,0,69,728,10,,08,,,4,,4,1,,090,08,,122,153,,,094,047,10,,096,2,,7166,3,   22,8,,3,,1959,3.0
59IN00081,1956101968,56,2,U1968,0,69,329,10,,07,,,4,,4,1,,086,07,,122,170,2,,085,034,10,0924,078,1,,7491,1,    2,7,,3,,1959,3.0
59IN00082,1956101972,56,2,U1972,0,69,329,10,,07,,,4,,4,1,,091,08,,120,148,,,079,041,10,,086,2,,7491,1,   28,8,,3,,1959,3.0
59IN00083,1956101974,56,2,U1974,0,69,479,10,,04,,,4,,4,2,,106,12,,144,169,,,083,045,10,,087,2,,1939,2,   24,8,,3,,1959,3.0
59IN00084,1956101979,56,2,U1979,0,69,701,10,,08,,,4,,5,1,,083,10,,114,144,,,080,045,10,,089,2,,1621,2,   19,8,,3,,1959,3.0
59IN00085,1956101990,56,2,U1990,0,69,468,10,,08,,,4,,4,3,,072,11,,108,143,,,088,036,10,,068,1,,1994,2,   21,8,,3,,1959,3.0
59IN00086,1957101996,57,2,U1996,0,69,671,10,,08,,,3,,5,1,,098,09,,125,148,,,089,046,10,,113,2,,2504,2,   66,0,,2,,1959,2.0
59IN00087,1957101999,57,2,U1999,0,69,701,10,,08,,2,3,,5,1,,104,10,,114,152,,,067,036,10,,080,1,,2724,2,   64,0,,2,,1959,2.0
59IN00088,1957102000,57,2,U2000,0,69,398,10,,08,,3,3,,4,3,,100,12,,105,144,,,089,063,10,,121,3,,0396,2,   55,0,,2,,1959,2.0
59IN00089,1957102001,57,2,U2001,0,69,691,10,,08,,2,3,,5,1,,104,10,,113,144,,,079,059,10,,109,2,,2756,2,   55,0,,2,,1959,2.0
59IN00090,1957102003,57,2,U2003,0,69,349,10,,10,,,3,,4,2,,093,09,,112,129,,,079,047,10,,097,2,,4458,1,   58,0,,2,,1959,2.0
59IN00091,1957102005,57,2,U2005,0,69,681,10,,08,,1,3,,5,4,,097,09,,118,143,,,081,050,10,,096,2,,2516,2,   64,0,,2,,1959,2.0
59IN00092,1957102012,57,2,U2012,0,69,328,10,,09,,,3,,4,3,,089,09,,97,122,,,069,038,10,,079,1,,4520,1,   56,0,,2,,1959,2.0
59IN00093,1957102017,57,2,U2017,0,69,518,10,,10,,,3,,4,3,,086,09,,106,134,,,079,044,10,,076,2,,1470,2,   60,0,,2,,1959,2.0
59IN00094,1957102021,57,2,U2021,0,69,691,10,,07,,,3,,5,1,,109,11,,122,153,,,084,054,10,,113,2,,2756,2,   62,0,,2,,1959,2.0
59IN00095,1957102022,57,2,U2022,0,69,519,10,,08,,,3,,4,1,,112,09,,130,165,2,,081,045,10,0924,096,2,,2374,2,    2,5,,2,,1959,2.0
59IN00096,1957102023,57,2,U2023,0,69,551,10,,11,,,3,,5,4,,086,12,,102,132,,,075,046,10,,090,2,,4377,1,   61,0,,2,,1959,2.0
59IN00097,1957102025,57,2,U2025,0,69,671,10,,07,,,3,,5,1,,102,10,,117,156,2,,081,051,10,0924,101,2,,2504,2,    2,6,,2,,1959,2.0
59IN00098,1957102027,57,2,U2027,0,69,499,10,,10,,,3,,4,3,,090,09,,117,136,,,075,041,10,,091,2,,2406,2,   66,0,,2,,1959,2.0
59IN00099,1957102028,57,2,U2028,0,69,681,10,,08,,,3,,5,3,,094,09,,113,139,,,085,052,10,,100,2,,2516,2,   62,0,,2,,1959,2.0
59IN00100,1957102031,57,2,U2031,0,69,691,10,,08,,,3,,5,1,,102,09,,108,146,,,074,043,10,,088,2,,2756,2,   57,0,,2,,1959,2.0
59IN00101,1957102035,57,2,U2035,0,69,478,10,,08,,,3,,4,3,,103,11,,117,144,,,088,051,10,,091,2,,0603,2,   68,0,,2,,1959,2.0
59IN00102,1957102037,57,2,U2037,0,69,499,10,,10,,1,3,,4,3,,094,09,,122,133,,,070,037,10,,080,1,,2406,2,   67,0,,2,,1959,2.0
59IN00103,1957102040,57,2,U2040,0,69,399,10,,10,,,3,,4,4,,108,09,,130,123,6,,075,048,10,1210,098,2,,2916,2,,,,2,,1959,2.0
59IN00104,1957102041,57,2,U2041,0,69,571,10,,09,,,3,,5,1,,096,09,,113,154,,,076,048,10,,102,2,,4411,1,   65,0,,2,,1959,2.0
59IN00105,1957102043,57,2,U2043,0,69,519,10,,08,,,3,,4,4,,102,08,,116,139,2,,074,048,10,0924,097,2,,2374,2,    2,6,,2,,1959,2.0
59IN00106,1957102047,57,2,U2047,0,69,561,10,,08,,,3,,5,4,,111,09,,127,159,,,080,052,10,,097,2,,4409,1,   70,0,,2,,1959,2.0
59IN00107,1957102048,57,2,U2048,0,69,409,10,,07,,,3,,4,4,,106,09,,132,163,,,072,038,10,,085,2,,2435,2,   63,0,,2,,1959,2.0
59IN00108,1957102051,57,2,U2051,0,69,581,10,,09,,,3,,5,4,,098,09,,118,144,,,080,049,10,,097,2,,4150,1,   69,0,,2,,1959,2.0
59IN00109,1957102052,57,2,U2052,0,69,701,10,,07,,2,3,,5,1,,106,09,,108,140,,,084,037,10,,081,1,,2724,2,   59,0,,2,,1959,2.0
59IN00110,1957102053,57,2,U2053,0,69,561,10,,08,,,3,01,5,1,,108,09,,123,145,,,080,059,10,,110,2,,4409,1,63 41,0,,2,,1959,2.0
59IN00111,1957102055,57,2,U2055,0,69,571,10,,08,,3,3,,5,4,,096,09,,118,141,,,071,037,10,,081,2,,4411,1,   67,0,,2,,1959,2.0
59IN00112,1957102059,57,2,U2059,0,69,561,10,,10,,,3,,5,3,,086,09,,117,131,,,070,046,10,,090,2,,4409,1,   65,0,,2,,1959,2.0
59IN00113,1957102060,57,2,U2060,0,69,561,10,,09,,,3,,5,3,,097,09,,113,141,2,,085,056,10,0924,104,2,,4409,1,    2,6,,2,,1959,2.0
59IN00114,1957102061,57,2,U2061,0,69,349,10,,10,,,3,,4,4,,084,10,,99,129,,,066,046,10,,089,2,,4458,1,   69,0,,2,,1959,2.0
59IN00115,1957102069,57,2,U2069,0,69,408,10,,09,,,3,,4,4,,103,07,,120,,6,,066,035,10,0710,077,2,,1596,2,,,,2,,1959,2.0
59IN00116,1957102072,57,2,U2072,0,69,551,10,,09,,,3,,5,4,,088,09,,110,145,,,067,049,10,,094,2,,4377,1,   61,0,,2,,1959,2.0
59IN00117,1957102073,57,2,U2073,0,69,399,10,,09,,,3,,4,3,,106,09,,109,142,,,084,059,10,,109,2,,2916,2,   56,0,,2,,1959,2.0
59IN00118,1957102075,57,2,U2075,0,69,498,10,,08,,,3,,4,3,,112,09,,137,160,,,069,037,10,,079,2,,2776,2,   60,0,,2,,1959,2.0
59IN00119,1958102085,58,2,U2085,0,00,220,10,,,,,2,,,,,,,,,,6,,,,10,0412,,,,,,,,,1,,1959,1.0
59IN00120,1958102092,58,2,U2092,0,00,620,10,,07,,,2,,0,3,  2,111,09,,111,146,2,,086,054,10,0924,144,2,,,,    2,2,,1,,1959,1.0
59IN00121,1958102094,58,2,U2094,0,00,620,10,,08,,,2,,0,2,  2,094,11,,94,125,2,,083,051,10,0924,122,2,,,,    2,2,,1,,1959,1.0
59IN00122,1958102095,58,2,U2095,0,00,620,10,,09,,,2,,0,3,  2,088,12,,88,109,2,,084,039,10,0924,127,2,,,,    2,3,,1,,1959,1.0
59IN00123,1958102105,58,2,U2105,0,00,321,10,,08,,,2,,0,1,  4,103,09,,103,122,2,,085,048,10,0924,121,3,,,,    2,4,,1,,1959,1.0
59IN00124,1958102106,58,2,U2106,0,00,200,10,,08,,,2,,0,1,  1,082,08,,82,119,2,,079,037,10,0924,099,2,,,,    2,2,,1,,1959,1.0
59IN00125,1958102107,58,2,U2107,0,00,580,10,,07,,,2,,0,1,  2,102,09,,102,136,2,,071,036,10,0924,104,2,,,,    2,4,,1,,1959,1.0
59IN00126,1958102108,58,2,U2108,0,00,580,10,,06,,,2,,0,1,  2,108,08,,108,145,2,,082,041,10,0924,132,2,,,,    2,4,,1,,1959,1.0
59IN00127,1958102111,58,2,U2111,0,00,240,10,,09,,,2,,0,1,  2,091,09,,91,119,2,,067,040,10,0924,128,2,,,,    2,4,,1,,1959,1.0
59IN00128,1958102112,58,4,U2112,0,,,10,,,,,2,,,,,,,,130,170,,,,,10,,132,2,,,,,,,1,,1959,1.0
59IN00129,1958102113,58,2,U2113,0,00,730,10,,07,,,2,,0,3,  2,092,12,,92,116,2,,089,047,10,0924,117,2,,,,    2,3,,1,,1959,1.0
59IN00130,1958102114,58,2,U2114,0,00,490,10,,10,,,2,,0,3,  1,083,14,,83,115,2,,074,038,10,0924,128,2,,,,    2,3,,1,,1959,1.0
59IN00131,1958102117,58,2,U2117,0,69,581,10,,09,,,2,,5,4,  1,092,09,,92,120,,,080,044,10,,108,2,,4645,1,   23,8,,1,,1959,1.0
59IN00132,1958102121,58,2,U2121,0,69,641,10,,08,,,2,,5,1,  2,098,09,,98,124,,,087,044,10,,139,2,,3387,2,   25,8,,1,,1959,1.0
59IN00133,1958102123,58,2,U2123,0,69,621,10,,08,,,2,,5,1,  1,099,09,,99,,7,,075,032,10,1001,106,1,,4799,1,,,,1,,1959,1.0
59IN00134,1958102124,58,2,U2124,0,69,611,10,,07,,,2,,5,4,  2,110,07,,110,135,,,076,046,10,,133,2,,4585,1,   26,8,,1,,1959,1.0
59IN00135,1958102125,58,1,U2125,0,69,611,10,,,,3,2,,,,,,18,7,143,155,2,,,,10,0924,328,2,,4585,1,226,1687,0,1,,1959,1.0
59IN00136,1958102126,58,1,U2126,0,69,399,10,,,,1,2,,,,,,,,138,151,3,,,,10,0801,114,2,,0396,2,231,1949,0,1,,1959,1.0
59IN00137,1958102128,58,2,U2128,0,69,661,10,,09,,,2,,5,1,  1,093,10,,93,122,,,088,048,10,,119,2,,3195,2,   47,8,,1,,1959,1.0
59IN00138,1958102133,58,2,U2133,0,69,661,10,,06,,,2,,5,1,  1,101,09,,101,125,,,083,041,10,,120,2,,3195,2,   36,8,,1,,1959,1.0
59IN00139,1958102134,58,1,U2134,0,69,469,10,,,,4,2,,,,,,17,4,135,156,2,,,,10,0924,519,2,,1994,2,213,1751,0,1,,1959,1.0
59IN00140,1958102135,58,2,U2135,0,69,469,10,,09,,,2,,4,5,  2,091,09,,91,126,,,088,035,10,,089,2,,1994,2,   51,8,,1,,1959,1.0
59IN00141,1958102136,58,1,U2136,0,69,651,10,,,,1,2,,,,,,15,9,116,150,2,,,,10,0924,131,2,,3112,2,213,1972,0,1,,1959,1.0
59IN00142,1958102137,58,1,U2137,0,69,399,10,,,,1,2,,,,,,,,129,138,3,,,,10,0801,110,2,,0396,2,220,1885,0,1,,1959,1.0
59IN00143,1958102140,58,1,U2140,0,69,329,10,,,,1,2,,,,,,,,123,153,6,,,,10,1101,106,2,,5016,1,225,1967,0,1,,1959,1.0
59IN00144,1958102141,58,2,U2141,0,69,571,10,,08,,,2,,5,4,  2,096,09,,96,133,,,088,056,10,,123,3,,4610,1,   40,8,,1,,1959,1.0
59IN00145,1958102144,58,1,U2144,0,69,651,10,,,,3,2,,,,,,14,4,150,175,2,,,,10,0924,134,2,,3112,2,220,1759,0,1,,1959,1.0
59IN00146,1958102145,58,2,U2145,0,69,349,10,,06,,,2,,4,3,  2,101,09,,101,142,,,090,055,10,,130,2,,4079,1,   39,8,,1,,1959,1.0
59IN00147,1958102146,58,1,U2146,0,69,681,10,,,,3,2,,,,,,15,9,118,150,2,,,,10,0924,127,3,,2928,2,220,1966,0,1,,1959,1.0
59IN00148,1958102148,58,2,U2148,0,69,409,10,,09,,,2,,4,1,  1,101,09,,101,129,,,083,043,10,,111,2,,2435,2,   45,8,,1,,1959,1.0
59IN00149,1958102149,58,2,U2149,0,69,409,10,,07,,,2,,4,3,  2,101,08,,101,123,,,082,033,10,,092,2,,2435,2,   44,8,,1,,1959,1.0
59IN00150,1958102150,58,1,U2150,0,69,621,10,,,,1,2,,,,,,18,3,155,175,2,,,,10,0924,119,3,,4799,1,236,1690,0,1,,1959,1.0
59IN00151,1958102153,58,2,U2153,0,69,701,10,,08,,,2,,5,1,  2,088,10,,88,119,,,096,045,10,,116,3,,3083,2,   50,8,,1,,1959,1.0
59IN00152,1958102154,58,1,U2154,0,,,10,,,,,2,,,,,,18,8,142,153,2,,,,10,0924,117,2,,,,214,,,1,,1959,1.0
59IN00153,1958102155,58,2,U2155,0,69,479,10,,09,,,2,,4,4,  1,088,10,,88,130,,,083,036,10,,111,2,,2461,2,   49,8,,1,,1959,1.0
59IN00154,1958102156,58,1,U2156,0,69,348,10,,,,5,2,,,,,,17,7,154,164,2,,,,10,0924,139,2,,4458,1,235,1712,0,1,,1959,1.0
59IN00155,1958102157,58,1,U2157,0,69,348,10,,,,5,2,,,,,,,,124,144,2,,,,10,0924,119,2,,4458,1,226,1712,0,1,,1959,1.0
59IN00156,1958102158,58,2,U2158,0,69,681,10,,08,,,2,,5,1,  2,103,09,,103,145,,,083,009,10,,022,3,,2928,2,   37,8,,1,,1959,1.0
59IN00157,1958102159,58,1,U2159,0,69,591,10,,,,1,2,,,,,,18,7,122,150,2,,,,10,0924,100,2,,4774,1,208,1895,0,1,,1959,1.0
59IN00158,1958102161,58,2,U2161,0,69,479,10,,07,,,2,,4,3,  2,113,06,,113,147,,,083,041,10,,105,2,,2461,2,   46,8,,1,,1959,1.0
59IN00159,1958102162,58,2,U2162,0,69,499,10,,10,,,2,,4,1,  1,067,12,,67,109,2,,077,031,10,0924,098,1,,3080,2,    2,3,,1,,1959,1.0
59IN00160,1958102165,58,1,U2165,0,69,611,10,,,,5,2,,,,,,18,8,132,151,2,,,,10,0924,105,K,,4585,1,219,1857,0,1,,1959,1.0
59IN00161,1958102172,58,2,U2172,0,69,671,10,,07,,,2,,5,1,  1,093,09,,93,123,,,078,039,10,,092,2,,2504,2,   35,8,,1,,1959,1.0
59IN00162,1958102173,58,2,U2173,0,69,398,10,,10,,,2,,4,3,  1,077,09,,77,108,,,078,037,10,,109,2,,1714,2,   34,8,,1,,1959,1.0
59IN00163,1958102177,58,2,U2177,0,69,499,10,,09,,,2,,4,3,  2,098,12,,98,120,,,078,040,10,,117,2,,3080,2,   32,8,,1,,1959,1.0
59IN00164,1958102179,58,2,U2179,0,69,328,10,,08,,,2,,4,1,  2,096,11,,96,125,,,091,046,10,,111,4,,4657,1,   29,8,,1,,1959,1.0
59IN00165,1958102180,58,2,U2180,0,69,631,10,,10,,,2,,5,1,  2,081,09,,81,99,,,083,043,10,,095,2,,1857,2,   42,8,,1,,1959,1.0
59IN00166,1958102183,58,2,U2183,0,69,601,10,,08,,,2,,5,3,  2,093,10,,93,120,,,074,040,10,,111,2,,4687,1,   42,8,,1,,1959,1.0
59IN00167,1958102184,58,2,U2184,0,69,328,10,,09,,,2,,4,1,  2,107,12,,107,132,,,091,058,10,,132,3,,4657,1,   42,8,,1,,1959,1.0
59IN00168,1958102187,58,2,U2187,0,69,479,10,,07,,,2,,4,4,  2,091,09,,91,129,,,074,041,10,,118,2,,2461,2,   42,8,,1,,1959,1.0
59IN00169,1958102190,58,2,U2190,0,69,348,10,,07,,,2,,4,3,  2,096,09,,96,123,,,085,056,10,,134,3,,4458,1,   22,8,,1,,1959,1.0
59IN00170,1958102201,58,2,U2201,0,82,478,10,,07,,,2,,7,3,  4,102,11,,102,134,2,,089,048,10,0924,114,3,,0603,2,    2,4,,1,,1959,1.0
59IN00171,1958102202,58,2,U2202,0,82,478,10,,06,,,2,,7,3,  2,108,10,,108,138,2,,088,044,10,0924,119,4,,0603,2,    2,3,,1,,1959,1.0
59IN00172,1958102205,58,1,U2205,0,69,408,10,,,,5,2,,,,,,17,3,142,167,2,,,,10,0924,104,2,,3087,2,231,1821,0,1,,1959,1.0
59IN00173,1958102207,58,2,U2207,0,69,691,10,,07,,,2,,5,1,  2,091,09,,91,130,,,083,040,10,,099,2,,3248,2,   28,8,,1,,1959,1.0
59IN00174,1958102209,58,2,U2209,0,69,349,10,,09,,,2,,4,3,  2,103,09,,103,138,,,081,054,10,,132,2,,4079,1,   24,8,,1,,1959,1.0
59IN00175,1958102211,58,2,U2211,0,69,329,10,,08,,,2,,4,3,  4,093,09,,93,129,,,072,040,10,,115,2,,5016,1,   19,8,,1,,1959,1.0
59IN00176,1958102213,58,2,U2213,0,69,661,10,,08,,,2,,5,1,  1,080,06,,80,108,2,,071,026,10,0924,056,2,,3195,2,    2,3,,1,,1959,1.0
59IN00177,1958102214,58,2,U2214,0,69,661,10,,08,,,2,,5,1,  1,084,08,,84,112,,,072,033,10,,091,2,,3195,2,   21,8,,1,,1959,1.0
59IN00178,1958960003,58,1,00003,6,,,96,,,,,2,,,,,,,,130,134,,,,,96,,160,5,,,,,,,1,,1959,1.0
59IN00179,1950113124,50,2,R3124,1,24,240,11,,08,00,,0,,1,3,,082,11,,132,142,3,,079, 41,11,1218,098,2,,7339,1,,,,9,,1959,9.0
59IN00180,1950113204,50,2,R3204,1,27,270,11,,07,27,,0,,1,3,,090,13,,123,140,3,,072, 43,11,1221,111,2,,2232,1,,,,9,,1959,9.0
59IN00181,1950113235,50,2,R3235,1,32,320,11,,07,00,,0,,1,1,,086,10,,112,138,2,,083, 42,11,0924,103,2,,7491,1,    2,1,,9,,1959,9.0
59IN00182,1951113303,51,2,R3303,1,20,200,11,,08,19,,9,,1,3,,094,14,,137,155,2,,077,061,11,0924,105,2,,2903,1,    2,1,,8,,1959,8.0
59IN00183,1951113314,51,2,R3314,1,34,340,11,,06,36,,9,,1,3,,076,15,,112,124,2,,077,053,11,0924,098,2,,2771,1,    2,1,,8,,1959,8.0
59IN00184,1951113346,51,2,R3346,1,23,230,11,,08,17,,9,,1,3,,077,15,,117,129,2,,083,057,11,0924,093,2,,2744,1,    2,1,,8,,1959,8.0
59IN00185,1951113354,51,2,R3354,1,23,231,11,,08,15,,9,12,1,3,,077,16,,133,142,,,069,036,11,,088,2,,2996,1,45 23,0,,8,,1959,8.0
59IN00186,1951113381,51,2,R3381,1,19,190,11,,09,16,,9,,1,3,,088,12,,146,159,2,,071,040,11,0924,078,2,,2837,1,    2,1,,8,,1959,8.0
59IN00187,1951113417,51,2,R3417,1,23,231,11,,08,18,,9,,1,3,,093,14,,118,134,2,,072,044,11,0924,082,2,,2996,1,    2,1,,8,,1959,8.0
59IN00188,1951113420,51,2,R3420,1,24,240,11,,08,14,,9,,1,1,,085,15,,117,139,2,,071,044,11,0924,089,2,,3236,1,    2,1,,8,,1959,8.0
59IN00189,1951113434,51,2,R3434,1,20,200,11,,09,22,,9,,1,3,,078,15,,112,129,2,,088,054,11,0924,105,2,,2903,1,    2,1,,8,,1959,8.0
59IN00190,1951113452,51,2,R3452,1,21,210,11,,08,28,,9,31,1,3,,078,14,,106,116,,,083,044,11,,082,2,,2594,1,24 21,0,,8,,1959,8.0
59IN00191,1951113456,51,2,R3456,1,24,240,11,,06,19,,9,,1,1,,097,14,,123,160,2,,073,041,11,0924,083,2,,3236,1,    2,1,,8,,1959,8.0
59IN00192,1951113468,51,2,R3468,1,34,340,11,,09,34,,9,44,1,5,,080,13,,121,144,,,083,057,11,,090,2,,2771,1,13 34,0,,8,,1959,8.0
59IN00193,1951113495,51,2,R3495,1,21,211,11,,10,28,,9,,1,4,,072,15,,103,,6,,076,043,11,0620,085,2,,2842,1,,,,8,,1959,8.0
59IN00194,1956910121,56,1,00121,1,,,91,,,,,4,,,,,,,,184,205,6,,,,91,1108,155,2,,,,,,,3,,1959,3.0
59IN00195,1951113562,51,2,R3562,1,20,200,11,,09,24,3,9,32,1,3,,076,13,,122,148,,,083,056,11,,090,2,,2903,1,37 20,0,,8,,1959,8.0
59IN00196,1951113577,51,2,R3577,1,24,240,11,,07,17,,9,24,1,1,,088,15,,130,148,,,085,060,11,,113,2,,3236,1,83 24,0,,8,,1959,8.0
59IN00197,1952113686,52,2,R3686,1,20,200,11,,08,20,2,8,28,1,3,,084,11,,127,163,,,062,039,11,,085,2,,2362,1,33 20,0,,7,,1959,7.0
59IN00198,1952113694,52,2,R3694,1,24,240,11,,07,16,,8,22,1,4,,086,12,,127,148,,,067,041,11,,093,2,,3236,1,91 24,1,,7,,1959,7.0
59IN00199,1952113730,52,2,R3730,1,24,240,11,,06,19,,8,,1,1,,090,12,,134,175,3,,078,047,11,1218,118,2,,3236,1,,,,7,,1959,7.0
59IN00200,1952113731,52,2,R3731,1,34,340,11,,09,37,,8,45,1,4,,076,14,,122,140,,,064,036,11,,083,2,,2771,1,17 34,0,,7,,1959,7.0
59IN00201,1952113755,52,2,R3755,1,34,340,11,,09,40,,8,57,1,3,,071,15,,109,128,,,075,041,11,,081,2,,2771,1,88 34,0,,7,,1959,7.0
59IN00202,1953113801,53,2,R3801,1,27,270,11,,10,19,3,7,28,1,4,,084,11,,136,142,,,068,038,11,,092,2,,3072,1,04 27,0,,6,,1959,6.0
59IN00203,1953113828,53,2,R3828,1,34,340,11,,08,35,,7,40,1,4,,077,15,,124,145,,,065,042,11,,118,2,,3313,1,74 34,0,,6,,1959,6.0
59IN00204,1953113855,53,2,R3855,1,23,230,11,,09,31,,7,,1,3,,067,16,,110,138,6,,073,041,11,1101,090,2,,3192,1,   23,0,,6,,1959,6.0
59IN00205,1953113861,53,2,R3861,1,32,321,11,,07,00,,7,01,1,1,,091,10,,123,151,,,069,038,11,,104,2,,7491,1,21 41,0,,6,,1959,6.0
59IN00206,1953113876,53,2,R3876,1,27,270,11,,07,27,,7,,1,4,,074,14,,125,136,3,,069,039,11,1218,095,2,,3072,1,,,,6,,1959,6.0
59IN00207,1953113881,53,2,R3881,1,27,270,11,,08,28,,7,,1,3,,083,15,,,,7,,064,037,11,0602,092,2,,3072,1,,,,6,,1959,6.0
59IN00208,1953113887,53,2,R3887,1,27,270,11,,07,37,2,7,31,1,3,,082,15,,122,135,,,059,025,11,,070,2,,3072,1,82 27,0,,6,,1959,6.0
59IN00209,1953113901,53,2,R3901,1,32,320,11,,06,20,,7,32,1,1,,090,12,,141,157,,,076,037,11,,111,2,,3480,1,81 32,0,,6,,1959,6.0
59IN00210,1953113903,53,2,R3903,1,23,230,11,,08,19,,7,,1,3,,072,16,,126,155,2,,068,041,11,0924,090,2,,3192,1,    2,1,,6,,1959,6.0
59IN00211,1953113940,53,2,R3940,1,20,200,11,,10,20,1,7,27,1,3,,057,14,,102,124,,,071,033,11,,080,2,,3163,1,08 20,0,,6,,1959,6.0
59IN00212,1953113963,53,2,R3963,1,34,340,11,,07,36,,7,,1,4,,066,12,,,,6,,072,033,11,0421,065,2,,3313,1,,,,6,,1959,6.0
59IN00213,1953113965,53,2,R3965,1,32,320,11,,09,24,,7,,1,1,,068,16,,108,127,2,,075,037,11,0924,095,2,,3480,1,    2,1,,6,,1959,6.0
59IN00214,1953113969,53,2,R3969,1,21,210,11,,09,25,,7,30,1,1,,077,16,,114,133,,,072,036,11,,105,2,,3570,1,99 21,0,,6,,1959,6.0
59IN00215,1953113971,53,2,R3971,1,34,340,11,,09,35,,7,,1,4,,075,15,,110,134,3,,071,042,11,1218,103,2,,3313,1,   34,0,,6,,1959,6.0
59IN00216,1953114037,53,2,R4037,1,21,210,11,,09,30,,7,,1,4,,086,15,,133,145,3,,072,037,11,1218,093,2,,3570,1,,,,6,,1959,6.0
59IN00217,1953114038,53,2,R4038,1,32,320,11,,08,19,,7,,1,1,,082,15,,136,168,2,,081,044,11,0924,099,2,,3480,1,    2,1,,6,,1959,6.0
59IN00218,1953114049,53,2,R4049,1,32,320,11,,07,19,,7,29,1,1,,081,16,,122,146,,,080,043,11,,103,2,,3480,1,02 32,0,,6,,1959,6.0
59IN00219,1953114073,53,1,R4073,1,24,240,11,,,18,1,7,,,,,,,,211,230,,,,,11,,186,2,,3446,1,230,3178,1,6,,1959,6.0
59IN00220,1954114080,54,2,R4080,1,27,270,11,,07,26,1,6,30,1,3,,080,15,,116,127,,,080, 46,11,,105,2,,3520,1,89 27,0,,5,,1959,5.0
59IN00221,1954114086,54,2,R4086,1,23,230,11,,07,30,,6,16,1,3,,079,14,,118,134,,,079, 42,11,,093,2,,3715,1,62 23,0,,5,,1959,5.0
59IN00222,1954114110,54,1,R4110,1,24,240,11,,,18,1,6,,,,,,,,,,6,,,,11,0530,,,,3446,1,,3178,1,5,,1959,5.0
59IN00223,1954114142,54,2,R4142,1,19,190,11,,10,32,,6,35,1,3,190,070,13,,112,126,,,078, 41,11,,091,2,,3761,1,03 19,0,,5,,1959,5.0
59IN00224,1954114169,54,1,R4169,1,23,230,11,,,30,1,6,,,,,,,,180,195,,,,,11,,148,3,,3715,1,226,3416,1,5,,1959,5.0
59IN00225,1954114179,54,1,R4179,1,19,190,11,,,24,1,6,,,,,,,,191,211,,,,,11,,173,2,,3761,1,224,2202,1,5,,1959,5.0
59IN00226,1954114180,54,2,R4180,1,19,190,11,,06,35,,6,,1,3,,086,14,,142,,7,,072, 39,11,1001,089,2,,3761,1,,,,5,,1959,5.0
59IN00227,1954114182,54,2,R4182,1,24,240,11,,10,27,,6,30,1,1,,074,16,,114,139,,,085, 48,11,,094,2,,3446,1,18 24,0,,5,,1959,5.0
59IN00228,1954114185,54,2,R4185,1,32,320,11,,08,25,,6,22,1,1,,078,12,,116,143,,,068, 34,11,,074,2,,7491,1,69 32,0,,5,,1959,5.0
59IN00229,1954114189,54,2,R4189,1,23,230,11,,07,20,,6,17,1,3,,080,16,,120,142,,,073, 47,11,,088,2,,3715,1,88 23,0,,5,,1959,5.0
59IN00230,1954114191,54,2,R4191,1,24,240,11,,07,35,,6,,1,1,,070,15,,107,,7,,082, 45,11,1001,099,2,,3446,1,,,,5,,1959,5.0
59IN00231,1954114193,54,2,R4193,1,32,321,11,,07,23,,6,24,1,1,,095,15,,138,163,,,078, 50,11,,102,2,,3480,1,80 32,0,,5,,1959,5.0
59IN00232,1954114195,54,2,R4195,1,32,320,11,,07,25,,6,22,1,1,,088,13,,124,149,,,077, 44,11,,097,2,,7491,1,99 32,0,,5,,1959,5.0
59IN00233,1954114198,54,2,R4198,1,19,190,11,,,,,6,,,,,,,,143,165,3,,,,11,1218,,,,,,,,,5,,1959,5.0
59IN00234,1954114199,54,2,R4199,1,23,230,11,,07,22,,6,16,1,4,,079,15,,128,160,,,060, 27,11,,074,2,,3715,1,99 23,0,,5,,1959,5.0
59IN00235,1954114201,54,2,R4201,1,24,240,11,,08,17,,6,26,1,1,,081,09,,119,137,,,080, 48,11,,104,2,,3446,1,18 24,1,,5,,1959,5.0
59IN00236,1954114204,54,2,R4204,1,19,190,11,,06,22,,6,33,1,3,190,078,14,,125,141,,,079, 41,11,,084,2,,3761,1,50 19,0,,5,,1959,5.0
59IN00237,1954114219,54,2,R4219,1,24,240,11,,06,16,,6,27,1,1,,097,15,,150,171,,,071, 45,11,,099,2,,3446,1,94 24,0,,5,,1959,5.0
59IN00238,1954114227,54,2,R4227,1,20,200,11,,10,18,3,6,28,1,3,,076,15,,118,152,,,073, 39,11,,083,2,,3457,1,66 20,0,,5,,1959,5.0
59IN00239,1954114241,54,2,R4241,1,32,321,11,,06,24,,6,,1,1,,088,15,,121,154,2,,079, 45,11,0924,104,2,,3480,1,    2,0,,5,,1959,5.0
59IN00240,1954114255,54,2,R4255,1,21,210,11,,09,27,,6,35,1,3,,080,12,,118,152,,,073, 44,11,,091,2,,3841,1,47 21,0,,5,,1959,5.0
59IN00241,1954114256,54,2,R4256,1,20,200,11,,08,26,2,6,29,1,3,,077,13,,135,130,,,086, 54,11,,095,2,,3457,1,97 20,0,,5,,1959,5.0
59IN00242,1954114279,54,2,R4279,1,24,240,11,,10,38,,6,25,1,1,,073,13,,122,146,,,093, 45,11,,091,2,,3446,1,99 24,1,,5,,1959,5.0
59IN00243,1954114282,54,2,R4282,1,34,340,11,,11,34,,6,,1,4,,074,15,,115,139,2,,073, 40,11,0924,095,2,,3702,1,    2,0,,5,,1959,5.0
59IN00244,1954114284,54,2,R4284,1,32,320,11,,09,25,,6,,1,1,,072,09,,111,140,2,,067, 34,11,0924,078,2,,7491,1,    2,0,,5,,1959,5.0
59IN00245,1954114285,54,2,R4285,1,20,200,11,,08,30,,6,,1,3,,068,15,,115,138,2,,079, 38,11,0924,090,2,,3457,1,    2,0,,5,,1959,5.0
59IN00246,1954114294,54,2,R4294,1,27,270,11,,09,26,3,6,28,1,3,,081,13,,126,150,,,084, 46,11,,123,2,,3520,1,42 27,0,,5,,1959,5.0
59IN00247,1954114301,54,2,R4301,1,20,200,11,,10,30,1,6,33,1,3,,073,13,,121,124,,,089, 40,11,,091,2,,3457,1,49 20,0,,5,,1959,5.0
59IN00248,1954114303,54,2,R4303,1,19,190,11,,07,23,,6,40,1,3,190,080,15,,125,127,,,077, 33,11,,077,2,,3761,1,40 19,0,,5,,1959,5.0
59IN00249,1954114306,54,2,R4306,1,23,230,11,,10,17,,6,,1,3,,059,15,,104,127,2,,064, 25,11,0924,054,2,,3715,1,    2,0,,5,,1959,5.0
59IN00250,1954114312,54,2,R4312,1,23,230,11,,09,19,,6,,1,4,,066,16,,103,134,2,,062, 30,11,0924,071,2,,3715,1,    2,0,,5,,1959,5.0
59IN00251,1954114335,54,2,R4335,1,21,210,11,,09,25,,6,35,1,3,,073,15,,111,124,,,079, 44,11,,108,2,,3841,1,22 21,0,,5,,1959,5.0
59IN00252,1954114340,54,2,R4340,1,24,240,11,,10,22,,6,29,1,1,,073,16,,124,161,,,076, 42,11,,106,2,,3446,1,52 24,0,,5,,1959,5.0
59IN00253,1954114356,54,2,R4356,1,24,240,11,,09,25,,6,,1,1,,070,16,,111,144,2,,079, 35,11,0924,071,2,,3446,1,    2,0,,5,,1959,5.0
59IN00254,1954114357,54,2,R4357,1,24,240,11,,08,25,,6,24,1,1,,083,16,,124,133,,,067, 37,11,,086,2,,3446,1,76 24,1,,5,,1959,5.0
59IN00255,1954114361,54,2,R4361,1,21,210,11,,11,26,,6,29,1,3,,060,16,,111,120,,,071, 28,11,,077,2,,3841,1,09 21,0,,5,,1959,5.0
59IN00256,1955114368,55,2,R4368,1,34,340,11,,07,36,,5,39,1,5,,082,10,,118,147,,,088,048,11,,088,2,,3837,1,26 34,0,,4,,1959,4.0
59IN00257,1955114377,55,1,R4377,1,20,200,11,,,31,1,5,,,,,,17,1,153,170,2,,,,11,0924,185,2,,3302,1,206,3519,1,4,,1959,4.0
59IN00258,1955114383,55,2,R4383,1,34,340,11,,09,38,,5,40,1,3,,088,13,,122,147,,,093,058,11,,109,2,,3837,1,35 34,0,,4,,1959,4.0
59IN00259,1955114389,55,2,R4389,1,19,190,11,,08,23,,5,26,1,4,190,091,11,,135,159,,,087,051,11,,099,2,,3975,1,38 19,0,,4,,1959,4.0
59IN00260,1955114393,55,2,R4393,1,32,320,11,,08,25,,5,,1,,,092,,,124,162,2,,,,11,0924,094,2,,7491,1,    2,0,,4,,1959,4.0
59IN00261,1955114399,55,2,R4399,1,21,210,11,,10,28,,5,32,1,4,,083,09,,116,147,,,099,048,11,,113,3,,3865,1,16 21,0,,4,,1959,4.0
59IN00262,1955114410,55,2,R4410,1,34,340,11,,09,41,,5,,1,4,,087,10,,123,142,2,,077,041,11,0924,087,2,,3837,1,    2,0,,4,,1959,4.0
59IN00263,1955114423,55,2,R4423,1,34,340,11,,09,46,,5,48,1,4,,078,12,,128,150,,,097,054,11,,104,2,,3837,1,11 34,0,,4,,1959,4.0
59IN00264,1955114428,55,2,R4428,1,24,240,11,,09,25,,5,,1,4,,093,14,,147,158,2,,106,049,11,0924,092,2,,3446,1,    2,0,,4,,1959,4.0
59IN00265,1955114433,55,2,R4433,1,21,210,11,,09,28,,5,47,1,3,,076,11,,118,130,,,073,042,11,,099,2,,3865,1,07 21,0,,4,,1959,4.0
59IN00266,1955114437,55,2,R4437,1,32,321,11,,06,15,,5,24,1,1,,095,09,,142,149,,,077,036,11,,089,K,,3685,1,92 32,0,,4,,1959,4.0
59IN00267,1955114444,55,2,R4444,1,19,190,11,,09,26,,5,27,1,4,190,076,10,,118,143,,,084,038,11,,080,2,,3975,1,66 19,0,,4,,1959,4.0
59IN00268,1955114447,55,2,R4447,1,23,230,11,,11,18,,5,11,1,4,,078,15,,113,140,,,094,045,11,,098,2,,3856,1,70 23,0,,4,,1959,4.0
59IN00269,1955114458,55,1,R4458,1,34,340,11,,,44,1,5,,,,,,,,163,180,,,,,11,,181,2,,3837,1,232,3475,1,4,,1959,4.0
59IN00270,1955114459,55,2,R4459,1,19,190,11,,09,26,,5,,1,4,,078,11,,128,128,3,,079,038,11,1218,074,1,,3975,1,,,,4,,1959,4.0
59IN00271,1955114460,55,2,R4460,1,24,240,11,,09,28,,5,31,1,1,,082,15,,113,137,,,093,044,11,,103,2,,3446,1,66 24,0,,4,,1959,4.0
59IN00272,1955114462,55,2,R4462,1,32,320,11,,08,25,,5,,1,1,,095,13,,116,125,6,,077,037,11,1120,085,2,,7491,1,,,,4,,1959,4.0
59IN00273,1955114465,55,2,R4465,1,27,270,11,,08,28,2,5,34,1,3,,088,15,,128,155,,,096,057,11,,115,2,,3643,1,82 27,0,,4,,1959,4.0
59IN00274,1955114469,55,2,R4469,1,32,320,11,,09,25,,5,23,1,1,,094,11,,140,162,,,078,041,11,,090,1,,7491,1,46 32,0,,4,,1959,4.0
59IN00275,1955114471,55,2,R4471,1,21,210,11,,10,36,,5,37,1,4,,081,13,,108,136,,,085,036,11,,083,2,,3865,1,42 21,0,,4,,1959,4.0
59IN00276,1955114474,55,2,R4474,1,32,320,11,,07,25,,5,23,1,1,,090,10,,108,142,,,081,049,11,,111,2,,7491,1,26 32,0,,4,,1959,4.0
59IN00277,1955114486,55,2,R4486,1,34,340,11,,10,43,,5,,1,4,,074,09,,111,108,3,,084,041,11,1123,/:3,1,,3837,1,,,,4,,1959,4.0
59IN00278,1955114505,55,2,R4505,1,20,200,11,,09,30,3,5,29,1,4,,087,14,,137,162,,,096,057,11,,114,2,,3302,1,97 20,0,,4,,1959,4.0
59IN00279,1955114512,55,2,R4512,1,23,230,11,,09,19,,5,11,1,4,,084,15,,121,140,,,103,049,11,,104,2,,3856,1,28 23,0,,4,,1959,4.0
59IN00280,1955114514,55,2,R4514,1,20,200,11,,10,37,2,5,29,1,4,,078,15,,104,134,,,074,043,11,,091,2,,3302,1,83 20,0,,4,,1959,4.0
59IN00281,1955114534,55,2,R4534,1,27,270,11,,10,43,,5,,1,4,,081,14,,126,166,3,,084,039,11,1218,086,2,,3643,1,,,,4,,1959,4.0
59IN00282,1955114538,55,2,R4538,1,21,210,11,,08,37,,5,35,1,4,,080,15,,122,139,,,081,041,11,,094,2,,3865,1,03 21,0,,4,,1959,4.0
59IN00283,1955114548,55,2,R4548,1,32,321,11,,07,23,,5,42,1,1,,086,12,,123,144,,,068,031,11,,076,K,,3685,1,01 32,0,,4,,1959,4.0
59IN00284,1955114552,55,2,R4552,1,32,320,11,,11,25,,5,,1,1,,075,10,,,,6,,073,036,11,0501,082,2,,7491,1,,,,4,,1959,4.0
59IN00285,1955114575,55,2,R4575,1,27,270,11,,09,22,,5,,1,4,,078,09,,,,6,,078,039,11,0421,077,2,,3643,1,,,,4,,1959,4.0
59IN00286,1955114577,55,2,R4577,1,20,200,11,,09,20,1,5,26,1,4,,106,10,,137,173,,,076,059,11,,119,2,,3302,1,28 20,0,,4,,1959,4.0
59IN00287,1955114579,55,2,R4579,1,23,230,11,,09,17,,5,12,1,4,,086,15,,126,162,,,087,047,11,,094,2,,3856,1,77 23,0,,4,,1959,4.0
59IN00288,1955114585,55,1,R4585,1,27,270,11,,,26,5,5,,,,,,,,162,146,,,,,11,,144,2,,3643,1,,3425,1,4,,1959,4.0
59IN00289,1955114586,55,1,R4586,1,27,270,11,,,26,5,5,,,,,,,,146,175,3,,,,11,0801,166,2,,3643,1,207,3425,1,4,,1959,4.0
59IN00290,1955114590,55,2,R4590,1,24,240,11,,09,42,,5,30,1,1,,074,13,,113,135,,,088,044,11,,086,2,,3446,1,46 24,1,,4,,1959,4.0
59IN00291,1955114593,55,2,R4593,1,23,230,11,,10,18,,5,11,1,4,,076,14,,131,144,,,079,032,11,,069,2,,3856,1,31 23,0,,4,,1959,4.0
59IN00292,1955114600,55,2,R4600,1,20,200,11,,10,21,3,5,28,1,4,,091,10,,128,136,,,079,054,11,,112,2,,3302,1,20 20,0,,4,,1959,4.0
59IN00293,1956114610,56,1,R4610,1,20,200,11,,,31,3,4,,,,,,,,160,196,,,,,11,,161,2,,3302,1,225,3519,1,3,,1959,3.0
59IN00294,1956114611,56,2,R4611,1,20,200,11,,09,31,,4,,1,3,,063,13,,108,129,2,,077,037,11,0924,062,1,,3302,1,    1,9,,3,,1959,3.0
59IN00295,1956114612,56,1,R4612,1,32,320,11,,,29,1,4,,,,,,,,177,173,,,,,11,,155,2,,4164,1,227,4028,1,3,,1959,3.0
59IN00296,1956114616,56,2,R4616,1,19,190,11,,07,35,,4,,1,3,,076,15,,117,135,3,,078,030,11,1218,061,2,,4179,1,,,,3,,1959,3.0
59IN00297,1956114617,56,2,R4617,1,27,270,11,,09,37,1,4,29,1,3,,081,11,,121,142,,,078,031,11,,058,1,,3789,1,58 27,0,,3,,1959,3.0
59IN00298,1956114622,56,2,R4622,1,20,200,11,,09,31,,4,,1,3,,071,14,,114,150,2,,077,036,11,0924,074,1,,3302,1,    1,9,,3,,1959,3.0
59IN00299,1956114635,56,2,R4635,1,32,320,11,,08,16,,4,25,1,1,,085,10,,107,137,,,087,036,11,,069,2,,4164,1,40 32,0,,3,,1959,3.0
59IN00300,1956114643,56,2,R4643,1,27,270,11,,06,30,3,4,30,1,3,,082,09,,116,134,,,087,037,11,,070,1,,3789,1,30 27,0,,3,,1959,3.0
59IN00301,1956114645,56,1,R4645,1,20,200,11,,,20,1,4,,,,,,,,183,196,,,,,11,,183,2,,3302,1,231,2677,1,3,,1959,3.0
59IN00302,1956114646,56,2,R4646,1,20,200,11,,09,32,2,4,29,1,2,,079,14,,123,140,,,081,034,11,,080,1,,3302,1,80 20,0,,3,,1959,3.0
59IN00303,1956114650,56,1,R4650,1,21,210,11,,,26,1,4,,,,,,,,176,196,,,,,11,,185,2,,4328,1,230,3495,1,3,,1959,3.0
59IN00304,1956114654,56,1,R4654,1,32,321,11,,,12,5,4,,,,,,,,,,7,,,,11,0530,,,,7491,1,,3337,1,3,,1959,3.0
59IN00305,1956114657,56,1,R4657,1,32,320,11,,,17,3,4,,,,,,,,179,183,,,,,11,,197,2,,4164,1,245,3253,1,3,,1959,3.0
59IN00306,1956114668,56,1,R4668,1,27,270,11,,,24,5,4,,,,,,19,1,151,176,2,,,,11,0924,185,2,,3789,1,206,4109,1,3,,1959,3.0
59IN00307,1956114676,56,2,R4676,1,19,190,11,,08,26,,4,,1,1,,087,13,,92,104,3,,086,045,11,1123,083,2,,4179,1,,,,3,,1959,3.0
59IN00308,1956114679,56,2,R4679,1,32,321,11,,07,25,,4,26,1,1,,090,08,,118,150,,,084,036,11,,069,1,,7491,1,38 32,0,,3,,1959,3.0
59IN00309,1956114682,56,2,R4682,1,34,340,11,,08,33,,4,,1,3,,080,12,,111,139,2,,075,029,11,0924,065,1,,4079,1,    1,9,,3,,1959,3.0
59IN00310,1956114685,56,2,R4685,1,20,200,11,,07,37,,4,,1,3,,085,10,,117,148,2,,086,042,11,0924,076,1,,3302,1,    1,9,,3,,1959,3.0
59IN00311,1956114687,56,1,R4687,1,27,270,11,,,31,5,4,,,,,,,,168,194,,,,,11,,179,2,,3789,1,212,3413,1,3,,1959,3.0
59IN00312,1956114688,56,2,R4688,1,23,230,11,,07,17,,4,,1,3,,077,14,,117,146,2,,073,029,11,0924,060,1,,4169,1,    1,9,,3,,1959,3.0
59IN00313,1956114689,56,2,R4689,1,23,230,11,,05,23,,4,14,1,3,,101,14,,145,168,,,078,036,11,,083,1,,4169,1,08 23,0,,3,,1959,3.0
59IN00314,1956114691,56,2,R4691,1,23,230,11,,07,34,,4,,1,2,,087,14,,,,7,,078,041,11,0602,078,2,,4169,1,,,,3,,1959,3.0
59IN00315,1956114693,56,2,R4693,1,27,270,11,,09,36,2,4,31,1,3,,084,11,,118,134,,,073,044,11,,085,1,,3789,1,35 27,0,,3,,1959,3.0
59IN00316,1956114695,56,2,R4695,1,27,270,11,,06,35,1,4,30,1,3,,082,11,,115,133,,,077,029,11,,061,1,,3789,1,37 27,0,,3,,1959,3.0
59IN00317,1956114696,56,2,R4696,1,27,270,11,,08,35,3,4,30,1,3,,078,11,,103,135,,,074,027,11,,063,1,,3789,1,37 27,0,,3,,1959,3.0
59IN00318,1956114697,56,2,R4697,1,27,270,11,,08,37,2,4,29,1,3,,077,11,,137,134,,,079,031,11,,068,1,,3789,1,58 27,0,,3,,1959,3.0
59IN00319,1956114699,56,2,R4699,1,34,340,11,,08,45,,4,52,1,3,,084,09,,122,140,,,081,039,11,,081,2,,4079,1,38 34,0,,3,,1959,3.0
59IN00320,1956114703,56,2,R4703,1,24,240,11,,09,28,,4,,1,1,,068,09,,108,143,2,,086,032,11,0924,074,2,,4110,1,    1,9,,3,,1959,3.0
59IN00321,1956114708,56,1,R4708,1,19,190,11,,,30,1,4,,,,,,,,158,183,,,,,11,,172,2,,4179,1,216,4005,1,3,,1959,3.0
59IN00322,1956114711,56,1,R4711,1,32,320,11,,,30,3,4,,,,,,15,4,164,177,2,,,,11,0924,152,2,,4164,1,220,3816,1,3,,1959,3.0
59IN00323,1956114713,56,2,R4713,1,19,190,11,,07,26,,4,37,1,1,190,090,13,,118,148,,,075,032,11,,065,1,,4179,1,98 19,0,,3,,1959,3.0
59IN00324,1956114715,56,2,R4715,1,32,321,11,,05,25,,4,25,1,1,,090,12,,130,154,,,072,032,11,,071,1,,7491,1,90 32,0,,3,,1959,3.0
59IN00325,1956114719,56,2,R4719,1,32,320,11,,04,28,,4,,1,1,,092,11,,106,,7,,090,041,11,1001,078,1,,4164,1,,,,3,,1959,3.0
59IN00326,1956114720,56,2,R4720,1,23,230,11,,07,29,,4,14,1,2,,081,11,,112,128,,,070,033,11,,072,1,,4169,1,64 23,0,,3,,1959,3.0
59IN00327,1956114730,56,1,R4730,1,19,190,11,,,26,1,4,,,,,,16,9,162,187,2,,,,11,0924,166,2,,4179,1,211,3696,1,3,,1959,3.0
59IN00328,1956114737,56,2,R4737,1,21,210,11,,08,36,,4,35,1,3,,084,13,,113,138,,,094,038,11,,084,2,,4328,1,23 21,0,,3,,1959,3.0
59IN00329,1956114752,56,2,R4752,1,20,200,11,,05,23,1,4,27,1,3,,096,10,,141,157,,,090,051,11,,111,2,,3302,1,30 20,0,,3,,1959,3.0
59IN00330,1956114754,56,2,R4754,1,19,190,11,,08,24,,4,,1,3,,084,12,,122,155,2,,081,039,11,0924,088,1,,4179,1,    1,9,,3,,1959,3.0
59IN00331,1956114756,56,2,R4756,1,20,200,11,,05,21,3,4,27,1,1,,069,09,,127,128,,,082,046,11,,081,2,,3302,1,64 20,0,,3,,1959,3.0
59IN00332,1956114757,56,2,R4757,1,27,270,11,,08,31,1,4,28,1,3,,073,09,,114,124,,,076,031,11,,057,1,,3789,1,95 27,0,,3,,1959,3.0
59IN00333,1956114758,56,2,R4758,1,23,230,11,,08,33,,4,23,1,3,,077,14,,109,137,,,063,032,11,,066,K,,4169,1,23 23,0,,3,,1959,3.0
59IN00334,1956114768,56,2,R4768,1,19,190,11,,07,25,,4,36,1,3,190,083,15,,118,135,,,076,035,11,,080,2,,4179,1,54 19,0,,3,,1959,3.0
59IN00335,1956114774,56,1,R4774,1,27,270,11,,,31,,4,,,,,,,,172,186,3,,,,11,0801,167,2,,3789,1,204,,,3,,1959,3.0
59IN00336,1956114775,56,2,R4775,1,21,210,11,,08,34,,4,34,1,3,,077,11,,128,137,,,080,030,11,,073,2,,4328,1,94 21,0,,3,,1959,3.0
59IN00337,1956114777,56,2,R4777,1,24,240,11,,08,28,,4,32,1,1,,078,09,,109,129,,,076,039,11,,076,1,,4110,1,03 24,0,,3,,1959,3.0
59IN00338,1956114782,56,2,R4782,1,19,190,11,,08,32,,4,39,1,1,190,084,09,,119,152,,,077,037,11,,083,K,,4179,1,16 19,0,,3,,1959,3.0
59IN00339,1956114785,56,2,R4785,1,23,230,11,,05,20,,4,13,1,3,,090,14,,131,156,,,087,038,11,,084,2,,4169,1,64 23,0,,3,,1959,3.0
59IN00340,1956114787,56,2,R4787,1,23,230,11,,09,18,,4,13,1,3,,081,13,,132,144,,,082,034,11,,080,1,,4169,1,82 23,0,,3,,1959,3.0
59IN00341,1956114793,56,2,R4793,1,32,321,11,,05,19,,4,25,1,1,,097,11,,114,128,,,078,035,11,,068,1,,7491,1,82 32,0,,3,,1959,3.0
59IN00342,1956114799,56,1,R4799,1,27,270,11,,,35,1,4,,,,,,,,156,154,3,,,,11,0801,155,2,,3789,1,195,3015,1,3,,1959,3.0
59IN00343,1956114800,56,2,R4800,1,27,270,11,,07,30,3,4,30,1,3,,093,14,,136,155,,,078,041,11,,085,2,,3789,1,30 27,0,,3,,1959,3.0
59IN00344,1956114817,56,1,R4817,1,19,190,11,,,34,1,4,,,,,,,,113,174,2,,,,11,0924,143,2,,4179,1,211,3322,1,3,,1959,3.0
59IN00345,1957114832,57,2,R4832,1,34,340,11,,11,57,,3,,1,3,,070,11,,88,130,2,,085,041,11,0924,080,2,,4375,1,    1,9,,2,,1959,2.0
59IN00346,1957114834,57,2,R4834,1,20,200,11,,10,25,2,3,35,1,3,,084,13,,112,132,,,078,046,11,,108,2,,4150,1,34 20,0,,2,,1959,2.0
59IN00347,1957114835,57,2,R4835,1,24,240,11,,10,30,,3,,1,2,,092,10,,127,137,2,,075,038,11,0924,078,1,,4110,1,    1,9,,2,,1959,2.0
59IN00348,1957114836,57,2,R4836,1,34,341,11,,08,34,,3,44,1,4,,098,09,,121,139,,,078,047,11,,103,2,,4458,1,87 34,0,,2,,1959,2.0
59IN00349,1957114843,57,2,R4843,1,32,320,11,,08,18,,3,24,1,1,,107,10,,104,125,,,085,047,11,,103,2,,4520,1,02 32,0,,2,,1959,2.0
59IN00350,1957114848,57,2,R4848,1,19,190,11,,10,42,,3,43,1,1,190,086,09,,116,132,,,074,038,11,,068,2,,4179,1,98 19,0,,2,,1959,2.0
59IN00351,1957114851,57,2,R4851,1,19,190,11,,09,35,,3,,1,3,,093,09,,94,126,2,,075,039,11,0924,078,1,,4179,1,    1,9,,2,,1959,2.0
59IN00352,1957114854,57,2,R4854,1,32,320,11,,10,30,,3,,1,1,,086,09,,103,131,2,,071,035,11,0924,077,1,,4520,1,    1,9,,2,,1959,2.0
59IN00353,1957114857,57,2,R4857,1,23,230,11,,10,33,,3,,1,3,,093,11,,99,,7,,086,045,11,1001,093,2,,4169,1,,,,2,,1959,2.0
59IN00354,1957114862,57,2,R4862,1,34,341,11,,11,47,,3,42,1,4,,080,09,,97,127,,,087,039,11,,074,2,,4458,1,38 34,0,,2,,1959,2.0
59IN00355,1957114873,57,1,R4873,1,21,210,11,,,26,1,3,,,,,,,,156,184,,,,,11,,148,2,,4328,1,220,3495,1,2,,1959,2.0
59IN00356,1957114876,57,2,R4876,1,32,320,11,,08,22,,3,22,1,1,,093,11,,92,114,,,069,035,11,,076,2,,4520,1,20 32,0,,2,,1959,2.0
59IN00357,1957114881,57,2,R4881,1,23,230,11,,09,19,,3,02,1,2,,107,12,,131,154,,,076,049,11,,092,2,,4169,1,00 41,0,,2,,1959,2.0
59IN00358,1957114886,57,2,R4886,1,20,200,11,,12,32,1,3,37,1,2,,073,10,,102,112,,,081,041,11,,082,2,,4150,1,21 20,0,,2,,1959,2.0
59IN00359,1957114887,57,2,R4887,1,19,190,11,,10,35,,3,44,1,3,190,093,12,,98,138,,,075,040,11,,075,2,,4179,1,26 19,0,,2,,1959,2.0
59IN00360,1957114889,57,2,R4889,1,32,320,11,,09,26,,3,,1,1,,106,10,,,,6,,067,037,11,0512,091,2,,4520,1,,,,2,,1959,2.0
59IN00361,1957114893,57,2,R4893,1,32,321,11,,08,27,,3,23,1,1,,100,09,,108,140,,,070,030,11,,073,2,,4654,1,19 32,0,,2,,1959,2.0
59IN00362,1957114895,57,2,R4895,1,21,210,11,,12,39,,3,37,1,4,,071,10,,91,109,,,075,036,11,,085,2,,4328,1,18 21,0,,2,,1959,2.0
59IN00363,1957114899,57,1,R4899,1,20,200,11,,,28,3,3,,,,,,,,121,145,,,,,11,,132,2,,4150,1,204,3519,1,2,,1959,2.0
59IN00364,1957114904,57,2,R4904,1,23,230,11,,08,29,,3,14,1,4,,101,10,,117,128,,,075,043,11,,100,2,,4169,1,60 23,0,,2,,1959,2.0
59IN00365,1957114908,57,2,R4908,1,34,341,11,,12,43,,3,44,1,3,,069,09,,87,115,,,086,040,11,,075,2,,4458,1,56 34,0,,2,,1959,2.0
59IN00366,1957114913,57,2,R4913,1,20,200,11,,09,26,,3,,1,2,,087,09,,96,130,2,,082,046,11,0924,099,2,,4150,1,    1,9,,2,,1959,2.0
59IN00367,1957114914,57,2,R4914,1,23,230,11,,08,20,,3,13,1,3,,096,14,,113,142,,,073,047,11,,098,2,,4169,1,64 23,0,,2,,1959,2.0
59IN00368,1957114921,57,2,R4921,1,32,321,11,,10,22,,3,,1,1,,086,11,,108,138,2,,078,040,11,0924,086,2,,4654,1,    1,9,,2,,1959,2.0
59IN00369,1957114923,57,2,R4923,1,23,230,11,,10,38,,3,,1,4,,083,10,,92,124,2,,071,034,11,0924,076,2,,4169,1,    1,9,,2,,1959,2.0
59IN00370,1957114926,57,2,R4926,1,23,230,11,,09,22,,3,14,1,4,,103,12,,118,145,,,071,044,11,,090,2,,4169,1,01 23,0,,2,,1959,2.0
59IN00371,1957114927,57,1,R4927,1,20,200,11,,,27,5,3,,,,,,,,128,151,,,,,11,,154,2,,4150,1,199,3303,1,2,,1959,2.0
59IN00372,1957114928,57,2,R4928,1,20,200,11,,10,27,3,3,36,1,3,,086,10,,106,130,,,074,043,11,,089,2,,4150,1,70 20,0,,2,,1959,2.0
59IN00373,1957114932,57,2,R4932,1,34,341,11,,10,42,,3,44,1,3,,089,09,,106,143,,,077,040,11,,080,1,,4458,1,01 34,0,,2,,1959,2.0
59IN00374,1957114943,57,2,R4943,1,19,190,11,,10,31,,3,40,1,3,190,088,10,,111,133,,,074,039,11,,074,2,,4179,1,05 19,0,,2,,1959,2.0
59IN00375,1957114947,57,1,R4947,1,21,210,11,,,33,1,3,,,,,,,,126,,6,,,,11,0710,132,2,,4328,1,203,3452,1,2,,1959,2.0
59IN00376,1957114955,57,2,R4955,1,63,600,11,,09,,,3,,6,1,,102,09,,113,150,2,,074,053,11,0924,100,2,,4466,1,    1,9,,2,,1959,2.0
59IN00377,1957114966,57,2,R4966,1,63,610,11,,08,,,3,,6,4,,114,11,,124,154,2,,075,042,11,0924,102,2,,4585,1,    1,9,,2,,1959,2.0
59IN00378,1957114967,57,2,R4967,1,32,321,11,,09,23,,3,25,1,1,,102,09,,120,142,,,080,043,11,,090,2,,4654,1,97 32,0,,2,,1959,2.0
59IN00379,1957114971,57,2,R4971,1,34,340,11,,12,46,,3,47,1,3,,082,09,,92,118,,,079,042,11,,090,2,,4375,1,00 34,0,,2,,1959,2.0
59IN00380,1957114972,57,1,R4972,1,23,230,11,,,29,1,3,,,,,,,,153,188,,,,,11,,123,2,,4169,1,219,3586,1,2,,1959,2.0
59IN00381,1957114978,57,1,R4978,1,34,341,11,,,45,3,3,,,,,,16,8,114,144,2,,,,11,0924,141,2,,4458,1,226,3755,1,2,,1959,2.0
59IN00382,1957114981,57,2,R4981,1,23,230,11,,09,32,,3,,1,4,,094,12,,105,134,2,,075,042,11,0924,081,2,,4169,1,    1,9,,2,,1959,2.0
59IN00383,1957114986,57,2,R4986,1,21,210,11,,09,34,,3,34,1,3,,094,13,,106,121,,,079,053,11,,104,2,,4328,1,93 21,0,,2,,1959,2.0
59IN00384,1957114987,57,1,R4987,1,20,200,11,,,29,1,3,,,,,,,,144,170,,,,,11,,138,2,,4150,1,203,2832,1,2,,1959,2.0
59IN00385,1957114991,57,1,R4991,1,19,190,11,,,34,1,3,,,,,,17,0,130,150,2,,,,11,0924,139,2,,4179,1,208,4204,1,2,,1959,2.0
59IN00386,1957114996,57,2,R4996,1,21,210,11,,09,36,,3,35,1,2,,092,09,,116,142,,,087,047,11,,097,2,,4328,1,23 21,0,,2,,1959,2.0
59IN00387,1957114997,57,2,R4997,1,21,210,11,,10,30,,3,,1,4,,077,09,,91,122,2,,068,031,11,0924,070,2,,4328,1,    1,9,,2,,1959,2.0
59IN00388,1957114999,57,2,R4999,1,24,240,11,,10,23,,3,26,1,1,,078,10,,90,119,,,072,038,11,,081,2,,4110,1,37 24,1,,2,,1959,2.0
59IN00389,1957115000,57,2,R5000,1,21,210,11,,12,35,,3,38,1,2,,074,09,,130,114,,,076,032,11,,069,1,,4328,1,15 21,0,,2,,1959,2.0
59IN00390,1957115004,57,1,R5004,1,20,200,11,,,28,1,3,,,,,,,,137,166,,,,,11,,139,2,,4150,1,204,4514,1,2,,1959,2.0
59IN00391,1957115005,57,2,R5005,1,20,200,11,,11,23,,3,,1,1,,076,13,,86,118,2,,080,036,11,0924,077,2,,4150,1,    2,6,,2,,1959,2.0
59IN00392,1957115006,57,2,R5006,1,24,240,11,,09,24,,3,30,1,1,,083,13,,94,124,,,069,036,11,,085,2,,4110,1,11 24,0,,2,,1959,2.0
59IN00393,1957115007,57,2,R5007,1,24,240,11,,09,24,,3,,1,1,,090,09,,113,125,3,,078,033,11,1123,078,2,,4110,1,,,,2,,1959,2.0
59IN00394,1957115009,57,2,R5009,1,23,230,11,,08,23,,3,14,1,3,,099,13,,126,158,,,073,039,11,,079,2,,4169,1,08 23,0,,2,,1959,2.0
59IN00395,1957115016,57,1,R5016,1,32,321,11,,,22,1,3,,,,,,15,3,170,202,2,,,,11,0924,139,2,,4654,1,217,3939,1,2,,1959,2.0
59IN00396,1957115017,57,1,R5017,1,20,200,11,,,26,1,3,,,,,,17,2,122,148,2,,,,11,0924,158,2,,4150,1,198,4600,1,2,,1959,2.0
59IN00397,1957115021,57,2,R5021,1,32,320,11,,08,22,,3,25,1,1,,097,09,,113,132,,,065,035,11,,074,2,,4520,1,03 32,0,,2,,1959,2.0
59IN00398,1957115023,57,2,R5023,1,24,240,11,,09,22,,3,,1,1,,084,10,,98,,3,,075,038,11,1218,083,2,,4110,1,   24,1,,2,,1959,2.0
59IN00399,1957115024,57,2,R5024,1,32,321,11,,08,22,,3,23,1,1,,098,10,,123,139,,,073,047,11,,095,2,,4654,1,86 32,0,,2,,1959,2.0
59IN00400,1957115028,57,1,R5028,1,20,200,11,,,24,1,3,,,,,,,,137,158,,,,,11,,141,2,,4150,1,215,2522,1,2,,1959,2.0
59IN00401,1958115030,58,2,R5030,1,32,320,11,,08,18,,2,30,1,1,  4,096,12,,96,120,,,085,039,11,,105,2,,4657,1,46 32,0,,1,,1959,1.0
59IN00402,1958115035,58,2,R5035,1,24,240,11,,10,33,,2,31,1,1,  2,094,12,,94,120,,,085,037,11,,119,3,,4766,1,29 24,0,,1,,1959,1.0
59IN00403,1958115036,58,1,R5036,1,24,240,11,,,33,3,2,,,,,,,,131,153,,,,,11,,143,3,,4766,1,211,4340,1,1,,1959,1.0
59IN00404,1958115037,58,2,R5037,1,27,270,11,,07,30,2,2,38,1,1,  1,100,09,,100,124,,,083,038,11,,111,2,,4585,1,56 27,0,,1,,1959,1.0
59IN00405,1958115038,58,1,R5038,1,27,270,11,,,31,5,2,,,,,,,,141,164,,,,,11,,153,2,,4585,1,238,3745,1,1,,1959,1.0
59IN00406,1958115039,58,2,R5039,1,27,270,11,,08,31,1,2,47,1,3,  1,089,09,,89,111,,,067,028,11,,091,2,,4585,1,18 27,0,,1,,1959,1.0
59IN00407,1958115046,58,2,R5046,1,24,240,11,,09,30,,2,34,1,1,  2,082,12,,82,100,,,084,043,11,,123,2,,4766,1,09 24,1,,1,,1959,1.0
59IN00408,1958115055,58,1,R5055,1,24,240,11,,,19,1,2,,,,,,,,148,160,,,,,11,,117,2,,4766,1,228,3124,1,1,,1959,1.0
59IN00409,1958115056,58,2,R5056,1,23,230,11,,09,53,,2,16,1,4,  1,091,13,,91,123,,,068,036,11,,094,2,,4169,1,74 23,0,,1,,1959,1.0
59IN00410,1958115058,58,1,R5058,1,32,320,11,,,23,1,2,,,,,,,,126,138,,,,,11,,114,2,,4657,1,230,4548,1,1,,1959,1.0
59IN00411,1958115059,58,2,R5059,1,32,320,11,,07,20,,2,31,1,1,  2,092,13,,92,118,,,087,048,11,,113,2,,4657,1,57 32,0,,1,,1959,1.0
59IN00412,1958115060,58,2,R5060,1,32,320,11,,08,20,,2,31,1,1,  4,086,11,,86,115,,,082,042,11,,102,2,,4657,1,57 32,0,,1,,1959,1.0
59IN00413,1958115062,58,2,R5062,1,21,210,11,,11,33,,2,40,1,3,  2,071,09,,71,94,,,077,034,11,,097,2,,4650,1,94 21,0,,1,,1959,1.0
59IN00414,1958115063,58,2,R5063,1,20,200,11,,10,31,2,2,33,1,3,  2,074,09,,74,108,,,082,037,11,,099,2,,4377,1,86 20,0,,1,,1959,1.0
59IN00415,1958115064,58,2,R5064,1,20,200,11,,12,40,,2,,1,2,  1,062,12,,62,79,3,,078,035,11,1123,081,2,,4377,1,,,,1,,1959,1.0
59IN00416,1958115065,58,2,R5065,1,23,230,11,,09,17,,2,13,1,2,  1,097,10,,97,125,,,080,030,11,,089,2,,4169,1,32 23,0,,1,,1959,1.0
59IN00417,1958115068,58,2,R5068,1,21,210,11,,07,33,,2,38,1,4,  1,086,12,,86,109,,,081,045,11,,119,2,,4650,1,49 21,0,,1,,1959,1.0
59IN00418,1958115070,58,2,R5070,1,34,341,11,,12,42,,2,50,1,3,  1,069,14,,69,97,,,076,037,11,,089,2,,4079,1,96 34,0,,1,,1959,1.0
59IN00419,1958115073,58,2,R5073,1,19,190,11,,09,33,,2,43,1,3,190,093,09,,93,114,,,075,041,11,,093,2,,4817,1,92 19,0,,1,,1959,1.0
59IN00420,1958115074,58,2,R5074,1,27,270,11,,09,30,3,2,38,1,3,  2,086,12,,86,119,,,083,040,11,,097,3,,4585,1,53 27,0,,1,,1959,1.0
59IN00421,1958115077,58,2,R5077,1,20,200,11,,12,38,1,2,33,1,3,  2,077,12,,77,104,,,064,027,11,,082,2,,4377,1,44 20,0,,1,,1959,1.0
59IN00422,1958115079,58,2,R5079,1,24,240,11,,09,31,,2,31,1,1,  2,100,13,,100,129,,,078,040,11,,135,2,,4766,1,79 24,0,,1,,1959,1.0
59IN00423,1958115083,58,2,R5083,1,20,200,11,,10,26,3,2,32,1,3,  1,071,09,,71,104,,,085,043,11,,120,3,,4377,1,87 20,0,,1,,1959,1.0
59IN00424,1958115085,58,2,R5085,1,20,200,11,,10,33,2,2,34,1,3,  3,072,13,,72,95,,,082,030,11,,083,2,,4377,1,73 20,0,,1,,1959,1.0
59IN00425,1958115090,58,2,R5090,1,19,190,11,,08,33,,2,42,1,3,190,103,09,,103,131,,,076,041,11,,105,2,,4817,1,82 19,0,,1,,1959,1.0
59IN00426,1958115091,58,2,R5091,1,64,630,11,,07,,,2,,5,1,  1,094,08,,94,124,2,,082,055,11,0924,112,2,,1857,2,    2,2,,1,,1959,1.0
59IN00427,1958115098,58,2,R5098,1,19,190,11,,07,29,,2,40,1,3,190,091,12,,91,125,,,065,032,11,,084,2,,4817,1,75 19,0,,1,,1959,1.0
59IN00428,1958115101,58,2,R5101,1,34,341,11,,09,39,,2,49,1,3,  1,075,11,,75,98,,,077,033,11,,092,2,,4079,1,43 34,0,,1,,1959,1.0
59IN00429,1958115102,58,1,R5102,1,34,341,11,,,46,1,2,,,,,,,,134,147,,,,,11,,103,2,,4079,1,233,3755,1,1,,1959,1.0
59IN00430,1958115103,58,2,R5103,1,32,320,11,,09,28,,2,32,1,1,  2,087,13,,87,120,,,094,050,11,,113,2,,4657,1,93 32,0,,1,,1959,1.0
59IN00431,1958115106,58,2,R5106,1,20,200,11,,10,35,1,2,32,1,1,  2,078,14,,78,105,,,089,045,11,,107,3,,4377,1,19 20,0,,1,,1959,1.0
59IN00432,1958115108,58,2,R5108,1,23,230,11,,08,37,,2,16,1,3,  2,094,14,,94,118,,,074,034,11,,095,2,,4169,1,72 23,0,,1,,1959,1.0
59IN00433,1958115110,58,2,R5110,1,23,230,11,,11,42,,2,,1,3,  2,078,13,,78,116,2,,077,027,11,0924,087,2,,4169,1,    1,8,,1,,1959,1.0
59IN00434,1958115113,58,1,R5113,1,32,321,11,,,25,1,2,,,,,,,,131,152,,,,,11,,122,3,,5016,1,223,3965,1,1,,1959,1.0
59IN00435,1958115114,58,1,R5114,1,64,660,11,,,,1,2,,,,,,13,9,120,135,2,,,,11,0924,108,3,,3195,2,211,4771,1,1,,1959,1.0
59IN00436,1958115117,58,1,R5117,1,27,270,11,,,38,5,2,,,,,,,,119,137,,,,,11,,108,2,,4585,1,228,4483,1,1,,1959,1.0
59IN00437,1958115121,58,1,R5121,1,24,240,11,,,43,1,2,,,,,,16,7,108,128,2,,,,11,0924,088,2,,4766,1,222,4590,1,1,,1959,1.0
59IN00438,1958115125,58,1,R5125,1,32,321,11,,,26,1,2,,,,,,,,103,151,3,,,,11,0801,098,2,,5016,1,205,4049,1,1,,1959,1.0
59IN00439,1958115126,58,1,R5126,1,19,190,11,,,29,1,2,,,,,,,,112,133,,,,,11,,086,2,,4817,1,215,3696,1,1,,1959,1.0
59IN00440,1958115127,58,2,R5127,1,32,320,11,,08,20,,2,31,1,1,  2,098,09,,98,124,,,089,047,11,,120,2,,4657,1,72 32,0,,1,,1959,1.0
59IN00441,1958115128,58,2,R5128,1,24,240,11,,10,28,,2,32,1,1,  2,074,13,,74,111,,,076,030,11,,095,2,,4766,1,65 24,1,,1,,1959,1.0
59IN00442,1958115131,58,2,R5131,1,24,240,11,,09,32,,2,31,1,1,  2,088,12,,88,122,,,081,038,11,,119,2,,4766,1,62 24,0,,1,,1959,1.0
59IN00443,1958115132,58,2,R5132,1,34,340,11,,11,43,,2,44,1,4,  1,078,10,,78,104,,,089,047,11,,102,4,,4458,1,35 34,0,,1,,1959,1.0
59IN00444,1958115133,58,1,R5133,1,34,340,11,,,43,5,2,,,,,,,,88,111,3,,,,11,0801,084,2,,4458,1,213,3468,1,1,,1959,1.0
59IN00445,1958115135,58,2,R5135,1,32,321,11,,09,23,,2,25,1,1,  2,102,11,,102,134,,,079,045,11,,118,2,,5016,1,03 32,0,,1,,1959,1.0
59IN00446,1958115138,58,2,R5138,1,19,190,11,,09,38,,2,45,1,3,190,092,09,,92,114,,,077,031,11,,070,2,,4817,1,82 19,0,,1,,1959,1.0
59IN00447,1958115139,58,2,R5139,1,32,321,11,,06,20,,2,25,1,1,  2,124,12,,124,140,,,074,039,11,,112,2,,5016,1,42 32,0,,1,,1959,1.0
59IN00448,1958115140,58,1,R5140,1,32,320,11,,,18,1,2,,,,,,14,0,118,121,2,,,,11,0924,138,4,,4657,1,221,3235,1,1,,1959,1.0
59IN00449,1958115141,58,1,R5141,1,24,240,11,,,22,1,2,,,,,,,,138,156,,,,,11,,137,2,,4766,1,214,3456,1,1,,1959,1.0
59IN00450,1958115142,58,2,R5142,1,32,321,11,,06,24,,2,,1,1,  4,095,11,,95,123,2,,059,028,11,0924,085,J,,5016,1,    1,8,,1,,1959,1.0
59IN00451,1958115143,58,1,R5143,1,20,200,11,,,35,1,2,,,,,,,,76,94,,,,,11,,062,1,,4377,1,193,4772,1,1,,1959,1.0
59IN00452,1958115144,58,2,R5144,1,23,230,11,,09,35,,2,16,1,2,  2,092,12,,92,120,,,068,026,11,,088,2,,4169,1,86 23,0,,1,,1959,1.0
59IN00453,1958115145,58,2,R5145,1,23,230,11,,07,35,,2,16,1,4,  2,104,12,,104,126,,,076,034,11,,108,2,,4169,1,86 23,0,,1,,1959,1.0
59IN00454,1958115146,58,1,R5146,1,32,321,11,,,29,5,2,,,,,,14,1,120,140,2,,,,11,0924,094,1,,5016,1,213,4241,1,1,,1959,1.0
59IN00455,1958115148,58,1,R5148,1,20,200,11,,,32,1,2,,,,,,,,,,6,,,,11,0310,,,,4377,1,,3434,1,1,,1959,1.0
59IN00456,1958115149,58,1,R5149,1,32,321,11,,,25,1,2,,,,,,,,118,135,3,,,,11,0801,092,1,,5016,1,215,4518,1,1,,1959,1.0
59IN00457,1958115155,58,1,R5155,1,24,240,11,,,27,5,2,,,,,,,,114,132,3,,,,11,0801,107,2,,4766,1,223,3577,1,1,,1959,1.0
59IN00458,1958115157,58,1,R5157,1,34,340,11,,,45,1,2,,,,,,,,120,133,,,,,11,,116,2,,4458,1,233,4797,1,1,,1959,1.0
59IN00459,1958115162,58,1,R5162,1,19,190,11,,,29,5,2,,,,,,,,112,136,3,,,,11,0801,080,2,,4817,1,212,3893,1,1,,1959,1.0
59IN00460,1958115164,58,1,R5164,1,23,230,11,,,44,5,2,,,,,,,,108,133,3,,,,11,0801,064,1,,4169,1,213,4689,1,1,,1959,1.0
59IN00461,1958115165,58,2,R5165,1,23,230,11,,10,44,,2,15,1,3,  4,087,13,,87,110,,,080,031,11,,100,2,,4169,1,41 23,0,,1,,1959,1.0
59IN00462,1958115167,58,2,R5167,1,32,321,11,,07,25,,2,24,1,1,  1,096,12,,96,131,,,083,043,11,,106,2,,5016,1,33 32,0,,1,,1959,1.0
59IN00463,1958115171,58,1,R5171,1,20,200,11,,,35,1,2,,,,,,,,113,122,,,,,11,,117,2,,4377,1,208,3303,1,1,,1959,1.0
59IN00464,1958115175,58,1,R5175,1,23,230,11,,,38,1,2,,,,,,,,127,148,,,,,11,,075,2,,4169,1,224,4086,1,1,,1959,1.0
59IN00465,1956910122,56,1,00122,1,,,91,,,,,4,,,,,,,,194,226,,,,,91,,210,2,,,,,,,3,,1959,3.0
59IN00466,1958115176,58,1,R5176,1,27,270,11,,,29,3,2,,,,,,,,109,133,,,,,11,,095,2,,4585,1,180,4294,1,1,,1959,1.0
59IN00467,1958115177,58,1,R5177,1,27,270,11,,,29,3,2,,,,,,,,128,141,,,,,11,,113,2,,4585,1,224,4294,1,1,,1959,1.0
59IN00468,1958115179,58,2,R5179,1,21,210,11,,12,45,,2,,1,3,  3,071,11,,71,,6,,083,030,11,0820,083,2,,4650,1,,,,1,,1959,1.0
59IN00469,1958115180,58,1,R5180,1,20,200,11,,,29,1,2,,,,,,,,,,7,,,,11,0530,,,,4377,1,,3910,1,1,,1959,1.0
59IN00470,1958115181,58,2,R5181,1,34,340,11,,09,44,,2,48,1,4,  2,071,09,,71,97,,,093,038,11,,079,2,,4458,1,48 34,0,,1,,1959,1.0
59IN00471,1958115183,58,2,R5183,1,32,321,11,,09,27,,2,24,1,1,  4,091,09,,91,114,,,075,035,11,,105,2,,5016,1,84 32,0,,1,,1959,1.0
59IN00472,1958115185,58,2,R5185,1,27,270,11,,09,27,2,2,37,1,3,  2,084,09,,84,95,,,079,029,11,,085,2,,4585,1,01 27,0,,1,,1959,1.0
59IN00473,1958115186,58,2,R5186,1,21,210,11,,09,31,,2,39,1,3,  2,080,08,,80,114,,,075,034,11,,093,2,,4650,1,00 21,0,,1,,1959,1.0
59IN00474,1958115187,58,1,R5187,1,21,210,11,,,31,5,2,,,,,,16,5,104,142,2,,,,11,0924,085,2,,4650,1,217,4037,1,1,,1959,1.0
59IN00475,1958115188,58,1,R5188,1,21,210,11,,,30,5,2,,,,,,,,133,145,,,,,11,,117,2,,4650,1,224,4433,1,1,,1959,1.0
59IN00476,1958115190,58,1,R5190,1,32,320,11,,,18,1,2,,,,,,,,132,121,3,,,,11,0801,097,2,,4657,1,220,4284,1,1,,1959,1.0
59IN00477,1958115192,58,1,R5192,1,27,270,11,,,28,4,2,,,,,,,,122,142,,,,,11,,112,2,,4585,1,223,3801,1,1,,1959,1.0
59IN00478,1958115195,58,1,R5195,1,64,640,11,,,,1,2,,,,,,13,8,122,150,2,,,,11,0924,115,2,,3387,2,210,4660,1,1,,1959,1.0
59IN00479,1958115197,58,2,R5197,1,27,270,11,,10,28,1,2,37,1,4,  1,082,06,,82,98,,,084,030,11,,067,2,,4585,1,86 27,0,,1,,1959,1.0
59IN00480,1958115199,58,1,R5199,1,32,321,11,,,26,3,2,,,,,,16,6,139,150,2,,,,11,0924,090,2,,5016,1,223,3901,1,1,,1959,1.0
59IN00481,1958115200,58,2,R5200,1,32,321,11,,08,26,,2,28,1,1,  1,094,08,,94,122,,,077,039,11,,090,2,,5016,1,33 32,0,,1,,1959,1.0
59IN00482,1958115203,58,2,R5203,1,19,190,11,,11,34,,2,44,1,3,190,082,13,,82,118,,,077,039,11,,107,2,,4817,1,35 19,0,,1,,1959,1.0
59IN00483,1958115205,58,2,R5205,1,34,340,11,,10,47,,2,42,1,3,  1,078,09,,78,100,,,081,042,11,,092,2,,4458,1,38 34,0,,1,,1959,1.0
59IN00484,1958115206,58,1,R5206,1,32,321,11,,,18,5,2,,,,,,,,118,136,3,,,,11,0801,098,2,,5016,1,213,3538,1,1,,1959,1.0
59IN00485,1958115209,58,2,R5209,1,23,230,11,,08,29,,2,14,1,4,  1,103,11,,103,129,,,078,037,11,,116,2,,4169,1,60 23,0,,1,,1959,1.0
59IN00486,1958115211,58,2,R5211,1,23,230,11,,11,25,,2,,1,4,  1,073,12,,73,99,2,,072,028,11,0924,073,2,,4169,1,    1,8,,1,,1959,1.0
59IN00487,1958115212,58,1,R5212,1,27,270,11,,,37,1,2,,,,,,,,121,138,,,,,11,,113,2,,4585,1,218,4370,1,1,,1959,1.0
59IN00488,1958115213,58,1,R5213,1,21,210,11,,,30,1,2,,,,,,,,99,128,3,,,,11,0801,096,2,,4650,1,212,3452,1,1,,1959,1.0
59IN00489,1958115214,58,2,R5214,1,23,230,11,,09,24,,2,14,1,1,  2,086,13,,86,120,,,065,042,11,,095,2,,4169,1,22 23,0,,1,,1959,1.0
59IN00490,1958115215,58,2,R5215,1,00,000,11,,08,,,2,,0,5,  1,094,09,,94,122,2,,092,046,11,0924,100,2,,,,    2,4,,1,,1959,1.0
59IN00491,1958115217,58,2,R5217,1,27,270,11,,10,33,3,2,38,1,3,  1,076,11,,76,98,,,073,034,11,,088,2,,4585,1,38 27,0,,1,,1959,1.0
59IN00492,1958115223,58,1,R5223,1,19,190,11,,,40,1,2,,,,,,,,118,144,,,,,11,,120,2,,4817,1,229,4616,1,1,,1959,1.0
59IN00493,1953910118,53,1,00118,1,,,91,,,,,7,,,,,,,,,,6,,,,91,0530,,,,,,,,,6,,1959,6.0
59IN00494,1951140016,51,2,X0016,2,35,350,14,,09,14,,9,,1,3,,079,15,,118,138,3,,073,036,14,1218,071,2,,0893,2,,,,8,,1959,8.0
59IN00495,1951140070,51,2,X0070,2,50,501,14,,08,08,,9,,1,3,,088,14,,133,159,2,,082,044,14,0924,082,2,,0243,2,    3,2,,8,,1959,8.0
59IN00496,1951140086,51,2,X0086,2,49,491,14,,09,18,,9,,1,3,,081,14,,126,140,6,,079,056,14,1215,100,2,,0445,2,   49,0,,8,,1959,8.0
59IN00497,1951140098,51,2,X0098,2,39,390,14,,10,00,,9,14,1,4,,088,15,,133,148,,,084,068,14,,123,2,,1766,1,87 39,1,,8,,1959,8.0
59IN00498,1951140099,51,2,X0099,2,50,500,14,,08,19,,9,,1,3,,083,12,,118,152,2,,073,041,14,0924,082,2,,9987,2,    3,2,,8,,1959,8.0
59IN00499,1951140138,51,2,X0138,2,51,510,14,,08,15,,9,2=,1,4,,082,09,,102,110,,,075,043,14,,084,2,,0664,2,'7 51,1,,8,,1959,8.0
59IN00500,1951140139,51,2,X0139,2,51,510,14,,08,15,,9,20,1,3,,076,09,,112,,,,073,036,14,,066,2,,0664,2,47 51,0,,8,,1959,8.0
59IN00501,1951140207,51,2,X0207,2,46,460,14,,08,12,,9,19,1,4,,082,15,,122,134,,,071,050,14,,088,2,,0872,2,33 46,0,,8,,1959,8.0
59IN00502,1951140218,51,2,X0218,2,37,370,14,,09,17,,9,01,1,3,,071,16,,107,135,,,076,044,14,,094,2,,0589,2,83 37,0,,8,,1959,8.0
59IN00503,1951140334,51,2,X0334,2,54,540,14,,07,14,,9,,1,1,,080,11,,113,138,2,,076,042,14,0924,076,2,,0346,2,    3,2,,8,,1959,8.0
59IN00504,1952140396,52,1,X0396,2,39,390,14,,,03,1,8,,,,,,,,192,207,3,,,,14,0801,177,2,,1972,2,231,8160,2,7,,1959,7.0
59IN00505,1952140429,52,2,X0429,2,39,390,14,,07,04,,8,15,1,3,,085,16,,124,143,,,077,052,14,,120,2,,1972,2,49 39,0,,7,,1959,7.0
59IN00506,1952140432,52,2,X0432,2,44,441,14,,07,13,,8,15,1,3,,093,16,,138,154,,,084,053,14,,120,2,,1046,2,59 44,1,,7,,1959,7.0
59IN00507,1952140433,52,2,X0433,2,46,460,14,,09,27,,8,,1,3,,073,15,,121,,6,,063,035,14,0825,071,2,,0238,2,,,,7,,1959,7.0
59IN00508,1952140481,52,2,X0481,2,46,460,14,,08,36,,8,27,1,3,,070,15,,103,144,,,071,045,14,,084,2,,0238,2,09 46,1,,7,,1959,7.0
59IN00509,1952140501,52,2,X0501,2,46,460,14,,07,22,,8,,1,3,,086,15,,127,148,3,,082,054,14,1218,100,2,,0238,2,,,,7,,1959,7.0
59IN00510,1952140522,52,2,X0522,2,54,540,14,,08,08,,8,,1,1,,077,13,,109,145,2,,083,047,14,0924,101,2,,9240,2,    3,1,,7,,1959,7.0
59IN00511,1952140526,52,2,X0526,2,45,450,14,,09,13,,8,,1,4,,071,13,,118,148,2,,073,036,14,0924,080,2,,0378,2,    3,1,,7,,1959,7.0
59IN00512,1952140536,52,2,X0536,2,51,511,14,,07,30,,8,22,1,3,,078,08,,122,129,,,069,037,14,,108,2,,0474,2,91 51,0,,7,,1959,7.0
59IN00513,1952140545,52,2,X0545,2,36,360,14,,06,22,,8,,1,3,,088,14,,123,140,2,,074,044,14,0924,119,2,,0450,2,    3,1,,7,,1959,7.0
59IN00514,1952140555,52,2,X0555,2,50,501,14,,07,11,,8,24,1,3,,098,12,,158,184,,,077,046,14,,105,2,,0243,2,20 50,0,,7,,1959,7.0
59IN00515,1952140569,52,2,X0569,2,37,370,14,,07,21,,8,,1,3,,082,09,,130,142,2,,072,039,14,0924,097,2,,0589,2,    3,1,,7,,1959,7.0
59IN00516,1952140582,52,2,X0582,2,53,530,14,,06,12,2,8,10,1,1,,076,11,,113,141,2,,073,030,14,0924,081,2,,9992,2,25 53,0,,7,,1959,7.0
59IN00517,1952140611,52,2,X0611,2,49,491,14,,08,16,,8,,1,3,,079,15,,,,6,,070,040,14,0414,101,2,,8697,2,,,,7,,1959,7.0
59IN00518,1952140627,52,2,X0627,2,44,441,14,,08,14,,8,,1,1,,079,15,,122,152,2,,075,040,14,0924,086,2,,1046,2,    3,1,,7,,1959,7.0
59IN00519,1952140655,52,2,X0655,2,46,460,14,,07,18,,8,30,1,4,,088,10,,142,160,,,078,045,14,,097,2,,0238,2,62 46,0,,7,,1959,7.0
59IN00520,1952140668,52,2,X0668,2,47,470,14,,11,12,,8,,1,4,,075,15,,127,143,2,,068,033,14,0924,076,2,,1176,2,    3,1,,7,,1959,7.0
59IN00521,1952140680,52,2,X0680,2,49,491,14,,07,12,,8,18,1,4,,100,14,,152,171,,,066,038,14,,106,2,,8697,2,90 49,1,,7,,1959,7.0
59IN00522,1952140682,52,2,X0682,2,49,491,14,,06,12,,8,22,1,4,,093,15,,124,139,,,073,049,14,,116,2,,8697,2,19 49,0,,7,,1959,7.0
59IN00523,1952140723,52,2,X0723,2,46,460,14,,06,19,,8,25,1,3,,079,12,,122,144,,,073,038,14,,075,2,,0238,2,34 46,1,,7,,1959,7.0
59IN00524,1952140734,52,2,X0734,2,51,511,14,,08,39,,8,27,1,3,,087,10,,120,130,,,057,038,14,,070,2,,0474,2,33 51,1,,7,,1959,7.0
59IN00525,1952140735,52,2,X0735,2,49,491,14,,07,15,,8,16,1,4,,088,14,,127,152,,,079,042,14,,101,2,,8697,2,29 49,1,,7,,1959,7.0
59IN00526,1952140738,52,2,X0738,2,35,350,14,,08,20,,8,,1,3,,089,09,,123,152,3,,070,040,14,1218,090,2,,0874,2,,,,7,,1959,7.0
59IN00527,1950130753,50,2,W0753,2,54,540,13,,06,06,,0,,1,5,,092,13,,,,6,,077,045,13,0502,089,2,,8560,2,,,,9,,1959,9.0
59IN00528,1952140757,52,2,X0757,2,54,540,14,,09,17,2,8,21,1,3,,068,15,,112,124,,,072,033,14,,065,2,,9240,2,94 54,0,,7,,1959,7.0
59IN00529,1952140817,52,2,X0817,2,49,491,14,,08,09,,8,18,1,3,,076,14,,137,152,,,071,041,14,,081,2,,8697,2,26 49,0,,7,,1959,7.0
59IN00530,1952140839,52,2,X0839,2,46,460,14,,07,21,,8,,1,4,,088,15,,123,154,,,072,043,14,,079,2,,0238,2,   24,5,,7,,1959,7.0
59IN00531,1950130859,50,2,W0859,2,53,530,13,,07,20,,0,,1,4,,078,11,,,,6,,083, 34,13,0502,077,2,,9777,2,,,,9,,1959,9.0
59IN00532,1952140862,52,2,X0862,2,46,460,14,,06,22,,8,32,1,3,,093,10,,145,167,,,075,046,14,,092,2,,0238,2,88 46,0,,7,,1959,7.0
59IN00533,1953140879,53,2,X0879,2,44,440,14,,07,16,,7,39,1,1,,078,09,,118,150,,,072,042,14,,080,2,,1556,2,16 44,0,,6,,1959,6.0
59IN00534,1953140881,53,2,X0881,2,26,260,14,,08,27,,7,,1,4,,083,09,,127,,6,,066,044,14,0920,110,2,,1822,2,,,,6,,1959,6.0
59IN00535,1953140897,53,2,X0897,2,28,280,14,,07,10,,7,23,1,3,,077,16,,124,138,,,071,042,14,,097,2,,9634,2,18 28,0,,6,,1959,6.0
59IN00536,1950130901,50,2,W0901,2,39,390,13,,08,00,,0,,1,3,,081,14,,141,170,3,,082, 40,13,1218,083,1,,1766,1,,,,9,,1959,9.0
59IN00537,1953140906,53,2,X0906,2,50,501,14,,07,24,,7,28,1,3,,076,14,,125,146,,,065,033,14,,075,2,,0058,2,07 50,0,,6,,1959,6.0
59IN00538,1950130907,50,2,W0907,2,39,390,13,,07,00,,0,,1,3,,092,13,,120,161,3,,083, 51,13,1218,113,2,,1766,1,,,,9,,1959,9.0
59IN00539,1953140914,53,2,X0914,2,53,530,14,,09,08,,7,,1,1,,065,16,,116,140,2,,070,037,14,0924,090,2,,1309,2,    3,0,,6,,1959,6.0
59IN00540,1953140925,53,2,X0925,2,49,491,14,,06,37,,7,19,1,5,,088,16,,148,180,,,059,044,14,,107,2,,1979,2,90 49,1,,6,,1959,6.0
59IN00541,1953140941,53,2,X0941,2,28,280,14,,08,24,,7,,1,3,,080,16,,132,,6,,074,048,14,0920,113,2,,9634,2,,,,6,,1959,6.0
59IN00542,1953140943,53,2,X0943,2,26,260,14,,08,18,,7,25,1,3,,081,09,,142,138,,,066,037,14,,102,2,,1822,2,31 26,0,,6,,1959,6.0
59IN00543,1953140949,53,2,X0949,2,39,390,14,,08,04,,7,13,1,4,,088,16,,124,157,,,076,042,14,,106,2,,1516,2,70 39,1,,6,,1959,6.0
59IN00544,1953140952,53,2,X0952,2,49,490,14,,07,17,,7,19,1,3,,078,11,,111,140,,,079,045,14,,103,2,,1771,2,87 49,0,,6,,1959,6.0
59IN00545,1953140956,53,2,X0956,2,45,450,14,,09,16,,7,,1,3,,088,16,,147,166,6,,078,041,14,1130,088,2,,1790,2,   45,0,,6,,1959,6.0
59IN00546,1953140978,53,2,X0978,2,51,510,14,,08,19,,7,,1,3,,073,13,,128,139,,,061,033,14,,082,2,,0069,2,   29,5,,6,,1959,6.0
59IN00547,1953140990,53,2,X0990,2,45,450,14,,07,15,,7,,1,3,,086,12,,135,158,3,,072,039,14,1218,089,2,,1790,2,,,,6,,1959,6.0
59IN00548,1953140992,53,2,X0992,2,46,460,14,,08,24,,7,,1,4,,084,11,,120,139,,,074,043,14,,094,2,,1853,2,   24,4,,6,,1959,6.0
59IN00549,1953140995,53,2,X0995,2,22,220,14,,06,22,,7,33,1,4,,088,09,,124,140,,,070,039,14,,107,2,,0241,2,61 22,0,,6,,1959,6.0
59IN00550,1953141007,53,2,X1007,2,26,260,14,,08,37,,7,,1,3,,078,08,,115,127,2,,065,031,14,0924,076,2,,1822,2,    3,0,,6,,1959,6.0
59IN00551,1953141014,53,2,X1014,2,51,511,14,,07,23,,7,21,1,3,,073,09,,128,145,,,074,036,14,,093,2,,0213,2,33 51,0,,6,,1959,6.0
59IN00552,1953141020,53,2,X1020,2,39,390,14,,07,07,,7,,1,3,,086,12,,132,167,,,078,047,14,,102,2,,1516,2,   37,5,,6,,1959,6.0
59IN00553,1953141024,53,2,X1024,2,44,440,14,,09,17,,7,,1,1,,090,15,,136,158,2,,075,041,14,0924,107,2,,1556,2,    3,0,,6,,1959,6.0
59IN00554,1953141035,53,2,X1035,2,51,511,14,,07,17,,7,,1,3,,071,09,,131,135,,,069,033,14,,069,2,,0213,2,   29,4,,6,,1959,6.0
59IN00555,1953141046,53,2,X1046,2,49,490,14,,08,19,,7,,1,3,,074,12,,135,149,,,071,038,14,,102,2,,1771,2,   25,5,,6,,1959,6.0
59IN00556,1953141050,53,2,X1050,2,37,370,14,,07,21,,7,01,1,3,,068,12,,118,129,,,070,035,14,,072,2,,1876,2,72 37,1,,6,,1959,6.0
59IN00557,1953141054,53,2,X1054,2,47,470,14,,09,14,,7,,1,3,,080,15,,108,,6,,075,045,14,0920,092,2,,1604,2,,,,6,,1959,6.0
59IN00558,1953141075,53,2,X1075,2,47,470,14,,08,23,,7,29,1,4,,090,13,,147,170,,,072,042,14,,122,2,,1604,2,77 47,0,,6,,1959,6.0
59IN00559,1953141100,53,2,X1100,2,40,400,14,,08,19,,7,,1,3,,074,09,,126,148,3,,057,032,14,1218,090,2,,1354,2,,,,6,,1959,6.0
59IN00560,1953141104,53,2,X1104,2,37,370,14,,07,22,,7,01,1,3,,067,15,,114,129,,,082,034,14,,090,2,,1876,2,58 37,0,,6,,1959,6.0
59IN00561,1953141105,53,2,X1105,2,50,501,14,,08,17,,7,19,1,3,,083,15,,128,145,,,061,038,14,,077,2,,0058,2,63 50,0,,6,,1959,6.0
59IN00562,1953141134,53,2,X1134,2,44,440,14,,10,17,,7,24,1,1,,096,14,,127,144,,,081,040,14,,105,2,,1556,2,56 44,0,,6,,1959,6.0
59IN00563,1953141135,53,2,X1135,2,22,220,14,,10,31,,7,34,1,3,,096,15,,153,160,,,064,034,14,,095,2,,0241,2,36 22,0,,6,,1959,6.0
59IN00564,1953141149,53,2,X1149,2,50,501,14,,08,23,,7,26,1,3,,087,12,,127,145,,,073,037,14,,086,2,,0058,2,51 50,0,,6,,1959,6.0
59IN00565,1953141159,53,2,X1159,2,45,450,14,,10,16,,7,04,1,5,,071,16,,113,140,,,070,037,14,,084,2,,1790,2,41 45,0,,6,,1959,6.0
59IN00566,1953141193,53,2,X1193,2,39,390,14,,10,07,,7,15,1,3,,072,16,,107,137,,,074,044,14,,102,2,,1516,2,88 39,0,,6,,1959,6.0
59IN00567,1953141203,53,2,X1203,2,22,220,14,,08,19,,7,,1,4,,067,09,,123,147,2,,065,029,14,0924,080,2,,0241,2,    3,0,,6,,1959,6.0
59IN00568,1953141216,53,2,X1216,2,54,540,14,,05,16,1,7,11,1,1,,078,12,,132,151,,,062,030,14,,082,2,,0991,2,93 54,0,,6,,1959,6.0
59IN00569,1953141234,53,2,X1234,2,35,351,14,,07,23,,7,18,1,3,,074,16,,113,130,,,063,028,14,,085,2,,0048,2,38 35,0,,6,,1959,6.0
59IN00570,1953141245,53,2,X1245,2,35,350,14,,10,17,,7,23,1,3,,057,15,,116,,,,064,025,14,,067,2,,1521,2,74 35,0,,6,,1959,6.0
59IN00571,1953141246,53,2,X1246,2,54,540,14,,08,09,3,7,14,1,1,,082,11,,127,142,,,072,034,14,,086,2,,0991,2,72 54,0,,6,,1959,6.0
59IN00572,1950131266,50,2,W1266,2,54,540,13,,07,06,,0,,1,1,,083,14,,120,150,2,,074, 36,13,0924,092,2,,8560,2,    3,2,,9,,1959,9.0
59IN00573,1953141280,53,2,X1280,2,37,370,14,,08,23,,7,,1,3,,075,15,,117,132,2,,070,036,14,0924,101,2,,1876,2,    3,0,,6,,1959,6.0
59IN00574,1953141283,53,2,X1283,2,37,370,14,,09,32,,7,,1,3,,070,15,,112,128,2,,066,031,14,0924,075,2,,1876,2,    3,0,,6,,1959,6.0
59IN00575,1953141284,53,2,X1284,2,49,491,14,,08,13,,7,20,1,3,,086,14,,130,159,,,070,037,14,,099,2,,1979,2,06 49,1,,6,,1959,6.0
59IN00576,1953141298,53,2,X1298,2,50,501,14,,07,17,,7,24,1,3,,075,15,,122,141,,,068,037,14,,080,2,,0058,2,15 50,0,,6,,1959,6.0
59IN00577,1950131324,50,2,W1324,2,35,350,13,,08,14,,0,,1,3,,075,14,,110,141,2,,074, 33,13,0924,077,2,,9360,2,    3,2,,9,,1959,9.0
59IN00578,1953141330,53,2,X1330,2,54,540,14,,07,16,2,7,15,1,1,,093,11,,124,150,,,069,040,14,,079,2,,0991,2,69 54,0,,6,,1959,6.0
59IN00579,1953141353,53,2,X1353,2,49,490,14,,09,20,,7,,1,3,,072,16,,123,145,,,068,038,14,,101,2,,1771,2,   25,4,,6,,1959,6.0
59IN00580,1953141368,53,2,X1368,2,25,250,14,,07,24,,7,00,1,3,,071,09,,130,142,,,061,026,14,,068,2,,1762,2,00 25,0,,6,,1959,6.0
59IN00581,1953141377,53,2,X1377,2,39,390,14,,09,07,,7,14,1,3,,076,15,,108,143,,,060,036,14,,080,2,,1516,2,90 39,1,,6,,1959,6.0
59IN00582,1953141389,53,2,X1389,2,22,220,14,,11,23,,7,,1,3,,071,11,,128,153,2,,057,023,14,0924,076,2,,0241,2,    3,0,,6,,1959,6.0
59IN00583,1953141404,53,2,X1404,2,53,530,14,,07,11,,7,,1,1,,071,15,,116,146,2,,072,036,14,0924,092,2,,1309,2,    3,0,,6,,1959,6.0
59IN00584,1953141419,53,2,X1419,2,39,391,14,,07,10,,7,,1,4,,084,15,,124,140,,,075,036,14,,082,2,,1637,2,   37,4,,6,,1959,6.0
59IN00585,1953141422,53,2,X1422,2,45,450,14,,09,23,,7,04,1,4,,078,16,,134,157,,,071,042,14,,098,2,,1790,2,31 45,0,,6,,1959,6.0
59IN00586,1953141444,53,2,X1444,2,40,401,14,,11,21,,7,29,1,4,,071,12,,123,148,,,064,030,14,,095,2,,1929,2,43 40,0,,6,,1959,6.0
59IN00587,1953141449,53,2,X1449,2,25,251,14,,09,26,,7,00,1,3,,078,13,,126,142,,,072,035,14,,112,2,,0259,2,00 25,1,,6,,1959,6.0
59IN00588,1953141459,53,2,X1459,2,35,350,14,,08,14,,7,47,1,3,,076,16,,107,140,,,072,042,14,,098,2,,1521,2,25 35,0,,6,,1959,6.0
59IN00589,1953141470,53,1,X1470,2,51,510,14,,,21,1,7,,,,,,,,165,173,3,,,,14,0801,156,2,,0069,2,205,0101,2,6,,1959,6.0
59IN00590,1953141484,53,2,X1484,2,29,290,14,,10,20,,7,,1,3,,072,10,,136,154,2,,067,033,14,0924,101,2,,1940,2,    3,0,,6,,1959,6.0
59IN00591,1953141506,53,2,X1506,2,26,261,14,,08,24,,7,,1,1,,079,10,,141,157,2,,055,030,14,0924,074,2,,0933,2,    3,0,,6,,1959,6.0
59IN00592,1953141527,53,2,X1527,2,29,290,14,,09,22,,7,,1,3,,071,13,,143,158,2,,056,028,14,0924,077,2,,1940,2,    3,0,,6,,1959,6.0
59IN00593,1951131532,51,2,W1532,2,22,220,13,,06,23,,9,31,1,3,,095,10,,137,135,,,071,048,13,,102,2,,0241,2,03 22,0,,8,,1959,8.0
59IN00594,1954141532,54,2,X1532,2,39,390,14,,09,13,,6,,1,3,,078,14,,110,172,,,085, 55,14,,108,2,,0396,2,   29,5,,5,,1959,5.0
59IN00595,1954141545,54,2,X1545,2,50,500,14,,06,14,,6,17,1,3,,095,15,,130,146,,,089, 37,14,,074,2,,0705,2,55 50,0,,5,,1959,5.0
59IN00596,1954141549,54,2,X1549,2,49,491,14,,07,10,,6,18,1,4,,076,15,,118,135,,,074, 53,14,,127,2,,1771,2,82 49,0,,5,,1959,5.0
59IN00597,1954141552,54,2,X1552,2,54,540,14,,08,16,1,6,17,1,1,,077,15,,115,141,,,070, 40,14,,077,2,,1930,2,89 54,0,,5,,1959,5.0
59IN00598,1954141563,54,2,X1563,2,50,501,14,,07,26,,6,34,1,3,,078,15,,122,135,,,067, 34,14,,081,2,,0412,2,56 50,0,,5,,1959,5.0
59IN00599,1954141575,54,1,X1575,2,46,460,14,,,34,2,6,,,,,,,,168,190,,,,,14,,069,2,,0693,2,204,0481,2,5,,1959,5.0
59IN00600,1954141580,54,2,X1580,2,22,220,14,,05,21,,6,30,1,3,,092,12,,140,149,,,071, 45,14,,104,2,,0546,2,84 22,0,,5,,1959,5.0
59IN00601,1951131586,51,2,W1586,2,39,390,13,,07,00,,9,,1,3,,090,13,,137,151,3,,082,056,13,1218,108,2,,1766,1,,,,8,,1959,8.0
59IN00602,1951131593,51,2,W1593,2,51,511,13,,06,17,,9,,1,3,,083,10,,117,,2,,074,041,13,0924,097,2,,0202,2,    3,2,,8,,1959,8.0
59IN00603,1951131595,51,2,W1595,2,45,450,13,,07,12,,9,,1,3,,080,15,,128,144,2,,083,046,13,0924,090,2,,0271,2,    3,2,,8,,1959,8.0
59IN00604,1954141606,54,2,X1606,2,26,261,14,,07,18,,6,25,1,3,,088,13,,123,138,,,077, 44,14,,112,2,,1822,2,31 26,0,,5,,1959,5.0
59IN00605,1954141612,54,2,X1612,2,50,500,14,,08,14,,6,18,1,3,,085,15,,135,142,,,090, 53,14,,111,2,,0705,2,82 50,0,,5,,1959,5.0
59IN00606,1954141626,54,2,X1626,2,54,540,14,,08,23,,6,,1,1,,080,09,,111,132,2,,078, 40,14,0924,095,2,,1930,2,    2,9,,5,,1959,5.0
59IN00607,1951131632,51,2,W1632,2,51,511,13,,08,13,,9,01,1,1,,082,09,,106,138,,,071,046,13,,095,2,,0202,2,04 41,0,,8,,1959,8.0
59IN00608,1954141636,54,2,X1636,2,53,530,14,,06,08,,6,,1,1,,083,10,,,,6,,077, 39,14,0528,086,2,,1692,2,,,,5,,1959,5.0
59IN00609,1954141637,54,2,X1637,2,35,351,14,,11,18,,6,21,1,3,,073,16,,112,142,,,079, 38,14,,075,2,,0781,2,28 35,0,,5,,1959,5.0
59IN00610,1954141647,54,2,X1647,2,53,530,14,,08,10,,6,,1,1,,080,12,,121,151,6,,080, 49,14,1101,097,2,,1692,2,,,,5,,1959,5.0
59IN00611,1954141648,54,2,X1648,2,29,290,14,,07,,,6,13,1,1,,092,08,,126,160,,,078, 49,14,,116,2,,6698,3,55 41,0,,5,,1959,5.0
59IN00612,1954141659,54,2,X1659,2,26,260,14,,09,23,,6,,1,3,,076,16,,121,140,2,,077, 38,14,0924,092,2,,0502,2,    2,9,,5,,1959,5.0
59IN00613,1954141663,54,2,X1663,2,46,460,14,,06,33,,6,,1,3,,082,09,,133,167,3,,067, 40,14,1218,082,2,,0693,2,,,,5,,1959,5.0
59IN00614,1954141669,54,2,X1669,2,29,290,14,,07,,,6,,1,1,,083,10,,94,,6,,080, 36,14,0920,078,2,,6698,3,,,,5,,1959,5.0
59IN00615,1954141676,54,4,X1676,2,,,14,,,,,6,,,,,,,,154,172,3,,,,14,0609,,,,,,,,,5,,1959,5.0
59IN00616,1954141677,54,2,X1677,2,53,530,14,,05,08,,6,,1,1,,075,15,,127,140,2,,072, 42,14,0924,082,2,,1692,2,    2,9,,5,,1959,5.0
59IN00617,1954141683,54,2,X1683,2,37,370,14,,08,01,,6,15,1,1,,085,15,,137,156,,,090, 54,14,,105,2,,3480,1,99 37,1,,5,,1959,5.0
59IN00618,1954141688,54,2,X1688,2,44,440,14,,08,14,,6,01,1,1,,092,12,,150,135,,,075, 42,14,,113,2,,0431,2,96 41,0,,5,,1959,5.0
59IN00619,1954141690,54,2,X1690,2,36,361,14,,09,31,,6,35,1,3,,075,15,,113,132,,,072, 34,14,,098,2,,0838,2,63 36,0,,5,,1959,5.0
59IN00620,1954141692,54,2,X1692,2,50,501,14,,08,31,,6,,1,3,,076,14,,113,144,2,,074, 35,14,0924,075,2,,0412,2,    2,9,,5,,1959,5.0
59IN00621,1954141698,54,2,X1698,2,25,250,14,,08,00,,6,00,1,5,,086,13,,114,153,,,090, 47,14,,104,2,,5055,1,00 25,0,,5,,1959,5.0
59IN00622,1954141704,54,2,X1704,2,50,500,14,,07,25,,6,11,1,3,,078,15,,111,138,,,078, 42,14,,088,2,,0705,2,39 50,0,,5,,1959,5.0
59IN00623,1954141705,54,1,X1705,2,50,501,14,,,29,1,6,,,,,,,,147,157,,,,,14,,099,2,,0412,2,194,1843,2,5,,1959,5.0
59IN00624,1954141714,54,1,X1714,2,39,390,14,,,12,1,6,,,,,,,,198,203,,,,,14,,167,2,,0396,2,237,1557,2,5,,1959,5.0
59IN00625,1954141735,54,2,X1735,2,46,460,14,,08,22,,6,27,1,3,,095,15,,144,179,,,073, 51,14,,109,2,,0693,2,21 46,1,,5,,1959,5.0
59IN00626,1951131742,51,2,W1742,2,49,490,13,,07,12,,9,15,1,3,,082,15,,126,148,,,078,049,13,,096,2,,0054,2,65 49,0,,8,,1959,8.0
59IN00627,1954141755,54,1,X1755,2,37,370,14,,,,3,6,,,,,,,,200,210,,,,,14,,161,2,,3480,1,230,0213,2,5,,1959,5.0
59IN00628,1954141762,54,2,X1762,2,29,290,14,,08,,,6,,1,3,,084,13,,113,139,2,,075, 34,14,0924,088,2,,6698,3,    2,9,,5,,1959,5.0
59IN00629,1954141769,54,2,X1769,2,49,490,14,,07,16,,6,30,1,4,,084,15,,133,160,,,073, 41,14,,093,2,,0410,2,94 49,1,,5,,1959,5.0
59IN00630,1954141774,54,2,X1774,2,26,261,14,,08,18,,6,,1,3,,070,14,,132,,6,,068, 31,14,0710,071,2,,1822,2,,,,5,,1959,5.0
59IN00631,1954141775,54,2,X1775,2,26,261,14,,07,18,,6,23,1,3,,070,12,,115,135,,,062, 29,14,,072,2,,1822,2,74 26,0,,5,,1959,5.0
59IN00632,1954141781,54,2,X1781,2,46,460,14,,10,27,,6,36,1,3,,061,10,,124,125,,,071, 33,14,,067,2,,0693,2,33 46,0,,5,,1959,5.0
59IN00633,1954141784,54,2,X1784,2,49,490,14,,08,18,,6,16,1,3,,077,16,,132,148,,,066, 33,14,,075,2,,0410,2,64 49,1,,5,,1959,5.0
59IN00634,1954141786,54,2,X1786,2,49,490,14,,06,13,,6,23,1,1,,090,15,,134,154,,,072, 39,14,,107,2,,0410,2,54 49,0,,5,,1959,5.0
59IN00635,1954141800,54,2,X1800,2,26,261,14,,09,27,,6,24,1,4,,076,13,,110,130,,,064, 40,14,,119,2,,1822,2,79 26,0,,5,,1959,5.0
59IN00636,1954141805,54,2,X1805,2,53,530,14,,05,07,1,6,18,1,1,,086,14,,121,136,,,089, 50,14,,093,2,,1692,2,03 53,0,,5,,1959,5.0
59IN00637,1954141810,54,2,X1810,2,44,441,14,,08,17,,6,,1,1,,096,14,,140,168,3,,089, 40,14,1218,100,2,,1395,2,,,,5,,1959,5.0
59IN00638,1951131819,51,2,W1819,2,51,510,13,,08,26,,9,25,1,3,,077,14,,122,146,,,065,036,13,,081,2,,0664,2,43 51,0,,8,,1959,8.0
59IN00639,1954141830,54,2,X1830,2,40,400,14,,08,25,,6,27,1,3,,082,10,,144,155,,,087, 37,14,,098,2,,0714,2,30 40,0,,5,,1959,5.0
59IN00640,1954141836,54,2,X1836,2,44,441,14,,10,21,,6,,1,3,,086,14,,117,131,2,,061, 26,14,0924,078,2,,1395,2,    2,9,,5,,1959,5.0
59IN00641,1954141838,54,2,X1838,2,25,250,14,,08,00,,6,00,1,4,,090,14,,127,156,,,080, 44,14,,082,2,,5055,1,00 25,1,,5,,1959,5.0
59IN00642,1954141848,54,2,X1848,2,39,390,14,,09,11,,6,,1,3,,077,15,,136,149,,,072, 41,14,,112,2,,0396,2,   29,4,,5,,1959,5.0
59IN00643,1951131857,51,2,W1857,2,29,290,13,,07,23,,9,,1,3,,096,10,,145,174,2,,075,035,13,0924,079,2,,9389,2,    3,2,,8,,1959,8.0
59IN00644,1954141857,54,1,X1857,2,53,530,14,,,06,1,6,,,,,,,,192,195,,,,,14,,175,5,,1692,2,243,8969,2,5,,1959,5.0
59IN00645,1954141860,54,2,X1860,2,45,450,14,,08,00,,6,,1,4,,074,15,,132,147,2,,077, 36,14,0924,077,2,,1828,1,    2,9,,5,,1959,5.0
59IN00646,1954141884,54,2,X1884,2,25,250,14,,09,00,,6,00,1,3,,092,15,,137,178,,,085, 43,14,,098,2,,5055,1,00 25,0,,5,,1959,5.0
59IN00647,1954141889,54,2,X1889,2,45,450,14,,07,00,,6,02,1,4,,084,15,,101,121,,,082, 39,14,,100,2,,1828,1,40 45,0,,5,,1959,5.0
59IN00648,1954141899,54,2,X1899,2,36,360,14,,07,23,,6,25,1,4,,089,11,,131,154,,,082, 47,14,,122,2,,0604,2,62 36,0,,5,,1959,5.0
59IN00649,1954141933,54,2,X1933,2,53,530,14,,09,11,3,6,19,1,1,,073,15,,114,133,,,073, 36,14,,077,2,,1692,2,14 53,0,,5,,1959,5.0
59IN00650,1954141943,54,2,X1943,2,49,490,14,,07,16,,6,,1,3,,081,14,,111,129,,,060, 35,14,,083,2,,0410,2,   24,5,,5,,1959,5.0
59IN00651,1954141945,54,2,X1945,2,49,491,14,,09,14,,6,21,1,3,,067,16,,147,147,,,062, 27,14,,075,2,,1771,2,49 49,1,,5,,1959,5.0
59IN00652,1954141947,54,2,X1947,2,25,250,14,,05,00,,6,00,1,4,,090,08,,137,168,,,086, 49,14,,099,2,,5055,1,00 25,1,,5,,1959,5.0
59IN00653,1954141949,54,2,X1949,2,29,290,14,,07,,,6,,1,1,,071,09,,141,134,2,,092, 44,14,0924,089,2,,6698,3,    2,9,,5,,1959,5.0
59IN00654,1951131955,51,2,W1955,2,22,220,13,,08,30,,9,,1,3,,083,14,,118,130,2,,065,036,13,0924,081,2,,0241,2,    3,2,,8,,1959,8.0
59IN00655,1954141967,54,2,X1967,2,47,470,14,,08,26,,6,22,1,3,,086,11,,128,140,,,095, 43,14,,093,2,,0603,2,14 47,0,,5,,1959,5.0
59IN00656,1951131975,51,2,W1975,2,39,390,13,,10,00,,9,,1,4,,076,15,,118,140,2,,077,045,13,0924,074,2,,1766,1,    3,2,,8,,1959,8.0
59IN00657,1954142005,54,2,X2005,2,53,530,14,,08,07,2,6,19,1,1,,071,16,,112,143,,,077, 34,14,,080,2,,1692,2,69 53,0,,5,,1959,5.0
59IN00658,1954142007,54,2,X2007,2,36,361,14,,09,23,,6,43,1,3,,077,10,,124,148,,,077, 44,14,,106,2,,0838,2,74 36,0,,5,,1959,5.0
59IN00659,1954142031,54,2,X2031,2,46,461,14,,07,33,,6,,1,5,,074,15,,136,155,,,065, 34,14,,084,2,,1853,2,   37,5,,5,,1959,5.0
59IN00660,1954142052,54,2,X2052,2,49,491,14,,09,18,,6,,1,4,,077,15,,136,165,,,077, 34,14,,083,2,,1771,2,   24,4,,5,,1959,5.0
59IN00661,1954142060,54,2,X2060,2,22,220,14,,09,28,,6,32,1,3,,072,16,,126,139,,,069, 36,14,,080,2,,0546,2,41 22,0,,5,,1959,5.0
59IN00662,1954142064,54,2,X2064,2,44,441,14,,08,18,,6,24,1,1,,085,12,,109,129,,,075, 36,14,,098,2,,1395,2,47 44,0,,5,,1959,5.0
59IN00663,1954142082,54,2,X2082,2,25,250,14,,08,00,,6,,1,3,,093,15,,120,,6,,088, 50,14,0920,119,2,,5055,1,,,,5,,1959,5.0
59IN00664,1954142092,54,1,X2092,2,36,360,14,,,27,1,6,,,,,,,,192,206,3,,,,14,0801,154,2,,0604,2,231,0118,2,5,,1959,5.0
59IN00665,1954142097,54,2,X2097,2,46,461,14,,07,24,,6,25,1,4,,072,15,,102,122,,,067, 38,14,,087,2,,1853,2,02 46,1,,5,,1959,5.0
59IN00666,1954142122,54,2,X2122,2,45,450,14,,08,00,,6,,1,3,,078,14,,113,138,2,,087, 46,14,0924,100,2,,1828,1,    2,9,,5,,1959,5.0
59IN00667,1954142126,54,1,X2126,2,29,290,14,,,,3,6,,,,,,,,197,198,6,,,,14,1101,189,3,,6698,3,239,0349,2,5,,1959,5.0
59IN00668,1954142131,54,2,X2131,2,35,351,14,,08,09,,6,,1,4,,092,12,,133,166,2,,083, 36,14,0924,079,2,,0781,2,    2,9,,5,,1959,5.0
59IN00669,1954142151,54,2,X2151,2,39,390,14,,08,14,,6,,1,3,,076,14,,105,130,3,,074, 41,14,1221,099,2,,0396,2,,,,5,,1959,5.0
59IN00670,1954142162,54,2,X2162,2,44,440,14,,08,13,,6,,1,1,,088,14,,143,128,6,,074, 40,14,1201,103,2,,0431,2,,,,5,,1959,5.0
59IN00671,1954142166,54,2,X2166,2,51,510,14,,06,09,,6,,1,4,,081,09,,132,148,6,,072, 39,14,0920,098,2,,0875,2,   25,5,,5,,1959,5.0
59IN00672,1954142169,54,2,X2169,2,35,351,14,,07,20,,6,,1,4,,086,15,,118,146,3,,068, 34,14,1218,079,2,,0781,2,,,,5,,1959,5.0
59IN00673,1954142171,54,2,X2171,2,46,461,14,,10,24,,6,,1,3,,077,13,,134,154,,,078, 37,14,,094,2,,1853,2,   37,4,,5,,1959,5.0
59IN00674,1954142187,54,2,X2187,2,51,510,14,,07,23,,6,,1,3,,080,15,,116,138,3,,069, 32,14,1218,077,2,,0875,2,,,,5,,1959,5.0
59IN00675,1954142193,54,2,X2193,2,29,290,14,,08,,,6,15,1,1,,087,09,,140,174,,,075, 41,14,,120,2,,6698,3,82 29,1,,5,,1959,5.0
59IN00676,1954142194,54,2,X2194,2,49,490,14,,08,19,,6,,1,3,,081,11,,,,6,,070, 33,14,0217,082,2,,0410,2,,,,5,,1959,5.0
59IN00677,1954142204,54,2,X2204,2,51,510,14,,08,26,,6,19,1,3,,078,12,,121,160,,,069, 35,14,,091,2,,0875,2,69 51,1,,5,,1959,5.0
59IN00678,1954142207,54,2,X2207,2,45,450,14,,10,00,,6,02,1,3,,070,16,,125,155,,,082, 36,14,,079,2,,1828,1,15 45,0,,5,,1959,5.0
59IN00679,1954142210,54,2,X2210,2,35,351,14,,08,26,,6,,1,1,,066,16,,112,127,2,,065, 28,14,0924,060,2,,0781,2,    2,9,,5,,1959,5.0
59IN00680,1954142212,54,2,X2212,2,54,540,14,,06,10,3,6,15,1,1,,083,13,,134,158,,,065, 35,14,,081,2,,1930,2,13 54,0,,5,,1959,5.0
59IN00681,1954142226,54,2,X2226,2,47,470,14,,09,16,,6,,1,4,,065,15,,113,115,3,,081, 39,14,1221,077,2,,0603,2,,,,5,,1959,5.0
59IN00682,1954142230,54,2,X2230,2,51,510,14,,06,24,,6,,1,3,,075,09,,123,134,,,069, 33,14,,081,2,,0875,2,   25,4,,5,,1959,5.0
59IN00683,1954142236,54,2,X2236,2,29,290,14,,07,,,6,,1,3,,080,10,,132,160,2,,073, 33,14,0924,077,2,,6698,3,    2,9,,5,,1959,5.0
59IN00684,1954142238,54,2,X2238,2,46,461,14,,08,13,,6,18,1,3,,076,14,,122,144,,,076, 38,14,,083,2,,1853,2,88 46,0,,5,,1959,5.0
59IN00685,1954142241,54,2,X2241,2,45,450,14,,11,00,,6,02,1,4,,070,15,,108,134,,,078, 36,14,,080,2,,1828,1,25 45,0,,5,,1959,5.0
59IN00686,1954142247,54,2,X2247,2,51,511,14,,08,18,,6,44,1,3,,071,14,,114,130,,,080, 40,14,,079,2,,0069,2,05 51,0,,5,,1959,5.0
59IN00687,1955142248,55,2,X2248,2,35,351,14,,09,17,,5,,1,2,,084,15,,,,6,,079,039,14,0502,094,2,,0781,2,,,,4,,1959,4.0
59IN00688,1955142252,55,2,X2252,2,29,290,14,,08,,,5,18,1,1,,096,10,,128,155,,,092,058,14,,129,2,,7166,3,05 29,0,,4,,1959,4.0
59IN00689,1955142253,55,2,X2253,2,29,290,14,,08,,,5,18,1,1,,105,09,,151,170,,,091,056,14,,131,2,,7166,3,84 29,1,,4,,1959,4.0
59IN00690,1955142255,55,2,X2255,2,39,390,14,,09,13,,5,,1,4,,085,11,,126,,7,,077,047,14,1001,098,2,,0396,2,,,,4,,1959,4.0
59IN00691,1955142266,55,2,X2266,2,36,360,14,,08,27,,5,,1,4,,087,09,,119,142,2,,077,035,14,0924,088,2,,0939,2,    2,8,,4,,1959,4.0
59IN00692,1955142269,55,2,X2269,2,26,261,14,,10,23,,5,,1,4,,096,09,,137,169,2,,090,047,14,0924,122,2,,1505,2,    2,8,,4,,1959,4.0
59IN00693,1955142272,55,2,X2272,2,29,290,14,,08,,,5,,1,1,,097,10,,158,175,2,,093,051,14,0924,113,2,,7166,3,    2,8,,4,,1959,4.0
59IN00694,1955142278,55,2,X2278,2,40,400,14,,09,18,,5,23,1,5,,077,09,,112,130,,,072,032,14,,088,2,,1209,2,02 40,0,,4,,1959,4.0
59IN00695,1955142279,55,2,X2279,2,29,290,14,,07,,,5,17,1,4,,093,14,,152,166,,,090,050,14,,115,2,,7166,3,10 29,0,,4,,1959,4.0
59IN00696,1955142285,55,2,X2285,2,49,490,14,,09,20,,5,,1,4,,097,09,,,,6,,083,055,14,0105,120,2,,1037,2,,,,4,,1959,4.0
59IN00697,1955142295,55,2,X2295,2,22,220,14,,09,32,,5,34,1,3,,078,10,,117,130,,,077,039,14,,093,1,,0546,2,24 22,0,,4,,1959,4.0
59IN00698,1955142300,55,2,X2300,2,49,490,14,,07,15,,5,,1,3,,084,10,,128,144,,,081,034,14,,086,1,,1037,2,   37,5,,4,,1959,4.0
59IN00699,1955142310,55,2,X2310,2,47,470,14,,08,18,,5,32,1,4,,083,12,,119,155,,,093,043,14,,095,2,,1604,2,79 47,0,,4,,1959,4.0
59IN00700,1955142319,55,2,X2319,2,50,500,14,,09,30,,5,,1,3,,087,10,,91,,7,,085,038,14,1001,082,2,,0412,2,,,,4,,1959,4.0
59IN00701,1955142321,55,2,X2321,2,36,360,14,,09,28,,5,,1,4,,080,10,,113,,7,,077,037,14,1001,085,2,,0939,2,,,,4,,1959,4.0
59IN00702,1955142323,55,2,X2323,2,26,261,14,,07,17,,5,,1,3,,090,09,,122,130,3,,089,056,14,1123,132,2,,1505,2,,,,4,,1959,4.0
59IN00703,1955142332,55,2,X2332,2,54,540,14,,08,11,2,5,27,1,1,,086,12,,114,144,,,085,048,14,,105,2,,0549,2,51 54,0,,4,,1959,4.0
59IN00704,1955142337,55,2,X2337,2,35,350,14,,09,21,,5,18,1,4,,092,14,,108,140,,,066,036,14,,085,2,,0511,2,09 35,0,,4,,1959,4.0
59IN00705,1955142339,55,2,X2339,2,54,540,14,,08,11,,5,,1,1,,086,11,,106,,6,,084,041,14,0920,099,2,,0549,2,,,,4,,1959,4.0
59IN00706,1955142344,55,2,X2344,2,22,220,14,,10,33,,5,32,1,4,,098,11,,148,178,,,074,046,14,,106,2,,0546,2,95 22,0,,4,,1959,4.0
59IN00707,1955142350,55,2,X2350,2,50,500,14,,08,30,,5,,1,5,,086,10,,122,138,2,,086,038,14,0924,074,2,,0412,2,    2,8,,4,,1959,4.0
59IN00708,1955142356,55,2,X2356,2,28,280,14,,09,24,,5,32,1,4,,089,14,,130,143,,,090,049,14,,099,2,,0908,2,21 28,0,,4,,1959,4.0
59IN00709,1955142359,55,2,X2359,2,28,280,14,,11,15,,5,,1,4,,076,14,,119,139,3,,069,044,14,1218,097,2,,0908,2,,,,4,,1959,4.0
59IN00710,1955142366,55,2,X2366,2,25,250,14,,07,00,,5,00,1,3,,090,08,,120,144,,,096,044,14,,095,2,,5055,1,00 25,0,,4,,1959,4.0
59IN00711,1955142373,55,2,X2373,2,49,490,14,,09,22,,5,,1,4,,083,13,,112,,7,,066,036,14,1001,086,1,,1037,2,,,,4,,1959,4.0
59IN00712,1955142374,55,1,X2374,2,51,510,14,,,,,5,,,,,,,,163,184,,,,,14,,172,2,,,,200,,,4,,1959,4.0
59IN00713,1955142377,55,1,X2377,2,36,360,14,,,28,1,5,,,,,,,,164,200,6,,,,14,1101,169,2,,0939,2,232,0244,2,4,,1959,4.0
59IN00714,1955142380,55,2,X2380,2,22,220,14,,08,33,,5,,1,3,,092,10,,116,149,2,,074,040,14,0924,096,2,,0546,2,    2,8,,4,,1959,4.0
59IN00715,1955142391,55,2,X2391,2,29,290,14,,07,,,5,20,1,1,,096,11,,125,159,,,085,046,14,,103,2,,7166,3,47 29,1,,4,,1959,4.0
59IN00716,1955142396,55,2,X2396,2,36,360,14,,08,21,,5,,1,4,,098,14,,132,,6,,091,049,14,0920,106,2,,0939,2,,,,4,,1959,4.0
59IN00717,1955142397,55,2,X2397,2,54,540,14,,09,22,,5,,1,1,,074,10,,102,123,2,,080,040,14,0924,078,2,,0549,2,    2,8,,4,,1959,4.0
59IN00718,1955142407,55,2,X2407,2,35,350,14,,12,17,,5,18,1,4,,068,15,,101,130,,,077,037,14,,080,K,,0511,2,77 35,0,,4,,1959,4.0
59IN00719,1955142410,55,2,X2410,2,47,470,14,,07,38,,5,34,1,4,,088,11,,103,124,,,090,042,14,,097,2,,1604,2,38 47,0,,4,,1959,4.0
59IN00720,1955142421,55,2,X2421,2,50,500,14,,08,10,,5,,1,4,,094,09,,108,148,3,,091,042,14,1218,090,2,,0412,2,,,,4,,1959,4.0
59IN00721,1955142427,55,1,X2427,2,37,370,14,,,01,1,5,,,,,,,,200,221,,,,,14,,194,3,,3685,1,243,0569,2,4,,1959,4.0
59IN00722,1955142430,55,2,X2430,2,39,390,14,,09,13,,5,23,1,4,,096,13,,128,151,,,092,054,14,,105,1,,0396,2,79 39,0,,4,,1959,4.0
59IN00723,1955142432,55,2,X2432,2,49,490,14,,08,27,,5,17,1,4,,093,11,,142,161,,,086,038,14,,093,2,,1037,2,58 49,0,,4,,1959,4.0
59IN00724,1955142435,55,1,X2435,2,40,401,14,,,24,3,5,,,,,,,,180,191,,,,,14,,144,2,,0935,2,226,9423,2,4,,1959,4.0
59IN00725,1955142439,55,2,X2439,2,26,261,14,,09,17,,5,27,1,3,,083,09,,131,155,,,072,043,14,,109,2,,1505,2,78 26,0,,4,,1959,4.0
59IN00726,1955142440,55,2,X2440,2,35,350,14,,12,14,,5,16,1,4,,093,14,,137,165,,,068,037,14,,094,J,,0511,2,97 35,0,,4,,1959,4.0
59IN00727,1955142448,55,2,X2448,2,53,530,14,,08,19,1,5,10,1,1,,078,10,,110,137,,,081,034,14,,081,2,,0528,2,05 53,0,,4,,1959,4.0
59IN00728,1955142452,55,2,X2452,2,40,400,14,,09,17,,5,23,1,5,,077,12,,126,155,,,075,035,14,,098,2,,1209,2,79 40,0,,4,,1959,4.0
59IN00729,1955142454,55,2,X2454,2,44,440,14,,08,19,,5,24,1,4,,095,14,,123,149,,,069,036,14,,089,2,,1414,2,91 44,1,,4,,1959,4.0
59IN00730,1955142461,55,1,X2461,2,47,470,14,,,19,1,5,,,,,,,,192,212,,,,,14,,174,2,,1604,2,206,0885,2,4,,1959,4.0
59IN00731,1955142462,55,2,X2462,2,54,540,14,,08,11,,5,,1,1,,086,12,,136,,7,,089,051,14,1001,111,2,,0549,2,,,,4,,1959,4.0
59IN00732,1955142465,55,2,X2465,2,37,370,14,,06,01,,5,11,1,4,,085,09,,122,147,,,078,042,14,,093,2,,3685,1,36 37,0,,4,,1959,4.0
59IN00733,1955142472,55,2,X2472,2,54,540,14,,09,11,1,5,26,1,1,,085,10,,124,149,,,079,042,14,,098,2,,0549,2,69 54,0,,4,,1959,4.0
59IN00734,1955142473,55,2,X2473,2,54,540,14,,07,11,,5,00,1,1,,093,09,,136,158,,,076,046,14,,108,1,,0549,2,89 41,0,,4,,1959,4.0
59IN00735,1955142476,55,2,X2476,2,49,490,14,,09,10,,5,17,1,4,,094,14,,123,153,,,083,051,14,,120,2,,1037,2,54 49,1,,4,,1959,4.0
59IN00736,1955142480,55,2,X2480,2,29,290,14,,08,,,5,17,1,4,,088,10,,126,159,,,092,051,14,,109,2,,7166,3,26 29,0,,4,,1959,4.0
59IN00737,1955142482,55,2,X2482,2,45,450,14,,09,00,,5,08,1,5,,081,10,,103,118,,,088,043,14,,102,2,,1828,1,65 45,0,,4,,1959,4.0
59IN00738,1955142490,55,2,X2490,2,44,440,14,,08,17,,5,21,1,5,,088,09,,114,132,,,076,038,14,,091,2,,1414,2,28 44,1,,4,,1959,4.0
59IN00739,1955142493,55,2,X2493,2,50,500,14,,08,08,,5,,1,4,,088,11,,119,146,2,,089,045,14,0924,091,2,,0412,2,    2,8,,4,,1959,4.0
59IN00740,1955142495,55,2,X2495,2,44,440,14,,06,26,,5,31,1,1,,100,12,,137,153,,,086,051,14,,115,2,,1414,2,86 44,0,,4,,1959,4.0
59IN00741,1955142497,55,2,X2497,2,45,450,14,,,00,,5,08,1,4,,076,14,,117,139,,,086,036,14,,086,2,,1828,1,50 45,0,,4,,1959,4.0
59IN00742,1955142498,55,2,X2498,2,51,510,14,,07,21,,5,,1,4,,082,11,,130,140,3,,091,041,14,1221,092,2,,0069,2,,,,4,,1959,4.0
59IN00743,1955142501,55,2,X2501,2,40,401,14,,09,32,,5,,1,2,,076,10,,127,161,2,,073,034,14,0924,087,2,,0935,2,    2,8,,4,,1959,4.0
59IN00744,1955142502,55,2,X2502,2,50,500,14,,09,27,,5,35,1,4,,091,12,,142,161,,,073,036,14,,072,2,,0412,2,63 50,0,,4,,1959,4.0
59IN00745,1955142503,55,2,X2503,2,25,250,14,,08,00,,5,00,1,3,,094,10,,124,150,,,099,056,14,,115,2,,5055,1,00 25,1,,4,,1959,4.0
59IN00746,1955142504,55,1,X2504,2,54,540,14,,,11,1,5,,,,,,15,6,179,200,2,,,,14,0924,163,3,,0549,2,226,1716,2,4,,1959,4.0
59IN00747,1955142509,55,2,X2509,2,36,361,14,,10,26,,5,27,1,4,,081,14,,131,158,,,070,034,14,,074,K,,1348,2,28 36,0,,4,,1959,4.0
59IN00748,1955142528,55,2,X2528,2,53,530,14,,09,08,3,5,13,1,1,,094,10,,122,140,,,093,056,14,,112,2,,0528,2,65 53,0,,4,,1959,4.0
59IN00749,1955142532,55,2,X2532,2,25,250,14,,06,00,,5,00,1,4,,103,09,,134,164,,,088,045,14,,102,2,,5055,1,00 25,0,,4,,1959,4.0
59IN00750,1955142538,55,1,X2538,2,53,530,14,,,21,4,5,,,,,,16,4,171,182,2,,,,14,0924,172,2,,0528,2,216,9371,2,4,,1959,4.0
59IN00751,1955142543,55,2,X2543,2,54,540,14,,09,11,,5,,1,1,,088,09,,118,141,2,,078,045,14,0924,096,2,,0549,2,    2,8,,4,,1959,4.0
59IN00752,1955142544,55,2,X2544,2,26,260,14,,08,16,,5,,1,4,,078,09,,126,148,2,,087,044,14,0924,095,2,,1008,2,    2,8,,4,,1959,4.0
59IN00753,1955142549,55,2,X2549,2,46,461,14,,10,27,,5,,1,4,,068,10,,107,128,,,086,039,14,,082,2,,1323,2,   29,5,,4,,1959,4.0
59IN00754,1955142566,55,2,X2566,2,50,500,14,,07,16,,5,33,1,1,,093,11,,128,148,,,086,042,14,,080,2,,0412,2,29 50,0,,4,,1959,4.0
59IN00755,1955142570,55,2,X2570,2,25,250,14,,08,00,,5,00,1,4,,100,11,,140,164,,,083,050,14,,108,2,,5055,1,00 25,1,,4,,1959,4.0
59IN00756,1955142572,55,2,X2572,2,53,530,14,,10,10,2,5,12,1,1,,078,09,,104,135,,,103,045,14,,087,2,,0528,2,87 53,0,,4,,1959,4.0
59IN00757,1955142574,55,2,X2574,2,35,351,14,,12,24,,5,24,1,4,,088,11,,125,156,,,075,031,14,,080,2,,0781,2,31 35,0,,4,,1959,4.0
59IN00758,1955142579,55,1,X2579,2,51,510,14,,,19,1,5,,,,,,,,163,175,,,,,14,,163,2,,0069,2,208,1593,2,4,,1959,4.0
59IN00759,1955142582,55,2,X2582,2,46,461,14,,09,25,,5,34,1,5,,078,13,,118,134,,,084,033,14,,078,2,,1323,2,55 46,1,,4,,1959,4.0
59IN00760,1955142587,55,2,X2587,2,29,290,14,,10,,,5,,1,3,,086,10,,134,164,2,,099,048,14,0924,100,2,,7166,3,    2,8,,4,,1959,4.0
59IN00761,1955142588,55,2,X2588,2,29,290,14,,08,,,5,24,1,1,,090,09,,135,168,,,090,041,14,,098,2,,7166,3,02 29,1,,4,,1959,4.0
59IN00762,1955142590,55,2,X2590,2,37,370,14,,09,01,,5,11,1,1,,083,13,,118,133,,,081,042,14,,098,2,,3685,1,34 37,1,,4,,1959,4.0
59IN00763,1955142592,55,2,X2592,2,26,260,14,,07,17,,5,22,1,4,,088,12,,128,150,,,096,051,14,,109,2,,1008,2,37 26,0,,4,,1959,4.0
59IN00764,1955142594,55,2,X2594,2,51,510,14,,10,21,,5,,1,1,,070,09,,106,125,,,085,040,14,,085,2,,0069,2,   24,5,,4,,1959,4.0
59IN00765,1955142597,55,2,X2597,2,25,250,14,,06,00,,5,,1,5,,097,09,,129,,6,,106,047,14,0920,100,2,,5055,1,,,,4,,1959,4.0
59IN00766,1955142598,55,2,X2598,2,49,490,14,,08,13,,5,20,1,4,,087,14,,126,159,,,083,046,14,,115,1,,1037,2,12 49,1,,4,,1959,4.0
59IN00767,1955142601,55,2,X2601,2,39,390,14,,10,11,,5,,1,4,,080,11,,105,127,,,095,049,14,,107,2,,0396,2,   25,5,,4,,1959,4.0
59IN00768,1955142602,55,2,X2602,2,40,400,14,,09,21,,5,27,1,2,,092,09,,133,173,,,074,051,14,,113,2,,1209,2,39 40,0,,4,,1959,4.0
59IN00769,1955142604,55,2,X2604,2,36,361,14,,10,22,,5,26,1,3,,100,14,,138,147,,,078,050,14,,103,K,,1348,2,47 36,0,,4,,1959,4.0
59IN00770,1955142616,55,2,X2616,2,26,261,14,,09,16,,5,23,1,4,,072,15,,114,131,,,087,042,14,,087,2,,1505,2,81 26,0,,4,,1959,4.0
59IN00771,1955142625,55,2,X2625,2,47,470,14,,08,15,,5,30,1,5,,093,12,,138,161,,,085,049,14,,107,2,,1604,2,56 47,0,,4,,1959,4.0
59IN00772,1955142631,55,2,X2631,2,36,361,14,,10,19,,5,26,1,4,,090,10,,137,153,,,078,039,14,,092,2,,1348,2,56 36,0,,4,,1959,4.0
59IN00773,1955142632,55,2,X2632,2,28,280,14,,10,26,,5,,1,4,,085,15,,131,,7,,085,048,14,1001,101,2,,0908,2,,,,4,,1959,4.0
59IN00774,1955142633,55,2,X2633,2,49,490,14,,08,24,,5,,1,4,,091,10,,130,151,,,081,046,14,,110,2,,1037,2,   37,4,,4,,1959,4.0
59IN00775,1955142636,55,2,X2636,2,29,290,14,,08,,,5,17,1,1,,072,11,,128,151,,,089,040,14,,092,2,,7166,3,15 29,0,,4,,1959,4.0
59IN00776,1955142638,55,1,X2638,2,26,261,14,,,18,3,5,,,,,,,,184,200,,,,,14,,195,2,,1505,2,237,1007,2,4,,1959,4.0
59IN00777,1955142643,55,2,X2643,2,44,440,14,,10,32,,5,,1,1,,083,15,,124,147,2,,075,035,14,0924,082,2,,1414,2,    2,8,,4,,1959,4.0
59IN00778,1955142646,55,2,X2646,2,49,490,14,,09,17,,5,16,1,4,,071,12,,109,123,,,070,037,14,,106,2,,1037,2,83 49,0,,4,,1959,4.0
59IN00779,1955142647,55,2,X2647,2,49,490,14,,10,17,,5,,1,4,,076,15,,108,129,,,078,040,14,,090,2,,1037,2,   29,5,,4,,1959,4.0
59IN00780,1955142648,55,2,X2648,2,40,401,14,,09,22,,5,,1,4,,074,10,,133,143,3,,074,036,14,1218,077,K,,0935,2,,,,4,,1959,4.0
59IN00781,1955142655,55,2,X2655,2,54,540,14,,09,26,,5,,1,1,,072,13,,105,123,2,,088,035,14,0924,080,2,,0549,2,    2,8,,4,,1959,4.0
59IN00782,1955142662,55,2,X2662,2,40,401,14,,09,22,,5,33,1,4,,091,10,,137,170,,,079,036,14,,091,2,,0935,2,75 40,0,,4,,1959,4.0
59IN00783,1955142666,55,2,X2666,2,36,360,14,,09,24,,5,29,1,4,,080,10,,118,146,,,077,040,14,,091,2,,0939,2,73 36,0,,4,,1959,4.0
59IN00784,1955142669,55,2,X2669,2,47,470,14,,08,38,,5,34,1,1,,078,13,,122,144,,,078,035,14,,075,2,,1604,2,97 47,0,,4,,1959,4.0
59IN00785,1955142670,55,2,X2670,2,29,290,14,,06,,,5,18,1,1,,097,10,,147,174,,,090,049,14,,109,2,,7166,3,40 29,1,,4,,1959,4.0
59IN00786,1955142671,55,2,X2671,2,50,500,14,,07,24,,5,37,1,4,,087,11,,114,139,,,078,039,14,,078,2,,0412,2,69 50,0,,4,,1959,4.0
59IN00787,1955142683,55,2,X2683,2,39,390,14,,10,08,,5,25,1,4,,075,11,,104,134,,,077,048,14,,101,2,,0396,2,48 39,1,,4,,1959,4.0
59IN00788,1955142700,55,2,X2700,2,53,530,14,,10,08,,5,,1,1,,076,11,,118,157,2,,087,044,14,0924,092,2,,0528,2,    2,8,,4,,1959,4.0
59IN00789,1955142701,55,2,X2701,2,50,500,14,,09,11,,5,,1,4,,081,09,,136,148,2,,088,032,14,0924,072,2,,0412,2,    2,8,,4,,1959,4.0
59IN00790,1955142703,55,2,X2703,2,51,510,14,,06,18,,5,24,1,3,,093,11,,111,119,,,081,049,14,,105,2,,0069,2,85 51,1,,4,,1959,4.0
59IN00791,1955142712,55,1,X2712,2,39,391,14,,,13,3,5,,,,,,,,185,204,,,,,14,,166,2,,1240,2,212,0429,2,4,,1959,4.0
59IN00792,1955142715,55,2,X2715,2,46,460,14,,08,28,,5,,1,4,,088,10,,111,144,2,,087,053,14,0924,106,2,,0693,2,    2,8,,4,,1959,4.0
59IN00793,1955142718,55,2,X2718,2,22,220,14,,10,26,,5,31,1,4,,074,10,,127,137,,,077,034,14,,082,2,,0546,2,59 22,0,,4,,1959,4.0
59IN00794,1955142725,55,2,X2725,2,54,540,14,,08,14,3,5,29,1,1,,082,08,,132,149,,,087,042,14,,082,2,,0549,2,41 54,0,,4,,1959,4.0
59IN00795,1955142726,55,2,X2726,2,29,290,14,,09,,,5,17,1,1,,076,14,,114,142,,,083,037,14,,090,2,,7166,3,17 29,0,,4,,1959,4.0
59IN00796,1955142727,55,2,X2727,2,29,290,14,,11,,,5,20,1,1,,080,10,,154,174,,,082,042,14,,109,2,,7166,3,04 29,1,,4,,1959,4.0
59IN00797,1955142729,55,2,X2729,2,28,280,14,,08,25,,5,32,1,5,,096,15,,153,169,,,071,037,14,,094,2,,0908,2,91 28,0,,4,,1959,4.0
59IN00798,1955142730,55,2,X2730,2,44,440,14,,08,29,,5,23,1,3,,086,09,,120,135,,,075,036,14,,092,2,,1414,2,78 44,1,,4,,1959,4.0
59IN00799,1955142733,55,2,X2733,2,44,440,14,,06,16,,5,19,1,1,,096,10,,134,149,,,078,035,14,,092,2,,1414,2,87 44,0,,4,,1959,4.0
59IN00800,1955142767,55,2,X2767,2,46,460,14,,08,31,,5,,1,5,,077,09,,109,123,,,071,034,14,,063,2,,0693,2,   29,4,,4,,1959,4.0
59IN00801,1955142768,55,2,X2768,2,46,460,14,,08,31,,5,40,1,4,,074,11,,111,135,,,087,040,14,,075,1,,0693,2,96 46,0,,4,,1959,4.0
59IN00802,1955142775,55,1,X2775,2,28,280,14,,,25,1,5,,,,,,,,158,170,,,,,14,,126,2,,0908,2,224,0674,2,4,,1959,4.0
59IN00803,1955142780,55,2,X2780,2,45,450,14,,11,00,,5,13,1,4,,077,13,,120,149,,,100,048,14,,104,2,,1828,1,29 45,0,,4,,1959,4.0
59IN00804,1955142794,55,2,X2794,2,39,390,14,,09,19,,5,,1,4,,095,13,,130,148,,,081,045,14,,098,2,,0396,2,   25,4,,4,,1959,4.0
59IN00805,1955142796,55,2,X2796,2,47,470,14,,08,16,,5,,1,5,,084,14,,153,172,2,,076,038,14,0924,094,2,,1604,2,    2,8,,4,,1959,4.0
59IN00806,1955142797,55,2,X2797,2,35,350,14,,10,16,,5,16,1,3,,080,10,,114,135,,,074,032,14,,081,2,,0511,2,27 35,0,,4,,1959,4.0
59IN00807,1955142798,55,2,X2798,2,35,350,14,,08,16,,5,,1,3,,081,12,,123,154,3,,085,040,14,1218,094,2,,0511,2,,,,4,,1959,4.0
59IN00808,1955142801,55,2,X2801,2,28,280,14,,10,18,,5,28,1,5,,094,15,,144,161,,,080,065,14,,123,2,,0908,2,78 28,0,,4,,1959,4.0
59IN00809,1955142805,55,1,X2805,2,25,250,14,,,00,3,5,,,,,,,,183,192,,,,,14,,160,3,,5055,1,227,9459,2,4,,1959,4.0
59IN00810,1955142823,55,2,X2823,2,40,401,14,,09,22,,5,33,1,4,,070,13,,123,143,,,071,028,14,,075,1,,0935,2,49 40,0,,4,,1959,4.0
59IN00811,1955142834,55,2,X2834,2,45,450,14,,08,00,,5,08,1,3,,078,16,,117,134,,,084,047,14,,097,2,,1828,1,50 45,0,,4,,1959,4.0
59IN00812,1955142835,55,2,X2835,2,37,370,14,,10,01,,5,11,1,4,,083,12,,123,144,,,086,048,14,,105,2,,3685,1,30 37,0,,4,,1959,4.0
59IN00813,1955142837,55,2,X2837,2,40,401,14,,08,25,,5,,1,4,,086,13,,147,164,3,,083,039,14,1218,088,2,,0935,2,,,,4,,1959,4.0
59IN00814,1955142842,55,2,X2842,2,51,510,14,,07,24,,5,,1,3,,086,10,,111,128,,,086,040,14,,083,2,,0069,2,   24,4,,4,,1959,4.0
59IN00815,1955142857,55,2,X2857,2,49,490,14,,11,23,,5,,1,4,,068,13,,108,142,,,078,036,14,,086,2,,1037,2,   29,4,,4,,1959,4.0
59IN00816,1955142860,55,2,X2860,2,36,360,14,,09,28,,5,32,1,4,,100,10,,143,162,,,079,045,14,,104,2,,0939,2,76 36,0,,4,,1959,4.0
59IN00817,1955142865,55,2,X2865,2,39,390,14,,09,12,,5,23,1,4,,086,14,,112,140,,,086,048,14,,100,2,,0396,2,29 39,0,,4,,1959,4.0
59IN00818,1955142867,55,2,X2867,2,53,530,14,,09,10,,5,,1,1,,079,10,,114,135,2,,093,043,14,0924,094,2,,0528,2,    2,8,,4,,1959,4.0
59IN00819,1955142868,55,2,X2868,2,53,530,14,,08,10,,5,,1,1,,080,11,,109,134,3,,088,044,14,1218,097,2,,0528,2,,,,4,,1959,4.0
59IN00820,1955142874,55,2,X2874,2,45,450,14,,12,00,,5,08,1,3,,077,12,,118,134,,,086,045,14,,100,2,,1828,1,50 45,0,,4,,1959,4.0
59IN00821,1956142883,56,2,X2883,2,36,360,14,,07,32,,4,,1,2,,095,08,,128,164,2,,083,039,14,0924,080,1,,2092,2,    2,7,,3,,1959,3.0
59IN00822,1956142886,56,2,X2886,2,54,540,14,,08,11,2,4,27,1,1,,072,08,,110,128,,,082,033,14,,061,2,,0549,2,37 54,0,,3,,1959,3.0
59IN00823,1956142888,56,2,X2888,2,44,440,14,,05,17,,4,17,1,3,,091,08,,118,144,,,087,045,14,,094,2,,2548,2,84 44,1,,3,,1959,3.0
59IN00824,1956142895,56,1,X2895,2,50,500,14,,,38,1,4,,,,,,,,154,167,,,,,14,,123,2,,1705,2,209,1692,2,3,,1959,3.0
59IN00825,1956142898,56,1,X2898,2,50,500,14,,,35,1,4,,,,,,,,147,160,,,,,14,,099,2,,1705,2,185,1563,2,3,,1959,3.0
59IN00826,1956142899,56,2,X2899,2,49,491,14,,08,17,,4,,1,2,,096,12,,118,142,,,073,043,14,,087,2,,2103,2,   25,4,,3,,1959,3.0
59IN00827,1956142900,56,2,X2900,2,36,360,14,,08,30,,4,,1,5,,093,08,,122,132,6,,097,041,14,0920,086,1,,2092,2,   36,0,,3,,1959,3.0
59IN00828,1956142901,56,2,X2901,2,39,391,14,,08,16,,4,22,1,3,,085,12,,112,130,,,100,048,14,,086,2,,1714,2,54 39,1,,3,,1959,3.0
59IN00829,1956142903,56,2,X2903,2,35,350,14,,09,23,,4,23,1,3,,080,10,,112,143,,,082,034,14,,072,1,,0781,2,54 35,0,,3,,1959,3.0
59IN00830,1956142906,56,2,X2906,2,36,360,14,,05,24,,4,28,1,2,,083,12,,111,134,,,089,036,14,,084,1,,2092,2,74 36,0,,3,,1959,3.0
59IN00831,1956142908,56,2,X2908,2,28,280,14,,08,24,,4,32,1,2,,091,15,,129,148,,,078,035,14,,085,2,,0908,2,21 28,0,,3,,1959,3.0
59IN00832,1956142911,56,2,X2911,2,35,350,14,,09,40,,4,26,1,3,,078,11,,106,131,,,076,031,14,,060,1,,0781,2,00 35,0,,3,,1959,3.0
59IN00833,1956142914,56,2,X2914,2,45,450,14,,08,00,,4,08,1,4,,078,12,,124,140,,,086,037,14,,075,1,,1828,1,80 45,0,,3,,1959,3.0
59IN00834,1956142918,56,2,X2918,2,39,390,14,,08,16,,4,,1,3,,076,12,,106,136,,,082,036,14,,070,1,,0396,2,   24,5,,3,,1959,3.0
59IN00835,1956142923,56,2,X2923,2,54,540,14,,09,25,1,4,30,1,1,,073,13,,108,134,,,078,033,14,,076,2,,0549,2,06 54,0,,3,,1959,3.0
59IN00836,1956142926,56,1,X2926,2,45,450,14,,,00,1,4,,,,,,,,178,194,,,,,14,,177,2,,1828,1,229,1498,2,3,,1959,3.0
59IN00837,1956142928,56,1,X2928,2,54,540,14,,,22,3,4,,,,,,,,152,175,,,,,14,,152,2,,0549,2,221,1536,2,3,,1959,3.0
59IN00838,1956142930,56,1,X2930,2,25,250,14,,,17,1,4,,,,,,,,198,193,,,,,14,,185,2,,2083,2,232,0980,2,3,,1959,3.0
59IN00839,1956142932,56,1,X2932,2,54,540,14,,,11,9,4,,,,,,,,182,195,3,,,,14,0801,219,2,,0549,2,214,0039,2,3,,1959,3.0
59IN00840,1956142933,56,1,X2933,2,54,540,14,,,11,8,4,,,,,,,,178,214,,,,,14,,194,2,,0549,2,226,0039,2,3,,1959,3.0
59IN00841,1956142934,56,2,X2934,2,44,440,14,,07,22,,4,21,1,2,,086,10,,122,140,,,085,041,14,,084,2,,2548,2,58 44,1,,3,,1959,3.0
59IN00842,1956142940,56,2,X2940,2,26,260,14,,08,32,,4,32,1,3,,076,08,,106,118,,,075,033,14,,071,2,,1605,2,79 26,0,,3,,1959,3.0
59IN00843,1956142944,56,1,X2944,2,37,370,14,,,13,1,4,,,,,,,,172,180,3,,,,14,0801,180,2,,1755,2,207,0218,2,3,,1959,3.0
59IN00844,1956142945,56,2,X2945,2,46,460,14,,08,28,,4,,1,2,,088,08,,112,141,,,081,030,14,,070,1,,1994,2,   25,4,,3,,1959,3.0
59IN00845,1956142951,56,2,X2951,2,50,500,14,,06,24,,4,44,1,3,,090,10,,132,148,,,069,029,14,,054,J,,1705,2,40 50,0,,3,,1959,3.0
59IN00846,1956142957,56,2,X2957,2,49,491,14,,07,19,,4,,1,3,,086,11,,128,135,,,093,035,14,,084,1,,2103,2,   25,5,,3,,1959,3.0
59IN00847,1956142970,56,2,X2970,2,47,471,14,,06,13,,4,23,1,2,,093,10,,133,158,,,092,044,14,,090,2,,1939,2,44 47,0,,3,,1959,3.0
59IN00848,1956142982,56,2,X2982,2,26,260,14,,09,28,,4,27,1,3,,083,08,,119,134,,,086,039,14,,078,2,,1605,2,39 26,0,,3,,1959,3.0
59IN00849,1956142989,56,2,X2989,2,46,461,14,,08,22,,4,25,1,3,,084,11,,121,144,,,073,033,14,,069,1,,1700,2,23 46,1,,3,,1959,3.0
59IN00850,1956143003,56,2,X3003,2,44,441,14,,06,27,,4,,1,1,,096,10,,135,,6,,079,030,14,0920,066,1,,2190,2,,,,3,,1959,3.0
59IN00851,1956143004,56,2,X3004,2,50,500,14,,08,18,,4,41,1,2,,085,14,,108,129,,,079,035,14,,067,1,,1705,2,08 50,0,,3,,1959,3.0
59IN00852,1956143012,56,2,X3012,2,40,401,14,,07,30,,4,28,1,3,,087,08,,117,144,,,086,036,14,,095,2,,1596,2,13 40,0,,3,,1959,3.0
59IN00853,1956143016,56,2,X3016,2,29,290,14,,08,17,,4,16,1,1,,084,17,,126,148,,,083,032,14,,071,1,,1908,2,60 29,0,,3,,1959,3.0
59IN00854,1956143018,56,1,X3018,2,46,460,14,,,27,1,4,,,,,,,,163,185,,,,,14,,166,2,,1994,2,220,0772,2,3,,1959,3.0
59IN00855,1956143022,56,2,X3022,2,51,510,14,,07,21,,4,,1,3,,087,11,,120,144,,,081,035,14,,079,1,,1722,2,   37,5,,3,,1959,3.0
59IN00856,1956143024,56,2,X3024,2,50,500,14,,08,22,,4,43,1,3,,079,14,,113,140,,,078,032,14,,057,1,,1705,2,27 50,0,,3,,1959,3.0
59IN00857,1956143033,56,2,X3033,2,51,510,14,,07,22,,4,,1,3,,082,11,,114,128,,,086,035,14,,070,1,,1722,2,   37,4,,3,,1959,3.0
59IN00858,1956143039,56,2,X3039,2,36,360,14,,09,30,,4,28,1,3,,073,13,,111,138,,,089,030,14,,068,2,,2092,2,42 36,0,,3,,1959,3.0
59IN00859,1956143040,56,2,X3040,2,36,360,14,,09,30,,4,28,1,3,,083,11,,118,152,,,080,033,14,,066,1,,2092,2,42 36,0,,3,,1959,3.0
59IN00860,1956143045,56,2,X3045,2,28,280,14,,07,25,,4,,1,4,,081,08,,110,133,2,,074,035,14,0924,074,1,,0908,2,    2,7,,3,,1959,3.0
59IN00861,1956143049,56,2,X3049,2,47,471,14,,06,20,,4,20,1,3,,091,11,,126,145,,,078,039,14,,090,2,,1939,2,72 47,0,,3,,1959,3.0
59IN00862,1956143054,56,2,X3054,2,44,440,14,,06,22,,4,,1,2,,097,08,,133,171,2,,094,042,14,0924,090,2,,2548,2,    2,8,,3,,1959,3.0
59IN00863,1956143061,56,2,X3061,2,39,391,14,,09,13,,4,34,1,3,,079,15,,96,133,,,089,046,14,,083,1,,1714,2,34 39,0,,3,,1959,3.0
59IN00864,1956143063,56,2,X3063,2,53,530,14,,07,10,,4,,1,1,,081,09,,121,139,3,,085,043,14,1218,081,1,,0528,2,,,,3,,1959,3.0
59IN00865,1956143064,56,2,X3064,2,54,540,14,,07,15,3,4,28,1,1,,090,08,,119,143,,,090,046,14,,081,2,,0549,2,92 54,0,,3,,1959,3.0
59IN00866,1956143065,56,2,X3065,2,54,540,14,,08,15,2,4,28,1,1,,085,12,,114,144,,,076,037,14,,069,1,,0549,2,92 54,0,,3,,1959,3.0
59IN00867,1956143073,56,2,X3073,2,40,400,14,,08,24,,4,37,1,3,,081,08,,122,144,,,072,028,14,,070,1,,0935,2,40 40,0,,3,,1959,3.0
59IN00868,1956143077,56,2,X3077,2,44,441,14,,06,16,,4,28,1,1,,100,10,,116,135,,,084,041,14,,100,1,,2190,2,37 44,0,,3,,1959,3.0
59IN00869,1956143080,56,1,X3080,2,49,490,14,,,19,1,4,,,,,,,,164,182,3,,,,14,0801,164,2,,1825,2,203,1353,2,3,,1959,3.0
59IN00870,1956143083,56,1,X3083,2,54,540,14,,,11,5,4,,,,,,15,5,168,200,2,,,,14,0924,177,2,,0549,2,212,1266,2,3,,1959,3.0
59IN00871,1956143087,56,1,X3087,2,40,400,14,,,26,3,4,,,,,,,,183,210,,,,,14,,187,2,,0935,2,241,1490,2,3,,1959,3.0
59IN00872,1956143100,56,2,X3100,2,50,500,14,,06,27,,4,45,1,3,,082,10,,148,141,,,081,035,14,,064,1,,1705,2,56 50,0,,3,,1959,3.0
59IN00873,1956143106,56,2,X3106,2,50,500,14,,08,18,,4,41,1,3,,086,13,,107,139,,,084,029,14,,065,2,,1705,2,71 50,0,,3,,1959,3.0
59IN00874,1956143112,56,1,X3112,2,53,530,14,,,19,5,4,,,,,,16,4,142,153,2,,,,14,0924,139,2,,0528,2,202,0726,2,3,,1959,3.0
59IN00875,1956143115,56,2,X3115,2,29,290,14,,09,17,,4,13,1,1,,066,10,,98,131,,,074,025,14,,046,1,,1908,2,08 29,1,,3,,1959,3.0
59IN00876,1956143117,56,2,X3117,2,26,260,14,,05,30,,4,,1,3,,078,09,,116,139,2,,075,038,14,0924,080,2,,1605,2,    2,7,,3,,1959,3.0
59IN00877,1956143124,56,2,X3124,2,49,491,14,,08,21,,4,,1,2,,080,10,,146,153,,,093,042,14,,082,1,,2103,2,   24,5,,3,,1959,3.0
59IN00878,1956143125,56,1,X3125,2,49,491,14,,,21,4,4,,,,,,19,1,165,192,2,,,,14,0924,162,2,,2103,2,216,1742,2,3,,1959,3.0
59IN00879,1956143131,56,2,X3131,2,47,470,14,,07,14,,4,25,1,3,,095,11,,140,161,,,098,048,14,,091,2,,0603,2,40 47,0,,3,,1959,3.0
59IN00880,1956143132,56,1,X3132,2,45,450,14,,,00,1,4,,,,,,,,183,204,,,,,14,,206,2,,1828,1,227,0984,2,3,,1959,3.0
59IN00881,1956143136,56,1,X3136,2,53,530,14,,,10,1,4,,,,,,,,158,168,,,,,14,,177,2,,0528,2,215,1894,2,3,,1959,3.0
59IN00882,1956143137,56,2,X3137,2,51,510,14,,07,36,,4,,1,3,,073,10,,118,136,2,,082,030,14,0924,058,2,,1722,2,    2,7,,3,,1959,3.0
59IN00883,1956143138,56,2,X3138,2,39,391,14,,09,15,,4,,1,3,,080,12,,104,138,,,086,048,14,,087,2,,1714,2,   24,4,,3,,1959,3.0
59IN00884,1956143154,56,2,X3154,2,46,460,14,,07,27,,4,,1,3,,073,12,,103,135,,,085,037,14,,067,1,,1994,2,   24,5,,3,,1959,3.0
59IN00885,1956143155,56,2,X3155,2,45,450,14,,08,00,,4,08,1,4,,076,12,,113,135,,,084,037,14,,074,1,,1828,1,31 45,0,,3,,1959,3.0
59IN00886,1956143158,56,2,X3158,2,26,260,14,,08,37,,4,,1,3,,083,08,,113,126,2,,064,025,14,0924,062,K,,1605,2,    2,7,,3,,1959,3.0
59IN00887,1956143160,56,2,X3160,2,47,470,14,,07,15,,4,25,1,4,,093,13,,136,158,,,082,039,14,,070,2,,0603,2,57 47,0,,3,,1959,3.0
59IN00888,1956143166,56,2,X3166,2,49,491,14,,08,18,,4,21,1,2,,096,09,,124,139,,,077,034,14,,072,1,,2103,2,22 49,1,,3,,1959,3.0
59IN00889,1956143169,56,2,X3169,2,53,530,14,,05,14,1,4,08,1,1,,072,08,,104,128,,,089,029,14,,070,1,,0528,2,70 53,0,,3,,1959,3.0
59IN00890,1956143171,56,2,X3171,2,36,360,14,,06,36,,4,,1,5,,080,09,,104,,6,,078,030,14,0920,065,1,,2092,2,,,,3,,1959,3.0
59IN00891,1956143177,56,2,X3177,2,51,510,14,,07,23,,4,23,1,2,,088,11,,122,150,,,072,037,14,,069,1,,1722,2,03 51,0,,3,,1959,3.0
59IN00892,1956143185,56,2,X3185,2,51,510,14,,07,27,,4,,1,3,,082,07,,123,,3,,074,033,14,1218,065,1,,1722,2,   29,5,,3,,1959,3.0
59IN00893,1956143190,56,2,X3190,2,29,290,14,,07,16,,4,,1,3,,078,10,,118,144,2,,073,031,14,0924,069,1,,1908,2,    2,7,,3,,1959,3.0
59IN00894,1956143195,56,1,X3195,2,53,530,14,,,10,1,4,,,,,,16,4,146,168,2,,,,14,0924,171,2,,0528,2,197,1933,2,3,,1959,3.0
59IN00895,1956143198,56,1,X3198,2,54,540,14,,,14,5,4,,,,,,16,2,164,188,2,,,,14,0924,155,3,,0549,2,216,0334,2,3,,1959,3.0
59IN00896,1956143200,56,2,X3200,2,39,390,14,,08,13,,4,28,1,4,,088,13,,106,128,,,082,038,14,,076,1,,0396,2,34 39,1,,3,,1959,3.0
59IN00897,1956143201,56,2,X3201,2,39,390,14,,08,13,,4,,1,3,,084,12,,118,145,,,093,037,14,,079,2,,0396,2,   37,5,,3,,1959,3.0
59IN00898,1956143205,56,2,X3205,2,26,260,14,,05,15,,4,00,1,1,,101,08,,129,157,,,077,036,14,,070,1,,1605,2,08 41,0,,3,,1959,3.0
59IN00899,1956143206,56,2,X3206,2,22,220,14,,06,34,,4,,1,3,,088,11,,119,,6,,073,026,14,0825,057,1,,1739,2,,,,3,,1959,3.0
59IN00900,1956143211,56,2,X3211,2,36,360,14,,08,27,,4,,1,3,,073,10,,98,128,2,,078,029,14,0924,062,1,,2092,2,    2,7,,3,,1959,3.0
59IN00901,1956143217,56,2,X3217,2,53,530,14,,07,09,3,4,15,1,1,,078,10,,108,130,,,091,042,14,,073,2,,0528,2,77 53,0,,3,,1959,3.0
59IN00902,1956143220,56,1,X3220,2,44,441,14,,,21,1,4,,,,,,,,211,220,,,,,14,,179,2,,2190,2,263,0879,2,3,,1959,3.0
59IN00903,1956143226,56,1,X3226,2,28,280,14,,,25,1,4,,,,,,,,180,198,,,,,14,,159,2,,0908,2,221,0674,2,3,,1959,3.0
59IN00904,1956143240,56,2,X3240,2,29,290,14,,08,16,,4,16,1,1,,084,09,,143,144,,,088,035,14,,070,1,,1908,2,69 29,0,,3,,1959,3.0
59IN00905,1956143243,56,2,X3243,2,39,391,14,,08,18,,4,36,1,2,,082,10,,118,142,,,082,035,14,,065,1,,1714,2,80 39,0,,3,,1959,3.0
59IN00906,1956143246,56,2,X3246,2,39,391,14,,09,15,,4,,1,3,,076,10,,116,145,,,077,037,14,,072,2,,1714,2,   37,4,,3,,1959,3.0
59IN00907,1956143248,56,1,X3248,2,54,540,14,,,13,4,4,,,,,,16,3,162,190,2,,,,14,0924,163,2,,0549,2,205,8651,2,3,,1959,3.0
59IN00908,1956143251,56,2,X3251,2,51,510,14,,07,27,,4,,1,3,,088,09,,123,136,2,,070,031,14,0924,074,1,,1722,2,    2,7,,3,,1959,3.0
59IN00909,1956143253,56,1,X3253,2,49,490,14,,,14,1,4,,,,,,19,0,165,182,2,,,,14,0924,146,2,,1825,2,198,1467,2,3,,1959,3.0
59IN00910,1956143258,56,2,X3258,2,37,370,14,,07,12,,4,08,1,1,,087,14,,131,150,,,088,041,14,,085,2,,1755,2,85 37,1,,3,,1959,3.0
59IN00911,1956143263,56,2,X3263,2,37,370,14,,08,13,,4,,1,3,,092,12,,141,169,2,,082,034,14,0924,078,1,,1755,2,    2,7,,3,,1959,3.0
59IN00912,1956143279,56,2,X3279,2,51,510,14,,09,29,,4,32,1,3,,066,08,,106,114,,,077,030,14,,058,1,,1722,2,17 51,1,,3,,1959,3.0
59IN00913,1956143282,56,2,X3282,2,46,461,14,,08,25,,4,,1,2,,090,11,,116,149,,,073,032,14,,063,1,,1700,2,   24,4,,3,,1959,3.0
59IN00914,1956143326,56,2,X3326,2,54,540,14,,08,12,1,4,27,1,1,,075,11,,125,145,,,065,025,14,,054,K,,0549,2,24 54,0,,3,,1959,3.0
59IN00915,1956143327,56,1,X3327,2,35,350,14,,,18,1,4,,,,,,,,164,186,,,,,14,,169,2,,0781,2,220,1459,2,3,,1959,3.0
59IN00916,1956143330,56,2,X3330,2,50,500,14,,09,22,,4,,1,2,,072,15,,107,127,6,,063,031,14,1101,052,J,,1705,2,   50,0,,3,,1959,3.0
59IN00917,1956143336,56,2,X3336,2,28,280,14,,08,26,,4,33,1,2,,080,16,,111,134,,,081,040,14,,089,2,,0908,2,54 28,0,,3,,1959,3.0
59IN00918,1956143345,56,2,X3345,2,37,370,14,,07,14,,4,02,1,1,,086,10,,119,146,,,084,030,14,,064,1,,1755,2,25 41,0,,3,,1959,3.0
59IN00919,1956143346,56,2,X3346,2,51,510,14,,06,22,,4,,1,3,,073,09,,130,137,,,079,036,14,,075,1,,1722,2,   29,4,,3,,1959,3.0
59IN00920,1956143351,56,1,X3351,2,25,250,14,,,21,1,4,,,,,,18,6,184,202,2,,,,14,0924,175,2,,2083,2,225,1884,2,3,,1959,3.0
59IN00921,1956143354,56,2,X3354,2,37,370,14,,07,12,,4,08,1,3,,084,10,,132,146,,,088,034,14,,067,1,,1755,2,88 37,1,,3,,1959,3.0
59IN00922,1956143357,56,2,X3357,2,53,530,14,,08,10,2,4,14,1,1,,070,14,,105,118,,,085,033,14,,061,1,,0528,2,83 53,0,,3,,1959,3.0
59IN00923,1956143358,56,2,X3358,2,47,471,14,,07,26,,4,18,1,3,,085,13,,130,140,,,082,026,14,,057,1,,1939,2,64 47,0,,3,,1959,3.0
59IN00924,1956143360,56,2,X3360,2,45,450,14,,09,00,,4,08,1,3,,072,14,,108,135,,,087,036,14,,085,1,,1828,1,66 45,0,,3,,1959,3.0
59IN00925,1956143366,56,2,X3366,2,46,460,14,,09,30,,4,,1,2,,077,07,,111,144,,,084,032,14,,061,1,,1994,2,   25,5,,3,,1959,3.0
59IN00926,1956143378,56,2,X3378,2,49,491,14,,08,13,,4,,1,3,,088,10,,113,132,,,082,040,14,,089,1,,2103,2,   24,4,,3,,1959,3.0
59IN00927,1956143384,56,2,X3384,2,22,220,14,,09,34,,4,36,1,3,,084,09,,119,142,,,078,031,14,,067,2,,1739,2,84 22,0,,3,,1959,3.0
59IN00928,1956143387,56,1,X3387,2,53,530,14,,,11,4,4,,,,,,16,3,163,182,2,,,,14,0924,183,2,,0528,2,204,0085,2,3,,1959,3.0
59IN00929,1956143393,56,2,X3393,2,25,250,14,,07,20,,4,,1,3,,091,12,,128,164,3,,070,029,14,1218,061,K,,2083,2,,,,3,,1959,3.0
59IN00930,1956143411,56,1,X3411,2,36,360,14,,,32,1,4,,,,,,19,0,168,188,2,,,,14,0924,187,2,,2092,2,212,0339,2,3,,1959,3.0
59IN00931,1956143415,56,2,X3415,2,47,470,14,,08,28,,4,19,1,3,,081,12,,121,143,,,091,037,14,,065,2,,0603,2,53 47,0,,3,,1959,3.0
59IN00932,1956143419,56,2,X3419,2,35,350,14,,08,43,,4,28,1,2,,078,14,,113,141,,,070,026,14,,057,2,,0781,2,38 35,0,,3,,1959,3.0
59IN00933,1956143421,56,2,X3421,2,40,401,14,,07,27,,4,00,1,2,,093,09,,124,159,,,088,037,14,,085,2,,1596,2,00 41,0,,3,,1959,3.0
59IN00934,1956143424,56,2,X3424,2,37,370,14,,07,22,,4,15,1,1,,083,09,,108,135,,,088,042,14,,083,3,,1755,2,96 37,0,,3,,1959,3.0
59IN00935,1956143434,56,2,X3434,2,22,220,14,,06,50,,4,41,1,3,,071,13,,117,134,,,070,024,14,,055,J,,1739,2,95 22,0,,3,,1959,3.0
59IN00936,1956143435,56,1,X3435,2,44,441,14,,,23,1,4,,,,,,,,178,173,,,,,14,,178,2,,2190,2,228,1526,2,3,,1959,3.0
59IN00937,1957143452,57,2,X3452,2,39,391,14,,10,14,,3,20,1,4,,092,14,,93,119,,,090,045,14,,090,2,,2916,2,66 39,1,,2,,1959,2.0
59IN00938,1957143454,57,2,X3454,2,29,290,14,,09,25,,3,25,1,1,,088,09,,99,134,2,,081,040,14,0924,084,2,,7166,3,78 29,1,,2,,1959,2.0
59IN00939,1957143455,57,1,X3455,2,29,290,14,,,13,1,3,,,,,,,,168,188,,,,,14,,181,4,,7166,3,228,1648,2,2,,1959,2.0
59IN00940,1957143459,57,2,X3459,2,39,390,14,,09,10,,3,,1,3,,092,12,,90,126,2,,080,043,14,0924,102,2,,0396,2,    2,6,,2,,1959,2.0
59IN00941,1957143465,57,2,X3465,2,35,350,14,,09,26,,3,,1,4,,098,13,,112,135,2,,069,034,14,0924,086,2,,0781,2,    2,6,,2,,1959,2.0
59IN00942,1957143467,57,2,X3467,2,36,360,14,,09,34,,3,00,1,1,,095,10,,109,140,,,076,035,14,,079,1,,2092,2,00 41,0,,2,,1959,2.0
59IN00943,1957143469,57,2,X3469,2,47,470,14,,09,19,,3,26,1,4,,092,11,,104,128,,,075,040,14,,080,2,,0603,2,01 47,0,,2,,1959,2.0
59IN00944,1957143475,57,2,X3475,2,63,690,14,,09,,,3,,6,1,,098,09,,116,149,2,,086,050,14,0924,104,4,,2756,2,    2,6,,2,,1959,2.0
59IN00945,1957143481,57,1,X3481,2,44,440,14,,,16,5,3,,,,,,19,1,156,168,2,,,,14,0924,150,2,,2190,2,223,0432,2,2,,1959,2.0
59IN00946,1957143482,57,2,X3482,2,44,440,14,,10,16,,3,27,1,1,,097,10,,113,134,,,073,044,14,,095,2,,2190,2,45 44,0,,2,,1959,2.0
59IN00947,1957143483,57,2,X3483,2,47,471,14,,09,29,,3,,1,3,,096,09,,108,,6,,080,039,14,0920,091,2,,2461,2,,,,2,,1959,2.0
59IN00948,1957143488,57,2,X3488,2,45,450,14,,07,00,,3,15,1,4,,118,07,,132,170,,,093,054,14,,113,3,,7246,1,58 45,0,,2,,1959,2.0
59IN00949,1957143491,57,2,X3491,2,36,360,14,,11,31,,3,29,1,4,,088,09,,123,158,,,073,032,14,,080,1,,2092,2,65 36,0,,2,,1959,2.0
59IN00950,1957143492,57,2,X3492,2,37,370,14,,07,11,,3,08,1,1,,114,11,,133,157,,,083,047,14,,098,2,,1755,2,97 37,1,,2,,1959,2.0
59IN00951,1957143495,57,2,X3495,2,36,360,14,,10,30,,3,29,1,4,,084,09,,92,115,,,072,037,14,,058,2,,2092,2,94 36,0,,2,,1959,2.0
59IN00952,1957143496,57,2,X3496,2,45,450,14,,09,00,,3,16,1,4,,095,10,,113,135,,,077,038,14,,091,2,,7246,1,75 45,0,,2,,1959,2.0
59IN00953,1957143500,57,2,X3500,2,44,440,14,,08,22,,3,,1,1,,096,11,,112,149,2,,067,036,14,0924,080,1,,2190,2,    2,6,,2,,1959,2.0
59IN00954,1957143502,57,2,X3502,2,40,400,14,,11,24,,3,,1,4,,084,09,,111,122,3,,076,031,14,1218,091,2,,1596,2,,,,2,,1959,2.0
59IN00955,1957143504,57,2,X3504,2,47,471,14,,09,31,,3,,1,3,,094,10,,111,142,2,,089,051,14,0924,090,2,,2461,2,    2,5,,2,,1959,2.0
59IN00956,1957143507,57,2,X3507,2,26,260,14,,10,25,,3,33,1,3,,093,09,,110,128,,,078,040,14,,077,2,,2638,2,10 26,0,,2,,1959,2.0
59IN00957,1957143520,57,2,X3520,2,22,220,14,,10,36,,3,33,1,3,,081,09,,93,123,,,080,039,14,,100,2,,2249,2,47 22,0,,2,,1959,2.0
59IN00958,1957143521,57,1,X3521,2,29,290,14,,,13,1,3,,,,,,,,148,168,3,,,,14,0801,149,2,,7166,3,213,2236,2,2,,1959,2.0
59IN00959,1957143522,57,2,X3522,2,45,450,14,,08,00,,3,,1,1,,092,09,,113,166,2,,069,039,14,0924,089,2,,7246,1,    2,5,,2,,1959,2.0
59IN00960,1957143531,57,2,X3531,2,26,260,14,,08,26,,3,32,1,3,,097,09,,114,127,,,069,035,14,,077,2,,2638,2,99 26,0,,2,,1959,2.0
59IN00961,1957143538,57,2,X3538,2,36,360,14,,11,29,,3,29,1,4,,093,09,,116,136,,,081,044,14,,098,2,,2092,2,65 36,0,,2,,1959,2.0
59IN00962,1957143539,57,2,X3539,2,44,440,14,,08,23,,3,,1,1,,104,10,,117,144,3,,088,048,14,1123,095,2,,2190,2,,,,2,,1959,2.0
59IN00963,1957143540,57,2,X3540,2,25,250,14,,08,13,,3,00,1,3,,118,09,,130,172,,,084,046,14,,102,2,,2527,2,00 25,0,,2,,1959,2.0
59IN00964,1957143541,57,2,X3541,2,25,250,14,,08,20,,3,00,1,4,,098,07,,111,143,,,078,050,14,,106,2,,2527,2,00 25,1,,2,,1959,2.0
59IN00965,1957143543,57,1,X3543,2,53,530,14,,,12,3,3,,,,,,16,4,124,148,2,,,,14,0924,159,2,,1857,2,199,0914,2,2,,1959,2.0
59IN00966,1957143546,57,1,X3546,2,39,391,14,,,16,1,3,,,,,,19,1,147,160,2,,,,14,0924,153,2,,2916,2,204,1996,2,2,,1959,2.0
59IN00967,1957143548,57,2,X3548,2,54,540,14,,10,17,,3,,1,1,,087,07,,,,6,,075,043,14,0528,086,2,,2123,2,,,,2,,1959,2.0
59IN00968,1957143554,57,2,X3554,2,37,370,14,,09,14,,3,08,1,3,,095,11,,117,134,,,081,048,14,,094,2,,1755,2,84 37,0,,2,,1959,2.0
59IN00969,1957143555,57,2,X3555,2,26,260,14,,10,18,,3,29,1,3,,090,10,,103,124,,,072,038,14,,099,2,,2638,2,46 26,0,,2,,1959,2.0
59IN00970,1957143556,57,2,X3556,2,54,540,14,,10,19,,3,,1,1,,092,09,,107,110,3,,077,035,14,1123,085,2,,2123,2,,,,2,,1959,2.0
59IN00971,1957143561,57,2,X3561,2,54,540,14,,10,17,3,3,14,1,1,,078,09,,98,125,,,074,039,14,,082,2,,2123,2,82 54,0,,2,,1959,2.0
59IN00972,1957143562,57,2,X3562,2,50,500,14,,10,28,,3,46,1,4,,083,10,,97,119,,,082,035,14,,068,2,,1705,2,46 50,0,,2,,1959,2.0
59IN00973,1957143566,57,2,X3566,2,40,400,14,,10,22,,3,27,1,4,,090,08,,103,134,,,067,033,14,,089,2,,1596,2,61 40,0,,2,,1959,2.0
59IN00974,1957143575,57,1,X3575,2,44,440,14,,,28,1,3,,,,,,,,172,190,,,,,14,,148,2,,2190,2,234,1836,2,2,,1959,2.0
59IN00975,1957143578,57,2,X3578,2,29,290,14,,10,25,,3,,1,1,,093,11,,116,150,2,,077,038,14,0924,075,2,,7166,3,    2,6,,2,,1959,2.0
59IN00976,1957143582,57,2,X3582,2,50,500,14,,09,30,,3,47,1,4,,087,09,,97,122,,,075,031,14,,063,2,,1705,2,18 50,0,,2,,1959,2.0
59IN00977,1957143584,57,2,X3584,2,63,640,14,,10,,,3,,6,1,,084,10,,98,133,2,,091,044,14,0924,085,2,,2538,2,    2,5,,2,,1959,2.0
59IN00978,1957143587,57,2,X3587,2,45,450,14,,07,00,,3,14,1,4,,102,09,,121,157,,,081,048,14,,102,2,,7246,1,45 45,0,,2,,1959,2.0
59IN00979,1957143590,57,2,X3590,2,47,471,14,,09,32,,3,45,1,4,,094,11,,112,133,,,069,037,14,,076,2,,2461,2,69 47,0,,2,,1959,2.0
59IN00980,1957143591,57,2,X3591,2,37,370,14,,09,12,,3,08,1,1,,094,12,,111,133,,,084,043,14,,083,2,,1755,2,88 37,1,,2,,1959,2.0
59IN00981,1957143595,57,2,X3595,2,45,450,14,,08,00,,3,14,1,5,,123,09,,140,182,,,084,060,14,,136,5,,7246,1,65 45,0,,2,,1959,2.0
59IN00982,1957143597,57,2,X3597,2,49,491,14,,11,33,,3,,1,3,,093,09,,101,160,2,,071,035,14,0924,085,2,,2406,2,,,,2,,1959,2.0
59IN00983,1957143597,57,2,X3597,2,49,491,14,,11,33,,3,18,1,3,,093,09,,101,160,,,071,035,14,,085,2,,2406,2,23 49,0,,2,,1959,2.0
59IN00984,1957143598,57,2,X3598,2,63,640,14,,08,,,3,,6,1,,096,09,,124,149,,,082,041,14,,086,2,,2538,2,   58,0,,2,,1959,2.0
59IN00985,1957143599,57,2,X3599,2,63,640,14,,08,,,3,,6,1,,093,09,,106,135,2,,079,040,14,0924,079,2,,2538,2,    2,5,,2,,1959,2.0
59IN00986,1957143601,57,2,X3601,2,26,260,14,,10,28,,3,33,1,3,,093,09,,90,117,,,065,042,14,,091,2,,2638,2,93 26,0,,2,,1959,2.0
59IN00987,1957143606,57,1,X3606,2,22,220,14,0,,26,1,3,,,,,,19,0,145,168,2,,,,14,0924,147,2,,,,222,,,2,,1959,2.0
59IN00988,1957143609,57,2,X3609,2,37,370,14,,09,12,,3,13,1,4,,100,12,,107,143,,,084,047,14,,098,2,,1755,2,70 37,0,,2,,1959,2.0
59IN00989,1957143610,57,2,X3610,2,26,260,14,,09,25,,3,32,1,3,,103,09,,117,152,,,076,041,14,,090,2,,2638,2,46 26,0,,2,,1959,2.0
59IN00990,1957143616,57,1,X3616,2,26,260,14,,,24,3,3,,,,,,,,149,163,6,,,,14,1101,169,2,,2638,2,214,1606,2,2,,1959,2.0
59IN00991,1957143618,57,2,X3618,2,28,280,14,,11,28,,3,45,1,4,,091,12,,104,139,,,076,044,14,,096,2,,2775,2,25 28,0,,2,,1959,2.0
59IN00992,1957143632,57,2,X3632,2,50,500,14,,10,28,,3,,1,3,,084,10,,105,131,2,,074,032,14,0924,067,1,,1705,2,    2,5,,2,,1959,2.0
59IN00993,1957143641,57,2,X3641,2,46,461,14,,10,38,,3,52,1,3,,092,10,,111,148,,,075,039,14,,087,1,,1575,2,70 46,0,,2,,1959,2.0
59IN00994,1957143643,57,2,X3643,2,25,250,14,,09,12,,3,00,1,4,,087,06,,106,125,,,074,034,14,,085,2,,2527,2,00 25,0,,2,,1959,2.0
59IN00995,1957143644,57,1,X3644,2,49,490,14,,,11,1,3,,,,,,,,149,172,,,,,14,,144,2,,2776,2,199,0761,2,2,,1959,2.0
59IN00996,1957143647,57,1,X3647,2,54,540,14,,,14,3,3,,,,,,16,2,134,157,2,,,,14,0924,146,2,,2123,2,212,0195,2,2,,1959,2.0
59IN00997,1957143649,57,2,X3649,2,46,461,14,,10,24,,3,27,1,3,,098,13,,106,140,,,078,046,14,,085,2,,1575,2,75 46,1,,2,,1959,2.0
59IN00998,1957143651,57,2,X3651,2,53,530,14,,10,14,1,3,33,1,1,,078,10,,92,120,,,086,047,14,,087,3,,1857,2,71 53,0,,2,,1959,2.0
59IN00999,1957143658,57,1,X3658,2,54,540,14,,,25,1,3,,,,,,16,2,133,153,2,,,,14,0924,120,2,,2123,2,200,1551,2,2,,1959,2.0
59IN01000,1957143667,57,1,X3667,2,45,450,14,,,00,1,3,,,,,,,,168,180,,,,,14,,175,2,,7246,1,230,2122,2,2,,1959,2.0
59IN01001,1957143672,57,2,X3672,2,45,450,14,,09,00,,3,,1,4,,093,09,,113,148,3,,071,038,14,1218,083,2,,7246,1,,,,2,,1959,2.0
59IN01002,1957143676,57,2,X3676,2,26,260,14,,09,24,,3,,1,3,,086,09,,114,143,2,,070,033,14,0924,076,2,,2638,2,    2,6,,2,,1959,2.0
59IN01003,1957143681,57,2,X3681,2,26,260,14,,09,22,,3,35,1,3,,108,09,,126,133,,,075,034,14,,087,2,,2638,2,08 26,0,,2,,1959,2.0
59IN01004,1957143684,57,2,X3684,2,22,220,14,,10,35,,3,31,1,3,,084,09,,108,138,,,072,037,14,,084,2,,2249,2,77 22,0,,2,,1959,2.0
59IN01005,1957143689,57,2,X3689,2,25,250,14,,09,20,,3,00,1,4,,083,09,,89,120,,,085,047,14,,095,2,,2527,2,00 25,1,,2,,1959,2.0
59IN01006,1957143696,57,2,X3696,2,29,290,14,,08,00,,3,19,1,1,,099,09,,116,145,,,072,037,14,,094,2,,7166,3,49 29,1,,2,,1959,2.0
59IN01007,1957143701,57,2,X3701,2,51,510,14,,09,30,,3,28,1,1,,091,10,,111,122,,,085,047,14,,088,2,,1470,2,59 51,0,,2,,1959,2.0
59IN01008,1957143706,57,2,X3706,2,46,460,14,,09,21,,3,,1,3,,090,12,,98,127,,,082,036,14,,078,2,,2583,2,   37,5,,2,,1959,2.0
59IN01009,1957143710,57,2,X3710,2,26,260,14,,11,30,,3,33,1,3,,085,10,,105,119,,,086,044,14,,103,2,,2638,2,02 26,0,,2,,1959,2.0
59IN01010,1957143714,57,2,X3714,2,22,220,14,,12,41,,3,,1,3,,069,11,,91,110,2,,075,037,14,0924,081,2,,2249,2,    2,5,,2,,1959,2.0
59IN01011,1957143717,57,1,X3717,2,36,360,14,,,24,1,3,,,,,,,,156,186,,,,,14,,144,2,,2092,2,223,1533,2,2,,1959,2.0
59IN01012,1957143720,57,2,X3720,2,35,350,14,,11,22,,3,22,1,3,,093,13,,127,148,,,087,039,14,,081,3,,0781,2,81 35,0,,2,,1959,2.0
59IN01013,1957143722,57,1,X3722,2,40,401,14,,,23,3,3,,,,,,,,161,172,,,,,14,,149,2,,2435,2,227,0631,2,2,,1959,2.0
59IN01014,1957143726,57,2,X3726,2,29,290,14,,09,00,,3,17,1,3,,093,09,,130,147,,,075,043,14,,095,2,,7166,3,17 29,0,,2,,1959,2.0
59IN01015,1957143734,57,2,X3734,2,51,510,14,,11,33,,3,25,1,3,,086,09,,116,131,,,067,034,14,,069,1,,1470,2,61 51,1,,2,,1959,2.0
59IN01016,1957143735,57,1,X3735,2,46,460,14,,,25,1,3,,,,,,,,172,160,,,,,14,,142,2,,2583,2,221,0729,2,2,,1959,2.0
59IN01017,1957143736,57,2,X3736,2,47,471,14,,10,30,,3,44,1,4,,094,11,,119,147,,,071,039,14,,101,2,,2461,2,60 47,0,,2,,1959,2.0
59IN01018,1957143742,57,2,X3742,2,50,500,14,,10,27,,3,,1,3,,092,10,,106,130,2,,076,040,14,0924,074,2,,1705,2,    2,6,,2,,1959,2.0
59IN01019,1957143745,57,2,X3745,2,51,510,14,,09,22,,3,24,1,3,,089,11,,108,125,,,071,041,14,,085,2,,1470,2,87 51,0,,2,,1959,2.0
59IN01020,1957143750,57,2,X3750,2,22,220,14,,09,35,,3,31,1,4,,088,10,,105,130,,,071,037,14,,086,2,,2249,2,92 22,0,,2,,1959,2.0
59IN01021,1957143752,57,2,X3752,2,36,360,14,,09,29,,3,,1,3,,083,08,,98,125,2,,075,038,14,0924,082,2,,2092,2,    2,6,,2,,1959,2.0
59IN01022,1957143761,57,2,X3761,2,35,350,14,,10,35,,3,,1,3,,094,11,,123,,7,,076,039,14,1001,089,2,,0781,2,,,,2,,1959,2.0
59IN01023,1957143762,57,2,X3762,2,44,440,14,,08,25,,3,31,1,1,,094,09,,113,132,,,057,036,14,,074,2,,2190,2,29 44,0,,2,,1959,2.0
59IN01024,1957143767,57,1,X3767,2,28,280,14,,,27,1,3,,,,,,,,135,155,3,,,,14,0801,146,2,,2775,2,208,2359,2,2,,1959,2.0
59IN01025,1957143772,57,2,X3772,2,37,370,14,,09,22,,3,15,1,1,,104,10,,111,138,,,084,044,14,,094,2,,1755,2,96 37,1,,2,,1959,2.0
59IN01026,1957143773,57,2,X3773,2,44,440,14,,09,20,,3,,1,1,,097,09,,,,7,,061,032,14,0602,075,2,,2190,2,,,,2,,1959,2.0
59IN01027,1957143776,57,1,X3776,2,44,440,14,,,21,3,3,,,,,,,,193,213,,,,,14,,156,2,,2190,2,274,0879,2,2,,1959,2.0
59IN01028,1957143780,57,2,X3780,2,49,491,14,,07,15,,3,,1,3,,108,13,,120,146,,,061,030,14,,077,2,,2406,2,   37,5,,2,,1959,2.0
59IN01029,1957143783,57,2,X3783,2,28,280,14,,11,32,,3,47,1,3,,084,13,,99,131,,,078,036,14,,069,2,,2775,2,33 28,0,,2,,1959,2.0
59IN01030,1957143785,57,2,X3785,2,53,530,14,,10,10,,3,,1,1,,080,08,,93,131,2,,090,044,14,0924,075,2,,1857,2,    2,5,,2,,1959,2.0
59IN01031,1957143789,57,2,X3789,2,46,461,14,,10,19,,3,43,1,3,,093,13,,101,130,,,070,042,14,,088,2,,1575,2,21 46,0,,2,,1959,2.0
59IN01032,1957143790,57,2,X3790,2,46,461,14,,11,19,,3,,1,3,,084,14,,108,135,,,073,042,14,,078,2,,1575,2,   37,4,,2,,1959,2.0
59IN01033,1957143793,57,2,X3793,2,44,440,14,,10,16,,3,29,1,3,,088,08,,105,120,,,072,040,14,,081,2,,2190,2,20 44,1,,2,,1959,2.0
59IN01034,1957143798,57,2,X3798,2,54,540,14,,10,20,2,3,18,1,1,,076,10,,88,114,,,078,042,14,,082,2,,2123,2,70 54,0,,2,,1959,2.0
59IN01035,1957143799,57,1,X3799,2,29,290,14,,,00,4,3,,,,,,15,7,180,215,2,,,,14,0924,141,2,,7166,3,226,1857,2,2,,1959,2.0
59IN01036,1957143801,57,2,X3801,2,45,450,14,,09,00,,3,14,1,4,,088,09,,102,126,,,080,036,14,,077,2,,7246,1,56 45,0,,2,,1959,2.0
59IN01037,1957143805,57,2,X3805,2,45,450,14,,07,00,,3,14,1,4,,117,09,,124,156,,,078,048,14,,089,2,,7246,1,95 45,0,,2,,1959,2.0
59IN01038,1957143807,57,2,X3807,2,44,440,14,,09,28,,3,32,1,1,,098,08,,104,125,,,075,039,14,,091,2,,2190,2,09 44,0,,2,,1959,2.0
59IN01039,1957143808,57,1,X3808,2,44,440,14,,,17,1,3,,,,,,,,,,7,,,,14,0530,,,,2190,2,,0627,2,2,,1959,2.0
59IN01040,1957143813,57,2,X3813,2,53,530,14,,11,18,,3,,1,1,,074,09,,85,115,2,,082,043,14,0924,080,2,,1857,2,    2,6,,2,,1959,2.0
59IN01041,1957143816,57,2,X3816,2,54,540,14,,09,13,1,3,16,1,1,,081,09,,97,120,,,080,038,14,,077,2,,2123,2,21 54,0,,2,,1959,2.0
59IN01042,1957143818,57,2,X3818,2,29,290,14,,09,00,,3,24,1,1,,096,07,,117,155,,,092,049,14,,100,2,,7166,3,02 29,1,,2,,1959,2.0
59IN01043,1957143826,57,2,X3826,2,50,500,14,,10,38,,3,,1,1,,075,10,,,,7,,075,035,14,0602,063,2,,1705,2,,,,2,,1959,2.0
59IN01044,1957143828,57,1,X3828,2,36,360,14,,,34,1,3,,,,,,,,158,180,,,,,14,,149,2,,2092,2,226,1899,2,2,,1959,2.0
59IN01045,1957143829,57,1,X3829,2,26,260,14,,,25,1,3,,,,,,,,170,173,,,,,14,,167,2,,2638,2,236,0982,2,2,,1959,2.0
59IN01046,1957143830,57,2,X3830,2,49,490,14,,09,31,,3,,1,3,,091,09,,127,134,,,057,030,14,,074,1,,2776,2,   37,4,,2,,1959,2.0
59IN01047,1957143833,57,2,X3833,2,44,440,14,,09,31,,3,,1,3,,092,10,,116,143,2,,080,036,14,0924,082,2,,2190,2,    2,5,,2,,1959,2.0
59IN01048,1957143836,57,2,X3836,2,46,460,14,,10,28,,3,,1,4,,094,12,,125,138,2,,068,030,14,0924,069,2,,2583,2,    2,6,,2,,1959,2.0
59IN01049,1957143839,57,2,X3839,2,26,260,14,,09,20,,3,30,1,3,,106,09,,116,140,,,063,039,14,,095,2,,2638,2,33 26,0,,2,,1959,2.0
59IN01050,1957143843,57,1,X3843,2,22,220,14,,,31,5,3,,,,,,19,0,144,156,2,,,,14,0924,131,2,,2249,2,214,2070,2,2,,1959,2.0
59IN01051,1957143851,57,2,X3851,2,29,290,14,,10,13,,3,18,1,3,,092,10,,107,118,,,079,039,14,,083,2,,7166,3,30 29,0,,2,,1959,2.0
59IN01052,1957143853,57,2,X3853,2,39,390,14,,11,11,,3,,1,3,,082,13,,100,111,,,077,045,14,,090,2,,0396,2,   29,5,,2,,1959,2.0
59IN01053,1957143854,57,2,X3854,2,39,390,14,,10,11,,3,,1,3,,082,12,,101,134,2,,062,041,14,0924,087,2,,0396,2,    2,5,,2,,1959,2.0
59IN01054,1957143855,57,2,X3855,2,29,290,14,,09,00,,3,17,1,1,,103,10,,122,151,,,087,057,14,,110,2,,7166,3,26 29,0,,2,,1959,2.0
59IN01055,1957143860,57,2,X3860,2,35,350,14,,11,40,,3,24,1,4,,078,14,,114,130,,,089,038,14,,079,2,,0781,2,89 35,0,,2,,1959,2.0
59IN01056,1957143861,57,2,X3861,2,63,700,14,,09,,,3,,6,1,,093,09,,108,139,2,,087,043,14,0924,081,2,,2724,2,    2,6,,2,,1959,2.0
59IN01057,1957143863,57,2,X3863,2,51,511,14,,09,19,,3,,1,3,,083,09,,98,131,,,083,046,14,,093,2,,2374,2,   25,5,,2,,1959,2.0
59IN01058,1957143872,57,2,X3872,2,29,290,14,,09,13,,3,23,1,1,,093,09,,111,152,,,088,055,14,,115,2,,7166,3,89 29,1,,2,,1959,2.0
59IN01059,1957143875,57,2,X3875,2,47,471,14,,08,24,,3,41,1,4,,105,08,,126,153,,,070,037,14,,088,2,,2461,2,66 47,0,,2,,1959,2.0
59IN01060,1957143876,57,1,X3876,2,54,540,14,,,16,5,3,,,,,,,,114,141,3,,,,14,0801,117,2,,2123,2,192,9952,2,2,,1959,2.0
59IN01061,1957143877,57,2,X3877,2,54,540,14,,12,16,3,3,16,1,3,,068,12,,88,116,,,077,036,14,,066,2,,2123,2,56 54,0,,2,,1959,2.0
59IN01062,1957143879,57,2,X3879,2,28,280,14,,09,33,,3,47,1,1,,088,12,,106,140,,,066,039,14,,093,2,,2775,2,68 28,0,,2,,1959,2.0
59IN01063,1957143880,57,2,X3880,2,37,370,14,,09,22,,3,,1,1,,104,11,,112,138,3,,080,045,14,1218,089,2,,1755,2,,,,2,,1959,2.0
59IN01064,1957143885,57,2,X3885,2,39,391,14,,10,15,,3,18,1,3,,093,09,,103,134,,,087,042,14,,080,2,,2916,2,45 39,0,,2,,1959,2.0
59IN01065,1957143891,57,1,X3891,2,54,540,14,,,17,5,3,,,,,,16,2,166,186,2,,,,14,0924,131,2,,2123,2,228,0334,2,2,,1959,2.0
59IN01066,1957143892,57,2,X3892,2,53,530,14,,08,07,3,3,30,1,1,,103,09,,118,145,,,078,052,14,,102,2,,1857,2,44 53,0,,2,,1959,2.0
59IN01067,1957143893,57,2,X3893,2,53,530,14,,09,07,2,3,30,1,1,,102,09,,113,139,,,079,051,14,,093,2,,1857,2,44 53,0,,2,,1959,2.0
59IN01068,1957143899,57,1,X3899,2,35,350,14,,,18,1,3,,,,,,,,154,178,3,,,,14,0801,115,2,,0781,2,217,1459,2,2,,1959,2.0
59IN01069,1957143900,57,1,X3900,2,37,370,14,,,13,1,3,,,,,,16,3,149,172,2,,,,14,0924,150,2,,1755,2,207,1104,2,2,,1959,2.0
59IN01070,1957143903,57,2,X3903,2,22,220,14,,11,28,,3,30,1,3,,087,09,,96,125,,,078,042,14,,096,2,,2249,2,96 22,0,,2,,1959,2.0
59IN01071,1957143908,57,2,X3908,2,36,360,14,,11,32,,3,29,1,4,,094,09,,112,134,,,076,050,14,,110,2,,2092,2,58 36,0,,2,,1959,2.0
59IN01072,1957143913,57,1,X3913,2,53,530,14,,,21,1,3,,,,,,,,119,150,3,,,,14,0801,147,2,,1857,2,183,2228,2,2,,1959,2.0
59IN01073,1957143914,57,1,X3914,2,46,460,14,,,24,1,3,,,,,,,,138,160,,,,,14,,110,2,,2583,2,206,2352,2,2,,1959,2.0
59IN01074,1957143921,57,2,X3921,2,51,511,14,,10,18,,3,29,1,1,,078,10,,86,109,,,074,043,14,,088,2,,2374,2,22 51,1,,2,,1959,2.0
59IN01075,1957143922,57,2,X3922,2,22,220,14,,10,30,,3,,1,4,,081,09,,84,,6,,069,032,14,0215,082,2,,2249,2,,,,2,,1959,2.0
59IN01076,1957143925,57,1,X3925,2,44,440,14,,,23,1,3,,,,,,,,149,165,3,,,,14,0801,149,2,,2190,2,220,2730,2,2,,1959,2.0
59IN01077,1957143926,57,2,X3926,2,40,401,14,,10,33,,3,34,1,3,,083,06,,102,124,,,069,031,14,,068,2,,2435,2,66 40,0,,2,,1959,2.0
59IN01078,1957143948,57,2,X3948,2,51,510,14,,11,18,,3,,1,1,,074,09,,103,125,,,071,035,14,,083,2,,1470,2,   25,4,,2,,1959,2.0
59IN01079,1957143950,57,2,X3950,2,53,530,14,,10,13,1,3,33,1,1,,086,07,,96,125,,,080,044,14,,076,3,,1857,2,32 53,0,,2,,1959,2.0
59IN01080,1957143955,57,1,X3955,2,35,350,14,,,27,5,3,,,,,,,,140,162,3,,,,14,0801,130,2,,0781,2,204,0553,2,2,,1959,2.0
59IN01081,1957143956,57,2,X3956,2,35,350,14,,09,27,,3,24,1,4,,099,11,,108,136,,,084,038,14,,077,2,,0781,2,62 35,0,,2,,1959,2.0
59IN01082,1957143957,57,2,X3957,2,53,530,14,,09,15,,3,,1,1,,094,09,,115,136,2,,076,042,14,0924,077,2,,1857,2,    2,6,,2,,1959,2.0
59IN01083,1957143958,57,1,X3958,2,53,530,14,,,15,5,3,,,,,,16,2,138,156,2,,,,14,0924,149,3,,1857,2,212,1894,2,2,,1959,2.0
59IN01084,1957143963,57,1,X3963,2,53,530,14,,,10,1,3,,,,,,16,3,124,146,2,,,,14,0924,138,3,,1857,2,209,1286,2,2,,1959,2.0
59IN01085,1957143969,57,2,X3969,2,25,250,14,,09,13,,3,,1,4,,084,09,,98,125,2,,086,030,14,0924,062,1,,2805,2,    2,5,,2,,1959,2.0
59IN01086,1957143970,57,2,X3970,2,25,250,14,,11,13,,3,00,1,3,,086,09,,98,113,,,073,032,14,,073,2,,2805,2,00 25,0,,2,,1959,2.0
59IN01087,1957143971,57,2,X3971,2,40,400,14,,10,26,,3,,1,4,,086,11,,97,140,2,,071,034,14,0924,089,2,,1596,2,    2,5,,2,,1959,2.0
59IN01088,1957143974,57,2,X3974,2,25,250,14,,09,28,,3,,1,4,,098,09,,107,138,3,,082,042,14,1218,084,2,,2805,2,,,,2,,1959,2.0
59IN01089,1957143978,57,2,X3978,2,29,290,14,,08,00,,3,17,1,1,,110,09,,112,160,,,077,047,14,,097,2,,7166,3,10 29,0,,2,,1959,2.0
59IN01090,1957143986,57,2,X3986,2,39,390,14,,12,11,,3,27,1,4,,090,09,,99,135,,,092,053,14,,103,2,,0396,2,53 39,1,,2,,1959,2.0
59IN01091,1957143987,57,2,X3987,2,35,350,14,,10,20,,3,23,1,4,,088,11,,108,130,,,075,033,14,,070,2,,0781,2,50 35,0,,2,,1959,2.0
59IN01092,1957143989,57,2,X3989,2,53,530,14,,09,13,3,3,33,1,1,,086,09,,111,135,,,088,050,14,,097,2,,1857,2,42 53,0,,2,,1959,2.0
59IN01093,1957143991,57,2,X3991,2,39,391,14,,10,19,,3,,1,3,,086,09,,104,134,,,077,034,14,,074,2,,2916,2,   29,4,,2,,1959,2.0
59IN01094,1957143992,57,2,X3992,2,37,370,14,,10,22,,3,08,1,1,,096,14,,112,151,,,080,042,14,,080,2,,1755,2,89 37,0,,2,,1959,2.0
59IN01095,1957144008,57,1,X4008,2,25,250,14,,,20,1,3,,,,,,19,1,146,170,2,,,,14,0924,144,2,,2805,2,216,1630,2,2,,1959,2.0
59IN01096,1957144015,57,1,X4015,2,51,511,14,,,21,5,3,,,,,,,,133,154,,,,,14,,118,2,,2374,2,212,0139,2,2,,1959,2.0
59IN01097,1957144021,57,1,X4021,2,49,491,14,,,31,1,3,,,,,,,,,,7,,,,14,0530,,,,2406,2,,2373,2,2,,1959,2.0
59IN01098,1957144022,57,1,X4022,2,47,470,14,,,17,1,3,,,,,,19,0,158,165,2,,,,14,0924,132,2,,0603,2,219,2410,2,2,,1959,2.0
59IN01099,1957144023,57,2,X4023,2,36,360,14,,11,32,,3,15,1,4,,103,10,,120,152,,,080,041,14,,084,2,,2092,2,80 36,0,,2,,1959,2.0
59IN01100,1957144025,57,2,X4025,2,47,471,14,,09,29,,3,,1,4,,084,11,,96,116,3,,081,040,14,1218,072,2,,2461,2,,,,2,,1959,2.0
59IN01101,1957144026,57,1,X4026,2,47,471,14,,,29,5,3,,,,,,,,137,150,,,,,14,,120,2,,2461,2,215,1054,2,2,,1959,2.0
59IN01102,1957144033,57,1,X4033,2,53,530,14,,,09,1,3,,,,,,16,3,150,178,2,,,,14,0924,154,3,,1857,2,215,2700,2,2,,1959,2.0
59IN01103,1957144036,57,2,X4036,2,36,360,14,,11,25,,3,,1,4,,085,09,,95,133,2,,075,035,14,0924,081,2,,2092,2,    2,5,,2,,1959,2.0
59IN01104,1958144039,58,2,X4039,2,44,440,14,,08,26,,2,43,1,1,  2,086,09,,86,113,,,096,061,14,,132,3,,3220,2,33 44,0,,1,,1959,1.0
59IN01105,1958144040,58,2,X4040,2,44,440,14,,08,20,,2,40,1,1,  2,094,08,,94,130,,,074,042,14,,089,2,,3220,2,07 44,0,,1,,1959,1.0
59IN01106,1958144041,58,2,X4041,2,44,440,14,,08,24,,2,30,1,3,  2,114,11,,114,135,,,086,042,14,,129,4,,3220,2,64 44,1,,1,,1959,1.0
59IN01107,1958144044,58,2,X4044,2,39,390,14,,10,22,,2,,1,4,  2,084,14,,84,110,,,075,036,14,,090,2,,1714,2,   00,0,,1,,1959,1.0
59IN01108,1958144048,58,1,X4048,2,54,540,14,,,24,1,2,,,,,,15,8,111,132,2,,,,14,0924,092,2,,2504,2,208,2472,2,1,,1959,1.0
59IN01109,1958144050,58,2,X4050,2,44,440,14,,10,32,,2,46,1,1,  2,098,09,,98,133,,,076,045,14,,108,3,,3220,2,18 44,0,,1,,1959,1.0
59IN01110,1958144055,58,2,X4055,2,50,500,14,,09,41,,2,52,1,1,  2,085,12,,85,118,,,068,035,14,,081,2,,1705,2,84 50,0,,1,,1959,1.0
59IN01111,1958144056,58,2,X4056,2,44,441,14,,08,16,,2,24,1,3,  2,092,09,,92,116,,,078,041,14,,120,2,,2953,2,91 44,1,,1,,1959,1.0
59IN01112,1958144057,58,2,X4057,2,50,500,14,,10,44,,2,54,1,3,  1,083,10,,83,104,,,066,027,14,,059,2,,1705,2,50 50,0,,1,,1959,1.0
59IN01113,1958144060,58,1,X4060,2,22,220,14,,,30,5,2,,,,,,,,111,130,,,,,14,,087,2,,3302,2,208,1967,2,1,,1959,1.0
59IN01114,1958144061,58,2,X4061,2,35,350,14,,09,30,,2,36,1,3,  1,081,10,,81,104,,,070,030,14,,084,2,,3327,2,25 35,0,,1,,1959,1.0
59IN01115,1958144063,58,2,X4063,2,39,391,14,,09,13,,2,,1,4,  2,083,12,,83,116,,,082,039,14,,109,2,,0396,2,   25,4,,1,,1959,1.0
59IN01116,1958144065,58,2,X4065,2,26,260,14,,07,23,,2,40,1,3,  2,098,07,,98,135,,,070,028,14,,080,2,,2638,2,80 26,0,,1,,1959,1.0
59IN01117,1958144066,58,1,X4066,2,26,260,14,,,23,5,2,,,,,,,,135,145,,,,,14,,105,2,,2638,2,243,3205,2,1,,1959,1.0
59IN01118,1958144067,58,2,X4067,2,26,260,14,,06,24,,2,33,1,4,  1,096,09,,96,123,,,075,035,14,,123,2,,2638,2,24 26,0,,1,,1959,1.0
59IN01119,1958144069,58,1,X4069,2,50,500,14,,,22,5,2,,,,,,,,96,119,3,,,,14,0801,082,2,,1705,2,211,0071,2,1,,1959,1.0
59IN01120,1958144071,58,1,X4071,2,82,345,14,,,,1,2,,,,,,,,133,158,3,,,,14,0801,140,2,,4079,1,207,2352,2,1,,1959,1.0
59IN01121,1958144072,58,2,X4072,2,54,540,14,,07,16,2,2,21,1,1,  2,090,12,,90,121,,,084,044,14,,120,2,,2504,2,06 54,0,,1,,1959,1.0
59IN01122,1958144076,58,1,X4076,2,45,450,14,,,14,4,2,,,,,,,,127,143,3,,,,14,0801,119,2,,2926,2,209,1159,2,1,,1959,1.0
59IN01123,1958144078,58,2,X4078,2,26,260,14,,06,30,,2,33,1,3,  2,098,09,,98,125,,,079,038,14,,136,2,,2638,2,02 26,0,,1,,1959,1.0
59IN01124,1958144082,58,1,X4082,2,50,500,14,,,11,1,2,,,,,,,,129,142,3,,,,14,0801,123,2,,1705,2,211,1704,2,1,,1959,1.0
59IN01125,1958144084,58,2,X4084,2,26,260,14,,10,25,,2,32,1,3,  4,088,08,,88,120,,,076,038,14,,110,2,,2638,2,46 26,0,,1,,1959,1.0
59IN01126,1958144085,58,2,X4085,2,29,290,14,,07,20,,2,19,1,1,  2,098,08,,98,135,,,080,037,14,,097,2,,3799,2,99 29,1,,1,,1959,1.0
59IN01127,1958144087,58,1,X4087,2,44,441,14,,,17,1,2,,,,,,,,137,154,,,,,14,,088,2,,2953,2,226,2730,2,1,,1959,1.0
59IN01128,1958144090,58,1,X4090,2,53,530,14,,,12,5,2,,,,,,,,106,126,2,,,,14,0924,100,2,,1857,2,201,0914,2,1,,1959,1.0
59IN01129,1958144091,58,2,X4091,2,53,530,14,,12,12,,2,,1,1,  2,066,10,,66,89,2,,077,037,14,0924,110,2,,1857,2,    2,2,,1,,1959,1.0
59IN01130,1958144093,58,1,X4093,2,26,260,14,,,24,3,2,,,,,,,,133,150,,,,,14,,111,2,,2638,2,229,2592,2,1,,1959,1.0
59IN01131,1958144095,58,1,X4095,2,53,530,14,,,08,5,2,,,,,,,,108,130,,,,,14,,091,2,,1857,2,212,0835,2,1,,1959,1.0
59IN01132,1958144099,58,2,X4099,2,22,220,14,,08,29,,2,40,1,3,  2,098,09,,98,133,,,085,057,14,,152,2,,3302,2,09 22,0,,1,,1959,1.0
59IN01133,1958144100,58,1,X4100,2,22,220,14,,,29,3,2,,,,,,,,134,156,,,,,14,,109,2,,3302,2,227,1532,2,1,,1959,1.0
59IN01134,1958144104,58,2,X4104,2,54,540,14,,07,13,1,2,20,1,1,  2,103,09,,103,137,,,086,049,14,,114,2,,2504,2,05 54,0,,1,,1959,1.0
59IN01135,1958144105,58,2,X4105,2,54,540,14,,08,13,3,2,20,1,1,  1,095,09,,95,119,,,078,037,14,,092,2,,2504,2,05 54,0,,1,,1959,1.0
59IN01136,1958144107,58,2,X4107,2,22,220,14,,11,40,,2,42,1,3,  3,078,11,,78,102,,,070,030,14,,083,2,,3302,2,92 22,0,,1,,1959,1.0
59IN01137,1958144109,58,2,X4109,2,36,360,14,,08,30,,2,36,1,3,  2,093,10,,93,123,,,080,044,14,,127,3,,2377,2,39 36,0,,1,,1959,1.0
59IN01138,1958144112,58,1,X4112,2,36,360,14,,,26,4,2,,,,,,,,,,6,,,,14,0217,,,,2377,2,,1899,2,1,,1959,1.0
59IN01139,1958144113,58,2,X4113,2,36,360,14,,10,26,,2,35,1,3,  2,077,10,,77,109,,,090,039,14,,120,3,,2377,2,25 36,0,,1,,1959,1.0
59IN01140,1958144114,58,1,X4114,2,54,540,14,,,15,5,2,,,,,,,,128,143,,,,,14,,127,2,,2504,2,237,2212,2,1,,1959,1.0
59IN01141,1958144116,58,1,X4116,2,39,391,14,,,33,3,2,,,,,,,,133,153,,,,,14,,123,2,,0396,2,226,1532,2,1,,1959,1.0
59IN01142,1958144123,58,2,X4123,2,51,510,14,,11,18,,2,,1,3,  2,062,13,,62,92,2,,076,028,14,0924,065,1,,2374,2,    2,3,,1,,1959,1.0
59IN01143,1958144124,58,2,X4124,2,51,510,14,,08,18,,2,29,1,3,  4,086,10,,86,108,,,084,039,14,,089,2,,2374,2,22 51,0,,1,,1959,1.0
59IN01144,1958144127,58,2,X4127,2,36,360,14,,13,35,,2,38,1,3,  2,066,11,,66,90,,,076,033,14,,086,2,,2377,2,25 36,0,,1,,1959,1.0
59IN01145,1958144129,58,2,X4129,2,46,461,14,,11,22,,2,,1,4,  2,074,10,,74,108,,,081,027,14,,055,2,,1994,2,   29,5,,1,,1959,1.0
59IN01146,1958144131,58,2,X4131,2,39,390,14,,10,12,,2,34,1,4,  1,088,11,,88,119,,,070,028,14,,075,2,,1714,2,19 39,0,,1,,1959,1.0
59IN01147,1958144135,58,2,X4135,2,50,500,14,,10,43,,2,53,1,3,  2,084,14,,84,109,,,071,030,14,,070,K,,1705,2,94 50,0,,1,,1959,1.0
59IN01148,1958144138,58,2,X4138,2,50,500,14,,09,39,,2,51,1,3,  1,082,12,,82,101,,,075,030,14,,077,2,,1705,2,61 50,0,,1,,1959,1.0
59IN01149,1958144142,58,1,X4142,2,29,290,14,,,15,1,2,,,,,,,,132,157,,,,,14,,128,3,,3799,2,226,1648,2,1,,1959,1.0
59IN01150,1958144143,58,1,X4143,2,40,401,14,,,33,1,2,,,,,,,,135,160,,,,,14,,103,2,,2435,2,234,2837,2,1,,1959,1.0
59IN01151,1958144144,58,1,X4144,2,40,401,14,,,26,1,2,,,,,,,,110,128,3,,,,14,0801,101,2,,2435,2,222,2452,2,1,,1959,1.0
59IN01152,1958144145,58,2,X4145,2,46,461,14,,11,31,,2,32,1,4,  2,079,10,,79,106,,,088,037,14,,076,2,,1994,2,66 46,0,,1,,1959,1.0
59IN01153,1958144148,58,1,X4148,2,54,540,14,,,25,1,2,,,,,,,,109,133,,,,,14,,085,2,,2504,2,227,2886,2,1,,1959,1.0
59IN01154,1958144149,58,1,X4149,2,50,500,14,,,24,1,2,,,,,,18,8,120,138,2,,,,14,0924,079,2,,1705,2,212,1298,2,1,,1959,1.0
59IN01155,1958144150,58,2,X4150,2,40,401,14,,10,23,,2,,1,2,  2,087,10,,87,120,2,,086,034,14,0924,113,2,,2435,2,    2,3,,1,,1959,1.0
59IN01156,1958144152,58,2,X4152,2,45,450,14,,11,17,,2,05,1,4,  1,078,12,,78,110,,,086,038,14,,109,2,,2926,2,42 45,0,,1,,1959,1.0
59IN01157,1958144153,58,2,X4153,2,29,290,14,,10,20,,2,24,1,1,  1,080,10,,80,117,,,080,036,14,,107,3,,3799,2,53 29,0,,1,,1959,1.0
59IN01158,1958144155,58,2,X4155,2,53,530,14,,09,09,2,2,31,1,1,  2,091,11,,91,110,,,091,048,14,,097,2,,1857,2,31 53,0,,1,,1959,1.0
59IN01159,1958144156,58,2,X4156,2,53,530,14,,09,09,,2,,1,1,  1,067,11,,67,87,3,,079,030,14,1123,092,2,,,,,,,1,,1959,1.0
59IN01160,1958144157,58,1,X4157,2,44,441,14,,,17,1,2,,,,,,18,9,126,148,2,,,,14,0924,098,2,,2953,2,211,2260,2,1,,1959,1.0
59IN01161,1958144161,58,2,X4161,2,22,220,14,,09,42,,2,42,1,3,  2,083,10,,83,124,,,070,029,14,,090,1,,3302,2,60 22,0,,1,,1959,1.0
59IN01162,1958144162,58,2,X4162,2,40,401,14,,08,24,,2,,1,3,  1,086,08,,86,113,2,,080,033,14,0924,116,2,,2435,2,    2,4,,1,,1959,1.0
59IN01163,1958144163,58,2,X4163,2,26,260,14,,10,17,,2,28,1,3,  2,077,10,,77,104,,,077,043,14,,112,2,,2638,2,97 26,0,,1,,1959,1.0
59IN01164,1958144166,58,2,X4166,2,22,220,14,,11,33,,2,,1,3,  1,088,09,,88,111,2,,075,037,14,0924,099,2,,3302,2,    2,2,,1,,1959,1.0
59IN01165,1958144168,58,2,X4168,2,40,400,14,,09,31,,2,46,1,4,  2,097,09,,97,116,,,066,032,14,,089,2,,3087,2,92 40,0,,1,,1959,1.0
59IN01166,1958144172,58,1,X4172,2,82,344,14,,,,5,2,,,,,,18,7,131,154,2,,,,14,0924,112,2,,4458,1,213,0925,2,1,,1959,1.0
59IN01167,1958144174,58,1,X4174,2,53,530,14,,,17,1,2,,,,,,,,124,144,,,,,14,,147,5,,1857,2,217,1693,2,1,,1959,1.0
59IN01168,1958144177,58,2,X4177,2,26,260,14,,07,22,,2,35,1,3,  2,106,09,,106,138,,,080,043,14,,116,2,,2638,2,08 26,0,,1,,1959,1.0
59IN01169,1958144178,58,2,X4178,2,45,450,14,,08,13,,2,06,1,4,  3,090,11,,90,125,,,095,052,14,,125,3,,2926,2,50 45,0,,1,,1959,1.0
59IN01170,1958144179,58,1,X4179,2,53,530,14,,,10,4,2,,,,,,16,0,106,126,2,,,,14,0924,089,2,,1857,2,210,3113,2,1,,1959,1.0
59IN01171,1958144180,58,1,X4180,2,53,530,14,,,10,3,2,,,,,,,,107,123,,,,,14,,072,3,,1857,2,217,3113,2,1,,1959,1.0
59IN01172,1958144182,58,2,X4182,2,40,401,14,,08,26,,2,32,1,3,  2,097,10,,97,123,,,074,036,14,,102,2,,2435,2,03 40,0,,1,,1959,1.0
59IN01173,1958144184,58,1,X4184,2,53,530,14,,,10,7,2,,,,,,,,123,138,,,,,14,,123,4,,1857,2,228,1286,2,1,,1959,1.0
59IN01174,1958144186,58,1,X4186,2,26,260,14,,,26,5,2,,,,,,,,123,140,,,,,14,,092,2,,2638,2,226,0881,2,1,,1959,1.0
59IN01175,1958144187,58,1,X4187,2,35,350,14,,,19,1,2,,,,,,,,118,133,3,,,,14,0801,081,1,,3327,2,206,0016,2,1,,1959,1.0
59IN01176,1958144188,58,1,X4188,2,49,491,14,,,23,3,2,,,,,,,,108,128,,,,,14,,077,2,,3080,2,193,1942,2,1,,1959,1.0
59IN01177,1958144189,58,2,X4189,2,37,370,14,,09,22,,2,15,1,1,  1,090,14,,90,116,,,088,046,14,,109,2,,1755,2,96 37,1,,1,,1959,1.0
59IN01178,1958144197,58,1,X4197,2,44,440,14,,,24,3,2,,,,,,,,122,135,3,,,,14,0801,115,2,,3220,2,215,2064,2,1,,1959,1.0
59IN01179,1958144199,58,2,X4199,2,53,530,14,,11,13,1,2,33,1,1,  1,079,09,,79,105,,,076,038,14,,091,2,,1857,2,42 53,0,,1,,1959,1.0
59IN01180,1958144200,58,2,X4200,2,46,460,14,,08,19,,2,26,1,3,  2,097,13,,97,135,,,084,042,14,,096,2,,1575,2,14 46,1,,1,,1959,1.0
59IN01181,1958144202,58,1,X4202,2,45,450,14,,,17,1,2,,,,,,,,,,6,,,,14,0119,,,,2926,2,,1860,2,1,,1959,1.0
59IN01182,1958144203,58,2,X4203,2,82,324,14,,09,,,2,,7,1,  4,101,10,,101,131,2,,090,053,14,0924,120,2,,4657,1,    2,3,,1,,1959,1.0
59IN01183,1958144204,58,1,X4204,2,50,500,14,,,35,1,2,,,,,,,,115,131,,,,,14,,073,K,,1705,2,214,1563,2,1,,1959,1.0
59IN01184,1958144206,58,1,X4206,2,26,260,14,,,25,3,2,,,,,,17,8,125,152,2,,,,14,0924,118,2,,2638,2,223,1754,2,1,,1959,1.0
59IN01185,1958144210,58,1,X4210,2,50,500,14,,,22,5,2,,,,,,,,104,118,3,,,,14,0801,078,2,,1705,2,210,0070,2,1,,1959,1.0
59IN01186,1958144211,58,1,X4211,2,28,280,14,,,33,3,2,,,,,,,,111,137,,,,,14,,084,2,,3226,2,208,2729,2,1,,1959,1.0
59IN01187,1958144212,58,2,X4212,2,28,280,14,,08,33,,2,37,1,3,  4,092,14,,92,121,,,065,034,14,,105,2,,3226,2,27 28,0,,1,,1959,1.0
59IN01188,1958144213,58,1,X4213,2,46,460,14,,,24,3,2,,,,,,,,110,126,3,,,,14,0801,099,2,,1575,2,203,0992,2,1,,1959,1.0
59IN01189,1958144214,58,2,X4214,2,46,460,14,,10,24,,2,27,1,5,  1,088,13,,88,122,,,080,042,14,,100,2,,1575,2,75 46,1,,1,,1959,1.0
59IN01190,1958144215,58,2,X4215,2,37,370,14,,07,22,,2,15,1,1,  2,097,15,,97,122,,,086,044,14,,099,2,,1755,2,99 37,0,,1,,1959,1.0
59IN01191,1958144218,58,1,X4218,2,29,290,14,,,14,5,2,,,,,,,,142,168,,,,,14,,100,2,,3799,2,236,2236,2,1,,1959,1.0
59IN01192,1958144220,58,2,X4220,2,51,510,14,,09,23,,2,,1,3,  1,093,10,,93,118,,,079,045,14,,100,2,,2374,2,   00,0,,1,,1959,1.0
59IN01193,1958144221,58,2,X4221,2,29,290,14,,08,20,,2,20,1,1,  1,096,10,,96,128,,,081,041,14,,129,2,,3799,2,04 29,1,,1,,1959,1.0
59IN01194,1958144222,58,2,X4222,2,25,250,14,,07,16,,2,00,1,4,  2,112,14,,112,145,,,081,036,14,,118,2,,2930,2,00 25,1,,1,,1959,1.0
59IN01195,1958144225,58,2,X4225,2,29,290,14,,10,19,,2,24,1,3,  1,081,11,,81,114,,,079,029,14,,097,2,,3799,2,98 29,0,,1,,1959,1.0
59IN01196,1958144235,58,1,X4235,2,29,290,14,,,14,1,2,,,,,,,,120,140,3,,,,14,0801,102,2,,3799,2,221,1527,2,1,,1959,1.0
59IN01197,1958144236,58,2,X4236,2,29,290,14,,10,21,,2,22,1,1,  4,093,11,,93,129,,,083,044,14,,115,2,,3799,2,03 29,1,,1,,1959,1.0
59IN01198,1958144237,58,1,X4237,2,82,344,14,,,,1,2,,,,,,18,2,126,145,2,,,,14,0924,113,2,,4458,1,227,2989,2,1,,1959,1.0
59IN01199,1958144238,58,2,X4238,2,37,370,14,,08,31,,2,12,1,1,  2,089,13,,89,113,,,078,042,14,,106,3,,1755,2,45 37,1,,1,,1959,1.0
59IN01200,1958144239,58,1,X4239,2,22,220,14,,,31,1,2,,,,,,,,118,131,,,,,14,,113,2,,3302,2,207,1281,2,1,,1959,1.0
59IN01201,1958144242,58,2,X4242,2,45,450,14,,09,16,,2,08,1,4,  1,091,10,,91,126,,,081,049,14,,127,2,,2926,2,60 45,0,,1,,1959,1.0
59IN01202,1958144245,58,2,X4245,2,82,474,14,,09,,,2,,1,3,  2,093,10,,93,119,2,,079,040,14,0924,100,2,,0603,2,    2,4,,1,,1959,1.0
59IN01203,1958144246,58,2,X4246,2,26,260,14,,08,24,,2,33,1,4,  2,086,09,,86,111,,,077,031,14,,101,2,,2638,2,24 26,0,,1,,1959,1.0
59IN01204,1958144247,58,1,X4247,2,26,260,14,,,24,5,2,,,,,,,,123,128,3,,,,14,0801,102,2,,2638,2,218,0943,2,1,,1959,1.0
59IN01205,1958144248,58,2,X4248,2,82,324,14,,09,,,2,,7,3,  2,088,13,,88,114,2,,077,036,14,0924,100,2,,4657,1,    2,3,,1,,1959,1.0
59IN01206,1958144249,58,1,X4249,2,82,324,14,,,,5,2,,,,,,,,126,145,3,,,,14,0801,132,2,,4657,1,224,0098,2,1,,1959,1.0
59IN01207,1958144252,58,2,X4252,2,44,441,14,,08,20,,2,26,1,3,  2,092,11,,92,120,,,081,041,14,,119,2,,2953,2,58 44,1,,1,,1959,1.0
59IN01208,1958144258,58,1,X4258,2,53,530,14,,,13,1,2,,,,,,,,114,143,,,,,14,,094,3,,1857,2,217,2572,2,1,,1959,1.0
59IN01209,1958144260,58,1,X4260,2,39,390,14,,,20,5,2,,,,,,,,111,130,3,,,,14,0801,089,2,,1714,2,205,2683,2,1,,1959,1.0
59IN01210,1958144261,58,2,X4261,2,64,570,14,,08,,,2,,5,3,  1,096,09,,96,131,2,,089,049,14,0924,119,2,,4610,1,    2,2,,1,,1959,1.0
59IN01211,1958144264,58,1,X4264,2,82,324,14,,,,1,2,,,,,,,,131,147,3,,,,14,0801,108,2,,4657,1,216,2300,2,1,,1959,1.0
59IN01212,1958144266,58,1,X4266,2,50,500,14,,,38,1,2,,,,,,,,93,118,,,,,14,,051,J,,1705,2,195,1692,2,1,,1959,1.0
59IN01213,1958144268,58,1,X4268,2,53,530,14,,,19,1,2,,,,,,,,116,136,,,,,14,,104,3,,1857,2,220,1933,2,1,,1959,1.0
59IN01214,1958144271,58,2,X4271,2,82,405,14,,06,,,2,,7,3,  1,107,09,,107,136,2,,074,044,14,0924,137,2,,2435,2,    2,4,,1,,1959,1.0
59IN01215,1958144273,58,2,X4273,2,46,460,14,,11,44,,2,,1,3,  1,073,12,,73,100,,,091,045,14,,095,2,,1575,2,   29,4,,1,,1959,1.0
59IN01216,1958144274,58,2,X4274,2,40,400,14,,09,33,,2,47,1,3,  1,101,09,,101,128,,,076,039,14,,126,2,,3087,2,93 40,0,,1,,1959,1.0
59IN01217,1958144283,58,1,X4283,2,44,440,14,,,32,1,2,,,,,,,,128,148,,,,,14,,133,3,,3220,2,227,2495,2,1,,1959,1.0
59IN01218,1958144286,58,1,X4286,2,44,441,14,,,21,5,2,,,,,,,,131,136,3,,,,14,0801,096,2,,2953,2,227,1836,2,1,,1959,1.0
59IN01219,1958144295,58,2,X4295,2,47,471,14,,08,29,,2,44,1,5,  2,087,08,,87,109,,,080,030,14,,081,3,,2461,2,10 47,0,,1,,1959,1.0
59IN01220,1958144296,58,2,X4296,2,47,471,14,,09,29,,2,44,1,3,  2,081,10,,81,110,,,084,039,14,,093,2,,2461,2,10 47,0,,1,,1959,1.0
59IN01221,1958144298,58,2,X4298,2,39,391,14,,10,11,,2,,1,3,  1,088,11,,88,120,,,075,041,14,,099,2,,0396,2,   24,5,,1,,1959,1.0
59IN01222,1958144299,58,2,X4299,2,00,000,14,,09,,,2,,0,3,  1,080,09,,80,109,2,,082,035,14,0924,088,2,,,,    2,3,,1,,1959,1.0
59IN01223,1958144308,58,1,X4308,2,49,491,14,,,23,1,2,,,,,,,,100,133,,,,,14,,075,1,,3080,2,204,0086,2,1,,1959,1.0
59IN01224,1958144309,58,1,X4309,2,37,370,14,,,36,1,2,,,,,,,,106,129,,,,,14,,091,2,,1755,2,226,3424,2,1,,1959,1.0
59IN01225,1958144310,58,2,X4310,2,51,510,14,,09,24,,2,,1,3,  2,088,13,,88,114,,,067,035,14,,090,2,,2374,2,   24,4,,1,,1959,1.0
59IN01226,1958144318,58,2,X4318,2,44,440,14,,08,19,,2,39,1,1,  2,102,10,,102,138,,,084,037,14,,098,2,,3220,2,49 44,0,,1,,1959,1.0
59IN01227,1958144319,58,2,X4319,2,53,530,14,,11,18,,2,,1,1,  1,073,09,,73,94,2,,078,030,14,0924,085,2,,1857,2,    2,4,,1,,1959,1.0
59IN01228,1958144328,58,2,X4328,2,47,471,14,,08,29,,2,44,1,4,  2,091,10,,91,114,,,090,048,14,,107,3,,2461,2,42 47,0,,1,,1959,1.0
59IN01229,1958144330,58,2,X4330,2,35,350,14,,10,20,,2,33,1,3,  3,085,13,,85,115,,,082,040,14,,082,2,,3327,2,67 35,0,,1,,1959,1.0
59IN01230,1958144331,58,2,X4331,2,53,530,14,,06,08,3,2,31,1,1,  3,092,09,,92,115,,,090,036,14,,085,4,,1857,2,10 53,0,,1,,1959,1.0
59IN01231,1958144334,58,2,X4334,2,51,511,14,,09,22,,2,,1,3,  2,074,09,,74,101,,,077,031,14,,081,2,,2579,2,   24,5,,1,,1959,1.0
59IN01232,1958144338,58,1,X4338,2,37,370,14,,,12,1,2,,,,,,,,115,136,3,,,,14,0801,103,2,,1755,2,211,2465,2,1,,1959,1.0
59IN01233,1958144339,58,2,X4339,2,44,440,14,,08,39,,2,,1,1,  6,097,09,,97,131,2,,080,034,14,0924,083,2,,3220,2,    2,3,,1,,1959,1.0
59IN01234,1958144340,58,2,X4340,2,82,404,14,,08,,,2,,7,3,  2,090,08,,90,,7,,079,044,14,1001,117,2,,3087,2,,,,1,,1959,1.0
59IN01235,1958144345,58,1,X4345,2,49,490,14,,,38,3,2,,,,,,,,88,115,6,,,,14,1101,069,1,,3125,2,199,1742,2,1,,1959,1.0
59IN01236,1958144351,58,2,X4351,2,50,500,14,,12,39,,2,51,1,3,  3,070,12,,70,95,,,072,032,14,,064,2,,1705,2,61 50,0,,1,,1959,1.0
59IN01237,1958144353,58,2,X4353,2,39,391,14,,11,22,,2,33,1,1,  1,082,10,,82,110,,,084,046,14,,110,2,,0396,2,48 39,0,,1,,1959,1.0
59IN01238,1958144355,58,1,X4355,2,29,290,14,,,14,1,2,,,,,,,,138,151,3,,,,14,0801,119,2,,3799,2,219,3147,2,1,,1959,1.0
59IN01239,1958144357,58,2,X4357,2,44,440,14,,07,20,,2,,1,1,  2,102,09,,102,,6,,090,044,14,0920,107,4,,3220,2,,,,1,,1959,1.0
59IN01240,1958144360,58,1,X4360,2,51,511,14,,,21,3,2,,,,,,18,9,113,130,2,,,,14,0924,076,2,,2579,2,209,0139,2,1,,1959,1.0
59IN01241,1958144366,58,1,X4366,2,82,324,14,,,,4,2,,,,,,,,129,146,3,,,,14,0801,119,2,,4657,1,215,0723,2,1,,1959,1.0
59IN01242,1958144367,58,2,X4367,2,82,324,14,,07,,,2,,7,1,  2,091,10,,91,125,2,,086,047,14,0924,107,2,,4657,1,    2,4,,1,,1959,1.0
59IN01243,1958144369,58,2,X4369,2,36,360,14,,11,31,,2,37,1,3,  1,073,09,,73,113,,,077,037,14,,091,2,,2377,2,86 36,0,,1,,1959,1.0
59IN01244,1958144371,58,1,X4371,2,45,450,14,,,10,4,2,,,,,,,,106,131,3,,,,14,0801,083,2,,2926,2,211,1595,2,1,,1959,1.0
59IN01245,1958144372,58,2,X4372,2,37,370,14,,09,14,,2,08,1,1,  1,096,12,,96,122,,,074,030,14,,088,2,,1755,2,92 37,0,,1,,1959,1.0
59IN01246,1958144373,58,1,X4373,2,37,370,14,,,14,4,2,,,,,,,,137,143,,,,,14,,108,2,,1755,2,225,0569,2,1,,1959,1.0
59IN01247,1958144377,58,2,X4377,2,22,220,14,,09,40,,2,43,1,3,  2,088,09,,88,116,,,077,032,14,,099,2,,3302,2,00 22,0,,1,,1959,1.0
59IN01248,1958144378,58,2,X4378,2,51,511,14,,08,26,,2,,1,3,  2,083,09,,83,112,,,081,037,14,,090,2,,2579,2,   37,5,,1,,1959,1.0
59IN01249,1958144381,58,2,X4381,2,46,461,14,,10,36,,2,38,1,1,  1,083,09,,83,108,,,083,040,14,,086,2,,1994,2,68 46,0,,1,,1959,1.0
59IN01250,1958144383,58,2,X4383,2,29,290,14,,11,13,,2,24,1,1,  2,097,15,,97,134,,,080,043,14,,107,2,,,,60 29,0,,1,,1959,1.0
59IN01251,1958144384,58,1,X4384,2,45,450,14,,,16,1,2,,,,,,,,121,134,3,,,,14,0801,108,2,,2926,2,206,1889,2,1,,1959,1.0
59IN01252,1958144385,58,2,X4385,2,46,460,14,,10,21,,2,,1,3,  1,093,14,,93,121,,,078,039,14,,107,2,,1575,2,   25,5,,1,,1959,1.0
59IN01253,1958144387,58,1,X4387,2,54,540,14,,,19,1,2,,,,,,,,113,133,,,,,14,,116,2,,2504,2,221,0757,2,1,,1959,1.0
59IN01254,1958144392,58,2,X4392,2,22,220,14,,10,28,,2,39,1,3,  1,081,10,,81,110,,,071,037,14,,099,2,,3302,2,73 22,0,,1,,1959,1.0
59IN01255,1958144393,58,2,X4393,2,22,220,14,,11,28,,2,39,1,4,  2,073,12,,73,102,,,069,033,14,,084,2,,3302,2,73 22,0,,1,,1959,1.0
59IN01256,1958144394,58,2,X4394,2,53,530,14,,10,10,2,2,32,1,1,  2,082,09,,82,118,,,079,040,14,,098,3,,1857,2,01 53,0,,1,,1959,1.0
59IN01257,1958144395,58,2,X4395,2,53,530,14,,09,10,1,2,32,1,1,  1,078,11,,78,103,,,078,042,14,,095,3,,1857,2,01 53,0,,1,,1959,1.0
59IN01258,1958144396,58,2,X4396,2,54,540,14,,08,19,2,2,24,1,1,  1,082,09,,82,115,,,085,053,14,,104,2,,2504,2,54 54,0,,1,,1959,1.0
59IN01259,1958144399,58,2,X4399,2,51,510,14,,09,23,,2,25,1,3,  2,089,09,,89,109,,,079,039,14,,091,2,,2374,2,35 51,0,,1,,1959,1.0
59IN01260,1958144401,58,2,X4401,2,45,450,14,,10,16,,2,05,1,3,  1,066,12,,66,99,,,079,039,14,,084,1,,2926,2,27 45,0,,1,,1959,1.0
59IN01261,1958144403,58,1,X4403,2,39,390,14,,,36,1,2,,,,,,,,106,128,,,,,14,,096,2,,1714,2,228,3138,2,1,,1959,1.0
59IN01262,1958144404,58,2,X4404,2,49,491,14,,10,22,,2,,1,3,  1,089,13,,89,116,,,069,039,14,,099,2,,3080,2,   29,5,,1,,1959,1.0
59IN01263,1958144405,58,2,X4405,2,40,400,14,,08,28,,2,45,1,3,  1,098,10,,98,120,,,070,035,14,,111,2,,3087,2,45 40,0,,1,,1959,1.0
59IN01264,1958144407,58,1,X4407,2,46,460,14,,,35,5,2,,,,,,,,79,106,3,,,,14,0801,071,2,,1575,2,194,1735,2,1,,1959,1.0
59IN01265,1958144408,58,2,X4408,2,39,390,14,,09,16,,2,,1,5,  1,097,13,,97,129,,,079,040,14,,102,2,,1714,2,   24,4,,1,,1959,1.0
59IN01266,1958144411,58,2,X4411,2,25,250,14,,06,16,,2,00,1,4,  2,098,08,,98,125,,,077,033,14,,096,2,,2930,2,00 25,0,,1,,1959,1.0
59IN01267,1958144412,58,2,X4412,2,25,250,14,,07,16,,2,00,1,4,  2,097,10,,97,139,,,081,035,14,,116,2,,2930,2,00 25,1,,1,,1959,1.0
59IN01268,1958144414,58,2,X4414,2,82,345,14,,08,,,2,,7,1,  2,101,09,,101,138,2,,084,052,14,0924,138,2,,4079,1,    2,2,,1,,1959,1.0
59IN01269,1958144416,58,2,X4416,2,44,441,14,,08,15,,2,23,1,3,  4,094,10,,94,127,,,074,045,14,,128,2,,2953,2,04 44,1,,1,,1959,1.0
59IN01270,1958144418,58,1,X4418,2,37,370,14,,,12,1,2,,,,,,,,115,149,3,,,,14,0801,107,2,,1755,2,217,2835,2,1,,1959,1.0
59IN01271,1958144419,58,2,X4419,2,51,510,14,,07,16,,2,,1,1,  2,090,11,,90,124,,,075,036,14,,099,2,,2374,2,   37,4,,1,,1959,1.0
59IN01272,1958144420,58,1,X4420,2,51,511,14,,,29,3,2,,,,,,,,97,88,,,,,14,,085,2,,2579,2,214,2247,2,1,,1959,1.0
59IN01273,1958144422,58,2,X4422,2,82,344,14,,06,,,2,,7,3,  1,088,09,,88,116,2,,078,040,14,0924,104,2,,4458,1,    2,2,,1,,1959,1.0
59IN01274,1958144424,58,1,X4424,2,36,360,14,,,26,3,2,,,,,,,,123,133,,,,,14,,119,2,,2377,2,229,2007,2,1,,1959,1.0
59IN01275,1958144428,58,1,X4428,2,29,290,14,,,19,3,2,,,,,,,,129,154,6,,,,14,1101,095,2,,3799,2,226,2480,2,1,,1959,1.0
59IN01276,1958144430,58,2,X4430,2,25,250,14,,07,12,,2,00,1,3,  1,106,13,,106,136,,,082,045,14,,109,2,,2930,2,00 25,0,,1,,1959,1.0
59IN01277,1958144431,58,2,X4431,2,29,290,14,,09,13,,2,13,1,1,  2,092,10,,92,131,,,086,036,14,,092,2,,3799,2,63 29,1,,1,,1959,1.0
59IN01278,1958144435,58,1,X4435,2,54,540,14,,,25,1,2,,,,,,,,108,125,,,,,14,,105,2,,2504,2,213,2339,2,1,,1959,1.0
59IN01279,1958144436,58,1,X4436,2,45,450,14,,,16,1,2,,,,,,,,118,133,3,,,,14,0801,095,2,,2926,2,209,2482,2,1,,1959,1.0
59IN01280,1958144437,58,2,X4437,2,35,350,14,,10,29,,2,35,1,3,  1,085,10,,85,106,,,071,035,14,,089,2,,3327,2,84 35,0,,1,,1959,1.0
59IN01281,1958144439,58,2,X4439,2,44,440,14,,09,28,,2,44,1,1,  1,087,11,,87,109,,,084,044,14,,108,2,,3220,2,32 44,0,,1,,1959,1.0
59IN01282,1958144444,58,2,X4444,2,82,474,14,,10,,,2,,1,5,  2,097,13,,97,117,2,,086,050,14,0924,125,3,,0603,2,    2,3,,1,,1959,1.0
59IN01283,1958144445,58,1,X4445,2,26,260,14,,,34,1,2,,,,,,18,1,128,138,2,,,,14,0924,108,2,,2638,2,225,2940,2,1,,1959,1.0
59IN01284,1958144446,58,1,X4446,2,82,404,14,,,,3,2,,,,,,,,148,176,2,,,,14,0924,128,2,,3087,2,232,1020,2,1,,1959,1.0
59IN01285,1958144449,58,2,X4449,2,53,530,14,,08,10,3,2,31,1,1,  2,098,07,,98,127,,,082,046,14,,105,2,,1857,2,91 53,0,,1,,1959,1.0
59IN01286,1958144450,58,2,X4450,2,82,404,14,,08,,,2,,7,3,  2,096,09,,96,138,2,,083,047,14,0924,110,2,,3087,2,    2,3,,1,,1959,1.0
59IN01287,1958144451,58,1,X4451,2,82,325,14,,,,1,2,,,,,,,,130,153,3,,,,14,0801,082,1,,5016,1,208,2865,2,1,,1959,1.0
59IN01288,1958144456,58,1,X4456,2,46,460,14,,,38,1,2,,,,,,,,112,135,3,,,,14,0801,090,2,,1575,2,208,2715,2,1,,1959,1.0
59IN01289,1958144457,58,2,X4457,2,25,250,14,,07,19,,2,00,1,3,  2,093,10,,93,128,,,069,040,14,,107,2,,2930,2,00 25,1,,1,,1959,1.0
59IN01290,1958144459,58,2,X4459,2,40,401,14,,09,19,,2,29,1,3,  1,091,05,,91,118,,,082,031,14,,101,2,,2435,2,59 40,0,,1,,1959,1.0
59IN01291,1958144460,58,2,X4460,2,44,440,14,,09,16,,2,,1,1,  2,082,11,,82,107,2,,084,037,14,0924,084,2,,3220,2,    2,2,,1,,1959,1.0
59IN01292,1958144462,58,1,X4462,2,35,350,14,,,27,5,2,,,,,,,,102,121,,,,,14,,072,2,,3327,2,215,1637,2,1,,1959,1.0
59IN01293,1958144465,58,2,X4465,2,44,441,14,,11,17,,2,,1,3,  5,076,12,,76,103,2,,074,031,14,0924,087,2,,2953,2,    2,2,,1,,1959,1.0
59IN01294,1958144469,58,1,X4469,2,54,540,14,,,18,1,2,,,,,,,,116,131,,,,,14,,110,2,,2504,2,227,1626,2,1,,1959,1.0
59IN01295,1958144470,58,2,X4470,2,50,500,14,,10,46,,2,55,1,3,  1,073,12,,73,100,,,076,029,14,,075,2,,1705,2,08 50,0,,1,,1959,1.0
59IN01296,1958144475,58,1,X4475,2,54,540,14,,,17,3,2,,,,,,14,3,118,144,2,,,,14,0924,091,2,,2504,2,220,1330,2,1,,1959,1.0
59IN01297,1958144476,58,2,X4476,2,53,530,14,,10,10,2,2,31,1,1,  3,077,08,,77,100,,,079,040,14,,100,3,,1857,2,98 53,0,,1,,1959,1.0
59IN01298,1958144477,58,1,X4477,2,53,530,14,,,10,4,2,,,,,,16,0,111,132,2,,,,14,0924,098,3,,1857,2,206,2868,2,1,,1959,1.0
59IN01299,1958144479,58,2,X4479,2,47,470,14,,09,,,2,28,1,3,  2,091,10,,91,115,,,095,045,14,,098,2,,0603,2,17 47,0,,1,,1959,1.0
59IN01300,1958144481,58,1,X4481,2,25,250,14,,,18,1,2,,,,,,18,8,134,160,2,,,,14,0924,099,2,,2930,2,215,2366,2,1,,1959,1.0
59IN01301,1958144483,58,1,X4483,2,54,540,14,,,24,1,2,,,,,,,,107,134,,,,,14,,110,3,,2504,2,223,2462,2,1,,1959,1.0
59IN01302,1958144486,58,1,X4486,2,29,290,14,,,13,3,2,,,,,,17,6,147,158,2,,,,14,0924,088,2,,3799,2,227,2193,2,1,,1959,1.0
59IN01303,1958144488,58,1,X4488,2,49,491,14,,,23,4,2,,,,,,,,108,,6,,,,14,0710,089,1,,3080,2,198,0682,2,1,,1959,1.0
59IN01304,1958144489,58,1,X4489,2,35,350,14,,,23,5,2,,,,,,,,120,123,3,,,,14,0801,104,2,,3327,2,216,0552,2,1,,1959,1.0
59IN01305,1958144492,58,2,X4492,2,29,290,14,,09,19,,2,24,1,1,  1,093,10,,93,125,,,083,050,14,,143,2,,3799,2,98 29,0,,1,,1959,1.0
59IN01306,1958144495,58,2,X4495,2,28,280,14,,08,23,,2,32,1,4,  2,091,15,,91,116,,,078,037,14,,116,2,,3226,2,41 28,0,,1,,1959,1.0
59IN01307,1958144498,58,1,X4498,2,29,290,14,,,14,1,2,,,,,,18,0,124,160,2,,,,14,0924,133,2,,3799,2,219,1484,2,1,,1959,1.0
59IN01308,1958144499,58,2,X4499,2,40,400,14,,09,33,,2,48,1,3,  2,097,09,,97,129,,,070,030,14,,101,2,,3087,2,13 40,0,,1,,1959,1.0
59IN01309,1958144502,58,2,X4502,2,35,350,14,,11,32,,2,38,1,3,  2,080,10,,80,110,,,074,035,14,,086,2,,3327,2,62 35,0,,1,,1959,1.0
59IN01310,1958144506,58,2,X4506,2,46,461,14,,07,23,,2,27,1,1,  6,085,12,,85,116,,,091,049,14,,102,3,,1994,2,79 46,0,,1,,1959,1.0
59IN01311,1958144507,58,2,X4507,2,46,461,14,,09,23,,2,,1,5,  2,091,09,,91,120,,,090,055,14,,104,5,,1994,2,   25,4,,1,,1959,1.0
59IN01312,1958144509,58,2,X4509,2,37,370,14,,10,15,,2,08,1,1,  3,077,14,,77,98,,,082,034,14,,083,2,,1755,2,79 37,1,,1,,1959,1.0
59IN01313,1958144510,58,2,X4510,2,45,450,14,,08,11,,2,07,1,3,  1,083,12,,83,116,,,091,044,14,,101,2,,2926,2,43 45,0,,1,,1959,1.0
59IN01314,1958144512,58,2,X4512,2,46,461,14,,11,32,,2,30,1,4,  1,078,12,,78,106,,,078,039,14,,097,2,,1994,2,38 46,1,,1,,1959,1.0
59IN01315,1958144513,58,1,X4513,2,50,500,14,,,20,3,2,,,,,,,,117,127,,,,,14,,083,2,,1705,2,219,1105,2,1,,1959,1.0
59IN01316,1958144517,58,2,X4517,2,51,511,14,,,21,,2,,1,2,,078,08,,78,104,2,,086,045,14,0924,089,2,,2579,2,    2,2,,1,,1959,1.0
59IN01317,1958144518,58,1,X4518,2,51,511,14,,,21,5,2,,,,,,18,9,107,121,2,,,,14,0924,091,2,,2579,2,207,0138,2,1,,1959,1.0
59IN01318,1958144519,58,2,X4519,2,00,470,14,,07,,,2,,0,3,  4,098,09,,98,130,2,,091,047,14,0924,112,3,,,,    2,2,,1,,1959,1.0
59IN01319,1958144524,58,1,X4524,2,47,471,14,,,30,3,2,,,,,,,,117,135,,,,,14,,081,2,,2461,2,223,2541,2,1,,1959,1.0
59IN01320,1958144525,58,2,X4525,2,49,490,14,,12,21,,2,18,1,3,  1,070,12,,70,104,,,060,028,14,,074,2,,3125,2,82 49,0,,1,,1959,1.0
59IN01321,1958144527,58,2,X4527,2,82,405,14,,08,,,2,,7,4,  2,090,13,,90,123,2,,076,037,14,0924,101,2,,2435,2,    2,2,,1,,1959,1.0
59IN01322,1958144533,58,2,X4533,2,40,400,14,,08,28,,2,45,1,3,  2,101,11,,101,124,,,072,043,14,,127,2,,3087,2,37 40,0,,1,,1959,1.0
59IN01323,1958144534,58,1,X4534,2,54,540,14,,,26,1,2,,,,,,,,101,123,3,,,,14,0801,085,2,,2504,2,204,2964,2,1,,1959,1.0
59IN01324,1958144540,58,2,X4540,2,54,540,14,,09,17,1,2,23,1,1,  2,091,06,,91,123,,,078,041,14,,089,2,,2504,2,02 54,0,,1,,1959,1.0
59IN01325,1958144542,58,2,X4542,2,53,530,14,,08,10,1,2,32,1,1,  2,083,09,,83,116,,,081,037,14,,105,2,,1857,2,01 53,0,,1,,1959,1.0
59IN01326,1958144545,58,1,X4545,2,54,540,14,,,24,5,2,,,,,,16,0,116,142,2,,,,14,0924,083,2,,2504,2,214,2473,2,1,,1959,1.0
59IN01327,1958144546,58,2,X4546,2,54,540,14,,08,24,3,2,27,1,1,  2,089,09,,89,128,,,078,041,14,,094,2,,2504,2,42 54,0,,1,,1959,1.0
59IN01328,1958144548,58,2,X4548,2,54,540,14,,10,19,2,2,24,1,1,  1,088,09,,88,112,,,076,034,14,,101,1,,2504,2,47 54,0,,1,,1959,1.0
59IN01329,1958144551,58,1,X4551,2,47,470,14,,,,1,2,,,,,,,,136,156,3,,,,14,0801,120,2,,0603,2,214,2494,2,1,,1959,1.0
59IN01330,1958144552,58,1,X4552,2,40,400,14,,,23,1,2,,,,,,,,128,147,,,,,14,,097,2,,3087,2,223,2278,2,1,,1959,1.0
59IN01331,1958144555,58,2,X4555,2,53,530,14,,09,08,3,2,31,1,1,  1,080,10,,80,99,,,096,050,14,,107,3,,,,02 53,0,,1,,1959,1.0
59IN01332,1958144556,58,2,X4556,2,37,370,14,,09,12,,2,08,1,1,  2,088,13,,88,115,,,083,052,14,,118,3,,1755,2,85 37,0,,1,,1959,1.0
59IN01333,1958144559,58,2,X4559,2,82,345,14,,07,,,2,,7,1,  2,096,09,,96,124,2,,089,043,14,0924,107,5,,,,    2,4,,1,,1959,1.0
59IN01334,1958144570,58,1,X4570,2,25,250,14,,,17,5,2,,,,,,,,126,142,,,,,14,,107,2,,2930,2,232,1884,2,1,,1959,1.0
59IN01335,1958144572,58,1,X4572,2,44,440,14,,,32,2,2,,,,,,,,130,143,3,,,,14,0801,095,2,,3220,2,227,3003,2,1,,1959,1.0
59IN01336,1958144574,58,2,X4574,2,50,500,14,,11,38,,2,51,1,3,  1,083,09,,83,113,,,071,031,14,,073,J,,1705,2,15 50,0,,1,,1959,1.0
59IN01337,1958144575,58,1,X4575,2,36,360,14,,,33,1,2,,,,,,,,102,118,3,,,,14,0801,082,1,,2377,2,209,0473,2,1,,1959,1.0
59IN01338,1958144586,58,2,X4586,2,25,250,14,,08,17,,2,00,1,1,  1,097,14,,97,130,,,065,035,14,,104,2,,2930,2,00 25,0,,1,,1959,1.0
59IN01339,1958144587,58,2,X4587,2,25,250,14,,08,17,,2,,1,3,  1,081,08,,81,114,2,,066,028,14,0924,078,2,,2930,2,    2,4,,1,,1959,1.0
59IN01340,1958144588,58,1,X4588,2,35,350,14,,,37,3,2,,,,,,,,112,123,,,,,14,,106,2,,3327,2,222,1459,2,1,,1959,1.0
59IN01341,1958144589,58,1,X4589,2,51,511,14,,,30,1,2,,,,,,,,81,106,3,,,,14,0801,057,1,,2579,2,197,3346,2,1,,1959,1.0
59IN01342,1958144590,58,2,X4590,2,49,491,14,,10,19,,2,,1,4,  2,084,13,,84,114,,,079,040,14,,105,2,,3080,2,   29,4,,1,,1959,1.0
59IN01343,1958144591,58,1,X4591,2,25,250,14,,,17,1,2,,,,,,,,129,153,,,,,14,,090,2,,2930,2,224,2503,2,1,,1959,1.0
59IN01344,1958144592,58,2,X4592,2,53,530,14,,08,07,,2,,1,1,  2,082,10,,82,114,2,,071,033,14,0924,085,2,,1857,2,    2,3,,1,,1959,1.0
59IN01345,1958144595,58,2,X4595,2,40,401,14,,09,33,,2,,1,3,  2,092,05,,92,122,2,,066,032,14,0924,095,2,,2435,2,    2,3,,1,,1959,1.0
59IN01346,1958144598,58,2,X4598,2,39,391,14,,12,26,,2,32,1,4,  1,082,12,,82,98,,,066,033,14,,082,2,,0396,2,66 39,1,,1,,1959,1.0
59IN01347,1958144602,58,2,X4602,2,47,470,14,,08,,,2,,1,1,  2,090,09,,90,118,2,,072,034,14,0924,087,2,,2486,2,    2,2,,1,,1959,1.0
59IN01348,1948139620,48,2,W9620,2,51,510,13,,06,11,,&,,1,3,,078,13,,105,,6,,074,,13,0920,083,1,,8116,2,,,,-,,1959,11.0
59IN01349,1951176537,51,2,S6537,3,70,720,17,,06,01,,9,,2,3,,098,11,,142,148,3,,090,062,17,1123,104,2,,5965,3,,,,8,,1959,8.0
59IN01350,1951176543,51,2,S6543,3,62,651,17,,07,,,9,01,5,1,,084,13,,112,158,,,091,052,17,,098,2,,0637,2,31 41,0,,8,,1959,8.0
59IN01351,1951176568,51,2,S6568,3,62,551,17,,08,,,9,,5,3,,071,12,,118,148,,,089,062,17,,105,2,,2903,1,   68,0,,8,,1959,8.0
59IN01352,1951176604,51,2,S6604,3,70,740,17,,06,02,,9,,2,1,,100,10,,124,,6,,075,048,17,0920,095,2,,6377,3,,,,8,,1959,8.0
59IN01353,1951176611,51,2,S6611,3,70,730,17,,08,01,,9,,2,4,,076,12,,132,144,2,,078,050,17,0924,092,2,,6154,3,    3,2,,8,,1959,8.0
59IN01354,1951176618,51,2,S6618,3,70,740,17,,06,02,3,9,,2,3,,088,11,,122,139,,,067,053,17,,103,2,,6377,3,   71,0,,8,,1959,8.0
59IN01355,1951176634,51,2,S6634,3,70,730,17,,08,00,,9,,2,3,,079,15,,106,123,2,,093,061,17,0924,107,2,,6154,3,    3,2,,8,,1959,8.0
59IN01356,1951176647,51,2,S6647,3,70,720,17,,08,02,,9,,2,1,,088,14,,117,129,3,,081,048,17,1221,089,2,,5965,3,,,,8,,1959,8.0
59IN01357,1951176662,51,2,S6662,3,70,730,17,,07,00,,9,,2,1,,095,09,,128,163,2,,085,058,17,0924,109,2,,6154,3,    3,2,,8,,1959,8.0
59IN01358,1951176667,51,2,S6667,3,70,750,17,,06,00,,9,,2,1,,090,08,,121,130,3,,067,046,17,1221,093,2,,6360,3,,,,8,,1959,8.0
59IN01359,1951176677,51,2,S6677,3,62,601,17,,09,,,9,,5,3,,087,11,,123,143,,,076,056,17,,116,2,,2232,1,   63,0,,8,,1959,8.0
59IN01360,1951176682,51,2,S6682,3,70,750,17,,08,00,,9,,2,1,,088,10,,126,141,3,,081,055,17,1218,116,2,,6360,3,,,,8,,1959,8.0
59IN01361,1951176716,51,2,S6716,3,62,581,17,,08,,,9,,5,1,,088,13,,127,145,3,,073,045,17,1218,090,2,,2893,1,,,,8,,1959,8.0
59IN01362,1951176759,51,2,S6759,3,62,641,17,,06,,,9,,5,1,,095,11,,108,153,,,072,049,17,,105,2,,9992,2,   62,0,,8,,1959,8.0
59IN01363,1951176760,51,2,S6760,3,62,641,17,,06,,,9,,5,1,,094,15,,118,148,3,,076,048,17,1218,102,2,,9992,2,,,,8,,1959,8.0
59IN01364,1951176804,51,2,S6804,3,70,750,17,,07,02,,9,,2,1,,081,10,,117,147,2,,089,075,17,0924,131,2,,6360,3,    3,2,,8,,1959,8.0
59IN01365,1951176820,51,2,S6820,3,70,740,17,,07,02,,9,,2,5,,096,09,,119,142,2,,076,044,17,0924,078,2,,6377,3,    3,2,,8,,1959,8.0
59IN01366,1952176913,52,2,S6913,3,70,720,17,,07,01,,8,,2,1,,098,10,,124,143,2,,082,051,17,0924,130,3,,6143,3,    3,1,,7,,1959,7.0
59IN01367,1952176917,52,2,S6917,3,7J,720,17,,10,00,,8,,2,4,,086,11,,134,155,3,,072,048,17,1218,118,2,,6143,3,,,,7,,1959,7.0
59IN01368,1952176923,52,2,S6923,3,71,720,17,,09,01,,8,,2,3,,098,16,,138,166,2,,080,049,17,0924,111,2,,6143,3,    3,1,,7,,1959,7.0
59IN01369,1952176933,52,2,S6933,3,71,710,17,,07,08,,8,,2,1,,094,14,,144,164,2,,071,046,17,0924,113,2,,5965,3,    3,1,,7,,1959,7.0
59IN01370,1952176934,52,2,S6934,3,70,710,17,,07,08,3,8,,2,3,,090,10,,136,154,,,073,037,17,,103,2,,5965,3,   73,0,,7,,1959,7.0
59IN01371,1952176951,52,2,S6951,3,71,740,17,,07,02,,8,,2,4,,088,12,,131,159,2,,075,047,17,0924,118,2,,6698,3,    3,1,,7,,1959,7.0
59IN01372,1952176957,52,2,S6957,3,70,740,17,,09,02,,8,,2,1,,071,10,,108,134,3,,074,038,17,1218,087,2,,6698,3,,,,7,,1959,7.0
59IN01373,1952176959,52,2,S6959,3,62,681,17,,06,,1,8,,5,1,,090,11,,140,167,,,070,039,17,,100,2,,1308,2,   59,0,,7,,1959,7.0
59IN01374,1952176985,52,2,S6985,3,70,710,17,,06,01,2,8,,2,5,,091,13,,116,157,,,066,046,17,,117,2,,5965,3,   72,0,,7,,1959,7.0
59IN01375,1952176995,52,2,S6995,3,62,681,17,,06,,,8,,5,4,,093,14,,127,162,,,076,044,17,,112,2,,1308,2,   57,0,,7,,1959,7.0
59IN01376,1952177009,52,2,S7009,3,7J,720,17,,06,01,,8,,2,5,,091,11,,134,146,3,,091,058,17,1218,116,2,,6143,3,,,,7,,1959,7.0
59IN01377,1952177011,52,2,S7011,3,62,611,17,,07,,,8,,5,4,,081,11,,133,142,,,072,043,17,,098,2,,2163,2,   70,0,,7,,1959,7.0
59IN01378,1952177013,52,2,S7013,3,62,571,17,,06,,,8,,5,3,,105,09,,146,177,,,071,042,17,,108,2,,3072,1,   65,0,,7,,1959,7.0
59IN01379,1952177062,52,2,S7062,3,7J,760,17,,07,07,,8,,2,1,,115,09,,138,164,2,,091,049,17,0924,101,2,,6384,3,    3,1,,7,,1959,7.0
59IN01380,1952177087,52,2,S7087,3,70,720,17,,06,00,2,8,,2,3,,100,14,,122,164,,,086,055,17,,114,2,,6143,3,   71,0,,7,,1959,7.0
59IN01381,1952177113,52,2,S7113,3,7J,760,17,,07,03,,8,,2,1,,086,15,,122,148,,,071,036,17,,073,2,,6384,3,   98,9,,7,,1959,7.0
59IN01382,1952177119,52,2,S7119,3,70,740,17,,07,04,,8,,2,1,,086,11,,152,183,2,,069,033,17,0924,086,2,,6698,3,    3,1,,7,,1959,7.0
59IN01383,1952177123,52,2,S7123,3,62,601,17,,08,,,8,,5,1,,072,15,,128,141,2,,061,035,17,0924,091,2,,3091,1,    3,1,,7,,1959,7.0
59IN01384,1952177129,52,2,S7129,3,70,740,17,,05,02,1,8,,2,1,,095,09,,134,161,,,069,037,17,,084,2,,6143,3,   72,0,,7,,1959,7.0
59IN01385,1953177155,53,2,S7155,3,62,621,17,,08,,,7,,5,3,,070,15,,120,142,,,069,037,17,,104,2,,3485,1,   66,0,,6,,1959,6.0
59IN01386,1953177156,53,2,S7156,3,62,591,17,,06,,,7,,5,3,,090,12,,152,169,,,077,049,17,,113,2,,3302,1,   69,0,,6,,1959,6.0
59IN01387,1953177158,53,2,S7158,3,71,730,17,,07,00,,7,,2,1,,073,12,,114,131,3,,061,032,17,1218,089,2,,6626,3,,,,6,,1959,6.0
59IN01388,1953177166,53,1,S7166,3,71,740,17,,,,1,7,,,,,,,,210,214,,,,,17,,198,2,,6698,3,242,6547,3,6,,1959,6.0
59IN01389,1953177178,53,2,S7178,3,70,730,17,,07,00,,7,,2,1,,081,16,,,,6,,071,032,17,0428,093,2,,6626,3,,,,6,,1959,6.0
59IN01390,1953177180,53,2,S7180,3,62,621,17,,05,,,7,02,5,1,,093,08,,134,153,,,075,042,17,,108,2,,3485,1,05 41,0,,6,,1959,6.0
59IN01391,1953177208,53,2,S7208,3,71,730,17,,05,07,,7,,2,1,,100,09,,133,158,,,065,037,17,,096,2,,6626,3,   90,9,,6,,1959,6.0
59IN01392,1953177221,53,2,S7221,3,70,730,17,,07,05,2,7,,2,1,,077,10,,121,150,6,,082,047,17,1204,107,2,,6626,3,   73,0,,6,,1959,6.0
59IN01393,1953177230,53,2,S7230,3,70,720,17,,06,01,3,7,,2,4,,087,10,,122,145,,,088,041,17,,092,2,,6653,3,   72,0,,6,,1959,6.0
59IN01394,1953177248,53,2,S7248,3,70,720,17,,08,02,1,7,,2,4,,076,10,,108,139,,,082,043,17,,092,2,,6653,3,   73,0,,6,,1959,6.0
59IN01395,1953177251,53,2,S7251,3,71,710,17,,08,01,,7,,2,1,,092,10,,137,170,,,068,046,17,,122,2,,6845,3,   91,9,,6,,1959,6.0
59IN01396,1953177255,53,2,S7255,3,70,740,17,,07,08,1,7,,2,1,,087,09,,132,162,,,068,030,17,,082,2,,6698,3,   71,0,,6,,1959,6.0
59IN01397,1953177286,53,2,S7286,3,62,611,17,,06,,3,7,,5,3,,085,10,,134,150,,,077,044,17,,119,2,,3457,1,   64,0,,6,,1959,6.0
59IN01398,1953177299,53,2,S7299,3,62,631,17,,09,,,7,,5,1,,078,11,,118,133,,,078,044,17,,106,2,,1781,2,   56,0,,6,,1959,6.0
59IN01399,1953177313,53,2,S7313,3,71,720,17,,09,01,,7,,2,3,,066,12,,131,173,,,060,028,17,,072,2,,6653,3,   97,9,,6,,1959,6.0
59IN01400,1953177330,53,2,S7330,3,70,710,17,,06,01,,7,02,2,1,,093,11,,126,150,,,077,052,17,,132,2,,6845,3,39 41,0,,6,,1959,6.0
59IN01401,1953177331,53,2,S7331,3,70,710,17,,07,04,,7,,2,1,,096,09,,143,167,2,,069,041,17,0924,109,2,,6845,3,    3,0,,6,,1959,6.0
59IN01402,1953177336,53,2,S7336,3,70,740,17,,05,00,3,7,,2,3,,094,08,,134,175,,,069,040,17,,100,2,,6698,3,   71,0,,6,,1959,6.0
59IN01403,1953177343,53,2,S7343,3,7J,710,17,,08,00,,7,,2,1,,078,09,,121,147,,,066,038,17,,095,2,,6845,3,   89,8,,6,,1959,6.0
59IN01404,1953177352,53,2,S7352,3,70,710,17,,09,01,,7,,2,3,,088,12,,137,159,3,,064,037,17,1218,085,2,,6845,3,,,,6,,1959,6.0
59IN01405,1953177392,53,2,S7392,3,62,591,17,,07,,2,7,,5,4,,076,13,,127,167,,,068,045,17,,095,2,,3302,1,   67,0,,6,,1959,6.0
59IN01406,1953177395,53,2,S7395,3,70,710,17,,05,01,3,7,,2,1,,099,09,,159,178,,,070,038,17,,102,2,,6845,3,   73,0,,6,,1959,6.0
59IN01407,1953177396,53,2,S7396,3,70,740,17,,05,03,,7,,2,1,,093,11,,122,152,2,,087,039,17,0924,093,2,,6698,3,    3,0,,6,,1959,6.0
59IN01408,1953177398,53,2,S7398,3,70,740,17,,06,03,2,7,,2,3,,092,09,,149,165,,,068,039,17,,094,2,,6698,3,   71,0,,6,,1959,6.0
59IN01409,1953177403,53,2,S7403,3,62,551,17,,08,,,7,,5,3,,077,16,,121,148,3,,074,039,17,1218,097,2,,3399,1,,,,6,,1959,6.0
59IN01410,1953177408,53,2,S7408,3,70,710,17,,09,05,2,7,,2,1,,079,09,,130,150,,,068,041,17,,091,2,,6845,3,   73,0,,6,,1959,6.0
59IN01411,1953177426,53,2,S7426,3,7J,730,17,,07,02,,7,,2,3,,077,15,,118,151,,,071,037,17,,079,2,,6626,3,   88,8,,6,,1959,6.0
59IN01412,1953177433,53,2,S7433,3,71,710,17,,10,13,,7,,2,3,,079,15,,132,157,2,,072,045,17,0924,104,2,,6845,3,    3,0,,6,,1959,6.0
59IN01413,1953177435,53,2,S7435,3,62,641,17,,08,,,7,,5,1,,071,16,,117,147,,,069,029,17,,082,2,,1833,2,   60,0,,6,,1959,6.0
59IN01414,1953177437,53,2,S7437,3,62,561,17,,07,,1,7,,5,3,,074,15,,116,145,,,086,043,17,,100,2,,3520,1,   55,0,,6,,1959,6.0
59IN01415,1953177460,53,2,S7460,3,62,671,17,,08,,,7,,5,3,,073,16,,111,137,,,083,054,17,,122,2,,1692,2,   58,0,,6,,1959,6.0
59IN01416,1953177463,53,2,S7463,3,70,710,17,,08,02,2,7,,2,4,,074,11,,134,163,,,079,051,17,,113,2,,6845,3,   72,0,,6,,1959,6.0
59IN01417,1953177465,53,2,S7465,3,7J,720,17,,08,02,,7,,2,1,,082,15,,133,143,,,087,062,17,,123,2,,6653,3,   87,8,,6,,1959,6.0
59IN01418,1953177471,53,2,S7471,3,7J,710,17,,06,02,,7,,2,1,,093,10,,,,6,,072,039,17,0410,090,2,,6845,3,,,,6,,1959,6.0
59IN01419,1953177487,53,2,S7487,3,70,730,17,,08,02,,7,,2,3,,078,15,,114,148,2,,077,042,17,0924,094,2,,6626,3,    3,0,,6,,1959,6.0
59IN01420,1953177509,53,2,S7509,3,70,740,17,,08,01,1,7,,2,3,,078,11,,133,162,,,064,031,17,,079,2,,6698,3,   71,0,,6,,1959,6.0
59IN01421,1953177510,53,2,S7510,3,70,720,17,,05,01,1,7,,2,5,,073,11,,121,141,,,065,032,17,,071,2,,6653,3,   72,0,,6,,1959,6.0
59IN01422,1953177518,53,2,S7518,3,62,601,17,,08,,,7,,5,3,,074,10,,131,153,2,,067,040,17,0924,080,2,,3386,1,    3,0,,6,,1959,6.0
59IN01423,1953177519,53,2,S7519,3,62,601,17,,08,,,7,,5,3,,077,13,,136,162,,,067,040,17,,093,2,,3386,1,   68,0,,6,,1959,6.0
59IN01424,1953177528,53,2,S7528,3,7J,730,17,,07,01,,7,,2,1,,086,15,,126,155,,,061,034,17,,082,2,,6626,3,   86,8,,6,,1959,6.0
59IN01425,1954177537,54,2,S7537,3,65,591,17,,08,,,6,,5,5,,090,14,,138,171,,,090, 53,17,,111,2,,3603,1,   65,0,,5,,1959,5.0
59IN01426,1954177538,54,2,S7538,3,62,571,17,,07,,,6,,5,1,,074,16,,121,140,3,,090, 45,17,1218,115,2,,3680,1,,,,5,,1959,5.0
59IN01427,1954177541,54,2,S7541,3,70,740,17,,07,,3,6,,2,1,,100,11,,136,169,,,090, 53,17,,118,2,,6997,3,   71,0,,5,,1959,5.0
59IN01428,1954177542,54,2,S7542,3,7K,860,17,,07,,,6,,3,1,,094,09,,118,164,,,083, 44,17,,110,2,,6998,3,   82,8,,5,,1959,5.0
59IN01429,1954177547,54,2,S7547,3,62,601,17,,08,,,6,,5,3,,080,11,,126,154,,,086, 58,17,,128,2,,3457,1,   62,0,,5,,1959,5.0
59IN01430,1954177551,54,2,S7551,3,65,691,17,,07,,,6,00,5,1,,076,09,,122,143,,,081, 43,17,,095,2,,1412,2,88 41,0,,5,,1959,5.0
59IN01431,1954177555,54,2,S7555,3,62,571,17,,08,,,6,,5,1,,075,14,,138,152,2,,071, 47,17,0924,108,2,,3680,1,    2,9,,5,,1959,5.0
59IN01432,1954177559,54,2,S7559,3,70,730,17,,,,,6,,,,,,,,121,139,3,,,,17,1218,,,,,,,,,5,,1959,5.0
59IN01433,1954177573,54,2,S7573,3,70,710,17,,06,,2,6,,2,1,,088,12,,132,157,,,077, 39,17,,095,2,,7166,3,   71,0,,5,,1959,5.0
59IN01434,1954177577,54,2,S7577,3,70,710,17,,06,,1,6,,2,1,,086,09,,118,131,,,083, 43,17,,116,2,,7166,3,   71,0,,5,,1959,5.0
59IN01435,1954177585,54,2,S7585,3,62,621,17,,08,,,6,,5,1,,077,14,,121,148,,,076, 42,17,,108,2,,3302,1,   70,0,,5,,1959,5.0
59IN01436,1954177598,54,2,S7598,3,70,720,17,,08,,,6,,2,3,,080,10,,,,7,,080, 40,17,0602,108,2,,7019,3,,,,5,,1959,5.0
59IN01437,1954177599,54,1,S7599,3,70,720,17,,,,1,6,,,,,,,,,,7,,,,17,0530,,,,7019,3,,6327,3,5,,1959,5.0
59IN01438,1954177602,54,2,S7602,3,70,730,17,,07,,3,6,,2,1,,093,14,,145,161,,,074, 41,17,,099,2,,7067,3,   71,0,,5,,1959,5.0
59IN01439,1954177610,54,2,S7610,3,70,720,17,,09,,1,6,,2,3,,092,11,,138,160,,,089, 60,17,,108,2,,7019,3,   73,0,,5,,1959,5.0
59IN01440,1954177633,54,2,S7633,3,7J,740,17,,05,,,6,,2,5,,088,09,,119,146,,,075, 47,17,,109,2,,6997,3,   85,8,,5,,1959,5.0
59IN01441,1954177637,54,2,S7637,3,70,730,17,,06,,,6,01,2,1,,088,15,,136,151,,,081, 51,17,,107,2,,7067,3,75 41,0,,5,,1959,5.0
59IN01442,1954177640,54,2,S7640,3,70,730,17,,04,,3,6,,2,1,,100,09,,132,148,,,077, 38,17,,081,2,,7067,3,   72,0,,5,,1959,5.0
59IN01443,1954177641,54,2,S7641,3,7K,870,17,,10,,,6,,3,1,,053,16,,104,114,,,072, 29,17,,062,2,,7045,3,   81,8,,5,,1959,5.0
59IN01444,1954177642,54,2,S7642,3,70,730,17,,09,,3,6,,2,3,,086,09,,141,162,,,093, 58,17,,112,2,,7067,3,   73,0,,5,,1959,5.0
59IN01445,1954177655,54,2,S7655,3,7J,710,17,,10,,,6,,2,1,,070,11,,133,149,,,079, 44,17,,089,2,,7166,3,   84,8,,5,,1959,5.0
59IN01446,1954177660,54,2,S7660,3,7J,720,17,,05,,,6,,2,1,,095,10,,,,6,,091, 58,17,0502,111,2,,7019,3,,,,5,,1959,5.0
59IN01447,1954177668,54,2,S7668,3,62,701,17,,07,,3,6,,5,3,,075,12,,110,140,,,079, 44,17,,092,2,,1692,2,   59,0,,5,,1959,5.0
59IN01448,1954177671,54,2,S7671,3,71,720,17,,06,,,6,,2,1,,093,12,,134,168,,,078, 40,17,,091,2,,7019,3,   96,9,,5,,1959,5.0
59IN01449,1954177674,54,2,S7674,3,70,710,17,,07,,2,6,,2,3,,077,10,,119,143,,,082, 38,17,,090,2,,7166,3,   71,0,,5,,1959,5.0
59IN01450,1954177688,54,2,S7688,3,62,611,17,,07,,,6,,5,3,,081,10,,111,140,,,091, 61,17,,122,2,,3485,1,   66,0,,5,,1959,5.0
59IN01451,1954177699,54,2,S7699,3,70,740,17,,,,2,6,,2,,,095,,,133,164,,,,,17,,112,2,,6997,3,   72,0,,5,,1959,5.0
59IN01452,1954177701,54,2,S7701,3,70,720,17,,09,,2,6,,2,1,,078,11,,113,150,,,086, 47,17,,096,2,,7019,3,   73,0,,5,,1959,5.0
59IN01453,1954177712,54,2,S7712,3,7K,840,17,,07,,,6,,3,1,,076,11,,124,146,,,072, 37,17,,090,2,,7025,3,   80,8,,5,,1959,5.0
59IN01454,1954177718,54,2,S7718,3,70,740,17,,10,,1,6,,2,1,,080,12,,122,139,,,075, 43,17,,096,2,,6997,3,   72,0,,5,,1959,5.0
59IN01455,1954177751,54,2,S7751,3,62,691,17,,07,,,6,,5,1,,080,15,,126,146,,,077, 35,17,,072,2,,1412,2,   62,0,,5,,1959,5.0
59IN01456,1954177758,54,2,S7758,3,62,601,17,,09,,1,6,,5,3,,076,15,,127,148,,,088, 45,17,,117,2,,3457,1,   67,0,,5,,1959,5.0
59IN01457,1954177763,54,2,S7763,3,7K,830,17,,08,,,6,,3,1,,074,14,,113,137,,,076, 38,17,,071,2,,7034,3,   98,9,,5,,1959,5.0
59IN01458,1954177771,54,2,S7771,3,62,691,17,,08,,,6,,5,1,,068,09,,128,126,2,,080, 33,17,0924,077,2,,1412,2,    2,9,,5,,1959,5.0
59IN01459,1954177774,54,2,S7774,3,70,720,17,,09,,,6,,2,1,,078,11,,128,145,3,,083, 41,17,1218,090,2,,7019,3,,,,5,,1959,5.0
59IN01460,1954177777,54,2,S7777,3,62,561,17,,06,,,6,,5,4,,118,09,,160,173,,,075, 50,17,,135,2,,3643,1,   57,0,,5,,1959,5.0
59IN01461,1954177786,54,2,S7786,3,65,641,17,,07,,2,6,,5,1,,088,10,,137,173,,,074, 40,17,,100,2,,0549,2,   64,0,,5,,1959,5.0
59IN01462,1954177803,54,2,S7803,3,62,611,17,,06,,,6,,5,5,,096,11,,135,158,,,084, 46,17,,104,2,,3485,1,   69,0,,5,,1959,5.0
59IN01463,1954177804,54,2,S7804,3,62,611,17,,08,,,6,,5,4,,082,14,,126,159,,,083, 50,17,,112,2,,3484,1,   61,0,,5,,1959,5.0
59IN01464,1954177809,54,2,S7809,3,72,870,17,,07,,,6,,3,1,,078,13,,130,158,2,,077, 38,17,0924,088,2,,7045,3,    2,9,,5,,1959,5.0
59IN01465,1954177811,54,2,S7811,3,70,710,17,,06,,1,6,,2,1,,087,09,,116,147,,,086, 48,17,,100,2,,7166,3,   71,0,,5,,1959,5.0
59IN01466,1954177814,54,2,S7814,3,62,651,17,,08,,,6,,5,1,,078,12,,134,,7,,078, 37,17,1001,093,2,,0586,2,,,,5,,1959,5.0
59IN01467,1954177816,54,2,S7816,3,71,740,17,,07,,,6,,2,4,,098,08,,133,157,,,076, 47,17,,105,2,,6997,3,   95,9,,5,,1959,5.0
59IN01468,1954177818,54,2,S7818,3,70,710,17,,07,,3,6,,2,1,,079,14,,110,152,,,087, 42,17,,098,2,,7166,3,   71,0,,5,,1959,5.0
59IN01469,1954177823,54,2,S7823,3,70,720,17,,07,,1,6,,2,3,,088,13,,128,151,,,069, 39,17,,092,2,,7019,3,   73,0,,5,,1959,5.0
59IN01470,1954177824,54,2,S7824,3,70,730,17,,08,,3,6,,2,1,,087,12,,130,140,,,080, 41,17,,085,2,,7067,3,   73,0,,5,,1959,5.0
59IN01471,1954177833,54,2,S7833,3,70,720,17,,07,,3,6,,2,3,,070,13,,127,147,,,086, 34,17,,072,2,,7019,3,   72,0,,5,,1959,5.0
59IN01472,1954177839,54,2,S7839,3,62,631,17,,09,,,6,,5,1,,077,09,,103,121,3,,073, 42,17,1218,092,2,,0585,2,,,,5,,1959,5.0
59IN01473,1954177857,54,2,S7857,3,70,730,17,,09,,2,6,,2,3,,080,13,,143,163,,,072, 32,17,,071,2,,7067,3,   72,0,,5,,1959,5.0
59IN01474,1954177859,54,2,S7859,3,65,701,17,,09,,2,6,,5,3,,063,15,,103,125,,,073, 40,17,,086,2,,1692,2,   59,0,,5,,1959,5.0
59IN01475,1954177864,54,2,S7864,3,70,730,17,,07,,1,6,,2,1,,085,13,,121,140,,,087, 48,17,,107,2,,7067,3,   72,0,,5,,1959,5.0
59IN01476,1954177865,54,2,S7865,3,62,701,17,,08,,,6,,5,3,,073,15,,103,134,,,075, 43,17,,087,2,,1692,2,   60,0,,5,,1959,5.0
59IN01477,1954177866,54,2,S7866,3,62,701,17,,10,,,6,,5,1,,075,14,,128,116,3,,081, 49,17,1221,087,2,,1692,2,,,,5,,1959,5.0
59IN01478,1954177869,54,2,S7869,3,71,740,17,,07,,,6,,2,1,,071,11,,130,,7,,065, 28,17,1001,070,2,,6997,3,,,,5,,1959,5.0
59IN01479,1954177879,54,2,S7879,3,7J,720,17,,09,,,6,,2,3,,088,13,,132,151,,,075, 45,17,,099,2,,7019,3,   83,8,,5,,1959,5.0
59IN01480,1954177881,54,2,S7881,3,70,720,17,,09,,3,6,,2,1,,085,14,,122,148,,,078, 50,17,,117,2,,7019,3,   72,0,,5,,1959,5.0
59IN01481,1954177895,54,2,S7895,3,71,720,17,,09,,,6,,2,4,,084,10,,140,154,,,067, 47,17,,107,2,,7019,3,   94,9,,5,,1959,5.0
59IN01482,1954177898,54,2,S7898,3,62,641,17,,09,,,6,,5,3,,079,15,,123,148,3,,081, 45,17,1218,086,2,,0549,2,,,,5,,1959,5.0
59IN01483,1954177901,54,2,S7901,3,70,720,17,,09,,,6,,2,1,,080,13,,124,147,2,,079, 41,17,0924,090,2,,7019,3,    2,9,,5,,1959,5.0
59IN01484,1954177909,54,2,S7909,3,65,601,17,,09,,,6,,5,3,,087,11,,138,162,,,064, 36,17,,106,2,,3457,1,   68,0,,5,,1959,5.0
59IN01485,1954177911,54,2,S7911,3,70,740,17,,05,,2,6,,2,1,,092,10,,133,169,,,081, 43,17,,100,2,,6997,3,   73,0,,5,,1959,5.0
59IN01486,1954177912,54,2,S7912,3,62,561,17,,07,,,6,,5,3,,093,14,,138,157,,,080, 50,17,,119,2,,3643,1,   56,0,,5,,1959,5.0
59IN01487,1954177923,54,2,S7923,3,72,850,17,,07,,,6,,3,1,,083,11,,124,153,,,075, 40,17,,091,2,,7107,3,   99,9,,5,,1959,5.0
59IN01488,1954177925,54,2,S7925,3,65,551,17,,08,,,6,,5,4,,077,13,,120,150,,,072, 32,17,,075,2,,3633,1,   68,0,,5,,1959,5.0
59IN01489,1954177947,54,2,S7947,3,70,740,17,,07,,1,6,,2,1,,085,15,,120,144,,,075, 36,17,,090,2,,6997,3,   73,0,,5,,1959,5.0
59IN01490,1954177949,54,2,S7949,3,70,740,17,,08,,2,6,,2,1,,086,10,,132,162,,,075, 41,17,,088,2,,6997,3,   72,0,,5,,1959,5.0
59IN01491,1954177950,54,2,S7950,3,72,810,17,,06,,,6,,3,3,,088,09,,,,6,,084, 40,17,0423,095,2,,6910,3,,,,5,,1959,5.0
59IN01492,1955177952,55,2,S7952,3,65,561,17,,08,,,5,,5,4,,088,13,,126,148,,,082,046,17,,101,1,,3931,1,   70,0,,4,,1959,4.0
59IN01493,1955177955,55,2,S7955,3,7K,880,17,,06,,,5,,3,1,,100,11,,160,154,,,094,051,17,,109,2,,7278,3,   89,8,,4,,1959,4.0
59IN01494,1955177956,55,2,S7956,3,72,820,17,,07,,,5,,3,1,,113,10,,128,157,,,110,069,17,,134,3,,7166,3,   88,8,,4,,1959,4.0
59IN01495,1955177967,55,2,S7967,3,72,800,17,,09,,,5,,3,1,,088,10,,120,140,,,084,041,17,,099,2,,7138,3,   87,8,,4,,1959,4.0
59IN01496,1955177969,55,2,S7969,3,7K,870,17,,06,,,5,,3,4,,094,10,,115,143,,,083,039,17,,093,2,,7257,3,   85,8,,4,,1959,4.0
59IN01497,1955177970,55,2,S7970,3,70,710,17,,08,,1,5,,2,1,,106,10,,138,162,,,092,049,17,,096,2,,7473,3,   72,0,,4,,1959,4.0
59IN01498,1955177978,55,2,S7978,3,70,710,17,,10,,,5,,2,1,,088,09,,128,158,2,,093,038,17,0924,095,2,,7473,3,    2,8,,4,,1959,4.0
59IN01499,1955177979,55,2,S7979,3,7K,860,17,,09,,,5,,3,4,,098,12,,133,160,,,081,045,17,,099,2,,7212,3,   86,8,,4,,1959,4.0
59IN01500,1955177988,55,2,S7988,3,70,710,17,,07,,3,5,,2,1,,083,09,,123,141,,,092,038,17,,085,2,,7473,3,   73,0,,4,,1959,4.0
59IN01501,1955177991,55,2,S7991,3,70,730,17,,06,,2,5,,2,1,,091,08,,122,149,,,096,044,17,,102,2,,7019,3,   71,0,,4,,1959,4.0
59IN01502,1955177995,55,2,S7995,3,70,720,17,,07,,3,5,,2,1,,090,09,,120,152,,,100,045,17,,096,2,,7231,3,   72,0,,4,,1959,4.0
59IN01503,1955178006,55,2,S8006,3,65,611,17,,08,,,5,,5,4,,091,13,,142,158,,,078,042,17,,100,2,,3868,1,   66,0,,4,,1959,4.0
59IN01504,1955178018,55,2,S8018,3,70,710,17,,07,,2,5,,2,1,,108,10,,154,174,,,100,068,17,,143,2,,7473,3,   73,0,,4,,1959,4.0
59IN01505,1955178020,55,2,S8020,3,7K,920,17,,06,,,5,,3,1,,111,10,,124,152,2,,097,050,17,0924,121,2,,7382,3,    2,8,,4,,1959,4.0
59IN01506,1955178028,55,2,S8028,3,70,730,17,,05,,,5,,2,4,,114,10,,130,159,3,,093,052,17,1218,113,2,,7019,3,,,,4,,1959,4.0
59IN01507,1955178036,55,2,S8036,3,7K,850,17,,08,,,5,,3,1,,102,09,,140,165,,,078,049,17,,113,2,,7206,3,   84,8,,4,,1959,4.0
59IN01508,1955178040,55,2,S8040,3,65,681,17,,08,,,5,,5,1,,086,10,,118,138,,,089,047,17,,106,2,,1166,2,   57,0,,4,,1959,4.0
59IN01509,1955178045,55,2,S8045,3,7K,830,17,,07,,,5,,3,1,,122,10,,147,174,,,093,067,17,,148,2,,7169,3,   83,8,,4,,1959,4.0
59IN01510,1955178047,55,2,S8047,3,70,730,17,,08,,1,5,,2,1,,103,13,,129,155,,,098,063,17,,125,2,,7019,3,   73,0,,4,,1959,4.0
59IN01511,1955178049,55,2,S8049,3,70,710,17,,07,,2,5,,2,1,,084,13,,116,138,,,090,040,17,,096,2,,7473,3,   72,0,,4,,1959,4.0
59IN01512,1955178058,55,2,S8058,3,70,720,17,,06,,,5,,2,2,,111,08,,160,200,2,,091,047,17,0924,118,2,,7231,3,    2,8,,4,,1959,4.0
59IN01513,1955178065,55,2,S8065,3,70,710,17,,07,,1,5,,2,1,,092,08,,120,141,,,083,040,17,,088,2,,7473,3,   71,0,,4,,1959,4.0
59IN01514,1955178067,55,2,S8067,3,70,720,17,,08,,,5,,2,1,,083,09,,137,147,3,,084,043,17,1218,102,2,,7231,3,,,,4,,1959,4.0
59IN01515,1955178068,55,2,S8068,3,65,591,17,,08,,,5,,5,4,,076,12,,122,135,,,082,043,17,,089,2,,3989,1,   68,0,,4,,1959,4.0
59IN01516,1955178069,55,2,S8069,3,65,591,17,,08,,3,5,,5,4,,083,10,,117,138,,,081,046,17,,093,2,,3989,1,   67,0,,4,,1959,4.0
59IN01517,1955178075,55,2,S8075,3,70,720,17,,06,,,5,,2,4,,102,09,,128,160,3,,092,053,17,1218,102,2,,7231,3,,,,4,,1959,4.0
59IN01518,1955178091,55,2,S8091,3,72,850,17,,07,,,5,,3,1,,088,11,,,,6,,095,047,17,0422,094,2,,7206,3,,,,4,,1959,4.0
59IN01519,1955178097,55,1,S8097,3,70,710,17,,,,1,5,,,,,,,,208,247,,,,,17,,195,2,,7473,3,250,6755,3,4,,1959,4.0
59IN01520,1955178106,55,2,S8106,3,70,730,17,,06,,1,5,,2,1,,104,08,,138,163,,,092,062,17,,119,1,,7019,3,   72,0,,4,,1959,4.0
59IN01521,1955178108,55,2,S8108,3,70,710,17,,08,,3,5,,2,1,,088,08,,116,147,,,077,038,17,,083,2,,7473,3,   73,0,,4,,1959,4.0
59IN01522,1955178109,55,2,S8109,3,72,920,17,,,,,5,,3,1,,087,09,,143,156,,,071,034,17,,081,1,,7382,3,   93,9,,4,,1959,4.0
59IN01523,1955178112,55,2,S8112,3,70,710,17,,07,,,5,,2,4,,103,11,,137,170,2,,105,063,17,0924,120,2,,7473,3,    2,8,,4,,1959,4.0
59IN01524,1955178118,55,2,S8118,3,65,701,17,,07,,,5,,5,1,,102,13,,156,185,2,,082,046,17,0924,105,2,,1167,2,    2,8,,4,,1959,4.0
59IN01525,1955178120,55,1,S8120,3,70,710,17,,,,1,5,,,,,,,,221,241,,,,,17,,206,2,,7473,3,261,6699,3,4,,1959,4.0
59IN01526,1955178136,55,2,S8136,3,65,561,17,,08,,,5,,5,2,,093,11,,128,141,,,079,048,17,,110,1,,3931,1,   63,0,,4,,1959,4.0
59IN01527,1955178137,55,2,S8137,3,70,710,17,,08,,3,5,,2,1,,099,10,,118,146,,,089,050,17,,089,2,,7473,3,   72,0,,4,,1959,4.0
59IN01528,1955178146,55,2,S8146,3,72,830,17,,08,,,5,,3,1,,108,09,,135,153,,,082,045,17,,103,2,,7169,3,   82,8,,4,,1959,4.0
59IN01529,1955178148,55,2,S8148,3,70,730,17,,07,,3,5,,2,1,,101,09,,135,154,,,092,049,17,,110,2,,7019,3,   71,0,,4,,1959,4.0
59IN01530,1955178155,55,1,S8155,3,70,710,17,,,,1,5,,,,,,18,5,215,251,2,,,,17,0924,210,2,,7473,3,248,5933,3,4,,1959,4.0
59IN01531,1955178158,55,1,S8158,3,72,940,17,,,,,5,,,,,,,,203,233,,,,,17,,,,,7458,3,,,,4,,1959,4.0
59IN01532,1955178164,55,2,S8164,3,7K,800,17,,10,,,5,,3,1,,078,09,,101,135,,,085,045,17,,088,2,,7138,3,   81,8,,4,,1959,4.0
59IN01533,1955178165,55,1,S8165,3,72,800,17,,,,,5,,,,,,,,,,,,,,17,,,,,7138,3,,,,4,,1959,4.0
59IN01534,1955178166,55,2,S8166,3,70,720,17,,08,,2,5,,2,1,,094,08,,130,144,,,085,038,17,,083,2,,7231,3,   71,0,,4,,1959,4.0
59IN01535,1955178172,55,2,S8172,3,70,710,17,,08,,1,5,,2,1,,102,10,,106,144,,,087,052,17,,105,2,,7473,3,   71,0,,4,,1959,4.0
59IN01536,1955178175,55,2,S8175,3,65,661,17,,09,,1,5,,5,2,,080,13,,118,139,,,092,047,17,,102,2,,0549,2,   59,0,,4,,1959,4.0
59IN01537,1955178179,55,2,S8179,3,70,730,17,,08,,2,5,,2,3,,103,10,,152,170,,,094,063,17,,125,2,,7019,3,   73,0,,4,,1959,4.0
59IN01538,1955178185,55,1,S8185,3,72,890,17,,,,,5,,,,,,,,181,201,,,,,17,,,,,7282,3,,,,4,,1959,4.0
59IN01539,1955178186,55,2,S8186,3,7K,960,17,,07,,,5,,3,1,,104,12,,130,145,2,,091,056,17,0924,124,2,,7485,3,    2,8,,4,,1959,4.0
59IN01540,1955178188,55,2,S8188,3,72,860,17,,08,,,5,,3,1,,090,15,,123,145,,,089,042,17,,088,2,,7212,3,   80,8,,4,,1959,4.0
59IN01541,1955178189,55,1,S8189,3,72,830,17,,,,,5,,,,,,,,,,,,,,17,,,,,7169,3,,,,4,,1959,4.0
59IN01542,1955178190,55,2,S8190,3,72,950,17,,05,,,5,,3,1,,111,10,,130,146,,,094,051,17,,103,2,,7473,3,   92,9,,4,,1959,4.0
59IN01543,1955178193,55,1,S8193,3,72,920,17,,,,,5,,,,,,,,,,,,,,17,,,,,7382,3,,,,4,,1959,4.0
59IN01544,1955178202,55,2,S8202,3,70,710,17,,04,,1,5,,2,3,,096,09,,118,140,,,108,043,17,,086,3,,7473,3,   73,0,,4,,1959,4.0
59IN01545,1955178211,55,2,S8211,3,70,710,17,,06,,2,5,,2,1,,108,10,,126,154,,,090,048,17,,100,2,,7473,3,   72,0,,4,,1959,4.0
59IN01546,1955178232,55,2,S8232,3,70,710,17,,07,,3,5,,2,1,,108,09,,122,,,,097,048,17,,089,2,,7473,3,   71,0,,4,,1959,4.0
59IN01547,1955178245,55,2,S8245,3,70,720,17,,08,,3,5,,2,1,,089,10,,123,156,,,074,043,17,,093,2,,7231,3,   73,0,,4,,1959,4.0
59IN01548,1955178255,55,2,S8255,3,70,710,17,,05,,2,5,,2,4,,098,08,,133,163,,,088,040,17,,091,2,,7473,3,   73,0,,4,,1959,4.0
59IN01549,1955178258,55,2,S8258,3,65,671,17,,09,,,5,,5,1,,085,12,,111,147,,,083,040,17,,090,2,,1231,2,   61,0,,4,,1959,4.0
59IN01550,1955178261,55,2,S8261,3,70,710,17,,05,,1,5,,2,1,,090,09,,137,144,,,090,045,17,,098,2,,7473,3,   72,0,,4,,1959,4.0
59IN01551,1955178262,55,2,S8262,3,72,840,17,,08,,,5,,3,1,,082,12,,118,131,,,092,040,17,,094,2,,7194,3,   98,9,,4,,1959,4.0
59IN01552,1955178266,55,1,S8266,3,70,710,17,,,,,5,,,,,,,,,,,,,,17,,,,,7473,3,,,,4,,1959,4.0
59IN01553,1955178267,55,1,S8267,3,72,850,17,,,,,5,,,,,,,,169,179,,,,,17,,,,,7206,3,,,,4,,1959,4.0
59IN01554,1955178273,55,2,S8273,3,72,940,17,,08,,,5,,3,1,,080,15,,124,150,2,,095,041,17,0924,083,2,,7458,3,    2,8,,4,,1959,4.0
59IN01555,1955178276,55,2,S8276,3,70,720,17,,10,,3,5,,2,1,,100,07,,144,176,,,088,043,17,,110,2,,7231,3,   72,0,,4,,1959,4.0
59IN01556,1955178284,55,2,S8284,3,72,960,17,,08,,,5,,3,1,,098,11,,132,154,,,097,052,17,,115,2,,7485,3,   85,8,,4,,1959,4.0
59IN01557,1955178293,55,2,S8293,3,70,730,17,,07,,2,5,,2,1,,106,10,,177,185,,,085,058,17,,125,2,,7019,3,   72,0,,4,,1959,4.0
59IN01558,1955178294,55,2,S8294,3,70,730,17,,06,,2,5,,2,1,,088,09,,126,147,,,088,049,17,,098,2,,7019,3,   71,0,,4,,1959,4.0
59IN01559,1955178295,55,2,S8295,3,70,730,17,,07,,1,5,,2,3,,102,08,,140,160,,,085,044,17,,095,2,,7019,3,   73,0,,4,,1959,4.0
59IN01560,1955178297,55,2,S8297,3,7K,940,17,,06,,,5,,3,4,,098,09,,127,149,,,091,046,17,,091,2,,7458,3,   99,9,,4,,1959,4.0
59IN01561,1955178308,55,2,S8308,3,70,730,17,,07,,1,5,,2,3,,083,12,,127,141,,,087,060,17,,114,2,,7019,3,   72,0,,4,,1959,4.0
59IN01562,1955178309,55,2,S8309,3,70,730,17,,06,,1,5,,2,1,,098,09,,128,147,,,085,045,17,,089,2,,7019,3,   71,0,,4,,1959,4.0
59IN01563,1955178312,55,1,S8312,3,72,880,17,,,,,5,,,,,,,,173,183,,,,,17,,,,,7278,3,,,,4,,1959,4.0
59IN01564,1955178314,55,1,S8314,3,72,930,17,,,,,5,,,,,,,,,,,,,,17,,,,,7385,3,,,,4,,1959,4.0
59IN01565,1955178315,55,2,S8315,3,70,730,17,,06,,3,5,,2,1,,113,08,,153,185,,,091,043,17,,099,2,,7019,3,   73,0,,4,,1959,4.0
59IN01566,1955178320,55,2,S8320,3,70,710,17,,08,,3,5,,2,5,,104,09,,138,164,,,094,041,17,,084,2,,7473,3,   71,0,,4,,1959,4.0
59IN01567,1956178334,56,2,S8334,3,65,561,17,,08,,,4,,5,3,,087,11,,117,144,,,083,052,17,,103,2,,4318,1,   56,0,,3,,1959,3.0
59IN01568,1956178335,56,2,S8335,3,65,561,17,,07,,3,4,,5,3,,092,10,,112,144,,,090,054,17,,100,2,,4318,1,   55,0,,3,,1959,3.0
59IN01569,1956178340,56,2,S8340,3,70,730,17,,07,,2,4,,2,1,,083,09,,105,134,,,090,038,17,,073,1,,7890,3,   73,0,,3,,1959,3.0
59IN01570,1956178347,56,2,S8347,3,70,710,17,,06,,1,4,,2,1,,104,12,,145,170,,,090,046,17,,091,2,,7657,3,   73,0,,3,,1959,3.0
59IN01571,1956178348,56,2,S8348,3,70,710,17,,07,,,4,,2,1,,088,11,,98,129,2,,083,041,17,0924,086,2,,7657,3,    2,7,,3,,1959,3.0
59IN01572,1956178350,56,2,S8350,3,7K,870,17,,07,,,4,,3,2,,096,11,,118,143,2,,084,041,17,0924,074,1,,7910,3,    2,7,,3,,1959,3.0
59IN01573,1956178351,56,2,S8351,3,70,730,17,,06,,,4,,2,1,,087,08,,118,134,2,,111,051,17,0924,087,2,,7890,3,    2,7,,3,,1959,3.0
59IN01574,1956178352,56,2,S8352,3,70,730,17,,07,,3,4,,2,3,,093,07,,126,152,,,090,042,17,,084,2,,7890,3,   73,0,,3,,1959,3.0
59IN01575,1956178356,56,2,S8356,3,7K,950,17,,05,,,4,,3,1,,097,08,,142,150,,,075,030,17,,077,1,,7793,3,   97,9,,3,,1959,3.0
59IN01576,1956178358,56,2,S8358,3,70,730,17,,08,,,4,,2,1,,088,09,,118,138,2,,089,038,17,0924,074,2,,7890,3,    2,7,,3,,1959,3.0
59IN01577,1956178360,56,2,S8360,3,72,990,17,,05,,,4,,3,1,,118,11,,138,158,2,,078,050,17,0924,100,2,,7681,3,    2,7,,3,,1959,3.0
59IN01578,1956178368,56,2,S8368,3,7K,930,17,,08,,,4,,3,2,,095,08,,133,159,2,,088,038,17,0924,094,2,,7794,3,    2,7,,3,,1959,3.0
59IN01579,1956178372,56,2,S8372,3,65,701,17,,07,,,4,,5,1,,093,08,,123,144,2,,084,041,17,0924,084,2,,1621,2,    2,8,,3,,1959,3.0
59IN01580,1956178373,56,2,S8373,3,70,730,17,,06,,,4,,2,2,,094,08,,132,154,2,,088,042,17,0924,091,2,,7890,3,    2,7,,3,,1959,3.0
59IN01581,1956178380,56,2,S8380,3,70,730,17,,05,,3,4,,2,1,,082,08,,116,134,,,073,034,17,,075,1,,7890,3,   72,0,,3,,1959,3.0
59IN01582,1956178382,56,2,S8382,3,65,551,17,,07,,,4,01,5,1,,084,13,,112,143,,,079,046,17,,104,1,,4319,1,13 41,0,,3,,1959,3.0
59IN01583,1956178385,56,2,S8385,3,66,641,17,,07,,,4,,5,1,,091,09,,124,154,2,,079,044,17,0924,092,2,,2243,2,    2,7,,3,,1959,3.0
59IN01584,1956178389,56,2,S8389,3,70,730,17,,07,,,4,,2,1,,098,08,,135,156,2,,097,042,17,0924,081,1,,7890,3,    2,8,,3,,1959,3.0
59IN01585,1956178391,56,2,S8391,3,70,720,17,,08,,2,4,,2,1,,091,09,,124,150,,,080,035,17,,068,2,,7166,3,   71,0,,3,,1959,3.0
59IN01586,1956178393,56,2,S8393,3,70,710,17,,06,,2,4,,2,1,,098,09,,149,155,,,084,038,17,,087,2,,7657,3,   72,0,,3,,1959,3.0
59IN01587,1956178395,56,2,S8395,3,70,710,17,,06,,,4,,2,1,,103,13,,148,167,2,,083,043,17,0924,091,2,,7657,3,    2,7,,3,,1959,3.0
59IN01588,1956178405,56,2,S8405,3,70,730,17,,08,,1,4,,2,1,,077,09,,124,145,,,097,047,17,,086,2,,7890,3,   72,0,,3,,1959,3.0
59IN01589,1956178406,56,2,S8406,3,72,880,17,,07,,,4,,3,1,,088,07,,112,141,2,,099,048,17,0924,101,2,,7890,3,    2,7,,3,,1959,3.0
59IN01590,1956178413,56,2,S8413,3,70,710,17,,08,,,4,,2,1,,076,11,,104,123,3,,087,046,17,1218,093,2,,7657,3,,,,3,,1959,3.0
59IN01591,1956178415,56,2,S8415,3,70,710,17,,06,,,4,,2,1,,101,13,,136,157,2,,096,045,17,0924,088,2,,7657,3,    2,7,,3,,1959,3.0
59IN01592,1956178431,56,1,S8431,3,70,720,17,,,,3,4,,,,,,,,187,222,,,,,17,,182,2,,7166,3,231,6820,3,3,,1959,3.0
59IN01593,1956178434,56,2,S8434,3,70,710,17,,06,,2,4,,2,1,,098,07,,135,138,,,081,034,17,,070,1,,7657,3,   73,0,,3,,1959,3.0
59IN01594,1956178445,56,2,S8445,3,65,611,17,,07,,,4,,5,1,,088,11,,132,153,,,087,051,17,,095,2,,4213,1,   68,0,,3,,1959,3.0
59IN01595,1956178452,56,2,S8452,3,70,720,17,,08,,,4,,2,1,,087,12,,137,156,2,,098,045,17,0924,089,2,,7166,3,    2,7,,3,,1959,3.0
59IN01596,1956178454,56,2,S8454,3,70,710,17,,07,,3,4,,2,1,,097,11,,135,172,,,081,042,17,,089,2,,7657,3,   72,0,,3,,1959,3.0
59IN01597,1956178458,56,2,S8458,3,65,671,17,,06,,,4,,5,1,,091,09,,127,162,2,,082,039,17,0924,078,2,,1857,2,    2,7,,3,,1959,3.0
59IN01598,1956178461,56,1,S8461,3,70,730,17,,,,1,4,,,,,,,,181,233,,,,,17,,205,2,,7890,3,245,7352,3,3,,1959,3.0
59IN01599,1956178463,56,2,S8463,3,70,710,17,,08,,,4,,2,1,,083,07,,118,154,3,,077,033,17,1218,062,1,,7657,3,,,,3,,1959,3.0
59IN01600,1956178468,56,2,S8468,3,7K,990,17,,07,,,4,,3,1,,087,15,,132,168,,,082,038,17,,075,2,,7681,3,   96,9,,3,,1959,3.0
59IN01601,1956178470,56,2,S8470,3,72,870,17,,08,,,4,,3,3,,080,12,,111,134,,,079,042,17,,084,1,,7910,3,   99,9,,3,,1959,3.0
59IN01602,1956178471,56,2,S8471,3,70,730,17,,06,,1,4,,2,1,,088,08,,105,135,,,093,035,17,,074,2,,7890,3,   73,0,,3,,1959,3.0
59IN01603,1956178475,56,2,S8475,3,72,930,17,,06,,,4,,3,1,,107,07,,136,164,,,090,057,17,,104,1,,7794,3,   95,9,,3,,1959,3.0
59IN01604,1956178478,56,2,S8478,3,70,710,17,,05,,3,4,,2,2,,098,12,,125,154,,,097,043,17,,096,2,,7657,3,   73,0,,3,,1959,3.0
59IN01605,1956178480,56,2,S8480,3,70,720,17,,07,,1,4,,2,1,,087,07,,128,159,,,087,041,17,,077,1,,7166,3,   71,0,,3,,1959,3.0
59IN01606,1956178481,56,2,S8481,3,70,720,17,,05,,3,4,,2,1,,090,09,,115,135,,,088,048,17,,093,2,,7166,3,   71,0,,3,,1959,3.0
59IN01607,1956178491,56,2,S8491,3,65,591,17,,07,,1,4,,5,3,,081,13,,125,134,,,082,049,17,,099,2,,3868,1,   64,0,,3,,1959,3.0
59IN01608,1956178498,56,2,S8498,3,70,710,17,,07,,2,4,,2,1,,090,09,,128,166,,,092,035,17,,064,1,,7657,3,   72,0,,3,,1959,3.0
59IN01609,1956178508,56,2,S8508,3,70,720,17,,07,,2,4,,2,1,,078,12,,121,151,,,085,039,17,,080,2,,7166,3,   71,0,,3,,1959,3.0
59IN01610,1956178510,56,2,S8510,3,70,720,17,,05,,1,4,,2,1,,102,11,,150,172,,,084,051,17,,102,1,,7166,3,   71,0,,3,,1959,3.0
59IN01611,1956178512,56,2,S8512,3,70,710,17,,07,,2,4,,2,3,,076,09,,117,142,,,076,033,17,,064,1,,7657,3,   73,0,,3,,1959,3.0
59IN01612,1956178519,56,2,S8519,3,7K,820,17,,06,,,4,,3,2,,098,11,,114,142,,,081,037,17,,089,1,,7689,3,   89,8,,3,,1959,3.0
59IN01613,1956178520,56,2,S8520,3,70,720,17,,05,,,4,27,2,1,,086,08,,127,154,,,081,035,17,,066,1,,7166,3,95 41,0,,3,,1959,3.0
59IN01614,1956178521,56,2,S8521,3,70,720,17,,06,,3,4,,2,1,,098,09,,133,140,,,082,035,17,,071,2,,7166,3,   71,0,,3,,1959,3.0
59IN01615,1956178532,56,2,S8532,3,72,890,17,,07,,,4,,3,1,,086,11,,109,135,2,,088,047,17,0924,093,2,,7929,3,    2,7,,3,,1959,3.0
59IN01616,1956178552,56,2,S8552,3,7K,980,17,,06,,,4,,3,1,,085,14,,102,124,,,098,038,17,,082,2,,7944,3,   94,9,,3,,1959,3.0
59IN01617,1956178553,56,2,S8553,3,70,710,17,,04,,1,4,,2,1,,101,08,,132,157,,,085,032,17,,071,1,,7657,3,   72,0,,3,,1959,3.0
59IN01618,1956178556,56,2,S8556,3,70,710,17,,06,,,4,,2,1,,089,09,,126,149,2,,087,032,17,0924,071,1,,7657,3,    2,7,,3,,1959,3.0
59IN01619,1956178571,56,2,S8571,3,70,730,17,,07,,3,4,,2,2,,087,10,,122,143,,,081,041,17,,087,2,,7890,3,   72,0,,3,,1959,3.0
59IN01620,1956178582,56,2,S8582,3,7K,940,17,,06,,,4,,3,1,,097,09,,108,138,,,081,039,17,,078,2,,7685,3,   93,9,,3,,1959,3.0
59IN01621,1956178585,56,2,S8585,3,70,720,17,,05,,,4,,2,1,,077,09,,120,145,2,,094,049,17,0924,088,2,,7166,3,    2,8,,3,,1959,3.0
59IN01622,1956178591,56,2,S8591,3,7K,920,17,,08,,,4,,3,1,,082,11,,128,147,,,081,036,17,,069,1,,7584,3,   92,9,,3,,1959,3.0
59IN01623,1956178593,56,2,S8593,3,70,720,17,,07,,,4,,2,1,,092,08,,137,162,3,,084,041,17,1218,086,2,,7166,3,,,,3,,1959,3.0
59IN01624,1956178598,56,2,S8598,3,65,561,17,,07,,,4,,5,3,,097,12,,117,154,,,090,043,17,,083,1,,4318,1,   58,0,,3,,1959,3.0
59IN01625,1956178600,56,2,S8600,3,65,551,17,,07,,,4,,5,3,,078,13,,131,141,,,089,051,17,,092,1,,4319,1,   57,0,,3,,1959,3.0
59IN01626,1956178604,56,2,S8604,3,7K,840,17,,07,,,4,,3,1,,103,09,,122,154,,,085,049,17,,097,1,,7846,3,   88,8,,3,,1959,3.0
59IN01627,1956178629,56,2,S8629,3,72,960,17,,05,,,4,,3,1,,086,09,,117,143,,,088,034,17,,076,2,,7703,3,   91,9,,3,,1959,3.0
59IN01628,1956178631,56,2,S8631,3,70,730,17,,06,,1,4,,2,1,,094,08,,120,141,,,083,031,17,,061,1,,7890,3,   73,0,,3,,1959,3.0
59IN01629,1956178639,56,2,S8639,3,65,641,17,,07,,,4,,5,1,,078,12,,108,120,3,,090,040,17,1221,077,1,,2243,2,,,,3,,1959,3.0
59IN01630,1956178640,56,2,S8640,3,65,641,17,,05,,2,4,,5,1,,087,10,,117,138,,,075,033,17,,063,K,,2243,2,   55,0,,3,,1959,3.0
59IN01631,1956178647,56,2,S8647,3,70,720,17,,05,,,4,,2,1,,100,09,,158,197,2,,094,043,17,0924,097,1,,7166,3,    2,7,,3,,1959,3.0
59IN01632,1956178649,56,2,S8649,3,70,710,17,,06,,3,4,,2,2,,087,10,,136,155,,,085,046,17,,094,2,,7657,3,   73,0,,3,,1959,3.0
59IN01633,1956178651,56,2,S8651,3,65,581,17,,06,,,4,,5,3,,093,08,,103,146,,,077,035,17,,076,1,,4202,1,   70,0,,3,,1959,3.0
59IN01634,1956178654,56,2,S8654,3,70,730,17,,07,,2,4,,2,1,,101,08,,127,145,,,085,037,17,,077,1,,7890,3,   72,0,,3,,1959,3.0
59IN01635,1956178656,56,2,S8656,3,65,561,17,,07,,,4,,5,3,,094,13,,126,155,,,087,048,17,,085,1,,4318,1,   58,0,,3,,1959,3.0
59IN01636,1956178657,56,2,S8657,3,65,561,17,,07,,,4,,5,3,,084,14,,113,143,,,082,051,17,,099,2,,4318,1,   63,0,,3,,1959,3.0
59IN01637,1956178658,56,2,S8658,3,70,720,17,,08,,2,4,,2,1,,090,10,,126,149,,,086,040,17,,074,1,,7166,3,   71,0,,3,,1959,3.0
59IN01638,1956178665,56,2,S8665,3,70,710,17,,07,,,4,,2,1,,086,10,,126,158,2,,078,041,17,0924,081,1,,7657,3,    2,8,,3,,1959,3.0
59IN01639,1956178666,56,2,S8666,3,7K,880,17,,07,,,4,,3,1,,091,09,,102,135,,,093,041,17,,083,2,,7890,3,   87,8,,3,,1959,3.0
59IN01640,1956178669,56,2,S8669,3,70,720,17,,07,,1,4,,2,1,,092,09,,128,160,,,089,048,17,,092,2,,7166,3,   71,0,,3,,1959,3.0
59IN01641,1956178672,56,2,S8672,3,70,710,17,,08,,,4,,2,1,,073,09,,,,6,,083,037,17,0331,067,2,,7657,3,,,,3,,1959,3.0
59IN01642,1956178673,56,2,S8673,3,70,710,17,,07,,1,4,,2,1,,081,08,,113,129,,,074,032,17,,066,2,,7657,3,   72,0,,3,,1959,3.0
59IN01643,1956178674,56,2,S8674,3,65,581,17,,06,,,4,,5,1,,096,09,,133,161,,,088,042,17,,088,2,,4202,1,   69,0,,3,,1959,3.0
59IN01644,1956178679,56,2,S8679,3,70,720,17,,07,,,4,29,2,1,,080,08,,118,142,,,077,032,17,,079,1,,7166,3,34 41,0,,3,,1959,3.0
59IN01645,1956178680,56,2,S8680,3,7K,800,17,,07,,,4,,3,1,,095,07,,122,149,,,086,040,17,,070,1,,7936,3,   86,8,,3,,1959,3.0
59IN01646,1956178681,56,2,S8681,3,72,800,17,,08,,,4,,3,1,,086,08,,113,146,,,089,042,17,,078,2,,7936,3,   85,8,,3,,1959,3.0
59IN01647,1956178684,56,2,S8684,3,72,940,17,,06,,,4,,3,1,,113,08,,133,154,,,085,048,17,,111,2,,7685,3,   90,9,,3,,1959,3.0
59IN01648,1956178692,56,2,S8692,3,70,720,17,,08,,,4,,2,1,,088,10,,133,165,2,,084,041,17,0924,087,1,,7166,3,    2,7,,3,,1959,3.0
59IN01649,1956178704,56,2,S8704,3,70,730,17,,07,,2,4,,2,3,,081,08,,116,136,,,090,031,17,,068,2,,7890,3,   73,0,,3,,1959,3.0
59IN01650,1956178705,56,2,S8705,3,70,730,17,,07,,3,4,,2,3,,080,09,,126,139,,,084,035,17,,069,1,,7890,3,   72,0,,3,,1959,3.0
59IN01651,1956178727,56,2,S8727,3,72,820,17,,08,,,4,,3,1,,076,14,,102,132,,,087,033,17,,069,1,,7689,3,   84,8,,3,,1959,3.0
59IN01652,1956178735,56,2,S8735,3,7K,850,17,,07,,,4,,3,2,,083,11,,144,,3,,081,038,17,0615,073,1,,7579,3,,,,3,,1959,3.0
59IN01653,1956178736,56,2,S8736,3,70,720,17,,08,,3,4,,2,1,,077,10,,119,143,,,083,033,17,,070,2,,7166,3,   71,0,,3,,1959,3.0
59IN01654,1956178740,56,2,S8740,3,72,920,17,,07,,,4,,3,3,,085,14,,122,140,,,099,042,17,,072,2,,7584,3,   97,9,,3,,1959,3.0
59IN01655,1956178756,56,2,S8756,3,72,830,17,,08,,,4,,3,1,,080,11,,121,156,3,,079,028,17,1218,053,1,,7769,3,,,,3,,1959,3.0
59IN01656,1956178761,56,2,S8761,3,7K,830,17,,07,,,4,,3,1,,083,13,,,,6,,081,038,17,0528,077,1,,7769,3,,,,3,,1959,3.0
59IN01657,1957178768,57,2,S8768,3,70,720,17,,09,,1,3,,2,1,,103,08,,121,146,,,076,052,17,,104,2,,7890,3,   73,0,,2,,1959,2.0
59IN01658,1957178776,57,2,S8776,3,70,710,17,,10,,,3,13,2,1,,091,09,,105,143,,,079,047,17,,101,2,,7755,3,45 41,0,,2,,1959,2.0
59IN01659,1957178786,57,2,S8786,3,72,965,17,,08,,,3,,3,1,,106,10,,114,143,2,,083,051,17,0924,101,2,,8193,3,    2,6,,2,,1959,2.0
59IN01660,1957178791,57,1,S8791,3,70,730,17,,,,5,3,,,,,,,,165,184,,,,,17,,197,3,,8401,3,232,7119,3,2,,1959,2.0
59IN01661,1957178792,57,2,S8792,3,70,730,17,,08,,2,3,,2,1,,103,09,,122,147,,,077,040,17,,099,2,,8401,3,   72,0,,2,,1959,2.0
59IN01662,1957178793,57,2,S8793,3,65,611,17,,09,,,3,01,5,3,,101,09,,115,148,,,083,057,17,,115,3,,4585,1,09 41,0,,2,,1959,2.0
59IN01663,1957178794,57,2,S8794,3,65,611,17,,08,,,3,,5,2,,097,09,,107,143,2,,087,057,17,0924,098,4,,4585,1,    2,6,,2,,1959,2.0
59IN01664,1957178803,57,2,S8803,3,70,720,17,,09,,3,3,,2,3,,099,08,,113,144,,,087,047,17,,086,2,,7890,3,   73,0,,2,,1959,2.0
59IN01665,1957178804,57,2,S8804,3,72,889,17,,07,,,3,,3,1,,101,09,,124,138,,,083,042,17,,075,2,,8189,3,   83,8,,2,,1959,2.0
59IN01666,1957178809,57,2,S8809,3,72,835,17,,09,,,3,,3,1,,094,10,,107,134,,,084,041,17,,082,2,,8204,3,   82,8,,2,,1959,2.0
59IN01667,1957178813,57,2,S8813,3,70,710,17,,08,,,3,,2,1,,103,09,,128,149,2,,080,044,17,0924,092,2,,7755,3,    2,5,,2,,1959,2.0
59IN01668,1957178816,57,2,S8816,3,72,869,17,,10,,,3,,3,1,,089,11,,119,145,,,077,039,17,,070,2,,8158,3,   81,8,,2,,1959,2.0
59IN01669,1957178817,57,2,S8817,3,66,601,17,,09,,,3,,5,4,,099,07,,119,143,,,084,043,17,,079,2,,4466,1,   65,0,,2,,1959,2.0
59IN01670,1957178820,57,2,S8820,3,70,730,17,,08,,,3,01,2,1,,103,09,,124,154,,,083,043,17,,094,2,,8401,3,88 41,0,,2,,1959,2.0
59IN01671,1957178822,57,2,S8822,3,70,720,17,,08,,1,3,,2,1,,096,08,,107,133,,,069,038,17,,088,2,,7890,3,   72,0,,2,,1959,2.0
59IN01672,1957178823,57,2,S8823,3,72,995,17,,08,,,3,,3,1,,100,09,,121,143,,,080,040,17,,096,2,,8312,3,   96,9,,2,,1959,2.0
59IN01673,1957178826,57,1,S8826,3,72,919,17,,,,5,3,,,,,,,,174,206,,,,,17,,199,2,,8209,3,203,6933,3,2,,1959,2.0
59IN01674,1957178827,57,2,S8827,3,72,929,17,,09,,,3,,3,4,,093,10,,104,139,2,,086,044,17,0924,087,2,,8236,3,    2,5,,2,,1959,2.0
59IN01675,1957178838,57,2,S8838,3,72,919,17,,08,,,3,,3,3,,103,13,,127,151,2,,084,043,17,0924,100,2,,8209,3,    2,5,,2,,1959,2.0
59IN01676,1957178840,57,2,S8840,3,72,855,17,,09,,,3,,3,1,,094,09,,104,138,,,075,040,17,,109,2,,7968,3,   80,8,,2,,1959,2.0
59IN01677,1957178843,57,2,S8843,3,65,651,17,,09,,,3,,5,1,,098,08,,96,126,,,076,044,17,,100,2,,1854,2,   56,0,,2,,1959,2.0
59IN01678,1957178844,57,2,S8844,3,72,829,17,,09,,,3,,3,4,,108,13,,123,157,2,,085,058,17,0924,109,2,,8306,3,    2,5,,2,,1959,2.0
59IN01679,1957178846,57,2,S8846,3,70,730,17,,08,,3,3,,2,1,,098,09,,106,133,,,086,044,17,,093,2,,8401,3,   72,0,,2,,1959,2.0
59IN01680,1957178851,57,2,S8851,3,70,710,17,,08,,2,3,,2,4,,103,09,,119,147,,,087,049,17,,100,2,,7755,3,   73,0,,2,,1959,2.0
59IN01681,1957178852,57,2,S8852,3,70,740,17,,09,,1,3,,2,1,,091,09,,105,138,,,081,050,17,,102,2,,8667,3,   73,0,,2,,1959,2.0
59IN01682,1957178858,57,2,S8858,3,72,905,17,,09,,,3,,3,1,,088,11,,106,134,,,063,035,17,,091,2,,8267,3,   95,9,,2,,1959,2.0
59IN01683,1957178866,57,2,S8866,3,65,661,17,,10,,3,3,,5,1,,084,08,,96,125,,,079,044,17,,089,2,,2304,2,   59,0,,2,,1959,2.0
59IN01684,1957178870,57,2,S8870,3,72,985,17,,10,,,3,,3,1,,093,10,,110,138,,,078,037,17,,073,4,,8223,3,   94,9,,2,,1959,2.0
59IN01685,1957178871,57,2,S8871,3,72,809,17,,10,,,3,,3,1,,083,09,,112,136,,,078,045,17,,100,2,,8061,3,   98,9,,2,,1959,2.0
59IN01686,1957178873,57,2,S8873,3,70,710,17,,08,,2,3,,2,1,,113,07,,132,173,,,079,053,17,,112,2,,7755,3,   71,0,,2,,1959,2.0
59IN01687,1957178874,57,1,S8874,3,70,710,17,,,,1,3,,,,,,18,4,187,219,2,,,,17,0924,174,2,,7755,3,242,7395,3,2,,1959,2.0
59IN01688,1957178877,57,2,S8877,3,72,845,17,,10,,,3,,3,1,,094,10,,108,145,,,086,044,17,,094,2,,8184,3,   99,9,,2,,1959,2.0
59IN01689,1957178879,57,2,S8879,3,70,730,17,,08,,2,3,,2,1,,109,09,,116,139,,,085,044,17,,089,2,,8401,3,   72,0,,2,,1959,2.0
59IN01690,1957178883,57,2,S8883,3,70,720,17,,09,,1,3,,2,1,,096,09,,117,130,,,078,039,17,,089,2,,7890,3,   71,0,,2,,1959,2.0
59IN01691,1957178886,57,2,S8886,3,70,710,17,,08,,3,3,,2,1,,104,09,,127,157,,,077,047,17,,085,2,,7755,3,   73,0,,2,,1959,2.0
59IN01692,1957178890,57,2,S8890,3,70,720,17,,09,,2,3,,2,1,,103,08,,117,144,,,079,046,17,,083,2,,7890,3,   73,0,,2,,1959,2.0
59IN01693,1957178894,57,2,S8894,3,70,720,17,,08,,1,3,,2,1,,098,09,,119,150,,,080,043,17,,082,2,,7890,3,   72,0,,2,,1959,2.0
59IN01694,1957178896,57,2,S8896,3,65,681,17,,08,,,3,,5,1,,102,10,,112,143,2,,073,053,17,0924,098,2,,2516,2,    2,5,,2,,1959,2.0
59IN01695,1957178897,57,1,S8897,3,72,899,17,,,,1,3,,,,,,,,157,190,6,,,,17,1101,152,2,,8139,3,204,8273,3,2,,1959,2.0
59IN01696,1957178900,57,2,S8900,3,70,730,17,,09,,3,3,,2,1,,103,09,,113,137,,,066,037,17,,090,2,,8401,3,   72,0,,2,,1959,2.0
59IN01697,1957178901,57,2,S8901,3,65,601,17,,09,,,3,,5,3,,098,09,,120,138,,,093,046,17,,089,2,,4466,1,   66,0,,2,,1959,2.0
59IN01698,1957178909,57,2,S8909,3,72,955,17,,09,,,3,,3,4,,103,09,,117,137,2,,087,040,17,0924,088,3,,8073,3,    2,6,,2,,1959,2.0
59IN01699,1957178910,57,2,S8910,3,66,641,17,,09,,1,3,,5,1,,095,09,,118,146,,,079,046,17,,079,2,,2538,2,   55,0,,2,,1959,2.0
59IN01700,1957178913,57,2,S8913,3,70,710,17,,08,,,3,,2,1,,116,08,,133,154,2,,086,043,17,0924,090,2,,7755,3,    2,5,,2,,1959,2.0
59IN01701,1957178914,57,2,S8914,3,70,720,17,,07,,3,3,,2,1,,102,09,,124,149,,,081,045,17,,087,2,,7890,3,   71,0,,2,,1959,2.0
59IN01702,1957178915,57,2,S8915,3,72,875,17,,08,,,3,,3,1,,102,10,,113,138,2,,079,048,17,0924,108,2,,8095,3,    2,6,,2,,1959,2.0
59IN01703,1957178921,57,2,S8921,3,70,710,17,,08,,2,3,,2,4,,104,09,,128,154,,,082,046,17,,101,2,,7755,3,   71,0,,2,,1959,2.0
59IN01704,1957178929,57,1,S8929,3,72,829,17,,,,1,3,,,,,,,,140,172,,,,,17,,127,3,,8306,3,199,7525,3,2,,1959,2.0
59IN01705,1957178930,57,2,S8930,3,70,710,17,,07,,1,3,,2,1,,118,09,,128,163,,,093,055,17,,104,2,,7755,3,   73,0,,2,,1959,2.0
59IN01706,1957178939,57,2,S8939,3,70,720,17,,10,,3,3,,2,3,,102,09,,121,130,,,084,046,17,,088,2,,7890,3,   73,0,,2,,1959,2.0
59IN01707,1957178940,57,2,S8940,3,72,935,17,,08,,,3,,3,1,,102,12,,120,142,,,063,036,17,,085,2,,8197,3,   93,9,,2,,1959,2.0
59IN01708,1957178953,57,1,S8953,3,72,929,17,,,,1,3,,,,,,,,134,162,,,,,17,,159,2,,8236,3,182,7433,3,2,,1959,2.0
59IN01709,1957178955,57,2,S8955,3,72,819,17,,08,,,3,,3,1,,107,09,,121,148,,,071,039,17,,091,2,,8010,3,   89,8,,2,,1959,2.0
59IN01710,1957178960,57,2,S8960,3,70,710,17,,08,,1,3,,2,4,,100,10,,106,138,,,089,055,17,,114,2,,7755,3,   71,0,,2,,1959,2.0
59IN01711,1957178967,57,2,S8967,3,70,720,17,,07,,2,3,,2,1,,104,09,,148,137,,,074,042,17,,084,2,,7890,3,   72,0,,2,,1959,2.0
59IN01712,1957178968,57,2,S8968,3,72,949,17,,07,,,3,,3,1,,098,10,,118,149,2,,075,043,17,0924,096,2,,8008,3,    2,6,,2,,1959,2.0
59IN01713,1957178970,57,2,S8970,3,70,710,17,,08,,2,3,,2,3,,106,09,,127,150,,,086,046,17,,097,2,,7755,3,   73,0,,2,,1959,2.0
59IN01714,1957178972,57,2,S8972,3,70,710,17,,09,,,3,,2,4,,103,09,,,,6,,096,049,17,0528,099,2,,7755,3,,,,2,,1959,2.0
59IN01715,1957178976,57,2,S8976,3,70,720,17,,09,,3,3,,2,4,,092,09,,106,122,,,083,045,17,,084,3,,7890,3,   71,0,,2,,1959,2.0
59IN01716,1957178977,57,2,S8977,3,70,720,17,,08,,1,3,,2,4,,100,09,,112,131,,,084,045,17,,088,2,,7890,3,   73,0,,2,,1959,2.0
59IN01717,1957178978,57,2,S8978,3,70,720,17,,09,,1,3,,2,1,,100,12,,105,142,,,082,051,17,,096,2,,7890,3,   72,0,,2,,1959,2.0
59IN01718,1957178979,57,2,S8979,3,72,835,17,,11,,,3,,3,4,,075,13,,103,131,2,,074,039,17,0924,071,2,,8204,3,    2,5,,2,,1959,2.0
59IN01719,1957178980,57,2,S8980,3,70,710,17,,09,,2,3,,2,1,,088,13,,103,133,,,085,051,17,,101,2,,7755,3,   71,0,,2,,1959,2.0
59IN01720,1957178983,57,1,S8983,3,72,979,17,,,,1,3,,,,,,,,168,195,,,,,17,,190,2,,8165,3,212,8190,3,2,,1959,2.0
59IN01721,1957178991,57,2,S8991,3,65,641,17,,09,,,3,,5,1,,102,10,,120,153,,,081,047,17,,100,2,,2538,2,   57,0,,2,,1959,2.0
59IN01722,1957178995,57,2,S8995,3,72,809,17,,08,,,3,,3,2,,097,07,,128,149,,,085,039,17,,070,2,,8061,3,   88,8,,2,,1959,2.0
59IN01723,1957178996,57,2,S8996,3,72,899,17,,10,,,3,,3,4,,098,14,,108,137,,,065,024,17,,052,2,,8139,3,   87,8,,2,,1959,2.0
59IN01724,1957178998,57,2,S8998,3,72,919,17,,07,,,3,,3,1,,108,10,,134,154,2,,072,042,17,0924,105,2,,8209,3,    2,5,,2,,1959,2.0
59IN01725,1957179000,57,2,S9000,3,72,899,17,,08,,,3,,3,1,,104,14,,126,153,,,060,035,17,,078,1,,8139,3,   86,8,,2,,1959,2.0
59IN01726,1957179005,57,2,S9005,3,70,720,17,,09,,1,3,,2,4,,091,09,,105,125,,,079,037,17,,071,2,,7890,3,   71,0,,2,,1959,2.0
59IN01727,1957179006,57,2,S9006,3,70,720,17,,12,,3,3,,2,1,,083,10,,109,123,,,076,036,17,,073,2,,7890,3,   73,0,,2,,1959,2.0
59IN01728,1957179007,57,2,S9007,3,72,929,17,,10,,,3,,3,4,,081,09,,104,131,2,,084,038,17,0924,085,2,,8236,3,    2,5,,2,,1959,2.0
59IN01729,1957179008,57,2,S9008,3,72,845,17,,08,,,3,,3,1,,107,13,,126,151,,,078,046,17,,089,2,,8184,3,   85,8,,2,,1959,2.0
59IN01730,1957179011,57,2,S9011,3,70,720,17,,08,,3,3,,2,3,,107,09,,113,146,,,087,043,17,,091,2,,7890,3,   72,0,,2,,1959,2.0
59IN01731,1957179014,57,2,S9014,3,65,671,17,,08,,,3,,5,1,,101,09,,112,134,,,094,050,17,,093,2,,2504,2,   61,0,,2,,1959,2.0
59IN01732,1957179016,57,2,S9016,3,70,710,17,,09,,2,3,,2,1,,096,11,,122,152,,,079,059,17,,114,2,,7755,3,   73,0,,2,,1959,2.0
59IN01733,1957179024,57,2,S9024,3,70,740,17,,10,,2,3,,2,1,,082,09,,108,140,,,073,037,17,,088,2,,8667,3,   72,0,,2,,1959,2.0
59IN01734,1957179026,57,2,S9026,3,72,845,17,,09,,,3,,3,1,,102,09,,112,141,2,,076,038,17,0924,080,2,,8184,3,    2,5,,2,,1959,2.0
59IN01735,1957179030,57,2,S9030,3,65,671,17,,08,,,3,,5,1,,098,09,,102,129,,,078,042,17,,086,2,,2504,2,   62,0,,2,,1959,2.0
59IN01736,1957179034,57,2,S9034,3,66,661,17,,09,,2,3,,5,1,,088,09,,116,128,,,069,032,17,,075,1,,2304,2,   67,0,,2,,1959,2.0
59IN01737,1957179039,57,2,S9039,3,72,935,17,,09,,,3,,3,1,,084,11,,113,132,,,076,038,17,,092,2,,8197,3,   92,9,,2,,1959,2.0
59IN01738,1957179041,57,2,S9041,3,70,730,17,,08,,1,3,,2,1,,109,10,,130,169,,,090,053,17,,100,2,,8401,3,   72,0,,2,,1959,2.0
59IN01739,1957179042,57,2,S9042,3,72,979,17,,08,,,3,,3,3,,102,12,,107,143,2,,081,043,17,0924,090,3,,8165,3,    2,6,,2,,1959,2.0
59IN01740,1957179043,57,2,S9043,3,65,621,17,,10,,,3,,5,3,,092,09,,114,128,,,080,045,17,,098,2,,4586,1,   69,0,,2,,1959,2.0
59IN01741,1957179049,57,2,S9049,3,72,899,17,,09,,,3,,3,1,,083,11,,109,130,,,072,044,17,,083,2,,8139,3,   84,8,,2,,1959,2.0
59IN01742,1957179052,57,2,S9052,3,72,965,17,,06,,,3,,3,4,,117,09,,118,152,2,,068,044,17,0924,095,2,,8193,3,    2,5,,2,,1959,2.0
59IN01743,1957179053,57,2,S9053,3,72,949,17,,10,,,3,,3,1,,098,08,,118,151,,,056,035,17,,074,J,,8008,3,   91,9,,2,,1959,2.0
59IN01744,1957179058,57,2,S9058,3,70,720,17,,09,,3,3,,2,2,,100,09,,128,134,,,082,044,17,,090,2,,7890,3,   71,0,,2,,1959,2.0
59IN01745,1957179065,57,1,S9065,3,72,985,17,,,,1,3,,,,,,,,117,148,,,,,17,,140,2,,8223,3,171,7548,3,2,,1959,2.0
59IN01746,1957179072,57,1,S9072,3,70,710,17,,,,1,3,,,,,,,,173,193,,,,,17,,170,3,,7755,3,234,6618,3,2,,1959,2.0
59IN01747,1957179074,57,2,S9074,3,72,855,17,,11,,,3,,3,4,,088,09,,98,125,2,,073,038,17,0924,085,2,,7968,3,    2,6,,2,,1959,2.0
59IN01748,1957179077,57,2,S9077,3,70,740,17,,09,,,3,,2,1,,093,10,,106,125,3,,084,042,17,1123,089,2,,8667,3,,,,2,,1959,2.0
59IN01749,1957179080,57,2,S9080,3,70,720,17,,08,,1,3,,2,1,,092,09,,104,133,,,080,049,17,,106,2,,7890,3,   73,0,,2,,1959,2.0
59IN01750,1957179084,57,2,S9084,3,70,720,17,,08,,,3,,2,4,,097,09,,106,124,2,,069,042,17,0924,081,2,,7890,3,    2,6,,2,,1959,2.0
59IN01751,1957179089,57,2,S9089,3,65,691,17,,10,,,3,,5,1,,082,10,,,,7,,079,033,17,0602,063,2,,2756,2,,,,2,,1959,2.0
59IN01752,1957179090,57,2,S9090,3,70,740,17,,10,,2,3,,2,1,,085,10,,107,139,,,084,045,17,,097,2,,8667,3,   71,0,,2,,1959,2.0
59IN01753,1957179093,57,2,S9093,3,70,720,17,,09,,3,3,,2,2,,090,09,,107,137,,,076,037,17,,076,2,,7890,3,   72,0,,2,,1959,2.0
59IN01754,1957179096,57,2,S9096,3,72,995,17,,09,,,3,,3,1,,098,09,,121,133,2,,075,043,17,0924,103,2,,8312,3,    2,5,,2,,1959,2.0
59IN01755,1957179101,57,2,S9101,3,72,985,17,,09,,,3,,3,4,,092,11,,101,130,,,078,052,17,,110,2,,8223,3,   90,9,,2,,1959,2.0
59IN01756,1957179103,57,2,S9103,3,72,889,17,,09,,,3,,3,1,,090,11,,120,145,2,,076,037,17,0924,075,2,,8189,3,    2,5,,2,,1959,2.0
59IN01757,1957179104,57,2,S9104,3,65,551,17,,09,,,3,,5,2,,097,08,,116,148,2,,085,049,17,0924,103,2,,4377,1,    2,6,,2,,1959,2.0
59IN01758,1957179106,57,2,S9106,3,70,710,17,,09,,1,3,,2,3,,097,12,,122,145,,,076,043,17,,084,2,,7755,3,   71,0,,2,,1959,2.0
59IN01759,1957179107,57,2,S9107,3,72,875,17,,09,,,3,,3,1,,096,09,,117,143,2,,070,043,17,0924,080,2,,8095,3,    2,6,,2,,1959,2.0
59IN01760,1957179108,57,2,S9108,3,72,979,17,,08,,,3,,3,1,,104,08,,106,131,2,,073,043,17,0924,091,2,,8165,3,    2,6,,2,,1959,2.0
59IN01761,1957179112,57,2,S9112,3,65,571,17,,10,,3,3,,5,1,,100,10,,126,161,,,079,048,17,,097,2,,4411,1,   64,0,,2,,1959,2.0
59IN01762,1957179114,57,2,S9114,3,72,979,17,,08,,,3,,3,4,,092,08,,106,140,2,,074,039,17,0924,090,2,,8165,3,    2,5,,2,,1959,2.0
59IN01763,1957179122,57,2,S9122,3,70,720,17,,09,,3,3,,2,1,,103,06,,116,121,,,077,037,17,,087,2,,7890,3,   71,0,,2,,1959,2.0
59IN01764,1957179123,57,1,S9123,3,72,809,17,,,,1,3,,,,,,,,,,7,,,,17,0530,,,,8061,3,135,7809,3,2,,1959,2.0
59IN01765,1957179130,57,2,S9130,3,65,601,17,,07,,,3,,5,3,,108,10,,140,150,,,080,055,17,,103,2,,4466,1,   63,0,,2,,1959,2.0
59IN01766,1957179131,57,2,S9131,3,65,551,17,,09,,,3,,5,2,,088,11,,103,137,,,077,043,17,,087,2,,4377,1,   60,0,,2,,1959,2.0
59IN01767,1957179134,57,2,S9134,3,72,869,17,,09,,,3,,3,1,,106,09,,128,160,2,,076,046,17,0924,091,2,,8158,3,    2,5,,2,,1959,2.0
59IN01768,1957179142,57,2,S9142,3,72,949,17,,09,,,3,,3,1,,101,10,,105,146,,,075,041,17,,087,2,,8008,3,   97,9,,2,,1959,2.0
59IN01769,1957179143,57,2,S9143,3,70,710,17,,07,,3,3,,2,1,,113,09,,136,174,,,088,051,17,,102,2,,7755,3,   73,0,,2,,1959,2.0
59IN01770,1957179147,57,1,S9147,3,72,875,17,,,,3,3,,,,,,,,141,193,,,,,17,,178,2,,8095,3,194,7655,3,2,,1959,2.0
59IN01771,1957179150,57,2,S9150,3,72,869,17,,08,,,3,,3,4,,105,08,,143,167,,,065,040,17,,085,1,,8158,3,   83,8,,2,,1959,2.0
59IN01772,1957179151,57,2,S9151,3,72,819,17,,08,,,3,,3,3,,098,14,,111,145,2,,069,038,17,0924,088,2,,8010,3,    2,6,,2,,1959,2.0
59IN01773,1957179153,57,2,S9153,3,72,935,17,,09,,,3,,3,1,,083,10,,113,131,2,,071,032,17,0924,064,2,,8197,3,    2,6,,2,,1959,2.0
59IN01774,1957179154,57,1,S9154,3,72,935,17,,,,5,3,,,,,,,,137,149,,,,,17,,153,2,,8197,3,201,7712,3,2,,1959,2.0
59IN01775,1957179160,57,2,S9160,3,65,611,17,,08,,,3,,5,3,,103,10,,117,,7,,073,049,17,1001,101,2,,4585,1,,,,2,,1959,2.0
59IN01776,1957179168,57,2,S9168,3,70,730,17,,06,,2,3,,2,1,,111,09,,138,158,,,071,037,17,,081,2,,8401,3,   72,0,,2,,1959,2.0
59IN01777,1957179173,57,2,S9173,3,72,869,17,,08,,,3,,3,1,,089,10,,106,134,,,080,040,17,,085,2,,8158,3,   82,8,,2,,1959,2.0
59IN01778,1957179175,57,2,S9175,3,72,955,17,,09,,,3,,3,4,,096,09,,122,157,2,,080,033,17,0924,070,2,,8073,3,    2,5,,2,,1959,2.0
59IN01779,1957179176,57,2,S9176,3,70,710,17,,08,,2,3,,2,3,,104,09,,126,159,,,074,042,17,,087,2,,7755,3,   71,0,,2,,1959,2.0
59IN01780,1957179178,57,2,S9178,3,70,710,17,,09,,2,3,,2,1,,093,11,,112,146,,,071,041,17,,085,2,,7755,3,   73,0,,2,,1959,2.0
59IN01781,1957179181,57,2,S9181,3,72,829,17,,09,,,3,,3,1,,097,10,,106,139,2,,078,040,17,0924,078,2,,8306,3,    2,6,,2,,1959,2.0
59IN01782,1957179185,57,2,S9185,3,70,720,17,,10,,,3,,2,4,,094,09,,114,146,2,,077,039,17,0924,074,2,,7890,3,    2,5,,2,,1959,2.0
59IN01783,1958179191,58,1,S9191,3,70,710,17,,,,4,2,,,,,,,,152,172,3,,,,17,0801,121,2,,7166,3,224,7541,3,1,,1959,1.0
59IN01784,1958179193,58,1,S9193,3,65,600,17,,,,3,2,,,,,,18,7,148,163,2,,,,17,0924,143,2,,4687,1,221,6568,3,1,,1959,1.0
59IN01785,1958179194,58,2,S9194,3,65,600,17,,07,,,2,,5,3,  1,104,10,,104,126,,,086,049,17,,132,3,,4687,1,   69,0,,1,,1959,1.0
59IN01786,1958179195,58,2,S9195,3,70,710,17,,08,,1,2,,2,1,  1,102,09,,102,138,,,080,041,17,,132,2,,7166,3,   71,0,,1,,1959,1.0
59IN01787,1958179196,58,2,S9196,3,70,710,17,,07,,1,2,,2,1,  1,102,09,,102,127,,,088,047,17,,102,2,,7166,3,   72,0,,1,,1959,1.0
59IN01788,1958179197,58,2,S9197,3,70,710,17,,07,,3,2,,2,1,  2,100,09,,100,130,,,079,041,17,,116,2,,7166,3,   71,0,,1,,1959,1.0
59IN01789,1958179199,58,2,S9199,3,70,710,17,,09,,2,2,,2,1,  2,083,09,,83,102,,,088,047,17,,107,2,,7166,3,   71,0,,1,,1959,1.0
59IN01790,1958179200,58,1,S9200,3,70,710,17,,,,3,2,,,,,,18,9,135,161,2,,,,17,0924,122,2,,7166,3,220,8255,3,1,,1959,1.0
59IN01791,1958179202,58,2,S9202,3,70,730,17,,09,,1,2,,2,1,  2,093,09,,93,127,,,102,064,17,,131,3,,8959,3,   72,0,,1,,1959,1.0
59IN01792,1958179203,58,1,S9203,3,70,740,17,,,,1,2,,,,,,14,2,151,179,2,,,,17,0924,139,4,,8936,3,226,7395,3,1,,1959,1.0
59IN01793,1958179204,58,2,S9204,3,65,550,17,,07,,,2,,5,1,  2,093,09,,93,113,,,089,058,17,,128,4,,4377,1,   69,0,,1,,1959,1.0
59IN01794,1958179206,58,2,S9206,3,70,710,17,,08,,1,2,,2,1,  2,102,09,,102,129,,,088,070,17,,146,2,,7166,3,   72,0,,1,,1959,1.0
59IN01795,1958179208,58,2,S9208,3,70,730,17,,08,,1,2,,2,3,  2,101,09,,101,126,,,078,047,17,,131,2,,8959,3,   73,0,,1,,1959,1.0
59IN01796,1958179209,58,1,S9209,3,70,720,17,,,,1,2,,,,,,,,140,162,,,,,17,,114,2,,8431,3,226,8498,3,1,,1959,1.0
59IN01797,1958179210,58,1,S9210,3,72,825,17,,,,1,2,,,,,,,,133,166,,,,,17,,091,2,,8603,3,210,8519,3,1,,1959,1.0
59IN01798,1958179211,58,2,S9211,3,70,740,17,,08,,,2,,2,1,  1,084,08,,84,117,2,,086,039,17,0924,100,2,,8936,3,    2,2,,1,,1959,1.0
59IN01799,1958179218,58,1,S9218,3,72,825,17,,,,5,2,,,,,,,,111,123,,,,,17,,079,2,,8603,3,194,6928,3,1,,1959,1.0
59IN01800,1958179219,58,2,S9219,3,72,825,17,,08,,,2,,3,1,  2,076,09,,76,105,,,071,027,17,,066,2,,8603,3,   81,8,,1,,1959,1.0
59IN01801,1958179220,58,1,S9220,3,72,885,17,,,,5,2,,,,,,,,118,137,,,,,17,,096,2,,8636,3,185,7879,3,1,,1959,1.0
59IN01802,1958179221,58,2,S9221,3,72,885,17,,08,,,2,,3,4,  2,092,11,,92,115,,,077,041,17,,115,2,,8636,3,   80,8,,1,,1959,1.0
59IN01803,1958179224,58,1,S9224,3,72,875,17,,,,1,2,,,,,,,,146,163,,,,,17,,110,2,,8441,3,220,7655,3,1,,1959,1.0
59IN01804,1958179225,58,2,S9225,3,70,720,17,,07,,3,2,,2,1,  2,102,07,,102,148,,,079,040,17,,131,2,,8431,3,   72,0,,1,,1959,1.0
59IN01805,1958179226,58,1,S9226,3,70,730,17,,,,1,2,,,,,,16,0,136,156,2,,,,17,0924,130,2,,8959,3,216,6934,3,1,,1959,1.0
59IN01806,1958179227,58,2,S9227,3,72,845,17,,08,,,2,,3,1,  1,086,13,,86,129,2,,094,056,17,0924,126,3,,8719,3,    2,3,,1,,1959,1.0
59IN01807,1958179229,58,2,S9229,3,72,909,17,,07,,,2,,3,3,  2,090,09,,90,109,2,,090,039,17,0924,105,3,,8324,3,    2,4,,1,,1959,1.0
59IN01808,1958179231,58,2,S9231,3,72,855,17,,07,,,2,,3,4,  2,107,08,,107,139,,,070,034,17,,111,2,,8370,3,   98,9,,1,,1959,1.0
59IN01809,1958179232,58,1,S9232,3,72,855,17,,,,4,2,,,,,,,,144,161,,,,,17,,110,2,,8370,3,211,7523,3,1,,1959,1.0
59IN01810,1958179233,58,2,S9233,3,72,835,17,,06,,,2,,3,1,  2,123,10,,123,142,2,,091,051,17,0924,144,4,,8576,3,    2,4,,1,,1959,1.0
59IN01811,1958179234,58,2,S9234,3,66,700,17,,07,,,2,,5,1,  1,113,09,,113,145,,,084,044,17,,125,2,,3083,2,   63,0,,1,,1959,1.0
59IN01812,1958179237,58,1,S9237,3,72,845,17,,,,3,2,,,,,,,,125,146,,,,,17,,134,3,,8719,3,201,7146,3,1,,1959,1.0
59IN01813,1958179239,58,2,S9239,3,72,959,17,,07,,,2,,3,1,  2,113,10,,113,155,2,,069,060,17,0924,149,2,,8757,3,    2,4,,1,,1959,1.0
59IN01814,1958179240,58,2,S9240,3,65,690,17,,07,,,2,,5,1,  3,103,11,,103,144,,,080,054,17,,146,2,,3248,2,   57,0,,1,,1959,1.0
59IN01815,1958179242,58,1,S9242,3,72,929,17,,,,1,2,,,,,,,,100,116,,,,,17,,102,2,,8523,3,178,8524,3,1,,1959,1.0
59IN01816,1958179244,58,2,S9244,3,65,650,17,,07,,,2,,5,1,  1,090,09,,90,123,,,088,049,17,,123,4,,3112,2,   57,0,,1,,1959,1.0
59IN01817,1958179247,58,2,S9247,3,70,720,17,,06,,1,2,,2,1,  1,118,09,,118,134,,,077,040,17,,104,2,,8431,3,   72,0,,1,,1959,1.0
59IN01818,1958179248,58,1,S9248,3,72,875,17,,,,5,2,,,,,,,,149,148,,,,,17,,112,2,,8441,3,218,7113,3,1,,1959,1.0
59IN01819,1958179249,58,2,S9249,3,72,875,17,,08,,,2,,3,1,  2,103,09,,103,134,,,079,039,17,,113,2,,8441,3,   99,9,,1,,1959,1.0
59IN01820,1958179252,58,1,S9252,3,72,885,17,,,,3,2,,,,,,,,140,155,,,,,17,,113,2,,8636,3,195,6915,3,1,,1959,1.0
59IN01821,1958179253,58,2,S9253,3,72,885,17,,10,,,2,,3,3,  2,090,10,,90,108,,,074,032,17,,093,2,,8636,3,   89,8,,1,,1959,1.0
59IN01822,1958179254,58,4,S9254,3,,,17,,,,,2,,,,,,,,125,160,,,,,17,,116,2,,,,,,,1,,1959,1.0
59IN01823,1958179257,58,2,S9257,3,70,720,17,,07,,1,2,,2,4,  2,101,10,,101,132,,,078,045,17,,117,2,,8431,3,   72,0,,1,,1959,1.0
59IN01824,1958179258,58,1,S9258,3,70,740,17,,,,1,2,,,,,,16,0,106,136,2,,,,17,0924,130,3,,8936,3,210,7106,3,1,,1959,1.0
59IN01825,1958179259,58,2,S9259,3,70,720,17,,06,,1,2,,2,3,  1,111,10,,111,144,,,082,056,17,,119,2,,8431,3,   72,0,,1,,1959,1.0
59IN01826,1958179264,58,1,S9264,3,72,825,17,,,,4,2,,,,,,,,132,148,,,,,17,,092,2,,8603,3,201,8356,3,1,,1959,1.0
59IN01827,1958179265,58,2,S9265,3,72,825,17,,07,,,2,,3,1,  2,096,08,,96,120,,,070,036,17,,090,1,,8603,3,   88,8,,1,,1959,1.0
59IN01828,1958179266,58,2,S9266,3,66,660,17,,06,,3,2,,5,1,  2,103,07,,103,134,,,088,042,17,,125,2,,3195,2,   55,0,,1,,1959,1.0
59IN01829,1958179269,58,2,S9269,3,72,895,17,,08,,,2,,3,1,  2,101,11,,101,133,2,,065,034,17,0924,111,2,,8741,3,    2,2,,1,,1959,1.0
59IN01830,1958179270,58,2,S9270,3,72,895,17,,06,,,2,,3,1,  1,104,09,,104,139,,,079,037,17,,096,2,,8741,3,   87,8,,1,,1959,1.0
59IN01831,1958179271,58,2,S9271,3,65,590,17,,07,,,2,,5,3,  2,091,06,,91,120,2,,075,028,17,0924,086,2,,4774,1,    2,4,,1,,1959,1.0
59IN01832,1958179272,58,2,S9272,3,65,590,17,,08,,1,2,,5,3,  2,092,08,,92,119,,,079,037,17,,101,2,,4774,1,   67,0,,1,,1959,1.0
59IN01833,1958179273,58,2,S9273,3,70,710,17,,09,,,2,,2,1,  2,089,07,,89,113,2,,077,032,17,0924,104,2,,7166,3,    2,4,,1,,1959,1.0
59IN01834,1958179274,58,2,S9274,3,70,710,17,,06,,1,2,,2,1,  2,101,09,,101,134,,,089,043,17,,128,3,,7166,3,   71,0,,1,,1959,1.0
59IN01835,1958179275,58,2,S9275,3,65,590,17,,07,,,2,,5,3,  2,096,12,,96,119,,,087,045,17,,140,3,,4774,1,   68,0,,1,,1959,1.0
59IN01836,1958179280,58,2,S9280,3,72,979,17,,09,,,2,,3,1,  2,094,14,,94,124,,,080,039,17,,108,2,,8488,3,   96,9,,1,,1959,1.0
59IN01837,1958179283,58,2,S9283,3,70,710,17,,08,,3,2,,2,3,  2,098,08,,98,134,,,081,045,17,,118,2,,7166,3,   71,0,,1,,1959,1.0
59IN01838,1958179284,58,1,S9284,3,70,710,17,,,,5,2,,,,,,16,1,121,142,2,,,,17,0924,091,2,,7166,3,219,7101,3,1,,1959,1.0
59IN01839,1958179285,58,2,S9285,3,66,640,17,,10,,,2,,5,1,  2,082,09,,82,114,,,080,036,17,,102,2,,3387,2,   61,0,,1,,1959,1.0
59IN01840,1958179289,58,1,S9289,3,72,865,17,,,,5,2,,,,,,,,138,160,,,,,17,,140,2,,8460,3,219,7347,3,1,,1959,1.0
59IN01841,1958179290,58,1,S9290,3,72,865,17,,,,5,2,,,,,,,,133,156,,,,,17,,135,2,,8460,3,203,7347,3,1,,1959,1.0
59IN01842,1958179291,58,2,S9291,3,65,580,17,,09,,,2,,5,5,  1,086,10,,86,115,,,086,048,17,,109,3,,4645,1,   70,0,,1,,1959,1.0
59IN01843,1958179297,58,2,S9297,3,66,690,17,,09,,,2,,5,1,  2,093,09,,93,122,,,070,041,17,,120,2,,3248,2,   65,0,,1,,1959,1.0
59IN01844,1958179301,58,2,S9301,3,70,720,17,,08,,3,2,,2,1,  2,096,13,,96,125,,,074,037,17,,101,2,,8431,3,   72,0,,1,,1959,1.0
59IN01845,1958179302,58,1,S9302,3,72,865,17,,,,3,2,,,,,,,,127,147,,,,,17,,100,2,,8460,3,210,8036,3,1,,1959,1.0
59IN01846,1958179304,58,1,S9304,3,72,805,17,,,,5,2,,,,,,,,123,132,,,,,17,,102,2,,8450,3,194,7062,3,1,,1959,1.0
59IN01847,1958179305,58,1,S9305,3,72,805,17,,,,5,2,,,,,,,,114,132,,,,,17,,121,3,,8450,3,194,7062,3,1,,1959,1.0
59IN01848,1958179307,58,2,S9307,3,70,710,17,,07,,1,2,,2,3,  1,112,08,,112,144,,,080,053,17,,134,2,,7166,3,   72,0,,1,,1959,1.0
59IN01849,1958179308,58,2,S9308,3,70,730,17,,07,,3,2,,2,1,  2,102,09,,102,122,,,066,039,17,,124,2,,8959,3,   73,0,,1,,1959,1.0
59IN01850,1958179309,58,2,S9309,3,70,730,17,,07,,,2,,2,1,  1,096,09,,96,130,2,,070,030,17,0924,099,2,,8959,3,    2,2,,1,,1959,1.0
59IN01851,1958179310,58,1,S9310,3,70,720,17,,,,3,2,,,,,,17,9,127,147,2,,,,17,0924,102,2,,8431,3,222,7949,3,1,,1959,1.0
59IN01852,1958179312,58,2,S9312,3,70,730,17,,08,,2,2,,2,3,  2,091,09,,91,119,,,074,042,17,,115,2,,8959,3,   73,0,,1,,1959,1.0
59IN01853,1958179313,58,1,S9313,3,70,740,17,,,,1,2,,,,,,15,8,123,146,2,,,,17,0924,140,2,,8936,3,217,6491,3,1,,1959,1.0
59IN01854,1958179316,58,2,S9316,3,72,979,17,,09,,,2,,3,3,  1,076,12,,76,109,,,086,040,17,,093,2,,8488,3,   95,9,,1,,1959,1.0
59IN01855,1958179317,58,2,S9317,3,72,979,17,,07,,,2,,3,1,  3,086,09,,86,109,,,082,038,17,,094,2,,8488,3,   94,9,,1,,1959,1.0
59IN01856,1958179318,58,2,S9318,3,66,580,17,,06,,,2,,5,1,  2,095,09,,95,124,,,086,044,17,,104,2,,4645,1,   60,0,,1,,1959,1.0
59IN01857,1958179321,58,1,S9321,3,70,740,17,,,,3,2,,,,,,15,9,114,152,2,,,,17,0924,137,3,,8936,3,213,6667,3,1,,1959,1.0
59IN01858,1958179322,58,1,S9322,3,70,740,17,,,,3,2,,,,,,15,2,136,156,2,,,,17,0924,123,2,,8936,3,217,7602,3,1,,1959,1.0
59IN01859,1958179326,58,1,S9326,3,70,710,17,,,,1,2,,,,,,,,134,162,,,,,17,,127,2,,7166,3,232,8454,3,1,,1959,1.0
59IN01860,1958179329,58,2,S9329,3,70,730,17,,07,,1,2,,2,1,  2,107,06,,107,139,,,066,030,17,,118,2,,8959,3,   73,0,,1,,1959,1.0
59IN01861,1958179331,58,2,S9331,3,72,885,17,,07,,,2,,3,4,  4,107,09,,107,136,2,,088,051,17,0924,119,4,,8636,3,    2,4,,1,,1959,1.0
59IN01862,1958179332,58,2,S9332,3,65,690,17,,08,,,2,,5,1,  2,086,09,,86,110,,,079,039,17,,093,2,,3248,2,   58,0,,1,,1959,1.0
59IN01863,1958179333,58,2,S9333,3,65,690,17,,07,,2,2,,5,1,  2,090,13,,90,123,,,086,039,17,,090,2,,3248,2,   59,0,,1,,1959,1.0
59IN01864,1958179335,58,1,S9335,3,70,720,17,,,,5,2,,,,,,15,K,148,160,2,,,,17,0924,119,2,,8431,3,229,7857,3,1,,1959,1.0
59IN01865,1958179336,58,2,S9336,3,72,939,17,,06,,,2,,3,3,  2,094,09,,94,123,2,,074,035,17,0924,100,2,,8525,3,    2,2,,1,,1959,1.0
59IN01866,1958179337,58,2,S9337,3,72,939,17,,06,,,2,,3,3,  2,106,10,,106,134,,,084,044,17,,130,2,,8525,3,   93,9,,1,,1959,1.0
59IN01867,1958179338,58,1,S9338,3,66,560,17,,,,1,2,,,,,,16,1,129,158,2,,,,17,0924,136,2,,4706,1,218,8175,3,1,,1959,1.0
59IN01868,1958179339,58,1,S9339,3,66,630,17,,,,1,2,,,,,,14,9,140,156,2,,,,17,0924,174,3,,1857,2,236,7909,3,1,,1959,1.0
59IN01869,1958179340,58,2,S9340,3,70,750,17,,07,,3,2,,2,1,  1,094,06,,94,130,,,076,040,17,,089,2,,9172,3,   73,0,,1,,1959,1.0
59IN01870,1958179341,58,2,S9341,3,70,750,17,,07,,2,2,,2,1,  1,096,09,,96,127,,,079,038,17,,101,2,,9172,3,   73,0,,1,,1959,1.0
59IN01871,1958179342,58,1,S9342,3,72,835,17,,,,1,2,,,,,,,,134,152,,,,,17,,108,2,,8576,3,207,8350,3,1,,1959,1.0
59IN01872,1958179343,58,2,S9343,3,72,969,17,,07,,,2,,3,1,  2,111,10,,111,137,2,,085,060,17,0924,143,3,,8369,3,    2,3,,1,,1959,1.0
59IN01873,1958179344,58,1,S9344,3,70,710,17,,,,1,2,,,,,,18,9,124,153,2,,,,17,0924,122,2,,7166,3,208,8687,3,1,,1959,1.0
59IN01874,1958179346,58,2,S9346,3,72,875,17,,08,,,2,,3,5,  4,108,08,,108,135,,,082,054,17,,110,3,,8441,3,   86,8,,1,,1959,1.0
59IN01875,1958179348,58,2,S9348,3,65,680,17,,07,,,2,,5,1,  2,096,05,,96,120,,,087,045,17,,098,2,,2928,2,   58,0,,1,,1959,1.0
59IN01876,1958179349,58,2,S9349,3,65,560,17,,08,,2,2,,5,4,  2,089,12,,89,120,,,079,040,17,,101,2,,4706,1,   64,0,,1,,1959,1.0
59IN01877,1958179353,58,1,S9353,3,65,610,17,,,,5,2,,,,,,,,111,132,3,,,,17,0801,109,2,,4585,1,216,7392,3,1,,1959,1.0
59IN01878,1958179354,58,2,S9354,3,65,610,17,,08,,2,2,,5,3,  2,086,10,,86,121,,,091,040,17,,105,2,,4585,1,   55,0,,1,,1959,1.0
59IN01879,1958179355,58,1,S9355,3,72,969,17,,,,1,2,,,,,,,,146,169,,,,,17,,122,2,,8369,3,212,8740,3,1,,1959,1.0
59IN01880,1958179357,58,1,S9357,3,70,720,17,,,,5,2,,,,,,,,119,145,3,,,,17,0801,098,2,,8431,3,213,7510,3,1,,1959,1.0
59IN01881,1958179358,58,2,S9358,3,70,720,17,,06,,2,2,,2,1,  4,103,07,,103,126,,,079,042,17,,096,2,,8431,3,   72,0,,1,,1959,1.0
59IN01882,1958179359,58,2,S9359,3,72,845,17,,11,,,2,,3,1,  1,081,14,,81,121,2,,093,050,17,0924,105,2,,8719,3,    2,3,,1,,1959,1.0
59IN01883,1958179361,58,2,S9361,3,70,750,17,,09,,1,2,,2,1,  3,092,09,,92,118,,,077,047,17,,112,2,,9172,3,   73,0,,1,,1959,1.0
59IN01884,1958179362,58,2,S9362,3,65,630,17,,07,,,2,,5,1,  2,098,09,,98,134,,,096,059,17,,138,2,,1857,2,   56,0,,1,,1959,1.0
59IN01885,1958179363,58,1,S9363,3,70,750,17,,,,1,2,,,,,,15,8,133,157,2,,,,17,0924,105,2,,9172,3,216,8521,3,1,,1959,1.0
59IN01886,1958179366,58,2,S9366,3,70,750,17,,06,,3,2,,2,2,  1,102,09,,102,128,,,075,040,17,,094,2,,9172,3,   73,0,,1,,1959,1.0
59IN01887,1958179370,58,1,S9370,3,65,570,17,,,,5,2,,,,,,18,8,140,164,2,,,,17,0924,121,2,,4610,1,214,7013,3,1,,1959,1.0
59IN01888,1958179372,58,1,S9372,3,72,895,17,,,,5,2,,,,,,,,128,143,,,,,17,,100,2,,8741,3,209,7542,3,1,,1959,1.0
59IN01889,1958179373,58,1,S9373,3,72,895,17,,,,5,2,,,,,,,,139,136,,,,,17,,096,2,,8741,3,224,7542,3,1,,1959,1.0
59IN01890,1958179374,58,1,S9374,3,70,720,17,,,,3,2,,,,,,14,5,154,182,2,,,,17,0924,097,2,,8431,3,227,8211,3,1,,1959,1.0
59IN01891,1958179375,58,1,S9375,3,70,730,17,,,,1,2,,,,,,15,9,118,144,2,,,,17,0924,119,3,,8959,3,210,8047,3,1,,1959,1.0
59IN01892,1958179380,58,2,S9380,3,70,710,17,,07,,2,2,,2,1,  2,098,08,,98,131,,,093,050,17,,117,2,,7166,3,   71,0,,1,,1959,1.0
59IN01893,1958179381,58,2,S9381,3,65,670,17,,06,,,2,,5,1,  2,101,11,,101,139,,,081,039,17,,095,2,,2504,2,   56,0,,1,,1959,1.0
59IN01894,1958179383,58,2,S9383,3,72,969,17,,07,,,2,,3,1,  1,106,09,,106,145,,,072,039,17,,110,2,,8369,3,   92,9,,1,,1959,1.0
59IN01895,1958179385,58,2,S9385,3,66,640,17,,10,,,2,,5,4,  2,092,09,,92,131,,,096,050,17,,101,2,,3387,2,   60,0,,1,,1959,1.0
59IN01896,1958179388,58,2,S9388,3,70,740,17,,08,,2,2,,2,1,  2,086,10,,86,121,,,087,052,17,,130,3,,8936,3,   73,0,,1,,1959,1.0
59IN01897,1958179390,58,1,S9390,3,70,730,17,,,,5,2,,,,,,15,9,121,140,2,,,,17,0924,108,2,,8959,3,209,6634,3,1,,1959,1.0
59IN01898,1958179391,58,1,S9391,3,70,730,17,,,,5,2,,,,,,15,0,120,146,2,,,,17,0924,118,3,,8959,3,218,6634,3,1,,1959,1.0
59IN01899,1958179393,58,2,S9393,3,70,710,17,,07,,,2,26,2,1,  2,109,09,,109,142,,,088,048,17,,122,2,,7166,3,65 41,0,,1,,1959,1.0
59IN01900,1958179394,58,1,S9394,3,66,550,17,,,,5,2,,,,,,,,114,123,3,,,,17,0801,102,2,,4377,1,230,7786,3,1,,1959,1.0
59IN01901,1958179396,58,2,S9396,3,72,969,17,,08,,,2,,3,1,  2,088,14,,88,117,,,084,050,17,,110,2,,8369,3,   91,9,,1,,1959,1.0
59IN01902,1958179399,58,2,S9399,3,70,710,17,,09,,1,2,,2,1,  2,094,10,,94,121,,,082,048,17,,113,2,,7166,3,   71,0,,1,,1959,1.0
59IN01903,1958179400,58,2,S9400,3,70,710,17,,07,,3,2,,2,1,  2,093,07,,93,119,,,093,045,17,,132,3,,7166,3,   71,0,,1,,1959,1.0
59IN01904,1958179403,58,2,S9403,3,72,979,17,,07,,,2,,3,2,  2,098,12,,98,134,2,,089,050,17,0924,110,2,,8488,3,    2,4,,1,,1959,1.0
59IN01905,1958179404,58,1,S9404,3,72,865,17,,,,5,2,,,,,,,,118,136,,,,,17,,105,3,,8460,3,210,8582,3,1,,1959,1.0
59IN01906,1958179405,58,2,S9405,3,72,865,17,,08,,,2,,3,1,  1,086,09,,86,107,,,084,039,17,,094,4,,8460,3,   85,8,,1,,1959,1.0
59IN01907,1958179407,58,2,S9407,3,66,700,17,,08,,1,2,,5,1,  2,088,10,,88,124,,,088,049,17,,097,2,,3083,2,   64,0,,1,,1959,1.0
59IN01908,1958179409,58,2,S9409,3,72,805,17,,09,,,2,,3,1,  2,073,15,,73,98,2,,077,040,17,0924,097,2,,8450,3,    2,2,,1,,1959,1.0
59IN01909,1958179414,58,1,S9414,3,70,710,17,,,,3,2,,,,,,,,136,163,3,,,,17,0801,111,2,,7166,3,224,7947,3,1,,1959,1.0
59IN01910,1958179418,58,1,S9418,3,70,750,17,,,,1,2,,,,,,14,8,124,154,2,,,,17,0924,097,2,,9172,3,219,8108,3,1,,1959,1.0
59IN01911,1958179419,58,2,S9419,3,70,710,17,,07,,,2,27,2,1,  2,108,07,,108,140,,,097,051,17,,126,3,,7166,3,14 41,0,,1,,1959,1.0
59IN01912,1958179420,58,2,S9420,3,65,600,17,,09,,,2,,5,3,  2,091,13,,91,123,,,079,045,17,,131,2,,4687,1,   65,0,,1,,1959,1.0
59IN01913,1958179422,58,2,S9422,3,70,750,17,,08,,1,2,,2,1,  1,093,09,,93,126,,,072,043,17,,100,2,,9172,3,   73,0,,1,,1959,1.0
59IN01914,1958179427,58,1,S9427,3,72,875,17,,,,3,2,,,,,,,,142,158,,,,,17,,122,2,,8441,3,229,7763,3,1,,1959,1.0
59IN01915,1958179428,58,2,S9428,3,72,875,17,,08,,,2,,3,1,  2,084,09,,84,119,,,078,043,17,,111,2,,8441,3,   84,8,,1,,1959,1.0
59IN01916,1958179430,58,1,S9430,3,70,710,17,,,,3,2,,,,,,,,101,128,3,,,,17,0801,098,2,,7166,3,208,7988,3,1,,1959,1.0
59IN01917,1958179436,58,2,S9436,3,70,710,17,,07,,2,2,,2,1,  2,096,08,,96,131,,,076,039,17,,104,2,,7166,3,   71,0,,1,,1959,1.0
59IN01918,1958179437,58,1,S9437,3,70,710,17,,,,5,2,,,,,,15,1,128,157,2,,,,17,0924,104,2,,7166,3,213,6755,3,1,,1959,1.0
59IN01919,1958179438,58,1,S9438,3,72,919,17,,,,1,2,,,,,,,,118,134,,,,,17,,091,2,,8493,3,202,8091,3,1,,1959,1.0
59IN01920,1958179439,58,2,S9439,3,65,640,17,,06,,,2,,5,1,  1,095,09,,95,131,,,077,039,17,,096,2,,3387,2,   61,0,,1,,1959,1.0
59IN01921,1958179440,58,1,S9440,3,70,740,17,,,,1,2,,,,,,16,1,128,148,2,,,,17,0924,127,2,,8936,3,215,7991,3,1,,1959,1.0
59IN01922,1958179442,58,2,S9442,3,72,825,17,,06,,,2,,3,5,  2,102,10,,102,138,,,073,043,17,,128,2,,8603,3,   83,8,,1,,1959,1.0
59IN01923,1958179443,58,1,S9443,3,72,825,17,,,,3,2,,,,,,,,138,162,,,,,17,,102,2,,8603,3,213,7633,3,1,,1959,1.0
59IN01924,1958179444,58,2,S9444,3,70,710,17,,06,,1,2,,2,1,  1,111,09,,111,131,,,078,044,17,,113,2,,7166,3,   72,0,,1,,1959,1.0
59IN01925,1958179446,58,2,S9446,3,70,730,17,,09,,,2,,2,1,  1,092,09,,92,128,2,,074,033,17,0924,105,2,,8959,3,    2,4,,1,,1959,1.0
59IN01926,1958179447,58,2,S9447,3,70,730,17,,07,,,2,,2,1,  2,098,09,,98,135,2,,069,032,17,0924,087,2,,8959,3,    2,4,,1,,1959,1.0
59IN01927,1958179448,58,2,S9448,3,72,989,17,,07,,,2,,3,1,  2,093,09,,93,114,2,,080,054,17,0924,132,2,,8583,3,    2,3,,1,,1959,1.0
59IN01928,1958179449,58,1,S9449,3,72,959,17,,,,1,2,,,,,,,,132,156,,,,,17,,137,2,,8757,3,201,7411,3,1,,1959,1.0
59IN01929,1958179452,58,2,S9452,3,72,909,17,,07,,,2,,3,3,  1,096,13,,96,131,,,090,040,17,,092,2,,8324,3,   90,9,,1,,1959,1.0
59IN01930,1958179453,58,1,S9453,3,72,909,17,,,,5,2,,,,,,,,123,136,,,,,17,,097,2,,8324,3,197,8188,3,1,,1959,1.0
59IN01931,1958179457,58,2,S9457,3,72,815,17,,06,,,2,,3,1,  1,106,09,,106,130,,,089,050,17,,116,2,,8531,3,   82,8,,1,,1959,1.0
59IN01932,1958179458,58,2,S9458,3,70,750,17,,09,,1,2,,2,1,  1,105,09,,105,139,,,074,042,17,,096,2,,9172,3,   71,0,,1,,1959,1.0
59IN01933,1958179459,58,2,S9459,3,70,750,17,,07,,1,2,,2,1,  5,108,09,,108,143,,,080,044,17,,095,2,,9172,3,   72,0,,1,,1959,1.0
59IN01934,1958179460,58,2,S9460,3,70,740,17,,06,,1,2,,2,1,  2,094,10,,94,129,,,092,061,17,,133,2,,8936,3,   72,0,,1,,1959,1.0
59IN01935,1958179462,58,1,S9462,3,70,750,17,,,,5,2,,,,,,,,121,158,3,,,,17,0801,083,2,,9172,3,208,6958,3,1,,1959,1.0
59IN01936,1958179464,58,1,S9464,3,72,895,17,,,,4,2,,,,,,,,117,139,,,,,17,,119,2,,8741,3,199,7009,3,1,,1959,1.0
59IN01937,1958179465,58,2,S9465,3,72,895,17,,09,,,2,,3,5,  2,093,10,,93,123,2,,073,040,17,0924,121,2,,8741,3,    2,2,,1,,1959,1.0
59IN01938,1958179467,58,2,S9467,3,65,670,17,,07,,,2,,5,1,  2,091,10,,91,121,,,087,051,17,,107,2,,2504,2,   62,0,,1,,1959,1.0
59IN01939,1958179468,58,1,S9468,3,65,680,17,,,,3,2,,,,,,15,8,130,156,2,,,,17,0924,112,2,,2928,2,212,6759,3,1,,1959,1.0
59IN01940,1958179472,58,1,S9472,3,65,630,17,,,,5,2,,,,,,,,134,155,3,,,,17,0801,103,3,,1857,2,228,7840,3,1,,1959,1.0
59IN01941,1958179475,58,2,S9475,3,70,750,17,,08,,3,2,,2,1,  2,110,07,,110,146,,,077,043,17,,126,2,,9172,3,   71,0,,1,,1959,1.0
59IN01942,1958179477,58,1,S9477,3,70,720,17,,,,1,2,,,,,,,,113,142,3,,,,17,0801,100,2,,8431,3,203,7718,3,1,,1959,1.0
59IN01943,1958179478,58,1,S9478,3,70,720,17,,,,5,2,,,,,,16,1,134,164,2,,,,17,0924,106,2,,8431,3,211,7178,3,1,,1959,1.0
59IN01944,1958179480,58,2,S9480,3,70,730,17,,09,,,2,,2,2,  2,085,09,,85,118,2,,081,032,17,0924,090,2,,8959,3,    2,3,,1,,1959,1.0
59IN01945,1958179481,58,2,S9481,3,70,730,17,,07,,3,2,,2,1,  2,093,08,,93,123,,,088,049,17,,119,3,,8959,3,   73,0,,1,,1959,1.0
59IN01946,1958179482,58,2,S9482,3,70,740,17,,07,,2,2,,2,1,  1,093,13,,93,130,,,086,054,17,,137,3,,8936,3,   73,0,,1,,1959,1.0
59IN01947,1958179483,58,2,S9483,3,70,740,17,,07,,1,2,,2,1,  1,098,10,,98,127,,,088,050,17,,136,4,,8936,3,   73,0,,1,,1959,1.0
59IN01948,1958179484,58,1,S9484,3,70,740,17,,,,5,2,,,,,,,,136,166,3,,,,17,0801,124,2,,8936,3,226,7087,3,1,,1959,1.0
59IN01949,1958179489,58,2,S9489,3,72,999,17,,09,,,2,,3,5,  2,098,11,,98,129,,,101,062,17,,125,6,,8592,3,   97,9,,1,,1959,1.0
59IN01950,1958179490,58,1,S9490,3,72,999,17,,,,4,2,,,,,,,,132,153,,,,,17,,132,2,,8592,3,225,7798,3,1,,1959,1.0
59IN01951,1958179491,58,1,S9491,3,72,989,17,,,,5,2,,,,,,,,131,144,,,,,17,,138,2,,8583,3,203,7185,3,1,,1959,1.0
59IN01952,1958179492,58,2,S9492,3,72,989,17,,09,,,2,,3,1,  1,083,11,,83,103,,,087,050,17,,112,3,,8583,3,   96,9,,1,,1959,1.0
59IN01953,1958179493,58,2,S9493,3,70,740,17,,07,,3,2,,2,1,  2,096,10,,96,130,,,073,043,17,,114,2,,8936,3,   73,0,,1,,1959,1.0
59IN01954,1958179494,58,2,S9494,3,70,740,17,,10,,,2,,2,1,  1,086,11,,86,117,2,,079,040,17,0924,094,2,,8936,3,    2,3,,1,,1959,1.0
59IN01955,1958179497,58,2,S9497,3,72,939,17,,07,,,2,,3,3,  2,103,12,,103,134,2,,080,051,17,0924,113,2,,8525,3,    2,2,,1,,1959,1.0
59IN01956,1958179498,58,1,S9498,3,72,999,17,,,,1,2,,,,,,,,125,146,,,,,17,,114,2,,8592,3,208,7950,3,1,,1959,1.0
59IN01957,1958179499,58,1,S9499,3,72,959,17,,,,5,2,,,,,,,,113,136,,,,,17,,100,2,,8757,3,200,8046,3,1,,1959,1.0
59IN01958,1958179500,58,1,S9500,3,72,959,17,,,,5,2,,,,,,,,123,147,6,,,,17,1101,119,2,,8757,3,206,8046,3,1,,1959,1.0
59IN01959,1958179501,58,2,S9501,3,72,959,17,,08,,,2,,3,1,  1,080,14,,80,109,,,076,046,17,,113,2,,8757,3,   95,9,,1,,1959,1.0
59IN01960,1958179502,58,2,S9502,3,72,959,17,,09,,,2,,3,1,  1,090,13,,90,123,,,091,054,17,,121,2,,8757,3,   94,9,,1,,1959,1.0
59IN01961,1958179503,58,2,S9503,3,72,895,17,,,,,2,,,,,,,,,,6,,,,17,0114,,,,8741,3,,,,1,,1959,1.0
59IN01962,1958179504,58,2,S9504,3,72,895,17,,07,,,2,,3,1,  2,102,09,,102,135,2,,066,029,17,0924,101,1,,8741,3,    2,3,,1,,1959,1.0
59IN01963,1958179509,58,2,S9509,3,65,680,17,,08,,,2,,5,1,  1,094,09,,94,124,,,088,050,17,,116,2,,2928,2,   62,0,,1,,1959,1.0
59IN01964,1958179510,58,1,S9510,3,72,875,17,,,,1,2,,,,,,,,130,146,,,,,17,,126,2,,8441,3,207,8761,3,1,,1959,1.0
59IN01965,1958179513,58,1,S9513,3,70,720,17,,,,5,2,,,,,,,,108,131,3,,,,17,0801,093,2,,8431,3,208,6652,3,1,,1959,1.0
59IN01966,1958179514,58,2,S9514,3,70,720,17,,08,,,2,,2,3,  1,086,10,,86,122,2,,084,038,17,0924,101,2,,8431,3,    2,4,,1,,1959,1.0
59IN01967,1958179515,58,2,S9515,3,70,720,17,,08,,1,2,,2,3,  2,106,10,,106,131,,,073,042,17,,110,2,,8431,3,   72,0,,1,,1959,1.0
59IN01968,1958179517,58,2,S9517,3,72,885,17,,08,,,2,,3,3,  2,084,13,,84,106,,,067,029,17,,071,1,,8636,3,   81,8,,1,,1959,1.0
59IN01969,1958179518,58,2,S9518,3,72,885,17,,08,,,2,,3,1,  1,086,12,,86,114,2,,067,025,17,0924,078,2,,8636,3,    2,2,,1,,1959,1.0
59IN01970,1958179519,58,2,S9519,3,72,855,17,,06,,,2,,3,3,  1,108,10,,108,139,,,073,035,17,,090,2,,8370,3,   80,8,,1,,1959,1.0
59IN01971,1958179520,58,1,S9520,3,72,855,17,,,,5,2,,,,,,,,128,156,,,,,17,,108,2,,8370,3,202,7024,3,1,,1959,1.0
59IN01972,1958179524,58,2,S9524,3,70,710,17,,08,,2,2,,2,1,  1,088,09,,88,120,,,081,045,17,,101,2,,7166,3,   71,0,,1,,1959,1.0
59IN01973,1958179527,58,2,S9527,3,70,720,17,,08,,1,2,,2,1,  1,093,09,,93,124,,,078,041,17,,110,2,,8431,3,   72,0,,1,,1959,1.0
59IN01974,1958179528,58,2,S9528,3,70,710,17,,08,,,2,,2,1,  1,094,09,,94,118,2,,083,036,17,0924,093,2,,7166,3,    2,3,,1,,1959,1.0
59IN01975,1958179529,58,2,S9529,3,70,710,17,,08,,1,2,,2,1,  2,087,08,,87,114,,,087,041,17,,110,2,,7166,3,   71,0,,1,,1959,1.0
59IN01976,1958179531,58,1,S9531,3,70,710,17,,,,5,2,,,,,,14,7,126,156,2,,,,17,0924,125,2,,7166,3,224,6647,3,1,,1959,1.0
59IN01977,1958179532,58,2,S9532,3,70,710,17,,08,,,2,,2,3,  1,083,10,,83,116,2,,070,031,17,0924,096,2,,7166,3,    2,4,,1,,1959,1.0
59IN01978,1958179534,58,2,S9534,3,70,750,17,,07,,3,2,,2,1,  1,090,09,,90,108,,,095,047,17,,116,4,,9172,3,   71,0,,1,,1959,1.0
59IN01979,1958179535,58,1,S9535,3,70,710,17,,,,3,2,,,,,,15,8,113,143,2,,,,17,0924,093,2,,7166,3,204,8232,3,1,,1959,1.0
59IN01980,1958179541,58,1,S9541,3,70,720,17,,,,5,2,,,,,,16,1,136,164,2,,,,17,0924,097,2,,8431,3,224,8075,3,1,,1959,1.0
59IN01981,1958179542,58,2,S9542,3,70,710,17,,09,,,2,27,2,1,  2,101,09,,101,134,,,079,049,17,,131,2,,7166,3,76 41,0,,1,,1959,1.0
59IN01982,1958179545,58,1,S9545,3,72,989,17,,,,1,2,,,,,,,,147,158,,,,,17,,123,2,,8583,3,206,7007,3,1,,1959,1.0
59IN01983,1958179546,58,2,S9546,3,70,750,17,,08,,,2,,2,3,  1,083,09,,83,110,2,,078,033,17,0924,082,2,,9172,3,    2,2,,1,,1959,1.0
59IN01984,1958179548,58,2,S9548,3,65,610,17,,09,,3,2,,5,3,  2,096,11,,96,113,,,085,052,17,,116,4,,4585,1,   67,0,,1,,1959,1.0
59IN01985,1958179550,58,2,S9550,3,70,750,17,,07,,,2,,2,1,  1,083,07,,83,,6,,069,033,17,0920,084,1,,9172,3,,,,1,,1959,1.0
59IN01986,1958179552,58,2,S9552,3,65,700,17,,08,,1,2,,5,1,  2,089,10,,89,121,,,077,036,17,,080,1,,3083,2,   59,0,,1,,1959,1.0
59IN01987,1958179553,58,2,S9553,3,65,560,17,,06,,,2,,5,3,  2,088,09,,88,121,,,084,041,17,,120,2,,4706,1,   66,0,,1,,1959,1.0
59IN01988,1958179554,58,2,S9554,3,65,560,17,,07,,,2,,5,3,  2,092,09,,92,120,,,069,039,17,,105,2,,4706,1,   66,0,,1,,1959,1.0
59IN01989,1958179555,58,2,S9555,3,72,919,17,,10,,,2,,3,5,  2,093,13,,93,125,2,,083,048,17,0924,105,3,,8493,3,    2,2,,1,,1959,1.0
59IN01990,1958179556,58,1,S9556,3,72,919,17,,,,5,2,,,,,,,,103,129,,,,,17,,079,2,,8493,3,186,6923,3,1,,1959,1.0
59IN01991,1958179557,58,1,S9557,3,72,989,17,,,,5,2,,,,,,,,130,144,,,,,17,,115,2,,8583,3,216,8146,3,1,,1959,1.0
59IN01992,1958179558,58,2,S9558,3,72,989,17,,,,,2,,3,1,  2,103,08,,103,133,2,,073,036,17,0924,124,2,,8583,3,    2,2,,1,,1959,1.0
59IN01993,1958179560,58,1,S9560,3,70,750,17,,,,1,2,,,,,,14,6,131,162,2,,,,17,0924,112,2,,9172,3,220,7255,3,1,,1959,1.0
59IN01994,1958179562,58,1,S9562,3,66,670,17,,,,1,2,,,,,,,,122,148,3,,,,17,0801,100,2,,2504,2,216,8136,3,1,,1959,1.0
59IN01995,1958179563,58,2,S9563,3,70,740,17,,07,,1,2,,2,1,  1,102,11,,102,140,,,091,076,17,,141,3,,8936,3,   72,0,,1,,1959,1.0
59IN01996,1958179564,58,1,S9564,3,70,720,17,,,,1,2,,,,,,,,154,172,,,,,17,,095,2,,8431,3,233,8202,3,1,,1959,1.0
59IN01997,1958179565,58,1,S9565,3,72,845,17,,,,5,2,,,,,,,,134,156,,,,,17,,114,4,,8719,3,210,8020,3,1,,1959,1.0
59IN01998,1958179566,58,1,S9566,3,72,845,17,,,,5,2,,,,,,,,100,128,,,,,17,,079,2,,8719,3,194,8020,3,1,,1959,1.0
59IN01999,1958179567,58,2,S9567,3,70,720,17,,07,,2,2,,2,3,  2,096,08,,96,125,,,069,038,17,,095,2,,8431,3,   72,0,,1,,1959,1.0
59IN02000,1958179569,58,1,S9569,3,70,720,17,,,,5,2,,,,,,,,148,159,3,,,,17,0801,112,2,,8431,3,226,7352,3,1,,1959,1.0
59IN02001,1958179570,58,1,S9570,3,70,720,17,,,,5,2,,,,,,,,117,146,3,,,,17,0801,091,1,,8431,3,209,7352,3,1,,1959,1.0
59IN02002,1958179571,58,2,S9571,3,70,740,17,,09,,2,2,,2,1,  2,103,09,,103,128,,,074,048,17,,125,2,,8936,3,   73,0,,1,,1959,1.0
59IN02003,1958179573,58,2,S9573,3,72,979,17,,11,,,2,,3,1,  2,074,12,,74,103,,,078,037,17,,083,2,,8488,3,   93,9,,1,,1959,1.0
59IN02004,1958179574,58,1,S9574,3,70,720,17,,,,1,2,,,,,,17,5,156,186,2,,,,17,0924,119,2,,8431,3,239,8137,3,1,,1959,1.0
59IN02005,1958179575,58,1,S9575,3,66,610,17,,,,1,2,,,,,,18,7,127,146,2,,,,17,0924,126,3,,4585,1,217,8639,3,1,,1959,1.0
59IN02006,1958179577,58,2,S9577,3,70,750,17,,06,,1,2,,2,1,  2,106,07,,106,136,,,070,034,17,,092,1,,9172,3,   73,0,,1,,1959,1.0
59IN02007,1958179578,58,2,S9578,3,70,750,17,,07,,3,2,,2,1,  1,104,08,,104,143,,,076,040,17,,108,2,,9172,3,   73,0,,1,,1959,1.0
59IN02008,1958179582,58,2,S9582,3,65,620,17,,07,,,2,,5,1,  2,094,12,,94,131,,,066,042,17,,120,2,,4799,1,   70,0,,1,,1959,1.0
59IN02009,1958179583,58,1,S9583,3,70,710,17,,,,1,2,,,,,,,,127,146,3,,,,17,0801,130,2,,7166,3,229,8179,3,1,,1959,1.0
59IN02010,1958179584,58,1,S9584,3,72,939,17,,,,1,2,,,,,,,,145,160,,,,,17,,105,2,,8525,3,206,8684,3,1,,1959,1.0
59IN02011,1958179585,58,2,S9585,3,72,909,17,,06,,,2,,3,1,  2,093,14,,93,116,2,,080,033,17,0924,099,2,,8324,3,   95,9,,1,,1959,1.0
59IN02012,1958179586,58,2,S9586,3,70,720,17,,07,,1,2,,2,1,  2,092,09,,92,123,,,084,045,17,,111,3,,8431,3,   72,0,,1,,1959,1.0
59IN02013,1958179587,58,1,S9587,3,70,720,17,,,,5,2,,,,,,,,123,145,3,,,,17,0801,081,2,,8431,3,215,7330,3,1,,1959,1.0
59IN02014,1958179588,58,1,S9588,3,72,885,17,,,,5,2,,,,,,,,108,118,,,,,17,,118,2,,8636,3,201,7528,3,1,,1959,1.0
59IN02015,1958179589,58,1,S9589,3,72,885,17,,,,5,2,,,,,,,,124,139,,,,,17,,090,2,,8636,3,201,7528,3,1,,1959,1.0
59IN02016,1958179592,58,1,S9592,3,70,720,17,,,,1,2,,,,,,,,145,178,,,,,17,,120,2,,8431,3,229,8172,3,1,,1959,1.0
59IN02017,1958179594,58,2,S9594,3,65,610,17,,09,,,2,,5,3,  1,083,09,,83,113,,,084,042,17,,129,2,,4585,1,   63,0,,1,,1959,1.0
59IN02018,1958179598,58,2,S9598,3,65,590,17,,10,,,2,,5,3,  2,084,13,,84,118,2,,085,036,17,0924,104,3,,4774,1,    2,4,,1,,1959,1.0
59IN02019,1958179600,58,1,S9600,3,72,919,17,,,,5,2,,,,,,,,130,154,,,,,17,,096,2,,8493,3,216,7498,3,1,,1959,1.0
59IN02020,1958179601,58,1,S9601,3,72,919,17,,,,5,2,,,,,,,,118,146,,,,,17,,109,2,,8493,3,215,7498,3,1,,1959,1.0
59IN02021,1958179607,58,1,S9607,3,72,999,17,,,,1,2,,,,,,,,131,154,,,,,17,,128,2,,8592,3,207,7433,3,1,,1959,1.0
59IN02022,1958179608,58,2,S9608,3,70,710,17,,07,,,2,28,2,1,  2,105,06,,105,131,,,095,045,17,,102,2,,7166,3,02 41,0,,1,,1959,1.0
59IN02023,1958179609,58,1,S9609,3,72,929,17,,,,5,2,,,,,,,,115,134,,,,,17,,099,2,,8523,3,191,7251,3,1,,1959,1.0
59IN02024,1958179610,58,2,S9610,3,72,929,17,,09,,,2,,3,1,  1,099,11,,99,125,,,078,037,17,,096,2,,8523,3,   92,9,,1,,1959,1.0
59IN02025,1958179611,58,2,S9611,3,72,929,17,,07,,,2,,3,1,  1,082,15,,82,114,,,079,038,17,,090,2,,8523,3,   91,9,,1,,1959,1.0
59IN02026,1958179613,58,2,S9613,3,72,939,17,,08,,,2,,3,4,  2,091,12,,91,130,,,086,043,17,,104,2,,8525,3,   90,9,,1,,1959,1.0
59IN02027,1958179614,58,2,S9614,3,70,730,17,,,,,2,,,,,,,,,,6,,,,17,0530,,,,8959,3,,,,1,,1959,1.0
59IN02028,1958179616,58,2,S9616,3,70,750,17,,08,,,2,,2,1,  2,102,10,,102,123,2,,064,033,17,0924,101,2,,9172,3,    2,3,,1,,1959,1.0
59IN02029,1958179617,58,1,S9617,3,72,929,17,,,,1,2,,,,,,,,128,153,,,,,17,,123,2,,8523,3,209,7967,3,1,,1959,1.0
59IN02030,1958179619,58,2,S9619,3,70,710,17,,09,,,2,,2,1,  1,086,07,,86,122,2,,072,028,17,0924,076,2,,7166,3,    2,4,,1,,1959,1.0
59IN02031,1955410012,55,2,G0012,4,13,132,41,1,08,11,,5,25,1,1,,094,09,,153,176,,,106,050,41,,095,3,,7804,4,49 13,1,,4,,1959,4.0
59IN02032,1955410013,55,2,G0013,4,13,132,41,1,08,11,,5,,1,1,,090,10,,151,167,2,,105,052,41,0924,099,4,,7804,4,    9,0,,4,,1959,4.0
59IN02033,1955410018,55,2,G0018,4,02,022,41,1,07,22,,5,31,1,1,,083,09,,124,189,,,098,047,41,,106,4,,6811,4,97 02,2,,4,,1959,4.0
59IN02034,1955410024,55,2,G0024,4,15,152,41,1,08,13,,5,,1,1,,086,09,,116,130,,,095,043,41,,088,2,,7786,4,   13,9,,4,,1959,4.0
59IN02035,1955410025,55,2,G0025,4,12,121,41,1,07,06,,5,,1,1,,093,12,,143,157,2,,090,042,41,0924,104,3,,7560,4,    1,4,,4,,1959,4.0
59IN02036,1955410028,55,2,G0028,4,17,172,41,1,08,18,4,5,22,1,1,,091,05,,145,170,,,102,049,41,,095,4,,6368,4,69 17,2,,4,,1959,4.0
59IN02037,1955410035,55,2,G0035,4,17,172,41,1,08,19,,5,,1,1,,093,08,,122,141,2,,095,045,41,0924,091,2,,6368,4,    0,9,,4,,1959,4.0
59IN02038,1955410036,55,1,G0036,4,09,092,41,1,,02,5,5,,,,,,,,170,180,,,,,41,,,,,7651,4,,5533,4,4,,1959,4.0
59IN02039,1955410039,55,1,G0039,4,06,062,41,1,,23,3,5,,,,,,,,193,208,,,,,41,,161,2,,8044,4,260,5775,4,4,,1959,4.0
59IN02040,1955410042,55,2,G0042,4,07,072,41,1,06,15,,5,,1,1,,080,10,,171,141,2,,086,045,41,0924,096,3,,6521,4,    1,4,,4,,1959,4.0
59IN02041,1955410045,55,2,G0045,4,05,052,41,1,08,19,,5,24,1,1,,070,09,,105,116,,,089,046,41,,085,7,,7498,4,10 05,2,,4,,1959,4.0
59IN02042,1955410047,55,2,G0047,4,09,092,41,1,08,15,,5,09,1,1,,084,07,,144,153,,,087,047,41,,086,2,,7651,4,92 09,1,,4,,1959,4.0
59IN02043,1955410050,55,2,G0050,4,09,092,41,1,06,28,,5,,1,1,,089,08,,118,143,2,,077,040,41,0924,078,2,,7651,4,    9,0,,4,,1959,4.0
59IN02044,1955410054,55,2,G0054,4,15,152,41,1,06,15,,5,,1,1,,084,09,,122,158,2,,087,039,41,0924,082,3,,7786,4,    0,9,,4,,1959,4.0
59IN02045,1955410059,55,2,G0059,4,06,062,41,1,08,30,,5,,1,1,,086,07,,,,6,,097,049,41,0416,119,3,,8044,4,,,,4,,1959,4.0
59IN02046,1955410060,55,2,G0060,4,06,062,41,1,09,34,,5,,1,1,,080,06,,123,134,2,,093,050,41,0924,119,4,,8044,4,    1,4,,4,,1959,4.0
59IN02047,1955410066,55,2,G0066,4,07,072,41,1,06,17,7,5,25,1,1,,095,08,,137,154,,,086,045,41,,109,4,,6521,4,72 07,2,,4,,1959,4.0
59IN02048,1955410068,55,2,G0068,4,09,092,41,1,08,02,,5,,1,1,,086,09,,142,166,,,086,054,41,,100,2,,7651,4,   01,9,,4,,1959,4.0
59IN02049,1955410079,55,2,G0079,4,09,092,41,1,07,06,,5,,1,1,,094,06,,143,157,,,101,046,41,,094,3,,7651,4,   03,8,,4,,1959,4.0
59IN02050,1955410080,55,2,G0080,4,09,092,41,1,06,06,,5,18,1,1,,098,08,,134,157,,,080,040,41,,084,2,,7651,4,55 09,2,,4,,1959,4.0
59IN02051,1955410086,55,2,G0086,4,13,132,41,1,08,08,,5,37,1,1,,094,06,,144,164,,,091,046,41,,096,2,,7804,4,94 13,2,,4,,1959,4.0
59IN02052,1955410092,55,2,G0092,4,14,142,41,1,08,15,,5,19,1,1,,096,09,,148,164,,,104,058,41,,109,3,,7381,4,50 14,2,,4,,1959,4.0
59IN02053,1955410095,55,2,G0095,4,10,102,41,1,07,06,,5,,1,1,,089,09,,164,182,2,,102,054,41,0924,111,2,,6819,4,    1,4,,4,,1959,4.0
59IN02054,1955410100,55,2,G0100,4,13,132,41,1,08,12,,5,20,1,1,,089,09,,131,160,,,091,049,41,,096,2,,7804,4,13 13,1,,4,,1959,4.0
59IN02055,1955410111,55,2,G0111,4,13,132,41,1,09,15,,5,,1,1,,084,09,,117,156,2,,091,053,41,0924,103,3,,7804,4,    1,4,,4,,1959,4.0
59IN02056,1955410117,55,2,G0117,4,07,072,41,1,09,24,,5,,1,1,,084,09,,140,,6,,090,054,41,0920,117,4,,6521,4,,,,4,,1959,4.0
59IN02057,1955410121,55,2,G0121,4,18,182,41,1,07,09,,5,,1,1,,080,08,,120,145,2,,083,042,41,0924,074,2,,6029,4,    1,4,,4,,1959,4.0
59IN02058,1955410127,55,2,G0127,4,18,182,41,1,09,11,,5,,1,1,,088,08,,117,138,2,,112,052,41,0924,095,4,,6029,4,    1,4,,4,,1959,4.0
59IN02059,1955410131,55,2,G0131,4,18,182,41,1,08,08,,5,,1,1,,088,07,,132,155,2,,102,063,41,0924,107,5,,6029,4,    1,4,,4,,1959,4.0
59IN02060,1955410140,55,2,G0140,4,12,121,41,1,09,11,,5,,1,1,,098,09,,,,6,,102,051,41,0420,135,3,,7560,4,,,,4,,1959,4.0
59IN02061,1955410145,55,2,G0145,4,15,152,41,1,08,14,,5,,1,1,,084,09,,122,158,2,,091,045,41,0924,093,3,,7786,4,    0,9,,4,,1959,4.0
59IN02062,1955410153,55,2,G0153,4,17,172,41,1,08,08,5,5,18,1,1,,080,06,,137,167,,,096,045,41,,079,3,,6368,4,79 17,2,,4,,1959,4.0
59IN02063,1955410158,55,2,G0158,4,07,072,41,1,05,18,8,5,26,1,1,,102,09,,143,165,,,105,052,41,,102,3,,6521,4,05 07,2,,4,,1959,4.0
59IN02064,1955410164,55,2,G0164,4,17,172,41,1,07,02,,5,,1,1,,109,04,,126,,7,,099,049,41,1001,099,3,,6368,4,,,,4,,1959,4.0
59IN02065,1955410168,55,2,G0168,4,03,032,41,1,07,17,,5,16,1,1,,098,09,,138,164,,,075,040,41,,101,2,,8005,4,53 03,2,,4,,1959,4.0
59IN02066,1955410187,55,2,G0187,4,09,092,41,1,06,11,,5,,1,1,,097,09,,144,155,,,102,053,41,,106,4,,7651,4,   03,9,,4,,1959,4.0
59IN02067,1956410203,56,2,G0203,4,66,242,41,1,07,,,4,,5,1,,105,06,,133,163,,,091,050,41,,097,3,,9109,4,   36,2,,3,,1959,3.0
59IN02068,1956410210,56,2,G0210,4,65,342,41,3,06,,,4,,5,1,,092,09,,108,135,,,110,049,41,,102,3,,8906,4,   28,2,,3,,1959,3.0
59IN02069,1956410211,56,2,G0211,4,65,312,41,3,07,,,4,,5,1,,083,07,,121,142,,,104,041,41,,077,3,,8850,4,   27,2,,3,,1959,3.0
59IN02070,1956410213,56,2,G0213,4,66,312,41,1,07,,,4,,5,1,,086,07,,112,128,,,108,040,41,,076,4,,8850,4,   14,7,,3,,1959,3.0
59IN02071,1956410221,56,2,G0221,4,65,392,41,3,07,,,4,,5,1,,101,08,,142,168,,,115,042,41,,098,3,,8548,4,   31,2,,3,,1959,3.0
59IN02072,1956410222,56,2,G0222,4,65,302,41,1,05,,,4,,5,1,,091,08,,123,156,,,101,052,41,,115,2,,8960,4,   26,2,,3,,1959,3.0
59IN02073,1956410223,56,2,G0223,4,65,262,41,1,07,,,4,,5,1,,096,06,,133,170,,,097,046,41,,088,2,,8517,4,   39,2,,3,,1959,3.0
59IN02074,1956410226,56,2,G0226,4,66,332,41,1,06,,,4,,5,1,,092,06,,118,144,2,,114,047,41,0924,095,3,,8900,4,    1,3,,3,,1959,3.0
59IN02075,1956410230,56,2,G0230,4,65,322,41,2,07,,,4,,5,1,,096,07,,137,166,,,094,045,41,,096,2,,8875,4,   03,7,,3,,1959,3.0
59IN02076,1956410231,56,2,G0231,4,66,252,41,1,07,,,4,,5,1,,083,08,,108,129,,,093,044,41,,089,3,,8727,4,   34,2,,3,,1959,3.0
59IN02077,1956410234,56,2,G0234,4,65,262,41,1,06,,,4,,5,1,,103,07,,123,153,2,,093,049,41,0924,083,3,,8517,4,    1,3,,3,,1959,3.0
59IN02078,1956410235,56,2,G0235,4,66,362,41,1,06,,,4,,5,1,,096,07,,120,145,2,,084,042,41,0924,078,2,,8889,4,    0,8,,3,,1959,3.0
59IN02079,1956410238,56,2,G0238,4,66,342,41,1,04,,,4,,5,1,,103,10,,124,155,,,090,037,41,,081,2,,8906,4,   32,2,,3,,1959,3.0
59IN02080,1956410243,56,2,G0243,4,65,272,41,1,07,,,4,,5,1,,091,07,,117,141,,,087,043,41,,107,2,,8786,4,   35,2,,3,,1959,3.0
59IN02081,1956410246,56,2,G0246,4,66,302,41,1,04,,,4,,5,1,,088,08,,115,136,,,107,066,41,,120,3,,8960,4,   15,7,,3,,1959,3.0
59IN02082,1956410258,56,2,G0258,4,65,352,41,1,07,,,4,,5,1,,095,09,,141,155,,,103,052,41,,103,3,,8882,4,   32,2,,3,,1959,3.0
59IN02083,1956410275,56,2,G0275,4,65,242,41,1,07,,,4,,5,1,,088,08,,120,149,,,105,047,41,,097,2,,9109,4,   36,2,,3,,1959,3.0
59IN02084,1956410281,56,2,G0281,4,65,312,41,3,06,,6,4,,5,1,,088,07,,124,150,,,094,049,41,,088,3,,8850,4,   04,7,,3,,1959,3.0
59IN02085,1956410285,56,2,G0285,4,66,272,41,1,07,,,4,,5,1,,090,06,,118,145,3,,095,044,41,1218,099,2,,8786,4,,,,3,,1959,3.0
59IN02086,1956410289,56,2,G0289,4,65,382,41,1,07,,,4,,5,1,,086,10,,137,159,,,090,042,41,,092,2,,9501,4,   29,2,,3,,1959,3.0
59IN02087,1956410295,56,2,G0295,4,65,382,41,3,08,,,4,,5,1,,088,07,,117,144,,,105,050,41,,100,2,,9501,4,   33,2,,3,,1959,3.0
59IN02088,1956410300,56,2,G0300,4,65,362,41,1,07,,,4,,5,1,,076,07,,112,124,,,088,038,41,,080,2,,8889,4,   30,2,,3,,1959,3.0
59IN02089,1956410305,56,2,G0305,4,65,372,41,1,05,,,4,,5,1,,092,10,,132,161,2,,098,050,41,0924,094,3,,8516,4,    1,3,,3,,1959,3.0
59IN02090,1956410316,56,2,G0316,4,65,332,41,2,07,,,4,,5,1,,091,07,,122,147,,,098,043,41,,090,2,,8900,4,   24,2,,3,,1959,3.0
59IN02091,1956410322,56,2,G0322,4,65,262,41,1,06,,,4,,5,1,,101,07,,130,152,2,,083,038,41,0924,078,2,,8517,4,    1,3,,3,,1959,3.0
59IN02092,1956410323,56,2,G0323,4,66,302,41,1,07,,,4,,5,1,,081,08,,79,,7,,088,041,41,1001,092,2,,8960,4,,,,3,,1959,3.0
59IN02093,1956940002,56,1,00002,4,,,94,,,,,4,,,,,,,,206,224,,,,,94,,172,6,,,,,,,3,,1959,3.0
59IN02094,1956410336,56,2,G0336,4,65,282,41,2,07,,,4,,5,1,,082,11,,113,149,,,087,039,41,,073,2,,8385,4,   23,2,,3,,1959,3.0
59IN02095,1956410338,56,2,G0338,4,65,332,41,1,07,,,4,,5,1,,089,05,,123,154,2,,095,042,41,0924,070,3,,8900,4,    1,3,,3,,1959,3.0
59IN02096,1956410341,56,2,G0341,4,65,242,41,1,07,,,4,,5,1,,088,08,,113,136,,,099,050,41,,106,3,,9109,4,   39,2,,3,,1959,3.0
59IN02097,1956410342,56,2,G0342,4,65,372,41,1,06,,,4,,5,1,,102,08,,162,191,2,,097,036,41,0924,081,2,,8516,4,    1,3,,3,,1959,3.0
59IN02098,1956410345,56,2,G0345,4,66,262,41,1,07,,,4,,5,1,,088,08,,128,146,,,083,043,41,,088,2,,8517,4,   37,2,,3,,1959,3.0
59IN02099,1956410348,56,2,G0348,4,65,232,41,2,07,,,4,,5,1,,093,10,,128,155,,,094,037,41,,098,2,,8460,4,   34,2,,3,,1959,3.0
59IN02100,1956410352,56,2,G0352,4,16,162,41,1,08,24,,4,,1,1,,079,06,,103,130,2,,091,036,41,0924,079,2,,7843,4,    1,3,,3,,1959,3.0
59IN02101,1956410359,56,2,G0359,4,66,352,41,1,08,,,4,,5,1,,076,10,,113,132,,,086,036,41,,073,2,,8882,4,   33,2,,3,,1959,3.0
59IN02102,1956410360,56,2,G0360,4,10,101,41,2,06,17,,4,16,1,1,,091,08,,132,154,,,093,044,41,,083,2,,8808,4,22 10,1,,3,,1959,3.0
59IN02103,1956410363,56,2,G0363,4,66,322,41,1,06,,,4,,5,1,,089,07,,,,6,,092,046,41,0502,096,3,,8875,4,,,,3,,1959,3.0
59IN02104,1956410371,56,2,G0371,4,03,032,41,1,07,10,,4,,1,1,,093,08,,123,153,2,,090,035,41,0924,075,2,,9127,4,    0,8,,3,,1959,3.0
59IN02105,1956410374,56,2,G0374,4,65,302,41,1,08,,,4,,5,1,,082,09,,123,148,,,091,042,41,,081,3,,8960,4,   22,2,,3,,1959,3.0
59IN02106,1956410376,56,2,G0376,4,66,332,41,1,05,,,4,,5,1,,096,05,,150,162,,,090,046,41,,092,3,,8900,4,   23,2,,3,,1959,3.0
59IN02107,1956410384,56,2,G0384,4,65,312,41,1,07,,,4,,5,1,,090,08,,117,145,,,108,045,41,,094,3,,8850,4,   25,2,,3,,1959,3.0
59IN02108,1956410390,56,1,G0390,4,03,032,41,1,,28,1,4,,,1,,,,,124,134,9,,,,41,1030,086,2,,9127,4,,8913,4,3,,1959,3.0
59IN02109,1956410392,56,2,G0392,4,01,011,41,1,05,39,,4,31,1,1,,082,10,,113,134,,,085,039,41,,078,2,,7298,4,29 01,1,,3,,1959,3.0
59IN02110,1956410397,56,2,G0397,4,73,017,41,3,07,,2,4,,9,1,,108,10,,144,155,,,102,044,41,,095,3,,8990,4,   72,2,,3,,1959,3.0
59IN02111,1956410400,56,2,G0400,4,65,232,41,1,07,,,4,,5,1,,093,08,,144,,3,,111,046,41,0615,089,3,,8460,4,,,,3,,1959,3.0
59IN02112,1956410402,56,2,G0402,4,17,172,41,2,07,06,6,4,11,1,1,,084,08,,137,154,,,097,039,41,,078,2,,7666,4,26 17,2,,3,,1959,3.0
59IN02113,1956410403,56,2,G0403,4,10,102,41,2,07,18,,4,17,1,1,,083,08,,131,154,,,085,031,41,,068,2,,7617,4,78 10,2,,3,,1959,3.0
59IN02114,1956410404,56,2,G0404,4,13,132,41,3,09,15,,4,,1,1,,083,08,,126,153,2,,090,034,41,0924,066,2,,8468,4,    1,3,,3,,1959,3.0
59IN02115,1956410407,56,2,G0407,4,07,072,41,2,06,16,,4,,1,1,,086,08,,106,142,2,,092,038,41,0924,070,2,,9017,4,    1,3,,3,,1959,3.0
59IN02116,1956410408,56,2,G0408,4,17,172,41,1,07,16,7,4,03,1,1,,087,11,,128,149,,,096,040,41,,093,3,,7666,4,57 17,2,,3,,1959,3.0
59IN02117,1956410418,56,2,G0418,4,01,011,41,1,07,25,,4,30,1,1,,086,08,,151,148,,,082,030,41,,063,1,,7298,4,31 01,2,,3,,1959,3.0
59IN02118,1956410419,56,2,G0419,4,70,712,41,2,06,,,4,,2,1,,102,08,,,,6,,112,044,41,0502,083,4,,8676,4,,,,3,,1959,3.0
59IN02119,1956410420,56,2,G0420,4,04,042,41,1,08,26,3,4,30,1,1,,082,07,,131,160,,,091,035,41,,079,3,,7086,4,00 04,2,,3,,1959,3.0
59IN02120,1956410421,56,2,G0421,4,16,162,41,2,07,14,,4,,1,1,,074,07,,125,154,2,,105,045,41,0924,086,3,,7843,4,    1,3,,3,,1959,3.0
59IN02121,1956410425,56,2,G0425,4,70,722,41,1,06,,3,4,,2,1,,080,09,,123,144,,,099,046,41,,085,3,,9147,4,   72,2,,3,,1959,3.0
59IN02122,1956410426,56,2,G0426,4,11,112,41,2,05,14,,4,38,1,1,,101,08,,153,161,,,090,048,41,,089,3,,8734,4,14 11,2,,3,,1959,3.0
59IN02123,1956410431,56,2,G0431,4,07,072,41,1,07,23,1,4,24,1,1,,091,05,,122,132,,,112,045,41,,088,4,,9017,4,41 07,2,,3,,1959,3.0
59IN02124,1956410433,56,2,G0433,4,70,732,41,1,07,,1,4,,2,1,,084,07,,133,143,,,094,046,41,,097,3,,8897,4,   73,2,,3,,1959,3.0
59IN02125,1956410436,56,1,G0436,4,07,072,41,1,,23,1,4,,,,,,,,178,196,,,,,41,,149,3,,9017,4,236,5837,4,3,,1959,3.0
59IN02126,1956410445,56,2,G0445,4,73,107,41,1,08,,2,4,,9,1,,078,08,,125,143,,,085,038,41,,079,2,,7617,4,   73,2,,3,,1959,3.0
59IN02127,1956410448,56,2,G0448,4,02,022,41,1,07,24,,4,30,1,1,,087,06,,133,140,,,099,042,41,,083,4,,8445,4,39 02,2,,3,,1959,3.0
59IN02128,1956410452,56,2,G0452,4,10,101,41,2,07,05,,4,10,1,1,,090,09,,136,149,,,095,041,41,,080,2,,8808,4,25 10,1,,3,,1959,3.0
59IN02129,1956410453,56,2,G0453,4,01,012,41,1,05,31,,4,34,1,1,,097,07,,142,157,,,106,037,41,,071,3,,8990,4,93 01,1,,3,,1959,3.0
59IN02130,1956410463,56,2,G0463,4,73,147,41,3,07,,3,4,,9,1,,083,07,,127,158,,,086,041,41,,079,2,,8575,4,   73,2,,3,,1959,3.0
59IN02131,1956410464,56,2,G0464,4,73,147,41,3,07,,5,4,,9,1,,076,08,,108,138,,,094,042,41,,073,2,,8575,4,   71,2,,3,,1959,3.0
59IN02132,1956410467,56,2,G0467,4,11,112,41,2,07,14,,4,,1,1,,088,08,,126,,7,,099,048,41,1001,081,3,,8734,4,,,,3,,1959,3.0
59IN02133,1956410469,56,2,G0469,4,09,092,41,1,07,09,,4,,1,1,,078,07,,130,164,2,,107,044,41,0924,076,3,,8609,4,    1,3,,3,,1959,3.0
59IN02134,1956410470,56,2,G0470,4,09,092,41,1,08,09,,4,,1,1,,088,08,,126,165,3,,092,037,41,1218,068,2,,8609,4,,,,3,,1959,3.0
59IN02135,1956410477,56,2,G0477,4,08,082,41,1,08,19,2,4,20,1,1,,072,08,,106,129,,,093,047,41,,093,2,,8595,4,50 08,2,,3,,1959,3.0
59IN02136,1956410481,56,2,G0481,4,09,092,41,1,07,04,,4,,1,1,,118,09,,142,168,,,109,054,41,,107,5,,8609,4,   01,8,,3,,1959,3.0
59IN02137,1956410485,56,2,G0485,4,70,712,41,1,07,,6,4,,2,1,,086,06,,128,160,,,094,049,41,,097,3,,8676,4,   71,2,,3,,1959,3.0
59IN02138,1956410491,56,2,G0491,4,17,172,41,1,06,04,,4,,1,1,,096,08,,142,164,2,,110,043,41,0924,091,5,,7666,4,    1,3,,3,,1959,3.0
59IN02139,1956410497,56,2,G0497,4,17,172,41,1,08,03,8,4,09,1,1,,080,09,,130,149,,,105,043,41,,091,3,,7666,4,97 17,2,,3,,1959,3.0
59IN02140,1956410499,56,2,G0499,4,13,132,41,2,07,19,,4,,1,1,,086,10,,134,,6,,096,048,41,0920,085,3,,8468,4,,,,3,,1959,3.0
59IN02141,1956410510,56,2,G0510,4,08,082,41,1,09,22,3,4,31,1,1,,068,11,,118,123,,,096,042,41,,075,2,,8595,4,37 08,2,,3,,1959,3.0
59IN02142,1956410515,56,1,G0515,4,03,032,41,1,,23,1,4,,,1,,,,,138,148,9,,,,41,1030,093,3,,9127,4,,7675,4,3,,1959,3.0
59IN02143,1956410518,56,2,G0518,4,15,152,41,1,07,11,,4,24,1,1,,094,09,,135,145,,,091,033,41,,078,2,,9013,4,04 15,1,,3,,1959,3.0
59IN02144,1956410520,56,1,G0520,4,05,052,41,1,,24,1,4,,,,,,,,138,154,,,,,41,,120,3,,9142,4,209,6729,4,3,,1959,3.0
59IN02145,1956410526,56,2,G0526,4,03,032,41,1,06,13,,4,,1,1,,083,06,,140,175,2,,099,033,41,0924,071,3,,9127,4,    1,3,,3,,1959,3.0
59IN02146,1956410533,56,2,G0533,4,17,172,41,1,07,20,1,4,06,1,1,,093,08,,142,170,,,096,048,41,,091,3,,7666,4,64 17,2,,3,,1959,3.0
59IN02147,1956410548,56,2,G0548,4,01,012,41,1,06,31,,4,32,1,1,,096,07,,130,158,,,089,031,41,,075,2,,8990,4,57 01,2,,3,,1959,3.0
59IN02148,1956410556,56,1,G0556,4,17,172,41,1,,18,1,4,,,,,,12,6,174,188,2,,,,41,0924,198,7,,7666,4,243,7934,4,3,,1959,3.0
59IN02149,1956410557,56,2,G0557,4,13,132,41,1,08,06,,4,14,1,1,,082,08,,117,130,,,095,043,41,,082,2,,8468,4,35 13,2,,3,,1959,3.0
59IN02150,1956410561,56,2,G0561,4,14,142,41,1,09,18,,4,,1,1,,074,07,,114,139,2,,088,035,41,0924,063,2,,8575,4,    1,3,,3,,1959,3.0
59IN02151,1956410565,56,2,G0565,4,12,121,41,1,05,19,,4,12,1,1,,078,08,,130,155,,,088,029,41,,057,1,,8474,4,30 12,1,,3,,1959,3.0
59IN02152,1956410569,56,1,G0569,4,12,121,41,1,,13,5,4,,,,,,,,207,228,,,,,41,,183,2,,8474,4,266,5912,4,3,,1959,3.0
59IN02153,1956410576,56,2,G0576,4,09,092,41,3,07,05,,4,,1,1,,105,07,,150,192,3,,099,040,41,1218,080,3,,8609,4,,,,3,,1959,3.0
59IN02154,1956410582,56,4,G0582,4,,,41,,,33,1,4,,,,,,,,137,158,,,,,41,,155,5,,8401,4,,8539,4,3,,1959,3.0
59IN02155,1956410583,56,2,G0583,4,17,172,41,2,08,15,,4,,1,1,,077,11,,133,167,2,,090,039,41,0924,075,2,,7666,4,    1,3,,3,,1959,3.0
59IN02156,1956410594,56,2,G0594,4,70,722,41,1,07,,4,4,,2,1,,082,08,,129,145,,,087,034,41,,063,2,,9147,4,   73,2,,3,,1959,3.0
59IN02157,1956410595,56,1,G0595,4,13,132,41,1,,12,1,4,,,,,,,,191,212,3,,,,41,0801,210,8,,8468,4,265,4471,4,3,,1959,3.0
59IN02158,1956410600,56,2,G0600,4,03,032,41,1,07,14,,4,,1,1,,093,08,,160,172,2,,098,035,41,0924,080,3,,9127,4,    9,0,,3,,1959,3.0
59IN02159,1956410614,56,2,G0614,4,10,102,41,2,07,02,,4,,1,1,,093,07,,130,150,2,,096,047,41,0924,085,2,,7617,4,    0,8,,3,,1959,3.0
59IN02160,1956410625,56,2,G0625,4,70,732,41,1,05,,,4,,2,1,,100,07,,146,170,3,,105,047,41,1218,088,3,,8897,4,,,,3,,1959,3.0
59IN02161,1956410631,56,2,G0631,4,02,022,41,1,06,33,,4,33,1,1,,074,08,,132,138,,,097,032,41,,074,4,,8445,4,81 02,2,,3,,1959,3.0
59IN02162,1956410633,56,2,G0633,4,15,152,41,2,05,11,,4,,1,1,,086,08,,133,168,2,,091,039,41,0924,075,2,,9013,4,    1,3,,3,,1959,3.0
59IN02163,1956410637,56,2,G0637,4,06,062,41,1,08,25,,4,21,1,1,,081,09,,125,136,,,105,053,41,,097,3,,9070,4,35 06,2,,3,,1959,3.0
59IN02164,1956410644,56,2,G0644,4,15,152,41,2,09,12,,4,,1,1,,069,09,,117,139,3,,088,042,41,1218,080,2,,9013,4,,,,3,,1959,3.0
59IN02165,1956410648,56,2,G0648,4,15,152,41,1,07,11,,4,,1,1,,078,10,,124,135,2,,101,052,41,0924,095,3,,9013,4,    1,3,,3,,1959,3.0
59IN02166,1956410649,56,2,G0649,4,73,017,41,1,08,,5,4,,9,1,,083,09,,133,151,,,092,049,41,,091,4,,8990,4,   73,2,,3,,1959,3.0
59IN02167,1956410659,56,2,G0659,4,70,722,41,1,07,,7,4,,2,1,,087,09,,117,136,,,093,047,41,,095,3,,9147,4,   71,2,,3,,1959,3.0
59IN02168,1956410660,56,2,G0660,4,70,722,41,1,06,,,4,,2,1,,097,07,,140,169,2,,088,049,41,0924,086,2,,9147,4,    1,3,,3,,1959,3.0
59IN02169,1956410663,56,1,G0663,4,16,162,41,1,,17,1,4,,,,,,13,6,157,174,2,,,,41,0924,182,6,,7843,4,232,8841,4,3,,1959,3.0
59IN02170,1956410675,56,1,G0675,4,03,,41,1,,10,5,4,,,,,,12,5,178,196,2,,,,41,0924,218,6,,9127,4,235,6371,4,3,,1959,3.0
59IN02171,1956410682,56,1,G0682,4,14,142,41,1,,18,1,4,,,2,,,,,132,142,9,,,,41,1030,103,2,,8575,4,,7415,4,3,,1959,3.0
59IN02172,1956410684,56,2,G0684,4,18,182,41,1,07,09,5,4,12,1,1,,088,08,,111,142,,,105,043,41,,079,2,,7607,4,94 18,2,,3,,1959,3.0
59IN02173,1956410687,56,2,G0687,4,08,081,41,1,08,27,4,4,22,1,1,,069,09,,108,113,,,089,047,41,,078,2,,8401,4,34 08,2,,3,,1959,3.0
59IN02174,1956410688,56,2,G0688,4,15,152,41,2,04,12,,4,21,1,1,,100,06,,141,160,,,094,059,41,,106,3,,9013,4,50 15,2,,3,,1959,3.0
59IN02175,1956410690,56,2,G0690,4,02,022,41,1,07,21,,4,28,1,1,,089,08,,118,149,,,087,048,41,,089,2,,8445,4,71 02,2,,3,,1959,3.0
59IN02176,1956410692,56,2,G0692,4,70,722,41,1,08,,4,4,,2,1,,081,09,,113,137,,,099,049,41,,089,4,,9147,4,   72,2,,3,,1959,3.0
59IN02177,1956410693,56,2,G0693,4,70,722,41,1,04,,6,4,,2,1,,086,08,,131,143,,,089,047,41,,085,3,,9147,4,   73,2,,3,,1959,3.0
59IN02178,1956410695,56,2,G0695,4,73,107,41,3,08,,5,4,,9,1,,082,05,,118,150,,,091,041,41,,089,3,,7617,4,   72,2,,3,,1959,3.0
59IN02179,1956410697,56,2,G0697,4,04,042,41,1,06,27,,4,,1,1,,081,06,,117,146,2,,098,037,41,0924,069,2,,7086,4,    1,3,,3,,1959,3.0
59IN02180,1956410699,56,2,G0699,4,13,132,41,1,05,09,,4,15,1,1,,083,09,,122,140,,,100,043,41,,084,2,,8468,4,81 13,1,,3,,1959,3.0
59IN02181,1956410704,56,2,G0704,4,73,167,41,3,07,,8,4,,9,1,,088,08,,131,149,,,093,040,41,,079,2,,7843,4,   71,2,,3,,1959,3.0
59IN02182,1956410705,56,2,G0705,4,73,167,41,3,07,,7,4,,9,1,,088,06,,127,145,,,098,051,41,,092,3,,7843,4,   73,2,,3,,1959,3.0
59IN02183,1956410711,56,2,G0711,4,03,032,41,1,04,15,,4,27,1,1,,103,09,,168,151,,,090,045,41,,089,3,,9127,4,04 03,1,,3,,1959,3.0
59IN02184,1956410715,56,2,G0715,4,15,152,41,2,06,04,,4,18,1,1,,090,08,,134,163,,,095,046,41,,084,2,,9013,4,67 15,1,,3,,1959,3.0
59IN02185,1956410718,56,2,G0718,4,73,147,41,1,07,,1,4,,9,1,,083,10,,122,138,,,525,044,41,,084,3,,8575,4,   71,2,,3,,1959,3.0
59IN02186,1956410722,56,2,G0722,4,17,172,41,1,07,09,2,4,09,1,1,,093,07,,135,156,,,102,044,41,,079,2,,7666,4,89 17,2,,3,,1959,3.0
59IN02187,1956410727,56,2,G0727,4,06,062,41,1,09,21,,4,,1,1,,062,09,,103,119,2,,100,037,41,0924,076,3,,9070,4,    1,3,,3,,1959,3.0
59IN02188,1956410733,56,2,G0733,4,17,172,41,1,07,10,,4,,1,1,,096,08,,157,167,2,,095,048,41,0924,096,2,,7666,4,    1,3,,3,,1959,3.0
59IN02189,1956410739,56,1,G0739,4,06,062,41,1,,18,4,4,,,,,,13,2,163,178,2,,,,41,0924,197,7,,9070,4,241,4049,4,3,,1959,3.0
59IN02190,1956410747,56,2,G0747,4,08,082,41,1,07,19,5,4,21,1,1,,079,08,,105,118,,,096,046,41,,108,3,,8595,4,32 08,2,,3,,1959,3.0
59IN02191,1956410750,56,2,G0750,4,16,162,41,1,07,13,,4,,1,1,,089,08,,122,148,2,,090,042,41,0924,072,1,,7843,4,    1,3,,3,,1959,3.0
59IN02192,1956410752,56,2,G0752,4,09,092,41,1,07,10,,4,,1,1,,083,08,,134,169,2,,112,041,41,0924,083,4,,8609,4,    9,0,,3,,1959,3.0
59IN02193,1956410760,56,2,G0760,4,16,162,41,1,07,19,1,4,17,1,1,,077,08,,112,134,,,098,040,41,,072,3,,7843,4,86 16,2,,3,,1959,3.0
59IN02194,1956410761,56,2,G0761,4,16,162,41,1,07,19,2,4,17,1,1,,096,08,,146,163,,,085,033,41,,079,2,,7843,4,86 16,2,,3,,1959,3.0
59IN02195,1956410766,56,1,G0766,4,03,032,41,1,,13,1,4,,,,,,12,K,171,176,2,,,,41,0924,156,4,,9127,4,225,7995,4,3,,1959,3.0
59IN02196,1956410771,56,2,G0771,4,70,722,41,1,08,,2,4,,2,1,,097,07,,135,169,,,099,050,41,,105,2,,9147,4,   71,2,,3,,1959,3.0
59IN02197,1956410778,56,2,G0778,4,14,142,41,1,05,17,,4,,1,1,,074,10,,116,130,2,,098,041,41,0924,071,5,,8575,4,    1,3,,3,,1959,3.0
59IN02198,1956410781,56,2,G0781,4,18,182,41,1,09,17,,4,,1,1,,070,08,,116,132,2,,091,029,41,0924,057,2,,7607,4,    1,3,,3,,1959,3.0
59IN02199,1956410787,56,2,G0787,4,17,172,41,1,04,19,,4,,1,1,,088,08,,133,147,2,,090,040,41,0924,081,4,,7666,4,    1,3,,3,,1959,3.0
59IN02200,1956410789,56,2,G0789,4,14,142,41,1,06,17,,4,37,1,1,,111,07,,170,183,,,099,037,41,,086,4,,8575,4,89 14,2,,3,,1959,3.0
59IN02201,1956410795,56,1,G0795,4,11,111,41,1,,18,5,4,,,,,,,,192,213,,,,,41,,207,3,,8444,4,244,7438,4,3,,1959,3.0
59IN02202,1956410797,56,2,G0797,4,10,102,41,2,05,08,,4,,1,1,,093,07,,131,166,3,,096,046,41,1123,088,3,,7617,4,,,,3,,1959,3.0
59IN02203,1956410798,56,2,G0798,4,10,101,41,2,06,05,,4,,1,1,,096,07,,150,172,2,,086,042,41,0924,084,3,,8808,4,    1,3,,3,,1959,3.0
59IN02204,1956410799,56,2,G0799,4,10,101,41,2,06,05,,4,08,1,1,,089,06,,126,149,,,094,034,41,,059,3,,8808,4,82 10,2,,3,,1959,3.0
59IN02205,1956410804,56,2,G0804,4,70,712,41,1,07,,3,4,,2,1,,087,08,,138,160,,,100,042,41,,090,3,,8676,4,   71,2,,3,,1959,3.0
59IN02206,1956410806,56,2,G0806,4,15,152,41,1,06,21,,4,24,1,1,,085,08,,117,135,,,087,034,41,,064,2,,9013,4,90 15,2,,3,,1959,3.0
59IN02207,1956410809,56,2,G0809,4,16,162,41,1,07,19,3,4,17,1,1,,094,08,,153,168,,,086,036,41,,070,2,,7843,4,11 16,2,,3,,1959,3.0
59IN02208,1956410817,56,2,G0817,4,11,112,41,1,07,21,,4,21,1,1,,082,08,,118,126,,,100,040,41,,081,2,,8734,4,52 11,1,,3,,1959,3.0
59IN02209,1956410820,56,2,G0820,4,15,152,41,1,07,16,,4,23,1,1,,088,08,,122,145,,,090,046,41,,096,2,,9013,4,60 15,1,,3,,1959,3.0
59IN02210,1956410824,56,2,G0824,4,03,032,41,1,06,14,,4,25,1,1,,093,08,,138,162,,,102,039,41,,088,3,,9127,4,19 03,2,,3,,1959,3.0
59IN02211,1956410830,56,2,G0830,4,70,722,41,1,09,,6,4,,2,1,,073,09,,116,147,,,083,038,41,,085,2,,9147,4,   72,2,,3,,1959,3.0
59IN02212,1956410833,56,2,G0833,4,07,072,41,1,06,20,2,4,22,1,1,,102,07,,173,167,,,086,037,41,,080,7,,9017,4,92 07,2,,3,,1959,3.0
59IN02213,1956410834,56,2,G0834,4,07,072,41,1,09,20,3,4,22,1,1,,084,06,,122,122,,,088,034,41,,073,2,,9017,4,92 07,2,,3,,1959,3.0
59IN02214,1956410842,56,2,G0842,4,18,182,41,2,06,11,,4,,1,1,,082,09,,123,145,2,,110,042,41,0924,076,3,,7607,4,    1,3,,3,,1959,3.0
59IN02215,1956410849,56,2,G0849,4,02,022,41,1,08,23,,4,37,1,1,,078,07,,122,149,,,084,032,41,,072,2,,8445,4,42 02,2,,3,,1959,3.0
59IN02216,1956410850,56,2,G0850,4,02,022,41,1,06,23,,4,,1,1,,073,08,,120,,7,,105,038,41,1001,082,3,,8445,4,,,,3,,1959,3.0
59IN02217,1956410851,56,2,G0851,4,70,712,41,1,07,,8,4,,2,1,,094,09,,128,140,,,098,046,41,,084,2,,8676,4,   73,2,,3,,1959,3.0
59IN02218,1956410852,56,2,G0852,4,70,712,41,1,07,,4,4,,2,1,,089,06,,140,155,,,105,048,41,,083,4,,8676,4,   71,2,,3,,1959,3.0
59IN02219,1956410854,56,2,G0854,4,10,102,41,2,05,17,,4,15,1,1,,093,07,,136,150,,,079,032,41,,076,2,,7617,4,50 10,1,,3,,1959,3.0
59IN02220,1956410858,56,2,G0858,4,11,112,41,1,07,27,,4,44,1,1,,097,10,,137,155,,,098,050,41,,095,3,,8734,4,50 11,2,,3,,1959,3.0
59IN02221,1956410862,56,2,G0862,4,73,047,41,3,07,,5,4,,9,1,,088,09,,124,149,,,098,059,41,,101,3,,7086,4,   71,2,,3,,1959,3.0
59IN02222,1956410876,56,2,G0876,4,14,142,41,3,07,09,,4,,1,1,,077,07,,,,6,,089,043,41,0414,084,2,,8575,4,,,,3,,1959,3.0
59IN02223,1956410881,56,2,G0881,4,17,172,41,1,06,19,,4,,1,1,,092,08,,144,165,2,,100,041,41,0924,078,3,,7666,4,    1,3,,3,,1959,3.0
59IN02224,1956410886,56,2,G0886,4,73,077,41,1,05,,6,4,,9,1,,094,08,,139,153,,,100,046,41,,086,3,,9017,4,   71,2,,3,,1959,3.0
59IN02225,1956410894,56,2,G0894,4,70,712,41,1,07,,7,4,,2,1,,096,07,,130,154,,,097,044,41,,091,3,,8676,4,   72,2,,3,,1959,3.0
59IN02226,1956410895,56,2,G0895,4,06,062,41,1,08,30,,4,,1,1,,074,10,,109,,7,,092,036,41,1001,073,5,,9070,4,,,,3,,1959,3.0
59IN02227,1956410896,56,2,G0896,4,12,122,41,1,07,11,,4,,1,1,,102,06,,136,164,3,,106,053,41,1218,109,3,,9012,4,,,,3,,1959,3.0
59IN02228,1956410898,56,1,G0898,4,70,722,41,1,,,1,4,,,,,,13,2,183,200,2,,,,41,0924,194,6,,9147,4,250,7932,4,3,,1959,3.0
59IN02229,1956410902,56,2,G0902,4,08,081,41,1,08,22,6,4,24,1,1,,070,09,,90,114,,,108,049,41,,093,4,,8401,4,33 08,2,,3,,1959,3.0
59IN02230,1956410907,56,2,G0907,4,73,187,41,1,08,,8,4,,9,1,,073,08,,116,138,,,090,040,41,,073,2,,7607,4,   72,2,,3,,1959,3.0
59IN02231,1956410932,56,2,G0932,4,04,042,41,1,08,23,4,4,29,1,1,,081,09,,142,157,,,104,044,41,,084,3,,7086,4,03 04,2,,3,,1959,3.0
59IN02232,1956410933,56,2,G0933,4,70,712,41,1,05,,1,4,,2,1,,105,08,,162,175,,,095,044,41,,094,2,,8676,4,   73,2,,3,,1959,3.0
59IN02233,1956410936,56,1,G0936,4,18,182,41,1,,07,1,4,,,,,,13,6,158,163,2,,,,41,0924,170,5,,7607,4,228,8749,4,3,,1959,3.0
59IN02234,1956410949,56,2,G0949,4,18,182,41,2,07,08,,4,,1,1,,082,08,,130,157,2,,102,046,41,0924,080,3,,7607,4,    1,3,,3,,1959,3.0
59IN02235,1956410950,56,2,G0950,4,18,182,41,1,08,09,6,4,14,1,1,,090,08,,134,155,,,101,043,41,,081,3,,7607,4,47 18,2,,3,,1959,3.0
59IN02236,1956410954,56,2,G0954,4,16,162,41,1,07,19,4,4,16,1,1,,078,09,,113,143,,,087,040,41,,078,3,,7843,4,85 16,2,,3,,1959,3.0
59IN02237,1956410955,56,2,G0955,4,02,022,41,1,07,22,,4,28,1,1,,084,06,,127,140,,,098,043,41,,089,3,,8445,4,64 02,2,,3,,1959,3.0
59IN02238,1956410957,56,2,G0957,4,73,097,41,3,05,,7,4,,9,1,,111,07,,158,172,,,098,042,41,,090,2,,8609,4,   71,2,,3,,1959,3.0
59IN02239,1956410958,56,2,G0958,4,73,097,41,3,06,,2,4,,9,1,,093,07,,136,159,,,100,054,41,,090,3,,8609,4,   73,2,,3,,1959,3.0
59IN02240,1956410963,56,2,G0963,4,01,011,41,1,05,29,,4,,1,1,,096,08,,155,152,2,,091,040,41,0924,075,2,,7298,4,    9,0,,3,,1959,3.0
59IN02241,1956410971,56,2,G0971,4,07,072,41,1,06,21,,4,,1,1,,083,08,,122,147,2,,089,043,41,0924,078,2,,9017,4,    9,0,,3,,1959,3.0
59IN02242,1956410979,56,2,G0979,4,10,101,41,2,06,08,,4,,1,1,,096,08,,146,169,2,,100,046,41,0924,087,3,,8808,4,    1,3,,3,,1959,3.0
59IN02243,1956410980,56,2,G0980,4,70,732,41,1,06,,,4,,2,1,,101,07,,166,177,2,,107,044,41,0924,089,4,,8897,4,    9,0,,3,,1959,3.0
59IN02244,1956410982,56,2,G0982,4,09,092,41,1,05,06,,4,15,1,1,,106,08,,133,166,,,102,045,41,,087,3,,8609,4,96 09,1,,3,,1959,3.0
59IN02245,1956410993,56,2,G0993,4,09,092,41,1,07,04,,4,,1,1,,085,06,,148,172,2,,093,044,41,0924,083,2,,8609,4,    9,0,,3,,1959,3.0
59IN02246,1956410994,56,1,G0994,4,70,712,41,1,,,1,4,,,,,,13,2,193,210,2,,,,41,0924,193,8,,8676,4,271,7431,4,3,,1959,3.0
59IN02247,1956410998,56,1,G0998,4,02,022,41,1,,34,1,4,,,,,,,,163,179,,,,,41,,177,8,,8445,4,237,7029,4,3,,1959,3.0
59IN02248,1956410999,56,2,G0999,4,10,101,41,3,07,15,,4,,1,1,,087,11,,126,149,,,073,032,41,,060,1,,8808,4,   03,8,,3,,1959,3.0
59IN02249,1956411000,56,2,G1000,4,70,722,41,1,07,,3,4,,2,1,,096,09,,126,140,,,099,054,41,,100,3,,9147,4,   73,2,,3,,1959,3.0
59IN02250,1956411005,56,2,G1005,4,01,011,41,1,05,32,,4,31,1,1,,088,08,,122,141,,,094,038,41,,072,3,,7298,4,46 01,1,,3,,1959,3.0
59IN02251,1956411007,56,2,G1007,4,14,142,41,1,07,23,,4,21,1,1,,092,07,,113,144,,,099,043,41,,091,3,,8575,4,20 14,2,,3,,1959,3.0
59IN02252,1956411009,56,2,G1009,4,70,732,41,1,07,,1,4,,2,1,,087,06,,154,173,,,081,031,41,,066,3,,8897,4,   72,2,,3,,1959,3.0
59IN02253,1956411015,56,2,G1015,4,06,062,41,1,06,20,,4,23,1,1,,086,08,,141,154,,,088,036,41,,082,2,,9070,4,69 06,2,,3,,1959,3.0
59IN02254,1956411019,56,2,G1019,4,11,111,41,1,07,12,,4,26,1,1,,092,10,,144,150,,,102,040,41,,086,2,,8444,4,82 11,1,,3,,1959,3.0
59IN02255,1956411025,56,4,G1025,4,,,41,,,32,1,4,,,,,,,,120,138,,,,,41,,153,3,,8595,4,,8538,4,3,,1959,3.0
59IN02256,1956411028,56,2,G1028,4,13,132,41,1,08,12,,4,16,1,1,,088,07,,113,139,,,104,045,41,,081,2,,8468,4,06 13,2,,3,,1959,3.0
59IN02257,1956411029,56,2,G1029,4,13,132,41,1,06,12,,4,14,1,2,,082,08,,134,157,,,086,032,41,,072,2,,8468,4,66 13,1,,3,,1959,3.0
59IN02258,1956411032,56,2,G1032,4,10,101,41,2,06,05,,4,,1,1,,098,10,,129,148,2,,090,050,41,0924,093,3,,8808,4,    1,3,,3,,1959,3.0
59IN02259,1956411038,56,2,G1038,4,13,132,41,,07,18,,4,13,1,1,,087,08,,136,148,,,101,059,41,,108,3,,8468,4,91 13,2,,3,,1959,3.0
59IN02260,1956411041,56,4,G1041,4,,,41,,,31,1,4,,,,,,,,152,164,,,,,41,,163,7,,7086,4,,7770,4,3,,1959,3.0
59IN02261,1956411042,56,2,G1042,4,16,162,41,1,07,24,5,4,15,1,1,,078,08,,116,134,,,093,052,41,,095,4,,7843,4,61 16,2,,3,,1959,3.0
59IN02262,1956411044,56,2,G1044,4,70,722,41,1,06,,8,4,,2,1,,096,09,,128,148,,,086,040,41,,090,1,,9147,4,   71,2,,3,,1959,3.0
59IN02263,1956411045,56,1,G1045,4,10,102,41,1,,21,1,4,,,,,,,,201,212,,,,,41,,140,2,,7617,4,249,7797,4,3,,1959,3.0
59IN02264,1956411046,56,2,G1046,4,15,152,41,1,04,11,,4,,1,1,,083,07,,118,145,,,097,050,41,,083,2,,9013,4,   13,8,,3,,1959,3.0
59IN02265,1956411048,56,2,G1048,4,70,712,41,2,06,,1,4,,2,1,,086,07,,128,146,,,086,034,41,,068,2,,8676,4,   71,2,,3,,1959,3.0
59IN02266,1956411051,56,2,G1051,4,73,177,41,,08,,2,4,,9,1,,078,09,,131,144,,,094,032,41,,065,2,,7666,4,   72,2,,3,,1959,3.0
59IN02267,1956411053,56,1,G1053,4,15,152,41,1,,15,5,4,,,,,,12,N,160,178,2,,,,41,0924,192,5,,9013,4,234,5542,4,3,,1959,3.0
59IN02268,1956411058,56,2,G1058,4,17,172,41,1,06,03,,4,,1,1,,096,06,,138,162,2,,089,039,41,0924,076,2,,7666,4,    1,3,,3,,1959,3.0
59IN02269,1956411060,56,2,G1060,4,09,092,41,1,04,03,,4,,1,1,,093,07,,148,166,,,103,054,41,,103,4,,8609,4,   13,9,,3,,1959,3.0
59IN02270,1956411063,56,2,G1063,4,17,172,41,1,06,02,3,4,05,1,1,,092,09,,124,159,,,097,043,41,,082,3,,7666,4,32 17,2,,3,,1959,3.0
59IN02271,1956411065,56,2,G1065,4,17,172,41,1,08,22,,4,,1,1,,081,08,,127,150,2,,083,033,41,0924,072,2,,7666,4,    9,0,,3,,1959,3.0
59IN02272,1956411068,56,2,G1068,4,18,182,41,1,05,20,7,4,07,1,1,,084,09,,114,141,,,090,034,41,,073,2,,7607,4,51 18,2,,3,,1959,3.0
59IN02273,1956411083,56,2,G1083,4,07,072,41,1,08,25,4,4,25,1,1,,070,07,,118,123,,,088,028,41,,057,2,,9017,4,10 07,2,,3,,1959,3.0
59IN02274,1956411089,56,2,G1089,4,10,102,41,2,06,08,,4,14,1,1,,103,05,,138,159,,,093,039,41,,083,2,,7617,4,57 10,2,,3,,1959,3.0
59IN02275,1956411099,56,2,G1099,4,15,152,41,2,07,11,,4,21,1,1,,087,10,,127,154,,,088,038,41,,082,2,,9013,4,23 15,2,,3,,1959,3.0
59IN02276,1956411100,56,2,G1100,4,11,111,41,1,05,17,,4,22,1,1,,100,08,,138,152,,,096,039,41,,083,3,,8444,4,39 11,2,,3,,1959,3.0
59IN02277,1956411101,56,2,G1101,4,14,142,41,1,06,15,,4,,1,1,,081,09,,133,145,2,,090,044,41,0924,080,4,,8575,4,    0,8,,3,,1959,3.0
59IN02278,1956411104,56,2,G1104,4,70,732,41,1,07,,4,4,,2,1,,077,07,,122,141,,,097,039,41,,069,2,,8897,4,   73,2,,3,,1959,3.0
59IN02279,1956411117,56,1,G1117,4,05,052,41,1,,19,3,4,,,,,,13,3,173,177,2,,,,41,0924,168,4,,9142,4,225,6312,4,3,,1959,3.0
59IN02280,1956411118,56,2,G1118,4,70,732,41,1,07,,,4,,2,1,,088,07,,148,182,2,,085,038,41,0924,079,2,,8897,4,    0,8,,3,,1959,3.0
59IN02281,1956411125,56,2,G1125,4,70,732,41,1,05,,,4,,2,1,,105,07,,167,175,3,,076,039,41,1123,081,1,,8897,4,,,,3,,1959,3.0
59IN02282,1956411128,56,2,G1128,4,16,162,41,1,05,16,6,4,15,1,1,,081,11,,133,153,,,086,045,41,,082,2,,7843,4,52 16,2,,3,,1959,3.0
59IN02283,1956411131,56,2,G1131,4,12,122,41,1,05,17,,4,,1,1,,084,09,,123,149,,,096,042,41,,085,3,,9012,4,   11,8,,3,,1959,3.0
59IN02284,1956411135,56,2,G1135,4,18,182,41,1,06,11,8,4,08,1,1,,079,07,,120,140,,,091,039,41,,070,2,,7607,4,49 18,2,,3,,1959,3.0
59IN02285,1956411136,56,2,G1136,4,18,182,41,1,07,11,1,4,08,1,1,,081,07,,126,144,,,081,031,41,,073,K,,7607,4,49 18,2,,3,,1959,3.0
59IN02286,1956411141,56,2,G1141,4,73,177,41,3,06,,2,4,,9,1,,092,07,,144,155,,,092,033,41,,075,3,,7666,4,   71,2,,3,,1959,3.0
59IN02287,1956411147,56,2,G1147,4,17,172,41,1,06,05,4,4,10,1,1,,083,07,,135,163,,,080,038,41,,073,2,,7666,4,94 17,2,,3,,1959,3.0
59IN02288,1956411154,56,2,G1154,4,12,121,41,2,07,08,,4,18,1,1,,090,08,,128,157,,,093,044,41,,077,1,,8474,4,88 12,2,,3,,1959,3.0
59IN02289,1956411155,56,2,G1155,4,16,162,41,1,08,17,7,4,14,1,1,,071,07,,125,137,,,085,035,41,,057,2,,7843,4,93 16,2,,3,,1959,3.0
59IN02290,1956411156,56,2,G1156,4,16,162,41,1,08,17,8,4,14,1,1,,068,06,,109,120,,,080,033,41,,060,1,,7843,4,93 16,2,,3,,1959,3.0
59IN02291,1956411157,56,1,G1157,4,03,032,41,1,,12,1,4,,,,,,,,193,208,6,,,,41,1230,153,6,,9127,4,242,6236,4,3,,1959,3.0
59IN02292,1956411162,56,1,G1162,4,73,147,41,3,,,3,4,,,,,,12,3,194,215,2,,,,41,0924,194,4,,8575,4,248,1843,5,3,,1959,3.0
59IN02293,1956411168,56,2,G1168,4,73,117,41,3,07,,3,4,,9,1,,105,09,,134,166,,,098,048,41,,087,2,,8734,4,   72,2,,3,,1959,3.0
59IN02294,1956411170,56,2,G1170,4,70,722,41,2,06,,,4,,2,1,,090,09,,,,6,,099,055,41,0502,103,3,,9147,4,,,,3,,1959,3.0
59IN02295,1956411172,56,2,G1172,4,17,172,41,1,06,03,5,4,10,1,1,,104,07,,146,170,,,097,036,41,,074,2,,7666,4,83 17,2,,3,,1959,3.0
59IN02296,1956411173,56,2,G1173,4,73,157,41,3,06,,4,4,,9,1,,087,07,,127,157,,,096,048,41,,084,2,,9013,4,   72,2,,3,,1959,3.0
59IN02297,1956411179,56,1,G1179,4,18,182,41,1,,07,1,4,,,,,,,,159,184,,,,,41,,206,6,,7607,4,237,8867,4,3,,1959,3.0
59IN02298,1956411187,56,2,G1187,4,05,052,41,1,06,29,,4,,1,1,,068,09,,140,124,3,,083,031,41,1218,062,2,,9142,4,,,,3,,1959,3.0
59IN02299,1956411188,56,2,G1188,4,15,152,41,1,08,14,,4,,1,1,,084,07,,113,149,,,093,036,41,,061,2,,9013,4,   11,9,,3,,1959,3.0
59IN02300,1956411189,56,2,G1189,4,15,152,41,1,08,14,,4,,1,1,,078,08,,126,164,2,,094,053,41,0924,093,3,,9013,4,    1,3,,3,,1959,3.0
59IN02301,1956411191,56,2,G1191,4,73,097,41,1,08,,5,4,,9,1,,076,08,,120,145,,,087,037,41,,074,2,,8609,4,   72,2,,3,,1959,3.0
59IN02302,1956411199,56,2,G1199,4,70,722,41,2,08,,6,4,,2,1,,076,09,,111,127,,,106,047,41,,077,3,,9147,4,   72,2,,3,,1959,3.0
59IN02303,1956411201,56,2,G1201,4,04,042,41,1,09,39,5,4,31,1,1,,069,08,,112,134,,,085,037,41,,071,2,,7086,4,38 04,2,,3,,1959,3.0
59IN02304,1956411210,56,1,G1210,4,07,072,41,1,,29,1,4,,,,,,,,170,188,,,,,41,,122,3,,9017,4,235,8826,4,3,,1959,3.0
59IN02305,1956411214,56,2,G1214,4,07,072,41,1,08,20,5,4,25,1,1,,088,08,,131,140,,,102,037,41,,073,2,,9017,4,80 07,2,,3,,1959,3.0
59IN02306,1956411224,56,2,G1224,4,10,102,41,1,07,12,,4,,1,1,,087,07,,113,137,,,087,044,41,,091,3,,7617,4,   03,9,,3,,1959,3.0
59IN02307,1956411225,56,2,G1225,4,70,732,41,1,07,,7,4,,2,1,,086,06,,136,149,,,077,040,41,,072,2,,8897,4,   72,2,,3,,1959,3.0
59IN02308,1956411238,56,2,G1238,4,73,057,41,1,07,,8,4,,9,1,,086,09,,116,143,,,093,041,41,,076,3,,9142,4,   72,2,,3,,1959,3.0
59IN02309,1956411249,56,1,G1249,4,04,042,41,1,,19,5,4,,,,,,,,,,6,,,,41,0202,,,,7086,4,,5479,4,3,,1959,3.0
59IN02310,1956411253,56,2,G1253,4,12,122,41,2,05,15,,4,,1,1,,087,10,,120,143,,,090,043,41,,083,2,,9012,4,   01,9,,3,,1959,3.0
59IN02311,1956411255,56,2,G1255,4,04,042,41,1,08,18,6,4,27,1,1,,091,08,,152,156,,,099,044,41,,082,3,,7086,4,01 04,2,,3,,1959,3.0
59IN02312,1956411259,56,2,G1259,4,03,032,41,1,06,22,,4,34,1,1,,096,08,,136,165,,,097,045,41,,095,3,,9127,4,75 03,1,,3,,1959,3.0
59IN02313,1957411262,57,2,G1262,4,65,322,41,1,06,,,3,,5,1,,114,06,,128,154,,,085,050,41,,099,2,,8875,4,   26,2,,2,,1959,2.0
59IN02314,1957411267,57,2,G1267,4,67,232,41,1,06,,,3,,5,1,,108,07,,136,162,,,089,054,41,,103,4,,9461,4,   38,2,,2,,1959,2.0
59IN02315,1957411270,57,2,G1270,4,65,322,41,1,10,,,3,,5,1,,093,09,,105,129,2,,093,049,41,0924,094,3,,8875,4,    0,8,,2,,1959,2.0
59IN02316,1957411272,57,2,G1272,4,65,232,41,1,06,,,3,,5,1,,097,07,,111,146,,,084,041,41,,090,4,,9461,4,   37,2,,2,,1959,2.0
59IN02317,1957411274,57,2,G1274,4,65,332,41,1,07,,,3,,5,1,,112,07,,122,144,,,088,056,41,,105,5,,8667,4,   27,2,,2,,1959,2.0
59IN02318,1957411275,57,2,G1275,4,65,272,41,1,08,,,3,,5,1,,102,09,,127,153,,,082,053,41,,109,3,,8786,4,   38,2,,2,,1959,2.0
59IN02319,1957411276,57,2,G1276,4,66,352,41,1,08,,,3,,5,1,,099,09,,106,121,,,097,058,41,,107,5,,0089,4,   32,2,,2,,1959,2.0
59IN02320,1957411281,57,2,G1281,4,65,382,41,1,07,,,3,,5,1,,108,08,,133,,6,,081,051,41,0920,104,4,,9741,4,,,,2,,1959,2.0
59IN02321,1957411285,57,2,G1285,4,65,332,41,1,07,,,3,,5,1,,096,04,,110,137,,,088,039,41,,084,5,,8667,4,   24,2,,2,,1959,2.0
59IN02322,1957411286,57,2,G1286,4,66,302,41,1,07,,,3,,5,1,,102,06,,127,142,,,088,048,41,,089,3,,9982,4,   12,7,,2,,1959,2.0
59IN02323,1957411290,57,2,G1290,4,65,302,41,1,07,,,3,,5,1,,107,07,,128,159,2,,085,049,41,0924,095,4,,9982,4,    1,2,,2,,1959,2.0
59IN02324,1957411291,57,2,G1291,4,66,292,41,1,08,,,3,,5,1,,094,09,,119,135,,,083,046,41,,100,5,,9385,4,   40,7,,2,,1959,2.0
59IN02325,1957411295,57,2,G1295,4,66,362,41,1,06,,,3,,5,1,,123,07,,124,157,,,078,048,41,,119,3,,9501,4,   31,2,,2,,1959,2.0
59IN02326,1957411304,57,2,G1304,4,66,362,41,1,09,,,3,,5,1,,098,06,,104,136,,,079,045,41,,094,3,,9501,4,   28,2,,2,,1959,2.0
59IN02327,1957411307,57,2,G1307,4,65,232,41,1,09,,,3,,5,1,,097,06,,116,150,2,,086,042,41,0924,092,3,,9461,4,    0,8,,2,,1959,2.0
59IN02328,1957411310,57,2,G1310,4,66,322,41,1,07,,,3,,5,1,,107,07,,123,160,,,094,055,41,,102,5,,8875,4,   10,7,,2,,1959,2.0
59IN02329,1957411314,57,2,G1314,4,66,282,41,1,09,,,3,,5,1,,086,07,,100,123,,,085,041,41,,075,3,,9026,4,   11,7,,2,,1959,2.0
59IN02330,1957411316,57,2,G1316,4,66,232,41,1,08,,,3,,5,1,,103,09,,116,152,,,081,046,41,,102,3,,9461,4,   37,2,,2,,1959,2.0
59IN02331,1957411319,57,2,G1319,4,65,302,41,2,09,,,3,,5,1,,097,07,,106,127,,,084,050,41,,096,3,,9982,4,   23,2,,2,,1959,2.0
59IN02332,1957411321,57,2,G1321,4,65,272,41,1,09,,,3,,5,1,,093,09,,117,150,,,077,043,41,,090,4,,8786,4,   39,2,,2,,1959,2.0
59IN02333,1957411322,57,2,G1322,4,65,382,41,2,08,,,3,,5,1,,096,09,,112,140,,,082,064,41,,112,4,,9741,4,   33,2,,2,,1959,2.0
59IN02334,1957411323,57,2,G1323,4,65,382,41,2,09,,,3,,5,1,,090,09,,123,136,,,094,050,41,,100,5,,9741,4,   29,2,,2,,1959,2.0
59IN02335,1957411325,57,2,G1325,4,65,302,41,1,08,,,3,,5,1,,093,04,,111,135,,,079,044,41,,080,3,,9982,4,   22,2,,2,,1959,2.0
59IN02336,1957411327,57,2,G1327,4,65,312,41,1,07,,,3,,5,1,,106,09,,121,153,,,080,043,41,,097,3,,9518,4,   25,2,,2,,1959,2.0
59IN02337,1957411328,57,2,G1328,4,65,332,41,1,08,,,3,,5,1,,101,06,,104,130,,,080,040,41,,087,5,,8667,4,   26,2,,2,,1959,2.0
59IN02338,1957411329,57,2,G1329,4,65,332,41,1,09,,,3,,5,1,,102,07,,122,139,,,094,049,41,,095,5,,8667,4,   27,2,,2,,1959,2.0
59IN02339,1957411332,57,2,G1332,4,66,312,41,1,11,,,3,,5,1,,088,09,,103,120,,,091,064,41,,116,5,,9518,4,   23,2,,2,,1959,2.0
59IN02340,1957411334,57,2,G1334,4,65,382,41,1,08,,,3,,5,1,,102,08,,118,148,,,089,051,41,,100,5,,9741,4,   28,2,,2,,1959,2.0
59IN02341,1957411337,57,2,G1337,4,65,372,41,2,09,,,3,,5,1,,092,07,,106,132,,,077,043,41,,098,2,,9966,4,   31,2,,2,,1959,2.0
59IN02342,1957411341,57,2,G1341,4,66,252,41,1,06,,,3,,5,1,,092,07,,131,169,2,,078,040,41,0924,080,3,,9845,4,    1,2,,2,,1959,2.0
59IN02343,1957411342,57,2,G1342,4,66,252,41,1,06,,,3,,5,1,,096,07,,112,135,,,080,040,41,,085,4,,9845,4,   37,2,,2,,1959,2.0
59IN02344,1957411347,57,2,G1347,4,65,382,41,1,06,,,3,,5,1,,111,09,,130,162,,,089,056,41,,109,3,,9741,4,   32,2,,2,,1959,2.0
59IN02345,1957411351,57,2,G1351,4,65,252,41,1,08,,,3,,5,1,,090,07,,127,129,,,099,043,41,,094,3,,9845,4,   34,2,,2,,1959,2.0
59IN02346,1957411354,57,2,G1354,4,66,322,41,1,09,,,3,,5,1,,102,09,,128,153,,,088,061,41,,116,4,,8875,4,   24,2,,2,,1959,2.0
59IN02347,1957411359,57,2,G1359,4,65,232,41,1,08,,,3,,5,1,,093,09,,106,134,,,085,051,41,,105,3,,9461,4,   35,2,,2,,1959,2.0
59IN02348,1957411365,57,2,G1365,4,66,262,41,1,09,,,3,,5,1,,098,09,,130,136,,,094,049,41,,109,4,,9109,4,   37,2,,2,,1959,2.0
59IN02349,1957411367,57,2,G1367,4,65,282,41,1,07,,,3,,5,1,,104,09,,127,165,2,,088,061,41,0924,113,5,,9026,4,    1,2,,2,,1959,2.0
59IN02350,1957411371,57,2,G1371,4,65,262,41,1,07,,,3,,5,3,,102,07,,103,128,,,089,049,41,,090,4,,9109,4,   36,2,,2,,1959,2.0
59IN02351,1957411373,57,2,G1373,4,66,292,41,1,08,,,3,,5,1,,092,07,,94,117,,,086,061,41,,120,3,,9385,4,   14,7,,2,,1959,2.0
59IN02352,1957411380,57,2,G1380,4,66,232,41,1,10,,,3,,5,1,,086,08,,107,127,2,,071,042,41,0924,094,2,,9461,4,    1,2,,2,,1959,2.0
59IN02353,1957411388,57,2,G1388,4,66,242,41,1,09,,,3,,5,1,,092,07,,108,135,,,080,040,41,,085,3,,0827,4,   34,2,,2,,1959,2.0
59IN02354,1957411395,57,2,G1395,4,65,372,41,2,09,,,3,,5,1,,092,10,,105,143,,,088,058,41,,100,4,,9966,4,   30,2,,2,,1959,2.0
59IN02355,1957411397,57,2,G1397,4,65,342,41,1,06,,,3,,5,1,,110,09,,118,145,,,085,064,41,,118,3,,9525,4,   33,2,,2,,1959,2.0
59IN02356,1957411398,57,2,G1398,4,65,322,41,1,08,,,3,,5,1,,103,09,,116,138,,,096,052,41,,101,3,,8875,4,   24,2,,2,,1959,2.0
59IN02357,1957411399,57,2,G1399,4,65,322,41,1,08,,,3,,5,1,,098,09,,113,136,,,094,054,41,,104,5,,8875,4,   22,2,,2,,1959,2.0
59IN02358,1957411400,57,2,G1400,4,65,362,41,1,09,,,3,,5,1,,087,07,,115,137,,,089,055,41,,112,4,,9501,4,   29,2,,2,,1959,2.0
59IN02359,1957411401,57,2,G1401,4,65,382,41,1,08,,,3,,5,1,,102,09,,128,150,,,080,039,41,,098,3,,9741,4,   03,7,,2,,1959,2.0
59IN02360,1957411403,57,2,G1403,4,66,322,41,1,07,,,3,,5,1,,102,05,,128,148,,,078,044,41,,096,3,,8875,4,   23,2,,2,,1959,2.0
59IN02361,1957411405,57,2,G1405,4,65,302,41,1,07,,,3,,5,1,,107,06,,117,145,,,086,063,41,,109,5,,9982,4,   23,2,,2,,1959,2.0
59IN02362,1957411406,57,2,G1406,4,65,292,41,1,07,,,3,,5,1,,118,06,,112,150,,,094,061,41,,112,4,,9385,4,   25,2,,2,,1959,2.0
59IN02363,1957411407,57,2,G1407,4,65,262,41,1,07,,,3,,5,1,,094,09,,102,146,2,,073,041,41,0924,078,2,,9109,4,    0,8,,2,,1959,2.0
59IN02364,1957411410,57,2,G1410,4,66,332,41,1,08,,,3,,5,1,,113,08,,127,159,,,088,050,41,,100,3,,8667,4,   20,7,,2,,1959,2.0
59IN02365,1957411424,57,2,G1424,4,66,272,41,1,07,,,3,,5,1,,103,09,,116,147,,,097,060,41,,121,4,,8786,4,   39,2,,2,,1959,2.0
59IN02366,1957411430,57,2,G1430,4,02,021,41,1,08,35,,3,,1,1,,088,06,,106,,7,,090,039,41,1001,098,5,,9704,4,,,,2,,1959,2.0
59IN02367,1957411431,57,2,G1431,4,18,182,41,1,08,23,,3,,1,2,,098,07,,120,153,2,,084,056,41,0924,102,2,,9501,4,    1,2,,2,,1959,2.0
59IN02368,1957411433,57,2,G1433,4,70,732,41,2,08,,,3,,2,1,,110,05,,108,158,3,,081,047,41,1218,089,4,,9993,4,,,,2,,1959,2.0
59IN02369,1957411437,57,2,G1437,4,04,041,41,1,08,35,7,3,31,1,1,,093,09,,108,137,,,096,053,41,,103,4,,8267,4,93 04,2,,2,,1959,2.0
59IN02370,1957411439,57,2,G1439,4,03,032,41,1,07,29,,3,28,1,1,,104,05,,132,137,,,087,039,41,,077,5,,9127,4,64 03,2,,2,,1959,2.0
59IN02371,1957411440,57,1,G1440,4,18,182,41,1,,22,1,3,,,,,,,,153,168,,,,,41,,155,5,,9501,4,232,9554,4,2,,1959,2.0
59IN02372,1957411444,57,2,G1444,4,04,041,41,1,09,27,8,3,30,1,1,,110,08,,128,153,,,106,065,41,,128,5,,8267,4,45 04,2,,2,,1959,2.0
59IN02373,1957411448,57,2,G1448,4,70,712,41,1,08,,5,3,,2,1,,107,08,,125,157,,,093,054,41,,099,5,,9692,4,   73,2,,2,,1959,2.0
59IN02374,1957411449,57,2,G1449,4,17,172,41,1,09,25,,3,,1,1,,102,06,,128,143,2,,086,058,41,0924,096,3,,8667,4,    1,2,,2,,1959,2.0
59IN02375,1957411451,57,2,G1451,4,15,152,41,1,09,14,,3,23,1,1,,100,09,,104,135,,,096,063,41,,099,7,,9013,4,05 15,1,,2,,1959,2.0
59IN02376,1957411456,57,1,G1456,4,15,152,41,1,,11,5,3,,,,,,,,158,168,,,,,41,,182,6,,9013,4,245,7634,4,2,,1959,2.0
59IN02377,1957411459,57,1,G1459,4,70,712,41,1,,,1,3,,,,,,,,174,202,,,,,41,,187,5,,9692,4,248,7990,4,2,,1959,2.0
59IN02378,1957411460,57,2,G1460,4,03,032,41,1,07,10,,3,23,1,1,,113,07,,136,154,,,077,045,41,,096,2,,9127,4,86 03,1,,2,,1959,2.0
59IN02379,1957411461,57,2,G1461,4,18,182,41,1,08,23,2,3,30,1,1,,103,05,,123,138,,,084,052,41,,105,4,,9501,4,70 18,2,,2,,1959,2.0
59IN02380,1957411466,57,2,G1466,4,01,012,41,1,07,31,,3,34,1,1,,124,08,,135,163,,,100,056,41,,109,5,,9840,4,97 01,2,,2,,1959,2.0
59IN02381,1957411473,57,2,G1473,4,02,022,41,1,09,27,,3,44,1,1,,092,08,,103,124,,,100,051,41,,089,5,,9974,4,43 02,2,,2,,1959,2.0
59IN02382,1957411477,57,2,G1477,4,11,112,41,1,08,12,,3,17,1,1,,106,08,,138,160,,,097,057,41,,108,3,,8555,4,96 11,1,,2,,1959,2.0
59IN02383,1957411478,57,2,G1478,4,02,022,41,1,08,28,,3,,1,1,,084,05,,97,130,2,,093,052,41,0924,092,5,,9974,4,    1,2,,2,,1959,2.0
59IN02384,1957411479,57,2,G1479,4,70,712,41,2,07,,1,3,,2,1,,104,08,,120,141,,,088,051,41,,099,3,,9692,4,   72,2,,2,,1959,2.0
59IN02385,1957411482,57,2,G1482,4,70,712,41,1,07,,6,3,,2,1,,098,07,,138,161,,,064,038,41,,090,3,,9692,4,   73,2,,2,,1959,2.0
59IN02386,1957411485,57,2,G1485,4,01,012,41,1,07,47,,3,44,1,1,,112,10,,119,148,,,089,043,41,,089,3,,9840,4,97 01,1,,2,,1959,2.0
59IN02387,1957411490,57,1,G1490,4,18,182,41,1,,07,1,3,,,,,,13,4,164,192,2,,,,41,0924,201,3,,9501,4,236,6712,4,2,,1959,2.0
59IN02388,1957411492,57,1,G1492,4,01,012,41,1,,35,1,3,,,,,,12,M,162,193,2,,,,41,0924,147,5,,9840,4,237,6038,4,2,,1959,2.0
59IN02389,1957411497,57,2,G1497,4,70,722,41,2,07,,7,3,,2,1,,114,04,,138,160,,,087,052,41,,099,3,,8897,4,   73,2,,2,,1959,2.0
59IN02390,1957411499,57,2,G1499,4,70,732,41,2,09,,3,3,,2,1,,101,08,,108,141,,,089,057,41,,109,5,,9993,4,   71,2,,2,,1959,2.0
59IN02391,1957411504,57,2,G1504,4,70,722,41,1,08,,2,3,,2,1,,106,06,,139,162,,,095,047,41,,091,3,,8897,4,   72,2,,2,,1959,2.0
59IN02392,1957411505,57,2,G1505,4,15,152,41,1,08,15,,3,23,1,1,,103,09,,128,167,,,088,052,41,,096,4,,9013,4,21 15,2,,2,,1959,2.0
59IN02393,1957411506,57,2,G1506,4,15,152,41,1,09,15,,3,23,1,1,,093,06,,112,136,,,087,055,41,,097,4,,9013,4,26 15,1,,2,,1959,2.0
59IN02394,1957411509,57,2,G1509,4,17,172,41,1,07,25,6,3,29,1,1,,112,06,,132,148,,,077,048,41,,085,3,,8667,4,92 17,2,,2,,1959,2.0
59IN02395,1957411512,57,2,G1512,4,70,732,41,1,08,,4,3,,2,1,,104,07,,120,147,,,093,062,41,,113,3,,9993,4,   71,2,,2,,1959,2.0
59IN02396,1957411517,57,2,G1517,4,15,152,41,1,10,20,,3,24,1,1,,086,09,,116,124,,,095,049,41,,089,3,,9013,4,14 15,2,,2,,1959,2.0
59IN02397,1957411527,57,2,G1527,4,04,041,41,1,08,42,,3,,1,1,,088,09,,94,130,2,,086,045,41,0924,094,5,,8267,4,    1,2,,2,,1959,2.0
59IN02398,1957411540,57,1,G1540,4,13,132,41,1,,20,1,3,,,,,,,,162,178,,,,,41,,165,5,,9426,4,239,7889,4,2,,1959,2.0
59IN02399,1957411541,57,1,G1541,4,03,032,41,1,,23,1,3,,,,,,13,5,161,174,2,,,,41,0924,133,2,,9127,4,230,7675,4,2,,1959,2.0
59IN02400,1957411542,57,2,G1542,4,14,142,41,1,10,21,,3,29,1,1,,094,08,,122,148,,,093,054,41,,097,4,,9517,4,08 14,2,,2,,1959,2.0
59IN02401,1957411544,57,2,G1544,4,18,182,41,1,08,20,3,3,29,1,1,,106,10,,118,154,,,092,066,41,,127,4,,9501,4,73 18,2,,2,,1959,2.0
59IN02402,1957411547,57,2,G1547,4,07,071,41,1,08,27,6,3,24,1,1,,088,09,,120,130,,,088,045,41,,092,3,,0043,4,88 07,2,,2,,1959,2.0
59IN02403,1957411549,57,2,G1549,4,16,162,41,1,09,14,1,3,28,1,1,,082,08,,103,133,,,092,049,41,,097,5,,9109,4,01 16,2,,2,,1959,2.0
59IN02404,1957411550,57,2,G1550,4,12,121,41,1,10,15,,3,28,1,1,,076,09,,98,122,,,079,045,41,,089,3,,9012,4,72 12,1,,2,,1959,2.0
59IN02405,1957411551,57,2,G1551,4,12,121,41,1,11,15,,3,24,1,1,,083,09,,100,125,,,088,048,41,,096,3,,9012,4,51 12,2,,2,,1959,2.0
59IN02406,1957411554,57,2,G1554,4,14,141,41,1,10,09,,3,18,1,1,,078,09,,99,122,,,085,043,41,,083,2,,8575,4,46 14,2,,2,,1959,2.0
59IN02407,1957411559,57,2,G1559,4,70,722,41,2,07,,8,3,,2,1,,098,09,,122,162,,,087,047,41,,100,3,,8897,4,   73,2,,2,,1959,2.0
59IN02408,1957411561,57,2,G1561,4,70,712,41,1,08,,3,3,,2,1,,103,07,,131,146,,,070,045,41,,102,2,,9692,4,   72,2,,2,,1959,2.0
59IN02409,1957411568,57,2,G1568,4,16,162,41,1,09,17,2,3,29,1,1,,105,08,,128,142,,,092,053,41,,098,3,,9109,4,96 16,2,,2,,1959,2.0
59IN02410,1957411569,57,2,G1569,4,01,012,41,1,08,39,,3,35,1,1,,094,11,,126,145,,,081,039,41,,076,3,,9840,4,68 01,2,,2,,1959,2.0
59IN02411,1957411576,57,2,G1576,4,73,147,41,1,07,,5,3,,9,1,,100,09,,124,149,,,091,055,41,,102,5,,9517,4,   71,2,,2,,1959,2.0
59IN02412,1957411584,57,1,G1584,4,17,172,41,1,,25,1,3,,,,,,13,4,138,162,2,,,,41,0924,143,3,,8667,4,225,0153,4,2,,1959,2.0
59IN02413,1957411585,57,2,G1585,4,04,041,41,1,07,31,1,3,30,1,1,,091,08,,113,138,,,098,049,41,,094,5,,8267,4,51 04,2,,2,,1959,2.0
59IN02414,1957411588,57,2,G1588,4,01,012,41,1,07,37,,3,37,1,1,,104,09,,121,142,,,092,044,41,,086,3,,9840,4,70 01,1,,2,,1959,2.0
59IN02415,1957411589,57,2,G1589,4,18,182,41,1,09,06,4,3,23,1,1,,093,06,,117,123,,,099,052,41,,093,3,,9501,4,14 18,2,,2,,1959,2.0
59IN02416,1957411590,57,2,G1590,4,15,152,41,1,09,12,,3,24,1,1,,096,06,,113,138,,,082,055,41,,100,4,,9013,4,32 15,1,,2,,1959,2.0
59IN02417,1957411592,57,2,G1592,4,13,132,41,1,10,29,,3,,1,1,,085,07,,120,132,2,,086,045,41,0924,090,5,,9426,4,    1,2,,2,,1959,2.0
59IN02418,1957411594,57,2,G1594,4,18,182,41,1,09,11,5,3,25,1,1,,105,07,,114,145,,,100,051,41,,094,4,,9501,4,15 18,2,,2,,1959,2.0
59IN02419,1957411601,57,1,G1601,4,10,101,41,1,,09,1,3,,,,,,13,3,164,190,2,,,,41,0924,156,3,,8808,4,231,8493,4,2,,1959,2.0
59IN02420,1957411608,57,2,G1608,4,02,021,41,1,10,25,,3,29,1,1,,076,05,,83,108,,,095,056,41,,106,5,,9704,4,44 02,2,,2,,1959,2.0
59IN02421,1957411616,57,2,G1616,4,17,172,41,1,08,06,7,3,23,1,1,,106,04,,128,154,,,081,051,41,,097,4,,8667,4,03 17,2,,2,,1959,2.0
59IN02422,1957411623,57,2,G1623,4,12,122,41,1,08,08,,3,11,1,1,,101,07,,114,150,,,086,043,41,,086,2,,1153,4,72 12,1,,2,,1959,2.0
59IN02423,1957411624,57,2,G1624,4,12,122,41,1,09,08,,3,,1,1,,088,07,,122,159,2,,077,038,41,0924,074,2,,1153,4,    1,2,,2,,1959,2.0
59IN02424,1957411633,57,2,G1633,4,70,722,41,1,06,,4,3,,2,1,,120,04,,150,165,,,110,066,41,,127,5,,8897,4,   72,2,,2,,1959,2.0
59IN02425,1957411635,57,2,G1635,4,05,052,41,1,10,23,,3,31,1,1,,088,09,,116,140,,,091,044,41,,081,3,,0857,4,74 05,2,,2,,1959,2.0
59IN02426,1957411638,57,2,G1638,4,03,032,41,1,07,15,,3,25,1,1,,102,10,,130,161,,,077,043,41,,091,5,,9127,4,23 03,2,,2,,1959,2.0
59IN02427,1957411640,57,2,G1640,4,70,722,41,1,06,,1,3,,2,1,,121,06,,162,190,,,095,060,41,,118,5,,8897,4,   73,2,,2,,1959,2.0
59IN02428,1957411641,57,2,G1641,4,18,182,41,1,09,20,6,3,29,1,1,,093,07,,132,140,,,091,058,41,,098,4,,9501,4,73 18,2,,2,,1959,2.0
59IN02429,1957411643,57,2,G1643,4,70,722,41,1,08,,5,3,,2,1,,093,03,,122,135,,,092,040,41,,075,4,,8897,4,   72,2,,2,,1959,2.0
59IN02430,1957411644,57,2,G1644,4,15,152,41,1,08,21,,3,,1,1,,096,09,,112,140,2,,078,046,41,0924,086,4,,9013,4,    1,2,,2,,1959,2.0
59IN02431,1957411647,57,2,G1647,4,15,152,41,1,09,11,,3,24,1,1,,091,09,,113,126,,,083,057,41,,090,2,,9013,4,01 15,2,,2,,1959,2.0
59IN02432,1957411649,57,1,G1649,4,18,182,41,1,,23,1,3,,,,,,,,140,155,,,,,41,,162,3,,9501,4,231,9934,4,2,,1959,2.0
59IN02433,1957411651,57,2,G1651,4,70,732,41,1,07,,6,3,,2,1,,096,09,,110,132,,,096,044,41,,090,3,,9993,4,   71,2,,2,,1959,2.0
59IN02434,1957411653,57,2,G1653,4,73,067,41,3,07,,2,3,,9,1,,118,07,,146,159,,,088,050,41,,103,3,,0039,4,   73,2,,2,,1959,2.0
59IN02435,1957411654,57,2,G1654,4,01,012,41,1,10,42,,3,,1,1,,093,08,,112,156,2,,089,046,41,0924,090,3,,9840,4,    1,2,,2,,1959,2.0
59IN02436,1957411657,57,2,G1657,4,15,152,41,1,08,14,,3,23,1,1,,092,09,,117,141,,,083,051,41,,105,3,,9013,4,19 15,1,,2,,1959,2.0
59IN02437,1957411658,57,2,G1658,4,18,182,41,1,07,25,6,3,31,1,1,,097,08,,130,136,,,077,049,41,,095,3,,9501,4,43 18,2,,2,,1959,2.0
59IN02438,1957411662,57,2,G1662,4,09,092,41,1,10,08,,3,,1,1,,094,09,,123,154,2,,098,045,41,0924,079,4,,8609,4,    1,2,,2,,1959,2.0
59IN02439,1957411663,57,2,G1663,4,03,032,41,1,06,14,,3,24,1,1,,101,09,,136,160,,,076,042,41,,097,2,,9127,4,79 03,1,,2,,1959,2.0
59IN02440,1957411666,57,1,G1666,4,08,081,41,1,,24,1,3,,,,,,,,143,160,,,,,41,,158,6,,9534,4,220,8039,4,2,,1959,2.0
59IN02441,1957411667,57,2,G1667,4,14,142,41,1,09,14,,3,27,1,1,,083,09,,113,129,,,084,041,41,,081,3,,9517,4,48 14,2,,2,,1959,2.0
59IN02442,1957411670,57,2,G1670,4,10,102,41,2,09,04,,3,,1,1,,093,09,,128,165,2,,083,052,41,0924,103,2,,9755,4,    1,2,,2,,1959,2.0
59IN02443,1957411674,57,2,G1674,4,13,132,41,1,08,15,,3,29,1,1,,084,07,,111,139,,,088,041,41,,076,2,,9426,4,68 13,1,,2,,1959,2.0
59IN02444,1957411678,57,2,G1678,4,18,182,41,1,09,03,7,3,21,1,1,,091,09,,112,144,,,093,064,41,,108,3,,9501,4,45 18,2,,2,,1959,2.0
59IN02445,1957411679,57,2,G1679,4,08,081,41,1,10,31,7,3,33,1,1,,076,09,,97,109,,,087,047,41,,084,4,,9534,4,16 08,2,,2,,1959,2.0
59IN02446,1957411685,57,1,G1685,4,15,152,41,1,,15,1,3,,,,,,,,162,175,,,,,41,,161,4,,9013,4,239,5542,4,2,,1959,2.0
59IN02447,1957411686,57,2,G1686,4,11,112,41,2,09,06,,3,16,1,1,,086,08,,112,141,,,088,040,41,,080,2,,8555,4,10 11,2,,2,,1959,2.0
59IN02448,1957411687,57,2,G1687,4,18,182,41,1,10,14,,3,,1,1,,085,08,,115,145,2,,091,053,41,0924,111,3,,9501,4,    1,2,,2,,1959,2.0
59IN02449,1957411688,57,2,G1688,4,03,032,41,1,07,30,,3,,1,1,,098,07,,119,150,2,,084,042,41,0924,086,5,,9127,4,    1,2,,2,,1959,2.0
59IN02450,1957411696,57,2,G1696,4,01,012,41,1,09,31,,3,,1,1,,103,12,,124,162,2,,088,047,41,0924,094,3,,9840,4,    1,2,,2,,1959,2.0
59IN02451,1957411698,57,2,G1698,4,66,242,41,1,10,,,3,,5,1,,084,09,,103,123,2,,085,048,41,0924,080,4,,0827,4,    0,8,,2,,1959,2.0
59IN02452,1957411701,57,1,G1701,4,17,172,41,1,,23,1,3,,,,,,13,4,142,150,2,,,,41,0924,162,3,,8667,4,225,9770,4,2,,1959,2.0
59IN02453,1957411704,57,2,G1704,4,18,182,41,1,09,21,8,3,30,1,1,,102,07,,113,144,,,088,050,41,,100,2,,9501,4,10 18,2,,2,,1959,2.0
59IN02454,1957411705,57,2,G1705,4,70,732,41,2,07,,7,3,,2,1,,107,07,,140,151,,,089,051,41,,100,3,,9993,4,   71,2,,2,,1959,2.0
59IN02455,1957411710,57,2,G1710,4,18,182,41,1,09,18,1,3,28,1,1,,092,09,,112,144,,,090,064,41,,118,3,,9501,4,50 18,2,,2,,1959,2.0
59IN02456,1957411711,57,1,G1711,4,16,162,41,1,,21,1,3,,,,,,,,133,156,,,,,41,,142,2,,9109,4,218,6989,4,2,,1959,2.0
59IN02457,1957411715,57,2,G1715,4,73,027,41,3,06,,8,3,,9,1,,106,09,,130,154,,,085,045,41,,084,3,,9974,4,   71,2,,2,,1959,2.0
59IN02458,1957411717,57,2,G1717,4,10,102,41,1,08,10,,3,,1,1,,101,06,,111,141,3,,076,038,41,1218,086,2,,9755,4,,,,2,,1959,2.0
59IN02459,1957411720,57,2,G1720,4,73,097,41,3,08,,1,3,,9,1,,094,05,,133,155,,,091,052,41,,104,3,,8609,4,   71,2,,2,,1959,2.0
59IN02460,1957411721,57,2,G1721,4,09,092,41,1,08,04,,3,21,1,1,,103,04,,121,148,,,083,051,41,,100,5,,8609,4,88 09,2,,2,,1959,2.0
59IN02461,1957411728,57,1,G1728,4,09,092,41,1,,06,5,3,,,,,,,,185,211,,,,,41,,185,3,,8609,4,241,5253,4,2,,1959,2.0
59IN02462,1957411730,57,2,G1730,4,70,732,41,1,08,,2,3,,2,1,,106,04,,122,152,,,090,054,41,,098,3,,9993,4,   71,2,,2,,1959,2.0
59IN02463,1957411736,57,2,G1736,4,17,172,41,1,08,05,8,3,23,1,1,,103,08,,138,152,,,085,046,41,,086,3,,8667,4,05 17,2,,2,,1959,2.0
59IN02464,1957411738,57,2,G1738,4,18,182,41,1,08,04,2,3,22,1,1,,096,08,,116,140,,,079,038,41,,084,4,,9501,4,37 18,2,,2,,1959,2.0
59IN02465,1957411739,57,2,G1739,4,18,182,41,1,08,04,3,3,22,1,1,,094,06,,105,145,,,078,044,41,,090,3,,9501,4,37 18,2,,2,,1959,2.0
59IN02466,1957411741,57,2,G1741,4,06,062,41,1,08,24,,3,42,1,1,,101,07,,135,158,,,094,057,41,,112,4,,0039,4,71 06,2,,2,,1959,2.0
59IN02467,1957411743,57,1,G1743,4,70,722,41,1,,,1,3,,,,,,,,193,217,,,,,41,,190,3,,8897,4,245,8836,4,2,,1959,2.0
59IN02468,1957411744,57,1,G1744,4,10,102,41,1,,10,1,3,,,,,,,,184,232,,,,,41,,169,3,,9755,4,254,8976,4,2,,1959,2.0
59IN02469,1957411746,57,1,G1746,4,14,142,41,1,,19,1,3,,,,,,13,2,148,166,2,,,,41,0924,175,6,,9517,4,242,8680,4,2,,1959,2.0
59IN02470,1957411750,57,2,G1750,4,09,092,41,1,08,16,,3,08,1,1,,110,07,,124,155,,,091,050,41,,107,4,,8609,4,11 09,1,,2,,1959,2.0
59IN02471,1957411759,57,2,G1759,4,70,732,41,1,08,,3,3,,2,1,,096,07,,113,130,,,087,045,41,,090,2,,9993,4,   71,2,,2,,1959,2.0
59IN02472,1957411762,57,2,G1762,4,70,722,41,1,08,,3,3,,2,1,,113,06,,138,158,,,075,043,41,,089,3,,8897,4,   73,2,,2,,1959,2.0
59IN02473,1957411763,57,2,G1763,4,70,722,41,1,08,,6,3,,2,1,,108,05,,130,157,,,084,042,41,,088,2,,8897,4,   72,2,,2,,1959,2.0
59IN02474,1957411775,57,1,G1775,4,07,072,41,1,,23,4,3,,,,,,,,159,172,,,,,41,,137,5,,8715,4,240,6974,4,2,,1959,2.0
59IN02475,1957411776,57,2,G1776,4,07,072,41,1,09,23,7,3,41,1,1,,092,09,,107,137,,,096,044,41,,082,3,,8715,4,11 07,2,,2,,1959,2.0
59IN02476,1957411777,57,1,G1777,4,17,172,41,1,,19,3,3,,,,,,,,164,188,,,,,41,,164,4,,8667,4,256,6115,4,2,,1959,2.0
59IN02477,1957411783,57,1,G1783,4,18,182,41,1,,26,1,3,,,,,,,,147,160,,,,,41,,134,2,,9501,4,238,9570,4,2,,1959,2.0
59IN02478,1957411785,57,2,G1785,4,70,732,41,2,08,,,3,,2,1,,112,06,,126,165,2,,080,052,41,0924,119,3,,9993,4,    1,2,,2,,1959,2.0
59IN02479,1957411786,57,1,G1786,4,04,041,41,1,,29,1,3,,,,,,13,6,138,156,2,,,,41,0924,144,5,,8267,4,233,8622,4,2,,1959,2.0
59IN02480,1957411789,57,1,G1789,4,17,172,41,1,,30,1,3,,,,,,13,7,138,156,2,,,,41,0924,118,5,,8667,4,234,8672,4,2,,1959,2.0
59IN02481,1957411791,57,2,G1791,4,07,071,41,1,08,27,8,3,26,1,1,,093,08,,111,133,,,080,044,41,,099,3,,0043,4,36 07,2,,2,,1959,2.0
59IN02482,1957411793,57,2,G1793,4,65,242,41,1,09,,,3,,5,1,,086,09,,101,122,,,084,041,41,,084,2,,0827,4,   38,2,,2,,1959,2.0
59IN02483,1957411794,57,2,G1794,4,70,722,41,1,06,,4,3,,2,1,,103,07,,130,169,,,073,046,41,,088,3,,8897,4,   73,2,,2,,1959,2.0
59IN02484,1957411795,57,2,G1795,4,70,722,41,1,07,,5,3,,2,1,,108,06,,142,161,,,090,043,41,,087,3,,8897,4,   73,2,,2,,1959,2.0
59IN02485,1957411801,57,2,G1801,4,13,132,41,1,09,23,,3,,1,1,,094,09,,117,154,2,,106,046,41,0924,088,5,,9426,4,    1,2,,2,,1959,2.0
59IN02486,1957411804,57,1,G1804,4,17,172,41,1,,02,5,3,,,,,,,,177,200,,,,,41,,173,3,,8667,4,258,7973,4,2,,1959,2.0
59IN02487,1957411805,57,2,G1805,4,17,172,41,1,08,02,1,3,21,1,1,,107,04,,130,162,,,096,044,41,,077,5,,8667,4,46 17,2,,2,,1959,2.0
59IN02488,1957411806,57,1,G1806,4,03,032,41,1,,15,1,3,,,,,,,,168,178,,,,,41,,157,3,,9127,4,237,8027,4,2,,1959,2.0
59IN02489,1957411813,57,2,G1813,4,70,712,41,2,07,,6,3,,2,1,,102,10,,126,148,,,077,070,41,,098,3,,9692,4,   73,2,,2,,1959,2.0
59IN02490,1957411816,57,2,G1816,4,01,012,41,1,08,36,,3,37,1,1,,103,09,,123,144,,,088,044,41,,081,3,,9840,4,42 01,2,,2,,1959,2.0
59IN02491,1957411820,57,2,G1820,4,09,092,41,1,06,04,,3,10,1,1,,118,05,,126,164,,,078,050,41,,095,2,,8609,4,59 09,2,,2,,1959,2.0
59IN02492,1957411826,57,2,G1826,4,70,722,41,2,07,,7,3,,2,1,,103,08,,137,159,,,082,046,41,,102,3,,8897,4,   72,2,,2,,1959,2.0
59IN02493,1957411828,57,2,G1828,4,11,112,41,1,07,11,,3,16,1,1,,106,08,,134,155,,,090,052,41,,098,3,,8555,4,75 11,1,,2,,1959,2.0
59IN02494,1957411829,57,2,G1829,4,11,112,41,1,08,11,,3,,1,3,,089,09,,,,6,,088,041,41,0512,084,3,,8555,4,,,,2,,1959,2.0
59IN02495,1957411836,57,2,G1836,4,12,122,41,1,08,09,,3,15,1,1,,098,07,,116,158,,,097,045,41,,079,4,,1153,4,36 12,2,,2,,1959,2.0
59IN02496,1957411837,57,2,G1837,4,12,122,41,1,09,09,,3,11,1,1,,100,05,,129,149,,,095,045,41,,085,5,,1153,4,41 12,1,,2,,1959,2.0
59IN02497,1957411840,57,1,G1840,4,13,132,41,1,,16,3,3,,,,,,12,L,156,175,2,,,,41,0924,179,4,,9426,4,229,7689,4,2,,1959,2.0
59IN02498,1957411843,57,2,G1843,4,15,152,41,1,07,20,,3,,1,1,,098,09,,115,140,2,,084,042,41,0924,078,3,,9013,4,    1,2,,2,,1959,2.0
59IN02499,1957411846,57,2,G1846,4,03,032,41,1,07,16,,3,25,1,1,,104,07,,133,143,,,080,048,41,,108,3,,9127,4,89 03,2,,2,,1959,2.0
59IN02500,1957411855,57,1,G1855,4,09,092,41,1,,05,1,3,,,,,,,,186,218,,,,,41,,212,4,,8609,4,257,7652,4,2,,1959,2.0
59IN02501,1957411859,57,1,G1859,4,06,062,41,1,,21,4,3,,,,,,,,165,,2,,,,41,0924,147,4,,0039,4,253,6176,4,2,,1959,2.0
59IN02502,1957411864,57,2,G1864,4,66,322,41,1,07,,,3,,5,1,,091,07,,110,129,,,088,045,41,,088,3,,8875,4,   11,7,,2,,1959,2.0
59IN02503,1957411867,57,2,G1867,4,73,157,41,3,08,,8,3,,9,1,,113,08,,130,155,,,083,045,41,,081,2,,9013,4,   72,2,,2,,1959,2.0
59IN02504,1957411877,57,2,G1877,4,18,182,41,1,09,21,4,3,30,1,1,,098,09,,111,149,,,092,060,41,,122,5,,9501,4,25 18,2,,2,,1959,2.0
59IN02505,1957411884,57,1,G1884,4,05,052,41,1,,24,1,3,,,,,,,,133,146,3,,,,41,0801,176,4,,0857,4,211,8537,4,2,,1959,2.0
59IN02506,1957411886,57,2,G1886,4,07,071,41,1,09,27,1,3,25,1,1,,088,05,,127,135,,,090,044,41,,083,3,,0043,4,81 07,2,,2,,1959,2.0
59IN02507,1957411895,57,2,G1895,4,65,332,41,1,07,,,3,,5,1,,095,05,,112,133,,,072,037,41,,085,3,,8667,4,   25,2,,2,,1959,2.0
59IN02508,1957411903,57,2,G1903,4,04,042,41,1,09,32,2,3,35,1,1,,094,06,,111,133,,,090,043,41,,099,2,,9539,4,35 04,2,,2,,1959,2.0
59IN02509,1957411907,57,2,G1907,4,09,092,41,1,09,17,,3,,1,1,,090,08,,105,134,,,087,041,41,,081,2,,8609,4,   13,8,,2,,1959,2.0
59IN02510,1957411912,57,2,G1912,4,06,062,41,1,08,25,,3,,1,1,,082,06,,,,6,,093,041,41,0414,083,3,,0039,4,,,,2,,1959,2.0
59IN02511,1957411914,57,2,G1914,4,70,732,41,1,07,,4,3,,2,1,,101,07,,120,143,,,092,053,41,,097,5,,9993,4,   71,2,,2,,1959,2.0
59IN02512,1957411916,57,2,G1916,4,70,722,41,1,09,,1,3,,2,1,,092,07,,122,145,,,084,045,41,,083,3,,8897,4,   72,2,,2,,1959,2.0
59IN02513,1957411917,57,2,G1917,4,12,121,41,1,08,12,,3,12,1,1,,103,07,,135,144,,,092,049,41,,088,3,,9012,4,51 12,2,,2,,1959,2.0
59IN02514,1957411918,57,2,G1918,4,12,121,41,1,09,12,,3,,1,1,,097,09,,113,150,,,097,047,41,,094,4,,9012,4,   03,8,,2,,1959,2.0
59IN02515,1957411923,57,2,G1923,4,11,112,41,2,07,10,,3,,1,1,,102,10,,,,6,,093,048,41,0512,093,3,,8555,4,,,,2,,1959,2.0
59IN02516,1957411928,57,2,G1928,4,66,342,41,1,08,,,3,,5,1,,101,08,,104,154,,,093,036,41,,075,4,,9525,4,   30,2,,2,,1959,2.0
59IN02517,1957411929,57,1,G1929,4,12,121,41,1,,12,1,3,,,,,,13,7,153,172,2,,,,41,0924,196,5,,9012,4,237,9872,4,2,,1959,2.0
59IN02518,1957411932,57,2,G1932,4,03,032,41,1,08,32,,3,,1,1,,089,08,,126,145,2,,086,045,41,0924,090,4,,9127,4,    1,2,,2,,1959,2.0
59IN02519,1957411938,57,2,G1938,4,16,162,41,1,08,19,3,3,30,1,1,,084,10,,103,124,,,092,047,41,,091,3,,9109,4,09 16,2,,2,,1959,2.0
59IN02520,1957411940,57,2,G1940,4,14,141,41,1,11,19,,3,21,1,1,,084,10,,106,123,,,088,050,41,,093,5,,8575,4,47 14,2,,2,,1959,2.0
59IN02521,1957411943,57,1,G1943,4,16,162,41,1,,34,5,3,,,,,,13,5,117,138,2,,,,41,0924,141,8,,9109,4,220,4882,4,2,,1959,2.0
59IN02522,1957411944,57,2,G1944,4,15,152,41,1,09,09,,3,,1,1,,082,09,,122,117,,,091,045,41,,079,3,,9013,4,   11,8,,2,,1959,2.0
59IN02523,1957411950,57,2,G1950,4,17,172,41,1,07,03,2,3,21,1,1,,120,05,,135,165,,,091,046,41,,093,2,,8667,4,72 17,2,,2,,1959,2.0
59IN02524,1957411952,57,2,G1952,4,10,101,41,1,07,12,,3,,1,1,,093,09,,128,149,,,076,043,41,,089,2,,8808,4,   01,8,,2,,1959,2.0
59IN02525,1957411960,57,2,G1960,4,14,142,41,1,09,14,,3,,1,1,,088,09,,112,146,2,,096,049,41,0924,086,3,,9517,4,    0,8,,2,,1959,2.0
59IN02526,1957411962,57,2,G1962,4,15,152,41,1,09,14,,3,23,1,1,,104,09,,101,125,,,077,045,41,,086,3,,9013,4,88 15,2,,2,,1959,2.0
59IN02527,1957411970,57,1,G1970,4,17,172,41,1,,19,5,3,,,,,,,,152,166,,,,,41,,188,3,,8667,4,245,6003,4,2,,1959,2.0
59IN02528,1957411973,57,2,G1973,4,09,092,41,1,08,04,,3,18,1,1,,117,07,,134,148,,,100,055,41,,115,3,,8609,4,76 09,1,,2,,1959,2.0
59IN02529,1957411976,57,2,G1976,4,06,062,41,1,10,30,,3,45,1,1,,074,07,,112,143,,,095,049,41,,090,4,,0039,4,92 06,2,,2,,1959,2.0
59IN02530,1957411977,57,1,G1977,4,06,062,41,1,,30,5,3,,,,,,13,5,145,172,2,,,,41,0924,165,3,,0039,4,241,7554,4,2,,1959,2.0
59IN02531,1957411978,57,2,G1978,4,73,087,41,3,07,,2,3,,9,1,,112,09,,127,161,,,086,054,41,,106,3,,9634,4,   72,2,,2,,1959,2.0
59IN02532,1957411983,57,2,G1983,4,05,052,41,1,12,23,,3,32,1,1,,074,09,,118,130,,,082,038,41,,081,2,,0857,4,41 05,2,,2,,1959,2.0
59IN02533,1957411984,57,2,G1984,4,70,722,41,1,06,,7,3,,2,1,,108,09,,137,142,,,088,047,41,,083,3,,8897,4,   73,2,,2,,1959,2.0
59IN02534,1957411989,57,2,G1989,4,70,732,41,1,10,,5,3,,2,1,,098,06,,118,143,,,084,063,41,,096,2,,9993,4,   71,2,,2,,1959,2.0
59IN02535,1957411991,57,2,G1991,4,10,101,41,1,09,02,,3,10,1,1,,091,10,,111,128,,,085,042,41,,089,3,,8808,4,68 10,1,,2,,1959,2.0
59IN02536,1957412003,57,2,G2003,4,08,082,41,1,10,19,8,3,23,1,1,,090,09,,106,125,,,097,055,41,,096,5,,9634,4,52 08,2,,2,,1959,2.0
59IN02537,1957412007,57,2,G2007,4,18,182,41,1,10,22,5,3,30,1,1,,088,10,,115,129,,,090,055,41,,102,3,,9501,4,87 18,2,,2,,1959,2.0
59IN02538,1957412012,57,2,G2012,4,12,121,41,1,08,11,,3,,1,1,,087,09,,126,140,2,,081,040,41,0924,085,3,,9012,4,    1,2,,2,,1959,2.0
59IN02539,1957412020,57,1,G2020,4,70,722,41,3,,,1,3,,,,,,,,186,213,,,,,41,,156,2,,8897,4,247,9057,4,2,,1959,2.0
59IN02540,1957412021,57,1,G2021,4,08,081,41,1,,21,1,3,,,,,,,,155,168,,,,,41,,188,8,,9534,4,224,8738,4,2,,1959,2.0
59IN02541,1957412024,57,1,G2024,4,16,162,41,1,,18,1,3,,,,,,,,131,148,,,,,41,,154,5,,9109,4,210,9487,4,2,,1959,2.0
59IN02542,1957412026,57,2,G2026,4,65,322,41,2,07,,,3,,5,1,,092,08,,,,6,,083,038,41,0514,073,2,,8875,4,,,,2,,1959,2.0
59IN02543,1957412027,57,2,G2027,4,04,041,41,1,08,25,3,3,37,1,1,,095,09,,100,116,,,090,043,41,,086,2,,8267,4,92 04,2,,2,,1959,2.0
59IN02544,1957412031,57,2,G2031,4,14,142,41,1,09,21,,3,29,1,1,,089,05,,97,121,,,089,044,41,,088,5,,9517,4,82 14,2,,2,,1959,2.0
59IN02545,1957412035,57,2,G2035,4,01,012,41,1,09,37,,3,37,1,1,,102,12,,113,138,,,084,039,41,,087,4,,9840,4,70 01,1,,2,,1959,2.0
59IN02546,1957412041,57,2,G2041,4,66,242,41,1,07,,,3,,5,1,,092,09,,116,145,,,077,039,41,,072,3,,0827,4,   36,2,,2,,1959,2.0
59IN02547,1957412043,57,2,G2043,4,18,182,41,1,08,19,6,3,29,1,1,,094,10,,126,152,,,092,056,41,,102,3,,9501,4,32 18,2,,2,,1959,2.0
59IN02548,1957412044,57,2,G2044,4,13,132,41,1,09,23,,3,30,1,1,,083,04,,94,122,,,094,044,41,,088,5,,9426,4,61 13,2,,2,,1959,2.0
59IN02549,1957412046,57,2,G2046,4,13,132,41,2,10,13,,3,28,1,1,,088,10,,116,130,,,086,048,41,,098,3,,9426,4,08 13,1,,2,,1959,2.0
59IN02550,1957412052,57,2,G2052,4,70,722,41,2,08,,3,3,,2,1,,097,08,,136,172,,,078,042,41,,073,2,,8897,4,   72,2,,2,,1959,2.0
59IN02551,1957412053,57,2,G2053,4,09,092,41,1,07,04,,3,,1,1,,103,07,,133,150,2,,081,037,41,0924,077,3,,8609,4,    0,8,,2,,1959,2.0
59IN02552,1957412055,57,1,G2055,4,16,162,41,1,,16,5,3,,,,,,13,2,131,157,2,,,,41,0924,119,6,,9109,4,214,5958,4,2,,1959,2.0
59IN02553,1957412056,57,1,G2056,4,07,071,41,1,,28,1,3,,,,,,,,153,179,3,,,,41,1221,156,4,,0043,4,248,9955,4,2,,1959,2.0
59IN02554,1957412057,57,2,G2057,4,70,732,41,2,08,,6,3,,2,1,,100,07,,112,138,,,085,047,41,,082,2,,9993,4,   71,2,,2,,1959,2.0
59IN02555,1957412059,57,1,G2059,4,02,022,41,1,,26,5,3,,,,,,,,138,157,,,,,41,,146,4,,9974,4,228,5420,4,2,,1959,2.0
59IN02556,1957412061,57,2,G2061,4,13,132,41,1,10,22,,3,38,1,1,,094,09,,111,140,,,090,053,41,,098,4,,9426,4,51 13,2,,2,,1959,2.0
59IN02557,1957412071,57,2,G2071,4,70,722,41,1,09,,8,3,,2,1,,103,08,,126,148,,,090,046,41,,095,4,,8897,4,   73,2,,2,,1959,2.0
59IN02558,1957412073,57,2,G2073,4,16,162,41,1,09,19,,3,,1,1,,081,07,,108,142,2,,082,041,41,0924,077,3,,9109,4,    1,2,,2,,1959,2.0
59IN02559,1957412074,57,1,G2074,4,17,172,41,1,,08,5,3,,,,,,13,3,166,176,2,,,,41,0924,163,4,,8667,4,240,6825,4,2,,1959,2.0
59IN02560,1957412075,57,2,G2075,4,17,172,41,1,09,08,3,3,23,1,1,,102,07,,108,141,,,078,045,41,,083,3,,8667,4,81 17,2,,2,,1959,2.0
59IN02561,1957412078,57,2,G2078,4,70,732,41,1,07,,7,3,,2,1,,106,05,,132,162,,,086,050,41,,097,5,,9993,4,   71,2,,2,,1959,2.0
59IN02562,1957412082,57,2,G2082,4,17,172,41,1,09,03,4,3,22,1,1,,103,08,,115,141,,,092,051,41,,090,3,,8667,4,06 17,2,,2,,1959,2.0
59IN02563,1957412086,57,2,G2086,4,08,081,41,1,09,29,1,3,32,1,1,,083,09,,99,123,,,088,054,41,,103,4,,9534,4,56 08,2,,2,,1959,2.0
59IN02564,1957412089,57,2,G2089,4,65,262,41,1,07,,,3,,5,1,,108,08,,101,140,,,075,048,41,,079,3,,9109,4,   20,7,,2,,1959,2.0
59IN02565,1957412091,57,2,G2091,4,16,162,41,1,10,20,4,3,30,1,1,,088,09,,109,140,,,093,051,41,,094,3,,9109,4,71 16,2,,2,,1959,2.0
59IN02566,1957412092,57,2,G2092,4,10,102,41,1,08,09,,3,20,1,1,,108,07,,132,151,,,072,043,41,,088,2,,9755,4,94 10,2,,2,,1959,2.0
59IN02567,1957412098,57,2,G2098,4,70,712,41,1,08,,,3,,2,1,,102,08,,124,,6,,080,046,41,0920,089,3,,9692,4,,,,2,,1959,2.0
59IN02568,1957412099,57,2,G2099,4,17,172,41,1,09,02,5,3,21,1,1,,104,09,,135,147,,,080,049,41,,086,2,,8667,4,34 17,2,,2,,1959,2.0
59IN02569,1957412102,57,2,G2102,4,70,722,41,2,08,,4,3,,2,1,,112,09,,126,147,,,089,046,41,,106,3,,8897,4,   72,2,,2,,1959,2.0
59IN02570,1957412106,57,2,G2106,4,15,152,41,1,10,11,,3,,1,1,,084,06,,94,129,2,,088,060,41,0924,102,4,,9013,4,    1,2,,2,,1959,2.0
59IN02571,1957412107,57,1,G2107,4,18,182,41,1,,11,3,3,,,,,,13,7,117,174,2,,,,41,0924,182,5,,9501,4,214,7817,4,2,,1959,2.0
59IN02572,1957412108,57,2,G2108,4,18,182,41,1,08,11,7,3,25,1,1,,104,08,,123,153,,,091,056,41,,101,3,,9501,4,10 18,2,,2,,1959,2.0
59IN02573,1957412111,57,2,G2111,4,17,172,41,1,08,22,,3,,1,1,,098,06,,111,148,2,,082,038,41,0924,079,3,,8667,4,    1,2,,2,,1959,2.0
59IN02574,1957412121,57,2,G2121,4,10,102,41,1,08,04,,3,,1,1,,106,08,,133,150,,,075,042,41,,095,3,,9755,4,   13,9,,2,,1959,2.0
59IN02575,1957412122,57,1,G2122,4,18,182,41,1,,06,5,3,,,,,,,,162,186,,,,,41,,177,5,,9501,4,237,7641,4,2,,1959,2.0
59IN02576,1957412123,57,2,G2123,4,18,182,41,1,08,06,8,3,23,1,1,,088,09,,122,148,,,090,044,41,,095,3,,9501,4,14 18,2,,2,,1959,2.0
59IN02577,1957412132,57,2,G2132,4,03,032,41,1,09,14,,3,,1,1,,098,06,,116,154,2,,097,035,41,0924,088,5,,9127,4,    1,2,,2,,1959,2.0
59IN02578,1957412138,57,2,G2138,4,70,722,41,1,07,,1,3,,2,1,,098,07,,113,137,,,084,039,41,,093,3,,8897,4,   73,2,,2,,1959,2.0
59IN02579,1957412143,57,2,G2143,4,08,081,41,1,09,23,2,3,,1,1,,097,09,,112,129,,,087,050,41,,097,3,,9534,4,   00,0,,2,,1959,2.0
59IN02580,1957412144,57,1,G2144,4,11,112,41,1,,12,5,3,,,,,,13,3,148,176,2,,,,41,0924,213,4,,8555,4,226,7625,4,2,,1959,2.0
59IN02581,1957412149,57,2,G2149,4,07,072,41,1,09,31,,3,,1,1,,084,07,,102,114,3,,099,045,41,1221,083,5,,8715,4,,,,2,,1959,2.0
59IN02582,1957412150,57,2,G2150,4,18,182,41,1,10,19,1,3,29,1,1,,086,09,,101,114,,,098,051,41,,089,4,,9501,4,32 18,2,,2,,1959,2.0
59IN02583,1957412151,57,2,G2151,4,70,712,41,1,07,,,3,,2,1,,098,09,,114,130,3,,078,041,41,1218,088,3,,9692,4,,,,2,,1959,2.0
59IN02584,1957412152,57,2,G2152,4,70,712,41,2,08,,5,3,,2,1,,098,06,,121,144,,,084,046,41,,083,3,,9692,4,   72,2,,2,,1959,2.0
59IN02585,1957412156,57,1,G2156,4,10,102,41,3,,11,1,3,,,,,,,,160,188,,,,,41,,161,3,,9755,4,235,7797,4,2,,1959,2.0
59IN02586,1957412159,57,1,G2159,4,13,132,41,1,,26,3,3,,,,,,,,156,183,,,,,41,,173,6,,9426,4,245,8330,4,2,,1959,2.0
59IN02587,1957412160,57,2,G2160,4,13,132,41,1,10,26,,3,41,1,1,,087,09,,110,135,,,088,042,41,,081,2,,9426,4,08 13,1,,2,,1959,2.0
59IN02588,1957412165,57,2,G2165,4,09,092,41,1,11,06,,3,,1,1,,078,09,,122,133,2,,085,041,41,0924,080,3,,8609,4,    0,8,,2,,1959,2.0
59IN02589,1957412168,57,2,G2168,4,06,062,41,1,08,29,,3,45,1,1,,097,06,,120,145,,,089,044,41,,094,4,,0039,4,40 06,2,,2,,1959,2.0
59IN02590,1957412172,57,1,G2172,4,16,162,41,1,,16,3,3,,,,,,13,5,142,146,2,,,,41,0924,148,3,,9109,4,212,7419,4,2,,1959,2.0
59IN02591,1957412174,57,2,G2174,4,05,052,41,1,11,20,,3,29,1,1,,077,11,,108,138,,,086,042,41,,079,3,,0857,4,99 05,2,,2,,1959,2.0
59IN02592,1957412175,57,2,G2175,4,18,182,41,1,11,22,2,3,30,1,1,,077,09,,117,134,,,089,052,41,,085,3,,9501,4,29 18,2,,2,,1959,2.0
59IN02593,1957412182,57,1,G2182,4,70,722,41,1,,,1,3,,,,,,,,180,205,,,,,41,,172,2,,8897,4,241,7383,4,2,,1959,2.0
59IN02594,1957412185,57,1,G2185,4,16,162,41,1,,15,1,3,,,,,,,,133,151,,,,,41,,143,3,,9109,4,212,9488,4,2,,1959,2.0
59IN02595,1957412187,57,1,G2187,4,16,162,41,1,,26,1,3,,,,,,,,131,156,,,,,41,,136,4,,9109,4,219,9076,4,2,,1959,2.0
59IN02596,1957412189,57,2,G2189,4,09,092,41,1,09,16,,3,23,1,1,,091,09,,98,135,,,092,040,41,,082,5,,8609,4,64 09,2,,2,,1959,2.0
59IN02597,1957412193,57,1,G2193,4,08,081,41,1,,19,1,3,,,,,,,,166,188,,,,,41,,188,7,,9534,4,235,5723,4,2,,1959,2.0
59IN02598,1957412194,57,2,G2194,4,70,732,41,1,08,,8,3,,2,1,,106,06,,133,152,,,082,040,41,,085,2,,9993,4,   71,2,,2,,1959,2.0
59IN02599,1957412195,57,2,G2195,4,70,732,41,1,10,,1,3,,2,1,,099,09,,127,125,,,084,042,41,,082,3,,9993,4,   71,2,,2,,1959,2.0
59IN02600,1957412202,57,1,G2202,4,14,141,41,1,,27,5,3,,,,,,13,4,140,160,2,,,,41,0924,161,4,,8575,4,223,8939,4,2,,1959,2.0
59IN02601,1957412204,57,2,G2204,4,73,127,41,1,08,,6,3,,9,1,,118,08,,135,168,,,093,055,41,,118,5,,1153,4,   72,2,,2,,1959,2.0
59IN02602,1957412205,57,2,G2205,4,08,082,41,1,08,21,3,3,22,1,1,,095,09,,113,129,,,082,042,41,,079,3,,9634,4,46 08,2,,2,,1959,2.0
59IN02603,1957412215,57,1,G2215,4,06,062,41,1,,26,1,3,,,,,,,,153,173,,,,,41,,158,5,,0039,4,248,5763,4,2,,1959,2.0
59IN02604,1957412218,57,2,G2218,4,15,152,41,1,10,22,,3,,1,1,,094,08,,112,135,,,083,050,41,,084,3,,9013,4,   01,9,,2,,1959,2.0
59IN02605,1957412225,57,2,G2225,4,18,182,41,1,10,35,3,3,34,1,1,,090,08,,102,124,,,083,054,41,,098,3,,9501,4,23 18,2,,2,,1959,2.0
59IN02606,1957412234,57,2,G2234,4,04,042,41,1,09,34,,3,,1,1,,089,09,,114,146,2,,096,047,41,0924,088,5,,9539,4,    1,2,,2,,1959,2.0
59IN02607,1957412235,57,2,G2235,4,12,121,41,1,10,12,,3,28,1,1,,093,09,,118,150,,,089,052,41,,104,2,,9012,4,39 12,1,,2,,1959,2.0
59IN02608,1957412237,57,2,G2237,4,18,182,41,1,09,29,4,3,32,1,1,,084,10,,108,135,,,082,050,41,,093,3,,9501,4,66 18,2,,2,,1959,2.0
59IN02609,1957412238,57,2,G2238,4,12,122,41,1,07,08,,3,,1,1,,091,09,,121,143,,,084,038,41,,080,2,,1153,4,   03,9,,2,,1959,2.0
59IN02610,1957412243,57,2,G2243,4,02,021,41,1,09,28,,3,30,1,1,,079,07,,97,113,,,088,042,41,,086,3,,9704,4,50 02,2,,2,,1959,2.0
59IN02611,1957412247,57,2,G2247,4,10,101,41,1,07,08,,3,,1,1,,111,09,,148,168,2,,080,041,41,0924,072,2,,8808,4,    1,2,,2,,1959,2.0
59IN02612,1957412250,57,2,G2250,4,17,172,41,1,07,13,6,3,25,1,1,,116,05,,140,159,,,084,066,41,,089,3,,8667,4,02 17,2,,2,,1959,2.0
59IN02613,1957412253,57,2,G2253,4,70,712,41,2,08,,2,3,,2,1,,116,07,,139,160,,,069,036,41,,074,2,,9692,4,   73,2,,2,,1959,2.0
59IN02614,1957412255,57,2,G2255,4,70,712,41,1,08,,7,3,,2,1,,094,09,,115,129,,,072,046,41,,093,3,,9692,4,   72,2,,2,,1959,2.0
59IN02615,1957412260,57,2,G2260,4,09,092,41,1,09,05,,3,,1,1,,096,05,,127,161,,,083,042,41,,077,2,,8609,4,   11,9,,2,,1959,2.0
59IN02616,1957412261,57,2,G2261,4,18,182,41,1,09,22,5,3,31,1,1,,096,09,,126,150,,,087,050,41,,092,3,,9501,4,53 18,2,,2,,1959,2.0
59IN02617,1957412263,57,2,G2263,4,73,047,41,1,08,,,3,,9,1,,103,08,,128,,6,,085,047,41,0920,091,4,,9539,4,,,,2,,1959,2.0
59IN02618,1958412272,58,2,G2272,4,67,232,41,,08,,,2,,5,3,  2,083,05,,83,110,,,104,041,41,,112,5,,0663,4,   02,7,,1,,1959,1.0
59IN02619,1958412273,58,2,G2273,4,66,282,41,,05,,,2,,5,1,  2,111,09,,111,122,,,090,047,41,,109,5,,0556,4,   24,2,,1,,1959,1.0
59IN02620,1958412275,58,1,G2275,4,66,332,41,,,,1,2,,,,,, 9,9,138,151,2,,,,41,0924,115,4,,8875,4,230,0258,4,1,,1959,1.0
59IN02621,1958412276,58,2,G2276,4,66,322,41,,06,,,2,,5,1,  2,106,05,,106,134,,,104,046,41,,110,4,,9612,4,   23,2,,1,,1959,1.0
59IN02622,1958412277,58,1,G2277,4,66,322,41,,,,5,2,,,,,, 8,8,131,152,2,,,,41,0924,142,3,,9612,4,226,8202,4,1,,1959,1.0
59IN02623,1958412281,58,2,G2281,4,65,352,41,,07,,7,2,,5,1,  2,092,09,,92,120,,,091,068,41,,138,5,,0083,4,   04,7,,1,,1959,1.0
59IN02624,1958412283,58,2,G2283,4,66,392,41,,07,,,2,,5,1,  2,104,09,,104,132,,,080,062,41,,139,3,,9741,4,   28,2,,1,,1959,1.0
59IN02625,1958412287,58,2,G2287,4,66,282,41,,07,,,2,,5,1,  2,093,04,,93,123,,,097,048,41,,100,3,,0556,4,   22,2,,1,,1959,1.0
59IN02626,1958412289,58,1,G2289,4,65,332,41,,,,1,2,,,,,, 9,6,137,170,2,,,,41,0924,127,5,,8875,4,227,6725,4,1,,1959,1.0
59IN02627,1958412292,58,1,G2292,4,66,242,41,,,,1,2,,,,,,,,136,151,2,,,,41,0924,115,5,,0973,4,224,0202,4,1,,1959,1.0
59IN02628,1958412294,58,2,G2294,4,67,242,41,,07,,,2,,5,1,  4,091,05,,91,125,,,099,045,41,,106,4,,0973,4,   05,7,,1,,1959,1.0
59IN02629,1958412295,58,2,G2295,4,66,262,41,,07,,,2,,5,1,  2,102,06,,102,134,,,096,053,41,,126,5,,9109,4,   39,2,,1,,1959,1.0
59IN02630,1958412296,58,1,G2296,4,66,242,41,,,,4,2,,,,,,12,Q,127,155,2,,,,41,0924,106,3,,0973,4,233,0233,4,1,,1959,1.0
59IN02631,1958412301,58,2,G2301,4,65,332,41,,08,,,2,,5,1,  2,102,04,,102,138,,,097,045,41,,149,4,,8875,4,   22,2,,1,,1959,1.0
59IN02632,1958412303,58,1,G2303,4,66,252,41,,,,5,2,,,,,,,,122,119,3,,,,41,0801,116,5,,0965,4,230,0281,4,1,,1959,1.0
59IN02633,1958412305,58,2,G2305,4,66,322,41,,06,,,2,,5,1,  2,100,06,,100,128,,,102,057,41,,105,5,,9612,4,   25,2,,1,,1959,1.0
59IN02634,1958412309,58,1,G2309,4,65,392,41,,,,3,2,,,,,,,,126,148,3,,,,41,0801,145,4,,9741,4,220,8126,4,1,,1959,1.0
59IN02635,1958412311,58,2,G2311,4,65,302,41,,06,,,2,,5,1,  2,097,09,,97,127,,,091,054,41,,147,5,,1093,4,   25,2,,1,,1959,1.0
59IN02636,1958412313,58,1,G2313,4,65,362,41,,,,5,2,,,,,,12,8,142,154,2,,,,41,0924,106,3,,9965,4,238,7148,4,1,,1959,1.0
59IN02637,1958412314,58,2,G2314,4,66,232,41,,,,,2,,5,1,,063,08,,63,,6,,096,045,41,0920,111,3,,0663,4,,,,1,,1959,1.0
59IN02638,1958412315,58,2,G2315,4,66,232,41,,08,,,2,,5,1,  2,100,08,,100,135,,,099,046,41,,121,3,,0663,4,   34,2,,1,,1959,1.0
59IN02639,1958412317,58,2,G2317,4,65,302,41,,06,,,2,,5,1,  2,087,06,,87,118,,,094,047,41,,130,5,,1093,4,   26,2,,1,,1959,1.0
59IN02640,1958412319,58,2,G2319,4,67,252,41,,06,,,2,,5,1,  2,103,06,,103,130,,,100,056,41,,150,5,,,,   12,7,,1,,1959,1.0
59IN02641,1958412320,58,1,G2320,4,65,292,41,,,,5,2,,,,,,12,8,118,145,2,,,,41,0924,102,2,,0892,4,226,7140,4,1,,1959,1.0
59IN02642,1958412322,58,1,G2322,4,65,232,41,,,,1,2,,,,,,10,7,145,173,2,,,,41,0924,136,6,,0663,4,245,6866,4,1,,1959,1.0
59IN02643,1958412327,58,2,G2327,4,66,312,41,,07,,,2,,5,1,  2,089,08,,89,120,,,094,051,41,,122,5,,9930,4,   26,2,,1,,1959,1.0
59IN02644,1958412328,58,1,G2328,4,66,312,41,,,,5,2,,,,,,11,2,129,145,2,,,,41,0924,114,4,,9930,4,236,9293,4,1,,1959,1.0
59IN02645,1958412330,58,2,G2330,4,65,222,41,,08,,,2,,5,1,  2,102,08,,102,125,,,097,060,41,,124,5,,0822,4,   09,7,,1,,1959,1.0
59IN02646,1958412331,58,2,G2331,4,65,252,41,,07,,,2,,5,1,  1,090,12,,90,127,,,102,058,41,,118,5,,0965,4,   05,7,,1,,1959,1.0
59IN02647,1958412334,58,2,G2334,4,66,332,41,,10,,,2,,5,1,  2,083,09,,83,113,2,,086,047,41,0924,100,3,,8875,4,    1,1,,1,,1959,1.0
59IN02648,1958412335,58,2,G2335,4,66,332,41,,08,,,2,,5,1,  2,094,08,,94,135,,,088,047,41,,110,4,,8875,4,   27,2,,1,,1959,1.0
59IN02649,1958412336,58,2,G2336,4,66,322,41,,,,,2,,5,2,,113,07,,113,150,2,,098,057,41,0924,124,3,,9612,4,    9,0,,1,,1959,1.0
59IN02650,1958412339,58,2,G2339,4,66,252,41,,06,,,2,,5,1,  1,100,07,,100,141,,,095,044,41,,132,5,,0965,4,   35,2,,1,,1959,1.0
59IN02651,1958412341,58,1,G2341,4,65,332,41,,,,1,2,,,,,,12,8,135,157,2,,,,41,0924,132,2,,8875,4,229,6056,4,1,,1959,1.0
59IN02652,1958412345,58,2,G2345,4,65,312,41,,08,,,2,,5,1,  2,089,10,,89,122,,,085,042,41,,089,2,,9930,4,   06,7,,1,,1959,1.0
59IN02653,1958412347,58,2,G2347,4,65,382,41,,07,,,2,,5,1,  1,082,09,,82,119,,,112,068,41,,121,5,,1179,4,   28,2,,1,,1959,1.0
59IN02654,1958412348,58,1,G2348,4,67,262,41,,,,1,2,,,,,,,,128,153,3,,,,41,0801,143,6,,9109,4,222,0383,4,1,,1959,1.0
59IN02655,1958412349,58,2,G2349,4,65,232,41,,06,,,2,,5,1,  2,091,07,,91,128,,,094,043,41,,102,5,,0663,4,   35,2,,1,,1959,1.0
59IN02656,1958412350,58,2,G2350,4,65,232,41,,06,,,2,,5,1,  2,100,07,,100,127,,,099,053,41,,123,5,,0663,4,   36,2,,1,,1959,1.0
59IN02657,1958412351,58,2,G2351,4,66,382,41,,08,,,2,,5,1,  2,106,09,,106,132,,,125,078,41,,179,7,,1179,4,   31,2,,1,,1959,1.0
59IN02658,1958412352,58,1,G2352,4,66,302,41,,,,1,2,,,,,,13,1,140,144,2,,,,41,0924,129,5,,1093,4,227,9228,4,1,,1959,1.0
59IN02659,1958412356,58,1,G2356,4,65,342,41,,,,5,2,,,,,,12,9,118,149,2,,,,41,0924,106,3,,0725,4,217,9390,4,1,,1959,1.0
59IN02660,1958412357,58,2,G2357,4,65,342,41,,07,,,2,,5,1,  2,094,09,,94,123,,,093,046,41,,135,4,,0725,4,   30,2,,1,,1959,1.0
59IN02661,1958412365,58,2,G2365,4,66,302,41,,07,,,2,,5,1,  2,086,09,,86,116,,,105,049,41,,120,5,,1093,4,   21,7,,1,,1959,1.0
59IN02662,1958412367,58,2,G2367,4,65,292,41,,07,,7,2,,5,1,  2,093,09,,93,121,,,082,035,41,,113,2,,0892,4,   08,7,,1,,1959,1.0
59IN02663,1958412372,58,2,G2372,4,65,342,41,,07,,,2,,5,1,  2,084,08,,84,120,,,091,046,41,,113,5,,0725,4,   33,2,,1,,1959,1.0
59IN02664,1958412374,58,2,G2374,4,65,282,41,,08,,,2,,5,1,  1,101,08,,101,136,,,095,055,41,,136,5,,0556,4,   02,7,,1,,1959,1.0
59IN02665,1958412376,58,2,G2376,4,66,312,41,,07,,,2,,5,1,  2,103,08,,103,145,,,103,060,41,,140,7,,9930,4,   15,7,,1,,1959,1.0
59IN02666,1958412377,58,2,G2377,4,65,372,41,,08,,,2,,5,1,  1,090,09,,90,124,,,098,047,41,,116,3,,1221,4,   29,2,,1,,1959,1.0
59IN02667,1958412378,58,2,G2378,4,65,372,41,,08,,,2,,5,1,  2,089,09,,89,120,,,095,048,41,,118,4,,1221,4,   01,7,,1,,1959,1.0
59IN02668,1958412389,58,1,G2389,4,65,232,41,,,,5,2,,,,,,12,8,122,144,2,,,,41,0924,115,3,,0663,4,215,8153,4,1,,1959,1.0
59IN02669,1958412391,58,2,G2391,4,65,282,41,,07,,,2,,5,1,  4,108,09,,108,134,,,096,046,41,,125,5,,0556,4,   39,2,,1,,1959,1.0
59IN02670,1958412392,58,2,G2392,4,65,352,41,,07,,3,2,,5,1,  2,088,07,,88,114,,,104,045,41,,122,5,,0083,4,   07,7,,1,,1959,1.0
59IN02671,1958412393,58,1,G2393,4,66,352,41,,,,1,2,,,,,,,,108,137,3,,,,41,0801,097,2,,0083,4,215,0348,4,1,,1959,1.0
59IN02672,1958412402,58,2,G2402,4,65,262,41,,07,,,2,,5,1,  2,103,08,,103,130,,,089,047,41,,101,3,,9109,4,   21,7,,1,,1959,1.0
59IN02673,1958412403,58,2,G2403,4,65,262,41,,06,,,2,,5,1,  4,101,08,,101,136,,,090,048,41,,112,2,,9109,4,   34,2,,1,,1959,1.0
59IN02674,1958412404,58,2,G2404,4,65,272,41,,07,,,2,,5,1,  2,098,09,,98,133,,,085,043,41,,128,4,,7843,4,   36,2,,1,,1959,1.0
59IN02675,1958412405,58,1,G2405,4,65,272,41,,,,5,2,,,,,,13,1,133,142,2,,,,41,0924,113,4,,7843,4,211,6769,4,1,,1959,1.0
59IN02676,1958412406,58,2,G2406,4,66,272,41,,09,,,2,,5,1,  1,095,08,,95,136,,,095,056,41,,126,5,,7843,4,   01,7,,1,,1959,1.0
59IN02677,1958412407,58,2,G2407,4,65,322,41,,06,,,2,,5,1,  1,096,09,,96,126,,,101,052,41,,119,4,,9612,4,   27,2,,1,,1959,1.0
59IN02678,1958412408,58,1,G2408,4,65,322,41,,,,5,2,,,,,, 9,1,135,160,2,,,,41,0924,113,5,,9612,4,237,7135,4,1,,1959,1.0
59IN02679,1958412411,58,2,G2411,4,65,262,41,,08,,,2,,5,1,  2,098,09,,98,129,,,108,069,41,,129,3,,9109,4,   32,2,,1,,1959,1.0
59IN02680,1958412413,58,1,G2413,4,65,272,41,,,,5,2,,,,,,13,1,113,137,2,,,,41,0924,106,6,,7843,4,220,6595,4,1,,1959,1.0
59IN02681,1958412414,58,2,G2414,4,65,282,41,,06,,,2,,5,1,  4,111,09,,111,148,,,091,058,41,,137,6,,0556,4,   35,2,,1,,1959,1.0
59IN02682,1958412415,58,2,G2415,4,67,332,41,,06,,,2,,5,1,  2,102,09,,102,139,,,090,048,41,,117,3,,8875,4,   40,7,,1,,1959,1.0
59IN02683,1958412416,58,2,G2416,4,66,262,41,,06,,,2,,5,3,  2,104,11,,104,125,,,089,040,41,,110,2,,9109,4,   10,7,,1,,1959,1.0
59IN02684,1958412420,58,2,G2420,4,66,332,41,,09,,,2,,5,1,  2,088,05,,88,117,2,,091,040,41,0924,086,4,,8875,4,    0,7,,1,,1959,1.0
59IN02685,1958412421,58,1,G2421,4,66,292,41,,,,1,2,,,,,,10,1,143,152,2,,,,41,0924,143,5,,0892,4,228,0295,4,1,,1959,1.0
59IN02686,1958412423,58,2,G2423,4,66,292,41,,05,,,2,,5,1,  2,098,07,,98,136,,,082,046,41,,108,2,,0892,4,   38,2,,1,,1959,1.0
59IN02687,1958412426,58,2,G2426,4,65,312,41,,05,,,2,,5,1,  1,111,09,,111,,,,098,051,41,,126,2,,9930,4,   40,7,,1,,1959,1.0
59IN02688,1958412428,58,1,G2428,4,66,252,41,,,,5,2,,,,,,,,113,129,3,,,,41,0801,092,2,,0965,4,224,7402,4,1,,1959,1.0
59IN02689,1958412432,58,1,G2432,4,66,292,41,,,,1,2,,,,,,,,138,148,3,,,,41,0801,128,3,,0892,4,222,0335,4,1,,1959,1.0
59IN02690,1958412434,58,2,G2434,4,65,252,41,,10,,,2,,5,3,  1,078,09,,78,109,2,,084,039,41,0924,090,2,,0965,4,    0,7,,1,,1959,1.0
59IN02691,1958412435,58,2,G2435,4,66,232,41,,10,,,2,,5,1,  2,094,07,,94,126,2,,086,036,41,0924,087,2,,0663,4,    1,1,,1,,1959,1.0
59IN02692,1958412443,58,2,G2443,4,65,392,41,,07,,,2,,5,1,  2,092,09,,92,127,,,086,051,41,,132,3,,9741,4,   31,2,,1,,1959,1.0
59IN02693,1958412444,58,2,G2444,4,67,362,41,,08,,,2,,5,1,  2,088,07,,88,120,,,086,057,41,,131,4,,9965,4,   09,7,,1,,1959,1.0
59IN02694,1958412448,58,1,G2448,4,66,392,41,,,,1,2,,,,,,,,152,195,2,,,,41,0924,135,5,,9741,4,239,9177,4,1,,1959,1.0
59IN02695,1958412449,58,2,G2449,4,65,292,41,,06,,,2,,5,1,  4,098,07,,98,142,,,082,037,41,,102,5,,0892,4,   22,2,,1,,1959,1.0
59IN02696,1958412450,58,2,G2450,4,13,132,41,,09,14,,2,26,1,1,  2,083,08,,83,113,,,096,043,41,,118,5,,9426,4,51 13,2,,1,,1959,1.0
59IN02697,1958412457,58,1,G2457,4,66,272,41,,,,5,2,,,,,,,,110,132,3,,,,41,0801,104,2,,7843,4,220,9181,4,1,,1959,1.0
59IN02698,1958412462,58,2,G2462,4,82,088,41,,08,,,2,,7,1,  1,087,08,,87,115,2,,091,047,41,0924,106,3,,8401,4,    1,1,,1,,1959,1.0
59IN02699,1958412463,58,1,G2463,4,82,088,41,,,,5,2,,,,,,12,R,113,134,2,,,,41,0924,112,5,,8401,4,232,7585,4,1,,1959,1.0
59IN02700,1958412464,58,2,G2464,4,01,012,41,,08,36,,2,43,1,1,  1,080,09,,80,119,,,084,042,41,,101,3,,9864,4,20 01,2,,1,,1959,1.0
59IN02701,1958412469,58,2,G2469,4,10,102,41,,06,05,,2,10,1,1,  4,096,09,,96,124,,,075,043,41,,114,2,,7617,4,52 10,1,,1,,1959,1.0
59IN02702,1958412471,58,2,G2471,4,71,712,41,,07,,,2,,2,1,  1,086,09,,86,132,,,089,037,41,,096,2,,1162,4,   83,2,,1,,1959,1.0
59IN02703,1958412478,58,2,G2478,4,03,032,41,,08,32,,2,,1,1,  2,073,08,,73,106,2,,095,036,41,0924,094,4,,1157,4,    1,1,,1,,1959,1.0
59IN02704,1958412479,58,2,G2479,4,71,722,41,,07,,,2,,2,1,  4,105,08,,105,136,,,089,048,41,,128,3,,1219,4,   81,2,,1,,1959,1.0
59IN02705,1958412480,58,1,G2480,4,65,272,41,,,,1,2,,,,,,,,113,130,3,,,,41,0801,106,3,,7843,4,213,8301,4,1,,1959,1.0
59IN02706,1958412481,58,1,G2481,4,66,027,41,,,,1,2,,,,,,12,P,133,143,2,,,,41,0924,107,3,,9974,4,224,9265,4,1,,1959,1.0
59IN02707,1958412483,58,2,G2483,4,70,732,41,,07,,8,2,,2,1,  1,109,08,,109,135,,,097,055,41,,122,5,,9993,4,   72,2,,1,,1959,1.0
59IN02708,1958412485,58,1,G2485,4,70,722,41,,,,1,2,,,,,,12,1,132,160,2,,,,41,0924,164,6,,1219,4,231,9361,4,1,,1959,1.0
59IN02709,1958412486,58,1,G2486,4,16,162,41,,,16,1,2,,,,,,,,73,99,,,,,41,,084,5,,9109,4,193,9722,4,1,,1959,1.0
59IN02710,1958412487,58,1,G2487,4,73,047,41,,,,1,2,,,,,,,,148,174,,,,,41,,134,5,,1132,4,251,2024,5,1,,1959,1.0
59IN02711,1958412489,58,1,G2489,4,12,121,41,,,09,1,2,,,,,,,,154,172,,,,,41,,155,4,,9012,4,252,1154,4,1,,1959,1.0
59IN02712,1958412490,58,1,G2490,4,01,012,41,,,36,5,2,,,,,, 9,3,126,148,2,,,,41,0924,107,3,,9864,4,237,8756,4,1,,1959,1.0
59IN02713,1958412492,58,2,G2492,4,71,732,41,,07,,,2,,2,1,  2,108,06,,108,139,,,082,028,41,,088,2,,9993,4,   82,2,,1,,1959,1.0
59IN02714,1958412495,58,2,G2495,4,70,732,41,,06,,3,2,,2,1,  2,111,07,,111,153,,,084,054,41,,147,5,,9993,4,   73,2,,1,,1959,1.0
59IN02715,1958412497,58,2,G2497,4,66,252,41,,07,,8,2,,5,1,  1,087,09,,87,116,,,092,056,41,,127,5,,0965,4,   08,7,,1,,1959,1.0
59IN02716,1958412501,58,2,G2501,4,09,092,41,,06,16,,2,21,1,1,  4,102,04,,102,139,,,096,044,41,,113,4,,8609,4,06 09,1,,1,,1959,1.0
59IN02717,1958412502,58,2,G2502,4,71,732,41,,07,,,2,,2,1,  2,084,07,,84,111,,,094,053,41,,119,3,,9993,4,   82,2,,1,,1959,1.0
59IN02718,1958412503,58,2,G2503,4,16,162,41,,08,13,5,2,28,1,1,  2,086,06,,86,115,,,084,034,41,,090,3,,9109,4,26 16,2,,1,,1959,1.0
59IN02719,1958412504,58,2,G2504,4,05,052,41,,09,24,,2,34,1,1,  1,072,09,,72,105,,,087,037,41,,091,2,,0520,4,91 05,2,,1,,1959,1.0
59IN02720,1958412509,58,2,G2509,4,15,152,41,,08,15,,2,,1,1,  2,082,09,,82,109,,,085,042,41,,107,3,,9013,4,   03,8,,1,,1959,1.0
59IN02721,1958412515,58,1,G2515,4,10,101,41,,,05,5,2,,,,,,,,131,150,,,,,41,,103,2,,8808,4,240,1792,5,1,,1959,1.0
59IN02722,1958412518,58,1,G2518,4,05,052,41,,,21,1,2,,,,,,,,107,139,,,,,41,,148,3,,0520,4,233,6873,4,1,,1959,1.0
59IN02723,1958412519,58,2,G2519,4,10,101,41,,04,13,,2,13,1,1,  1,101,06,,101,139,,,094,042,41,,112,2,,8808,4,88 10,2,,1,,1959,1.0
59IN02724,1958412522,58,1,G2522,4,66,382,41,,,,1,2,,,,,,,,118,130,3,,,,41,0801,132,5,,1179,4,217,0341,4,1,,1959,1.0
59IN02725,1958412526,58,2,G2526,4,10,102,41,,08,11,,2,17,1,1,  2,088,09,,88,126,,,090,054,41,,132,4,,7617,4,43 10,1,,1,,1959,1.0
59IN02726,1958412527,58,1,G2527,4,16,162,41,,,26,1,2,,,,,,,,118,138,,,,,41,,104,3,,9109,4,225,9038,4,1,,1959,1.0
59IN02727,1958412528,58,1,G2528,4,11,112,41,,,15,3,2,,,,,,,,123,150,3,,,,41,0801,120,3,,8734,4,223,9828,4,1,,1959,1.0
59IN02728,1958412529,58,2,G2529,4,10,101,41,,07,14,,2,12,1,1,  1,096,08,,96,131,,,098,052,41,,135,5,,8808,4,36 10,2,,1,,1959,1.0
59IN02729,1958412531,58,2,G2531,4,03,032,41,,06,29,,2,,1,1,  2,090,06,,90,,7,,100,047,41,1001,102,6,,1157,4,,,,1,,1959,1.0
59IN02730,1958412532,58,2,G2532,4,82,029,41,,06,,,2,,7,1,  2,091,09,,91,124,2,,093,054,41,0924,135,3,,8445,4,    9,0,,1,,1959,1.0
59IN02731,1958412535,58,2,G2535,4,73,117,41,,07,,1,2,,9,1,  1,116,09,,116,151,,,098,076,41,,145,4,,8734,4,   73,2,,1,,1959,1.0
59IN02732,1958412540,58,2,G2540,4,14,142,41,,07,14,,2,28,1,1,  2,088,09,,88,126,,,101,047,41,,121,4,,9517,4,53 14,2,,1,,1959,1.0
59IN02733,1958412543,58,2,G2543,4,71,712,41,,09,,,2,,2,1,  2,083,11,,83,114,,,077,039,41,,093,2,,1162,4,   83,2,,1,,1959,1.0
59IN02734,1958412548,58,2,G2548,4,09,092,41,,09,16,,2,23,1,1,  4,088,04,,88,128,,,105,048,41,,110,3,,8609,4,64 09,2,,1,,1959,1.0
59IN02735,1958412549,58,2,G2549,4,15,151,41,,10,17,,2,18,1,1,  2,086,06,,86,119,,,087,046,41,,117,6,,1053,4,63 15,1,,1,,1959,1.0
59IN02736,1958412550,58,2,G2550,4,82,048,41,,09,,,2,,7,1,  2,090,09,,90,119,2,,092,051,41,0924,118,5,,1132,4,    1,1,,1,,1959,1.0
59IN02737,1958412551,58,2,G2551,4,01,012,41,,10,31,,2,40,1,1,  2,084,08,,84,119,,,079,033,41,,083,2,,9864,4,07 01,1,,1,,1959,1.0
59IN02738,1958412552,58,1,G2552,4,13,132,41,,,22,3,2,,,,,,,,116,127,,,,,41,,112,5,,9426,4,248,0086,4,1,,1959,1.0
59IN02739,1958412556,58,2,G2556,4,03,032,41,,07,21,,2,31,1,1,  2,098,05,,98,139,,,084,032,41,,097,3,,1157,4,15 03,1,,1,,1959,1.0
59IN02740,1958412559,58,1,G2559,4,03,032,41,,,20,5,2,,,,,,,,137,159,,,,,41,,120,6,,1157,4,244,7619,4,1,,1959,1.0
59IN02741,1958412562,58,2,G2562,4,73,097,41,,06,,1,2,,9,1,  2,117,10,,117,157,,,097,077,41,,145,4,,8609,4,   73,2,,1,,1959,1.0
59IN02742,1958412565,58,1,G2565,4,05,052,41,,,24,5,2,,,,,,,,106,111,,,,,41,,103,3,,0520,4,223,9951,4,1,,1959,1.0
59IN02743,1958412566,58,2,G2566,4,11,112,41,,09,28,,2,45,1,1,  2,078,10,,78,119,,,099,038,41,,094,3,,8734,4,26 11,2,,1,,1959,1.0
59IN02744,1958412568,58,1,G2568,4,70,712,41,,,,4,2,,,,,, 8,9,138,167,2,,,,41,0924,108,4,,1162,4,230,9402,4,1,,1959,1.0
59IN02745,1958412570,58,2,G2570,4,13,132,41,,08,12,,2,27,1,1,  1,087,09,,87,128,,,092,044,41,,103,3,,9426,4,40 13,1,,1,,1959,1.0
59IN02746,1958412575,58,2,G2575,4,70,722,41,,07,,1,2,,2,1,  2,096,07,,96,127,,,090,050,41,,118,4,,1219,4,   72,2,,1,,1959,1.0
59IN02747,1958412580,58,1,G2580,4,04,042,41,,,32,3,2,,,,,,,,114,113,3,,,,41,0801,106,2,,1132,4,227,9148,4,1,,1959,1.0
59IN02748,1958412582,58,1,G2582,4,04,042,41,,,35,3,2,,,,,,,,93,116,,,,,41,,097,5,,1132,4,225,9583,4,1,,1959,1.0
59IN02749,1958412585,58,2,G2585,4,01,012,41,,07,33,,2,42,1,1,  2,106,07,,106,130,,,084,033,41,,087,5,,9864,4,56 01,2,,1,,1959,1.0
59IN02750,1958412588,58,2,G2588,4,04,041,41,,08,31,4,2,35,1,1,  5,099,09,,99,130,,,100,039,41,,118,6,,9539,4,68 04,2,,1,,1959,1.0
59IN02751,1958412590,58,1,G2590,4,03,032,41,,,23,1,2,,,,,,,,123,141,,,,,41,,120,3,,1157,4,237,8827,4,1,,1959,1.0
59IN02752,1958412592,58,2,G2592,4,08,082,41,,09,44,,2,,1,1,  1,068,08,,68,99,2,,069,024,41,0924,071,2,,8401,4,    1,1,,1,,1959,1.0
59IN02753,1958412594,58,2,G2594,4,70,732,41,,05,,2,2,,2,1,  2,102,06,,102,142,,,100,054,41,,121,5,,9993,4,   72,2,,1,,1959,1.0
59IN02754,1958412595,58,2,G2595,4,14,142,41,,09,25,,2,29,1,1,  1,092,06,,92,119,,,109,062,41,,126,3,,9517,4,04 14,2,,1,,1959,1.0
59IN02755,1958412596,58,2,G2596,4,03,032,41,,06,17,,2,26,1,1,  1,112,07,,112,143,,,088,039,41,,118,4,,1157,4,88 03,2,,1,,1959,1.0
59IN02756,1958412597,58,1,G2597,4,70,732,41,,,,1,2,,,,,,13,0,146,176,2,,,,41,0924,131,3,,9993,4,236,0463,4,1,,1959,1.0
59IN02757,1958412599,58,2,G2599,4,03,032,41,,08,20,,2,31,1,1,  2,092,07,,92,129,,,081,032,41,,092,2,,1157,4,38 03,1,,1,,1959,1.0
59IN02758,1958412601,58,2,G2601,4,10,101,41,,06,17,,2,,1,1,  4,100,10,,100,131,,,090,042,41,,113,2,,8808,4,   13,8,,1,,1959,1.0
59IN02759,1958412603,58,2,G2603,4,15,152,41,,10,20,,2,,1,1,  2,0=3,09,,82,114,,,097,051,41,,100,4,,,,   03,9,,1,,1959,1.0
59IN02760,1958412604,58,1,G2604,4,14,142,41,,,16,5,2,,,,,,,,124,131,,,,,41,,109,3,,9517,4,236,8891,4,1,,1959,1.0
59IN02761,1958412606,58,1,G2606,4,10,102,41,,,17,5,2,,,,,,,,92,118,3,,,,41,0801,080,2,,7617,4,219,7430,4,1,,1959,1.0
59IN02762,1958412607,58,2,G2607,4,10,102,41,,10,17,,2,15,1,1,  1,091,06,,91,129,,,084,041,41,,115,3,,7617,4,50 10,1,,1,,1959,1.0
59IN02763,1958412609,58,1,G2609,4,04,041,41,,,25,5,2,,,,,,,,102,125,,,,,41,,110,4,,9539,4,241,6787,4,1,,1959,1.0
59IN02764,1958412610,58,1,G2610,4,73,057,41,,,,5,2,,,,,,13,0,130,148,2,,,,41,0924,112,3,,0520,4,222,1798,5,1,,1959,1.0
59IN02765,1958412611,58,2,G2611,4,73,057,41,,05,,2,2,,9,3,  2,101,09,,101,136,,,090,043,41,,099,3,,0520,4,   71,2,,1,,1959,1.0
59IN02766,1958412612,58,1,G2612,4,18,182,41,,,14,3,2,,,,,,,,137,176,,,,,41,,120,3,,9741,4,232,0684,4,1,,1959,1.0
59IN02767,1958412617,58,1,G2617,4,02,021,41,,,22,1,2,,,,,,,,97,117,3,,,,41,0801,122,5,,8445,4,221,7475,4,1,,1959,1.0
59IN02768,1958412619,58,1,G2619,4,70,722,41,,,,1,2,,,,,,12,Q,136,150,2,,,,41,0924,100,2,,1219,4,223,8837,4,1,,1959,1.0
59IN02769,1958412621,58,1,G2621,4,16,162,41,,,14,1,2,,,,,,,,96,118,,,,,41,,080,4,,9109,4,218,1042,4,1,,1959,1.0
59IN02770,1958412622,58,2,G2622,4,82,028,41,,07,,,2,,7,1,  2,098,09,,98,126,2,,088,045,41,0924,112,3,,9974,4,    1,1,,1,,1959,1.0
59IN02771,1958412623,58,2,G2623,4,07,071,41,,07,26,2,2,25,1,1,  1,088,08,,88,114,,,092,032,41,,089,4,,0707,4,96 07,2,,1,,1959,1.0
59IN02772,1958412624,58,1,G2624,4,82,088,41,,,,1,2,,,,,,10,3,143,176,2,,,,41,0924,124,5,,8401,4,242,0799,4,1,,1959,1.0
59IN02773,1958412625,58,2,G2625,4,12,122,41,,07,17,,2,36,1,1,  2,103,08,,103,140,,,088,048,41,,118,2,,0569,4,83 12,2,,1,,1959,1.0
59IN02774,1958412626,58,2,G2626,4,66,372,41,,07,,,2,,5,1,  1,081,08,,81,113,,,090,051,41,,101,5,,1221,4,   29,2,,1,,1959,1.0
59IN02775,1958412629,58,2,G2629,4,07,071,41,,06,27,3,2,26,1,1,  1,091,09,,91,120,,,082,031,41,,079,2,,0707,4,16 07,2,,1,,1959,1.0
59IN02776,1958412638,58,2,G2638,4,17,172,41,,06,19,7,2,18,1,1,  2,096,06,,96,124,,,092,048,41,,097,4,,8875,4,26 17,2,,1,,1959,1.0
59IN02777,1958412641,58,2,G2641,4,01,012,41,,06,36,,2,41,1,1,  1,093,04,,93,138,,,092,036,41,,104,3,,,,49 01,1,,1,,1959,1.0
59IN02778,1958412643,58,2,G2643,4,10,102,41,,06,12,,2,18,1,1,  2,098,09,,98,128,,,093,052,41,,123,3,,7617,4,04 10,2,,1,,1959,1.0
59IN02779,1958412644,58,1,G2644,4,82,049,41,,,,1,2,,,,,, 9,5,138,163,2,,,,41,0924,134,2,,9539,4,231,9935,4,1,,1959,1.0
59IN02780,1958412648,58,2,G2648,4,12,121,41,,06,14,,2,28,1,1,  3,101,09,,101,142,,,094,058,41,,153,5,,9012,4,42 12,1,,1,,1959,1.0
59IN02781,1958412649,58,1,G2649,4,12,121,41,,,14,5,2,,,,,, 9,0,130,146,2,,,,41,0924,149,4,,9012,4,237,9629,4,1,,1959,1.0
59IN02782,1958412651,58,2,G2651,4,70,712,41,,08,,3,2,,2,1,  2,088,11,,88,125,,,083,041,41,,102,2,,1162,4,   71,2,,1,,1959,1.0
59IN02783,1958412652,58,1,G2652,4,82,088,41,,,,5,2,,,,,,12,Q,133,152,2,,,,41,0924,127,4,,8401,4,233,7625,4,1,,1959,1.0
59IN02784,1958412653,58,2,G2653,4,82,088,41,,08,,,2,,7,1,  2,088,11,,88,124,2,,100,061,41,0924,137,5,,8401,4,    1,1,,1,,1959,1.0
59IN02785,1958412656,58,2,G2656,4,10,101,41,,07,10,,2,,1,1,  2,090,09,,90,134,,,086,044,41,,100,7,,8808,4,   11,9,,1,,1959,1.0
59IN02786,1958412657,58,2,G2657,4,70,722,41,,06,,4,2,,2,1,  2,106,10,,106,137,,,084,051,41,,138,3,,1219,4,   73,2,,1,,1959,1.0
59IN02787,1958412658,58,1,G2658,4,18,182,41,,,11,1,2,,,,,,,,126,152,,,,,41,,108,3,,9741,4,229,0977,4,1,,1959,1.0
59IN02788,1958412659,58,1,G2659,4,02,022,41,,,28,1,2,,,,,,,,112,131,,,,,41,,132,5,,9974,4,236,7538,4,1,,1959,1.0
59IN02789,1958412660,58,2,G2660,4,70,732,41,,06,,3,2,,2,1,  1,106,05,,106,133,,,075,030,41,,086,2,,9993,4,   72,2,,1,,1959,1.0
59IN02790,1958412663,58,2,G2663,4,14,142,41,,07,21,,2,29,1,1,  2,084,08,,84,117,,,087,041,41,,106,4,,9517,4,82 14,2,,1,,1959,1.0
59IN02791,1958412668,58,2,G2668,4,71,722,41,,06,,,2,,2,3,  1,091,09,,91,123,,,093,046,41,,108,3,,1219,4,   82,2,,1,,1959,1.0
59IN02792,1958412670,58,1,G2670,4,01,012,41,,,38,5,2,,,,,,,,98,131,3,,,,41,0801,101,3,,9864,4,231,7519,4,1,,1959,1.0
59IN02793,1958412671,58,1,G2671,4,13,132,41,,,13,5,2,,,,,,,,111,123,3,,,,41,0801,098,5,,9426,4,224,5100,4,1,,1959,1.0
59IN02794,1958412675,58,2,G2675,4,70,722,41,,06,,4,2,,2,1,  2,101,09,,101,132,,,102,044,41,,117,3,,1219,4,   71,2,,1,,1959,1.0
59IN02795,1958412676,58,2,G2676,4,73,147,41,,07,,5,2,,9,1,  4,087,10,,87,110,,,103,052,41,,108,4,,9517,4,   73,2,,1,,1959,1.0
59IN02796,1958412677,58,2,G2677,4,06,062,41,,06,24,,2,43,1,1,  2,092,09,,92,130,,,101,056,41,,116,3,,0039,4,06 06,2,,1,,1959,1.0
59IN02797,1958412678,58,2,G2678,4,06,062,41,,,24,,2,,1,1,,103,08,,103,131,2,,099,040,41,0924,116,4,,0039,4,    0,7,,1,,1959,1.0
59IN02798,1958412679,58,1,G2679,4,70,712,41,,,,1,2,,,,,,10,9,143,162,2,,,,41,0924,122,3,,1162,4,235,0695,4,1,,1959,1.0
59IN02799,1958412681,58,2,G2681,4,70,712,41,,07,,5,2,,2,1,  1,093,06,,93,138,,,084,042,41,,093,2,,1162,4,   71,2,,1,,1959,1.0
59IN02800,1958412684,58,2,G2684,4,14,142,41,,10,20,,2,,1,1,  1,078,08,,78,115,2,,096,044,41,0924,109,5,,9517,4,    1,1,,1,,1959,1.0
59IN02801,1958412686,58,2,G2686,4,66,157,41,,09,,,2,,9,3,  2,088,09,,88,117,,,100,061,41,,124,5,,9013,4,   24,2,,1,,1959,1.0
59IN02802,1958412687,58,2,G2687,4,17,172,41,,08,12,8,2,17,1,1,  2,096,07,,96,131,,,081,039,41,,108,3,,8875,4,93 17,2,,1,,1959,1.0
59IN02803,1958412689,58,1,G2689,4,09,092,41,,,05,5,2,,,,,,12,P,131,154,2,,,,41,0924,117,3,,8609,4,233,0068,4,1,,1959,1.0
59IN02804,1958412690,58,1,G2690,4,09,092,41,,,05,5,2,,,,,,,,120,149,3,,,,41,0801,122,4,,8609,4,237,0068,4,1,,1959,1.0
59IN02805,1958412692,58,1,G2692,4,70,712,41,,,,5,2,,,,,,,,151,155,,,,,41,,109,2,,1162,4,252,6734,4,1,,1959,1.0
59IN02806,1958412693,58,1,G2693,4,70,712,41,,,,5,2,,,,,,10,0,120,150,2,,,,41,0924,111,2,,1162,4,216,8382,4,1,,1959,1.0
59IN02807,1958412694,58,2,G2694,4,71,712,41,,07,,,2,,2,1,  1,092,08,,92,120,,,086,033,41,,096,2,,1162,4,   83,2,,1,,1959,1.0
59IN02808,1958412695,58,1,G2695,4,05,052,41,,,30,3,2,,,,,,,,98,108,,,,,41,,100,2,,0520,4,228,7331,4,1,,1959,1.0
59IN02809,1958412697,58,2,G2697,4,17,172,41,,07,20,,2,,1,1,  2,092,05,,92,,7,,090,034,41,1001,092,2,,8875,4,,,,1,,1959,1.0
59IN02810,1958412698,58,1,G2698,4,17,172,41,,,20,5,2,,,,,,,,128,152,,,,,41,,099,3,,8875,4,236,9622,4,1,,1959,1.0
59IN02811,1958412699,58,1,G2699,4,16,162,41,,,15,1,2,,,,,,,,122,143,,,,,41,,097,3,,9109,4,237,0809,4,1,,1959,1.0
59IN02812,1958412703,58,1,G2703,4,03,032,41,,,29,1,2,,,,,,11,1,118,142,2,,,,41,0924,108,4,,1157,4,228,1259,4,1,,1959,1.0
59IN02813,1958412705,58,2,G2705,4,04,042,41,,08,37,5,2,32,1,1,  1,087,09,,87,120,,,107,045,41,,112,4,,1132,4,24 04,2,,1,,1959,1.0
59IN02814,1958412708,58,2,G2708,4,10,102,41,,06,11,,2,13,1,1,  2,094,10,,94,129,,,095,048,41,,107,3,,7617,4,01 10,1,,1,,1959,1.0
59IN02815,1958412710,58,2,G2710,4,70,712,41,,07,,6,2,,2,1,  2,083,08,,83,120,,,092,050,41,,108,3,,1162,4,   71,2,,1,,1959,1.0
59IN02816,1958412712,58,1,G2712,4,14,142,41,,,13,3,2,,,,,,,,112,138,3,,,,41,0801,114,5,,9517,4,215,1694,5,1,,1959,1.0
59IN02817,1958412715,58,2,G2715,4,04,041,41,,07,29,6,2,36,1,1,  1,094,05,,94,127,,,094,049,41,,112,6,,9539,4,04 04,2,,1,,1959,1.0
59IN02818,1958412718,58,1,G2718,4,73,077,41,,,,5,2,,,,,,12,Q,120,142,2,,,,41,0924,136,4,,0436,4,222,1891,5,1,,1959,1.0
59IN02819,1958412719,58,2,G2719,4,73,077,41,,07,,4,2,,9,1,  2,086,08,,86,120,,,079,039,41,,111,3,,0436,4,   72,2,,1,,1959,1.0
59IN02820,1958412721,58,2,G2721,4,09,092,41,,09,10,,2,16,1,1,  2,084,08,,84,119,,,101,056,41,,111,4,,8609,4,89 09,1,,1,,1959,1.0
59IN02821,1958412722,58,2,G2722,4,03,032,41,,06,29,,2,31,1,1,  2,103,04,,103,131,,,096,043,41,,111,6,,1157,4,95 03,2,,1,,1959,1.0
59IN02822,1958412724,58,2,G2724,4,70,722,41,,07,,7,2,,2,1,  1,099,09,,99,123,,,080,048,41,,123,4,,1219,4,   71,2,,1,,1959,1.0
59IN02823,1958412725,58,1,G2725,4,70,712,41,,,,1,2,,,,,,,,136,153,2,,,,41,0924,112,2,,1162,4,233,0933,4,1,,1959,1.0
59IN02824,1958412726,58,1,G2726,4,82,088,41,,,,1,2,,,,,,,,136,141,2,,,,41,0924,129,3,,8401,4,231,9471,4,1,,1959,1.0
59IN02825,1958412727,58,1,G2727,4,14,142,41,,,14,1,2,,,,,,,,116,141,3,,,,41,0801,112,2,,9517,4,232,8923,4,1,,1959,1.0
59IN02826,1958412728,58,1,G2728,4,04,041,41,,,34,1,2,,,,,,,,101,122,,,,,41,,098,4,,9539,4,243,0420,4,1,,1959,1.0
59IN02827,1958412729,58,1,G2729,4,18,182,41,,,21,1,2,,,,,,,,113,137,,,,,41,,119,3,,9741,4,234,9787,4,1,,1959,1.0
59IN02828,1958412742,58,2,G2742,4,03,032,41,,09,24,,2,30,1,1,  2,081,05,,81,108,,,090,032,41,,093,3,,1157,4,35 03,1,,1,,1959,1.0
59IN02829,1958412744,58,2,G2744,4,02,022,41,,07,29,,2,45,1,1,  2,098,08,,98,129,,,086,042,41,,113,4,,9974,4,29 02,2,,1,,1959,1.0
59IN02830,1958412746,58,2,G2746,4,09,092,41,,10,16,,2,23,1,1,  1,088,09,,88,124,,,090,052,41,,125,5,,8609,4,00 09,2,,1,,1959,1.0
59IN02831,1958412747,58,2,G2747,4,71,722,41,,06,,,2,,2,1,  2,096,07,,96,128,,,089,039,41,,108,3,,1219,4,   82,2,,1,,1959,1.0
59IN02832,1958412748,58,1,G2748,4,70,722,41,,,,1,2,,,,,,12,9,128,142,2,,,,41,0924,125,3,,1219,4,226,7479,4,1,,1959,1.0
59IN02833,1958412749,58,2,G2749,4,02,022,41,,07,30,,2,45,1,1,  4,094,05,,94,115,,,076,036,41,,083,4,,9974,4,78 02,2,,1,,1959,1.0
59IN02834,1958412751,58,1,G2751,4,10,101,41,,,05,3,2,,,,,,10,8,133,165,2,,,,41,0924,139,2,,8808,4,213,1868,5,1,,1959,1.0
59IN02835,1958412753,58,1,G2753,4,18,182,41,,,18,5,2,,,,,,,,121,138,,,,,41,,107,4,,9741,4,226,9116,4,1,,1959,1.0
59IN02836,1958412755,58,1,G2755,4,16,162,41,,,19,1,2,,,,,,,,106,117,,,,,41,,120,3,,9109,4,209,7087,4,1,,1959,1.0
59IN02837,1958412757,58,2,G2757,4,73,087,41,,06,,1,2,,9,1,  2,091,09,,91,112,,,122,067,41,,150,5,,8401,4,   73,2,,1,,1959,1.0
59IN02838,1958412759,58,2,G2759,4,02,022,41,,06,32,,2,46,1,1,  4,104,06,,104,135,,,084,044,41,,124,3,,9974,4,92 02,2,,1,,1959,1.0
59IN02839,1958412762,58,1,G2762,4,70,732,41,,,,5,2,,,,,,,,143,168,,,,,41,,103,3,,9993,4,241,7821,4,1,,1959,1.0
59IN02840,1958412763,58,2,G2763,4,71,732,41,,08,,,2,,2,1,  2,096,06,,96,118,,,088,032,41,,082,2,,9993,4,   82,2,,1,,1959,1.0
59IN02841,1958412764,58,2,G2764,4,06,062,41,,08,27,,2,44,1,1,  2,083,08,,83,111,,,096,042,41,,116,2,,0039,4,10 06,2,,1,,1959,1.0
59IN02842,1958412765,58,1,G2765,4,70,712,41,,,,1,2,,,,,,12,P,124,142,2,,,,41,0924,123,4,,1162,4,223,1104,4,1,,1959,1.0
59IN02843,1958412766,58,1,G2766,4,02,022,41,,,34,1,2,,,,,,,,97,121,3,,,,41,0801,094,3,,9974,4,222,8512,4,1,,1959,1.0
59IN02844,1958412767,58,1,G2767,4,70,722,41,,,,1,2,,,,,,10,6,142,178,2,,,,41,0924,136,3,,1219,4,228,9449,4,1,,1959,1.0
59IN02845,1958412769,58,1,G2769,4,13,132,41,,,12,1,2,,,,,,,,111,123,3,,,,41,0801,127,4,,9426,4,230,0557,4,1,,1959,1.0
59IN02846,1958412770,58,2,G2770,4,10,101,41,,06,11,,2,,1,1,  4,116,06,,116,147,,,084,040,41,,111,2,,8808,4,   11,8,,1,,1959,1.0
59IN02847,1958412777,58,2,G2777,4,09,092,41,,06,05,,2,,1,1,  2,096,08,,96,126,,,107,054,41,,110,5,,8609,4,   11,8,,1,,1959,1.0
59IN02848,1958412778,58,2,G2778,4,16,162,41,,10,25,,2,,1,1,  2,071,06,,71,,7,,092,035,41,1001,088,3,,9109,4,,,,1,,1959,1.0
59IN02849,1958412782,58,1,G2782,4,12,121,41,,,32,5,2,,,,,,,,118,134,,,,,41,,119,5,,9012,4,248,0896,4,1,,1959,1.0
59IN02850,1958412786,58,2,G2786,4,08,081,41,,07,23,4,2,29,1,1,  2,092,08,,92,115,,,090,045,41,,097,5,,9534,4,69 08,2,,1,,1959,1.0
59IN02851,1958412790,58,1,G2790,4,18,182,41,,,21,1,2,,,,,,,,128,148,,,,,41,,113,3,,9741,4,229,8749,4,1,,1959,1.0
59IN02852,1958412794,58,1,G2794,4,06,062,41,,,32,1,2,,,,,,,,119,139,,,,,41,,120,5,,0039,4,252,5605,4,1,,1959,1.0
59IN02853,1958412795,58,2,G2795,4,11,111,41,,07,23,,2,19,1,1,  2,088,08,,88,115,,,090,044,41,,102,3,,8555,4,78 11,1,,1,,1959,1.0
59IN02854,1958412797,58,2,G2797,4,82,049,41,,08,,,2,,7,1,  2,092,10,,92,114,2,,093,058,41,0924,144,5,,9539,4,    1,1,,1,,1959,1.0
59IN02855,1958412800,58,1,G2800,4,70,712,41,,,,1,2,,,,,,,,108,128,3,,,,41,0801,093,3,,1162,4,216,0419,4,1,,1959,1.0
59IN02856,1958412802,58,1,G2802,4,14,142,41,,,15,1,2,,,,,, 8,5,137,164,2,,,,41,0924,127,5,,9517,4,242,9087,4,1,,1959,1.0
59IN02857,1958412804,58,1,G2804,4,70,722,41,,,,1,2,,,,,,,,135,152,3,,,,41,0801,141,5,,1219,4,234,8544,4,1,,1959,1.0
59IN02858,1958412805,58,2,G2805,4,08,081,41,,08,22,5,2,31,1,1,  2,096,09,,96,130,,,103,058,41,,146,5,,9534,4,65 08,2,,1,,1959,1.0
59IN02859,1958412806,58,2,G2806,4,70,732,41,,,,,2,,2,3,,082,10,,82,116,2,,085,043,41,0924,110,2,,9993,4,    1,1,,1,,1959,1.0
59IN02860,1958412810,58,1,G2810,4,01,012,41,,,33,5,2,,,,,,,,148,142,,,,,41,,108,5,,9864,4,253,6640,4,1,,1959,1.0
59IN02861,1958412811,58,1,G2811,4,01,012,41,,,33,5,2,,,,,,,,105,,3,,,,41,0609,067,2,,9864,4,223,6640,4,1,,1959,1.0
59IN02862,1958412815,58,2,G2815,4,12,122,41,,09,09,,2,,1,1,  2,078,07,,78,115,,,083,046,41,,095,4,,0569,4,   01,8,,1,,1959,1.0
59IN02863,1958412816,58,2,G2816,4,17,172,41,,07,22,1,2,25,1,1,  2,095,08,,95,125,,,087,049,41,,095,3,,8875,4,21 17,2,,1,,1959,1.0
59IN02864,1958412817,58,2,G2817,4,17,172,41,,09,22,2,2,25,1,1,  2,092,04,,92,122,,,090,054,41,,105,3,,,,21 17,2,,1,,1959,1.0
59IN02865,1958412823,58,2,G2823,4,73,097,41,,05,,1,2,,9,1,  2,121,09,,121,153,,,116,065,41,,134,4,,8609,4,   73,2,,1,,1959,1.0
59IN02866,1958412826,58,1,G2826,4,11,112,41,,,26,5,2,,,,,,,,123,144,6,,,,41,1101,141,3,,8734,4,239,7438,4,1,,1959,1.0
59IN02867,1958412827,58,1,G2827,4,11,112,41,,,26,5,2,,,,,,13,0,125,152,2,,,,41,0924,143,2,,8734,4,227,7438,4,1,,1959,1.0
59IN02868,1958412829,58,2,G2829,4,07,071,41,,07,29,4,2,26,1,1,  1,084,06,,84,124,,,076,024,41,,078,2,,0707,4,17 07,2,,1,,1959,1.0
59IN02869,1958412832,58,2,G2832,4,13,132,41,,07,29,,2,32,1,1,  4,093,06,,93,124,,,111,060,41,,142,5,,9426,4,26 13,2,,1,,1959,1.0
59IN02870,1958412833,58,1,G2833,4,66,027,41,,,,1,2,,,,,,,,111,,3,,,,41,0609,103,4,,9974,4,221,0260,4,1,,1959,1.0
59IN02871,1958412834,58,2,G2834,4,17,172,41,,07,08,3,2,11,1,1,  2,095,05,,95,128,,,090,050,41,,097,3,,8875,4,54 17,2,,1,,1959,1.0
59IN02872,1958412837,58,2,G2837,4,16,162,41,,06,16,6,2,28,1,1,  2,097,09,,97,130,,,074,030,41,,089,3,,9109,4,67 16,2,,1,,1959,1.0
59IN02873,1958412838,58,1,G2838,4,70,722,41,,,,1,2,,,,,, 8,7,154,172,2,,,,41,0924,112,4,,1219,4,238,1000,4,1,,1959,1.0
59IN02874,1958412841,58,2,G2841,4,16,162,41,,07,17,7,2,29,1,1,  2,086,05,,86,123,,,080,044,41,,109,3,,9109,4,67 16,2,,1,,1959,1.0
59IN02875,1958412842,58,2,G2842,4,73,117,41,,05,,1,2,,9,3,  2,111,11,,111,139,,,094,055,41,,120,3,,8734,4,   73,2,,1,,1959,1.0
59IN02876,1958412845,58,1,G2845,4,17,172,41,,,20,1,2,,,,,,,,128,158,,,,,41,,100,3,,8875,4,242,0193,4,1,,1959,1.0
59IN02877,1958412847,58,1,G2847,4,10,101,41,,,17,3,2,,,,,,,,,,6,,,,41,0424,,,,8808,4,,8976,4,1,,1959,1.0
59IN02878,1958412849,58,1,G2849,4,06,062,41,,,23,3,2,,,,,,,,138,156,,,,,41,,107,6,,0039,4,246,8431,4,1,,1959,1.0
59IN02879,1958412851,58,1,G2851,4,17,172,41,,,08,5,2,,,,,,,,134,148,3,,,,41,0801,088,2,,8875,4,231,8048,4,1,,1959,1.0
59IN02880,1958412852,58,2,G2852,4,17,172,41,,07,08,4,2,10,1,1,  1,103,08,,103,147,,,075,040,41,,110,2,,8875,4,23 17,2,,1,,1959,1.0
59IN02881,1958412857,58,2,G2857,4,17,172,41,,06,19,,2,,1,1,  4,108,07,,108,140,2,,077,030,41,0924,086,2,,8875,4,    9,0,,1,,1959,1.0
59IN02882,1958412860,58,2,G2860,4,15,151,41,,10,08,,2,,1,1,  1,079,09,,79,113,,,080,041,41,,100,2,,1053,4,   01,8,,1,,1959,1.0
59IN02883,1958412864,58,1,G2864,4,07,071,41,,,26,1,2,,,,,,12,R,113,133,2,,,,41,0924,090,3,,0707,4,226,9018,4,1,,1959,1.0
59IN02884,1958412865,58,1,G2865,4,01,012,41,,,30,1,2,,,,,,,,119,141,,,,,41,,103,4,,9864,4,242,0418,4,1,,1959,1.0
59IN02885,1958412866,58,2,G2866,4,03,032,41,,06,19,,2,27,1,1,  1,104,08,,104,139,,,092,042,41,,103,4,,1157,4,69 03,2,,1,,1959,1.0
59IN02886,1958412867,58,1,G2867,4,10,101,41,,,15,1,2,,,,,,12,7,151,154,2,,,,41,0924,135,2,,8808,4,234,9829,4,1,,1959,1.0
59IN02887,1958412869,58,1,G2869,4,04,041,41,,,40,1,2,,,,,,,,,,6,,,,41,0405,,,,9539,4,,7285,4,1,,1959,1.0
59IN02888,1958412871,58,2,G2871,4,10,102,41,,07,05,,2,13,1,1,  2,105,08,,105,140,,,080,034,41,,107,2,,7617,4,19 10,2,,1,,1959,1.0
59IN02889,1958412875,58,2,G2875,4,12,121,41,,07,12,,2,11,1,1,  2,101,09,,101,136,,,087,046,41,,123,4,,9012,4,65 12,2,,1,,1959,1.0
59IN02890,1958412876,58,1,G2876,4,12,121,41,,,12,5,2,,,,,,,,151,173,2,,,,41,0924,135,3,,9012,4,241,0140,4,1,,1959,1.0
59IN02891,1958412877,58,2,G2877,4,70,722,41,,07,,8,2,,2,1,  2,096,09,,96,129,,,085,049,41,,123,2,,1219,4,   71,2,,1,,1959,1.0
59IN02892,1958412878,58,2,G2878,4,70,722,41,,07,,5,2,,2,1,  1,095,07,,95,123,,,088,043,41,,105,2,,1219,4,   72,2,,1,,1959,1.0
59IN02893,1958412879,58,2,G2879,4,17,172,41,,08,19,5,2,13,1,1,  2,088,07,,88,119,,,080,039,41,,101,2,,8875,4,81 17,2,,1,,1959,1.0
59IN02894,1958412882,58,2,G2882,4,82,049,41,,06,,,2,,7,1,  2,093,10,,93,122,2,,100,055,41,0924,130,4,,9539,4,    0,7,,1,,1959,1.0
59IN02895,1958412885,58,2,G2885,4,13,132,41,,06,12,,2,29,1,1,  1,102,07,,102,138,,,097,050,41,,106,4,,9426,4,64 13,1,,1,,1959,1.0
59IN02896,1958412891,58,2,G2891,4,11,111,41,,06,10,,2,19,1,1,  2,104,08,,104,137,,,096,044,41,,093,5,,8555,4,96 11,2,,1,,1959,1.0
59IN02897,1958412892,58,2,G2892,4,12,121,41,,09,14,,2,,1,1,  2,081,09,,81,123,,,086,041,41,,133,3,,9012,4,   13,9,,1,,1959,1.0
59IN02898,1958412895,58,2,G2895,4,16,162,41,,09,16,,2,,1,1,  4,076,09,,76,113,2,,090,034,41,0924,094,2,,9109,4,    1,1,,1,,1959,1.0
59IN02899,1958412896,58,2,G2896,4,14,142,41,,07,19,,2,29,1,1,  2,092,09,,92,122,,,105,053,41,,102,5,,9517,4,85 14,2,,1,,1959,1.0
59IN02900,1958412898,58,2,G2898,4,16,162,41,,09,14,8,2,27,1,1,  3,079,09,,79,113,,,096,048,41,,118,4,,9109,4,70 16,2,,1,,1959,1.0
59IN02901,1958412901,58,1,G2901,4,10,101,41,,,21,1,2,,,,,,12,7,131,162,2,,,,41,0924,112,3,,8808,4,224,0457,4,1,,1959,1.0
59IN02902,1958412903,58,2,G2903,4,17,172,41,,08,22,,2,,1,1,  2,088,05,,88,126,2,,086,035,41,0924,101,5,,8875,4,    1,1,,1,,1959,1.0
59IN02903,1958412904,58,2,G2904,4,70,712,41,,06,,1,2,,2,1,  2,108,10,,108,132,,,098,049,41,,111,4,,1162,4,   71,2,,1,,1959,1.0
59IN02904,1958412907,58,2,G2907,4,71,722,41,,06,,,2,,2,1,  2,101,07,,101,134,,,080,038,41,,091,2,,1219,4,   80,2,,1,,1959,1.0
59IN02905,1958412912,58,2,G2912,4,17,172,41,,08,30,,2,,1,1,  4,083,06,,83,124,2,,073,037,41,0924,102,2,,8875,4,    0,7,,1,,1959,1.0
59IN02906,1958412915,58,1,G2915,4,16,162,41,,,16,1,2,,,,,,,,112,133,,,,,41,,108,5,,9109,4,224,0760,4,1,,1959,1.0
59IN02907,1958412916,58,1,G2916,4,17,172,41,,,06,1,2,,,,,,,,147,175,,,,,41,,152,6,,8875,4,250,7973,4,1,,1959,1.0
59IN02908,1958412917,58,2,G2917,4,70,732,41,,06,,,2,,2,1,  2,103,06,,103,,7,,106,049,41,1001,106,4,,9993,4,,,,1,,1959,1.0
59IN02909,1958412918,58,4,G2918,4,,,41,,,,,2,,,,,,,,134,158,,,,,41,,123,3,,,,,,,1,,1959,1.0
59IN02910,1958412919,58,2,G2919,4,12,122,41,,07,05,,2,09,1,1,  2,093,09,,93,128,,,093,052,41,,108,2,,0569,4,47 12,1,,1,,1959,1.0
59IN02911,1958412926,58,1,G2926,4,04,042,41,,,30,1,2,,,,,,,,114,139,3,,,,41,0801,129,8,,1132,4,238,6888,4,1,,1959,1.0
59IN02912,1958412934,58,1,G2934,4,70,732,41,,,,5,2,,,,,,12,7,116,157,2,,,,41,0924,117,3,,9993,4,219,9063,4,1,,1959,1.0
59IN02913,1958412936,58,1,G2936,4,12,122,41,,,23,5,2,,,,,,,,124,142,3,,,,41,0801,124,3,,0569,4,225,8871,4,1,,1959,1.0
59IN02914,1958412937,58,1,G2937,4,12,122,41,,,23,5,2,,,,,,,,102,122,3,,,,41,0801,092,2,,0569,4,220,8871,4,1,,1959,1.0
59IN02915,1958412938,58,1,G2938,4,70,712,41,,,,1,2,,,,,,12,9,122,141,2,,,,41,0924,076,2,,1162,4,214,9575,4,1,,1959,1.0
59IN02916,1958412942,58,2,G2942,4,70,732,41,,06,,6,2,,2,1,  2,094,05,,94,132,,,082,050,41,,115,5,,9993,4,   72,2,,1,,1959,1.0
59IN02917,1958412946,58,2,G2946,4,08,082,41,,,30,,2,,1,2,,073,09,,73,106,2,,081,041,41,0924,100,2,,8401,4,    1,1,,1,,1959,1.0
59IN02918,1958412948,58,2,G2948,4,17,172,41,,06,21,6,2,17,1,1,  4,094,04,,94,131,,,083,044,41,,113,2,,8875,4,08 17,2,,1,,1959,1.0
59IN02919,1958412949,58,1,G2949,4,70,722,41,,,,1,2,,,,,,11,9,138,156,2,,,,41,0924,124,3,,1219,4,237,7563,4,1,,1959,1.0
59IN02920,1958412951,58,1,G2951,4,82,028,41,,,,1,2,,,,,, 3,1,108,129,,,,,41,,116,4,,9974,4,204,5792,4,1,,1959,1.0
59IN02921,1958412953,58,2,G2953,4,17,172,41,,06,18,7,2,18,1,1,  2,096,06,,96,138,,,084,047,41,,107,3,,8875,4,12 17,2,,1,,1959,1.0
59IN02922,1958412954,58,2,G2954,4,71,712,41,,07,,,2,,2,1,  2,089,08,,89,120,,,091,035,41,,097,2,,1162,4,   81,2,,1,,1959,1.0
59IN02923,1958412957,58,1,G2957,4,70,722,41,,,,1,2,,,,,,12,R,123,143,2,,,,41,0924,120,2,,1219,4,234,9724,4,1,,1959,1.0
59IN02924,1958412961,58,2,G2961,4,17,172,41,,08,12,8,2,11,1,1,  2,101,07,,101,126,,,084,043,41,,102,2,,8875,4,53 17,2,,1,,1959,1.0
59IN02925,1958412962,58,1,G2962,4,82,029,41,,,,1,2,,,,,,,,118,140,3,,,,41,0801,139,2,,8445,4,216,9656,4,1,,1959,1.0
59IN02926,1958412965,58,2,G2965,4,06,062,41,,12,29,,2,,1,1,  1,083,08,,83,93,3,,082,034,41,1123,095,2,,0039,4,,,,1,,1959,1.0
59IN02927,1958412966,58,2,G2966,4,70,712,41,,07,,2,2,,2,1,  2,092,09,,92,126,,,095,051,41,,104,4,,1162,4,   71,2,,1,,1959,1.0
59IN02928,1958412968,58,1,G2968,4,01,012,41,,,48,1,2,,,,,,11,7,129,144,2,,,,41,0924,084,3,,9864,4,242,8839,4,1,,1959,1.0
59IN02929,1958412969,58,1,G2969,4,02,021,41,,,38,1,2,,,,,,13,1,120,144,2,,,,41,0924,112,3,,8445,4,218,8624,4,1,,1959,1.0
59IN02930,1958412974,58,1,G2974,4,70,732,41,,,,1,2,,,,,, 9,2,140,178,2,,,,41,0924,129,5,,9993,4,227,0611,4,1,,1959,1.0
59IN02931,1958412975,58,1,G2975,4,15,152,41,,,14,1,2,,,,,,12,P,139,152,2,,,,41,0924,129,7,,9013,4,238,0054,4,1,,1959,1.0
59IN02932,1958412976,58,1,G2976,4,12,121,41,,,12,1,2,,,,,,,,116,141,3,,,,41,0801,117,3,,9012,4,220,5165,4,1,,1959,1.0
59IN02933,1958412978,58,2,G2978,4,11,111,41,,08,19,,2,19,1,1,  2,085,06,,85,114,,,095,041,41,,083,3,,8555,4,24 11,1,,1,,1959,1.0
59IN02934,1958412983,58,2,G2983,4,82,028,41,,10,,,2,,7,1,  2,086,07,,86,116,2,,093,036,41,0924,103,3,,9974,4,    0,7,,1,,1959,1.0
59IN02935,1958412984,58,1,G2984,4,82,028,41,,,,5,2,,,,,,,,134,,6,,,,41,0710,132,3,,9974,4,232,9872,4,1,,1959,1.0
59IN02936,1958412985,58,1,G2985,4,73,137,41,,,,5,2,,,,,,11,4,133,170,2,,,,41,0924,140,5,,9426,4,235,1811,5,1,,1959,1.0
59IN02937,1958412991,58,2,G2991,4,13,132,41,,09,13,,2,27,1,1,  2,077,07,,77,113,,,098,042,41,,097,5,,9426,4,56 13,2,,1,,1959,1.0
59IN02938,1958412993,58,1,G2993,4,15,152,41,,,11,1,2,,,,,,,,128,147,,,,,41,,124,4,,9013,4,249,7359,4,1,,1959,1.0
59IN02939,1958412994,58,1,G2994,4,70,722,41,,,,1,2,,,,,,,,119,143,3,,,,41,0801,124,3,,1219,4,215,0445,4,1,,1959,1.0
59IN02940,1958412999,58,1,G2999,4,12,121,41,,,15,1,2,,,,,,11,0,136,161,2,,,,41,0924,146,3,,9012,4,226,8601,4,1,,1959,1.0
59IN02941,1958413003,58,2,G3003,4,09,092,41,,07,10,,2,18,1,1,  4,104,04,,104,140,,,092,038,41,,097,5,,8609,4,35 09,1,,1,,1959,1.0
59IN02942,1958413005,58,1,G3005,4,82,079,41,,,,5,2,,,,,,,,132,153,,,,,41,,118,3,,0707,4,232,9066,4,1,,1959,1.0
59IN02943,1958413008,58,1,G3008,4,07,071,41,,,27,5,2,,,,,,,,106,120,3,,,,41,0801,093,4,,0707,4,213,8856,4,1,,1959,1.0
59IN02944,1958413015,58,2,G3015,4,09,092,41,,05,05,,2,30,1,1,  2,098,05,,98,137,,,090,042,41,,123,5,,8609,4,05 09,2,,1,,1959,1.0
59IN02945,1958413016,58,1,G3016,4,03,032,41,,,22,1,2,,,,,,,,147,164,,,,,41,,093,2,,1157,4,244,8913,4,1,,1959,1.0
59IN02946,1958413017,58,2,G3017,4,71,712,41,,07,,,2,,2,1,  4,096,09,,96,130,,,097,062,41,,124,4,,1162,4,   81,2,,1,,1959,1.0
59IN02947,1958413020,58,2,G3020,4,01,012,41,,07,39,,2,45,1,1,  2,094,06,,94,136,,,081,032,41,,084,2,,9864,4,18 01,2,,1,,1959,1.0
59IN02948,1958413021,58,2,G3021,4,71,732,41,,10,,,2,,2,1,  3,076,10,,76,106,,,093,048,41,,102,4,,9993,4,   83,2,,1,,1959,1.0
59IN02949,1958413022,58,2,G3022,4,16,162,41,,08,17,1,2,31,1,1,  2,077,06,,77,108,,,088,046,41,,101,3,,9109,4,68 16,2,,1,,1959,1.0
59IN02950,1958413024,58,2,G3024,4,16,162,41,,10,18,2,2,29,1,1,  2,091,09,,91,120,,,094,046,41,,114,3,,9109,4,74 16,2,,1,,1959,1.0
59IN02951,1958413026,58,2,G3026,4,08,082,41,,09,33,6,2,25,1,1,  2,076,11,,76,104,,,100,048,41,,116,4,,8401,4,02 08,2,,1,,1959,1.0
59IN02952,1958413027,58,1,G3027,4,12,122,41,,,12,5,2,,,,,,,,148,175,3,,,,41,0801,122,4,,0569,4,244,8457,4,1,,1959,1.0
59IN02953,1958413031,58,2,G3031,4,07,071,41,,07,27,5,2,27,1,1,  1,088,09,,88,124,,,092,035,41,,091,3,,0707,4,18 07,2,,1,,1959,1.0
59IN02954,1958413032,58,1,G3032,4,14,142,41,,,23,1,2,,,,,,,,111,131,3,,,,41,0801,113,5,,9517,4,236,7757,4,1,,1959,1.0
59IN02955,1958413034,58,2,G3034,4,16,162,41,,08,26,3,2,34,1,1,  2,079,09,,79,112,,,085,034,41,,097,3,,9109,4,05 16,2,,1,,1959,1.0
59IN02956,1958413036,58,2,G3036,4,13,132,41,,10,11,,2,25,1,1,  2,083,09,,83,117,,,096,046,41,,113,3,,9426,4,12 13,1,,1,,1959,1.0
59IN02957,1958413040,58,2,G3040,4,02,021,41,,06,42,,2,30,1,1,  2,082,06,,82,110,,,087,040,41,,117,2,,8445,4,52 02,2,,1,,1959,1.0
59IN02958,1958413043,58,2,G3043,4,73,127,41,,06,,7,2,,9,1,  4,093,10,,93,131,,,096,039,41,,108,3,,0569,4,   72,2,,1,,1959,1.0
59IN02959,1958413044,58,2,G3044,4,73,147,41,,08,,1,2,,9,1,  2,096,09,,96,121,,,095,052,41,,113,4,,9517,4,   73,2,,1,,1959,1.0
59IN02960,1958413045,58,2,G3045,4,73,147,41,,07,,1,2,,9,1,  1,097,08,,97,129,,,100,057,41,,114,3,,9517,4,   73,2,,1,,1959,1.0
59IN02961,1958413049,58,2,G3049,4,08,082,41,,08,22,7,2,24,1,1,  2,087,10,,87,126,,,093,056,41,,134,5,,8401,4,33 08,2,,1,,1959,1.0
59IN02962,1958413054,58,2,G3054,4,02,022,41,,12,42,,2,,1,4,  2,063,09,,63,94,2,,081,032,41,0924,067,2,,9974,4,    1,1,,1,,1959,1.0
59IN02963,1958413055,58,1,G3055,4,02,022,41,,,42,5,2,,,,,,,,72,96,3,,,,41,0801,075,2,,9974,4,209,6026,4,1,,1959,1.0
59IN02964,1958413057,58,2,G3057,4,70,712,41,,07,,3,2,,2,1,  2,092,10,,92,125,,,102,064,41,,143,5,,1162,4,   71,2,,1,,1959,1.0
59IN02965,1958413059,58,2,G3059,4,03,032,41,,07,29,,2,32,1,1,  2,088,06,,88,126,,,088,031,41,,089,5,,1157,4,20 03,1,,1,,1959,1.0
59IN02966,1958413062,58,2,G3062,4,16,162,41,,08,20,4,2,30,1,1,  4,092,07,,92,117,,,081,038,41,,095,2,,9109,4,71 16,2,,1,,1959,1.0
59IN02967,1958413063,58,2,G3063,4,12,122,41,,07,24,,2,,1,1,  2,083,04,,83,124,,,084,039,41,,108,3,,0569,4,   13,8,,1,,1959,1.0
59IN02968,1958413064,58,2,G3064,4,73,067,41,,06,,1,2,,9,1,  2,112,09,,112,135,,,096,063,41,,131,3,,0039,4,   73,2,,1,,1959,1.0
59IN02969,1958413067,58,2,G3067,4,13,132,41,,09,18,,2,,1,1,  1,071,09,,71,108,2,,099,050,41,0924,098,5,,9426,4,    1,1,,1,,1959,1.0
59IN02970,1958413069,58,1,G3069,4,01,012,41,,,37,3,2,,,,,,,,104,131,3,,,,41,0801,082,3,,9864,4,235,9474,4,1,,1959,1.0
59IN02971,1958413072,58,1,G3072,4,82,049,41,,,,1,2,,,,,, 0,5,147,177,,,,,41,,151,8,,9539,4,251,1224,4,1,,1959,1.0
59IN02972,1958413073,58,2,G3073,4,12,122,41,,06,11,,2,33,1,1,  1,108,06,,108,143,,,080,035,41,,116,4,,0569,4,86 12,2,,1,,1959,1.0
59IN02973,1958413074,58,2,G3074,4,70,712,41,,06,,4,2,,2,1,  2,098,08,,98,139,,,101,047,41,,106,3,,1162,4,   71,2,,1,,1959,1.0
59IN02974,1958413075,58,2,G3075,4,66,017,41,,08,,,2,,9,1,  1,092,09,,92,128,,,103,047,41,,109,4,,9864,4,   13,7,,1,,1959,1.0
59IN02975,1958413076,58,1,G3076,4,09,092,41,,,03,5,2,,,,,,,,160,188,,,,,41,,117,2,,8609,4,244,7610,4,1,,1959,1.0
59IN02976,1958413077,58,1,G3077,4,09,092,41,,,03,5,2,,,,,,,,111,134,3,,,,41,0801,107,3,,8609,4,229,7610,4,1,,1959,1.0
59IN02977,1958413078,58,2,G3078,4,06,062,41,,06,26,,2,43,1,1,  2,103,04,,103,131,,,089,052,41,,118,4,,0039,4,71 06,2,,1,,1959,1.0
59IN02978,1958413081,58,2,G3081,4,16,162,41,,08,18,5,2,30,1,1,  4,091,06,,91,122,,,100,049,41,,109,5,,9109,4,17 16,2,,1,,1959,1.0
59IN02979,1958413084,58,1,G3084,4,70,722,41,,,,1,2,,,,,,,,125,140,3,,,,41,0801,132,3,,1219,4,209,9661,4,1,,1959,1.0
59IN02980,1958413089,58,1,G3089,4,10,102,41,,,08,5,2,,,,,,,,137,161,,,,,41,,111,3,,7617,4,236,1748,5,1,,1959,1.0
59IN02981,1958413092,58,1,G3092,4,06,062,41,,,30,5,2,,,,,,12,P,108,138,2,,,,41,0924,108,5,,0039,4,234,7554,4,1,,1959,1.0
59IN02982,1958413098,58,1,G3098,4,06,062,41,,,24,3,2,,,,,,,,111,118,3,,,,41,0801,120,4,,0039,4,235,6828,4,1,,1959,1.0
59IN02983,1958413099,58,1,G3099,4,10,101,41,,,05,5,2,,,,,,12,Q,128,135,2,,,,41,0924,098,3,,8808,4,234,1871,5,1,,1959,1.0
59IN02984,1958413102,58,2,G3102,4,07,072,41,,08,26,6,2,29,1,1,  2,087,07,,87,111,,,072,023,41,,077,2,,0436,4,02 07,2,,1,,1959,1.0
59IN02985,1958413107,58,2,G3107,4,70,722,41,,08,,8,2,,2,1,  2,094,09,,94,136,,,087,045,41,,113,3,,1219,4,   72,2,,1,,1959,1.0
59IN02986,1958413108,58,2,G3108,4,13,132,41,,06,20,,2,28,1,1,  2,103,09,,103,130,,,100,042,41,,110,2,,9426,4,17 13,2,,1,,1959,1.0
59IN02987,1958413109,58,2,G3109,4,07,072,41,,07,25,7,2,23,1,1,  1,087,07,,87,120,,,083,038,41,,095,2,,0436,4,82 07,2,,1,,1959,1.0
59IN02988,1958413110,58,2,G3110,4,06,062,41,,08,34,,2,47,1,1,  2,093,06,,93,130,,,094,044,41,,128,3,,0039,4,68 06,2,,1,,1959,1.0
59IN02989,1958413112,58,2,G3112,4,15,151,41,,07,13,,2,,1,1,  2,103,09,,103,,7,,088,054,41,1001,113,4,,1053,4,,,,1,,1959,1.0
59IN02990,1958413115,58,1,G3115,4,08,082,41,,,26,1,2,,,,,,,,111,111,,,,,41,,104,2,,8401,4,225,0477,4,1,,1959,1.0
59IN02991,1958413116,58,1,G3116,4,14,142,41,,,19,1,2,,,,,,,,133,155,2,,,,41,0924,118,4,,9517,4,239,8982,4,1,,1959,1.0
59IN02992,1958413119,58,2,G3119,4,70,722,41,,08,,,2,,,5,  4,101,07,,101,,3,,091,,41,0615,088,4,,1219,4,,,,1,,1959,1.0
59IN02993,1958413121,58,1,G3121,4,17,172,41,,,06,3,2,,,,,,12,8,120,145,2,,,,41,0924,118,2,,8875,4,228,7752,4,1,,1959,1.0
59IN02994,1958413122,58,1,G3122,4,17,172,41,,,06,4,2,,,,,,,,127,164,,,,,41,,104,5,,8875,4,230,7752,4,1,,1959,1.0
59IN02995,1958413127,58,2,G3127,4,71,722,41,,07,,,2,,2,1,  4,098,06,,98,131,,,075,038,41,,088,2,,1219,4,   80,2,,1,,1959,1.0
59IN02996,1958413130,58,2,G3130,4,16,162,41,,08,15,6,2,29,1,1,  2,078,06,,78,112,,,082,045,41,,117,3,,9109,4,08 16,2,,1,,1959,1.0
59IN02997,1958413134,58,1,G3134,4,17,172,41,,,18,1,2,,,,,, 9,7,137,160,2,,,,41,0924,121,3,,8875,4,237,1058,4,1,,1959,1.0
59IN02998,1958413137,58,2,G3137,4,04,041,41,,09,35,7,2,36,1,1,  2,086,10,,86,120,,,110,069,41,,131,7,,9539,4,69 04,2,,1,,1959,1.0
59IN02999,1958413138,58,2,G3138,4,03,032,41,,10,20,,2,,1,1,  2,074,08,,74,116,2,,089,032,41,0924,088,3,,1157,4,    1,1,,1,,1959,1.0
59IN03000,1958413139,58,1,G3139,4,03,032,41,,,20,5,2,,,,,,12,9,118,148,2,,,,41,0924,103,3,,1157,4,231,8027,4,1,,1959,1.0
59IN03001,1958413140,58,1,G3140,4,12,121,41,,,16,3,2,,,,,,,,114,138,3,,,,41,0801,128,3,,9012,4,225,6283,4,1,,1959,1.0
59IN03002,1958413142,58,2,G3142,4,71,712,41,,08,,,2,,2,1,  2,094,07,,94,127,,,087,041,41,,099,2,,1162,4,   80,2,,1,,1959,1.0
59IN03003,1958413146,58,1,G3146,4,09,092,41,,,08,3,2,,,,,, 9,8,132,158,2,,,,41,0924,119,4,,8609,4,230,0187,4,1,,1959,1.0
59IN03004,1958413148,58,2,G3148,4,70,732,41,,07,,1,2,,2,1,  2,096,06,,96,132,,,092,053,41,,121,5,,9993,4,   72,2,,1,,1959,1.0
59IN03005,1958413152,58,2,G3152,4,15,152,41,,07,14,,2,23,1,1,  2,088,09,,88,123,,,088,055,41,,123,4,,9013,4,17 15,2,,1,,1959,1.0
59IN03006,1958413154,58,1,G3154,4,04,042,41,,,29,1,2,,,,,,13,0,136,155,2,,,,41,0924,101,5,,1132,4,236,9980,4,1,,1959,1.0
59IN03007,1958413155,58,1,G3155,4,70,722,41,,,,1,2,,,,,,11,6,145,158,2,,,,41,0924,102,3,,1219,4,233,9464,4,1,,1959,1.0
59IN03008,1958413157,58,2,G3157,4,12,121,41,,07,15,,2,,1,1,  4,092,08,,92,133,,,088,048,41,,120,2,,9012,4,   11,9,,1,,1959,1.0
59IN03009,1958413158,58,2,G3158,4,70,722,41,,07,,2,2,,2,1,  2,090,08,,90,114,,,095,045,41,,103,2,,1219,4,   72,2,,1,,1959,1.0
59IN03010,1958413159,58,1,G3159,4,70,722,41,,,,5,2,,,,,,,,110,126,3,,,,41,0801,110,3,,1219,4,219,8691,4,1,,1959,1.0
59IN03011,1958413160,58,1,G3160,4,14,142,41,,,17,1,2,,,,,,,,136,169,,,,,41,,142,5,,9517,4,243,0789,4,1,,1959,1.0
59IN03012,1958413161,58,2,G3161,4,71,722,41,,06,,,2,,2,1,  2,102,09,,102,132,,,085,039,41,,115,2,,1219,4,   81,2,,1,,1959,1.0
59IN03013,1958413166,58,2,G3166,4,17,172,41,,06,05,1,2,,1,1,  2,113,08,,113,138,,,084,042,41,,110,2,,8875,4,   00,0,,1,,1959,1.0
59IN03014,1958413167,58,1,G3167,4,17,172,41,,,05,5,2,,,,,,,,133,162,,,,,41,,133,4,,8875,4,241,6825,4,1,,1959,1.0
59IN03015,1958413169,58,2,G3169,4,73,087,41,,05,,1,2,,9,1,  2,126,09,,126,167,,,101,062,41,,141,5,,8401,4,   73,2,,1,,1959,1.0
59IN03016,1958413171,58,4,G3171,4,,,41,,,,,2,,,,,,,,118,147,,,,,41,,118,3,,,,,,,1,,1959,1.0
59IN03017,1958413175,58,2,G3175,4,73,157,41,,06,,1,2,,9,1,  2,106,10,,106,126,,,088,054,41,,129,3,,9013,4,   73,2,,1,,1959,1.0
59IN03018,1958413176,58,2,G3176,4,13,132,41,,08,23,,2,30,1,1,  2,093,09,,93,115,,,092,047,41,,115,5,,9426,4,62 13,1,,1,,1959,1.0
59IN03019,1958413179,58,2,G3179,4,70,722,41,,08,,3,2,,2,1,  2,093,07,,93,126,,,084,038,41,,100,2,,1219,4,   72,2,,1,,1959,1.0
59IN03020,1958413180,58,2,G3180,4,06,062,41,,10,34,,2,,1,1,  2,068,05,,68,99,2,,076,024,41,0924,075,2,,0039,4,    1,1,,1,,1959,1.0
59IN03021,1958413181,58,1,G3181,4,18,182,41,,,08,1,2,,,,,,,,108,94,,,,,41,,084,3,,9741,4,220,0780,4,1,,1959,1.0
59IN03022,1958413183,58,1,G3183,4,03,032,41,,,20,1,2,,,,,,12,R,138,165,2,,,,41,0924,106,3,,1157,4,234,9386,4,1,,1959,1.0
59IN03023,1958413189,58,1,G3189,4,70,732,41,,,,3,2,,,,,,13,0,140,152,2,,,,41,0924,130,6,,9993,4,233,7095,4,1,,1959,1.0
59IN03024,1958413192,58,2,G3192,4,01,012,41,,10,34,,2,,1,1,  2,086,08,,86,,7,,086,031,41,1001,095,3,,9864,4,,,,1,,1959,1.0
59IN03025,1958413194,58,2,G3194,4,70,722,41,,08,,4,2,,2,1,  2,086,09,,86,119,,,080,037,41,,101,2,,1219,4,   72,2,,1,,1959,1.0
59IN03026,1958413196,58,2,G3196,4,03,032,41,,07,18,,2,27,1,1,  2,097,06,,97,134,,,093,042,41,,102,3,,1157,4,23 03,2,,1,,1959,1.0
59IN03027,1958413199,58,1,G3199,4,73,077,41,,,,5,2,,,,,,,,108,123,3,,,,41,0801,092,3,,0436,4,209,2058,5,1,,1959,1.0
59IN03028,1958413202,58,2,G3202,4,10,101,41,,07,05,,2,,1,1,  4,107,11,,107,149,,,087,045,41,,130,5,,8808,4,   01,9,,1,,1959,1.0
59IN03029,1958413203,58,1,G3203,4,14,142,41,,,22,5,2,,,,,,11,3,126,146,2,,,,41,0924,123,6,,9517,4,233,7555,4,1,,1959,1.0
59IN03030,1958413204,58,1,G3204,4,14,142,41,,,22,5,2,,,,,,,,94,118,3,,,,41,0801,095,2,,9517,4,226,7555,4,1,,1959,1.0
59IN03031,1958413206,58,2,G3206,4,70,732,41,,07,,,2,,,1,  3,087,06,,87,,3,,084,,41,0615,115,2,,9993,4,,,,1,,1959,1.0
59IN03032,1958413207,58,1,G3207,4,73,097,41,,,,1,2,,,,,,12,0,141,158,2,,,,41,0924,117,2,,8609,4,234,2059,5,1,,1959,1.0
59IN03033,1958413209,58,1,G3209,4,17,172,41,,,21,3,2,,,,,,,,141,174,,,,,41,,122,4,,8875,4,257,9578,4,1,,1959,1.0
59IN03034,1958413210,58,1,G3210,4,73,107,41,,,,1,2,,,,,,11,5,134,156,2,,,,41,0924,110,2,,7617,4,224,2062,5,1,,1959,1.0
59IN03035,1958413212,58,2,G3212,4,04,041,41,,08,29,8,2,34,1,1,  2,099,08,,99,124,,,102,043,41,,109,5,,9539,4,33 04,2,,1,,1959,1.0
59IN03036,1958413216,58,2,G3216,4,18,182,41,,06,19,6,2,20,1,1,  2,092,09,,92,130,,,074,035,41,,107,3,,9741,4,48 18,2,,1,,1959,1.0
59IN03037,1958413217,58,1,G3217,4,13,132,41,,,16,1,2,,,,,,,,118,128,3,,,,41,0801,125,4,,9426,4,224,7689,4,1,,1959,1.0
59IN03038,1958413218,58,2,G3218,4,71,722,41,,06,,,2,,2,1,  1,107,09,,107,140,,,079,048,41,,109,3,,1219,4,   83,2,,1,,1959,1.0
59IN03039,1958413219,58,1,G3219,4,73,107,41,,,,1,2,,,,,,,,147,158,3,,,,41,0801,107,3,,7617,4,226,1992,5,1,,1959,1.0
59IN03040,1958413220,58,1,G3220,4,14,142,41,,,15,1,2,,,,,,11,8,128,140,2,,,,41,0924,114,4,,9517,4,242,8653,4,1,,1959,1.0
59IN03041,1958413221,58,2,G3221,4,71,712,41,,07,,,2,,2,1,  2,092,10,,92,116,,,099,042,41,,097,3,,1162,4,   80,2,,1,,1959,1.0
59IN03042,1958413222,58,2,G3222,4,09,092,41,,09,29,,2,,1,1,  2,087,06,,87,112,,,090,036,41,,084,3,,8609,4,   01,9,,1,,1959,1.0
59IN03043,1958413224,58,2,G3224,4,16,162,41,,09,15,7,2,29,1,1,  2,086,08,,86,122,,,094,039,41,,095,3,,9109,4,22 16,2,,1,,1959,1.0
59IN03044,1958413225,58,2,G3225,4,05,052,41,,08,22,,2,35,1,1,  2,078,09,,78,104,,,091,044,41,,099,2,,0520,4,57 05,2,,1,,1959,1.0
59IN03045,1958413226,58,2,G3226,4,04,042,41,,12,38,,2,,1,1,  1,074,08,,74,103,2,,093,037,41,0924,081,4,,1132,4,    1,1,,1,,1959,1.0
59IN03046,1958413227,58,1,G3227,4,70,712,41,,,,5,2,,,,,,,,142,168,,,,,41,,114,3,,1162,4,238,7857,4,1,,1959,1.0
59IN03047,1958413235,58,2,G3235,4,18,182,41,,07,10,7,2,15,1,1,  2,084,09,,84,119,,,072,035,41,,088,3,,9741,4,53 18,2,,1,,1959,1.0
59IN03048,1958413236,58,1,G3236,4,17,172,41,,,10,5,2,,,,,,,,128,156,,,,,41,,102,5,,8875,4,234,7955,4,1,,1959,1.0
59IN03049,1958413239,58,2,G3239,4,09,092,41,,08,29,,2,,1,1,  2,076,09,,76,,7,,091,035,41,1001,083,3,,8609,4,,,,1,,1959,1.0
59IN03050,1958413242,58,1,G3242,4,18,182,41,,,15,5,2,,,,,,,,,,6,,,,41,0520,,,,9741,4,,9638,4,1,,1959,1.0
59IN03051,1958413245,58,2,G3245,4,17,172,41,,08,08,2,2,09,1,1,  2,090,09,,90,134,2,,072,033,41,0924,090,2,,8875,4,85 17,2,,1,,1959,1.0
59IN03052,1958413247,58,2,G3247,4,15,152,41,,07,29,,2,,1,1,  2,083,09,,83,113,,,078,034,41,,083,2,,9013,4,   13,9,,1,,1959,1.0
59IN03053,1958413248,58,2,G3248,4,71,732,41,,06,,,2,,2,1,  1,103,06,,103,130,,,097,044,41,,102,5,,9993,4,   81,2,,1,,1959,1.0
59IN03054,1958413251,58,2,G3251,4,15,152,41,,08,12,,2,,1,1,  2,083,09,,83,,7,,082,047,41,1001,105,2,,9013,4,,,,1,,1959,1.0
59IN03055,1958413252,58,2,G3252,4,09,092,41,,06,07,,2,,1,1,  2,081,05,,81,112,2,,088,042,41,0924,078,2,,8609,4,    9,0,,1,,1959,1.0
59IN03056,1958413253,58,2,G3253,4,09,092,41,,07,07,,2,18,1,1,  4,083,10,,83,120,,,094,039,41,,090,2,,8609,4,72 09,1,,1,,1959,1.0
59IN03057,1958413257,58,2,G3257,4,70,712,41,,08,,5,2,,2,1,  2,095,06,,95,130,,,105,051,41,,123,4,,1162,4,   71,2,,1,,1959,1.0
59IN03058,1958413258,58,2,G3258,4,09,092,41,,07,05,,2,,1,1,  2,091,09,,91,131,,,111,055,41,,112,5,,8609,4,   03,8,,1,,1959,1.0
59IN03059,1958413259,58,2,G3259,4,09,092,41,,07,05,,2,22,1,1,  2,086,08,,86,122,,,094,039,41,,087,3,,8609,4,39 09,2,,1,,1959,1.0
59IN03060,1958413260,58,2,G3260,4,05,052,41,,08,22,,2,34,1,1,  1,080,09,,80,105,,,095,039,41,,096,5,,0520,4,94 05,2,,1,,1959,1.0
59IN03061,1958413264,58,2,G3264,4,05,052,41,,08,26,,2,36,1,1,  3,073,10,,73,104,,,086,030,41,,079,2,,0520,4,40 05,2,,1,,1959,1.0
59IN03062,1958413267,58,2,G3267,4,14,142,41,,08,19,,2,29,1,1,  4,084,08,,84,119,,,089,044,41,,106,4,,9517,4,74 14,2,,1,,1959,1.0
59IN03063,1958413269,58,2,G3269,4,01,012,41,,07,31,,2,,1,1,  2,082,06,,82,120,2,,079,030,41,0924,076,2,,9864,4,    1,1,,1,,1959,1.0
59IN03064,1958413272,58,1,G3272,4,01,012,41,,,37,5,2,,,,,,,,133,148,,,,,41,,112,3,,9864,4,245,9473,4,1,,1959,1.0
59IN03065,1958413273,58,1,G3273,4,01,012,41,,,37,5,2,,,,,,12,9,120,151,2,,,,41,0924,108,4,,9864,4,233,9473,4,1,,1959,1.0
59IN03066,1958413274,58,2,G3274,4,09,092,41,,07,31,,2,,1,1,  4,088,06,,88,129,,,099,040,41,,089,4,,8609,4,   03,9,,1,,1959,1.0
59IN03067,1958413275,58,2,G3275,4,71,712,41,,07,,,2,,2,1,  2,091,12,,91,113,,,084,042,41,,097,2,,1162,4,   80,2,,1,,1959,1.0
59IN03068,1958413276,58,2,G3276,4,73,047,41,,06,,1,2,,9,1,  1,106,08,,106,135,,,100,062,41,,151,4,,1132,4,   73,2,,1,,1959,1.0
59IN03069,1958413277,58,2,G3277,4,70,732,41,,08,,5,2,,2,1,  3,090,09,,90,120,,,079,042,41,,095,2,,9993,4,   72,2,,1,,1959,1.0
59IN03070,1958413285,58,2,G3285,4,70,732,41,,07,,,2,,2,1,  1,098,06,,98,,7,,091,042,41,1001,117,5,,9993,4,,,,1,,1959,1.0
59IN03071,1958413287,58,2,G3287,4,07,072,41,,08,26,8,2,24,1,1,  2,089,07,,89,125,,,095,036,41,,094,3,,0436,4,51 07,2,,1,,1959,1.0
59IN03072,1958413288,58,2,G3288,4,03,032,41,,05,20,,2,30,1,1,  1,103,06,,103,142,,,088,036,41,,100,3,,1157,4,25 03,1,,1,,1959,1.0
59IN03073,1958413289,58,2,G3289,4,07,071,41,,08,33,1,2,29,1,1,  1,087,07,,87,118,,,088,024,41,,077,2,,0707,4,41 07,2,,1,,1959,1.0
59IN03074,1958413292,58,1,G3292,4,82,078,41,,,,1,2,,,,,, 8,6,143,156,2,,,,41,0924,111,3,,0436,4,228,0858,4,1,,1959,1.0
59IN03075,1958413296,58,1,G3296,4,15,152,41,,,14,5,2,,,,,,10,2,130,148,2,,,,41,0924,094,2,,9013,4,222,0145,4,1,,1959,1.0
59IN03076,1958413297,58,1,G3297,4,13,132,41,,,26,3,2,,,,,,,,132,151,,,,,41,,135,5,,9426,4,244,8330,4,1,,1959,1.0
59IN03077,1958413300,58,1,G3300,4,17,172,41,,,10,4,2,,,,,,10,4,131,160,2,,,,41,0924,112,5,,8875,4,223,5631,4,1,,1959,1.0
59IN03078,1958413303,58,2,G3303,4,10,102,41,,09,33,,2,,1,1,  4,078,07,,78,119,2,,087,043,41,0924,100,3,,7617,4,    0,7,,1,,1959,1.0
59IN03079,1958413304,58,1,G3304,4,82,088,41,,,,1,2,,,,,,,,,,6,,,,41,0424,,,,8401,4,,9458,4,1,,1959,1.0
59IN03080,1958413305,58,4,G3305,4,,,41,,,,,2,,,,,,,,116,143,,,,,41,,124,6,,,,,,,1,,1959,1.0
59IN03081,1958413306,58,1,G3306,4,18,182,41,,,09,2,2,,,,,,,,107,136,,,,,41,,091,2,,9741,4,217,1068,4,1,,1959,1.0
59IN03082,1958413307,58,1,G3307,4,09,092,41,,,04,5,2,,,,,,,,132,170,2,,,,41,0924,114,2,,8609,4,236,7781,4,1,,1959,1.0
59IN03083,1958413309,58,1,G3309,4,14,142,41,,,15,5,2,,,,,,,,112,139,3,,,,41,0801,106,3,,9517,4,229,8424,4,1,,1959,1.0
59IN03084,1958413310,58,2,G3310,4,14,142,41,,07,15,,2,28,1,1,  1,104,04,,104,137,,,092,045,41,,124,4,,9517,4,15 14,2,,1,,1959,1.0
59IN03085,1958413316,58,1,G3316,4,82,029,41,,,,5,2,,,,,, 9,4,133,154,2,,,,41,0924,132,5,,8445,4,218,9359,4,1,,1959,1.0
59IN03086,1958413318,58,1,G3318,4,15,151,41,,,16,5,2,,,,,,,,,,6,,,,41,0119,,,,1053,4,,9027,4,1,,1959,1.0
59IN03087,1958413319,58,2,G3319,4,15,151,41,,08,16,,2,,1,1,  1,093,07,,93,,7,,091,040,41,1001,091,2,,1053,4,,,,1,,1959,1.0
59IN03088,1958413322,58,2,G3322,4,14,142,41,,07,15,,2,29,1,1,  1,081,08,,81,107,,,098,042,41,,084,4,,9517,4,29 14,2,,1,,1959,1.0
59IN03089,1958413323,58,2,G3323,4,14,142,41,,06,16,,2,29,1,1,  2,108,05,,108,143,,,087,034,41,,087,2,,9517,4,29 14,2,,1,,1959,1.0
59IN03090,1958413325,58,1,G3325,4,11,111,41,,,23,1,2,,,,,,,,137,150,,,,,41,,137,3,,8555,4,245,8829,4,1,,1959,1.0
59IN03091,1958413326,58,1,G3326,4,03,032,41,,,17,5,2,,,,,,12,R,106,130,2,,,,41,0924,081,2,,1157,4,227,6452,4,1,,1959,1.0
59IN03092,1958413328,58,1,G3328,4,13,132,41,,,19,1,2,,,,,,,,111,128,3,,,,41,0801,106,3,,9426,4,220,6478,4,1,,1959,1.0
59IN03093,1958413329,58,1,G3329,4,01,012,41,,,36,1,2,,,,,,,,121,140,3,,,,41,0801,084,5,,9864,4,231,0453,4,1,,1959,1.0
59IN03094,1958413330,58,2,G3330,4,70,712,41,,09,,6,2,,2,1,  4,094,07,,94,129,,,078,040,41,,101,3,,1162,4,   71,2,,1,,1959,1.0
59IN03095,1958413333,58,2,G3333,4,05,052,41,,10,36,,2,,1,1,  1,072,09,,72,100,2,,074,028,41,0924,096,2,,0520,4,    1,1,,1,,1959,1.0
59IN03096,1958413338,58,2,G3338,4,01,012,41,,09,30,,2,,1,1,  2,075,07,,75,123,2,,087,039,41,0924,081,3,,9864,4,    1,1,,1,,1959,1.0
59IN03097,1958413344,58,2,G3344,4,06,062,41,,07,21,,2,41,1,1,  2,087,05,,87,115,,,077,032,41,,085,2,,0039,4,52 06,2,,1,,1959,1.0
59IN03098,1958413352,58,1,G3352,4,17,172,41,,,13,4,2,,,,,,,,143,173,,,,,41,,133,4,,8875,4,252,7822,4,1,,1959,1.0
59IN03099,1958413353,58,2,G3353,4,17,172,41,,07,13,3,2,13,1,1,  2,101,08,,101,140,,,097,045,41,,114,3,,8875,4,53 17,2,,1,,1959,1.0
59IN03100,1958413355,58,1,G3355,4,15,152,41,,,14,5,2,,,,,,,,123,136,3,,,,41,0801,119,5,,9013,4,239,6852,4,1,,1959,1.0
59IN03101,1958413356,58,2,G3356,4,07,072,41,,07,20,,2,,1,1,  2,078,07,,78,104,2,,078,033,41,0924,089,3,,0436,4,    9,0,,1,,1959,1.0
59IN03102,1958413364,58,2,G3364,4,66,067,41,,08,,,2,,9,1,  2,084,04,,84,124,2,,090,045,41,0924,099,2,,0039,4,    0,7,,1,,1959,1.0
59IN03103,1958413370,58,2,G3370,4,03,032,41,,10,29,,2,,1,1,  1,078,06,,78,100,2,,084,033,41,0924,067,5,,1157,4,    1,1,,1,,1959,1.0
59IN03104,1958413376,58,2,G3376,4,04,042,41,,07,31,,2,,1,1,  1,083,08,,83,,7,,093,035,41,1001,097,3,,1132,4,,,,1,,1959,1.0
59IN03105,1958413377,58,2,G3377,4,13,132,41,,09,17,,2,,1,1,  1,075,09,,75,98,2,,099,034,41,0924,099,3,,9426,4,    1,1,,1,,1959,1.0
59IN03106,1958413379,58,2,G3379,4,10,101,41,,06,15,,2,,1,1,  2,086,06,,86,129,2,,082,033,41,0924,093,2,,8808,4,    0,7,,1,,1959,1.0
59IN03107,1958413380,58,2,G3380,4,07,071,41,,07,26,2,2,25,1,1,  1,083,08,,83,120,,,092,045,41,,102,5,,0707,4,41 07,2,,1,,1959,1.0
59IN03108,1958413385,58,1,G3385,4,73,107,41,,,,1,2,,,,,,12,7,116,140,2,,,,41,0924,161,3,,7617,4,233,1843,5,1,,1959,1.0
59IN03109,1958413387,58,2,G3387,4,73,147,41,,07,,7,2,,9,1,  4,100,09,,100,136,,,090,041,41,,089,2,,9517,4,   71,2,,1,,1959,1.0
59IN03110,1958413388,58,2,G3388,4,70,712,41,,07,,,2,,2,1,  1,084,07,,84,120,2,,090,045,41,0924,093,2,,1162,4,    0,7,,1,,1959,1.0
59IN03111,1950405113,50,2,T5113,4,06,062,40,1,05,13,,0,,1,1,,099,09,,142,159,2,,094,043,40,0924,098,4,,4107,4,    1,7,,9,,1959,9.0
59IN03112,1950405149,50,2,T5149,4,11,011,40,1,05,04,,0,,1,1,,097,09,,153,162,3,,095,059,40,1218,115,3,,4271,4,,,,9,,1959,9.0
59IN03113,1950405542,50,2,T5542,4,15,055,40,1,06,07,,0,,1,1,,090,09,,122,134,2,,077,040,40,0924,078,3,,4635,4,    1,7,,9,,1959,9.0
59IN03114,1950405578,50,2,T5578,4,18,051,40,2,06,02,,0,,1,1,,086,09,,123,141,2,,090,048,40,0924,105,4,,1118,5,    1,7,,9,,1959,9.0
59IN03115,1950405587,50,2,T5587,4,11,011,40,1,05,12,,0,,1,1,,097,10,,120,138,6,,105,057,40,1101,102,3,,4271,4,,,,9,,1959,9.0
59IN03116,1950405605,50,2,T5605,4,06,062,40,1,06,24,,0,,1,1,,075,06,,122,138,2,,105,048,40,0924,091,5,,4107,4,    1,7,,9,,1959,9.0
59IN03117,1950405631,50,2,T5631,4,17,092,40,1,07,03,,0,,1,1,,074,12,,113,152,2,,085,046,40,0924,092,4,,4374,4,    1,7,,9,,1959,9.0
59IN03118,1950405663,50,2,T5663,4,61,141,40,3,07,,,0,,4,1,,082,09,,123,142,2,,090,043,40,0924,096,3,,4036,4,    1,7,,9,,1959,9.0
59IN03119,1951405835,51,2,T5835,4,01,012,40,1,06,25,,9,,1,1,,112,09,,170,,6,,101,053,40,0920,100,4,,4647,4,,,,8,,1959,8.0
59IN03120,1951405888,51,2,T5888,4,13,031,40,1,06,10,,9,14,1,1,,092,10,,128,145,,,104,056,40,,094,3,,4996,4,18 13,2,,8,,1959,8.0
59IN03121,1951405894,51,2,T5894,4,62,061,40,1,07,,,9,,5,1,,094,10,,141,159,2,,079,049,40,0924,088,3,,4498,4,    1,7,,8,,1959,8.0
59IN03122,1951405918,51,2,T5918,4,62,091,40,1,08,,,9,,5,1,,083,08,,120,138,,,097,065,40,,107,4,,4852,4,   33,2,,8,,1959,8.0
59IN03123,1951405945,51,2,T5945,4,03,032,40,1,05,07,,9,,1,1,,094,09,,122,134,3,,086,041,40,1221,098,3,,5027,4,,,,8,,1959,8.0
59IN03124,1951406018,51,2,T6018,4,11,011,40,2,07,05,,9,13,1,1,,086,10,,133,141,,,084,050,40,,093,3,,1577,5,79 11,2,,8,,1959,8.0
59IN03125,1951406019,51,2,T6019,4,11,011,40,2,06,05,,9,16,1,1,,084,10,,138,130,,,073,036,40,,069,2,,1577,5,19 11,1,,8,,1959,8.0
59IN03126,1951406056,51,2,T6056,4,62,132,40,2,08,,,9,,5,1,,075,11,,113,134,,,095,049,40,,085,4,,1412,5,   27,2,,8,,1959,8.0
59IN03127,1951406096,51,2,T6096,4,62,071,40,1,05,,,9,,5,1,,096,10,,148,168,2,,095,056,40,0924,115,3,,4261,4,    1,7,,8,,1959,8.0
59IN03128,1951406115,51,2,T6115,4,17,112,40,1,07,03,4,9,35,1,1,,095,08,,164,168,,,092,062,40,,121,3,,4708,4,27 17,2,,8,,1959,8.0
59IN03129,1951406127,51,2,T6127,4,62,101,40,1,06,,,9,,5,1,,087,09,,163,183,2,,092,047,40,0924,095,4,,5013,4,    1,7,,8,,1959,8.0
59IN03130,1956940003,56,1,00003,4,,,94,,,,,4,,,,,,,,174,184,,,,,94,,,,,,,,,,3,,1959,3.0
59IN03131,1951406136,51,2,T6136,4,15,051,40,1,08,15,,9,,1,1,,081,08,,132,135,2,,075,036,40,0924,076,2,,4656,4,    1,7,,8,,1959,8.0
59IN03132,1951406138,51,2,T6138,4,11,011,40,2,04,05,,9,08,1,1,,097,12,,154,167,,,089,054,40,,117,4,,1577,5,87 11,2,,8,,1959,8.0
59IN03133,1951406233,51,2,T6233,4,06,062,40,1,08,21,,9,,1,1,,084,09,,147,149,3,,091,054,40,1123,106,2,,5483,4,,,,8,,1959,8.0
59IN03134,1951406279,51,2,T6279,4,62,172,40,1,07,,,9,,5,1,,091,09,,145,162,2,,093,060,40,0924,101,4,,5059,4,    1,7,,8,,1959,8.0
59IN03135,1951406282,51,2,T6282,4,61,092,40,3,08,,,9,,0,1,,095,09,,120,146,3,,099,059,40,1221,123,4,,,,,,,8,,1959,8.0
59IN03136,1951406283,51,2,T6283,4,12,021,40,1,07,08,,9,,1,1,,096,10,,132,158,2,,090,056,40,0924,127,3,,4036,4,    1,7,,8,,1959,8.0
59IN03137,1951406312,51,2,T6312,4,05,052,40,1,08,19,,9,22,1,1,,085,14,,135,151,,,099,050,40,,103,4,,4570,4,19 05,2,,8,,1959,8.0
59IN03138,1951406317,51,2,T6317,4,62,172,40,1,07,,,9,,5,1,,092,14,,138,162,,,087,054,40,,100,3,,5059,4,   26,2,,8,,1959,8.0
59IN03139,1951406411,51,2,T6411,4,62,081,40,1,08,,,9,,5,3,,093,10,,140,163,2,,079,055,40,0924,120,2,,4442,4,    1,7,,8,,1959,8.0
59IN03140,1951406415,51,2,T6415,4,07,072,40,1,08,21,,9,,1,1,,090,11,,137,168,2,,092,043,40,0924,076,4,,4572,4,    1,7,,8,,1959,8.0
59IN03141,1951406429,51,2,T6429,4,04,042,40,1,07,12,,9,,1,1,,082,09,,156,164,2,,091,049,40,0924,095,4,,4272,4,    1,7,,8,,1959,8.0
59IN03142,1951406433,51,2,T6433,4,62,121,40,1,05,,,9,,5,1,,091,08,,140,154,,,085,047,40,,095,3,,4708,4,   38,2,,8,,1959,8.0
59IN03143,1951406438,51,2,T6438,4,12,021,40,1,06,03,,9,12,1,1,,077,10,,117,119,,,087,041,40,,087,3,,4036,4,57 12,1,,8,,1959,8.0
59IN03144,1951406451,51,2,T6451,4,62,081,40,1,06,,,9,,5,1,,094,09,,149,187,2,,097,067,40,0924,115,5,,4442,4,    1,7,,8,,1959,8.0
59IN03145,1951406548,51,2,T6548,4,11,011,40,2,04,06,,9,16,1,1,,098,08,,123,142,,,090,049,40,,084,4,,1577,5,50 11,1,,8,,1959,8.0
59IN03146,1951406549,51,2,T6549,4,11,011,40,2,08,06,,9,14,1,1,,084,14,,145,150,,,085,058,40,,094,4,,1577,5,10 11,2,,8,,1959,8.0
59IN03147,1951406592,51,2,T6592,4,16,102,40,1,07,17,,9,,1,1,,092,10,,151,177,2,,087,049,40,0924,094,4,,4498,4,    1,7,,8,,1959,8.0
59IN03148,1951406640,51,2,T6640,4,01,012,40,1,06,27,,9,,1,1,,088,12,,140,146,2,,096,046,40,0924,079,3,,4647,4,    1,7,,8,,1959,8.0
59IN03149,1951406646,51,2,T6646,4,03,032,40,1,05,11,,9,,1,1,,091,11,,144,164,2,,080,031,40,0924,078,3,,5027,4,    1,7,,8,,1959,8.0
59IN03150,1952406672,52,2,T6672,4,62,171,40,1,04,,,8,,5,1,,100,09,,133,150,3,,096,051,40,1221,143,4,,5359,4,,,,7,,1959,7.0
59IN03151,1952406682,52,2,T6682,4,62,021,40,1,09,,,8,,5,1,,078,10,,127,148,,,087,057,40,,119,4,,5460,4,   29,2,,7,,1959,7.0
59IN03152,1952406685,52,2,T6685,4,03,032,40,1,05,22,,8,24,1,1,,091,08,,128,143,,,092,044,40,,088,6,,5142,4,71 03,2,,7,,1959,7.0
59IN03153,1952406699,52,2,T6699,4,62,121,40,1,06,,,8,,5,1,,108,08,,150,186,,,097,058,40,,100,4,,5807,4,   36,2,,7,,1959,7.0
59IN03154,1952406702,52,2,T6702,4,09,092,40,1,07,05,,8,,1,1,,074,09,,127,145,2,,094,044,40,0924,082,4,,5777,4,    1,7,,7,,1959,7.0
59IN03155,1952406712,52,2,T6712,4,18,182,40,1,06,05,,8,,1,1,,090,08,,110,142,3,,083,051,40,1218,122,4,,5059,4,,,,7,,1959,7.0
59IN03156,1952406717,52,2,T6717,4,15,152,40,1,07,04,,8,13,1,1,,078,09,,129,140,,,081,046,40,,101,3,,4656,4,20 15,2,,7,,1959,7.0
59IN03157,1952406722,52,2,T6722,4,10,102,40,2,06,03,,8,14,1,1,,096,06,,155,168,,,076,052,40,,128,2,,1744,5,30 10,1,,7,,1959,7.0
59IN03158,1952406725,52,2,T6725,4,62,171,40,1,06,,,8,,5,1,,087,10,,144,164,3,,081,044,40,1218,101,3,,5359,4,,,,7,,1959,7.0
59IN03159,1952406729,52,2,T6729,4,05,052,40,1,07,18,,8,36,1,1,,080,07,,123,136,,,083,040,40,,083,2,,5950,4,75 05,2,,7,,1959,7.0
59IN03160,1952406734,52,2,T6734,4,73,117,40,1,05,,6,8,,9,1,,115,09,,154,174,,,093,065,40,,137,5,,5118,4,   73,2,,7,,1959,7.0
59IN03161,1952406747,52,2,T6747,4,62,071,40,3,05,,,8,,5,1,,093,09,,128,161,3,,076,048,40,1218,116,2,,5770,4,,,,7,,1959,7.0
59IN03162,1952406757,52,2,T6757,4,62,051,40,1,08,,,8,,5,1,,085,12,,116,143,,,086,047,40,,121,4,,5523,4,   35,2,,7,,1959,7.0
59IN03163,1952406761,52,2,T6761,4,62,161,40,2,06,,,8,,5,3,,084,07,,120,143,2,,080,045,40,0924,104,3,,1706,5,    1,7,,7,,1959,7.0
59IN03164,1952406769,52,2,T6769,4,62,111,40,1,05,,,8,,5,1,,095,09,,128,156,,,081,050,40,,111,3,,5630,4,   34,2,,7,,1959,7.0
59IN03165,1952406777,52,2,T6777,4,09,092,40,1,06,03,,8,09,1,1,,094,13,,174,186,,,092,046,40,,097,4,,5777,4,15 09,1,,7,,1959,7.0
59IN03166,1952406825,52,2,T6825,4,17,172,40,1,06,02,5,8,06,1,1,,110,10,,127,139,,,092,055,40,,115,3,,4968,4,90 17,2,,7,,1959,7.0
59IN03167,1952406828,52,2,T6828,4,06,062,40,1,07,11,,8,24,1,1,,091,06,,138,157,,,092,047,40,,127,2,,5698,4,49 06,2,,7,,1959,7.0
59IN03168,1952406866,52,2,T6866,4,62,121,40,1,07,,,8,,5,1,,093,10,,128,147,2,,086,041,40,0924,086,4,,5807,4,    1,7,,7,,1959,7.0
59IN03169,1952406867,52,2,T6867,4,02,022,40,1,09,19,,8,,1,1,,065,09,,106,119,2,,082,038,40,0924,088,2,,5298,4,    1,7,,7,,1959,7.0
59IN03170,1952406873,52,2,T6873,4,05,052,40,1,08,13,,8,,1,1,,065,12,,154,127,3,,089,040,40,1123,090,2,,5950,4,,,,7,,1959,7.0
59IN03171,1952406875,52,2,T6875,4,15,152,40,1,07,03,,8,14,1,1,,085,07,,126,141,,,087,049,40,,103,4,,4656,4,30 15,1,,7,,1959,7.0
59IN03172,1952406886,52,2,T6886,4,06,062,40,1,08,14,,8,24,1,1,,091,10,,109,133,,,093,058,40,,135,3,,5698,4,99 06,2,,7,,1959,7.0
59IN03173,1952406888,52,2,T6888,4,04,042,40,1,08,17,1,8,26,1,1,,067,09,,123,134,,,104,057,40,,119,5,,6399,4,07 04,2,,7,,1959,7.0
59IN03174,1952406906,52,2,T6906,4,07,072,40,1,06,19,,8,,1,1,,086,10,,,,6,,083,044,40,0530,105,2,,5154,4,,,,7,,1959,7.0
59IN03175,1952406974,52,2,T6974,4,07,072,40,1,08,20,3,8,41,1,1,,082,07,,126,153,,,078,037,40,,099,4,,5154,4,39 07,2,,7,,1959,7.0
59IN03176,1952406989,52,2,T6989,4,16,162,40,1,09,16,,8,,1,1,,073,06,,108,123,2,,078,039,40,0924,080,3,,4442,4,    1,7,,7,,1959,7.0
59IN03177,1952407008,52,2,T7008,4,62,131,40,1,09,,,8,,5,1,,076,09,,114,135,,,097,049,40,,106,4,,5198,4,   25,2,,7,,1959,7.0
59IN03178,1952407029,52,2,T7029,4,02,022,40,1,08,18,,8,,1,1,,073,11,,102,,6,,089,048,40,0920,096,4,,5298,4,,,,7,,1959,7.0
59IN03179,1952407037,52,2,T7037,4,73,187,40,1,06,,7,8,,9,1,,088,08,,130,140,,,087,048,40,,089,3,,5059,4,   73,2,,7,,1959,7.0
59IN03180,1952407044,52,2,T7044,4,62,151,40,1,07,,,8,,5,1,,081,08,,105,125,2,,088,047,40,0924,093,3,,5577,4,    1,7,,7,,1959,7.0
59IN03181,1952407055,52,2,T7055,4,62,181,40,1,07,,,8,,5,1,,101,09,,137,161,,,079,045,40,,105,2,,5059,4,   22,2,,7,,1959,7.0
59IN03182,1952407056,52,2,T7056,4,09,092,40,1,07,09,,8,06,1,2,,084,10,,138,154,,,079,044,40,,094,4,,5777,4,69 09,2,,7,,1959,7.0
59IN03183,1952407087,52,2,T7087,4,16,162,40,1,07,08,8,8,18,1,1,,091,08,,137,156,,,087,059,40,,103,4,,4442,4,59 16,2,,7,,1959,7.0
59IN03184,1952407094,52,2,T7094,4,62,131,40,1,05,,,8,,5,1,,079,08,,114,140,,,092,050,40,,102,2,,5198,4,   23,2,,7,,1959,7.0
59IN03185,1952407095,52,2,T7095,4,73,047,40,1,08,,8,8,,9,1,,085,12,,113,131,,,081,046,40,,112,4,,6399,4,   73,2,,7,,1959,7.0
59IN03186,1953407103,53,2,T7103,4,62,061,40,1,07,,,7,,5,1,,072,12,,130,155,,,091,051,40,,105,2,,5460,4,   30,2,,6,,1959,6.0
59IN03187,1953407125,53,2,T7125,4,62,011,40,1,07,,,7,,5,3,,085,06,,126,147,,,083,045,40,,106,4,,5823,4,   32,2,,6,,1959,6.0
59IN03188,1953407131,53,2,T7131,4,65,171,40,1,08,,,7,,5,1,,087,08,,150,164,,,080,045,40,,111,3,,6410,4,   28,2,,6,,1959,6.0
59IN03189,1953407136,53,2,T7136,4,62,151,40,1,06,,,7,,5,1,,090,08,,115,144,,,100,056,40,,143,5,,6077,4,   31,2,,6,,1959,6.0
59IN03190,1953407140,53,2,T7140,4,62,151,40,1,09,,,7,,5,1,,086,13,,127,,7,,084,042,40,1001,107,4,,6077,4,,,,6,,1959,6.0
59IN03191,1953407148,53,2,T7148,4,62,041,40,3,06,,,7,,5,1,,098,07,,119,160,,,089,041,40,,099,5,,5959,4,   39,2,,6,,1959,6.0
59IN03192,1953407180,53,2,T7180,4,62,151,40,1,07,,,7,,5,1,252,083,09,,117,143,,,085,041,40,1103,118,5,,6077,4,   28,2,,6,,1959,6.0
59IN03193,1953407183,53,2,T7183,4,62,101,40,1,06,,,7,,5,1,,081,11,,120,144,2,,072,039,40,0924,087,2,,6034,4,    1,6,,6,,1959,6.0
59IN03194,1953407188,53,2,T7188,4,65,071,40,1,07,,,7,,5,1,,080,09,,122,137,,,076,040,40,,110,2,,5853,4,   37,2,,6,,1959,6.0
59IN03195,1953407190,53,2,T7190,4,62,121,40,1,08,,,7,,5,1,,092,08,,144,169,,,088,061,40,,140,3,,6368,4,   24,2,,6,,1959,6.0
59IN03196,1953407198,53,4,T7198,4,,,40,,,,,7,,,,,,,,135,161,3,,,,40,0609,,,,,,,,,6,,1959,6.0
59IN03197,1953407215,53,2,T7215,4,62,161,40,1,07,,,7,,5,1,,088,08,,128,148,,,089,042,40,,106,3,,6372,4,   27,2,,6,,1959,6.0
59IN03198,1953407216,53,2,T7216,4,62,161,40,1,08,,,7,,5,1,,076,09,,132,154,2,,076,053,40,0924,118,3,,6372,4,    1,6,,6,,1959,6.0
59IN03199,1953407242,53,2,T7242,4,65,171,40,1,06,,,7,,5,1,,093,07,,144,163,,,089,046,40,,102,3,,6410,4,   31,2,,6,,1959,6.0
59IN03200,1953407268,53,2,T7268,4,04,042,40,1,07,12,2,7,24,1,1,,073,08,,135,153,,,087,040,40,,099,3,,6399,4,24 04,2,,6,,1959,6.0
59IN03201,1953407285,53,2,T7285,4,04,042,40,1,07,29,3,7,34,1,1,,081,09,,168,173,,,097,047,40,,112,5,,6399,4,56 04,2,,6,,1959,6.0
59IN03202,1953407287,53,2,T7287,4,18,182,40,1,08,01,,7,,1,1,,067,07,,114,147,2,,079,035,40,0924,092,3,,5359,4,    1,6,,6,,1959,6.0
59IN03203,1953407297,53,2,T7297,4,01,012,40,1,07,19,,7,31,1,1,,086,13,,148,158,,,084,040,40,,088,4,,5860,4,29 01,1,,6,,1959,6.0
59IN03204,1953407305,53,2,T7305,4,14,142,40,1,07,15,,7,21,1,1,,093,07,,147,160,,,080,035,40,,096,2,,6149,4,04 14,2,,6,,1959,6.0
59IN03205,1953407323,53,2,T7323,4,62,111,40,1,07,,,7,,5,1,,076,08,,130,162,,,069,032,40,,075,2,,6323,4,   26,2,,6,,1959,6.0
59IN03206,1953407325,53,2,T7325,4,62,121,40,1,06,,,7,,5,1,,087,09,,143,,7,,080,048,40,1001,111,2,,6368,4,,,,6,,1959,6.0
59IN03207,1953407329,53,2,T7329,4,04,042,40,1,07,31,4,7,31,1,1,,075,07,,146,167,,,096,040,40,,092,5,,6399,4,03 04,2,,6,,1959,6.0
59IN03208,1953407331,53,2,T7331,4,05,052,40,1,06,18,,7,44,1,1,,085,10,,133,144,,,088,042,40,,095,3,,5950,4,23 05,2,,6,,1959,6.0
59IN03209,1953407332,53,2,T7332,4,07,072,40,1,09,24,4,7,25,1,1,,076,10,,142,156,,,090,043,40,,096,4,,6482,4,36 07,2,,6,,1959,6.0
59IN03210,1953407334,53,2,T7334,4,04,042,40,1,09,24,5,7,27,1,1,,069,09,,121,131,,,082,043,40,,099,3,,6399,4,73 04,2,,6,,1959,6.0
59IN03211,1953407383,53,2,T7383,4,73,037,40,1,07,,,7,,9,1,,067,10,,108,,3,,065,028,40,0615,073,2,,6647,4,,,,6,,1959,6.0
59IN03212,1953407388,53,2,T7388,4,73,117,40,1,08,,6,7,,9,1,,107,09,,165,182,,,090,046,40,,120,3,,6462,4,   72,2,,6,,1959,6.0
59IN03213,1953407396,53,2,T7396,4,10,102,40,2,06,01,,7,13,1,1,,090,07,,143,167,,,061,028,40,,067,2,,1744,5,20 10,2,,6,,1959,6.0
59IN03214,1953407400,53,2,T7400,4,09,092,40,1,06,06,,7,17,1,1,,094,07,,131,168,,,092,039,40,,100,4,,5934,4,07 09,1,,6,,1959,6.0
59IN03215,1953407402,53,2,T7402,4,65,121,40,1,07,,,7,,5,1,,082,06,,142,153,,,086,040,40,,088,3,,6368,4,   34,2,,6,,1959,6.0
59IN03216,1953407406,53,4,T7406,4,,,40,,,,,7,,,,,,,,153,171,3,,,,40,0609,,,,,,,,,6,,1959,6.0
59IN03217,1953407415,53,2,T7415,4,14,142,40,1,07,32,,7,,1,1,,082,09,,128,129,2,,077,040,40,0924,104,3,,6149,4,    1,6,,6,,1959,6.0
59IN03218,1953407416,53,2,T7416,4,73,057,40,1,07,,1,7,,9,1,,080,09,,123,140,,,084,049,40,,116,2,,5950,4,   73,2,,6,,1959,6.0
59IN03219,1953407421,53,2,T7421,4,09,092,40,1,06,02,,7,12,1,1,,078,08,,128,143,,,076,049,40,,105,2,,5934,4,78 09,2,,6,,1959,6.0
59IN03220,1953407429,53,2,T7429,4,10,102,40,2,06,01,,7,,1,1,,078,07,,136,145,,,071,031,40,,082,2,,1744,5,   03,8,,6,,1959,6.0
59IN03221,1953407430,53,2,T7430,4,10,102,40,2,07,01,,7,15,1,1,,066,07,,132,150,,,075,036,40,,091,2,,1744,5,28 10,1,,6,,1959,6.0
59IN03222,1953407434,53,2,T7434,4,16,162,40,1,07,12,,7,,1,1,,084,08,,126,,6,,078,038,40,0920,112,3,,5460,4,,,,6,,1959,6.0
59IN03223,1953407438,53,2,T7438,4,11,112,40,1,06,09,,7,,1,1,,100,10,,152,,6,,083,051,40,1001,137,3,,6462,4,,,,6,,1959,6.0
59IN03224,1953407440,53,2,T7440,4,65,031,40,1,09,,,7,,5,1,,078,10,,135,162,2,,093,052,40,0924,114,4,,5845,4,    1,6,,6,,1959,6.0
59IN03225,1953407451,53,2,T7451,4,14,142,40,1,06,26,,7,23,1,1,,076,08,,123,149,,,079,021,40,,054,3,,6149,4,84 14,2,,6,,1959,6.0
59IN03226,1953407463,53,2,T7463,4,13,132,40,1,09,08,,7,,1,1,,073,10,,103,116,2,,100,045,40,0924,104,5,,6143,4,    1,6,,6,,1959,6.0
59IN03227,1953407472,53,2,T7472,4,02,022,40,1,09,19,,7,24,1,1,,070,08,,123,145,,,085,041,40,,107,3,,6013,4,87 02,2,,6,,1959,6.0
59IN03228,1953407475,53,2,T7475,4,02,022,40,1,08,32,,7,26,1,1,,086,08,,108,132,,,092,053,40,,105,3,,6013,4,88 02,2,,6,,1959,6.0
59IN03229,1953407477,53,2,T7477,4,18,182,40,1,08,08,,7,,1,1,,062,07,,,,6,,089,037,40,0414,088,3,,5359,4,,,,6,,1959,6.0
59IN03230,1953407479,53,2,T7479,4,73,127,40,1,06,,,7,,9,1,,088,05,,122,136,3,,079,042,40,1123,111,2,,6537,4,,,,6,,1959,6.0
59IN03231,1953407496,53,2,T7496,4,73,147,40,1,08,,8,7,,9,1,,092,09,,132,153,,,091,057,40,,128,3,,6149,4,   71,2,,6,,1959,6.0
59IN03232,1953407506,53,2,T7506,4,09,092,40,1,09,02,,7,,1,1,,068,09,,120,133,,,100,050,40,,088,5,,5934,4,   01,8,,6,,1959,6.0
59IN03233,1953407519,53,2,T7519,4,01,012,40,1,08,25,,7,37,1,1,,083,12,,137,148,,,084,045,40,,095,3,,5860,4,06 01,2,,6,,1959,6.0
59IN03234,1953407521,53,2,T7521,4,73,147,40,1,07,,2,7,,9,1,,077,10,,133,152,,,083,045,40,,100,3,,6149,4,   73,2,,6,,1959,6.0
59IN03235,1953407529,53,4,T7529,4,,,40,,,,,7,,,,,,,,171,185,3,,,,40,0609,,,,,,,,,6,,1959,6.0
59IN03236,1953407530,53,2,T7530,4,13,132,40,1,07,06,,7,12,1,1,,077,10,,120,138,,,089,039,40,,099,2,,6143,4,68 13,1,,6,,1959,6.0
59IN03237,1953407532,53,2,T7532,4,73,067,40,1,08,,1,7,,9,1,,094,09,,161,167,,,076,039,40,,098,3,,5698,4,   71,2,,6,,1959,6.0
59IN03238,1953407538,53,2,T7538,4,02,022,40,1,09,33,,7,28,1,1,,068,05,,117,139,,,083,039,40,,077,3,,6013,4,28 02,2,,6,,1959,6.0
59IN03239,1953407554,53,2,T7554,4,06,062,40,1,07,22,,7,30,1,1,,077,07,,126,148,,,092,051,40,,117,3,,5698,4,15 06,2,,6,,1959,6.0
59IN03240,1953407555,53,2,T7555,4,14,142,40,1,07,18,,7,22,1,1,,077,08,,118,135,,,084,035,40,,098,4,,6149,4,17 14,2,,6,,1959,6.0
59IN03241,1953407559,53,2,T7559,4,03,032,40,1,07,24,,7,,1,1,,090,14,,143,165,2,,075,028,40,0924,085,4,,6647,4,    1,6,,6,,1959,6.0
59IN03242,1953407561,53,2,T7561,4,12,122,40,1,06,05,,7,,1,1,,092,07,,167,184,,,082,034,40,,079,2,,6537,4,   11,8,,6,,1959,6.0
59IN03243,1953407563,53,2,T7563,4,73,177,40,1,07,,7,7,,9,1,,094,08,,143,162,,,084,024,40,,049,4,,5807,4,   72,2,,6,,1959,6.0
59IN03244,1953407569,53,2,T7569,4,12,122,40,1,06,07,,7,13,1,1,,074,10,,105,127,,,077,045,40,,091,2,,6537,4,40 12,2,,6,,1959,6.0
59IN03245,1953407585,53,2,T7585,4,15,152,40,1,07,06,,7,,1,1,,073,09,,138,148,,,082,034,40,,081,2,,5963,4,   13,8,,6,,1959,6.0
59IN03246,1953407589,53,2,T7589,4,08,082,40,1,09,17,8,7,24,1,1,,063,11,,115,135,,,094,037,40,,090,5,,6157,4,59 08,2,,6,,1959,6.0
59IN03247,1953407594,53,2,T7594,4,73,137,40,1,10,,8,7,,9,1,,072,10,,113,135,,,086,039,40,,101,3,,6143,4,   72,2,,6,,1959,6.0
59IN03248,1953407597,53,2,T7597,4,14,142,40,1,07,09,,7,,1,1,,089,10,,138,150,2,,089,049,40,0924,123,4,,6149,4,    1,6,,6,,1959,6.0
59IN03249,1953407598,53,2,T7598,4,12,122,40,1,08,16,,7,,1,1,,078,08,,123,147,2,,073,036,40,0924,110,2,,6537,4,    1,6,,6,,1959,6.0
59IN03250,1953407599,53,2,T7599,4,06,062,40,1,05,15,,7,26,1,1,,088,08,,138,150,,,090,054,40,,138,4,,5698,4,51 06,2,,6,,1959,6.0
59IN03251,1953407617,53,1,T7617,4,10,102,40,1,,,1,7,,,,,,,,216,224,,,,,40,,169,2,,1744,5,254,5097,4,6,,1959,6.0
59IN03252,1953407619,53,2,T7619,4,03,032,40,1,09,18,,7,39,1,1,,073,09,,141,151,,,088,038,40,,101,3,,6647,4,30 03,1,,6,,1959,6.0
59IN03253,1953407622,53,2,T7622,4,01,012,40,1,07,21,,7,35,1,1,,090,13,,151,162,,,080,036,40,,085,2,,5860,4,91 01,1,,6,,1959,6.0
59IN03254,1953407625,53,2,T7625,4,11,112,40,1,08,06,,7,,1,1,,077,14,,133,147,2,,079,063,40,0924,119,3,,6462,4,    1,6,,6,,1959,6.0
59IN03255,1953407632,53,2,T7632,4,17,172,40,1,07,02,,7,,1,1,,082,09,,150,166,2,,088,048,40,0924,109,3,,5807,4,    1,6,,6,,1959,6.0
59IN03256,1953407634,53,2,T7634,4,15,152,40,1,07,06,,7,15,1,1,,073,09,,124,131,,,084,045,40,,097,4,,5963,4,26 15,2,,6,,1959,6.0
59IN03257,1953407646,53,2,T7646,4,03,032,40,1,07,24,,7,16,1,1,,094,08,,131,141,,,071,033,40,,083,2,,6647,4,77 03,2,,6,,1959,6.0
59IN03258,1953407652,53,2,T7652,4,09,092,40,1,07,18,,7,13,1,1,,091,07,,145,169,,,076,044,40,,101,3,,5934,4,47 09,1,,6,,1959,6.0
59IN03259,1953407665,53,2,T7665,4,73,187,40,1,08,,2,7,,9,1,,084,10,,128,148,,,098,044,40,,101,2,,5359,4,   71,2,,6,,1959,6.0
59IN03260,1953407675,53,2,T7675,4,03,032,40,1,07,16,,7,24,1,1,,076,09,,118,129,,,074,027,40,,081,2,,6647,4,47 03,1,,6,,1959,6.0
59IN03261,1953407697,53,2,T7697,4,65,131,40,1,06,,,7,,5,1,,088,09,,128,153,,,093,058,40,,129,4,,5982,4,   13,7,,6,,1959,6.0
59IN03262,1953407712,53,2,T7712,4,11,112,40,1,07,13,,7,17,1,1,,074,16,,113,114,,,081,034,40,,085,2,,6462,4,13 11,1,,6,,1959,6.0
59IN03263,1953407717,53,2,T7717,4,73,027,40,1,07,,1,7,,9,1,,090,07,,153,157,,,084,039,40,,080,3,,6013,4,   72,2,,6,,1959,6.0
59IN03264,1953407744,53,2,T7744,4,12,122,40,1,06,06,,7,,1,1,,077,06,,130,156,,,078,036,40,,098,2,,6537,4,   01,9,,6,,1959,6.0
59IN03265,1953407752,53,2,T7752,4,17,172,40,1,07,02,,7,,1,1,,100,08,,173,170,2,,077,039,40,0924,086,2,,5807,4,    1,0,,6,,1959,6.0
59IN03266,1953407767,53,2,T7767,4,12,122,40,1,08,06,,7,,1,1,,088,09,,,,6,,077,032,40,0530,080,2,,6537,4,,,,6,,1959,6.0
59IN03267,1953407770,53,2,T7770,4,04,042,40,1,09,26,,7,,1,1,,058,05,,126,124,2,,084,038,40,0924,089,4,,6399,4,    1,6,,6,,1959,6.0
59IN03268,1953407779,53,2,T7779,4,73,047,40,3,06,,3,7,,9,1,,094,07,,152,170,,,083,038,40,,093,2,,6399,4,   71,2,,6,,1959,6.0
59IN03269,1953407796,53,2,T7796,4,04,042,40,1,09,19,6,7,26,1,1,,074,09,,108,120,,,095,043,40,,098,5,,6399,4,05 04,2,,6,,1959,6.0
59IN03270,1953407797,53,2,T7797,4,10,102,40,2,08,25,,7,,1,1,,090,09,,153,173,,,069,024,40,,064,2,,1744,5,   03,9,,6,,1959,6.0
59IN03271,1953407798,53,2,T7798,4,10,102,40,2,07,25,,7,,1,1,,086,09,,144,162,2,,076,033,40,0924,080,2,,1744,5,    1,0,,6,,1959,6.0
59IN03272,1953407801,53,2,T7801,4,73,107,40,2,08,,3,7,,9,1,,088,09,,188,164,,,078,045,40,,091,2,,1744,5,   73,2,,6,,1959,6.0
59IN03273,1953407803,53,2,T7803,4,05,052,40,1,09,20,,7,25,1,1,,072,08,,114,123,,,080,040,40,,099,3,,5950,4,36 05,2,,6,,1959,6.0
59IN03274,1953407821,53,2,T7821,4,73,037,40,1,07,,4,7,,9,1,,072,09,,122,134,,,070,030,40,,082,3,,6647,4,   73,2,,6,,1959,6.0
59IN03275,1953407822,53,2,T7822,4,17,172,40,1,05,03,,7,,1,1,,097,07,,168,195,2,,082,042,40,0924,104,2,,5807,4,    1,0,,6,,1959,6.0
59IN03276,1953407823,53,2,T7823,4,17,172,40,1,07,03,,7,,1,1,,087,09,,138,184,2,,088,046,40,0924,092,4,,5807,4,    1,6,,6,,1959,6.0
59IN03277,1953407830,53,2,T7830,4,15,152,40,1,08,10,,7,,1,1,,085,09,,152,170,,,073,036,40,,096,4,,5963,4,   11,9,,6,,1959,6.0
59IN03278,1953407845,53,2,T7845,4,11,112,40,1,05,20,,7,,1,1,,092,09,,193,,6,,089,051,40,1001,102,5,,6462,4,,,,6,,1959,6.0
59IN03279,1953407850,53,2,T7850,4,12,122,40,1,07,08,,7,,1,1,,094,08,,,,6,,084,046,40,0530,106,2,,6537,4,,,,6,,1959,6.0
59IN03280,1953407854,53,2,T7854,4,17,172,40,1,08,02,6,7,05,1,1,,088,08,,142,158,,,090,043,40,,093,4,,5807,4,34 17,2,,6,,1959,6.0
59IN03281,1953407857,53,2,T7857,4,73,187,40,1,09,,,7,,9,1,,086,07,,,,7,,074,036,40,0602,085,2,,5359,4,,,,6,,1959,6.0
59IN03282,1953407863,53,2,T7863,4,73,047,40,1,08,,4,7,,9,1,,078,10,,122,142,,,085,047,40,,088,4,,6399,4,   71,2,,6,,1959,6.0
59IN03283,1953407889,53,2,T7889,4,13,132,40,1,09,26,,7,19,1,1,,071,09,,123,124,,,079,033,40,,093,2,,6143,4,38 13,2,,6,,1959,6.0
59IN03284,1953407901,53,2,T7901,4,73,097,40,3,06,,5,7,,9,1,,088,07,,145,154,,,086,047,40,,101,4,,5934,4,   71,2,,6,,1959,6.0
59IN03285,1953407906,53,2,T7906,4,14,142,40,1,08,12,,7,28,1,1,,069,10,,139,152,,,084,039,40,,085,2,,6149,4,32 14,2,,6,,1959,6.0
59IN03286,1953407914,53,2,T7914,4,16,162,40,1,09,24,1,7,14,1,1,,066,05,,124,141,,,074,036,40,,096,2,,5460,4,43 16,2,,6,,1959,6.0
59IN03287,1953407921,53,2,T7921,4,08,082,40,1,08,13,,7,,1,1,,068,12,,117,135,3,,079,037,40,1218,083,3,,6157,4,,,,6,,1959,6.0
59IN03288,1953407930,53,2,T7930,4,10,102,40,2,05,04,,7,,1,1,,084,06,,173,,6,,077,037,40,0920,092,3,,1744,5,,,,6,,1959,6.0
59IN03289,1953407966,53,2,T7966,4,73,027,40,1,07,,,7,,9,1,,063,04,,111,124,2,,081,043,40,0924,089,4,,6013,4,    1,6,,6,,1959,6.0
59IN03290,1953407973,53,2,T7973,4,17,172,40,1,,03,7,7,02,1,1,,096,08,,172,185,,,091,043,40,,097,3,,5807,4,19 17,2,,6,,1959,6.0
59IN03291,1953407983,53,2,T7983,4,09,092,40,1,06,18,,7,,1,1,,080,08,,131,148,3,,082,041,40,1218,084,3,,5934,4,,,,6,,1959,6.0
59IN03292,1953407990,53,2,T7990,4,73,067,40,1,08,,2,7,,9,1,,073,09,,132,134,,,071,033,40,,077,2,,5698,4,   72,2,,6,,1959,6.0
59IN03293,1953407994,53,2,T7994,4,02,022,40,1,09,21,,7,,1,1,,066,10,,,,6,,097,043,40,0514,086,5,,6013,4,,,,6,,1959,6.0
59IN03294,1953408014,53,2,T8014,4,73,087,40,1,08,,3,7,,9,1,,071,09,,136,145,,,077,038,40,,086,2,,6157,4,   72,2,,6,,1959,6.0
59IN03295,1953408018,53,2,T8018,4,09,092,40,1,07,02,,7,,1,1,,076,07,,123,138,,,078,039,40,,099,3,,5934,4,   13,9,,6,,1959,6.0
59IN03296,1953408027,53,2,T8027,4,03,032,40,1,07,23,,7,17,1,1,,086,09,,152,182,,,081,040,40,,107,3,,6647,4,49 03,2,,6,,1959,6.0
59IN03297,1953408039,53,2,T8039,4,08,082,40,1,08,16,1,7,19,1,1,,081,11,,114,139,,,078,036,40,,097,3,,6157,4,15 08,2,,6,,1959,6.0
59IN03298,1953408053,53,2,T8053,4,11,112,40,1,08,11,,7,16,1,1,,079,10,,150,163,,,084,045,40,,093,4,,6462,4,92 11,2,,6,,1959,6.0
59IN03299,1953408055,53,2,T8055,4,73,127,40,1,08,,4,7,,9,1,,083,06,,153,156,,,095,049,40,,096,5,,6537,4,   72,2,,6,,1959,6.0
59IN03300,1953408064,53,2,T8064,4,16,162,40,1,08,11,2,7,13,1,1,,087,09,,145,168,,,085,040,40,,090,2,,5460,4,82 16,2,,6,,1959,6.0
59IN03301,1954408083,54,2,T8083,4,62,222,40,3,05,,,6,,5,1,,098,04,,137,166,,,094, 58,40,,100,4,,6896,4,   38,2,,5,,1959,5.0
59IN03302,1954408084,54,2,T8084,4,62,222,40,1,06,,,6,,5,1,,092,09,,132,160,,,077, 44,40,,099,3,,6896,4,   38,2,,5,,1959,5.0
59IN03303,1954408089,54,2,T8089,4,65,312,40,1,06,,,6,,5,1,,100,07,,145,172,,,089, 51,40,,127,5,,6368,4,   39,2,,5,,1959,5.0
59IN03304,1954408096,54,2,T8096,4,62,252,40,1,06,,,6,,5,1,,085,06,,142,156,2,,075, 38,40,0924,095,2,,6028,4,    1,5,,5,,1959,5.0
59IN03305,1954408097,54,2,T8097,4,62,202,40,1,09,,,6,,5,1,,095,09,,154,167,,,089, 56,40,,147,4,,6752,4,   37,2,,5,,1959,5.0
59IN03306,1954408126,54,2,T8126,4,62,212,40,1,09,,,6,,5,1,,073,11,,104,131,,,079, 37,40,,083,4,,6796,4,   36,2,,5,,1959,5.0
59IN03307,1954408134,54,2,T8134,4,62,212,40,1,09,,,6,,5,1,,076,09,,116,139,,,083, 38,40,,092,4,,6796,4,   35,2,,5,,1959,5.0
59IN03308,1954408145,54,2,T8145,4,65,342,40,1,04,,,6,,5,1,,088,09,,,,7,,097, 53,40,0602,104,4,,7006,4,,,,5,,1959,5.0
59IN03309,1954408153,54,2,T8153,4,62,292,40,1,05,,,6,,5,1,,104,07,,158,192,,,084, 48,40,,109,3,,6985,4,   25,2,,5,,1959,5.0
59IN03310,1954408179,54,2,T8179,4,62,362,40,1,06,,,6,,5,1,,084,07,,116,143,,,091, 47,40,,114,5,,6862,4,   22,2,,5,,1959,5.0
59IN03311,1954408180,54,2,T8180,4,65,362,40,1,05,,4,6,,5,1,,087,11,,124,145,,,099, 55,40,,115,4,,6862,4,   07,7,,5,,1959,5.0
59IN03312,1954408183,54,2,T8183,4,65,212,40,1,08,,,6,,5,1,,072,12,,114,142,,,079, 35,40,,102,2,,6796,4,   38,2,,5,,1959,5.0
59IN03313,1954408193,54,2,T8193,4,65,262,40,1,09,,,6,,5,1,,092,14,,133,155,3,,072,044,40,1218,090,2,,6711,4,,,,5,,1959,5.0
59IN03314,1954408202,54,2,T8202,4,65,382,40,1,07,,,6,,5,1,,079,10,,125,144,,,095, 47,40,,117,3,,5982,4,   29,2,,5,,1959,5.0
59IN03315,1954408205,54,4,T8205,4,,,40,,,,,6,,,,,,,,173,181,3,,,,40,0609,,,,,,,,,5,,1959,5.0
59IN03316,1954408212,54,2,T8212,4,65,352,40,1,09,,,6,,5,1,,070,09,,120,140,,,090, 46,40,,087,4,,6941,4,   33,2,,5,,1959,5.0
59IN03317,1954408230,54,2,T8230,4,65,332,40,1,06,,,6,,5,1,,084,08,,113,133,,,099, 47,40,,100,4,,6865,4,   30,2,,5,,1959,5.0
59IN03318,1954408243,54,2,T8243,4,65,302,40,,07,,,6,,5,1,,078,08,,122,148,2,,095, 50,40,0924,090,5,,6322,4,    9,0,,5,,1959,5.0
59IN03319,1954408244,54,2,T8244,4,65,372,40,1,07,,,6,,5,1,,086,10,,136,158,,,084, 54,40,,104,4,,6029,4,   32,2,,5,,1959,5.0
59IN03320,1954408246,54,2,T8246,4,65,342,40,1,08,,,6,,5,1,,075,13,,113,142,,,083, 49,40,,101,3,,7006,4,   31,2,,5,,1959,5.0
59IN03321,1954408248,54,2,T8248,4,62,232,40,3,07,,,6,,5,1,,078,12,,120,150,,,086, 44,40,,103,4,,7012,4,   34,2,,5,,1959,5.0
59IN03322,1954408255,54,2,T8255,4,65,232,40,1,07,,,6,,5,1,,088,10,,117,149,,,090, 59,40,,127,4,,7012,4,   35,2,,5,,1959,5.0
59IN03323,1954408257,54,2,T8257,4,62,372,40,1,08,,,6,,5,1,,083,08,,129,155,,,083, 45,40,,094,3,,6029,4,   23,2,,5,,1959,5.0
59IN03324,1954408272,54,2,T8272,4,65,242,40,1,08,,,6,,5,1,,074,15,,126,144,,,069, 35,40,,079,3,,5959,4,   36,2,,5,,1959,5.0
59IN03325,1954408301,54,2,T8301,4,62,282,40,1,08,,,6,,5,1,,083,09,,133,160,,,088, 43,40,,107,4,,6864,4,   24,2,,5,,1959,5.0
59IN03326,1954408310,54,2,T8310,4,62,212,40,3,09,,,6,,5,1,,076,08,,128,152,,,086, 47,40,,076,2,,6796,4,   39,2,,5,,1959,5.0
59IN03327,1954408330,54,2,T8330,4,13,132,40,1,07,12,,6,41,1,1,,080,10,,144,168,,,096,054,40,,097,4,,5391,4,05 13,1,,5,,1959,5.0
59IN03328,1954408332,54,2,T8332,4,01,012,40,1,07,30,,6,38,1,1,,090,12,,142,169,,,087,048,40,,103,4,,5860,4,00 01,2,,5,,1959,5.0
59IN03329,1954408335,54,2,T8335,4,13,132,40,1,06,20,,6,17,1,1,,062,13,,107,128,,,086,039,40,,088,4,,5391,4,49 13,2,,5,,1959,5.0
59IN03330,1954408355,54,2,T8355,4,17,172,40,1,06,09,8,6,19,1,1,,080,08,,133,154,,,071,039,40,,075,3,,6368,4,12 17,2,,5,,1959,5.0
59IN03331,1954408359,54,2,T8359,4,05,052,40,1,09,24,,6,21,1,1,,073,09,,120,131,,,090,041,40,,075,4,,5657,4,31 05,2,,5,,1959,5.0
59IN03332,1954408360,54,2,T8360,4,73,047,40,3,07,,6,6,,9,1,,075,08,,130,151,,,111,056,40,,116,8,,7086,4,   71,2,,5,,1959,5.0
59IN03333,1954408382,54,2,T8382,4,73,157,40,1,05,,,6,,9,1,,086,14,,114,,6,,081,039,40,0920,105,4,,6242,4,,,,5,,1959,5.0
59IN03334,1954408386,54,2,T8386,4,17,172,40,1,07,04,,6,,1,1,,086,08,,144,157,2,,087,041,40,0924,088,4,,6368,4,    1,5,,5,,1959,5.0
59IN03335,1954408387,54,2,T8387,4,73,017,40,3,06,,5,6,,9,1,,094,09,,150,160,,,088,051,40,,101,4,,5860,4,   72,2,,5,,1959,5.0
59IN03336,1954408388,54,2,T8388,4,73,017,40,3,07,,5,6,,9,1,,084,09,,133,156,,,085,042,40,,091,3,,5860,4,   73,2,,5,,1959,5.0
59IN03337,1954408391,54,2,T8391,4,11,112,40,1,06,10,,6,21,1,1,,093,09,,131,151,,,089,042,40,,102,2,,6848,4,17 11,1,,5,,1959,5.0
59IN03338,1954408398,54,2,T8398,4,08,082,40,1,08,30,2,6,25,1,1,,066,09,,108,120,,,090,051,40,,098,3,,6538,4,31 08,2,,5,,1959,5.0
59IN03339,1954408401,54,1,T8401,4,08,082,40,1,,30,1,6,,,,,,,,153,166,,,,,40,,153,3,,6538,4,226,5936,4,5,,1959,5.0
59IN03340,1954408415,54,2,T8415,4,10,102,40,,,,,6,,,,,,,,173,199,2,,,,40,0924,,,,,,    1,5,,5,,1959,5.0
59IN03341,1954408418,54,2,T8418,4,05,052,40,2,07,27,,6,27,1,1,,067,10,,113,120,,,085,033,40,,068,3,,5657,4,46 05,2,,5,,1959,5.0
59IN03342,1954408420,54,2,T8420,4,73,327,40,1,07,,6,6,,9,1,,089,08,,138,158,,,091,047,40,,119,4,,6814,4,   72,2,,5,,1959,5.0
59IN03343,1954408422,54,2,T8422,4,09,092,40,1,08,04,,6,,1,1,,073,07,,146,135,,,088,038,40,,084,3,,6778,4,   13,8,,5,,1959,5.0
59IN03344,1954408423,54,2,T8423,4,09,092,40,1,08,04,,6,13,1,1,,088,12,,139,165,,,084,043,40,,101,4,,6778,4,60 09,2,,5,,1959,5.0
59IN03345,1954408431,54,2,T8431,4,06,062,40,1,07,17,,6,22,1,1,,073,10,,137,151,,,092,040,40,,109,5,,7081,4,60 06,2,,5,,1959,5.0
59IN03346,1954408461,54,2,T8461,4,16,162,40,1,07,15,,6,,1,1,,092,11,,114,117,6,,094,060,40,1215,110,4,,6752,4,   16,2,,5,,1959,5.0
59IN03347,1954408466,54,2,T8466,4,07,072,40,1,07,16,,6,,1,1,,072,13,,154,158,2,,093,038,40,0924,062,2,,6521,4,    0,9,,5,,1959,5.0
59IN03348,1954408479,54,2,T8479,4,08,082,40,1,09,15,3,6,19,1,1,,073,09,,110,125,,,099,056,40,,103,3,,6538,4,23 08,2,,5,,1959,5.0
59IN03349,1954408488,54,2,T8488,4,13,132,40,1,08,05,,6,16,1,1,,082,09,,143,145,,,078,040,40,,082,4,,5391,4,62 13,1,,5,,1959,5.0
59IN03350,1954408493,54,2,T8493,4,10,101,40,1,08,02,,6,13,1,1,,086,13,,136,150,,,085,045,40,,105,3,,6819,4,94 10,2,,5,,1959,5.0
59IN03351,1954408501,54,2,T8501,4,04,042,40,1,09,17,,6,,1,1,,077,08,,129,149,2,,098,039,40,0924,082,3,,7086,4,    1,5,,5,,1959,5.0
59IN03352,1954408512,54,2,T8512,4,02,022,40,1,05,24,,6,,1,1,,081,10,,132,145,2,,093,054,40,0924,108,4,,6811,4,    1,5,,5,,1959,5.0
59IN03353,1954408515,54,2,T8515,4,73,107,40,2,08,,6,6,,9,1,,102,08,,183,172,,,099,063,40,,119,4,,1744,5,   73,2,,5,,1959,5.0
59IN03354,1954408525,54,2,T8525,4,17,172,40,1,06,08,,6,,1,1,,084,09,,150,162,2,,082,048,40,0924,092,3,,6368,4,    1,5,,5,,1959,5.0
59IN03355,1954408530,54,2,T8530,4,01,012,40,1,06,20,,6,,1,1,,088,15,,164,165,2,,086,044,40,0924,101,4,,5860,4,    1,5,,5,,1959,5.0
59IN03356,1954408531,54,2,T8531,4,01,012,40,1,07,20,,6,,1,1,,088,12,,143,156,2,,090,047,40,0924,099,4,,5860,4,    1,5,,5,,1959,5.0
59IN03357,1954408532,54,2,T8532,4,07,072,40,1,07,27,,6,,1,1,,079,10,,140,159,2,,101,044,40,0924,090,4,,6521,4,    1,5,,5,,1959,5.0
59IN03358,1954408537,54,2,T8537,4,05,052,40,1,09,27,,6,,1,1,,067,13,,133,,7,,102,043,40,1001,107,4,,5657,4,,,,5,,1959,5.0
59IN03359,1954408538,54,2,T8538,4,08,082,40,1,09,20,4,6,23,1,1,,068,10,,110,128,,,093,049,40,,096,4,,6538,4,48 08,2,,5,,1959,5.0
59IN03360,1954408539,54,2,T8539,4,08,082,40,1,09,20,5,6,23,1,1,,066,11,,118,123,,,101,054,40,,107,5,,6538,4,48 08,2,,5,,1959,5.0
59IN03361,1954408541,54,2,T8541,4,15,152,40,1,08,17,,6,,1,1,,085,10,,130,149,,,085,042,40,,106,5,,6242,4,   11,8,,5,,1959,5.0
59IN03362,1954408543,54,2,T8543,4,14,142,40,1,06,18,,6,,1,1,,083,14,,113,143,3,,086,041,40,1218,092,4,,6853,4,,,,5,,1959,5.0
59IN03363,1954408544,54,2,T8544,4,73,037,40,1,07,,,6,,9,1,,080,13,,140,,7,,089,041,40,1001,098,5,,6939,4,,,,5,,1959,5.0
59IN03364,1954408549,54,2,T8549,4,13,132,40,1,08,22,,6,17,1,1,,070,12,,120,146,,,086,040,40,,077,4,,5391,4,27 13,2,,5,,1959,5.0
59IN03365,1954408550,54,2,T8550,4,13,132,40,1,04,22,,6,,1,1,,077,09,,128,140,2,,086,041,40,0924,085,4,,5391,4,    1,5,,5,,1959,5.0
59IN03366,1954408555,54,1,T8555,4,11,112,40,1,,10,1,6,,,,,,,,206,206,,,,,40,,231,3,,6848,4,249,1459,5,5,,1959,5.0
59IN03367,1954408558,54,2,T8558,4,70,712,40,1,05,,7,6,,2,1,,086,10,,133,143,,,087,046,40,,087,3,,6812,4,   72,2,,5,,1959,5.0
59IN03368,1954408573,54,2,T8573,4,15,152,40,1,08,17,,6,,1,1,,077,10,,132,151,2,,080,031,40,0924,068,2,,6242,4,    1,5,,5,,1959,5.0
59IN03369,1954408575,54,1,T8575,4,14,142,40,1,,16,3,6,,,1,,,,,176,196,9,,,,40,1030,137,3,,6853,4,,0829,5,5,,1959,5.0
59IN03370,1954408580,54,2,T8580,4,06,062,40,1,06,21,,6,,1,1,,081,10,,,,6,,102,047,40,0414,114,5,,7081,4,,,,5,,1959,5.0
59IN03371,1954408593,54,2,T8593,4,73,037,40,1,07,,8,6,,9,1,,080,15,,122,139,,,092,045,40,,100,4,,6939,4,   72,2,,5,,1959,5.0
59IN03372,1954408596,54,2,T8596,4,13,132,40,1,07,19,,6,,1,1,,079,08,,126,141,2,,073,033,40,0924,067,2,,5391,4,    0,9,,5,,1959,5.0
59IN03373,1954408601,54,2,T8601,4,12,121,40,1,06,13,,6,,1,1,,082,11,,139,154,,,089,045,40,,112,4,,6815,4,   03,8,,5,,1959,5.0
59IN03374,1954408609,54,1,T8609,4,09,092,40,1,,04,5,6,,,,,,,,190,208,,,,,40,,201,4,,6778,4,253,1145,5,5,,1959,5.0
59IN03375,1954408619,54,2,T8619,4,10,102,40,2,06,02,,6,,1,1,,080,13,,125,139,2,,071,032,40,0924,068,2,,1744,5,    1,5,,5,,1959,5.0
59IN03376,1954408620,54,2,T8620,4,73,147,40,1,09,,7,6,,9,1,,076,06,,127,146,,,080,037,40,,100,4,,6853,4,   73,2,,5,,1959,5.0
59IN03377,1954408622,54,2,T8622,4,04,042,40,1,06,16,,6,,1,1,,076,07,,136,153,2,,085,038,40,0924,098,3,,7086,4,    1,5,,5,,1959,5.0
59IN03378,1954408624,54,2,T8624,4,02,022,40,1,08,31,,6,34,1,1,,074,08,,112,123,,,090,042,40,,085,3,,6811,4,53 02,2,,5,,1959,5.0
59IN03379,1954408641,54,2,T8641,4,17,172,40,1,06,15,,6,,1,1,,081,07,,129,139,2,,088,038,40,0924,075,4,,6368,4,    1,5,,5,,1959,5.0
59IN03380,1954408643,54,2,T8643,4,17,172,40,1,06,19,1,6,24,1,1,,087,05,,137,152,,,087,049,40,,099,3,,6368,4,12 17,2,,5,,1959,5.0
59IN03381,1954408647,54,2,T8647,4,10,102,40,2,06,01,,6,,1,1,,096,08,,123,129,2,,074,043,40,0924,102,3,,1744,5,    1,5,,5,,1959,5.0
59IN03382,1954408649,54,2,T8649,4,04,042,40,1,07,19,7,6,26,1,1,,082,08,,130,156,,,084,048,40,,120,4,,7086,4,34 04,2,,5,,1959,5.0
59IN03383,1954408653,54,2,T8653,4,14,142,40,1,06,16,,6,18,1,1,,075,12,,124,147,,,094,043,40,,085,3,,6853,4,19 14,2,,5,,1959,5.0
59IN03384,1954408659,54,2,T8659,4,18,182,40,1,06,04,8,6,18,1,1,,093,09,,139,161,,,089,056,40,,104,4,,6029,4,41 18,2,,5,,1959,5.0
59IN03385,1954408669,54,2,T8669,4,07,072,40,1,07,27,,6,,1,1,,084,09,,144,,3,,084,044,40,0615,096,4,,6521,4,,,,5,,1959,5.0
59IN03386,1954408671,54,2,T8671,4,73,177,40,1,05,,1,6,,9,1,,088,08,,127,148,,,080,041,40,,088,3,,6368,4,   72,2,,5,,1959,5.0
59IN03387,1954408672,54,2,T8672,4,17,172,40,1,06,19,2,6,32,1,1,,093,07,,158,166,,,088,066,40,,133,4,,6368,4,69 17,2,,5,,1959,5.0
59IN03388,1954408680,54,2,T8680,4,14,142,40,1,06,18,,6,,1,1,,096,08,,133,143,3,,095,054,40,1218,100,4,,6853,4,,,,5,,1959,5.0
59IN03389,1954408687,54,2,T8687,4,18,182,40,1,08,10,,6,,1,1,,081,09,,106,,6,,093,049,40,0920,096,3,,6029,4,,,,5,,1959,5.0
59IN03390,1954408691,54,2,T8691,4,73,047,40,3,07,,8,6,,9,1,,084,10,,128,142,,,085,041,40,,104,4,,7086,4,   73,2,,5,,1959,5.0
59IN03391,1954408695,54,2,T8695,4,05,052,40,1,07,21,,6,30,1,1,,076,10,,138,144,,,086,036,40,,086,2,,5657,4,42 05,2,,5,,1959,5.0
59IN03392,1954408696,54,2,T8696,4,17,172,40,1,08,08,,6,,1,1,,081,06,,128,177,2,,080,038,40,0924,082,4,,6368,4,    1,5,,5,,1959,5.0
59IN03393,1954408704,54,2,T8704,4,01,012,40,1,07,24,,6,33,1,1,,080,10,,137,145,,,094,050,40,,093,5,,5860,4,70 01,1,,5,,1959,5.0
59IN03394,1954408707,54,2,T8707,4,73,157,40,1,07,,7,6,,9,1,,097,09,,138,161,,,087,052,40,,114,3,,6242,4,   71,2,,5,,1959,5.0
59IN03395,1954408713,54,1,T8713,4,12,121,40,1,,14,5,6,,,,,,,,190,207,,,,,40,,193,4,,6815,4,253,1501,5,5,,1959,5.0
59IN03396,1954408719,54,2,T8719,4,73,307,40,1,05,,8,6,,9,1,,092,14,,122,139,,,087,049,40,,102,3,,6819,4,   71,2,,5,,1959,5.0
59IN03397,1954408730,54,2,T8730,4,73,137,40,1,08,,1,6,,9,1,,075,10,,133,149,,,093,050,40,,104,3,,5391,4,   71,2,,5,,1959,5.0
59IN03398,1954408734,54,1,T8734,4,11,112,40,1,,24,1,6,,,,,,,,198,218,,,,,40,,219,3,,6848,4,260,4052,4,5,,1959,5.0
59IN03399,1954408738,54,2,T8738,4,08,082,40,1,08,21,6,6,25,1,1,,073,13,,123,138,,,089,042,40,,081,3,,6538,4,96 08,2,,5,,1959,5.0
59IN03400,1954408747,54,2,T8747,4,17,172,40,1,07,02,,6,,1,1,,093,05,,160,174,2,,090,049,40,0924,097,3,,6368,4,    0,9,,5,,1959,5.0
59IN03401,1954408749,54,2,T8749,4,18,182,40,1,09,18,,6,,1,1,,081,09,,122,155,2,,089,050,40,0924,110,3,,6029,4,    1,5,,5,,1959,5.0
59IN03402,1954408752,54,2,T8752,4,10,102,40,2,05,04,,6,,1,1,,089,06,,186,175,2,,076,043,40,0924,085,2,,1744,5,    1,5,,5,,1959,5.0
59IN03403,1954408756,54,2,T8756,4,01,012,40,1,08,24,,6,35,1,1,,083,11,,130,144,,,077,041,40,,097,4,,5860,4,30 01,2,,5,,1959,5.0
59IN03404,1954408763,54,2,T8763,4,12,121,40,1,07,14,,6,13,1,1,,086,10,,122,149,,,090,049,40,,105,4,,6815,4,87 12,1,,5,,1959,5.0
59IN03405,1954408792,54,2,T8792,4,03,032,40,1,06,16,,6,,1,1,,088,13,,142,156,2,,087,041,40,0924,095,2,,6939,4,    1,5,,5,,1959,5.0
59IN03406,1954408798,54,2,T8798,4,73,087,40,1,09,,1,6,,9,1,,082,07,,132,143,,,077,043,40,,093,3,,6538,4,   00,0,,5,,1959,5.0
59IN03407,1954408801,54,2,T8801,4,73,067,40,1,08,,2,6,,9,1,,076,09,,136,151,,,085,049,40,,106,4,,7081,4,   72,2,,5,,1959,5.0
59IN03408,1954408808,54,1,T8808,4,10,102,40,1,,,1,6,,,,,,,,160,183,,,,,40,,125,2,,1744,5,241,5186,4,5,,1959,5.0
59IN03409,1954408809,54,2,T8809,4,18,182,40,1,05,10,1,6,21,1,1,,085,09,,141,164,,,090,048,40,,085,4,,6029,4,47 18,2,,5,,1959,5.0
59IN03410,1954408814,54,4,T8814,4,,,40,,,,,6,,,,,,,,146,166,3,,,,40,0609,,,,,,,,,5,,1959,5.0
59IN03411,1954408821,54,2,T8821,4,73,127,40,3,07,,2,6,,9,1,,081,11,,123,139,,,085,047,40,,096,4,,6790,4,   71,2,,5,,1959,5.0
59IN03412,1954408825,54,2,T8825,4,07,072,40,1,09,14,,6,,1,1,,085,05,,144,162,2,,092,039,40,0924,092,5,,6521,4,    1,5,,5,,1959,5.0
59IN03413,1954408826,54,2,T8826,4,07,072,40,1,07,14,5,6,24,1,1,,087,07,,132,126,,,086,041,40,,079,4,,6521,4,16 07,2,,5,,1959,5.0
59IN03414,1954408829,54,2,T8829,4,11,112,40,1,06,10,,6,26,1,1,,098,06,,160,157,,,086,045,40,,104,4,,6848,4,82 11,2,,5,,1959,5.0
59IN03415,1954408832,54,2,T8832,4,06,062,40,1,07,16,,6,22,1,1,,085,11,,135,156,,,097,053,40,,129,4,,7081,4,28 06,2,,5,,1959,5.0
59IN03416,1954408837,54,2,T8837,4,73,177,40,1,05,,3,6,,9,1,,086,08,,141,157,,,080,042,40,,082,2,,6368,4,   71,2,,5,,1959,5.0
59IN03417,1954408839,54,2,T8839,4,01,012,40,1,05,32,,6,40,1,1,,096,08,,145,165,,,095,042,40,,096,4,,5860,4,49 01,1,,5,,1959,5.0
59IN03418,1954408841,54,2,T8841,4,16,162,40,1,10,18,3,6,26,1,1,,078,11,,120,145,,,083,044,40,,097,3,,6752,4,52 16,2,,5,,1959,5.0
59IN03419,1954408843,54,2,T8843,4,03,032,40,1,08,16,,6,20,1,1,,082,09,,137,,,,089,050,40,,097,4,,6939,4,48 03,1,,5,,1959,5.0
59IN03420,1954408848,54,2,T8848,4,65,252,40,1,06,,,6,,5,1,,080,07,,122,149,2,,081, 38,40,0924,073,3,,6028,4,    1,5,,5,,1959,5.0
59IN03421,1954408857,54,2,T8857,4,03,032,40,1,08,24,,6,24,1,1,,068,11,,116,138,,,082,033,40,,072,5,,6939,4,51 03,2,,5,,1959,5.0
59IN03422,1954408869,54,2,T8869,4,73,067,40,1,07,,2,6,,9,1,,090,09,,153,167,,,097,063,40,,126,6,,7081,4,   73,2,,5,,1959,5.0
59IN03423,1954408875,54,1,T8875,4,17,172,40,1,,05,3,6,,,,,,,,233,235,3,,,,40,1221,245,5,,6368,4,277,5314,4,5,,1959,5.0
59IN03424,1954408879,54,2,T8879,4,16,162,40,1,08,11,4,6,25,1,3,,083,10,,158,171,,,088,045,40,,105,4,,6752,4,28 16,2,,5,,1959,5.0
59IN03425,1954408881,54,2,T8881,4,09,092,40,1,09,04,,6,11,1,1,,077,12,,132,145,,,091,052,40,,118,3,,6778,4,82 09,1,,5,,1959,5.0
59IN03426,1954408891,54,2,T8891,4,14,142,40,1,07,27,,6,19,1,1,,080,11,,124,137,,,087,048,40,,092,4,,6853,4,66 14,2,,5,,1959,5.0
59IN03427,1954408895,54,2,T8895,4,04,042,40,1,05,23,8,6,29,1,1,,086,10,,140,152,,,101,064,40,,117,6,,7086,4,03 04,2,,5,,1959,5.0
59IN03428,1954408904,54,2,T8904,4,18,182,40,1,06,07,2,6,20,1,1,,080,04,,113,133,,,094,053,40,,112,4,,6029,4,28 18,2,,5,,1959,5.0
59IN03429,1954408910,54,2,T8910,4,07,072,40,1,06,18,6,6,27,1,1,,075,07,,122,140,,,094,034,40,,073,4,,6521,4,40 07,2,,5,,1959,5.0
59IN03430,1954408911,54,2,T8911,4,73,067,40,3,07,,4,6,,9,1,,081,09,,134,160,,,089,049,40,,115,4,,7081,4,   71,2,,5,,1959,5.0
59IN03431,1954408913,54,2,T8913,4,03,032,40,1,07,06,,6,19,1,1,,087,06,,141,161,,,086,044,40,,096,4,,6939,4,10 03,1,,5,,1959,5.0
59IN03432,1954408918,54,2,T8918,4,04,042,40,1,07,26,,6,,1,1,,076,11,,154,,6,,097,042,40,0920,091,5,,7086,4,,,,5,,1959,5.0
59IN03433,1954408919,54,2,T8919,4,13,132,40,1,09,07,,6,17,1,1,,068,12,,115,136,,,086,042,40,,098,3,,5391,4,28 13,1,,5,,1959,5.0
59IN03434,1954408923,54,2,T8923,4,14,142,40,1,08,09,,6,16,1,1,,098,07,,146,181,,,084,057,40,,116,2,,6853,4,37 14,2,,5,,1959,5.0
59IN03435,1954408935,54,2,T8935,4,70,712,40,1,05,,3,6,,2,1,,078,08,,143,134,,,094,042,40,,090,4,,6812,4,   73,2,,5,,1959,5.0
59IN03436,1954408953,54,1,T8953,4,73,177,40,3,,,1,6,,,,,,12,4,206,213,2,,,,40,0924,189,5,,6368,4,257,6112,4,5,,1959,5.0
59IN03437,1954408954,54,1,T8954,4,10,101,40,1,,,1,6,,,,,,,,203,216,,,,,40,,174,4,,6819,4,255,7009,4,5,,1959,5.0
59IN03438,1954408964,54,1,T8964,4,12,121,40,1,,22,5,6,,,,,,12,2,186,200,2,,,,40,0924,179,2,,6815,4,242,5912,4,5,,1959,5.0
59IN03439,1954408976,54,2,T8976,4,10,101,40,1,06,17,,6,,1,1,,094,14,,140,167,,,087,046,40,,089,4,,6819,4,   01,8,,5,,1959,5.0
59IN03440,1954408982,54,2,T8982,4,14,142,40,1,09,11,,6,,1,1,,076,07,,127,152,3,,081,042,40,1218,083,3,,6853,4,,,,5,,1959,5.0
59IN03441,1954408992,54,2,T8992,4,01,012,40,1,07,24,,6,36,1,1,,073,10,,142,163,,,086,041,40,,078,5,,5860,4,26 01,2,,5,,1959,5.0
59IN03442,1954409001,54,2,T9001,4,73,117,40,3,05,,,6,,9,1,,106,10,,,,6,,085,050,40,0414,101,4,,6848,4,,,,5,,1959,5.0
59IN03443,1954409007,54,2,T9007,4,04,042,40,1,06,11,1,6,23,1,1,,078,14,,127,144,,,092,044,40,,094,4,,7086,4,47 04,2,,5,,1959,5.0
59IN03444,1954409012,54,1,T9012,4,12,122,40,1,,07,5,6,,,,,,,,213,228,,,,,40,,209,3,,6790,4,258,5484,4,5,,1959,5.0
59IN03445,1954409013,54,1,T9013,4,15,152,40,1,,10,1,6,,,,,,,,172,182,,,,,40,,197,3,,6242,4,242,5318,4,5,,1959,5.0
59IN03446,1954409018,54,2,T9018,4,07,072,40,1,05,18,7,6,26,1,1,,082,10,,148,144,,,100,042,40,,084,4,,6521,4,05 07,2,,5,,1959,5.0
59IN03447,1954409022,54,2,T9022,4,73,087,40,1,05,,5,6,,9,1,,086,10,,133,143,,,094,055,40,,122,4,,6538,4,   71,2,,5,,1959,5.0
59IN03448,1954409023,54,2,T9023,4,73,157,40,1,09,,3,6,,9,1,,088,08,,136,158,,,087,050,40,,107,4,,6242,4,   72,2,,5,,1959,5.0
59IN03449,1954409027,54,2,T9027,4,15,152,40,1,05,18,,6,,1,1,,091,08,,138,159,,,088,042,40,,093,4,,6242,4,   01,9,,5,,1959,5.0
59IN03450,1954409034,54,2,T9034,4,12,122,40,1,10,16,,6,,1,1,,070,10,,124,141,,,091,039,40,,083,3,,6790,4,   03,9,,5,,1959,5.0
59IN03451,1954409037,54,2,T9037,4,05,052,40,1,07,18,,6,23,1,1,,063,11,,113,119,,,088,038,40,,079,3,,5657,4,14 05,2,,5,,1959,5.0
59IN03452,1954409038,54,2,T9038,4,16,162,40,1,07,16,5,6,25,1,1,,091,10,,148,165,,,082,050,40,,117,3,,6752,4,39 16,2,,5,,1959,5.0
59IN03453,1954409042,54,2,T9042,4,73,147,40,1,06,,,6,,9,1,,079,10,,116,,6,,088,044,40,0920,082,5,,6853,4,,,,5,,1959,5.0
59IN03454,1954409047,54,2,T9047,4,13,132,40,1,08,06,,6,13,1,1,,078,09,,116,137,,,089,049,40,,084,3,,5391,4,60 13,2,,5,,1959,5.0
59IN03455,1954409050,54,2,T9050,4,09,092,40,1,08,10,,6,,1,1,,066,15,,133,151,,,076,033,40,,076,3,,6778,4,   11,9,,5,,1959,5.0
59IN03456,1954409056,54,2,T9056,4,11,112,40,1,06,12,,6,21,1,1,,086,12,,130,144,,,088,047,40,,091,4,,6848,4,80 11,1,,5,,1959,5.0
59IN03457,1954409057,54,2,T9057,4,73,107,40,3,07,,4,6,,9,1,,088,07,,135,160,,,070,036,40,,091,2,,1744,5,   72,2,,5,,1959,5.0
59IN03458,1954409065,54,2,T9065,4,10,101,40,1,05,08,,6,20,1,1,,083,14,,148,166,,,079,038,40,,086,2,,6819,4,26 10,1,,5,,1959,5.0
59IN03459,1954409066,54,2,T9066,4,10,101,40,1,09,08,,6,,1,1,,080,08,,138,154,,,080,044,40,,090,3,,6819,4,   13,9,,5,,1959,5.0
59IN03460,1954409076,54,2,T9076,4,16,162,40,1,08,16,6,6,42,1,1,,073,09,,118,136,,,088,042,40,,092,3,,6752,4,17 16,2,,5,,1959,5.0
59IN03461,1954409087,54,2,T9087,4,14,142,40,1,08,18,,6,,1,1,,075,10,,108,133,2,,077,037,40,0924,087,3,,6853,4,    1,5,,5,,1959,5.0
59IN03462,1954409099,54,4,T9099,4,,,40,,,,,6,,,,,,,,157,163,3,,,,40,0609,,,,,,,,,5,,1959,5.0
59IN03463,1954409107,54,2,T9107,4,06,062,40,1,06,16,,6,23,1,1,,086,09,,156,175,,,100,051,40,,103,4,,7081,4,72 06,2,,5,,1959,5.0
59IN03464,1954409112,54,2,T9112,4,73,,40,,,,,6,,,,,,,,144,160,2,,,,40,0924,,,,,,    1,5,,5,,1959,5.0
59IN03465,1954409120,54,2,T9120,4,03,032,40,1,07,11,,6,,1,1,,082,14,,166,167,2,,082,038,40,0924,081,4,,6939,4,    1,5,,5,,1959,5.0
59IN03466,1954409123,54,2,T9123,4,01,012,40,1,06,20,,6,,1,1,,067,09,,121,130,3,,076,033,40,1218,068,3,,5860,4,,,,5,,1959,5.0
59IN03467,1954409128,54,4,T9128,4,,,40,,,,,6,,,,,,,,188,199,3,,,,40,0801,,,,,,,,,5,,1959,5.0
59IN03468,1954409135,54,2,T9135,4,73,017,40,1,07,,,6,,9,1,,074,09,,,,6,,077,034,40,0512,069,4,,5860,4,,,,5,,1959,5.0
59IN03469,1954409148,54,2,T9148,4,04,042,40,1,07,18,,6,,1,1,,075,09,,111,,7,,082,037,40,1001,079,4,,7086,4,,,,5,,1959,5.0
59IN03470,1955409151,55,2,T9151,4,62,272,40,1,05,,,5,,5,1,,102,09,,128,151,2,,108,049,40,0924,121,5,,7621,4,   09,0,,4,,1959,4.0
59IN03471,1955409162,55,2,T9162,4,65,362,40,1,09,,,5,,5,1,,086,09,,127,140,2,,097,047,40,0924,103,3,,7894,4,    0,9,,4,,1959,4.0
59IN03472,1955409174,55,2,T9174,4,65,282,40,1,04,,,5,,5,1,,115,09,,143,177,,,107,053,40,,113,2,,7459,4,   26,2,,4,,1959,4.0
59IN03473,1955409176,55,2,T9176,4,65,232,40,1,07,,,5,,5,1,,093,10,,122,145,,,099,062,40,,126,4,,8063,4,   38,2,,4,,1959,4.0
59IN03474,1955409177,55,2,T9177,4,65,252,40,1,07,,,5,,5,1,,101,09,,144,175,,,087,049,40,,110,2,,7843,4,   37,2,,4,,1959,4.0
59IN03475,1955409181,55,2,T9181,4,65,282,40,1,08,,,5,,5,1,,093,09,,121,148,,,088,048,40,,098,2,,7459,4,   25,2,,4,,1959,4.0
59IN03476,1955409182,55,2,T9182,4,65,282,40,1,05,,,5,,5,1,,096,05,,124,145,,,105,054,40,,125,5,,7459,4,   22,2,,4,,1959,4.0
59IN03477,1955409183,55,2,T9183,4,65,362,40,1,06,,,5,,5,1,,108,09,,138,162,,,121,075,40,,154,4,,7894,4,   33,2,,4,,1959,4.0
59IN03478,1955409191,55,2,T9191,4,65,382,40,1,08,,,5,,5,3,,096,10,,118,148,,,100,067,40,,118,4,,7608,4,   28,2,,4,,1959,4.0
59IN03479,1955409197,55,2,T9197,4,65,372,40,1,07,,,5,,5,1,,088,10,,118,141,2,,104,063,40,0924,126,3,,7924,4,    1,4,,4,,1959,4.0
59IN03480,1955409198,55,2,T9198,4,65,282,40,1,05,,,5,,5,1,,102,08,,133,159,,,080,048,40,,102,2,,7459,4,   06,7,,4,,1959,4.0
59IN03481,1955409220,55,2,T9220,4,65,372,40,1,06,,,5,,5,1,,083,09,,112,129,,,086,040,40,,084,2,,7924,4,   30,2,,4,,1959,4.0
59IN03482,1955409223,55,2,T9223,4,66,372,40,1,07,,,5,,5,1,,087,09,,121,160,,,120,059,40,,111,5,,7924,4,   30,2,,4,,1959,4.0
59IN03483,1955409228,55,2,T9228,4,65,362,40,1,09,,,5,,5,1,,078,10,,123,152,2,,112,059,40,0924,121,4,,7894,4,    1,4,,4,,1959,4.0
59IN03484,1955409231,55,2,T9231,4,65,332,40,1,06,,,5,,5,1,,092,12,,125,137,,,107,049,40,,106,4,,7666,4,   24,2,,4,,1959,4.0
59IN03485,1955409234,55,2,T9234,4,65,312,40,1,07,,,5,,5,1,,111,07,,157,161,,,112,070,40,,129,5,,7677,4,   27,2,,4,,1959,4.0
59IN03486,1955409244,55,2,T9244,4,65,272,40,1,07,,,5,,5,1,,100,12,,,,7,,104,058,40,0602,135,4,,7621,4,,,,4,,1959,4.0
59IN03487,1955409247,55,2,T9247,4,65,232,40,1,07,,,5,,5,1,,093,10,,137,166,,,107,071,40,,129,4,,8063,4,   35,2,,4,,1959,4.0
59IN03488,1955409261,55,2,T9261,4,65,352,40,1,07,,,5,,5,1,,099,08,,124,143,,,098,063,40,,121,4,,7737,4,   32,2,,4,,1959,4.0
59IN03489,1955409265,55,2,T9265,4,65,372,40,1,07,,,5,,5,1,,081,08,,102,132,,,118,046,40,,091,3,,7924,4,   31,2,,4,,1959,4.0
59IN03490,1955409268,55,2,T9268,4,62,252,40,1,09,,,5,,5,1,,077,09,,117,148,,,094,048,40,,098,3,,7843,4,   29,2,,4,,1959,4.0
59IN03491,1955409277,55,2,T9277,4,62,222,40,3,08,,,5,,5,1,,094,08,,118,158,,,107,051,40,,111,5,,7776,4,   33,2,,4,,1959,4.0
59IN03492,1955409290,55,2,T9290,4,65,332,40,1,06,,,5,,5,1,,114,10,,148,175,,,099,061,40,,135,5,,7666,4,   26,2,,4,,1959,4.0
59IN03493,1955409295,55,2,T9295,4,66,282,40,1,07,,,5,,5,1,,093,08,,137,153,,,084,045,40,,091,3,,7459,4,   27,2,,4,,1959,4.0
59IN03494,1955409296,55,2,T9296,4,62,272,40,3,07,,,5,,5,1,,092,10,,125,159,,,092,055,40,,112,3,,7621,4,   30,2,,4,,1959,4.0
59IN03495,1955409309,55,2,T9309,4,65,362,40,1,09,,,5,,5,1,,091,11,,128,145,,,100,048,40,,111,3,,7894,4,   29,2,,4,,1959,4.0
59IN03496,1955409320,55,1,T9320,4,73,127,40,3,,,1,5,,,,,,,,223,238,,,,,40,,172,2,,7878,4,252,1891,5,4,,1959,4.0
59IN03497,1955409333,55,2,T9333,4,11,111,40,1,08,09,,5,15,1,1,,078,11,,132,154,,,102,062,40,,132,4,,7711,4,95 11,2,,4,,1959,4.0
59IN03498,1955409337,55,2,T9337,4,65,262,40,1,06,,,5,,5,1,,098,09,,130,153,2,,093,051,40,0924,108,2,,7484,4,    1,4,,4,,1959,4.0
59IN03499,1955409346,55,2,T9346,4,16,162,40,1,09,16,7,5,19,1,1,,078,09,,136,155,,,089,037,40,,080,3,,7012,4,83 16,2,,4,,1959,4.0
59IN03500,1955409355,55,2,T9355,4,15,152,40,1,08,15,,5,15,1,1,,091,08,,121,136,,,092,039,40,,083,2,,7786,4,30 15,1,,4,,1959,4.0
59IN03501,1955409356,55,2,T9356,4,08,082,40,1,09,16,,5,,1,1,,081,09,,118,130,3,,107,057,40,1218,101,4,,7601,4,,,,4,,1959,4.0
59IN03502,1955409359,55,2,T9359,4,11,112,40,1,08,22,,5,17,1,1,,087,09,,134,160,,,103,048,40,,099,5,,8008,4,52 11,1,,4,,1959,4.0
59IN03503,1955409361,55,2,T9361,4,73,177,40,1,08,,5,5,,9,1,,089,08,,129,155,,,094,047,40,,099,3,,6368,4,   72,2,,4,,1959,4.0
59IN03504,1955409363,55,2,T9363,4,17,172,40,1,07,09,3,5,19,1,1,,083,07,,139,142,,,087,039,40,,080,2,,6368,4,34 17,2,,4,,1959,4.0
59IN03505,1955409384,55,2,T9384,4,10,102,40,1,08,06,,5,13,1,1,,072,10,,116,133,,,088,047,40,,094,3,,6819,4,42 10,2,,4,,1959,4.0
59IN03506,1955409386,55,2,T9386,4,03,032,40,1,08,27,,5,,1,1,,090,08,,156,175,2,,101,042,40,0924,100,4,,8005,4,    1,4,,4,,1959,4.0
59IN03507,1955409387,55,2,T9387,4,18,182,40,1,10,06,3,5,19,1,1,,088,09,,142,150,,,097,043,40,,096,4,,6029,4,25 18,2,,4,,1959,4.0
59IN03508,1955409388,55,2,T9388,4,12,121,40,1,07,13,,5,13,1,1,,091,12,,123,145,,,081,039,40,,095,2,,7560,4,73 12,2,,4,,1959,4.0
59IN03509,1955409390,55,2,T9390,4,62,262,40,3,07,,,5,,5,1,,096,10,,122,166,,,098,055,40,,130,4,,7484,4,   32,2,,4,,1959,4.0
59IN03510,1955409399,55,2,T9399,4,15,152,40,1,08,14,,5,,1,1,,082,09,,117,138,,,111,059,40,,120,5,,7786,4,   03,8,,4,,1959,4.0
59IN03511,1955409401,55,2,T9401,4,70,722,40,1,09,,6,5,,2,1,,090,09,,146,171,,,109,057,40,,118,4,,7691,4,   72,2,,4,,1959,4.0
59IN03512,1955409414,55,2,T9414,4,73,157,40,3,06,,4,5,,9,1,,098,09,,158,185,,,095,049,40,,100,4,,7786,4,   73,2,,4,,1959,4.0
59IN03513,1955409417,55,2,T9417,4,02,022,40,1,08,31,,5,,1,1,,081,10,,,,7,,099,043,40,0602,092,3,,6811,4,,,,4,,1959,4.0
59IN03514,1955409419,55,2,T9419,4,70,722,40,1,06,,5,5,,2,1,,101,09,,130,156,,,096,061,40,,127,3,,7691,4,   73,2,,4,,1959,4.0
59IN03515,1955409420,55,2,T9420,4,16,,40,1,08,15,8,5,18,1,1,,088,08,,142,165,,,087,049,40,,102,2,,7012,4,75 16,2,,4,,1959,4.0
59IN03516,1955409423,55,2,T9423,4,14,142,40,1,10,18,,5,,1,1,,092,09,,140,169,2,,103,048,40,0924,096,3,,7381,4,    0,9,,4,,1959,4.0
59IN03517,1955409425,55,2,T9425,4,13,132,40,1,10,12,,5,,1,1,,088,10,,122,152,2,,113,060,40,0924,108,5,,7804,4,    1,4,,4,,1959,4.0
59IN03518,1955409426,55,1,T9426,4,13,132,40,1,,12,5,5,,,,,,,,190,210,,,,,40,,,,,7804,4,,4471,4,4,,1959,4.0
59IN03519,1955409434,55,2,T9434,4,70,712,40,1,05,,6,5,,2,1,,108,07,,148,168,,,100,044,40,,098,3,,7446,4,   71,2,,4,,1959,4.0
59IN03520,1955409435,55,2,T9435,4,73,147,40,1,05,,6,5,,9,1,,088,09,,133,135,,,109,062,40,,115,5,,7381,4,   73,2,,4,,1959,4.0
59IN03521,1955409449,55,2,T9449,4,73,177,40,3,06,,7,5,,9,1,,103,07,,156,173,,,113,067,40,,125,4,,6368,4,   72,2,,4,,1959,4.0
59IN03522,1955409454,55,2,T9454,4,14,142,40,1,07,15,,5,,1,1,,091,09,,112,111,3,,088,040,40,1221,101,2,,7381,4,,,,4,,1959,4.0
59IN03523,1955409457,55,2,T9457,4,14,142,40,1,08,24,,5,24,1,1,,082,10,,113,134,,,111,062,40,,124,4,,7381,4,71 14,2,,4,,1959,4.0
59IN03524,1955409458,55,2,T9458,4,12,122,40,1,08,13,,5,14,1,1,,086,11,,118,137,,,094,041,40,,094,2,,7878,4,50 12,1,,4,,1959,4.0
59IN03525,1955409460,55,2,T9460,4,10,102,40,1,04,04,,5,,1,1,,100,06,,147,164,,,082,042,40,,102,2,,6819,4,   13,8,,4,,1959,4.0
59IN03526,1955409462,55,2,T9462,4,09,092,40,1,08,22,,5,16,1,1,,097,08,,118,139,,,077,046,40,,096,2,,7651,4,72 09,2,,4,,1959,4.0
59IN03527,1955409464,55,2,T9464,4,70,722,40,1,06,,7,5,,2,1,,088,08,,123,140,,,100,047,40,,100,5,,7691,4,   73,2,,4,,1959,4.0
59IN03528,1955409471,55,2,T9471,4,11,112,40,1,06,14,,5,14,1,1,,103,09,,144,160,,,104,054,40,,102,2,,8008,4,10 11,2,,4,,1959,4.0
59IN03529,1955409473,55,2,T9473,4,01,012,40,1,06,25,,5,34,1,1,,100,07,,128,154,,,094,046,40,,100,4,,5860,4,06 01,1,,4,,1959,4.0
59IN03530,1955409474,55,2,T9474,4,01,012,40,1,06,25,,5,40,1,1,,090,07,,153,154,,,094,048,40,,110,4,,5860,4,31 01,2,,4,,1959,4.0
59IN03531,1955409475,55,2,T9475,4,18,182,40,1,08,07,4,5,19,1,1,,090,09,,135,149,,,099,049,40,,103,2,,6029,4,98 18,2,,4,,1959,4.0
59IN03532,1955409484,55,2,T9484,4,73,037,40,1,10,,,5,,9,1,,073,09,,133,148,2,,092,050,40,0924,112,3,,8005,4,    1,4,,4,,1959,4.0
59IN03533,1955409487,55,2,T9487,4,16,162,40,1,08,14,1,5,17,1,1,,093,09,,146,164,,,082,044,40,,108,4,,7012,4,90 16,2,,4,,1959,4.0
59IN03534,1955409488,55,2,T9488,4,16,162,40,1,08,14,2,5,15,1,1,,096,09,,147,160,,,099,052,40,,110,3,,7012,4,94 16,2,,4,,1959,4.0
59IN03535,1955409493,55,2,T9493,4,70,712,40,1,08,,8,5,,2,1,,093,07,,138,160,,,096,038,40,,079,4,,7446,4,   72,2,,4,,1959,4.0
59IN03536,1955409506,55,2,T9506,4,09,092,40,1,07,02,,5,,1,1,,078,09,,131,155,,,103,045,40,,082,3,,7651,4,   11,8,,4,,1959,4.0
59IN03537,1955409509,55,2,T9509,4,18,182,40,1,10,04,5,5,18,1,1,,076,10,,116,139,,,100,041,40,,073,2,,6029,4,41 18,2,,4,,1959,4.0
59IN03538,1955409517,55,1,T9517,4,14,142,40,1,,20,4,5,,,,,,,,191,213,,,,,40,,198,4,,7381,4,250,6369,4,4,,1959,4.0
59IN03539,1955409528,55,2,T9528,4,04,042,40,1,09,28,,5,,1,1,,081,09,,128,143,2,,104,055,40,0924,103,5,,7086,4,    1,4,,4,,1959,4.0
59IN03540,1955409537,55,2,T9537,4,04,042,40,1,07,19,2,5,26,1,1,,093,08,,126,143,,,088,044,40,,106,2,,7086,4,34 04,2,,4,,1959,4.0
59IN03541,1955409539,55,1,T9539,4,04,042,40,1,,28,1,5,,,,,,,,206,230,,,,,40,,210,9,,7086,4,262,6638,4,4,,1959,4.0
59IN03542,1955409545,55,2,T9545,4,10,101,40,1,09,14,,5,,1,1,,083,07,,135,165,2,,097,056,40,0924,119,4,,7617,4,    1,4,,4,,1959,4.0
59IN03543,1955409555,55,2,T9555,4,15,152,40,1,08,20,,5,,1,1,,077,09,,119,144,,,098,039,40,,080,3,,7786,4,   03,9,,4,,1959,4.0
59IN03544,1955409560,55,2,T9560,4,16,162,40,1,07,19,3,5,20,1,1,,086,08,,148,164,,,091,050,40,,115,2,,7012,4,04 16,2,,4,,1959,4.0
59IN03545,1955409575,55,2,T9575,4,70,712,40,1,07,,7,5,,2,1,,094,09,,133,151,,,093,058,40,,110,3,,7446,4,   71,2,,4,,1959,4.0
59IN03546,1955409576,55,2,T9576,4,03,032,40,1,11,18,,5,21,1,1,,078,09,,122,141,,,102,049,40,,113,3,,8005,4,36 03,2,,4,,1959,4.0
59IN03547,1955409577,55,2,T9577,4,15,152,40,1,09,15,,5,14,1,2,,082,08,,132,154,,,099,045,40,,105,3,,7786,4,96 15,2,,4,,1959,4.0
59IN03548,1955409578,55,2,T9578,4,17,172,40,1,06,11,,5,,1,1,,110,08,,166,180,3,,095,056,40,1218,107,4,,6368,4,,,,4,,1959,4.0
59IN03549,1955409584,55,2,T9584,4,12,121,40,1,09,19,,5,11,1,1,,077,09,,116,144,,,091,043,40,,084,2,,7560,4,83 12,2,,4,,1959,4.0
59IN03550,1955409593,55,2,T9593,4,04,042,40,1,05,18,,5,,1,1,,083,12,,146,174,2,,103,054,40,0924,106,3,,7086,4,    9,0,,4,,1959,4.0
59IN03551,1955409594,55,2,T9594,4,73,047,40,3,07,,8,5,,9,1,,088,10,,118,138,,,108,053,40,,109,4,,7086,4,   71,2,,4,,1959,4.0
59IN03552,1955409596,55,2,T9596,4,70,722,40,1,07,,8,5,,2,1,,082,08,,128,159,,,099,057,40,,117,3,,7691,4,   73,2,,4,,1959,4.0
59IN03553,1955409597,55,2,T9597,4,11,112,40,1,07,15,,5,18,1,1,,101,11,,135,157,,,099,057,40,,111,4,,8008,4,22 11,1,,4,,1959,4.0
59IN03554,1955409598,55,2,T9598,4,11,112,40,1,07,15,,5,19,1,1,,092,09,,166,196,,,097,057,40,,109,5,,8008,4,89 11,2,,4,,1959,4.0
59IN03555,1955409599,55,2,T9599,4,15,152,40,1,08,01,,5,,1,1,,083,09,,144,162,,,085,048,40,,106,2,,7786,4,   01,8,,4,,1959,4.0
59IN03556,1955409601,55,2,T9601,4,12,121,40,1,08,11,,5,,1,1,,083,09,,123,156,,,095,040,40,,083,2,,7560,4,   01,8,,4,,1959,4.0
59IN03557,1955409617,55,2,T9617,4,16,162,40,1,08,27,,5,,1,1,,082,10,,118,139,2,,084,044,40,0924,102,2,,7012,4,    1,4,,4,,1959,4.0
59IN03558,1955409620,55,2,T9620,4,65,352,40,1,07,,,5,,5,1,,086,05,,118,140,,,107,051,40,,103,4,,7737,4,   28,2,,4,,1959,4.0
59IN03559,1955409622,55,2,T9622,4,17,172,40,1,07,03,4,5,16,1,1,,088,08,,142,146,,,098,040,40,,076,4,,6368,4,41 17,2,,4,,1959,4.0
59IN03560,1955409629,55,2,T9629,4,12,121,40,1,07,10,,5,13,1,1,,088,09,,133,154,,,093,045,40,,099,2,,7560,4,86 12,1,,4,,1959,4.0
59IN03561,1955409633,55,2,T9633,4,17,172,40,1,07,09,5,5,19,1,1,,088,09,,142,156,,,085,043,40,,091,4,,6368,4,12 17,2,,4,,1959,4.0
59IN03562,1955409638,55,2,T9638,4,18,182,40,1,08,01,6,5,16,1,1,,091,10,,126,150,,,093,056,40,,110,4,,6029,4,79 18,2,,4,,1959,4.0
59IN03563,1955409644,55,2,T9644,4,07,072,40,1,10,27,8,5,25,1,1,,075,11,,112,135,,,099,040,40,,081,2,,6521,4,28 07,2,,4,,1959,4.0
59IN03564,1955409656,55,2,T9656,4,12,122,40,1,10,14,,5,,1,1,,083,08,,132,149,,,101,048,40,,110,3,,7878,4,   13,9,,4,,1959,4.0
59IN03565,1955409661,55,2,T9661,4,73,157,40,3,07,,1,5,,9,1,,090,09,,120,143,,,094,044,40,,108,2,,7786,4,   73,2,,4,,1959,4.0
59IN03566,1955409662,55,2,T9662,4,73,177,40,3,07,,1,5,,9,1,,107,09,,142,165,,,111,054,40,,113,5,,6368,4,   71,2,,4,,1959,4.0
59IN03567,1955409663,55,2,T9663,4,73,177,40,3,06,,1,5,,9,1,,104,08,,142,161,,,087,048,40,,089,2,,6368,4,   72,2,,4,,1959,4.0
59IN03568,1955409664,55,2,T9664,4,73,107,40,1,06,,2,5,,9,1,,097,12,,134,166,,,092,044,40,,106,2,,6819,4,   71,2,,4,,1959,4.0
59IN03569,1955409675,55,2,T9675,4,07,072,40,1,07,18,,5,,1,1,,090,09,,144,161,2,,076,043,40,0924,103,2,,6521,4,    0,9,,4,,1959,4.0
59IN03570,1955409682,55,2,T9682,4,14,142,40,1,07,14,,5,21,1,1,,076,08,,128,144,,,094,056,40,,108,3,,7381,4,87 14,2,,4,,1959,4.0
59IN03571,1955409689,55,2,T9689,4,16,162,40,1,07,16,,5,,1,1,,100,08,,114,143,2,,088,045,40,0924,097,2,,7012,4,    1,4,,4,,1959,4.0
59IN03572,1955409692,55,1,T9692,4,73,017,40,3,,,1,5,,,1,,,,,205,225,9,,,,40,1030,145,3,,5860,4,,1773,5,4,,1959,4.0
59IN03573,1955409695,55,2,T9695,4,01,012,40,1,07,42,,5,36,1,1,,101,09,,148,160,,,096,054,40,,110,3,,5860,4,04 01,1,,4,,1959,4.0
59IN03574,1955409698,55,2,T9698,4,02,022,40,1,06,25,,5,35,1,1,,082,06,,126,146,,,096,047,40,,100,4,,6811,4,17 02,2,,4,,1959,4.0
59IN03575,1955409700,55,2,T9700,4,12,122,40,1,08,11,,5,,1,1,,096,11,,176,159,,,103,060,40,,137,5,,7878,4,   13,8,,4,,1959,4.0
59IN03576,1955409705,55,2,T9705,4,02,022,40,1,09,25,,5,34,1,1,,073,07,,102,128,,,101,042,40,,090,3,,6811,4,02 02,2,,4,,1959,4.0
59IN03577,1955409712,55,2,T9712,4,16,162,40,1,07,16,,5,,1,1,,077,06,,127,128,2,,093,044,40,0924,095,2,,7012,4,    1,4,,4,,1959,4.0
59IN03578,1955409714,55,2,T9714,4,08,082,40,1,08,18,,5,,1,1,,086,10,,118,139,2,,101,060,40,0924,119,6,,7601,4,    1,4,,4,,1959,4.0
59IN03579,1955409723,55,2,T9723,4,16,162,40,1,09,12,4,5,17,1,1,,083,08,,137,161,,,096,039,40,,095,3,,7012,4,11 16,2,,4,,1959,4.0
59IN03580,1955409724,55,2,T9724,4,73,067,40,1,07,,2,5,,9,1,,096,08,,124,154,,,090,050,40,,108,3,,8044,4,   73,2,,4,,1959,4.0
59IN03581,1955409725,55,2,T9725,4,73,067,40,1,08,,3,5,,9,1,,077,08,,120,146,,,097,046,40,,108,4,,8044,4,   73,2,,4,,1959,4.0
59IN03582,1955409734,55,2,T9734,4,12,122,40,1,09,20,,5,10,1,1,,074,10,,108,132,,,087,042,40,,103,2,,7878,4,00 12,2,,4,,1959,4.0
59IN03583,1955409744,55,2,T9744,4,02,022,40,1,07,25,,5,32,1,1,,091,07,,143,154,,,096,046,40,,101,4,,6811,4,98 02,2,,4,,1959,4.0
59IN03584,1955409757,55,2,T9757,4,03,032,40,1,08,16,,5,21,1,1,,092,09,,141,155,,,100,051,40,,111,3,,8005,4,45 03,1,,4,,1959,4.0
59IN03585,1955409770,55,2,T9770,4,17,172,40,1,07,05,6,5,20,1,1,,108,06,,153,169,,,095,046,40,,108,4,,6368,4,24 17,2,,4,,1959,4.0
59IN03586,1955409775,55,2,T9775,4,08,082,40,1,10,17,,5,,1,1,,073,15,,114,134,2,,108,044,40,0924,093,5,,7601,4,    1,4,,4,,1959,4.0
59IN03587,1955409790,55,2,T9790,4,65,382,40,1,09,,,5,,5,1,,092,10,,127,153,2,,097,065,40,0924,143,3,,7608,4,    1,4,,4,,1959,4.0
59IN03588,1955409793,55,2,T9793,4,12,122,40,1,08,09,,5,,1,1,,088,13,,98,126,3,,095,045,40,1218,097,2,,7878,4,,,,4,,1959,4.0
59IN03589,1955409798,55,2,T9798,4,17,172,40,1,08,20,,5,,1,1,,080,08,,113,100,6,,100,050,40,1101,090,4,,6368,4,,,,4,,1959,4.0
59IN03590,1955409800,55,2,T9800,4,14,142,40,1,07,19,,5,24,1,1,,083,10,,123,140,,,104,058,40,,102,4,,7381,4,02 14,2,,4,,1959,4.0
59IN03591,1955409814,55,2,T9814,4,01,011,40,1,08,29,,5,,1,1,,086,10,,129,151,2,,076,032,40,0924,073,2,,7491,4,    1,4,,4,,1959,4.0
59IN03592,1955409818,55,2,T9818,4,07,072,40,1,07,21,1,5,28,1,1,,074,07,,118,139,,,086,038,40,,089,3,,6521,4,49 07,2,,4,,1959,4.0
59IN03593,1955409828,55,2,T9828,4,11,112,40,1,09,15,,5,22,1,1,,087,10,,134,156,,,091,051,40,,110,3,,8008,4,43 11,1,,4,,1959,4.0
59IN03594,1955409836,55,1,T9836,4,01,011,40,1,,25,1,5,,,,,,,,216,222,,,,,40,,188,3,,7491,4,251,4423,4,4,,1959,4.0
59IN03595,1955409842,55,2,T9842,4,01,011,40,1,08,26,,5,32,1,1,,093,10,,126,160,,,108,050,40,,105,4,,7491,4,92 01,2,,4,,1959,4.0
59IN03596,1955409852,55,2,T9852,4,18,182,40,1,10,07,7,5,19,1,1,,091,11,,128,154,,,103,057,40,,106,3,,6029,4,99 18,2,,4,,1959,4.0
59IN03597,1955409862,55,2,T9862,4,13,132,40,1,08,08,,5,,1,1,,084,09,,123,149,2,,104,052,40,0924,107,4,,7804,4,    1,4,,4,,1959,4.0
59IN03598,1955409867,55,2,T9867,4,07,072,40,1,07,19,2,5,34,1,1,,096,06,,114,160,,,090,036,40,,092,3,,6521,4,55 07,2,,4,,1959,4.0
59IN03599,1955409872,55,2,T9872,4,12,121,40,1,07,28,,5,,1,1,,084,08,,126,157,,,089,038,40,,089,2,,7560,4,   11,9,,4,,1959,4.0
59IN03600,1955409877,55,2,T9877,4,10,101,40,1,09,07,,5,,1,1,,080,09,,118,142,,,099,051,40,,104,3,,7617,4,   11,8,,4,,1959,4.0
59IN03601,1955409885,55,2,T9885,4,01,011,40,1,07,25,,5,,1,1,,083,09,,134,,7,,080,036,40,1001,074,3,,7491,4,,,,4,,1959,4.0
59IN03602,1955409908,55,2,T9908,4,10,102,40,1,07,08,,5,,1,1,,088,09,,123,152,,,093,042,40,,110,3,,6819,4,   11,9,,4,,1959,4.0
59IN03603,1955409918,55,2,T9918,4,04,042,40,1,08,34,3,5,35,1,1,,078,09,,125,135,,,092,052,40,,111,3,,7086,4,16 04,2,,4,,1959,4.0
59IN03604,1955409934,55,2,T9934,4,18,182,40,1,07,06,8,5,20,1,1,,088,10,,138,170,,,101,055,40,,110,3,,6029,4,49 18,2,,4,,1959,4.0
59IN03605,1955409935,55,2,T9935,4,10,102,40,1,07,15,,5,,1,1,,090,08,,123,153,,,081,045,40,,099,2,,6819,4,   01,9,,4,,1959,4.0
59IN03606,1955409946,55,2,T9946,4,70,722,40,1,06,,3,5,,2,1,,081,08,,132,151,,,096,045,40,,092,2,,7691,4,   71,2,,4,,1959,4.0
59IN03607,1955409948,55,2,T9948,4,73,117,40,3,07,,4,5,,9,1,,102,08,,143,152,,,096,045,40,,095,2,,8008,4,   73,2,,4,,1959,4.0
59IN03608,1955409950,55,2,T9950,4,05,052,40,1,11,18,,5,24,1,1,,078,09,,112,118,,,085,041,40,,086,3,,7498,4,03 05,2,,4,,1959,4.0
59IN03609,1955409951,55,2,T9951,4,05,052,40,1,09,18,,5,24,1,1,,083,13,,114,126,,,096,049,40,,096,2,,7498,4,03 05,2,,4,,1959,4.0
59IN03610,1955409955,55,2,T9955,4,07,072,40,1,07,25,,5,,1,1,,087,09,,127,162,3,,092,047,40,1218,086,3,,6521,4,,,,4,,1959,4.0
59IN03611,1955409960,55,2,T9960,4,17,172,40,1,06,19,,5,,1,1,,108,07,,120,164,3,,097,052,40,1123,112,3,,6368,4,,,,4,,1959,4.0
59IN03612,1955409962,55,2,T9962,4,17,172,40,1,07,19,,5,,1,1,,098,05,,138,185,2,,100,060,40,0924,114,4,,6368,4,    1,4,,4,,1959,4.0
59IN03613,1955409963,55,2,T9963,4,04,042,40,1,06,14,4,5,24,1,1,,083,09,,144,164,,,097,044,40,,095,4,,7086,4,30 04,2,,4,,1959,4.0
59IN03614,1955409973,55,2,T9973,4,73,087,40,3,07,,,5,,9,1,,085,09,,133,147,3,,106,,40,1218,107,4,,7601,4,,,,4,,1959,4.0
59IN03615,1955409974,55,1,T9974,4,02,022,40,1,,24,1,5,,,,,,,,183,212,,,,,40,,194,3,,6811,4,240,6026,4,4,,1959,4.0
59IN03616,1955409980,55,2,T9980,4,04,042,40,1,05,10,5,5,22,1,1,,094,09,,148,163,,,098,,40,,116,5,,7086,4,88 04,2,,4,,1959,4.0
59IN03617,1955409986,55,2,T9986,4,18,182,40,1,08,11,1,5,21,1,1,,086,08,,138,155,,,107,053,40,,103,4,,6029,4,20 18,2,,4,,1959,4.0
59IN03618,1955409993,55,1,T9993,4,70,712,40,1,,,1,5,,,,,,,,176,208,,,,,40,,168,3,,7446,4,246,7526,4,4,,1959,4.0
59IN03619,1955409999,55,2,T9999,4,11,112,40,1,07,12,,5,,1,1,,093,10,,138,165,2,,098,057,40,0924,111,3,,8008,4,    1,4,,4,,1959,4.0
59IN03620,1951481750,51,2,01750,5,11,442,48,3,06,00,,9,,8,1,,084,09,,,,6,,085,043,48,0414,096,2,,9444,2,,,,8,,1959,8.0
59IN03621,1952481785,52,2,01785,5,10,322,48,3,08,00,,8,05,8,1,,102,06,,130,158,,,074,035,48,,094,2,,7491,1,24 10,1,,7,,1959,7.0
59IN03622,1952481792,52,2,01792,5,10,322,48,3,07,00,,8,04,8,1,,090,07,,150,173,,,077,040,48,,092,2,,7491,1,90 10,2,,7,,1959,7.0
59IN03623,1952481798,52,2,01798,5,61,740,48,3,05,,,8,,0,1,,110,09,,132,152,3,,068,039,48,1218,097,2,,,,,,,7,,1959,7.0
59IN03624,1952481811,52,2,01811,5,61,260,48,3,06,,,8,,0,1,,089,08,,156,168,,,073,049,48,,099,2,,,,   02,7,,7,,1959,7.0
59IN03625,1952481822,52,2,01822,5,61,390,48,3,08,,,8,,0,1,,087,11,,141,160,,,087,052,48,,118,3,,,,   05,7,,7,,1959,7.0
59IN03626,1952481824,52,2,01824,5,61,490,48,3,06,,,8,,0,1,,098,08,,135,164,,,071,038,48,,072,2,,,,   12,7,,7,,1959,7.0
59IN03627,1952481834,52,2,01834,5,61,260,48,3,08,,,8,,0,1,,088,10,,153,175,,,069,042,48,,083,2,,,,   40,7,,7,,1959,7.0
59IN03628,1952481843,52,2,01843,5,61,230,48,3,07,,,8,,0,1,,088,10,,142,154,,,088,044,48,,080,4,,,,   09,7,,7,,1959,7.0
59IN03629,1953481863,53,2,01863,5,10,322,48,3,08,00,,7,05,8,1,,089,09,,141,161,,,064,033,48,,088,2,,7491,1,32 10,1,,6,,1959,6.0
59IN03630,1953481868,53,2,01868,5,10,322,48,3,07,00,,7,04,8,1,,086,08,,140,162,,,073,034,48,,095,2,,7491,1,88 10,2,,6,,1959,6.0
59IN03631,1953481891,53,2,01891,5,61,320,48,3,06,,,7,,0,1,,088,09,,122,155,,,075,035,48,,081,2,,,,   21,7,,6,,1959,6.0
59IN03632,1953481897,53,2,01897,5,61,290,48,3,07,,,7,,0,1,,096,10,,152,168,,,074,038,48,,086,3,,,,   10,7,,6,,1959,6.0
59IN03633,1954481940,54,2,01940,5,61,321,48,3,05,,,6,,0,1,,104,13,,136,157,,,089,046,48,,092,3,,,,   11,7,,5,,1959,5.0
59IN03634,1954481942,54,2,01942,5,61,540,48,3,07,,,6,,0,1,,075,12,,132,151,2,,095,050,48,0924,086,5,,,,    1,5,,5,,1959,5.0
59IN03635,1952481958,52,2,01958,5,19,,48,3,,00,,8,,,,,,,,156,154,2,,,,48,0924,,,,,,    1,7,,7,,1959,7.0
59IN03636,1952481959,52,2,01959,5,21,,48,3,,00,,8,37,,,,,,,123,124,,,,,48,,,,,,,50 21,2,,7,,1959,7.0
59IN03637,1952481960,52,2,01960,5,20,,48,3,,00,,8,25,,,,,,,150,154,,,,,48,,,,,,,00 20,2,,7,,1959,7.0
59IN03638,1954481961,54,1,01961,5,19,000,48,3,,,5,6,,,,,,,,183,163,3,,,,48,1221,168,3,,,,198,1958,5,5,,1959,5.0
59IN03639,1954481965,54,1,01965,5,20,000,48,3,,,5,6,,,,,,,,179,193,,,,,48,,155,3,,,,228,1960,5,5,,1959,5.0
59IN03640,1954481966,54,2,01966,5,20,000,48,3,07,00,,6,,1,1,,095,07,,146,150,3,,102,037,48,1218,079,4,,,,,,,5,,1959,5.0
59IN03641,1955481978,55,2,01978,5,61,,48,3,07,,,5,,0,1,,078,09,,138,157,,,099,061,48,,123,4,,,,   13,7,,4,,1959,4.0
59IN03642,1955481983,55,2,01983,5,21,212,48,3,12,25,,5,37,1,,,068,,,118,119,,,,,48,,089,3,,1967,5,50 21,2,,4,,1959,4.0
59IN03643,1955481984,55,1,01984,5,21,212,48,3,,25,3,5,,,,,,,,106,124,,,,,48,,122,2,,1967,5,184,1959,5,4,,1959,4.0
59IN03644,1955481986,55,2,01986,5,20,202,48,3,07,25,,5,31,1,1,,086,06,,133,155,,,077,034,48,,086,2,,1965,5,25 20,2,,4,,1959,4.0
59IN03645,1955481992,55,2,01992,5,61,405,48,3,07,,1,5,,0,1,,085,09,,111,133,,,090,047,48,,095,3,,,,   08,7,,4,,1959,4.0
59IN03646,1955482005,55,2,02005,5,61,370,48,3,07,,8,5,,0,4,,098,11,,155,161,,,101,060,48,,140,3,,,,   04,7,,4,,1959,4.0
59IN03647,1955482024,55,2,02024,5,61,321,48,3,06,,,5,,0,5,,105,08,,223,185,,,090,050,48,,095,2,,,,   15,7,,4,,1959,4.0
59IN03648,1956482031,56,2,02031,5,19,192,48,3,08,25,,4,,1,1,,073,09,,123,133,2,,100,041,48,0924,081,3,,1961,5,    1,3,,3,,1959,3.0
59IN03649,1956482032,56,2,02032,5,19,192,48,3,07,25,,4,,1,1,,082,08,,136,158,2,,100,031,48,0924,064,2,,1961,5,    1,3,,3,,1959,3.0
59IN03650,1956482033,56,2,02033,5,21,212,48,3,07,25,,4,37,1,1,,075,10,,98,121,,,087,031,48,,068,1,,1967,5,50 21,2,,3,,1959,3.0
59IN03651,1956482040,56,1,02040,5,20,202,48,3,,25,7,4,,,,,,13,6,163,190,2,,,,48,0924,128,3,,1965,5,225,1960,5,3,,1959,3.0
59IN03652,1956482041,56,2,02041,5,20,202,48,3,08,25,,4,31,1,1,,068,06,,111,131,,,069,021,48,,042,1,,1965,5,25 20,2,,3,,1959,3.0
59IN03653,1956482047,56,2,02047,5,61,290,48,3,07,,,4,,0,1,,098,07,,134,155,,,089,040,48,,083,2,,,,   01,7,,3,,1959,3.0
59IN03654,1956482057,56,2,02057,5,61,461,48,3,05,,,4,,0,1,,077,07,,123,145,,,094,038,48,,066,2,,,,   03,7,,3,,1959,3.0
59IN03655,1956482059,56,2,02059,5,61,220,48,3,05,,,4,,0,1,,088,08,,116,141,,,081,043,48,,073,2,,,,   14,7,,3,,1959,3.0
59IN03656,1956482062,56,2,02062,5,61,220,48,3,07,,,4,,0,1,,088,08,,132,152,,,086,035,48,,073,2,,,,   06,7,,3,,1959,3.0
59IN03657,1956482069,56,2,02069,5,61,730,48,3,07,,5,4,,0,1,,086,09,,133,140,,,082,034,48,,068,2,,,,   07,7,,3,,1959,3.0
59IN03658,1956482082,56,2,02082,5,61,469,48,3,06,,,4,,0,1,,096,08,,137,156,,,087,049,48,,086,2,,,,   20,7,,3,,1959,3.0
59IN03659,1956482084,56,2,02084,5,61,240,48,3,07,,,4,,0,1,,097,13,,144,175,,,096,036,48,,066,2,,,,   02,7,,3,,1959,3.0
59IN03660,1957482086,57,2,02086,5,19,192,48,3,11,25,,3,,1,1,,074,10,,110,143,2,,091,035,48,0924,066,4,,1961,5,    1,2,,2,,1959,2.0
59IN03661,1957482087,57,2,02087,5,19,192,48,3,13,25,,3,,1,4,,066,10,,90,126,2,,073,029,48,0924,065,1,,1961,5,    1,2,,2,,1959,2.0
59IN03662,1957482088,57,2,02088,5,20,202,48,3,12,38,,3,34,1,1,,078,08,,98,128,,,077,025,48,,056,2,,1965,5,37 20,2,,2,,1959,2.0
59IN03663,1957482089,57,2,02089,5,20,202,48,3,10,38,,3,34,1,1,,092,05,,111,143,,,063,030,48,,062,1,,1965,5,37 20,2,,2,,1959,2.0
59IN03664,1957482090,57,2,02090,5,20,202,48,3,10,25,,3,31,1,1,,088,04,,115,138,,,073,029,48,,047,2,,1965,5,25 20,2,,2,,1959,2.0
59IN03665,1957482091,57,1,02091,5,20,202,48,3,,25,8,3,,,,,,13,3,136,155,2,,,,48,0924,100,2,,1965,5,221,1960,5,2,,1959,2.0
59IN03666,1957482092,57,2,02092,5,20,202,48,3,09,25,,3,31,1,1,,076,04,,111,133,,,073,025,48,,050,3,,1965,5,25 20,2,,2,,1959,2.0
59IN03667,1957482093,57,2,02093,5,21,212,48,3,12,25,,3,37,1,1,,058,11,,86,99,,,074,023,48,,052,2,,1967,5,50 21,2,,2,,1959,2.0
59IN03668,1957482094,57,1,02094,5,21,212,48,3,,25,4,3,,,,,,,,121,141,,,,,48,,137,3,,1967,5,195,1959,5,2,,1959,2.0
59IN03669,1957482099,57,2,02099,5,61,270,48,3,09,,,3,,0,1,,090,08,,114,137,,,082,047,48,,102,3,,,,   05,7,,2,,1959,2.0
59IN03670,1957482103,57,2,02103,5,61,479,48,3,08,,,3,,0,4,,108,09,,148,164,,,077,046,48,,089,2,,,,   12,7,,2,,1959,2.0
59IN03671,1957482106,57,2,02106,5,19,192,48,3,10,25,,3,,1,1,,083,11,,104,126,2,,075,025,48,0924,054,2,,1961,5,    1,2,,2,,1959,2.0
59IN03672,1957482110,57,2,02110,5,61,270,48,3,09,,,3,,0,1,,083,09,,103,128,2,,091,043,48,0924,078,5,,,,    1,2,,2,,1959,2.0
59IN03673,1957482122,57,2,02122,5,61,540,48,3,09,,,3,,0,1,,088,07,,101,123,,,081,047,48,,082,4,,,,   40,7,,2,,1959,2.0
59IN03674,1957482124,57,2,02124,5,61,985,48,3,09,,,3,,0,1,,091,09,,111,128,,,091,043,48,,086,3,,,,   09,7,,2,,1959,2.0
59IN03675,1957482135,57,2,02135,5,61,321,48,3,07,,,3,,0,1,,098,09,,115,138,,,080,040,48,,078,3,,,,   21,7,,2,,1959,2.0
59IN03676,1957482137,57,2,02137,5,61,710,48,3,08,,,3,,0,1,,103,09,,124,145,,,078,055,48,,106,3,,,,   10,7,,2,,1959,2.0
59IN03677,1957482138,57,2,02138,5,61,408,48,3,08,,,3,,0,1,,108,09,,142,163,,,081,041,48,,084,3,,,,   11,7,,2,,1959,2.0
59IN03678,1957482139,57,2,02139,5,61,471,48,3,08,,,3,,0,1,,100,09,,128,154,,,071,044,48,,091,2,,,,   13,7,,2,,1959,2.0
59IN03679,1957482142,57,2,02142,5,61,270,48,3,08,,,3,,0,1,,102,12,,133,140,,,067,044,48,,084,2,,,,   20,7,,2,,1959,2.0
59IN03680,1957482145,57,2,02145,5,61,730,48,3,09,,6,3,,0,1,,096,05,,131,136,,,075,044,48,,089,3,,,,   07,7,,2,,1959,2.0
59IN03681,1957482154,57,2,02154,5,61,341,48,3,09,,,3,,0,1,,098,09,,118,147,,,079,043,48,,091,2,,,,   06,7,,2,,1959,2.0
59IN03682,1958482198,58,2,02198,5,21,212,48,,07,38,,2,37,1,1,  2,097,04,,97,122,,,102,052,48,,121,6,,1984,5,50 21,2,,1,,1959,1.0
59IN03683,1958482203,58,1,02203,5,20,202,48,,,25,8,2,,,,,,,,119,130,3,,,,48,0801,069,2,,1965,5,222,1960,5,1,,1959,1.0
59IN03684,1958482204,58,2,02204,5,19,192,48,,06,38,,2,,1,1,  2,099,07,,99,133,,,083,037,48,,108,2,,1961,5,   20,8,,1,,1959,1.0
59IN03685,1958482206,58,2,02206,5,21,212,48,,09,38,,2,37,1,1,  2,073,08,,73,104,,,095,037,48,,098,5,,1984,5,50 21,2,,1,,1959,1.0
59IN03686,1958482208,58,1,02208,5,20,202,48,,,25,5,2,,,,,,,,114,142,,,,,48,,072,3,,1965,5,231,1966,5,1,,1959,1.0
59IN03687,1958482209,58,1,02209,5,20,202,48,,,25,5,2,,,,,,,,118,140,,,,,48,,091,3,,1965,5,227,1966,5,1,,1959,1.0
59IN03688,1958482210,58,2,02210,5,20,202,48,,08,44,,2,35,1,1,  4,092,06,,92,124,,,066,025,48,,062,2,,1965,5,93 20,2,,1,,1959,1.0
59IN03689,1958482214,58,2,02214,5,61,321,48,,07,,,2,,0,1,  2,088,09,,88,124,,,089,049,48,,112,2,,,,   14,7,,1,,1959,1.0
59IN03690,1958482222,58,2,02222,5,61,474,48,,06,,,2,,0,3,  2,092,08,,92,124,,,075,044,48,,104,3,,,,   03,7,,1,,1959,1.0
59IN03691,1958482223,58,2,02223,5,61,730,48,,06,,,2,,0,1,  2,101,08,,101,124,,,088,041,48,,117,4,,,,   01,7,,1,,1959,1.0
59IN03692,1958482226,58,2,02226,5,61,750,48,,10,,,2,,0,1,  2,071,09,,71,100,2,,078,046,48,0924,099,2,,,,    1,1,,1,,1959,1.0
59IN03693,1958482228,58,2,02228,5,61,408,48,,06,,,2,,0,1,  1,094,10,,94,135,,,084,034,48,,102,2,,,,   15,7,,1,,1959,1.0
59IN03694,1958482232,58,2,02232,5,00,949,48,,,,,2,,,,,,,,,,6,,,,48,0412,,,,,,,,,1,,1959,1.0
59IN03695,1958482235,58,2,02235,5,61,360,48,,07,,1,2,,0,1,  2,095,09,,95,128,,,079,034,48,,089,2,,,,   04,7,,1,,1959,1.0
59IN03696,1958482237,58,2,02237,5,61,280,48,,07,,2,2,,0,1,  4,087,13,,87,126,,,080,036,48,,107,2,,,,   08,7,,1,,1959,1.0
59IN03697,1954610019,54,2,A0019,6,73,186,61,1,06,,7,6,,9,1,,106,09,,146,153,,,114,064,61,,123,6,,8853,6,   72,3,,5,,1959,5.0
59IN03698,1954610023,54,2,A0023,6,73,026,61,2,06,,3,6,,9,1,,093,06,,133,149,,,116,057,61,,108,8,,8773,6,   74,3,,5,,1959,5.0
59IN03699,1954610032,54,2,A0032,6,73,056,61,1,06,,8,6,,9,1,,089,08,,131,139,,,099,053,61,,106,5,,8832,6,   72,3,,5,,1959,5.0
59IN03700,1954610035,54,2,A0035,6,73,086,61,2,08,,4,6,,9,1,,087,09,,128,158,,,105,055,61,,129,6,,8214,6,   74,3,,5,,1959,5.0
59IN03701,1954610047,54,1,A0047,6,04,040,61,1,,17,1,6,,,,,,,,211,228,,,,,61,,222,5,,8564,6,430,8099,6,5,,1959,5.0
59IN03702,1954610049,54,2,A0049,6,06,063,61,1,07,14,,6,40,1,1,060,090,06,,129,154,,,092,048,61,,111,5,,8407,6,67 06,0,,5,,1959,5.0
59IN03703,1954610068,54,2,A0068,6,02,023,61,1,07,18,,6,,1,1,,093,10,,122,,6,,112,063,61,0920,111,5,,8774,6,,,,5,,1959,5.0
59IN03704,1954610069,54,1,A0069,6,02,023,61,1,,18,4,6,,,,,,,,206,222,,,,,61,,175,5,,8774,6,431,7999,6,5,,1959,5.0
59IN03705,1954610070,54,2,A0070,6,73,116,61,1,04,,1,6,,9,1,,096,08,,134,160,,,092,044,61,,105,5,,8990,6,   72,3,,5,,1959,5.0
59IN03706,1954610076,54,2,A0076,6,84,014,61,2,06,,,6,,7,1,,093,07,,138,154,,,107,052,61,,125,5,,8782,6,   05,5,,5,,1959,5.0
59IN03707,1954610077,54,2,A0077,6,10,100,61,1,06,22,2,6,,1,1,,079,09,,138,159,,,083,044,61,,111,5,,8885,6,   04,9,,5,,1959,5.0
59IN03708,1954610079,54,2,A0079,6,77,104,61,2,07,,2,6,,7,1,,072,08,,118,147,,,090,042,61,,095,6,,8885,6,   72,3,,5,,1959,5.0
59IN03709,1954610086,54,2,A0086,6,07,073,61,1,07,16,,6,,1,1,018,085,08,,150,152,,,095,043,61,,091,6,,8862,6,   00,0,,5,,1959,5.0
59IN03710,1954610090,54,2,A0090,6,02,020,61,1,09,18,,6,,1,1,058,082,10,,131,148,,,095,050,61,,112,5,,8773,6,   05,8,,5,,1959,5.0
59IN03711,1954610092,54,2,A0092,6,01,010,61,1,06,18,,6,20,1,1,,086,09,,133,164,,,102,054,61,,111,6,,8782,6,83 01,3,,5,,1959,5.0
59IN03712,1954610124,54,2,A0124,6,10,103,61,1,04,13,,6,22,1,1,,088,07,,134,153,,,078,031,61,,073,4,,8935,6,32 10,0,,5,,1959,5.0
59IN03713,1954610133,54,2,A0133,6,09,093,61,1,07,25,6,6,30,1,1,,092,08,,137,152,,,094,049,61,,102,7,,8955,6,97 09,0,,5,,1959,5.0
59IN03714,1954610136,54,2,A0136,6,10,100,61,1,09,26,,6,29,1,1,,078,12,,133,155,,,084,034,61,,074,5,,8885,6,84 10,3,,5,,1959,5.0
59IN03715,1954610137,54,2,A0137,6,10,100,61,1,07,26,7,6,,1,1,048,078,07,,126,130,,,086,039,61,,081,5,,8885,6,   04,8,,5,,1959,5.0
59IN03716,1954610146,54,2,A0146,6,04,043,61,1,07,21,5,6,20,1,1,,079,08,,136,144,,,087,047,61,,106,5,,8580,6,19 04,0,,5,,1959,5.0
59IN03717,1954610152,54,2,A0152,6,04,040,61,1,06,21,1,6,23,1,1,,092,07,,148,162,,,083,044,61,,088,4,,8564,6,86 04,3,,5,,1959,5.0
59IN03718,1954610167,54,2,A0167,6,02,020,61,1,08,21,,6,25,1,1,,086,08,,127,168,,,085,045,61,,090,4,,8773,6,38 02,3,,5,,1959,5.0
59IN03719,1954610179,54,2,A0179,6,06,060,61,1,09,26,,6,22,1,1,060,073,08,,126,145,,,096,049,61,,096,5,,7976,6,04 06,0,,5,,1959,5.0
59IN03720,1954610184,54,2,A0184,6,03,030,61,1,07,18,2,6,,1,1,,086,07,,135,151,,,094,047,61,,104,5,,8514,6,   09,9,,5,,1959,5.0
59IN03721,1954610185,54,2,A0185,6,07,070,61,1,06,20,,6,19,1,1,,097,07,,183,155,,,096,051,61,,107,5,,8751,6,43 07,0,,5,,1959,5.0
59IN03722,1954610198,54,2,A0198,6,01,010,61,1,05,20,,6,28,1,1,,088,08,,177,160,,,087,046,61,,109,6,,8782,6,49 01,0,,5,,1959,5.0
59IN03723,1954610204,54,2,A0204,6,05,053,61,1,06,15,,6,20,1,1,,079,09,,107,115,,,092,054,61,,110,5,,8872,6,28 05,3,,5,,1959,5.0
59IN03724,1954610213,54,2,A0213,6,06,063,61,2,07,12,,6,27,1,1,060,083,08,,132,148,,,094,049,61,,092,5,,8407,6,64 06,0,,5,,1959,5.0
59IN03725,1954610227,54,2,A0227,6,77,094,61,1,06,,2,6,,7,1,,092,09,,140,164,,,102,065,61,,122,6,,8232,6,   73,3,,5,,1959,5.0
59IN03726,1954610228,54,2,A0228,6,03,030,61,1,06,18,7,6,,1,1,098,083,07,,123,,,,081,045,61,,107,4,,8514,6,   09,8,,5,,1959,5.0
59IN03727,1954610234,54,2,A0234,6,10,100,61,1,06,20,,6,26,1,1,,092,09,,134,170,,,084,043,61,,109,5,,8885,6,41 10,0,,5,,1959,5.0
59IN03728,1954610236,54,2,A0236,6,77,025,61,1,06,,5,6,,7,1,,093,08,,138,143,,,099,061,61,,109,4,,8774,6,   74,3,,5,,1959,5.0
59IN03729,1954610239,54,2,A0239,6,04,043,61,1,07,15,6,6,19,1,1,,090,10,,158,174,,,075,043,61,,095,5,,8580,6,14 04,0,,5,,1959,5.0
59IN03730,1954610262,54,1,A0262,6,03,030,61,2,,24,3,6,,,,,,,,174,180,,,,,61,,186,8,,8514,6,441,7430,6,5,,1959,5.0
59IN03731,1954610263,54,2,A0263,6,02,020,61,1,07,23,,6,,1,1,,076,08,,152,162,,,089,041,61,,080,6,,8773,6,   05,9,,5,,1959,5.0
59IN03732,1954610265,54,2,A0265,6,77,064,61,1,06,,3,6,,7,1,,086,10,,147,163,,,084,045,61,,096,5,,7976,6,   72,3,,5,,1959,5.0
59IN03733,1954610271,54,2,A0271,6,09,093,61,1,06,29,1,6,29,1,1,,098,07,,178,202,,,093,050,61,,121,5,,8955,6,62 09,3,,5,,1959,5.0
59IN03734,1954610282,54,2,A0282,6,01,010,61,1,05,20,,6,19,1,1,,084,08,,160,153,,,089,038,61,,087,6,,8782,6,83 01,3,,5,,1959,5.0
59IN03735,1955610294,55,2,A0294,6,06,060,61,1,08,11,,5,22,1,1,060,073,10,,112,129,,,101,048,61,,096,5,,9129,6,20 06,0,,4,,1959,4.0
59IN03736,1955610297,55,2,A0297,6,01,010,61,1,06,17,,5,19,1,1,,086,09,,137,167,,,118,060,61,,117,6,,8782,6,91 01,0,,4,,1959,4.0
59IN03737,1955610313,55,2,A0313,6,84,045,61,1,05,,,5,,7,1,,104,07,,136,154,,,122,056,61,,109,5,,9008,6,   10,4,,4,,1959,4.0
59IN03738,1955610314,55,2,A0314,6,84,045,61,1,07,,,5,,7,1,,087,07,,130,145,,,094,052,61,,135,5,,9008,6,   06,4,,4,,1959,4.0
59IN03739,1955610315,55,2,A0315,6,77,074,61,1,07,,4,5,,7,1,,094,04,,123,135,,,129,060,61,,127,6,,8862,6,   72,3,,4,,1959,4.0
59IN03740,1955610317,55,2,A0317,6,10,100,61,1,07,26,,5,26,1,1,,084,09,,113,135,,,091,046,61,,100,5,,9422,6,77 10,3,,4,,1959,4.0
59IN03741,1955610327,55,2,A0327,6,77,085,61,1,07,,3,5,,7,1,,098,08,,147,173,,,106,063,61,,150,6,,9068,6,   73,3,,4,,1959,4.0
59IN03742,1955610331,55,2,A0331,6,70,713,61,1,06,,6,5,,2,1,,103,08,,142,149,,,121,064,61,,123,5,,9369,6,   74,3,,4,,1959,4.0
59IN03743,1955610340,55,1,A0340,6,06,060,61,1,,19,3,5,,,,,,,,184,191,,,,,61,,182,7,,9129,6,402,8207,6,4,,1959,4.0
59IN03744,1955610347,55,2,A0347,6,07,073,61,2,06,13,,5,22,1,1,,083,04,,116,136,,,114,048,61,,086,6,,9197,6,45 07,3,,4,,1959,4.0
59IN03745,1955610352,55,2,A0352,6,07,070,61,2,07,09,,5,12,1,1,,099,05,,137,167,,,102,057,61,,115,5,,8862,6,94 07,0,,4,,1959,4.0
59IN03746,1955610357,55,2,A0357,6,07,073,61,1,05,24,,5,24,1,1,,099,04,,142,159,,,106,049,61,,098,4,,9197,6,07 07,3,,4,,1959,4.0
59IN03747,1955610358,55,2,A0358,6,07,073,61,1,06,15,,5,24,1,1,,108,08,,162,183,,,123,068,61,,135,5,,9197,6,70 07,0,,4,,1959,4.0
59IN03748,1955610362,55,2,A0362,6,73,096,61,2,06,,5,5,,9,1,,102,07,,148,170,,,104,058,61,,109,5,,9158,6,   71,3,,4,,1959,4.0
59IN03749,1955610364,55,2,A0364,6,77,104,61,1,09,,6,5,,7,1,,080,10,,124,142,,,105,048,61,,108,5,,9422,6,   71,3,,4,,1959,4.0
59IN03750,1955610366,55,2,A0366,6,77,065,61,1,06,,7,5,,7,1,,084,08,,107,124,,,088,041,61,,098,3,,8407,6,   71,3,,4,,1959,4.0
59IN03751,1955610367,55,2,A0367,6,10,100,61,1,07,28,,5,36,1,1,,088,09,,122,157,,,103,042,61,,092,5,,9422,6,97 10,0,,4,,1959,4.0
59IN03752,1955610376,55,2,A0376,6,02,023,61,1,07,18,,5,27,1,1,,086,07,,133,158,,,108,047,61,,092,5,,8774,6,81 02,0,,4,,1959,4.0
59IN03753,1955610380,55,2,A0380,6,03,033,61,1,06,29,,5,29,1,1,,098,06,,126,150,,,109,075,61,,153,7,,9434,6,09 03,0,,4,,1959,4.0
59IN03754,1955610381,55,2,A0381,6,77,084,61,1,07,,5,5,,7,1,,098,09,,155,187,,,122,065,61,,122,6,,9543,6,   72,3,,4,,1959,4.0
59IN03755,1955610398,55,2,A0398,6,02,023,61,1,06,18,,5,38,1,1,,080,09,,127,156,,,124,056,61,,100,6,,8774,6,69 02,3,,4,,1959,4.0
59IN03756,1955610400,55,2,A0400,6,07,070,61,1,05,16,,5,,1,1,,108,08,,148,174,2,,107,057,61,0924,127,5,,8862,6,    0,2,,4,,1959,4.0
59IN03757,1955610408,55,2,A0408,6,03,033,61,1,06,36,,5,34,1,1,,078,07,,136,151,,,114,053,61,,120,5,,9434,6,92 03,3,,4,,1959,4.0
59IN03758,1955610409,55,2,A0409,6,06,063,61,1,07,32,,5,29,1,1,060,088,10,,137,153,,,103,061,61,,110,6,,8407,6,59 06,0,,4,,1959,4.0
59IN03759,1955610426,55,2,A0426,6,75,166,61,1,07,,7,5,,9,1,,082,10,,125,142,,,111,057,61,,105,6,,8407,6,   74,3,,4,,1959,4.0
59IN03760,1955610433,55,2,A0433,6,02,023,61,1,07,31,,5,,1,1,,096,09,,133,160,2,,101,051,61,0924,094,6,,8774,6,    0,5,,4,,1959,4.0
59IN03761,1955610435,55,1,A0435,6,08,083,61,1,,15,1,5,,,,,,,,,,6,,,,61,0101,,,,9068,6,,8690,6,4,,1959,4.0
59IN03762,1955610438,55,2,A0438,6,01,013,61,2,05,14,,5,21,1,1,,110,09,,144,163,,,115,062,61,,137,6,,9164,6,08 01,3,,4,,1959,4.0
59IN03763,1955610449,55,2,A0449,6,77,074,61,1,08,,4,5,,7,1,,088,08,,133,156,,,109,057,61,,110,6,,8862,6,   73,3,,4,,1959,4.0
59IN03764,1955610451,55,2,A0451,6,08,083,61,1,09,16,2,5,16,1,1,,080,07,,114,138,,,126,052,61,,118,5,,9068,6,86 08,0,,4,,1959,4.0
59IN03765,1955610452,55,2,A0452,6,09,093,61,1,06,31,7,5,29,1,1,,103,09,,148,167,,,101,057,61,,118,5,,9207,6,18 09,0,,4,,1959,4.0
59IN03766,1955610453,55,2,A0453,6,10,103,61,1,07,30,,5,,1,1,,099,09,,146,162,,,095,050,61,,127,4,,8935,6,   01,9,,4,,1959,4.0
59IN03767,1955610457,55,2,A0457,6,10,100,61,1,08,26,,5,,1,1,,092,11,,136,157,2,,101,053,61,0924,126,5,,9422,6,    0,5,,4,,1959,4.0
59IN03768,1955610459,55,2,A0459,6,77,024,61,,07,,8,5,,7,1,,102,08,,145,158,,,093,045,61,,102,5,,9407,6,   71,3,,4,,1959,4.0
59IN03769,1955610460,55,2,A0460,6,77,024,61,1,05,,,5,,7,1,,102,08,,112,158,3,,109,061,61,1218,120,6,,9407,6,,,,4,,1959,4.0
59IN03770,1955610470,55,2,A0470,6,04,040,61,2,08,19,2,5,19,1,1,,087,09,,123,135,,,105,051,61,,107,4,,9150,6,59 04,3,,4,,1959,4.0
59IN03771,1955610478,55,2,A0478,6,07,070,61,1,06,10,,5,16,1,1,,097,04,,162,159,,,120,062,61,,131,5,,8862,6,63 07,3,,4,,1959,4.0
59IN03772,1955610479,55,2,A0479,6,05,050,61,1,07,24,,5,23,1,1,,094,06,,128,139,,,093,042,61,,083,5,,9169,6,40 05,0,,4,,1959,4.0
59IN03773,1955610483,55,2,A0483,6,77,104,61,1,08,,8,5,,7,1,,088,08,,108,136,,,111,059,61,,111,5,,9422,6,   74,3,,4,,1959,4.0
59IN03774,1955610484,55,2,A0484,6,03,030,61,1,08,20,,5,,1,1,,087,10,,124,151,,,106,064,61,,121,5,,9171,6,   05,9,,4,,1959,4.0
59IN03775,1955610487,55,2,A0487,6,02,023,61,1,07,28,3,5,,1,1,,096,09,,145,163,,,111,052,61,,096,5,,8774,6,   04,9,,4,,1959,4.0
59IN03776,1955610493,55,2,A0493,6,77,095,61,1,07,,5,5,,7,1,,087,09,,145,156,,,122,056,61,,105,6,,9207,6,   73,3,,4,,1959,4.0
59IN03777,1955610494,55,2,A0494,6,77,084,61,1,07,,1,5,,7,1,,090,08,,154,170,,,123,066,61,,120,5,,9543,6,   74,3,,4,,1959,4.0
59IN03778,1955610502,55,2,A0502,6,07,073,61,2,08,12,,5,,1,1,,086,07,,142,159,2,,105,045,61,0924,089,5,,9197,6,    0,2,,4,,1959,4.0
59IN03779,1955610507,55,2,A0507,6,70,713,61,2,07,,1,5,,2,1,,092,09,,136,161,,,099,052,61,,111,5,,9369,6,   71,3,,4,,1959,4.0
59IN03780,1955610508,55,2,A0508,6,77,025,61,1,07,,6,5,,7,1,,107,08,,157,177,,,088,047,61,,098,5,,8774,6,   72,3,,4,,1959,4.0
59IN03781,1955610514,55,2,A0514,6,73,206,61,1,06,,2,5,,9,1,,103,09,,126,140,,,087,047,61,,105,3,,8935,6,   74,3,,4,,1959,4.0
59IN03782,1955610518,55,2,A0518,6,03,033,61,1,06,32,,5,29,1,1,,083,10,,126,143,,,110,055,61,,111,5,,9434,6,42 03,0,,4,,1959,4.0
59IN03783,1955610520,55,2,A0520,6,04,040,61,1,08,29,7,5,28,1,1,,081,07,,137,144,,,103,042,61,,088,5,,9150,6,22 04,0,,4,,1959,4.0
59IN03784,1955610521,55,2,A0521,6,08,080,61,1,09,15,3,5,25,1,1,,084,08,,130,155,,,116,066,61,,119,5,,9543,6,01 08,0,,4,,1959,4.0
59IN03785,1955610522,55,2,A0522,6,01,010,61,1,04,19,,5,21,1,1,,112,06,,158,180,,,115,064,61,,148,5,,8782,6,60 01,0,,4,,1959,4.0
59IN03786,1955610525,55,2,A0525,6,01,010,61,1,08,22,,5,22,1,1,,086,09,,118,143,,,111,051,61,,102,4,,8782,6,02 01,3,,4,,1959,4.0
59IN03787,1955610530,55,2,A0530,6,06,063,61,1,07,22,,5,25,1,1,060,090,08,,134,160,,,111,062,61,,113,5,,8407,6,71 06,0,,4,,1959,4.0
59IN03788,1955610534,55,2,A0534,6,08,080,61,1,08,16,4,5,23,1,1,,088,09,,125,154,,,109,049,61,,110,5,,9543,6,01 08,0,,4,,1959,4.0
59IN03789,1955610542,55,2,A0542,6,77,035,61,1,08,,3,5,,7,1,,079,06,,118,124,,,111,055,61,,095,5,,9434,6,   74,3,,4,,1959,4.0
59IN03790,1955610545,55,2,A0545,6,77,105,61,1,07,,2,5,,7,1,,101,09,,141,155,,,108,061,61,,128,6,,8935,6,   71,3,,4,,1959,4.0
59IN03791,1955610548,55,1,A0548,6,07,070,61,2,,10,1,5,,,,,,,,164,174,,,,,61,,209,6,,8862,6,427,6586,6,4,,1959,4.0
59IN03792,1955610549,55,2,A0549,6,09,093,61,1,07,34,2,5,26,1,1,,092,08,,143,163,,,101,054,61,,119,5,,9207,6,52 09,3,,4,,1959,4.0
59IN03793,1955610551,55,2,A0551,6,05,050,61,1,07,23,,5,20,1,1,,092,08,,136,162,,,113,046,61,,087,6,,9169,6,86 05,3,,4,,1959,4.0
59IN03794,1955610557,55,2,A0557,6,73,096,61,2,07,,6,5,,9,1,,094,09,,136,165,,,100,059,61,,134,6,,9158,6,   73,3,,4,,1959,4.0
59IN03795,1955610563,55,2,A0563,6,07,070,61,2,07,21,3,5,,1,1,,104,06,,150,165,,,117,055,61,,120,5,,8862,6,   09,9,,4,,1959,4.0
59IN03796,1955610574,55,2,A0574,6,77,054,61,1,07,,7,5,,7,1,,089,04,,150,158,,,117,054,61,,104,6,,9169,6,   73,3,,4,,1959,4.0
59IN03797,1955610583,55,2,A0583,6,77,064,61,1,05,,4,5,,7,1,,093,09,,137,158,,,087,047,61,,102,4,,9129,6,   74,3,,4,,1959,4.0
59IN03798,1955610585,55,1,A0585,6,73,086,61,2,,,1,5,,,,,, 7,4,180,198,2,,,,61,0924,232,6,,9543,6,419,1480,7,4,,1959,4.0
59IN03799,1955610594,55,2,A0594,6,06,063,61,1,06,30,,5,29,1,1,060,076,09,,135,140,,,104,040,61,,079,5,,8407,6,56 06,0,,4,,1959,4.0
59IN03800,1955610615,55,2,A0615,6,10,100,61,2,07,25,,5,,1,1,,111,09,,138,,6,,107,069,61,0920,125,5,,9422,6,,,,4,,1959,4.0
59IN03801,1955610627,55,2,A0627,6,10,103,61,1,07,21,,5,,1,1,018,098,06,,135,151,,,096,050,61,,112,5,,8935,6,   01,8,,4,,1959,4.0
59IN03802,1955610629,55,2,A0629,6,09,090,61,1,06,37,8,5,44,1,1,,093,09,,127,148,,,093,050,61,,113,5,,9158,6,73 09,0,,4,,1959,4.0
59IN03803,1955610631,55,2,A0631,6,07,073,61,1,06,24,,5,,1,1,,102,07,,134,154,2,,098,045,61,0924,098,5,,9197,6,    0,5,,4,,1959,4.0
59IN03804,1955610650,55,2,A0650,6,84,075,61,1,06,,,5,,7,1,,102,06,,158,166,2,,122,047,61,0924,096,6,,9197,6,    0,2,,4,,1959,4.0
59IN03805,1955610659,55,2,A0659,6,04,043,61,1,06,14,3,5,20,1,1,,092,08,,138,161,,,107,060,61,,108,6,,9008,6,67 04,3,,4,,1959,4.0
59IN03806,1955610662,55,2,A0662,6,03,033,61,1,06,24,,5,,1,1,,086,08,,116,130,3,,083,046,61,1218,096,5,,9434,6,,,,4,,1959,4.0
59IN03807,1955610668,55,2,A0668,6,85,075,61,1,07,,,5,,7,1,,082,07,,118,138,,,118,056,61,,120,5,,9197,6,   10,5,,4,,1959,4.0
59IN03808,1955610671,55,2,A0671,6,70,713,61,1,07,,5,5,,2,1,,101,08,,140,157,,,112,060,61,,130,5,,9369,6,   74,3,,4,,1959,4.0
59IN03809,1955610681,55,2,A0681,6,03,033,61,1,07,33,,5,,1,1,,083,08,,126,145,2,,100,055,61,0924,126,5,,9434,6,    0,2,,4,,1959,4.0
59IN03810,1955610690,55,2,A0690,6,02,020,61,1,07,18,,5,21,1,1,,089,09,,138,155,,,116,048,61,,107,6,,9407,6,78 02,0,,4,,1959,4.0
59IN03811,1955610693,55,2,A0693,6,10,100,61,1,08,28,,5,24,1,1,,083,09,,138,154,,,094,046,61,,098,4,,9422,6,73 10,3,,4,,1959,4.0
59IN03812,1955610696,55,2,A0696,6,08,080,61,1,07,12,5,5,21,1,1,,096,08,,145,160,,,111,058,61,,113,5,,9543,6,75 08,0,,4,,1959,4.0
59IN03813,1955610702,55,2,A0702,6,73,066,61,1,04,,8,5,,9,1,,090,06,,118,140,,,108,048,61,,104,5,,9129,6,   73,3,,4,,1959,4.0
59IN03814,1955610703,55,2,A0703,6,75,086,61,1,07,,1,5,,9,1,,091,09,,116,139,,,116,059,61,,124,5,,9543,6,   73,3,,4,,1959,4.0
59IN03815,1955610721,55,2,A0721,6,77,065,61,1,08,,7,5,,7,1,,087,11,,124,143,,,099,044,61,,092,4,,8407,6,   72,3,,4,,1959,4.0
59IN03816,1955610723,55,2,A0723,6,73,066,61,2,07,,8,5,,9,1,,075,09,,110,135,,,101,040,61,,083,5,,9129,6,   72,3,,4,,1959,4.0
59IN03817,1955610725,55,2,A0725,6,77,085,61,1,08,,6,5,,7,1,,097,04,,134,162,,,119,052,61,,098,6,,9068,6,   74,3,,4,,1959,4.0
59IN03818,1955610726,55,2,A0726,6,77,085,61,1,05,,,5,,7,,,104,,,148,170,2,,,,61,0924,111,4,,9068,6,    0,2,,4,,1959,4.0
59IN03819,1955610727,55,2,A0727,6,03,033,61,1,06,31,,5,,1,1,058,103,08,,140,152,,,103,061,61,,133,5,,9434,6,   05,8,,4,,1959,4.0
59IN03820,1955610731,55,2,A0731,6,03,033,61,1,06,24,,5,28,1,1,,097,08,,128,151,,,110,056,61,,114,6,,9434,6,56 03,3,,4,,1959,4.0
59IN03821,1955610738,55,2,A0738,6,02,020,61,1,07,22,,5,22,1,1,,092,07,,118,144,,,111,053,61,,102,5,,9407,6,34 02,3,,4,,1959,4.0
59IN03822,1955610744,55,2,A0744,6,03,033,61,1,06,34,,5,,1,1,,084,08,,136,153,2,,094,045,61,0924,101,4,,9434,6,    0,5,,4,,1959,4.0
59IN03823,1955610745,55,2,A0745,6,73,036,61,1,08,,,5,,9,1,,083,08,,167,190,3,,106,053,61,1218,122,5,,9171,6,,,,4,,1959,4.0
59IN03824,1955610749,55,2,A0749,6,77,065,61,1,07,,1,5,,7,0,,103,08,,138,172,,,104,059,61,,117,5,,8407,6,   72,3,,4,,1959,4.0
59IN03825,1955610750,55,2,A0750,6,77,105,61,1,04,,2,5,,7,1,,100,09,,138,168,,,133,044,61,,098,5,,8935,6,   72,3,,4,,1959,4.0
59IN03826,1955610760,55,2,A0760,6,70,713,61,2,08,,3,5,,2,1,,087,10,,134,158,,,099,061,61,,118,4,,9369,6,   72,3,,4,,1959,4.0
59IN03827,1955610771,55,2,A0771,6,07,070,61,1,07,12,,5,17,1,1,,083,06,,146,177,,,113,044,61,,102,5,,8862,6,45 07,0,,4,,1959,4.0
59IN03828,1955610774,55,2,A0774,6,77,034,61,1,08,,3,5,,7,1,,084,09,,140,166,,,112,052,61,,101,5,,9171,6,   71,3,,4,,1959,4.0
59IN03829,1955610777,55,2,A0777,6,06,060,61,1,08,18,,5,25,1,1,060,076,09,,117,136,,,098,046,61,,092,6,,9129,6,86 06,0,,4,,1959,4.0
59IN03830,1955610780,55,2,A0780,6,77,034,61,1,07,,2,5,,7,1,,096,09,,134,162,,,105,057,61,,122,5,,9171,6,   73,3,,4,,1959,4.0
59IN03831,1955610782,55,2,A0782,6,84,095,61,2,07,,,5,,7,1,,098,08,,127,148,,,116,056,61,,109,5,,9207,6,   01,5,,4,,1959,4.0
59IN03832,1955610783,55,2,A0783,6,84,095,61,2,07,,,5,,7,1,,100,08,,149,176,,,119,051,61,,106,6,,9207,6,   11,4,,4,,1959,4.0
59IN03833,1955610786,55,2,A0786,6,70,713,61,1,07,,4,5,,2,1,,091,10,,118,153,,,097,062,61,,146,5,,9369,6,   71,3,,4,,1959,4.0
59IN03834,1955610787,55,2,A0787,6,73,186,61,2,06,,4,5,,9,1,,086,06,,128,143,,,123,052,61,,100,5,,9068,6,   72,3,,4,,1959,4.0
59IN03835,1955610788,55,2,A0788,6,77,094,61,1,07,,3,5,,7,1,,102,07,,152,187,,,109,064,61,,130,5,,9158,6,   73,3,,4,,1959,4.0
59IN03836,1955610794,55,2,A0794,6,09,093,61,1,09,27,3,5,30,1,1,,088,09,,138,155,,,112,054,61,,109,5,,9207,6,03 09,3,,4,,1959,4.0
59IN03837,1955610798,55,2,A0798,6,03,030,61,1,06,16,,5,30,1,1,,078,09,,134,135,,,096,062,61,,126,6,,9171,6,16 03,0,,4,,1959,4.0
59IN03838,1955610804,55,2,A0804,6,73,156,61,1,08,,4,5,,9,1,,098,09,,140,153,,,106,059,61,,122,5,,9227,6,   73,3,,4,,1959,4.0
59IN03839,1955610808,55,2,A0808,6,05,050,61,1,06,32,,5,25,1,1,,092,09,,155,152,,,100,060,61,,116,4,,9169,6,17 05,0,,4,,1959,4.0
59IN03840,1955610811,55,1,A0811,6,10,100,61,1,,26,5,5,,,,,,,,192,194,,,,,61,,233,9,,9422,6,471,7993,6,4,,1959,4.0
59IN03841,1955610812,55,2,A0812,6,10,100,61,1,08,26,,5,,1,1,,093,09,,155,,3,,116,056,61,0615,120,6,,9422,6,,,,4,,1959,4.0
59IN03842,1955610817,55,2,A0817,6,77,104,61,1,06,,5,5,,7,1,,091,09,,136,148,,,092,049,61,,109,4,,9422,6,   71,3,,4,,1959,4.0
59IN03843,1955610818,55,2,A0818,6,02,020,61,2,07,13,8,5,,1,1,048,096,05,,133,162,,,110,059,61,,106,5,,9407,6,   04,8,,4,,1959,4.0
59IN03844,1955610827,55,2,A0827,6,01,010,61,1,05,20,,5,,1,1,,106,09,,140,,7,,116,064,61,1001,125,6,,8782,6,,,,4,,1959,4.0
59IN03845,1955610830,55,2,A0830,6,73,046,61,1,05,,6,5,,9,1,,088,09,,124,149,,,105,051,61,,112,5,,9150,6,   71,3,,4,,1959,4.0
59IN03846,1955610854,55,1,A0854,6,03,030,61,1,,24,1,5,,,,,,,,186,205,,,,,61,,234,8,,9171,6,442,9647,6,4,,1959,4.0
59IN03847,1955610858,55,2,A0858,6,75,056,61,1,07,,5,5,,9,1,,093,05,,142,155,,,103,057,61,,119,5,,9169,6,   73,3,,4,,1959,4.0
59IN03848,1955610859,55,2,A0859,6,09,090,61,1,06,22,1,5,37,1,1,,094,09,,142,183,,,128,068,61,,130,5,,9158,6,39 09,0,,4,,1959,4.0
59IN03849,1955610878,55,2,A0878,6,08,083,61,2,09,13,6,5,17,1,1,,081,08,,121,157,,,099,039,61,,083,4,,9068,6,78 08,0,,4,,1959,4.0
59IN03850,1955610880,55,2,A0880,6,75,026,61,1,08,,5,5,,9,1,,091,08,,133,150,,,094,054,61,,105,4,,9407,6,   72,3,,4,,1959,4.0
59IN03851,1955610885,55,2,A0885,6,73,176,61,1,07,,,5,,9,1,,103,06,,,,6,,109,044,61,0414,093,3,,9197,6,,,,4,,1959,4.0
59IN03852,1955610890,55,2,A0890,6,02,023,61,1,05,16,,5,26,1,1,,096,09,,126,138,,,103,045,61,,099,6,,8774,6,29 02,0,,4,,1959,4.0
59IN03853,1955610896,55,2,A0896,6,01,013,61,1,06,22,,5,27,1,1,,098,09,,140,159,,,105,038,61,,088,5,,9164,6,70 01,0,,4,,1959,4.0
59IN03854,1955610897,55,2,A0897,6,01,013,61,1,08,22,,5,,1,1,,083,09,,142,,3,,104,040,61,0615,090,4,,9164,6,,,,4,,1959,4.0
59IN03855,1955610901,55,2,A0901,6,84,014,61,2,08,,,5,,7,1,,096,09,,133,149,,,119,059,61,,120,5,,8782,6,   07,5,,4,,1959,4.0
59IN03856,1955610902,55,2,A0902,6,07,073,61,1,07,25,8,5,,1,1,098,083,05,,124,150,,,102,043,61,,090,5,,9197,6,   09,8,,4,,1959,4.0
59IN03857,1955610921,55,2,A0921,6,01,013,61,1,06,19,,5,23,1,1,,104,08,,155,175,,,117,070,61,,130,5,,9164,6,72 01,3,,4,,1959,4.0
59IN03858,1955610924,55,2,A0924,6,77,024,61,1,07,,,5,,7,1,,096,08,,115,,6,,102,058,61,0920,122,6,,9407,6,,,,4,,1959,4.0
59IN03859,1955610951,55,2,A0951,6,04,040,61,1,05,20,8,5,23,1,1,,088,10,,140,156,,,106,058,61,,117,5,,9150,6,55 04,0,,4,,1959,4.0
59IN03860,1955610953,55,2,A0953,6,84,054,61,1,08,,4,5,,7,1,,097,08,,135,158,,,101,050,61,,101,5,,9169,6,   08,4,,4,,1959,4.0
59IN03861,1956610959,56,2,A0959,6,84,054,61,1,08,,,4,,7,1,,080,10,,130,,6,,105,043,61,0920,083,5,,9511,6,,,,3,,1959,3.0
59IN03862,1956610960,56,2,A0960,6,77,054,61,,05,,6,4,,7,1,,097,08,,142,154,,,109,053,61,,097,6,,9511,6,   73,3,,3,,1959,3.0
59IN03863,1956610965,56,2,A0965,6,77,105,61,1,06,,7,4,,7,1,,090,10,,122,141,,,095,048,61,,079,3,,8935,6,   74,3,,3,,1959,3.0
59IN03864,1956610966,56,1,A0966,6,10,103,61,1,,25,1,4,,,,,,,,193,218,,,,,61,,213,7,,8935,6,431,0285,6,3,,1959,3.0
59IN03865,1956610968,56,2,A0968,6,08,080,61,1,08,16,7,4,23,1,1,,081,09,,135,140,,,093,040,61,,087,4,,9543,6,01 08,0,,3,,1959,3.0
59IN03866,1956610984,56,2,A0984,6,04,,61,1,06,27,4,4,21,7,1,,095,07,,156,180,,,113,048,61,,087,5,,9150,6,74 04,3,,3,,1959,3.0
59IN03867,1956610986,56,2,A0986,6,77,074,61,1,07,,6,4,,7,1,,092,07,,137,173,,,119,051,61,,103,5,,0145,6,   72,3,,3,,1959,3.0
59IN03868,1956610988,56,2,A0988,6,75,106,61,3,03,,7,4,,9,1,,115,06,,154,174,,,098,049,61,,088,5,,9858,6,   71,3,,3,,1959,3.0
59IN03869,1956610989,56,2,A0989,6,09,090,61,1,08,24,4,4,42,1,1,,078,08,,114,130,,,100,049,61,,088,5,,9970,6,72 09,3,,3,,1959,3.0
59IN03870,1956610990,56,2,A0990,6,09,090,61,1,07,24,2,4,37,1,1,,084,06,,128,144,,,099,042,61,,085,4,,9970,6,57 09,0,,3,,1959,3.0
59IN03871,1956610992,56,2,A0992,6,06,063,61,1,07,22,,4,25,1,1,060,077,09,,112,130,,,102,036,61,,070,4,,0139,6,86 06,0,,3,,1959,3.0
59IN03872,1956610994,56,2,A0994,6,70,713,61,1,06,,8,4,,2,1,,094,07,,133,155,,,094,057,61,,109,5,,9369,6,   71,3,,3,,1959,3.0
59IN03873,1956610996,56,2,A0996,6,77,104,61,1,06,,7,4,,7,1,,090,07,,127,138,,,099,043,61,,077,4,,9858,6,   73,3,,3,,1959,3.0
59IN03874,1956611001,56,2,A1001,6,10,100,61,1,04,18,,4,23,1,1,,117,08,,167,198,,,109,065,61,,116,5,,9858,6,85 10,0,,3,,1959,3.0
59IN03875,1956611002,56,2,A1002,6,70,723,61,1,04,,8,4,,2,1,,091,05,,130,176,,,087,044,61,,090,5,,0117,6,   74,3,,3,,1959,3.0
59IN03876,1956611008,56,2,A1008,6,70,723,61,1,07,,1,4,,2,1,,086,07,,115,140,,,096,041,61,,088,5,,0117,6,   71,3,,3,,1959,3.0
59IN03877,1956611009,56,2,A1009,6,70,723,61,1,06,,7,4,,2,1,,083,08,,117,139,,,100,044,61,,087,4,,0117,6,   72,3,,3,,1959,3.0
59IN03878,1956611015,56,2,A1015,6,77,104,61,1,07,,1,4,,7,1,,097,07,,140,160,,,098,041,61,,088,4,,9858,6,   74,3,,3,,1959,3.0
59IN03879,1956611016,56,2,A1016,6,75,106,61,3,07,,2,4,,9,1,,093,06,,133,158,,,121,058,61,,096,7,,9858,6,   74,3,,3,,1959,3.0
59IN03880,1956611017,56,2,A1017,6,75,066,61,1,08,,8,4,,9,1,,078,12,,133,155,,,102,049,61,,109,5,,0001,6,   72,3,,3,,1959,3.0
59IN03881,1956611019,56,2,A1019,6,77,105,61,1,04,,1,4,,7,1,,091,06,,127,142,,,114,049,61,,088,5,,8935,6,   72,3,,3,,1959,3.0
59IN03882,1956611027,56,2,A1027,6,75,026,61,2,06,,2,4,,9,1,,093,08,,136,164,,,101,046,61,,078,5,,0266,6,   71,3,,3,,1959,3.0
59IN03883,1956611028,56,2,A1028,6,75,026,61,2,05,,2,4,,9,1,,102,07,,138,164,,,106,065,61,,117,5,,0266,6,   72,3,,3,,1959,3.0
59IN03884,1956611031,56,2,A1031,6,01,010,61,1,07,22,,4,27,1,1,,098,05,,160,168,,,110,045,61,,091,5,,9164,6,70 01,0,,3,,1959,3.0
59IN03885,1955960001,55,1,00001,6,,,96,,,,,5,,,,,,,,170,192,,,,,96,,172,7,,,,,,,4,,1959,4.0
59IN03886,1956611040,56,2,A1040,6,03,033,61,1,06,24,,4,26,1,1,,102,06,,137,145,,,099,052,61,,105,5,,0177,6,82 03,3,,3,,1959,3.0
59IN03887,1956611043,56,2,A1043,6,70,713,61,1,08,,3,4,,2,1,,084,08,,132,149,,,103,039,61,,073,4,,9369,6,   72,3,,3,,1959,3.0
59IN03888,1956611045,56,2,A1045,6,03,033,61,2,06,21,,4,,1,1,,074,11,,127,156,2,,119,044,61,0924,080,5,,0177,6,    0,4,,3,,1959,3.0
59IN03889,1956611046,56,2,A1046,6,75,036,61,2,06,,3,4,,9,1,,090,07,,130,152,,,111,054,61,,091,6,,0262,6,   74,3,,3,,1959,3.0
59IN03890,1956611054,56,2,A1054,6,70,723,61,1,08,,8,4,,2,1,,084,06,,138,152,,,099,050,61,,096,7,,0117,6,   73,3,,3,,1959,3.0
59IN03891,1956611057,56,2,A1057,6,75,106,61,2,06,,1,4,,9,1,,109,07,,143,163,,,104,052,61,,099,5,,9858,6,   73,3,,3,,1959,3.0
59IN03892,1956611061,56,2,A1061,6,75,076,61,2,04,,4,4,,9,1,,088,07,,132,163,,,092,040,61,,079,3,,0145,6,   72,3,,3,,1959,3.0
59IN03893,1956611084,56,2,A1084,6,02,020,61,1,06,14,,4,23,1,1,,097,06,,142,168,,,112,058,61,,108,4,,0266,6,54 02,3,,3,,1959,3.0
59IN03894,1956611088,56,2,A1088,6,70,713,61,1,07,,4,4,,2,1,,087,08,,113,130,,,105,055,61,,117,5,,9369,6,   74,3,,3,,1959,3.0
59IN03895,1956611092,56,2,A1092,6,07,070,61,1,04,25,,4,,1,1,,088,07,,117,139,,,092,038,61,,076,5,,0145,6,   05,9,,3,,1959,3.0
59IN03896,1956611100,56,2,A1100,6,05,053,61,1,05,21,,4,23,1,1,,083,07,,126,145,,,095,039,61,,074,3,,0253,6,10 05,3,,3,,1959,3.0
59IN03897,1956611102,56,2,A1102,6,73,086,61,2,08,,,4,,9,1,,081,08,,116,134,2,,099,043,61,0924,087,5,,9543,6,    0,4,,3,,1959,3.0
59IN03898,1956611105,56,2,A1105,6,09,093,61,1,08,41,5,4,33,1,1,,073,06,,114,138,,,084,040,61,,074,3,,9158,6,66 09,3,,3,,1959,3.0
59IN03899,1956611106,56,2,A1106,6,09,093,61,1,06,41,3,4,52,1,1,,090,06,,138,153,,,088,,61,,084,4,,9158,6,75 09,0,,3,,1959,3.0
59IN03900,1956611114,56,2,A1114,6,07,070,61,1,05,25,,4,22,1,1,,108,08,,138,163,,,103,055,61,,107,5,,0145,6,49 07,3,,3,,1959,3.0
59IN03901,1956611116,56,2,A1116,6,04,043,61,1,06,18,1,4,23,1,1,,091,06,,124,145,,,120,050,61,,088,5,,9150,6,39 04,0,,3,,1959,3.0
59IN03902,1956611118,56,2,A1118,6,09,090,61,1,07,26,,4,,1,1,,078,07,,126,145,2,,090,038,61,0924,074,3,,9970,6,    0,4,,3,,1959,3.0
59IN03903,1956611124,56,2,A1124,6,77,074,61,1,05,,,4,,7,1,,100,06,,148,148,2,,107,,61,0924,112,5,,0145,6,    0,4,,3,,1959,3.0
59IN03904,1956611127,56,2,A1127,6,77,035,61,1,07,,2,4,,7,1,,094,06,,152,173,,,121,056,61,,106,5,,0177,6,   73,3,,3,,1959,3.0
59IN03905,1956611135,56,2,A1135,6,77,094,61,1,04,,,4,,7,1,,104,07,,151,184,2,,108,055,61,0924,111,5,,9970,6,    0,1,,3,,1959,3.0
59IN03906,1956611138,56,2,A1138,6,03,033,61,1,07,26,,4,,1,1,,083,08,,137,178,2,,111,063,61,0924,116,7,,0177,6,    0,4,,3,,1959,3.0
59IN03907,1956611145,56,2,A1145,6,84,045,61,1,05,,3,4,,7,1,,106,06,,130,162,,,124,058,61,,102,6,,9150,6,   09,4,,3,,1959,3.0
59IN03908,1956611148,56,2,A1148,6,02,020,61,1,06,20,,4,,1,1,,097,07,,148,160,,,131,067,61,,118,6,,0266,6,   01,9,,3,,1959,3.0
59IN03909,1956611152,56,2,A1152,6,10,103,61,1,08,25,,4,,1,1,,073,08,,123,,3,,095,037,61,0615,076,4,,8935,6,,,,3,,1959,3.0
59IN03910,1956611159,56,2,A1159,6,77,105,61,1,06,,5,4,,7,1,,108,09,,162,178,,,115,060,61,,113,5,,8935,6,   74,3,,3,,1959,3.0
59IN03911,1956611163,56,2,A1163,6,10,100,61,1,04,19,,4,,1,1,,115,05,,151,174,3,,092,043,61,1218,076,3,,9858,6,,,,3,,1959,3.0
59IN03912,1956611164,56,2,A1164,6,10,100,61,1,05,19,4,4,,1,1,,104,05,,159,154,,,101,045,61,,078,5,,9858,6,   09,9,,3,,1959,3.0
59IN03913,1956611165,56,2,A1165,6,75,713,61,2,06,,6,4,,9,1,,096,08,,134,162,,,107,052,61,,090,5,,9369,6,   74,3,,3,,1959,3.0
59IN03914,1956611170,56,2,A1170,6,07,070,61,1,06,22,,4,,1,1,,089,06,,133,153,2,,093,049,61,0924,078,5,,0145,6,    0,1,,3,,1959,3.0
59IN03915,1956611171,56,2,A1171,6,77,045,61,1,08,,3,4,,7,1,,075,07,,111,135,,,099,039,61,,081,3,,9150,6,   73,3,,3,,1959,3.0
59IN03916,1956611178,56,2,A1178,6,84,095,61,1,05,,6,4,,7,1,,096,08,,133,153,,,090,042,61,,098,4,,9158,6,   09,5,,3,,1959,3.0
59IN03917,1956611183,56,2,A1183,6,05,053,61,1,08,22,,4,22,1,1,,066,08,,118,134,,,082,033,61,,057,3,,0253,6,10 05,0,,3,,1959,3.0
59IN03918,1956611188,56,2,A1188,6,06,060,61,1,07,28,,4,19,1,1,060,076,07,,118,148,,,114,031,61,,069,7,,0001,6,60 06,0,,3,,1959,3.0
59IN03919,1956611191,56,2,A1191,6,05,050,61,1,08,25,,4,30,1,1,,089,08,,139,168,,,092,041,61,,075,3,,9511,6,34 05,3,,3,,1959,3.0
59IN03920,1956611211,56,2,A1211,6,75,096,61,2,07,,3,4,,9,1,,088,05,,136,168,,,093,052,61,,100,5,,9970,6,   71,3,,3,,1959,3.0
59IN03921,1956611215,56,2,A1215,6,03,030,61,1,08,16,,4,23,1,,,060,,,118,132,,,,055,61,,095,4,,0262,6,06 03,0,,3,,1959,3.0
59IN03922,1956611222,56,2,A1222,6,07,070,61,1,06,22,,4,28,1,1,,086,05,,133,167,,,083,028,61,,057,2,,0145,6,86 07,0,,3,,1959,3.0
59IN03923,1956611233,56,2,A1233,6,06,063,61,2,06,19,,4,22,1,1,060,086,07,,128,156,,,108,052,61,,094,5,,0139,6,12 06,0,,3,,1959,3.0
59IN03924,1956611236,56,2,A1236,6,77,055,61,1,07,,4,4,,7,1,,091,08,,132,150,,,095,041,61,,084,4,,0253,6,   71,3,,3,,1959,3.0
59IN03925,1956611237,56,2,A1237,6,08,083,61,2,07,14,8,4,17,1,1,,081,08,,105,122,,,102,040,61,,076,4,,9833,6,63 08,0,,3,,1959,3.0
59IN03926,1956611239,56,2,A1239,6,02,023,61,1,05,22,,4,27,1,1,,094,08,,134,162,,,094,052,61,,095,4,,9035,6,35 02,0,,3,,1959,3.0
59IN03927,1956611248,56,2,A1248,6,75,076,61,2,05,,4,4,,9,1,,086,08,,128,128,,,099,049,61,,092,4,,0145,6,   73,3,,3,,1959,3.0
59IN03928,1956611250,56,2,A1250,6,09,093,61,1,07,45,6,4,33,1,1,,086,07,,118,134,,,086,037,61,,083,4,,9158,6,17 09,3,,3,,1959,3.0
59IN03929,1956611253,56,2,A1253,6,84,014,61,1,07,,,4,,7,1,,093,05,,168,,6,,093,044,61,1001,082,6,,9164,6,,,,3,,1959,3.0
59IN03930,1956611255,56,2,A1255,6,08,083,61,1,07,17,,4,,1,,,082,,,126,137,2,,,,61,0924,100,5,,9833,6,    0,4,,3,,1959,3.0
59IN03931,1956611259,56,2,A1259,6,77,035,61,1,07,,5,4,,7,1,,078,07,,126,144,,,098,037,61,,073,5,,0177,6,   72,3,,3,,1959,3.0
59IN03932,1956611260,56,2,A1260,6,77,035,61,1,07,,5,4,,7,1,,083,06,,132,153,,,110,050,61,,092,5,,0177,6,   71,3,,3,,1959,3.0
59IN03933,1956611261,56,2,A1261,6,70,713,61,1,04,,6,4,,2,2,,089,07,,122,139,,,115,050,61,,092,5,,9369,6,   71,3,,3,,1959,3.0
59IN03934,1956611267,56,2,A1267,6,70,723,61,1,06,,7,4,,2,1,,091,06,,114,127,,,097,042,61,,087,4,,0117,6,   74,3,,3,,1959,3.0
59IN03935,1956611277,56,2,A1277,6,03,033,61,1,06,21,,4,24,1,1,,092,07,,123,144,,,104,051,61,,092,5,,0177,6,88 03,3,,3,,1959,3.0
59IN03936,1956611281,56,2,A1281,6,09,090,61,1,07,24,4,4,27,1,1,,083,06,,131,138,,,108,050,61,,094,7,,9970,6,95 09,0,,3,,1959,3.0
59IN03937,1956611282,56,2,A1282,6,05,050,61,1,07,21,,4,,1,1,,084,10,,148,172,2,,109,060,61,0924,114,7,,9511,6,    0,4,,3,,1959,3.0
59IN03938,1956611283,56,2,A1283,6,07,070,61,1,07,20,,4,,1,1,058,091,09,,128,159,,,107,047,61,,089,5,,0145,6,   05,8,,3,,1959,3.0
59IN03939,1956611284,56,2,A1284,6,70,723,61,1,05,,,4,,2,,,105,,,135,153,2,,,,61,0924,092,5,,0117,6,    0,4,,3,,1959,3.0
59IN03940,1956611288,56,2,A1288,6,10,103,61,1,07,24,,4,,1,1,,095,08,,93,,3,,089,043,61,0615,083,4,,8935,6,,,,3,,1959,3.0
59IN03941,1956611293,56,2,A1293,6,03,033,61,1,06,24,,4,25,1,1,,095,06,,134,140,,,096,045,61,,089,4,,0177,6,15 03,0,,3,,1959,3.0
59IN03942,1956611298,56,2,A1298,6,70,723,61,1,07,,5,4,,2,1,,082,08,,127,149,,,107,056,61,,109,7,,0117,6,   73,3,,3,,1959,3.0
59IN03943,1956611299,56,2,A1299,6,02,023,61,1,05,23,,4,20,1,1,,105,07,,142,180,,,106,048,61,,098,5,,9035,6,06 02,3,,3,,1959,3.0
59IN03944,1956611300,56,2,A1300,6,75,076,61,2,06,,6,4,,9,1,,096,06,,121,154,,,100,049,61,,099,5,,0145,6,   73,3,,3,,1959,3.0
59IN03945,1956611303,56,2,A1303,6,03,030,61,1,07,28,,4,44,1,1,,083,07,,126,148,,,106,044,61,,087,5,,0262,6,95 03,3,,3,,1959,3.0
59IN03946,1956611305,56,2,A1305,6,77,024,61,1,06,,8,4,,7,1,,090,07,,138,143,6,,108,052,61,1220,087,5,,0266,6,   74,3,,3,,1959,3.0
59IN03947,1956611306,56,2,A1306,6,77,024,61,1,07,,6,4,,7,1,,098,06,,143,148,,,103,046,61,,077,5,,0266,6,   72,3,,3,,1959,3.0
59IN03948,1956611307,56,2,A1307,6,09,093,61,1,07,30,7,4,28,1,1,,083,06,,138,165,,,097,046,61,,096,5,,9158,6,47 09,3,,3,,1959,3.0
59IN03949,1956611311,56,2,A1311,6,75,066,61,1,06,,7,4,,9,1,,106,07,,130,151,,,123,060,61,,110,6,,0001,6,   71,3,,3,,1959,3.0
59IN03950,1956611312,56,2,A1312,6,05,050,61,1,08,12,,4,20,1,1,,085,07,,126,142,,,091,040,61,,071,4,,9511,6,87 05,0,,3,,1959,3.0
59IN03951,1956611314,56,2,A1314,6,10,100,61,2,06,31,,4,,1,1,,088,07,,139,,7,,095,034,61,1001,073,5,,9858,6,,,,3,,1959,3.0
59IN03952,1956611317,56,1,A1317,6,06,063,61,1,,21,3,4,,,,,,,,136,168,,,,,61,,178,5,,0139,6,382,8393,6,3,,1959,3.0
59IN03953,1956611322,56,2,A1322,6,77,104,61,1,06,,,4,,7,1,,097,08,,163,,3,,105,054,61,0615,100,5,,9858,6,,,,3,,1959,3.0
59IN03954,1956611324,56,2,A1324,6,09,093,61,1,06,31,5,4,41,1,1,,098,07,,143,162,,,093,037,61,,071,5,,9158,6,76 09,0,,3,,1959,3.0
59IN03955,1956611336,56,2,A1336,6,03,033,61,1,06,32,,4,26,1,1,,096,07,,143,147,,,106,044,61,,084,5,,0177,6,03 03,0,,3,,1959,3.0
59IN03956,1956611338,56,2,A1338,6,05,050,61,1,07,28,,4,24,1,1,,101,06,,153,150,,,112,044,61,,083,5,,9511,6,15 05,3,,3,,1959,3.0
59IN03957,1956611341,56,2,A1341,6,04,043,61,1,07,19,5,4,23,1,1,,080,06,,122,138,,,100,048,61,,083,5,,9150,6,95 04,3,,3,,1959,3.0
59IN03958,1956611344,56,2,A1344,6,83,014,61,1,07,,,4,,7,1,,086,06,,136,152,,,097,047,61,,094,5,,9164,6,   11,4,,3,,1959,3.0
59IN03959,1956611345,56,2,A1345,6,05,050,61,1,08,27,,4,24,1,1,,082,06,,127,135,,,095,046,61,,079,3,,9511,6,75 05,0,,3,,1959,3.0
59IN03960,1956611349,56,1,A1349,6,85,094,61,1,,,1,4,,,,,,,,180,204,,,,,61,,210,7,,9970,6,442,0265,6,3,,1959,3.0
59IN03961,1956611354,56,1,A1354,6,01,010,61,1,,24,1,4,,,,,,,,178,191,3,,,,61,0801,174,9,,9164,6,417,8567,6,3,,1959,3.0
59IN03962,1956611356,56,2,A1356,6,77,055,61,1,07,,1,4,,7,1,,082,08,,133,150,,,098,035,61,,073,5,,0253,6,   74,3,,3,,1959,3.0
59IN03963,1956611359,56,2,A1359,6,77,084,61,1,04,,2,4,,7,1,,096,06,,133,157,,,100,043,61,,097,4,,9543,6,   74,3,,3,,1959,3.0
59IN03964,1956611370,56,2,A1370,6,01,010,61,1,07,19,,4,24,1,1,,086,06,,137,157,,,122,060,61,,121,8,,9164,6,54 01,3,,3,,1959,3.0
59IN03965,1956611373,56,2,A1373,6,77,024,61,1,07,,7,4,,7,1,,096,08,,153,184,,,116,051,61,,090,6,,0266,6,   73,3,,3,,1959,3.0
59IN03966,1956611378,56,2,A1378,6,03,030,61,1,07,21,4,4,,1,1,,088,09,,118,149,,,124,055,61,,101,5,,0262,6,   04,9,,3,,1959,3.0
59IN03967,1956611380,56,2,A1380,6,05,053,61,1,06,23,,4,23,1,1,,078,08,,117,158,,,096,040,61,,079,4,,0253,6,05 05,3,,3,,1959,3.0
59IN03968,1956611382,56,2,A1382,6,07,070,61,1,05,21,,4,,1,1,,101,06,,144,162,2,,119,060,61,0924,110,7,,0145,6,    0,4,,3,,1959,3.0
59IN03969,1956611390,56,1,A1390,6,85,055,61,1,,,5,4,,,,,,,,,,6,,,,61,0602,189,8,,0253,6,,9156,6,3,,1959,3.0
59IN03970,1956611392,56,2,A1392,6,10,100,61,1,05,19,,4,28,1,1,,094,08,,137,139,,,093,035,61,,073,4,,9858,6,10 10,3,,3,,1959,3.0
59IN03971,1956611395,56,2,A1395,6,05,050,61,1,07,13,,4,20,1,1,,088,09,,138,155,,,098,052,61,,102,5,,9511,6,99 05,0,,3,,1959,3.0
59IN03972,1956611397,56,2,A1397,6,05,050,61,1,08,20,,4,,1,1,,093,11,,147,157,2,,112,055,61,0924,104,6,,9511,6,    0,4,,3,,1959,3.0
59IN03973,1956611404,56,2,A1404,6,75,713,61,2,07,,7,4,,9,1,,090,07,,132,165,,,092,046,61,,089,4,,9369,6,   72,3,,3,,1959,3.0
59IN03974,1956611408,56,1,A1408,6,08,080,61,2,,12,1,4,,,,,,,,182,208,,,,,61,,190,5,,9543,6,423,8984,6,3,,1959,3.0
59IN03975,1956611409,56,2,A1409,6,06,060,61,1,06,20,,4,22,1,1,060,079,08,,123,157,,,111,043,61,,078,5,,0001,6,66 06,0,,3,,1959,3.0
59IN03976,1956611412,56,2,A1412,6,77,024,61,1,06,,,4,,7,,,092,,,151,166,2,,,,61,0924,079,4,,0266,6,    0,1,,3,,1959,3.0
59IN03977,1956611416,56,2,A1416,6,07,070,61,2,08,20,,4,,1,1,,074,07,,118,140,2,,104,046,61,0924,080,6,,0145,6,    0,1,,3,,1959,3.0
59IN03978,1956611417,56,2,A1417,6,07,070,61,2,05,20,,4,21,1,1,,078,05,,108,117,,,103,038,61,,068,4,,0145,6,01 07,3,,3,,1959,3.0
59IN03979,1956611423,56,2,A1423,6,75,713,61,2,07,,8,4,,9,1,,091,06,,135,170,,,111,057,61,,101,6,,9369,6,   72,3,,3,,1959,3.0
59IN03980,1956611424,56,2,A1424,6,01,010,61,1,07,28,,4,,1,1,,077,07,,133,164,2,,116,047,61,0924,091,5,,9164,6,    0,4,,3,,1959,3.0
59IN03981,1956611426,56,2,A1426,6,04,043,61,1,05,22,2,4,24,1,1,,077,06,,106,127,,,109,051,61,,098,7,,9150,6,16 04,0,,3,,1959,3.0
59IN03982,1956611427,56,2,A1427,6,70,713,61,1,07,,3,4,,2,1,,089,09,,130,153,,,103,055,61,,102,5,,9369,6,   74,3,,3,,1959,3.0
59IN03983,1956611428,56,1,A1428,6,02,020,61,1,,17,1,4,,,,,,,,174,193,,,,,61,,178,2,,0266,6,424,9192,6,3,,1959,3.0
59IN03984,1956611435,56,2,A1435,6,75,056,61,3,06,,,4,,9,1,,108,08,,160,177,2,,086,051,61,0924,086,4,,9511,6,    0,4,,3,,1959,3.0
59IN03985,1956611438,56,2,A1438,6,03,030,61,1,08,30,,4,45,1,1,,074,08,,129,128,,,107,038,61,,082,5,,0262,6,97 03,3,,3,,1959,3.0
59IN03986,1956611443,56,2,A1443,6,75,723,61,1,08,,8,4,,9,1,,071,10,,108,129,,,100,041,61,,082,3,,0117,6,   71,3,,3,,1959,3.0
59IN03987,1956611448,56,2,A1448,6,10,103,61,1,04,25,,4,35,1,1,,083,08,,120,130,,,102,039,61,,086,5,,8935,6,46 10,0,,3,,1959,3.0
59IN03988,1956611454,56,2,A1454,6,01,010,61,1,07,20,,4,27,1,1,,078,08,,128,155,,,107,044,61,,081,7,,9164,6,76 01,0,,3,,1959,3.0
59IN03989,1956611455,56,2,A1455,6,70,713,61,1,05,,1,4,,2,1,,095,07,,126,155,,,112,062,61,,109,5,,9369,6,   72,3,,3,,1959,3.0
59IN03990,1956611458,56,2,A1458,6,10,103,61,1,07,11,1,4,,1,1,098,092,07,,132,148,,,106,049,61,,094,6,,8935,6,   09,8,,3,,1959,3.0
59IN03991,1956611459,56,2,A1459,6,77,085,61,1,07,,8,4,,7,1,,099,06,,148,168,,,092,046,61,,088,3,,9833,6,   73,3,,3,,1959,3.0
59IN03992,1956611464,56,2,A1464,6,77,065,61,1,07,,1,4,,7,1,,090,06,,117,138,,,100,043,61,,076,4,,0139,6,   71,3,,3,,1959,3.0
59IN03993,1956611470,56,2,A1470,6,70,723,61,1,08,,1,4,,2,1,,083,07,,116,136,,,114,048,61,,084,6,,0117,6,   73,3,,3,,1959,3.0
59IN03994,1956611473,56,2,A1473,6,77,035,61,1,08,,2,4,,7,1,,082,07,,129,156,,,094,047,61,,085,4,,0177,6,   71,3,,3,,1959,3.0
59IN03995,1956611474,56,2,A1474,6,05,053,61,1,06,20,,4,23,1,1,,088,07,,150,154,,,078,039,61,,083,3,,0253,6,13 05,3,,3,,1959,3.0
59IN03996,1956611478,56,2,A1478,6,10,100,61,1,07,25,,4,28,1,1,,082,09,,126,146,,,094,050,61,,084,3,,9858,6,87 10,3,,3,,1959,3.0
59IN03997,1956611480,56,2,A1480,6,75,036,61,2,07,,2,4,,9,1,,082,09,,128,153,,,091,051,61,,098,5,,0262,6,   73,3,,3,,1959,3.0
59IN03998,1956611481,56,2,A1481,6,09,090,61,1,06,24,8,4,26,1,1,,088,04,,133,156,,,098,033,61,,070,4,,9970,6,61 09,3,,3,,1959,3.0
59IN03999,1956611483,56,1,A1483,6,09,090,61,1,,29,1,4,,,,,, 7,5,190,210,2,,,,61,0924,191,5,,9970,6,399,9861,6,3,,1959,3.0
59IN04000,1956611488,56,2,A1488,6,85,045,61,1,06,,,4,,7,1,,101,07,,142,154,,,095,049,61,,094,5,,9150,6,   03,4,,3,,1959,3.0
59IN04001,1956611499,56,2,A1499,6,03,030,61,1,07,27,1,4,,1,1,048,089,07,,116,145,,,103,053,61,,088,5,,0262,6,   04,8,,3,,1959,3.0
59IN04002,1956611502,56,1,A1502,6,70,713,61,1,,,1,4,,,,,,,,176,180,,,,,61,,240,8,,9369,6,445,8813,6,3,,1959,3.0
59IN04003,1956611503,56,2,A1503,6,03,033,61,1,07,27,,4,26,1,1,,074,08,,122,144,,,099,039,61,,075,3,,0177,6,82 03,0,,3,,1959,3.0
59IN04004,1956611518,56,2,A1518,6,75,096,61,2,07,,3,4,,9,1,,093,06,,153,145,,,082,045,61,,099,5,,9970,6,   71,3,,3,,1959,3.0
59IN04005,1956611519,56,2,A1519,6,02,020,61,1,07,22,,4,,1,1,018,100,07,,147,177,,,120,071,61,,130,6,,0266,6,   01,8,,3,,1959,3.0
59IN04006,1956611523,56,2,A1523,6,08,083,61,1,08,15,1,4,15,1,1,,088,07,,132,152,,,108,041,61,,080,5,,9833,6,56 08,0,,3,,1959,3.0
59IN04007,1956611527,56,2,A1527,6,85,054,61,1,08,,,4,,7,1,,078,08,,123,149,2,,092,046,61,0924,085,5,,9511,6,    0,1,,3,,1959,3.0
59IN04008,1956611539,56,2,A1539,6,01,013,61,1,05,19,,4,22,1,1,,082,04,,147,148,,,109,048,61,,097,5,,0175,6,64 01,3,,3,,1959,3.0
59IN04009,1956611544,56,2,A1544,6,02,020,61,1,07,26,,4,,1,1,,074,08,,131,150,2,,095,037,61,0924,060,4,,0266,6,    0,4,,3,,1959,3.0
59IN04010,1957611552,57,2,A1552,6,75,106,61,3,06,,4,3,,9,1,,120,09,,140,144,,,095,054,61,,105,6,,9858,6,   74,3,,2,,1959,2.0
59IN04011,1957611553,57,2,A1553,6,75,106,61,3,07,,3,3,,9,1,,116,09,,129,149,,,100,053,61,,103,7,,9858,6,   73,3,,2,,1959,2.0
59IN04012,1957611556,57,2,A1556,6,09,090,61,1,07,27,6,3,31,1,1,,101,08,,119,144,,,085,039,61,,083,5,,9970,6,24 09,0,,2,,1959,2.0
59IN04013,1957611571,57,2,A1571,6,70,713,61,2,09,,5,3,,2,1,,094,09,,128,156,,,110,070,61,,121,9,,0796,6,   74,3,,2,,1959,2.0
59IN04014,1957611575,57,2,A1575,6,75,086,61,1,07,,6,3,,,1,,106,10,,120,162,,,104,073,61,,123,6,,9865,6,   74,3,,2,,1959,2.0
59IN04015,1957611577,57,1,A1577,6,84,054,61,1,,,1,3,,,,,, 7,7,166,192,2,,,,61,0924,170,7,,9744,6,408,8087,6,2,,1959,2.0
59IN04016,1957611581,57,2,A1581,6,84,104,61,3,09,,,3,,7,1,,098,08,,115,147,,,107,061,61,,113,7,,9858,6,   02,5,,2,,1959,2.0
59IN04017,1957611584,57,2,A1584,6,01,010,61,1,06,26,,3,37,1,1,,097,08,,119,164,,,106,055,61,,102,9,,0638,6,33 01,0,,2,,1959,2.0
59IN04018,1957611592,57,2,A1592,6,70,723,61,2,07,,4,3,,2,1,,093,08,,116,152,,,115,067,61,,116,8,,9783,6,   73,3,,2,,1959,2.0
59IN04019,1957611597,57,1,A1597,6,01,010,61,1,,22,1,3,,,,,,,,164,185,,,,,61,,144,9,,0638,6,413,8568,6,2,,1959,2.0
59IN04020,1957611598,57,2,A1598,6,70,723,61,1,07,,2,3,,2,1,,104,09,,132,142,,,097,059,61,,117,5,,9783,6,   72,3,,2,,1959,2.0
59IN04021,1957611599,57,2,A1599,6,09,090,61,1,09,24,1,3,42,1,1,,081,05,,108,130,,,078,040,61,,076,7,,9970,6,51 09,3,,2,,1959,2.0
59IN04022,1957611606,57,2,A1606,6,07,070,61,2,06,13,,3,27,1,1,,103,08,,115,136,,,115,069,61,,127,8,,0765,6,14 07,0,,2,,1959,2.0
59IN04023,1957611613,57,2,A1613,6,09,090,61,1,07,24,7,3,32,1,1,,096,08,,128,142,,,097,057,61,,114,7,,9970,6,72 09,0,,2,,1959,2.0
59IN04024,1957611614,57,2,A1614,6,10,100,61,3,06,19,,3,25,1,1,,106,05,,147,145,,,091,050,61,,093,5,,9858,6,80 10,0,,2,,1959,2.0
59IN04025,1957611615,57,2,A1615,6,01,010,61,1,08,20,,3,30,1,1,,105,06,,124,164,,,103,056,61,,092,8,,0638,6,51 01,3,,2,,1959,2.0
59IN04026,1957611616,57,2,A1616,6,04,040,61,1,08,19,6,3,26,1,1,,096,09,,120,149,,,095,051,61,,103,6,,0047,6,91 04,3,,2,,1959,2.0
59IN04027,1957611617,57,2,A1617,6,04,040,61,1,08,19,3,3,38,1,1,,096,08,,123,158,,,093,054,61,,098,8,,0047,6,78 04,0,,2,,1959,2.0
59IN04028,1957611618,57,1,A1618,6,07,070,61,1,,16,3,3,,,,,,,,166,192,,,,,61,,180,9,,0765,6,430,9944,6,2,,1959,2.0
59IN04029,1957611621,57,2,A1621,6,75,056,61,1,06,,7,3,,9,1,,106,07,,134,162,,,097,051,61,,105,6,,9744,6,   74,3,,2,,1959,2.0
59IN04030,1957611622,57,2,A1622,6,03,030,61,1,08,31,,3,,1,1,,094,08,,120,153,,,092,050,61,,116,5,,0854,6,   01,9,,2,,1959,2.0
59IN04031,1957611625,57,2,A1625,6,75,016,61,1,07,,5,3,,9,1,,112,07,,129,151,,,114,052,61,,100,6,,0638,6,   73,3,,2,,1959,2.0
59IN04032,1957611629,57,2,A1629,6,09,090,61,1,07,24,2,3,42,1,1,,106,08,,122,144,,,095,056,61,,110,5,,9970,6,72 09,3,,2,,1959,2.0
59IN04033,1957611632,57,1,A1632,6,06,060,61,1,,24,1,3,,,,,,,,152,168,,,,,61,,146,4,,0340,6,380,0049,6,2,,1959,2.0
59IN04034,1957611637,57,2,A1637,6,04,040,61,1,09,24,7,3,24,1,1,,094,06,,120,147,,,084,044,61,,080,7,,0047,6,95 04,3,,2,,1959,2.0
59IN04035,1957611642,57,2,A1642,6,75,106,61,3,08,,3,3,,9,1,,103,09,,127,150,,,102,052,61,,101,8,,9858,6,   72,3,,2,,1959,2.0
59IN04036,1957611647,57,2,A1647,6,04,040,61,1,08,25,4,3,41,1,1,,103,06,,125,156,,,093,050,61,,105,4,,0047,6,76 04,0,,2,,1959,2.0
59IN04037,1957611649,57,2,A1649,6,01,010,61,1,08,39,,3,25,1,1,,099,05,,117,138,,,108,055,61,,095,9,,0638,6,83 01,0,,2,,1959,2.0
59IN04038,1957611654,57,2,A1654,6,04,040,61,1,09,19,8,3,23,1,1,,085,10,,113,124,,,099,052,61,,102,6,,0047,6,81 04,3,,2,,1959,2.0
59IN04039,1957611658,57,2,A1658,6,85,064,61,1,06,,,3,,7,1,,100,07,,114,145,,,083,040,61,,084,5,,0340,6,   07,4,,2,,1959,2.0
59IN04040,1957611659,57,1,A1659,6,73,086,61,1,,,1,3,,,,,, 7,6,188,213,2,,,,61,0924,178,5,,9865,6,417,1677,7,2,,1959,2.0
59IN04041,1957611663,57,2,A1663,6,85,044,61,1,08,,,3,,7,1,,093,09,,111,143,,,095,055,61,,100,5,,0047,6,   02,4,,2,,1959,2.0
59IN04042,1957611667,57,2,A1667,6,84,014,61,1,09,,,3,,7,1,,092,07,,116,132,,,109,067,61,,119,9,,0638,6,   10,5,,2,,1959,2.0
59IN04043,1957611669,57,1,A1669,6,84,014,61,1,,,3,3,,,,,,,,175,201,,,,,61,,181,9,,0638,6,420,8237,6,2,,1959,2.0
59IN04044,1957611671,57,2,A1671,6,70,723,61,1,06,,4,3,,2,1,,108,10,,125,154,,,111,058,61,,105,6,,9783,6,   71,3,,2,,1959,2.0
59IN04045,1957611676,57,2,A1676,6,70,733,61,1,06,,8,3,,2,1,,113,06,,131,127,,,096,049,61,,097,8,,1207,6,   74,3,,2,,1959,2.0
59IN04046,1957611677,57,2,A1677,6,85,084,61,1,08,,,3,,7,1,,094,08,,123,144,,,096,053,61,,110,6,,9865,6,   07,5,,2,,1959,2.0
59IN04047,1957611681,57,2,A1681,6,01,010,61,1,06,19,,3,29,1,1,,112,05,,149,160,,,126,065,61,,114,9,,0638,6,46 01,3,,2,,1959,2.0
59IN04048,1957611683,57,2,A1683,6,08,080,61,1,07,16,2,3,16,1,1,,108,09,,118,150,,,101,049,61,,098,5,,9865,6,61 08,0,,2,,1959,2.0
59IN04049,1957611687,57,2,A1687,6,75,076,61,1,09,,6,3,,9,1,,111,09,,138,167,,,115,066,61,,121,8,,0765,6,   73,3,,2,,1959,2.0
59IN04050,1957611689,57,2,A1689,6,04,040,61,1,08,28,5,3,43,1,1,,102,06,,126,151,,,084,043,61,,079,3,,0047,6,33 04,0,,2,,1959,2.0
59IN04051,1957611690,57,2,A1690,6,86,094,61,1,06,,,3,,7,1,,118,04,,141,,6,,092,060,61,0920,118,6,,9970,6,,,,2,,1959,2.0
59IN04052,1957611692,57,2,A1692,6,85,024,61,3,07,,,3,,7,1,,112,09,,140,159,,,100,062,61,,112,7,,0740,6,   05,4,,2,,1959,2.0
59IN04053,1957611694,57,2,A1694,6,09,090,61,1,07,25,8,3,30,1,1,,101,09,,132,155,,,085,044,61,,094,5,,9970,6,74 09,0,,2,,1959,2.0
59IN04054,1957611697,57,2,A1697,6,04,040,61,1,09,20,1,3,27,1,1,,098,08,,111,125,,,088,051,61,,088,5,,0047,6,81 04,3,,2,,1959,2.0
59IN04055,1957611698,57,2,A1698,6,04,040,61,1,08,19,,3,,1,1,,098,06,,128,162,2,,072,046,61,0924,085,3,,0047,6,    0,1,,2,,1959,2.0
59IN04056,1957611705,57,2,A1705,6,85,034,61,1,07,,6,3,,7,1,,112,09,,136,154,,,101,063,61,,125,7,,0854,6,   04,5,,2,,1959,2.0
59IN04057,1957611713,57,2,A1713,6,07,070,61,1,07,12,,3,27,1,1,,096,05,,111,146,,,104,057,61,,098,7,,0765,6,01 07,3,,2,,1959,2.0
59IN04058,1957611714,57,2,A1714,6,03,030,61,1,09,28,,3,29,1,1,,088,07,,104,150,,,100,053,61,,100,7,,0854,6,28 03,3,,2,,1959,2.0
59IN04059,1957611717,57,2,A1717,6,70,723,61,1,07,,1,3,,2,1,,093,09,,122,144,,,116,061,61,,119,8,,9783,6,   74,3,,2,,1959,2.0
59IN04060,1957611719,57,2,A1719,6,03,030,61,1,09,27,,3,,1,1,018,088,09,,106,125,,,092,054,61,,114,8,,0854,6,   01,8,,2,,1959,2.0
59IN04061,1957611722,57,2,A1722,6,70,733,61,1,08,,7,3,,2,1,,106,08,,128,143,,,084,045,61,,093,4,,1207,6,   73,3,,2,,1959,2.0
59IN04062,1957611724,57,2,A1724,6,70,723,61,1,07,,8,3,,2,1,,102,09,,122,150,,,118,062,61,,120,7,,9783,6,   73,3,,2,,1959,2.0
59IN04063,1957611726,57,2,A1726,6,08,080,61,2,06,14,3,3,16,1,1,,114,08,,140,172,,,111,052,61,,099,6,,9865,6,09 08,0,,2,,1959,2.0
59IN04064,1957611730,57,2,A1730,6,10,100,61,3,06,24,,3,30,1,1,,106,05,,131,153,,,104,051,61,,105,7,,9858,6,80 10,3,,2,,1959,2.0
59IN04065,1957611732,57,2,A1732,6,84,074,61,2,05,,,3,,7,1,,105,05,,122,140,,,097,056,61,,105,6,,0765,6,   03,4,,2,,1959,2.0
59IN04066,1957611733,57,2,A1733,6,09,090,61,1,09,24,,3,,1,1,,097,05,,,,7,,081,041,61,0602,091,5,,9970,6,,,,2,,1959,2.0
59IN04067,1957611737,57,2,A1737,6,75,076,61,1,07,,4,3,,9,1,,098,06,,129,150,,,097,052,61,,086,8,,0765,6,   72,3,,2,,1959,2.0
59IN04068,1957611738,57,2,A1738,6,75,076,61,1,06,,2,3,,9,1,,104,07,,128,159,,,099,052,61,,092,8,,0765,6,   74,3,,2,,1959,2.0
59IN04069,1957611739,57,2,A1739,6,10,100,61,3,13,31,,3,,1,1,,063,07,,,,7,,068,011,61,0602,028,J,,9858,6,,,,2,,1959,2.0
59IN04070,1957611742,57,2,A1742,6,08,080,61,1,07,14,4,3,16,1,1,,102,05,,128,169,,,092,048,61,,107,6,,9865,6,33 08,0,,2,,1959,2.0
59IN04071,1957611743,57,2,A1743,6,70,723,61,1,07,,5,3,,2,1,,093,08,,106,139,,,091,057,61,,114,7,,9783,6,   72,3,,2,,1959,2.0
59IN04072,1957611746,57,2,A1746,6,09,090,61,1,07,33,,3,,1,1,,100,05,,127,143,2,,076,040,61,0924,085,5,,9970,6,    0,1,,2,,1959,2.0
59IN04073,1957611750,57,2,A1750,6,02,020,61,3,09,23,,3,24,1,1,,089,08,,117,151,,,103,052,61,,085,9,,0740,6,35 02,0,,2,,1959,2.0
59IN04074,1957611752,57,1,A1752,6,06,060,61,2,,14,5,3,,,,,,,,165,160,,,,,61,,156,6,,0340,6,387,7913,6,2,,1959,2.0
59IN04075,1957611755,57,2,A1755,6,84,094,61,1,09,,,3,,7,1,,091,08,,117,136,,,079,047,61,,085,4,,9970,6,   07,4,,2,,1959,2.0
59IN04076,1957611756,57,1,A1756,6,05,050,61,2,,22,1,3,,,,,,,,176,182,2,,,,61,0924,148,6,,9744,6,411,9398,6,2,,1959,2.0
59IN04077,1957611759,57,2,A1759,6,10,100,61,3,07,25,,3,25,1,1,,106,08,,132,132,,,091,042,61,,082,4,,9858,6,19 10,0,,2,,1959,2.0
59IN04078,1957611760,57,2,A1760,6,85,014,61,1,07,,,3,,7,1,,106,07,,126,145,,,106,056,61,,099,7,,0638,6,   03,5,,2,,1959,2.0
59IN04079,1957611761,57,2,A1761,6,01,010,61,1,09,31,,3,28,1,1,,091,05,,134,147,,,105,051,61,,084,9,,0638,6,96 01,0,,2,,1959,2.0
59IN04080,1957611764,57,2,A1764,6,09,090,61,1,07,30,3,3,45,1,1,,104,07,,126,147,,,084,045,61,,096,5,,9970,6,44 09,3,,2,,1959,2.0
59IN04081,1957611766,57,2,A1766,6,70,733,61,1,06,,6,3,,2,1,,116,08,,140,164,,,112,056,61,,111,6,,1207,6,   72,3,,2,,1959,2.0
59IN04082,1957611767,57,2,A1767,6,85,084,61,1,07,,7,3,,7,1,,107,09,,126,153,,,099,045,61,,086,7,,9865,6,   09,5,,2,,1959,2.0
59IN04083,1957611770,57,2,A1770,6,84,064,61,1,07,,,3,,7,1,,107,07,,133,174,,,093,052,61,,089,6,,0340,6,   02,4,,2,,1959,2.0
59IN04084,1957611773,57,2,A1773,6,70,723,61,1,07,,5,3,,2,1,,089,09,,126,138,,,094,041,61,,083,5,,9783,6,   71,3,,2,,1959,2.0
59IN04085,1957611774,57,2,A1774,6,70,723,61,1,09,,3,3,,,1,,083,07,,102,123,,,087,038,61,,076,4,,9783,6,   74,3,,2,,1959,2.0
59IN04086,1957611776,57,2,A1776,6,07,070,61,1,06,25,,3,31,1,1,,104,06,,136,162,,,095,054,61,,100,6,,0765,6,59 07,0,,2,,1959,2.0
59IN04087,1957611780,57,2,A1780,6,03,030,61,,09,26,,3,44,1,1,,086,09,,110,135,,,110,060,61,,108,7,,0854,6,16 03,0,,2,,1959,2.0
59IN04088,1957611783,57,2,A1783,6,05,050,61,1,07,25,,3,35,1,1,,112,08,,138,167,,,084,043,61,,085,3,,9744,6,30 05,0,,2,,1959,2.0
59IN04089,1957611787,57,2,A1787,6,10,100,61,3,07,22,,3,29,1,1,,112,07,,126,136,,,092,046,61,,084,3,,9858,6,54 10,3,,2,,1959,2.0
59IN04090,1957611792,57,2,A1792,6,04,040,61,1,09,27,,3,,1,1,,091,06,,111,142,3,,071,043,61,1218,090,2,,0047,6,,,,2,,1959,2.0
59IN04091,1957611802,57,2,A1802,6,05,050,61,1,07,22,,3,31,1,1,,108,07,,129,155,,,076,045,61,,098,4,,9744,6,41 05,3,,2,,1959,2.0
59IN04092,1957611804,57,2,A1804,6,03,030,61,1,06,28,5,3,,1,1,,103,08,,141,145,,,092,055,61,,123,5,,0854,6,   09,9,,2,,1959,2.0
59IN04093,1957611806,57,2,A1806,6,10,100,61,3,06,25,,3,,1,1,,094,06,,129,159,2,,090,035,61,0924,075,5,,9858,6,    0,3,,2,,1959,2.0
59IN04094,1957611809,57,2,A1809,6,04,040,61,1,09,29,6,3,43,1,1,,093,08,,114,139,,,090,048,61,,092,9,,0047,6,80 04,0,,2,,1959,2.0
59IN04095,1957611812,57,2,A1812,6,70,733,61,1,08,,6,3,,2,1,,096,06,,112,136,,,108,048,61,,082,9,,1207,6,   71,3,,2,,1959,2.0
59IN04096,1957611815,57,2,A1815,6,10,100,61,3,07,32,,3,,1,1,,112,09,,127,150,3,,098,058,61,1218,093,9,,9858,6,,,,2,,1959,2.0
59IN04097,1957611818,57,2,A1818,6,70,733,61,1,08,,4,3,,2,1,,092,08,,112,150,,,097,050,61,,092,8,,1207,6,   74,3,,2,,1959,2.0
59IN04098,1957611819,57,2,A1819,6,05,050,61,1,06,12,,3,27,1,1,,105,05,,120,143,,,108,062,61,,110,8,,9744,6,72 05,0,,2,,1959,2.0
59IN04099,1957611822,57,1,A1822,6,05,050,61,1,,29,1,3,,,,,,,,187,200,,,,,61,,147,9,,9744,6,432,9559,6,2,,1959,2.0
59IN04100,1957611825,57,2,A1825,6,10,100,61,3,07,26,,3,,1,1,,114,09,,127,170,2,,083,045,61,0924,093,5,,9858,6,    0,3,,2,,1959,2.0
59IN04101,1957611828,57,2,A1828,6,07,070,61,1,07,16,,3,29,1,1,,097,06,,112,123,,,114,068,61,,115,8,,0765,6,27 07,3,,2,,1959,2.0
59IN04102,1957611830,57,2,A1830,6,10,100,61,3,07,19,,3,22,1,1,,110,09,,143,153,,,101,045,61,,088,5,,9858,6,33 10,0,,2,,1959,2.0
59IN04103,1957611832,57,2,A1832,6,05,050,61,1,08,18,,3,28,1,1,,108,09,,124,146,,,096,057,61,,099,4,,9744,6,25 05,3,,2,,1959,2.0
59IN04104,1957611835,57,2,A1835,6,70,733,61,1,08,,1,3,,2,1,,106,05,,128,149,,,101,049,61,,094,5,,1207,6,   73,3,,2,,1959,2.0
59IN04105,1957611845,57,2,A1845,6,07,070,61,1,07,19,5,3,,1,1,,093,06,,108,130,,,088,051,61,,094,8,,0765,6,   04,9,,2,,1959,2.0
59IN04106,1957611846,57,2,A1846,6,70,723,61,1,08,,,3,,2,1,,097,09,,113,135,3,,096,053,61,1218,099,7,,9783,6,,,,2,,1959,2.0
59IN04107,1957611848,57,2,A1848,6,85,074,61,1,08,,,3,,7,1,,102,09,,116,153,,,108,063,61,,105,8,,0765,6,   10,4,,2,,1959,2.0
59IN04108,1957611852,57,1,A1852,6,09,090,61,2,,25,1,3,,,,,,,,173,185,,,,,61,,163,5,,9970,6,403,8526,6,2,,1959,2.0
59IN04109,1957611854,57,2,A1854,6,09,090,61,1,09,23,1,3,31,1,1,,085,09,,116,132,,,091,052,61,,092,6,,9970,6,13 09,0,,2,,1959,2.0
59IN04110,1957611855,57,2,A1855,6,09,090,61,1,08,23,4,3,42,1,1,,103,07,,126,151,,,090,050,61,,092,5,,9970,6,07 09,3,,2,,1959,2.0
59IN04111,1957611858,57,2,A1858,6,85,104,61,3,05,,,3,,7,1,,111,06,,152,189,,,101,045,61,,087,8,,9858,6,   06,4,,2,,1959,2.0
59IN04112,1957611859,57,2,A1859,6,85,024,61,3,07,,,3,,7,1,,108,07,,126,148,,,105,058,61,,089,9,,0740,6,   11,4,,2,,1959,2.0
59IN04113,1957611862,57,2,A1862,6,08,080,61,2,07,16,5,3,25,1,1,,100,07,,123,149,,,094,053,61,,099,5,,9865,6,03 08,0,,2,,1959,2.0
59IN04114,1957611863,57,2,A1863,6,84,094,61,1,07,,,3,,7,1,,092,04,,116,139,,,091,053,61,,096,5,,9970,6,   05,4,,2,,1959,2.0
59IN04115,1957611864,57,2,A1864,6,84,094,61,1,08,,,3,,7,1,,088,05,,113,123,,,084,046,61,,096,5,,9970,6,   01,4,,2,,1959,2.0
59IN04116,1957611865,57,2,A1865,6,10,100,61,3,06,27,,3,29,1,1,,118,07,,130,153,,,090,043,61,,089,4,,9858,6,96 10,3,,2,,1959,2.0
59IN04117,1957611867,57,2,A1867,6,84,064,61,2,07,,7,3,,7,1,,104,07,,126,144,,,110,059,61,,098,8,,0340,6,   04,5,,2,,1959,2.0
59IN04118,1957611869,57,2,A1869,6,70,733,61,1,08,,,3,,2,1,,098,09,,97,,6,,090,046,61,0920,087,7,,1207,6,,,,2,,1959,2.0
59IN04119,1957611870,57,2,A1870,6,02,020,61,3,06,27,6,3,,1,1,,107,09,,109,142,,,106,057,61,,094,6,,0740,6,   09,9,,2,,1959,2.0
59IN04120,1957611875,57,2,A1875,6,70,723,61,2,07,,2,3,,2,1,,102,09,,128,164,,,098,058,61,,121,8,,9783,6,   73,3,,2,,1959,2.0
59IN04121,1957611877,57,2,A1877,6,07,070,61,2,08,20,,3,28,1,1,,100,08,,113,136,,,109,060,61,,101,9,,0765,6,69 07,0,,2,,1959,2.0
59IN04122,1957611880,57,2,A1880,6,10,100,61,3,07,19,,3,25,1,1,,098,05,,118,139,,,079,040,61,,090,6,,9858,6,80 10,0,,2,,1959,2.0
59IN04123,1957611884,57,2,A1884,6,06,060,61,1,07,23,,3,33,1,1,060,116,09,,126,158,,,084,064,61,,110,5,,0340,6,03 06,0,,2,,1959,2.0
59IN04124,1957611886,57,2,A1886,6,03,030,61,1,06,27,,3,28,1,1,,104,07,,126,148,,,070,046,61,,095,4,,0854,6,89 03,3,,2,,1959,2.0
59IN04125,1957611887,57,2,A1887,6,06,060,61,1,09,28,,3,35,1,1,060,077,09,,107,139,,,097,049,61,,080,7,,0340,6,64 06,0,,2,,1959,2.0
59IN04126,1957611889,57,2,A1889,6,83,034,61,1,08,,5,3,,7,1,,091,07,,123,156,,,093,059,61,,121,7,,0854,6,   08,4,,2,,1959,2.0
59IN04127,1957611890,57,2,A1890,6,83,034,61,2,09,,,3,,7,1,,096,07,,104,125,,,078,046,61,,102,3,,0854,6,   01,5,,2,,1959,2.0
59IN04128,1957611895,57,2,A1895,6,03,030,61,1,08,36,,3,,1,1,,086,08,,,,6,,103,046,61,0530,092,8,,0854,6,,,,2,,1959,2.0
59IN04129,1957611897,57,2,A1897,6,75,036,61,1,07,,7,3,,9,1,,100,07,,121,145,,,101,059,61,,130,7,,0854,6,   71,3,,2,,1959,2.0
59IN04130,1957611899,57,2,A1899,6,09,090,61,1,09,34,2,3,43,1,1,,098,06,,120,135,,,086,053,61,,104,5,,9970,6,30 09,0,,2,,1959,2.0
59IN04131,1957611901,57,2,A1901,6,70,733,61,1,11,,7,3,,2,1,,072,11,,89,110,,,104,047,61,,085,7,,1207,6,   72,3,,2,,1959,2.0
59IN04132,1957611902,57,2,A1902,6,02,020,61,3,07,25,,3,27,1,1,,100,06,,112,156,,,092,043,61,,078,5,,0740,6,14 02,3,,2,,1959,2.0
59IN04133,1957611903,57,2,A1903,6,10,100,61,3,06,25,,3,,1,1,,114,08,,138,162,,,091,048,61,,099,6,,9858,6,   05,9,,2,,1959,2.0
59IN04134,1957611904,57,1,A1904,6,85,084,61,1,,,1,3,,,,,,,,191,212,,,,,61,,201,8,,9865,6,439,9845,6,2,,1959,2.0
59IN04135,1957611905,57,2,A1905,6,04,040,61,2,08,21,2,3,25,1,1,,097,07,,122,135,,,088,050,61,,096,6,,0047,6,39 04,3,,2,,1959,2.0
59IN04136,1957611908,57,2,A1908,6,84,084,61,1,08,,,3,,7,1,,106,09,,124,153,,,114,064,61,,113,8,,9865,6,   03,5,,2,,1959,2.0
59IN04137,1957611909,57,2,A1909,6,84,084,61,1,08,,,3,,7,1,,088,07,,120,142,,,115,063,61,,111,9,,9865,6,   05,5,,2,,1959,2.0
59IN04138,1957611910,57,2,A1910,6,70,733,61,1,07,,8,3,,2,1,,103,07,,128,153,,,086,046,61,,099,5,,1207,6,   71,3,,2,,1959,2.0
59IN04139,1957611913,57,2,A1913,6,75,066,61,1,06,,3,3,,9,1,,113,06,,133,164,,,104,057,61,,108,8,,0340,6,   73,3,,2,,1959,2.0
59IN04140,1957611919,57,2,A1919,6,01,010,61,2,09,20,,3,,1,1,,080,06,,113,,6,,113,043,61,0920,075,8,,0638,6,,,,2,,1959,2.0
59IN04141,1957611925,57,2,A1925,6,01,010,61,2,07,17,,3,28,1,1,,092,05,,122,138,,,107,053,61,,092,8,,0638,6,60 01,3,,2,,1959,2.0
59IN04142,1957611926,57,2,A1926,6,05,050,61,1,06,20,,3,33,1,1,,112,09,,134,150,,,093,052,61,,099,5,,9744,6,23 05,0,,2,,1959,2.0
59IN04143,1957611929,57,2,A1929,6,85,064,61,1,07,,3,3,,7,1,,103,06,,129,142,,,086,049,61,,091,6,,0340,6,   04,4,,2,,1959,2.0
59IN04144,1957611934,57,2,A1934,6,85,054,61,1,06,,,3,,7,1,,102,06,,127,147,,,085,042,61,,081,7,,9744,6,   07,4,,2,,1959,2.0
59IN04145,1957611936,57,2,A1936,6,70,733,61,1,07,,5,3,,2,1,,116,05,,147,161,,,079,046,61,,087,4,,1207,6,   74,3,,2,,1959,2.0
59IN04146,1957611938,57,1,A1938,6,05,050,61,1,,29,1,3,,,,,,,,173,196,,,,,61,,152,4,,9744,6,418,9966,6,2,,1959,2.0
59IN04147,1957611942,57,2,A1942,6,85,074,61,1,08,,,3,,7,1,,098,09,,128,163,,,098,053,61,,096,7,,0765,6,   01,4,,2,,1959,2.0
59IN04148,1957611944,57,2,A1944,6,75,096,61,2,08,,6,3,,9,1,,092,08,,124,148,,,093,050,61,,091,7,,9970,6,   74,3,,2,,1959,2.0
59IN04149,1957611946,57,2,A1946,6,02,020,61,2,07,14,2,3,,1,1,098,103,05,,128,150,,,096,051,61,,090,5,,0740,6,   09,8,,2,,1959,2.0
59IN04150,1957611947,57,2,A1947,6,02,020,61,3,08,14,,3,,1,1,,089,08,,97,130,2,,095,045,61,0924,082,6,,0740,6,    0,3,,2,,1959,2.0
59IN04151,1957611949,57,2,A1949,6,70,723,61,1,06,,8,3,,2,1,,112,08,,138,168,,,096,063,61,,119,9,,9783,6,   72,3,,2,,1959,2.0
59IN04152,1957611952,57,2,A1952,6,10,100,61,3,08,34,,3,29,1,1,,098,09,,118,143,,,109,064,61,,111,9,,9858,6,39 10,3,,2,,1959,2.0
59IN04153,1957611954,57,2,A1954,6,09,090,61,1,07,29,5,3,45,1,1,,098,06,,122,153,,,093,056,61,,099,7,,9970,6,02 09,3,,2,,1959,2.0
59IN04154,1957611956,57,2,A1956,6,84,034,61,2,07,,,3,,7,1,,112,08,,137,158,,,099,057,61,,108,7,,0854,6,   10,4,,2,,1959,2.0
59IN04155,1957611957,57,2,A1957,6,84,034,61,2,07,,,3,,7,1,,103,07,,113,157,,,086,049,61,,105,6,,0854,6,   06,4,,2,,1959,2.0
59IN04156,1957611959,57,2,A1959,6,84,104,61,2,08,,6,3,,7,1,,101,07,,132,161,,,095,056,61,,093,7,,9858,6,   08,4,,2,,1959,2.0
59IN04157,1957611965,57,2,A1965,6,08,080,61,1,08,17,6,3,14,1,1,,089,08,,123,151,,,100,052,61,,096,6,,9865,6,44 08,0,,2,,1959,2.0
59IN04158,1957611968,57,1,A1968,6,01,010,61,1,,24,1,3,,,,,,,,186,173,,,,,61,,150,8,,0638,6,404,9117,6,2,,1959,2.0
59IN04159,1957611969,57,2,A1969,6,85,034,61,1,07,,4,3,,7,1,,097,08,,106,133,,,075,044,61,,103,5,,0854,6,   09,4,,2,,1959,2.0
59IN04160,1957611971,57,2,A1971,6,70,733,61,1,08,,4,3,,2,1,,107,09,,126,143,,,094,044,61,,083,8,,1207,6,   73,3,,2,,1959,2.0
59IN04161,1957611972,57,2,A1972,6,70,733,61,1,08,,1,3,,2,1,,099,05,,124,148,,,096,045,61,,080,6,,1207,6,   72,3,,2,,1959,2.0
59IN04162,1957611976,57,2,A1976,6,10,100,61,3,06,30,,3,,1,1,058,108,07,,124,143,,,089,045,61,,085,4,,9858,6,   05,8,,2,,1959,2.0
59IN04163,1957611979,57,2,A1979,6,07,070,61,1,08,23,,3,24,1,1,,083,04,,108,119,,,103,042,61,,080,6,,0765,6,86 07,3,,2,,1959,2.0
59IN04164,1957611983,57,1,A1983,6,04,040,61,1,,21,1,3,,,,,,,,167,195,,,,,61,,176,9,,0047,6,418,8617,6,2,,1959,2.0
59IN04165,1957611984,57,2,A1984,6,08,080,61,1,08,15,7,3,14,1,1,,094,08,,111,138,,,103,054,61,,118,7,,9865,6,60 08,0,,2,,1959,2.0
59IN04166,1957611988,57,2,A1988,6,01,010,61,1,06,20,,3,25,1,1,,117,08,,166,158,,,091,054,61,,105,5,,0638,6,03 01,0,,2,,1959,2.0
59IN04167,1957611989,57,2,A1989,6,75,066,61,1,07,,2,3,,9,1,,105,05,,147,148,,,117,047,61,,086,8,,0340,6,   72,3,,2,,1959,2.0
59IN04168,1957611990,57,2,A1990,6,07,070,61,1,08,17,,3,,1,1,,093,06,,116,130,,,097,041,61,,083,5,,0765,6,   00,0,,2,,1959,2.0
59IN04169,1957611992,57,2,A1992,6,05,050,61,2,07,19,,3,28,1,1,,108,09,,127,157,,,102,062,61,,126,8,,9744,6,30 05,3,,2,,1959,2.0
59IN04170,1957611993,57,2,A1993,6,07,070,61,1,07,23,2,3,,1,1,048,097,05,,117,147,,,085,042,61,,072,3,,0765,6,   04,8,,2,,1959,2.0
59IN04171,1957611994,57,2,A1994,6,85,094,61,1,08,,,3,,7,1,,102,08,,122,145,3,,104,076,61,1218,131,9,,9970,6,   01,4,,2,,1959,2.0
59IN04172,1957611999,57,1,A1999,6,05,050,61,1,,19,1,3,,,,,,,,180,195,,,,,61,,178,6,,9744,6,425,9143,6,2,,1959,2.0
59IN04173,1957612001,57,2,A2001,6,03,030,61,1,06,23,3,3,,1,1,098,101,08,,124,146,,,089,053,61,,101,7,,0854,6,   09,8,,2,,1959,2.0
59IN04174,1957612006,57,2,A2006,6,85,014,61,1,07,,8,3,,7,1,,118,08,,152,165,,,129,056,61,,101,9,,0638,6,   09,5,,2,,1959,2.0
59IN04175,1957612011,57,2,A2011,6,08,080,61,1,08,24,8,3,15,1,1,,098,09,,115,140,,,118,070,61,,127,9,,9865,6,02 08,0,,2,,1959,2.0
59IN04176,1957612013,57,2,A2013,6,75,096,61,1,,,1,3,,9,1,,078,06,,113,145,,,,,61,,086,9,,9970,6,   71,3,,2,,1959,2.0
59IN04177,1957612014,57,2,A2014,6,84,104,61,3,09,,4,3,,7,1,,102,09,,128,157,,,097,065,61,,114,5,,9858,6,   04,4,,2,,1959,2.0
59IN04178,1957612018,57,2,A2018,6,08,080,61,1,06,23,1,3,14,1,1,,094,10,,104,134,,,106,049,61,,103,6,,9865,6,54 08,0,,2,,1959,2.0
59IN04179,1957612021,57,1,A2021,6,73,096,61,2,,,5,3,,,,,,,,174,197,,,,,61,,210,8,,9970,6,439,1620,7,2,,1959,2.0
59IN04180,1957612024,57,2,A2024,6,70,723,61,1,07,,2,3,,2,1,,089,07,,108,120,,,085,064,61,,109,7,,9783,6,   71,3,,2,,1959,2.0
59IN04181,1957612027,57,2,A2027,6,83,104,61,2,06,,5,3,,7,1,,099,07,,124,143,,,091,046,61,,086,4,,9858,6,   09,4,,2,,1959,2.0
59IN04182,1957612028,57,2,A2028,6,02,020,61,3,09,18,,3,23,1,1,,088,08,,112,140,,,111,051,61,,078,9,,0740,6,34 02,0,,2,,1959,2.0
59IN04183,1957612031,57,2,A2031,6,07,070,61,2,10,18,,3,,1,1,,083,06,,118,132,6,,135,051,61,1101,083,9,,0765,6,,,,2,,1959,2.0
59IN04184,1957612035,57,2,A2035,6,85,084,61,1,08,,,3,,7,1,,104,09,,128,165,,,105,059,61,,118,9,,9865,6,   10,5,,2,,1959,2.0
59IN04185,1957612046,57,2,A2046,6,04,040,61,1,08,27,7,3,42,1,1,,107,08,,118,163,,,103,066,61,,115,7,,0047,6,80 04,0,,2,,1959,2.0
59IN04186,1957612047,57,2,A2047,6,08,080,61,2,08,17,2,3,16,1,1,,098,10,,126,176,,,106,056,61,,112,5,,9865,6,25 08,0,,2,,1959,2.0
59IN04187,1957612053,57,2,A2053,6,05,050,61,2,07,23,,3,35,1,1,,104,06,,140,146,,,089,043,61,,092,7,,9744,6,32 05,0,,2,,1959,2.0
59IN04188,1957612054,57,2,A2054,6,08,080,61,1,09,15,3,3,16,1,1,,098,07,,131,139,,,109,052,61,,103,8,,9865,6,19 08,0,,2,,1959,2.0
59IN04189,1957612057,57,2,A2057,6,05,050,61,1,07,18,,3,29,1,1,,106,07,,118,149,,,073,041,61,,083,4,,9744,6,24 05,3,,2,,1959,2.0
59IN04190,1957612058,57,2,A2058,6,75,026,61,3,09,,3,3,,9,1,,110,05,,111,139,,,112,064,61,,101,9,,0740,6,   72,3,,2,,1959,2.0
59IN04191,1957612060,57,2,A2060,6,07,070,61,1,08,31,,3,,1,1,,090,05,,125,,7,,085,038,61,1001,077,5,,0765,6,,,,2,,1959,2.0
59IN04192,1957612061,57,2,A2061,6,85,044,61,1,07,,,3,,7,1,,104,09,,136,154,,,097,058,61,,109,6,,0047,6,   03,4,,2,,1959,2.0
59IN04193,1957612062,57,2,A2062,6,85,054,61,1,07,,,3,,7,1,,097,09,,131,149,,,092,053,61,,075,9,,9744,6,   02,5,,2,,1959,2.0
59IN04194,1957612063,57,2,A2063,6,85,054,61,1,07,,,3,,7,1,,104,06,,116,142,,,081,039,61,,070,5,,9744,6,   02,4,,2,,1959,2.0
59IN04195,1957612065,57,2,A2065,6,84,074,61,1,06,,,3,,7,1,,106,06,,128,147,,,088,052,61,,094,8,,0765,6,   01,4,,2,,1959,2.0
59IN04196,1957612069,57,2,A2069,6,84,084,61,1,08,,,3,,7,1,,097,09,,124,165,,,087,044,61,,093,7,,9865,6,   07,5,,2,,1959,2.0
59IN04197,1957612070,57,2,A2070,6,10,100,61,3,07,24,,3,,1,1,,102,05,,131,154,2,,082,041,61,0924,087,3,,9858,6,    0,3,,2,,1959,2.0
59IN04198,1957612071,57,1,A2071,6,07,070,61,2,,20,1,3,,,,,,,,163,176,,,,,61,,201,9,,0765,6,461,8629,6,2,,1959,2.0
59IN04199,1957612076,57,2,A2076,6,06,060,61,1,08,19,,3,,1,1,,090,06,,102,135,3,,073,035,61,1218,075,3,,0340,6,,,,2,,1959,2.0
59IN04200,1957612077,57,2,A2077,6,08,080,61,1,07,14,4,3,15,1,1,,089,08,,118,142,,,104,048,61,,096,7,,9865,6,87 08,0,,2,,1959,2.0
59IN04201,1957612086,57,2,A2086,6,75,066,61,2,08,,3,3,,9,1,,093,08,,115,134,,,094,056,61,,101,7,,0340,6,   71,3,,2,,1959,2.0
59IN04202,1957612087,57,2,A2087,6,01,010,61,1,09,25,,3,,1,1,,073,07,,107,142,2,,098,040,61,0924,067,7,,0638,6,    0,3,,2,,1959,2.0
59IN04203,1957612094,57,2,A2094,6,05,050,61,1,08,24,,3,34,1,1,,105,09,,130,156,,,099,057,61,,102,5,,9744,6,99 05,0,,2,,1959,2.0
59IN04204,1957612096,57,2,A2096,6,10,100,61,3,07,12,,3,18,1,1,,100,06,,141,158,,,087,036,61,,079,5,,9858,6,96 10,0,,2,,1959,2.0
59IN04205,1958612100,58,1,A2100,6,75,106,61,,,,1,2,,,,,,,,,,6,,,,61,0424,,,,0811,6,,1809,7,1,,1959,1.0
59IN04206,1958612101,58,2,A2101,6,10,100,61,,06,37,6,2,,1,1,  4,098,07,,98,125,,,111,054,61,,120,5,,0811,6,   04,9,,1,,1959,1.0
59IN04207,1958612102,58,2,A2102,6,10,100,61,,06,25,,2,,1,1,  4,106,08,,106,,6,,113,061,61,0920,128,2,,0811,6,,,,1,,1959,1.0
59IN04208,1958612104,58,2,A2104,6,04,040,61,,06,23,,2,,1,1,  2,091,06,,91,,7,,106,043,61,1001,095,6,,1983,6,,,,1,,1959,1.0
59IN04209,1958612108,58,2,A2108,6,07,070,61,,07,17,,2,20,1,1,  2,089,05,,89,118,,,099,060,61,,120,8,,0548,6,65 07,3,,1,,1959,1.0
59IN04210,1958612110,58,2,A2110,6,73,076,61,,06,,1,2,,9,1,  2,103,08,,103,129,,,102,062,61,,132,7,,0548,6,   72,3,,1,,1959,1.0
59IN04211,1958612111,58,1,A2111,6,73,076,61,,,,5,2,,,,,,,,156,167,,,,,61,,142,6,,0548,6,434,1646,7,1,,1959,1.0
59IN04212,1958612112,58,1,A2112,6,08,080,61,,,17,1,2,,,,,,,,103,133,3,,,,61,0801,109,5,,0435,6,388,1238,6,1,,1959,1.0
59IN04213,1958612114,58,2,A2114,6,75,066,61,,06,,1,2,,9,1,  2,105,09,,105,133,,,099,084,61,,167,6,,1317,6,   72,3,,1,,1959,1.0
59IN04214,1958612115,58,1,A2115,6,75,066,61,,,,5,2,,,,,,,,125,140,3,,,,61,0801,107,5,,1317,6,405,1805,7,1,,1959,1.0
59IN04215,1958612117,58,2,A2117,6,09,090,61,,07,22,3,2,37,1,1,  1,092,07,,92,114,,,086,052,61,,111,6,,9158,6,40 09,0,,1,,1959,1.0
59IN04216,1958612119,58,1,A2119,6,04,040,61,,,22,1,2,,,,,,,,122,128,,,,,61,,122,6,,1983,6,416,1116,6,1,,1959,1.0
59IN04217,1958612120,58,1,A2120,6,08,080,61,,,19,1,2,,,,,,,,126,151,,,,,61,,143,6,,0435,6,410,0534,6,1,,1959,1.0
59IN04218,1958612121,58,2,A2121,6,71,713,61,,06,,,2,,2,1,  1,092,08,,92,124,,,101,043,61,,111,6,,1413,6,   84,3,,1,,1959,1.0
59IN04219,1958612124,58,2,A2124,6,06,060,61,,05,24,,2,31,1,1,060,107,05,,107,139,,,096,047,61,,134,5,,1317,6,59 06,0,,1,,1959,1.0
59IN04220,1958612126,58,2,A2126,6,70,723,61,,08,,4,2,,2,1,  3,096,09,,96,119,,,099,043,61,,120,5,,1349,6,   71,3,,1,,1959,1.0
59IN04221,1958612130,58,2,A2130,6,03,030,61,,07,26,,2,,1,1,  1,098,07,,98,108,,,102,066,61,,150,7,,0262,6,   05,9,,1,,1959,1.0
59IN04222,1958612132,58,1,A2132,6,70,713,61,,,,1,2,,,,,,,,128,155,2,,,,61,0924,125,5,,1413,6,397,9762,6,1,,1959,1.0
59IN04223,1958612134,58,2,A2134,6,05,050,61,,08,27,,2,24,1,1,  2,089,09,,89,118,,,112,051,61,,112,5,,9511,6,31 05,3,,1,,1959,1.0
59IN04224,1958612136,58,2,A2136,6,70,733,61,,06,,5,2,,2,1,  2,106,07,,106,141,,,090,051,61,,130,5,,1390,6,   73,3,,1,,1959,1.0
59IN04225,1958612137,58,2,A2137,6,02,020,61,,09,24,,2,,1,1,  4,082,10,,82,128,,,096,051,61,,121,5,,0069,6,   05,9,,1,,1959,1.0
59IN04226,1958612139,58,2,A2139,6,07,070,61,,06,12,,2,24,1,1,  2,098,04,,98,125,,,098,041,61,,118,6,,0548,6,19 07,0,,1,,1959,1.0
59IN04227,1958612143,58,2,A2143,6,71,723,61,,08,,,2,,2,1,  2,088,08,,88,129,,,092,049,61,,118,6,,1349,6,   83,3,,1,,1959,1.0
59IN04228,1958612146,58,2,A2146,6,07,070,61,,06,20,,2,27,1,1,  2,103,06,,103,136,,,108,063,61,,150,7,,0548,6,08 07,3,,1,,1959,1.0
59IN04229,1958612148,58,2,A2148,6,73,106,61,,06,,,2,,9,1,  4,104,06,,104,,7,,098,055,61,1001,118,5,,0811,6,,,,1,,1959,1.0
59IN04230,1958612149,58,1,A2149,6,70,733,61,,,,1,2,,,,,, 8,0,124,145,2,,,,61,0924,135,6,,1390,6,392,0265,6,1,,1959,1.0
59IN04231,1958612150,58,2,A2150,6,09,090,61,,06,43,6,2,30,1,1,  2,094,06,,94,127,,,096,045,61,,128,7,,9158,6,84 09,3,,1,,1959,1.0
59IN04232,1958612151,58,2,A2151,6,07,070,61,,06,22,,2,14,1,1,  4,101,05,,101,130,,,097,057,61,,164,5,,0548,6,28 07,0,,1,,1959,1.0
59IN04233,1958612152,58,2,A2152,6,03,030,61,,09,29,,2,,1,1,05,083,09,,83,108,,,115,058,61,,144,6,,0262,6,   05,8,,1,,1959,1.0
59IN04234,1958612153,58,1,A2153,6,85,074,61,,,,1,2,,,,,,,,108,120,3,,,,61,0801,138,7,,0548,6,387,0313,6,1,,1959,1.0
59IN04235,1958612156,58,1,A2156,6,70,723,61,,,,5,2,,,,,, 5,8,126,148,2,,,,61,0924,125,5,,1349,6,420,9793,6,1,,1959,1.0
59IN04236,1958612157,58,2,A2157,6,05,050,61,,08,27,,2,24,1,1,  4,093,08,,93,122,,,104,062,61,,125,5,,9511,6,75 05,0,,1,,1959,1.0
59IN04237,1958612158,58,2,A2158,6,05,050,61,,09,27,,2,23,1,1,  1,089,07,,89,119,,,097,052,61,,095,3,,9511,6,72 05,3,,1,,1959,1.0
59IN04238,1958612159,58,2,A2159,6,07,070,61,,09,17,,2,19,1,1,  1,083,07,,83,117,,,095,042,61,,097,6,,0548,6,96 07,3,,1,,1959,1.0
59IN04239,1958612162,58,2,A2162,6,70,713,61,,07,,7,2,,2,1,  2,096,08,,96,130,,,108,050,61,,116,7,,1413,6,   74,3,,1,,1959,1.0
59IN04240,1958612163,58,1,A2163,6,05,050,61,,,13,1,2,,,,,,,,118,141,,,,,61,,120,3,,9511,6,405,8599,6,1,,1959,1.0
59IN04241,1958612164,58,2,A2164,6,71,723,61,,08,,,2,,2,1,  1,090,07,,90,123,,,100,054,61,,137,4,,1349,6,   82,3,,1,,1959,1.0
59IN04242,1958612170,58,1,A2170,6,05,050,61,,,31,5,2,,,,,,,,116,132,3,,,,61,0801,109,6,,9511,6,404,9582,6,1,,1959,1.0
59IN04243,1958612173,58,1,A2173,6,05,050,61,,,30,1,2,,,,,,,,103,114,3,,,,61,0801,101,4,,9511,6,375,8911,6,1,,1959,1.0
59IN04244,1958612175,58,2,A2175,6,03,030,61,,06,25,7,2,,1,1,  2,101,08,,101,125,,,105,056,61,,129,6,,0262,6,   04,9,,1,,1959,1.0
59IN04245,1958612176,58,1,A2176,6,75,066,61,,,,1,2,,,,,, 5,4,152,168,2,,,,61,0924,142,3,,1317,6,430,1771,7,1,,1959,1.0
59IN04246,1958612177,58,2,A2177,6,71,723,61,,06,,,2,,2,1,  4,102,08,,102,134,,,112,068,61,,144,9,,1349,6,   81,3,,1,,1959,1.0
59IN04247,1958612178,58,2,A2178,6,70,733,61,,06,,6,2,,2,1,  4,116,09,,116,147,,,104,043,61,,127,7,,1390,6,   73,3,,1,,1959,1.0
59IN04248,1958612180,58,2,A2180,6,84,024,61,,08,,6,2,,7,1,  4,090,07,,90,122,,,088,047,61,,104,5,,0069,6,   09,4,,1,,1959,1.0
59IN04249,1958612183,58,2,A2183,6,71,733,61,,07,,,2,,2,1,  3,090,09,,90,120,,,093,047,61,,135,6,,1390,6,   80,3,,1,,1959,1.0
59IN04250,1958612184,58,2,A2184,6,71,733,61,,08,,,2,,2,1,  2,080,07,,80,114,,,108,049,61,,118,6,,,,   85,3,,1,,1959,1.0
59IN04251,1958612185,58,2,A2185,6,08,080,61,,07,16,,2,,1,1,  1,091,05,,91,,6,,089,038,61,0920,100,4,,0435,6,,,,1,,1959,1.0
59IN04252,1958612187,58,1,A2187,6,70,713,61,,,,5,2,,,,,, 5,6,142,167,2,,,,61,0924,107,7,,1413,6,414,9914,6,1,,1959,1.0
59IN04253,1958612188,58,1,A2188,6,70,713,61,,,,5,2,,,,,, 8,2,112,136,2,,,,61,0924,107,5,,1413,6,391,9914,6,1,,1959,1.0
59IN04254,1958612189,58,1,A2189,6,10,100,61,,,26,5,2,,,,,,,,116,136,,,,,61,,114,5,,0811,6,422,1164,6,1,,1959,1.0
59IN04255,1958612191,58,1,A2191,6,02,020,61,,,15,1,2,,,,,, 8,1,123,148,2,,,,61,0924,093,4,,0069,6,380,9285,6,1,,1959,1.0
59IN04256,1958612193,58,2,A2193,6,70,733,61,,07,,7,2,,2,1,  4,092,10,,92,130,,,101,065,61,,144,6,,1390,6,   73,3,,1,,1959,1.0
59IN04257,1958612194,58,2,A2194,6,07,070,61,,06,13,,2,17,1,1,  2,100,04,,100,131,,,117,051,61,,112,2,,0548,6,40 07,0,,1,,1959,1.0
59IN04258,1958612196,58,1,A2196,6,07,070,61,,,12,1,2,,,,,,,,128,152,6,,,,61,1101,138,7,,0548,6,401,9061,6,1,,1959,1.0
59IN04259,1958612202,58,1,A2202,6,07,070,61,,,13,1,2,,,,,, 5,9,123,136,2,,,,61,0924,128,8,,0548,6,414,0902,6,1,,1959,1.0
59IN04260,1958612204,58,2,A2204,6,71,723,61,,05,,,2,,2,1,  2,103,07,,103,136,,,104,067,61,,140,6,,1349,6,   84,3,,1,,1959,1.0
59IN04261,1958612206,58,2,A2206,6,02,020,61,,07,20,,2,39,1,1,  2,094,09,,94,130,,,087,051,61,,109,5,,0069,6,51 02,3,,1,,1959,1.0
59IN04262,1958612207,58,1,A2207,6,05,050,61,,,25,3,2,,,,,,,,121,141,6,,,,61,1101,109,3,,9511,6,394,9641,6,1,,1959,1.0
59IN04263,1958612208,58,1,A2208,6,70,723,61,,,,5,2,,,,,, 6,7,147,156,2,,,,61,0924,137,8,,1349,6,414,9951,6,1,,1959,1.0
59IN04264,1958612209,58,2,A2209,6,70,723,61,,07,,8,2,,2,1,  1,097,09,,97,134,,,087,048,61,,118,4,,1349,6,   73,3,,1,,1959,1.0
59IN04265,1958612210,58,1,A2210,6,75,056,61,,,,5,2,,,,,, 7,0,130,146,2,,,,61,0924,160,9,,9511,6,439,1765,7,1,,1959,1.0
59IN04266,1958612211,58,1,A2211,6,75,056,61,,,,5,2,,,,,,,,103,152,3,,,,61,0801,163,6,,9511,6,414,1765,7,1,,1959,1.0
59IN04267,1958612212,58,2,A2212,6,10,100,61,,08,20,,2,27,1,1,  4,096,05,,96,116,,,123,063,61,,139,9,,0811,6,18 10,3,,1,,1959,1.0
59IN04268,1958612216,58,2,A2216,6,73,076,61,,05,,1,2,,9,1,  1,123,09,,123,138,,,108,078,61,,163,6,,0548,6,   72,3,,1,,1959,1.0
59IN04269,1958612220,58,2,A2220,6,03,030,61,,10,25,,2,25,1,1,  2,077,08,,77,110,,,111,054,61,,135,6,,0262,6,24 03,0,,1,,1959,1.0
59IN04270,1958612222,58,2,A2222,6,85,024,61,,06,,,2,,7,1,  2,104,04,,104,140,,,098,043,61,,103,4,,0069,6,   05,4,,1,,1959,1.0
59IN04271,1958612223,58,2,A2223,6,71,713,61,,05,,,2,,2,1,  2,104,02,,104,142,,,122,049,61,,113,6,,1413,6,   83,3,,1,,1959,1.0
59IN04272,1958612224,58,2,A2224,6,02,020,61,,06,22,,2,,1,1,058,111,07,,111,148,,,091,056,61,,117,4,,0069,6,   05,8,,1,,1959,1.0
59IN04273,1958612226,58,2,A2226,6,07,070,61,,07,23,,2,18,1,1,  1,093,06,,93,107,,,094,060,61,,134,7,,0548,6,82 07,3,,1,,1959,1.0
59IN04274,1958612229,58,1,A2229,6,10,100,61,,,29,3,2,,,,,, 8,4,116,139,2,,,,61,0924,124,7,,0811,6,414,9234,6,1,,1959,1.0
59IN04275,1958612233,58,2,A2233,6,07,070,61,,06,15,,2,17,1,1,  1,091,09,,91,123,,,092,044,61,,111,6,,0548,6,80 07,0,,1,,1959,1.0
59IN04276,1958612236,58,2,A2236,6,75,046,61,,,,,2,,9,4,,094,07,,94,124,2,,095,048,61,0924,114,5,,1983,6,    0,1,,1,,1959,1.0
59IN04277,1958612239,58,2,A2239,6,85,034,61,,09,,7,2,,7,1,  4,082,12,,82,115,,,111,063,61,,144,7,,,,   08,4,,1,,1959,1.0
59IN04278,1958612242,58,1,A2242,6,73,066,61,,,,3,2,,,,,, 8,0,105,130,2,,,,61,0924,105,5,,1317,6,385,8315,6,1,,1959,1.0
59IN04279,1958612243,58,2,A2243,6,75,066,61,,05,,1,2,,9,1,  4,108,05,,108,139,,,123,074,61,,151,7,,1317,6,   72,3,,1,,1959,1.0
59IN04280,1958612248,58,1,A2248,6,03,030,61,,,26,5,2,,,,,,,,108,128,,,,,61,,107,6,,0262,6,411,0484,6,1,,1959,1.0
59IN04281,1958612250,58,2,A2250,6,71,713,61,,06,,,2,,2,1,  1,094,05,,94,124,,,098,049,61,,135,6,,1413,6,   80,3,,1,,1959,1.0
59IN04282,1958612251,58,2,A2251,6,04,040,61,,06,27,3,2,31,1,1,  1,103,04,,103,137,,,085,039,61,,090,3,,1983,6,98 04,3,,1,,1959,1.0
59IN04283,1958612252,58,2,A2252,6,75,076,61,,04,,1,2,,9,1,  2,124,05,,124,150,,,085,050,61,,122,4,,0548,6,   72,3,,1,,1959,1.0
59IN04284,1958612256,58,2,A2256,6,71,723,61,,05,,,2,,2,1,  2,110,06,,110,139,,,119,060,61,,124,8,,1349,6,   81,3,,1,,1959,1.0
59IN04285,1958612258,58,2,A2258,6,71,723,61,,07,,,2,,2,1,  1,089,06,,89,110,,,099,035,61,,081,5,,1349,6,   82,3,,1,,1959,1.0
59IN04286,1958612261,58,1,A2261,6,70,723,61,,,,5,2,,,,,,,,106,133,3,,,,61,0801,076,3,,1349,6,369,0331,6,1,,1959,1.0
59IN04287,1958612262,58,1,A2262,6,70,713,61,,,,5,2,,,,,, 7,9,136,163,2,,,,61,0924,144,8,,1413,6,428,9261,6,1,,1959,1.0
59IN04288,1958612263,58,1,A2263,6,70,713,61,,,,5,2,,,,,, 7,8,128,152,2,,,,61,0924,124,8,,1413,6,412,9261,6,1,,1959,1.0
59IN04289,1958612264,58,1,A2264,6,84,094,61,,,,3,2,,,,,, 6,9,135,156,2,,,,61,0924,104,5,,9158,6,398,8915,6,1,,1959,1.0
59IN04290,1958612265,58,1,A2265,6,09,090,61,,,34,1,2,,,,,,,,108,125,3,,,,61,0801,117,5,,9158,6,387,0794,6,1,,1959,1.0
59IN04291,1958612266,58,2,A2266,6,09,090,61,,09,28,4,2,,1,1,  1,074,09,,74,95,6,,091,044,61,1220,110,5,,9158,6,   09,0,,1,,1959,1.0
59IN04292,1958612267,58,2,A2267,6,01,010,61,,08,25,,2,24,1,1,  2,081,07,,81,113,,,082,042,61,,128,5,,1354,6,72 01,3,,1,,1959,1.0
59IN04293,1958612268,58,2,A2268,6,07,070,61,,07,15,,2,18,1,1,  2,093,06,,93,122,,,105,042,61,,118,6,,0548,6,96 07,3,,1,,1959,1.0
59IN04294,1958612269,58,2,A2269,6,02,020,61,,08,18,,2,30,1,1,  4,089,09,,89,127,,,099,057,61,,109,7,,0069,6,60 02,0,,1,,1959,1.0
59IN04295,1958612270,58,1,A2270,6,70,733,61,,,,1,2,,,,,, 7,8,146,156,2,,,,61,0924,116,6,,1390,6,419,1306,6,1,,1959,1.0
59IN04296,1958612273,58,1,A2273,6,85,044,61,,,,1,2,,,,,,,,,,6,,,,61,0202,,,,1983,6,,9845,6,1,,1959,1.0
59IN04297,1958612274,58,1,A2274,6,02,020,61,,,24,1,2,,,,,,,,126,140,,,,,61,,137,8,,0069,6,435,0090,6,1,,1959,1.0
59IN04298,1958612275,58,2,A2275,6,70,723,61,,06,,5,2,,2,1,  1,106,07,,106,137,,,105,057,61,,151,7,,1349,6,   71,3,,1,,1959,1.0
59IN04299,1958612276,58,1,A2276,6,70,723,61,,,,5,2,,,,,, 6,0,122,136,2,,,,61,0924,123,6,,1349,6,402,9994,6,1,,1959,1.0
59IN04300,1958612277,58,1,A2277,6,10,100,61,,,27,1,2,,,,,, 8,2,116,133,2,,,,61,0924,123,8,,0811,6,407,1288,6,1,,1959,1.0
59IN04301,1958612278,58,2,A2278,6,09,090,61,,08,30,,2,,1,1,  1,088,06,,88,,6,,084,042,61,0920,117,5,,9158,6,,,,1,,1959,1.0
59IN04302,1958612283,58,2,A2283,6,06,060,61,,07,21,,2,22,1,1,060,086,09,,86,120,,,091,048,61,,121,3,,1317,6,36 06,0,,1,,1959,1.0
59IN04303,1958612284,58,2,A2284,6,07,070,61,,08,23,,2,15,1,1,  1,075,07,,75,94,,,100,039,61,,105,7,,0548,6,08 07,0,,1,,1959,1.0
59IN04304,1958612288,58,2,A2288,6,85,044,61,,05,,,2,,7,1,  2,107,06,,107,135,,,085,045,61,,106,4,,1983,6,   05,5,,1,,1959,1.0
59IN04305,1958612291,58,2,A2291,6,70,723,61,,07,,1,2,,2,1,  1,102,08,,102,136,,,109,049,61,,118,6,,1349,6,   73,3,,1,,1959,1.0
59IN04306,1958612295,58,2,A2295,6,71,723,61,,07,,,2,,2,1,  1,088,06,,88,114,,,088,034,61,,085,7,,1349,6,   85,3,,1,,1959,1.0
59IN04307,1958612296,58,2,A2296,6,71,723,61,,07,,,2,,2,1,  1,078,07,,78,109,,,081,034,61,,086,4,,,,   84,3,,1,,1959,1.0
59IN04308,1958612299,58,2,A2299,6,10,100,61,,08,30,,2,,1,1,  2,090,08,,90,,7,,106,060,61,1001,130,7,,0811,6,,,,1,,1959,1.0
59IN04309,1958612302,58,1,A2302,6,75,076,61,,,,5,2,,,,,, 6,6,135,142,2,,,,61,0924,136,7,,0548,6,405,1782,7,1,,1959,1.0
59IN04310,1958612303,58,1,A2303,6,75,076,61,,,,5,2,,,,,,,,103,124,3,,,,61,0801,124,6,,0548,6,396,1782,7,1,,1959,1.0
59IN04311,1958612305,58,2,A2305,6,70,733,61,,08,,2,2,,2,1,  2,083,09,,83,118,,,090,044,61,,102,3,,1390,6,   73,3,,1,,1959,1.0
59IN04312,1958612306,58,1,A2306,6,70,733,61,,,,3,2,,,,,, 8,3,112,137,2,,,,61,0924,121,5,,1390,6,397,0019,6,1,,1959,1.0
59IN04313,1958612308,58,1,A2308,6,07,070,61,,,18,5,2,,,,,,,,103,120,3,,,,61,0801,112,8,,0548,6,391,8866,6,1,,1959,1.0
59IN04314,1958612310,58,1,A2310,6,70,723,61,,,,5,2,,,,,, 8,2,122,148,2,,,,61,0924,146,6,,1349,6,423,0671,6,1,,1959,1.0
59IN04315,1958612312,58,2,A2312,6,01,010,61,,07,25,,2,36,1,1,  1,091,08,,91,120,,,102,049,61,,137,5,,1354,6,57 01,0,,1,,1959,1.0
59IN04316,1958612314,58,2,A2314,6,01,010,61,,05,28,,2,24,1,1,  2,106,08,,106,134,,,108,063,61,,159,7,,1354,6,47 01,3,,1,,1959,1.0
59IN04317,1958612318,58,2,A2318,6,02,020,61,,07,39,8,2,,1,1,  2,084,09,,84,115,,,101,046,61,,117,5,,0069,6,   04,9,,1,,1959,1.0
59IN04318,1958612319,58,1,A2319,6,70,723,61,,,,1,2,,,,,, 6,3,140,165,2,,,,61,0924,136,5,,1349,6,407,0804,6,1,,1959,1.0
59IN04319,1958612320,58,2,A2320,6,70,733,61,,05,,,2,,2,1,  2,094,09,,94,,7,,091,044,61,1001,101,5,,1390,6,,,,1,,1959,1.0
59IN04320,1958612322,58,1,A2322,6,85,044,61,,,,1,2,,,,,,,,156,180,,,,,61,,141,8,,1983,6,438,0901,6,1,,1959,1.0
59IN04321,1958612323,58,1,A2323,6,70,713,61,,,,3,2,,,,,,,,138,158,3,,,,61,0801,119,9,,1413,6,428,8535,6,1,,1959,1.0
59IN04322,1958612326,58,2,A2326,6,70,713,61,,05,,8,2,,2,1,  1,094,05,,94,130,,,099,043,61,,095,5,,1413,6,   74,3,,1,,1959,1.0
59IN04323,1958612331,58,2,A2331,6,70,733,61,,06,,,2,,,1,  1,092,09,,92,,3,,107,,61,0615,138,8,,1390,6,,,,1,,1959,1.0
59IN04324,1958612333,58,2,A2333,6,02,020,61,,06,22,,2,40,1,1,  2,088,08,,88,115,,,096,050,61,,103,5,,0069,6,29 02,3,,1,,1959,1.0
59IN04325,1958612336,58,1,A2336,6,70,723,61,,,,5,2,,,,,,,,144,155,,,,,61,,154,7,,1349,6,458,9060,6,1,,1959,1.0
59IN04326,1958612337,58,2,A2337,6,71,723,61,,06,,,2,,2,1,  1,095,06,,95,131,,,092,052,61,,117,5,,1349,6,   83,3,,1,,1959,1.0
59IN04327,1958612345,58,1,A2345,6,03,030,61,,,45,1,2,,,,,,,,116,138,2,,,,61,0924,133,7,,0262,6,409,1303,6,1,,1959,1.0
59IN04328,1958612347,58,2,A2347,6,70,733,61,,06,,4,2,,2,1,  2,086,09,,86,126,,,094,049,61,,110,5,,1390,6,   72,3,,1,,1959,1.0
59IN04329,1958612350,58,2,A2350,6,10,100,61,,07,40,3,2,,1,1,048,093,08,,93,129,,,090,050,61,,133,5,,0811,6,   04,8,,1,,1959,1.0
59IN04330,1958612353,58,2,A2353,6,10,100,61,,07,27,,2,45,1,1,  2,080,09,,80,119,,,097,057,61,,123,3,,0811,6,20 10,0,,1,,1959,1.0
59IN04331,1958612354,58,2,A2354,6,85,034,61,,07,,8,2,,7,1,  4,098,10,,98,136,,,093,043,61,,130,5,,0262,6,   04,5,,1,,1959,1.0
59IN04332,1958612361,58,2,A2361,6,07,070,61,,08,14,,2,,1,1,  1,089,05,,89,113,,,086,050,61,,115,5,,0548,6,   01,9,,1,,1959,1.0
59IN04333,1958612362,58,2,A2362,6,10,100,61,,05,24,,2,,1,1,  2,111,09,,111,144,,,100,048,61,,122,5,,0811,6,   01,9,,1,,1959,1.0
59IN04334,1958612363,58,2,A2363,6,10,100,61,,07,24,,2,,1,1,  1,082,09,,82,,7,,085,043,61,1001,098,5,,0811,6,,,,1,,1959,1.0
59IN04335,1958612364,58,1,A2364,6,75,046,61,,,,5,2,,,,,,,,123,142,3,,,,61,0801,104,8,,1983,6,399,1710,7,1,,1959,1.0
59IN04336,1958612365,58,2,A2365,6,75,046,61,,06,,6,2,,9,4,  1,106,08,,106,139,,,105,065,61,,118,7,,1983,6,   71,3,,1,,1959,1.0
59IN04337,1958612366,58,2,A2366,6,07,070,61,,07,25,,2,16,1,1,  2,084,06,,84,116,,,087,037,61,,101,4,,0548,6,99 07,3,,1,,1959,1.0
59IN04338,1958612368,58,2,A2368,6,07,070,61,,10,17,,2,,1,1,018,081,09,,81,110,,,087,043,61,,107,7,,0548,6,   01,8,,1,,1959,1.0
59IN04339,1958612369,58,2,A2369,6,07,070,61,,07,17,,2,,1,1,  2,088,07,,88,118,,,096,046,61,,123,6,,0548,6,   00,0,,1,,1959,1.0
59IN04340,1958612371,58,2,A2371,6,07,070,61,,06,13,,2,18,1,1,  1,098,04,,98,,,,093,040,61,,115,3,,0548,6,63 07,3,,1,,1959,1.0
59IN04341,1958612372,58,2,A2372,6,06,060,61,,07,25,,2,,1,1,060,094,05,,94,130,7,,099,061,61,1001,133,6,,1317,6,   06,0,,1,,1959,1.0
59IN04342,1958612374,58,2,A2374,6,71,733,61,,07,,,2,,2,1,  2,099,08,,99,118,,,099,051,61,,109,3,,1390,6,   82,3,,1,,1959,1.0
59IN04343,1958612376,58,1,A2376,6,70,713,61,,,,1,2,,,,,, 8,0,114,139,2,,,,61,0924,124,6,,1413,6,401,0723,6,1,,1959,1.0
59IN04344,1958612377,58,2,A2377,6,09,090,61,,06,28,7,2,30,1,1,  1,093,06,,93,116,,,088,040,61,,114,6,,9158,6,16 09,3,,1,,1959,1.0
59IN04345,1958612379,58,1,A2379,6,70,733,61,,,,1,2,,,,,, 5,5,142,162,2,,,,61,0924,130,6,,1390,6,415,1027,6,1,,1959,1.0
59IN04346,1958612380,58,1,A2380,6,70,723,61,,,,5,2,,,,,,,,130,,3,,,,61,0609,093,4,,1349,6,396,0459,6,1,,1959,1.0
59IN04347,1958612382,58,1,A2382,6,01,010,61,,,30,1,2,,,,,,,,113,116,,,,,61,,124,6,,1354,6,406,1454,6,1,,1959,1.0
59IN04348,1958612383,58,2,A2383,6,70,713,61,,06,,1,2,,2,1,  4,098,08,,98,136,,,114,065,61,,147,7,,1413,6,   74,3,,1,,1959,1.0
59IN04349,1958612387,58,2,A2387,6,04,040,61,,07,27,8,2,31,1,1,  2,092,05,,92,118,,,091,045,61,,099,4,,1983,6,37 04,0,,1,,1959,1.0
59IN04350,1958612388,58,2,A2388,6,85,054,61,,07,,,2,,7,1,  4,106,10,,106,135,,,093,053,61,,118,5,,9511,6,   03,5,,1,,1959,1.0
59IN04351,1958612389,58,2,A2389,6,85,054,61,,07,,5,2,,7,1,  2,106,08,,106,130,,,105,054,61,,123,5,,9511,6,   04,4,,1,,1959,1.0
59IN04352,1958612391,58,1,A2391,6,75,026,61,,,,5,2,,,,,, 7,1,130,153,2,,,,61,0924,131,7,,0069,6,430,1690,7,1,,1959,1.0
59IN04353,1958612393,58,2,A2393,6,02,020,61,,07,30,,2,,1,1,  2,079,09,,79,108,2,,091,032,61,0924,084,4,,,,    0,3,,1,,1959,1.0
59IN04354,1958612394,58,2,A2394,6,70,733,61,,,,,2,,,,,,,,,,6,,,,61,0528,,,,1390,6,,,,1,,1959,1.0
59IN04355,1958612395,58,2,A2395,6,70,733,61,,06,,3,2,,2,1,  2,094,06,,94,125,,,084,035,61,,116,5,,1390,6,   73,3,,1,,1959,1.0
59IN04356,1958612399,58,2,A2399,6,85,074,61,,06,,,2,,7,1,  2,101,08,,101,118,,,102,052,61,,130,5,,0548,6,   06,4,,1,,1959,1.0
59IN04357,1958612403,58,1,A2403,6,70,723,61,,,,1,2,,,,,, 8,2,133,145,2,,,,61,0924,145,6,,1349,6,421,9083,6,1,,1959,1.0
59IN04358,1958612404,58,2,A2404,6,04,040,61,,06,24,4,2,30,1,1,  4,100,04,,100,128,,,102,043,61,,086,6,,1983,6,90 04,3,,1,,1959,1.0
59IN04359,1958612406,58,2,A2406,6,71,733,61,,05,,,2,,2,1,  4,116,08,,116,155,,,100,051,61,,141,6,,1390,6,   81,3,,1,,1959,1.0
59IN04360,1958612407,58,1,A2407,6,03,030,61,,,30,1,2,,,,,, 8,3,122,137,2,,,,61,0924,119,5,,0262,6,405,9141,6,1,,1959,1.0
59IN04361,1958612412,58,2,A2412,6,06,060,61,,07,20,,2,20,1,1,060,083,05,,83,120,,,104,039,61,,091,8,,1317,6,12 06,0,,1,,1959,1.0
59IN04362,1958612414,58,2,A2414,6,07,070,61,,06,16,7,2,,1,1,  2,090,09,,90,121,,,091,043,61,,133,5,,0548,6,   09,9,,1,,1959,1.0
59IN04363,1958612415,58,2,A2415,6,07,070,61,,07,16,,2,19,1,1,  3,077,08,,77,104,,,085,039,61,,106,5,,0548,6,60 07,3,,1,,1959,1.0
59IN04364,1958612416,58,2,A2416,6,70,713,61,,07,,2,2,,2,1,  3,078,06,,78,104,,,094,042,61,,101,5,,1413,6,   74,3,,1,,1959,1.0
59IN04365,1958612417,58,2,A2417,6,70,713,61,,07,,3,2,,2,1,  1,088,08,,88,117,,,079,045,61,,106,3,,1413,6,   74,3,,1,,1959,1.0
59IN04366,1958612418,58,1,A2418,6,84,014,61,,,,5,2,,,,,, 6,4,117,143,2,,,,61,0924,123,3,,1354,6,408,0151,6,1,,1959,1.0
59IN04367,1958612420,58,2,A2420,6,06,060,61,,08,30,,2,22,1,1,060,076,09,,76,113,,,096,044,61,,108,5,,1317,6,31 06,0,,1,,1959,1.0
59IN04368,1958612424,58,1,A2424,6,70,713,61,,,,1,2,,,,,, 7,9,132,151,2,,,,61,0924,140,8,,1413,6,406,0774,6,1,,1959,1.0
59IN04369,1958612425,58,2,A2425,6,70,733,61,,,,,2,,,,,,,,,,6,,,,61,0530,,,,1390,6,,,,1,,1959,1.0
59IN04370,1958612426,58,2,A2426,6,71,733,61,,06,,,2,,2,1,  2,098,06,,98,133,,,088,044,61,,129,5,,1390,6,   80,3,,1,,1959,1.0
59IN04371,1958612427,58,1,A2427,6,86,104,61,,,,1,2,,,,,, 7,3,141,144,2,,,,61,0924,117,3,,0811,6,410,9436,6,1,,1959,1.0
59IN04372,1958612428,58,2,A2428,6,02,020,61,,06,15,4,2,,1,1,048,106,10,,106,117,,,106,050,61,,108,5,,0069,6,   04,8,,1,,1959,1.0
59IN04373,1958612429,58,1,A2429,6,07,070,61,,,24,5,2,,,,,,,,118,143,6,,,,61,1101,129,7,,0548,6,412,9867,6,1,,1959,1.0
59IN04374,1958612431,58,2,A2431,6,71,713,61,,09,,,2,,2,1,  1,077,09,,77,113,,,088,031,61,,074,2,,1413,6,   85,3,,1,,1959,1.0
59IN04375,1958612432,58,2,A2432,6,70,713,61,,06,,4,2,,2,1,  2,108,05,,108,147,,,125,083,61,,149,9,,1413,6,   74,3,,1,,1959,1.0
59IN04376,1958612437,58,2,A2437,6,04,040,61,,08,24,1,2,33,1,1,  2,083,06,,83,113,,,092,043,61,,093,5,,1983,6,62 04,0,,1,,1959,1.0
59IN04377,1958612438,58,2,A2438,6,04,040,61,,08,24,5,2,30,1,1,  2,096,07,,96,108,,,091,046,61,,103,4,,1983,6,90 04,3,,1,,1959,1.0
59IN04378,1958612440,58,2,A2440,6,71,723,61,,05,,,2,,2,1,  2,112,07,,112,150,,,101,053,61,,132,6,,1349,6,   84,3,,1,,1959,1.0
59IN04379,1958612443,58,1,A2443,6,70,723,61,,,,3,2,,,,,, 8,0,124,150,2,,,,61,0924,117,7,,1349,6,392,1412,6,1,,1959,1.0
59IN04380,1958612444,58,2,A2444,6,75,026,61,,05,,1,2,,9,1,  1,128,09,,128,151,,,088,049,61,,135,6,,0069,6,   72,3,,1,,1959,1.0
59IN04381,1958612446,58,1,A2446,6,07,070,61,,,13,3,2,,,,,,,,125,134,,,,,61,,129,6,,0548,6,430,9385,6,1,,1959,1.0
59IN04382,1958612448,58,1,A2448,6,10,100,61,,,25,5,2,,,,,, 7,9,124,150,2,,,,61,0924,113,6,,0811,6,407,0136,6,1,,1959,1.0
59IN04383,1958612449,58,2,A2449,6,10,100,61,,07,25,,2,28,1,1,  2,086,05,,86,121,,,092,039,61,,091,4,,0811,6,50 10,3,,1,,1959,1.0
59IN04384,1958612450,58,2,A2450,6,70,723,61,,07,,7,2,,2,1,  1,080,09,,80,115,,,095,038,61,,096,4,,1349,6,   71,3,,1,,1959,1.0
59IN04385,1958612451,58,1,A2451,6,70,723,61,,,,5,2,,,,,,,,101,123,3,,,,61,0801,098,4,,1349,6,385,0760,6,1,,1959,1.0
59IN04386,1958612453,58,1,A2453,6,70,733,61,,,,3,2,,,,,, 6,8,124,156,2,,,,61,0924,116,7,,1390,6,406,8095,6,1,,1959,1.0
59IN04387,1958612455,58,2,A2455,6,07,070,61,,07,12,4,2,,1,1,098,084,07,,84,112,,,085,038,61,,099,5,,0548,6,   09,8,,1,,1959,1.0
59IN04388,1958612460,58,2,A2460,6,04,040,61,,06,25,2,2,34,1,1,  2,086,04,,86,116,,,104,046,61,,101,8,,1983,6,45 04,0,,1,,1959,1.0
59IN04389,1958612461,58,2,A2461,6,04,040,61,,08,25,6,2,31,1,1,  2,088,08,,88,125,,,107,044,61,,098,7,,1983,6,00 04,3,,1,,1959,1.0
59IN04390,1958612462,58,2,A2462,6,10,100,61,,08,31,,2,,1,1,01:,075,08,,75,96,,,095,045,61,,093,6,,0811,6,   01,8,,1,,1959,1.0
59IN04391,1958612464,58,2,A2464,6,70,723,61,,07,,4,2,,2,1,  1,099,04,,99,131,,,103,057,61,,111,8,,1349,6,   73,3,,1,,1959,1.0
59IN04392,1958612469,58,2,A2469,6,75,036,61,,05,,1,2,,9,1,  2,103,09,,103,127,,,100,056,61,,133,4,,0262,6,   72,3,,1,,1959,1.0
59IN04393,1958612470,58,1,A2470,6,75,096,61,,,,1,2,,,,,, 8,0,118,144,2,,,,61,0924,146,5,,9158,6,408,1796,7,1,,1959,1.0
59IN04394,1958612472,58,1,A2472,6,85,064,61,,,,5,2,,,,,, 7,9,134,150,2,,,,61,0924,123,7,,1317,6,403,9156,6,1,,1959,1.0
59IN04395,1958612474,58,2,A2474,6,70,723,61,,06,,8,2,,2,1,  2,108,07,,108,138,,,103,051,61,,114,5,,1349,6,   71,3,,1,,1959,1.0
59IN04396,1958612475,58,2,A2475,6,70,723,61,,08,,5,2,,2,1,  2,089,06,,89,108,,,099,052,61,,108,6,,1349,6,   73,3,,1,,1959,1.0
59IN04397,1958612476,58,2,A2476,6,70,723,61,,08,,1,2,,2,1,  2,083,09,,83,110,,,095,050,61,,089,5,,1349,6,   71,3,,1,,1959,1.0
59IN04398,1958612477,58,2,A2477,6,09,090,61,,06,22,5,2,37,1,1,  1,093,08,,93,122,,,103,059,61,,115,7,,9158,6,34 09,0,,1,,1959,1.0
59IN04399,1958612480,58,1,A2480,6,70,713,61,,,,5,2,,,,,,,,111,130,3,,,,61,0801,125,6,,1413,6,407,9653,6,1,,1959,1.0
59IN04400,1958612482,58,1,A2482,6,02,020,61,,,25,1,2,,,,,, 8,1,126,136,2,,,,61,0924,125,5,,0069,6,403,0263,6,1,,1959,1.0
59IN04401,1958612486,58,2,A2486,6,75,106,61,,05,,1,2,,9,1,  2,106,06,,106,140,,,100,069,61,,148,7,,0811,6,   72,3,,1,,1959,1.0
59IN04402,1958612489,58,2,A2489,6,70,733,61,,07,,5,2,,2,1,  2,084,09,,84,114,,,097,047,61,,094,7,,1390,6,   74,3,,1,,1959,1.0
59IN04403,1958612492,58,2,A2492,6,10,100,61,,09,21,,2,42,1,1,  1,078,08,,78,114,,,099,043,61,,097,7,,0811,6,10 10,0,,1,,1959,1.0
59IN04404,1958612494,58,2,A2494,6,70,733,61,,07,,,2,,2,1,  2,081,06,,81,119,2,,093,027,61,0924,067,4,,1390,6,    0,3,,1,,1959,1.0
59IN04405,1958612495,58,2,A2495,6,70,713,61,,05,,6,2,,2,1,  1,108,08,,108,146,,,101,058,61,,132,5,,1413,6,   74,3,,1,,1959,1.0
59IN04406,1958612498,58,1,A2498,6,70,723,61,,,,5,2,,,,,, 8,1,115,138,2,,,,61,0924,111,2,,1349,6,399,1144,6,1,,1959,1.0
59IN04407,1958612500,58,1,A2500,6,07,070,61,,,17,5,2,,,,,,,,102,118,3,,,,61,0801,086,3,,0548,6,380,9871,6,1,,1959,1.0
59IN04408,1958612501,58,2,A2501,6,70,723,61,,08,,6,2,,2,1,  2,088,08,,88,116,,,106,054,61,,108,5,,1349,6,   73,3,,1,,1959,1.0
59IN04409,1958612502,58,2,A2502,6,71,723,61,,06,,,2,,2,1,  2,084,05,,84,115,,,104,060,61,,118,6,,1349,6,   83,3,,1,,1959,1.0
59IN04410,1958612503,58,1,A2503,6,10,100,61,,,26,3,2,,,,,,,,102,148,3,,,,61,0801,117,3,,0811,6,402,1163,6,1,,1959,1.0
59IN04411,1958612510,58,1,A2510,6,01,010,61,,,31,3,2,,,,,,,,118,140,,,,,61,,128,5,,1354,6,417,9313,6,1,,1959,1.0
59IN04412,1958612511,58,2,A2511,6,05,050,61,,06,21,,2,23,1,1,  2,094,09,,94,130,,,092,047,61,,121,4,,9511,6,16 05,0,,1,,1959,1.0
59IN04413,1958612512,58,1,A2512,6,05,050,61,,,21,5,2,,,,,,,,118,126,3,,,,61,0801,100,2,,9511,6,401,7863,6,1,,1959,1.0
59IN04414,1958612513,58,2,A2513,6,06,060,61,,09,25,,2,23,1,1,  4,089,06,,89,114,,,095,057,61,,124,6,,1317,6,20 06,0,,1,,1959,1.0
59IN04415,1958612514,58,2,A2514,6,09,090,61,,07,53,,2,,1,1,  2,086,07,,86,,7,,080,039,61,1001,100,2,,9158,6,,,,1,,1959,1.0
59IN04416,1958612518,58,1,A2518,6,01,010,61,,,27,1,2,,,,,,,,106,135,,,,,61,,123,5,,1354,6,393,9661,6,1,,1959,1.0
59IN04417,1958612520,58,2,A2520,6,08,080,61,,06,13,5,2,16,1,1,  2,099,04,,99,138,,,084,037,61,,092,5,,0435,6,03 08,0,,1,,1959,1.0
59IN04418,1958612521,58,2,A2521,6,08,080,61,,07,13,6,2,16,1,1,  2,102,09,,102,135,,,096,036,61,,088,4,,0435,6,03 08,0,,1,,1959,1.0
59IN04419,1958612523,58,1,A2523,6,70,733,61,,,,3,2,,,,,,,,113,127,3,,,,61,0801,131,7,,1390,6,403,7831,6,1,,1959,1.0
59IN04420,1958612526,58,2,A2526,6,70,713,61,,07,,2,2,,2,1,  2,100,06,,100,159,,,094,053,61,,124,3,,1413,6,   71,3,,1,,1959,1.0
59IN04421,1958612527,58,2,A2527,6,71,713,61,,08,,,2,,2,1,  2,083,06,,83,122,,,089,046,61,,113,3,,1413,6,   82,3,,1,,1959,1.0
59IN04422,1958612529,58,1,A2529,6,10,100,61,,,26,3,2,,,,,, 7,8,106,134,2,,,,61,0924,096,6,,0811,6,383,9642,6,1,,1959,1.0
59IN04423,1958612532,58,2,A2532,6,70,713,61,,06,,7,2,,2,1,  2,103,06,,103,135,,,103,060,61,,138,5,,1413,6,   74,3,,1,,1959,1.0
59IN04424,1958612534,58,1,A2534,6,08,080,61,,,21,1,2,,,,,,,,113,112,3,,,,61,0801,100,5,,0435,6,384,9837,6,1,,1959,1.0
59IN04425,1958612535,58,1,A2535,6,05,050,61,,,32,1,2,,,,,,,,108,,6,,,,61,0710,110,2,,9511,6,389,9393,6,1,,1959,1.0
59IN04426,1958612537,58,2,A2537,6,04,040,61,,08,18,3,2,29,1,1,  2,086,06,,86,115,,,101,039,61,,080,4,,1983,6,27 04,0,,1,,1959,1.0
59IN04427,1958612538,58,2,A2538,6,70,713,61,,08,,3,2,,2,1,  4,097,08,,97,128,,,103,064,61,,124,5,,1413,6,   71,3,,1,,1959,1.0
59IN04428,1958612539,58,2,A2539,6,70,713,61,,07,,8,2,,2,1,  2,091,06,,91,121,,,086,031,61,,090,3,,1413,6,   74,3,,1,,1959,1.0
59IN04429,1958612540,58,2,A2540,6,10,100,61,,08,30,8,2,,1,1,  2,086,06,,86,124,,,085,045,61,,095,4,,0811,6,   09,9,,1,,1959,1.0
59IN04430,1958612542,58,1,A2542,6,04,040,61,,,20,1,2,,,,,,,,131,142,,,,,61,,126,6,,1983,6,415,9840,6,1,,1959,1.0
59IN04431,1958612543,58,2,A2543,6,07,070,61,,05,10,,2,16,1,1,  1,098,05,,98,129,,,102,055,61,,125,6,,0548,6,51 07,0,,1,,1959,1.0
59IN04432,1958612545,58,1,A2545,6,02,020,61,,,17,5,2,,,,,,,,112,136,3,,,,61,0801,095,5,,0069,6,403,9192,6,1,,1959,1.0
59IN04433,1958612546,58,2,A2546,6,02,020,61,,06,17,,2,,1,1,  2,094,06,,94,131,7,,097,039,61,1001,077,7,,0069,6,   02,0,,1,,1959,1.0
59IN04434,1958612550,58,2,A2550,6,10,100,61,,07,29,,2,31,1,1,  1,088,08,,88,126,,,095,050,61,,120,3,,0811,6,01 10,3,,1,,1959,1.0
59IN04435,1958612551,58,2,A2551,6,75,096,61,,05,,1,2,,9,1,  1,110,09,,110,146,,,110,085,61,,154,7,,9158,6,   72,3,,1,,1959,1.0
59IN04436,1958612553,58,2,A2553,6,70,713,61,,07,,4,2,,2,1,  2,083,09,,83,114,,,095,049,61,,145,7,,1413,6,   71,3,,1,,1959,1.0
59IN04437,1958612555,58,2,A2555,6,70,733,61,,08,,5,2,,2,1,  1,101,09,,101,131,,,096,042,61,,131,7,,1390,6,   71,3,,1,,1959,1.0
59IN04438,1958612556,58,1,A2556,6,85,024,61,,,,1,2,,,,,, 8,4,128,143,2,,,,61,0924,117,5,,0069,6,415,1145,6,1,,1959,1.0
59IN04439,1958612559,58,2,A2559,6,03,030,61,,07,30,5,2,,1,1,048,084,09,,84,107,,,112,055,61,,128,6,,0262,6,   04,8,,1,,1959,1.0
59IN04440,1958612561,58,2,A2561,6,70,713,61,,06,,1,2,,2,1,  1,072,09,,72,106,,,092,038,61,,102,5,,1413,6,   74,3,,1,,1959,1.0
59IN04441,1958612566,58,2,A2566,6,07,070,61,,05,13,,2,,1,1,  4,102,06,,102,126,,,109,052,61,,114,7,,0548,6,   05,9,,1,,1959,1.0
59IN04442,1958612567,58,1,A2567,6,10,100,61,,,25,3,2,,,,,, 7,2,124,154,2,,,,61,0924,113,4,,0811,6,411,9798,6,1,,1959,1.0
59IN04443,1958612571,58,1,A2571,6,07,070,61,,,25,5,2,,,,,,,,98,118,3,,,,61,0801,112,5,,0548,6,383,0086,6,1,,1959,1.0
59IN04444,1958612572,58,2,A2572,6,07,070,61,,08,25,,2,16,1,1,  2,074,07,,74,100,,,099,045,61,,104,5,,0548,6,99 07,3,,1,,1959,1.0
59IN04445,1958612574,58,2,A2574,6,04,040,61,,07,23,7,2,30,1,1,  2,083,09,,83,106,,,105,046,61,,099,6,,1983,6,82 04,3,,1,,1959,1.0
59IN04446,1958612575,58,1,A2575,6,70,733,61,,,,4,2,,,,,, 8,1,136,156,2,,,,61,0924,162,8,,1390,6,433,0880,6,1,,1959,1.0
59IN04447,1958612578,58,2,A2578,6,04,040,61,,06,26,4,2,33,1,1,  2,093,06,,93,131,,,092,039,61,,095,6,,1983,6,44 04,0,,1,,1959,1.0
59IN04448,1958612579,58,2,A2579,6,75,086,61,,05,,1,2,,9,1,  2,127,08,,127,163,,,093,057,61,,113,4,,0435,6,   72,3,,1,,1959,1.0
59IN04449,1958612582,58,2,A2582,6,70,713,61,,08,,6,2,,2,1,  1,084,09,,84,125,,,088,044,61,,097,3,,1413,6,   71,3,,1,,1959,1.0
59IN04450,1958612584,58,1,A2584,6,70,713,61,,,,1,2,,,,,,,,154,182,,,,,61,,156,8,,1413,6,443,0703,6,1,,1959,1.0
59IN04451,1958612585,58,2,A2585,6,70,733,61,,08,,2,2,,2,1,  4,094,07,,94,123,,,111,053,61,,107,5,,1390,6,   74,3,,1,,1959,1.0
59IN04452,1958612589,58,1,A2589,6,02,020,61,,,22,1,2,,,,,,,,140,153,3,,,,61,0801,107,5,,0069,6,414,1167,6,1,,1959,1.0
59IN04453,1958612591,58,2,A2591,6,05,050,61,,07,25,,2,21,1,1,  2,088,10,,88,118,,,077,037,61,,074,2,,9511,6,96 05,3,,1,,1959,1.0
59IN04454,1958612592,58,2,A2592,6,05,050,61,,12,25,,2,24,1,1,  2,073,10,,73,95,,,094,034,61,,104,4,,9511,6,02 05,0,,1,,1959,1.0
59IN04455,1958612593,58,2,A2593,6,02,020,61,,06,21,,2,,1,1,  4,087,09,,87,130,,,095,040,61,,100,4,,0069,6,   01,9,,1,,1959,1.0
59IN04456,1958612594,58,1,A2594,6,02,020,61,,,21,5,2,,,,,, 7,8,117,141,2,,,,61,0924,091,5,,0069,6,397,8949,6,1,,1959,1.0
59IN04457,1958612596,58,2,A2596,6,70,723,61,,07,,1,2,,2,1,  1,094,06,,94,132,,,102,054,61,,117,5,,1349,6,   71,3,,1,,1959,1.0
59IN04458,1958612597,58,1,A2597,6,10,100,61,,,25,5,2,,,,,, 7,8,108,128,2,,,,61,0924,104,5,,0811,6,402,9606,6,1,,1959,1.0
59IN04459,1958612598,58,2,A2598,6,10,100,61,,08,25,5,2,,1,1,098,079,06,,79,109,,,109,062,61,,130,7,,0811,6,   09,8,,1,,1959,1.0
59IN04460,1958612603,58,2,A2603,6,10,100,61,,08,35,,2,49,1,1,  2,085,07,,85,119,,,094,041,61,,097,2,,0811,6,16 10,0,,1,,1959,1.0
59IN04461,1958612604,58,2,A2604,6,71,733,61,,08,,,2,,2,1,  1,083,09,,83,119,,,100,049,61,,135,6,,1390,6,   81,3,,1,,1959,1.0
59IN04462,1958612608,58,2,A2608,6,10,100,61,,08,35,,2,,1,1,  2,080,06,,80,,7,,111,046,61,1001,089,7,,0811,6,,,,1,,1959,1.0
59IN04463,1958612611,58,2,A2611,6,71,733,61,,07,,,2,,2,1,  2,078,09,,78,105,,,083,035,61,,108,5,,1390,6,   80,3,,1,,1959,1.0
59IN04464,1958612612,58,2,A2612,6,01,010,61,,09,22,,2,34,1,1,  1,084,09,,84,113,,,102,051,61,,116,5,,1354,6,39 01,0,,1,,1959,1.0
59IN04465,1958612616,58,1,A2616,6,04,040,61,,,25,5,2,,,,,,,,120,135,3,,,,61,0801,115,6,,1983,6,404,0520,6,1,,1959,1.0
59IN04466,1958612617,58,2,A2617,6,04,040,61,,07,25,8,2,31,1,1,  2,086,03,,86,118,,,095,041,61,,097,7,,1983,6,28 04,3,,1,,1959,1.0
59IN04467,1958612618,58,1,A2618,6,10,100,61,,,23,1,2,,,,,, 6,1,132,152,2,,,,61,0924,127,5,,0811,6,412,0065,6,1,,1959,1.0
59IN04468,1958612619,58,2,A2619,6,05,050,61,,07,23,,2,23,1,1,  1,084,09,,84,118,,,091,048,61,,102,4,,9511,6,05 05,3,,1,,1959,1.0
59IN04469,1958612621,58,1,A2621,6,08,080,61,,,13,1,2,,,,,,,,117,138,,,,,61,,119,5,,0435,6,410,8984,6,1,,1959,1.0
59IN04470,1958612622,58,2,A2622,6,01,010,61,,06,29,,2,27,1,1,  2,096,06,,96,129,,,103,046,61,,134,6,,1354,6,20 01,3,,1,,1959,1.0
59IN04471,1958612623,58,2,A2623,6,71,723,61,,05,,,2,,2,1,  2,107,07,,107,145,,,106,048,61,,131,7,,1349,6,   85,3,,1,,1959,1.0
59IN04472,1958612624,58,1,A2624,6,85,104,61,,,,5,2,,,,,, 7,9,113,148,2,,,,61,0924,128,5,,0811,6,415,9128,6,1,,1959,1.0
59IN04473,1958612626,58,1,A2626,6,09,090,61,,,34,5,2,,,,,,,,114,140,,,,,61,,101,8,,9158,6,404,9861,6,1,,1959,1.0
59IN04474,1958612627,58,2,A2627,6,09,090,61,,08,34,8,2,30,1,1,  2,087,05,,87,123,,,074,032,61,,091,3,,9158,6,97 09,3,,1,,1959,1.0
59IN04475,1958612631,58,1,A2631,6,10,100,61,,,26,3,2,,,,,,,,124,144,,,,,61,,112,6,,0811,6,422,8739,6,1,,1959,1.0
59IN04476,1958612634,58,2,A2634,6,02,020,61,,,25,,2,,1,2,,078,09,,78,114,2,,084,032,61,0924,079,3,,0069,6,    0,3,,1,,1959,1.0
59IN04477,1958612636,58,1,A2636,6,70,713,61,,,,4,2,,,,,,,,126,157,3,,,,61,0801,118,=,,1413,6,408,9388,6,1,,1959,1.0
59IN04478,1958612638,58,2,A2638,6,71,723,61,,07,,,2,,2,1,  3,104,07,,104,134,,,095,045,61,,098,5,,1349,6,   84,3,,1,,1959,1.0
59IN04479,1958612639,58,2,A2639,6,70,723,61,,07,,7,2,,2,1,  1,092,08,,92,128,,,096,064,61,,128,8,,1349,6,   73,3,,1,,1959,1.0
59IN04480,1958612640,58,2,A2640,6,05,050,61,,08,25,,2,23,1,1,  2,087,09,,87,112,,,093,052,61,,122,5,,9511,6,53 05,0,,1,,1959,1.0
59IN04481,1958612641,58,2,A2641,6,85,064,61,,08,,,2,,7,1,  2,094,06,,94,140,,,117,066,61,,127,5,,1317,6,   02,5,,1,,1959,1.0
59IN04482,1958612643,58,1,A2643,6,70,733,61,,,,1,2,,,,,, 8,3,118,145,2,,,,61,0924,100,4,,1390,6,380,1008,6,1,,1959,1.0
59IN04483,1958612644,58,2,A2644,6,71,723,61,,07,,,2,,2,1,  2,088,10,,88,119,,,085,058,61,,128,5,,1349,6,   83,3,,1,,1959,1.0
59IN04484,1958612645,58,1,A2645,6,70,713,61,,,,5,2,,,,,, 8,3,131,136,2,,,,61,0924,137,8,,1413,6,423,0542,6,1,,1959,1.0
59IN04485,1958612647,58,2,A2647,6,70,733,61,,06,,8,2,,2,1,  2,088,07,,88,123,,,081,042,61,,103,4,,1390,6,   73,3,,1,,1959,1.0
59IN04486,1958612648,58,2,A2648,6,70,733,61,,06,,,2,,2,1,  2,084,09,,84,115,2,,087,040,61,0924,110,3,,,,    0,3,,1,,1959,1.0
59IN04487,1958612651,58,2,A2651,6,06,060,61,,08,26,,2,23,1,1,  4,084,08,,84,118,,,097,053,61,,110,5,,1317,6,30 06,0,,1,,1959,1.0
59IN04488,1958612654,58,1,A2654,6,70,733,61,,,,1,2,,,,,, 8,2,130,157,2,,,,61,0924,125,5,,1390,6,406,0780,6,1,,1959,1.0
59IN04489,1958612656,58,1,A2656,6,73,026,61,,,,1,2,,,,,, 5,3,136,160,2,,,,61,0924,121,3,,0069,6,402,8390,6,1,,1959,1.0
59IN04490,1958612657,58,2,A2657,6,70,713,61,,05,,3,2,,2,1,  1,106,07,,106,143,,,090,040,61,,127,4,,1413,6,   74,3,,1,,1959,1.0
59IN04491,1958612662,58,2,A2662,6,09,090,61,,06,46,6,2,47,1,1,  4,092,07,,92,112,,,097,040,61,,087,5,,9158,6,02 09,0,,1,,1959,1.0
59IN04492,1958910127,58,1,00127,1,,,91,,,,,2,,,,,,,,96,,3,,,,91,0609,070,2,,,,,,,1,,1959,1.0
59IN04493,1958612664,58,1,A2664,6,70,723,61,,,,1,2,,,,,,,,133,156,,,,,61,,144,6,,1349,6,436,1043,6,1,,1959,1.0
59IN04494,1958612665,58,2,A2665,6,03,030,61,,09,21,,2,,1,1,  4,090,09,,90,133,6,,111,050,61,1220,132,6,,0262,6,   03,3,,1,,1959,1.0
59IN04495,1958612667,58,2,A2667,6,09,090,61,,08,31,1,2,30,1,1,  1,082,08,,82,110,,,087,037,61,,104,3,,9158,6,55 09,3,,1,,1959,1.0
59IN04496,1958612676,58,1,A2676,6,09,090,61,,,31,4,2,,,,,,,,120,134,3,,,,61,0801,112,3,,9158,6,391,8798,6,1,,1959,1.0
59IN04497,1958612680,58,1,A2680,6,75,106,61,,,,1,2,,,,,, 6,5,152,180,2,,,,61,0924,128,6,,0811,6,422,1747,7,1,,1959,1.0
59IN04498,1958612681,58,2,A2681,6,70,723,61,,06,,7,2,,2,1,  2,096,08,,96,130,,,103,055,61,,116,5,,1349,6,   71,3,,1,,1959,1.0
59IN04499,1958612683,58,2,A2683,6,70,733,61,,,,,2,,2,2,,088,07,,88,126,2,,098,047,61,0924,119,5,,1390,6,    0,1,,1,,1959,1.0
59IN04500,1958612685,58,1,A2685,6,70,723,61,,,,1,2,,,,,, 8,1,120,146,2,,,,61,0924,100,5,,1349,6,384,9838,6,1,,1959,1.0
59IN04501,1958612686,58,1,A2686,6,75,096,61,,,,1,2,,,,,, 5,7,138,166,2,,,,61,0924,113,4,,9158,6,405,1784,7,1,,1959,1.0
59IN04502,1958612687,58,2,A2687,6,02,020,61,,06,25,,2,,1,1,  2,093,09,,93,,7,,092,045,61,1001,116,5,,0069,6,,,,1,,1959,1.0
59IN04503,1958612692,58,2,A2692,6,71,723,61,,07,,,2,,2,1,  1,088,08,,88,123,,,084,051,61,,117,4,,1349,6,   82,3,,1,,1959,1.0
59IN04504,1958612695,58,1,A2695,6,03,030,61,,,30,3,2,,,,,, 6,2,135,155,2,,,,61,0924,108,3,,0262,6,397,0662,6,1,,1959,1.0
59IN04505,1958612699,58,2,A2699,6,05,050,61,,10,25,,2,,1,1,  2,076,12,,76,,7,,092,036,61,1001,080,5,,9511,6,,,,1,,1959,1.0
59IN04506,1958612700,58,1,A2700,6,01,010,61,,,21,1,2,,,,,,,,130,160,,,,,61,,114,7,,1354,6,408,7701,6,1,,1959,1.0
59IN04507,1958612706,58,2,A2706,6,02,020,61,,07,15,,2,36,1,1,  2,087,09,,87,129,,,094,046,61,,118,6,,0069,6,91 02,3,,1,,1959,1.0
59IN04508,1958612708,58,2,A2708,6,02,020,61,,06,25,,2,,1,1,018,093,08,,93,120,,,101,068,61,,083,5,,0069,6,   01,8,,1,,1959,1.0
59IN04509,1958612709,58,2,A2709,6,02,020,61,,08,25,,2,,1,1,  2,082,09,,82,122,2,,090,024,61,0924,079,5,,0069,6,    0,1,,1,,1959,1.0
59IN04510,1958612710,58,2,A2710,6,08,080,61,,,22,,2,,1,1,,091,05,,91,131,2,,105,042,61,0924,099,5,,0435,6,    0,1,,1,,1959,1.0
59IN04511,1958612711,58,1,A2711,6,04,040,61,,,25,1,2,,,,,,,,100,126,3,,,,61,0801,089,4,,1983,6,387,9086,6,1,,1959,1.0
59IN04512,1958612713,58,2,A2713,6,01,010,61,,06,22,,2,34,1,1,  4,096,07,,96,123,,,128,061,61,,132,7,,1354,6,39 01,0,,1,,1959,1.0
59IN04513,1958612719,58,2,A2719,6,85,014,61,,08,,,2,,7,2,  2,088,05,,88,,7,,106,047,61,1001,132,5,,1354,6,,,,1,,1959,1.0
59IN04514,1958612721,58,2,A2721,6,71,713,61,,07,,,2,,2,1,  1,088,08,,88,126,,,090,047,61,,108,6,,1413,6,   81,3,,1,,1959,1.0
59IN04515,1958612723,58,1,A2723,6,09,090,61,,,41,1,2,,,,,,,,127,148,,,,,61,,102,4,,9158,6,418,9477,6,1,,1959,1.0
59IN04516,1958612724,58,2,A2724,6,05,050,61,,09,22,,2,,1,1,  2,072,11,,72,101,2,,081,023,61,0924,057,K,,9511,6,    0,3,,1,,1959,1.0
59IN04517,1958612725,58,1,A2725,6,70,713,61,,,,1,2,,,,,, 8,3,115,137,2,,,,61,0924,107,3,,1413,6,387,9974,6,1,,1959,1.0
59IN04518,1958612726,58,2,A2726,6,02,020,61,,06,21,,2,32,1,1,  2,100,10,,100,138,,,091,043,61,,109,4,,0069,6,19 02,0,,1,,1959,1.0
59IN04519,1958612730,58,2,A2730,6,71,733,61,,06,,,2,,2,5,  2,098,09,,98,128,,,080,047,61,,116,4,,1390,6,   80,3,,1,,1959,1.0
59IN04520,1958612734,58,2,A2734,6,07,070,61,,07,14,,2,,1,1,058,086,07,,86,118,,,089,046,61,,107,5,,0548,6,   05,8,,1,,1959,1.0
59IN04521,1958612736,58,1,A2736,6,73,096,61,,,,1,2,,,,,,,,130,158,,,,,61,,128,5,,9158,6,460,1608,7,1,,1959,1.0
59IN04522,1958612738,58,2,A2738,6,84,024,61,,06,,,2,,7,1,  4,102,08,,102,,7,,091,055,61,1001,116,5,,0069,6,,,,1,,1959,1.0
59IN04523,1958612739,58,2,A2739,6,73,086,61,,06,,1,2,,9,1,  4,121,05,,121,145,,,107,063,61,,135,5,,0435,6,   72,3,,1,,1959,1.0
59IN04524,1958612742,58,2,A2742,6,07,070,61,,07,11,,2,15,1,1,  1,111,09,,111,115,,,111,050,61,,112,7,,0548,6,45 07,0,,1,,1959,1.0
59IN04525,1958612743,58,2,A2743,6,70,733,61,,06,,5,2,,2,1,  2,098,09,,98,134,,,085,039,61,,109,2,,1390,6,   72,3,,1,,1959,1.0
59IN04526,1958612746,58,2,A2746,6,01,010,61,,07,26,,2,23,1,1,  2,083,08,,83,119,,,094,047,61,,113,4,,1354,6,86 01,3,,1,,1959,1.0
59IN04527,1958612747,58,2,A2747,6,70,733,61,,07,,8,2,,2,1,  1,081,09,,81,115,,,082,032,61,,090,2,,1390,6,   71,3,,1,,1959,1.0
59IN04528,1958612748,58,2,A2748,6,04,040,61,,08,41,5,2,30,1,1,  1,083,06,,83,107,,,102,051,61,,097,5,,1983,6,36 04,0,,1,,1959,1.0
59IN04529,1958612749,58,2,A2749,6,04,040,61,,08,41,,2,,1,1,  2,068,06,,68,98,2,,099,029,61,0924,071,5,,1983,6,    0,3,,1,,1959,1.0
59IN04530,1958612755,58,1,A2755,6,10,100,61,,,24,1,2,,,,,,,,93,120,3,,,,61,0801,075,3,,0811,6,383,1001,6,1,,1959,1.0
59IN04531,1958612758,58,2,A2758,6,05,050,61,,08,23,,2,21,1,1,  2,087,04,,87,121,,,088,039,61,,091,3,,9511,6,43 05,3,,1,,1959,1.0
59IN04532,1958612759,58,1,A2759,6,02,020,61,,,21,1,2,,,,,,,,142,154,,,,,61,,125,7,,0069,6,417,9460,6,1,,1959,1.0
59IN04533,1958612760,58,2,A2760,6,86,034,61,,07,,,2,,7,1,  2,091,07,,91,119,,,096,041,61,,127,5,,0262,6,   10,4,,1,,1959,1.0
59IN04534,1958612770,58,1,A2770,6,70,713,61,,,,1,2,,,,,,,,103,128,3,,,,61,0801,092,3,,1413,6,391,1464,6,1,,1959,1.0
59IN04535,1958612776,58,2,A2776,6,70,723,61,,07,,1,2,,2,1,  2,090,07,,90,125,,,099,042,61,,106,5,,1349,6,   73,3,,1,,1959,1.0
59IN04536,1950607682,50,2,K7682,6,05,050,60,2,07,12,,0,,1,1,,085,09,,126,147,2,,092,050,60,0924,098,5,,5280,6,    0,6,,9,,1959,9.0
59IN04537,1950607744,50,2,K7744,6,77,124,60,1,05,,,0,,7,1,,098,05,,139,155,2,,119,055,60,0924,106,6,,6946,6,    0,6,,9,,1959,9.0
59IN04538,1951608149,51,2,K8149,6,04,120,60,2,05,13,,9,,1,1,,086,07,,132,140,2,,102,053,60,0924,105,5,,7204,6,    0,6,,8,,1959,8.0
59IN04539,1951608230,51,2,K8230,6,10,150,60,1,04,12,,9,,1,1,,094,12,,129,,7,,095,047,60,1001,104,5,,7765,6,,,,8,,1959,8.0
59IN04540,1951608237,51,2,K8237,6,83,044,60,1,06,,,9,,7,1,,087,08,,144,160,2,,081,063,60,0924,124,4,,7153,6,    0,2,,8,,1959,8.0
59IN04541,1951608295,51,2,K8295,6,77,104,60,2,06,,,9,,7,1,,090,10,,140,154,2,,099,062,60,0924,114,5,,7201,6,    0,6,,8,,1959,8.0
59IN04542,1951608315,51,2,K8315,6,61,180,60,1,07,,,9,,4,1,,084,08,,127,144,2,,108,051,60,0924,107,4,,7651,6,    0,6,,8,,1959,8.0
59IN04543,1951608317,51,2,K8317,6,06,060,60,1,07,18,,9,,1,1,,076,07,,127,144,2,,100,069,60,0924,109,4,,7375,6,    0,6,,8,,1959,8.0
59IN04544,1951608390,51,2,K8390,6,61,160,60,1,06,,,9,,4,1,,090,06,,134,162,2,,094,046,60,0924,105,4,,7106,6,    0,6,,8,,1959,8.0
59IN04545,1951608404,51,2,K8404,6,09,090,60,1,06,29,7,9,41,1,1,,091,07,,132,155,,,098,054,60,,103,4,,7008,6,48 09,0,,8,,1959,8.0
59IN04546,1951608458,51,2,K8458,6,07,070,60,1,06,13,,9,30,1,1,,091,09,,144,153,,,103,065,60,,126,5,,7211,6,98 07,0,,8,,1959,8.0
59IN04547,1951608471,51,2,K8471,6,07,070,60,1,08,25,,9,,1,1,,079,09,,132,123,2,,081,038,60,0924,084,4,,7211,6,    0,6,,8,,1959,8.0
59IN04548,1951608479,51,2,K8479,6,09,090,60,1,04,20,,9,,1,1,,093,08,,,,6,,100,058,60,0602,115,4,,7008,6,,,,8,,1959,8.0
59IN04549,1951608490,51,2,K8490,6,02,020,60,2,06,06,,9,15,1,1,,087,09,,144,150,,,087,044,60,,087,4,,6746,6,94 02,0,,8,,1959,8.0
59IN04550,1951608535,51,2,K8535,6,77,044,60,1,07,,4,9,,7,1,,086,11,,146,163,,,099,058,60,,109,5,,7153,6,   74,3,,8,,1959,8.0
59IN04551,1951608595,51,2,K8595,6,77,094,60,2,05,,2,9,,7,1,,093,08,,135,154,,,104,053,60,,101,4,,7008,6,   73,3,,8,,1959,8.0
59IN04552,1951608599,51,2,K8599,6,05,050,60,2,06,13,,9,,1,1,,094,09,,159,146,6,,088,056,60,1201,104,4,,7270,6,,,,8,,1959,8.0
59IN04553,1951608630,51,2,K8630,6,07,070,60,2,09,13,,9,,1,1,,069,08,,133,129,2,,086,044,60,0924,078,4,,7211,6,    0,6,,8,,1959,8.0
59IN04554,1951608634,51,2,K8634,6,03,030,60,1,08,30,,9,,1,1,,068,12,,142,141,2,,094,059,60,0924,099,5,,7083,6,    0,6,,8,,1959,8.0
59IN04555,1951608697,51,2,K8697,6,08,080,60,1,08,17,,9,,1,1,,073,10,,137,163,2,,112,041,60,0924,075,4,,6925,6,    0,2,,8,,1959,8.0
59IN04556,1952608716,52,2,K8716,6,09,160,60,1,05,19,2,8,25,1,1,,093,07,,158,163,,,107,063,60,,125,5,,7717,6,61 09,3,,7,,1959,7.0
59IN04557,1952608717,52,2,K8717,6,73,036,60,1,07,,,8,,9,1,,087,07,,117,127,2,,092,050,60,0924,109,5,,7244,6,    0,6,,7,,1959,7.0
59IN04558,1952608732,52,2,K8732,6,77,154,60,2,07,,,8,,7,1,,080,10,,128,149,3,,107,055,60,1218,110,5,,8076,6,,,,7,,1959,7.0
59IN04559,1952608739,52,2,K8739,6,10,170,60,1,07,19,,8,,1,1,,078,10,,118,135,2,,086,042,60,0924,082,5,,7688,6,    0,6,,7,,1959,7.0
59IN04560,1952608747,52,2,K8747,6,02,020,60,1,07,20,,8,25,1,1,,093,07,,133,150,,,096,052,60,,100,5,,7771,6,49 02,3,,7,,1959,7.0
59IN04561,1952608766,52,2,K8766,6,09,090,60,1,07,20,8,8,28,1,1,,088,08,,165,157,,,089,053,60,,113,5,,7008,6,86 09,0,,7,,1959,7.0
59IN04562,1952608792,52,2,K8792,6,84,154,60,1,08,,,8,,7,1,,075,09,,131,151,,,082,042,60,,087,5,,8076,6,   00,0,,7,,1959,7.0
59IN04563,1952608798,52,2,K8798,6,09,090,60,1,06,24,,8,,1,1,,084,04,,122,147,2,,080,042,60,0924,099,4,,7008,6,    0,2,,7,,1959,7.0
59IN04564,1952608800,52,2,K8800,6,84,094,60,1,06,,,8,,7,1,,097,09,,146,164,,,095,050,60,,119,5,,7008,6,   05,5,,7,,1959,7.0
59IN04565,1952608801,52,2,K8801,6,84,094,60,1,07,,,8,,7,1,,096,09,,128,159,,,081,047,60,,102,5,,7008,6,   10,5,,7,,1959,7.0
59IN04566,1952608813,52,2,K8813,6,73,076,60,2,08,,,8,,9,1,,080,07,,,,6,,098,057,60,0414,120,6,,7624,6,,,,7,,1959,7.0
59IN04567,1952608819,52,2,K8819,6,77,164,60,1,07,,2,8,,7,1,,095,06,,147,170,,,094,050,60,,099,5,,7717,6,   71,3,,7,,1959,7.0
59IN04568,1952608821,52,2,K8821,6,07,070,60,1,05,19,,8,,1,1,,104,07,,172,169,2,,109,068,60,0924,146,5,,7624,6,    0,6,,7,,1959,7.0
59IN04569,1952608844,52,2,K8844,6,04,040,60,1,06,12,,8,,1,1,,087,05,,128,160,2,,098,049,60,0924,096,5,,7621,6,    0,6,,7,,1959,7.0
59IN04570,1952608852,52,2,K8852,6,77,124,60,2,07,,6,8,,7,1,,091,09,,121,144,,,099,053,60,,125,6,,8022,6,   72,3,,7,,1959,7.0
59IN04571,1952608859,52,2,K8859,6,77,024,60,1,05,,,8,,7,1,,091,04,,120,139,2,,107,052,60,0924,106,7,,7771,6,    0,6,,7,,1959,7.0
59IN04572,1952608860,52,2,K8860,6,02,110,60,2,07,07,,8,16,1,1,,074,06,,123,132,,,090,042,60,,084,6,,8000,6,01 02,0,,7,,1959,7.0
59IN04573,1952608866,52,2,K8866,6,07,070,60,1,05,13,,8,19,1,1,,097,06,,136,148,,,102,058,60,,123,5,,7624,6,51 07,3,,7,,1959,7.0
59IN04574,1952608890,52,2,K8890,6,73,056,60,1,05,,7,8,,9,1,,099,08,,148,165,,,091,057,60,,116,5,,7797,6,   72,3,,7,,1959,7.0
59IN04575,1952608893,52,2,K8893,6,73,106,60,1,10,,,8,,9,1,,066,09,,126,144,3,,100,059,60,1218,110,6,,7765,6,,,,7,,1959,7.0
59IN04576,1952608896,52,2,K8896,6,10,170,60,1,07,30,,8,,1,1,,074,05,,117,130,2,,101,049,60,0924,102,7,,7688,6,    0,6,,7,,1959,7.0
59IN04577,1952608898,52,2,K8898,6,08,080,60,1,05,11,7,8,16,1,1,,089,09,,131,152,,,090,045,60,,105,5,,7748,6,37 08,0,,7,,1959,7.0
59IN04578,1952608911,52,2,K8911,6,05,050,60,1,06,22,,8,,1,1,,085,08,,130,144,2,,093,049,60,0924,099,5,,7797,6,    0,6,,7,,1959,7.0
59IN04579,1952608932,52,2,K8932,6,09,160,60,1,06,17,3,8,40,1,1,,076,09,,117,145,,,098,055,60,,095,5,,7717,6,47 09,3,,7,,1959,7.0
59IN04580,1952608938,52,2,K8938,6,02,110,60,1,06,13,,8,18,1,1,,084,09,,130,137,,,098,040,60,,078,6,,8000,6,59 02,3,,7,,1959,7.0
59IN04581,1952608939,52,2,K8939,6,06,060,60,2,05,14,,8,17,1,1,060,103,08,,126,153,,,103,063,60,,123,6,,7976,6,73 06,0,,7,,1959,7.0
59IN04582,1952608949,52,2,K8949,6,02,020,60,2,06,17,,8,,1,1,,094,09,,129,156,2,,089,059,60,0924,118,5,,7771,6,    0,6,,7,,1959,7.0
59IN04583,1952608980,52,2,K8980,6,02,110,60,2,07,18,,8,,1,1,,093,07,,138,157,2,,099,055,60,0924,122,5,,8000,6,    0,6,,7,,1959,7.0
59IN04584,1952608984,52,2,K8984,6,08,080,60,2,08,16,,8,,1,1,,071,07,,120,150,2,,087,031,60,0924,068,4,,7748,6,    0,6,,7,,1959,7.0
59IN04585,1953609010,53,2,K9010,6,05,050,60,1,07,18,,7,,1,1,,074,08,,130,157,2,,075,029,60,0924,070,4,,7797,6,    0,5,,6,,1959,6.0
59IN04586,1953609020,53,2,K9020,6,09,160,60,1,05,25,1,7,28,1,1,,096,08,,130,152,,,081,037,60,,084,5,,8655,6,83 09,0,,6,,1959,6.0
59IN04587,1953609030,53,2,K9030,6,04,130,60,1,07,16,6,7,27,1,1,,079,07,,142,157,,,084,040,60,,083,4,,8564,6,54 04,0,,6,,1959,6.0
59IN04588,1953609031,53,2,K9031,6,04,130,60,1,06,16,1,7,21,1,1,,069,08,,143,162,,,096,044,60,,088,5,,8564,6,90 04,3,,6,,1959,6.0
59IN04589,1953609038,53,2,K9038,6,77,034,60,2,06,,,7,,7,1,,078,06,,135,141,3,,104,051,60,1218,109,6,,8380,6,,,,6,,1959,6.0
59IN04590,1953609050,53,2,K9050,6,77,084,60,1,07,,,7,,7,1,,093,08,,136,143,3,,119,061,60,1218,131,5,,8214,6,,,,6,,1959,6.0
59IN04591,1953609052,53,2,K9052,6,73,126,60,3,05,,8,7,,9,1,,090,04,,153,168,,,101,044,60,,104,5,,8514,6,   72,3,,6,,1959,6.0
59IN04592,1953609060,53,2,K9060,6,77,174,60,1,06,,3,7,,7,1,,098,05,,146,174,,,087,047,60,,111,5,,7688,6,   73,3,,6,,1959,6.0
59IN04593,1953609061,53,2,K9061,6,07,070,60,2,07,15,,7,,1,1,,090,07,,149,153,2,,091,047,60,0924,117,5,,8273,6,    0,2,,6,,1959,6.0
59IN04594,1953609071,53,2,K9071,6,77,134,60,1,05,,,7,,7,1,,094,08,,,,6,,093,059,60,0514,120,4,,8564,6,,,,6,,1959,6.0
59IN04595,1953609073,53,2,K9073,6,77,024,60,2,07,,5,7,,7,1,,078,07,,119,146,,,091,053,60,,115,5,,8346,6,   74,3,,6,,1959,6.0
59IN04596,1953609083,53,2,K9083,6,77,024,60,1,07,,6,7,,7,1,,086,08,,142,160,,,103,053,60,,138,5,,8346,6,   74,3,,6,,1959,6.0
59IN04597,1953609086,53,2,K9086,6,04,130,60,1,09,16,7,7,29,1,1,,065,09,,122,148,,,092,046,60,,113,5,,8564,6,28 04,0,,6,,1959,6.0
59IN04598,1953609103,53,2,K9103,6,09,090,60,1,05,26,4,7,32,1,1,,093,08,,132,146,,,085,046,60,,105,4,,8232,6,52 09,3,,6,,1959,6.0
59IN04599,1953609106,53,2,K9106,6,01,010,60,1,07,26,,7,29,1,1,,078,05,,148,166,,,094,044,60,,118,5,,8181,6,69 01,0,,6,,1959,6.0
59IN04600,1953609117,53,2,K9117,6,01,010,60,1,07,16,,7,,1,1,,072,06,,151,150,2,,086,038,60,0924,094,5,,8181,6,    0,5,,6,,1959,6.0
59IN04601,1953609128,53,2,K9128,6,84,164,60,1,07,,,7,,7,1,,093,06,,134,173,,,091,047,60,,122,4,,8655,6,   03,4,,6,,1959,6.0
59IN04602,1953609131,53,2,K9131,6,02,020,60,2,07,08,1,7,,1,1,,075,08,,143,154,,,081,043,60,,107,6,,8346,6,   09,9,,6,,1959,6.0
59IN04603,1953609141,53,2,K9141,6,03,120,60,1,07,16,,7,,1,1,018,087,06,,143,152,,,092,041,60,,103,5,,8514,6,   01,8,,6,,1959,6.0
59IN04604,1953609143,53,2,K9143,6,05,050,60,1,06,12,,7,22,1,1,,097,06,,146,159,,,087,056,60,,114,5,,7797,6,53 05,0,,6,,1959,6.0
59IN04605,1953609147,53,2,K9147,6,08,150,60,1,09,15,8,7,14,1,1,,076,09,,128,146,,,096,045,60,,089,4,,8702,6,00 08,0,,6,,1959,6.0
59IN04606,1953609152,53,2,K9152,6,84,084,60,1,07,,,7,,7,1,,083,07,,132,154,,,103,051,60,,116,5,,8214,6,   07,4,,6,,1959,6.0
59IN04607,1953609156,53,2,K9156,6,84,094,60,1,07,,,7,,7,1,,090,09,,138,155,,,094,053,60,,107,6,,8232,6,   02,4,,6,,1959,6.0
59IN04608,1953609158,53,1,K9158,6,09,090,60,1,,28,1,7,,,,,,,,190,205,,,,,60,,169,6,,8323,6,416,8404,6,6,,1959,6.0
59IN04609,1953609192,53,2,K9192,6,02,020,60,2,06,12,,7,17,1,1,,091,07,,153,167,,,092,049,60,,113,5,,8346,6,95 02,0,,6,,1959,6.0
59IN04610,1953609208,53,2,K9208,6,02,110,60,1,06,24,6,7,,1,1,098,083,06,,128,140,,,086,052,60,,110,5,,8000,6,   09,8,,6,,1959,6.0
59IN04611,1953609212,53,2,K9212,6,07,070,60,1,06,24,,7,,1,1,,093,04,,118,,6,,087,048,60,0920,087,5,,8273,6,,,,6,,1959,6.0
59IN04612,1953609217,53,2,K9217,6,04,130,60,1,07,15,2,7,21,1,1,,088,08,,140,125,,,085,047,60,,099,4,,8564,6,29 04,3,,6,,1959,6.0
59IN04613,1953609220,53,2,K9220,6,77,174,60,2,07,,3,7,,7,1,,086,07,,124,139,,,080,035,60,,102,4,,7688,6,   71,3,,6,,1959,6.0
59IN04614,1953609224,53,2,K9224,6,83,084,60,1,09,,,7,,7,1,,070,09,,126,147,,,099,041,60,,100,5,,8214,6,   07,5,,6,,1959,6.0
59IN04615,1953609234,53,2,K9234,6,10,100,60,1,06,34,,7,,1,1,058,080,08,,140,171,,,095,050,60,,107,5,,7765,6,   05,8,,6,,1959,6.0
59IN04616,1953609261,53,2,K9261,6,73,106,60,1,06,,4,7,,9,1,,078,08,,124,133,,,091,048,60,,106,5,,7765,6,   73,3,,6,,1959,6.0
59IN04617,1953609279,53,2,K9279,6,77,124,60,1,07,,1,7,,7,1,,087,07,,128,148,,,093,050,60,,110,5,,8514,6,   72,3,,6,,1959,6.0
59IN04618,1953609285,53,2,K9285,6,02,110,60,2,07,07,,7,14,1,1,,082,08,,143,172,,,092,057,60,,109,5,,8000,6,86 02,3,,6,,1959,6.0
59IN04619,1953609286,53,2,K9286,6,02,110,60,2,07,07,,7,,1,1,,080,05,,143,158,3,,103,049,60,1218,098,5,,8000,6,,,,6,,1959,6.0
59IN04620,1953609302,53,2,K9302,6,03,030,60,1,05,20,,7,26,1,1,,088,07,,138,160,,,078,038,60,,089,4,,8380,6,19 03,0,,6,,1959,6.0
59IN04621,1953609303,53,2,K9303,6,03,030,60,1,05,20,,7,,1,1,,086,06,,136,154,3,,085,036,60,1218,089,5,,8380,6,,,,6,,1959,6.0
59IN04622,1953609313,53,2,K9313,6,01,010,60,1,07,20,,7,23,1,1,,082,07,,150,164,,,095,046,60,,112,5,,8181,6,57 01,3,,6,,1959,6.0
59IN04623,1953609325,53,2,K9325,6,77,174,60,1,06,,7,7,,7,1,,088,09,,137,150,,,099,049,60,,114,6,,7688,6,   74,3,,6,,1959,6.0
59IN04624,1953609336,53,2,K9336,6,10,100,60,1,06,22,,7,29,1,1,,086,11,,133,145,,,080,043,60,,093,5,,7765,6,72 10,0,,6,,1959,6.0
59IN04625,1953609354,53,2,K9354,6,08,150,60,2,08,08,1,7,17,1,1,,073,06,,142,153,,,084,037,60,,080,4,,8702,6,30 08,0,,6,,1959,6.0
59IN04626,1953609361,53,2,K9361,6,77,154,60,1,06,,2,7,,7,1,,094,07,,158,174,,,077,038,60,,105,3,,8702,6,   72,3,,6,,1959,6.0
59IN04627,1953609374,53,2,K9374,6,05,050,60,2,08,12,,7,,1,1,,071,11,,134,146,2,,074,032,60,0924,070,3,,7797,6,    0,5,,6,,1959,6.0
59IN04628,1953609384,53,2,K9384,6,73,046,60,1,06,,8,7,,9,1,,078,05,,143,154,,,079,042,60,,090,5,,7621,6,   74,3,,6,,1959,6.0
59IN04629,1953609388,53,2,K9388,6,73,136,60,1,09,,4,7,,9,1,,081,08,,141,155,,,073,036,60,,078,4,,8564,6,   71,3,,6,,1959,6.0
59IN04630,1953609391,53,2,K9391,6,07,070,60,1,06,23,,7,,1,1,,085,09,,128,,6,,083,040,60,0920,094,5,,8273,6,,,,6,,1959,6.0
59IN04631,1953609393,53,2,K9393,6,05,050,60,1,07,18,,7,,1,1,,078,09,,128,140,2,,093,046,60,0924,093,5,,7797,6,    0,5,,6,,1959,6.0
59IN04632,1953609395,53,2,K9395,6,83,154,60,1,06,,,7,,7,1,,091,07,,155,177,,,105,054,60,,104,5,,8702,6,   11,4,,6,,1959,6.0
59IN04633,1953609398,53,2,K9398,6,05,050,60,2,06,16,,7,,1,1,,078,06,,137,140,2,,078,035,60,0924,078,3,,7797,6,    0,5,,6,,1959,6.0
59IN04634,1953609405,53,2,K9405,6,77,124,60,1,05,,3,7,,7,1,,078,09,,133,146,,,092,035,60,,078,5,,8514,6,   72,3,,6,,1959,6.0
59IN04635,1953609410,53,2,K9410,6,83,094,60,1,06,,6,7,,7,1,,088,09,,144,160,,,089,060,60,,115,5,,8232,6,   04,4,,6,,1959,6.0
59IN04636,1953609414,53,2,K9414,6,06,060,60,1,10,14,,7,24,1,1,060,070,09,,126,147,,,087,041,60,,084,4,,8407,6,38 06,0,,6,,1959,6.0
59IN04637,1953609423,53,2,K9423,6,05,050,60,1,06,17,,7,25,1,1,,082,07,,143,138,,,085,034,60,,078,5,,7797,6,57 05,3,,6,,1959,6.0
59IN04638,1953609436,53,2,K9436,6,85,044,60,1,07,,1,7,,7,1,,077,05,,140,159,,,092,040,60,,100,5,,7621,6,   09,5,,6,,1959,6.0
59IN04639,1953609440,53,2,K9440,6,04,130,60,1,06,12,8,7,25,1,1,,089,06,,155,164,,,092,053,60,,110,5,,8564,6,10 04,0,,6,,1959,6.0
59IN04640,1953609460,53,2,K9460,6,02,020,60,1,07,27,,7,,1,1,,096,07,,162,184,2,,112,056,60,0924,127,5,,8346,6,    0,5,,6,,1959,6.0
59IN04641,1953609466,53,2,K9466,6,77,134,60,1,06,,5,7,,7,1,,088,07,,142,183,,,092,057,60,,112,5,,8564,6,   71,3,,6,,1959,6.0
59IN04642,1953609477,53,2,K9477,6,09,090,60,1,06,29,2,7,52,1,1,,095,06,,147,165,,,088,041,60,,098,4,,8232,6,94 09,0,,6,,1959,6.0
59IN04643,1953609502,53,2,K9502,6,04,130,60,1,06,18,3,7,23,1,1,,081,08,,148,165,,,090,051,60,,106,5,,8564,6,94 04,3,,6,,1959,6.0
59IN04644,1953609503,53,2,K9503,6,05,050,60,1,08,14,,7,24,1,1,,082,08,,122,144,,,087,059,60,,108,5,,7797,6,13 05,0,,6,,1959,6.0
59IN04645,1953609533,53,2,K9533,6,10,100,60,1,06,11,,7,,1,1,,082,12,,154,169,,,091,048,60,,110,5,,7765,6,   05,9,,6,,1959,6.0
59IN04646,1953609540,53,2,K9540,6,05,050,60,2,05,08,,7,,1,1,,095,06,,172,167,2,,092,042,60,0924,092,5,,7797,6,    0,5,,6,,1959,6.0
59IN04647,1953609549,53,2,K9549,6,04,040,60,2,06,11,1,7,18,1,1,,088,06,,148,157,,,088,045,60,,105,4,,7621,6,01 04,0,,6,,1959,6.0
59IN04648,1953609561,53,2,K9561,6,07,070,60,1,07,21,,7,,1,1,,078,07,,147,178,2,,073,039,60,0924,073,4,,8273,6,    0,5,,6,,1959,6.0
59IN04649,1953609582,53,2,K9582,6,05,050,60,2,08,24,,7,24,1,1,,068,09,,128,141,,,082,031,60,,066,3,,7797,6,30 05,3,,6,,1959,6.0
59IN04650,1956960002,56,1,00002,6,,,96,,,,,4,,,,,,,,203,235,,,,,96,,196,9,,,,,,,3,,1959,3.0
59IN04651,1953609592,53,2,K9592,6,03,030,60,1,06,22,,7,,1,1,,080,08,,123,142,2,,085,044,60,0924,092,5,,8380,6,    0,5,,6,,1959,6.0
59IN04652,1953609603,53,2,K9603,6,07,070,60,2,06,12,1,7,,1,1,,095,07,,148,164,,,098,057,60,,118,4,,8273,6,   04,9,,6,,1959,6.0
59IN04653,1953609606,53,2,K9606,6,10,100,60,1,08,14,,7,27,1,1,,071,08,,109,134,,,088,039,60,,087,4,,7765,6,27 10,3,,6,,1959,6.0
59IN04654,1953609607,53,2,K9607,6,84,094,60,1,05,,,7,,7,1,,081,06,,142,170,2,,075,034,60,0924,078,2,,8232,6,    0,2,,6,,1959,6.0
59IN04655,1953609609,53,2,K9609,6,77,104,60,1,06,,6,7,,7,1,,081,07,,152,168,,,089,040,60,,082,5,,7765,6,   71,3,,6,,1959,6.0
59IN04656,1953609641,53,2,K9641,6,05,050,60,1,06,12,,7,23,1,1,,083,05,,138,150,,,079,035,60,,086,4,,7797,6,60 05,0,,6,,1959,6.0
59IN04657,1953609642,53,2,K9642,6,10,170,60,1,09,19,,7,,1,1,,069,04,,112,134,2,,086,040,60,0924,080,4,,7688,6,    0,5,,6,,1959,6.0
59IN04658,1953609646,53,2,K9646,6,07,070,60,1,08,23,6,7,,1,1,048,073,05,,120,140,,,077,035,60,,065,4,,8273,6,   04,8,,6,,1959,6.0
59IN04659,1953609647,53,2,K9647,6,03,030,60,1,08,31,,7,,1,1,,078,06,,132,156,,,089,039,60,,098,5,,8380,6,   01,9,,6,,1959,6.0
59IN04660,1953609653,53,2,K9653,6,77,124,60,1,07,,5,7,,7,1,,080,09,,132,155,,,092,048,60,,099,4,,8514,6,   73,3,,6,,1959,6.0
59IN04661,1953609661,53,2,K9661,6,01,010,60,1,06,21,,7,28,1,1,,081,07,,154,170,,,075,041,60,,095,4,,8181,6,11 01,0,,6,,1959,6.0
59IN04662,1954609692,54,2,K9692,6,84,075,60,1,06,,,6,,7,1,,100,10,,136,158,,,102,072,60,,154,8,,8862,6,   05,4,,5,,1959,5.0
59IN04663,1954609693,54,2,K9693,6,83,095,60,1,05,,,6,,7,1,,110,08,,,,7,,088,053,60,0602,117,5,,8955,6,,,,5,,1959,5.0
59IN04664,1954609711,54,2,K9711,6,05,050,60,1,05,24,,6,26,1,1,,091,09,,132,153,,,098,051,60,,106,5,,8832,6,99 05,3,,5,,1959,5.0
59IN04665,1954609721,54,1,K9721,6,03,033,60,1,,22,1,6,,,,,,,,,,7,,,,60,0530,,,,8691,6,,7209,6,5,,1959,5.0
59IN04666,1954609730,54,2,K9730,6,04,040,60,1,06,22,4,6,21,1,1,,094,09,,152,188,,,107,061,60,,115,5,,8564,6,43 04,3,,5,,1959,5.0
59IN04667,1954609732,54,2,K9732,6,84,055,60,1,07,,,6,,7,1,,093,08,,129,159,,,115,052,60,,100,6,,8872,6,   02,5,,5,,1959,5.0
59IN04668,1954609734,54,2,K9734,6,70,713,60,1,06,,7,6,,2,1,,086,08,,155,166,,,091,045,60,,110,6,,8923,6,   71,3,,5,,1959,5.0
59IN04669,1954609737,54,2,K9737,6,01,010,60,1,06,23,,6,22,1,1,,082,10,,126,137,,,107,058,60,,116,5,,8782,6,73 01,3,,5,,1959,5.0
59IN04670,1954609741,54,2,K9741,6,06,063,60,1,09,14,,6,,1,1,,077,09,,,,6,,108,054,60,0414,096,7,,8407,6,,,,5,,1959,5.0
59IN04671,1954609749,54,2,K9749,6,10,103,60,1,06,15,,6,23,1,1,,093,10,,138,158,,,081,035,60,,088,4,,8935,6,29 10,0,,5,,1959,5.0
59IN04672,1954609750,54,2,K9750,6,77,064,60,1,05,,1,6,,7,1,,093,09,,124,157,,,099,052,60,,118,5,,7976,6,   74,3,,5,,1959,5.0
59IN04673,1954609755,54,2,K9755,6,07,073,60,1,04,13,,6,22,1,1,,111,05,,162,185,,,095,050,60,,122,6,,8862,6,26 07,0,,5,,1959,5.0
59IN04674,1954609762,54,2,K9762,6,77,065,60,1,04,,,6,,7,1,,101,08,,161,174,3,,090,043,60,1218,108,5,,8407,6,,,,5,,1959,5.0
59IN04675,1954609779,54,2,K9779,6,02,020,60,1,06,24,,6,28,1,1,,098,09,,143,178,,,106,051,60,,121,6,,8773,6,36 02,0,,5,,1959,5.0
59IN04676,1954609784,54,2,K9784,6,73,016,60,1,07,,6,6,,9,1,,080,09,,144,165,,,092,048,60,,094,6,,8782,6,   73,3,,5,,1959,5.0
59IN04677,1954609793,54,2,K9793,6,77,074,60,1,04,,7,6,,7,1,,106,08,,145,167,,,109,061,60,,138,6,,8751,6,   73,3,,5,,1959,5.0
59IN04678,1954609798,54,2,K9798,6,10,100,60,1,07,18,,6,26,1,1,,084,10,,144,155,,,103,063,60,,116,5,,8885,6,24 10,3,,5,,1959,5.0
59IN04679,1954609829,54,2,K9829,6,09,090,60,1,05,28,,6,,1,1,,107,09,,101,,6,,090,049,60,0920,112,6,,8232,6,,,,5,,1959,5.0
59IN04680,1954609834,54,2,K9834,6,07,070,60,1,07,39,,6,25,1,1,,088,06,,116,135,,,083,044,60,,082,5,,8751,6,39 07,3,,5,,1959,5.0
59IN04681,1954609837,54,2,K9837,6,08,080,60,1,08,23,2,6,21,1,1,,075,10,,118,140,,,099,046,60,,095,6,,8214,6,37 08,0,,5,,1959,5.0
59IN04682,1954609838,54,2,K9838,6,77,095,60,1,06,,8,6,,7,1,,087,09,,158,172,,,085,054,60,,105,5,,8955,6,   71,3,,5,,1959,5.0
59IN04683,1954609840,54,2,K9840,6,04,043,60,1,07,18,2,6,18,1,1,,090,07,,150,164,,,098,055,60,,113,6,,8580,6,77 04,0,,5,,1959,5.0
59IN04684,1954609843,54,2,K9843,6,08,080,60,1,06,15,,6,,1,1,,079,08,,128,152,3,,113,059,60,1218,113,6,,8214,6,,,,5,,1959,5.0
59IN04685,1954609845,54,2,K9845,6,84,094,60,1,06,,1,6,,7,1,,109,06,,162,175,,,079,056,60,,124,4,,8232,6,   04,5,,5,,1959,5.0
59IN04686,1954609850,54,2,K9850,6,77,025,60,1,07,,1,6,,7,1,,088,08,,148,174,,,092,050,60,,099,5,,8774,6,   71,3,,5,,1959,5.0
59IN04687,1954609861,54,2,K9861,6,09,093,60,1,06,28,5,6,28,1,1,,102,08,,156,194,,,097,061,60,,133,7,,8955,6,78 09,3,,5,,1959,5.0
59IN04688,1954609883,54,2,K9883,6,07,070,60,1,07,17,,6,21,1,1,,094,08,,116,136,,,094,049,60,,115,5,,8751,6,55 07,0,,5,,1959,5.0
59IN04689,1954609886,54,2,K9886,6,03,030,60,1,06,32,,6,37,1,1,,082,08,,116,137,,,104,052,60,,105,5,,8514,6,00 03,3,,5,,1959,5.0
59IN04690,1954609905,54,2,K9905,6,08,083,60,1,05,14,3,6,15,1,1,,088,06,,143,163,,,100,047,60,,109,6,,8853,6,16 08,0,,5,,1959,5.0
59IN04691,1954609910,54,2,K9910,6,85,054,60,1,05,,,6,,7,1,,096,09,,153,173,,,086,056,60,,111,6,,8832,6,   01,5,,5,,1959,5.0
59IN04692,1954609914,54,2,K9914,6,77,055,60,1,06,,2,6,,7,1,,086,09,,128,152,,,090,042,60,,080,5,,8872,6,   71,3,,5,,1959,5.0
59IN04693,1954609920,54,2,K9920,6,01,013,60,2,07,19,,6,18,1,1,,077,04,,128,159,,,099,054,60,,125,5,,8990,6,60 01,0,,5,,1959,5.0
59IN04694,1954609930,54,2,K9930,6,84,084,60,1,07,,,6,,7,1,,078,09,,120,136,,,102,054,60,,129,6,,8214,6,   03,5,,5,,1959,5.0
59IN04695,1954609941,54,2,K9941,6,03,030,60,1,07,16,,6,27,1,1,,077,09,,124,137,,,085,045,60,,099,5,,8514,6,20 03,0,,5,,1959,5.0
59IN04696,1954609944,54,2,K9944,6,07,070,60,1,05,21,,6,38,1,1,,100,08,,141,154,,,102,063,60,,110,8,,8751,6,24 07,3,,5,,1959,5.0
59IN04697,1954609947,54,2,K9947,6,73,136,60,1,04,,3,6,,9,1,,089,07,,152,169,,,086,053,60,,118,5,,8691,6,   71,3,,5,,1959,5.0
59IN04698,1954609951,54,2,K9951,6,73,106,60,1,08,,4,6,,9,1,,088,09,,148,172,,,100,052,60,,117,5,,8885,6,   71,3,,5,,1959,5.0
59IN04699,1954609952,54,2,K9952,6,04,040,60,1,07,16,5,6,21,1,1,,089,07,,142,168,,,089,054,60,,117,6,,8564,6,71 04,3,,5,,1959,5.0
59IN04700,1954609953,54,2,K9953,6,70,713,60,1,08,,2,6,,2,1,,084,08,,125,140,,,099,054,60,,121,8,,8923,6,   74,3,,5,,1959,5.0
59IN04701,1954609954,54,2,K9954,6,73,206,60,1,06,,5,6,,9,1,,100,07,,194,183,,,079,041,60,,094,5,,8935,6,   71,3,,5,,1959,5.0
59IN04702,1954609955,54,2,K9955,6,73,066,60,1,08,,3,6,,9,1,,076,08,,136,155,,,098,051,60,,096,5,,7976,6,   74,3,,5,,1959,5.0
59IN04703,1954609956,54,2,K9956,6,73,066,60,1,08,,8,6,,9,1,,074,09,,115,144,,,111,062,60,,110,5,,7976,6,   73,3,,5,,1959,5.0
59IN04704,1954609966,54,2,K9966,6,05,050,60,1,05,19,,6,27,1,1,,102,08,,158,166,,,100,051,60,,097,5,,8832,6,46 05,0,,5,,1959,5.0
59IN04705,1954609970,54,1,K9970,6,09,090,60,1,,23,1,6,,,,,,,,182,195,,,,,60,,181,5,,8232,6,416,8932,6,5,,1959,5.0
59IN04706,1954609974,54,2,K9974,6,73,106,60,1,05,,1,6,,9,1,,090,08,,116,132,,,088,043,60,,080,3,,8885,6,   73,3,,5,,1959,5.0
59IN04707,1954609979,54,2,K9979,6,07,073,60,2,05,09,,6,,1,1,,107,07,,157,165,,,109,066,60,,134,5,,8862,6,   01,9,,5,,1959,5.0
59IN04708,1954609985,54,2,K9985,6,77,024,60,1,06,,4,6,,7,1,,091,10,,143,165,,,098,052,60,,092,5,,8773,6,   74,3,,5,,1959,5.0
59IN04709,1954609992,54,2,K9992,6,10,100,60,1,09,20,,6,,1,1,,084,10,,135,142,6,,086,047,60,1101,107,4,,8885,6,,,,5,,1959,5.0
59IN04710,1954609994,54,2,K9994,6,77,025,60,1,06,,4,6,,7,1,,093,08,,134,,,,105,056,60,,122,6,,8774,6,   72,3,,5,,1959,5.0
59IN04711,1954609996,54,2,K9996,6,77,064,60,1,11,,2,6,,7,1,,079,07,,133,163,,,093,039,60,,083,6,,7976,6,   73,3,,5,,1959,5.0
59IN04712,1954609997,54,2,K9997,6,03,033,60,1,07,22,,6,25,1,1,,077,08,,130,150,,,093,043,60,,101,5,,8691,6,88 03,3,,5,,1959,5.0
59IN04713,1950671608,50,2,01608,7,61,025,67,3,06,,,0,,4,1,,092,09,,,,6,,096,053,67,0512,112,5,,6984,6,,,,9,,1959,9.0
59IN04714,1951671668,51,2,01668,7,61,160,67,3,06,,,9,,4,1,,088,09,,138,143,3,,094,052,67,1218,096,5,,7106,6,,,,8,,1959,8.0
59IN04715,1951671673,51,2,01673,7,61,160,67,3,07,,,9,,4,1,,088,09,,127,137,2,,099,052,67,0924,090,5,,7106,6,    0,6,,8,,1959,8.0
59IN04716,1951671677,51,2,01677,7,61,170,67,3,05,,,9,,4,1,,083,08,,128,157,2,,079,048,67,0924,096,4,,7606,6,    0,6,,8,,1959,8.0
59IN04717,1952671691,52,2,01691,7,73,056,67,3,06,,,8,,9,1,,096,07,,142,165,,,088,045,67,,112,5,,7797,6,   01,6,,7,,1959,7.0
59IN04718,1953671710,53,2,01710,7,73,086,67,3,06,,,7,,9,1,,090,07,,152,165,2,,101,043,67,0924,095,5,,8214,6,    0,5,,6,,1959,6.0
59IN04719,1953671713,53,2,01713,7,73,076,67,3,06,,,7,,9,1,,097,07,,145,179,,,098,052,67,,109,6,,8273,6,   03,6,,6,,1959,6.0
59IN04720,1953671718,53,2,01718,7,73,086,67,3,06,,,7,,9,1,,082,08,,130,153,,,095,061,67,,116,6,,8214,6,   02,6,,6,,1959,6.0
59IN04721,1953671719,53,2,01719,7,73,156,67,3,06,,,7,,9,1,,078,09,,143,160,,,087,044,67,,092,6,,8702,6,   00,0,,6,,1959,6.0
59IN04722,1953671740,53,2,01740,7,73,046,67,3,06,,,7,,9,1,,084,07,,151,169,,,094,056,67,,100,5,,7621,6,   10,6,,6,,1959,6.0
59IN04723,1954671747,54,2,01747,7,73,016,67,3,03,,7,6,,9,1,,098,08,,164,178,,,096,057,67,,134,6,,8782,6,   04,6,,5,,1959,5.0
59IN04724,1954671748,54,2,01748,7,73,146,67,3,05,,,6,,9,1,,096,07,,146,168,,,080,039,67,,107,4,,8580,6,   05,6,,5,,1959,5.0
59IN04725,1954671749,54,2,01749,7,73,146,67,3,05,,,6,,9,1,,090,09,,158,185,2,,091,050,67,0924,123,5,,8580,6,    0,5,,5,,1959,5.0
59IN04726,1954671756,54,2,01756,7,73,186,67,3,05,,,6,,9,1,,092,13,,131,164,,,107,053,67,,122,6,,8853,6,   06,6,,5,,1959,5.0
59IN04727,1954671759,54,2,01759,7,73,156,67,3,08,,,6,,9,1,,092,10,,136,154,,,097,067,67,,115,5,,8872,6,   10,6,,5,,1959,5.0
59IN04728,1954671765,54,2,01765,7,73,036,67,3,05,,8,6,,9,1,,082,09,,133,148,,,106,051,67,,101,5,,8514,6,   08,6,,5,,1959,5.0
59IN04729,1954671771,54,2,01771,7,73,026,67,3,05,,,6,,9,1,,101,10,,168,168,,,094,047,67,,099,5,,8773,6,   01,6,,5,,1959,5.0
59IN04730,1954671774,54,2,01774,7,73,196,67,3,06,,,6,,9,1,,086,08,,135,148,,,068,040,67,,097,4,,8955,6,   03,6,,5,,1959,5.0
59IN04731,1954671778,54,2,01778,7,73,036,67,3,07,,,6,,9,1,,083,09,,150,159,2,,087,038,67,0924,080,5,,8514,6,    0,5,,5,,1959,5.0
59IN04732,1954671779,54,2,01779,7,73,096,67,3,09,,,6,,9,1,,084,09,,126,145,,,081,044,67,,105,5,,8232,6,   02,6,,5,,1959,5.0
59IN04733,1954671781,54,2,01781,7,73,106,67,3,05,,,6,,9,1,,083,09,,117,141,,,091,061,67,,126,5,,8885,6,   07,6,,5,,1959,5.0
59IN04734,1954671782,54,2,01782,7,73,106,67,3,07,,7,6,,9,1,,080,08,,152,172,,,097,049,67,,116,6,,8885,6,   09,6,,5,,1959,5.0
59IN04735,1955671784,55,2,01784,7,75,156,67,3,06,,,5,,9,1,,095,07,,152,,7,,109,050,67,1001,105,5,,9227,6,,,,4,,1959,4.0
59IN04736,1955671787,55,2,01787,7,73,106,67,3,08,,1,5,,9,1,,074,10,,139,149,,,102,049,67,,114,5,,9422,6,   08,6,,4,,1959,4.0
59IN04737,1955671788,55,2,01788,7,73,106,67,3,07,,8,5,,9,1,,095,09,,138,163,,,103,067,67,,135,5,,9422,6,   09,6,,4,,1959,4.0
59IN04738,1955671792,55,2,01792,7,73,046,67,3,06,,,5,,9,1,,093,08,,133,150,,,086,047,67,,116,3,,9150,6,   06,6,,4,,1959,4.0
59IN04739,1955671796,55,2,01796,7,73,036,67,3,07,,,5,,9,1,,095,06,,133,161,,,118,068,67,,150,6,,9171,6,   05,6,,4,,1959,4.0
59IN04740,1955671799,55,2,01799,7,73,126,67,3,06,,8,5,,9,1,,094,09,,140,162,,,098,051,67,,121,4,,8774,6,   04,6,,4,,1959,4.0
59IN04741,1955671805,55,2,01805,7,73,176,67,3,06,,,5,,9,1,,098,07,,140,145,,,100,051,67,,109,5,,9197,6,   01,6,,4,,1959,4.0
59IN04742,1955671806,55,2,01806,7,73,166,67,3,05,,,5,,1,1,,111,09,,146,149,,,110,058,67,,112,5,,8407,6,   03,6,,4,,1959,4.0
59IN04743,1955671808,55,2,01808,7,73,196,67,3,07,,,5,,9,1,,098,09,,140,170,,,116,062,67,,123,5,,9207,6,   02,6,,4,,1959,4.0
59IN04744,1955671809,55,2,01809,7,73,186,67,3,08,,,5,,9,1,,098,07,,137,167,,,096,039,67,,094,4,,9068,6,   07,6,,4,,1959,4.0
59IN04745,1955671814,55,2,01814,7,73,046,67,3,06,,,5,,9,1,,093,08,,108,124,,,105,045,67,,082,5,,9150,6,   10,6,,4,,1959,4.0
