UID,ID10,YR,SEX,ETAG,BD1,LINE,PEN,TRT1,TRT2,PD,RGRP,ELG,INBR,TBR,ADAM,STM,TM,HORN,BPEN,YRWT,FACE,BAG,SPRGWT,FALLWT,DISP,LNDAM,STAPL,CLFL,BRD,DAYDIS,GRFL,FLGR,SIRE,BAND,IDX,DAM,C78,PHYS,YRREC,AGE
69IN00001,1968103051,68,2,U3051,0,,,,,,,,,,2,,,,,,,,117,,3,,,,10,0602,,,,,,,,,1969,1.0
69IN00002,1968103052,68,2,U3052,0,,,,,,,,,,2,,,,,,,,162,,6,,,,10,0718,,,,,,,,,1969,1.0
69IN00003,1968103053,68,2,U3053,0,,,,,,,,,,2,,,,,,,,150,,3,,,,10,0602,,,,,,,,,1969,1.0
69IN00004,1968103054,68,2,U3054,0,,,,,,,,,,2,,,,,,,,188,,,,,,10,,,,,,,,,,1969,1.0
69IN00005,1968103055,68,2,U3055,0,,,,,,,,,,2,,,,,,,,126,,3,,,,10,0602,,,,,,,,,1969,1.0
69IN00006,1968103056,68,2,U3056,0,,,,,,,,,,2,,,,,,,,158,,,,,,10,,,,,,,,,,1969,1.0
69IN00007,1968103058,68,2,U3058,0,,,,,,,,,,2,,,,,,,,126,,6,,,,10,0815,,,,,,,,,1969,1.0
69IN00008,1968103059,68,2,U3059,0,,,,,,,,,,2,,,,,,,,127,,3,,,,10,0804,,,,,,,,,1969,1.0
69IN00009,1968103060,68,2,U3060,0,,,,,,,,,,2,,,,,,,,139,,9,,,,10,0730,,,,,,,,,1969,1.0
69IN00010,1968103061,68,2,U3061,0,,,,,,,,,,2,,,,,,,,,,6,,,,10,0306,,,,,,,,,1969,1.0
69IN00011,1968103062,68,2,U3062,0,,,,,,,,,,2,,,,,,,,145,,9,,,,10,0730,,,,,,,,,1969,1.0
69IN00012,1968103063,68,2,U3063,0,,,,,,,,,,2,,,,,,,,168,,,,,,10,,,,,,,,,,1969,1.0
69IN00013,1968103064,68,2,U3064,0,,,,,,,,,,2,,,,,,,,152,,3,,,,10,0929,,,,,,,,,1969,1.0
69IN00014,1968103065,68,2,U3065,0,,,,,,,,,,2,,,,,,,,116,,3,,,,10,1117,,,,,,,,,1969,1.0
69IN00015,1968103066,68,2,U3066,0,,,,,,,,,,2,,,,,,,,202,,3,,,,10,1020,,,,,,,,,1969,1.0
69IN00016,1968103067,68,2,U3067,0,,,,,,,,,,2,,,,,,,,145,,3,,,,10,0602,,,,,,,,,1969,1.0
69IN00017,1968103068,68,2,U3068,0,,,,,,,,,,2,,,,,,,,148,,3,,,,10,0804,,,,,,,,,1969,1.0
69IN00018,1968103069,68,2,U3069,0,,,,,,,,,,2,,,,,,,,118,,3,,,,10,1013,,,,,,,,,1969,1.0
69IN00019,1968103070,68,2,U3070,0,,,,,,,,,,2,,,,,,,,143,,3,,,,10,1020,,,,,,,,,1969,1.0
69IN00020,1968103071,68,2,U3071,0,,,,,,,,,,2,,,,,,,,155,,9,,,,10,0730,,,,,,,,,1969,1.0
69IN00021,1968103072,68,2,U3072,0,,,,,,,,,,2,,,,,,,,185,,3,,,,10,1013,,,,,,,,,1969,1.0
69IN00022,1968103073,68,2,U3073,0,,,,,,,,,,2,,,,,,,,160,,3,,,,10,0929,,,,,,,,,1969,1.0
69IN00023,1968103074,68,2,U3074,0,,,,,,,,,,2,,,,,,,,104,,,,,,10,,,,,,,,,,1969,1.0
69IN00024,1968103075,68,2,U3075,0,,,,,,,,,,2,,,,,,,,178,,3,,,,10,0804,,,,,,,,,1969,1.0
69IN00025,1968103076,68,2,U3076,0,,,,,,,,,,2,,,,,,,,178,,3,,,,10,1020,,,,,,,,,1969,1.0
69IN00026,1968103077,68,2,U3077,0,,,,,,,,,,2,,,,,,,,132,,3,,,,10,0602,,,,,,,,,1969,1.0
69IN00027,1968103081,68,2,U3081,0,,,,,,,,,,2,,,,,,,,155,,3,,,,10,0602,,,,,,,,,1969,1.0
69IN00028,1968103082,68,2,U3082,0,,,,,,,,,,2,,,,,,,,115,,3,,,,10,0602,,,,,,,,,1969,1.0
69IN00029,1968103083,68,2,U3083,0,,,,,,,,,,2,,,,,,,,185,,3,,,,10,1020,,,,,,,,,1969,1.0
69IN00030,1968103084,68,2,U3084,0,,,,,,,,,,2,,,,,,,,123,,3,,,,10,0602,,,,,,,,,1969,1.0
69IN00031,1968103085,68,2,U3085,0,,,,,,,,,,2,,,,,,,,143,,,,,,10,,,,,,,,,,1969,1.0
69IN00032,1968103087,68,2,U3087,0,,,,,,,,,,2,,,,,,,,140,,3,,,,10,0602,,,,,,,,,1969,1.0
69IN00033,1968103088,68,2,U3088,0,,,,,,,,,,2,,,,,,,,162,,,,,,10,,,,,,,,,,1969,1.0
69IN00034,1968103089,68,2,U3089,0,,,,,,,,,,2,,,,,,,,160,,3,,,,10,0929,,,,,,,,,1969,1.0
69IN00035,1968103090,68,2,U3090,0,,,,,,,,,,2,,,,,,,,175,,,,,,10,,,,,,,,,,1969,1.0
69IN00036,1968103091,68,2,U3091,0,,,,,,,,,,2,,,,,,,,138,,,,,,10,,,,,,,,,,1969,1.0
69IN00037,1968103092,68,2,U3092,0,,,,,,,,,,2,,,,,,,,117,,3,,,,10,0602,,,,,,,,,1969,1.0
69IN00038,1968103094,68,2,U3094,0,,,,,,,,,,2,,,,,,,,122,,3,,,,10,0602,,,,,,,,,1969,1.0
69IN00039,1968103095,68,2,U3095,0,,,,,,,,,,2,,,,,,,,122,,3,,,,10,1020,,,,,,,,,1969,1.0
69IN00040,1968103096,68,2,U3096,0,,,,,,,,,,2,,,,,,,,140,,,,,,10,,,,,,,,,,1969,1.0
69IN00041,1968103097,68,2,U3097,0,,,,,,,,,,2,,,,,,,,164,,3,,,,10,0602,,,,,,,,,1969,1.0
69IN00042,1968103098,68,2,U3098,0,,,,,,,,,,2,,,,,,,,120,,3,,,,10,1020,,,,,,,,,1969,1.0
69IN00043,1968103099,68,2,U3099,0,,,,,,,,,,2,,,,,,,,133,,3,,,,10,0602,,,,,,,,,1969,1.0
69IN00044,1968103100,68,2,U3100,0,,,,,,,,,,2,,,,,,,,137,,,,,,10,,,,,,,,,,1969,1.0
69IN00045,1968103101,68,2,U3101,0,,,,,,,,,,2,,,,,,,,148,,3,,,,10,0929,,,,,,,,,1969,1.0
69IN00046,1968103102,68,2,U3102,0,,,,,,,,,,2,,,,,,,,119,,3,,,,10,0602,,,,,,,,,1969,1.0
69IN00047,1968103103,68,2,U3103,0,,,,,,,,,,2,,,,,,,,133,,6,,,,10,0819,,,,,,,,,1969,1.0
69IN00048,1968103104,68,2,U3104,0,,,,,,,,,,2,,,,,,,,105,,,,,,10,,,,,,,,,,1969,1.0
69IN00049,1968103105,68,2,U3105,0,,,,,,,,,,2,,,,,,,,162,,3,,,,10,1020,,,,,,,,,1969,1.0
69IN00050,1968103106,68,2,U3106,0,,,,,,,,,,2,,,,,,,,173,,,,,,10,,,,,,,,,,1969,1.0
69IN00051,1968103107,68,2,U3107,0,,,,,,,,,,2,,,,,,,,148,,3,,,,10,0602,,,,,,,,,1969,1.0
69IN00052,1968103108,68,2,U3108,0,,,,,,,,,,2,,,,,,,,145,,,,,,10,,,,,,,,,,1969,1.0
69IN00053,1968103109,68,2,U3109,0,,,,,,,,,,2,,,,,,,,122,,,,,,10,,,,,,,,,,1969,1.0
69IN00054,1968103110,68,2,U3110,0,,,,,,,,,,2,,,,,,,,128,,3,,,,10,0602,,,,,,,,,1969,1.0
69IN00055,1968103111,68,2,U3111,0,,,,,,,,,,2,,,,,,,,162,,3,,,,10,0804,,,,,,,,,1969,1.0
69IN00056,1968103112,68,2,U3112,0,,,,,,,,,,2,,,,,,,,175,,,,,,10,,,,,,,,,,1969,1.0
69IN00057,1968103113,68,2,U3113,0,,,,,,,,,,2,,,,,,,,96,,3,,,,10,0602,,,,,,,,,1969,1.0
69IN00058,1968103114,68,2,U3114,0,,,,,,,,,,2,,,,,,,,144,,9,,,,10,0730,,,,,,,,,1969,1.0
69IN00059,1968103115,68,2,U3115,0,,,,,,,,,,2,,,,,,,,170,,3,,,,10,0929,,,,,,,,,1969,1.0
69IN00060,1968103116,68,2,U3116,0,,,,,,,,,,2,,,,,,,,106,,3,,,,10,0602,,,,,,,,,1969,1.0
69IN00061,1968103118,68,2,U3118,0,,,,,,,,,,2,,,,,,,,134,,9,,,,10,0730,,,,,,,,,1969,1.0
69IN00062,1968103119,68,2,U3119,0,,,,,,,,,,2,,,,,,,,168,,3,,,,10,1020,,,,,,,,,1969,1.0
69IN00063,1968103120,68,2,U3120,0,,,,,,,,,,2,,,,,,,,154,,3,,,,10,0929,,,,,,,,,1969,1.0
69IN00064,1968103121,68,2,U3121,0,,,,,,,,,,2,,,,,,,,100,,3,,,,10,0602,,,,,,,,,1969,1.0
69IN00065,1968103122,68,2,U3122,0,,,,,,,,,,2,,,,,,,,159,,,,,,10,,,,,,,,,,1969,1.0
69IN00066,1968103123,68,2,U3123,0,,,,,,,,,,2,,,,,,,,185,,,,,,10,,,,,,,,,,1969,1.0
69IN00067,1968103124,68,2,U3124,0,,,,,,,,,,2,,,,,,,,110,,3,,,,10,0929,,,,,,,,,1969,1.0
69IN00068,1968103125,68,2,U3125,0,,,,,,,,,,2,,,,,,,,150,,3,,,,10,0602,,,,,,,,,1969,1.0
69IN00069,1968103126,68,2,U3126,0,,,,,,,,,,2,,,,,,,,152,,,,,,10,,,,,,,,,,1969,1.0
69IN00070,1968103127,68,2,U3127,0,,,,,,,,,,2,,,,,,,,175,,,,,,10,,,,,,,,,,1969,1.0
69IN00071,1968103128,68,2,U3128,0,,,,,,,,,,2,,,,,,,,140,,3,,,,10,0602,,,,,,,,,1969,1.0
69IN00072,1968103129,68,2,U3129,0,,,,,,,,,,2,,,,,,,,142,,3,,,,10,0602,,,,,,,,,1969,1.0
69IN00073,1968103130,68,2,U3130,0,,,,,,,,,,2,,,,,,,,155,,,,,,10,,,,,,,,,,1969,1.0
69IN00074,1968103131,68,2,U3131,0,,,,,,,,,,2,,,,,,,,152,,,,,,10,,,,,,,,,,1969,1.0
69IN00075,1968103132,68,2,U3132,0,,,,,,,,,,2,,,,,,,,174,,3,,,,10,0929,,,,,,,,,1969,1.0
69IN00076,1968103133,68,2,U3133,0,,,,,,,,,,2,,,,,,,,140,,3,,,,10,0602,,,,,,,,,1969,1.0
69IN00077,1968103134,68,2,U3134,0,,,,,,,,,,2,,,,,,,,179,,6,,,,10,0729,,,,,,,,,1969,1.0
69IN00078,1968103135,68,2,U3135,0,,,,,,,,,,2,,,,,,,,137,,3,,,,10,0929,,,,,,,,,1969,1.0
69IN00079,1968103136,68,2,U3136,0,,,,,,,,,,2,,,,,,,,145,,,,,,10,,,,,,,,,,1969,1.0
69IN00080,1968103137,68,2,U3137,0,,,,,,,,,,2,,,,,,,,123,,3,,,,10,0602,,,,,,,,,1969,1.0
69IN00081,1968103138,68,2,U3138,0,,,,,,,,,,2,,,,,,,,155,,3,,,,10,0602,,,,,,,,,1969,1.0
69IN00082,1968103140,68,2,U3140,0,,,,,,,,,,2,,,,,,,,130,,9,,,,10,0730,,,,,,,,,1969,1.0
69IN00083,1968103141,68,2,U3141,0,,,,,,,,,,2,,,,,,,,164,,6,,,,10,0718,,,,,,,,,1969,1.0
69IN00084,1968103142,68,2,U3142,0,,,,,,,,,,2,,,,,,,,170,,3,,,,10,0602,,,,,,,,,1969,1.0
69IN00085,1968103144,68,2,U3144,0,,,,,,,,,,2,,,,,,,,166,,3,,,,10,1020,,,,,,,,,1969,1.0
69IN00086,1968103145,68,2,U3145,0,,,,,,,,,,2,,,,,,,,148,,9,,,,10,0730,,,,,,,,,1969,1.0
69IN00087,1968103146,68,2,U3146,0,,,,,,,,,,2,,,,,,,,168,,9,,,,10,0730,,,,,,,,,1969,1.0
69IN00088,1968103147,68,2,U3147,0,,,,,,,,,,2,,,,,,,,185,,3,,,,10,0929,,,,,,,,,1969,1.0
69IN00089,1968103148,68,2,U3148,0,,,,,,,,,,2,,,,,,,,135,,9,,,,10,0730,,,,,,,,,1969,1.0
69IN00090,1968103150,68,2,U3150,0,,,,,,,,,,2,,,,,,,,122,,,,,,10,,,,,,,,,,1969,1.0
69IN00091,1968103151,68,2,U3151,0,,,,,,,,,,2,,,,,,,,121,,3,,,,10,1117,,,,,,,,,1969,1.0
69IN00092,1968103152,68,2,U3152,0,,,,,,,,,,2,,,,,,,,182,,3,,,,10,1020,,,,,,,,,1969,1.0
69IN00093,1968103153,68,2,U3153,0,,,,,,,,,,2,,,,,,,,121,,3,,,,10,0602,,,,,,,,,1969,1.0
69IN00094,1968103154,68,2,U3154,0,,,,,,,,,,2,,,,,,,,132,,9,,,,10,0730,,,,,,,,,1969,1.0
69IN00095,1968103156,68,2,U3156,0,,,,,,,,,,2,,,,,,,,153,,,,,,10,,,,,,,,,,1969,1.0
69IN00096,1968103157,68,2,U3157,0,,,,,,,,,,2,,,,,,,,158,,3,,,,10,1020,,,,,,,,,1969,1.0
69IN00097,1968103158,68,2,U3158,0,,,,,,,,,,2,,,,,,,,147,,9,,,,10,0730,,,,,,,,,1969,1.0
69IN00098,1968103159,68,2,U3159,0,,,,,,,,,,2,,,,,,,,123,,3,,,,10,0602,,,,,,,,,1969,1.0
69IN00099,1968103160,68,2,U3160,0,,,,,,,,,,2,,,,,,,,102,,3,,,,10,0804,,,,,,,,,1969,1.0
69IN00100,1968103161,68,2,U3161,0,,,,,,,,,,2,,,,,,,,187,,3,,,,10,0929,,,,,,,,,1969,1.0
69IN00101,1968103162,68,2,U3162,0,,,,,,,,,,2,,,,,,,,136,,9,,,,10,0730,,,,,,,,,1969,1.0
69IN00102,1968103164,68,2,U3164,0,,,,,,,,,,2,,,,,,,,128,,3,,,,10,0602,,,,,,,,,1969,1.0
69IN00103,1968103165,68,2,U3165,0,,,,,,,,,,2,,,,,,,,143,,3,,,,10,0929,,,,,,,,,1969,1.0
69IN00104,1968103166,68,2,U3166,0,,,,,,,,,,2,,,,,,,,130,,9,,,,10,0730,,,,,,,,,1969,1.0
69IN00105,1968103172,68,2,U3172,0,,,,,,,,,,2,,,,,,,,126,,9,,,,10,0730,,,,,,,,,1969,1.0
69IN00106,1968103173,68,2,U3173,0,,,,,,,,,,2,,,,,,,,115,,,,,,10,,,,,,,,,,1969,1.0
69IN00107,1968103174,68,2,U3174,0,,,,,,,,,,2,,,,,,,,140,,9,,,,10,0730,,,,,,,,,1969,1.0
69IN00108,1968103175,68,2,U3175,0,,,,,,,,,,2,,,,,,,,118,,3,,,,10,1117,,,,,,,,,1969,1.0
69IN00109,1968103176,68,2,U3176,0,,,,,,,,,,2,,,,,,,,133,,6,,,,10,0503,,,,,,,,,1969,1.0
69IN00110,1968103177,68,2,U3177,0,,,,,,,,,,2,,,,,,,,138,,3,,,,10,1117,,,,,,,,,1969,1.0
69IN00111,1968103178,68,2,U3178,0,,,,,,,,,,2,,,,,,,,125,,9,,,,10,0730,,,,,,,,,1969,1.0
69IN00112,1968103179,68,2,U3179,0,,,,,,,,,,2,,,,,,,,132,,,,,,10,,,,,,,,,,1969,1.0
69IN00113,1968103180,68,2,U3180,0,,,,,,,,,,2,,,,,,,,157,,3,,,,10,0602,,,,,,,,,1969,1.0
69IN00114,1968103181,68,2,U3181,0,,,,,,,,,,2,,,,,,,,143,,9,,,,10,0730,,,,,,,,,1969,1.0
69IN00115,1968103182,68,2,U3182,0,,,,,,,,,,2,,,,,,,,88,,,,,,10,,,,,,,,,,1969,1.0
69IN00116,1968103183,68,2,U3183,0,,,,,,,,,,2,,,,,,,,98,,3,,,,10,0602,,,,,,,,,1969,1.0
69IN00117,1968103185,68,2,U3185,0,,,,,,,,,,2,,,,,,,,148,,3,,,,10,0929,,,,,,,,,1969,1.0
69IN00118,1968103186,68,2,U3186,0,,,,,,,,,,2,,,,,,,,172,,3,,,,10,0804,,,,,,,,,1969,1.0
69IN00119,1968103187,68,2,U3187,0,,,,,,,,,,2,,,,,,,,126,,3,,,,10,0602,,,,,,,,,1969,1.0
69IN00120,1968103188,68,2,U3188,0,,,,,,,,,,2,,,,,,,,150,,9,,,,10,0730,,,,,,,,,1969,1.0
69IN00121,1968103189,68,2,U3189,0,,,,,,,,,,2,,,,,,,,115,,9,,,,10,0730,,,,,,,,,1969,1.0
69IN00122,1968103190,68,2,U3190,0,,,,,,,,,,2,,,,,,,,125,,3,,,,10,0602,,,,,,,,,1969,1.0
69IN00123,1968103191,68,2,U3191,0,,,,,,,,,,2,,,,,,,,168,,,,,,10,,,,,,,,,,1969,1.0
69IN00124,1968103193,68,2,U3193,0,,,,,,,,,,2,,,,,,,,195,,3,,,,10,0929,,,,,,,,,1969,1.0
69IN00125,1968103194,68,2,U3194,0,,,,,,,,,,2,,,,,,,,122,,3,,,,10,0804,,,,,,,,,1969,1.0
69IN00126,1968103195,68,2,U3195,0,,,,,,,,,,2,,,,,,,,220,,3,,,,10,1020,,,,,,,,,1969,1.0
69IN00127,1968103196,68,2,U3196,0,,,,,,,,,,2,,,,,,,,136,,3,,,,10,0602,,,,,,,,,1969,1.0
69IN00128,1968103197,68,2,U3197,0,,,,,,,,,,2,,,,,,,,165,,,,,,10,,,,,,,,,,1969,1.0
69IN00129,1968103198,68,2,U3198,0,,,,,,,,,,2,,,,,,,,156,,3,,,,10,1013,,,,,,,,,1969,1.0
69IN00130,1968103199,68,2,U3199,0,,,,,,,,,,2,,,,,,,,140,,,,,,10,,,,,,,,,,1969,1.0
69IN00131,1968103200,68,2,U3200,0,,,,,,,,,,2,,,,,,,,168,,3,,,,10,0929,,,,,,,,,1969,1.0
69IN00132,1968103201,68,2,U3201,0,,,,,,,,,,2,,,,,,,,118,,3,,,,10,0602,,,,,,,,,1969,1.0
69IN00133,1968103202,68,2,U3202,0,,,,,,,,,,2,,,,,,,,128,,3,,,,10,0602,,,,,,,,,1969,1.0
69IN00134,1968103203,68,2,U3203,0,,,,,,,,,,2,,,,,,,,158,,,,,,10,,,,,,,,,,1969,1.0
69IN00135,1968103204,68,2,U3204,0,,,,,,,,,,2,,,,,,,,166,,3,,,,10,0602,,,,,,,,,1969,1.0
69IN00136,1968103205,68,2,U3205,0,,,,,,,,,,2,,,,,,,,178,,3,,,,10,1020,,,,,,,,,1969,1.0
69IN00137,1968103206,68,2,U3206,0,,,,,,,,,,2,,,,,,,,138,,,,,,10,,,,,,,,,,1969,1.0
69IN00138,1968103207,68,2,U3207,0,,,,,,,,,,2,,,,,,,,118,,9,,,,10,0730,,,,,,,,,1969,1.0
69IN00139,1968103208,68,2,U3208,0,,,,,,,,,,2,,,,,,,,120,,3,,,,10,0602,,,,,,,,,1969,1.0
69IN00140,1968103209,68,2,U3209,0,,,,,,,,,,2,,,,,,,,138,,3,,,,10,0929,,,,,,,,,1969,1.0
69IN00141,1968103210,68,2,U3210,0,,,,,,,,,,2,,,,,,,,137,,,,,,10,,,,,,,,,,1969,1.0
69IN00142,1968103211,68,2,U3211,0,,,,,,,,,,2,,,,,,,,165,,,,,,10,,,,,,,,,,1969,1.0
69IN00143,1968103212,68,2,U3212,0,,,,,,,,,,2,,,,,,,,123,,3,,,,10,1117,,,,,,,,,1969,1.0
69IN00144,1968103213,68,2,U3213,0,,,,,,,,,,2,,,,,,,,131,,,,,,10,,,,,,,,,,1969,1.0
69IN00145,1968103214,68,2,U3214,0,,,,,,,,,,2,,,,,,,,122,,6,,,,10,0726,,,,,,,,,1969,1.0
69IN00146,1968103215,68,2,U3215,0,,,,,,,,,,2,,,,,,,,180,,9,,,,10,0730,,,,,,,,,1969,1.0
69IN00147,1968103216,68,2,U3216,0,,,,,,,,,,2,,,,,,,,157,,3,,,,10,0929,,,,,,,,,1969,1.0
69IN00148,1968103217,68,2,U3217,0,,,,,,,,,,2,,,,,,,,118,,3,,,,10,0602,,,,,,,,,1969,1.0
69IN00149,1968103218,68,2,U3218,0,,,,,,,,,,2,,,,,,,,157,,9,,,,10,0730,,,,,,,,,1969,1.0
69IN00150,1968103219,68,2,U3219,0,,,,,,,,,,2,,,,,,,,148,,,,,,10,,,,,,,,,,1969,1.0
69IN00151,1968103221,68,2,U3221,0,,,,,,,,,,2,,,,,,,,133,,3,,,,10,0602,,,,,,,,,1969,1.0
69IN00152,1968103222,68,2,U3222,0,,,,,,,,,,2,,,,,,,,182,,3,,,,10,1020,,,,,,,,,1969,1.0
69IN00153,1968103223,68,2,U3223,0,,,,,,,,,,2,,,,,,,,170,,3,,,,10,0804,,,,,,,,,1969,1.0
69IN00154,1968103224,68,2,U3224,0,,,,,,,,,,2,,,,,,,,118,,3,,,,10,0602,,,,,,,,,1969,1.0
69IN00155,1968103225,68,2,U3225,0,,,,,,,,,,2,,,,,,,,155,,3,,,,10,0602,,,,,,,,,1969,1.0
69IN00156,1968103226,68,2,U3226,0,,,,,,,,,,2,,,,,,,,205,,3,,,,10,0929,,,,,,,,,1969,1.0
69IN00157,1968103227,68,2,U3227,0,,,,,,,,,,2,,,,,,,,135,,9,,,,10,0730,,,,,,,,,1969,1.0
69IN00158,1968103228,68,2,U3228,0,,,,,,,,,,2,,,,,,,,134,,3,,,,10,0602,,,,,,,,,1969,1.0
69IN00159,1968103230,68,2,U3230,0,,,,,,,,,,2,,,,,,,,176,,,,,,10,,,,,,,,,,1969,1.0
69IN00160,1968103231,68,2,U3231,0,,,,,,,,,,2,,,,,,,,160,,,,,,10,,,,,,,,,,1969,1.0
69IN00161,1968103232,68,2,U3232,0,,,,,,,,,,2,,,,,,,,138,,,,,,10,,,,,,,,,,1969,1.0
69IN00162,1968103233,68,2,U3233,0,,,,,,,,,,2,,,,,,,,143,,,,,,10,,,,,,,,,,1969,1.0
69IN00163,1968103234,68,2,U3234,0,,,,,,,,,,2,,,,,,,,155,,3,,,,10,0804,,,,,,,,,1969,1.0
69IN00164,1968103235,68,2,U3235,0,,,,,,,,,,2,,,,,,,,138,,3,,,,10,0929,,,,,,,,,1969,1.0
69IN00165,1968103237,68,2,U3237,0,,,,,,,,,,2,,,,,,,,163,,,,,,10,,,,,,,,,,1969,1.0
69IN00166,1968103238,68,2,U3238,0,,,,,,,,,,2,,,,,,,,130,,3,,,,10,0602,,,,,,,,,1969,1.0
69IN00167,1968103239,68,2,U3239,0,,,,,,,,,,2,,,,,,,,170,,,,,,10,,,,,,,,,,1969,1.0
69IN00168,1968103240,68,2,U3240,0,,,,,,,,,,2,,,,,,,,178,,3,,,,10,1020,,,,,,,,,1969,1.0
69IN00169,1968103241,68,2,U3241,0,,,,,,,,,,2,,,,,,,,160,,3,,,,10,0602,,,,,,,,,1969,1.0
69IN00170,1968103242,68,2,U3242,0,,,,,,,,,,2,,,,,,,,168,,3,,,,10,0602,,,,,,,,,1969,1.0
69IN00171,1968103243,68,2,U3243,0,,,,,,,,,,2,,,,,,,,190,,,,,,10,,,,,,,,,,1969,1.0
69IN00172,1968103244,68,2,U3244,0,,,,,,,,,,2,,,,,,,,89,,3,,,,10,0602,,,,,,,,,1969,1.0
69IN00173,1968103245,68,2,U3245,0,,,,,,,,,,2,,,,,,,,,,6,,,,10,0418,,,,,,,,,1969,1.0
69IN00174,1968103246,68,2,U3246,0,,,,,,,,,,2,,,,,,,,137,,3,,,,10,0602,,,,,,,,,1969,1.0
69IN00175,1968103247,68,2,U3247,0,,,,,,,,,,2,,,,,,,,125,,9,,,,10,0730,,,,,,,,,1969,1.0
69IN00176,1968103249,68,2,U3249,0,,,,,,,,,,2,,,,,,,,134,,9,,,,10,0730,,,,,,,,,1969,1.0
69IN00177,1968103250,68,2,U3250,0,,,,,,,,,,2,,,,,,,,128,,9,,,,10,0730,,,,,,,,,1969,1.0
69IN00178,1968103296,68,2,U3296,0,,,,,,,,,,2,08,,1,,071,08,,71,,7,,078,,10,0815,048,5,,,,,,,1969,1.0
69IN00179,1968103300,68,2,U3300,0,,,,,,,,,,2,02,,1,,072,10,,72,,3,,068,,10,0630,049,2,,,,,,,1969,1.0
69IN00180,1968103304,68,2,U3304,0,,,,,,,,,,2,07,,,,091,,,91,,6,,,,10,0627,050,3,,,,,,,1969,1.0
69IN00181,1968103305,68,2,U3305,0,,,,,,,,,,2,02,,,,092,,,92,,7,,,,10,0815,048,2,,,,,,,1969,1.0
69IN00182,1967102641,67,2,U2641,0,,,,,,,,,,3,07,,,34,,,,101,121,,,,,10,,,,,,,,,,1969,2.0
69IN00183,1967102642,67,2,U2642,0,,,,,,,,,,3,07,,,11,,,,99,130,,,,,10,,,,,,,,,,1969,2.0
69IN00184,1967102649,67,2,U2649,0,,,,,,,,,,3,07,,, 43,,,,77,88,2,,,,10,0927,,,,,,,,,1969,2.0
69IN00185,1967102651,67,2,U2651,0,,,,,,,,,,3,07,,,11,,,,102,,,,,,10,,,,,,,,,,1969,2.0
69IN00186,1967102657,67,2,U2657,0,,,,,,,,,,3,07,,,11,,,,93,120,,,,,10,,,,,,,,,,1969,2.0
69IN00187,1967102663,67,2,U2663,0,,,,,,,,,,3,07,,,11,,,,116,145,,,,,10,,,,,,,,,,1969,2.0
69IN00188,1967102664,67,2,U2664,0,,,,,,,,,,3,07,,,34,,,,105,134,,,,,10,,,,,,,,,,1969,2.0
69IN00189,1967102667,67,2,U2667,0,,,,,,,,,,3,07,,,34,,,,92,118,,,,,10,,,,,,,,,,1969,2.0
69IN00190,1967102673,67,1,U2673,0,,,,,,,,,,3,07,,2,,170,08,,170,185,,,094,,10,,198,5,,,,,,,1969,2.0
69IN00191,1967102674,67,2,U2674,0,,,,,,,,,,3,07,,,12,,,,105,123,,,,,10,,,,,,,,,,1969,2.0
69IN00192,1967102679,67,2,U2679,0,,,,,,,,,,3,07,,,34,,,,110,150,,,,,10,,,,,,,,,,1969,2.0
69IN00193,1968102762,68,2,U2762,0,,,,,,,,,,2,07,,,11,,,,91,146,3,,,,10,0602,,,,,,,,,1969,1.0
69IN00194,1968102763,68,2,U2763,0,,,,,,,,,,2,07,,,12,,,,120,140,,,,,10,,,,,,,,,,1969,1.0
69IN00195,1968102764,68,2,U2764,0,,,,,,,,,,2,07,,,11,,,,106,122,,,,,10,,,,,,,,,,1969,1.0
69IN00196,1968102765,68,2,U2765,0,,,,,,,,,,2,07,,,12,,,,140,164,,,,,10,,,,,,,,,,1969,1.0
69IN00197,1968102768,68,2,U2768,0,,,,,,,,,,2,07,,, 43,,,,110,121,2,,,,10,0927,,,,,,,,,1969,1.0
69IN00198,1968102769,68,2,U2769,0,,,,,,,,,,2,07,,,11,,,,120,136,,,,,10,,,,,,,,,,1969,1.0
69IN00199,1968102771,68,3,U2771,0,,,,,,,,,,2,07,,2,,150,09,,150,185,,,104,,10,,153,4,,,,,,,1969,1.0
69IN00200,1968102775,68,2,U2775,0,,,,,,,,,,2,07,,,12,,,,127,119,,,,,10,,,,,,,,,,1969,1.0
69IN00201,1968102776,68,2,U2776,0,,,,,,,,,,2,07,,,34,,,,107,,,,,,10,,,,,,,,,,1969,1.0
69IN00202,1968102779,68,2,U2779,0,,,,,,,,,,2,07,,,,,,,96,,3,,,,10,0929,,,,,,,,,1969,1.0
69IN00203,1968102783,68,2,U2783,0,,,,,,,,,,2,07,,,12,,,,111,128,,,,,10,,,,,,,,,,1969,1.0
69IN00204,1968102786,68,2,U2786,0,,,,,,,,,,2,07,,, 50,,,,133,169,2,,,,10,0927,,,,,,,,,1969,1.0
69IN00205,1968102791,68,2,U2791,0,,,,,,,,,,2,07,,, 50,,,,120,144,2,,,,10,0927,,,,,,,,,1969,1.0
69IN00206,1968102796,68,2,U2796,0,,,,,,,,,,2,07,,,11,,,,122,142,,,,,10,,,,,,,,,,1969,1.0
69IN00207,1968102797,68,2,U2797,0,,,,,,,,,,2,07,,,,,,,115,,7,,,,10,1112,,,,,,,,,1969,1.0
69IN00208,1968102808,68,2,U2808,0,,,,,,,,,,2,07,,,12,,,,126,139,,,,,10,,,,,,,,,,1969,1.0
69IN00209,1968102815,68,2,U2815,0,,,,,,,,,,2,07,,, 43,,,,108,127,2,,,,10,0927,,,,,,,,,1969,1.0
69IN00210,1968102817,68,2,U2817,0,,,,,,,,,,2,07,,, 43,,,,106,120,2,,,,10,0927,,,,,,,,,1969,1.0
69IN00211,1968102818,68,2,U2818,0,,,,,,,,,,2,07,,,11,,,,122,149,,,,,10,,,,,,,,,,1969,1.0
69IN00212,1968102828,68,2,U2828,0,,,,,,,,,,2,07,,,11,,,,112,,,,,,10,,,,,,,,,,1969,1.0
69IN00213,1968102837,68,2,U2837,0,,,,,,,,,,2,07,,,12,,,,133,146,,,,,10,,,,,,,,,,1969,1.0
69IN00214,1968102838,68,2,U2838,0,,,,,,,,,,2,07,,,34,,,,90,,,,,,10,,,,,,,,,,1969,1.0
69IN00215,1968102846,68,2,U2846,0,,,,,,,,,,2,07,,,34,,,,117,,,,,,10,,,,,,,,,,1969,1.0
69IN00216,1968102847,68,2,U2847,0,,,,,,,,,,2,07,,,34,,,,111,,,,,,10,,,,,,,,,,1969,1.0
69IN00217,1968102850,68,2,U2850,0,,,,,,,,,,2,07,,,11,,,,115,140,,,,,10,,,,,,,,,,1969,1.0
69IN00218,1968102853,68,2,U2853,0,,,,,,,,,,2,07,,,12,,,,123,134,,,,,10,,,,,,,,,,1969,1.0
69IN00219,1968102854,68,2,U2854,0,,,,,,,,,,2,07,,,,,,,,,6,,,,10,0428,,,,,,,,,1969,1.0
69IN00220,1968102855,68,2,U2855,0,,,,,,,,,,2,07,,,11,,,,127,147,,,,,10,,,,,,,,,,1969,1.0
69IN00221,1968102858,68,2,U2858,0,,,,,,,,,,2,07,,, 50,,,,106,135,2,,,,10,0927,,,,,,,,,1969,1.0
69IN00222,1968102863,68,2,U2863,0,,,,,,,,,,2,07,,,34,,,,126,,,,,,10,,,,,,,,,,1969,1.0
69IN00223,1968102873,68,2,U2873,0,,,,,,,,,,2,07,,,11,,,,130,,,,,,10,,,,,,,,,,1969,1.0
69IN00224,1968102874,68,2,U2874,0,,,,,,,,,,2,07,,, 50,,,,118,128,2,,,,10,0927,,,,,,,,,1969,1.0
69IN00225,1968102879,68,2,U2879,0,,,,,,,,,,2,07,,,11,,,,123,131,,,,,10,,,,,,,,,,1969,1.0
69IN00226,1968102880,68,2,U2880,0,,,,,,,,,,2,07,,,12,,,,112,133,,,,,10,,,,,,,,,,1969,1.0
69IN00227,1968102882,68,2,U2882,0,,,,,,,,,,2,07,,,34,,,,111,,,,,,10,,,,,,,,,,1969,1.0
69IN00228,1968102884,68,2,U2884,0,,,,,,,,,,2,07,,,11,,,,136,147,,,,,10,,,,,,,,,,1969,1.0
69IN00229,1968102887,68,2,U2887,0,,,,,,,,,,2,07,,,12,,,,120,143,,,,,10,,,,,,,,,,1969,1.0
69IN00230,1968102895,68,2,U2895,0,,,,,,,,,,2,07,,,34,,,,105,,,,,,10,,,,,,,,,,1969,1.0
69IN00231,1968102900,68,2,U2900,0,,,,,,,,,,2,07,,,12,,,,106,,,,,,10,,,,,,,,,,1969,1.0
69IN00232,1968102911,68,2,U2911,0,,,,,,,,,,2,07,,,11,,,,116,132,,,,,10,,,,,,,,,,1969,1.0
69IN00233,1968102918,68,2,U2918,0,,,,,,,,,,2,07,,,12,,,,93,117,,,,,10,,,,,,,,,,1969,1.0
69IN00234,1968102919,68,2,U2919,0,,,,,,,,,,2,07,,,34,,,,97,,,,,,10,,,,,,,,,,1969,1.0
69IN00235,1968102920,68,2,U2920,0,,,,,,,,,,2,07,,,11,,,,135,151,,,,,10,,,,,,,,,,1969,1.0
69IN00236,1968102922,68,2,U2922,0,,,,,,,,,,2,07,,,34,,,,98,,,,,,10,,,,,,,,,,1969,1.0
69IN00237,1968102927,68,2,U2927,0,,,,,,,,,,2,07,,, 43,,,,101,105,2,,,,10,0927,,,,,,,,,1969,1.0
69IN00238,1968102928,68,1,U2928,0,,,,,,,,,,2,07,,,,,,,94,128,3,,,,10,1117,121,2,,,,,,,1969,1.0
69IN00239,1968102929,68,1,U2929,0,,,,,,,,,,2,07,,4,,089,10,,89,123,3,,077,,10,0812,099,2,,,,,,,1969,1.0
69IN00240,1968102932,68,3,U2932,0,,,,,,,,,,2,,,,,,,,97,,6,,,,10,0619,,,,,,,,,1969,1.0
69IN00241,1968102945,68,3,U2945,0,,,,,,,,,,2,,,,,,,,103,,,,,,10,,,,,,,,,,1969,1.0
69IN00242,1968102946,68,3,U2946,0,,,,,,,,,,2,,,,,,,,98,,,,,,10,,,,,,,,,,1969,1.0
69IN00243,1968102948,68,3,U2948,0,,,,,,,,,,2,,,,,,,,83,,,,,,10,,,,,,,,,,1969,1.0
69IN00244,1968102951,68,3,U2951,0,,,,,,,,,,2,,,,,,,,94,,6,,,,10,0828,,,,,,,,,1969,1.0
69IN00245,1968102962,68,3,U2962,0,,,,,,,,,,2,,,,,,,,116,,,,,,10,,,,,,,,,,1969,1.0
69IN00246,1968102966,68,3,U2966,0,,,,,,,,,,2,,,,,,,,96,,6,,,,10,1029,,,,,,,,,1969,1.0
69IN00247,1968102967,68,3,U2967,0,,,,,,,,,,2,,,,,,,,128,,,,,,10,,,,,,,,,,1969,1.0
69IN00248,1968102977,68,3,U2977,0,,,,,,,,,,2,,,,,,,,75,,6,,,,10,0807,,,,,,,,,1969,1.0
69IN00249,1968102983,68,3,U2983,0,,,,,,,,,,2,,,,,,,,104,,,,,,10,,,,,,,,,,1969,1.0
69IN00250,1968102985,68,3,U2985,0,,,,,,,,,,2,,,,,,,,105,,,,,,10,,,,,,,,,,1969,1.0
69IN00251,1968102989,68,3,U2989,0,,,,,,,,,,2,,,,,,,,92,,,,,,10,,,,,,,,,,1969,1.0
69IN00252,1968102995,68,3,U2995,0,,,,,,,,,,2,,,,,,,,88,,,,,,10,,,,,,,,,,1969,1.0
69IN00253,1968103000,68,3,U3000,0,,,,,,,,,,2,,,,,,,,107,,,,,,10,,,,,,,,,,1969,1.0
69IN00254,1968103011,68,3,U3011,0,,,,,,,,,,2,,,,,,,,123,,,,,,10,,,,,,,,,,1969,1.0
69IN00255,1968103012,68,3,U3012,0,,,,,,,,,,2,,,,,,,,103,,6,,,,10,1029,,,,,,,,,1969,1.0
69IN00256,1968103014,68,3,U3014,0,,,,,,,,,,2,,,,,,,,,,,,,,10,,,,,,,,,,1969,1.0
69IN00257,1968103018,68,3,U3018,0,,,,,,,,,,2,,,,,,,,105,,,,,,10,,,,,,,,,,1969,1.0
69IN00258,1968103023,68,3,U3023,0,,,,,,,,,,2,,,,,,,,102,,,,,,10,,,,,,,,,,1969,1.0
69IN00259,1968103253,68,2,U3253,0,,,,,,,,,,2,06,,1,20,093,09,,93,128,,,097,,10,,098,2,,,,,,,1969,1.0
69IN00260,1968103256,68,1,U3256,0,,,,,,,,,,2,08,,2,,100,13,,100,118,,,068,,10,,078,3,,,,,,,1969,1.0
69IN00261,1968103257,68,2,U3257,0,,,,,,,,,,2,08,,1,27,080,10,,80,104,,,069,,10,,043,4,,,,,,,1969,1.0
69IN00262,1968103258,68,2,U3258,0,,,,,,,,,,2,06,,1,20,078,09,,78,100,,,068,,10,,074,4,,,,,,,1969,1.0
69IN00263,1968103261,68,2,U3261,0,,,,,,,,,,2,02,,1,26,086,09,,86,110,,,075,,10,,089,3,,,,,,,1969,1.0
69IN00264,1968103262,68,2,U3262,0,,,,,,,,,,2,07,,1,17,069,11,,69,89,,,068,,10,,055,3,,,,,,,1969,1.0
69IN00265,1968103263,68,2,U3263,0,,,,,,,,,,2,07,,1,17,062,11,,62,88,,,064,,10,,070,2,,,,,,,1969,1.0
69IN00266,1968103264,68,1,U3264,0,,,,,,,,,,2,07,,2,,096,10,,96,113,,,072,,10,,072,2,,,,,,,1969,1.0
69IN00267,1968103265,68,2,U3265,0,,,,,,,,,,2,07,,1,17,063,10,,63,86,,,065,,10,,048,3,,,,,,,1969,1.0
69IN00268,1968103267,68,1,U3267,0,,,,,,,,,,2,08,,1,,098,10,,98,126,,,067,,10,,067,3,,,,,,,1969,1.0
69IN00269,1968103270,68,1,U3270,0,,,,,,,,,,2,02,,1,,097,09,,97,113,,,065,,10,,068,2,,,,,,,1969,1.0
69IN00270,1968103271,68,2,U3271,0,,,,,,,,,,2,02,,1,26,071,09,,71,98,,,076,,10,,065,3,,,,,,,1969,1.0
69IN00271,1968103272,68,2,U3272,0,,,,,,,,,,2,02,,1,26,081,10,,81,98,,,063,,10,,064,3,,,,,,,1969,1.0
69IN00272,1968103275,68,2,U3275,0,,,,,,,,,,2,08,,1,27,060,09,,60,85,,,085,,10,,040,4,,,,,,,1969,1.0
69IN00273,1968103276,68,2,U3276,0,,,,,,,,,,2,08,,1,27,067,09,,67,83,,,075,,10,,045,3,,,,,,,1969,1.0
69IN00274,1968103281,68,2,U3281,0,,,,,,,,,,2,02,,1,26,077,09,,77,99,,,068,,10,,060,4,,,,,,,1969,1.0
69IN00275,1968103282,68,2,U3282,0,,,,,,,,,,2,07,,1,17,067,09,,67,87,,,061,,10,,036,4,,,,,,,1969,1.0
69IN00276,1968103283,68,2,U3283,0,,,,,,,,,,2,07,,1,17,064,14,,64,90,,,067,,10,,036,2,,,,,,,1969,1.0
69IN00277,1968103284,68,2,U3284,0,,,,,,,,,,2,07,,,17,,,,70,75,,,,,10,,,,,,,,,,1969,1.0
69IN00278,1968103286,68,2,U3286,0,,,,,,,,,,2,06,,1,20,053,10,,53,80,,,076,,10,,037,3,,,,,,,1969,1.0
69IN00279,1968103288,68,1,U3288,0,,,,,,,,,,2,02,,2,,093,09,,93,120,,,076,,10,,078,2,,,,,,,1969,1.0
69IN00280,1968103289,68,2,U3289,0,,,,,,,,,,2,06,,1,20,068,09,,68,91,,,089,,10,,047,5,,,,,,,1969,1.0
69IN00281,1968103291,68,2,U3291,0,,,,,,,,,,2,08,,1,27,056,13,,56,73,,,063,,10,,030,4,,,,,,,1969,1.0
69IN00282,1968103293,68,2,U3293,0,,,,,,,,,,2,08,,1,27,076,10,,76,101,,,082,,10,,043,5,,,,,,,1969,1.0
69IN00283,1968103294,68,2,U3294,0,,,,,,,,,,2,08,,1,27,065,11,,65,97,,,080,,10,,044,5,,,,,,,1969,1.0
69IN00284,1968103295,68,1,U3295,0,,,,,,,,,,2,08,,2,,073,09,,73,100,,,068,,10,,056,3,,,,,,,1969,1.0
69IN00285,1968103297,68,2,U3297,0,,,,,,,,,,2,08,,1,27,056,13,,56,80,,,068,,10,,035,4,,,,,,,1969,1.0
69IN00286,1968103298,68,2,U3298,0,,,,,,,,,,2,02,,1,26,083,08,,83,108,,,069,,10,,043,3,,,,,,,1969,1.0
69IN00287,1968103299,68,2,U3299,0,,,,,,,,,,2,02,,1,26,076,11,,76,95,,,072,,10,,045,2,,,,,,,1969,1.0
69IN00288,1968103303,68,2,U3303,0,,,,,,,,,,2,02,,,26,,,,75,83,,,,,10,,,,,,,,,,1969,1.0
69IN00289,1968103307,68,2,U3307,0,,,,,,,,,,2,07,,1,17,062,08,,62,82,,,074,,10,,040,3,,,,,,,1969,1.0
69IN00290,1968103312,68,2,U3312,0,,,,,,,,,,2,07,,1,17,072,09,,72,103,,,056,,10,,041,2,,,,,,,1969,1.0
69IN00291,1968103314,68,2,U3314,0,,,,,,,,,,2,07,,1,17,061,12,,61,88,,,053,,10,,029,3,,,,,,,1969,1.0
69IN00292,1968103315,68,2,U3315,0,,,,,,,,,,2,,,1,20,101,10,,101,128,,,087,,10,,091,2,,,,,,,1969,1.0
69IN00293,1968103316,68,2,U3316,0,,,,,,,,,,2,,,1,20,088,15,,88,106,,,079,,10,,098,2,,,,,,,1969,1.0
69IN00294,1968103317,68,2,U3317,0,,,,,,,,,,2,,,1,20,085,10,,85,112,,,093,,10,,103,2,,,,,,,1969,1.0
69IN00295,1968103318,68,2,U3318,0,,,,,,,,,,2,,,1,20,080,15,,80,102,,,080,,10,,070,2,,,,,,,1969,1.0
69IN00296,1968103319,68,2,U3319,0,,,,,,,,,,2,,,1,20,080,10,,80,113,,,092,,10,,068,4,,,,,,,1969,1.0
69IN00297,1968103320,68,2,U3320,0,,,,,,,,,,2,,,1,20,069,08,,69,98,,,066,,10,,049,2,,,,,,,1969,1.0
69IN00298,1963813467,63,3,Y3467,8,,,,,,,,,,7,07,,,,,,,20,,,,,,81,,,,,,,,,,1969,6.0
69IN00299,1958115060,58,2,R5060,1,32,320,7,,,,,20,,&,07,1,,320,086,,02,130,134,,,082,042,11,,102,2,465711,,,,,,1969,11.0
69IN00300,1959115335,59,2,R5335,1,24,241,6,,,,,21,,-,07,1,,,095,,,,,6,,085,,11,0403,108,1,411011,,,,,,1969,10.0
69IN00301,1960115484,60,2,R5484,1,32,320,7,,,,,22,,0,07,1,,,,,,118,,6,,,,11,0805,101,2,505811,,,419511,,,1969,9.0
69IN00302,1960115500,60,2,R5500,1,24,241,6,,,,,25,,0,07,1,,240,,,02,155,165,,,,,11,,099,2,505511,,,427911,,,1969,9.0
69IN00303,1960115562,60,2,R5562,1,32,320,6,,,,,29,,0,07,1,,320,,,02,124,133,,,,,11,,074,2,505811,,,404911,,,1969,9.0
69IN00304,1961115602,61,2,R5602,1,24,241,7,,,,,29,,9,07,1,,240,084,,,107,,,,,,11,,092,2,514111,,,500611,,,1969,8.0
69IN00305,1961115634,61,2,R5634,1,24,240,6,,,,,32,,9,07,1,,240,089,,04,148,148,,,,,11,,085,2,505511,,,512811,,,1969,8.0
69IN00306,1961115635,61,2,R5635,1,24,240,7,,,,,23,,9,07,1,,,075,,12,135,155,3,,,,11,0929,073,2,505511,,,421911,,,1969,8.0
69IN00307,1962115736,62,2,R5736,1,32,320,7,,,,,25,,8,07,1,,,094,,,,,6,,,,11,0510,084,2,544611,,,496711,,,1969,7.0
69IN00308,1962115741,62,2,R5741,1,32,320,6,,,,,22,,8,07,1,,320,098,,02,123,147,,,,,11,,083,2,544611,,,513511,,,1969,7.0
69IN00309,1962115766,62,2,R5766,1,24,240,6,,,,,32,,8,07,1,,240,087,,03,148,148,,,,,11,,073,2,546311,,,503511,,,1969,7.0
69IN00310,1962115786,62,2,R5786,1,32,320,7,,,,,27,,8,07,1,,,091,,03,121,140,3,,,,11,0120,081,2,544611,,,513911,,,1969,7.0
69IN00311,1962115794,62,2,R5794,1,24,240,7,,,,,30,,8,07,1,,240,106,,11,148,152,,,,,11,,080,2,546311,,,531211,,,1969,7.0
69IN00312,1962115814,62,2,R5814,1,24,240,6,,,,,40,,8,07,1,,,096,,,,,6,,,,11,0330,087,2,546311,,,507911,,,1969,7.0
69IN00313,1962115825,62,2,R5825,1,24,240,7,,,,,29,,8,07,1,,240,094,,02,158,175,,,,,11,,084,2,546311,,,477711,,,1969,7.0
69IN00314,1963115893,63,2,R5893,1,77,194,,,,,,,,7,07,7,,,,,11,130,155,3,27,,,11,0120,131,2,565211,,,528711,,,1969,6.0
69IN00315,1963115900,63,2,R5900,1,76,245,,,,,,,,7,07,7,,,,,,,,6,20,,,11,0505,132,2,564111,,,539711,,,1969,6.0
69IN00316,1963115906,63,2,R5906,1,73,325,,,,,,,,7,07,7,,731,,,04,144,164,,23,,,11,,117,2,566111,,,491411,,,1969,6.0
69IN00317,1963115911,63,2,R5911,1,73,205,,,,,,,,7,07,7,, 41,,,02,115,168,2,24,,,11,0927,101,2,570011,,,434011,,,1969,6.0
69IN00318,1963115917,63,2,R5917,1,76,195,,,,,,,,7,07,7,,760,,,02,120,137,,27,,,11,,091,2,560111,,,464311,,,1969,6.0
69IN00319,1963115918,63,2,R5918,1,78,275,,,,,,,,7,07,7,,782,,,02,138,153,,19,,,11,,106,3,567711,,,471311,,,1969,6.0
69IN00320,1963115920,63,2,R5920,1,32,321,6,,,,,38,,7,07,1,,320,,,02,116,143,,,,,11,,076,2,566111,,,569511,,,1969,6.0
69IN00321,1963115925,63,2,R5925,1,75,195,,,,,,,,7,07,7,,751,,,02,133,160,,27,,,11,,110,2,560111,,,524711,,,1969,6.0
69IN00322,1963115941,63,2,R5941,1,32,320,7,,,,,31,,7,07,1,,320,,,03,144,157,,,,,11,,098,2,565811,,,523511,,,1969,6.0
69IN00323,1963115943,63,2,R5943,1,,,,,,,,,,7,07,,,,,,,155,,,,,,11,,,,    11,,,    11,,,1969,6.0
69IN00324,1963115944,63,2,R5944,1,78,325,,,,,,,,7,07,7,,781,,,02,143,173,,23,,,11,,091,2,566111,,,540511,,,1969,6.0
69IN00325,1963115963,63,2,R5963,1,77,325,,,,,,,,7,07,7,,770,,,04,142,168,,23,,,11,,112,2,566111,,,562211,,,1969,6.0
69IN00326,1963115966,63,2,R5966,1,24,241,6,,,,,39,,7,07,1,,,,,,,,6,,,,11,0131,092,2,564111,,,550011,,,1969,6.0
69IN00327,1963115968,63,2,R5968,1,75,234,,,,,,,,7,07,7,,752,,,02,160,180,,32,,,11,,108,2,566911,,,534811,,,1969,6.0
69IN00328,1963115970,63,2,R5970,1,32,320,6,,,,,35,,7,07,1,,320,,,02,133,136,,,,,11,,078,2,565811,,,556211,,,1969,6.0
69IN00329,1964115979,64,2,R5979,1,24,240,7,,,,,31,,6,07,1,,240,107,,02,145,142,,,092,056,11,,151,2,577111,,,567411,,,1969,5.0
69IN00330,1964116010,64,2,R6010,1,24,240,6,,,,,38,,6,07,1,,240,102,,02,153,153,,,083,043,11,,112,2,577111,,,579411,,,1969,5.0
69IN00331,1964116024,64,2,R6024,1,24,240,7,,,,,32,,6,07,1,,240,097,,04,138,153,,,081,038,11,,096,2,577111,,,563411,,,1969,5.0
69IN00332,1964116071,64,2,R6071,1,24,240,6,,,,,31,,6,07,1,,240,077,,02,126,142,,,071,034,11,,090,2,577111,,,544511,,,1969,5.0
69IN00333,1964116088,64,2,R6088,1,24,240,7,,,,,28,,6,07,1,,240,085,,02,118,128,,,095,049,11,,118,2,577111,,,533311,,,1969,5.0
69IN00334,1964116100,64,2,R6100,1,24,240,6,,,,,30,,6,07,1,,240,091,,01,133,145,,,087,042,11,,103,2,577111,,,560211,,,1969,5.0
69IN00335,1964116103,64,2,R6103,1,24,240,7,,,,,33,,6,07,1,,240,092,,02,128,158,,,087,041,11,,102,2,577111,,,550111,,,1969,5.0
69IN00336,1964116105,64,2,R6105,1,24,240,6,,,,,29,,6,07,1,,240,106,,,146,178,,,080,051,11,,141,2,577111,,,477711,,,1969,5.0
69IN00337,1964116110,64,2,R6110,1,32,320,6,,,,,26,,6,07,1,,320,078,,02,120,138,,,066,032,11,,095,2,578511,,,569511,,,1969,5.0
69IN00338,1964116122,64,2,R6122,1,32,320,7,,,,,28,,6,07,1,,320,094,,02,133,153,,,076,044,11,,122,2,578511,,,513511,,,1969,5.0
69IN00339,1964116150,64,2,R6150,1,24,240,7,,,,,31,,6,07,1,,240,088,,02,127,152,,,075,035,11,,094,2,577111,,,563511,,,1969,5.0
69IN00340,1964116152,64,2,R6152,1,32,320,7,,,,,35,,6,07,1,,320,068,,02,127,147,,,058,021,11,,066,2,578511,,,578611,,,1969,5.0
69IN00341,1965116159,65,2,R6159,1,74,234,4,4,,,,,,5,07,7,,742,108,,02,148,180,,32,062,044,11,,128,2,596011,,,574111,,02,1969,4.0
69IN00342,1965116167,65,2,R6167,1,73,234,4,1,,,,,,5,07,7,, 91,100,,02,144,168,,32,076,048,11,,134,2,596011,,,556211,,02,1969,4.0
69IN00343,1965116171,65,2,R6171,1,78,205,2,4,,,,,,5,07,7,,782,093,,02,131,143,,24,093,037,11,,074,2,596911,,,563411,,02,1969,4.0
69IN00344,1965116173,65,2,R6173,1,74,215,4,4,,,,,,5,07,7,, 90,100,,03,137,150,,34,090,048,11,,117,2,591211,,,551411,,05,1969,4.0
69IN00345,1965116174,65,2,R6174,1,77,274,2,7,,,,,,5,07,7,,,094,,11,148,163,3,19,083,041,11,0120,098,2,590211,,,558911,,01,1969,4.0
69IN00346,1965116177,65,2,R6177,1,23,231,4,4,,,,,,5,07,1,, 38,108,,01,150,166,2,23,075,054,11,0927,154,2,597611,,,570311,,02,1969,4.0
69IN00347,1965116180,65,2,R6180,1,76,324,2,1,,,,,,5,07,7,,762,092,,01,132,150,,23,072,033,11,,086,2,592711,,,491411,,01,1969,4.0
69IN00348,1965116181,65,2,R6181,1,75,324,2,4,,,,,,5,07,7,,752,099,,02,132,150,,23,079,036,11,,085,2,592711,,,491411,,02,1969,4.0
69IN00349,1965116182,65,2,R6182,1,20,200,4,4,,,,,,5,07,1,, 39,089,,01,125,140,2,20,082,041,11,0927,106,2,590811,,,570811,,01,1969,4.0
69IN00350,1965116185,65,2,R6185,1,24,241,7,,,,,30,,5,07,1,,240,094,,02,122,143,,24,080,042,11,,107,2,575911,,,563511,,02,1969,4.0
69IN00351,1965116186,65,2,R6186,1,78,345,2,7,,,,,,5,07,7,,782,095,,02,133,158,,21,070,042,11,,111,2,582711,,,563811,,02,1969,4.0
69IN00352,1965116190,65,2,R6190,1,76,275,4,4,,,,,,5,07,7,,760,107,,02,144,173,,19,070,032,11,,080,2,594611,,,583911,,02,1969,4.0
69IN00353,1965116196,65,2,R6196,1,77,344,2,1,,,,,,5,07,7,,770,094,,02,126,140,,21,100,043,11,,085,2,593711,,,576711,,02,1969,4.0
69IN00354,1965116197,65,2,R6197,1,75,275,2,7,,,,,,5,07,7,,090,098,,04,162,168,,19,078,042,11,,104,2,594611,,,542411,,04,1969,4.0
69IN00355,1965116199,65,2,R6199,1,73,214,,7,,,,,,5,07,7,,,094,,,,,6,34,078,041,11,0131,108,2,594211,,,526511,,,1969,4.0
69IN00356,1965116203,65,2,R6203,1,77,235,2,4,,,,,,5,07,7,,772,100,,02,137,158,,32,074,037,11,,101,2,597611,,,516711,,02,1969,4.0
69IN00357,1965116204,65,2,R6204,1,24,241,6,4,,,,27,,5,07,1,,240,091,,02,123,138,,24,091,047,11,,107,2,575911,,,533711,,,1969,4.0
69IN00358,1965116208,65,1,R6208,1,32,320,,,,,,28,,5,07,1,,,090,12,,145,170,3,32,077,033,11,0812,092,2,592711,,189,525311,,,1969,4.0
69IN00359,1965116220,65,2,R6220,1,21,211,4,7,,,,,,5,07,1,, 39,090,,02,125,144,2,21,082,034,11,0927,072,3,591211,,,561611,,02,1969,4.0
69IN00360,1965116228,65,1,R6228,1,32,321,,,,,,27,,5,07,1,,195,108,13,,165,195,2,32,080,044,11,0927,122,2,597211,,195,577311,,,1969,4.0
69IN00361,1965116230,65,2,R6230,1,77,214,4,4,,,,,,5,07,7,,772,100,,02,133,162,,34,079,052,11,,141,2,594211,,,580711,,02,1969,4.0
69IN00362,1965116231,65,1,R6231,1,32,321,,,,,,24,,5,07,1,,196,113,12,,160,195,2,32,078,048,11,0927,136,2,597211,,205,548411,,,1969,4.0
69IN00363,1965116233,65,2,R6233,1,23,230,2,7,,,,,,5,07,1,, 38,090,,03,144,170,2,23,060,028,11,0927,082,2,596011,,,568311,,04,1969,4.0
69IN00364,1966116243,66,2,R6243,1,77,244,2,,,,,,,4,07,7,3,770,096,14,01,132,146,,19,089,,11,,101,2,603111,,,581711,,02,1969,3.0
69IN00365,1966116244,66,2,R6244,1,75,244,2,,,,,,,4,07,7,1,752,090,11,01,134,150,,19,100,,11,,093,2,603111,,,552411,,01,1969,3.0
69IN00366,1966116245,66,2,R6245,1,73,204,2,,,,,,,4,07,7,3,,100,13,,118,,7,32,091,,11,1112,122,2,598111,,,578611,,01,1969,3.0
69IN00367,1966116247,66,2,R6247,1,32,321,6,,,,,26,,4,07,1,1,320,077,12,01,112,88,,,087,,11,,073,2,610911,,,524311,,,1969,3.0
69IN00368,1966116253,66,2,R6253,1,78,324,4,,,,,,,4,07,7,1,780,090,12,01,117,113,,20,085,,11,,102,2,604211,,,475611,,02,1969,3.0
69IN00369,1966116255,66,1,R6255,1,24,240,,,,,,42,,4,07,1,,,,,,170,200,,,,,11,,148,3,603111,,195,601911,,,1969,3.0
69IN00370,1966116258,66,1,R6258,1,24,241,,,,,,27,,4,07,1,,,,,,160,195,3,,,,11,0812,093,2,603611,,189,533511,,,1969,3.0
69IN00371,1966116259,66,2,R6259,1,24,241,7,,,,,27,,4,07,1,3,240,105,14,02,124,140,,,091,,11,,100,2,603611,,,533511,,,1969,3.0
69IN00372,1966116262,66,1,R6262,1,24,240,,,,,,33,,4,07,1,,,,,,160,195,3,,,,11,0812,140,2,603111,,195,563511,,,1969,3.0
69IN00373,1966116270,66,2,R6270,1,32,321,7,,,,,24,,4,07,1,1,320,085,11,02,113,140,,,070,,11,,090,2,610911,,,562511,,,1969,3.0
69IN00374,1966116271,66,2,R6271,1,77,324,2,,,,,,,4,07,7,3,770,092,11,02,122,127,,20,085,,11,,100,2,604211,,,586311,,02,1969,3.0
69IN00375,1966116273,66,2,R6273,1,32,320,6,,,,,36,,4,07,1,1,320,066,13,11,103,110,,,066,,11,,067,2,604211,,,611011,,,1969,3.0
69IN00376,1966116276,66,2,R6276,1,78,195,2,,,,,,,4,07,7,1,781,100,09,,124,,,24,084,,11,,104,2,580611,,,601011,,02,1969,3.0
69IN00377,1966116285,66,2,R6285,1,77,194,2,,,,,,,4,07,7,1,772,094,15,01,115,113,,24,077,,11,,095,2,596511,,,560211,,02,1969,3.0
69IN00378,1966116297,66,2,R6297,1,74,244,2,,,,,,,4,07,7,1,740,103,14,02,140,160,,19,094,,11,,116,2,603111,,,614711,,02,1969,3.0
69IN00379,1966116298,66,2,R6298,1,73,245,4,,,,,,,4,07,7,3,731,100,13,02,130,158,,19,084,,11,,140,2,603611,,,583811,,02,1969,3.0
69IN00380,1967116305,67,2,R6305,1,32,321,6,,,,,29,3,3,07,1,1,320,076,10,02,95,112,,32,080,029,11,,072,2,623111,,,549711,,,1969,2.0
69IN00381,1967116314,67,2,R6314,1,24,240,7,,,,,41,1,3,07,1,1,240,098,15,01,120,158,,24,082,047,11,,122,2,621211,,,581411,,,1969,2.0
69IN00382,1967116316,67,2,R6316,1,78,205,1,,,,,,3,3,07,7,1,,108,10,13,133,140,3,32,091,051,11,0120,125,2,617611,,,534811,,01,1969,2.0
69IN00383,1967116319,67,2,R6319,1,76,325,1,,,,,,2,3,07,7,1,760,082,10,01,103,116,,20,079,037,11,,092,2,623111,,,570911,,01,1969,2.0
69IN00384,1967116321,67,2,R6321,1,77,205,4,,,,,,2,3,07,7,3,772,093,10,01,113,128,,32,079,040,11,,100,2,617611,,,578611,,01,1969,2.0
69IN00385,1967116334,67,2,R6334,1,24,240,6,,,,,34,3,3,07,1,1,240,092,12,02,111,127,,24,094,044,11,,099,2,621211,,,610011,,,1969,2.0
69IN00386,1967116337,67,2,R6337,1,75,324,2,,,,,,2,3,07,7,1,751,093,10,02,113,138,,20,094,049,11,,119,3,620811,,,572711,,01,1969,2.0
69IN00387,1967116345,67,2,R6345,1,78,244,3,,,,,,1,3,07,7,1,781,088,15,01,124,157,,19,083,038,11,,087,2,621211,,,520311,,01,1969,2.0
69IN00388,1967116346,67,2,R6346,1,76,195,4,,,,,,2,3,07,7,1,762,100,12,02,120,142,,24,086,040,11,,088,2,621011,,,563411,,01,1969,2.0
69IN00389,1967116361,67,2,R6361,1,77,244,1,,,,,,3,3,07,7,1,770,082,15,01,101,125,,19,094,044,11,,097,2,621211,,,552411,,01,1969,2.0
69IN00390,1967116363,67,2,R6363,1,76,204,2,,,,,,2,3,07,7,1,760,077,14,01,112,130,,32,082,040,11,,103,2,598111,,,611011,,01,1969,2.0
69IN00391,1967116372,67,2,R6372,1,75,195,4,,,,,,2,3,07,7,1,751,095,14,01,120,138,,24,084,035,11,,080,2,621011,,,601011,,02,1969,2.0
69IN00392,1967116373,67,2,R6373,1,74,195,2,,,,,,2,3,07,7,1,740,102,12,02,120,130,,24,080,039,11,,096,2,621011,,,601011,,01,1969,2.0
69IN00393,1968116381,68,1,R6381,1,32,320,,,,,,31,1,2,07,1,1,,111,11,,111,140,6,32,084,,11,1210,123,2,623111,,206,615211,,,1969,1.0
69IN00394,1968116382,68,2,R6382,1,32,320,7,,,,,30,1,2,07,1,1,320,089,14,,89,116,,32,090,,11,,129,2,623111,,,578611,,,1969,1.0
69IN00395,1968116383,68,2,R6383,1,32,320,6,,,,,29,2,2,07,1,1,320,087,12,,87,103,,32,090,,11,,110,2,623111,,,612211,,,1969,1.0
69IN00396,1968116384,68,2,R6384,1,32,320,7,,,,,29,2,2,07,1,1,320,108,12,,108,120,,32,086,,11,,130,2,623111,,,612211,,,1969,1.0
69IN00397,1968116386,68,2,R6386,1,32,320,6,,,,,30,1,2,07,1,1,320,077,12,,77,112,,32,083,,11,,097,2,623111,,,627011,,,1969,1.0
69IN00398,1968116388,68,1,R6388,1,24,240,,,,,,36,1,2,07,1,2,,076,13,,76,120,3,24,079,,11,0812,098,2,626211,,194,607111,,,1969,1.0
69IN00399,1968116391,68,2,R6391,1,32,320,7,,,,,29,3,2,07,1,1,320,086,11,,86,110,,32,085,,11,,087,2,623111,,,599411,,,1969,1.0
69IN00400,1968116395,68,2,R6395,1,78,50,,,,,,,3,2,07,7,3,780,098,13,,98,118,,82,093,,11,,114,2,625511,,,592311,,,1969,1.0
69IN00401,1968116398,68,2,R6398,1,77,53,,,,,,,1,2,07,7,1,771,098,14,,98,118,,82,091,,11,,119,2,622811,,,591111,,,1969,1.0
69IN00402,1968116399,68,1,R6399,1,75,54,,,,,,,1,2,07,7,4,,120,14,,120,150,3,82,082,,11,0812,137,2,628311,,204,596311,,,1969,1.0
69IN00403,1968116401,68,2,R6401,1,32,320,6,,,,,28,1,2,07,1,1,320,093,11,,93,118,,32,077,,11,,098,2,623111,,,573611,,,1969,1.0
69IN00404,1968116402,68,1,R6402,1,32,320,,,,,,30,2,2,07,1,5,,082,12,,82,107,,32,081,,11,,085,2,623111,,207,611011,,,1969,1.0
69IN00405,1968116403,68,1,R6403,1,32,320,,,,,,30,2,2,07,1,5,,082,14,,82,123,,32,086,,11,,085,2,623111,,202,611011,,,1969,1.0
69IN00406,1968116406,68,2,R6406,1,32,320,7,,,,,30,1,2,07,1,1,320,063,13,,63,87,,32,084,,11,,076,2,623111,,,624711,,,1969,1.0
69IN00407,1959144818,59,2,X4818,2,35,350,6,,,,,31,,-,07,1,,,086,,02,141,133,3,,083,,14,1117,088,2,332714,,,,,,1969,10.0
69IN00408,1959144924,59,2,X4924,2,46,461,7,,,,,34,,-,07,1,,460,077,,02,127,140,,,080,,14,,077,1,373514,,,,,,1969,10.0
69IN00409,1959144927,59,2,X4927,2,35,350,7,,,,,18,,-,07,1,,,081,,03,130,150,3,,074,,14,0120,075,2,332714,,,,,,1969,10.0
69IN00410,1960145210,60,2,X5210,2,35,350,7,,,,,24,,0,07,1,,350,,,11,112,130,,,,,14,,105,2,458814,,,257414,,,1969,9.0
69IN00411,1960145350,60,2,X5350,2,46,460,7,,,,,36,,0,07,1,,,,,,,,6,,,,14,0131,071,2,157514,,,178114,,,1969,9.0
69IN00412,1960145408,60,2,X5408,2,46,460,6,,,,,18,,0,07,1,,460,,,02,145,145,,,,,14,,107,2,157514,,,223814,,,1969,9.0
69IN00413,1961145801,61,2,X5801,2,35,350,6,,,,,35,,9,07,1,,350,087,,11,130,161,,,,,14,,080,2,503514,,,443714,,,1969,8.0
69IN00414,1961145992,61,2,X5992,2,46,461,6,,,,,26,,9,07,1,,460,086,,02,133,149,,,,,14,,071,2,391414,,,421414,,,1969,8.0
69IN00415,1962146282,62,2,X6282,2,46,460,7,,,,,34,,8,07,1,,460,085,,12,135,137,,,,,14,,068,2,373514,,,370614,,,1969,7.0
69IN00416,1962146527,62,2,X6527,2,35,350,6,,,,,38,,8,07,1,,350,077,,02,103,113,,,,,14,,077,3,530214,,,469714,,,1969,7.0
69IN00417,1963146549,63,2,X6549,2,73,195,,,,,,,,7,07,7,,731,,,02,135,143,,46,,,14,,119,2,560111,,,599014,,,1969,6.0
69IN00418,1963146552,63,2,X6552,2,78,414,,,,,,,,7,07,7,,781,,,02,126,148,,37,,,14,,118,2,593114,,,342414,,,1969,6.0
69IN00419,1963146555,63,2,X6555,2,75,374,,,,,,,,7,07,7,,752,,,02,155,160,,44,,,14,,118,2,583414,,,288814,,,1969,6.0
69IN00420,1963146556,63,2,X6556,2,73,374,,,,,,,,7,07,7,,732,,,01,113,138,,44,,,14,,132,2,583414,,,288814,,,1969,6.0
69IN00421,1963146559,63,2,X6559,2,78,444,,,,,,,,7,07,7,,782,,,04,119,165,,37,,,14,,115,3,580814,,,561414,,,1969,6.0
69IN00422,1963146569,63,2,X6569,2,78,235,,,,,,,,7,07,7,,780,,,02,137,150,,29,,,14,,119,2,562811,,,554314,,,1969,6.0
69IN00423,1963146586,63,2,X6586,2,76,414,,,,,,,,7,07,7,,,,,12,140,133,3,54,,,14,0929,124,2,593114,,,518914,,,1969,6.0
69IN00424,1963146587,63,2,X6587,2,78,375,,,,,,,,7,07,7,,781,,,05,123,133,,41,,,14,,103,2,606814,,,600014,,,1969,6.0
69IN00425,1963146589,63,2,X6589,2,76,295,,,,,,,,7,07,7,,,,,12,135,134,3,53,,,14,0929,114,2,586714,,,335714,,,1969,6.0
69IN00426,1963146599,63,2,X6599,2,76,535,,,,,,,,7,07,7,,762,,,01,112,132,,23,,,14,,090,2,590514,,,555811,,,1969,6.0
69IN00427,1963146601,63,2,X6601,2,74,295,,,,,,,,7,07,7,,742,,,01,98,103,,53,,,14,,094,2,586714,,,593714,,,1969,6.0
69IN00428,1963146608,63,2,X6608,2,76,225,,,,,,,,7,07,7,,,,,12,138,145,6,47,,,14,1128,120,2,587714,,,503314,,,1969,6.0
69IN00429,1963146609,63,2,X6609,2,46,460,6,,,,,28,,7,07,1,,460,,,02,132,140,,,,,14,,128,2,584014,,,451214,,,1969,6.0
69IN00430,1963146619,63,1,X6619,2,29,290,,,,,,22,,7,07,1,,,,,,205,230,3,,,,14,0812,128,5,595314,,246,225214,,,1969,6.0
69IN00431,1963146622,63,2,X6622,2,74,395,,,,,,,,7,07,7,,741,,,02,157,179,,45,,,14,,132,2,608414,,,380114,,,1969,6.0
69IN00432,1963146632,63,2,X6632,2,78,374,,,,,,,,7,07,7,,782,,,01,144,165,,44,,,14,,100,2,583414,,,559914,,,1969,6.0
69IN00433,1963146633,63,2,X6633,2,77,374,,,,,,,,7,07,7,,772,,,02,148,134,,44,,,14,,106,2,583414,,,559914,,,1969,6.0
69IN00434,1963146637,63,2,X6637,2,77,495,,,,,,,,7,07,7,,772,,,02,131,152,,45,,,14,,081,2,600714,,,509014,,,1969,6.0
69IN00435,1963146643,63,2,X6643,2,77,204,,,,,,,,7,07,7,,771,,,02,125,140,,26,,,14,,107,2,569911,,,383914,,,1969,6.0
69IN00436,1963146653,63,2,X6653,2,73,364,,,,,,,,7,07,7,,730,,,02,143,150,,39,,,14,,121,2,586514,,,406314,,,1969,6.0
69IN00437,1963146656,63,2,X6656,2,75,364,,,,,,,,7,07,7,,751,,,02,135,144,,49,,,14,,114,2,586514,,,259814,,,1969,6.0
69IN00438,1963146658,63,2,X6658,2,78,295,,,,,,,,7,07,7,,780,,,01,146,162,,23,,,14,,121,2,586714,,,565711,,,1969,6.0
69IN00439,1963146659,63,2,X6659,2,74,365,,,,,,,,7,07,7,,742,,,01,131,148,,49,,,14,,083,2,617414,,,263314,,,1969,6.0
69IN00440,1963146660,63,2,X6660,2,73,365,,,,,,,,7,07,7,,,,,,131,,7,49,,,14,1112,092,2,617414,,,263314,,,1969,6.0
69IN00441,1963146665,63,4,X6665,2,,,,,,,,31,,7,07,1,,,,,,138,,6,,,,14,0801,041,3,586514,,,,,,1969,6.0
69IN00442,1963146667,63,2,X6667,2,78,535,,,,,,,,7,07,7,,781,,,03,118,136,,32,,,14,,115,2,590514,,,543711,,,1969,6.0
69IN00443,1963146672,63,2,X6672,2,77,215,,,,,,,,7,07,7,,,,,,,,6,50,,,14,0311,145,2,562911,,,447014,,,1969,6.0
69IN00444,1963146676,63,2,X6676,2,77,415,,,,,,,,7,07,7,,770,,,04,180,200,,37,,,14,,150,3,615314,,,325814,,,1969,6.0
69IN00445,1963146679,63,2,X6679,2,77,375,,,,,,,,7,07,7,, 41,,,02,135,150,2,54,,,14,0927,106,2,606814,,,548514,,,1969,6.0
69IN00446,1963146681,63,2,X6681,2,75,325,,,,,,,,7,07,7,,752,,,04,113,143,,53,,,14,,098,2,566111,,,252814,,,1969,6.0
69IN00447,1963146682,63,2,X6682,2,75,414,,,,,,,,7,07,7,,751,,,04,143,160,,44,,,14,,126,2,593114,,,461114,,,1969,6.0
69IN00448,1963146694,63,2,X6694,2,76,414,,,,,,,,7,07,7,, 41,,,02,138,162,2,37,,,14,0927,095,2,593114,,,505814,,,1969,6.0
69IN00449,1963146696,63,2,X6696,2,74,275,,,,,,,,7,07,7,,741,,,02,142,159,,25,,,14,,122,2,567711,,,422214,,,1969,6.0
69IN00450,1963146705,63,2,X6705,2,73,294,,,,,,,,7,07,7,,,,,,,,6,23,,,14,0401,106,2,595314,,,526311,,,1969,6.0
69IN00451,1963146712,63,2,X6712,2,74,355,,,,,,,,7,07,7,,741,,,02,119,152,,22,,,14,,131,4,596714,,,368414,,,1969,6.0
69IN00452,1963146715,63,1,X6715,2,44,440,,,,,,33,,7,07,1,,,,,,220,235,3,,,,14,0812,138,2,580814,,229,477614,,,1969,6.0
69IN00453,1963146717,63,2,X6717,2,73,295,,,,,,,,7,07,7,,730,,,02,130,155,,32,,,14,,126,2,586714,,,524311,,,1969,6.0
69IN00454,1963146719,63,2,X6719,2,75,505,,,,,,,,7,07,7,,752,,,02,130,150,,21,,,14,,085,2,609114,,,436111,,,1969,6.0
69IN00455,1963146720,63,2,X6720,2,76,264,,,,,,,,7,07,7,,760,,,01,169,175,,40,,,14,,103,3,576714,,,478914,,,1969,6.0
69IN00456,1963146721,63,2,X6721,2,75,475,,,,,,,,7,07,7,,751,,,04,150,160,,51,,,14,,106,2,525014,,,481114,,,1969,6.0
69IN00457,1963146728,63,2,X6728,2,78,365,,,,,,,,7,07,7,,780,,,03,137,165,,39,,,14,,107,2,617414,,,487814,,,1969,6.0
69IN00458,1963146739,63,2,X6739,2,78,254,,,,,,,,7,07,7,,781,,,02,116,148,,19,,,14,,107,2,643014,,,542411,,,1969,6.0
69IN00459,1963146740,63,2,X6740,2,75,215,,,,,,,,7,07,7,,,,,,,,6,50,,,14,0330,105,2,562911,,,525514,,,1969,6.0
69IN00460,1963146743,63,2,X6743,2,74,224,,,,,,,,7,07,7,,742,,,02,175,190,,35,,,14,,105,2,613014,,,492714,,,1969,6.0
69IN00461,1963146745,63,2,X6745,2,74,215,,,,,,,,7,07,7,,741,,,02,135,160,,50,,,14,,101,2,562911,,,295114,,,1969,6.0
69IN00462,1963146751,63,2,X6751,2,76,205,,,,,,,,7,07,7,,761,,,02,143,155,,26,,,14,,102,2,570011,,,567914,,,1969,6.0
69IN00463,1963146770,63,2,X6770,2,73,294,,,,,,,,7,07,7,,731,,,01,164,175,,53,,,14,,124,2,595314,,,389214,,,1969,6.0
69IN00464,1963146776,63,2,X6776,2,74,415,,,,,,,,7,07,7,,742,,,02,130,150,,44,,,14,,108,2,615314,,,425214,,,1969,6.0
69IN00465,1963146777,63,2,X6777,2,74,364,,,,,,,,7,07,7,,740,,,01,160,170,,45,,,14,,102,2,586514,,,541614,,,1969,6.0
69IN00466,1963146781,63,2,X6781,2,75,464,,,,,,,,7,07,7,,752,,,01,115,133,,25,,,14,,095,2,584014,,,561814,,,1969,6.0
69IN00467,1963146785,63,2,X6785,2,78,544,,,,,,,,7,07,7,,,,,04,134,160,3,44,,,14,1229,113,2,589214,,,441614,,,1969,6.0
69IN00468,1963146797,63,2,X6797,2,76,445,,,,,,,,7,07,7,,760,,,02,130,145,,41,,,14,,099,2,602314,,,518314,,,1969,6.0
69IN00469,1963146806,63,2,X6806,2,77,264,,,,,,,,7,07,7,,771,,,03,120,125,,20,,,14,,089,2,576714,,,570911,,,1969,6.0
69IN00470,1963146811,63,2,X6811,2,73,365,,,,,,,,7,07,7,,,,,,98,,3,45,,,14,0602,116,2,617414,,,537614,,,1969,6.0
69IN00471,1963146813,63,2,X6813,2,74,245,,,,,,,,7,07,7,,740,,,02,140,142,,26,,,14,,097,2,564111,,,160614,,,1969,6.0
69IN00472,1963146814,63,2,X6814,2,73,245,,,,,,,,7,07,7,,730,,,02,150,158,,26,,,14,,112,2,564111,,,160614,,,1969,6.0
69IN00473,1963146818,63,2,X6818,2,74,535,,,,,,,,7,07,7,,740,,,04,148,155,,29,,,14,,089,2,590514,,,369614,,,1969,6.0
69IN00474,1963146823,63,2,X6823,2,75,404,,,,,,,,7,07,7,,,,,,140,,6,24,,,14,0706,099,2,587114,,,560211,,,1969,6.0
69IN00475,1963146831,63,2,X6831,2,78,395,,,,,,,,7,07,7,,780,,,02,129,138,,49,,,14,,077,2,608414,,,467714,,,1969,6.0
69IN00476,1963146834,63,2,X6834,2,77,465,,,,,,,,7,07,7,,,,,,125,,6,19,,,14,0527,075,2,585114,,,551511,,,1969,6.0
69IN00477,1963146836,63,2,X6836,2,77,345,,,,,,,,7,07,7,, 41,,,02,124,143,2,50,,,14,0927,068,2,567511,,,310614,,,1969,6.0
69IN00478,1963146839,63,2,X6839,2,75,205,,,,,,,,7,07,7,,,,,,154,,6,40,,,14,0805,097,2,570011,,,517214,,,1969,6.0
69IN00479,1963146850,63,2,X6850,2,75,264,,,,,,,,7,07,7,,751,,,02,123,160,,20,,,14,,082,2,576714,,,508511,,,1969,6.0
69IN00480,1963146856,63,2,X6856,2,75,365,,,,,,,,7,07,7,,750,,,01,135,153,,45,,,14,,109,2,617414,,,603414,,,1969,6.0
69IN00481,1963146859,63,2,X6859,2,76,365,,,,,,,,7,07,7,,762,,,04,128,160,,39,,,14,,108,2,617414,,,404414,,,1969,6.0
69IN00482,1963146862,63,2,X6862,2,77,354,,,,,,,,7,07,7,,,,,,,,6,51,,,14,0330,099,2,616514,,,422014,,,1969,6.0
69IN00483,1963146879,63,2,X6879,2,76,545,,,,,,,,7,07,7,,761,,,04,137,134,,44,,,14,,096,2,573714,,,544214,,,1969,6.0
69IN00484,1963146886,63,2,X6886,2,75,414,,,,,,,,7,07,7,,750,,,02,148,178,,54,,,14,,112,2,593114,,,306514,,,1969,6.0
69IN00485,1963146887,63,2,X6887,2,75,224,,,,,,,,7,07,7,,750,,,02,135,146,,47,,,14,,079,2,613014,,,359014,,,1969,6.0
69IN00486,1963146888,63,2,X6888,2,74,224,,,,,,,,7,07,7,,740,,,02,105,126,,47,,,14,,080,2,613014,,,359014,,,1969,6.0
69IN00487,1963146890,63,2,X6890,2,75,444,,,,,,,,7,07,7,,,,,11,143,165,3,41,,,14,0120,118,2,580814,,,534314,,,1969,6.0
69IN00488,1963146897,63,2,X6897,2,73,274,,,,,,,,7,07,7,,732,,,01,158,180,,25,,,14,,097,2,567811,,,441114,,,1969,6.0
69IN00489,1963146902,63,2,X6902,2,74,325,,,,,,,,7,07,7,,,,,,,,6,29,,,14,0215,103,2,566111,,,397814,,,1969,6.0
69IN00490,1963146905,63,2,X6905,2,75,534,,,,,,,,7,07,7,,750,,,02,127,138,,23,,,14,,104,2,590414,,,538811,,,1969,6.0
69IN00491,1963146911,63,2,X6911,2,76,344,,,,,,,,7,07,7,, 41,,,02,122,143,2,50,,,14,0927,100,2,564811,,,457414,,,1969,6.0
69IN00492,1963146919,63,2,X6919,2,76,495,,,,,,,,7,07,7,,761,,,01,122,146,,39,,,14,,103,2,600714,,,385314,,,1969,6.0
69IN00493,1963146920,63,2,X6920,2,75,495,,,,,,,,7,07,7,,750,,,02,110,143,,39,,,14,,082,2,600714,,,385314,,,1969,6.0
69IN00494,1963146924,63,2,X6924,2,76,495,,,,,,,,7,07,7,,760,,,01,112,138,,45,,,14,,093,2,600714,,,278014,,,1969,6.0
69IN00495,1963146931,63,2,X6931,2,74,444,,,,,,,,7,07,7,,740,,,03,126,144,,41,,,14,,099,2,580814,,,334514,,,1969,6.0
69IN00496,1963146932,63,2,X6932,2,73,444,,,,,,,,7,07,7,,731,,,03,130,150,,41,,,14,,079,2,580814,,,334514,,,1969,6.0
69IN00497,1963146935,63,2,X6935,2,75,544,,,,,,,,7,07,7,,752,,,02,123,138,,37,,,14,,067,2,589214,,,399214,,,1969,6.0
69IN00498,1963146936,63,2,X6936,2,74,544,,,,,,,,7,07,7,,741,,,02,125,133,,37,,,14,,107,2,589214,,,399214,,,1969,6.0
69IN00499,1963146938,63,2,X6938,2,77,245,,,,,,,,7,07,7,,772,,,02,136,155,,40,,,14,,104,2,564111,,,307314,,,1969,6.0
69IN00500,1963146945,63,2,X6945,2,74,404,,,,,,,,7,07,7,,,,,,,,6,26,,,14,0327,072,2,587114,,,508814,,,1969,6.0
69IN00501,1963146949,63,2,X6949,2,76,455,,,,,,,,7,07,7,,762,,,02,143,158,,39,,,14,,101,2,594014,,,291814,,,1969,6.0
69IN00502,1963146957,63,2,X6957,2,76,245,,,,,,,,7,07,7,,761,,,02,145,162,,40,,,14,,124,2,564111,,,491814,,,1969,6.0
69IN00503,1963146964,63,2,X6964,2,77,375,,,,,,,,7,07,7,,771,,,04,108,164,,41,,,14,,101,2,606814,,,882017,,,1969,6.0
69IN00504,1963146967,63,2,X6967,2,76,374,,,,,,,,7,07,7,,761,,,02,137,153,,41,,,14,,110,2,583414,,,320514,,,1969,6.0
69IN00505,1963146976,63,2,X6976,2,76,374,,,,,,,,7,07,7,, 40,,,02,118,140,2,54,,,14,0927,121,2,583414,,,288614,,,1969,6.0
69IN00506,1963146995,63,2,X6995,2,73,545,,,,,,,,7,07,7,,730,,,02,130,150,,37,,,14,,100,2,573714,,,575014,,,1969,6.0
69IN00507,1963146999,63,2,X6999,2,74,205,,,,,,,,7,07,7,,740,,,06,114,122,,26,,,14,,087,2,570011,,,360114,,,1969,6.0
69IN00508,1963147004,63,2,X7004,2,78,454,,,,,,,,7,07,7,,780,,,02,120,150,,36,,,14,,093,2,591314,,,474614,,,1969,6.0
69IN00509,1963147017,63,2,X7017,2,77,455,,,,,,,,7,07,7,, 41,,,02,123,152,2,36,,,14,0927,091,2,594014,,,266614,,,1969,6.0
69IN00510,1963147018,63,2,X7018,2,73,195,,,,,,,,7,07,7,,,,,11,165,160,3,25,,,14,0127,116,3,560111,,,491414,,,1969,6.0
69IN00511,1963147028,63,2,X7028,2,73,235,,,,,,,,7,07,7,, 41,,,02,144,155,2,53,,,14,0927,100,2,562811,,,512914,,,1969,6.0
69IN00512,1963147029,63,2,X7029,2,75,514,,,,,,,,7,07,7,,751,,,04,145,165,,22,,,14,,119,2,613714,,,544414,,,1969,6.0
69IN00513,1963147030,63,2,X7030,2,76,394,,,,,,,,7,07,7,,,,,,,,6,49,,,14,0515,112,2,618014,,,569214,,,1969,6.0
69IN00514,1963147033,63,2,X7033,2,74,355,,,,,,,,7,07,7,,,,,12,148,148,3,47,,,14,0929,094,2,596714,,,569314,,,1969,6.0
69IN00515,1963147040,63,2,X7040,2,73,504,,,,,,,,7,07,7,,,,,,127,,7,34,,,14,1112,069,2,579014,,,493211,,,1969,6.0
69IN00516,1963147048,63,2,X7048,2,74,464,,,,,,,,7,07,7,,741,,,01,128,142,,25,,,14,,075,2,584014,,,397014,,,1969,6.0
69IN00517,1963147049,63,2,X7049,2,73,464,,,,,,,,7,07,7,,730,,,01,128,145,,25,,,14,,107,2,584014,,,397014,,,1969,6.0
69IN00518,1963147055,63,2,X7055,2,74,265,,,,,,,,7,07,7,,,,,,122,,6,20,,,14,0805,090,2,574314,,,508311,,,1969,6.0
69IN00519,1963147076,63,2,X7076,2,78,354,,,,,,,,7,07,7,,782,,,05,125,142,,47,,,14,,067,2,616514,,,341514,,,1969,6.0
69IN00520,1963147080,63,2,X7080,2,77,234,,,,,,,,7,07,7,,770,,,06,135,115,,29,,,14,,087,2,566911,,,311514,,,1969,6.0
69IN00521,1963147081,63,2,X7081,2,76,234,,,,,,,,7,07,7,,762,,,04,119,133,,29,,,14,,079,2,566911,,,311514,,,1969,6.0
69IN00522,1963147083,63,2,X7083,2,77,254,,,,,,,,7,07,7,, 41,,,01,124,143,2,19,,,14,0927,081,2,643014,,,559411,,,1969,6.0
69IN00523,1963147091,63,2,X7091,2,74,475,,,,,,,,7,07,7,,742,,,02,130,143,,51,,,14,,085,2,525014,,,481114,,,1969,6.0
69IN00524,1963147099,63,2,X7099,2,74,324,,,,,,,,7,07,7,,740,,,03,148,158,,53,,,14,,093,2,565811,,,321714,,,1969,6.0
69IN00525,1963147102,63,2,X7102,2,73,324,,,,,,,,7,07,7,,732,,,02,135,153,,53,,,14,,069,2,565811,,,472114,,,1969,6.0
69IN00526,1963147113,63,2,X7113,2,75,265,,,,,,,,7,07,7,, 91,,,02,126,108,,40,,,14,,075,2,574314,,,260214,,,1969,6.0
69IN00527,1963147121,63,2,X7121,2,77,505,,,,,,,,7,07,7,,771,,, 2,126,165,,34,,,14,,120,2,609114,,,520511,,,1969,6.0
69IN00528,1964147189,64,1,X7189,2,35,350,,,,,,32,,6,07,1,,218,148,10,,225,245,2,,090,074,14,0927,220,4,644114,,247,580114,,,1969,5.0
69IN00529,1964147224,64,1,X7224,2,45,450,,,,,,29,,6,07,1,,,140,08,,195,235,3,,095,057,14,0812,160,2,643314,,245,348814,,,1969,5.0
69IN00530,1964147268,64,2,X7268,2,35,350,6,,,,,40,,6,07,1,,350,090,,02,147,153,,,076,042,14,,112,2,644114,,,652714,,,1969,5.0
69IN00531,1964147307,64,2,X7307,2,46,460,7,,,,,29,,6,07,1,,460,092,,02,128,144,,,085,038,14,,093,2,625014,,,328214,,,1969,5.0
69IN00532,1964147325,64,2,X7325,2,46,460,6,,,,,28,,6,07,1,,460,090,,02,116,143,,,079,046,14,,126,2,625014,,,421414,,,1969,5.0
69IN00533,1964147337,64,1,X7337,2,29,290,,,,,,27,,6,07,1,,,126,10,,205,228,3,,096,065,14,0812,188,4,595314,,233,574014,,,1969,5.0
69IN00534,1964147354,64,1,X7354,2,37,370,,,,,,18,,6,07,1,,,093,11,,177,215,3,,089,055,14,0812,157,2,623714,,201,495514,,,1969,5.0
69IN00535,1964147368,64,2,X7368,2,35,350,6,,,,,34,,6,07,1,,350,098,,02,140,144,,,083,039,14,,095,2,644114,,,469714,,,1969,5.0
69IN00536,1964147390,64,2,X7390,2,35,350,7,,,,,35,,6,07,1,,,098,,11,160,157,3,,092,045,14,1201,109,2,644114,,,601114,,,1969,5.0
69IN00537,1964147393,64,2,X7393,2,35,350,6,,,,,33,,6,07,1,,350,105,,02,133,154,,,085,040,14,,096,2,644114,,,481814,,,1969,5.0
69IN00538,1964147394,64,2,X7394,2,35,350,7,,,,,33,,6,07,1,,350,092,,12,153,160,,,080,041,14,,109,2,644114,,,481814,,,1969,5.0
69IN00539,1964147397,64,2,X7397,2,46,460,7,,,,,28,,6,07,1,,460,092,,02,118,143,,,071,036,14,,098,2,625014,,,298914,,,1969,5.0
69IN00540,1964147451,64,2,X7451,2,46,460,6,,,,,40,,6,07,1,,460,098,,02,143,163,,,086,049,14,,128,2,625014,,,602814,,,1969,5.0
69IN00541,1964147460,64,2,X7460,2,35,350,7,,,,,38,,6,07,1,,350,115,,02,140,163,,,083,040,14,,098,2,644114,,,563714,,,1969,5.0
69IN00542,1964147487,64,2,X7487,2,46,460,7,,,,,26,,6,07,1,,460,087,,02,125,141,,,073,033,14,,085,2,625014,,,420014,,,1969,5.0
69IN00543,1965147575,65,2,X7575,2,74,544,4,7,,,,,,5,07,7,,740,104,,02,140,166,,41,076,039,14,,094,2,670114,,,628814,,02,1969,4.0
69IN00544,1965147576,65,2,X7576,2,77,375,2,1,,,,,,5,07,7,,,090,,,,,6,41,088,042,14,0311,099,2,682914,,,542114,,02,1969,4.0
69IN00545,1965147582,65,2,X7582,2,78,404,4,1,,,,,,5,07,7,,780,091,,05,130,155,,24,079,030,14,,069,2,587114,,,533311,,02,1969,4.0
69IN00546,1965147586,65,2,X7586,2,74,404,4,5,,,,,,5,07,7,,741,118,,03,147,175,,20,078,045,14,,116,2,587114,,,572711,,04,1969,4.0
69IN00547,1965147589,65,2,X7589,2,78,254,2,4,,,,,,5,07,7,,,098,,,,,6,46,095,045,14,0512,100,2,710814,,,599214,,02,1969,4.0
69IN00548,1965147590,65,2,X7590,2,76,254,4,1,,,,,,5,07,7,,762,097,,02,145,152,,46,088,041,14,,088,2,710814,,,599214,,01,1969,4.0
69IN00549,1965147591,65,2,X7591,2,75,235,2,7,,,,,,5,07,7,,,092,,,118,,7,53,090,041,14,1112,091,2,597611,,,641214,,02,1969,4.0
69IN00550,1965147592,65,1,X7592,2,41,410,,,,,,11,,5,07,1,,,122,10,,220,230,3,41,101,058,14,0812,120,2,663114,,241,594614,,,1969,4.0
69IN00551,1965147595,65,2,X7595,2,74,414,2,4,,,,,,5,07,7,,740,106,,05,133,150,,54,084,041,14,,096,2,663114,,,551314,,07,1969,4.0
69IN00552,1965147600,65,2,X7600,2,73,325,2,7,,,,,,5,07,7,,,082,,04,137,153,3,29,079,038,14,0120,096,2,597211,,,272614,,03,1969,4.0
69IN00553,1965147606,65,2,X7606,2,78,505,4,1,,,,,,5,07,7,, 90,086,,02,142,147,,49,079,034,14,,082,2,696014,,,378014,,01,1969,4.0
69IN00554,1965147607,65,2,X7607,2,76,474,4,4,,,,,,5,07,7,,760,092,,01,123,160,,22,085,045,14,,107,2,685314,,,602514,,02,1969,4.0
69IN00555,1965147613,65,2,X7613,2,76,355,4,1,,,,,,5,07,7,, 91,086,,02,143,140,,51,079,037,14,,087,2,704414,,,648514,,01,1969,4.0
69IN00556,1965147619,65,2,X7619,2,73,394,2,7,,,,,,5,07,7,,732,090,,01,113,137,,50,079,043,14,,110,2,644014,,,295114,,02,1969,4.0
69IN00557,1965147626,65,2,X7626,2,78,414,2,7,,,,,,5,07,7,,781,077,,01,118,130,,54,090,037,14,,080,2,663114,,,288614,,02,1969,4.0
69IN00558,1965147627,65,2,X7627,2,37,370,2,7,,,,,,5,07,1,, 39,088,,02,125,140,2,,094,048,14,0927,114,2,670214,,,603214,,02,1969,4.0
69IN00559,1965147629,65,2,X7629,2,76,194,2,8,,,,,,5,07,7,,760,097,,02,148,168,,25,100,047,14,,101,2,588411,,,585714,,02,1969,4.0
69IN00560,1965147632,65,2,X7632,2,73,505,4,4,,,,,,5,07,7,,732,095,,02,123,142,,39,076,041,14,,107,2,696014,,,487814,,02,1969,4.0
69IN00561,1965147636,65,2,X7636,2,75,255,4,4,,,,,,5,07,7,,750,090,,01,112,144,,27,092,044,14,,096,2,644314,,,555511,,04,1969,4.0
69IN00562,1965147637,65,2,X7637,2,53,530,4,7,,,,,,5,07,1,, 38,092,,01,122,150,2,53,097,047,14,0927,101,3,681914,,,629614,,02,1969,4.0
69IN00563,1965147638,65,2,X7638,2,78,234,4,1,,,,,,5,07,7,,780,094,,01,150,158,,29,071,030,14,,076,2,596011,,,626914,,02,1969,4.0
69IN00564,1965147642,65,2,X7642,2,75,444,4,4,,,,,,5,07,7,,751,089,,02,138,150,,41,072,038,14,,100,2,671514,,,645514,,02,1969,4.0
69IN00565,1965147643,65,2,X7643,2,76,374,2,4,,,,,,5,07,7,,762,097,,02,140,158,,41,084,051,14,,133,2,670214,,,599914,,02,1969,4.0
69IN00566,1965147644,65,2,X7644,2,75,374,2,1,,,,,,5,07,7,,,092,,,118,,7,41,079,044,14,1112,108,2,670214,,,599914,,02,1969,4.0
69IN00567,1965147647,65,2,X7647,2,74,534,2,4,,,,,,5,07,7,,741,086,,01,125,133,,32,103,047,14,,101,3,681914,,,529111,,01,1969,4.0
69IN00568,1965147650,65,2,X7650,2,78,225,4,4,,,,,,5,07,7,,782,096,,02,148,177,,35,078,037,14,,095,2,692114,,,498514,,02,1969,4.0
69IN00569,1965147651,65,2,X7651,2,77,225,2,3,,,,,,5,07,7,,770,090,,01,137,163,,35,092,051,14,,116,3,692114,,,498514,,01,1969,4.0
69IN00570,1965147652,65,2,X7652,2,77,535,4,7,,,,,,5,07,7,, 91,097,,02,137,148,,29,094,043,14,,092,2,682814,,,565514,,02,1969,4.0
69IN00571,1965147653,65,2,X7653,2,76,535,2,4,,,,,,5,07,7,,760,078,,02,103,125,,29,084,038,14,,089,2,682814,,,565514,,02,1969,4.0
69IN00572,1965147656,65,2,X7656,2,73,225,2,1,,,,,,5,07,7,,,103,,,133,,7,51,086,046,14,1112,108,2,692114,,,570514,,02,1969,4.0
69IN00573,1965147667,65,2,X7667,2,74,255,2,1,,,,,,5,07,7,,742,083,,04,125,124,,27,074,037,14,,098,2,644314,,,578811,,02,1969,4.0
69IN00574,1965147668,65,2,X7668,2,44,441,4,8,,,,,,5,07,1,, 38,098,,02,136,160,2,,084,039,14,0927,090,2,669914,,,626214,,04,1969,4.0
69IN00575,1965147669,65,2,X7669,2,74,444,4,7,,,,,,5,07,7,, 91,094,,02,154,168,,41,107,047,14,,096,2,671514,,,518314,,06,1969,4.0
69IN00576,1965147670,65,2,X7670,2,73,444,4,4,,,,,,5,07,7,,732,099,,06,137,148,,41,082,042,14,,102,2,671514,,,518314,,02,1969,4.0
69IN00577,1965147673,65,2,X7673,2,78,214,2,1,,,,,,5,07,7,,781,099,,03,140,158,,36,072,043,14,,123,2,594211,,,304014,,02,1969,4.0
69IN00578,1965147676,65,2,X7676,2,77,275,4,7,,,,,,5,07,7,,772,094,,02,127,145,,25,089,046,14,,111,2,594611,,,566914,,02,1969,4.0
69IN00579,1965147678,65,2,X7678,2,74,245,4,4,,,,,,5,07,7,,741,110,,02,148,163,,40,083,044,14,,110,2,575911,,,595614,,02,1969,4.0
69IN00580,1965147679,65,2,X7679,2,26,261,4,7,,,,,,5,07,1,, 39,103,,05,128,133,2,26,071,035,14,0927,092,2,673714,,,645714,,02,1969,4.0
69IN00581,1965147684,65,2,X7684,2,29,290,2,1,,,,,,5,07,1,,,099,,,138,,6,29,080,043,14,0805,114,2,673214,,,632814,,02,1969,4.0
69IN00582,1965147690,65,2,X7690,2,74,224,2,1,,,,,,5,07,7,,741,088,,02,132,140,,47,073,043,14,,117,2,677214,,,553414,,05,1969,4.0
69IN00583,1965147692,65,2,X7692,2,77,465,2,4,,,,,,5,07,7,,770,090,,02,125,143,,46,087,045,14,,106,2,693414,,,223814,,02,1969,4.0
69IN00584,1965147695,65,2,X7695,2,73,265,2,7,,,,,,5,07,7,,730,082,,04,130,140,,20,075,036,14,,090,2,673714,,,492811,,02,1969,4.0
69IN00585,1965147699,65,2,X7699,2,77,234,4,1,,,,,,5,07,7,,771,099,,03,142,153,,29,080,042,14,,104,2,596011,,,574014,,03,1969,4.0
69IN00586,1965147702,65,2,X7702,2,73,444,2,7,,,,,,5,07,7,,730,108,,02,148,165,,54,076,037,14,,086,2,671514,,,306514,,02,1969,4.0
69IN00587,1965147712,65,2,X7712,2,77,534,4,1,,,,,,5,07,7,,772,088,,01,128,148,,23,079,044,14,,111,2,681914,,,521411,,02,1969,4.0
69IN00588,1965147715,65,2,X7715,2,37,370,4,1,,,,,,5,07,1,, 39,098,,02,127,132,2,37,080,045,14,0927,112,2,670214,,,544514,,02,1969,4.0
69IN00589,1965147717,65,2,X7717,2,73,244,4,7,,,,,,5,07,7,,732,098,,02,125,155,,40,080,039,14,,090,2,581511,,,418214,,02,1969,4.0
69IN00590,1965147721,65,2,X7721,2,77,415,4,7,,,,,,5,07,7,,771,110,,01,138,167,,54,089,040,14,,089,2,625214,,,604314,,02,1969,4.0
69IN00591,1965147732,65,2,X7732,2,78,505,2,7,,,,,,5,07,7,,781,095,,02,140,155,,39,067,033,14,,091,2,696014,,,578014,,02,1969,4.0
69IN00592,1965147733,65,2,X7733,2,77,214,4,1,,,,,,5,07,7,,771,102,,01,134,153,,36,088,041,14,,092,2,594211,,,580714,,02,1969,4.0
69IN00593,1965147743,65,2,X7743,2,76,295,2,4,,,,,,5,07,7,,761,097,,02,122,148,,32,084,044,14,,110,2,712014,,,506011,,02,1969,4.0
69IN00594,1965147745,65,2,X7745,2,76,274,2,4,,,,,,5,07,7,,762,100,,04,135,155,,46,075,044,14,,104,3,590211,,,602814,,02,1969,4.0
69IN00595,1965147746,65,2,X7746,2,75,474,4,1,,,,,,5,07,7,,750,101,,01,140,155,,22,086,046,14,,113,2,685314,,,368414,,04,1969,4.0
69IN00596,1965147749,65,2,X7749,2,75,195,4,7,,,,,,5,07,7,, 9,120,,01,152,125,6,25,086,046,14,1002,106,2,594511,,,513514,,02,1969,4.0
69IN00597,1965147750,65,2,X7750,2,77,455,2,4,,,,,,5,07,7,,771,083,,02,120,148,,49,093,035,14,,072,2,647714,,,295714,,01,1969,4.0
69IN00598,1965147754,65,2,X7754,2,73,205,2,1,,,,,,5,07,7,,731,088,,04,140,165,,40,070,032,14,,084,2,596911,,,453314,,01,1969,4.0
69IN00599,1965147755,65,2,X7755,2,78,205,2,7,,,,,,5,07,7,,780,083,,01,120,133,,40,078,035,14,,086,2,596911,,,453314,,01,1969,4.0
69IN00600,1965147756,65,2,X7756,2,75,364,4,7,,,,,,5,07,7,,750,103,,02,152,162,,34,072,039,14,,100,2,667414,,,549811,,02,1969,4.0
69IN00601,1965147761,65,2,X7761,2,78,264,4,4,,,,,,5,07,7,,781,091,,02,135,137,,20,071,033,14,,081,2,682614,,,539711,,02,1969,4.0
69IN00602,1965147764,65,2,X7764,2,78,394,2,4,,,,,,5,07,7,, 91,098,,01,128,145,,50,089,043,14,,102,2,644014,,,613114,,01,1969,4.0
69IN00603,1965147771,65,2,X7771,2,73,465,4,7,,,,,,5,07,7,,730,103,,01,130,153,,25,088,044,14,,101,2,693414,,,652114,,03,1969,4.0
69IN00604,1965147773,65,2,X7773,2,73,195,2,4,,,,,,5,07,7,,732,110,,02,140,160,,46,087,042,14,,092,2,594511,,,540914,,01,1969,4.0
69IN00605,1965147775,65,2,X7775,2,75,265,4,1,,,,,,5,07,7,,751,092,,03,123,128,,24,069,032,14,,079,2,673714,,,567411,,03,1969,4.0
69IN00606,1965147777,65,2,X7777,2,77,374,4,7,,,,,,5,07,7,,771,092,,02,140,150,,44,077,044,14,,117,2,670214,,,571814,,02,1969,4.0
69IN00607,1965147780,65,2,X7780,2,74,455,2,7,,,,,,5,07,7,,740,082,,02,132,138,,50,075,033,14,,080,2,647714,,,647114,,02,1969,4.0
69IN00608,1965147783,65,2,X7783,2,74,445,4,1,,,,,,5,07,7,,742,100,,02,122,140,,37,090,043,14,,099,2,669914,,,495514,,02,1969,4.0
69IN00609,1965147784,65,2,X7784,2,77,505,2,4,,,,,,5,07,7,,772,107,,02,146,160,,49,084,037,14,,085,2,696014,,,537914,,02,1969,4.0
69IN00610,1965147785,65,2,X7785,2,25,250,2,7,,,,,,5,07,1,, 39,093,,02,122,135,2,25,085,043,14,0927,105,2,710814,,,591814,,02,1969,4.0
69IN00611,1965147787,65,2,X7787,2,76,495,2,4,,,,,,5,07,7,,762,081,,02,150,168,,39,067,033,14,,090,2,651814,,,440814,,01,1969,4.0
69IN00612,1965147791,65,2,X7791,2,75,495,4,1,,,,,,5,07,7,,751,086,,01,123,145,,39,079,034,14,,080,2,651814,,,577714,,02,1969,4.0
69IN00613,1965147795,65,2,X7795,2,75,324,4,7,,,,,,5,07,7,,751,095,,02,128,145,,53,082,031,14,,067,2,592711,,,560214,,02,1969,4.0
69IN00614,1965147797,65,2,X7797,2,47,470,4,7,,,,,,5,07,1,, 39,093,,01,103,119,2,47,074,030,14,0927,073,2,685314,,,588214,,02,1969,4.0
69IN00615,1965147799,65,2,X7799,2,75,535,2,3,,,,,,5,07,7,,751,067,,03,120,140,,29,084,038,14,,091,2,682814,,,621414,,05,1969,4.0
69IN00616,1965147804,65,2,X7804,2,74,465,2,4,,,,,,5,07,7,,741,092,,01,148,160,,27,080,038,14,,094,2,693414,,,480011,,02,1969,4.0
69IN00617,1965147810,65,2,X7810,2,73,405,4,4,,,,,,5,07,7,,730,088,,04,158,160,,26,073,039,14,,101,2,578514,,,595714,,02,1969,4.0
69IN00618,1965147811,65,2,X7811,2,74,475,4,4,,,,,,5,07,7,,742,085,,02,122,145,,22,076,043,14,,110,2,707214,,,591514,,02,1969,4.0
69IN00619,1965147812,65,2,X7812,2,73,475,4,1,,,,,,5,07,7,,732,067,,01,97,130,,22,082,034,14,,082,2,707214,,,591514,,02,1969,4.0
69IN00620,1965147816,65,2,X7816,2,77,405,2,7,,,,,,5,07,7,,772,103,,02,137,165,,24,082,046,14,,117,2,578514,,,550011,,01,1969,4.0
69IN00621,1965147817,65,2,X7817,2,74,355,2,5,,,,,,5,07,7,,740,074,,01,105,129,,51,083,035,14,,083,2,704414,,,433414,,02,1969,4.0
69IN00622,1965147818,65,2,X7818,2,73,355,2,1,,,,,,5,07,7,,732,078,,04,106,114,6,51,076,037,14,1208,094,2,704414,,,433414,,04,1969,4.0
69IN00623,1965147822,65,2,X7822,2,76,455,2,7,,,,,,5,07,7,,760,108,,02,148,175,,49,075,040,14,,109,2,647714,,,594714,,02,1969,4.0
69IN00624,1965147823,65,2,X7823,2,75,475,2,1,,,,,,5,07,7,,752,091,,02,117,144,,51,091,037,14,,079,2,707214,,,648614,,02,1969,4.0
69IN00625,1965147833,65,2,X7833,2,76,235,2,3,,,,,,5,07,7,,760,094,,01,116,145,,29,095,045,14,,100,2,597611,,,605214,,02,1969,4.0
69IN00626,1965147834,65,2,X7834,2,82,464,4,7,,,,,,5,07,7,,,092,,04,110,145,6,25,089,044,14,1029,102,2,705714,,,491414,,05,1969,4.0
69IN00627,1965147835,65,2,X7835,2,77,464,,4,,,,,,5,07,7,,772,102,,01,133,163,,25,074,038,14,,098,2,705714,,,491414,,,1969,4.0
69IN00628,1965147845,65,2,X7845,2,77,255,4,7,,,,,,5,07,7,,770,090,,02,117,147,,19,080,039,14,,093,2,644314,,,564011,,02,1969,4.0
69IN00629,1965147846,65,2,X7846,2,77,364,4,4,,,,,,5,07,7,,772,094,,01,130,158,,21,078,039,14,,098,2,667414,,,436111,,01,1969,4.0
69IN00630,1965147851,65,2,X7851,2,26,261,2,4,,,,,,5,07,1,, 39,066,,02,113,123,2,26,065,027,14,0927,072,2,673714,,,576614,,02,1969,4.0
69IN00631,1965147853,65,2,X7853,2,78,444,4,4,,,,,,5,07,7,,782,084,,02,120,135,,54,077,034,14,,087,2,671514,,,575514,,02,1969,4.0
69IN00632,1965147854,65,2,X7854,2,73,445,4,7,,,,,,5,07,7,,731,108,,03,143,150,,37,084,049,14,,126,2,669914,,,654714,,02,1969,4.0
69IN00633,1965147858,65,2,X7858,2,73,544,2,1,,,,,,5,07,7,,731,099,,02,145,168,,37,091,042,14,,092,2,670114,,,421514,,02,1969,4.0
69IN00634,1965147862,65,2,X7862,2,76,404,2,7,,,,,,5,07,7,,761,095,,04,142,158,,24,083,044,14,,107,2,587114,,,560211,,02,1969,4.0
69IN00635,1965147866,65,2,X7866,2,44,441,2,1,,,,,,5,07,1,,,086,,,,,6,,061,030,14,0419,087,2,669914,,,461114,,02,1969,4.0
69IN00636,1965147870,65,2,X7870,2,78,544,4,1,,,,,,5,07,7,,782,130,,02,148,173,,37,084,048,14,,124,2,670114,,,624014,,02,1969,4.0
69IN00637,1965147871,65,2,X7871,2,73,404,4,4,,,,,,5,07,7,,732,098,,02,137,158,,20,086,047,14,,122,2,587114,,,475211,,02,1969,4.0
69IN00638,1965147875,65,2,X7875,2,77,475,2,7,,,,,,5,07,7,,771,088,,02,140,155,,22,078,039,14,,095,2,707214,,,497014,,01,1969,4.0
69IN00639,1965147877,65,2,X7877,2,74,374,4,1,,,,,,5,07,7,,741,097,,02,145,167,,41,087,049,14,,124,2,670214,,,939317,,05,1969,4.0
69IN00640,1965147878,65,2,X7878,2,73,374,2,4,,,,,,5,07,7,,730,099,,01,145,166,,41,073,047,14,,129,2,670214,,,939317,,02,1969,4.0
69IN00641,1965147889,65,2,X7889,2,74,495,2,7,,,,,,5,07,7,,740,096,,02,118,158,,45,083,042,14,,103,2,651814,,,359514,,03,1969,4.0
69IN00642,1965147898,65,2,X7898,2,74,395,4,4,,,,,,5,07,7,,742,094,,02,137,150,,45,076,033,14,,081,2,630314,,,561714,,01,1969,4.0
69IN00643,1965147906,65,2,X7906,2,75,255,2,1,,,,,,5,07,7,,752,084,,01,110,148,,46,076,035,14,,086,2,644314,,,545514,,02,1969,4.0
69IN00644,1965147907,65,2,X7907,2,74,255,4,4,,,,,,5,07,7,,740,083,,01,128,142,,46,080,037,14,,090,2,644314,,,545514,,02,1969,4.0
69IN00645,1965147908,65,2,X7908,2,82,445,2,4,,,,,,5,07,7,,,095,,05,140,158,3,41,065,034,14,0120,092,2,669914,,,488111,,04,1969,4.0
69IN00646,1965147911,65,2,X7911,2,73,364,4,7,,,,,,5,07,7,,731,080,,01,118,135,,34,074,032,14,,084,2,667414,,,585011,,01,1969,4.0
69IN00647,1965147914,65,2,X7914,2,76,374,4,7,,,,,,5,07,7,,,088,,03,131,145,3,44,078,040,14,1201,102,2,670214,,,425214,,02,1969,4.0
69IN00648,1965147919,65,2,X7919,2,73,395,2,1,,,,,,5,07,7,,731,094,,02,123,145,,45,086,038,14,,082,2,630314,,,607814,,02,1969,4.0
69IN00649,1965147920,65,2,X7920,2,75,495,2,4,,,,,,5,07,7,,750,096,,02,130,144,,50,079,034,14,,082,2,651814,,,532914,,02,1969,4.0
69IN00650,1965147924,65,2,X7924,2,76,505,2,8,,,,,,5,07,7,,761,111,,02,150,168,,49,083,044,14,,114,2,696014,,,613314,,02,1969,4.0
69IN00651,1965147925,65,2,X7925,2,78,495,4,1,,,,,,5,07,7,,782,086,,02,115,142,,50,083,036,14,,086,2,651814,,,457414,,02,1969,4.0
69IN00652,1965147928,65,2,X7928,2,74,394,4,7,,,,,,5,07,7,,740,097,,02,155,155,,49,070,041,14,,114,2,644014,,,624514,,02,1969,4.0
69IN00653,1965147931,65,2,X7931,2,77,545,4,4,,,,,,5,07,7,,771,092,,02,146,155,,44,070,026,14,,061,2,669514,,,519714,,02,1969,4.0
69IN00654,1965147936,65,2,X7936,2,77,295,2,1,,,,,,5,07,7,, 90,108,,02,137,159,,23,087,046,14,,110,2,712014,,,538811,,05,1969,4.0
69IN00655,1965147937,65,2,X7937,2,76,535,4,7,,,,,,5,07,7,,762,082,,02,118,130,,23,076,032,14,,074,2,682814,,,586511,,01,1969,4.0
69IN00656,1965147943,65,2,X7943,2,76,294,2,3,,,,,,5,07,7,,760,096,,02,130,153,,23,095,039,14,,086,2,673214,,,569811,,02,1969,4.0
69IN00657,1965147945,65,1,X7945,2,39,390,,,,,,27,,5,07,1,,,133,10,,190,,3,39,090,055,14,0602,120,2,644014,,,518014,,,1969,4.0
69IN00658,1965147950,65,2,X7950,2,75,274,4,1,,,,,,5,07,7,,752,088,,02,128,147,,46,076,035,14,,088,2,590211,,,535014,,02,1969,4.0
69IN00659,1965147954,65,2,X7954,2,78,394,4,4,,,,,,5,07,7,,782,087,,01,130,150,,45,083,033,14,,076,2,644014,,,579814,,02,1969,4.0
69IN00660,1965147963,65,2,X7963,2,76,445,2,7,,,,,,5,07,7,,762,090,,02,119,140,,41,074,038,14,,098,2,669914,,,583014,,02,1969,4.0
69IN00661,1965147966,65,2,X7966,2,77,194,2,1,,,,,,5,07,7,,770,097,,02,128,148,,46,098,043,14,,091,2,588411,,,492414,,02,1969,4.0
69IN00662,1965147968,65,2,X7968,2,74,265,4,7,,,,,,5,07,7,,741,090,,02,124,154,,24,063,028,14,,075,2,673714,,,544511,,02,1969,4.0
69IN00663,1965147973,65,2,X7973,2,77,395,4,7,,,,,,5,07,7,,770,093,,02,115,137,,50,076,037,14,,092,2,630314,,,490714,,01,1969,4.0
69IN00664,1965147974,65,2,X7974,2,73,494,2,3,,,,,,5,07,7,,731,088,,02,130,125,,45,082,040,14,,099,2,695514,,,603414,,02,1969,4.0
69IN00665,1965147976,65,2,X7976,2,74,234,4,7,,,,,,5,07,7,,740,088,,03,132,152,,53,070,037,14,,096,2,596011,,,252814,,03,1969,4.0
69IN00666,1965147980,65,2,X7980,2,73,504,2,7,,,,,,5,07,7,,730,102,,02,132,158,,45,080,035,14,,081,2,674914,,,595014,,04,1969,4.0
69IN00667,1965147981,65,2,X7981,2,73,454,4,1,,,,,,5,07,7,,731,106,,02,143,170,,50,068,036,14,,097,2,693014,,,464014,,05,1969,4.0
69IN00668,1965147989,65,2,X7989,2,76,544,2,4,,,,,,5,07,7,,761,103,,02,140,167,,44,091,045,14,,104,2,670114,,,348214,,02,1969,4.0
69IN00669,1965147991,65,2,X7991,2,74,195,4,7,,,,,,5,07,7,,742,083,,04,122,132,,25,075,034,14,,081,2,575311,,,611714,,04,1969,4.0
69IN00670,1965147993,65,2,X7993,2,75,295,4,1,,,,,,5,07,7,,751,097,,01,138,168,,23,082,046,14,,117,2,712014,,,584111,,02,1969,4.0
69IN00671,1965147994,65,2,X7994,2,76,254,2,7,,,,,,5,07,7,,761,095,,01,150,165,,19,075,041,14,,104,2,710814,,,552411,,02,1969,4.0
69IN00672,1965147997,65,2,X7997,2,46,460,6,1,,,,23,,5,07,1,,460,088,,02,112,136,,,077,033,14,,079,2,705714,,,420014,,,1969,4.0
69IN00673,1965147998,65,2,X7998,2,46,460,7,4,,,,23,,5,07,1,,460,074,,04,122,133,,,077,036,14,,088,2,705714,,,420014,,,1969,4.0
69IN00674,1965148003,65,2,X8003,2,77,444,2,4,,,,,,5,07,7,,772,094,,01,138,158,,37,077,035,14,,085,2,671514,,,359114,,02,1969,4.0
69IN00675,1965148004,65,2,X8004,2,76,444,2,1,,,,,,5,07,7,,761,079,,02,107,126,,37,080,034,14,,082,2,671514,,,359114,,01,1969,4.0
69IN00676,1965148006,65,2,X8006,2,75,295,2,7,,,,,,5,07,7,,750,111,,01,157,175,,32,077,046,14,,128,2,712014,,,543711,,01,1969,4.0
69IN00677,1965148007,65,2,X8007,2,51,510,4,5,,,,,,5,07,1,, 39,103,,02,127,128,2,51,098,037,14,0927,073,2,636614,,,412414,,02,1969,4.0
69IN00678,1965148008,65,2,X8008,2,50,500,2,7,,,,,,5,07,1,, 38,092,,02,132,145,2,50,079,037,14,0927,094,2,674914,,,632014,,02,1969,4.0
69IN00679,1965148009,65,2,X8009,2,76,414,2,7,,,,,,5,07,7,,760,093,,02,148,170,,44,086,045,14,,112,2,663114,,,500214,,02,1969,4.0
69IN00680,1965148015,65,2,X8015,2,75,535,4,4,,,,,,5,07,7,,750,076,,02,105,114,,23,078,034,14,,083,2,682814,,,541011,,05,1969,4.0
69IN00681,1965148018,65,2,X8018,2,50,501,2,8,,,,,,5,07,1,, 39,094,,01,123,128,2,50,076,029,14,0927,065,2,696014,,,170414,,02,1969,4.0
69IN00682,1965148021,65,2,X8021,2,37,371,4,7,,,,,,5,07,1,, 39,083,,01,120,133,2,37,075,030,14,0927,075,2,682914,,,473114,,04,1969,4.0
69IN00683,1965148024,65,2,X8024,2,76,464,2,7,,,,,,5,07,7,,762,094,,02,128,147,,25,084,043,14,,103,2,705714,,,608614,,02,1969,4.0
69IN00684,1965148025,65,2,X8025,2,75,545,4,1,,,,,,5,07,7,,752,102,,03,142,160,,44,071,036,14,,091,2,669514,,,620514,,02,1969,4.0
69IN00685,1965148026,65,2,X8026,2,77,415,4,7,,,,,,5,07,7,,770,089,,01,155,177,,37,072,031,14,,073,2,625214,,,627814,,02,1969,4.0
69IN00686,1965148027,65,2,X8027,2,74,535,4,7,,,,,,5,07,7,,742,083,,01,110,127,,23,089,039,14,,091,2,682814,,,565711,,01,1969,4.0
69IN00687,1965148028,65,2,X8028,2,76,204,4,1,,,,,,5,07,7,,761,098,,02,142,160,,40,077,038,14,,093,2,590811,,,689914,,02,1969,4.0
69IN00688,1965148030,65,2,X8030,2,78,464,4,4,,,,,,5,07,7,,781,091,,02,133,155,,27,092,045,14,,100,2,705714,,,528711,,02,1969,4.0
69IN00689,1965148032,65,2,X8032,2,29,290,4,4,,,,,,5,07,1,, 38,093,,02,141,160,2,29,097,049,14,0927,122,2,673214,,,574214,,02,1969,4.0
69IN00690,1965148041,65,2,X8041,2,78,455,2,1,,,,,,5,07,7,,780,097,,04,150,185,,39,095,044,14,,101,2,647714,,,575414,,04,1969,4.0
69IN00691,1965148046,65,2,X8046,2,49,491,2,1,,,,,,5,07,1,, 38,084,,02,130,150,2,49,089,036,14,0927,080,2,651814,,,606314,,05,1969,4.0
69IN00692,1965148047,65,2,X8047,2,76,514,2,1,,,,,,5,07,7,,,094,,,143,,7,22,077,038,14,1112,094,2,636614,,,612814,,01,1969,4.0
69IN00693,1965148048,65,2,X8048,2,74,405,4,4,,,,,,5,07,7,,742,096,,03,145,157,,24,080,040,14,,098,2,578514,,,499911,,05,1969,4.0
69IN00694,1965148054,65,2,X8054,2,75,515,2,4,,,,,,5,07,7,,752,078,,01,123,128,,22,074,035,14,,093,2,698814,,,497514,,02,1969,4.0
69IN00695,1965148056,65,2,X8056,2,78,354,4,1,,,,,,5,07,7,,780,104,,02,150,163,,22,081,045,14,,111,2,647814,,,598214,,01,1969,4.0
69IN00696,1965148057,65,2,X8057,2,78,545,2,7,,,,,,5,07,7,,780,106,,02,135,150,,41,072,037,14,,098,2,669514,,,619414,,02,1969,4.0
69IN00697,1965148060,65,2,X8060,2,73,264,2,7,,,,,,5,07,7,,731,107,,08,158,164,,24,068,034,14,,088,2,682614,,,558011,,02,1969,4.0
69IN00698,1965148064,65,2,X8064,2,76,194,4,1,,,,,,5,07,7,,762,102,,01,136,160,,46,074,038,14,,095,2,588411,,,599014,,}2,1969,4.0
69IN00699,1965148071,65,2,X8071,2,75,395,4,4,,,,,,5,07,7,,752,095,,01,140,170,,50,075,030,14,,071,2,630314,,,642914,,02,1969,4.0
69IN00700,1965148073,65,2,X8073,2,76,465,2,1,,,,,,5,07,7,,761,100,,02,138,147,,19,089,042,14,,095,2,693414,,,548311,,02,1969,4.0
69IN00701,1965148075,65,2,X8075,2,76,364,2,5,,,,,,5,07,7,, 90,097,,02,150,165,,21,080,042,14,,106,2,667414,,,575811,,01,1969,4.0
69IN00702,1965148077,65,2,X8077,2,53,531,2,4,,,,,,5,07,1,, 39,075,,02,118,138,2,53,083,033,14,0927,077,2,682814,,,50511,,02,1969,4.0
69IN00703,1965148078,65,2,X8078,2,78,454,2,5,,,,,,5,07,7,,,087,,,128,,6,50,084,037,14,0805,087,2,693014,,,620414,,02,1969,4.0
69IN00704,1965148082,65,2,X8082,2,77,545,4,1,,,,,,5,07,7,,770,087,,02,120,143,,37,077,039,14,,099,2,669514,,,505814,,02,1969,4.0
69IN00705,1965148083,65,2,X8083,2,75,235,4,5,,,,,,5,07,7,,750,094,,,,,,29,079,038,14,,093,2,597611,,,519014,,01,1969,4.0
69IN00706,1965148087,65,2,X8087,2,75,545,2,5,,,,,,5,07,7,,751,102,,02,151,178,,37,076,043,14,,114,2,669514,,,574514,,02,1969,4.0
69IN00707,1965148093,65,2,X8093,2,77,495,2,8,,,,,,5,07,7,,770,094,,05,137,158,,50,092,032,14,,061,2,651814,,,649214,,04,1969,4.0
69IN00708,1965148096,65,2,X8096,2,22,220,4,1,,,,,,5,07,1,, 38,080,,01,120,146,2,22,058,024,14,0927,069,2,677214,,,271814,,01,1969,4.0
69IN00709,1965148099,65,1,X8099,2,46,460,,,,,,32,,5,07,1,,,098,14,,195,205,3,46,077,036,14,0812,100,2,705714,,218,540814,,,1969,4.0
69IN00710,1965148102,65,2,X8102,2,74,294,4,1,,,,,,5,07,7,,742,068,,01,95,106,,53,077,031,14,,077,2,673214,,,612314,,02,1969,4.0
69IN00711,1965148115,65,2,X8115,2,77,504,2,4,,,,,,5,07,7,,771,090,12,02,128,143,,39,077,037,14,,094,2,674914,,,398614,,01,1969,4.0
69IN00712,1965148117,65,2,X8117,2,41,410,4,1,,,,,,5,07,1,, 38,114,11,02,147,165,2,41,082,044,14,0927,108,2,663114,,,882017,,02,1969,4.0
69IN00713,1966148120,66,2,X8120,2,78,324,4,,,,,,,4,07,7,1,781,096,11,02,137,148,,44,076,,14,,089,2,604211,,,609614,,01,1969,3.0
69IN00714,1966148129,66,2,X8129,2,76,214,2,,,,,,,4,07,7,3,760,100,10,01,132,155,,39,095,,14,,110,3,607511,,,518014,,01,1969,3.0
69IN00715,1966148143,66,2,X8143,2,77,515,2,,,,,,,4,07,7,3,772,101,11,02,136,156,,29,087,,14,,089,2,752714,,,743814,,01,1969,3.0
69IN00716,1966148144,66,2,X8144,2,73,444,2,,,,,,,4,07,7,1,732,109,12,01,178,193,,32,085,,14,,106,2,713514,,,534811,,05,1969,3.0
69IN00717,1966148145,66,2,X8145,2,77,444,4,,,,,,,4,07,7,1,772,093,09,02,132,140,,32,057,,14,,093,3,713514,,,534811,,02,1969,3.0
69IN00718,1966148148,66,2,X8148,2,75,355,4,,,,,,,4,07,7,3,750,101,11,02,141,160,,45,073,,14,,102,2,752414,,,509014,,02,1969,3.0
69IN00719,1966148150,66,2,X8150,2,73,225,2,,,,,,,4,07,7,3,730,106,14,01,117,145,,39,074,,14,,143,2,736214,,,578014,,02,1969,3.0
69IN00720,1966148152,66,2,X8152,2,75,214,4,,,,,,,4,07,7,3,752,080,13,02,108,126,,46,094,,14,,099,2,607511,,,421414,,02,1969,3.0
69IN00721,1966148156,66,2,X8156,2,46,461,6,,,,,32,,4,07,1,3,460,090,12,02,107,137,,,086,,14,,094,2,693314,,,599214,,,1969,3.0
69IN00722,1966148157,66,2,X8157,2,46,461,7,,,,,32,,4,07,1,3,,077,10,,100,,6,,066,,14,0624,075,2,693314,,,599214,,,1969,3.0
69IN00723,1966148160,66,2,X8160,2,75,454,2,,,,,,,4,07,7,1,751,110,12,02,140,168,,54,087,,14,,106,2,722414,,,306514,,05,1969,3.0
69IN00724,1966148161,66,2,X8161,2,73,454,2,,,,,,,4,07,7,1,731,093,13,02,129,153,,54,088,,14,,097,2,722414,,,306514,,02,1969,3.0
69IN00725,1966148167,66,2,X8167,2,78,375,4,,,,,,,4,07,7,1,780,101,10,02,118,143,,25,079,,14,,104,2,720914,,,566914,,01,1969,3.0
69IN00726,1966148172,66,2,X8172,2,76,374,,,,,,,,4,07,7,1,762,097,10,02,160,165,,26,082,,14,,110,2,720514,,,462314,,,1969,3.0
69IN00727,1966148174,66,2,X8174,2,77,395,4,,,,,,,4,07,7,3,770,096,13,01,140,158,,22,081,,14,,111,2,717314,,,601814,,02,1969,3.0
69IN00728,1966148181,66,2,X8181,2,74,455,4,,,,,,,4,07,7,3,,099,13,,,,6,23,081,,14,0419,109,2,776514,,,600411,,02,1969,3.0
69IN00729,1966148184,66,2,X8184,2,77,405,4,,,,,,,4,07,7,3,772,105,13,01,129,145,,41,084,,14,,165,2,719014,,,542114,,02,1969,3.0
69IN00730,1966148192,66,2,X8192,2,76,444,2,,,,,,,4,07,7,1,760,111,10,02,143,165,,32,095,,14,,110,2,713514,,,613611,,02,1969,3.0
69IN00731,1966148194,66,2,X8194,2,73,474,4,,,,,,,4,07,7,3,,100,12,12,127,133,3,36,073,,14,0127,102,2,652914,,,304014,,02,1969,3.0
69IN00732,1966148195,66,2,X8195,2,77,204,2,,,,,,,4,07,7,3,771,103,10,01,133,154,,49,073,,14,,121,2,598111,,,383014,,02,1969,3.0
69IN00733,1966148198,66,2,X8198,2,76,354,4,,,,,,,4,07,7,1,761,092,14,04,121,148,,54,093,,14,,111,2,718914,,,520514,,04,1969,3.0
69IN00734,1966148203,66,2,X8203,2,75,414,4,,,,,,,4,07,7,1,750,100,12,02,152,163,,40,089,,14,,113,2,718414,,,600914,,01,1969,3.0
69IN00735,1966148208,66,2,X8208,2,77,325,2,,,,,,,4,07,7,5,772,093,13,02,118,142,,44,086,,14,,098,2,610911,,,500214,,02,1969,3.0
69IN00736,1966148212,66,2,X8212,2,76,224,4,,,,,,,4,07,7,3,762,113,15,01,122,148,,46,076,,14,,122,2,754614,,,420014,,01,1969,3.0
69IN00737,1966148213,66,2,X8213,2,73,354,2,,,,,,,4,07,7,1,732,087,14,02,127,150,,45,073,,14,,122,2,718914,,,537614,,01,1969,3.0
69IN00738,1966148222,66,2,X8222,2,76,394,2,,,,,,,4,07,7,1,760,093,14,02,111,135,,22,088,,14,,104,2,750714,,,497014,,03,1969,3.0
69IN00739,1966148231,66,2,X8231,2,46,460,6,,,,,38,,4,07,1,3,460,082,12,02,110,135,,,074,,14,,080,2,753414,,,451214,,,1969,3.0
69IN00740,1966148232,66,2,X8232,2,78,445,2,,,,,,,4,07,7,3,,100,10,11,124,140,3,49,070,,14,1201,112,2,741414,,,613314,,01,1969,3.0
69IN00741,1966148241,66,2,X8241,2,78,225,4,,,,,,,4,07,7,3,780,087,13,02,125,137,,39,087,,14,,115,2,736214,,,385314,,01,1969,3.0
69IN00742,1966148244,66,2,X8244,2,74,265,2,,,,,,,4,07,7,1,740,080,13,01,115,140,,53,087,,14,,063,2,746914,,,740014,,01,1969,3.0
69IN00743,1966148256,66,2,X8256,2,73,474,4,,,,,,,4,07,7,3,,114,12,,137,,7,34,071,,14,1112,100,2,652914,,,551411,,02,1969,3.0
69IN00744,1966148257,66,1,X8257,2,54,541,,,,,,30,,4,07,1,,225,,,,220,245,2,,,,14,0927,131,2,657514,,242,753614,,,1969,3.0
69IN00745,1966148259,66,2,X8259,2,73,365,4,,,,,,,4,07,7,3, 90,088,14,04,127,144,,34,073,,14,,085,2,622014,,,580711,,02,1969,3.0
69IN00746,1966148262,66,2,X8262,2,76,325,4,,,,,,,4,07,7,3,760,100,11,02,128,155,,49,067,,14,,119,2,610911,,,569214,,02,1969,3.0
69IN00747,1966148263,66,2,X8263,2,78,354,2,,,,,,,4,07,7,1,782,118,10,02,148,140,,45,088,,14,,122,4,718914,,,623414,,02,1969,3.0
69IN00748,1966148265,66,2,X8265,2,78,515,2,,,,,,,4,07,7,3,782,098,09,01,125,155,,19,093,,14,,106,2,752714,,,564911,,02,1969,3.0
69IN00749,1966148266,66,2,X8266,2,75,254,4,,,,,,,4,07,7,1,,099,11,,122,,7,53,079,,14,1112,109,2,647514,,,606614,,01,1969,3.0
69IN00750,1966148267,66,1,X8267,2,35,350,,,,,,36,,4,07,1,,225,,,,210,245,2,,,,14,0927,135,2,718914,,232,469714,,,1969,3.0
69IN00751,1966148271,66,2,X8271,2,75,325,2,,,,,,,4,07,7,1,752,090,11,01,123,140,,49,076,,14,,084,2,610911,,,492914,,01,1969,3.0
69IN00752,1966148273,66,2,X8273,2,76,504,2,,,,,,,4,07,7,1,,090,15,11,132,133,3,40,082,,14,1229,073,2,657914,,,557314,,02,1969,3.0
69IN00753,1966148274,66,2,X8274,2,74,214,4,,,,,,,4,07,7,3,742,088,14,01,115,142,,46,083,,14,,113,2,607511,,,732514,,02,1969,3.0
69IN00754,1966148282,66,2,X8282,2,76,254,4,,,,,,,4,07,7,1,762,094,15,01,134,148,,37,087,,14,,095,2,647514,,,750314,,01,1969,3.0
69IN00755,1966148284,66,2,X8284,2,77,275,4,,,,,,,4,07,7,3,,096,13,13,128,138,3,40,102,,14,0120,096,2,599811,,,517214,,02,1969,3.0
69IN00756,1966148287,66,2,X8287,2,35,351,6,,,,,35,,4,07,1,3,350,096,10,02,119,142,,,084,,14,,109,2,752414,,,580114,,,1969,3.0
69IN00757,1966148290,66,2,X8290,2,73,415,4,,,,,,,4,07,7,3,730,052,09,06,88,95,,40,063,,14,,039,2,712814,,,571314,,01,1969,3.0
69IN00758,1966148291,66,2,X8291,2,76,274,2,,,,,,,4,07,7,1,761,111,09,01,136,156,,50,105,,14,,112,3,602711,,,358214,,02,1969,3.0
69IN00759,1966148293,66,2,X8293,2,73,235,2,,,,,,,4,07,7,3,732,100,11,02,128,151,,45,095,,14,,095,2,608411,,,473614,,02,1969,3.0
69IN00760,1966148295,66,2,X8295,2,77,465,2,,,,,,,4,07,7,3,770,089,13,02,118,153,,39,072,,14,,097,2,693314,,,440814,,02,1969,3.0
69IN00761,1966148301,66,2,X8301,2,75,544,4,,,,,,,4,07,7,3,,094,11,,,,6,45,088,,14,0509,101,2,715214,,,579814,,01,1969,3.0
69IN00762,1966148306,66,2,X8306,2,73,274,2,,,,,,,4,07,7,3,732,104,08,02,134,153,,41,092,,14,,102,2,602711,,,652014,,02,1969,3.0
69IN00763,1966148307,66,2,X8307,2,74,545,4,,,,,,,4,07,7,1,742,105,11,02,141,175,,45,082,,14,,108,2,657514,,,720314,,02,1969,3.0
69IN00764,1966148308,66,2,X8308,2,74,194,2,,,,,,,4,07,7,1,741,103,12,02,133,155,,29,078,,14,,117,2,596511,,,554314,,01,1969,3.0
69IN00765,1966148314,66,2,X8314,2,75,355,4,,,,,,,4,07,7,1,752,092,11,02,123,143,,54,091,,14,,110,2,752414,,,494514,,02,1969,3.0
69IN00766,1966148316,66,2,X8316,2,73,195,4,,,,,,,4,07,7,1,730,090,13,01,128,140,,29,092,,14,,116,2,580611,,,565514,,02,1969,3.0
69IN00767,1966148327,66,2,X8327,2,73,224,2,,,,,,,4,07,7,3,732,088,13,05,110,130,,21,090,,14,,107,2,754614,,,577611,,01,1969,3.0
69IN00768,1966148329,66,2,X8329,2,46,460,7,,,,,39,,4,07,1,3,460,083,09,02,112,128,,,075,,14,,101,2,753414,,,602814,,,1969,3.0
69IN00769,1966148330,66,2,X8330,2,46,460,6,,,,,39,,4,07,1,3,460,092,10,11,118,138,,,082,,14,,078,2,753414,,,602814,,,1969,3.0
69IN00770,1966148335,66,2,X8335,2,73,495,4,,,,,,,4,07,7,3,732,098,09,02,133,144,,44,081,,14,,111,2,732314,,,626214,,02,1969,3.0
69IN00771,1966148341,66,2,X8341,2,74,324,,,,,,,,4,07,7,1,742,086,11,04,150,153,,49,067,,14,,098,2,604211,,,474014,,,1969,3.0
69IN00772,1966148342,66,2,X8342,2,73,544,2,,,,,,,4,07,7,1,732,090,12,01,98,128,,45,082,,14,,112,2,715214,,,747814,,01,1969,3.0
69IN00773,1966148356,66,2,X8356,2,73,355,4,,,,,,,4,07,7,1,730,104,12,02,138,155,,23,074,,14,,113,2,752414,,,541011,,04,1969,3.0
69IN00774,1966148362,66,2,X8362,2,73,495,2,,,,,,,4,07,7,3,730,095,14,01,133,148,,20,075,,14,,094,2,732314,,,571611,,01,1969,3.0
69IN00775,1966148363,66,2,X8363,2,73,265,4,,,,,,,4,07,7,3,730,108,11,01,152,150,,25,081,,14,,093,2,746914,,,653214,,01,1969,3.0
69IN00776,1966148365,66,2,X8365,2,75,394,4,,,,,,,4,07,7,3,751,070,12,02,103,120,,21,079,,14,,085,2,750714,,,489511,,04,1969,3.0
69IN00777,1966148367,66,2,X8367,2,78,234,2,,,,,,,4,07,7,3,781,100,13,01,132,140,,45,086,,14,,120,2,602111,,,490814,,02,1969,3.0
69IN00778,1966148368,66,2,X8368,2,74,514,2,,,,,,,4,07,7,1,740,078,13,02,110,123,,24,088,,14,,087,2,746614,,,582511,,02,1969,3.0
69IN00779,1966148370,66,2,X8370,2,78,225,4,,,,,,,4,07,7,3,,092,14,,128,,7,21,087,,14,1112,119,2,736214,,,576911,,01,1969,3.0
69IN00780,1966148371,66,2,X8371,2,77,295,4,,,,,,,4,07,7,1,772,115,12,01,155,180,,24,096,,14,,140,3,661914,,,550011,,01,1969,3.0
69IN00781,1966148373,66,2,X8373,2,74,255,2,,,,,,,4,07,7,1,742,083,10,02,113,130,,53,086,,14,,089,2,644714,,,505114,,02,1969,3.0
69IN00782,1966148375,66,2,X8375,2,75,215,2,,,,,,,4,07,7,3,751,106,13,01,142,180,,39,071,,14,,125,2,609511,,,541214,,02,1969,3.0
69IN00783,1966148378,66,2,X8378,2,76,465,4,,,,,,,4,07,7,3,761,084,10,02,115,143,,22,075,,14,,089,1,693314,,,535114,,01,1969,3.0
69IN00784,1966148383,66,2,X8383,2,78,194,2,,,,,,,4,07,7,1,781,092,11,01,105,144,,29,097,,14,,126,4,596511,,,742214,,01,1969,3.0
69IN00785,1966148386,66,2,X8386,2,78,244,4,,,,,,,4,07,7,1,780,091,12,01,116,142,,29,092,,14,,099,2,603111,,,724814,,02,1969,3.0
69IN00786,1966148389,66,2,X8389,2,78,475,4,,,,,,,4,07,7,1,782,096,08,02,128,154,,34,072,,14,,102,2,631614,,,526511,,02,1969,3.0
69IN00787,1966148399,66,2,X8399,2,76,254,2,,,,,,,4,07,7,3,761,092,09,02,118,134,,26,077,,14,,092,2,647514,,,499214,,02,1969,3.0
69IN00788,1966148400,66,2,X8400,2,73,455,2,,,,,,,4,07,7,1,732,098,13,01,130,150,,23,095,,14,,113,2,776514,,,613311,,01,1969,3.0
69IN00789,1966148403,66,2,X8403,2,76,204,2,,,,,,,4,07,7,3,,103,11,,,,6,49,078,,14,0503,085,2,598111,,,624514,,01,1969,3.0
69IN00790,1966148407,66,2,X8407,2,73,394,4,,,,,,,4,07,7,3,732,078,15,02,102,130,,46,085,,14,,086,2,750714,,,649414,,02,1969,3.0
69IN00791,1966148408,66,2,X8408,2,78,394,4,,,,,,,4,07,7,3,781,072,15,02,101,110,,46,080,,14,,071,2,750714,,,649414,,02,1969,3.0
69IN00792,1966148410,66,2,X8410,2,76,514,2,,,,,,,4,07,7,1,761,092,09,02,113,127,,29,078,,14,,088,2,746614,,,750014,,02,1969,3.0
69IN00793,1966148412,66,2,X8412,2,74,514,4,,,,,,,4,07,7,3,740,088,12,,128,,,29,100,,14,,107,2,746614,,,644414,,02,1969,3.0
69IN00794,1966148423,66,2,X8423,2,75,465,4,,,,,,,4,07,7,3,750,091,15,01,117,133,,22,077,,14,,094,2,693314,,,622714,,01,1969,3.0
69IN00795,1966148425,66,2,X8425,2,78,414,2,,,,,,,4,07,7,1,782,066,10,01,142,147,,27,081,,14,,091,2,718414,,,610111,,02,1969,3.0
69IN00796,1966148426,66,2,X8426,2,74,534,2,,,,,,,4,07,7,1,741,098,14,02,131,150,,25,081,,14,,103,2,723314,,,611714,,01,1969,3.0
69IN00797,1966148427,66,2,X8427,2,73,534,4,,,,,,,4,07,7,1,730,109,11,02,135,160,,25,087,,14,,106,5,723314,,,611714,,04,1969,3.0
69IN00798,1966148428,66,2,X8428,2,78,294,4,,,,,,,4,07,7,3,782,085,11,01,126,146,,51,085,,14,,133,2,733714,,,570514,,02,1969,3.0
69IN00799,1966148433,66,2,X8433,2,77,265,4,,,,,,,4,07,7,1,771,110,09,01,148,180,,37,095,,14,,126,2,746914,,,544514,,02,1969,3.0
69IN00800,1966148438,66,2,X8438,2,75,255,4,,,,,,,4,07,7,3,750,106,11,02,137,158,,37,076,,14,,122,2,644714,,,654714,,02,1969,3.0
69IN00801,1966148448,66,2,X8448,2,77,414,4,,,,,,,4,07,7,1,771,098,09,02,146,160,,27,097,,14,,105,3,718414,,,571911,,02,1969,3.0
69IN00802,1966148449,66,2,X8449,2,76,414,2,,,,,,,4,07,7,1,761,098,10,01,153,175,,27,074,,14,,095,2,718414,,,571911,,01,1969,3.0
69IN00803,1966148450,66,2,X8450,2,76,275,,,,,,,,4,07,7,3,,098,10,,140,,7,40,090,,14,1112,093,3,599811,,,756014,,,1969,3.0
69IN00804,1966148454,66,2,X8454,2,75,225,4,,,,,,,4,07,7,3,750,095,13,01,126,160,,46,072,,14,,103,1,736214,,,599014,,02,1969,3.0
69IN00805,1966148459,66,2,X8459,2,78,235,2,,,,,,,4,07,7,1,782,086,09,02,115,138,,54,086,,14,,080,2,608411,,,605614,,02,1969,3.0
69IN00806,1966148461,66,2,X8461,2,76,265,2,,,,,,,4,07,7,1,760,066,14,02,93,115,,37,070,,14,,052,2,746914,,,749814,,01,1969,3.0
69IN00807,1966148465,66,1,X8465,2,50,501,,,,,,30,,4,07,1,,225,,,,195,230,2,,,,14,0927,116,2,762414,,229,464014,,,1969,3.0
69IN00808,1966148470,66,2,X8470,2,78,195,4,,,,,,,4,07,7,3,782,098,13,01,144,165,,51,078,,14,,101,2,580611,,,542414,,02,1969,3.0
69IN00809,1966148472,66,2,X8472,2,73,405,,,,,,,,4,07,7,3,731,085,09,01,128,148,,27,077,,14,,088,2,719014,,,563111,,,1969,3.0
69IN00810,1966148479,66,2,X8479,2,75,504,2,,,,,,,4,07,7,3,,096,13,,,,6,40,079,,14,0418,081,2,657914,,,731914,,02,1969,3.0
69IN00811,1966148482,66,2,X8482,2,74,214,4,,,,,,,4,07,7,3,,108,12,12,145,158,3,39,095,,14,1201,105,3,607511,,,732214,,01,1969,3.0
69IN00812,1966148483,66,2,X8483,2,78,414,,,,,,,,4,07,7,1,780,115,11,02,155,170,,50,084,,14,,087,2,718414,,,295114,,,1969,3.0
69IN00813,1966148485,66,2,X8485,2,76,325,4,,,,,,,4,07,7,3,762,088,11,02,108,130,,44,069,,14,,105,2,610911,,,620514,,02,1969,3.0
69IN00814,1966148490,66,2,X8490,2,73,224,4,,,,,,,4,07,7,3,731,102,14,02,138,155,,46,088,,14,,099,3,754614,,,545514,,02,1969,3.0
69IN00815,1966148494,66,2,X8494,2,75,265,,,,,,,,4,07,7,1,751,093,14,01,140,150,,37,080,,14,,080,2,746914,,,624014,,,1969,3.0
69IN00816,1966148500,66,2,X8500,2,75,204,2,,,,,,,4,07,7,3,750,088,13,02,135,144,,49,078,,14,,087,2,598111,,,537914,,01,1969,3.0
69IN00817,1966148510,66,2,X8510,2,76,504,4,,,,,,,4,07,7,3,762,066,09,01,104,125,,41,063,,14,,062,2,657914,,,619214,,01,1969,3.0
69IN00818,1966148511,66,2,X8511,2,74,495,4,,,,,,,4,07,7,1,740,103,09,02,143,158,,32,069,,14,,091,2,732314,,,548411,,01,1969,3.0
69IN00819,1966148512,66,2,X8512,2,73,495,2,,,,,,,4,07,7,1,731,086,09,01,118,137,,32,067,,14,,097,2,732314,,,548411,,01,1969,3.0
69IN00820,1966148513,66,2,X8513,2,75,445,2,,,,,,,4,07,7,1,752,096,09,02,124,150,,32,073,,14,,122,2,741414,,,543711,,02,1969,3.0
69IN00821,1966148516,66,2,X8516,2,77,535,2,,,,,,,4,07,7,1,771,092,09,02,118,152,,37,092,,14,,102,2,753714,,,729014,,02,1969,3.0
69IN00822,1966148517,66,2,X8517,2,76,454,4,,,,,,,4,07,7,3,762,105,10,02,130,153,,35,087,,14,,109,2,722414,,,647414,,02,1969,3.0
69IN00823,1966148518,66,2,X8518,2,77,355,2,,,,,,,4,07,7,3,,113,11,04,131,163,3,45,090,,14,1201,125,2,752414,,,613414,,02,1969,3.0
69IN00824,1966148522,66,2,X8522,2,75,324,4,,,,,,,4,07,7,1,751,076,12,01,116,145,,44,074,,14,,078,2,604211,,,477614,,02,1969,3.0
69IN00825,1966148523,66,2,X8523,2,74,324,4,,,,,,,4,07,7,1,740,094,12,02,116,134,,44,082,,14,,102,2,604211,,,477614,,02,1969,3.0
69IN00826,1966148527,66,2,X8527,2,78,474,2,,,,,,,4,07,7,3,780,104,09,02,135,155,,36,071,,14,,082,2,652914,,,731414,,01,1969,3.0
69IN00827,1966148534,66,2,X8534,2,75,254,4,,,,,,,4,07,7,1,752,103,14,02,150,170,,26,071,,14,,088,2,647514,,,641614,,11,1969,3.0
69IN00828,1966148537,66,2,X8537,2,75,245,4,,,,,,,4,07,7,3,751,103,16,02,128,140,,51,094,,14,,102,2,603611,,,624914,,02,1969,3.0
69IN00829,1966148543,66,2,X8543,2,74,404,4,,,,,,,4,07,7,3,740,086,11,01,125,128,,50,085,,14,,070,2,753514,,,613114,,01,1969,3.0
69IN00830,1966148559,66,2,X8559,2,77,244,2,,,,,,,4,07,7,1,772,104,09,02,155,150,,29,081,,14,,094,2,603111,,,621414,,02,1969,3.0
69IN00831,1966148568,66,2,X8568,2,74,505,4,,,,,,,4,07,7,3,741,095,10,02,118,133,,27,087,,14,,128,2,762414,,,579811,,02,1969,3.0
69IN00832,1966148572,66,2,X8572,2,74,415,2,,,,,,,4,07,7,1,741,092,09,02,140,155,,27,090,,14,,086,3,712814,,,569111,,02,1969,3.0
69IN00833,1966148579,66,2,X8579,2,74,245,2,,,,,,,4,07,7,3,741,095,15,01,132,158,,51,079,,14,,099,2,603611,,,481114,,01,1969,3.0
69IN00834,1966148581,66,2,X8581,2,76,394,4,,,,,,,4,07,7,3,762,086,13,02,112,117,,46,070,,14,,090,2,750714,,,535014,,02,1969,3.0
69IN00835,1966148591,66,2,X8591,2,75,274,2,,,,,,,4,07,7,3,750,094,13,02,130,145,,40,090,,14,,092,2,602711,,,753014,,07,1969,3.0
69IN00836,1966148602,66,2,X8602,2,76,464,2,,,,,,,4,07,7,3,760,092,15,01,116,143,,39,084,,14,,078,2,753414,,,718214,,05,1969,3.0
69IN00837,1966148611,66,2,X8611,2,76,234,4,,,,,,,4,07,7,3,761,088,09,04,123,133,,35,083,,14,,079,2,602111,,,492714,,02,1969,3.0
69IN00838,1966148625,66,2,X8625,2,77,364,4,,,,,,,4,07,7,3,771,100,11,02,127,146,,34,091,,14,,117,2,726414,,,549811,,02,1969,3.0
69IN00839,1966148628,66,2,X8628,2,76,375,2,,,,,,,4,07,7,1,761,094,11,02,142,157,,53,089,,14,,102,3,720914,,,560214,,01,1969,3.0
69IN00840,1966148632,66,2,X8632,2,74,454,4,,,,,,,4,07,7,1,742,118,09,02,158,180,,35,093,,14,,112,2,722414,,,739414,,02,1969,3.0
69IN00841,1966148643,66,2,X8643,2,78,545,4,,,,,,,4,07,7,1,781,096,11,02,132,145,,45,080,,14,,095,2,657514,,,595014,,02,1969,3.0
69IN00842,1966148644,66,2,X8644,2,77,545,4,,,,,,,4,07,7,1,772,103,10,02,117,148,,45,088,,14,,086,2,657514,,,595014,,02,1969,3.0
69IN00843,1966148647,66,2,X8647,2,73,455,2,,,,,,,4,07,7,3,730,107,13,01,148,155,,35,082,,14,,105,2,776514,,,618414,,01,1969,3.0
69IN00844,1966148657,66,2,X8657,2,78,534,2,,,,,,,4,07,7,1,780,122,13,02,140,172,,25,088,,14,,115,2,723314,,,491414,,02,1969,3.0
69IN00845,1966148660,66,2,X8660,2,78,535,2,,,,,,,4,07,7,1,780,083,15,,127,,,26,089,,14,,075,2,753714,,,752614,,02,1969,3.0
69IN00846,1966148661,66,2,X8661,2,78,454,2,,,,,,,4,07,7,3,781,092,11,02,128,150,,23,082,,14,,091,2,722414,,,600611,,01,1969,3.0
69IN00847,1966148662,66,2,X8662,2,73,325,2,,,,,,,4,07,7,1,731,096,11,02,118,140,,49,075,,14,,107,2,610911,,,735614,,01,1969,3.0
69IN00848,1966148664,66,2,X8664,2,73,515,2,,,,,,,4,07,7,1,731,104,11,02,136,153,,29,095,,14,,103,3,752714,,,643414,,02,1969,3.0
69IN00849,1966148669,66,2,X8669,2,77,295,4,,,,,,,4,07,7,1,771,088,09,01,98,142,,51,081,,14,,087,2,661914,,,742614,,01,1969,3.0
69IN00850,1966148671,66,2,X8671,2,78,515,4,,,,,,,4,07,7,1,,098,09,,118,,3,29,094,,14,0630,090,2,752714,,,643414,,02,1969,3.0
69IN00851,1966148672,66,2,X8672,2,77,444,4,,,,,,,4,07,7,3,771,093,11,01,122,140,,49,079,,14,,085,2,713514,,,606314,,02,1969,3.0
69IN00852,1966148683,66,2,X8683,2,75,505,2,,,,,,,4,07,7,1,752,124,12,02,170,178,,41,084,,14,,145,2,762414,,,731314,,01,1969,3.0
69IN00853,1966148684,66,2,X8684,2,78,264,4,,,,,,,4,07,7,3,781,082,15,01,116,144,,25,080,,14,,089,2,641414,,,745214,,02,1969,3.0
69IN00854,1966148685,66,2,X8685,2,77,264,4,,,,,,,4,07,7,3,770,078,13,01,110,128,,25,073,,14,,075,2,641414,,,745214,,02,1969,3.0
69IN00855,1966148686,66,2,X8686,2,74,395,4,,,,,,,4,07,7,1,742,100,15,01,130,160,,21,080,,14,,090,2,717314,,,607311,,02,1969,3.0
69IN00856,1966148687,66,2,X8687,2,73,255,2,,,,,,,4,07,7,1,,097,10,11,130,155,3,53,086,,14,0120,110,2,644714,,,612314,,01,1969,3.0
69IN00857,1966148688,66,2,X8688,2,76,365,2,,,,,,,4,07,7,1,760,098,11,02,133,128,,34,081,,14,,098,2,622014,,,608611,,02,1969,3.0
69IN00858,1966148689,66,2,X8689,2,77,534,4,,,,,,,4,07,7,1,770,088,08,01,115,130,,26,082,,14,,090,2,723314,,,747514,,01,1969,3.0
69IN00859,1966148695,66,1,X8695,2,46,461,,,,,,24,,4,07,1,,,,,,145,185,3,,,,14,0812,098,2,693314,,183,739714,,,1969,3.0
69IN00860,1966148696,66,2,X8696,2,76,265,2,,,,,,,4,07,7,3,762,080,13,01,102,122,,25,076,,14,,080,2,746914,,,745314,,02,1969,3.0
69IN00861,1966148697,66,2,X8697,2,74,265,,,,,,,,4,07,7,3,741,080,10,01,118,135,,25,078,,14,,080,2,746914,,,745314,,,1969,3.0
69IN00862,1966148699,66,2,X8699,2,76,534,2,,,,,,,4,07,7,1,760,105,09,02,123,152,,37,099,,14,,108,2,723314,,,721614,,02,1969,3.0
69IN00863,1966148707,66,2,X8707,2,74,464,4,,,,,,,4,07,7,3,,096,14,,107,,7,22,062,,14,1112,103,2,753414,,,375014,,02,1969,3.0
69IN00864,1966148710,66,2,X8710,2,73,395,2,,,,,,,4,07,7,3,730,094,15,04,120,143,,21,082,,14,,095,2,717314,,,527311,,01,1969,3.0
69IN00865,1966148712,66,2,X8712,2,77,545,4,,,,,,,4,07,7,1,771,098,09,02,123,145,,35,091,,14,,079,2,657514,,,534114,,02,1969,3.0
69IN00866,1966148722,66,2,X8722,2,78,505,4,,,,,,,4,07,7,3,781,095,11,02,123,138,,27,082,,14,,103,2,762414,,,533011,,02,1969,3.0
69IN00867,1966148727,66,2,X8727,2,74,504,,,,,,,,4,07,7,1,,091,13,,120,,3,41,074,,14,0602,074,2,657914,,,740814,,,1969,3.0
69IN00868,1966148732,66,2,X8732,2,75,374,4,,,,,,,4,07,7,1,,093,13,,,,6,53,079,,14,0311,093,2,720514,,,583714,,01,1969,3.0
69IN00869,1966148734,66,2,X8734,2,74,505,4,,,,,,,4,07,7,3,742,088,13,02,133,154,,40,076,,14,,075,2,762414,,,449914,,02,1969,3.0
69IN00870,1966148738,66,2,X8738,2,77,414,4,,,,,,,4,07,7,1,770,106,08,01,158,177,,50,080,,14,,069,2,718414,,,647114,,02,1969,3.0
69IN00871,1966148739,66,2,X8739,2,76,234,2,,,,,,,4,07,7,3,760,093,14,02,122,142,,45,077,,14,,082,2,602111,,,725014,,01,1969,3.0
69IN00872,1966148751,66,2,X8751,2,74,375,4,,,,,,,4,07,7,1,741,105,09,02,133,148,,26,072,,14,,078,2,720914,,,469414,,01,1969,3.0
69IN00873,1967148752,67,2,X8752,2,78,454,3,,,,,,3,3,07,7,1,782,113,08,02,125,155,,54,085,044,14,,108,2,722414,,,753614,,02,1969,2.0
69IN00874,1967148756,67,2,X8756,2,73,264,3,,,,,,3,3,07,7,3,730,082,11,01,113,130,,25,088,046,14,,110,2,768014,,,608614,,01,1969,2.0
69IN00875,1967148761,67,2,X8761,2,75,344,4,,,,,,3,3,07,7,1,750,106,09,02,145,148,,36,084,050,14,,126,2,619511,,,748014,,01,1969,2.0
69IN00876,1967148770,67,2,X8770,2,78,415,1,,,,,,1,3,07,7,1,,118,09,12,136,150,3,40,094,047,14,1201,109,2,759314,,,731014,,02,1969,2.0
69IN00877,1967148773,67,2,X8773,2,77,225,3,,,,,,3,3,07,7,3,770,092,08,04,105,135,,21,101,050,14,,117,2,779314,,,576911,,05,1969,2.0
69IN00878,1967148780,67,2,X8780,2,77,505,4,,,,,,1,3,07,7,3,,108,11,,126,,7,27,103,054,14,1112,125,2,674914,,,569111,,02,1969,2.0
69IN00879,1967148782,67,2,X8782,2,77,194,1,,,,,,2,3,07,7,3,770,064,13,01,97,120,,51,090,037,14,,080,2,623711,,,648614,,01,1969,2.0
69IN00880,1967148789,67,2,X8789,2,76,194,1,,,,,,1,3,07,7,1,761,103,12,02,118,150,,29,080,044,14,,115,2,623711,,,742314,,01,1969,2.0
69IN00881,1967148790,67,2,X8790,2,76,504,2,,,,,,2,3,07,7,3,761,105,09,02,122,135,,27,081,044,14,,109,2,762414,,,503711,,02,1969,2.0
69IN00882,1967148795,67,2,X8795,2,46,461,7,,,,,25,1,3,07,1,3,460,105,10,01,124,163,,46,088,045,14,,106,2,809914,,,730714,,,1969,2.0
69IN00883,1967148801,67,2,X8801,2,74,254,2,,,,,,2,3,07,7,1,741,092,13,02,116,138,,37,087,042,14,,098,2,710814,,,574514,,01,1969,2.0
69IN00884,1967148802,67,2,X8802,2,73,254,2,,,,,,2,3,07,7,1,730,098,10,02,111,142,,37,090,047,14,,108,2,710814,,,574514,,01,1969,2.0
69IN00885,1967148803,67,2,X8803,2,78,254,4,,,,,,3,3,07,7,1,780,076,09,01,103,120,,37,099,053,14,,119,5,710814,,,574514,,01,1969,2.0
69IN00886,1967148806,67,2,X8806,2,76,254,4,,,,,,2,3,07,7,3,761,093,12,02,118,135,,37,098,048,14,,103,2,710814,,,733014,,01,1969,2.0
69IN00887,1967148809,67,1,X8809,2,82,494,,,,,,,2,3,07,7,6,223,150,09,,195,220,2,32,097,066,14,0927,165,3,751514,,240,574111,,,1969,2.0
69IN00888,1967148814,67,2,X8814,2,76,475,1,,,,,,2,3,07,7,3,760,083,13,01,100,137,,34,083,039,14,,094,3,786814,,,609911,,01,1969,2.0
69IN00889,1967148815,67,2,X8815,2,75,475,3,,,,,,2,3,07,7,3,751,080,15,01,110,145,,34,086,044,14,,103,2,786814,,,609911,,01,1969,2.0
69IN00890,1967148819,67,2,X8819,2,76,244,2,,,,,,3,3,07,7,1,762,088,13,01,110,135,,29,080,042,14,,101,2,621211,,,422114,,02,1969,2.0
69IN00891,1967148823,67,2,X8823,2,74,544,1,,,,,,3,3,07,7,1,742,110,09,02,123,140,,23,077,044,14,,115,2,810314,,,564511,,01,1969,2.0
69IN00892,1967148846,67,2,X8846,2,75,294,2,,,,,,1,3,07,7,1,752,130,09,02,143,175,,24,105,064,14,,154,4,661914,,,602411,,05,1969,2.0
69IN00893,1967148848,67,2,X8848,2,75,445,3,,,,,,1,3,07,7,1,750,074,14,01,110,133,,49,079,038,14,,092,2,770514,,,576214,,01,1969,2.0
69IN00894,1967148857,67,2,X8857,2,73,215,3,,,,,,2,3,07,7,3,732,102,10,01,122,130,,39,089,048,14,,120,3,607411,,,648714,,01,1969,2.0
69IN00895,1967148858,67,2,X8858,2,78,215,4,,,,,,2,3,07,7,3,780,092,10,01,120,140,,39,094,052,14,,128,3,607411,,,648714,,01,1969,2.0
69IN00896,1967148861,67,2,X8861,2,35,350,7,,,,,42,3,3,07,1,1,,125,10,,150,,6,35,098,055,14,0520,131,2,718914,,,746014,,,1969,2.0
69IN00897,1967148866,67,2,X8866,2,75,274,4,,,,,,2,3,07,7,3,750,095,10,02,118,148,,50,090,052,14,,128,2,622711,,,632014,,02,1969,2.0
69IN00898,1967148868,67,2,X8868,2,73,504,1,,,,,,1,3,07,7,3,730,093,13,02,123,141,,40,075,040,14,,102,2,762414,,,578114,,01,1969,2.0
69IN00899,1967148870,67,2,X8870,2,75,195,2,,,,,,2,3,07,7,3,750,102,12,02,133,154,,51,087,045,14,,106,2,621011,,,627314,,01,1969,2.0
69IN00900,1967148873,67,2,X8873,2,74,295,1,,,,,,1,3,07,7,1,741,084,14,01,97,128,,24,083,039,14,,092,2,802014,,,601911,,01,1969,2.0
69IN00901,1967148876,67,2,X8876,2,78,265,1,,,,,,2,3,07,7,3,782,097,14,05,126,142,,25,083,044,14,,107,2,768714,,,724714,,02,1969,2.0
69IN00902,1967148878,67,1,X8878,2,29,290,,,,,,20,3,3,07,1,4,223,123,05,,160,205,2,29,095,057,14,0927,133,2,661914,,220,565514,,,1969,2.0
69IN00903,1967148883,67,2,X8883,2,75,234,2,,,,,,2,3,07,7,3,750,108,08,02,113,142,,35,098,045,14,,098,2,616111,,,741014,,01,1969,2.0
69IN00904,1967148886,67,2,X8886,2,78,464,3,,,,,,3,3,07,7,3,780,063,15,01,105,136,,22,073,039,14,,104,1,693414,,,375014,,01,1969,2.0
69IN00905,1967148888,67,2,X8888,2,75,405,3,,,,,,3,3,07,7,3,751,108,10,01,138,163,,41,097,050,14,,118,2,719014,,,619214,,02,1969,2.0
69IN00906,1967148890,67,2,X8890,2,76,354,3,,,,,,1,3,07,7,1,761,102,10,02,114,140,,45,086,053,14,,139,2,718914,,,623414,,02,1969,2.0
69IN00907,1967148895,67,2,X8895,2,78,505,3,,,,,,2,3,07,7,3,781,086,10,02,125,154,,40,083,035,14,,080,2,674914,,,743214,,05,1969,2.0
69IN00908,1967148898,67,2,X8898,2,73,205,4,,,,,,1,3,07,7,1,731,107,09,02,124,145,,44,097,050,14,,114,2,617611,,,522514,,02,1969,2.0
69IN00909,1967148901,67,2,X8901,2,75,194,4,,,,,,3,3,07,7,1,752,112,09,01,135,166,,29,087,045,14,,106,2,623711,,,621414,,01,1969,2.0
69IN00910,1967148904,67,2,X8904,2,77,475,1,,,,,,3,3,07,7,3,772,107,13,01,111,140,,36,092,043,14,,100,2,786814,,,580714,,02,1969,2.0
69IN00911,1967148908,67,2,X8908,2,77,514,1,,,,,,2,3,07,7,3,772,092,13,02,129,155,,29,075,032,14,,078,2,636614,,,605214,,02,1969,2.0
69IN00912,1967148913,67,2,X8913,2,78,344,,,,,,,3,3,07,7,3,780,067,11,01,106,133,,47,085,034,14,,075,2,619511,,,503314,,,1969,2.0
69IN00913,1967148922,67,2,X8922,2,46,460,6,,,,,28,2,3,07,1,3,460,076,15,01,92,116,,46,074,034,14,,082,2,693414,,,628214,,,1969,2.0
69IN00914,1967148926,67,2,X8926,2,78,255,2,,,,,,1,3,07,7,1,781,108,09,01,116,150,,53,085,045,14,,110,2,800114,,,629614,,01,1969,2.0
69IN00915,1967148927,67,2,X8927,2,73,214,1,,,,,,2,3,07,7,3,730,101,10,01,111,138,,46,092,049,14,,117,2,574711,,,739714,,01,1969,2.0
69IN00916,1967148938,67,2,X8938,2,73,374,3,,,,,,2,3,07,7,1,732,054,09,01,78,105,,26,094,035,14,,070,2,735414,,,641614,,01,1969,2.0
69IN00917,1967148947,67,2,X8947,2,78,494,2,,,,,,1,3,07,7,3,781,085,13,01,104,122,,20,083,042,14,,096,2,751514,,,618211,,01,1969,2.0
69IN00918,1967148949,67,2,X8949,2,35,350,7,,,,,35,2,3,07,1,1,350,088,09,02,118,127,,35,081,035,14,,081,2,718914,,,481814,,,1969,2.0
69IN00919,1967148950,67,1,X8950,2,35,350,,,,,,35,2,3,07,1,6,,125,12,,185,210,3,35,081,062,14,0812,153,2,718914,,222,481814,,,1969,2.0
69IN00920,1967148954,67,2,X8954,2,74,194,2,,,,,,2,3,07,7,3,,088,10,,92,,6,51,094,042,14,0915,095,2,623711,,,603714,,02,1969,2.0
69IN00921,1967148956,67,2,X8956,2,73,325,3,,,,,,3,3,07,7,1,731,096,12,02,122,158,,44,079,042,14,,109,2,623111,,,766814,,02,1969,2.0
69IN00922,1967148957,67,2,X8957,2,77,495,1,,,,,,3,3,07,7,1,771,085,10,01,103,120,,20,098,049,14,,105,5,746214,,,539711,,01,1969,2.0
69IN00923,1967148960,67,2,X8960,2,76,215,4,,,,,,2,3,07,7,3,762,112,09,02,145,156,,39,097,047,14,,104,2,607411,,,714414,,02,1969,2.0
69IN00924,1967148961,67,2,X8961,2,74,374,4,,,,,,3,3,07,7,1,742,085,15,02,106,136,,53,093,043,14,,099,2,735414,,,721314,,01,1969,2.0
69IN00925,1967148965,67,2,X8965,2,77,544,4,,,,,,2,3,07,7,1,772,106,09,01,127,145,,45,086,050,14,,126,3,810314,,,721214,,01,1969,2.0
69IN00926,1967148974,67,2,X8974,2,74,235,1,,,,,,1,3,07,7,3,,116,10,,113,,3,35,085,044,14,0602,106,2,616211,,,739414,,01,1969,2.0
69IN00927,1967148976,67,2,X8976,2,77,535,3,,,,,,2,3,07,7,1,770,083,10,01,107,133,,25,099,037,14,,072,2,737014,,,719614,,02,1969,2.0
69IN00928,1967148979,67,2,X8979,2,74,294,2,,,,,,2,3,07,7,1,,098,09,,,,6,19,080,038,14,0410,085,2,661914,,,564911,,01,1969,2.0
69IN00929,1967148993,67,2,X8993,2,73,264,2,,,,,,2,3,07,7,1,731,105,09,01,135,153,,37,086,046,14,,112,2,768014,,,749814,,01,1969,2.0
69IN00930,1967149002,67,2,X9002,2,78,495,3,,,,,,3,3,07,7,1,782,110,12,01,123,130,,44,088,051,14,,128,2,746214,,,477614,,02,1969,2.0
69IN00931,1967149004,67,2,X9004,2,78,354,1,,,,,,2,3,07,7,1,781,108,15,02,123,153,,23,099,049,14,,114,2,718914,,,584111,,02,1969,2.0
69IN00932,1967149008,67,2,X9008,2,77,224,,,,,,,2,3,07,7,3,772,083,14,01,117,135,,39,073,036,14,,095,2,778114,,,622814,,,1969,2.0
69IN00933,1967149011,67,2,X9011,2,78,215,4,,,,,,2,3,07,7,1,781,090,11,01,104,130,,22,080,040,14,,101,2,607411,,,598114,,02,1969,2.0
69IN00934,1967149013,67,2,X9013,2,77,214,3,,,,,,2,3,07,7,3,771,090,09,01,106,133,,22,081,042,14,,103,2,574711,,,439214,,01,1969,2.0
69IN00935,1967149014,67,2,X9014,2,76,214,4,,,,,,2,3,07,7,3,761,070,11,01,130,147,,22,076,032,14,,079,2,574711,,,439214,,01,1969,2.0
69IN00936,1967149019,67,2,X9019,2,74,445,4,,,,,,2,3,07,7,1,741,092,14,01,108,152,,32,087,044,14,,104,2,770514,,,506011,,01,1969,2.0
69IN00937,1967149030,67,2,X9030,2,73,415,2,,,,,,3,3,07,7,1,732,105,09,02,124,140,,27,096,046,14,,104,2,759314,,,563311,,02,1969,2.0
69IN00938,1967149033,67,2,X9033,2,73,505,1,,,,,,2,3,07,7,3,,098,08,12,127,118,3,41,099,048,14,0120,110,2,674914,,,542114,,02,1969,2.0
69IN00939,1967149036,67,2,X9036,2,78,404,3,,,,,,1,3,07,7,3,781,101,11,01,114,153,,27,082,043,14,,101,2,753514,,,563111,,02,1969,2.0
69IN00940,1967149039,67,2,X9039,2,77,354,1,,,,,,2,3,07,7,1,772,108,10,01,133,162,,23,084,052,14,,135,2,718914,,,538811,,02,1969,2.0
69IN00941,1967149040,67,2,X9040,2,76,354,3,,,,,,2,3,07,7,1,760,098,12,02,130,168,,23,082,044,14,,106,2,718914,,,538811,,01,1969,2.0
69IN00942,1967149041,67,2,X9041,2,46,461,7,,,,,26,2,3,07,1,3,460,088,13,02,110,136,,46,076,034,14,,079,2,809914,,,492414,,,1969,2.0
69IN00943,1967149042,67,1,X9042,2,46,461,,,,,,26,2,3,07,1,7,,073,14,,,,6,46,093,044,14,0210,098,2,809914,,,492414,,,1969,2.0
69IN00944,1967149045,67,2,X9045,2,77,515,2,,,,,,2,3,07,7,3,771,089,10,01,113,132,,19,089,045,14,,109,3,746614,,,610811,,01,1969,2.0
69IN00945,1967149055,67,2,X9055,2,74,345,1,,,,,,1,3,07,7,3,742,098,10,02,114,138,,36,091,043,14,,098,2,616811,,,731414,,01,1969,2.0
69IN00946,1967149057,67,2,X9057,2,76,494,2,,,,,,2,3,07,7,3,762,078,14,01,102,125,,20,086,046,14,,112,2,751514,,,570811,,01,1969,2.0
69IN00947,1967149060,67,2,X9060,2,78,274,4,,,,,,3,3,07,7,3,781,111,09,01,133,158,,41,087,051,14,,129,2,622711,,,600014,,01,1969,2.0
69IN00948,1967149065,67,2,X9065,2,46,460,6,,,,,43,2,3,07,1,1,460,055,10,01,83,108,,46,074,030,14,,069,2,693414,,,450714,,,1969,2.0
69IN00949,1967149068,67,2,X9068,2,73,445,4,,,,,,2,3,07,7,1,731,088,14,01,92,124,,32,085,039,14,,092,2,770514,,,561411,,01,1969,2.0
69IN00950,1967149071,67,2,X9071,2,78,224,2,,,,,,2,3,07,7,3,780,076,11,01,100,135,,46,082,038,14,,089,2,778114,,,743414,,01,1969,2.0
69IN00951,1967149073,67,2,X9073,2,77,415,3,,,,,,2,3,07,7,1,772,091,08,02,117,138,,40,093,041,14,,091,2,759314,,,478914,,01,1969,2.0
69IN00952,1967149074,67,2,X9074,2,76,415,1,,,,,,2,3,07,7,1,762,108,10,01,133,172,,40,092,045,14,,110,3,759314,,,478914,,01,1969,2.0
69IN00953,1967149081,67,2,X9081,2,35,350,6,,,,,39,1,3,07,1,1,350,092,11,02,130,145,,35,091,051,14,,124,2,718914,,,652714,,,1969,2.0
69IN00954,1967149083,67,2,X9083,2,75,245,2,,,,,,2,3,07,7,1,751,106,13,02,124,142,,29,101,047,14,,100,2,603611,,,743814,,01,1969,2.0
69IN00955,1967149084,67,1,X9084,2,82,245,,,,,,,2,3,07,7,4,210,126,09,,180,200,2,29,102,048,14,0927,102,3,603611,,238,743814,,,1969,2.0
69IN00956,1967149085,67,2,X9085,2,75,364,1,,,,,,2,3,07,7,3,751,089,12,02,132,130,,34,090,044,14,,105,2,726414,,,549811,,01,1969,2.0
69IN00957,1967149086,67,2,X9086,2,74,364,2,,,,,,2,3,07,7,3,741,084,15,02,113,142,,34,086,037,14,,083,2,726414,,,549811,,01,1969,2.0
69IN00958,1967149092,67,2,X9092,2,75,535,4,,,,,,2,3,07,7,1,752,086,11,01,111,123,,37,084,039,14,,092,2,737014,,,550014,,01,1969,2.0
69IN00959,1967149093,67,2,X9093,2,77,324,1,,,,,,1,3,07,7,1,770,090,15,02,105,124,,44,086,048,14,,122,2,620811,,,745814,,01,1969,2.0
69IN00960,1967149097,67,2,X9097,2,75,395,3,,,,,,2,3,07,7,3,750,108,12,01,130,178,,46,072,042,14,,111,2,767114,,,599214,,01,1969,2.0
69IN00961,1967149098,67,2,X9098,2,74,395,1,,,,,,2,3,07,7,3,740,100,15,01,128,150,,46,087,046,14,,113,2,767114,,,599214,,02,1969,2.0
69IN00962,1967149100,67,2,X9100,2,73,514,1,,,,,,1,3,07,7,1,732,099,12,01,118,130,,24,091,044,14,,108,3,636614,,,579411,,01,1969,2.0
69IN00963,1967149107,67,2,X9107,2,76,544,,,,,,,2,3,07,7,1,761,110,07,01,132,148,,35,093,046,14,,109,2,810314,,,739314,,,1969,2.0
69IN00964,1967149108,67,2,X9108,2,78,205,3,,,,,,3,3,07,7,3,782,093,10,02,135,160,,44,063,030,14,,081,2,617611,,,714514,,06,1969,2.0
69IN00965,1967149110,67,2,X9110,2,78,365,4,,,,,,2,3,07,7,3,782,058,14,01,90,127,,47,083,031,14,,064,2,792714,,,650814,,01,1969,2.0
69IN00966,1967149111,67,2,X9111,2,77,365,3,,,,,,2,3,07,7,3,771,072,11,02,93,122,,47,093,036,14,,074,2,792714,,,650814,,01,1969,2.0
69IN00967,1967149118,67,2,X9118,2,78,375,2,,,,,,3,3,07,7,1,780,088,13,01,106,130,,53,083,049,14,,124,4,728414,,,599714,,13,1969,2.0
69IN00968,1967149123,67,2,X9123,2,76,535,3,,,,,,2,3,07,7,3,760,084,10,02,103,125,,25,093,037,14,,079,2,737014,,,397014,,01,1969,2.0
69IN00969,1967149124,67,2,X9124,2,75,395,2,,,,,,1,3,07,7,3,752,082,11,01,100,124,,22,082,038,14,,089,2,767114,,,516214,,01,1969,2.0
69IN00970,1967149127,67,2,X9127,2,73,244,4,,,,,,2,3,07,7,1,731,105,09,02,129,150,,29,078,037,14,,094,2,621211,,,750014,,05,1969,2.0
69IN00971,1967149129,67,2,X9129,2,74,275,4,,,,,,1,3,07,7,3,740,098,09,01,130,152,,40,079,038,14,,094,2,616311,,,595614,,02,1969,2.0
69IN00972,1967149133,67,2,X9133,2,78,264,4,,,,,,2,3,07,7,1,780,091,14,02,113,128,,37,086,042,14,,104,2,768014,,,584114,,01,1969,2.0
69IN00973,1967149136,67,2,X9136,2,77,454,3,,,,,,2,3,07,7,3,771,092,09,02,120,138,,23,094,045,14,,100,2,722414,,,541011,,02,1969,2.0
69IN00974,1967149140,67,2,X9140,2,73,295,4,,,,,,1,3,07,7,3,732,094,14,01,123,140,,19,080,043,14,,106,2,802014,,,605111,,01,1969,2.0
69IN00975,1967149141,67,2,X9141,2,76,224,1,,,,,,1,3,07,7,3,760,103,11,01,130,154,,21,087,055,14,,139,3,778114,,,527311,,02,1969,2.0
69IN00976,1967149153,67,2,X9153,2,78,245,4,,,,,,2,3,07,7,3,782,110,09,01,136,150,,29,088,045,14,,105,2,603611,,,626914,,01,1969,2.0
69IN00977,1967149168,67,2,X9168,2,75,504,3,,,,,,2,3,07,7,3,750,092,12,01,111,140,,27,087,040,14,,091,2,762414,,,571911,,02,1969,2.0
69IN00978,1967149171,67,1,X9171,2,82,545,,,,,,,3,3,07,7,4,224,123,09,,160,188,2,45,095,071,14,0927,187,3,715214,,218,603414,,,1969,2.0
69IN00979,1967149177,67,2,X9177,2,35,351,7,,,,,37,2,3,07,1,3,350,058,14,02,84,107,,35,085,032,14,,073,2,803414,,,736814,,,1969,2.0
69IN00980,1967149179,67,2,X9179,2,78,495,2,,,,,,2,3,07,7,1,780,088,12,02,125,140,,32,075,039,14,,104,2,746214,,,573611,,05,1969,2.0
69IN00981,1967149180,67,2,X9180,2,77,495,3,,,,,,2,3,07,7,1,770,094,12,02,117,125,,32,070,039,14,,108,2,746214,,,573611,,05,1969,2.0
69IN00982,1967149185,67,2,X9185,2,74,505,3,,,,,,3,3,07,7,3,741,100,09,01,115,140,,27,090,045,14,,104,2,674914,,,614011,,02,1969,2.0
69IN00983,1967149194,67,2,X9194,2,74,254,4,,,,,,2,3,07,7,3,742,087,12,04,122,144,,26,083,044,14,,106,2,710814,,,746814,,02,1969,2.0
69IN00984,1967149203,67,2,X9203,2,73,255,1,,,,,,2,3,07,7,3,732,079,09,01,103,127,,26,082,035,14,,082,2,800114,,,747514,,01,1969,2.0
69IN00985,1967149204,67,2,X9204,2,77,255,1,,,,,,2,3,07,7,3,772,080,13,04,95,120,,26,076,031,14,,073,2,800114,,,747514,,01,1969,2.0
69IN00986,1967149205,67,2,X9205,2,76,534,2,,,,,,1,3,07,7,1,762,090,09,01,108,120,,26,092,050,14,,124,2,786714,,,714214,,01,1969,2.0
69IN00987,1967149214,67,2,X9214,2,75,464,1,,,,,,2,3,07,7,3,752,090,12,01,112,134,,39,092,046,14,,108,2,693414,,,577714,,01,1969,2.0
69IN00988,1967149215,67,2,X9215,2,74,464,2,,,,,,2,3,07,7,3,742,100,13,01,131,147,,39,087,051,14,,132,2,693414,,,577714,,01,1969,2.0
69IN00989,1967149216,67,2,X9216,2,75,535,2,,,,,,2,3,07,7,1,751,083,12,01,116,138,,26,087,038,14,,089,2,737014,,,734514,,01,1969,2.0
69IN00990,1967149219,67,2,X9219,2,77,465,4,,,,,,1,3,07,7,3,770,074,14,01,96,132,,22,081,044,14,,108,2,809914,,,654314,,01,1969,2.0
69IN00991,1967149223,67,2,X9223,2,74,204,3,,,,,,1,3,07,7,3,742,079,14,01,93,98,,49,082,042,14,,109,2,598111,,,651914,,01,1969,2.0
69IN00992,1967149234,67,2,X9234,2,78,324,2,,,,,,3,3,07,7,1,782,111,14,02,136,150,,49,076,045,14,,115,2,620811,,,569214,,01,1969,2.0
69IN00993,1967149235,67,2,X9235,2,78,515,1,,,,,,1,3,07,7,1,782,080,14,01,94,122,,24,095,044,14,,096,2,746614,,,607111,,01,1969,2.0
69IN00994,1967149243,67,2,X9243,2,74,195,3,,,,,,2,3,07,7,1,741,096,09,02,123,148,,29,097,043,14,,098,2,621011,,,621314,,05,1969,2.0
69IN00995,1967149248,67,2,X9248,2,73,344,3,,,,,,1,3,07,7,3,730,111,14,01,128,150,,36,078,043,14,,112,2,619511,,,546414,,01,1969,2.0
69IN00996,1967149251,67,2,X9251,2,77,225,1,,,,,,3,3,07,7,3,771,073,15,01,101,115,,46,079,036,14,,087,1,779314,,,540814,,01,1969,2.0
69IN00997,1967149256,67,2,X9256,2,75,234,4,,,,,,2,3,07,7,3,752,098,11,01,104,130,,45,086,043,14,,098,2,616111,,,608514,,01,1969,2.0
69IN00998,1967149257,67,2,X9257,2,74,234,4,,,,,,2,3,07,7,3,740,061,15,01,73,108,,45,077,029,14,,065,2,616111,,,608514,,01,1969,2.0
69IN00999,1967149259,67,2,X9259,2,76,325,1,,,,,,1,3,07,7,1,762,072,13,01,110,150,,49,079,038,14,,096,2,623111,,,733914,,01,1969,2.0
69IN01000,1967149261,67,2,X9261,2,77,265,3,,,,,,2,3,07,7,1,771,065,15,01,95,120,,37,071,034,14,,088,2,768714,,,750314,,01,1969,2.0
69IN01001,1967149263,67,2,X9263,2,73,405,1,,,,,,1,3,07,7,3,730,094,10,02,123,153,,50,081,039,14,,092,2,719014,,,358214,,02,1969,2.0
69IN01002,1967149264,67,2,X9264,2,75,214,2,,,,,,1,3,07,7,3,751,093,09,01,124,155,,22,072,040,14,,106,2,574711,,,736114,,01,1969,2.0
69IN01003,1967149265,67,2,X9265,2,76,464,2,,,,,,2,3,07,7,3,761,058,14,01,90,118,,22,070,031,14,,078,2,693414,,,591514,,01,1969,2.0
69IN01004,1967149275,67,2,X9275,2,74,445,3,,,,,,3,3,07,7,3,,072,12,01,88,110,6,20,086,033,14,1210,070,2,770514,,,580311,,01,1969,2.0
69IN01005,1967149277,67,1,X9277,2,82,294,,,,,,,1,3,07,7,4,224,130,06,,155,195,2,51,099,055,14,0927,137,3,661914,,225,752814,,,1969,2.0
69IN01006,1967149278,67,2,X9278,2,74,354,1,,,,,,2,3,07,7,1,740,106,11,02,137,148,,54,091,042,14,,101,3,718914,,,730914,,02,1969,2.0
69IN01007,1967149280,67,2,X9280,2,74,474,4,,,,,,2,3,07,7,3,740,064,14,01,85,123,,34,086,032,14,,069,2,779814,,,579711,,01,1969,2.0
69IN01008,1967149283,67,2,X9283,2,75,535,4,,,,,,2,3,07,7,1,,083,10,,,,6,25,093,041,14,0420,090,2,737014,,,745214,,01,1969,2.0
69IN01009,1967149293,67,2,X9293,2,77,375,4,,,,,,1,3,07,7,1,770,080,14,01,96,125,,25,098,046,14,,110,4,728414,,,732614,,02,1969,2.0
69IN01010,1967149294,67,2,X9294,2,73,394,2,,,,,,3,3,07,7,3,731,113,14,01,115,158,,46,100,053,14,,123,2,794514,,,421414,,01,1969,2.0
69IN01011,1967149304,67,2,X9304,2,75,355,3,,,,,,3,3,07,7,3,752,112,09,01,133,155,,45,088,038,14,,082,2,803414,,,613414,,02,1969,2.0
69IN01012,1967149310,67,2,X9310,2,73,534,1,,,,,,2,3,07,7,1,731,080,09,02,92,127,,25,076,030,14,,072,2,786714,,,735114,,05,1969,2.0
69IN01013,1967149317,67,2,X9317,2,73,545,3,,,,,,2,3,07,7,1,730,083,14,01,94,114,,23,081,031,14,,072,2,715214,,,562211,,01,1969,2.0
69IN01014,1967149321,67,2,X9321,2,78,215,2,,,,,,3,3,07,7,3,782,073,13,01,115,135,,46,080,035,14,,084,2,607411,,,533814,,01,1969,2.0
69IN01015,1968149322,68,2,X9322,2,35,350,7,,,,,43,2,2,07,1,1,350,110,09,,110,128,,35,101,,14,,119,2,718914,,,739014,,,1969,1.0
69IN01016,1968149323,68,1,X9323,2,35,350,,,,,,43,2,2,07,1,7,205,128,09,,128,163,2,35,085,,14,0927,160,2,718914,,222,739014,,,1969,1.0
69IN01017,1968149324,68,2,X9324,2,73,62,,,,,,,1,2,07,7,1,730,088,11,,88,122,,82,099,,14,,138,2,733714,,,858114,,,1969,1.0
69IN01018,1968149325,68,2,X9325,2,76,59,,,,,,,1,2,07,7,3,761,090,11,,90,128,,82,085,,14,,115,2,762414,,,851714,,,1969,1.0
69IN01019,1968149326,68,1,X9326,2,83,,,,,,,,,2,07,,1,,125,12,,125,160,3,,097,,14,0929,138,2,    14,,214,    14,,,1969,1.0
69IN01020,1968149327,68,2,X9327,2,74,54,,,,,,,2,2,07,7,1,740,091,12,,91,110,,82,077,,14,,102,2,628311,,,820814,,,1969,1.0
69IN01021,1968149328,68,1,X9328,2,73,54,,,,,,,2,2,07,7,6,,058,12,,58,92,3,82,080,,14,0812,063,2,628311,,209,820814,,,1969,1.0
69IN01022,1968149331,68,1,X9331,2,77,51,,,,,,,2,2,07,7,4,,115,13,,115,138,3,82,075,,14,0812,117,2,710814,,208,826814,,,1969,1.0
69IN01023,1968149333,68,2,X9333,2,77,57,,,,,,,2,2,07,7,3,772,061,15,,61,88,,82,085,,14,,086,2,794514,,,658114,,,1969,1.0
69IN01024,1968149336,68,2,X9336,2,77,59,,,,,,,1,2,07,7,3,772,104,10,,104,123,6,82,099,,14,1022,105,3,762414,,,591811,,,1969,1.0
69IN01025,1968149339,68,2,X9339,2,77,54,,,,,,,3,2,07,7,1,772,104,08,,104,138,,82,095,,14,,111,2,628311,,,679714,,,1969,1.0
69IN01026,1968149341,68,2,X9341,2,77,65,,,,,,,1,2,07,7,3,770,105,09,,105,138,,82,092,,14,,115,2,722414,,,866214,,,1969,1.0
69IN01027,1968149342,68,2,X9342,2,35,350,6,,,,,43,1,2,07,1,1,350,097,09,,97,112,,35,099,,14,,122,3,718914,,,726814,,,1969,1.0
69IN01028,1968149344,68,1,X9344,2,77,65,,,,,,,3,2,07,7,7,,107,09,,107,135,3,82,086,,14,0812,120,2,722414,,209,849014,,,1969,1.0
69IN01029,1968149347,68,2,X9347,2,78,55,,,,,,,1,2,07,7,1,780,092,13,,92,120,,82,094,,14,,126,2,826714,,,818414,,,1969,1.0
69IN01030,1968149350,68,2,X9350,2,35,350,7,,,,,42,2,2,07,1,1,350,100,13,,100,117,,35,098,,14,,137,2,718914,,,746014,,,1969,1.0
69IN01031,1968149351,68,1,X9351,2,78,62,,,,,,,1,2,07,7,4,204,118,09,,118,163,2,82,090,,14,0927,133,2,733714,,228,868814,,,1969,1.0
69IN01032,1968149354,68,1,X9354,2,78,60,,,,,,,3,2,07,7,4,,128,13,,128,156,3,82,088,,14,0812,129,2,839114,,207,656914,,,1969,1.0
69IN01033,1968149355,68,1,X9355,2,73,61,,,,,,,1,2,07,7,2,201,158,10,,158,178,2,82,093,,14,0927,159,2,825714,,237,596811,,,1969,1.0
69IN01034,1968149357,68,2,X9357,2,75,59,,,,,,,1,2,07,7,3,752,112,12,,112,140,,82,095,,14,,122,3,762414,,,692014,,,1969,1.0
69IN01035,1968149358,68,1,X9358,2,76,57,,,,,,,1,2,07,7,4,,109,12,,109,135,3,82,081,,14,0812,120,2,794514,,204,851314,,,1969,1.0
69IN01036,1968149359,68,1,X9359,2,83,65,,,,,,,2,2,07,7,7,229,108,10,,108,140,2,82,091,,14,0927,104,2,722414,,215,711314,,,1969,1.0
69IN01037,1968149361,68,2,X9361,2,73,65,,,,,,,1,2,07,7,3,731,078,09,,78,100,,82,087,,14,,086,2,722414,,,869414,,,1969,1.0
69IN01038,1968149362,68,1,X9362,2,74,53,,,,,,,1,2,07,7,5,,108,11,,108,135,3,82,092,,14,0812,118,2,622811,,201,814814,,,1969,1.0
69IN01039,1968149365,68,2,X9365,2,73,62,,,,,,,2,2,07,7,1,731,078,09,,78,103,,82,106,,14,,093,2,733714,,,627611,,,1969,1.0
69IN01040,1968149366,68,2,X9366,2,78,62,,,,,,,2,2,07,7,1,781,091,13,,91,113,,82,087,,14,,084,2,733714,,,627611,,,1969,1.0
69IN01041,1968149367,68,1,X9367,2,83,52,,,,,,,1,2,07,7,4,,128,09,,128,123,3,82,090,,14,0812,145,3,661914,,217,704814,,,1969,1.0
69IN01042,1968149368,68,2,X9368,2,76,51,,,,,,,1,2,07,7,3,761,106,12,,106,126,,82,093,,14,,115,2,710814,,,837014,,,1969,1.0
69IN01043,1968149369,68,2,X9369,2,74,61,,,,,,,1,2,07,7,1,740,103,09,,103,117,,82,085,,14,,119,2,825714,,,825914,,,1969,1.0
69IN01044,1968149372,68,1,X9372,2,77,57,,,,,,,1,2,07,7,7,,090,12,,90,128,3,82,083,,14,0812,096,2,794514,,211,838114,,,1969,1.0
69IN01045,1968149373,68,1,X9373,2,35,350,,,,,,41,1,2,07,1,2,,110,10,,110,140,,35,096,,14,,154,3,718914,,213,739314,,,1969,1.0
69IN01046,1968149378,68,2,X9378,2,74,58,,,,,,,1,2,07,7,1,741,107,14,,107,136,,82,082,,14,,112,2,671514,,,873914,,,1969,1.0
69IN01047,1968149379,68,2,X9379,2,73,61,,,,,,,1,2,07,7,1,732,096,10,,96,128,,82,087,,14,,100,2,825714,,,869214,,,1969,1.0
69IN01048,1968149380,68,1,X9380,2,76,51,,,,,,,1,2,07,7,6,,108,13,,108,145,3,82,074,,14,0812,132,2,710814,,211,855914,,,1969,1.0
69IN01049,1968149382,68,2,X9382,2,74,55,,,,,,,3,2,07,7,1,742,107,11,,107,135,,82,088,,14,,105,2,826714,,,862814,,,1969,1.0
69IN01050,1968149383,68,2,X9383,2,73,59,,,,,,,1,2,07,7,3,731,110,11,,110,135,,82,106,,14,,118,2,762414,,,864414,,,1969,1.0
69IN01051,1968149388,68,1,X9388,2,78,61,,,,,,,2,2,07,7,6,,095,12,,95,135,3,82,079,,14,0812,130,2,825714,,191,693814,,,1969,1.0
69IN01052,1968149389,68,1,X9389,2,77,64,,,,,,,1,2,07,7,7,,114,13,,114,148,3,82,100,,14,0812,114,3,726414,,210,828414,,,1969,1.0
69IN01053,1968149392,68,2,X9392,2,76,55,,,,,,,1,2,07,7,1,760,095,09,,95,128,,82,101,,14,,129,2,826714,,,837114,,,1969,1.0
69IN01054,1968149395,68,2,X9395,2,78,54,,,,,,,1,2,07,7,1,782,100,08,,100,118,,82,093,,14,,100,2,628311,,,844814,,,1969,1.0
69IN01055,1968149397,68,1,X9397,2,75,56,,,,,,,2,2,07,7,5,,085,09,,85,128,3,82,095,,14,0812,107,2,735414,,202,866414,,,1969,1.0
69IN01056,1968149398,68,2,X9398,2,76,64,,,,,,,1,2,07,7,3,761,093,11,,93,121,,82,066,,14,,102,2,726414,,,843814,,,1969,1.0
69IN01057,1968149402,68,1,X9402,2,73,59,,,,,,,1,2,07,7,7,,110,11,,110,145,3,82,085,,14,0929,124,2,762414,,205,873214,,,1969,1.0
69IN01058,1968149404,68,2,X9404,2,73,50,,,,,,,1,2,07,7,1,732,084,11,,84,108,,82,103,,14,,104,2,625511,,,872214,,,1969,1.0
69IN01059,1968149405,68,1,X9405,2,77,58,,,,,,,1,2,07,7,1,198,135,11,,135,160,2,82,080,,14,0927,114,2,671514,,224,853414,,,1969,1.0
69IN01060,1968149407,68,1,X9407,2,75,59,,,,,,,3,2,07,7,7,,130,14,,130,150,3,82,091,,14,0812,129,2,762414,,212,708114,,,1969,1.0
69IN01061,1968149408,68,2,X9408,2,46,460,6,,,,,25,1,2,07,1,3,460,112,10,,112,126,,46,091,,14,,118,2,809914,,,739714,,,1969,1.0
69IN01062,1968149409,68,1,X9409,2,76,56,,,,,,,1,2,07,7,4,,089,08,,89,145,3,82,093,,14,0812,135,2,735414,,195,674314,,,1969,1.0
69IN01063,1968149410,68,2,X9410,2,77,52,,,,,,,1,2,07,7,1,771,100,09,,100,118,,82,096,,14,,128,5,661914,,,674514,,,1969,1.0
69IN01064,1968149412,68,2,X9412,2,78,57,,,,,,,3,2,07,7,1,780,112,09,,112,138,,82,086,,14,,110,2,794514,,,669614,,,1969,1.0
69IN01065,1968149415,68,2,X9415,2,74,53,,,,,,,2,2,07,7,1,741,104,11,,104,120,,82,095,,14,,102,3,622811,,,867114,,,1969,1.0
69IN01066,1968149416,68,2,X9416,2,76,53,,,,,,,1,2,07,7,1,760,093,13,,93,115,,82,086,,14,,120,2,622811,,,837514,,,1969,1.0
69IN01067,1968149418,68,2,X9418,2,77,51,,,,,,,3,2,07,7,1,772,098,10,,98,120,,82,081,,14,,110,2,710814,,,690214,,,1969,1.0
69IN01068,1968149422,68,1,X9422,2,75,52,,,,,,,2,2,07,7,4,200,125,10,,125,165,2,82,115,,14,0927,137,4,661914,,230,696714,,,1969,1.0
69IN01069,1968149424,68,2,X9424,2,75,51,,,,,,,3,2,07,7,1,751,094,13,,94,123,,82,096,,14,,131,2,710814,,,696414,,,1969,1.0
69IN01070,1968149427,68,2,X9427,2,74,61,,,,,,,1,2,07,7,1,741,106,10,,106,138,,82,097,,14,,138,2,825714,,,821214,,,1969,1.0
69IN01071,1968149428,68,2,X9428,2,76,65,,,,,,,2,2,07,7,1,760,101,09,,101,133,,82,092,,14,,106,3,722414,,,687914,,,1969,1.0
69IN01072,1968149429,68,2,X9429,2,75,65,,,,,,,2,2,07,7,1,750,098,09,,98,132,,82,083,,14,,091,2,722414,,,687914,,,1969,1.0
69IN01073,1968149430,68,2,X9430,2,74,57,,,,,,,1,2,07,7,3,742,119,11,,119,136,,82,094,,14,,126,2,794514,,,814514,,,1969,1.0
69IN01074,1968149435,68,2,X9435,2,78,56,,,,,,,1,2,07,7,1,782,088,10,,88,125,,82,085,,14,,121,2,735414,,,845714,,,1969,1.0
69IN01075,1968149436,68,1,X9436,2,78,58,,,,,,,2,2,07,7,6,227,120,09,,120,140,2,82,078,,14,0927,105,2,671514,,227,673914,,,1969,1.0
69IN01076,1968149437,68,2,X9437,2,73,58,,,,,,,2,2,07,7,1,730,094,11,,94,115,,82,094,,14,,089,2,671514,,,673914,,,1969,1.0
69IN01077,1968149440,68,2,X9440,2,46,460,7,,,,,28,1,2,07,1,3,460,097,12,,97,123,,46,091,,14,,103,2,809914,,,833014,,,1969,1.0
69IN01078,1968149442,68,2,X9442,2,73,60,,,,,,,2,2,07,7,1,730,091,10,,91,110,,82,098,,14,,107,2,839114,,,707614,,,1969,1.0
69IN01079,1968149445,68,2,X9445,2,77,50,,,,,,,2,2,07,7,3,771,088,11,,88,113,,82,090,,14,,109,2,625511,,,708314,,,1969,1.0
69IN01080,1968149446,68,1,X9446,2,76,65,,,,,,,3,2,07,7,7,228,150,09,,150,170,2,82,100,,14,0927,167,3,722414,,243,681314,,,1969,1.0
69IN01081,1968149450,68,1,X9450,2,73,64,,,,,,,1,2,07,7,7,,072,13,,72,106,3,82,086,,14,0812,084,2,726414,,200,815214,,,1969,1.0
69IN01082,1968149454,68,2,X9454,2,75,62,,,,,,,1,2,07,7,1,750,098,10,,98,132,,82,104,,14,,154,2,733714,,,678514,,,1969,1.0
69IN01083,1968149456,68,2,X9456,2,78,53,,,,,,,1,2,07,7,1,780,102,10,,102,124,,82,095,,14,,098,2,622811,,,842514,,,1969,1.0
69IN01084,1968149457,68,1,X9457,2,74,60,,,,,,,1,2,07,7,6,227,118,06,,118,148,2,82,102,,14,0927,148,3,839114,,223,683914,,,1969,1.0
69IN01085,1968149458,68,1,X9458,2,78,63,,,,,,,2,2,07,7,4,,082,10,,82,115,3,82,088,,14,0812,088,2,759214,,206,674014,,,1969,1.0
69IN01086,1968149461,68,1,X9461,2,75,58,,,,,,,2,2,07,7,,,,,,,,6,82,,,14,0123,,,671514,,,655214,,,1969,1.0
69IN01087,1968149462,68,2,X9462,2,73,58,,,,,,,2,2,07,7,1,731,096,09,,96,124,,82,098,,14,,115,4,671514,,,655214,,,1969,1.0
69IN01088,1968149464,68,1,X9464,2,78,59,,,,,,,1,2,07,7,7,,110,12,,110,148,3,82,078,,14,0812,102,2,762414,,216,857014,,,1969,1.0
69IN01089,1968149466,68,2,X9466,2,78,59,,,,,,,3,2,07,7,3,781,100,12,,100,123,,82,077,,14,,092,2,762414,,,685014,,,1969,1.0
69IN01090,1968149467,68,1,X9467,2,76,54,,,,,,,1,2,07,7,6,229,133,11,,133,160,2,82,086,,14,0927,130,2,628311,,221,858914,,,1969,1.0
69IN01091,1968149468,68,1,X9468,2,83,60,,,,,,,3,2,07,7,1,207,118,09,,118,155,2,82,098,,14,0927,131,3,839114,,223,824114,,,1969,1.0
69IN01092,1968149471,68,2,X9471,2,74,60,,,,,,,2,2,07,7,1,742,108,08,,108,135,,82,099,,14,,122,3,839114,,,590611,,,1969,1.0
69IN01093,1968149473,68,2,X9473,2,77,62,,,,,,,1,2,07,7,3,772,106,10,,106,130,,82,107,,14,,136,2,733714,,,685914,,,1969,1.0
69IN01094,1968149474,68,1,X9474,2,75,60,,,,,,,2,2,07,7,6,,115,12,,115,140,3,82,079,,14,0812,129,2,839114,,206,691914,,,1969,1.0
69IN01095,1968149475,68,2,X9475,2,75,60,,,,,,,2,2,07,7,1,750,093,13,,93,112,,82,094,,14,,113,3,839114,,,691914,,,1969,1.0
69IN01096,1968149476,68,1,X9476,2,76,53,,,,,,,3,2,07,7,,,,,,,,6,82,,,14,0210,,,622811,,,699514,,,1969,1.0
69IN01097,1968149482,68,2,X9482,2,76,50,,,,,,,1,2,07,7,1,760,105,10,,105,132,,82,086,,14,,107,2,625511,,,824514,,,1969,1.0
69IN01098,1968149483,68,2,X9483,2,78,53,,,,,,,3,2,07,7,1,781,092,10,,92,116,,82,091,,14,,099,2,622811,,,851614,,,1969,1.0
69IN01099,1968149484,68,2,X9484,2,77,53,,,,,,,3,2,07,7,1,770,098,12,,98,125,,82,094,,14,,104,3,622811,,,851614,,,1969,1.0
69IN01100,1968149486,68,2,X9486,2,75,50,,,,,,,1,2,07,7,1,750,118,13,,118,133,,82,091,,14,,155,2,625511,,,868614,,,1969,1.0
69IN01101,1968149487,68,1,X9487,2,78,54,,,,,,,1,2,07,7,4,220,118,12,,118,145,2,82,090,,14,0927,144,2,628311,,212,852314,,,1969,1.0
69IN01102,1968149488,68,2,X9488,2,75,54,,,,,,,1,2,07,7,1,752,097,11,,97,112,,82,093,,14,,121,2,628311,,,628511,,,1969,1.0
69IN01103,1968149489,68,2,X9489,2,75,59,,,,,,,2,2,07,7,3,751,113,12,,113,148,,82,084,,14,,105,2,762414,,,664714,,,1969,1.0
69IN01104,1968149490,68,2,X9490,2,74,59,,,,,,,2,2,07,7,3,740,120,13,01,120,130,,82,090,,14,,096,2,762414,,,664714,,,1969,1.0
69IN01105,1968149491,68,1,X9491,2,76,55,,,,,,,3,2,07,7,6,,108,10,,108,150,3,82,088,,14,0812,130,2,826714,,204,683114,,,1969,1.0
69IN01106,1968149493,68,2,X9493,2,73,51,,,,,,,2,2,07,7,5,731,094,09,,94,125,,82,086,,14,,087,2,710814,,,705514,,,1969,1.0
69IN01107,1968149494,68,1,X9494,2,75,51,,,,,,,2,2,07,7,2,,120,09,,120,128,3,82,085,,14,0929,098,2,710814,,230,705514,,,1969,1.0
69IN01108,1968149498,68,1,X9498,2,77,62,,,,,,,2,2,07,7,2,,098,13,,98,133,3,82,076,,14,0812,098,2,733714,,206,659914,,,1969,1.0
69IN01109,1968149499,68,1,X9499,2,74,65,,,,,,,1,2,07,7,7,,075,14,,75,112,3,82,075,,14,0812,101,2,722414,,192,826214,,,1969,1.0
69IN01110,1968149500,68,2,X9500,2,77,62,,,,,,,1,2,07,7,1,770,122,09,,122,150,,82,118,,14,,141,5,733714,,,865714,,,1969,1.0
69IN01111,1968149501,68,1,X9501,2,73,64,,,,,,,2,2,07,7,7,229,105,11,,105,145,2,82,078,,14,0927,115,2,726414,,205,658714,,,1969,1.0
69IN01112,1968149503,68,2,X9503,2,35,350,6,,,,,38,2,2,07,1,1,350,081,09,,81,105,,35,102,,14,,087,2,718914,,,730614,,,1969,1.0
69IN01113,1968149508,68,2,X9508,2,76,50,,,,,,,1,2,07,7,1,762,108,12,,108,135,,82,104,,14,,109,2,625511,,,677714,,,1969,1.0
69IN01114,1968149513,68,2,X9513,2,78,65,,,,,,,1,2,07,7,2,782,117,07,,117,115,,82,090,,14,,104,2,722414,,,629811,,,1969,1.0
69IN01115,1968149514,68,2,X9514,2,74,57,,,,,,,2,2,07,7,3,740,083,14,,83,112,,82,090,,14,,087,2,794514,,,591711,,,1969,1.0
69IN01116,1968149520,68,2,X9520,2,77,61,,,,,,,1,2,07,7,1,772,098,10,,98,122,,82,096,,14,,107,2,825714,,,840014,,,1969,1.0
69IN01117,1968149521,68,2,X9521,2,76,60,,,,,,,1,2,07,7,1,760,108,11,,108,134,,82,095,,14,,112,2,839114,,,819014,,,1969,1.0
69IN01118,1968149522,68,1,X9522,2,75,55,,,,,,,2,2,07,7,2,221,113,11,,113,150,2,82,089,,14,0927,129,2,826714,,211,668314,,,1969,1.0
69IN01119,1968149523,68,2,X9523,2,77,55,,,,,,,2,2,07,7,1,770,097,10,,97,142,,82,091,,14,,107,2,826714,,,668314,,,1969,1.0
69IN01120,1968149525,68,2,X9525,2,76,63,,,,,,,1,2,07,7,1,760,103,09,,103,144,,82,111,,14,,148,2,759214,,,681414,,,1969,1.0
69IN01121,1968149526,68,1,X9526,2,73,62,,,,,,,3,2,07,7,6,,093,10,,93,133,3,82,087,,14,0812,128,2,733714,,198,709114,,,1969,1.0
69IN01122,1968149529,68,2,X9529,2,77,63,,,,,,,3,2,07,7,1,771,117,10,,117,135,,82,092,,14,,145,3,759214,,,655514,,,1969,1.0
69IN01123,1968149530,68,2,X9530,2,76,55,,,,,,,1,2,07,7,1,762,085,10,,85,97,,82,084,,14,,128,3,826714,,,870714,,,1969,1.0
69IN01124,1968149531,68,2,X9531,2,78,52,,,,,,,1,2,07,7,1,781,096,10,,96,127,,82,094,,14,,121,2,661914,,,862514,,,1969,1.0
69IN01125,1968149532,68,2,X9532,2,73,63,,,,,,,1,2,07,7,1,732,105,11,,105,122,,82,099,,14,,107,2,759214,,,866114,,,1969,1.0
69IN01126,1968149533,68,2,X9533,2,76,65,,,,,,,1,2,07,7,,,,,,,,6,82,,,14,0510,,,722414,,,821714,,,1969,1.0
69IN01127,1968149538,68,2,X9538,2,74,64,,,,,,,3,2,07,7,1,740,112,08,,112,145,,82,076,,14,,108,2,726414,,,852214,,,1969,1.0
69IN01128,1968149540,68,2,X9540,2,73,65,,,,,,,1,2,07,7,3,732,113,09,,113,142,,82,081,,14,,100,2,722414,,,852714,,,1969,1.0
69IN01129,1968149541,68,2,X9541,2,73,53,,,,,,,1,2,07,7,1,730,078,10,,78,115,,82,082,,14,,084,2,622811,,,818514,,,1969,1.0
69IN01130,1968149542,68,1,X9542,2,76,64,,,,,,,1,2,07,7,7,228,130,12,,130,160,2,82,090,,14,0927,127,2,726414,,220,627111,,,1969,1.0
69IN01131,1968149544,68,1,X9544,2,77,56,,,,,,,2,2,07,7,5,,108,13,,108,146,3,82,104,,14,0930,130,3,735414,,216,836814,,,1969,1.0
69IN01132,1968149545,68,2,X9545,2,75,57,,,,,,,1,2,07,7,1,752,115,10,,115,138,,82,113,,14,,126,2,794514,,,864314,,,1969,1.0
69IN01133,1968149548,68,1,X9548,2,46,460,,,,,,37,2,2,07,1,7,,082,14,,82,108,,46,070,,14,,081,2,809914,,208,799714,,,1969,1.0
69IN01134,1968149549,68,1,X9549,2,76,59,,,,,,,1,2,07,7,7,,118,13,,118,155,3,82,083,,14,0812,126,2,762414,,209,624511,,,1969,1.0
69IN01135,1968149551,68,1,X9551,2,74,59,,,,,,,3,2,07,7,7,,085,13,,85,140,3,82,086,,14,0812,121,2,762414,,182,658214,,,1969,1.0
69IN01136,1968149553,68,1,X9553,2,74,52,,,,,,,1,2,07,7,6,228,139,09,,139,170,2,82,092,,14,0927,127,2,661914,,235,818114,,,1969,1.0
69IN01137,1968149554,68,1,X9554,2,76,53,,,,,,,3,2,07,7,2,,108,13,,108,130,3,82,085,,14,0812,107,2,622811,,205,683614,,,1969,1.0
69IN01138,1968149556,68,2,X9556,2,78,52,,,,,,,1,2,07,7,1,782,090,08,,90,102,,82,093,,14,,135,3,661914,,,690514,,,1969,1.0
69IN01139,1968149558,68,1,X9558,2,75,54,,,,,,,3,2,07,7,5,,105,10,,105,140,3,82,093,,14,0812,114,2,628311,,206,687614,, 2,1969,1.0
69IN01140,1968149559,68,2,X9559,2,73,56,,,,,,,3,2,07,7,1,731,060,09,,60,81,,82,087,,14,,085,2,735414,,,689014,,,1969,1.0
69IN01141,1968149561,68,2,X9561,2,73,54,,,,,,,1,2,07,7,1,731,103,09,,103,124,,82,083,,14,,123,3,628311,,,835614,,,1969,1.0
69IN01142,1968149562,68,1,X9562,2,75,56,,,,,,,1,2,07,7,5,202,113,10,,113,140,2,82,094,,14,0927,134,2,735414,,231,869714,,,1969,1.0
69IN01143,1968149563,68,2,X9563,2,35,350,7,,,,,44,2,2,07,1,1,350,093,08,,93,132,,35,103,,14,,092,2,718914,,,828714,,,1969,1.0
69IN01144,1968149564,68,2,X9564,2,35,350,6,,,,,44,2,2,07,1,1,350,071,09,,71,100,,35,090,,14,,097,2,718914,,,828714,,,1969,1.0
69IN01145,1968149565,68,2,X9565,2,74,65,,,,,,,2,2,07,7,5,741,090,11,,90,123,,82,078,,14,,098,2,722414,,,672814,,,1969,1.0
69IN01146,1968149566,68,1,X9566,2,73,65,,,,,,,2,2,07,7,7,,107,09,,107,138,3,82,086,,14,0929,110,2,722414,,215,672814,,,1969,1.0
69IN01147,1968149567,68,2,X9567,2,46,460,6,,,,,30,3,2,07,1,3,460,083,14,,83,101,,46,082,,14,,109,2,809914,,,421414,,,1969,1.0
69IN01148,1968149569,68,2,X9569,2,77,54,,,,,,,2,2,07,7,1,771,097,09,,97,112,,82,103,,14,,122,3,628311,,,658914,,,1969,1.0
69IN01149,1968149570,68,2,X9570,2,76,54,,,,,,,2,2,07,7,1,762,097,09,,97,125,,82,088,,14,,126,2,628311,,,658914,,,1969,1.0
69IN01150,1968149571,68,2,X9571,2,75,53,,,,,,,1,2,07,7,1,750,094,12,,94,114,,82,091,,14,,103,2,622811,,,856214,,,1969,1.0
69IN01151,1968149575,68,2,X9575,2,78,58,,,,,,,1,2,07,7,1,782,089,09,,89,108,,82,067,,14,,082,2,671514,,,869614,,,1969,1.0
69IN01152,1968149576,68,2,X9576,2,77,57,,,,,,,1,2,07,7,3,771,102,14,,102,123,,82,087,,14,,101,2,794514,,,819414,,,1969,1.0
69IN01153,1968149577,68,2,X9577,2,75,56,,,,,,,3,2,07,7,1,751,072,09,,72,107,,82,107,,14,,095,3,735414,,,681814,,,1969,1.0
69IN01154,1968149580,68,1,X9580,2,83,65,,,,,,,1,2,07,7,7,228,135,08,,135,165,2,82,095,,14,0927,129,2,722414,,230,694414,,,1969,1.0
69IN01155,1968149581,68,1,X9581,2,73,53,,,,,,,2,2,07,7,5,,120,14,,120,140,3,82,092,,14,0812,108,2,622811,,215,663714,,,1969,1.0
69IN01156,1968149582,68,1,X9582,2,78,53,,,,,,,2,2,07,7,6,,113,13,,113,135,3,82,087,,14,0812,095,2,622811,,220,663714,,,1969,1.0
69IN01157,1968149583,68,1,X9583,2,74,64,,,,,,,1,2,07,7,6,219,114,09,,114,140,2,82,090,,14,0927,124,2,726414,,218,819814,,,1969,1.0
69IN01158,1968149587,68,2,X9587,2,74,54,,,,,,,1,2,07,7,3,741,083,11,,83,106,,82,094,,14,,110,2,628311,,,838614,,,1969,1.0
69IN01159,1968149588,68,1,X9588,2,78,62,,,,,,,1,2,07,7,7,,120,11,,120,148,3,82,091,,14,0929,143,2,733714,,213,594411,,,1969,1.0
69IN01160,1968149589,68,1,X9589,2,35,350,,,,,,50,1,2,07,1,1,,085,09,,85,,6,35,094,,14,1101,081,3,718914,,217,580114,,,1969,1.0
69IN01161,1968149591,68,2,X9591,2,76,60,,,,,,,2,2,07,7,1,762,116,10,,116,134,,82,100,,14,,125,4,839114,,,669414,,,1969,1.0
69IN01162,1968149593,68,2,X9593,2,75,50,,,,,,,3,2,07,7,1,752,114,07,,114,138,,82,088,,14,,120,2,625511,,,665814,,,1969,1.0
69IN01163,1968149595,68,2,X9595,2,46,460,7,,,,,25,3,2,07,1,3,460,086,14,,86,114,,46,091,,14,,125,2,809914,,,739814,,,1969,1.0
69IN01164,1968149596,68,2,X9596,2,78,58,,,,,,,2,2,07,7,3,780,090,10,,90,116,,82,074,,14,,091,2,671514,,,712114,,,1969,1.0
69IN01165,1968149597,68,2,X9597,2,77,58,,,,,,,2,2,07,7,1,770,094,11,,94,124,,82,090,,14,,095,2,671514,,,712114,,,1969,1.0
69IN01166,1968149601,68,2,X9601,2,74,53,,,,,,,1,2,07,7,1,742,102,13,,102,135,6,82,097,,14,1208,102,2,622811,,,691114,,,1969,1.0
69IN01167,1968149603,68,1,X9603,2,46,460,,,,,,32,2,2,07,1,6,,100,12,,100,128,,46,084,,14,,085,2,809914,,217,599014,,,1969,1.0
69IN01168,1968149604,68,2,X9604,2,46,460,6,,,,,32,2,2,07,1,3,460,079,14,,79,102,,46,080,,14,,095,2,809914,,,599014,,,1969,1.0
69IN01169,1968149607,68,1,X9607,2,77,61,,,,,,,1,2,07,7,1,,112,12,,112,135,3,82,088,,14,0812,119,2,825714,,223,816714,,,1969,1.0
69IN01170,1968149609,68,2,X9609,2,75,58,,,,,,,3,2,07,7,1,751,098,11,,98,122,,82,093,,14,,111,2,671514,,,667214,,,1969,1.0
69IN01171,1968149611,68,2,X9611,2,77,63,,,,,,,1,2,07,7,1,770,108,13,,108,130,,82,095,,14,,131,2,759214,,,836714,,,1969,1.0
69IN01172,1968149612,68,1,X9612,2,75,63,,,,,,,1,2,07,7,6,,100,14,,100,138,3,82,099,,14,0812,101,2,759214,,202,840714,,,1969,1.0
69IN01173,1968149615,68,1,X9615,2,74,50,,,,,,,2,2,07,7,2,,110,13,,110,133,3,82,094,,14,0812,122,2,625511,,208,658614,,,1969,1.0
69IN01174,1968149616,68,1,X9616,2,73,50,,,,,,,2,2,07,7,6,227,125,09,,125,160,2,82,095,,14,0927,143,2,625511,,229,658614,,,1969,1.0
69IN01175,1968149617,68,2,X9617,2,78,51,,,,,,,1,2,07,7,3,781,097,10,,97,118,,82,090,,14,,106,2,710814,,,822614,,,1969,1.0
69IN01176,1968149618,68,2,X9618,2,78,59,,,,,,,2,2,07,7,1,782,102,11,,102,125,,82,082,,14,,100,2,762414,,,677614,,,1969,1.0
69IN01177,1968149619,68,2,X9619,2,77,59,,,,,,,2,2,07,7,3,771,095,12,,95,133,,82,071,,14,,097,2,762414,,,677614,,,1969,1.0
69IN01178,1968149621,68,2,X9621,2,35,350,7,,,,,41,3,2,07,1,1,350,102,11,,102,120,,35,089,,14,,108,2,718914,,,725114,,,1969,1.0
69IN01179,1968149622,68,2,X9622,2,76,52,,,,,,,2,2,07,7,1,762,094,13,,94,126,,82,087,,14,,115,2,661914,,,590011,,,1969,1.0
69IN01180,1968149623,68,2,X9623,2,74,52,,,,,,,2,2,07,7,1,740,096,09,,96,128,,82,079,,14,,094,2,661914,,,590011,,,1969,1.0
69IN01181,1968149624,68,1,X9624,2,35,350,,,,,,41,1,2,07,1,1,,098,09,,98,126,,35,098,,14,,117,2,718914,,205,736814,,,1969,1.0
69IN01182,1968149625,68,1,X9625,2,74,55,,,,,,,3,2,07,7,6,,070,11,,70,105,3,82,091,,14,0812,087,2,826714,,195,866914,,,1969,1.0
69IN01183,1968149627,68,2,X9627,2,73,57,,,,,,,1,2,07,7,3,732,108,13,,108,132,,82,099,,14,,142,3,794514,,,819214,,,1969,1.0
69IN01184,1968149628,68,1,X9628,2,46,460,,,,,,25,3,2,07,1,7,,105,09,,105,135,,46,090,,14,,111,2,809914,,209,730714,,,1969,1.0
69IN01185,1968149630,68,2,X9630,2,76,54,,,,,,,1,2,07,7,1,761,098,10,,98,115,,82,097,,14,,110,2,628311,,,868914,,,1969,1.0
69IN01186,1968149631,68,1,X9631,2,46,460,,,,,,26,1,2,07,1,6,,077,13,,77,120,3,46,069,,14,0812,089,2,809914,,197,628214,,,1969,1.0
69IN01187,1968149632,68,2,X9632,2,73,61,,,,,,,3,2,07,7,1,731,116,11,,116,127,,82,082,,14,,119,2,825714,,,829314,,,1969,1.0
69IN01188,1968149635,68,2,X9635,2,76,58,,,,,,,1,2,07,7,1,762,098,10,,98,127,,82,086,,14,,103,2,671514,,,849414,,,1969,1.0
69IN01189,1968149637,68,2,X9637,2,78,61,,,,,,,3,2,07,7,1,781,118,10,,118,137,,82,089,,14,,132,2,825714,,,702814,,,1969,1.0
69IN01190,1968149638,68,2,X9638,2,76,63,,,,,,,2,2,07,7,1,762,103,10,,103,118,,82,083,,14,,117,2,759214,,,667914,,,1969,1.0
69IN01191,1968149639,68,2,X9639,2,75,63,,,,,,,2,2,07,7,1,752,092,11,,92,126,,82,095,,14,,114,2,759214,,,667914,,,1969,1.0
69IN01192,1968149640,68,2,X9640,2,74,63,,,,,,,1,2,07,7,1,742,122,11,,122,135,,82,092,,14,,128,2,759214,,,817414,,,1969,1.0
69IN01193,1968149641,68,1,X9641,2,78,58,,,,,,,2,2,07,7,6,220,118,11,,118,148,2,82,089,,14,0927,112,2,671514,,226,830114,,,1969,1.0
69IN01194,1968149645,68,1,X9645,2,76,50,,,,,,,2,2,07,7,1,220,106,12,,106,150,2,82,091,,14,0927,135,3,625511,,206,671214,,,1969,1.0
69IN01195,1968149646,68,2,X9646,2,74,50,,,,,,,2,2,07,7,1,740,096,10,,96,122,,82,097,,14,,119,3,625511,,,671214,,,1969,1.0
69IN01196,1968149647,68,2,X9647,2,73,59,,,,,,,1,2,07,7,1,732,097,14,,97,123,,82,071,,14,,102,3,762414,,,815014,,,1969,1.0
69IN01197,1968149649,68,1,X9649,2,74,55,,,,,,,2,2,07,7,1,,102,11,,102,137,3,82,091,,14,0812,115,2,826714,,201,683414,,,1969,1.0
69IN01198,1968149651,68,2,X9651,2,76,57,,,,,,,1,2,07,7,3,761,093,09,,93,125,,82,091,,14,,111,2,794514,,,856814,,,1969,1.0
69IN01199,1968149652,68,1,X9652,2,78,51,,,,,,,1,2,07,7,7,,123,12,,123,145,3,82,091,,14,0929,124,2,710814,,223,817714,,,1969,1.0
69IN01200,1968149654,68,1,X9654,2,73,56,,,,,,,1,2,07,7,1,,067,10,,67,118,3,82,070,,14,0812,073,2,735414,,203,861014,,,1969,1.0
69IN01201,1968149657,68,1,X9657,2,76,62,,,,,,,1,2,07,7,2,221,115,09,,115,148,2,82,091,,14,0927,124,2,733714,,215,839914,,,1969,1.0
69IN01202,1968149658,68,1,X9658,2,75,52,,,,,,,1,2,07,7,1,,130,11,,130,150,3,82,084,,14,0812,135,2,661914,,219,837314,, 3,1969,1.0
69IN01203,1968149659,68,1,X9659,2,74,61,,,,,,,1,2,07,7,4,219,124,09,,124,163,2,82,087,,14,0927,148,2,825714,,216,688714,,,1969,1.0
69IN01204,1968149665,68,2,X9665,2,77,61,,,,,,,1,2,07,7,,,,,,,,6,82,,,14,0330,,,825714,,,629711,,,1969,1.0
69IN01205,1968149668,68,2,X9668,2,73,54,,,,,,,3,2,07,7,3,730,093,13,,93,122,,82,077,,14,,119,2,628311,,,672014,,,1969,1.0
69IN01206,1968149670,68,2,X9670,2,78,57,,,,,,,2,2,07,7,3,781,095,11,,95,110,,82,085,,14,,073,2,794514,,,700414,,,1969,1.0
69IN01207,1968149671,68,2,X9671,2,35,350,6,,,,,39,1,2,07,1,1,350,095,09,,95,123,,35,091,,14,,114,2,718914,,,652714,,,1969,1.0
69IN01208,1968149672,68,2,X9672,2,76,57,,,,,,,1,2,07,7,3,760,096,11,,96,130,,82,096,,14,,113,2,794514,,,847214,,,1969,1.0
69IN01209,1968149673,68,2,X9673,2,76,62,,,,,,,2,2,07,7,3,761,113,11,,113,131,,82,090,,14,,150,3,733714,,,701714,,,1969,1.0
69IN01210,1968149676,68,2,X9676,2,73,64,,,,,,,1,2,07,7,1,730,092,11,,92,127,,82,096,,14,,075,2,726414,,,824814,,,1969,1.0
69IN01211,1968149677,68,1,X9677,2,76,58,,,,,,,1,2,07,7,1,,106,13,,106,144,3,82,076,,14,0812,103,3,671514,,216,821314,,,1969,1.0
69IN01212,1968149680,68,2,X9680,2,46,460,7,,,,,28,2,2,07,1,3,460,078,13,,78,103,,46,079,,14,,105,3,809914,,,832914,,,1969,1.0
69IN01213,1968149683,68,1,X9683,2,77,52,,,,,,,3,2,07,7,4,219,115,11,,115,138,2,82,093,,14,0927,122,3,661914,,235,831414,,,1969,1.0
69IN01214,1968149686,68,2,X9686,2,74,51,,,,,,,1,2,07,7,1,742,103,10,,103,138,,82,094,,14,,112,2,710814,,,830714,,,1969,1.0
69IN01215,1968149687,68,2,X9687,2,78,65,,,,,,,3,2,07,7,1,780,073,09,,73,94,,82,092,,14,,087,2,722414,,,666714,,,1969,1.0
69IN01216,1968149688,68,2,X9688,2,77,65,,,,,,,3,2,07,7,1,772,092,10,,92,112,,82,080,,14,,101,2,722414,,,666714,,,1969,1.0
69IN01217,1968149689,68,2,X9689,2,74,62,,,,,,,2,2,07,7,,,,,,,,6,82,,,14,0508,,,733714,,,834214,,,1969,1.0
69IN01218,1968149690,68,2,X9690,2,73,62,,,,,,,2,2,07,7,1,732,082,07,,82,117,,82,087,,14,,084,2,733714,,,834214,,,1969,1.0
69IN01219,1968149692,68,2,X9692,2,78,52,,,,,,,2,2,07,7,3,780,075,10,,75,102,,82,088,,14,,084,2,661914,,,668214,,,1969,1.0
69IN01220,1968149693,68,2,X9693,2,77,52,,,,,,,2,2,07,7,1,770,116,06,,116,148,,82,098,,14,,145,3,661914,,,668214,,,1969,1.0
69IN01221,1968149695,68,1,X9695,2,83,50,,,,,,,1,2,07,7,2,,112,11,,112,143,3,82,087,,14,0812,135,2,625511,,205,685614,,,1969,1.0
69IN01222,1968149697,68,2,X9697,2,75,52,,,,,,,3,2,07,7,1,751,108,11,,108,132,,82,099,,14,,115,2,661914,,,663614,,,1969,1.0
69IN01223,1968149698,68,2,X9698,2,75,55,,,,,,,1,2,07,7,1,750,092,08,,92,138,,82,090,,14,,099,2,826714,,,704914,,,1969,1.0
69IN01224,1968149699,68,2,X9699,2,76,61,,,,,,,2,2,07,7,1,761,100,09,,100,127,,82,096,,14,,115,2,825714,,,672114,,,1969,1.0
69IN01225,1968149700,68,1,X9700,2,76,61,,,,,,,2,2,07,7,4,,110,12,,110,135,3,82,079,,14,0812,145,2,825714,,200,672114,,,1969,1.0
69IN01226,1968149701,68,1,X9701,2,78,55,,,,,,,2,2,07,7,6,,105,13,,105,144,3,82,089,,14,0812,122,2,826714,,199,655614,,,1969,1.0
69IN01227,1968149702,68,2,X9702,2,75,55,,,,,,,2,2,07,7,1,752,082,09,,82,111,,82,086,,14,,108,2,826714,,,655614,,,1969,1.0
69IN01228,1968149703,68,1,X9703,2,77,65,,,,,,,2,2,07,7,7,,122,12,,122,152,3,82,078,,14,0812,123,2,722414,,213,702914,,,1969,1.0
69IN01229,1968149705,68,2,X9705,2,74,65,,,,,,,2,2,07,7,3,742,099,09,,99,130,,82,089,,14,,104,2,722414,,,660814,,,1969,1.0
69IN01230,1968149707,68,1,X9707,2,74,51,,,,,,,3,2,07,7,5,,135,09,,135,168,3,82,087,,14,0930,111,2,710814,,229,663314,,,1969,1.0
69IN01231,1968149708,68,1,X9708,2,73,51,,,,,,,3,2,07,7,7,,094,09,,94,130,3,82,070,,14,0812,092,2,710814,,217,663314,,,1969,1.0
69IN01232,1968149709,68,2,X9709,2,74,58,,,,,,,1,2,07,7,1,742,118,09,,118,130,,82,076,,14,,106,2,671514,,,703014,,,1969,1.0
69IN01233,1968149710,68,2,X9710,2,73,55,,,,,,,2,2,07,7,1,732,105,10,,105,135,,82,094,,14,,115,2,826714,,,675114,,,1969,1.0
69IN01234,1968149711,68,2,X9711,2,78,55,,,,,,,2,2,07,7,1,781,108,09,,108,133,,82,079,,14,,123,2,826714,,,675114,,,1969,1.0
69IN01235,1968149714,68,2,X9714,2,77,64,,,,,,,2,2,07,7,3,771,084,12,,84,108,,82,082,,14,,108,2,726414,,,592511,,,1969,1.0
69IN01236,1968149715,68,2,X9715,2,74,50,,,,,,,1,2,07,7,1,741,092,14,,92,117,,82,098,,14,,123,2,625511,,,692414,,,1969,1.0
69IN01237,1968149718,68,2,X9718,2,74,62,,,,,,,2,2,07,7,1,741,079,11,,79,117,,82,096,,14,,108,2,733714,,,671914,,,1969,1.0
69IN01238,1968149719,68,1,X9719,2,78,62,,,,,,,2,2,07,7,6,,105,12,,105,140,3,82,090,,14,0929,125,2,733714,,208,671914,,,1969,1.0
69IN01239,1968149720,68,1,X9720,2,76,63,,,,,,,2,2,07,7,2,220,106,10,,106,140,2,82,084,,14,0927,129,2,759214,,210,663214,,,1969,1.0
69IN01240,1968149722,68,2,X9722,2,73,53,,,,,,,2,2,07,7,1,732,093,13,,93,110,,82,090,,14,,071,2,622811,,,675614,,,1969,1.0
69IN01241,1968149723,68,1,X9723,2,77,53,,,,,,,2,2,07,7,6,227,116,13,,116,152,2,82,078,,14,0927,094,2,622811,,220,675614,,,1969,1.0
69IN01242,1968149725,68,2,X9725,2,78,51,,,,,,,2,2,07,7,3,782,078,13,,78,122,,82,073,,14,,086,2,710814,,,589311,,,1969,1.0
69IN01243,1968149727,68,2,X9727,2,46,460,6,,,,,27,3,2,07,1,3,460,089,13,,89,126,,46,082,,14,,103,2,809914,,,743414,,,1969,1.0
69IN01244,1968149736,68,2,X9736,2,73,57,,,,,,,2,2,07,7,5,730,108,12,,108,132,,82,091,,14,,123,2,794514,,,701114,,,1969,1.0
69IN01245,1968149737,68,1,X9737,2,74,57,,,,,,,2,2,07,7,7,,088,10,,88,120,3,82,081,,14,0812,094,2,794514,,205,701114,,,1969,1.0
69IN01246,1968149738,68,1,X9738,2,74,58,,,,,,,1,2,07,7,2,222,112,11,,112,155,2,82,085,,14,0927,113,2,671514,,211,816114,,,1969,1.0
69IN01247,1968149741,68,2,X9741,2,35,350,7,,,,,42,2,2,07,1,1,350,096,10,,96,117,,35,082,,14,,118,2,718914,,,741014,,,1969,1.0
69IN01248,1968149744,68,2,X9744,2,74,56,,,,,,,1,2,07,7,1,741,086,12,,86,122,,82,093,,14,,120,2,735414,,,668114,,,1969,1.0
69IN01249,1968149745,68,2,X9745,2,74,59,,,,,,,1,2,07,7,3,741,086,09,,86,118,,82,076,,14,,086,2,762414,,,842714,,,1969,1.0
69IN01250,1968149747,68,1,X9747,2,77,63,,,,,,,1,2,07,7,,,,,,,,6,82,,,14,0311,,,759214,,,875114,,,1969,1.0
69IN01251,1968149748,68,2,X9748,2,77,63,,,,,,,2,2,07,7,1,772,116,12,,116,136,,82,096,,14,,103,2,759214,,,694914,,,1969,1.0
69IN01252,1968149749,68,2,X9749,2,76,63,,,,,,,2,2,07,7,1,,077,11,,77,,7,82,082,,14,1112,116,2,759214,,,694914,,,1969,1.0
69IN01253,1968149751,68,2,X9751,2,78,60,,,,,,,3,2,07,7,1,780,089,14,,89,107,,82,089,,14,,104,2,839114,,,871014,,,1969,1.0
69IN01254,1968149753,68,1,X9753,2,73,52,,,,,,,2,2,07,7,6,227,130,08,,130,167,2,82,100,,14,0927,132,3,661914,,233,689714,,,1969,1.0
69IN01255,1968149754,68,2,X9754,2,73,52,,,,,,,2,2,07,7,1,730,115,09,,115,142,,82,084,,14,,114,3,661914,,,689714,,,1969,1.0
69IN01256,1968149755,68,1,X9755,2,77,54,,,,,,,1,2,07,7,7,,112,11,,112,145,3,82,082,,14,0812,128,2,628311,,208,665914,,,1969,1.0
69IN01257,1968149759,68,2,X9759,2,74,55,,,,,,,1,2,07,7,1,740,088,12,,88,117,,82,087,,14,,105,2,826714,,,693614,,,1969,1.0
69IN01258,1968149760,68,1,X9760,2,75,64,,,,,,,2,2,07,7,7,,108,15,,108,145,3,82,092,,14,0812,118,2,726414,,211,686214,,,1969,1.0
69IN01259,1968149762,68,2,X9762,2,73,50,,,,,,,2,2,07,7,1, 35,104,11,,104,130,2,82,094,,14,0927,119,2,625511,,,665314,,,1969,1.0
69IN01260,1968149763,68,2,X9763,2,77,50,,,,,,,2,2,07,7,3,770,100,13,,100,134,,82,098,,14,,093,2,625511,,,665314,,,1969,1.0
69IN01261,1968149764,68,2,X9764,2,75,64,,,,,,,1,2,07,7,1,751,106,11,,106,128,,82,092,,14,,092,2,726414,,,868714,,,1969,1.0
69IN01262,1968149766,68,2,X9766,2,46,460,,,,,,30,2,2,07,1,,,,,,,,6,46,,,14,0508,,,809914,,,660914,,,1969,1.0
69IN01263,1968149768,68,1,X9768,2,74,52,,,,,,,2,2,07,7,6,,093,09,,93,125,3,82,086,,14,0812,107,3,661914,,217,870514,,,1969,1.0
69IN01264,1968149771,68,1,X9771,2,73,63,,,,,,,1,2,07,7,2,222,115,09,,115,150,2,82,080,,14,0927,114,2,759214,,216,826514,,,1969,1.0
69IN01265,1968149773,68,2,X9773,2,73,64,,,,,,,1,2,07,7,3,731,105,11,,105,132,,82,090,,14,,109,3,726414,,,701814,,,1969,1.0
69IN01266,1968149775,68,2,X9775,2,75,54,,,,,,,3,2,07,7,3,751,088,09,,88,110,,82,088,,14,,099,2,628311,,,693514,,,1969,1.0
69IN01267,1968149776,68,2,X9776,2,46,460,7,,,,,27,3,2,07,1,3,460,078,12,,78,101,,46,090,,14,,083,2,809914,,,823114,,,1969,1.0
69IN01268,1968149779,68,2,X9779,2,73,63,,,,,,,3,2,07,7,1,730,108,09,,108,127,,82,097,,14,,099,2,759214,,,850014,,,1969,1.0
69IN01269,1968149780,68,2,X9780,2,74,51,,,,,,,1,2,07,7,1,740,093,09,,93,126,,82,090,,14,,090,2,710814,,,845814,,,1969,1.0
69IN01270,1968149781,68,2,X9781,2,76,62,,,,,,,2,2,07,7,3,760,100,14,,100,128,,82,084,,14,,140,2,733714,,,665614,,,1969,1.0
69IN01271,1968149782,68,2,X9782,2,75,62,,,,,,,2,2,07,7,3,752,090,11,,90,112,,82,088,,14,,118,2,733714,,,665614,,,1969,1.0
69IN01272,1968149784,68,2,X9784,2,75,65,,,,,,,2,2,07,7,3,752,097,12,,97,120,,82,088,,14,,115,2,722414,,,654914,,,1969,1.0
69IN01273,1968149785,68,1,X9785,2,77,60,,,,,,,1,2,07,7,6,,115,12,,115,145,3,82,086,,14,0929,128,2,839114,,215,624311,,,1969,1.0
69IN01274,1968149786,68,2,X9786,2,77,60,,,,,,,2,2,07,7,1,770,084,14,,84,118,,82,088,,14,,101,3,839114,,,699914,,,1969,1.0
69IN01275,1968149787,68,1,X9787,2,75,60,,,,,,,2,2,07,7,6,,105,11,,105,125,3,82,078,,14,0812,119,2,839114,,215,699914,,,1969,1.0
69IN01276,1968149788,68,2,X9788,2,75,58,,,,,,,1,2,40,7,1,750,094,12,,94,117,,82,083,,14,,098,2,000098,,,836514,,,1969,1.0
69IN01277,1968149789,68,2,X9789,2,75,56,,,,,,,1,2,40,7,1,750,092,10,,92,125,,82,093,,14,,116,2,000098,,,695714,,,1969,1.0
69IN01278,1960180410,60,2,C0410,3,72,858,,,,,,,,0,07,3,,800,,,03,125,138,,,,,18,,075,1,923217,,,763317,,,1969,9.0
69IN01279,1961180615,61,2,C0615,3,70,730,,,,,,,,9,07,2,, 42,081,,04,128,140,3,,,,18,0929,092,2,920917,,,970917,,,1969,8.0
69IN01280,1961180854,61,2,C0854,3,72,920,,,,,,,,9,07,3,,820,067,,01,133,147,,,,,18,,073,2,000518,,,996717,,,1969,8.0
69IN01281,1962181030,62,2,C1030,3,72,860,,,,,,,,8,07,3,,840,097,,02,147,163,,,,,18,,091,1,044518,,,951917,,,1969,7.0
69IN01282,1962181053,62,2,C1053,3,70,720,,,,,,,,8,07,2,, 42,097,,04,132,148,2,,,,18,0927,072,2,920917,,,011018,,,1969,7.0
69IN01283,1962181055,62,2,C1055,3,70,720,,,,,,,,8,07,2,,,111,,,,,6,,,,18,0515,085,3,920917,,,934017,,,1969,7.0
69IN01284,1962181062,62,2,C1062,3,70,720,,,,,,,,8,07,2,, 42,105,,02,135,158,2,,,,18,0927,071,2,920917,,,015418,,,1969,7.0
69IN01285,1962181066,62,2,C1066,3,70,720,,,,,,,,8,07,2,, 42,098,,01,133,140,2,,,,18,0927,081,2,920917,,,847117,,,1969,7.0
69IN01286,1962181071,62,4,C1071,3,,,,,,,,,,8,07,,,,098,,,170,,,,,,18,,098,2,048218,,,891417,,,1969,7.0
69IN01287,1962181132,62,1,C1132,3,70,720,,,,,,,,8,07,,,,135,,,215,230,3,,,,18,0812,123,2,920917,,513,936117,,,1969,7.0
69IN01288,1962181149,62,2,C1149,3,70,730,,,,,,,,8,07,2,, 42,096,,02,155,180,2,,,,18,0927,088,2,879117,,,893017,,,1969,7.0
69IN01289,1962181159,62,2,C1159,3,70,730,,,,,,,,8,07,2,, 42,106,,02,133,130,2,,,,18,0927,081,2,879117,,,919517,,,1969,7.0
69IN01290,1962181163,62,2,C1163,3,70,710,,,,,,,,8,07,2,, 42,098,,02,160,185,2,,,,18,0927,114,2,048218,,,944417,,,1969,7.0
69IN01291,1962181190,62,2,C1190,3,72,960,,,,,,,,8,07,3,,860,100,,02,138,152,,,,,18,,094,2,031718,,,887017,,,1969,7.0
69IN01292,1962181202,62,2,C1202,3,72,810,,,,,,,,8,07,3,,880,078,,02,123,148,,,,,18,,045,K,052018,,,056418,,,1969,7.0
69IN01293,1962181253,62,2,C1253,3,72,940,,,,,,,,8,07,3,,970,100,,02,140,140,,,,,18,,087,2,018518,,,003318,,,1969,7.0
69IN01294,1962181264,62,2,C1264,3,70,710,,,,,,,,8,07,2,, 42,108,,02,153,167,2,,,,18,0927,089,2,048218,,,990417,,,1969,7.0
69IN01295,1962181275,62,2,C1275,3,72,890,,,,,,,,8,07,3,,,103,,,138,,3,,,,18,0929,078,2,055818,,,986017,,,1969,7.0
69IN01296,1963181332,63,1,C1332,3,70,730,,,,,,,,7,07,2,,226,,,,220,245,2,,,,18,0927,170,2,920917,,237,090218,,,1969,6.0
69IN01297,1963181368,63,2,C1368,3,72,840,,,,,,,,7,07,3,,920,,,02,147,173,,,,,18,,106,2,093718,,,958517,,,1969,6.0
69IN01298,1963181382,63,2,C1382,3,70,730,,,,,,,,7,07,2,, 41,,,02,147,173,2,,,,18,0927,101,2,920917,,,876817,,,1969,6.0
69IN01299,1963181388,63,2,C1388,3,72,800,,,,,,,,7,07,3,,940,,,01,127,155,,,,,18,,093,2,085518,,,000318,,,1969,6.0
69IN01300,1963181390,63,1,C1390,3,70,710,,,,,,,,7,07,2,,,,,,215,240,3,,,,18,0812,173,2,048218,,250,015118,,,1969,6.0
69IN01301,1963181415,63,2,C1415,3,70,730,,,,,,,,7,07,2,, 41,,,03,138,165,2,,,,18,0927,090,2,920917,,,026518,,,1969,6.0
69IN01302,1963181417,63,2,C1417,3,70,710,,,,,,,,7,07,2,, 40,,,01,147,173,2,,,,18,0927,140,2,048218,,,055118,,,1969,6.0
69IN01303,1963181418,63,2,C1418,3,70,730,,,,,,,,7,07,2,,,,,,137,,7,,,,18,1112,079,2,920917,,,033818,,,1969,6.0
69IN01304,1963181430,63,2,C1430,3,72,930,,,,,,,,7,07,3,,960,,,02,137,156,,,,,18,,101,2,088718,,,989117,,,1969,6.0
69IN01305,1963181436,63,2,C1436,3,70,710,,,,,,,,7,07,2,, 40,,,02,155,180,2,,,,18,0927,118,2,048218,,,930717,,,1969,6.0
69IN01306,1963181460,63,2,C1460,3,70,730,,,,,,,,7,07,2,,,,,04,160,128,3,,,,18,0929,129,2,920917,,,983717,,,1969,6.0
69IN01307,1963181482,63,2,C1482,3,72,940,,,,,,,,7,07,3,,,,,11,143,155,3,,,,18,0120,120,2,096818,,,018418,,,1969,6.0
69IN01308,1963181490,63,2,C1490,3,72,840,,,,,,,,7,07,3,,,,,,109,,3,,,,18,0602,079,2,093718,,,098018,,,1969,6.0
69IN01309,1963181507,63,2,C1507,3,72,880,,,,,,,,7,07,3,,980,,,02,142,150,,,,,18,,124,3,093318,,,860417,,,1969,6.0
69IN01310,1963181526,63,2,C1526,3,72,990,,,,,,,,7,07,3,, 91,,,02,130,155,,,,,18,,138,2,075418,,,980817,,,1969,6.0
69IN01311,1963181541,63,2,C1541,3,70,710,,,,,,,,7,07,2,, 40,,,02,128,150,2,,,,18,0927,107,2,048218,,,880317,,,1969,6.0
69IN01312,1963181549,63,2,C1549,3,70,730,,,,,,,,7,07,2,,701,,,02,142,152,,,,,18,,105,2,920917,,,957117,,,1969,6.0
69IN01313,1963181550,63,2,C1550,3,70,730,,,,,,,,7,07,2,,,,,12,125,134,3,,,,18,0929,111,2,920917,,,957117,,,1969,6.0
69IN01314,1963181562,63,2,C1562,3,70,720,,,,,,,,7,07,2,,702,,,02,128,155,,,,,18,,133,2,060518,,,013718,,,1969,6.0
69IN01315,1963181586,63,2,C1586,3,72,810,,,,,,,,7,07,3,,830,,,02,133,160,,,,,18,,079,2,072118,,,051218,,,1969,6.0
69IN01316,1963181598,63,2,C1598,3,70,710,,,,,,,,7,07,2,,700,,,02,153,170,,,,,18,,130,3,048218,,,007818,,,1969,6.0
69IN01317,1963181605,63,2,C1605,3,70,710,,,,,,,,7,07,2,,,,,,,,6,,,,18,0428,115,2,048218,,,920217,,,1969,6.0
69IN01318,1963181607,63,2,C1607,3,72,940,,,,,,,,7,07,3,,850,,,02,165,158,,,,,18,,107,2,096818,,,077718,,,1969,6.0
69IN01319,1963181617,63,2,C1617,3,70,730,,,,,,,,7,07,2,,701,,,02,170,195,,,,,18,,117,2,920917,,,943617,,,1969,6.0
69IN01320,1963181619,63,2,C1619,3,72,960,,,,,,,,7,07,3,,870,,,02,133,160,,,,,18,,078,2,065818,,,915017,,,1969,6.0
69IN01321,1963181633,63,2,C1633,3,72,870,,,,,,,,7,07,3,,890,,,04,148,152,,,,,18,,115,2,088818,,,950117,,,1969,6.0
69IN01322,1963181634,63,2,C1634,3,70,710,,,,,,,,7,07,2,, 40,,,02,164,200,2,,,,18,0927,106,2,048218,,,061618,,,1969,6.0
69IN01323,1963181637,63,2,C1637,3,70,730,,,,,,,,7,07,2,, 40,,,02,155,162,2,,,,18,0927,084,2,920917,,,066018,,,1969,6.0
69IN01324,1963181654,63,2,C1654,3,70,710,,,,,,,,7,07,2,,700,,,02,154,157,,,,,18,,120,2,048218,,,898017,,,1969,6.0
69IN01325,1964181660,64,2,C1660,3,72,960,,,,,,,,6,07,3,,910,096,,01,153,158,,,081,042,18,,109,2,117118,,,125318,,,1969,5.0
69IN01326,1964181663,64,2,C1663,3,70,710,,,,,,,,6,07,2,, 40,106,,02,132,153,2,,100,050,18,0927,119,2,082118,,,104418,,,1969,5.0
69IN01327,1964181676,64,2,C1676,3,70,720,,,,,,,,6,07,2,,,113,,,152,,3,,085,045,18,0120,118,2,124418,,,983717,,,1969,5.0
69IN01328,1964181686,64,2,C1686,3,70,720,,,,,,,,6,07,2,,700,102,,02,175,195,,,085,042,18,,098,2,124418,,,944417,,,1969,5.0
69IN01329,1964181691,64,2,C1691,3,70,730,,,,,,,,6,07,2,,701,108,,02,153,166,,,079,046,18,,130,2,113218,,,917617,,,1969,5.0
69IN01330,1964181693,64,2,C1693,3,70,730,,,,,,,,6,07,2,,,122,,03,173,190,3,,100,050,18,0120,118,2,113218,,,059918,,,1969,5.0
69IN01331,1964181694,64,2,C1694,3,70,720,,,,,,,,6,07,2,, 40,106,,02,139,152,2,,091,044,18,0927,106,2,124418,,,126418,,,1969,5.0
69IN01332,1964181707,64,2,C1707,3,70,720,,,,,,,,6,07,2,,700,110,,01,170,168,,,086,045,18,,115,2,124418,,,103618,,,1969,5.0
69IN01333,1964181716,64,2,C1716,3,70,730,,,,,,,,6,07,2,,702,106,,02,168,182,,,090,054,18,,145,2,113218,,,073518,,,1969,5.0
69IN01334,1964181719,64,2,C1719,3,72,870,,,,,,,,6,07,3,,930,088,,01,140,158,,,075,030,18,,077,2,126618,,,126718,,,1969,5.0
69IN01335,1964181722,64,2,C1722,3,72,940,,,,,,,,6,07,3,,,110,,11,157,175,3,,083,055,18,0120,151,2,110118,,,057218,,,1969,5.0
69IN01336,1964181733,64,2,C1733,3,70,720,,,,,,,,6,07,2,,701,101,,02,150,157,,,090,050,18,,132,2,124418,,,112318,,,1969,5.0
69IN01337,1964181743,64,2,C1743,3,70,730,,,,,,,,6,07,2,,,100,,03,122,144,3,,096,046,18,1201,111,2,113218,,,046418,,,1969,5.0
69IN01338,1964181746,64,2,C1746,3,72,890,,,,,,,,6,07,3,,950,074,,01,123,135,,,082,040,18,,104,2,115218,,,116818,,,1969,5.0
69IN01339,1964181756,64,2,C1756,3,72,810,,,,,,,,6,07,3,,970,074,,02,113,130,,,083,036,18,,086,2,121518,,,103418,,,1969,5.0
69IN01340,1964181759,64,2,C1759,3,72,990,,,,,,,,6,07,3,,990,117,,02,175,185,,,082,037,18,,088,2,109118,,,097718,,,1969,5.0
69IN01341,1964181763,64,2,C1763,3,70,730,,,,,,,,6,07,2,,,097,,12,150,170,3,,088,047,18,0127,122,2,113218,,,121118,,,1969,5.0
69IN01342,1964181768,64,2,C1768,3,72,890,,,,,,,,6,07,3,,800,081,,02,130,148,,,070,031,18,,084,2,115218,,,882317,,,1969,5.0
69IN01343,1964181769,64,2,C1769,3,72,890,,,,,,,,6,07,3,,820,077,,03,110,138,,,075,036,18,,097,2,115218,,,882317,,,1969,5.0
69IN01344,1964181777,64,1,C1777,3,70,720,,,,,,,,6,07,2,,,138,09,,210,235,3,,075,047,18,0812,150,2,124418,,253,987017,,,1969,5.0
69IN01345,1964181787,64,2,C1787,3,70,720,,,,,,,,6,07,2,,,105,,11,143,140,3,,087,056,18,0120,141,3,124418,,,033418,,,1969,5.0
69IN01346,1964181795,64,2,C1795,3,70,720,,,,,,,,6,07,2,, 40,106,,01,164,187,2,,087,045,18,0927,112,2,124418,,,984617,,,1969,5.0
69IN01347,1964181796,64,2,C1796,3,72,970,,,,,,,,6,07,3,,840,091,,02,137,161,,,063,031,18,,088,2,130118,,,958517,,,1969,5.0
69IN01348,1964181798,64,2,C1798,3,70,730,,,,,,,,6,07,2,, 40,124,,02,160,195,2,,080,052,18,0927,147,2,113218,,,013718,,,1969,5.0
69IN01349,1964181811,64,4,C1811,3,,,,,,,,,,6,07,2,,,108,10,,195,,,,071,040,18,,130,2,113218,,,,,,1969,5.0
69IN01350,1964181821,64,2,C1821,3,70,730,,,,,,,,6,07,2,,702,102,,04,153,176,,,090,046,18,,115,2,113218,,,991917,,,1969,5.0
69IN01351,1964181845,64,2,C1845,3,70,710,,,,,,,,6,07,2,, 40,102,,02,133,163,2,,086,041,18,0927,098,2,082118,,,095418,,,1969,5.0
69IN01352,1964181859,64,2,C1859,3,70,720,,,,,,,,6,07,2,,,118,,11,180,188,3,,089,050,18,0120,133,2,124418,,,061518,,,1969,5.0
69IN01353,1964181864,64,2,C1864,3,72,860,,,,,,,,6,07,3,,860,073,,02,122,148,,,070,031,18,,086,2,128318,,,961017,,,1969,5.0
69IN01354,1964181880,64,2,C1880,3,72,860,,,,,,,,6,07,3,,880,082,,02,128,147,,,076,029,18,,071,2,128318,,,041018,,,1969,5.0
69IN01355,1964181881,64,2,C1881,3,72,860,,,,,,,,6,07,3,,900,080,,01,126,158,,,086,037,18,,092,2,128318,,,041018,,,1969,5.0
69IN01356,1964181901,64,2,C1901,3,72,920,,,,,,,,6,07,3,,920,080,,02,128,148,,,069,034,18,,098,2,109218,,,100918,,,1969,5.0
69IN01357,1964181918,64,2,C1918,3,72,940,,,,,,,,6,07,3,,940,083,,02,130,140,,,086,043,18,,111,2,110118,,,996217,,,1969,5.0
69IN01358,1964181923,64,2,C1923,3,70,730,,,,,,,,6,07,2,,702,104,,02,168,183,,,074,035,18,,093,2,113218,,,968917,,,1969,5.0
69IN01359,1964181925,64,2,C1925,3,72,900,,,,,,,,6,07,3,,960,094,,02,128,154,,,083,044,18,,114,2,116918,,,033118,,,1969,5.0
69IN01360,1964181930,64,2,C1930,3,72,820,,,,,,,,6,07,3,,980,112,,02,172,193,,,072,040,18,,110,2,112118,,,915017,,,1969,5.0
69IN01361,1964181946,64,2,C1946,3,70,720,,,,,,,,6,07,2,,700,098,,02,124,144,,,084,038,18,,098,2,124418,,,972217,,,1969,5.0
69IN01362,1964181960,64,2,C1960,3,70,710,,,,,,,,6,07,2,,701,098,,02,167,165,,,081,048,18,,123,2,082118,,,898017,,,1969,5.0
69IN01363,1965181967,65,2,C1967,3,70,710,2,1,,,,,,5,07,2,,702,103,,02,135,150,,,084,052,18,,125,3,048218,,,132918,,02,1969,4.0
69IN01364,1965181973,65,2,C1973,3,70,720,4,4,,,,,,5,07,2,, 38,103,,02,145,158,2,,075,042,18,0927,109,2,113218,,,160518,,02,1969,4.0
69IN01365,1965181975,65,1,C1975,3,70,710,,,,,,,,5,07,2,,226,145,09,,230,235,2,70,073,059,18,0927,170,2,048218,,255,146018,,,1969,4.0
69IN01366,1965181976,65,2,C1976,3,70,710,2,1,,,,,,5,07,2,, 91,103,,01,145,157,,,089,046,18,,111,2,048218,,,072718,,01,1969,4.0
69IN01367,1965181982,65,2,C1982,3,70,720,2,1,,,,,,5,07,2,,702,098,,02,145,168,,,086,052,18,,137,2,113218,,,146518,,02,1969,4.0
69IN01368,1965181983,65,2,C1983,3,70,730,4,4,,,,,,5,07,2,,701,110,,04,144,170,,,087,043,18,,102,2,124418,,,119918,,04,1969,4.0
69IN01369,1965181985,65,2,C1985,3,70,730,4,7,,,,,,5,07,2,,,101,,,,,6,,099,050,18,0311,112,2,124418,,,898017,,02,1969,4.0
69IN01370,1965181987,65,2,C1987,3,72,980,2,1,,,,,,5,07,3,,810,097,,01,126,143,,,083,042,18,,099,2,157518,,,077718,,02,1969,4.0
69IN01371,1965181993,65,2,C1993,3,70,720,2,4,,,,,,5,07,2,,701,103,,02,132,135,,,092,047,18,,110,2,113218,,,093818,,02,1969,4.0
69IN01372,1965181994,65,2,C1994,3,70,710,4,7,,,,,,5,07,2,,700,106,,04,152,172,,,089,053,18,,133,2,048218,,,148318,,02,1969,4.0
69IN01373,1965182001,65,2,C2001,3,70,710,2,1,,,,,,5,07,2,,702,099,,04,138,156,,,087,040,18,,090,2,048218,,,017618,,05,1969,4.0
69IN01374,1965182003,65,2,C2003,3,70,720,2,7,,,,,,5,07,2,,701,104,,03,147,168,,,078,038,18,,091,2,113218,,,115718,,07,1969,4.0
69IN01375,1965182004,65,2,C2004,3,72,800,4,1,,,,,,5,07,3,,830,086,,02,133,138,,,077,035,18,,085,2,161418,,,053718,,02,1969,4.0
69IN01376,1965182006,65,1,C2006,3,70,720,,,,,,,,5,07,2,,,141,07,,225,230,3,70,094,050,18,0812,135,3,113218,,251,073518,,,1969,4.0
69IN01377,1965182036,65,2,C2036,3,72,870,4,7,,,,,,5,07,3,,850,106,,02,133,161,,,071,037,18,,095,2,165318,,,154718,,02,1969,4.0
69IN01378,1965182040,65,2,C2040,3,70,720,4,1,,,,,,5,07,2,,702,108,,02,162,182,,,079,043,18,,111,2,113218,,,114918,,02,1969,4.0
69IN01379,1965182042,65,2,C2042,3,70,730,2,4,,,,,,5,07,2,,700,093,,01,135,158,,,093,046,18,,109,2,124418,,,134018,,01,1969,4.0
69IN01380,1965182053,65,2,C2053,3,72,990,2,7,,,,,,5,07,3,,,091,,12,125,113,3,,088,038,18,0929,082,2,136718,,,138818,,02,1969,4.0
69IN01381,1965182061,65,2,C2061,3,70,730,4,3,,,,,,5,07,2,,700,110,,02,165,183,,,087,045,18,,105,2,124418,,,045718,,01,1969,4.0
69IN01382,1965182068,65,2,C2068,3,70,730,2,7,,,,,,5,07,2,,701,110,,03,150,165,,,087,051,18,,123,2,124418,,,940017,,02,1969,4.0
69IN01383,1965182072,65,2,C2072,3,72,950,4,1,,,,,,5,07,3,,,084,,,106,,3,,081,039,18,0929,094,2,164418,,,117218,,}2,1969,4.0
69IN01384,1965182086,65,2,C2086,3,72,840,2,4,,,,,,5,07,3,,870,084,,02,128,148,,,068,029,18,,074,2,147918,,,158618,,03,1969,4.0
69IN01385,1965182093,65,2,C2093,3,70,730,2,4,,,,,,5,07,2,,700,088,,03,130,160,,,069,031,18,,082,2,124418,,,060918,,02,1969,4.0
69IN01386,1965182109,65,2,C2109,3,70,710,4,4,,,,,,5,07,2,,702,107,,01,145,150,,,094,047,18,,105,3,048218,,,141818,,02,1969,4.0
69IN01387,1965182136,65,2,C2136,3,72,970,2,7,,,,,,5,07,3,,890,101,,02,148,155,,,084,036,18,,080,2,140218,,,122918,,02,1969,4.0
69IN01388,1965182137,65,2,C2137,3,72,850,4,1,,,,,,5,07,3,,910,078,,01,118,128,,,092,038,18,,080,2,150818,,,103418,,01,1969,4.0
69IN01389,1965182151,65,2,C2151,3,72,920,4,4,,,,,,5,07,3,,930,090,,02,117,138,,,082,051,18,,135,2,157718,,,018418,,01,1969,4.0
69IN01390,1965182162,65,2,C2162,3,72,920,2,7,,,,,,5,07,3,,950,103,,02,143,164,,,083,039,18,,095,2,157718,,,077318,,02,1969,4.0
69IN01391,1965182167,65,2,C2167,3,72,820,,7,,,,,,5,07,3,,970,072,,01,118,133,,,076,025,18,,056,2,155818,,,161818,,,1969,4.0
69IN01392,1965182168,65,2,C2168,3,72,820,4,1,,,,,,5,07,3,,990,083,,01,122,143,,,072,030,18,,075,2,155818,,,161818,,05,1969,4.0
69IN01393,1965182171,65,2,C2171,3,70,730,4,7,,,,,,5,07,2,,701,103,,03,143,185,,,080,033,18,,077,2,124418,,,000918,,02,1969,4.0
69IN01394,1965182175,65,2,C2175,3,70,720,2,5,,,,,,5,07,2,, 38,098,,01,168,168,2,,084,039,18,0927,089,2,113218,,,068918,,01,1969,4.0
69IN01395,1965182182,65,2,C2182,3,70,710,4,4,,,,,,5,07,2,, 90,091,,02,148,168,,,100,050,18,,119,2,048218,,,076318,,05,1969,4.0
69IN01396,1965182185,65,2,C2185,3,72,800,2,1,,,,,,5,07,3,, 90,093,,02,135,160,,,081,039,18,,092,2,161418,,,150718,,02,1969,4.0
69IN01397,1965182187,65,2,C2187,3,72,810,4,4,,,,,,5,07,3,,820,093,,02,132,142,,,074,028,18,,064,2,162418,,,126718,,02,1969,4.0
69IN01398,1965182193,65,2,C2193,3,70,730,4,1,,,,,,5,07,2,,,102,,,157,,3,,077,041,18,0602,102,2,124418,,,140018,,03,1969,4.0
69IN01399,1965182209,65,2,C2209,3,72,870,2,7,,,,,,5,07,3,,840,088,,02,123,145,,,077,038,18,,097,2,165318,,,991317,,01,1969,4.0
69IN01400,1965182211,65,2,C2211,3,70,720,2,8,,,,,,5,07,2,,701,104,,02,140,168,,,083,051,18,,138,2,113218,,,957117,,02,1969,4.0
69IN01401,1965182218,65,2,C2218,3,70,720,4,4,,,,,,5,07,2,,,104,,03,162,180,3,,076,042,18,0120,108,2,113218,,,013818,,02,1969,4.0
69IN01402,1965182238,65,2,C2238,3,70,730,2,1,,,,,,5,07,2,,700,106,,05,173,200,,,093,046,18,,107,2,124418,,,117418,,06,1969,4.0
69IN01403,1965182242,65,2,C2242,3,70,710,2,4,,,,,,5,07,2,,702,103,,02,126,140,,,085,039,18,,091,2,048218,,,061618,,01,1969,4.0
69IN01404,1965182247,65,2,C2247,3,70,730,2,4,,,,,,5,07,2,,700,118,,02,164,200,,,091,043,18,,099,2,124418,,,994917,,01,1969,4.0
69IN01405,1965182258,65,2,C2258,3,72,820,4,4,,,,,,5,07,3,,860,081,,01,137,150,,,061,030,18,,089,2,155818,,,111918,,02,1969,4.0
69IN01406,1965182263,65,2,C2263,3,72,890,4,4,,,,,,5,07,3,,880,085,,02,115,148,,,085,038,18,,091,2,139518,,,112718,,02,1969,4.0
69IN01407,1965182267,65,2,C2267,3,70,720,,7,,,,,,5,07,2,,701,098,,02,140,170,,,078,038,18,,090,2,113218,,,995617,,,1969,4.0
69IN01408,1965182278,65,2,C2278,3,72,930,2,5,,,,,,5,07,3,,900,104,,01,133,158,,,074,042,18,,111,2,163018,,,023218,,01,1969,4.0
69IN01409,1965182284,65,2,C2284,3,70,720,,4,,,,,,5,07,2,,702,093,,02,158,160,,,079,037,18,,089,2,113218,,,141718,,,1969,4.0
69IN01410,1965182286,65,1,C2286,3,70,730,,,,,,,,5,07,2,,217,145,09,,225,247,2,70,099,050,18,0927,124,2,124418,,260,984617,,,1969,4.0
69IN01411,1965182295,65,2,C2295,3,72,930,4,8,,,,,,5,07,3,,920,094,,06,155,168,,,079,029,18,,067,2,163018,,,143118,,03,1969,4.0
69IN01412,1966182306,66,1,C2306,3,70,710,,,,,,,,4,07,,2,,,,,195,235,3,70,,,18,0812,,,139018,,237,185918,,,1969,3.0
69IN01413,1966182309,66,2,C2309,3,70,720,2,,,,,,,4,07,2,1,700,103,09,01,137,164,,,078,,18,,094,2,124418,,,149118,,02,1969,3.0
69IN01414,1966182325,66,2,C2325,3,70,720,4,,,,,,,4,07,2,1,701,112,09,02,142,160,,,105,,18,,126,2,124418,,,998417,,01,1969,3.0
69IN01415,1966182327,66,2,C2327,3,70,710,,,,,,,,4,07,2,1,702,113,09,02,147,160,,,086,,18,,111,2,139018,,,180418,,,1969,3.0
69IN01416,1966182340,66,2,C2340,3,70,720,2,,,,,,,4,07,2,1,700,100,08,02,135,148,,,100,,18,,113,2,124418,,,994917,,01,1969,3.0
69IN01417,1966182344,66,2,C2344,3,72,810,2,,,,,,,4,07,3,1,940,082,11,01,116,138,,,074,,18,,078,2,182718,,,961017,,02,1969,3.0
69IN01418,1966182348,66,2,C2348,3,70,720,2,,,,,,,4,07,2,1,701,114,08,02,150,185,,,090,,18,,117,3,124418,,,112318,,02,1969,3.0
69IN01419,1966182350,66,2,C2350,3,70,730,2,,,,,,,4,07,2,1,702,118,09,01,145,170,,,082,,18,,134,3,113218,,,154118,,02,1969,3.0
69IN01420,1966182354,66,2,C2354,3,70,730,4,,,,,,,4,07,2,1,701,088,09,01,132,150,,,081,,18,,090,2,113218,,,143618,,02,1969,3.0
69IN01421,1966182355,66,2,C2355,3,70,730,4,,,,,,,4,07,2,1,702,097,09,02,125,145,,,081,,18,,096,2,113218,,,143618,,01,1969,3.0
69IN01422,1966182356,66,2,C2356,3,70,720,2,,,,,,,4,07,2,1,,104,08,,118,,7,,069,,18,1112,107,2,124418,,,175018,,02,1969,3.0
69IN01423,1966182357,66,2,C2357,3,72,830,2,,,,,,,4,07,3,1,960,108,09,02,144,158,,,079,,18,,097,2,175218,,,003318,,02,1969,3.0
69IN01424,1966182358,66,2,C2358,3,72,830,4,,,,,,,4,07,3,3,980,108,12,01,142,158,,,073,,18,,108,2,175218,,,003318,,02,1969,3.0
69IN01425,1966182359,66,2,C2359,3,70,710,4,,,,,,,4,07,2,1,700,110,09,01,131,155,,,084,,18,,118,2,139018,,,148318,,01,1969,3.0
69IN01426,1966182363,66,2,C2363,3,72,890,4,,,,,,,4,07,3,1,810,108,10,02,133,143,,,071,,18,,100,2,180318,,,161918,,01,1969,3.0
69IN01427,1966182366,66,2,C2366,3,70,710,2,,,,,,,4,07,2,1,,107,09,,125,,3,,071,,18,0602,121,2,139018,,,930717,,01,1969,3.0
69IN01428,1966182378,66,2,C2378,3,70,730,2,,,,,,,4,07,2,1,701,098,11,02,140,148,,,095,,18,,095,2,113218,,,117418,,01,1969,3.0
69IN01429,1966182380,66,2,C2380,3,70,710,4,,,,,,,4,07,2,1,700,102,11,02,136,150,,,073,,18,,083,2,139018,,,075018,,05,1969,3.0
69IN01430,1966182386,66,2,C2386,3,72,970,2,,,,,,,4,07,3,1,830,098,10,01,116,135,,,085,,18,,103,2,197118,,,116618,,02,1969,3.0
69IN01431,1966182389,66,2,C2389,3,72,940,4,,,,,,,4,07,3,1,850,112,13,02,138,158,,,085,,18,,072,2,180218,,,111918,,02,1969,3.0
69IN01432,1966182391,66,2,C2391,3,70,730,,,,,,,,4,07,2,1,702,087,10,02,138,155,,,090,,18,,090,2,113218,,,149918,,,1969,3.0
69IN01433,1966182399,66,2,C2399,3,72,860,2,,,,,,,4,07,3,3,870,090,13,01,132,150,,,085,,18,,084,2,193918,,,093418,,01,1969,3.0
69IN01434,1966182403,66,2,C2403,3,70,710,2,,,,,,,4,07,2,1,700,098,07,02,125,140,,,084,,18,,111,2,139018,,,978817,,01,1969,3.0
69IN01435,1966182405,66,2,C2405,3,70,730,2,,,,,,,4,07,2,1,,100,08,11,130,126,3,,079,,18,0120,102,2,113218,,,995617,,01,1969,3.0
69IN01436,1966182406,66,2,C2406,3,70,730,4,,,,,,,4,07,2,1,701,092,10,01,127,152,,,078,,18,,091,2,113218,,,995617,,02,1969,3.0
69IN01437,1966182407,66,2,C2407,3,70,730,4,,,,,,,4,07,2,1,702,093,08,01,128,135,,,079,,18,,098,2,113218,,,995617,,01,1969,3.0
69IN01438,1966182419,66,1,C2419,3,70,730,,,,,,,,4,07,2,,216,,,,230,250,2,,,,18,0927,122,2,113218,,251,013718,,,1969,3.0
69IN01439,1966182421,66,2,C2421,3,72,880,4,,,,,,,4,07,3,3,890,083,12,01,123,135,,,085,,18,,082,2,190418,,,161818,,01,1969,3.0
69IN01440,1966182432,66,2,C2432,3,70,710,2,,,,,,,4,07,2,1,700,097,11,02,124,150,,,070,,18,,109,2,139018,,,119918,,01,1969,3.0
69IN01441,1966182450,66,2,C2450,3,72,810,2,,,,,,,4,07,3,1,910,092,13,02,140,110,,,073,,18,,082,2,182718,,,120218,,02,1969,3.0
69IN01442,1966182458,66,1,C2458,3,70,710,,,,,,,,4,07,2,,225,,,,195,210,2,,,,18,0927,126,3,139018,,223,120018,,,1969,3.0
69IN01443,1966182463,66,2,C2463,3,70,730,4,,,,,,,4,07,2,1,702,096,09,02,120,150,,,082,,18,,111,2,113218,,,170718,,02,1969,3.0
69IN01444,1966182465,66,2,C2465,3,72,890,4,,,,,,,4,07,3,3,930,085,15,02,140,143,,,078,,18,,086,2,180318,,,186418,,02,1969,3.0
69IN01445,1966182470,66,1,C2470,3,70,710,,,,,,,,4,07,2,,,,,,215,230,3,,,,18,0812,100,2,139018,,226,958617,, 4,1969,3.0
69IN01446,1966182490,66,2,C2490,3,72,920,2,,,,,,,4,07,3,3,950,103,11,02,130,145,,,083,,18,,098,2,165918,,,165018,,01,1969,3.0
69IN01447,1966182492,66,2,C2492,3,70,710,4,,,,,,,4,07,2,1,702,099,09,02,130,150,,,093,,18,,103,2,139018,,,148818,,04,1969,3.0
69IN01448,1966182493,66,2,C2493,3,70,710,2,,,,,,,4,07,2,1, 38,106,08,01,136,150,2,,082,,18,0927,082,2,139018,,,988817,,01,1969,3.0
69IN01449,1966182495,66,2,C2495,3,72,910,4,,,,,,,4,07,3,1,970,115,13,02,153,172,,,068,,18,,108,2,157818,,,136818,,01,1969,3.0
69IN01450,1966182504,66,2,C2504,3,72,960,2,,,,,,,4,07,3,3,990,090,14,02,127,138,,,094,,18,,098,2,227718,,,191818,,01,1969,3.0
69IN01451,1966182510,66,2,C2510,3,70,730,2,,,,,,,4,07,2,3,702,088,13,01,108,130,,,076,,18,,078,2,113218,,,163418,,01,1969,3.0
69IN01452,1966182532,66,2,C2532,3,70,720,4,,,,,,,4,07,2,1,700,096,10,02,118,152,,,085,,18,,117,2,116518,,,104418,,02,1969,3.0
69IN01453,1966182549,66,2,C2549,3,70,730,2,,,,,,,4,07,2,1, 38,100,12,01,144,153,2,,090,,18,0927,113,3,113218,,,126418,,05,1969,3.0
69IN01454,1966182551,66,2,C2551,3,72,870,4,,,,,,,4,07,3,1,800,080,14,02,102,115,,,077,,18,,083,2,188518,,,989117,,05,1969,3.0
69IN01455,1966182552,66,2,C2552,3,70,720,4,,,,,,,4,07,2,1,701,092,08,02,118,150,,,087,,18,,094,2,116518,,,178418,,02,1969,3.0
69IN01456,1966182559,66,2,C2559,3,72,880,2,,,,,,,4,07,3,3,820,092,12,01,131,146,,,082,,18,,082,2,190418,,,100018,,01,1969,3.0
69IN01457,1966182560,66,2,C2560,3,72,880,4,,,,,,,4,07,3,3,840,095,11,01,140,153,,,075,,18,,085,2,190418,,,100018,,01,1969,3.0
69IN01458,1966182566,66,2,C2566,3,70,710,4,,,,,,,4,07,2,1,,111,10,,144,,7,,082,,18,1112,116,2,139018,,,014518,,02,1969,3.0
69IN01459,1966182572,66,2,C2572,3,72,810,2,,,,,,,4,07,3,1,820,106,09,,153,,,,081,,18,,085,2,182718,,,077318,,01,1969,3.0
69IN01460,1966182573,66,2,C2573,3,72,990,4,,,,,,,4,07,3,1,860,108,11,02,140,158,,,081,,18,,110,2,205818,,,117218,,01,1969,3.0
69IN01461,1966182581,66,1,C2581,3,72,880,,,,,,,,4,07,3,,,,,,215,245,3,,,,18,0812,110,2,190418,,231,011218,,,1969,3.0
69IN01462,1966182583,66,2,C2583,3,72,910,2,,,,,,,4,07,3,1,880,095,13,02,127,145,,,068,,18,,100,2,157818,,,163318,,01,1969,3.0
69IN01463,1966182587,66,2,C2587,3,70,720,2,,,,,,,4,07,2,3,700,106,09,03,150,145,,,083,,18,,096,2,116518,,,145318,,01,1969,3.0
69IN01464,1966182593,66,2,C2593,3,72,800,4,,,,,,,4,07,3,1,900,094,12,02,128,145,,,075,,18,,103,2,188918,,,119018,,01,1969,3.0
69IN01465,1966182601,66,2,C2601,3,70,720,2,,,,,,,4,07,2,1,701,098,10,02,132,162,,,078,,18,,099,2,116518,,,154918,,02,1969,3.0
69IN01466,1966182624,66,2,C2624,3,70,720,4,,,,,,,4,07,2,1,701,082,09,01,108,140,,,089,,18,,113,2,116518,,,943617,,01,1969,3.0
69IN01467,1966182626,66,2,C2626,3,70,710,2,,,,,,,4,07,2,1,700,103,08,02,136,150,,,085,,18,,122,3,139018,,,168618,,05,1969,3.0
69IN01468,1966182634,66,2,C2634,3,72,870,4,,,,,,,4,07,3,1,920,085,13,01,132,158,,,070,,18,,097,2,188518,,,098018,,02,1969,3.0
69IN01469,1967182637,67,2,C2637,3,70,730,3,,,,,,3,3,07,2,1,702,095,10,02,120,148,,70,086,046,18,,111,2,139018,,,157118,,01,1969,2.0
69IN01470,1967182639,67,1,C2639,3,72,870,,,,,,,2,3,07,3,6,224,148,08,,185,210,2,72,095,063,18,0927,152,2,225318,,238,125318,,,1969,2.0
69IN01471,1967182640,67,2,C2640,3,72,870,3,,,,,,2,3,07,3,1,940,086,10,01,108,130,,72,090,046,18,,107,2,225318,,,125318,,02,1969,2.0
69IN01472,1967182647,67,2,C2647,3,70,720,4,,,,,,2,3,07,2,1, 37,089,10,02,118,144,2,70,092,047,18,0927,111,2,116518,,,116318,,01,1969,2.0
69IN01473,1967182652,67,2,C2652,3,70,720,4,,,,,,3,3,07,2,3,701,098,10,01,120,136,,70,091,052,18,,129,3,116518,,,169118,,01,1969,2.0
69IN01474,1967182659,67,1,C2659,3,70,720,,,,,,,1,3,07,2,2,214,143,07,,190,220,2,70,114,072,18,0927,169,3,116518,,241,061618,,,1969,2.0
69IN01475,1967182662,67,1,C2662,3,70,730,,,,,,,1,3,07,2,1,215,165,09,,210,250,2,70,098,062,18,0927,147,2,139018,,248,098818,,,1969,2.0
69IN01476,1967182663,67,1,C2663,3,70,720,,,,,,,1,3,07,2,2,,138,08,,165,193,3,70,097,054,18,0812,126,2,116518,,219,141818,,,1969,2.0
69IN01477,1967182665,67,2,C2665,3,70,720,1,,,,,,2,3,07,2,1,701,113,11,01,145,142,,70,093,052,18,,125,2,116518,,,147418,,01,1969,2.0
69IN01478,1967182668,67,1,C2668,3,72,920,,,,,,,2,3,07,3,4,,125,13,,165,195,3,72,098,052,18,0812,116,2,204318,,211,176818,,,1969,2.0
69IN01479,1967182685,67,2,C2685,3,70,730,1,,,,,,3,3,07,2,1,700,105,10,02,122,145,,70,097,051,18,,121,2,139018,,,106618,,01,1969,2.0
69IN01480,1967182689,67,2,C2689,3,70,720,,,,,,,1,3,07,2,1, 37,112,09,01,131,170,2,70,103,051,18,0927,110,3,116518,,,126418,,,1969,2.0
69IN01481,1967182691,67,2,C2691,3,70,730,3,,,,,,2,3,07,2,1,702,113,09,01,122,158,,70,085,049,18,,125,2,139018,,,156218,,01,1969,2.0
69IN01482,1967182700,67,2,C2700,3,72,880,1,,,,,,2,3,07,3,3,960,088,10,01,123,150,,72,079,044,18,,110,2,223718,,,053718,,01,1969,2.0
69IN01483,1967182701,67,1,C2701,3,72,990,,,,,,,1,3,07,3,7,,115,13,,157,,3,72,094,057,18,0602,133,2,225218,,,198718,,,1969,2.0
69IN01484,1967182708,67,2,C2708,3,70,730,2,,,,,,3,3,07,2,1, 37,108,10,01,135,168,2,70,090,052,18,0927,130,2,139018,,,198518,,01,1969,2.0
69IN01485,1967182710,67,2,C2710,3,72,950,3,,,,,,2,3,07,3,1,980,093,12,02,126,141,,72,097,049,18,,112,2,210018,,,192518,,02,1969,2.0
69IN01486,1967182711,67,2,C2711,3,72,950,1,,,,,,2,3,07,3,1,810,098,12,02,118,145,,72,097,043,18,,102,3,210018,,,192518,,02,1969,2.0
69IN01487,1967182713,67,2,C2713,3,70,730,4,,,,,,1,3,07,2,1, 37,114,08,02,131,155,2,70,092,056,18,0927,140,3,139018,,,195718,,01,1969,2.0
69IN01488,1967182716,67,2,C2716,3,70,720,1,,,,,,2,3,07,2,1,700,094,10,01,118,146,,70,091,044,18,,104,3,116518,,,149918,,02,1969,2.0
69IN01489,1967182718,67,2,C2718,3,72,880,3,,,,,,3,3,07,3,3,,100,09,11,123,138,3,72,083,044,18,0120,107,2,223718,,,161818,,01,1969,2.0
69IN01490,1967182720,67,1,C2720,3,72,970,,,,,,,1,3,07,3,6,,108,11,,170,205,3,72,088,044,18,0812,103,2,221618,,201,055318,,,1969,2.0
69IN01491,1967182728,67,1,C2728,3,70,710,,,,,,,2,3,07,2,2,211,140,10,,180,190,2,70,080,047,18,0927,115,2,113218,,234,170018,,,1969,2.0
69IN01492,1967182732,67,2,C2732,3,72,810,1,,,,,,1,3,07,3,1,830,093,14,01,113,180,,72,070,042,18,,114,2,203918,,,179618,,01,1969,2.0
69IN01493,1967182733,67,2,C2733,3,72,920,3,,,,,,2,3,07,3,1,850,084,12,02,108,128,,72,095,046,18,,103,2,204318,,,148218,,01,1969,2.0
69IN01494,1967182734,67,2,C2734,3,72,920,4,,,,,,2,3,07,3,1,870,093,14,01,101,124,,72,097,046,18,,111,3,204318,,,148218,,01,1969,2.0
69IN01495,1967182737,67,2,C2737,3,70,710,3,,,,,,3,3,07,2,1, 37,108,07,02,138,165,2,70,088,041,18,0927,094,2,113218,,,217118,,01,1969,2.0
69IN01496,1967182744,67,2,C2744,3,70,730,4,,,,,,2,3,07,2,1, 37,105,08,02,120,148,2,70,081,039,18,0927,095,2,139018,,,168618,,02,1969,2.0
69IN01497,1967182749,67,2,C2749,3,70,710,2,,,,,,2,3,07,2,1,,093,11,,111,,7,70,095,044,18,1112,100,2,113218,,,141718,,05,1969,2.0
69IN01498,1967182757,67,1,C2757,3,72,800,,,,,,,2,3,07,3,7,,138,10,,165,210,3,72,086,058,18,0812,146,2,199118,,222,185318,,,1969,2.0
69IN01499,1967182759,67,1,C2759,3,72,810,,,,,,,2,3,07,3,7,,118,13,,163,205,3,72,097,060,18,0812,140,2,203918,,205,002518,,,1969,2.0
69IN01500,1967182760,67,2,C2760,3,72,810,2,,,,,,2,3,07,3,1,890,080,13,02,98,122,,72,092,041,18,,092,2,203918,,,002518,,02,1969,2.0
69IN01501,1967182772,67,1,C2772,3,70,710,,,,,,,2,3,07,2,2,209,144,09,,185,200,2,70,093,050,18,0927,121,3,113218,,242,184518,,,1969,2.0
69IN01502,1967182773,67,2,C2773,3,70,710,1,,,,,,2,3,07,2,1, 37,102,09,02,125,138,2,70,085,040,18,0927,094,2,113218,,,184518,,01,1969,2.0
69IN01503,1967182774,67,1,C2774,3,72,960,,,,,,,2,3,07,3,7,,083,16,,118,,3,72,088,039,18,0602,087,2,214518,,,163318,,,1969,2.0
69IN01504,1967182783,67,1,C2783,3,72,830,,,,,,,2,3,07,3,7,,108,14,,148,,3,72,106,055,18,0602,120,2,207018,,,093418,,,1969,2.0
69IN01505,1967182784,67,1,C2784,3,72,830,,,,,,,2,3,07,3,7,,125,14,,160,190,3,72,111,060,18,0812,132,3,207018,,210,093418,,,1969,2.0
69IN01506,1967182785,67,2,C2785,3,72,850,4,,,,,,2,3,07,3,1,910,093,08,01,120,143,,72,086,036,18,,081,2,213218,,,171918,,01,1969,2.0
69IN01507,1967182794,67,2,C2794,3,70,720,,,,,,,1,3,07,2,1, 37,073,09,02,96,114,2,70,084,029,18,0927,063,2,116518,,,212018,,,1969,2.0
69IN01508,1967182795,67,2,C2795,3,70,730,2,,,,,,2,3,07,2,1, 37,114,09,02,132,160,2,70,090,062,18,0927,163,3,139018,,,994917,,01,1969,2.0
69IN01509,1967182807,67,1,C2807,3,70,710,,,,,,,3,3,07,2,1,208,140,09,,185,210,2,70,089,064,18,0927,161,2,113218,,230,068918,,,1969,2.0
69IN01510,1967182809,67,2,C2809,3,70,710,3,,,,,,3,3,07,2,1,701,102,08,02,118,140,,70,093,056,18,,141,2,113218,,,148318,,02,1969,2.0
69IN01511,1967182812,67,2,C2812,3,72,980,2,,,,,,2,3,07,3,1,930,092,10,02,116,125,,72,079,040,18,,098,2,223118,,,041018,,01,1969,2.0
69IN01512,1967182828,67,1,C2828,3,72,820,,,,,,,1,3,07,3,7,,108,14,,128,,3,72,080,049,18,0602,122,2,205018,,,205318,,,1969,2.0
69IN01513,1967182829,67,2,C2829,3,70,720,4,,,,,,2,3,07,2,1,700,105,08,02,118,155,,70,097,045,18,,103,2,116518,,,014518,,01,1969,2.0
69IN01514,1967182834,67,1,C2834,3,70,720,,,,,,,3,3,07,2,2,223,115,09,,167,210,2,70,094,064,18,0927,165,3,116518,,217,166318,,,1969,2.0
69IN01515,1967182836,67,2,C2836,3,70,720,3,,,,,,2,3,07,2,1,701,097,09,02,120,138,,70,102,044,18,,094,2,116518,,,199318,,01,1969,2.0
69IN01516,1967182837,67,1,C2837,3,72,980,,,,,,,1,3,07,3,5,223,145,07,,185,220,2,72,081,047,18,0927,120,2,223118,,234,187818,,,1969,2.0
69IN01517,1967182847,67,2,C2847,3,72,950,4,,,,,,2,3,07,3,1,950,098,08,01,120,135,,72,096,049,18,,117,4,210018,,,077118,,01,1969,2.0
69IN01518,1967182852,67,1,C2852,3,72,860,,,,,,,1,3,07,3,6,,130,14,,175,,3,72,088,049,18,0602,117,2,219918,,,216818,,,1969,2.0
69IN01519,1967182857,67,2,C2857,3,70,710,2,,,,,,2,3,07,2,1,702,111,10,02,145,170,,70,086,051,18,,130,3,113218,,,061818,,01,1969,2.0
69IN01520,1967182858,67,2,C2858,3,70,710,1,,,,,,2,3,07,2,1,702,098,11,01,123,143,,70,090,047,18,,115,2,113218,,,061818,,01,1969,2.0
69IN01521,1967182864,67,2,C2864,3,70,710,3,,,,,,2,3,07,2,1,701,098,08,02,122,153,,70,100,051,18,,118,2,113218,,,943617,,02,1969,2.0
69IN01522,1967182868,67,2,C2868,3,72,990,1,,,,,,2,3,07,3,1,970,092,09,02,119,132,,72,070,030,18,,076,2,225218,,,186318,,01,1969,2.0
69IN01523,1967182873,67,1,C2873,3,72,940,,,,,,,2,3,07,3,4,,080,14,,135,165,3,72,074,034,18,0812,086,2,228818,,175,193218,,,1969,2.0
69IN01524,1967182878,67,2,C2878,3,70,730,4,,,,,,1,3,07,2,1,,110,09,,130,,3,70,076,042,18,0602,105,2,139018,,,223818,,01,1969,2.0
69IN01525,1967182880,67,2,C2880,3,70,730,1,,,,,,3,3,07,2,1, 37,116,08,01,135,146,2,70,087,044,18,0927,101,2,139018,,,166518,,01,1969,2.0
69IN01526,1967182884,67,2,C2884,3,70,730,4,,,,,,2,3,07,2,1,702,083,13,02,126,140,,70,074,032,18,,078,2,139018,,,099218,,02,1969,2.0
69IN01527,1967182885,67,1,C2885,3,70,720,,,,,,,1,3,07,2,2,212,130,07,,185,215,2,70,102,060,18,0927,146,3,116518,,240,204018,,,1969,2.0
69IN01528,1967182886,67,2,C2886,3,72,960,2,,,,,,1,3,07,3,3,990,088,13,02,118,138,,72,071,041,18,,109,2,214518,,,190118,,02,1969,2.0
69IN01529,1967182887,67,1,C2887,3,72,840,,,,,,,2,3,07,3,7,,108,10,,150,180,3,72,092,037,18,0812,081,2,208318,,204,174618,,,1969,2.0
69IN01530,1967182888,67,1,C2888,3,72,840,,,,,,,2,3,07,3,6,,105,10,,146,,3,72,098,038,18,0602,082,2,208318,,,174618,,,1969,2.0
69IN01531,1967182890,67,2,C2890,3,72,920,3,,,,,,1,3,07,3,1,800,096,09,01,112,128,,72,087,040,18,,091,2,204318,,,203618,,02,1969,2.0
69IN01532,1967182893,67,1,C2893,3,72,900,,,,,,,3,3,07,3,4,,105,09,,150,180,3,72,078,049,18,0812,122,2,203018,,200,154718,,,1969,2.0
69IN01533,1967182895,67,2,C2895,3,70,710,2,,,,,,2,3,07,2,1,701,088,07,02,113,138,,70,093,039,18,,088,2,113218,,,138018,,02,1969,2.0
69IN01534,1967182896,67,2,C2896,3,70,730,2,,,,,,1,3,07,2,1,700,112,10,02,125,148,,70,099,044,18,,095,2,139018,,,226718,,01,1969,2.0
69IN01535,1967182902,67,2,C2902,3,72,980,4,,,,,,2,3,07,3,1,820,096,14,02,133,138,,72,088,042,18,,103,3,223118,,,160718,,01,1969,2.0
69IN01536,1967182903,67,1,C2903,3,72,950,,,,,,,1,3,07,3,6,,125,11,,173,,3,72,093,042,18,0602,097,2,210018,,,128118,,,1969,2.0
69IN01537,1967182904,67,2,C2904,3,70,710,3,,,,,,3,3,07,2,1, 37,108,09,02,128,142,2,70,094,054,18,0927,138,2,113218,,,196018,,02,1969,2.0
69IN01538,1967182906,67,2,C2906,3,70,710,3,,,,,,1,3,07,2,1,702,098,09,02,132,145,,70,088,046,18,,112,2,113218,,,180918,,01,1969,2.0
69IN01539,1967182909,67,2,C2909,3,70,710,4,,,,,,2,3,07,2,1,701,110,10,02,145,162,,70,082,039,18,,095,2,113218,,,988817,,01,1969,2.0
69IN01540,1967182917,67,2,C2917,3,72,840,1,,,,,,2,3,07,3,3,840,094,11,02,132,163,,72,088,038,18,,092,2,208318,,,143018,,02,1969,2.0
69IN01541,1967182921,67,2,C2921,3,70,730,1,,,,,,2,3,07,2,1, 37,090,09,01,117,140,2,70,077,036,18,0927,087,2,139018,,,133718,,02,1969,2.0
69IN01542,1967182922,67,1,C2922,3,72,880,,,,,,,1,3,07,3,6,,120,09,,150,,3,72,086,053,18,0602,130,2,223718,,,213718,,,1969,2.0
69IN01543,1967182924,67,2,C2924,3,72,850,3,,,,,,1,3,07,3,1,860,074,10,02,107,130,,72,089,046,18,,108,2,213218,,,218518,,02,1969,2.0
69IN01544,1967182926,67,2,C2926,3,72,990,4,,,,,,3,3,07,3,1,,093,11,11,122,150,3,72,079,045,18,0120,120,2,225218,,,018418,,01,1969,2.0
69IN01545,1967182928,67,2,C2928,3,70,710,4,,,,,,2,3,07,2,1,702,102,08,01,118,133,,70,099,046,18,,104,2,113218,,,178718,,01,1969,2.0
69IN01546,1967182929,67,2,C2929,3,70,720,1,,,,,,1,3,07,2,1,700,083,10,01,103,128,,70,086,041,18,,095,2,116518,,,199918,,01,1969,2.0
69IN01547,1967182931,67,1,C2931,3,72,890,,,,,,,3,3,07,3,7,,115,14,,158,,3,72,096,045,18,0602,102,2,225918,,,213618,,,1969,2.0
69IN01548,1967182932,67,2,C2932,3,70,710,1,,,,,,1,3,07,2,1, 37,100,09,05,125,145,2,70,084,042,18,0927,104,3,113218,,,197618,,01,1969,2.0
69IN01549,1967182934,67,1,C2934,3,70,710,,,,,,,1,3,07,2,2,213,115,08,,170,195,2,70,097,049,18,0927,113,2,113218,,226,198318,,,1969,2.0
69IN01550,1967182936,67,2,C2936,3,70,720,2,,,,,,2,3,07,2,1,700,098,09,02,105,136,6,70,093,043,18,1208,094,2,116518,,,106218,,01,1969,2.0
69IN01551,1967182940,67,1,C2940,3,72,850,,,,,,,3,3,07,3,6,224,145,11,,205,240,2,72,094,049,18,0927,113,2,213218,,243,193018,,,1969,2.0
69IN01552,1967182946,67,1,C2946,3,70,730,,,,,,,2,3,07,2,2,223,130,07,,195,210,2,70,093,053,18,0927,125,2,139018,,244,140018,,,1969,2.0
69IN01553,1967182948,67,2,C2948,3,72,810,2,,,,,,1,3,07,3,1,880,090,11,02,115,138,,72,082,033,18,,074,2,203918,,,229318,,02,1969,2.0
69IN01554,1967182952,67,1,C2952,3,72,810,,,,,,,1,3,07,3,1,224,120,10,,163,190,2,72,096,044,18,0927,098,2,203918,,215,207218,,,1969,2.0
69IN01555,1967182957,67,1,C2957,3,72,960,,,,,,,1,3,07,3,7,,112,10,,145,,3,72,087,045,18,0602,110,2,214518,,,211518,,,1969,2.0
69IN01556,1967182959,67,2,C2959,3,72,930,1,,,,,,2,3,07,3,1,900,091,09,01,103,128,,72,088,039,18,,087,2,206318,,,091218,,01,1969,2.0
69IN01557,1967182960,67,2,C2960,3,70,710,2,,,,,,3,3,07,2,1,701,087,09,01,112,138,,70,087,043,18,,106,2,113218,,,168018,,01,1969,2.0
69IN01558,1967182962,67,2,C2962,3,72,840,,,,,,,1,3,07,3,1,920,094,10,01,103,130,,72,084,040,18,,095,2,208318,,,220918,,,1969,2.0
69IN01559,1967182964,67,1,C2964,3,72,990,,,,,,,2,3,07,3,7,,095,13,,152,172,3,72,076,038,18,0812,094,2,225218,,201,158618,,,1969,2.0
69IN01560,1967182966,67,2,C2966,3,70,720,3,,,,,,2,3,07,2,1, 37,088,10,02,116,146,2,70,093,043,18,0927,102,2,116518,,,159818,,02,1969,2.0
69IN01561,1967182967,67,2,C2967,3,70,720,3,,,,,,2,3,07,2,1,700,091,08,02,106,133,,70,090,041,18,,101,3,116518,,,159818,,02,1969,2.0
69IN01562,1967182971,67,2,C2971,3,70,730,2,,,,,,2,3,07,2,1,702,105,08,01,118,133,,70,080,035,18,,081,2,139018,,,019918,,01,1969,2.0
69IN01563,1967182977,67,1,C2977,3,72,940,,,,,,,1,3,07,3,7,,100,14,,145,175,3,72,078,035,18,0812,085,2,228818,,193,218718,,,1969,2.0
69IN01564,1967182981,67,1,C2981,3,72,910,,,,,,,2,3,07,3,7,,088,10,,150,,3,72,083,034,18,0602,079,2,202618,,,986717,,,1969,2.0
69IN01565,1967182982,67,2,C2982,3,72,910,3,,,,,,2,3,07,3,1,940,084,10,01,111,140,,72,076,037,18,,093,2,202618,,,986717,,01,1969,2.0
69IN01566,1967182984,67,2,C2984,3,70,720,4,,,,,,2,3,07,2,1,700,108,09,02,123,160,,70,093,050,18,,120,2,116518,,,228418,,01,1969,2.0
69IN01567,1967182985,67,2,C2985,3,72,980,4,,,,,,1,3,07,3,1,960,111,10,05,128,148,,72,077,037,18,,090,2,223118,,,117218,,05,1969,2.0
69IN01568,1967182986,67,2,C2986,3,72,900,1,,,,,,1,3,07,3,1,980,093,11,02,124,145,,72,100,045,18,,100,2,203018,,,229518,,01,1969,2.0
69IN01569,1967182990,67,2,C2990,3,72,860,2,,,,,,1,3,07,3,1,810,106,09,01,140,165,,72,077,040,18,,102,2,219918,,,165018,,02,1969,2.0
69IN01570,1967182991,67,2,C2991,3,72,910,4,,,,,,3,3,07,3,1,830,064,14,04,95,118,,72,086,032,18,,070,2,202618,,,227818,,02,1969,2.0
69IN01571,1967182992,67,2,C2992,3,72,800,2,,,,,,2,3,07,3,3,850,085,12,01,108,132,,72,079,035,18,,084,2,199118,,,011218,,02,1969,2.0
69IN01572,1968182996,68,2,C2996,3,70,710,,,,,,,1,2,07,2,,,,,,,,6,70,,,18,0125,,,113218,,,173318,,,1969,1.0
69IN01573,1968182997,68,1,C2997,3,70,720,,,,,,,1,2,07,2,1,,123,11,,123,140,3,70,098,,18,0930,140,2,177718,,208,160518,,,1969,1.0
69IN01574,1968182999,68,1,C2999,3,70,710,,,,,,,3,2,07,2,4,,152,09,,152,170,,70,104,,18,,164,3,113218,,241,185918,,,1969,1.0
69IN01575,1968183002,68,1,C3002,3,72,830,,,,,,,2,2,07,3,4,,113,11,,113,140,,72,079,,18,,135,2,259818,,208,218518,,,1969,1.0
69IN01576,1968183003,68,1,C3003,3,72,830,,,,,,,2,2,07,3,1,,095,11,,95,123,3,72,081,,18,0812,127,2,259818,,195,218518,,,1969,1.0
69IN01577,1968183004,68,2,C3004,3,70,720,,,,,,,1,2,07,2,1, 36,120,07,,120,145,2,70,100,,18,0927,124,3,177718,,,166318,,,1969,1.0
69IN01578,1968183008,68,2,C3008,3,70,730,,,,,,,1,2,07,2,3, 32,083,09,,83,112,2,70,082,,18,0927,089,2,197518,,,258718,,,1969,1.0
69IN01579,1968183012,68,1,C3012,3,70,730,,,,,,,2,2,07,2,2,222,098,10,,98,146,2,70,085,,18,0927,108,2,197518,,206,198518,,,1969,1.0
69IN01580,1968183013,68,1,C3013,3,70,730,,,,,,,2,2,07,2,1,,108,09,,108,,6,70,080,,18,0801,118,2,197518,,214,198518,,,1969,1.0
69IN01581,1968183014,68,2,C3014,3,70,720,,,,,,,2,2,07,2,1, 35,097,09,,97,128,2,70,090,,18,0927,104,2,177718,,,988817,,,1969,1.0
69IN01582,1968183015,68,1,C3015,3,70,720,,,,,,,2,2,07,2,5,219,118,08,,118,155,2,70,103,,18,0927,127,2,177718,,223,988817,,,1969,1.0
69IN01583,1968183016,68,2,C3016,3,70,730,,,,,,,2,2,07,2,1, 35,110,09,,110,132,2,70,100,,18,0927,122,2,197518,,,168018,,,1969,1.0
69IN01584,1968183017,68,2,C3017,3,70,730,,,,,,,2,2,07,2,1,702,094,09,,94,120,,70,095,,18,,102,2,197518,,,168018,,,1969,1.0
69IN01585,1968183018,68,1,C3018,3,70,720,,,,,,,1,2,07,2,4,206,145,06,,145,170,2,70,093,,18,0927,152,2,177718,,236,171618,,,1969,1.0
69IN01586,1968183019,68,2,C3019,3,70,730,,,,,,,2,2,07,2,1, 36,097,08,,97,150,2,70,083,,18,0927,137,3,197518,,,105518,,,1969,1.0
69IN01587,1968183021,68,1,C3021,3,72,840,,,,,,,2,2,07,3,1,,095,10,,95,132,3,72,077,,18,0929,098,2,257918,,209,154718,,,1969,1.0
69IN01588,1968183022,68,2,C3022,3,72,840,,,,,,,2,2,07,3,1, 34,086,13,,86,114,2,72,083,,18,0927,109,2,257918,,,154718,,,1969,1.0
69IN01589,1968183023,68,2,C3023,3,70,710,,,,,,,1,2,07,2,1,701,102,09,,102,133,,70,098,,18,,123,3,113218,,,199418,,,1969,1.0
69IN01590,1968183025,68,1,C3025,3,72,810,,,,,,,2,2,07,3,2,,106,13,,106,138,,72,085,,18,,151,2,246018,,201,085418,,,1969,1.0
69IN01591,1968183027,68,1,C3027,3,70,730,,,,,,,1,2,07,2,4,199,113,11,,113,160,2,70,087,,18,0927,143,3,197518,,206,200318,,,1969,1.0
69IN01592,1968183028,68,2,C3028,3,70,710,,,,,,,3,2,07,2,1, 36,102,05,,102,130,2,70,089,,18,0927,114,2,113218,,,214318,,,1969,1.0
69IN01593,1968183030,68,2,C3030,3,72,970,,,,,,,2,2,07,3,1,870,105,09,,105,137,,72,087,,18,,091,2,256718,,,143018,,,1969,1.0
69IN01594,1968183031,68,2,C3031,3,72,970,,,,,,,2,2,07,3,1, 36,115,11,,115,148,2,72,094,,18,0927,121,2,256718,,,143018,,,1969,1.0
69IN01595,1968183032,68,1,C3032,3,70,710,,,,,,,2,2,07,2,1,,126,09,,126,155,,70,078,,18,,123,2,113218,,224,098818,,,1969,1.0
69IN01596,1968183033,68,2,C3033,3,70,710,,,,,,,2,2,07,2,1, 35,112,10,,112,137,2,70,082,,18,0927,122,2,113218,,,098818,,,1969,1.0
69IN01597,1968183035,68,2,C3035,3,72,830,,,,,,,3,2,07,3,1, 32,100,09,,100,123,2,72,098,,18,0927,126,2,259818,,,188018,,,1969,1.0
69IN01598,1968183037,68,2,C3037,3,70,720,,,,,,,3,2,07,2,1,700,113,09,,113,145,,70,099,,18,,118,2,177718,,,169118,,,1969,1.0
69IN01599,1968183038,68,2,C3038,3,70,710,,,,,,,1,2,07,2,1, 33,097,09,,97,128,2,70,095,,18,0927,101,2,113218,,,249418,,,1969,1.0
69IN01600,1968183039,68,2,C3039,3,72,890,,,,,,,1,2,07,3,3,890,088,10,,88,108,,72,076,,18,,107,2,248618,,,198718,,,1969,1.0
69IN01601,1968183040,68,2,C3040,3,70,730,,,,,,,1,2,07,2,1,702,123,09,,123,146,,70,085,,18,,124,2,197518,,,154918,,,1969,1.0
69IN01602,1968183041,68,2,C3041,3,72,960,,,,,,,1,2,07,3,1,910,076,09,,76,102,,72,089,,18,,110,2,263018,,,233118,,,1969,1.0
69IN01603,1968183044,68,1,C3044,3,70,730,,,,,,,3,2,07,2,2,,118,10,,118,148,3,70,083,,18,0812,128,2,197518,,215,075018,, 2,1969,1.0
69IN01604,1968183046,68,2,C3046,3,72,830,,,,,,,2,2,07,3,1, 34,085,10,,85,118,2,72,095,,18,0927,127,2,259818,,,152618,,,1969,1.0
69IN01605,1968183047,68,2,C3047,3,72,830,,,,,,,2,2,07,3,1, 34,096,09,,96,123,2,72,089,,18,0927,126,2,259818,,,152618,,,1969,1.0
69IN01606,1968183049,68,2,C3049,3,72,930,,,,,,,3,2,07,3,1,930,088,09,,88,118,,72,080,,18,,119,2,244818,,,126918,,,1969,1.0
69IN01607,1968183051,68,1,C3051,3,70,730,,,,,,,3,2,07,2,1,222,120,11,,120,155,2,70,085,,18,0927,141,2,197518,,206,143418,,,1969,1.0
69IN01608,1968183053,68,1,C3053,3,72,890,,,,,,,1,2,07,3,4,,120,12,,120,150,,72,087,,18,,132,2,248618,,211,226318,,,1969,1.0
69IN01609,1968183054,68,2,C3054,3,72,920,,,,,,,2,2,07,3,1,950,079,11,,79,105,,72,093,,18,,078,2,240118,,,205318,,,1969,1.0
69IN01610,1968183056,68,2,C3056,3,70,720,,,,,,,2,2,07,2,1, 33,103,08,,103,120,2,70,095,,18,0927,113,2,177718,,,181718,,,1969,1.0
69IN01611,1968183057,68,2,C3057,3,70,720,,,,,,,2,2,07,2,1, 33,100,07,,100,134,2,70,107,,18,0927,101,2,177718,,,181718,,,1969,1.0
69IN01612,1968183059,68,2,C3059,3,72,880,,,,,,,3,2,07,3,1, 33,123,10,,123,143,2,72,084,,18,0927,084,2,236118,,,161918,,,1969,1.0
69IN01613,1968183060,68,1,C3060,3,72,910,,,,,,,1,2,07,3,6,,138,11,,138,165,,72,087,,18,,116,2,233418,,226,227818,,,1969,1.0
69IN01614,1968183062,68,2,C3062,3,70,710,,,,,,,2,2,07,2,1, 35,113,06,,113,135,2,70,087,,18,0927,100,2,113218,,,068918,,,1969,1.0
69IN01615,1968183064,68,2,C3064,3,70,710,,,,,,,2,2,07,2,1,701,096,09,,96,125,,7,098,,18,,084,2,113218,,,258818,,,1969,1.0
69IN01616,1968183065,68,2,C3065,3,72,910,,,,,,,2,2,07,3,3,970,088,10,,88,118,,72,083,,18,,089,2,233418,,,203618,,,1969,1.0
69IN01617,1968183066,68,2,C3066,3,72,910,,,,,,,2,2,07,3,3, 32,095,09,,95,115,2,72,080,,18,0927,089,2,233418,,,203618,,,1969,1.0
69IN01618,1968183078,68,2,C3078,3,70,730,,,,,,,2,2,07,2,1,700,107,09,,107,139,,70,092,,18,,143,2,197518,,,182118,,,1969,1.0
69IN01619,1968183080,68,1,C3080,3,72,800,,,,,,,1,2,07,3,7,,098,10,,98,140,,72,080,,18,,128,2,243318,,198,148218,,,1969,1.0
69IN01620,1968183081,68,2,C3081,3,72,860,,,,,,,1,2,07,3,1,990,110,10,,110,137,,72,097,,18,,112,2,258118,,,191818,,,1969,1.0
69IN01621,1968183082,68,2,C3082,3,70,710,,,,,,,1,2,07,2,1, 36,112,07,,112,142,2,70,089,,18,0927,122,2,113218,,,256618,,,1969,1.0
69IN01622,1968183084,68,1,C3084,3,72,850,,,,,,,2,2,07,3,6,,128,10,,128,150,,72,078,,18,,128,2,259118,,221,103018,,,1969,1.0
69IN01623,1968183086,68,2,C3086,3,72,810,,,,,,,2,2,07,3,1,800,084,13,,84,113,,72,073,,18,,072,2,246018,,,186318,,,1969,1.0
69IN01624,1968183087,68,1,C3087,3,72,810,,,,,,,2,2,07,3,4,,105,10,,105,140,,72,078,,18,,105,2,246018,,213,186318,,,1969,1.0
69IN01625,1968183088,68,2,C3088,3,70,710,,,,,,,1,2,07,2,1, 36,123,08,,123,140,2,70,099,,18,0927,128,2,113218,,,223818,,,1969,1.0
69IN01626,1968183089,68,1,C3089,3,70,720,,,,,,,1,2,07,2,2,,128,08,,128,143,,70,101,,18,,116,4,177718,,225,254918,,,1969,1.0
69IN01627,1968183091,68,1,C3091,3,72,960,,,,,,,3,2,07,3,6,,093,10,,93,127,,72,092,,18,,102,2,263018,,210,058118,,,1969,1.0
69IN01628,1968183092,68,2,C3092,3,72,980,,,,,,,1,2,07,3,1, 33,103,14,,103,120,2,72,094,,18,0927,096,2,245318,,,235718,,,1969,1.0
69IN01629,1968183093,68,2,C3093,3,70,730,,,,,,,2,2,07,2,1,702,095,09,,95,125,,70,075,,18,,088,2,197518,,,230918,,,1969,1.0
69IN01630,1968183096,68,1,C3096,3,70,710,,,,,,,1,2,07,2,2,222,115,09,,115,145,2,70,101,,18,0927,118,3,113218,,213,979617,,,1969,1.0
69IN01631,1968183097,68,2,C3097,3,72,850,,,,,,,1,2,07,3,3,800,100,10,,100,126,,72,093,,18,,131,2,259118,,,190118,,,1969,1.0
69IN01632,1968183098,68,2,C3098,3,70,730,,,,,,,1,2,07,2,1, 34,093,10,,93,123,2,70,079,,18,0927,111,2,197518,,,253218,,,1969,1.0
69IN01633,1968183099,68,1,C3099,3,72,940,,,,,,,2,2,07,3,7,,113,13,,113,135,,72,083,,18,,104,2,261618,,213,175618,,,1969,1.0
69IN01634,1968183100,68,2,C3100,3,72,940,,,,,,,2,2,07,3,1,820,085,09,,85,110,,72,093,,18,,081,2,261618,,,175618,,,1969,1.0
69IN01635,1968183101,68,2,C3101,3,70,710,,,,,,,2,2,07,2,1,701,086,10,,86,117,,70,121,,18,,120,6,113218,,,180918,,,1969,1.0
69IN01636,1968183102,68,2,C3102,3,70,710,,,,,,,2,2,07,2,1, 34,116,06,,116,132,2,70,091,,18,0927,116,2,113218,,,180918,,,1969,1.0
69IN01637,1968183103,68,2,C3103,3,70,720,,,,,,,1,2,07,2,1,700,117,09,,117,144,,70,088,,18,,107,2,177718,,,180418,,,1969,1.0
69IN01638,1968183109,68,2,C3109,3,72,880,,,,,,,2,2,07,3,3,840,115,13,,115,138,,72,075,,18,,097,2,236118,,,193018,,,1969,1.0
69IN01639,1968183110,68,2,C3110,3,72,880,,,,,,,2,2,07,3,3,860,111,12,,111,140,,72,066,,18,,093,2,236118,,,193018,,,1969,1.0
69IN01640,1968183111,68,2,C3111,3,70,730,,,,,,,2,2,07,2,1,702,108,09,,108,128,,70,083,,18,,105,2,197518,,,228418,,,1969,1.0
69IN01641,1968183112,68,2,C3112,3,70,730,,,,,,,2,2,07,2,1, 32,098,05,,98,118,2,70,089,,18,0927,103,2,197518,,,228418,,,1969,1.0
69IN01642,1968183114,68,2,C3114,3,70,720,,,,,,,2,2,07,2,1,701,110,08,,110,138,,70,098,,18,,105,2,177718,,,198118,,,1969,1.0
69IN01643,1968183115,68,2,C3115,3,70,730,,,,,,,1,2,07,2,1, 36,125,09,,125,140,2,70,086,,18,0927,120,2,197518,,,104418,,,1969,1.0
69IN01644,1968183116,68,2,C3116,3,70,710,,,,,,,1,2,07,2,1,701,106,08,,106,130,,70,090,,18,,114,2,113218,,,249218,,,1969,1.0
69IN01645,1968183117,68,2,C3117,3,72,870,,,,,,,2,2,07,3,1, 34,087,12,,87,120,2,72,087,,18,0927,097,2,259018,,,192518,,,1969,1.0
69IN01646,1968183118,68,2,C3118,3,72,870,,,,,,,2,2,07,3,1,880,080,12,,80,102,,72,086,,18,,080,2,259018,,,192518,,,1969,1.0
69IN01647,1968183120,68,2,C3120,3,70,730,,,,,,,1,2,07,2,1,700,114,08,,114,135,,70,073,,18,,114,2,197518,,,209318,,,1969,1.0
69IN01648,1968183121,68,2,C3121,3,72,900,,,,,,,1,2,07,3,1,900,100,11,,100,118,,72,091,,18,,114,2,243018,,,249018,,,1969,1.0
69IN01649,1968183122,68,1,C3122,3,70,710,,,,,,,3,2,07,2,2,197,133,07,,133,160,2,70,086,,18,0927,146,2,113218,,228,140618,,,1969,1.0
69IN01650,1968183124,68,2,C3124,3,70,730,,,,,,,1,2,07,2,1,702,116,05,,116,147,,70,081,,18,,101,2,197518,,,194618,,,1969,1.0
69IN01651,1968183125,68,1,C3125,3,70,720,,,,,,,1,2,07,2,2,,140,08,,140,155,,70,096,,18,,132,2,177718,,235,199318,,,1969,1.0
69IN01652,1968183129,68,2,C3129,3,70,710,,,,,,,1,2,07,2,1, 33,102,09,,102,122,2,70,090,,18,0927,099,2,113218,,,238018,,,1969,1.0
69IN01653,1968183130,68,2,C3130,3,72,840,,,,,,,2,2,07,3,1, 35,074,12,,74,100,2,72,081,,18,0927,085,2,257918,,,218718,,,1969,1.0
69IN01654,1968183131,68,2,C3131,3,72,840,,,,,,,2,2,07,3,1,920,083,13,,83,108,,72,101,,18,,084,2,257918,,,218718,,,1969,1.0
69IN01655,1968183132,68,1,C3132,3,70,730,,,,,,,1,2,07,2,1,,110,06,,110,140,3,70,087,,18,0812,133,2,197518,,212,174318,, 3,1969,1.0
69IN01656,1968183134,68,1,C3134,3,72,840,,,,,,,2,2,07,3,4,,090,12,,90,132,,72,090,,18,,114,3,257918,,194,188118,,,1969,1.0
69IN01657,1968183138,68,1,C3138,3,72,940,,,,,,,2,2,07,3,7,,098,11,,98,126,3,72,089,,18,0812,098,2,261618,,210,127518,,,1969,1.0
69IN01658,1968183139,68,2,C3139,3,70,730,,,,,,,1,2,07,2,1,700,108,09,,108,130,,70,089,,18,,120,2,197518,,,237818,,,1969,1.0
69IN01659,1968183140,68,2,C3140,3,72,860,,,,,,,3,2,07,3,1,940,098,13,,98,116,,72,089,,18,,089,2,258118,,,111918,,,1969,1.0
69IN01660,1968183142,68,2,C3142,3,72,840,,,,,,,1,2,07,3,1, 34,096,11,,96,118,2,72,080,,18,0927,074,2,257918,,,258018,,,1969,1.0
69IN01661,1968183145,68,2,C3145,3,70,710,,,,,,,1,2,07,2,1,701,090,05,,90,115,,70,097,,18,,092,2,113218,,,255218,,,1969,1.0
69IN01662,1968183146,68,2,C3146,3,70,710,,,,,,,1,2,07,2,1, 35,110,06,,110,133,2,70,101,,18,0927,114,2,113218,,,169418,,,1969,1.0
69IN01663,1968183147,68,1,C3147,3,72,910,,,,,,,3,2,07,3,7,,108,10,,108,130,,72,085,,18,,106,2,233418,,217,171918,,,1969,1.0
69IN01664,1968183149,68,1,C3149,3,72,930,,,,,,,2,2,07,3,6,,085,11,,85,118,,72,081,,18,,093,2,244818,,207,041018,,,1969,1.0
69IN01665,1968183151,68,2,C3151,3,70,720,,,,,,,3,2,07,2,1, 35,111,09,,111,126,2,70,090,,18,0927,119,2,177718,,,204018,,,1969,1.0
69IN01666,1968183153,68,1,C3153,3,70,730,,,,,,,2,2,07,2,7,,105,10,,105,138,3,70,077,,18,0812,125,2,197518,,206,115918,,,1969,1.0
69IN01667,1968183154,68,1,C3154,3,70,730,,,,,,,2,2,07,2,7,229,135,08,,135,165,2,70,081,,18,0927,111,2,197518,,237,115918,,,1969,1.0
69IN01668,1968183158,68,2,C3158,3,70,720,,,,,,,2,2,07,2,1,700,090,08,,90,118,,70,089,,18,,112,2,177718,,,138218,,,1969,1.0
69IN01669,1968183159,68,2,C3159,3,72,930,,,,,,,2,2,07,3,1,960,085,10,,85,118,,72,085,,18,,093,2,244818,,,229518,,,1969,1.0
69IN01670,1968183161,68,2,C3161,3,72,870,,,,,,,1,2,07,3,1,980,096,08,,96,124,,72,069,,18,,098,2,259018,,,011218,,,1969,1.0
69IN01671,1968183162,68,1,C3162,3,72,870,,,,,,,2,2,07,3,1,,081,14,,81,123,3,72,083,,18,0812,082,2,259018,,201,112718,,,1969,1.0
69IN01672,1968183165,68,1,C3165,3,72,900,,,,,,,3,2,07,3,1,,055,12,,55,,3,72,092,,18,0602,071,2,243018,,,119018,,,1969,1.0
69IN01673,1968183166,68,2,C3166,3,72,900,,,,,,,1,2,07,3,1, 34,083,13,,83,110,2,72,089,,18,0927,106,2,243018,,,227618,,,1969,1.0
69IN01674,1968183167,68,2,C3167,3,70,730,,,,,,,3,2,07,2,1, 32,097,10,,97,122,2,70,100,,18,0927,113,2,197518,,,136618,,,1969,1.0
69IN01675,1968183171,68,2,C3171,3,70,730,,,,,,,1,2,07,2,1, 32,096,09,,96,118,2,70,090,,18,0927,106,2,197518,,,240618,,,1969,1.0
69IN01676,1968183172,68,1,C3172,3,72,870,,,,,,,1,2,07,3,4,,080,11,,80,120,,72,079,,18,,092,2,259018,,201,161818,,,1969,1.0
69IN01677,1968183173,68,1,C3173,3,70,730,,,,,,,1,2,07,2,2,,130,08,,130,160,,70,081,,18,,118,2,197518,,226,235418,,,1969,1.0
69IN01678,1968183174,68,2,C3174,3,70,720,,,,,,,1,2,07,2,1, 33,095,08,,95,122,2,70,078,,18,0927,078,2,177718,,,106218,,,1969,1.0
69IN01679,1968183175,68,2,C3175,3,72,860,,,,,,,3,2,07,3,1,810,118,10,,118,142,,72,093,,18,,121,2,258118,,,160718,,,1969,1.0
69IN01680,1968183178,68,1,C3178,3,70,720,,,,,,,3,2,07,2,2,,133,06,,133,155,,70,086,,18,,136,2,177718,,230,106618,,,1969,1.0
69IN01681,1968183182,68,1,C3182,3,72,800,,,,,,,2,2,07,3,2,,079,13,,79,130,,72,082,,18,,106,2,243318,,193,077718,,,1969,1.0
69IN01682,1968183183,68,2,C3183,3,72,930,,,,,,,2,2,07,3,1,830,073,10,,73,96,,72,095,,18,,079,2,244818,,,206918,,,1969,1.0
69IN01683,1968183184,68,1,C3184,3,72,930,,,,,,,2,2,07,3,6,,075,11,,75,108,,72,086,,18,,077,2,244818,,206,206918,,,1969,1.0
69IN01684,1968183187,68,1,C3187,3,70,710,,,,,,,3,2,07,2,2,221,123,10,,123,147,2,70,094,,18,0927,141,3,113218,,217,165418,,,1969,1.0
69IN01685,1968183190,68,2,C3190,3,72,830,,,,,,,1,2,07,3,1, 35,116,10,,116,143,2,72,091,,18,0927,137,3,259818,,,098018,,,1969,1.0
69IN01686,1968183191,68,2,C3191,3,72,990,,,,,,,1,2,07,3,1, 34,101,11,,101,120,2,72,099,,18,0927,142,3,256318,,,215118,,,1969,1.0
69IN01687,1968183193,68,1,C3193,3,70,730,,,,,,,2,2,07,2,4,,128,09,,128,170,,70,076,,18,,108,2,197518,,231,217118,,,1969,1.0
69IN01688,1968183197,68,2,C3197,3,72,960,,,,,,,1,2,07,3,1,810,100,08,,100,125,,72,101,,18,,105,2,263018,,,211518,,,1969,1.0
69IN01689,1968183198,68,2,C3198,3,72,860,,,,,,,2,2,07,3,1,850,088,15,,88,118,,72,082,,18,,095,2,258118,,,222918,,,1969,1.0
69IN01690,1968183199,68,2,C3199,3,72,860,,,,,,,2,2,07,3,1, 33,092,13,,92,117,2,72,080,,18,0927,090,2,258118,,,222918,,,1969,1.0
69IN01691,1968183200,68,1,C3200,3,70,710,,,,,,,3,2,07,2,5,219,122,10,,122,138,2,70,103,,18,0927,142,2,113218,,226,206818,,,1969,1.0
69IN01692,1968183202,68,1,C3202,3,70,730,,,,,,,2,2,07,2,4,203,130,13,,130,155,2,70,094,,18,0927,149,2,197518,,228,061518,,,1969,1.0
69IN01693,1968183203,68,1,C3203,3,70,730,,,,,,,2,2,07,2,4,,115,10,,115,150,,70,086,,18,,122,2,197518,,218,061518,,,1969,1.0
69IN01694,1968183206,68,1,C3206,3,72,850,,,,,,,2,2,07,3,4,,135,10,,135,165,,72,089,,18,,148,2,259118,,226,259318,,,1969,1.0
69IN01695,1968183207,68,2,C3207,3,72,830,,,,,,,2,2,07,3,1,870,098,10,,98,129,,72,097,,18,,115,2,259818,,,238918,,,1969,1.0
69IN01696,1968183208,68,2,C3208,3,72,830,,,,,,,2,2,07,3,1,890,103,09,,103,128,,72,089,,18,,083,2,259818,,,238918,,,1969,1.0
69IN01697,1968183209,68,1,C3209,3,70,710,,,,,,,1,2,07,2,2,221,098,08,,98,135,2,70,084,,18,0927,104,2,113218,,210,232518,,,1969,1.0
69IN01698,1968183210,68,1,C3210,3,72,920,,,,,,,2,2,07,3,6,,128,09,,128,153,,72,084,,18,,119,2,240118,,227,125318,,,1969,1.0
69IN01699,1968183211,68,2,C3211,3,72,920,,,,,,,2,2,07,3,3,910,098,09,,98,130,,72,096,,18,,124,2,240118,,,125318,,,1969,1.0
69IN01700,1968183218,68,2,C3218,3,70,710,,,,,,,2,2,07,2,1,702,101,09,,101,123,,70,088,,18,,118,2,113218,,,033418,,,1969,1.0
69IN01701,1968183220,68,1,C3220,3,72,820,,,,,,,1,2,07,3,4,,120,11,,120,158,,72,066,,18,,116,2,248818,,213,257218,,,1969,1.0
69IN01702,1968183221,68,1,C3221,3,72,920,,,,,,,2,2,07,3,7,,092,12,,92,108,,72,072,,18,,093,2,240118,,207,229318,,,1969,1.0
69IN01703,1968183224,68,2,C3224,3,70,730,,,,,,,3,2,07,2,1, 32,103,09,,103,123,2,70,089,,18,0927,120,3,197518,,,221118,,,1969,1.0
69IN01704,1968183225,68,2,C3225,3,70,710,,,,,,,2,2,07,2,1, 35,101,06,,101,128,2,70,081,,18,0927,095,2,113218,,,159818,,,1969,1.0
69IN01705,1968183226,68,1,C3226,3,70,710,,,,,,,2,2,07,2,2,,110,07,,110,145,,70,086,,18,,138,2,113218,,220,159818,,,1969,1.0
69IN01706,1968183228,68,1,C3228,3,70,710,,,,,,,2,2,07,2,4,220,115,11,,115,143,2,70,104,,18,0927,109,2,113218,,219,138018,,,1969,1.0
69IN01707,1968183231,68,2,C3231,3,70,730,,,,,,,2,2,07,2,1,702,106,05,,106,128,,70,093,,18,,116,2,197518,,,161718,,,1969,1.0
69IN01708,1968183232,68,2,C3232,3,70,730,,,,,,,1,2,07,2,1,700,099,11,,99,120,,70,088,,18,,105,2,197518,,,224718,,,1969,1.0
69IN01709,1968183233,68,1,C3233,3,72,950,,,,,,,1,2,07,3,6,,123,12,,123,150,,72,093,,18,,124,2,246418,,211,136818,,,1969,1.0
69IN01710,1968183235,68,2,C3235,3,72,890,,,,,,,1,2,07,3,3,930,093,11,,93,106,,72,076,,18,,109,2,248618,,,163318,,,1969,1.0
69IN01711,1968183236,68,1,C3236,3,72,970,,,,,,,2,2,07,3,2,,088,08,,88,120,,72,092,,18,,098,2,256718,,206,176918,,,1969,1.0
69IN01712,1968183237,68,2,C3237,3,72,970,,,,,,,2,2,07,3,1, 33,072,11,,72,103,2,72,090,,18,0927,102,2,256718,,,176918,,,1969,1.0
69IN01713,1968183240,68,1,C3240,3,70,710,,,,,,,3,2,07,2,,,,,,,,6,70,,,18,0510,,,113218,,,114918,,,1969,1.0
69IN01714,1968183242,68,2,C3242,3,70,720,,,,,,,1,2,07,2,1, 36,106,07,,106,135,2,70,099,,18,0927,117,2,177718,,,196718,,,1969,1.0
69IN01715,1968183243,68,1,C3243,3,70,730,,,,,,,2,2,07,2,1,,108,10,,108,145,3,70,080,,18,0812,133,2,197518,,207,260118,,,1969,1.0
69IN01716,1968183244,68,2,C3244,3,70,730,,,,,,,2,2,07,2,1, 32,100,09,,100,120,2,70,096,,18,0927,108,2,197518,,,260118,,,1969,1.0
69IN01717,1968183245,68,2,C3245,3,72,880,,,,,,,1,2,07,3,1, 34,096,13,,96,115,2,72,081,,18,0927,060,3,236118,,,245018,,,1969,1.0
69IN01718,1968183246,68,1,C3246,3,72,980,,,,,,,2,2,07,3,7,,105,14,,105,125,3,72,098,,18,0812,097,2,245318,,206,143118,,,1969,1.0
69IN01719,1968183247,68,1,C3247,3,72,980,,,,,,,2,2,07,3,4,,062,12,,62,96,,72,094,,18,,070,2,245318,,193,143118,,,1969,1.0
69IN01720,1968183248,68,2,C3248,3,72,920,,,,,,,2,2,07,3,1,950,097,12,,97,118,,72,091,,18,,100,2,240118,,,172218,,,1969,1.0
69IN01721,1968183250,68,2,C3250,3,72,970,,,,,,,1,2,07,3,1, 32,090,11,,90,116,2,72,087,,18,0927,075,2,256718,,,234418,,,1969,1.0
69IN01722,1968183252,68,1,C3252,3,70,710,,,,,,,1,2,07,2,2,222,120,11,,120,160,2,70,089,,18,0927,106,2,113218,,217,230118,,,1969,1.0
69IN01723,1968183256,68,2,C3256,3,70,710,,,,,,,2,2,07,2,1, 32,100,06,,100,130,2,70,092,,18,0927,101,2,113218,,,116318,,,1969,1.0
69IN01724,1968183258,68,2,C3258,3,72,940,,,,,,,1,2,07,3,1, 33,068,10,,68,102,2,72,105,,18,0927,084,3,261618,,,255118,,,1969,1.0
69IN01725,1968183259,68,2,C3259,3,72,870,,,,,,,1,2,07,3,1, 32,088,14,,88,104,2,72,087,,18,0927,108,2,259018,,,244018,,,1969,1.0
69IN01726,1968183260,68,2,C3260,3,70,730,,,,,,,2,2,07,2,1,702,098,09,,98,109,,70,099,,18,,117,2,197518,,,234818,,,1969,1.0
69IN01727,1968183261,68,2,C3261,3,70,730,,,,,,,2,2,07,2,1, 36,105,08,,105,135,2,70,082,,18,0927,104,2,197518,,,234818,,,1969,1.0
69IN01728,1968183264,68,2,C3264,3,70,730,,,,,,,1,2,07,2,1, 36,110,10,,110,135,2,70,080,,18,0927,096,2,197518,,,197318,,,1969,1.0
69IN01729,1968183267,68,1,C3267,3,70,710,,,,,,,3,2,07,2,2,221,105,08,,105,140,2,70,095,,18,0927,113,2,113218,,216,198318,,,1969,1.0
69IN01730,1968183268,68,2,C3268,3,70,710,,,,,,,3,2,07,2,1, 32,101,06,,101,127,2,70,088,,18,0927,085,2,113218,,,198318,,,1969,1.0
69IN01731,1968183269,68,2,C3269,3,72,990,,,,,,,1,2,07,3,1,830,103,11,,103,130,,72,080,,18,,117,2,256318,,,077118,,,1969,1.0
69IN01732,1968183270,68,2,C3270,3,72,950,,,,,,,3,2,07,3,3,970,088,12,,88,117,,72,080,,18,,081,2,246418,,,208618,,,1969,1.0
69IN01733,1968183272,68,2,C3272,3,70,710,,,,,,,2,2,07,2,1, 35,084,09,,84,110,2,70,083,,18,0927,103,2,113218,,,120018,,,1969,1.0
69IN01734,1968183274,68,2,C3274,3,72,930,,,,,,,1,2,07,3,1, 32,080,14,,80,105,2,72,081,,18,0927,071,2,244818,,,252918,,,1969,1.0
69IN01735,1968183279,68,2,C3279,3,72,950,,,,,,,3,2,07,3,3,990,106,09,,106,123,,72,076,,18,,094,2,246418,,,175918,,,1969,1.0
69IN01736,1968183282,68,2,C3282,3,72,970,,,,,,,1,2,07,3,1, 33,106,09,,106,128,2,72,096,,18,0927,100,2,256718,,,059718,,,1969,1.0
69IN01737,1968183284,68,2,C3284,3,72,800,,,,,,,1,2,07,3,1,800,096,11,,96,120,,72,080,,18,,096,3,243318,,,216218,,,1969,1.0
69IN01738,1968183286,68,2,C3286,3,72,890,,,,,,,1,2,07,3,3,810,074,13,,74,105,,72,081,,18,,062,2,248618,,,246518,,,1969,1.0
69IN01739,1968183287,68,1,C3287,3,72,960,,,,,,,1,2,07,3,2,,096,10,,96,134,,72,077,,18,,103,2,263018,,206,138818,,,1969,1.0
69IN01740,1968183288,68,2,C3288,3,70,710,,,,,,,1,2,07,2,1, 36,113,08,,113,138,2,70,095,,18,0927,106,2,113218,,,167618,,,1969,1.0
69IN01741,1968183289,68,1,C3289,3,72,880,,,,,,,2,2,07,3,6,,107,11,,107,135,,72,078,,18,,092,2,236118,,213,225818,,,1969,1.0
69IN01742,1968183290,68,2,C3290,3,72,880,,,,,,,2,2,07,3,1,900,088,12,,88,112,,72,074,,18,,067,2,236118,,,225818,,,1969,1.0
69IN01743,1968183291,68,2,C3291,3,72,850,,,,,,,3,2,07,3,3, 36,104,11,,104,137,2,72,083,,18,0927,111,2,259118,,,241018,,,1969,1.0
69IN01744,1968183292,68,2,C3292,3,72,850,,,,,,,3,2,07,3,1, 33,090,09,,90,117,2,72,088,,18,0927,092,2,259118,,,241018,,,1969,1.0
69IN01745,1968183294,68,2,C3294,3,70,730,,,,,,,3,2,07,2,1, 36,113,07,,113,140,2,70,091,,18,0927,108,2,197518,,,141818,,,1969,1.0
69IN01746,1968183296,68,2,C3296,3,70,720,,,,,,,1,2,07,2,1, 34,094,08,,94,126,2,70,090,,18,0927,094,2,177718,,,217518,,,1969,1.0
69IN01747,1968183298,68,2,C3298,3,72,800,,,,,,,3,2,07,3,1, 32,083,14,,83,108,2,72,075,,18,0927,097,2,243318,,,255918,,,1969,1.0
69IN01748,1968183299,68,2,C3299,3,70,720,,,,,,,2,2,07,2,1,701,107,09,,107,127,,70,090,,18,,087,2,177718,,,163718,,,1969,1.0
69IN01749,1968183300,68,2,C3300,3,70,720,,,,,,,2,2,07,2,1, 35,098,09,,98,117,2,70,078,,18,0927,086,2,177718,,,163718,,,1969,1.0
69IN01750,1968183302,68,2,C3302,3,70,720,,,,,,,3,2,07,2,1,701,111,08,,111,124,,70,090,,18,,095,2,177718,,,014518,,,1969,1.0
69IN01751,1968183303,68,2,C3303,3,70,720,,,,,,,3,2,07,2,1,700,085,09,,85,113,,70,096,,18,,086,2,177718,,,014518,,,1969,1.0
69IN01752,1968183304,68,2,C3304,3,70,730,,,,,,,3,2,07,2,3,702,111,09,,111,118,,70,094,,18,,080,2,197518,,,141518,,,1969,1.0
69IN01753,1968183306,68,2,C3306,3,72,950,,,,,,,1,2,07,3,1, 32,090,11,,90,112,2,72,087,,18,0927,094,2,246418,,,258318,,,1969,1.0
69IN01754,1968183307,68,1,C3307,3,70,720,,,,,,,1,2,07,2,1,,108,09,,108,130,3,70,080,,18,0929,111,2,177718,,213,258618,,,1969,1.0
69IN01755,1968183308,68,2,C3308,3,72,940,,,,,,,1,2,07,3,1, 34,091,09,,91,118,2,72,089,,18,0927,099,2,261618,,,207218,,,1969,1.0
69IN01756,1968183310,68,1,C3310,3,70,720,,,,,,,1,2,07,2,6,227,135,07,,135,165,2,70,082,,18,0927,115,2,177718,,236,169318,,,1969,1.0
69IN01757,1968183311,68,2,C3311,3,70,720,,,,,,,1,2,07,2,1, 35,113,09,,113,132,2,70,097,,18,0927,100,2,177718,,,176318,,,1969,1.0
69IN01758,1965420008,65,1,T0008,4,70,732,,,,,,,,5,02,2,,,158,08,,215,235,6,70,120,081,42,1008,174,3,750241,,264,701441,,,1969,4.0
69IN01759,1965420010,65,2,T0010,4,73,108,4,7,,,,,,5,02,7,,,100,11,12,160,168,3,13,092,048,42,0120,112,2,806941,,,657441,,07,1969,4.0
69IN01760,1965420014,65,2,T0014,4,08,082,6,8,,,,25,,5,02,1,,082,090,11,02,123,152,,,087,053,42,,124,3,779841,,,068741,,,1969,4.0
69IN01761,1965420024,65,2,T0024,4,74,189,4,7,,,,,,5,02,7,,740,096,10,02,148,180,,10,080,040,42,,098,2,789041,,,320241,,02,1969,4.0
69IN01762,1965420026,65,2,T0026,4,07,071,6,1,,,,28,,5,02,1,,072,093,06,02,116,133,,,094,033,42,,074,3,838841,,,310241,,,1969,4.0
69IN01763,1965420029,65,2,T0029,4,77,149,4,1,,,,,,5,02,7,,770,098,12,02,168,178,,08,115,061,42,,136,3,866641,,,507141,,01,1969,4.0
69IN01764,1965420033,65,2,T0033,4,78,109,2,4,,,,,,5,02,7,,782,102,09,02,132,165,,18,088,047,42,,103,3,840541,,,814341,,02,1969,4.0
69IN01765,1965420041,65,2,T0041,4,76,109,4,7,,,,,,5,02,7,,762,093,09,01,145,175,,16,087,038,42,,083,2,840541,,,798341,,01,1969,4.0
69IN01766,1965420042,65,2,T0042,4,76,128,2,1,,,,,,5,02,7,,762,094,08,02,128,148,,15,113,051,42,,105,4,873141,,,584641,,02,1969,4.0
69IN01767,1965420045,65,2,T0045,4,73,158,2,7,,,,,,5,02,7,,731,093,08,01,137,160,,12,095,046,42,,105,4,818441,,,438841,,01,1969,4.0
69IN01768,1965420047,65,2,T0047,4,72,812,2,1,,,,,,5,02,3,, 91,102,09,04,138,155,,,082,037,42,,083,2,841141,,,757141,,02,1969,4.0
69IN01769,1965420049,65,2,T0049,4,70,712,2,7,,,,,,5,02,2,,702,132,10,02,193,195,,,090,049,42,,118,2,771241,,,879841,,02,1969,4.0
69IN01770,1965420062,65,2,T0062,4,76,109,4,4,,,,,,5,02,7,,760,095,11,01,138,168,,17,100,050,42,,106,3,840541,,,411241,,01,1969,4.0
69IN01771,1965420065,65,2,T0065,4,77,098,2,1,,,,,,5,02,7,,772,108,08,02,155,178,,03,111,052,42,,112,4,833341,,,861341,,02,1969,4.0
69IN01772,1965420072,65,2,T0072,4,70,722,2,4,,,,,,5,02,2,,701,111,09,01,175,182,,,108,051,42,,107,2,616441,,,725141,,02,1969,4.0
69IN01773,1965420081,65,1,T0081,4,14,142,,,,,,30,,5,02,1,,,132,10,,200,235,3,14,106,082,42,0812,173,5,862541,,236,393941,,,1969,4.0
69IN01774,1965420083,65,2,T0083,4,72,902,4,7,,,,,,5,02,3,,88,108,07,03,170,185,,,109,057,42,,126,3,839141,,,409341,,04,1969,4.0
69IN01775,1965420084,65,2,T0084,4,72,902,2,1,,,,,,5,02,3,,96,118,03,02,178,190,,,107,051,42,,111,3,839141,,,409341,,02,1969,4.0
69IN01776,1965420086,65,2,T0086,4,73,189,4,7,,,,,,5,02,7,,732,113,08,02,160,190,,10,092,065,42,,153,4,789041,,,547941,,01,1969,4.0
69IN01777,1965420097,65,2,T0097,4,75,049,2,1,,,,,,5,02,7,,752,105,11,02,145,164,,15,090,046,42,,111,2,869941,,,150541,,02,1969,4.0
69IN01778,1965420101,65,2,T0101,4,74,058,2,4,,,,,,5,02,7,,742,105,12,02,170,176,,02,094,049,42,,117,2,804641,,,575241,,02,1969,4.0
69IN01779,1965420102,65,2,T0102,4,75,189,4,4,,,,,,5,02,7,,752,113,09,02,136,170,,17,103,060,42,,136,4,789041,,,680941,,02,1969,4.0
69IN01780,1965420103,65,2,T0103,4,74,189,2,1,,,,,,5,02,7,,741,110,08,02,153,185,,17,095,054,42,,123,3,789041,,,680941,,02,1969,4.0
69IN01781,1965420104,65,2,T0104,4,70,722,4,3,,,,,,5,02,2,,,112,13,02,155,165,3,,105,055,42,0929,127,2,616441,,,316941,,02,1969,4.0
69IN01782,1965420116,65,2,T0116,4,70,722,4,7,,,,,,5,02,2,,700,118,10,02,148,160,,,089,054,42,,126,3,616441,,,744741,,02,1969,4.0
69IN01783,1965420119,65,2,T0119,4,76,168,2,3,,,,,,5,02,7,,,084,06,,107,,7,10,098,044,42,1112,101,3,785541,1,,841641,,76,1969,4.0
69IN01784,1965420123,65,2,T0123,4,74,118,2,4,,,,,,5,02,7,, 20,098,08,02,152,155,2,09,101,053,42,0927,123,3,824741,,,325341,,01,1969,4.0
69IN01785,1965420125,65,2,T0125,4,70,712,4,1,,,,,,5,02,2,,702,140,07,05,180,206,,,098,054,42,,127,4,771241,,,375141,,02,1969,4.0
69IN01786,1965420129,65,2,T0129,4,70,722,2,4,,,,,,5,02,2,,,097,10,,,,6,,086,047,42,0428,119,2,616441,,,406241,,04,1969,4.0
69IN01787,1965420130,65,2,T0130,4,75,019,4,4,,,,,,5,02,7,,,083,14,,,,6,04,082,035,42,0515,080,3,816241,,,682041,,02,1969,4.0
69IN01788,1965420136,65,2,T0136,4,77,029,4,7,,,,,,5,02,7,,771,083,12,02,120,140,,05,106,049,42,,105,2,876341,,,326041,,01,1969,4.0
69IN01789,1965420138,65,2,T0138,4,70,722,2,7,,,,,,5,02,2,,701,101,08,02,145,150,,,088,040,42,,093,2,616441,,,364241,,02,1969,4.0
69IN01790,1965420153,65,2,T0153,4,78,189,2,1,,,,,,5,02,7,,780,110,10,02,157,188,,10,104,063,42,,141,4,789041,,,800641,,03,1969,4.0
69IN01791,1965420166,65,2,T0166,4,75,139,2,7,,,,,,5,02,7,,751,087,09,02,136,154,,18,094,045,42,,095,3,797841,,,579041,,02,1969,4.0
69IN01792,1965420180,65,2,T0180,4,75,078,2,1,,,,,,5,02,7,,750,093,09,01,124,144,,04,110,041,42,,087,3,830441,,,642841,,01,1969,4.0
69IN01793,1965420185,65,2,T0185,4,75,119,4,4,,,,,,5,02,7,,751,093,10,02,155,192,,14,123,052,42,,106,3,864241,,,289641,,02,1969,4.0
69IN01794,1965420191,65,2,T0191,4,77,188,4,5,,,,,,5,02,7,,771,092,09,02,136,160,,13,099,047,42,,104,4,873841,,,878041,,02,1969,4.0
69IN01795,1965420195,65,2,T0195,4,77,049,2,1,,,,,,5,02,7,,770,090,09,02,143,158,,07,087,039,42,,091,2,869941,,,188641,,03,1969,4.0
69IN01796,1965420209,65,2,T0209,4,75,168,4,4,,,,,,5,02,7,,750,097,11,02,135,138,,13,113,052,42,,111,4,785541,,,874441,,01,1969,4.0
69IN01797,1965420212,65,2,T0212,4,70,722,4,4,,,,,,5,02,2,,700,099,09,02,138,164,,,092,048,42,,107,3,616441,,,415541,,03,1969,4.0
69IN01798,1965420214,65,2,T0214,4,77,079,2,1,,,,,,5,02,7,,770,100,09,02,182,170,,01,111,056,42,,117,2,838841,,,807541,,02,1969,4.0
69IN01799,1965420215,65,2,T0215,4,70,712,4,4,,,,,,5,02,2,,700,118,06,02,178,185,,,086,044,42,,102,2,771241,,,317941,,06,1969,4.0
69IN01800,1965420216,65,2,T0216,4,74,169,2,7,,,,,,5,02,7,,740,093,10,02,117,142,,13,111,054,42,,111,3,784141,,,551441,,02,1969,4.0
69IN01801,1965420217,65,2,T0217,4,75,169,4,4,,,,,,5,02,7,,751,097,10,02,166,160,,10,082,043,42,,106,2,784141,,,251941,,04,1969,4.0
69IN01802,1965420219,65,2,T0219,4,74,039,4,1,,,,,,5,02,7,,742,108,09,02,155,168,,08,111,053,42,,112,4,796341,,,214341,,02,1969,4.0
69IN01803,1965420221,65,2,T0221,4,08,082,7,1,,,,22,,5,02,1,,,080,11,,123,,7,,092,047,42,1112,113,2,779841,,,047741,,,1969,4.0
69IN01804,1965420228,65,2,T0228,4,75,178,4,7,,,,,,5,02,7,,752,103,09,02,149,163,,16,101,049,42,,112,3,802941,,,507941,,02,1969,4.0
69IN01805,1965420236,65,2,T0236,4,73,118,4,1,,,,,,5,02,7,,732,102,10,02,152,180,,09,093,059,42,,145,3,824741,,,623341,,02,1969,4.0
69IN01806,1965420241,65,2,T0241,4,70,732,2,1,,,,,,5,02,2,,701,103,10,01,170,188,,,083,038,42,,089,2,750241,,,182641,,02,1969,4.0
69IN01807,1965420247,65,2,T0247,4,76,089,2,7,,,,,,5,02,7,,762,094,12,02,140,157,,03,112,044,42,,086,4,851741,,,480941,,02,1969,4.0
69IN01808,1965420248,65,2,T0248,4,72,972,4,1,,,,,,5,02,3,,97,092,08,04,152,162,,,099,040,42,,080,2,797641,,,419341,,05,1969,4.0
69IN01809,1965420250,65,2,T0250,4,77,148,2,1,,,,,,5,02,7,,771,108,09,02,154,163,,11,091,048,42,,116,2,862541,,,646141,,02,1969,4.0
69IN01810,1965420252,65,2,T0252,4,77,149,2,7,,,,,,5,02,7,,772,073,10,05,126,143,,03,113,042,42,,085,3,866641,,,274241,,02,1969,4.0
69IN01811,1965420253,65,2,T0253,4,75,149,2,4,,,,,,5,02,7,,752,096,08,06,153,158,,03,090,042,42,,095,3,866641,,,274241,,02,1969,4.0
69IN01812,1965420257,65,2,T0257,4,72,962,2,4,,,,,,5,02,3,,98,080,10,02,110,128,,,077,031,42,,076,3,865941,,,750341,,02,1969,4.0
69IN01813,1965420272,65,2,T0272,4,73,148,4,4,,,,,,5,02,7,,730,111,08,05,155,182,,09,090,055,42,,131,3,862541,,,008041,,02,1969,4.0
69IN01814,1965420274,65,2,T0274,4,08,081,6,7,,,,37,,5,02,1,,082,090,10,05,125,139,,,094,060,42,,145,3,851741,,,817641,,,1969,4.0
69IN01815,1965420282,65,2,T0282,4,73,078,4,1,,,,,,5,02,7,, 90,103,07,07,155,170,,12,099,045,42,,095,3,830441,,,863541,,05,1969,4.0
69IN01816,1965420284,65,2,T0284,4,70,722,,1,,,,,,5,02,2,,,093,09,,,,6,,094,049,42,0505,110,3,616441,,,147941,,,1969,4.0
69IN01817,1965420286,65,2,T0286,4,72,952,4,1,,,,,,5,02,3,,99,090,10,03,128,144,,,085,040,42,,093,2,812341,,,583441,,02,1969,4.0
69IN01818,1965420293,65,2,T0293,4,73,048,2,7,,,,,,5,02,7,,732,086,09,01,115,143,,12,115,051,42,,102,4,787941,,,407141,,02,1969,4.0
69IN01819,1965420305,65,2,T0305,4,77,108,4,1,,,,,,5,02,7,,770,088,08,02,116,144,,18,100,046,42,,100,2,806941,,,398541,,01,1969,4.0
69IN01820,1965420308,65,2,T0308,4,76,149,4,7,,,,,,5,02,7,,760,100,09,02,150,160,,11,100,056,42,,131,3,866641,,,565941,,01,1969,4.0
69IN01821,1965420309,65,2,T0309,4,72,872,2,7,,,,,,5,02,3,,80,088,07,08,130,153,,,082,041,42,,104,2,782341,,,481641,,02,1969,4.0
69IN01822,1965420313,65,2,T0313,4,70,712,2,7,,,,,,5,02,2,,702,108,04,04,185,190,,,092,037,42,,076,2,771241,,,588441,,03,1969,4.0
69IN01823,1965420316,65,2,T0316,4,14,142,6,7,,,,37,,5,02,1,,142,083,11,01,131,152,,,093,044,42,,102,3,862541,,,596541,,,1969,4.0
69IN01824,1965420327,65,1,T0327,4,70,732,,,,,,,,5,02,2,,181,138,07,,240,260,2,70,106,055,42,0927,108,3,750241,,256,597841,,,1969,4.0
69IN01825,1965420330,65,2,T0330,4,70,712,2,1,,,,,,5,02,2,,700,109,08,02,176,174,,,083,044,42,,103,3,771241,,,690641,,02,1969,4.0
69IN01826,1965420333,65,2,T0333,4,75,139,2,1,,,,,,5,02,7,,,095,10,,103,,7,16,107,041,42,1112,084,3,797841,1,,076041,,75,1969,4.0
69IN01827,1965420341,65,2,T0341,4,77,139,4,4,,,,,,5,02,7,,772,097,10,02,152,170,,10,086,049,42,,123,2,797841,,,430741,,02,1969,4.0
69IN01828,1965420342,65,2,T0342,4,78,109,4,7,,,,,,5,02,7,,780,113,08,02,145,155,,13,090,038,42,,075,2,840541,,,102841,,02,1969,4.0
69IN01829,1965420343,65,2,T0343,4,76,188,4,3,,,,,,5,02,7,,761,099,08,02,127,150,,16,099,055,42,,124,4,873841,,,115641,,01,1969,4.0
69IN01830,1965420352,65,2,T0352,4,74,129,2,7,,,,,,5,02,7,,741,084,05,02,110,135,,15,104,044,42,,094,3,843541,,,416341,,02,1969,4.0
69IN01831,1965420353,65,2,T0353,4,73,159,,1,,,,,,5,02,7,,,095,09,11,160,167,3,01,091,053,42,0120,124,4,826441,,,815941,,,1969,4.0
69IN01832,1965420354,65,2,T0354,4,08,081,7,4,,,,28,,5,02,1,,,078,10,04,123,153,3,,089,047,42,0120,102,3,851741,,,631841,,,1969,4.0
69IN01833,1965420358,65,2,T0358,4,70,722,4,4,,,,,,5,02,2,,701,106,10,03,160,190,,,101,053,42,,116,3,616441,,,533441,,04,1969,4.0
69IN01834,1965420361,65,2,T0361,4,76,048,2,4,,,,,,5,02,7,,762,092,09,05,134,150,,07,098,035,42,,077,3,787941,,,015841,,02,1969,4.0
69IN01835,1965420365,65,2,T0365,4,74,139,2,3,,,,,,5,02,7,,741,092,12,02,125,145,,18,096,047,42,,102,2,797841,,,323541,,01,1969,4.0
69IN01836,1965420367,65,2,T0367,4,74,159,4,4,,,,,,5,02,7,,742,075,09,02,117,145,,04,093,042,42,,098,3,826441,,,833141,,02,1969,4.0
69IN01837,1965420368,65,2,T0368,4,78,149,4,4,,,,,,5,02,7,,781,091,11,02,133,150,,09,117,049,42,,098,5,866641,,,226041,,02,1969,4.0
69IN01838,1965420373,65,2,T0373,4,73,039,4,1,,,,,,5,02,7,,730,112,09,02,163,185,,09,106,046,42,,098,3,796341,,,098241,,02,1969,4.0
69IN01839,1965420392,65,2,T0392,4,78,158,2,4,,,,,,5,02,7,,780,113,09,02,165,180,,01,098,051,42,,111,4,818441,,,673341,,05,1969,4.0
69IN01840,1965420397,65,1,T0397,4,07,071,,,,,,34,,5,02,1,,,113,08,,215,230,3,07,088,038,42,0812,076,2,838841,,232,590841,,,1969,4.0
69IN01841,1965420404,65,2,T0404,4,07,072,7,7,,,,31,,5,02,1,,072,079,08,02,113,130,,,111,037,42,,074,3,830441,,,504741,,,1969,4.0
69IN01842,1965420407,65,2,T0407,4,77,188,2,4,,,,,,5,02,7,,,102,09,,144,,7,10,112,059,42,1112,130,5,873841,,,658541,,02,1969,4.0
69IN01843,1965420413,65,2,T0413,4,72,842,4,1,,,,,,5,02,3,,80,108,09,02,140,163,,,096,063,42,,157,3,812241,,,476341,,04,1969,4.0
69IN01844,1965420419,65,2,T0419,4,75,108,4,7,,,,,,5,02,7,,,111,08,11,170,175,3,16,089,044,42,1201,098,2,806941,,,876141,,05,1969,4.0
69IN01845,1965420425,65,2,T0425,4,74,179,4,1,,,,,,5,02,7,,741,094,08,01,105,106,6,16,099,049,42,1001,100,4,872641,,,866141,,02,1969,4.0
69IN01846,1965420429,65,2,T0429,4,73,039,2,4,,,,,,5,02,7,,731,102,10,02,135,168,,08,110,055,42,,119,5,796341,,,609941,,02,1969,4.0
69IN01847,1965420440,65,2,T0440,4,72,862,,3,,,,,,5,02,3,,,129,09,,,,6,,088,049,42,0131,111,3,847041,,,396241,,,1969,4.0
69IN01848,1965420441,65,2,T0441,4,76,089,2,4,,,,,,5,02,7,,760,104,10,02,133,142,,09,100,061,42,,147,5,851741,,,682441,,02,1969,4.0
69IN01849,1965420467,65,2,T0467,4,70,722,4,7,,,,,,5,02,2,, 20,116,09,01,213,225,2,,085,048,42,0927,122,2,616441,,,225341,,02,1969,4.0
69IN01850,1965420487,65,4,T0487,4,,042,,,,,,32,,5,02,1,,,073,06,,140,168,3,04,118,046,42,0812,094,3,787941,,,367741,,,1969,4.0
69IN01851,1965420488,65,2,T0488,4,74,038,2,1,,,,,,5,02,7,,740,105,09,02,157,180,,11,101,051,42,,120,2,811141,,,573441,,02,1969,4.0
69IN01852,1965420491,65,2,T0491,4,73,019,2,4,,,,,,5,02,7,,730,090,10,03,140,164,,07,094,044,42,,097,3,816241,,,179141,,02,1969,4.0
69IN01853,1965420495,65,2,T0495,4,75,098,4,7,,,,,,5,02,7,,751,102,08,02,160,185,,03,088,046,42,,109,2,833341,,,016841,,02,1969,4.0
69IN01854,1965420505,65,2,T0505,4,72,972,2,4,,,,,,5,02,3,,82,106,08,01,154,172,,,097,049,42,,105,4,797641,,,844041,,02,1969,4.0
69IN01855,1965420506,65,2,T0506,4,73,139,4,7,,,,,,5,02,7,,732,093,11,01,145,163,,17,104,048,42,,104,3,797841,,,644841,,01,1969,4.0
69IN01856,1965420511,65,2,T0511,4,73,078,2,4,,,,,,5,02,7,,731,101,09,02,153,167,,15,100,047,42,,105,2,830441,,,579241,,02,1969,4.0
69IN01857,1965420516,65,2,T0516,4,77,038,2,1,,,,,,5,02,7,,772,098,12,04,150,170,,08,102,052,42,,119,3,811141,,,667041,,05,1969,4.0
69IN01858,1965420517,65,2,T0517,4,73,059,4,4,,,,,,5,02,7,,730,093,10,02,130,150,,02,094,049,42,,114,3,827341,,,619641,,01,1969,4.0
69IN01859,1965420525,65,2,T0525,4,78,159,2,7,,,,,,5,02,7,,781,081,10,01,118,150,,12,098,046,42,,101,3,826441,,,367541,,01,1969,4.0
69IN01860,1965420531,65,2,T0531,4,76,108,4,1,,,,,,5,02,7,,761,092,08,02,130,144,,18,087,036,42,,080,2,806941,,,630941,,06,1969,4.0
69IN01861,1965420533,65,2,T0533,4,78,169,2,7,,,,,,5,02,7,,782,106,13,02,175,175,,17,099,049,42,,103,3,784141,,,962240,,02,1969,4.0
69IN01862,1965420534,65,2,T0534,4,07,072,6,1,,,,28,,5,02,1,,072,099,07,02,142,156,,,088,042,42,,100,3,830441,,,479941,,,1969,4.0
69IN01863,1965420535,65,2,T0535,4,70,732,4,7,,,,,,5,02,2,,702,120,11,01,180,198,,,103,051,42,,107,3,750241,,,786041,,01,1969,4.0
69IN01864,1965420536,65,2,T0536,4,75,098,4,4,,,,,,5,02,7,,752,102,08,02,150,140,,08,092,049,42,,110,3,833341,,,571241,,01,1969,4.0
69IN01865,1965420537,65,2,T0537,4,73,098,4,3,,,,,,5,02,7,,732,129,09,02,177,190,,08,105,061,42,,136,4,833341,,,571241,,02,1969,4.0
69IN01866,1965420538,65,2,T0538,4,72,902,4,1,,,,,,5,02,3,, 90,106,07,04,170,192,,,096,047,42,,105,2,839141,,,697141,,04,1969,4.0
69IN01867,1965420546,65,2,T0546,4,72,842,2,7,,,,,,5,02,3,,87,118,13,02,175,185,,,076,039,42,,098,2,812241,,,403541,,05,1969,4.0
69IN01868,1965420548,65,2,T0548,4,78,098,4,4,,,,,,5,02,7,,781,059,13,01,104,123,,08,077,029,42,,072,2,833341,,,051041,,01,1969,4.0
69IN01869,1965420550,65,2,T0550,4,78,079,2,1,,,,,,5,02,7,,782,098,09,02,142,163,,12,106,045,42,,092,3,838841,,,191841,,01,1969,4.0
69IN01870,1965420551,65,2,T0551,4,77,079,4,4,,,,,,5,02,7,,771,100,12,02,134,155,,12,120,054,42,,104,5,838841,,,191841,,01,1969,4.0
69IN01871,1965420556,65,2,T0556,4,75,128,2,4,,,,,,5,02,7,,752,112,08,02,148,165,,01,100,047,42,,096,2,873141,,,669141,,02,1969,4.0
69IN01872,1965420557,65,2,T0557,4,73,039,,3,,,,,,5,02,7,,,106,06,06,155,182,3,11,109,062,42,1201,145,4,796341,,,664641,,,1969,4.0
69IN01873,1965420560,65,2,T0560,4,70,712,,4,,,,,,5,02,2,,,098,09,01,170,180,3,,096,039,42,1229,082,2,771241,,,722241,,,1969,4.0
69IN01874,1965420563,65,2,T0563,4,76,099,4,7,,,,,,5,02,7,,761,117,08,06,182,210,,14,091,048,42,,115,2,823141,,,443841,,02,1969,4.0
69IN01875,1965420570,65,2,T0570,4,75,098,4,3,,,,,,5,02,7,,750,094,09,02,147,168,,14,104,057,42,,131,3,833341,,,551541,,02,1969,4.0
69IN01876,1965420573,65,2,T0573,4,74,099,4,7,,,,,,5,02,7,,740,100,06,02,160,173,,11,099,040,42,,086,2,823141,,,839140,,02,1969,4.0
69IN01877,1965420578,65,2,T0578,4,73,209,2,1,,,,,,5,02,7,,730,088,08,02,150,168,,05,101,044,42,,091,2,249748,,,833941,,02,1969,4.0
69IN01878,1965420581,65,2,T0581,4,74,099,2,4,,,,,,5,02,7,,741,103,12,02,155,195,,03,097,047,42,,107,3,823141,,,493641,,02,1969,4.0
69IN01879,1965420591,65,2,T0591,4,78,098,4,7,,,,,,5,02,7,,780,101,10,01,133,160,,11,105,051,42,,112,3,833341,,,297841,,01,1969,4.0
69IN01880,1965420598,65,4,T0598,4,,982,,,,,,,,5,02,3,,,110,09,,173,,3,72,102,051,42,0929,123,2,802141,,,801741,,,1969,4.0
69IN01881,1965420601,65,2,T0601,4,73,129,4,3,,,,,,5,02,7,,731,098,08,02,140,170,,15,087,043,42,,096,3,843541,,,811641,,02,1969,4.0
69IN01882,1965420605,65,2,T0605,4,75,018,4,7,,,,,,5,02,7,,751,102,10,02,170,175,,12,114,053,42,,110,4,843141,,,399141,,02,1969,4.0
69IN01883,1965420607,65,2,T0607,4,77,169,2,5,,,,,,5,02,7,,770,100,12,02,132,148,,17,085,044,42,,109,2,784141,,,861041,,02,1969,4.0
69IN01884,1965420609,65,2,T0609,4,70,732,2,7,,,,,,5,02,2,,701,108,06,02,185,192,,,090,043,42,,100,2,750241,,,586041,,02,1969,4.0
69IN01885,1965420616,65,2,T0616,4,70,732,2,1,,,,,,5,02,2,,,112,08,08,175,188,3,,103,048,42,0929,104,3,750241,,,257541,,05,1969,4.0
69IN01886,1965420619,65,2,T0619,4,74,128,2,1,,,,,,5,02,7,,742,082,05,02,130,152,,04,081,033,42,,075,2,873141,,,444741,,02,1969,4.0
69IN01887,1965420623,65,2,T0623,4,78,118,2,7,,,,,,5,02,7,,782,105,09,02,170,185,,09,093,053,42,,124,4,824741,,,850441,,02,1969,4.0
69IN01888,1965420634,65,2,T0634,4,70,732,4,7,,,,,,5,02,2,,702,118,10,02,185,198,,,092,047,42,,112,2,750241,,,440041,,02,1969,4.0
69IN01889,1965420635,65,2,T0635,4,73,099,2,1,,,,,,5,02,7,,730,101,09,02,160,185,,03,085,044,42,,113,2,823141,,,817041,,03,1969,4.0
69IN01890,1965420638,65,2,T0638,4,77,048,4,7,,,,,,5,02,7,,,089,10,,132,,7,01,110,054,42,1112,113,3,787941,,,643941,,01,1969,4.0
69IN01891,1965420639,65,2,T0639,4,76,048,2,4,,,,,,5,02,7,,760,108,09,02,142,185,,01,105,053,42,,113,3,787941,,,643941,,02,1969,4.0
69IN01892,1965420640,65,2,T0640,4,70,732,4,4,,,,,,5,02,2,,,112,04,14,175,133,3,,091,046,42,0929,099,4,750241,,,714641,,02,1969,4.0
69IN01893,1965420643,65,2,T0643,4,14,141,7,7,,,,30,,5,02,1,,142,101,05,02,146,158,,,073,032,42,,081,2,866641,,,326741,,,1969,4.0
69IN01894,1965420646,65,2,T0646,4,78,039,2,1,,,,,,5,02,7,,780,112,08,02,150,170,,09,082,040,42,,092,2,796341,,,680741,,02,1969,4.0
69IN01895,1966420659,66,1,T0659,4,70,712,,,,,,,,4,02,2,,179,,,,235,255,2,,,,42,0927,142,5,771241,,266,894341,,,1969,3.0
69IN01896,1966420662,66,2,T0662,4,74,149,4,,,,,,,4,02,7,1,741,110,09,01,165,177,,03,093,,42,,118,3,008142,,,776941,,01,1969,3.0
69IN01897,1966420664,66,2,T0664,4,74,049,2,,,,,,,4,02,7,1,741,108,09,01,138,165,,15,114,,42,,137,5,879241,,,394941,,01,1969,3.0
69IN01898,1966420667,66,2,T0667,4,78,038,4,,,,,,,4,02,7,1,780,107,08,02,134,155,,11,104,,42,,100,4,924841,,,297841,,02,1969,3.0
69IN01899,1966420668,66,2,T0668,4,70,732,,,,,,,,4,02,2,1,701,126,09,05,185,180,,,097,,42,,104,3,750241,,,927941,,,1969,3.0
69IN01900,1966420672,66,2,T0672,4,74,098,2,,,,,,,4,02,7,1,,106,12,,,,6,14,097,,42,0130,113,3,962541,,,804441,,,1969,3.0
69IN01901,1966420680,66,2,T0680,4,73,119,2,,,,,,,4,02,7,1,730,108,12,01,130,165,,03,108,,42,,095,6,790941,,,480941,,02,1969,3.0
69IN01902,1966420683,66,2,T0683,4,76,079,2,,,,,,,4,02,7,1,762,095,09,01,144,160,,01,110,,42,,130,7,817241,,,372641,,02,1969,3.0
69IN01903,1966420684,66,2,T0684,4,75,079,2,,,,,,,4,02,7,1,752,091,11,02,127,135,,01,095,,42,,111,3,817241,,,372641,,01,1969,3.0
69IN01904,1966420690,66,2,T0690,4,78,178,4,,,,,,,4,02,7,1,781,108,12,02,153,178,,13,091,,42,,123,2,881641,,,874441,,01,1969,3.0
69IN01905,1966420696,66,2,T0696,4,78,018,2,,,,,,,4,02,7,3,781,085,09,01,116,138,,07,085,,42,,077,2,932841,,,448641,,02,1969,3.0
69IN01906,1966420697,66,2,T0697,4,76,018,2,,,,,,,4,02,7,1,762,098,08,02,120,138,,07,098,,42,,095,3,932841,,,448641,,01,1969,3.0
69IN01907,1966420701,66,2,T0701,4,70,712,2,,,,,,,4,02,2,1,700,126,05,03,200,198,,,098,,42,,102,4,771241,,,856141,,04,1969,3.0
69IN01908,1966420702,66,2,T0702,4,76,189,2,,,,,,,4,02,7,1,762,110,09,02,150,165,,13,106,,42,,131,4,874941,,,837041,,01,1969,3.0
69IN01909,1966420703,66,2,T0703,4,76,188,4,,,,,,,4,02,7,1,760,112,09,02,140,165,,10,086,,42,,104,2,959641,,,367041,,02,1969,3.0
69IN01910,1966420704,66,2,T0704,4,75,188,2,,,,,,,4,02,7,1,750,106,10,04,136,163,,10,090,,42,,095,4,959641,,,367041,,01,1969,3.0
69IN01911,1966420705,66,2,T0705,4,77,119,4,,,,,,,4,02,7,1,772,108,09, 2,150,147,,03,094,,42,,094,3,790941,,,818941,,02,1969,3.0
69IN01912,1966420706,66,2,T0706,4,76,089,4,,,,,,,4,02,7,1,762,113,10,02,176,175,,11,075,,42,,099,2,857041,,,803641,,04,1969,3.0
69IN01913,1966420708,66,2,T0708,4,70,722,4,,,,,,,4,02,2,1, 28,095,09,02,132,147,2,,095,,42,0927,080,4,624241,,,927841,,01,1969,3.0
69IN01914,1966420711,66,2,T0711,4,77,178,4,,,,,,,4,02,7,1,772,107,08,02,138,167,,10,097,,42,,100,4,881641,,,800641,,02,1969,3.0
69IN01915,1966420718,66,2,T0718,4,03,032,6,,,,,28,,4,02,1,1,032,085,09,02,113,120,,,101,,42,,087,4,924841,,,359741,,,1969,3.0
69IN01916,1966420723,66,2,T0723,4,72,922,4,,,,,,,4,02,3,1,89,097,11,02,141,137,,,086,,42,,108,4,937241,,,937341,,01,1969,3.0
69IN01917,1966420733,66,2,T0733,4,75,108,2,,,,,,,4,02,7,3,751,110,09,02,137,173,,18,090,,42,,111,5,886441,,,868541,,02,1969,3.0
69IN01918,1966420736,66,2,T0736,4,78,158,4,,,,,,,4,02,7,1,781,097,11,02,141,148,,07,073,,42,,074,3,921341,,,338041,,02,1969,3.0
69IN01919,1966420737,66,2,T0737,4,74,118,2,,,,,,,4,02,7,1,741,120,10,02,137,160,,14,114,,42,,133,6,866441,,,472041,,02,1969,3.0
69IN01920,1966420738,66,2,T0738,4,78,049,4,,,,,,,4,02,7,1,781,081,12,01,118,142,,12,098,,42,,101,3,879241,,,813841,,01,1969,3.0
69IN01921,1966420739,66,2,T0739,4,76,049,4,,,,,,,4,02,7,1,760,091,14,02,122,140,,12,106,,42,,100,4,879241,,,813841,,06,1969,3.0
69IN01922,1966420740,66,2,T0740,4,77,118,2,,,,,,,4,02,7,1,770,108,09,02,134,173,,09,111,,42,,129,5,866441,,,682341,,01,1969,3.0
69IN01923,1966420741,66,2,T0741,4,76,118,4,,,,,,,4,02,7,1,762,104,09,02,142,153,,09,106,,42,,091,4,866441,,,682341,,02,1969,3.0
69IN01924,1966420752,66,2,T0752,4,72,822,2,,,,,,,4,02,3,1,91,086,12,02,120,125,,,088,,42,,070,2,957741,,,819641,,02,1969,3.0
69IN01925,1966420757,66,2,T0757,4,76,039,4,,,,,,,4,02,7,1,761,123,09,01,168,180,,09,107,,42,,134,4,940541,,,575141,,01,1969,3.0
69IN01926,1966420758,66,2,T0758,4,03,032,7,,,,,38,,4,02,1,1,032,087,10,02,127,158,,,087,,42,,081,3,924841,,,670441,,,1969,3.0
69IN01927,1966420759,66,1,T0759,4,03,032,,,,,,38,,4,02,1,,,,,,165,195,3,,,,42,0812,123,5,924841,,217,670441,,,1969,3.0
69IN01928,1966420760,66,2,T0760,4,74,079,4,,,,,,,4,02,7,3,741,091,10,02,145,155,,04,090,,42,,109,4,817241,,,833141,,01,1969,3.0
69IN01929,1966420761,66,2,T0761,4,74,118,2,,,,,,,4,02,7,1,,108,09,,147,,7,09,087,,42,1112,103,3,866441,,,840941,,02,1969,3.0
69IN01930,1966420763,66,2,T0763,4,73,189,2,,,,,,,4,02,7,1,730,090,09,02,130,150,,17,097,,42,,117,3,874941,,,538441,,05,1969,3.0
69IN01931,1966420771,66,2,T0771,4,77,148,2,,,,,,,4,02,7,1,771,109,09,02,145,168,,09,108,,42,,114,4,862041,,,277741,,02,1969,3.0
69IN01932,1966420774,66,2,T0774,4,73,079,2,,,,,,,4,02,7,1,731,098,09,02,140,154,,04,117,,42,,099,7,817241,,,321241,,02,1969,3.0
69IN01933,1966420775,66,2,T0775,4,78,079,4,,,,,,,4,02,7,1,,096,08,,,,6,04,098,,42,0428,100,5,817241,,,321241,,01,1969,3.0
69IN01934,1966420778,66,2,T0778,4,70,712,4,,,,,,,4,02,2,1,700,120,08,02,172,185,,,092,,42,,075,4,771241,,,968941,,02,1969,3.0
69IN01935,1966420786,66,2,T0786,4,73,158,2,,,,,,,4,02,7,1,730,087,09,02,123,135,,04,087,,42,,084,3,921341,,,855841,,01,1969,3.0
69IN01936,1966420787,66,2,T0787,4,70,712,4,,,,,,,4,02,2,1,702,118,09,02,173,190,,,094,,42,,097,3,771241,,,176241,,02,1969,3.0
69IN01937,1966420790,66,2,T0790,4,74,079,4,,,,,,,4,02,7,1,742,102,08,02,155,165,,01,105,,42,,112,4,817241,,,604841,,02,1969,3.0
69IN01938,1966420793,66,2,T0793,4,75,148,4,,,,,,,4,02,7,1,750,100,09,02,140,161,,11,094,,42,,109,3,862041,,,839140,,01,1969,3.0
69IN01939,1966420795,66,2,T0795,4,70,712,2,,,,,,,4,02,2,1,700,113,09,02,155,165,,,121,,42,,062,3,771241,,,489241,,02,1969,3.0
69IN01940,1966420802,66,2,T0802,4,74,128,2,,,,,,,4,02,7,1,742,095,09,02,138,155,,01,076,,42,,094,3,922541,,,673841,,02,1969,3.0
69IN01941,1966420804,66,2,T0804,4,78,099,4,,,,,,,4,02,7,1,781,130,09,02,180,200,,03,087,,42,,128,4,828141,,,510941,,02,1969,3.0
69IN01942,1966420806,66,2,T0806,4,72,932,4,,,,,,,4,02,3,1, 28,090,09,06,120,180,2,,103,,42,0927,095,6,937641,,,778141,,02,1969,3.0
69IN01943,1966420813,66,2,T0813,4,76,148,2,,,,,,,4,02,7,1,760,088,11,02,127,148,,09,095,,42,,089,2,862041,,,827941,,07,1969,3.0
69IN01944,1966420814,66,2,T0814,4,75,089,4,,,,,,,4,02,7,1,752,111,10,02,138,160,,11,096,,42,,107,3,857041,,,565941,,01,1969,3.0
69IN01945,1966420826,66,2,T0826,4,70,722,2,,,,,,,4,02,2,1, 28,098,10,02,128,150,2,,089,,42,0927,082,3,624241,,,284241,,02,1969,3.0
69IN01946,1966420827,66,2,T0827,4,70,722,4,,,,,,,4,02,2,1,701,100,10,05,140,165,,,095,,42,,082,4,624241,,,284241,,02,1969,3.0
69IN01947,1966420829,66,2,T0829,4,72,982,2,,,,,,,4,02,3,1,93,118,07,02,150,155,,,092,,42,,118,3,946741,,,890641,,02,1969,3.0
69IN01948,1966420830,66,2,T0830,4,74,149,2,,,,,,,4,02,7,1,742,108,11,02,157,170,,11,107,,42,,124,3,008142,,,646141,,02,1969,3.0
69IN01949,1966420831,66,2,T0831,4,78,058,2,,,,,,,4,02,7,1,781,114,09,02,160,170,,02,081,,42,,105,2,713941,,,876541,,02,1969,3.0
69IN01950,1966420838,66,2,T0838,4,75,189,2,,,,,,,4,02,7,1,751,085,10,01,130,150,,16,087,,42,,093,3,874941,,,115641,,01,1969,3.0
69IN01951,1966420839,66,2,T0839,4,72,832,4,,,,,,,4,02,3,1,95,103,09,02,141,135,,,084,,42,,079,3,949641,,,827741,,02,1969,3.0
69IN01952,1966420847,66,2,T0847,4,78,078,2,,,,,,,4,02,7,1,782,088,10,01,113,135,,15,109,,42,,093,3,880041,,,416341,,02,1969,3.0
69IN01953,1966420848,66,2,T0848,4,77,078,4,,,,,,,4,02,7,1,771,097,09,01,120,155,,15,092,,42,,098,3,880041,,,416341,,02,1969,3.0
69IN01954,1966420854,66,2,T0854,4,75,089,2,,,,,,,4,02,7,1,750,101,09,02,145,150,,03,089,,42,,084,3,857041,,,521741,,02,1969,3.0
69IN01955,1966420855,66,2,T0855,4,73,118,4,,,,,,,4,02,7,1,731,110,11,03,140,170,,09,095,,42,,126,3,866441,,,453741,,02,1969,3.0
69IN01956,1966420856,66,2,T0856,4,75,038,4,,,,,,,4,02,7,1,750,112,09,02,140,130,6,14,088,,42,1102,121,4,924841,,,596541,,02,1969,3.0
69IN01957,1966420857,66,2,T0857,4,73,148,4,,,,,,,4,02,7,1,732,101,09,02,137,145,,03,091,,42,,113,6,862041,,,446341,,02,1969,3.0
69IN01958,1966420862,66,2,T0862,4,73,079,2,,,,,,,4,02,7,1,732,104,09,02,144,168,,01,078,,42,,132,3,817241,,,815241,,01,1969,3.0
69IN01959,1966420863,66,2,T0863,4,73,189,4,,,,,,,4,02,7,1,731,094,09,01,133,160,,10,094,,42,,114,3,874941,,,574841,,02,1969,3.0
69IN01960,1966420867,66,2,T0867,4,70,732,4,,,,,,,4,02,2,1,702,111,08,05,123,155,,,097,,42,,095,3,750241,,,215241,,02,1969,3.0
69IN01961,1966420870,66,2,T0870,4,08,082,6,,,,,27,,4,02,1,1,,070,11,11,120,137,3,,099,,42,1201,099,3,789741,,,609941,,,1969,3.0
69IN01962,1966420871,66,2,T0871,4,75,079,4,,,,,,,4,02,7,1,750,112,09,02,140,166,,12,113,,42,,125,6,817241,,,183641,,01,1969,3.0
69IN01963,1966420872,66,2,T0872,4,74,079,2,,,,,,,4,02,7,1,740,096,09,02,127,150,,12,101,,42,,116,5,817241,,,183641,,02,1969,3.0
69IN01964,1966420873,66,2,T0873,4,70,722,2,,,,,,,4,02,2,1,700,125,09,02,158,178,,,088,,42,,102,3,624241,,,909041,,02,1969,3.0
69IN01965,1966420878,66,1,T0878,4,08,081,,,,,,29,,4,02,1,,,,,,173,180,3,,,,42,0812,134,4,857041,,213,571241,,,1969,3.0
69IN01966,1966420879,66,2,T0879,4,74,189,4,,,,,,,4,02,7,1,741,088,09,02,148,176,,16,093,,42,,060,3,874941,,,550341,,02,1969,3.0
69IN01967,1966420885,66,2,T0885,4,74,018,2,,,,,,,4,02,7,1,740,096,08,02,142,168,,12,094,,42,,092,2,932841,,,794941,,02,1969,3.0
69IN01968,1966420888,66,2,T0888,4,78,158,4,,,,,,,4,02,7,1,782,093,12,02,115,145,,04,063,,42,,105,3,921341,,,581041,,02,1969,3.0
69IN01969,1966420889,66,2,T0889,4,77,158,2,,,,,,,4,02,7,1,772,084,09,01,103,130,,04,091,,42,,092,3,921341,,,581041,,01,1969,3.0
69IN01970,1966420890,66,2,T0890,4,76,119,2,,,,,,,4,02,7,1,760,108,11,02,125,144,,03,095,,42,,107,4,790941,,,146041,,02,1969,3.0
69IN01971,1966420899,66,2,T0899,4,73,128,4,,,,,,,4,02,7,1,732,084,10,01,110,135,,01,105,,42,,082,5,922541,,,524741,,01,1969,3.0
69IN01972,1966420903,66,2,T0903,4,75,049,2,,,,,,,4,02,7,1,752,098,11,01,132,140,,12,091,,42,,082,3,879241,,,191841,,01,1969,3.0
69IN01973,1966420908,66,2,T0908,4,72,822,2,,,,,,,4,02,3,1,83,090,12,02,112,120,,,100,,42,,101,3,957741,,,295441,,01,1969,3.0
69IN01974,1966420911,66,2,T0911,4,72,992,2,,,,,,,4,02,3,1,90,099,09,01,150,160,,,080,,42,,108,3,950941,,,549341,,01,1969,3.0
69IN01975,1966420916,66,2,T0916,4,77,099,4,,,,,,,4,02,7,1,770,116,11,02,154,183,,03,099,,42,,111,3,828141,,,841541,,02,1969,3.0
69IN01976,1966420917,66,2,T0917,4,76,099,4,,,,,,,4,02,7,1,760,095,11,01,123,155,,03,098,,42,,106,3,828141,,,841541,,01,1969,3.0
69IN01977,1966420921,66,2,T0921,4,77,158,2,,,,,,,4,02,7,1,770,106,09,01,137,160,,07,101,,42,,103,4,921341,,,791641,,01,1969,3.0
69IN01978,1966420922,66,2,T0922,4,77,098,4,,,,,,,4,02,7,1,771,106,09,01,163,175,,08,089,,42,,103,2,962541,,,823241,,02,1969,3.0
69IN01979,1966420935,66,2,T0935,4,77,139,4,,,,,,,4,02,7,1,770,110,06,01,146,165,,17,097,,42,,095,2,900241,,,962240,,02,1969,3.0
69IN01980,1966420938,66,2,T0938,4,76,149,2,,,,,,,4,02,7,1,,108,09,,169,,7,08,104,,42,1112,114,4,008142,,,536441,,05,1969,3.0
69IN01981,1966420947,66,2,T0947,4,70,722,2,,,,,,,4,02,2,1,701,111,09,02,152,178,,,098,,42,,102,6,624241,,,268141,,01,1969,3.0
69IN01982,1966420951,66,2,T0951,4,72,902,4,,,,,,,4,02,3,1,94,112,09,02,145,160,,,089,,42,,099,4,952541,,,851541,,02,1969,3.0
69IN01983,1966420958,66,2,T0958,4,70,722,4,,,,,,,4,02,2,1,700,087,09,02,133,145,,,098,,42,,091,4,624241,,,846441,,02,1969,3.0
69IN01984,1966420966,66,1,T0966,4,72,822,,,,,,,,4,02,3,,178,,,,240,270,2,,,,42,0927,147,4,957741,,259,897241,,,1969,3.0
69IN01985,1966420969,66,2,T0969,4,78,119,2,,,,,,,4,02,7,1,782,099,09,02,120,148,,14,101,,42,,101,4,790941,,,652141,,03,1969,3.0
69IN01986,1966420972,66,2,T0972,4,07,071,7,,,,,36,,4,02,1,1,072,088,10,02,113,140,,,108,,42,,085,2,817241,,,824341,,,1969,3.0
69IN01987,1966420979,66,2,T0979,4,70,722,4,,,,,,,4,02,2,1,701,093,07,01,126,140,,,100,,42,,093,3,624241,,,613141,,02,1969,3.0
69IN01988,1966420985,66,2,T0985,4,77,129,4,,,,,,,4,02,7,1,772,082,11,02,132,154,,01,089,,42,,064,2,800241,,,664841,,01,1969,3.0
69IN01989,1966420988,66,2,T0988,4,73,179,4,,,,,,,4,02,7,1,731,103,13,07,138,168,,16,085,,42,,105,2,937541,,,785641,,02,1969,3.0
69IN01990,1966420989,66,2,T0989,4,78,179,2,,,,,,,4,02,7,1,,096,13,,148,,7,16,095,,42,1112,083,2,937541,,,785641,,02,1969,3.0
69IN01991,1966420990,66,2,T0990,4,75,168,4,,,,,,,4,02,7,1,751,104,09,02,148,168,,17,113,,42,,124,5,673941,,,644841,,01,1969,3.0
69IN01992,1966420997,66,2,T0997,4,14,142,6,,,,,37,,4,02,1,1,142,105,10,01,127,148,,,101,,42,,111,4,862041,,,603741,,,1969,3.0
69IN01993,1966421002,66,2,T1002,4,75,018,4,,,,,,,4,02,7,1,751,098,09,01,112,140,,07,100,,42,,098,3,932841,,,612141,,02,1969,3.0
69IN01994,1966421003,66,2,T1003,4,77,039,2,,,,,,,4,02,7,1,,093,09,1,138,145,3,11,088,,42,0120,097,3,940541,,,279541,,02,1969,3.0
69IN01995,1966421005,66,2,T1005,4,70,722,,,,,,,,4,02,2,1,700,098,09,02,150,155,,,088,,42,,083,3,624241,,,971241,,,1969,3.0
69IN01996,1966421012,66,2,T1012,4,76,158,2,,,,,,,4,02,7,1,761,110,12,01,132,155,,04,085,,42,,113,4,921341,,,559741,,01,1969,3.0
69IN01997,1966421018,66,2,T1018,4,75,149,4,,,,,,,4,02,7,1,,105,12,,144,,7,08,089,,42,1112,113,3,008142,,,667041,,02,1969,3.0
69IN01998,1966421020,66,2,T1020,4,70,722,2,,,,,,,4,02,2,1,701,105,10,02,137,153,,,094,,42,,107,4,624241,,,558741,,02,1969,3.0
69IN01999,1966421022,66,2,T1022,4,07,072,6,,,,,26,,4,02,1,1,,115,09,11,137,160,3,,104,,42,1201,088,5,880041,,,498441,,,1969,3.0
69IN02000,1966421023,66,2,T1023,4,07,072,7,,,,,26,,4,02,1,1,072,100,07,02,128,152,,,098,,42,,082,3,880041,,,498441,,,1969,3.0
69IN02001,1966421024,66,2,T1024,4,77,059,4,,,,,,,4,02,7,3,770,081,09,02,116,127,,02,088,,42,,075,2,841041,,,426641,,05,1969,3.0
69IN02002,1966421026,66,2,T1026,4,77,118,,,,,,,,4,02,7,1,,098,09,,,,6,14,102,,42,0110,109,3,866441,,,783341,,,1969,3.0
69IN02003,1966421032,66,2,T1032,4,78,119,2,,,,,,,4,02,7,1,780,087,09,02,120,158,,09,096,,42,,097,3,790941,,,837741,,02,1969,3.0
69IN02004,1966421035,66,2,T1035,4,70,712,4,,,,,,,4,02,2,1,,100,09,,113,,3,,096,,42,0630,072,3,771241,,,964741,,01,1969,3.0
69IN02005,1966421036,66,2,T1036,4,74,158,4,,,,,,,4,02,7,1,740,095,09,02,120,134,,04,088,,42,,095,3,921341,,,682041,,01,1969,3.0
69IN02006,1966421043,66,2,T1043,4,76,178,2,,,,,,,4,02,7,1,760,120,10,02,158,168,,16,114,,42,,119,5,881641,,,507941,,02,1969,3.0
69IN02007,1966421046,66,2,T1046,4,76,139,4,,,,,,,4,02,7,1,761,110,09,02,155,170,,10,095,,42,,105,5,900241,,,852541,,02,1969,3.0
69IN02008,1966421056,66,2,T1056,4,08,081,7,,,,,36,,4,02,1,1,082,070,11,02,88,110,,,118,,42,,109,5,857041,,,167941,,,1969,3.0
69IN02009,1966421059,66,2,T1059,4,73,018,2,,,,,,,4,02,7,1,731,098,11,01,130,168,,12,101,,42,,099,2,932841,,,115441,,01,1969,3.0
69IN02010,1966421060,66,2,T1060,4,78,018,2,,,,,,,4,02,7,1,782,098,09,02,126,150,,12,088,,42,,099,4,932841,,,115441,,02,1969,3.0
69IN02011,1966421065,66,2,T1065,4,72,862,2,,,,,,,4,02,3,1,92,089,09,02,115,133,,,085,,42,,083,4,904341,,,908341,,01,1969,3.0
69IN02012,1966421067,66,2,T1067,4,74,019,2,,,,,,,4,02,7,1,741,083,13,01,122,148,,04,104,,42,,118,6,862341,,,144441,,01,1969,3.0
69IN02013,1966421068,66,2,T1068,4,73,019,2,,,,,,,4,02,7,1,732,080,09,01,116,135,,04,095,,42,,106,5,862341,,,144441,,02,1969,3.0
69IN02014,1966421070,66,1,T1070,4,16,161,,,,,,30,,4,02,1,,170,,,,240,250,2,,,,42,1230,140,2,597441,,257,588941,, 1,1969,3.0
69IN02015,1966421077,66,1,T1077,4,70,732,,,,,,,,4,02,2,,169,,,,243,240,2,,,,42,1229,156,4,750241,,278,660041,, 1,1969,3.0
69IN02016,1966421078,66,2,T1078,4,72,912,4,,,,,,,4,02,3,1,81,114,09,01,145,158,,,094,,42,,118,3,964341,,,773941,,02,1969,3.0
69IN02017,1966421081,66,2,T1081,4,70,722,4,,,,,,,4,02,2,1,700,116,09,05,158,165,,,099,,42,,097,4,624241,,,557841,,02,1969,3.0
69IN02018,1966421082,66,1,T1082,4,70,722,,,,,,,,4,02,2,,180,,,,255,285,2,,,,42,0927,123,5,624241,,280,557841,,,1969,3.0
69IN02019,1966421087,66,2,T1087,4,73,148,2,,,,,,,4,02,7,1,,103,10,11,134,115,3,11,094,,42,0120,111,3,862041,,,664641,,02,1969,3.0
69IN02020,1966421092,66,2,T1092,4,75,118,4,,,,,,,4,02,7,1,750,122,10,01,145,170,,08,098,,42,,126,3,866441,,,659041,,02,1969,3.0
69IN02021,1966421094,66,2,T1094,4,74,168,2,,,,,,,4,02,7,1,741,088,09,06,128,140,6,10,110,,42,1001,093,2,673941,,,430741,,05,1969,3.0
69IN02022,1966421095,66,2,T1095,4,73,088,4,,,,,,,4,02,7,1,732,104,10,02,134,150,,14,099,,42,,140,4,789741,,,817741,,02,1969,3.0
69IN02023,1966421101,66,2,T1101,4,78,128,4,,,,,,,4,02,7,3,781,090,09,01,127,150,,15,099,,42,,116,4,922541,,,856541,,02,1969,3.0
69IN02024,1966421104,66,2,T1104,4,70,712,2,,,,,,,4,02,2,1,702,078,09,02,120,133,,,083,,42,,089,3,771241,,,786041,,02,1969,3.0
69IN02025,1966421115,66,2,T1115,4,76,098,4,,,,,,,4,02,7,1,761,120,10,02,158,180,,08,108,,42,,134,4,962541,,,406341,,01,1969,3.0
69IN02026,1966421120,66,2,T1120,4,75,049,2,,,,,,,4,02,7,1,750,102,13,03,143,158,,01,091,,42,,111,3,879241,,,815941,,05,1969,3.0
69IN02027,1966421123,66,2,T1123,4,73,049,4,,,,,,,4,02,7,1,731,091,12,02,120,135,,01,079,,42,,083,3,879241,,,618441,,02,1969,3.0
69IN02028,1966421126,66,2,T1126,4,70,722,4,,,,,,,4,02,2,1,701,107,09,02,145,165,,,099,,42,,126,4,624241,,,701441,,01,1969,3.0
69IN02029,1966421128,66,2,T1128,4,74,088,2,,,,,,,4,02,7,1,741,091,09,01,155,170,,11,099,,42,,110,5,789741,,,182841,,01,1969,3.0
69IN02030,1966421132,66,2,T1132,4,73,099,4,,,,,,,4,02,7,1,731,128,10,01,148,178,,14,082,,42,,114,3,828141,,,796041,,02,1969,3.0
69IN02031,1966421141,66,2,T1141,4,75,148,4,,,,,,,4,02,7,1,751,094,09,01,127,145,,09,097,,42,,105,4,862041,,,640541,,02,1969,3.0
69IN02032,1966421143,66,2,T1143,4,70,722,2,,,,,,,4,02,2,1,,110,09,,135,,6,,102,,42,0805,113,4,624241,,,440041,,02,1969,3.0
69IN02033,1966421145,66,2,T1145,4,77,018,2,,,,,,,4,02,7,1,772,086,09,01,117,140,,04,092,,42,,062,2,932841,,,673441,,02,1969,3.0
69IN02034,1966421146,66,2,T1146,4,76,018,4,,,,,,,4,02,7,1,760,102,09,02,122,166,,04,108,,42,,079,3,932841,,,673441,,02,1969,3.0
69IN02035,1966421154,66,2,T1154,4,76,079,2,,,,,,,4,02,7,1,760,107,09,02,136,163,,15,105,,42,,129,4,817241,,,068841,,02,1969,3.0
69IN02036,1966421167,66,2,T1167,4,77,099,4,,,,,,,4,02,7,1,772,118,09,02,161,190,,11,098,,42,,133,4,828141,,,793241,,02,1969,3.0
69IN02037,1966421171,66,2,T1171,4,75,089,2,,,,,,,4,02,7,1,751,101,09,02,149,150,,09,086,,42,,114,2,857041,,,860141,,04,1969,3.0
69IN02038,1966421180,66,2,T1180,4,70,732,2,,,,,,,4,02,2,1,,119,09,12,158,144,3,,084,,42,0120,104,2,750241,,,191641,,02,1969,3.0
69IN02039,1966421181,66,2,T1181,4,78,189,4,,,,,,,4,02,7,1,782,098,10,01,125,155,,17,089,,42,,113,4,874941,,,161641,,01,1969,3.0
69IN02040,1966421184,66,2,T1184,4,70,722,4,,,,,,,4,02,2,1,700,110,08,02,142,167,,,096,,42,,094,4,624241,,,415541,,02,1969,3.0
69IN02041,1966421187,66,2,T1187,4,74,179,4,,,,,,,4,02,7,1,740,102,11,02,140,160,,18,102,,42,,087,3,937541,,,323541,,02,1969,3.0
69IN02042,1966421195,66,2,T1195,4,78,149,4,,,,,,,4,02,7,1,780,095,12,02,146,165,,03,096,,42,,088,3,008142,,,424641,,02,1969,3.0
69IN02043,1966421201,66,2,T1201,4,76,158,2,,,,,,,4,02,7,1,762,073,15,,96,138,,01,090,,42,,063,3,921341,,,146641,,01,1969,3.0
69IN02044,1966421206,66,2,T1206,4,76,158,2,,,,,,,4,02,7,1,760,091,11,02,123,158,,07,090,,42,,103,3,921341,,,792541,,02,1969,3.0
69IN02045,1966421207,66,2,T1207,4,75,158,4,,,,,,,4,02,7,1,752,114,10,02,158,180,,07,110,,42,,109,5,921341,,,792541,,01,1969,3.0
69IN02046,1966421218,66,2,T1218,4,75,118,4,,,,,,,4,02,7,1,751,113,12,02,155,175,,03,103,,42,,100,4,866441,,,493641,,01,1969,3.0
69IN02047,1966421221,66,2,T1221,4,72,842,2,,,,,,,4,02,3,1,84,096,10,01,119,133,,,087,,42,,112,3,937041,,,583441,,01,1969,3.0
69IN02048,1966421222,66,2,T1222,4,75,048,2,,,,,,,4,02,7,1,,094,09,02,140,123,3,07,085,,42,0929,109,4,787941,,,427041,,01,1969,3.0
69IN02049,1966421224,66,2,T1224,4,72,992,4,,,,,,,4,02,3,1,86,104,09,05,146,158,,,096,,42,,090,3,950941,,,723941,,02,1969,3.0
69IN02050,1966421228,66,2,T1228,4,70,722,4,,,,,,,4,02,2,1,701,097,07,02,133,155,,,092,,42,,100,2,624241,,,554241,,02,1969,3.0
69IN02051,1966421231,66,2,T1231,4,73,169,2,,,,,,,4,02,7,1,732,120,11,01,165,180,,10,098,,42,,128,3,597441,,,251941,,01,1969,3.0
69IN02052,1966421244,66,2,T1244,4,76,058,4,,,,,,,4,02,7,1,761,093,10,01,108,140,,02,098,,42,,099,3,713941,,,274441,,02,1969,3.0
69IN02053,1966421246,66,2,T1246,4,75,058,2,,,,,,,4,02,7,1,751,092,08,01,112,150,,02,092,,42,,090,3,713941,,,274441,,02,1969,3.0
69IN02054,1966421247,66,2,T1247,4,74,019,2,,,,,,,4,02,7,1,742,088,09,01,150,155,,07,100,,42,,080,3,862341,,,504741,,02,1969,3.0
69IN02055,1966421248,66,2,T1248,4,73,019,4,,,,,,,4,02,7,1,730,096,10,01,135,160,,07,095,,42,,089,5,862341,,,504741,,01,1969,3.0
69IN02056,1966421249,66,2,T1249,4,72,952,4,,,,,,,4,02,3,1,88,096,09,02,116,138,,,086,,42,,106,4,889541,,,778741,,02,1969,3.0
69IN02057,1966421252,66,2,T1252,4,70,712,4,,,,,,,4,02,2,1,,092,06,03,127,153,3,,094,,42,0120,097,3,771241,,,706141,,02,1969,3.0
69IN02058,1966421263,66,2,T1263,4,77,098,2,,,,,,,4,02,7,1,770,100,10,02,150,178,,14,095,,42,,114,4,962541,,,331041,,02,1969,3.0
69IN02059,1966421264,66,2,T1264,4,76,189,2,,,,,,,4,02,7,1,761,099,10,01,136,182,,17,099,,42,,118,4,874941,,,797041,,02,1969,3.0
69IN02060,1966421268,66,2,T1268,4,78,209,4,,,,,,,4,02,7,1,,076,10,12,107,150,3,05,094,,42,0127,075,2,250748,,,995140,,02,1969,3.0
69IN02061,1966421276,66,2,T1276,4,74,089,4,,,,,,,4,02,7,1,,113,09,16,145,137,3,09,099,,42,0929,122,3,857041,,,550641,,01,1969,3.0
69IN02062,1966421280,66,2,T1280,4,72,802,2,,,,,,,4,02,3,1,96,097,09,02,143,160,,,072,,42,,103,3,882441,,,965141,,01,1969,3.0
69IN02063,1966421282,66,2,T1282,4,74,098,2,,,,,,,4,02,7,1,742,124,09,02,156,170,,03,090,,42,,101,4,962541,,,255641,,01,1969,3.0
69IN02064,1966421289,66,2,T1289,4,73,078,2,,,,,,,4,02,7,1,730,105,08,02,140,157,,12,108,,42,,095,4,880041,,,835141,,02,1969,3.0
69IN02065,1966421307,66,2,T1307,4,76,139,4,,,,,,,4,02,7,1,762,082,09,02,116,140,,17,086,,42,,083,3,900241,,,497441,,02,1969,3.0
69IN02066,1966421308,66,2,T1308,4,75,139,4,,,,,,,4,02,7,1,752,093,08,01,126,154,,17,084,,42,,076,3,900241,,,497441,,01,1969,3.0
69IN02067,1966421316,66,2,T1316,4,74,139,2,,,,,,,4,02,7,1,740,111,09,02,130,153,,16,101,,42,,115,4,900241,,,589841,,02,1969,3.0
69IN02068,1966421318,66,1,T1318,4,70,732,,,,,,,,4,02,2,,180,,,,220,240,2,,,,42,0927,140,3,750241,,258,550741,,,1969,3.0
69IN02069,1966421320,66,2,T1320,4,78,168,2,,,,,,,4,02,7,1,780,093,08,04,145,168,,10,076,,42,,080,2,673941,,,780341,,02,1969,3.0
69IN02070,1966421321,66,2,T1321,4,76,168,4,,,,,,,4,02,7,1,762,101,08,02,143,180,,10,083,,42,,094,3,673941,,,780341,,02,1969,3.0
69IN02071,1966421322,66,2,T1322,4,75,188,4,,,,,,,4,02,7,1,752,092,11,02,128,162,,13,105,,42,,119,5,959641,,,869441,,02,1969,3.0
69IN02072,1966421331,66,1,T1331,4,72,822,,,,,,,,4,02,3,,,,,,245,265,3,,,,42,0812,090,3,957741,,253,735841,,,1969,3.0
69IN02073,1966421338,66,2,T1338,4,73,168,2,,,,,,,4,02,7,1,730,098,07,02,127,158,,13,119,,42,,086,5,673941,,,376241,,02,1969,3.0
69IN02074,1966421342,66,2,T1342,4,77,158,4,,,,,,,4,02,7,1,771,092,11,01,132,130,,12,084,,42,,091,2,921341,,,672041,,01,1969,3.0
69IN02075,1966421343,66,2,T1343,4,76,179,4,,,,,,,4,02,7,1,761,094,10,02,132,162,,10,067,,42,,069,2,937541,,,547941,,01,1969,3.0
69IN02076,1966421344,66,2,T1344,4,75,179,4,,,,,,,4,02,7,1,752,122,09,02,175,195,,10,079,,42,,101,2,937541,,,547941,,02,1969,3.0
69IN02077,1966421346,66,2,T1346,4,72,962,4,,,,,,,4,02,3,1,97,086,11,02,110,130,,,086,,42,,083,3,935841,,,948141,,02,1969,3.0
69IN02078,1966421355,66,2,T1355,4,70,712,2,,,,,,,4,02,2,3, 28,111,07,02,168,175,2,,099,,42,0927,082,3,771241,,,691841,,02,1969,3.0
69IN02079,1966421360,66,2,T1360,4,78,089,4,,,,,,,4,02,7,1,780,100,10,03,185,178,,14,083,,42,,111,2,857041,,,545041,,02,1969,3.0
69IN02080,1966421361,66,2,T1361,4,75,108,2,,,,,,,4,02,7,1,752,108,06,02,135,158,,17,084,,42,,073,2,886441,,,488941,,01,1969,3.0
69IN02081,1966421362,66,2,T1362,4,74,108,2,,,,,,,4,02,7,1,740,113,10,02,150,170,,17,095,,42,,084,4,886441,,,488941,,02,1969,3.0
69IN02082,1966421370,66,2,T1370,4,78,129,4,,,,,,,4,02,7,1,782,095,10,05,117,145,,07,091,,42,,098,3,800241,,,858841,,02,1969,3.0
69IN02083,1966421372,66,2,T1372,4,76,038,4,,,,,,,4,02,7,1,762,092,09,05,140,165,6,08,097,,42,1217,114,4,924841,,,579641,,02,1969,3.0
69IN02084,1966421373,66,2,T1373,4,75,038,4,,,,,,,4,02,7,1,751,085,13,02,113,138,,08,089,,42,,099,2,924841,,,579641,,05,1969,3.0
69IN02085,1966421382,66,2,T1382,4,77,119,2,,,,,,,4,02,7,1,771,099,10,02,130,145,,09,100,,42,,085,2,790941,,,325341,,02,1969,3.0
69IN02086,1966421385,66,2,T1385,4,75,078,2,,,,,,,4,02,7,1, 28,106,10,02,135,140,2,15,097,,42,0927,107,3,880041,,,818141,,01,1969,3.0
69IN02087,1966421387,66,2,T1387,4,76,079,2,,,,,,,4,02,7,1,761,095,10,01,123,148,,04,088,,42,,092,3,817241,,,610141,,02,1969,3.0
69IN02088,1966421388,66,2,T1388,4,74,039,4,,,,,,,4,02,7,1,740,085,11,02,138,158,,14,094,,42,,073,4,940541,,,824041,,01,1969,3.0
69IN02089,1966421394,66,2,T1394,4,78,188,,,,,,,,4,02,7,1,780,113,10,02,158,185,,10,071,,42,,071,2,959641,,,841641,,,1969,3.0
69IN02090,1966421397,66,2,T1397,4,72,962,2,,,,,,,4,02,3,1,98,090,10,01,144,144,,,077,,42,,082,3,935841,,,709941,,02,1969,3.0
69IN02091,1966421398,66,2,T1398,4,72,962,4,,,,,,,4,02,3,1,99,093,08,01,130,146,,,088,,42,,091,5,935841,,,709941,,01,1969,3.0
69IN02092,1966421405,66,2,T1405,4,74,049,4,,,,,,,4,02,7,1,742,075,12,02,105,145,,12,088,,42,,080,2,879241,,,506441,,02,1969,3.0
69IN02093,1966421410,66,2,T1410,4,72,862,2,,,,,,,4,02,3,1,80,108,10,01,153,175,6,,099,,42,1109,111,3,904341,,,403541,,02,1969,3.0
69IN02094,1966421424,66,2,T1424,4,73,049,2,,,,,,,4,02,7,1,732,110,10,01,150,155,,15,093,,42,,101,3,879241,,,806241,,02,1969,3.0
69IN02095,1966421425,66,2,T1425,4,74,168,2,,,,,,,4,02,7,1,742,096,09,02,148,166,,17,102,,42,,087,5,673941,,,832941,,02,1969,3.0
69IN02096,1966421428,66,2,T1428,4,72,862,4,,,,,,,4,02,3,1,82,096,09,02,138,160,,,093,,42,,071,2,904341,,,757141,,02,1969,3.0
69IN02097,1966421430,66,2,T1430,4,70,712,4,,,,,,,4,02,2,1,702,108,08,01,166,188,,,088,,42,,098,2,771241,,,375141,,02,1969,3.0
69IN02098,1966421431,66,2,T1431,4,74,048,4,,,,,,,4,02,7,1,740,093,09,02,120,143,,07,095,,42,,108,3,787941,,,822441,,02,1969,3.0
69IN02099,1966421432,66,2,T1432,4,78,048,2,,,,,,,4,02,7,1,782,084,11,02,115,136,,07,094,,42,,113,6,787941,,,822441,,02,1969,3.0
69IN02100,1966421434,66,2,T1434,4,75,099,4,,,,,,,4,02,7,1,752,111,09,02,160,190,,08,088,,42,,122,3,828141,,,817641,,02,1969,3.0
69IN02101,1966421436,66,2,T1436,4,75,158,4,,,,,,,4,02,7,1,750,102,10,01,122,155,,01,093,,42,,104,4,921341,,,807541,,02,1969,3.0
69IN02102,1966421437,66,2,T1437,4,77,178,4,,,,,,,4,02,7,1,770,097,12,02,145,170,,13,081,,42,,107,3,881641,,,299141,,02,1969,3.0
69IN02103,1966421440,66,2,T1440,4,72,842,2,,,,,,,4,02,3,1,,074,10,,,,6,,088,,42,0131,078,4,937041,,,363741,,01,1969,3.0
69IN02104,1966421451,66,2,T1451,4,75,078,2,,,,,,,4,02,7,1,751,107,11,02,120,185,,04,088,,42,,106,3,880041,,,601241,,02,1969,3.0
69IN02105,1966421453,66,2,T1453,4,76,158,2,,,,,,,4,02,7,1,761,102,10,02,122,147,,12,096,,42,,076,2,921341,,,987240,,02,1969,3.0
69IN02106,1966421458,66,2,T1458,4,73,139,4,,,,,,,4,02,7,1,731,094,09,02,126,140,,18,099,,42,,087,3,900241,,,877141,,02,1969,3.0
69IN02107,1966421459,66,2,T1459,4,77,078,2,,,,,,,4,02,7,1,772,095,08,01,140,145,,01,079,,42,,079,2,880041,,,828041,,01,1969,3.0
69IN02108,1966421466,66,2,T1466,4,76,098,2,,,,,,,4,02,7,1,761,108,10,,150,,,14,096,,42,,109,3,962541,,,519041,,01,1969,3.0
69IN02109,1966421467,66,2,T1467,4,75,098,2,,,,,,,4,02,7,1,750,110,09,01,173,200,,14,108,,42,,108,5,962541,,,519041,,02,1969,3.0
69IN02110,1966421470,66,2,T1470,4,75,018,4,,,,,,,4,02,7,1,752,084,12,02,133,155,,04,087,,42,,083,3,932841,,,853541,,04,1969,3.0
69IN02111,1966421471,66,2,T1471,4,73,158,4,,,,,,,4,02,7,1,731,078,13,01,112,145,,04,091,,42,,097,3,921341,,,877341,,01,1969,3.0
69IN02112,1966421475,66,2,T1475,4,73,048,2,,,,,,,4,02,7,1,730,073,12,02,123,135,,12,101,,42,,102,4,787941,,,438841,,01,1969,3.0
69IN02113,1966421476,66,2,T1476,4,73,128,4,,,,,,,4,02,7,1,730,088,09,01,120,122,,04,096,,42,,089,3,922541,,,878941,,01,1969,3.0
69IN02114,1966421478,66,2,T1478,4,73,179,4,,,,,,,4,02,7,1,732,089,08,02,135,148,,18,080,,42,,070,2,937541,,,595641,,02,1969,3.0
69IN02115,1966421479,66,2,T1479,4,70,732,2,,,,,,,4,02,2,1,702,118,08,05,140,184,,,090,,42,,125,4,750241,,,430541,,02,1969,3.0
69IN02116,1966421488,66,2,T1488,4,70,722,2,,,,,,,4,02,2,1,,115,12,,155,,7,,101,,42,1112,083,3,624241,,,973541,,02,1969,3.0
69IN02117,1966421490,66,2,T1490,4,70,732,4,,,,,,,4,02,2,1,,110,11,06,133,167,3,,102,,42,0120,107,3,750241,,,789641,,02,1969,3.0
69IN02118,1966421500,66,2,T1500,4,78,048,2,,,,,,,4,02,7,1,780,092,09,01,116,140,,01,108,,42,,105,6,787941,,,246441,,02,1969,3.0
69IN02119,1966421504,66,2,T1504,4,77,108,4,,,,,,,4,02,7,1,771,086,09,02,125,155,,13,088,,42,,069,3,886441,,,783141,,02,1969,3.0
69IN02120,1966421505,66,2,T1505,4,70,732,2,,,,,,,4,02,2,1,,105,09,08,143,160,3,,098,,42,0929,093,3,750241,,,945641,,02,1969,3.0
69IN02121,1966421507,66,2,T1507,4,70,732,2,,,,,,,4,02,2,1, 28,126,09,01,185,200,2,,088,,42,0927,095,3,750241,,,728341,,02,1969,3.0
69IN02122,1966421514,66,2,T1514,4,70,732,4,,,,,,,4,02,2,1,702,118,11,05,160,185,,,089,,42,,102,4,750241,,,571541,,05,1969,3.0
69IN02123,1967421522,67,2,T1522,4,75,08,1,,,,,,3,3,02,7,1,750,120,10,01,145,170,,82,105,060,42,,148,3,968541,,,893241,,02,1969,2.0
69IN02124,1967421527,67,2,T1527,4,74,08,2,,,,,,3,3,02,7,1,742,118,09,02,142,155,,82,103,049,42,,114,3,968541,,,911641,,02,1969,2.0
69IN02125,1967421528,67,2,T1528,4,74,03,2,,,,,,1,3,02,7,1,740,125,08,02,148,178,,82,108,059,42,,132,5,743641,,,963741,,01,1969,2.0
69IN02126,1967421529,67,2,T1529,4,73,567,3,,,,,,1,3,02,7,1,730,125,08,01,156,172,,82,102,059,42,,146,4,778841,,,975341,,01,1969,2.0
69IN02127,1967421530,67,2,T1530,4,77,566,3,,,,,,1,3,02,7,1,772,108,07,02,133,148,,82,102,050,42,,116,4,778841,,,977741,,02,1969,2.0
69IN02128,1967421531,67,2,T1531,4,75,03,2,,,,,,1,3,02,7,1,752,122,07,03,155,170,,14,115,053,42,,116,4,743641,,,884941,,01,1969,2.0
69IN02129,1967421532,67,2,T1532,4,76,02,4,,,,,,1,3,02,7,1,761,115,07,01,125,142,,82,094,048,42,,112,3,880041,,,903041,,01,1969,2.0
69IN02130,1967421537,67,2,T1537,4,76,01,1,,,,,,3,3,02,7,1,760,112,08,02,150,168,,82,104,058,42,,135,3,980341,,,883641,,01,1969,2.0
69IN02131,1967421539,67,2,T1539,4,77,556,2,,,,,,1,3,02,7,1,772,102,09,02,132,153,,82,120,066,42,,144,5,862341,,,063942,,01,1969,2.0
69IN02132,1967421546,67,1,T1546,4,83,,,,,,,,,3,02,,,194,,,,184,215,2,,,,42,0927,,,    41,,244,    41,,,1969,2.0
69IN02133,1967421548,67,2,T1548,4,73,01,3,,,,,,2,3,02,7,1,732,092,11,01,122,133,,82,091,040,42,,084,5,980341,,,887041,,02,1969,2.0
69IN02134,1967421549,67,2,T1549,4,78,01,1,,,,,,2,3,02,7,1,781,089,07,02,130,126,,82,117,042,42,,091,4,980341,,,887041,,01,1969,2.0
69IN02135,1967421551,67,2,T1551,4,74,05,3,,,,,,2,3,02,7,1,742,080,09,01,103,133,,82,111,055,42,,124,5,014542,,,945041,,02,1969,2.0
69IN02136,1967421553,67,2,T1553,4,76,05,2,,,,,,1,3,02,7,1,762,120,09,02,146,174,,82,112,062,42,,133,5,014542,,,901541,,02,1969,2.0
69IN02137,1967421554,67,2,T1554,4,77,566,3,,,,,,3,3,02,7,1,770,112,07,02,125,158,,82,109,056,42,,130,4,778841,,,057042,,02,1969,2.0
69IN02138,1967421556,67,1,T1556,4,83,567,,,,,,,2,3,02,7,1,155,153,06,,178,205,2,82,115,060,42,1215,132,4,778841,,248,021442,, 1,1969,2.0
69IN02139,1967421559,67,2,T1559,4,78,557,1,,,,,,2,3,02,7,1,780,117,10,02,160,168,,82,107,049,42,,108,3,862341,,,985041,,02,1969,2.0
69IN02140,1967421563,67,2,T1563,4,77,05,2,,,,,,2,3,02,7,1,771,103,08,01,120,153,,82,118,062,42,,128,5,014542,,,942741,,02,1969,2.0
69IN02141,1967421565,67,2,T1565,4,73,567,1,,,,,,2,3,02,7,1,731,110,06,02,145,167,,82,108,062,42,,151,4,778841,,,015342,,02,1969,2.0
69IN02142,1967421568,67,2,T1568,4,74,556,4,,,,,,2,3,02,7,1,741,093,09,01,110,130,,82,118,057,42,,111,5,862341,,,018042,,01,1969,2.0
69IN02143,1967421572,67,2,T1572,4,78,03,1,,,,,,3,3,02,7,1,782,112,07,06,117,148,,82,093,046,42,,109,3,743641,,,889141,,01,1969,2.0
69IN02144,1967421574,67,2,T1574,4,75,05,4,,,,,,1,3,02,7,1,751,117,06,02,155,170,,82,117,067,42,,143,5,014542,,,901941,,02,1969,2.0
69IN02145,1967421576,67,2,T1576,4,77,02,2,,,,,,2,3,02,7,1,772,115,07,02,132,155,,82,099,053,42,,128,3,880041,,,886641,,02,1969,2.0
69IN02146,1967421581,67,2,T1581,4,75,566,1,,,,,,1,3,02,7,1, 27,108,08,02,143,158,2,82,103,045,42,0927,107,3,778841,,,996441,,02,1969,2.0
69IN02147,1967421582,67,2,T1582,4,74,576,3,,,,,,3,3,02,7,1,,092,07,13,120,126,3,82,112,055,42,0929,127,4,986141,,,990741,,01,1969,2.0
69IN02148,1967421584,67,2,T1584,4,77,597,1,,,,,,2,3,02,7,1,772,090,09,01,120,169,,82,098,050,42,,122,3,802441,,,010342,,02,1969,2.0
69IN02149,1967421585,67,2,T1585,4,73,567,1,,,,,,1,3,02,7,1,732,097,08,02,130,138,,82,088,042,42,,098,3,778841,,,050642,,05,1969,2.0
69IN02150,1967421588,67,2,T1588,4,77,596,1,,,,,,1,3,02,7,1,770,091,10,02,126,158,,82,106,061,42,,137,5,802441,,,029342,,01,1969,2.0
69IN02151,1967421591,67,2,T1591,4,78,567,2,,,,,,1,3,02,7,1,782,105,07,02,135,155,,82,122,064,42,,135,5,778841,,,019142,,01,1969,2.0
69IN02152,1967421593,67,2,T1593,4,77,01,3,,,,,,2,3,02,7,1,771,098,09,02,132,154,,82,111,054,42,,120,4,980341,,,917141,,02,1969,2.0
69IN02153,1967421594,67,2,T1594,4,76,01,4,,,,,,2,3,02,7,1,761,115,06,02,158,170,,82,105,060,42,,133,5,980341,,,917141,,01,1969,2.0
69IN02154,1967421595,67,2,T1595,4,76,08,3,,,,,,1,3,02,7,1,761,136,12,04,150,177,,82,107,067,42,,156,5,968541,,,917241,,01,1969,2.0
69IN02155,1967421598,67,2,T1598,4,73,03,2,,,,,,2,3,02,7,1,732,083,05,01,108,142,,82,099,046,42,,106,4,743641,,,907341,,05,1969,2.0
69IN02156,1967421599,67,2,T1599,4,74,556,4,,,,,,1,3,02,7,1,742,101,09,02,130,153,,82,105,058,42,,141,4,862341,,,981741,,02,1969,2.0
69IN02157,1967421603,67,2,T1603,4,75,596,1,,,,,,1,3,02,7,1,752,087,09,02,122,143,,82,110,053,42,,121,4,802441,,,006542,,01,1969,2.0
69IN02158,1967421604,67,2,T1604,4,74,567,3,,,,,,2,3,02,7,1,741,102,08,02,132,148,,82,109,056,42,,131,3,778841,,,978941,,02,1969,2.0
69IN02159,1967421605,67,2,T1605,4,78,567,2,,,,,,2,3,02,7,1,780,126,05,02,140,140,,82,105,052,42,,120,3,778841,,,978941,,01,1969,2.0
69IN02160,1967421607,67,2,T1607,4,75,08,1,,,,,,1,3,02,7,1,751,122,08,02,148,150,,82,101,065,42,,158,5,968541,,,966841,,02,1969,2.0
69IN02161,1967421610,67,2,T1610,4,78,556,4,,,,,,2,3,02,7,1,781,090,10,02,128,148,,82,118,053,42,,115,4,862341,,,020242,,02,1969,2.0
69IN02162,1967421613,67,2,T1613,4,74,556,3,,,,,,1,3,02,7,1,740,101,10,02,123,148,,82,114,048,42,,105,4,862341,,,006242,,02,1969,2.0
69IN02163,1967421616,67,2,T1616,4,73,08,2,,,,,,1,3,02,7,1,732,116,10,02,141,166,,82,108,067,42,,164,4,968541,,,955741,,01,1969,2.0
69IN02164,1967421617,67,2,T1617,4,73,06,2,,,,,,1,3,02,7,1,732,108,09,02,125,150,,82,110,059,42,,138,3,130042,,,892741,,02,1969,2.0
69IN02165,1967421622,67,2,T1622,4,76,02,4,,,,,,2,3,02,7,1,762,101,11,03,145,166,,82,089,050,42,,130,2,880041,,,887541,,05,1969,2.0
69IN02166,1967421623,67,2,T1623,4,77,07,4,,,,,,2,3,02,7,1,771,098,08,01,125,149,,13,101,051,42,,116,2,056242,,,957641,,02,1969,2.0
69IN02167,1967421625,67,2,T1625,4,78,07,3,,,,,,1,3,02,7,1,781,122,09,01,133,177,,82,127,066,42,,148,4,056242,,,909941,,01,1969,2.0
69IN02168,1967421626,67,2,T1626,4,73,05,1,,,,,,2,3,02,7,1,730,100,08,01,103,133,,82,099,055,42,,131,4,014542,,,965241,,01,1969,2.0
69IN02169,1967421627,67,2,T1627,4,78,05,1,,,,,,2,3,02,7,1,780,109,10,02,128,145,,82,108,043,42,,088,2,014542,,,965241,,01,1969,2.0
69IN02170,1967421628,67,2,T1628,4,75,07,2,,,,,,3,3,02,7,1,751,120,08,02,150,157,,02,104,051,42,,113,2,056242,,,955941,,02,1969,2.0
69IN02171,1967421630,67,2,T1630,4,77,566,4,,,,,,1,3,02,7,1,771,102,06,05,135,140,,82,106,049,42,,113,4,778841,,,025242,,01,1969,2.0
69IN02172,1967421636,67,2,T1636,4,74,02,4,,,,,,2,3,02,7,1,741,096,10,01,108,122,,04,112,054,42,,111,5,880041,,,921641,,01,1969,2.0
69IN02173,1967421639,67,1,T1639,4,83,01,,,,,,,1,3,02,7,1,167,165,07,,185,233,2,82,096,071,42,1227,181,3,980341,,245,960941,, 1,1969,2.0
69IN02174,1967421641,67,2,T1641,4,74,08,1,,,,,,3,3,02,7,1,740,107,09,02,145,147,,82,106,057,42,,134,4,968541,,,937841,,01,1969,2.0
69IN02175,1967421643,67,2,T1643,4,77,08,3,,,,,,3,3,02,7,1,,108,09,,101,,7,82,126,071,42,1112,156,6,968541,,,893041,,02,1969,2.0
69IN02176,1967421651,67,1,T1651,4,83,02,,,,,,,2,3,02,7,1,158,155,09,,205,225,2,82,107,071,42,1218,175,4,880041,,253,974141,, 1,1969,2.0
69IN02177,1967421655,67,2,T1655,4,76,607,4,,,,,,1,3,02,7,1,761,106,08,01,135,154,,82,105,045,42,,100,3,023042,,,016642,,01,1969,2.0
69IN02178,1967421662,67,2,T1662,4,75,08,2,,,,,,2,3,02,7,1, 27,111,05,02,140,163,2,82,099,051,42,0927,119,3,968541,,,918441,,01,1969,2.0
69IN02179,1967421663,67,2,T1663,4,77,05,1,,,,,,1,3,02,7,1,772,110,08,01,120,142,,82,112,059,42,,122,5,014542,,,944341,,02,1969,2.0
69IN02180,1967421664,67,2,T1664,4,76,606,2,,,,,,2,3,02,7,1,762,115,08,02,145,152,,82,116,040,42,,083,4,023042,,,027342,,01,1969,2.0
69IN02181,1967421668,67,2,T1668,4,76,01,1,,,,,,1,3,02,7,1,762,106,09,02,140,166,,82,084,047,42,,112,2,980341,,,919341,,01,1969,2.0
69IN02182,1967421670,67,2,T1670,4,78,05,2,,,,,,2,3,02,7,1,781,098,09,02,135,160,,82,123,072,42,,159,5,014542,,,969041,,02,1969,2.0
69IN02183,1967421671,67,2,T1671,4,77,05,1,,,,,,2,3,02,7,1,770,107,09,02,131,170,,82,111,067,42,,153,5,014542,,,969041,,01,1969,2.0
69IN02184,1967421674,67,2,T1674,4,75,02,1,,,,,,1,3,02,7,1,750,121,06,01,123,158,,82,100,054,42,,132,3,880041,,,886941,,01,1969,2.0
69IN02185,1967421677,67,2,T1677,4,77,577,2,,,,,,1,3,02,7,1,772,116,06,01,148,170,,82,096,047,42,,102,2,986141,,,982541,,01,1969,2.0
69IN02186,1967421681,67,2,T1681,4,77,08,2,,,,,,2,3,02,7,1,772,122,09,02,150,175,,82,095,048,42,,115,4,968541,,,961841,,02,1969,2.0
69IN02187,1967421688,67,2,T1688,4,78,607,2,,,,,,2,3,02,7,1,781,103,05,01,140,160,,82,099,051,42,,123,3,023042,,,993041,,01,1969,2.0
69IN02188,1967421689,67,2,T1689,4,74,576,2,,,,,,1,3,02,7,1,740,096,11,01,118,150,,82,099,046,42,,104,4,986141,,,060742,,01,1969,2.0
69IN02189,1967421694,67,2,T1694,4,76,02,4,,,,,,1,3,02,7,1,760,110,08,01,123,155,,01,091,046,42,,114,3,880041,,,931941,,01,1969,2.0
69IN02190,1967421696,67,2,T1696,4,76,05,3,,,,,,3,3,02,7,1,760,074,09,01,95,123,,16,096,040,42,,092,4,014542,,,906041,,01,1969,2.0
69IN02191,1967421697,67,2,T1697,4,73,08,2,,,,,,1,3,02,7,1,730,115,13,01,144,168,,82,111,070,42,,164,5,968541,,,955341,,01,1969,2.0
69IN02192,1967421698,67,2,T1698,4,74,07,1,,,,,,1,3,02,7,1,741,120,07,01,125,162,,82,127,055,42,,116,4,056242,,,912641,,01,1969,2.0
69IN02193,1967421702,67,2,T1702,4,74,05,4,,,,,,1,3,02,7,1,740,120,07,01,144,160,,82,120,066,42,,139,6,014542,,,930141,,02,1969,2.0
69IN02194,1967421710,67,2,T1710,4,74,596,3,,,,,,1,3,02,7,1,742,095,07,01,125,162,,82,099,043,42,,092,2,802441,,,991541,,01,1969,2.0
69IN02195,1967421714,67,2,T1714,4,73,577,3,,,,,,2,3,02,7,1,730,097,06,02,110,140,,82,101,039,42,,090,3,986141,,,026242,,02,1969,2.0
69IN02196,1967421718,67,2,T1718,4,76,596,2,,,,,,1,3,02,7,1,760,100,08,02,120,140,,82,115,068,42,,163,4,802441,,,987341,,02,1969,2.0
69IN02197,1967421721,67,2,T1721,4,76,576,1,,,,,,1,3,02,7,1,760,098,08,01,128,158,,82,107,047,42,,105,3,986141,,,998441,,01,1969,2.0
69IN02198,1967421724,67,2,T1724,4,74,566,3,,,,,,2,3,02,7,1,742,091,07,02,128,143,,82,104,036,42,,078,4,778841,,,984941,,01,1969,2.0
69IN02199,1967421725,67,2,T1725,4,75,607,4,,,,,,1,3,02,7,1,750,092,09,01,117,155,,82,106,051,42,,119,3,023042,,,999541,,05,1969,2.0
69IN02200,1967421729,67,2,T1729,4,77,03,3,,,,,,1,3,02,7,1,770,116,07,02,123,150,,82,133,062,42,,114,5,743641,,,953841,,01,1969,2.0
69IN02201,1967421730,67,2,T1730,4,74,02,3,,,,,,1,3,02,7,1,742,110,05,01,108,130,,82,093,050,42,,119,2,880041,,,944041,,01,1969,2.0
69IN02202,1967421733,67,2,T1733,4,78,08,4,,,,,,3,3,02,7,1,782,135,10,01,158,185,,07,105,047,42,,134,4,968541,,,942441,,01,1969,2.0
69IN02203,1967421734,67,2,T1734,4,75,02,3,,,,,,1,3,02,7,1,751,113,07,02,132,145,,82,104,045,42,,105,3,880041,,,974341,,02,1969,2.0
69IN02204,1967421735,67,2,T1735,4,76,576,4,,,,,,1,3,02,7,1,761,103,08,02,135,170,,82,099,058,42,,145,3,986141,,,025042,,02,1969,2.0
69IN02205,1967421736,67,2,T1736,4,74,03,4,,,,,,1,3,02,7,1,741,117,09,02,140,163,,82,120,074,42,,165,6,743641,,,915741,,02,1969,2.0
69IN02206,1967421745,67,2,T1745,4,75,03,3,,,,,,1,3,02,7,1,750,123,06,01,130,155,,82,105,066,42,,149,5,743641,,,932441,,01,1969,2.0
69IN02207,1967421749,67,2,T1749,4,73,576,4,,,,,,2,3,02,7,1,731,100,08,01,124,160,,82,096,038,42,,089,3,986141,,,981341,,02,1969,2.0
69IN02208,1967421750,67,2,T1750,4,77,576,3,,,,,,2,3,02,7,1,770,097,07,02,113,132,,82,087,040,42,,091,2,986141,,,981341,,02,1969,2.0
69IN02209,1967421753,67,2,T1753,4,75,06,2,,,,,,2,3,02,7,1,752,068,11,02,105,136,,82,106,043,42,,085,2,130042,,,943241,,01,1969,2.0
69IN02210,1967421754,67,2,T1754,4,76,557,1,,,,,,1,3,02,7,1,762,115,09,02,140,160,,82,104,054,42,,126,4,862341,,,019542,,01,1969,2.0
69IN02211,1967421756,67,2,T1756,4,75,07,1,,,,,,2,3,02,7,1,752,120,10,01,128,154,,82,127,064,42,,142,4,056242,,,941141,,01,1969,2.0
69IN02212,1967421758,67,2,T1758,4,76,606,4,,,,,,2,3,02,7,1,760,098,09,02,128,148,,82,106,042,42,,094,4,023042,,,062342,,01,1969,2.0
69IN02213,1967421762,67,2,T1762,4,77,557,3,,,,,,1,3,02,7,1,770,102,09,01,125,140,,82,110,058,42,,133,4,862341,,,044142,,01,1969,2.0
69IN02214,1967421767,67,2,T1767,4,73,02,4,,,,,,1,3,02,7,1,,119,08,,,,6,82,090,044,42,0512,111,3,880041,,,915841,,01,1969,2.0
69IN02215,1967421770,67,2,T1770,4,78,06,2,,,,,,2,3,02,7,1,782,054,12,01,68,107,,82,098,032,42,,056,2,130042,,,905841,,01,1969,2.0
69IN02216,1967421771,67,2,T1771,4,76,06,1,,,,,,2,3,02,7,3,761,055,10,01,68,102,,82,097,040,42,,086,2,130042,,,905841,,01,1969,2.0
69IN02217,1967421776,67,2,T1776,4,75,577,3,,,,,,1,3,02,7,1,752,113,03,01,132,155,,82,103,067,42,,160,5,986141,,,011942,,01,1969,2.0
69IN02218,1967421777,67,2,T1777,4,75,577,1,,,,,,1,3,02,7,1,750,088,07,02,107,136,,82,092,045,42,,110,3,986141,,,008642,,01,1969,2.0
69IN02219,1967421779,67,2,T1779,4,78,02,2,,,,,,1,3,02,7,1,781,118,09,02,145,158,,82,114,052,42,,118,4,880041,,,934341,,01,1969,2.0
69IN02220,1967421782,67,1,T1782,4,70,712,,,,,,,2,3,02,2,1,154,172,05,,225,245,2,70,113,083,42,1214,197,6,839741,,288,902841,, 1,1969,2.0
69IN02221,1967421786,67,2,T1786,4,70,722,4,,,,,,2,3,02,2,1,702,108,08,02,137,152,,70,104,038,42,,084,3,010842,,,011642,,01,1969,2.0
69IN02222,1967421790,67,2,T1790,4,08,082,7,,,,,29,3,3,02,1,1,082,089,11,02,112,140,,08,112,062,42,,138,5,789741,,,417941,,,1969,2.0
69IN02223,1967421799,67,2,T1799,4,08,082,6,,,,,31,1,3,02,1,1,082,090,13,02,106,126,,08,083,051,42,,138,2,789741,,,536441,,,1969,2.0
69IN02224,1967421803,67,1,T1803,4,70,712,,,,,,,1,3,02,2,1,160,170,08,,215,242,2,70,117,071,42,1220,166,5,839741,,272,927841,, 1,1969,2.0
69IN02225,1967421804,67,2,T1804,4,77,557,3,,,,,,1,3,02,7,1,771,096,09,02,128,158,,82,097,049,42,,110,2,862341,,,002442,,02,1969,2.0
69IN02226,1967421812,67,2,T1812,4,70,732,1,,,,,,2,3,02,2,1,701,100,05,01,122,155,,70,084,041,42,,100,2,750241,,,788941,,01,1969,2.0
69IN02227,1967421814,67,2,T1814,4,76,577,4,,,,,,2,3,02,7,1,762,110,06,02,130,146,,82,102,051,42,,122,3,986141,,,993541,,02,1969,2.0
69IN02228,1967421815,67,2,T1815,4,70,712,2,,,,,,3,3,02,2,1,700,120,09,02,122,150,,70,105,066,42,,156,5,839741,,,806741,,02,1969,2.0
69IN02229,1967421819,67,2,T1819,4,70,712,1,,,,,,2,3,02,2,1, 27,101,08,02,125,130,2,70,112,042,42,0927,090,3,839741,,,927441,,01,1969,2.0
69IN02230,1967421820,67,2,T1820,4,07,072,6,,,,,28,1,3,02,1,1,072,100,05,02,115,120,,07,109,036,42,,081,4,992641,,,002642,,,1969,2.0
69IN02231,1967421821,67,1,T1821,4,72,992,,,,,,,2,3,02,3,1,193,130,09,,170,198,2,72,110,056,42,0927,123,4,994241,,226,780941,,,1969,2.0
69IN02232,1967421824,67,1,T1824,4,72,942,,,,,,,1,3,02,3,7,,150,06,,205,235,3,71,093,054,42,0812,127,2,034542,,251,409341,,,1969,2.0
69IN02233,1967421825,67,2,T1825,4,70,722,2,,,,,,1,3,02,2,1, 27,153,08,02,160,190,2,70,103,060,42,0927,146,4,010842,,,982941,,02,1969,2.0
69IN02234,1967421828,67,2,T1828,4,70,732,3,,,,,,2,3,02,2,1,702,112,05,02,135,188,,70,116,055,42,,123,3,750241,,,836241,,02,1969,2.0
69IN02235,1967421831,67,2,T1831,4,74,606,1,,,,,,2,3,02,7,1,740,073,06,02,105,123,,82,115,050,42,,099,5,023042,,,004242,,01,1969,2.0
69IN02236,1967421832,67,2,T1832,4,72,872,1,,,,,,1,3,02,3,1,85,108,09,02,129,153,,72,105,053,42,,118,2,050742,,,041342,,02,1969,2.0
69IN02237,1967421835,67,2,T1835,4,70,712,3,,,,,,2,3,02,2,1, 19,116,09,02,145,170,2,70,090,060,42,0927,152,3,839741,,,633941,,01,1969,2.0
69IN02238,1967421836,67,1,T1836,4,72,802,,,,,,,2,3,02,3,1,156,140,10,,175,205,2,72,088,057,42,1216,137,2,001342,,229,610241,, 1,1969,2.0
69IN02239,1967421837,67,1,T1837,4,72,802,,,,,,,2,3,02,3,2,,132,11,,157,185,3,72,110,058,42,0812,131,5,001342,,223,610241,,,1969,2.0
69IN02240,1967421844,67,2,T1844,4,70,722,4,,,,,,2,3,02,2,3,700,125,07,02,168,182,,70,101,049,42,,103,5,010842,,,364041,,01,1969,2.0
69IN02241,1967421845,67,1,T1845,4,70,722,,,,,,,2,3,02,2,2,191,155,06,,180,208,2,70,113,066,42,0927,153,5,010842,,258,364041,,,1969,2.0
69IN02242,1967421848,67,2,T1848,4,78,607,2,,,,,,1,3,02,7,1,782,109,08,01,140,137,,82,091,037,42,,086,3,023042,,,004142,,01,1969,2.0
69IN02243,1967421850,67,2,T1850,4,70,732,4,,,,,,1,3,02,2,1,701,133,07,01,160,188,,70,123,070,42,,166,3,750241,,,920641,,01,1969,2.0
69IN02244,1967421862,67,1,T1862,4,70,712,,,,,,,2,3,02,2,2,,145,07,,195,215,3,70,120,061,42,0812,132,4,839741,,255,991241,, 3,1969,2.0
69IN02245,1967421869,67,1,T1869,4,70,712,,,,,,,2,3,02,2,1,161,140,07,,185,230,2,70,103,062,42,1222,150,3,839741,,254,050442,, 1,1969,2.0
69IN02246,1967421870,67,2,T1870,4,70,712,2,,,,,,2,3,02,2,1, 27,108,09,02,139,170,2,70,089,044,42,0927,108,2,839741,,,050442,,02,1969,2.0
69IN02247,1967421871,67,2,T1871,4,72,882,3,,,,,,1,3,02,3,1,87,082,10,02,115,130,,72,102,054,42,,127,3,982741,,,920341,,02,1969,2.0
69IN02248,1967421873,67,2,T1873,4,70,722,1,,,,,,3,3,02,2,1,702,131,05,01,148,170,,70,115,050,42,,110,4,010842,,,965541,,01,1969,2.0
69IN02249,1967421877,67,1,T1877,4,72,852,,,,,,,2,3,02,3,1,,077,15,,,,6,72,106,052,42,0510,116,5,040042,,,997141,,,1969,2.0
69IN02250,1967421883,67,2,T1883,4,72,922,1,,,,,,2,3,02,3,1,89,100,08,01,118,140,,72,104,055,42,,130,3,025842,,,887641,,01,1969,2.0
69IN02251,1967421887,67,2,T1887,4,70,722,3,,,,,,2,3,02,2,1,,107,05,,,,6,70,088,036,42,0512,076,2,010842,,,724141,,01,1969,2.0
69IN02252,1967421889,67,2,T1889,4,72,992,3,,,,,,1,3,02,3,1,91,101,08,02,124,148,,72,104,055,42,,131,4,994241,,,053842,,01,1969,2.0
69IN02253,1967421890,67,2,T1890,4,72,922,1,,,,,,2,3,02,3,1,93,108,07,02,135,154,,72,102,045,42,,106,3,025842,,,740441,,01,1969,2.0
69IN02254,1967421891,67,1,T1891,4,72,922,,,,,,,2,3,02,3,1,,145,07,,203,215,3,,095,048,42,0812,115,3,025841,,253,740441,,,1969,2.0
69IN02255,1967421893,67,2,T1893,4,74,606,4,,,,,,3,3,02,7,1,741,072,11,01,103,135,,82,098,041,42,,087,2,023042,,,040742,,01,1969,2.0
69IN02256,1967421896,67,2,T1896,4,72,982,2,,,,,,2,3,02,3,1,,107,07,,,,6,72,097,051,42,0512,125,4,983441,,,951041,,01,1969,2.0
69IN02257,1967421901,67,2,T1901,4,14,142,7,,,,,35,3,3,02,1,1,142,098,07,02,110,133,,14,117,062,42,,131,5,008142,,,859741,,,1969,2.0
69IN02258,1967421904,67,2,T1904,4,70,712,1,,,,,,2,3,02,2,1, 27,122,07,02,136,168,2,70,095,055,42,0927,135,3,839741,,,725141,,01,1969,2.0
69IN02259,1967421906,67,1,T1906,4,72,932,,,,,,,3,3,02,3,1,192,140,05,,180,205,2,72,103,054,42,0927,124,3,031042,,245,023542,,,1969,2.0
69IN02260,1967421910,67,2,T1910,4,14,142,6,,,,,33,2,3,02,1,1,142,102,07,02,118,134,,14,100,051,42,,123,3,008142,,,596541,,,1969,2.0
69IN02261,1967421913,67,1,T1913,4,72,892,,,,,,,2,3,02,3,1,193,125,06,,170,198,2,72,104,058,42,0927,137,3,993641,,233,577741,,,1969,2.0
69IN02262,1967421918,67,1,T1918,4,72,812,,,,,,,1,3,02,3,1,192,145,07,,185,205,2,72,120,073,42,0927,164,5,005042,,245,583441,,,1969,2.0
69IN02263,1967421919,67,2,T1919,4,07,072,7,,,,,29,3,3,02,1,1,072,085,05,01,100,131,,07,110,037,42,,070,5,992641,,,397741,,,1969,2.0
69IN02264,1967421925,67,2,T1925,4,70,712,4,,,,,,2,3,02,2,1, 19,103,10,02,140,160,2,70,096,049,42,0927,118,3,839741,,,489341,,01,1969,2.0
69IN02265,1967421934,67,2,T1934,4,70,712,2,,,,,,3,3,02,2,1,700,118,08,04,150,173,,70,105,052,42,,126,3,839741,,,012542,,05,1969,2.0
69IN02266,1967421936,67,2,T1936,4,78,01,2,,,,,,1,3,02,7,1,782,114,06,02,140,165,,82,111,054,42,,120,4,980341,,,943841,,01,1969,2.0
69IN02267,1967421937,67,2,T1937,4,72,892,3,,,,,,1,3,02,3,1,95,105,08,05,135,165,,72,101,044,42,,089,2,993641,,,994141,,01,1969,2.0
69IN02268,1967421939,67,1,T1939,4,72,972,,,,,,,2,3,02,3,1,192,130,07,,170,200,2,72,126,068,42,0927,154,5,979441,,238,950541,,,1969,2.0
69IN02269,1967421941,67,2,T1941,4,08,082,7,,,,,31,1,3,02,1,1,082,093,12,01,112,133,,08,102,054,42,,129,4,789741,,,001442,,,1969,2.0
69IN02270,1967421942,67,1,T1942,4,72,932,,,,,,,2,3,02,3,1,163,118,07,,165,195,3,72,115,059,42,0929,126,4,031042,,234,730341,, 1,1969,2.0
69IN02271,1967421953,67,2,T1953,4,08,082,6,,,,,27,1,3,02,1,1,082,096,11,02,112,117,,08,100,060,42,,145,4,789741,,,609941,,,1969,2.0
69IN02272,1967421954,67,1,T1954,4,08,082,,,,,,29,2,3,02,1,1,,111,09,,138,165,3,08,108,064,42,0812,154,4,789741,,212,214341,,,1969,2.0
69IN02273,1967421965,67,2,T1965,4,75,01,3,,,,,,1,3,02,7,1,750,113,09,05,145,150,,82,100,042,42,,084,2,980341,,,883341,,01,1969,2.0
69IN02274,1967421968,67,1,T1968,4,70,712,,,,,,,2,3,02,2,1,191,148,09,,170,200,2,73,104,069,42,0927,166,3,839741,,246,284241,,,1969,2.0
69IN02275,1967421970,67,2,T1970,4,72,952,3,,,,,,2,3,02,3,1,83,098,09,02,130,145,,72,100,049,42,,113,3,041442,,,833641,,01,1969,2.0
69IN02276,1967421971,67,2,T1971,4,72,982,4,,,,,,2,3,02,3,1,,113,08,,,,6,72,109,059,42,0607,139,4,983441,,,839241,,02,1969,2.0
69IN02277,1967421973,67,1,T1973,4,70,722,,,,,,,1,3,02,2,1,159,170,07,,210,250,2,70,114,075,42,1219,177,5,010842,,270,913241,, 1,1969,2.0
69IN02278,1967421977,67,2,T1977,4,70,722,2,,,,,,1,3,02,2,1, 19,127,05,01,138,148,2,70,091,051,42,0927,124,3,010842,,,558741,,01,1969,2.0
69IN02279,1967421983,67,2,T1983,4,70,712,1,,,,,,2,3,02,2,1,701,116,06,02,145,180,,70,092,054,42,,136,3,839741,,,564441,,01,1969,2.0
69IN02280,1967421992,67,2,T1992,4,70,712,3,,,,,,2,3,02,2,3, 27,122,09,02,153,160,2,70,097,048,42,0927,111,2,839741,,,909241,,02,1969,2.0
69IN02281,1967421993,67,2,T1993,4,72,862,1,,,,,,2,3,02,3,1,90,098,09,01,108,130,,72,072,039,42,,098,2,043642,,,712441,,01,1969,2.0
69IN02282,1967421994,67,1,T1994,4,72,862,,,,,,,2,3,02,3,5,,102,09,,130,,3,72,087,050,42,0602,119,2,043642,,,712441,,,1969,2.0
69IN02283,1967421997,67,1,T1997,4,72,952,,,,,,,2,3,02,3,1,,090,12,,138,178,3,72,098,053,42,0812,116,2,041442,,194,702041,,,1969,2.0
69IN02284,1967422005,67,2,T2005,4,72,972,2,,,,,,2,3,02,3,1,94,063,07,01,104,120,,72,089,039,42,,087,2,979441,,,851541,,01,1969,2.0
69IN02285,1967422010,67,1,T2010,4,72,942,,,,,,,2,3,02,3,1,,120,11,,160,190,3,72,099,067,42,0812,166,4,034542,,221,656541,,,1969,2.0
69IN02286,1967422013,67,1,T2013,4,70,732,,,,,,,3,3,02,2,1,164,155,05,,190,225,2,70,104,067,42,1224,157,2,750241,,260,966341,, 1,1969,2.0
69IN02287,1967422020,67,2,T2020,4,03,032,6,,,,,35,2,3,02,1,1,,092,08,13,116,125,3,03,090,038,42,0929,082,2,059742,,,818941,,,1969,2.0
69IN02288,1967422021,67,2,T2021,4,03,032,7,,,,,35,2,3,02,1,1,,093,07,,,,6,03,087,040,42,0131,091,2,059742,,,818941,,,1969,2.0
69IN02289,1967422023,67,1,T2023,4,72,852,,,,,,,1,3,02,3,1,,122,09,,150,,3,72,101,051,42,0602,114,2,040042,,,757141,,,1969,2.0
69IN02290,1967422024,67,2,T2024,4,75,577,3,,,,,,2,3,02,7,1,751,108,08,02,120,148,,82,104,047,42,,110,3,986141,,,980041,,01,1969,2.0
69IN02291,1967422027,67,2,T2027,4,03,032,7,,,,,18,2,3,02,1,1,032,103,06,02,127,145,,03,074,036,42,,091,2,059742,,,016841,,,1969,2.0
69IN02292,1967422030,67,2,T2030,4,72,992,3,,,,,,2,3,02,3,1,92,088,11,01,118,135,,72,090,035,42,,080,4,994241,,,908041,,02,1969,2.0
69IN02293,1967422035,67,2,T2035,4,76,06,1,,,,,,1,3,02,7,1,762,102,09,02,128,152,,82,109,052,42,,118,3,130042,,,964541,,02,1969,2.0
69IN02294,1967422038,67,2,T2038,4,78,597,2,,,,,,1,3,02,7,1,780,088,06,02,118,147,,82,086,045,42,,114,2,802441,,,034342,,01,1969,2.0
69IN02295,1967422040,67,2,T2040,4,70,732,3,,,,,,1,3,02,2,1,702,102,07,02,118,150,,70,095,048,42,,111,2,750241,,,913541,,01,1969,2.0
69IN02296,1967422052,67,2,T2052,4,73,05,3,,,,,,3,3,02,7,1,731,123,04,01,140,181,,82,117,067,42,,148,6,014542,,,959141,,02,1969,2.0
69IN02297,1967422055,67,2,T2055,4,73,06,2,,,,,,1,3,02,7,1,730,068,10,01,84,122,,82,102,035,42,,065,2,130042,,,959041,,01,1969,2.0
69IN02298,1967422057,67,2,T2057,4,14,142,7,,,,,28,2,3,02,1,1,142,100,09,02,120,124,,14,095,050,42,,118,3,008142,,,519041,,,1969,2.0
69IN02299,1967422062,67,2,T2062,4,70,712,2,,,,,,2,3,02,2,1, 27,123,09,02,145,160,2,70,098,053,42,0927,126,3,839741,,,833741,,01,1969,2.0
69IN02300,1967422068,67,2,T2068,4,70,712,4,,,,,,2,3,02,2,1,700,110,08,02,128,147,,70,104,058,42,,130,5,839741,,,946841,,01,1969,2.0
69IN02301,1967422069,67,2,T2069,4,74,01,4,,,,,,2,3,02,7,1,742,107,06,01,130,160,,82,089,042,42,,092,2,980341,,,903141,,01,1969,2.0
69IN02302,1967422071,67,2,T2071,4,73,01,4,,,,,,2,3,02,7,1,730,098,08,02,137,152,,82,084,041,42,,096,2,980341,,,903141,,06,1969,2.0
69IN02303,1967422073,67,2,T2073,4,75,06,3,,,,,,1,3,02,7,1,,088,09,,120,,6,82,088,044,42,0901,101,2,130042,,,942141,,01,1969,2.0
69IN02304,1967422077,67,2,T2077,4,75,06,1,,,,,,1,3,02,7,1,750,084,12,01,112,158,,82,103,045,42,,101,3,130042,,,898341,,01,1969,2.0
69IN02305,1967422079,67,2,T2079,4,75,01,3,,,,,,2,3,02,7,1,751,083,07,01,113,128,6,82,088,038,42,1217,086,2,980341,,,928241,,01,1969,2.0
69IN02306,1967422080,67,1,T2080,4,70,722,,,,,,,2,3,02,2,2,166,165,08,,220,235,2,70,090,051,42,1226,130,3,010842,,270,503941,, 1,1969,2.0
69IN02307,1967422081,67,2,T2081,4,70,722,3,,,,,,2,3,02,2,1,700,108,05,02,137,162,,70,094,042,42,,096,4,010842,,,503941,,01,1969,2.0
69IN02308,1967422085,67,2,T2085,4,74,01,4,,,,,,3,3,02,7,1,740,100,06,02,127,140,,82,101,045,42,,102,3,980341,,,928341,,01,1969,2.0
69IN02309,1967422087,67,2,T2087,4,73,07,3,,,,,,1,3,02,7,1,731,108,06,02,134,142,,82,105,051,42,,116,3,056242,,,942241,,02,1969,2.0
69IN02310,1967422090,67,2,T2090,4,78,587,2,,,,,,2,3,02,7,1,782,101,09,01,136,160,,82,108,044,42,,094,4,962541,,,034242,,01,1969,2.0
69IN02311,1967422093,67,1,T2093,4,72,972,,,,,,,2,3,02,3,2,193,133,07,,175,200,2,71,096,060,42,0927,144,2,979441,,240,549341,,,1969,2.0
69IN02312,1967422095,67,2,T2095,4,73,597,4,,,,,,1,3,02,7,1,732,070,08,01,93,118,,82,098,040,42,,090,3,802441,,,995341,,01,1969,2.0
69IN02313,1967422096,67,2,T2096,4,73,557,4,,,,,,1,3,02,7,1,732,098,08,02,137,160,,82,117,050,42,,108,4,862341,,,977041,,01,1969,2.0
69IN02314,1967422100,67,2,T2100,4,76,01,3,,,,,,2,3,02,7,1,760,112,07,02,143,162,,82,095,045,42,,101,2,980341,,,892241,,02,1969,2.0
69IN02315,1967422101,67,2,T2101,4,75,01,1,,,,,,2,3,02,7,1,752,107,06,02,138,150,,82,094,044,42,,097,2,980341,,,892241,,02,1969,2.0
69IN02316,1967422103,67,2,T2103,4,78,07,1,,,,,,2,3,02,7,1,,078,10,,,,6,82,094,039,42,0423,081,2,056242,,,887341,,01,1969,2.0
69IN02317,1967422104,67,1,T2104,4,72,962,,,,,,,1,3,02,3,2,,108,09,,144,205,3,72,108,055,42,0812,119,3,050342,,208,939241,,,1969,2.0
69IN02318,1967422106,67,2,T2106,4,14,142,6,,,,,32,2,3,02,1,1,142,087,10,02,113,143,,14,090,041,42,,098,4,008142,,,824041,,,1969,2.0
69IN02319,1967422107,67,2,T2107,4,14,142,7,,,,,32,2,3,02,1,1,,080,11,,,,6,14,102,044,42,0131,090,5,008142,,,824041,,,1969,2.0
69IN02320,1967422109,67,1,T2109,4,72,902,,,,,,,1,3,02,3,2,194,155,08,,200,220,2,72,107,068,42,0927,165,4,002842,,262,008342,,,1969,2.0
69IN02321,1967422115,67,2,T2115,4,70,732,1,,,,,,2,3,02,2,1,,116,06,05,148,170,3,70,089,041,42,0127,091,2,750241,,,856141,,01,1969,2.0
69IN02322,1967422117,67,2,T2117,4,76,01,2,,,,,,3,3,02,7,1,,108,06,06,140,155,3,82,096,050,42,0929,120,3,980341,,,893141,,02,1969,2.0
69IN02323,1967422121,67,2,T2121,4,08,082,7,,,,,32,1,3,02,1,1,082,088,12,02,102,118,,08,103,049,42,,116,3,789741,,,022142,,,1969,2.0
69IN02324,1967422122,67,2,T2122,4,77,586,3,,,,,,1,3,02,7,1,771,108,08,02,133,153,,82,093,048,42,,114,3,962541,,,996341,,01,1969,2.0
69IN02325,1967422124,67,2,T2124,4,70,732,4,,,,,,2,3,02,2,1,702,098,09,05,115,135,,70,089,040,42,,094,2,750241,,,557841,,01,1969,2.0
69IN02326,1967422126,67,1,T2126,4,83,576,,,,,,,2,3,02,7,2,157,135,07,,185,220,2,82,111,054,42,1217,118,4,986141,,254,012342,, 1,1969,2.0
69IN02327,1967422128,67,1,T2128,4,72,912,,,,,,,2,3,02,3,6,,065,09,,100,,3,72,098,043,42,0602,093,2,009242,,,890641,,,1969,2.0
69IN02328,1967422129,67,2,T2129,4,72,912,4,,,,,,2,3,02,3,1,81,108,08,02,145,152,,72,106,055,42,,126,3,009242,,,890641,,0,1969,2.0
69IN02329,1967422131,67,2,T2131,4,75,01,4,,,,,,3,3,02,7,1,750,103,09,01,136,125,,10,107,056,42,,118,5,980341,,,885641,,02,1969,2.0
69IN02330,1967422136,67,1,T2136,4,72,902,,,,,,,3,3,02,3,1,,063,07,,115,145,3,71,091,043,42,0812,100,5,002842,,183,419341,,,1969,2.0
69IN02331,1967422139,67,1,T2139,4,08,082,,,,,,39,3,3,02,1,1,,118,08,,,,6,08,111,057,42,0101,124,3,789741,,,809341,,,1969,2.0
69IN02332,1967422140,67,2,T2140,4,75,01,1,,,,,,2,3,02,7,1,751,088,08,02,113,133,,82,098,048,42,,111,4,980341,,,963341,,02,1969,2.0
69IN02333,1967422142,67,2,T2142,4,14,142,6,,,,,34,2,3,02,1,1,142,076,10,01,92,110,,14,096,039,42,,095,3,008142,,,596041,,,1969,2.0
69IN02334,1957412143,57,2,G2143,4,08,081,7,,,,,23,,&,02,1,,,097,0,02,127,135,3,,087,050,41,1229,097,3,953440,,,,,,1969,12.0
69IN02335,1967422143,67,2,T2143,4,14,142,7,,,,,34,2,3,02,1,1,142,092,10,02,111,130,,14,104,051,42,,122,3,008142,,,596041,,,1969,2.0
69IN02336,1967422144,67,1,T2144,4,70,712,,,,,,,3,3,02,2,2,162,138,08,,168,215,2,70,106,063,42,1223,145,3,839741,,241,064042,, 1,1969,2.0
69IN02337,1967422145,67,2,T2145,4,70,712,4,,,,,,3,3,02,2,1,701,094,09,02,113,150,,70,078,046,42,,117,3,839741,,,064042,,01,1969,2.0
69IN02338,1967422146,67,2,T2146,4,78,06,4,,,,,,1,3,02,7,1,780,080,10,01,113,130,,07,095,048,42,,110,5,130042,,,920441,,01,1969,2.0
69IN02339,1967422147,67,2,T2147,4,72,882,1,,,,,,3,3,02,3,1,84,067,13,01,110,136,,72,076,034,42,,083,2,982741,,,007842,,01,1969,2.0
69IN02340,1967422149,67,2,T2149,4,76,01,3,,,,,,2,3,02,7,1,762,088,08,09,130,150,,04,091,038,42,,088,3,980341,,,919741,,05,1969,2.0
69IN02341,1967422150,67,2,T2150,4,75,01,4,,,,,,2,3,02,7,1,752,093,09,01,143,155,,04,099,041,42,,095,3,980341,,,919741,,05,1969,2.0
69IN02342,1967422151,67,2,T2151,4,72,812,2,,,,,,2,3,02,3,1,86,098,10,02,115,140,,72,096,044,42,,097,2,005042,,,896841,,02,1969,2.0
69IN02343,1967422156,67,2,T2156,4,03,032,7,,,,,28,2,3,02,1,1,032,088,10,01,115,132,,03,094,033,42,,078,4,059742,,,480941,,,1969,2.0
69IN02344,1967422159,67,2,T2159,4,07,072,6,,,,,35,3,3,02,1,1,072,108,06,01,111,131,,07,110,048,42,,093,5,992641,,,053442,,,1969,2.0
69IN02345,1967422161,67,2,T2161,4,14,142,6,,,,,33,1,3,02,1,1,142,096,08,02,103,112,,14,111,061,42,,133,5,008142,,,866541,,,1969,2.0
69IN02346,1967422163,67,2,T2163,4,70,712,2,,,,,,2,3,02,2,1,701,118,09,04,153,173,,70,110,055,42,,119,2,839741,,,973541,,01,1969,2.0
69IN02347,1967422164,67,2,T2164,4,70,712,1,,,,,,2,3,02,2,1,701,120,09,02,123,133,,70,095,047,42,,117,3,839741,,,973541,,01,1969,2.0
69IN02348,1967422169,67,2,T2169,4,78,01,2,,,,,,2,3,02,7,1,780,107,05,02,122,130,,82,097,048,42,,111,4,980341,,,900341,,01,1969,2.0
69IN02349,1967422170,67,2,T2170,4,07,072,6,,,,,28,2,3,02,1,1,072,093,07,02,103,123,,07,098,043,42,,101,3,992641,,,504741,,,1969,2.0
69IN02350,1967422172,67,2,T2172,4,07,072,6,,,,,27,3,3,02,1,1,072,100,07,02,138,126,,07,117,046,42,,101,3,992641,,,672741,,,1969,2.0
69IN02351,1967422176,67,2,T2176,4,08,082,6,,,,,28,1,3,02,1,1,082,090,13,02,110,126,,08,117,063,42,,136,5,789741,,,667041,,,1969,2.0
69IN02352,1967422177,67,2,T2177,4,72,862,3,,,,,,3,3,02,3,1,88,114,06,01,148,160,,72,094,049,42,,119,3,043642,,,840041,,05,1969,2.0
69IN02353,1967422179,67,1,T2179,4,70,722,,,,,,,2,3,02,2,1,191,138,06,,178,205,2,70,118,056,42,0927,119,4,010842,,248,691841,,,1969,2.0
69IN02354,1967422180,67,2,T2180,4,70,722,1,,,,,,2,3,02,2,1, 19,123,06,02,144,155,2,70,103,047,42,0927,107,4,010842,,,691841,,02,1969,2.0
69IN02355,1967422191,67,2,T2191,4,70,732,3,,,,,,2,3,02,2,1,,115,04,,127,,6,70,089,044,42,0815,105,2,750241,,,035842,,02,1969,2.0
69IN02356,1967422192,67,1,T2192,4,70,722,,,,,,,3,3,02,2,1,165,155,05,,188,225,2,70,099,049,42,1225,108,3,010842,,257,597841,, 1,1969,2.0
69IN02357,1967422195,67,2,T2195,4,78,607,2,,,,,,1,3,02,7,1,780,115,08,01,136,163,,82,098,051,42,,120,3,023042,,,056342,,01,1969,2.0
69IN02358,1967422197,67,2,T2197,4,03,032,6,,,,,22,3,3,02,1,1,032,100,08,02,130,143,,03,087,037,42,,083,2,059742,,,515641,,,1969,2.0
69IN02359,1967422205,67,2,T2205,4,07,072,7,,,,,24,2,3,02,1,1,072,112,09,02,128,160,,07,100,048,42,,104,2,992641,,,498441,,,1969,2.0
69IN02360,1967422215,67,2,T2215,4,72,942,4,,,,,,2,3,02,3,1,96,067,09,02,86,107,,72,093,034,42,,065,2,034542,,,003442,,01,1969,2.0
69IN02361,1967422218,67,2,T2218,4,77,08,3,,,,,,2,3,02,7,1,770,120,06,02,150,165,,82,099,049,42,,116,4,968541,,,960241,,02,1969,2.0
69IN02362,1967422224,67,2,T2224,4,08,082,7,,,,,37,2,3,02,1,1,082,098,11,02,130,150,,08,084,047,42,,115,2,789741,,,027442,,,1969,2.0
69IN02363,1967422225,67,2,T2225,4,08,082,7,,,,,37,2,3,02,1,1,082,085,10,02,113,128,,08,101,049,42,,115,3,789741,,,027442,,,1969,2.0
69IN02364,1967422226,67,2,T2226,4,70,722,2,,,,,,2,3,02,2,1,,115,07,,144,,7,70,101,042,42,1112,102,3,010842,,,061142,,01,1969,2.0
69IN02365,1967422227,67,2,T2227,4,70,722,2,,,,,,2,3,02,2,1,702,123,08,02,170,180,,70,099,042,42,,084,2,010842,,,061142,,01,1969,2.0
69IN02366,1967422228,67,1,T2228,4,70,712,,,,,,,1,3,02,2,1,192,155,08,,212,235,2,70,114,060,42,0927,137,5,839741,,267,995141,,,1969,2.0
69IN02367,1967422232,67,2,T2232,4,72,932,1,,,,,,2,3,02,3,1,97,150,09,02,107,133,,71,096,049,42,,106,5,031042,,,536741,,01,1969,2.0
69IN02368,1967422233,67,2,T2233,4,70,722,3,,,,,,1,3,02,2,1,700,120,07,01,128,162,,70,089,062,42,,164,3,010842,,,028442,,02,1969,2.0
69IN02369,1967422234,67,2,T2234,4,74,577,4,,,,,,2,3,02,7,1,741,110,08,02,158,150,,82,102,044,42,,100,4,986141,,,055642,,01,1969,2.0
69IN02370,1967422235,67,2,T2235,4,78,577,1,,,,,,2,3,02,7,1,781,092,09,02,128,128,,82,087,030,42,,071,3,986141,,,055642,,01,1969,2.0
69IN02371,1967422240,67,2,T2240,4,77,607,3,,,,,,3,3,02,7,1,771,092,06,02,125,142,,82,109,049,42,,111,4,023042,,,023942,,02,1969,2.0
69IN02372,1967422241,67,2,T2241,4,72,862,2,,,,,,1,3,02,3,1,98,113,06,01,126,155,,72,100,058,42,,142,2,043642,,,939141,,02,1969,2.0
69IN02373,1967422250,67,1,T2250,4,07,072,,,,,,28,3,3,02,1,2,,132,06,,168,195,3,07,106,035,42,0812,075,5,992641,,234,448641,,,1969,2.0
69IN02374,1967422256,67,2,T2256,4,08,082,7,,,,,36,1,3,02,1,1,082,073,10,02,96,118,,08,097,041,42,,098,3,789741,,,659041,,,1969,2.0
69IN02375,1967422258,67,2,T2258,4,70,732,3,,,,,,2,3,02,2,1, 27,078,09,02,122,152,2,70,088,038,42,0927,085,2,750241,,,714641,,02,1969,2.0
69IN02376,1967422263,67,2,T2263,4,14,142,7,,,,,29,1,3,02,1,1,142,104,09,02,123,164,,14,092,050,42,,122,4,008142,,,796041,,,1969,2.0
69IN02377,1967422265,67,2,T2265,4,70,732,4,,,,,,2,3,02,2,1,702,103,07,01,140,158,,70,091,045,42,,103,2,750241,,,859941,,01,1969,2.0
69IN02378,1967422266,67,2,T2266,4,76,03,1,,,,,,1,3,02,7,1,761,112,07,02,133,145,,82,105,047,42,,108,3,743641,,,971741,,02,1969,2.0
69IN02379,1967422267,67,2,T2267,4,78,606,1,,,,,,1,3,02,7,1,781,110,08,02,133,148,,82,080,038,42,,092,2,023042,,,998541,,01,1969,2.0
69IN02380,1967422268,67,2,T2268,4,72,852,3,,,,,,3,3,02,3,1,,102,10,,,,6,72,093,041,42,0130,096,3,040042,,,849341,,,1969,2.0
69IN02381,1967422270,67,2,T2270,4,77,08,2,,,,,,1,3,02,7,1,771,107,09,02,125,154,,82,101,052,42,,124,2,968541,,,925741,,01,1969,2.0
69IN02382,1967422274,67,2,T2274,4,73,02,,,,,,,3,3,02,7,1,731,067,06,01,63,68,6,82,104,038,42,1001,085,3,880041,,,883441,,,1969,2.0
69IN02383,1967422277,67,2,T2277,4,72,842,,,,,,,2,3,02,3,1,99,095,08,02,133,163,,72,086,039,42,,089,2,031842,,,602141,,,1969,2.0
69IN02384,1967422278,67,1,T2278,4,72,842,,,,,,,2,3,02,3,1,,105,08,,170,197,3,72,082,048,42,0812,118,2,031842,,216,602141,,,1969,2.0
69IN02385,1967422280,67,2,T2280,4,73,08,4,,,,,,1,3,02,7,1,731,120,09,02,144,168,,82,098,054,42,,131,4,968541,,,883541,,01,1969,2.0
69IN02386,1967422285,67,1,T2285,4,72,832,,,,,,,2,3,02,3,1,,115,11,,148,180,3,72,102,056,42,0812,130,4,028742,,219,501041,,,1969,2.0
69IN02387,1967422286,67,2,T2286,4,72,832,2,,,,,,2,3,02,3,1,80,098,12,02,122,150,,72,094,050,42,,122,2,028742,,,501041,,02,1969,2.0
69IN02388,1967422288,67,2,T2288,4,70,722,4,,,,,,2,3,02,2,1,700,110,04,02,150,160,,70,109,044,42,,102,4,010842,,,853041,,01,1969,2.0
69IN02389,1967422290,67,1,T2290,4,72,982,,,,,,,3,3,02,3,1,193,130,06,,170,185,2,72,098,055,42,0927,134,3,983441,,243,025742,,,1969,2.0
69IN02390,1967422293,67,2,T2293,4,07,072,6,,,,,36,1,3,02,1,1,072,096,06,02,98,110,,07,118,048,42,,086,5,992641,,,040442,,,1969,2.0
69IN02391,1967422294,67,2,T2294,4,08,082,6,,,,,32,1,3,02,1,1,082,108,12,04,128,145,,08,095,054,42,,135,3,789741,,,507141,,,1969,2.0
69IN02392,1967422295,67,2,T2295,4,76,07,4,,,,,,1,3,02,7,1,760,118,05,01,165,200,,82,104,055,42,,128,3,056242,,,957441,,01,1969,2.0
69IN02393,1967422296,67,1,T2296,4,03,032,,,,,,25,1,3,02,1,2,193,125,08,,172,210,2,03,099,048,42,0927,113,3,059742,,233,521741,,,1969,2.0
69IN02394,1967422297,67,1,T2297,4,70,712,,,,,,,2,3,02,2,1,168,140,07,,178,205,2,70,101,054,42,1231,129,3,839741,,252,642241,, 1,1969,2.0
69IN02395,1967422298,67,1,T2298,4,70,712,,,,,,,2,3,02,2,1,160,163,09,,205,215,2,70,106,063,42,1221,155,4,839741,,273,642241,, 1,1969,2.0
69IN02396,1967422301,67,2,T2301,4,72,822,4,,,,,,2,3,02,3,1,82,085,06,02,115,140,,72,104,039,42,,088,3,020442,,,778141,,01,1969,2.0
69IN02397,1967422302,67,2,T2302,4,72,822,2,,,,,,2,3,02,3,1,85,086,09,01,113,130,,72,104,044,42,,100,3,020442,,,778141,,01,1969,2.0
69IN02398,1967422305,67,2,T2305,4,72,882,4,,,,,,3,3,02,3,1,87,078,12,01,88,114,,71,079,033,42,,077,2,982741,,,432241,,01,1969,2.0
69IN02399,1967422307,67,2,T2307,4,03,032,7,,,,,29,1,3,02,1,1,032,103,07,01,116,164,,03,081,043,42,,112,2,059742,,,607341,,,1969,2.0
69IN02400,1967422314,67,2,T2314,4,70,732,1,,,,,,3,3,02,2,1, 27,093,06,02,123,165,2,70,086,040,42,0927,095,2,750241,,,636941,,01,1969,2.0
69IN02401,1967422321,67,1,T2321,4,72,882,,,,,,,2,3,02,3,2,191,120,06,,175,200,2,72,105,046,42,0927,104,4,982741,,239,827741,,,1969,2.0
69IN02402,1967422326,67,2,T2326,4,70,732,1,,,,,,3,3,02,2,1,701,106,08,01,127,150,,70,100,046,42,,101,2,750241,,,645941,,01,1969,2.0
69IN02403,1967422337,67,1,T2337,4,14,142,,,,,,32,2,3,02,1,2,192,120,08,,168,205,2,14,110,059,42,0927,132,4,008142,,239,472041,,,1969,2.0
69IN02404,1967422341,67,2,T2341,4,70,722,4,,,,,,3,3,02,2,1,,122,08,12,145,160,3,70,107,047,42,1201,106,3,010842,,,974441,,01,1969,2.0
69IN02405,1967422344,67,2,T2344,4,73,606,4,,,,,,2,3,02,7,1,730,088,06,01,108,123,,82,128,046,42,,100,4,023042,,,253548,,01,1969,2.0
69IN02406,1967422347,67,2,T2347,4,72,892,2,,,,,,1,3,02,3,1,89,106,09,04,128,155,,72,077,046,42,,118,3,993641,,,044042,,05,1969,2.0
69IN02407,1967422348,67,1,T2348,4,72,862,,,,,,,2,3,02,3,1,,120,08,,175,205,3,72,090,043,42,0812,102,2,043642,,233,015042,,,1969,2.0
69IN02408,1967422351,67,2,T2351,4,07,072,7,,,,,30,2,3,02,1,1,072,092,05,02,122,150,,07,099,034,42,,079,4,992641,,,824341,,,1969,2.0
69IN02409,1967422359,67,2,T2359,4,14,142,6,,,,,40,1,3,02,1,1,142,084,09,02,135,122,,14,094,043,42,,099,2,008142,,,783341,,,1969,2.0
69IN02410,1967422360,67,2,T2360,4,07,072,7,,,,,32,2,3,02,1,1,072,094,10,01,127,148,,07,100,041,42,,094,4,992641,,,792541,,,1969,2.0
69IN02411,1967422364,67,1,T2364,4,03,032,,,,,,26,1,3,02,1,1,168,142,08,,182,205,2,03,109,052,42,1228,112,3,059742,,245,255641,, 1,1969,2.0
69IN02412,1967422377,67,2,T2377,4,72,822,4,,,,,,1,3,02,3,1,91,113,09,01,156,178,,72,089,051,42,,129,3,020442,,,047142,,02,1969,2.0
69IN02413,1967422379,67,2,T2379,4,70,732,2,,,,,,2,3,02,2,1,702,114,04,02,142,155,,70,086,036,42,,077,2,750241,,,266041,,02,1969,2.0
69IN02414,1968422381,68,2,T2381,4,75,43,,,,,,,2,2,02,7,1,750,095,11,,95,134,,82,115,,42,,111,4,008142,,,984941,,,1969,1.0
69IN02415,1968422382,68,2,T2382,4,73,43,,,,,,,2,2,02,7,1,731,084,11,,84,120,,82,127,,42,,099,5,008142,,,984941,,,1969,1.0
69IN02416,1968422383,68,2,T2383,4,75,40,,,,,,,1,2,02,7,1,750,102,10,,102,133,,82,116,,42,,142,4,075942,,,098842,,,1969,1.0
69IN02417,1968422387,68,1,T2387,4,83,45,,,,,,,2,2,02,7,1,,120,11,,120,140,3,82,107,,42,0812,139,5,986141,,218,066442,,,1969,1.0
69IN02418,1968422389,68,2,T2389,4,77,41,,,,,,,2,2,02,7,1,771,078,09,,78,105,,82,122,,42,,108,6,040542,,,998541,,,1969,1.0
69IN02419,1968422390,68,2,T2390,4,77,45,,,,,,,1,2,02,7,1,770,103,06,,103,120,,82,108,,42,,104,2,986141,,,016642,,,1969,1.0
69IN02420,1968422392,68,2,T2392,4,73,42,,,,,,,2,2,02,7,1,732,088,11,,88,114,,82,098,,42,,106,5,087842,,,013042,,,1969,1.0
69IN02421,1968422393,68,2,T2393,4,78,42,,,,,,,2,2,02,7,1,781,100,11,,100,122,,82,099,,42,,121,5,087842,,,013042,,,1969,1.0
69IN02422,1968422394,68,2,T2394,4,74,42,,,,,,,3,2,02,7,1, 25,106,07,,106,128,2,82,110,,42,0927,173,5,087842,,,011942,,,1969,1.0
69IN02423,1968422395,68,1,T2395,4,76,45,,,,,,,1,2,02,7,1,,121,11,,121,150,3,82,101,,42,0812,137,4,986141,,232,124542,, 3,1969,1.0
69IN02424,1968422397,68,2,T2397,4,74,04,,,,,,,3,2,02,9,1,742,108,09,,108,135,,82,105,,42,,110,2,002142,,,892541,,,1969,1.0
69IN02425,1968422398,68,1,T2398,4,78,43,,,,,,,1,2,02,7,1,141,135,08,,135,180,2,82,104,,42,1201,130,4,008142,,234,128242,, 1,1969,1.0
69IN02426,1968422399,68,2,T2399,4,77,48,,,,,,,2,2,02,7,1,772,101,09,,101,137,,82,099,,42,,126,3,968541,,,994741,,,1969,1.0
69IN02427,1968422400,68,2,T2400,4,76,48,,,,,,,2,2,02,7,1, 16,100,10,,100,137,2,82,102,,42,0927,127,5,968541,,,994741,,,1969,1.0
69IN02428,1968422402,68,2,T2402,4,74,48,,,,,,,2,2,02,7,1,741,102,09,,102,133,,82,100,,42,,105,2,968541,,,079342,,,1969,1.0
69IN02429,1968422403,68,2,T2403,4,74,46,,,,,,,1,2,02,7,1, 26,117,08,,117,145,2,82,100,,42,0927,111,3,137642,,,085442,,,1969,1.0
69IN02430,1968422404,68,2,T2404,4,73,42,,,,,,,3,2,02,7,1,730,106,10,,106,120,,82,091,,42,,108,2,087842,,,005942,,,1969,1.0
69IN02431,1968422406,68,2,T2406,4,78,41,,,,,,,2,2,02,7,1,782,103,10,,103,126,,82,118,,42,,128,5,040542,,,088842,,,1969,1.0
69IN02432,1968422407,68,1,T2407,4,75,41,,,,,,,2,2,02,7,,,,,,,,6,82,,,42,0210,,,040542,,,088842,,,1969,1.0
69IN02433,1968422410,68,2,T2410,4,73,43,,,,,,,3,2,02,7,1,732,105,09,,105,132,,82,121,,42,,121,4,008142,,,019542,,,1969,1.0
69IN02434,1968422412,68,1,T2412,4,73,41,,,,,,,1,2,02,7,1,184,142,09,,142,175,2,82,114,,42,0927,196,5,040542,,249,093842,,,1969,1.0
69IN02435,1968422413,68,2,T2413,4,76,45,,,,,,,1,2,02,7,1,762,108,09,,108,145,,82,109,,42,,138,3,986141,,,080442,,,1969,1.0
69IN02436,1968422414,68,2,T2414,4,73,47,,,,,,,3,2,02,7,1,730,115,08,,115,143,,82,110,,42,,122,4,107042,,,074142,,,1969,1.0
69IN02437,1968422416,68,2,T2416,4,76,43,,,,,,,3,2,02,7,1,762,115,08,,115,135,,82,108,,42,,116,3,008142,,,041942,,,1969,1.0
69IN02438,1968422417,68,2,T2417,4,74,43,,,,,,,3,2,02,7,1,742,114,10,,114,147,,82,119,,42,,142,5,008142,,,041942,,,1969,1.0
69IN02439,1968422418,68,1,T2418,4,78,48,,,,,,,1,2,02,7,1,,130,11,,130,160,3,82,104,,42,0812,166,5,968541,,229,064642,,,1969,1.0
69IN02440,1968422420,68,2,T2420,4,76,47,,,,,,,1,2,02,7,1,761,101,09,,101,134,,82,099,,42,,112,4,107042,,,068442,,,1969,1.0
69IN02441,1968422421,68,2,T2421,4,78,43,,,,,,,1,2,02,7,1,782,110,09,,110,132,,82,104,,42,,143,5,008142,,,009742,,,1969,1.0
69IN02442,1968422422,68,1,T2422,4,73,41,,,,,,,1,2,02,7,2,,132,09,,132,,3,82,093,,42,0602,135,3,040542,,,070342,,,1969,1.0
69IN02443,1968422423,68,1,T2423,4,83,42,,,,,,,1,2,02,7,1,187,115,09,,115,143,2,82,089,,42,0927,140,3,087842,,221,025242,,,1969,1.0
69IN02444,1968422424,68,2,T2424,4,75,42,,,,,,,1,2,02,7,1,752,108,09,,108,138,,82,117,,42,,137,3,087842,,,018542,,,1969,1.0
69IN02445,1968422425,68,2,T2425,4,74,40,,,,,,,2,2,02,7,1, 11,112,09,,112,135,2,82,121,,42,0927,108,4,075942,,,042542,,,1969,1.0
69IN02446,1968422426,68,2,T2426,4,73,40,,,,,,,2,2,02,7,1,730,089,09,,89,122,,82,118,,42,,121,5,075942,,,042542,,,1969,1.0
69IN02447,1968422427,68,1,T2427,4,76,48,,,,,,,2,2,02,7,1,153,141,09,,141,175,2,82,091,,42,1213,160,3,968541,,244,051742,, 1,1969,1.0
69IN02448,1968422429,68,2,T2429,4,74,42,,,,,,,1,2,02,7,1,740,110,09,,110,140,,82,098,,42,,109,2,087842,,,070442,,,1969,1.0
69IN02449,1968422430,68,1,T2430,4,75,42,,,,,,,1,2,02,7,1,,108,11,,108,150,3,82,087,,42,0930,106,2,087842,,245,112342,,,1969,1.0
69IN02450,1968422431,68,1,T2431,4,76,44,,,,,,,2,2,02,7,4,189,107,09,,107,145,2,82,113,,42,0927,115,5,023042,,226,077142,,,1969,1.0
69IN02451,1968422432,68,1,T2432,4,75,44,,,,,,,2,2,02,7,1,189,113,07,,113,140,2,82,100,,42,0927,110,4,023042,,236,077142,,,1969,1.0
69IN02452,1968422433,68,2,T2433,4,74,40,,,,,,,2,2,02,7,1,742,105,08,,105,136,,82,100,,42,,122,4,075942,,,132142,,,1969,1.0
69IN02453,1968422434,68,2,T2434,4,73,40,,,,,,,2,2,02,7,1,731,095,09,,95,125,,82,095,,42,,117,4,075942,,,132142,,,1969,1.0
69IN02454,1968422435,68,2,T2435,4,77,03,,,,,,,1,2,02,9,1,772,111,07,,111,133,,82,104,,42,,113,3,624241,,,942141,,,1969,1.0
69IN02455,1968422438,68,2,T2438,4,73,40,,,,,,,1,2,02,7,1,732,106,09,,106,155,,82,095,,42,,138,4,075942,,,113242,,,1969,1.0
69IN02456,1968422440,68,2,T2440,4,75,47,,,,,,,1,2,02,7,1,751,106,09,,106,125,,82,111,,42,,123,3,107042,,,084742,,,1969,1.0
69IN02457,1968422447,68,1,T2447,4,74,47,,,,,,,1,2,02,7,2,172,147,07,,147,162,2,82,116,,42,0927,126,3,107042,,257,977841,,,1969,1.0
69IN02458,1968422450,68,1,T2450,4,74,41,,,,,,,1,2,02,7,1,188,130,10,,130,165,2,82,097,,42,0927,181,5,040542,,241,123142,,,1969,1.0
69IN02459,1968422453,68,2,T2453,4,74,42,,,,,,,1,2,02,7,1,741,096,10,,96,135,,82,105,,42,,138,4,087842,,,066242,,,1969,1.0
69IN02460,1968422454,68,1,T2454,4,83,46,,,,,,,1,2,02,7,2,183,122,09,,122,160,2,82,114,,42,0927,184,5,137642,,241,074042,,,1969,1.0
69IN02461,1968422455,68,2,T2455,4,76,49,,,,,,,1,2,02,7,1,761,102,10,,102,130,,82,083,,42,,104,3,962541,,,122242,,,1969,1.0
69IN02462,1968422456,68,2,T2456,4,78,48,,,,,,,2,2,02,7,1, 14,112,10,,112,142,2,82,106,,42,0927,153,4,968541,,,084842,,,1969,1.0
69IN02463,1968422457,68,1,T2457,4,78,48,,,,,,,2,2,02,7,1,,103,12,,103,133,3,82,090,,42,0812,131,3,968541,,207,084842,,,1969,1.0
69IN02464,1968422458,68,1,T2458,4,78,40,,,,,,,2,2,02,7,2,,115,10,,115,145,3,82,104,,42,0812,142,4,075942,,223,063942,,,1969,1.0
69IN02465,1968422459,68,1,T2459,4,77,40,,,,,,,2,2,02,7,1,,115,11,,115,140,3,82,129,,42,0812,137,6,075942,,226,063942,, 3,1969,1.0
69IN02466,1968422460,68,2,T2460,4,74,45,,,,,,,3,2,02,7,1,742,110,09,,110,140,,82,102,,42,,130,3,986141,,,058142,,,1969,1.0
69IN02467,1968422462,68,1,T2462,4,73,43,,,,,,,3,2,02,7,2,171,142,11,,142,180,2,82,109,,42,0927,140,5,008142,,243,998441,,,1969,1.0
69IN02468,1968422464,68,1,T2464,4,78,42,,,,,,,1,2,02,7,1,,113,10,,113,145,3,82,111,,42,0812,123,4,087842,,212,133842,,,1969,1.0
69IN02469,1968422465,68,2,T2465,4,73,44,,,,,,,1,2,02,7,1,732,120,09,,120,144,,82,102,,42,,111,3,023042,,,126442,,,1969,1.0
69IN02470,1968422467,68,2,T2467,4,78,45,,,,,,,1,2,02,7,1,780,102,11,,102,130,,82,103,,42,,116,3,986141,,,083142,,,1969,1.0
69IN02471,1968422468,68,2,T2468,4,73,41,,,,,,,1,2,02,7,1,730,110,09,,110,135,,82,122,,42,,132,4,040542,,,143442,,,1969,1.0
69IN02472,1968422471,68,2,T2471,4,78,40,,,,,,,2,2,02,7,1, 15,091,11,,91,125,2,82,100,,42,0927,116,4,075942,,,981541,,,1969,1.0
69IN02473,1968422472,68,2,T2472,4,77,42,,,,,,,3,2,02,7,1,771,102,10,,102,128,,82,128,,42,,131,5,087842,,,036842,,,1969,1.0
69IN02474,1968422473,68,2,T2473,4,75,40,,,,,,,1,2,02,7,1,751,094,11,,94,137,,82,108,,42,,137,4,075942,,,095642,,,1969,1.0
69IN02475,1968422476,68,2,T2476,4,78,40,,,,,,,2,2,02,7,1,780,088,10,,88,114,,82,111,,42,,099,3,075942,,,128942,,,1969,1.0
69IN02476,1968422477,68,2,T2477,4,77,40,,,,,,,2,2,02,7,1,772,090,06,,90,123,,82,115,,42,,092,3,075942,,,128942,,,1969,1.0
69IN02477,1968422478,68,1,T2478,4,75,49,,,,,,,2,2,02,7,2,138,143,08,,143,173,2,82,103,,42,8898,171,4,962541,,256,015342,,,1969,1.0
69IN02478,1968422479,68,2,T2479,4,74,49,,,,,,,2,2,02,7,1,741,095,10,,95,128,,82,095,,42,,119,2,962541,,,015342,,,1969,1.0
69IN02479,1968422482,68,1,T2482,4,74,46,,,,,,,1,2,02,7,1,,120,09,,120,155,3,82,100,,42,0812,161,4,137642,,223,124642,, 3,1969,1.0
69IN02480,1968422483,68,2,T2483,4,76,43,,,,,,,1,2,02,7,1,760,102,12,,102,126,,82,129,,42,,151,6,008142,,,989041,,,1969,1.0
69IN02481,1968422484,68,2,T2484,4,75,42,,,,,,,1,2,02,7,1, 26,120,08,,120,147,2,82,097,,42,0927,122,4,087842,,,088942,,,1969,1.0
69IN02482,1968422485,68,2,T2485,4,74,47,,,,,,,1,2,02,7,1,740,106,07,,106,127,,82,102,,42,,116,4,107042,,,987541,,,1969,1.0
69IN02483,1968422486,68,2,T2486,4,76,44,,,,,,,3,2,02,7,1,761,123,11,,123,150,,82,113,,42,,140,4,023042,,,049142,,,1969,1.0
69IN02484,1968422488,68,2,T2488,4,78,04,,,,,,,3,2,02,9,1,781,104,08,,104,136,,82,097,,42,,100,2,002142,,,899141,,,1969,1.0
69IN02485,1968422489,68,2,T2489,4,77,48,,,,,,,2,2,02,7,1, 16,117,10,,117,153,2,82,095,,42,0927,139,2,968541,,,987341,,,1969,1.0
69IN02486,1968422490,68,2,T2490,4,76,48,,,,,,,2,2,02,7,1, 17,112,09,,112,147,2,82,095,,42,0927,133,4,968541,,,987341,,,1969,1.0
69IN02487,1968422491,68,2,T2491,4,76,48,,,,,,,2,2,02,7,1, 17,115,09,,115,145,2,82,111,,42,0927,112,3,968541,,,027242,,,1969,1.0
69IN02488,1968422492,68,2,T2492,4,75,48,,,,,,,2,2,02,7,1,750,107,06,,107,140,,82,101,,42,,115,3,968541,,,027242,,,1969,1.0
69IN02489,1968422493,68,2,T2493,4,77,43,,,,,,,1,2,02,7,1,771,116,11,,116,140,,82,113,,42,,140,3,008142,,,053642,,,1969,1.0
69IN02490,1968422494,68,2,T2494,4,76,48,,,,,,,1,2,02,7,1,761,113,08,,113,134,,82,100,,42,,151,4,968541,,,109542,,,1969,1.0
69IN02491,1968422495,68,1,T2495,4,83,49,,,,,,,1,2,02,7,1,188,118,10,,118,160,2,82,098,,42,0927,169,5,962541,,231,112842,,,1969,1.0
69IN02492,1968422497,68,1,T2497,4,78,45,,,,,,,2,2,02,7,2,,118,04,,118,150,3,82,084,,42,0812,120,2,986141,,241,048842,,,1969,1.0
69IN02493,1968422499,68,2,T2499,4,77,49,,,,,,,3,2,02,7,1,772,117,09,,117,142,,82,091,,42,,116,3,962541,,,145342,,,1969,1.0
69IN02494,1968422501,68,2,T2501,4,76,42,,,,,,,2,2,02,7,1,762,107,08,,107,128,,82,108,,42,,110,3,087842,,,025042,,,1969,1.0
69IN02495,1968422503,68,2,T2503,4,75,03,,,,,,,3,2,02,Z,1,313,095,09,,95,133,2,82,112,,42,0927,129,4,624241,,,887541,,,1969,1.0
69IN02496,1968422504,68,2,T2504,4,73,45,,,,,,,1,2,02,7,1,732,113,11,,113,147,,82,101,,42,,116,3,986141,,,013642,,,1969,1.0
69IN02497,1968422505,68,2,T2505,4,77,03,,,,,,,1,2,02,9,1,770,120,10,,120,155,,82,115,,42,,143,4,624241,,,895041,,,1969,1.0
69IN02498,1968422506,68,2,T2506,4,78,43,,,,,,,1,2,02,7,1,780,106,10,,106,135,,82,115,,42,,160,4,008142,,,086342,,,1969,1.0
69IN02499,1968422507,68,2,T2507,4,75,44,,,,,,,1,2,02,7,1,752,098,09,,98,125,,82,101,,42,,097,2,023042,,,124442,,,1969,1.0
69IN02500,1968422508,68,2,T2508,4,78,43,,,,,,,1,2,02,7,1, 18,120,09,,120,153,2,82,124,,42,0927,155,5,008142,,,102642,,,1969,1.0
69IN02501,1968422512,68,1,T2512,4,75,47,,,,,,,3,2,02,7,1,142,144,09,,144,160,2,82,091,,42,1202,140,3,107042,,237,010142,, 1,1969,1.0
69IN02502,1968422513,68,1,T2513,4,74,47,,,,,,,3,2,02,7,1,,107,09,,107,135,3,82,103,,42,0812,151,5,107042,,213,010142,,,1969,1.0
69IN02503,1968422514,68,2,T2514,4,77,46,,,,,,,1,2,02,7,1,772,100,08,,100,136,,82,099,,42,,099,2,137642,,,054842,,,1969,1.0
69IN02504,1968422516,68,1,T2516,4,73,48,,,,,,,3,2,02,7,1,176,135,09,,135,180,2,82,111,,42,0927,127,4,968541,,242,028242,,,1969,1.0
69IN02505,1968422519,68,4,T2519,4,,47,,,,,,,3,2,02,7,1,,112,13,,112,140,,82,098,,42,,138,3,107042,,212,002442,,,1969,1.0
69IN02506,1968422520,68,2,T2520,4,73,47,,,,,,,3,2,02,7,1,731,111,09,,111,138,,82,090,,42,,133,2,107042,,,002442,,,1969,1.0
69IN02507,1968422521,68,2,T2521,4,77,43,,,,,,,1,2,02,7,1,772,100,09,,100,135,,82,113,,42,,165,5,008142,,,101242,,,1969,1.0
69IN02508,1968422522,68,2,T2522,4,78,04,,,,,,,2,2,02,9,1,782,104,09,,104,128,,82,101,,42,,092,3,002142,,,960341,,,1969,1.0
69IN02509,1968422523,68,2,T2523,4,76,04,,,,,,,2,2,02,9,1,761,107,09,,107,140,,82,097,,42,,107,2,002142,,,960341,,,1969,1.0
69IN02510,1968422527,68,1,T2527,4,76,47,,,,,,,1,2,02,7,1,177,138,09,,138,165,2,82,108,,42,0927,160,4,107042,,242,130842,,,1969,1.0
69IN02511,1968422529,68,1,T2529,4,77,40,,,,,,,3,2,02,7,1,,110,10,,110,148,3,82,099,,42,0812,147,5,075942,,213,053342,,,1969,1.0
69IN02512,1968422530,68,1,T2530,4,75,40,,,,,,,2,2,02,7,1,,093,11,,93,118,3,82,104,,42,0812,111,5,075942,,217,079042,,,1969,1.0
69IN02513,1968422534,68,1,T2534,4,83,40,,,,,,,3,2,02,7,1,187,118,10,,118,155,2,82,111,,42,0927,141,5,075942,,222,055042,,,1969,1.0
69IN02514,1968422535,68,2,T2535,4,74,40,,,,,,,1,2,02,7,1,740,120,09,,120,153,,82,114,,42,,162,5,075942,,,115442,,,1969,1.0
69IN02515,1968422536,68,1,T2536,4,83,41,,,,,,,3,2,02,7,1,145,150,08,,150,175,2,82,116,,42,1205,152,5,040542,,250,108742,, 1,1969,1.0
69IN02516,1968422541,68,1,T2541,4,78,49,,,,,,,2,2,02,7,2,,112,09,,112,146,3,82,083,,42,0812,128,3,962541,,223,003342,, 4,1969,1.0
69IN02517,1968422542,68,2,T2542,4,74,49,,,,,,,2,2,02,7,1,742,094,09,,94,132,,82,090,,42,,126,2,962541,,,003342,,,1969,1.0
69IN02518,1968422545,68,1,T2545,4,77,42,,,,,,,2,2,02,7,1,,113,10,,113,143,3,82,111,,42,0812,116,4,087842,,222,037342,,,1969,1.0
69IN02519,1968422546,68,2,T2546,4,74,47,,,,,,,2,2,02,7,1,741,107,09,,107,135,,82,111,,42,,136,3,107042,,,085642,,,1969,1.0
69IN02520,1968422547,68,2,T2547,4,78,47,,,,,,,2,2,02,7,1,781,103,10,,103,121,,82,097,,42,,121,4,107042,,,085642,,,1969,1.0
69IN02521,1968422548,68,1,T2548,4,73,49,,,,,,,3,2,02,7,1,,129,07,,129,155,3,82,088,,42,0812,128,3,962541,,237,051142,,,1969,1.0
69IN02522,1968422552,68,1,T2552,4,74,44,,,,,,,3,2,02,7,4,,107,09,,107,127,3,82,091,,42,0812,105,4,023042,,214,039242,,,1969,1.0
69IN02523,1968422555,68,2,T2555,4,78,03,,,,,,,3,2,02,9,1,782,092,09,,92,115,,82,109,,42,,079,3,624241,,,948941,,,1969,1.0
69IN02524,1968422556,68,1,T2556,4,83,47,,,,,,,2,2,02,7,2,147,135,07,,135,168,2,82,104,,42,1207,128,4,107042,,247,977641,, 1,1969,1.0
69IN02525,1968422557,68,2,T2557,4,75,47,,,,,,,2,2,02,7,1,752,099,09,,99,125,,82,101,,42,,090,2,107042,,,977641,,,1969,1.0
69IN02526,1968422563,68,2,T2563,4,03,032,6,,,,,24,2,2,02,1,1,032,105,06,,105,138,,03,099,,42,,091,3,980341,,,493641,,,1969,1.0
69IN02527,1968422564,68,2,T2564,4,03,032,7,,,,,24,2,2,02,1,1,032,102,06,,102,125,,03,113,,42,,116,5,980341,,,493641,,,1969,1.0
69IN02528,1968422567,68,1,T2567,4,78,41,,,,,,,1,2,02,7,2,,130,09,,130,,6,82,099,,42,0801,168,4,040542,,231,002942,,,1969,1.0
69IN02529,1968422569,68,1,T2569,4,,01,,,,,,,,2,08,,1,187,130,09,,130,158,2,,105,,42,0927,124,2,    42,,240,    42,,,1969,1.0
69IN02530,1968422571,68,2,T2571,4,70,722,,,,,,,3,2,02,2,1, 26,102,07,,102,148,2,70,096,,42,0927,130,2,065942,,,950741,,,1969,1.0
69IN02531,1968422573,68,2,T2573,4,74,44,,,,,,,1,2,02,7,1,740,118,09,,118,144,,82,121,,42,,134,5,023042,,,137042,,,1969,1.0
69IN02532,1968422574,68,1,T2574,4,83,45,,,,,,,1,2,02,7,1,186,114,08,,114,142,2,82,099,,42,0927,132,4,986141,,223,061942,,,1969,1.0
69IN02533,1968422575,68,1,T2575,4,73,43,,,,,,,3,2,02,7,2,140,130,11,,130,162,2,82,097,,42,8900,152,3,008142,,232,034142,,,1969,1.0
69IN02534,1968422578,68,1,T2578,4,72,992,,,,,,,3,2,02,3,1,,120,07,,120,145,,72,096,,42,,131,3,121642,,232,501041,,,1969,1.0
69IN02535,1968422580,68,2,T2580,4,76,41,,,,,,,2,2,02,7,1,761,093,09,,93,122,,82,121,,42,,106,4,040542,,,073742,,,1969,1.0
69IN02536,1968422581,68,2,T2581,4,74,04,,,,,,,2,2,02,9,1,740,117,10,,117,140,,82,102,,42,,153,5,002142,,,932241,,,1969,1.0
69IN02537,1968422582,68,2,T2582,4,73,04,,,,,,,2,2,02,9,1, 13,102,08,,102,138,2,82,111,,42,0927,126,4,002142,,,932241,,,1969,1.0
69IN02538,1968422583,68,1,T2583,4,83,45,,,,,,,2,2,02,7,1,,063,07,,63,,3,82,080,,42,0602,061,2,986141,,,057842,,,1969,1.0
69IN02539,1968422584,68,2,T2584,4,77,45,,,,,,,2,2,02,7,1, 25,086,08,,86,116,2,82,103,,42,0927,096,3,986141,,,057842,,,1969,1.0
69IN02540,1968422585,68,2,T2585,4,74,41,,,,,,,1,2,02,7,1,741,090,10,,90,115,,82,115,,42,,109,4,040542,,,147642,,,1969,1.0
69IN02541,1968422588,68,2,T2588,4,73,42,,,,,,,2,2,02,7,1,731,115,09,,115,148,,82,095,,42,,105,4,087842,,,104342,,,1969,1.0
69IN02542,1968422589,68,2,T2589,4,77,42,,,,,,,2,2,02,7,1,772,096,07,,96,120,,82,098,,42,,094,3,087842,,,104342,,,1969,1.0
69IN02543,1968422591,68,1,T2591,4,77,47,,,,,,,3,2,02,7,1,190,098,08,,98,133,2,82,097,,42,0927,084,2,107042,,236,004242,,,1969,1.0
69IN02544,1968422592,68,1,T2592,4,77,45,,,,,,,1,2,02,7,1,,130,12,,130,170,3,82,103,,42,0930,118,5,986141,,225,073642,,,1969,1.0
69IN02545,1968422593,68,4,T2593,4,,49,,,,,,,2,2,02,7,1,,110,10,,110,135,,82,092,,42,,116,3,962541,,224,063842,,,1969,1.0
69IN02546,1968422594,68,2,T2594,4,78,49,,,,,,,2,2,02,7,1,780,107,09,,107,133,,82,099,,42,,115,3,962541,,,063842,,,1969,1.0
69IN02547,1968422596,68,2,T2596,4,75,49,,,,,,,1,2,02,7,1,751,108,09,,108,149,,82,108,,42,,130,3,962541,,,087142,,,1969,1.0
69IN02548,1968422598,68,1,T2598,4,74,46,,,,,,,1,2,02,7,1,,107,11,,107,,6,82,103,,42,0801,151,4,137642,,210,020942,,,1969,1.0
69IN02549,1968422599,68,1,T2599,4,70,712,,,,,,,2,2,02,2,1,,143,09,,143,178,,70,097,,42,,113,3,108242,,258,915341,,,1969,1.0
69IN02550,1968422600,68,1,T2600,4,70,712,,,,,,,2,2,02,2,1,,090,09,,90,125,3,70,092,,42,0812,082,3,108242,,227,915341,,,1969,1.0
69IN02551,1968422603,68,2,T2603,4,74,47,,,,,,,2,2,02,7,1, 13,112,10,,112,126,2,82,106,,42,0927,095,3,107042,,,975341,,,1969,1.0
69IN02552,1968422604,68,1,T2604,4,73,47,,,,,,,2,2,02,7,1,143,135,07,,135,160,2,82,106,,42,1203,133,4,107042,,245,975341,, 1,1969,1.0
69IN02553,1968422605,68,2,T2605,4,73,48,,,,,,,1,2,02,7,1,730,105,09,,105,133,,82,106,,42,,108,2,968541,,,076042,,,1969,1.0
69IN02554,1968422606,68,2,T2606,4,75,48,,,,,,,2,2,02,7,1,751,120,11,,120,155,,82,113,,42,,134,2,968541,,,091642,,,1969,1.0
69IN02555,1968422608,68,2,T2608,4,74,04,,,,,,,1,2,02,9,1,741,117,09,,117,148,,82,102,,42,,126,3,002142,,,948241,,,1969,1.0
69IN02556,1968422609,68,1,T2609,4,83,41,,,,,,,1,2,02,7,1,137,135,09,,135,177,2,82,115,,42,8897,155,5,040542,,242,103242,,,1969,1.0
69IN02557,1968422611,68,2,T2611,4,77,03,,,,,,,3,2,02,9,1, 24,092,08,,92,124,2,82,104,,42,0927,125,4,624241,,,902541,,,1969,1.0
69IN02558,1968422612,68,1,T2612,4,76,40,,,,,,,2,2,02,7,1,,085,08,,85,120,3,82,115,,42,0812,107,5,075942,,211,040742,,,1969,1.0
69IN02559,1968422614,68,2,T2614,4,75,49,,,,,,,1,2,02,7,,,,,,,,6,82,,,42,0510,,,962541,,,023342,,,1969,1.0
69IN02560,1968422615,68,2,T2615,4,75,47,,,,,,,2,2,02,7,1,750,097,08,,97,128,,82,106,,42,,122,3,107042,,,052542,,,1969,1.0
69IN02561,1968422618,68,1,T2618,4,70,732,,,,,,,3,2,02,2,4,,096,08,,96,120,3,70,097,,42,0812,116,4,000842,,215,836241,,,1969,1.0
69IN02562,1968422621,68,2,T2621,4,77,47,,,,,,,3,2,02,7,1,770,100,08,,100,126,,82,091,,42,,106,4,107042,,,140542,,,1969,1.0
69IN02563,1968422624,68,1,T2624,4,73,44,,,,,,,1,2,02,7,1,,112,09,,112,143,3,82,104,,42,0812,127,4,023042,,228,083842,,,1969,1.0
69IN02564,1968422625,68,2,T2625,4,73,44,,,,,,,1,2,02,7,1,730,108,09,,108,140,,82,093,,42,,123,2,023042,,,993041,,,1969,1.0
69IN02565,1968422628,68,2,T2628,4,78,45,,,,,,,1,2,02,7,1,781,101,07,,101,127,,82,101,,42,,120,4,986141,,,093542,,,1969,1.0
69IN02566,1968422629,68,2,T2629,4,75,46,,,,,,,1,2,02,7,1,751,102,06,,102,128,,82,095,,42,,101,2,137642,,,076342,,,1969,1.0
69IN02567,1968422630,68,1,T2630,4,78,42,,,,,,,1,2,02,7,1,190,123,09,,123,140,2,82,092,,42,0927,130,3,087842,,237,124842,,,1969,1.0
69IN02568,1968422631,68,2,T2631,4,08,082,6,,,,,37,1,2,02,1,1,082,090,09,,90,102,,08,104,,42,,107,3,789741,,,823241,,,1969,1.0
69IN02569,1968422636,68,2,T2636,4,76,03,,,,,,,3,2,02,9,1,761,111,09,,111,138,,82,109,,42,,126,3,624241,,,974141,,,1969,1.0
69IN02570,1968422637,68,2,T2637,4,77,41,,,,,,,2,2,02,7,1,772,098,11,,98,127,,82,092,,42,,100,2,040542,,,098942,,,1969,1.0
69IN02571,1968422639,68,1,T2639,4,83,41,,,,,,,1,2,02,7,2,188,118,10,,118,163,2,82,130,,42,0927,151,5,040542,,224,024742,,,1969,1.0
69IN02572,1968422640,68,2,T2640,4,70,722,,,,,,,3,2,02,2,1,700,116,09,,116,144,,70,116,,42,,135,4,065942,,,966341,,,1969,1.0
69IN02573,1968422644,68,2,T2644,4,08,082,7,,,,,41,1,2,02,1,1,082,094,10,,94,117,,08,114,,42,,148,5,789741,,,845441,,,1969,1.0
69IN02574,1968422646,68,1,T2646,4,76,46,,,,,,,2,2,02,7,1,185,115,07,,115,152,2,82,095,,42,0927,135,4,137642,,227,977741,,,1969,1.0
69IN02575,1968422647,68,1,T2647,4,75,46,,,,,,,2,2,02,7,2,,110,07,,110,140,3,82,097,,42,0812,088,3,137642,,243,977741,, 3,1969,1.0
69IN02576,1968422648,68,2,T2648,4,74,41,,,,,,,1,2,02,7,1,742,088,09,,88,122,,82,125,,42,,112,5,040542,,,091742,,,1969,1.0
69IN02577,1968422651,68,1,T2651,4,78,47,,,,,,,2,2,02,7,2,146,133,07,,133,168,2,82,094,,42,1206,126,3,107042,,244,982441,, 1,1969,1.0
69IN02578,1968422652,68,2,T2652,4,76,47,,,,,,,2,2,02,7,1,762,090,08,,90,115,,82,114,,42,,085,3,107042,,,982441,,,1969,1.0
69IN02579,1968422653,68,1,T2653,4,75,45,,,,,,,2,2,02,7,1,189,107,09,,107,138,2,82,091,,42,0927,090,3,986141,,236,018042,,,1969,1.0
69IN02580,1968422656,68,2,T2656,4,72,912,,,,,,,2,2,02,3,1,93,083,10,,83,102,,72,090,,42,,089,2,106142,,,106242,,,1969,1.0
69IN02581,1968422663,68,2,T2663,4,73,03,,,,,,,3,2,02,9,1,731,114,09,,114,150,,82,102,,42,,145,4,624241,,,958941,,,1969,1.0
69IN02582,1968422664,68,1,T2664,4,76,49,,,,,,,1,2,02,7,1,183,152,09,,152,190,2,82,094,,42,0927,162,4,962541,,250,998141,,,1969,1.0
69IN02583,1968422665,68,2,T2665,4,78,41,,,,,,,1,2,02,7,1,780,107,09,,107,137,,82,120,,42,,122,4,040542,,,136142,,,1969,1.0
69IN02584,1968422666,68,2,T2666,4,78,43,,,,,,,1,2,02,7,1,781,089,07,,89,108,,82,099,,42,,076,2,008142,,,069642,,,1969,1.0
69IN02585,1968422667,68,1,T2667,4,74,48,,,,,,,1,2,02,7,1,,118,10,,118,153,3,82,094,,42,0812,131,3,968541,,211,098542,,,1969,1.0
69IN02586,1968422671,68,2,T2671,4,72,982,,,,,,,3,2,02,3,1,95,107,09,,107,138,,72,095,,42,,125,2,135342,,,910741,,,1969,1.0
69IN02587,1968422672,68,2,T2672,4,75,04,,,,,,,3,2,02,9,1,752,083,09,,83,124,,82,104,,42,,104,2,002142,,,901641,,,1969,1.0
69IN02588,1968422673,68,2,T2673,4,74,48,,,,,,,1,2,02,7,1,742,089,09,,89,118,,82,103,,42,,129,3,968541,,,070242,,,1969,1.0
69IN02589,1968422674,68,2,T2674,4,70,732,,,,,,,3,2,02,2,1,701,098,13,,98,128,,70,089,,42,,113,2,000842,,,913941,,,1969,1.0
69IN02590,1968422676,68,2,T2676,4,78,46,,,,,,,3,2,00,7,1,782,106,09,,106,132,,82,102,,42,,094,3,000000,,,000000,,,1969,1.0
69IN02591,1968422679,68,2,T2679,4,70,732,,,,,,,2,2,02,2,1, 11,105,07,,105,138,2,70,116,,42,0927,133,3,000842,,,913241,,,1969,1.0
69IN02592,1968422681,68,2,T2681,4,75,47,,,,,,,3,2,02,7,1,751,116,10,,116,142,,82,110,,42,,127,2,107042,,,001042,,,1969,1.0
69IN02593,1968422684,68,1,T2684,4,75,44,,,,,,,3,2,02,7,1,187,123,09,,123,160,2,82,113,,42,0927,135,5,023042,,229,021442,,,1969,1.0
69IN02594,1968422686,68,1,T2686,4,78,48,,,,,,,3,2,02,7,1,,112,12,,112,138,3,82,096,,42,0812,119,5,968541,,221,982541,,,1969,1.0
69IN02595,1968422688,68,2,T2688,4,70,722,,,,,,,2,2,02,2,1,702,113,09,,113,145,,70,105,,42,,114,2,065942,,,066842,,,1969,1.0
69IN02596,1968422690,68,1,T2690,4,77,45,,,,,,,3,2,02,7,2,,128,06,,128,153,3,82,091,,42,0812,103,2,986141,,241,143142,,,1969,1.0
69IN02597,1968422693,68,2,T2693,4,76,40,,,,,,,2,2,02,7,1, 13,096,07,,96,132,2,82,109,,42,0927,112,3,075942,,,035242,,,1969,1.0
69IN02598,1968422698,68,2,T2698,4,70,722,,,,,,,3,2,02,2,1, 15,108,09,,108,138,2,70,114,,42,0927,113,3,065942,,,415541,,,1969,1.0
69IN02599,1968422700,68,2,T2700,4,70,722,,,,,,,1,2,02,2,1, 18,115,09,,115,160,2,70,092,,42,0927,117,2,065942,,,724141,,,1969,1.0
69IN02600,1968422702,68,1,T2702,4,83,43,,,,,,,3,2,02,7,1,185,132,10,,132,155,2,82,108,,42,0927,154,5,008142,,236,050642,,,1969,1.0
69IN02601,1968422705,68,1,T2705,4,72,822,,,,,,,1,2,02,3,1,,113,10,,113,152,,72,091,,42,,137,3,111942,,220,733541,,,1969,1.0
69IN02602,1968422707,68,2,T2707,4,72,932,,,,,,,3,2,02,3,1, 24,093,14,,93,117,2,72,090,,42,0927,130,2,144942,,,840041,,,1969,1.0
69IN02603,1968422709,68,2,T2709,4,74,48,,,,,,,2,2,02,7,1,740,098,09,,98,132,,82,105,,42,,105,5,968541,,,057042,,,1969,1.0
69IN02604,1968422710,68,2,T2710,4,78,48,,,,,,,2,2,02,7,1,781,098,11,,98,122,,82,109,,42,,113,3,968541,,,057042,,,1969,1.0
69IN02605,1968422711,68,2,T2711,4,76,42,,,,,,,2,2,02,7,1,760,100,11,,100,123,,82,088,,42,,100,3,087842,,,080842,,,1969,1.0
69IN02606,1968422713,68,2,T2713,4,76,45,,,,,,,1,2,02,7,1,760,090,09,,90,113,,82,105,,42,,111,4,986141,,,081342,,,1969,1.0
69IN02607,1968422715,68,1,T2715,4,72,952,,,,,,,2,2,02,3,1,,068,11,,68,,3,72,092,,42,0602,094,4,140742,,,833641,,,1969,1.0
69IN02608,1968422716,68,1,T2716,4,70,722,,,,,,,1,2,02,2,1,183,148,09,,148,180,2,70,087,,42,0927,174,4,065942,,253,147942,,,1969,1.0
69IN02609,1968422717,68,2,T2717,4,72,992,,,,,,,1,2,02,3,1,83,098,09,,98,125,,72,094,,42,,109,3,121642,,,075242,,,1969,1.0
69IN02610,1968422719,68,1,T2719,4,07,072,,,,,,28,2,2,02,1,2,,103,05,,103,133,,07,094,,42,,093,4,992641,,240,002642,,,1969,1.0
69IN02611,1968422721,68,2,T2721,4,77,43,,,,,,,2,2,02,7,1,770,084,10,,84,111,,82,113,,42,,120,3,008142,,,105942,,,1969,1.0
69IN02612,1968422722,68,2,T2722,4,75,43,,,,,,,2,2,02,7,1,751,088,13,,88,122,,82,102,,42,,130,3,008142,,,105942,,,1969,1.0
69IN02613,1968422723,68,2,T2723,4,75,46,,,,,,,1,2,02,7,1, 11,100,10,,100,125,2,82,111,,42,0927,138,3,137642,,,051642,,,1969,1.0
69IN02614,1968422727,68,1,T2727,4,72,962,,,,,,,1,2,02,3,2,190,133,09,,133,163,2,72,107,,42,0927,131,4,115542,,231,025742,,,1969,1.0
69IN02615,1968422729,68,2,T2729,4,76,40,,,,,,,3,2,02,7,1,760,092,07,,92,128,,82,095,,42,,105,2,075942,,,069042,,,1969,1.0
69IN02616,1968422731,68,2,T2731,4,72,902,,,,,,,1,2,02,3,1,90,087,09,,87,111,,72,091,,42,,088,2,139042,,,106542,,,1969,1.0
69IN02617,1968422732,68,1,T2732,4,70,722,,,,,,,1,2,02,2,1,,130,09,,130,175,3,70,100,,42,0812,145,3,065942,,224,010442,,,1969,1.0
69IN02618,1968422733,68,2,T2733,4,70,712,,,,,,,3,2,02,2,1, 14,103,09,,103,140,2,70,094,,42,0927,113,2,108242,,,927441,,,1969,1.0
69IN02619,1968422737,68,1,T2737,4,74,49,,,,,,,3,2,02,7,1,183,137,08,,137,175,2,82,087,,42,0927,134,2,962541,,244,077442,,,1969,1.0
69IN02620,1968422742,68,1,T2742,4,75,41,,,,,,,2,2,02,7,1,,113,10,,113,140,3,82,120,,42,0812,139,4,040542,,228,060542,,,1969,1.0
69IN02621,1968422743,68,2,T2743,4,78,46,,,,,,,2,2,02,7,1,780,103,09,,103,136,,82,104,,42,,121,4,137642,,,993541,,,1969,1.0
69IN02622,1968422744,68,2,T2744,4,76,46,,,,,,,2,2,02,7,1,761,103,09,,103,138,,82,095,,42,,126,3,137642,,,993541,,,1969,1.0
69IN02623,1968422747,68,1,T2747,4,83,46,,,,,,,2,2,02,7,2,,108,09,,108,145,3,82,095,,42,0812,147,3,137642,,217,063542,,,1969,1.0
69IN02624,1968422750,68,1,T2750,4,77,42,,,,,,,3,2,02,7,2,,115,12,,115,153,3,82,101,,42,0812,112,3,087842,,220,064742,,,1969,1.0
69IN02625,1968422755,68,1,T2755,4,72,882,,,,,,,2,2,02,3,1,,098,09,,98,123,3,72,098,,42,0812,117,3,078242,,215,778141,,,1969,1.0
69IN02626,1968422758,68,1,T2758,4,83,40,,,,,,,3,2,02,7,5,,113,08,,113,,3,82,108,,42,0602,139,5,075942,,,110142,,,1969,1.0
69IN02627,1968422760,68,1,T2760,4,83,42,,,,,,,2,2,02,7,2,139,153,06,,153,185,2,82,104,,42,8899,155,3,087842,,266,023942,,,1969,1.0
69IN02628,1968422770,68,2,T2770,4,70,732,,,,,,,2,2,02,2,1, 14,100,07,,100,135,2,70,097,,42,0927,137,2,000842,,,965541,,,1969,1.0
69IN02629,1968422771,68,2,T2771,4,70,732,,,,,,,2,2,02,2,1,701,103,08,,103,134,,70,106,,42,,116,2,000842,,,965541,,,1969,1.0
69IN02630,1968422773,68,2,T2773,4,72,832,,,,,,,1,2,02,3,1, 24,133,08,,133,132,2,72,110,,42,0927,082,2,077642,,,735841,,,1969,1.0
69IN02631,1968422774,68,2,T2774,4,73,47,,,,,,,2,2,02,7,1,732,095,09,,95,127,,82,094,,42,,099,2,107042,,,132842,,,1969,1.0
69IN02632,1968422775,68,2,T2775,4,78,47,,,,,,,2,2,02,7,1,782,090,09,,90,126,,82,112,,42,,111,3,107042,,,132842,,,1969,1.0
69IN02633,1968422782,68,1,T2782,4,72,832,,,,,,,3,2,02,3,2,,100,11,,100,130,,72,088,,42,,117,3,077642,,204,121042,,,1969,1.0
69IN02634,1968422784,68,2,T2784,4,72,802,,,,,,,1,2,02,3,1, 12,103,09,,103,127,2,72,111,,42,0927,107,3,097142,,,723941,,,1969,1.0
69IN02635,1968422785,68,1,T2785,4,72,902,,,,,,,2,2,02,3,4,,088,09,,88,118,,72,092,,42,,087,2,139042,,219,712441,,,1969,1.0
69IN02636,1968422786,68,2,T2786,4,72,902,,,,,,,2,2,02,3,1,94,080,10,,80,96,,72,111,,42,,115,5,139042,,,712441,,,1969,1.0
69IN02637,1968422788,68,4,T2788,4,,49,,,,,,,1,2,02,7,4,,085,13,,85,122,,82,079,,42,,081,2,962541,,220,977041,,,1969,1.0
69IN02638,1968422789,68,1,T2789,4,83,43,,,,,,,3,2,02,7,1,150,135,09,,135,160,2,82,117,,42,1210,143,5,008142,,242,049542,, 1,1969,1.0
69IN02639,1968422791,68,1,T2791,4,77,48,,,,,,,3,2,02,7,4,,103,11,,103,140,3,82,078,,42,0812,114,2,968541,,221,100342,,,1969,1.0
69IN02640,1968422794,68,1,T2794,4,03,032,,,,,,28,2,2,02,1,2,,093,09,,93,120,,03,105,,42,,096,3,980341,,230,841541,,,1969,1.0
69IN02641,1968422795,68,1,T2795,4,08,082,,,,,,27,1,2,02,1,1,,110,08,,110,140,,08,099,,42,,117,4,789741,,239,631841,,,1969,1.0
69IN02642,1968422798,68,4,T2798,4,,072,,,,,,28,2,2,02,1,2,,100,06,,100,126,,07,110,,42,,126,4,992641,,221,504741,,,1969,1.0
69IN02643,1968422800,68,2,T2800,4,70,722,,,,,,,3,2,02,2,1, 12,098,08,,98,138,2,70,103,,42,0927,097,4,065942,,,042142,,,1969,1.0
69IN02644,1968422802,68,2,T2802,4,77,47,,,,,,,1,2,02,7,1,771,101,08,,101,128,,82,097,,42,,098,2,107042,,,092242,,,1969,1.0
69IN02645,1968422803,68,1,T2803,4,70,712,,,,,,,3,2,02,2,1,184,170,08,,170,185,2,70,098,,42,0927,135,5,108242,,283,902841,,,1969,1.0
69IN02646,1968422805,68,2,T2805,4,14,142,6,,,,,32,3,2,02,1,1,142,085,11,,85,113,,14,098,,42,,094,2,862041,,,796041,,,1969,1.0
69IN02647,1968422809,68,1,T2809,4,73,46,,,,,,,1,2,02,7,1,186,135,07,,135,150,2,82,108,,42,0927,127,3,137642,,236,070642,,,1969,1.0
69IN02648,1968422810,68,2,T2810,4,76,03,,,,,,,3,2,02,9,1,762,103,09,,103,135,,82,119,,42,,114,5,624241,,,884741,,,1969,1.0
69IN02649,1968422811,68,2,T2811,4,75,47,,,,,,,1,2,02,7,1,752,126,08,,126,155,,82,099,,42,,131,4,107042,,,100242,,,1969,1.0
69IN02650,1968422812,68,1,T2812,4,83,46,,,,,,,2,2,02,7,1,,095,06,,95,132,3,82,096,,42,0812,138,3,137642,,211,114142,,,1969,1.0
69IN02651,1968422813,68,2,T2813,4,74,46,,,,,,,2,2,02,7,1,740,104,08,,104,126,,82,097,,42,,115,2,137642,,,114142,,,1969,1.0
69IN02652,1968422814,68,1,T2814,4,73,40,,,,,,,1,2,02,7,6,,096,05,,96,,3,82,105,,42,0602,130,4,075942,,,078642,,,1969,1.0
69IN02653,1968422815,68,1,T2815,4,76,46,,,,,,,2,2,02,7,1,,102,08,,102,130,3,82,095,,42,0812,103,2,137642,,224,021742,,,1969,1.0
69IN02654,1968422816,68,1,T2816,4,75,46,,,,,,,2,2,02,7,1,189,118,09,,118,155,2,82,091,,42,0927,151,3,137642,,224,021742,,,1969,1.0
69IN02655,1968422822,68,1,T2822,4,72,972,,,,,,,1,2,02,3,,,,,,,,6,72,,,42,0123,,,106342,,,082942,,,1969,1.0
69IN02656,1968422823,68,2,T2823,4,74,44,,,,,,,3,2,02,7,1,741,095,09,,95,125,,82,104,,42,,090,4,023042,,,134342,,,1969,1.0
69IN02657,1968422827,68,2,T2827,4,73,49,,,,,,,2,2,02,7,1, 10,089,08,,89,122,2,82,108,,42,0927,103,3,962541,,,004342,,,1969,1.0
69IN02658,1968422828,68,2,T2828,4,78,49,,,,,,,2,2,02,7,1,781,098,07,,98,138,,82,107,,42,,114,5,962541,,,004342,,,1969,1.0
69IN02659,1968422829,68,1,T2829,4,83,45,,,,,,,1,2,02,7,1,175,140,06,,140,175,2,82,114,,42,0927,127,4,986141,,251,036142,,,1969,1.0
69IN02660,1968422830,68,2,T2830,4,75,03,,,,,,,3,2,02,9,1, 16,095,09,,95,122,2,82,101,,42,0927,096,3,624241,,,955741,,,1969,1.0
69IN02661,1968422831,68,2,T2831,4,73,47,,,,,,,1,2,02,7,1, 11,108,10,,108,135,2,82,102,,42,0927,119,3,107042,,,081442,,,1969,1.0
69IN02662,1968422832,68,2,T2832,4,72,922,,,,,,,1,2,02,3,1, 23,096,06,,96,118,2,72,110,,42,0927,102,3,134142,,,844041,,,1969,1.0
69IN02663,1968422833,68,2,T2833,4,76,04,,,,,,,3,2,02,9,1,762,087,09,,87,128,,82,098,,42,,100,2,002142,,,971641,,,1969,1.0
69IN02664,1968422834,68,4,T2834,4,,44,,,,,,,3,2,02,7,1,,113,12,,113,135,,82,093,,42,,121,2,023042,,216,059142,,,1969,1.0
69IN02665,1968422837,68,2,T2837,4,73,46,,,,,,,1,2,02,7,1,731,108,09,,108,127,,82,104,,42,,112,3,137642,,,092142,,,1969,1.0
69IN02666,1968422838,68,2,T2838,4,78,,,,,,,,,2,02,7,1,782,103,07,,103,143,,,126,,42,,122,5,    42,,,    42,,,1969,1.0
69IN02667,1968422840,68,2,T2840,4,70,732,,,,,,,3,2,02,2,1, 26,103,10,,103,138,2,70,105,,42,0927,137,2,000842,,,440041,,,1969,1.0
69IN02668,1968422844,68,1,T2844,4,74,43,,,,,,,1,2,02,7,2,184,138,12,,138,170,2,82,106,,42,0927,180,5,008142,,237,109242,,,1969,1.0
69IN02669,1968422845,68,2,T2845,4,70,712,,,,,,,3,2,02,2,1, 18,108,14,,108,145,2,70,084,,42,0927,106,3,108242,,,489241,,,1969,1.0
69IN02670,1968422847,68,1,T2847,4,07,072,,,,,,35,2,2,02,1,2,,145,11,,145,170,,07,087,,42,,159,3,992641,,242,053442,,,1969,1.0
69IN02671,1968422849,68,2,T2849,4,77,42,,,,,,,2,2,02,7,1,770,103,09,,103,127,,82,088,,42,,082,2,087842,,,088542,,,1969,1.0
69IN02672,1968422853,68,2,T2853,4,76,03,,,,,,,3,2,02,9,1,760,096,07,,96,135,,82,105,,42,,090,3,624241,,,924641,,,1969,1.0
69IN02673,1968422856,68,1,T2856,4,74,42,,,,,,,1,2,02,7,,,,,,,,,82,,,42,,,,087842,,,136242,,,1969,1.0
69IN02674,1968422857,68,2,T2857,4,08,082,6,,,,,37,1,2,02,1,1,082,102,10,,102,127,,08,093,,42,,139,3,789741,,,027442,,,1969,1.0
69IN02675,1968422860,68,1,T2860,4,72,802,,,,,,,1,2,02,3,1,,103,09,,103,,6,72,112,,42,0525,120,4,097142,,,106642,,,1969,1.0
69IN02676,1968422861,68,1,T2861,4,70,712,,,,,,,2,2,02,2,2,,152,08,,152,180,,70,085,,42,,121,3,108242,,264,806741,,,1969,1.0
69IN02677,1968422862,68,2,T2862,4,70,712,,,,,,,2,2,02,2,1, 12,106,10,,106,133,2,70,103,,42,0927,104,3,108242,,,806741,,,1969,1.0
69IN02678,1968422863,68,2,T2863,4,72,932,,,,,,,2,2,02,3,1,92,102,08,,102,125,,72,103,,42,,139,4,144942,,,031942,,,1969,1.0
69IN02679,1968422864,68,1,T2864,4,72,932,,,,,,,2,2,02,3,2,,100,06,,100,135,3,72,099,,42,0812,092,3,144942,,214,031942,,,1969,1.0
69IN02680,1968422865,68,2,T2865,4,78,44,,,,,,,2,2,02,7,1, 12,090,09,,90,130,2,82,090,,42,0927,088,2,023042,,,139442,,,1969,1.0
69IN02681,1968422866,68,2,T2866,4,77,44,,,,,,,2,2,02,7,1,772,086,11,,86,113,,82,089,,42,,066,4,023042,,,139442,,,1969,1.0
69IN02682,1968422868,68,2,T2868,4,72,982,,,,,,,3,2,02,3,1, 24,080,09,,80,103,2,72,106,,42,0927,129,5,135342,,,508941,,,1969,1.0
69IN02683,1968422869,68,2,T2869,4,70,722,,,,,,,2,2,02,2,1, 17,110,09,,110,145,2,70,104,,42,0927,105,2,065942,,,108142,,,1969,1.0
69IN02684,1968422870,68,1,T2870,4,70,722,,,,,,,2,2,02,2,1,183,157,08,,157,180,2,70,110,,42,0927,127,4,065942,,273,108142,,,1969,1.0
69IN02685,1968422871,68,2,T2871,4,76,46,,,,,,,1,2,02,7,1,762,095,09,,95,122,,82,119,,42,,117,4,137642,,,114542,,,1969,1.0
69IN02686,1968422872,68,2,T2872,4,74,44,,,,,,,1,2,02,7,1, 23,103,09,,103,132,2,82,089,,42,0927,124,3,023042,,,069742,,,1969,1.0
69IN02687,1968422873,68,2,T2873,4,70,722,,,,,,,2,2,02,2,1, 24,091,09,,91,120,2,70,102,,42,0927,099,3,065942,,,869041,,,1969,1.0
69IN02688,1968422874,68,1,T2874,4,70,722,,,,,,,2,2,02,2,2,,150,10,,150,168,,70,100,,42,,109,3,065942,,263,869041,,,1969,1.0
69IN02689,1968422876,68,1,T2876,4,14,142,,,,,,40,2,2,02,1,1,,094,09,,94,118,3,14,092,,42,0812,110,3,862041,,221,804441,,,1969,1.0
69IN02690,1968422877,68,2,T2877,4,14,142,7,,,,,40,2,2,02,1,1,142,098,06,,98,110,,14,111,,42,,114,4,862041,,,804441,,,1969,1.0
69IN02691,1968422879,68,2,T2879,4,74,47,,,,,,,3,2,02,7,1,742,103,08,,103,134,,82,105,,42,,108,2,107042,,,996041,,,1969,1.0
69IN02692,1968422880,68,2,T2880,4,75,41,,,,,,,1,2,02,7,1,750,120,11,,120,134,,82,103,,42,,105,3,040542,,,132242,,,1969,1.0
69IN02693,1968422881,68,1,T2881,4,72,972,,,,,,,1,2,02,3,1,144,144,08,,144,170,2,72,102,,42,1204,128,4,106342,,241,024842,, 1,1969,1.0
69IN02694,1968422882,68,2,T2882,4,73,45,,,,,,,1,2,02,7,1,730,108,08,,108,132,,82,111,,42,,114,3,986141,,,062342,,,1969,1.0
69IN02695,1968422883,68,1,T2883,4,75,43,,,,,,,1,2,02,7,4,,110,12,,110,148,3,82,103,,42,0812,125,4,008142,,216,068042,,,1969,1.0
69IN02696,1968422885,68,2,T2885,4,78,45,,,,,,,2,2,02,7,1, 23,071,07,,71,96,2,82,103,,42,0927,073,3,986141,,,985741,,,1969,1.0
69IN02697,1968422889,68,2,T2889,4,70,732,,,,,,,3,2,02,2,1, 11,106,07,,106,127,2,70,106,,42,0927,091,3,000842,,,031342,,,1969,1.0
69IN02698,1968422893,68,2,T2893,4,72,812,,,,,,,1,2,02,3,1,81,110,11,,110,130,,72,105,,42,,106,3,096642,,,994141,,,1969,1.0
69IN02699,1968422894,68,2,T2894,4,76,46,,,,,,,1,2,02,7,1,760,115,07,,115,140,,82,124,,42,,161,6,137642,,,987241,,,1969,1.0
69IN02700,1968422898,68,2,T2898,4,74,46,,,,,,,3,2,02,7,1,741,104,08,,104,128,,82,108,,42,,113,2,137642,,,075742,,,1969,1.0
69IN02701,1968422900,68,1,T2900,4,70,732,,,,,,,1,2,02,2,2,,145,10,,145,153,,70,098,,42,,154,4,000842,,239,021542,,,1969,1.0
69IN02702,1968422904,68,2,T2904,4,70,722,,,,,,,2,2,02,2,1,700,103,08,,103,143,,70,087,,42,,085,2,065942,,,597841,,,1969,1.0
69IN02703,1968422907,68,4,T2907,4,,42,,,,,,,3,2,02,7,2,,102,11,,102,128,,82,098,,42,,121,3,087842,,216,096942,,,1969,1.0
69IN02704,1968422909,68,2,T2909,4,76,47,,,,,,,3,2,02,7,1,760,130,06,,130,158,,82,109,,42,,140,4,107042,,,056342,,,1969,1.0
69IN02705,1968422912,68,2,T2912,4,72,892,,,,,,,3,2,02,3,1,84,093,10,,93,128,,72,110,,42,,117,3,142142,,,015042,,,1969,1.0
69IN02706,1968422914,68,2,T2914,4,76,42,,,,,,,2,2,02,7,1,761,111,09,,111,133,,82,095,,42,,089,2,087842,,,981341,,,1969,1.0
69IN02707,1968422917,68,1,T2917,4,78,45,,,,,,,1,2,02,7,4,173,160,08,,160,170,2,82,094,,42,0927,116,3,986141,,279,116742,,,1969,1.0
69IN02708,1968422919,68,2,T2919,4,73,43,,,,,,,2,2,02,7,1,730,106,11,,106,128,,82,119,,42,,112,4,008142,,,012342,,,1969,1.0
69IN02709,1968422920,68,1,T2920,4,76,40,,,,,,,1,2,02,7,1,189,118,07,,118,158,2,82,100,,42,0927,155,5,075942,,226,073842,,,1969,1.0
69IN02710,1968422921,68,1,T2921,4,72,912,,,,,,,3,2,02,3,2,,074,10,,74,106,,72,096,,42,,091,2,106142,,195,142842,,,1969,1.0
69IN02711,1968422923,68,1,T2923,4,74,45,,,,,,,2,2,02,7,2,,107,11,,107,131,3,82,102,,42,0812,104,3,986141,,228,145142,,,1969,1.0
69IN02712,1968422924,68,2,T2924,4,77,45,,,,,,,2,2,02,7,1,771,093,12,,93,127,,82,092,,42,,095,2,986141,,,145142,,,1969,1.0
69IN02713,1968422925,68,2,T2925,4,74,46,,,,,,,2,2,02,7,1,742,108,07,,108,136,,82,099,,42,,126,3,137642,,,010342,,,1969,1.0
69IN02714,1968422926,68,2,T2926,4,73,46,,,,,,,2,2,02,7,1,732,098,07,,98,120,,82,103,,42,,110,3,137642,,,010342,,,1969,1.0
69IN02715,1968422928,68,2,T2928,4,70,712,,,,,,,2,2,02,2,1, 17,106,09,,106,142,2,70,095,,42,0927,124,4,108242,,,789641,,,1969,1.0
69IN02716,1968422931,68,2,T2931,4,70,722,,,,,,,2,2,02,2,1,700,107,09,,107,127,,70,116,,42,,119,5,065942,,,974441,,,1969,1.0
69IN02717,1968422932,68,2,T2932,4,70,722,,,,,,,2,2,02,2,1, 23,112,08,,112,134,2,70,099,,42,0927,095,3,065942,,,974441,,,1969,1.0
69IN02718,1968422933,68,1,T2933,4,70,732,,,,,,,2,2,02,2,2,,135,10,,135,165,,70,096,,42,,174,3,000842,,254,714641,,,1969,1.0
69IN02719,1968422934,68,2,T2934,4,70,732,,,,,,,2,2,02,2,1,010,085,09,,85,116,2,70,103,,42,0927,099,2,000842,,,714641,,,1969,1.0
69IN02720,1968422935,68,2,T2935,4,74,47,,,,,,,1,2,02,7,1,740,103,09,,103,120,,82,105,,42,,109,3,107042,,,085742,,,1969,1.0
69IN02721,1968422937,68,1,T2937,4,72,992,,,,,,,1,2,02,3,1,,098,09,,98,130,3,72,071,,42,0812,121,2,121642,,214,910641,,,1969,1.0
69IN02722,1968422938,68,1,T2938,4,08,082,,,,,,27,1,2,02,1,1,,092,09,,92,126,,08,094,,42,,120,4,789741,,218,654941,,,1969,1.0
69IN02723,1968422939,68,1,T2939,4,83,41,,,,,,,1,2,02,7,1,,157,08,,157,185,3,82,100,,42,0812,150,3,040542,,253,146642,,,1969,1.0
69IN02724,1968422941,68,1,T2941,4,70,732,,,,,,,2,2,02,2,1,,124,09,,124,155,,70,102,,42,,142,3,000842,,244,929441,,,1969,1.0
69IN02725,1968422942,68,2,T2942,4,70,732,,,,,,,2,2,02,2,1,702,092,09,,92,125,,70,093,,42,,130,2,000842,,,929441,,,1969,1.0
69IN02726,1968422945,68,2,T2945,4,76,48,,,,,,,2,2,02,7,1,762,093,06,,93,130,,82,097,,42,,080,2,968541,,,991541,,,1969,1.0
69IN02727,1968422946,68,2,T2946,4,75,48,,,,,,,2,2,02,7,1,752,094,11,,94,122,,82,093,,42,,102,2,968541,,,991541,,,1969,1.0
69IN02728,1968422947,68,1,T2947,4,03,032,,,,,,26,1,2,02,1,1,,095,09,,95,130,,03,087,,42,,091,2,980341,,237,071842,,,1969,1.0
69IN02729,1968422949,68,2,T2949,4,75,48,,,,,,,2,2,02,7,1,750,108,09,,108,128,,82,112,,42,,123,3,968541,,,021642,,,1969,1.0
69IN02730,1968422950,68,2,T2950,4,72,932,,,,,,,1,2,02,3,1,86,110,11,,110,138,,72,100,,42,,124,4,144942,,,656541,,,1969,1.0
69IN02731,1968422951,68,2,T2951,4,72,972,,,,,,,1,2,02,3,1,88,116,09,,116,138,,72,109,,42,,111,3,106342,,,916541,,,1969,1.0
69IN02732,1968422952,68,1,T2952,4,72,922,,,,,,,2,2,02,3,6,,120,11,,120,148,,72,090,,42,,111,3,134142,,217,041342,,,1969,1.0
69IN02733,1968422953,68,2,T2953,4,72,922,,,,,,,2,2,02,3,1,96,088,06,,88,118,,72,098,,42,,099,2,134142,,,041342,,,1969,1.0
69IN02734,1968422954,68,2,T2954,4,73,03,,,,,,,3,2,02,9,1,732,111,11,,111,142,,82,106,,42,,101,3,624241,,,907341,,,1969,1.0
69IN02735,1968422956,68,2,T2956,4,70,712,,,,,,,3,2,02,2,1, 23,095,10,,95,118,2,70,081,,42,0927,083,2,108242,,,909241,,,1969,1.0
69IN02736,1968422957,68,1,T2957,4,83,48,,,,,,,1,2,02,7,1,185,133,10,,133,175,2,82,110,,42,0927,125,5,968541,,228,109442,,,1969,1.0
69IN02737,1968422958,68,2,T2958,4,77,43,,,,,,,1,2,02,7,1,771,113,09,,113,114,,82,116,,42,,122,3,008142,,,034342,,,1969,1.0
69IN02738,1968422959,68,2,T2959,4,70,712,,,,,,,1,2,02,2,1, 15,132,10,,132,140,2,70,099,,42,0927,088,3,108242,,,125242,,,1969,1.0
69IN02739,1968422962,68,2,T2962,4,70,732,,,,,,,2,2,02,2,,,,,,,,6,70,,,42,0123,,,000842,,,021242,,,1969,1.0
69IN02740,1968422964,68,2,T2964,4,70,722,,,,,,,3,2,02,2,1,700,077,11,,77,101,,70,108,,42,,088,2,065942,,,489341,,,1969,1.0
69IN02741,1968422966,68,2,T2966,4,70,712,,,,,,,1,2,02,2,1,701,106,09,,106,137,,70,098,,42,,099,2,108242,,,086742,,,1969,1.0
69IN02742,1968422968,68,2,T2968,4,77,48,,,,,,,3,2,02,7,1,770,098,09,,98,128,,82,104,,42,,089,3,968541,,,114642,,,1969,1.0
69IN02743,1968422969,68,2,T2969,4,75,41,,,,,,,3,2,02,7,1,751,123,09,,123,138,,82,131,,42,,133,5,040542,,,044142,,,1969,1.0
69IN02744,1968422971,68,2,T2971,4,76,46,,,,,,,2,2,02,7,1, 24,106,08,,106,122,2,82,095,,42,0927,114,3,137642,,,104642,,,1969,1.0
69IN02745,1968422973,68,1,T2973,4,77,46,,,,,,,1,2,02,7,1,,122,11,,122,150,3,82,118,,42,0812,140,5,137642,,225,030842,,,1969,1.0
69IN02746,1968422974,68,1,T2974,4,75,48,,,,,,,1,2,02,7,1,,128,10,,128,160,3,82,093,,42,0812,145,3,968541,,226,076142,,,1969,1.0
69IN02747,1968422975,68,1,T2975,4,77,43,,,,,,,1,2,02,7,1,174,134,09,,134,165,2,82,102,,42,0927,150,4,008142,,240,118742,,,1969,1.0
69IN02748,1968422976,68,2,T2976,4,73,41,,,,,,,1,2,02,7,1,731,132,09,,132,153,,82,114,,42,,136,4,040542,,,060142,,,1969,1.0
69IN02749,1968422977,68,2,T2977,4,72,982,,,,,,,2,2,02,3,1, 25,093,09,,93,123,2,72,112,,42,0927,109,3,135342,,,080642,,,1969,1.0
69IN02750,1968422978,68,1,T2978,4,72,982,,,,,,,2,2,02,3,2,,114,09,,114,152,,72,090,,42,,117,5,135342,,223,080642,,,1969,1.0
69IN02751,1968422979,68,2,T2979,4,70,712,,,,,,,1,2,02,2,1,700,115,09,,115,140,,70,101,,42,,109,3,108242,,,691841,,,1969,1.0
69IN02752,1968422981,68,1,T2981,4,72,832,,,,,,,3,2,02,3,1,,110,11,,110,133,3,72,091,,42,0812,103,4,077642,,223,996741,,,1969,1.0
69IN02753,1968422984,68,1,T2984,4,77,44,,,,,,,1,2,02,7,1,,115,12,,115,158,3,82,105,,42,0812,138,4,023042,,218,025342,,,1969,1.0
69IN02754,1968422986,68,1,T2986,4,72,892,,,,,,,2,2,02,3,,,,,,,,,72,,,42,,,,142142,,,780941,,,1969,1.0
69IN02755,1968422987,68,2,T2987,4,72,902,,,,,,,2,2,02,3,1,97,100,08,,100,133,,72,099,,42,,093,3,139042,,,851541,,,1969,1.0
69IN02756,1968422988,68,2,T2988,4,72,902,,,,,,,2,2,02,3,1, 16,094,07,,94,125,2,72,097,,42,0927,093,2,139042,,,851541,,,1969,1.0
69IN02757,1968422989,68,2,T2989,4,78,48,,,,,,,3,2,02,7,1,,068,08,,68,83,3,82,121,,42,1229,113,3,968541,,,134242,,,1969,1.0
69IN02758,1968422990,68,2,T2990,4,77,48,,,,,,,3,2,02,7,1,771,090,10,,90,114,,82,095,,42,,103,3,968541,,,134242,,,1969,1.0
69IN02759,1968422991,68,2,T2991,4,78,03,,,,,,,2,2,02,9,1,780,100,12,,100,128,,08,122,,42,,129,4,624241,,,938141,,,1969,1.0
69IN02760,1968422992,68,2,T2992,4,77,03,,,,,,,2,2,02,9,1,771,098,12,,98,136,,08,113,,42,,122,4,624241,,,938141,,,1969,1.0
69IN02761,1968422994,68,2,T2994,4,77,45,,,,,,,3,2,02,7,1, 18,130,10,,130,155,2,82,094,,42,0927,121,2,986141,,,992841,,,1969,1.0
69IN02762,1968422995,68,1,T2995,4,70,732,,,,,,,1,2,02,2,4,190,118,09,,118,160,2,70,088,,42,0927,134,4,000842,,226,720741,,,1969,1.0
69IN02763,1968422996,68,4,T2996,4,,032,,,,,,24,1,2,02,1,2,,083,07,,83,120,,03,103,,42,,095,3,980341,,231,620441,,,1969,1.0
69IN02764,1968422997,68,1,T2997,4,70,732,,,,,,,2,2,02,2,1,187,125,09,,125,155,2,70,107,,42,0927,143,5,000842,,232,503941,,,1969,1.0
69IN02765,1968423001,68,2,T3001,4,70,732,,,,,,,1,2,02,2,,,,,,,,6,70,,,42,0510,,,000842,,,122842,,,1969,1.0
69IN02766,1968423002,68,1,T3002,4,14,142,,,,,,37,1,2,02,1,1,,095,07,,95,130,3,14,099,,42,0812,117,3,862041,,219,866541,,,1969,1.0
69IN02767,1968423003,68,2,T3003,4,76,48,,,,,,,1,2,02,7,1,760,128,04,,128,145,,82,097,,42,,124,2,968541,,,008642,,,1969,1.0
69IN02768,1968423004,68,1,T3004,4,74,41,,,,,,,1,2,02,7,1,,133,09,,133,150,3,82,121,,42,0930,155,5,040542,,239,131642,,,1969,1.0
69IN02769,1968423012,68,2,T3012,4,72,882,,,,,,,2,2,02,3,1, 10,087,07,,87,115,2,72,082,,42,0927,104,2,078242,,,904241,,,1969,1.0
69IN02770,1968423013,68,1,T3013,4,72,962,,,,,,,3,2,02,3,1,,096,09,,96,130,,72,104,,42,,103,4,115542,,210,827741,,,1969,1.0
69IN02771,1968423014,68,1,T3014,4,72,872,,,,,,,2,2,02,3,2,,097,09,,97,142,,72,103,,42,,127,5,148642,,215,896841,,,1969,1.0
69IN02772,1968423015,68,2,T3015,4,72,872,,,,,,,2,2,02,3,1,98,071,07,,71,105,,72,097,,42,,094,3,148642,,,896841,,,1969,1.0
69IN02773,1968423017,68,1,T3017,4,73,49,,,,,,,2,2,02,7,2,,079,09,,79,120,3,82,089,,42,0812,094,3,962541,,210,019142,,,1969,1.0
69IN02774,1968423019,68,2,T3019,4,70,712,,,,,,,3,2,02,2,1, 24,107,06,,107,137,2,70,108,,42,0927,091,2,108242,,,564441,,,1969,1.0
69IN02775,1968423022,68,1,T3022,4,72,862,,,,,,,3,2,02,3,1,,095,09,,95,130,,72,102,,42,,107,3,079642,,210,124942,,,1969,1.0
69IN02776,1968423024,68,1,T3024,4,70,712,,,,,,,1,2,02,2,1,,113,09,,113,,3,70,099,,42,0602,132,4,108242,,,698541,,,1969,1.0
69IN02777,1968423025,68,2,T3025,4,72,852,,,,,,,1,2,02,3,1,99,111,09,,111,134,,72,094,,42,,121,3,084042,,,890641,,,1969,1.0
69IN02778,1968423027,68,1,T3027,4,70,722,,,,,,,2,2,02,2,4,,123,09,,123,155,3,70,099,,42,0812,118,3,065942,,239,913541,,,1969,1.0
69IN02779,1968423029,68,1,T3029,4,08,082,,,,,,29,1,2,02,1,1,,103,09,,103,125,,08,093,,42,,136,4,789741,,226,639441,,,1969,1.0
69IN02780,1968423031,68,1,T3031,4,70,712,,,,,,,2,2,02,2,2,151,130,09,,130,170,2,70,096,,42,1211,130,4,108242,,246,916941,, 1,1969,1.0
69IN02781,1968423032,68,1,T3032,4,70,712,,,,,,,2,2,02,2,1,149,143,10,,143,185,2,70,085,,42,1209,134,4,108242,,250,916941,, 1,1969,1.0
69IN02782,1968423033,68,2,T3033,4,72,812,,,,,,,2,2,02,3,1,80,102,09,,102,124,,72,112,,42,,122,6,096642,,,874741,,,1969,1.0
69IN02783,1968423034,68,1,T3034,4,72,812,,,,,,,2,2,02,3,1,,096,09,,96,130,,72,094,,42,,096,3,096642,,218,874741,,,1969,1.0
69IN02784,1968423036,68,2,T3036,4,70,722,,,,,,,3,2,02,2,1, 14,107,10,,107,137,2,70,080,,42,0927,106,2,065942,,,968941,,,1969,1.0
69IN02785,1968423040,68,2,T3040,4,70,732,,,,,,,2,2,02,2,1,702,094,07,,94,115,,70,095,,42,,106,2,000842,,,991241,,,1969,1.0
69IN02786,1968423043,68,2,T3043,4,75,44,,,,,,,1,2,02,7,1,750,113,09,,113,138,,82,105,,42,,127,5,023042,,,023642,,,1969,1.0
69IN02787,1968423047,68,2,T3047,4,73,44,,,,,,,2,2,02,7,1,731,092,08,,92,120,,82,103,,42,,096,3,023042,,,985041,,,1969,1.0
69IN02788,1968423048,68,4,T3048,4,,822,,,,,,,1,2,02,3,1,,126,09,,126,155,2,72,112,,42,0927,151,5,111942,,226,996641,,,1969,1.0
69IN02789,1968423049,68,1,T3049,4,72,912,,,,,,,1,2,02,3,1,,093,09,,93,130,3,72,096,,42,0812,132,3,106142,,208,694741,,,1969,1.0
69IN02790,1968423051,68,2,T3051,4,72,952,,,,,,,1,2,02,3,1, 18,120,09,,120,145,2,72,116,,42,0927,134,5,140742,,,050542,,,1969,1.0
69IN02791,1968423052,68,1,T3052,4,70,712,,,,,,,1,2,02,2,1,184,143,09,,143,160,2,70,099,,42,0927,136,4,108242,,253,971241,,,1969,1.0
69IN02792,1968423054,68,2,T3054,4,70,712,,,,,,,2,2,02,2,1, 18,120,08,,120,147,2,70,095,,42,0927,121,2,108242,,,111142,,,1969,1.0
69IN02793,1968423055,68,4,T3055,4,,712,,,,,,,2,2,02,2,1,,104,10,,104,137,,70,092,,42,,099,3,108242,,221,111142,,,1969,1.0
69IN02794,1968423056,68,2,T3056,4,08,082,7,,,,,36,1,2,02,1,1,082,081,11,,81,102,,08,108,,42,,098,3,789741,,,659041,,,1969,1.0
69IN02795,1968423057,68,1,T3057,4,76,44,,,,,,,2,2,02,7,1,,133,06,,133,157,3,82,114,,42,0812,146,5,023042,,248,981641,,,1969,1.0
69IN02796,1968423059,68,1,T3059,4,14,142,,,,,,37,2,2,02,1,1,,120,09,,120,142,,14,116,,42,,140,5,862041,,238,859641,,,1969,1.0
69IN02797,1968423060,68,1,T3060,4,14,142,,,,,,37,2,2,02,1,4,,105,08,,105,137,,14,103,,42,,109,3,862041,,230,859641,,,1969,1.0
69IN02798,1968423061,68,2,T3061,4,72,892,,,,,,,3,2,02,3,1,82,082,08,,82,116,,72,085,,42,,091,3,142142,,,134642,,,1969,1.0
69IN02799,1968423063,68,2,T3063,4,14,142,6,,,,,33,1,2,02,1,1,142,098,05,,98,127,,14,116,,42,,121,4,862041,,,064342,,,1969,1.0
69IN02800,1968423064,68,2,T3064,4,75,46,,,,,,,1,2,02,7,1,752,101,09,,101,125,,82,092,,42,,095,3,137642,,,130742,,,1969,1.0
69IN02801,1968423065,68,2,T3065,4,70,732,,,,,,,3,2,02,2,1, 10,101,08,,101,124,2,70,098,,42,0927,128,2,000842,,,805741,,,1969,1.0
69IN02802,1968423067,68,1,T3067,4,72,852,,,,,,,2,2,02,3,1,,080,10,,80,117,,72,088,,42,,103,3,084042,,197,750341,,,1969,1.0
69IN02803,1968423068,68,2,T3068,4,72,852,,,,,,,2,2,02,3,1,85,091,10,,91,118,,72,109,,42,,105,4,084042,,,750341,,,1969,1.0
69IN02804,1968423069,68,1,T3069,4,70,722,,,,,,,2,2,02,2,1,,130,10,,130,155,,70,096,,42,,088,2,065942,,256,964741,,,1969,1.0
69IN02805,1968423070,68,2,T3070,4,70,722,,,,,,,2,2,02,2,1, 13,110,09,,110,128,2,70,092,,42,0927,128,2,065942,,,964741,,,1969,1.0
69IN02806,1968423071,68,1,T3071,4,72,802,,,,,,,2,2,02,3,2,,108,09,,108,138,,72,098,,42,,100,4,097142,,216,989441,,,1969,1.0
69IN02807,1968423077,68,2,T3077,4,72,952,,,,,,,3,2,02,3,1,87,086,09,,86,117,,72,103,,42,,117,4,140742,,,606541,,,1969,1.0
69IN02808,1968423082,68,1,T3082,4,72,862,,,,,,,2,2,02,3,1,,092,12,,92,128,,72,104,,42,,092,3,079642,,210,757141,,,1969,1.0
69IN02809,1968423083,68,1,T3083,4,72,882,,,,,,,3,2,02,3,1,,080,09,,80,115,,72,084,,42,,077,2,078242,,214,069942,,,1969,1.0
69IN02810,1968423085,68,2,T3085,4,70,722,,,,,,,3,2,02,2,,,,,,,,6,70,,,42,0330,,,065942,,,588441,,,1969,1.0
69IN02811,1968423086,68,2,T3086,4,70,722,,,,,,,3,2,02,2,1,702,110,08,,110,130,,70,099,,42,,108,3,065942,,,588441,,,1969,1.0
69IN02812,1968423088,68,2,T3088,4,14,142,,,,,,36,1,2,02,1,,,087,,,87,,3,14,,,42,0602,128,5,862041,,,783341,,,1969,1.0
69IN02813,1968423089,68,2,T3089,4,08,082,6,,,,,26,1,2,02,1,1,082,102,10,,102,128,,08,104,,42,,137,4,789741,,,579741,,,1969,1.0
69IN02814,1968423090,68,1,T3090,4,70,732,,,,,,,2,2,02,2,1,,108,08,,108,136,3,70,111,,42,0812,129,3,000842,,234,920641,,,1969,1.0
69IN02815,1968423094,68,2,T3094,4,14,142,7,,,,,37,1,2,02,1,1,142,083,09,,83,106,,14,108,,42,,130,4,862041,,,859741,,,1969,1.0
69IN02816,1968423097,68,2,T3097,4,70,722,,,,,,,2,2,02,2,1, 25,115,09,,115,130,2,70,087,,42,0927,104,3,065942,,,011642,,,1969,1.0
69IN02817,1968423098,68,2,T3098,4,70,722,,,,,,,2,2,02,2,1, 10,099,10,,99,113,2,70,091,,42,0927,095,2,065942,,,011642,,,1969,1.0
69IN02818,1968423101,68,1,T3101,4,70,712,,,,,,,3,2,02,2,1,185,130,09,,130,165,2,70,102,,42,0927,115,4,108242,,240,149042,,,1969,1.0
69IN02819,1958413102,58,2,G3102,4,07,072,7,,,,,26,,&,02,1,,,087,0,,140,135,3,,072,023,41,1229,077,2,043641,,,,,,1969,11.0
69IN02820,1968423106,68,2,T3106,4,77,41,,,,,,,1,2,02,7,1,770,108,07,,108,134,,82,110,,42,,118,3,040542,,,053142,,,1969,1.0
69IN02821,1968423107,68,1,T3107,4,70,712,,,,,,,,2,02,2,2,188,109,10,,109,155,2,,103,,42,0927,130,3,108242,,230,833741,,,1969,1.0
69IN02822,1968423108,68,1,T3108,4,70,712,,,,,,,2,2,02,2,1,,106,10,,106,140,3,70,087,,42,0812,123,3,108242,,217,833741,,,1969,1.0
69IN02823,1968423110,68,2,T3110,4,70,712,,,,,,,1,2,02,2,1, 15,104,10,,104,142,2,70,122,,42,0927,116,4,108242,,,151442,,,1969,1.0
69IN02824,1968423113,68,2,T3113,4,72,912,,,,,,,1,2,02,3,1,89,097,09,,97,134,,72,087,,42,,123,3,106142,,,044042,,,1969,1.0
69IN02825,1968423114,68,2,T3114,4,70,732,,,,,,,1,2,02,S,1,212,100,08,,100,132,2,70,100,,42,0927,120,2,000842,,,927741,,,1969,1.0
69IN02826,1968423115,68,2,T3115,4,70,722,,,,,,,2,2,02,2,1, 15,111,09,,111,130,2,70,117,,42,0927,132,5,065942,,,914441,,,1969,1.0
69IN02827,1968423116,68,1,T3116,4,70,722,,,,,,,2,2,02,2,2,186,115,09,,115,153,2,70,103,,42,0927,137,4,065942,,235,914441,,,1969,1.0
69IN02828,1968423117,68,1,T3117,4,70,732,,,,,,,1,2,02,2,1,185,136,09,,136,162,2,70,090,,42,0927,124,3,000842,,242,091042,,,1969,1.0
69IN02829,1968423118,68,2,T3118,4,70,722,,,,,,,1,2,02,2,1, 12,106,10,,106,125,2,70,108,,42,0927,094,4,065942,,,082742,,,1969,1.0
69IN02830,1968423120,68,2,T3120,4,72,852,,,,,,,1,2,02,3,1, 23,090,09,,90,108,2,72,087,,42,0927,085,2,084042,,,122442,,,1969,1.0
69IN02831,1968423122,68,1,T3122,4,70,732,,,,,,,2,2,02,2,1,184,129,10,,129,160,2,70,083,,42,0927,119,2,000842,,237,894341,,,1969,1.0
69IN02832,1968423125,68,4,T3125,4,,712,,,,,,,2,2,02,2,1,,105,10,,105,140,,70,111,,42,,100,4,108242,,224,927841,,,1969,1.0
69IN02833,1968423126,68,2,T3126,4,70,712,,,,,,,3,2,02,2,1,701,108,09,,108,135,,70,105,,42,,114,3,108242,,,927841,,,1969,1.0
69IN02834,1968423130,68,2,T3130,4,78,44,,,,,,,1,2,02,7,1,782,104,09,,104,133,,82,106,,42,,121,3,023042,,,101842,,,1969,1.0
69IN02835,1968423132,68,2,T3132,4,70,732,,,,,,,3,2,02,2,1, 26,123,08,,123,150,2,70,116,,42,0927,108,4,000842,,,970141,,,1969,1.0
69IN02836,1968423134,68,2,T3134,4,72,802,,,,,,,3,2,02,3,1, 24,108,10,,108,135,2,72,098,,42,0927,123,3,097142,,,047142,,,1969,1.0
69IN02837,1968423137,68,2,T3137,4,03,032,6,,,,,28,2,2,02,1,1,032,086,09,,86,115,,03,095,,42,,111,2,980341,,,851441,,,1969,1.0
69IN02838,1968423138,68,1,T3138,4,03,032,,,,,,28,3,2,02,1,2,,125,09,,125,137,,03,085,,42,,106,3,980341,,246,851441,,,1969,1.0
69IN02839,1968423140,68,2,T3140,4,72,922,,,,,,,2,2,02,3,1,91,092,08,,92,124,,72,099,,42,,092,3,134142,,,951041,,,1969,1.0
69IN02840,1968423141,68,1,T3141,4,72,922,,,,,,,2,2,02,3,1,,100,09,,100,135,3,72,095,,42,0812,098,3,134142,,220,951041,,,1969,1.0
69IN02841,1968423143,68,4,T3143,4,,082,,,,,,39,3,2,02,1,4,,082,11,,82,113,,08,102,,42,,115,5,789741,,206,817541,,,1969,1.0
69IN02842,1968423146,68,2,T3146,4,70,722,,,,,,,1,2,02,2,1, 26,121,08,,121,146,2,70,099,,42,0927,110,2,065942,,,094742,,,1969,1.0
69IN02843,1968423148,68,2,T3148,4,70,732,,,,,,,1,2,02,2,1,701,098,08,,98,128,,70,097,,42,,112,2,000842,,,113542,,,1969,1.0
69IN02844,1968423149,68,1,T3149,4,70,712,,,,,,,1,2,02,2,1,,128,10,,128,163,3,70,100,,42,0812,141,4,108242,,233,110442,,,1969,1.0
69IN02845,1968423150,68,2,T3150,4,70,732,,,,,,,1,2,02,2,1,702,114,07,,114,135,,70,101,,42,,114,4,000842,,,070842,,,1969,1.0
69IN02846,1968423151,68,2,T3151,4,70,722,,,,,,,1,2,02,2,1,700,110,10,,110,128,,70,108,,42,,117,3,065942,,,636941,,,1969,1.0
69IN02847,1968423153,68,2,T3153,4,70,712,,,,,,,3,2,02,2,1, 14,106,09,,106,138,2,70,107,,42,0927,133,4,108242,,,978841,,,1969,1.0
69IN02848,1968423155,68,1,T3155,4,70,732,,,,,,,3,2,02,2,,,,,,,,6,70,,,42,0130,,,000842,,,004942,,,1969,1.0
69IN02849,1968423159,68,4,T3159,4,,842,,,,,,,3,2,02,3,1,,107,09,,107,140,,72,086,,42,,136,3,145042,,203,053842,,,1969,1.0
69IN02850,1968423162,68,1,T3162,4,70,712,,,,,,,2,2,02,2,1,188,118,09,,118,155,2,70,095,,42,0927,109,2,108242,,219,050442,,,1969,1.0
69IN02851,1968423163,68,2,T3163,4,70,712,,,,,,,2,2,02,2,1,700,090,09,,90,111,,70,085,,42,,061,2,108242,,,050442,,,1969,1.0
69IN02852,1968423164,68,2,T3164,4,70,722,,,,,,,1,2,02,2,1, 26,116,08,,116,148,2,70,109,,42,0927,111,2,065942,,,097942,,,1969,1.0
69IN02853,1968423166,68,2,T3166,4,70,722,,,,,,,3,2,02,2,1,702,111,09,,111,143,,70,108,,42,,105,3,065942,,,064042,,,1969,1.0
69IN02854,1968423167,68,1,T3167,4,72,952,,,,,,,2,2,02,3,7,,093,10,,93,,3,72,099,,42,0602,115,3,140742,,,939141,,,1969,1.0
69IN02855,1968423170,68,1,T3170,4,72,942,,,,,,,2,2,02,3,1,,098,10,,98,120,,71,110,,42,,133,4,080342,,207,536741,,,1969,1.0
69IN02856,1968423171,68,2,T3171,4,72,942,,,,,,,2,2,02,3,1, 23,075,09,,75,110,2,71,109,,42,0927,121,4,080342,,,536741,,,1969,1.0
69IN02857,1968423173,68,2,T3173,4,70,732,,,,,,,2,2,02,2,,,,,,,,6,70,,,42,0123,,,000842,,,656641,,,1969,1.0
69IN02858,1968423175,68,2,T3175,4,70,712,,,,,,,2,2,02,2,1,701,117,08,,117,142,,70,098,,42,,109,2,108242,,,375141,,,1969,1.0
69IN02859,1968423176,68,1,T3176,4,78,43,,,,,,,1,2,02,7,4,,125,08,,125,,7,82,122,,42,1101,131,5,008142,,242,142542,,,1969,1.0
69IN02860,1968423179,68,1,T3179,4,72,822,,,,,,,1,2,02,3,1,,100,10,,100,130,,72,107,,42,,116,3,111942,,211,144042,,,1969,1.0
69IN02861,1968423180,68,2,T3180,4,07,072,6,,,,,31,2,2,02,1,1,072,100,07,,100,123,,07,100,,42,,106,3,992641,,,785441,,,1969,1.0
69IN02862,1968423181,68,1,T3181,4,07,072,,,,,,31,2,2,02,1,2,,125,09,,125,145,,07,092,,42,,141,4,992641,,233,785441,,,1969,1.0
69IN02863,1968423182,68,2,T3182,4,72,942,,,,,,,2,2,02,3,1, 10,078,09,,78,108,2,72,085,,42,0927,092,3,080342,,,030942,,,1969,1.0
69IN02864,1968423183,68,1,T3183,4,72,942,,,,,,,2,2,02,3,2,,113,09,,113,140,,72,096,,42,,133,3,080342,,215,030942,,,1969,1.0
69IN02865,1968423184,68,1,T3184,4,70,722,,,,,,,2,2,02,2,2,186,120,07,,120,150,2,70,091,,42,0927,100,3,065942,,243,718841,,,1969,1.0
69IN02866,1968423185,68,1,T3185,4,70,722,,,,,,,2,2,02,2,2,,148,09,,148,168,,70,100,,42,,132,4,065942,,263,718841,,,1969,1.0
69IN02867,1968423186,68,2,T3186,4,72,902,,,,,,,3,2,02,3,1, 25,096,10,,96,116,2,72,105,,42,0927,084,3,139042,,,980241,,,1969,1.0
69IN02868,1968423188,68,2,T3188,4,72,912,,,,,,,1,2,02,3,1,93,080,08,,80,112,,72,092,,42,,086,2,106142,,,965141,,,1969,1.0
69IN02869,1968423189,68,2,T3189,4,70,712,,,,,,,2,2,02,2,1, 26,107,10,,107,132,2,70,094,,42,0927,135,3,108242,,,815541,,,1969,1.0
69IN02870,1968423190,68,2,T3190,4,70,712,,,,,,,2,2,02,2,1,700,112,09,,112,138,,70,093,,42,,083,2,108242,,,815541,,,1969,1.0
69IN02871,1968423192,68,2,T3192,4,08,082,7,,,,,31,1,2,02,1,1,082,088,09,,88,130,,08,096,,42,,119,2,789741,,,001442,,,1969,1.0
69IN02872,1968423194,68,2,T3194,4,70,732,,,,,,,3,2,02,2,,,,,,,,6,70,,,42,0123,,,000842,,,028442,,,1969,1.0
69IN02873,1968423196,68,2,T3196,4,07,072,7,,,,,27,3,2,02,1,1,072,089,11,,89,122,,07,092,,42,,110,2,992641,,,102242,,,1969,1.0
69IN02874,1968423198,68,2,T3198,4,72,832,,,,,,,3,2,02,3,1,95,103,10,,103,130,,72,103,,42,,132,3,077642,,,887641,,,1969,1.0
69IN02875,1968423200,68,1,T3200,4,70,722,,,,,,,2,2,02,2,1,148,137,08,,137,177,2,70,106,,42,1208,110,4,065942,,243,985141,, 1,1969,1.0
69IN02876,1968423202,68,2,T3202,4,77,40,,,,,,,1,2,02,7,1,770,101,09,,101,127,,82,091,,42,,121,3,075942,,,067242,,,1969,1.0
69IN02877,1968423208,68,2,T3208,4,73,48,,,,,,,2,2,02,7,1,732,100,09,,100,124,,82,102,,42,,101,3,968541,,,978541,,,1969,1.0
69IN02878,1968423209,68,2,T3209,4,78,48,,,,,,,2,2,02,7,1,782,108,07,,108,133,,82,106,,42,,109,3,968541,,,978541,,,1969,1.0
69IN02879,1968423212,68,2,T3212,4,70,722,,,,,,,2,2,02,2,1, 25,104,09,,104,138,2,70,103,,42,0927,130,4,065942,,,853041,,,1969,1.0
69IN02880,1968423214,68,2,T3214,4,70,712,,,,,,,2,2,02,2,1, 23,106,10,,106,132,2,70,094,,42,0927,111,2,108242,,,069242,,,1969,1.0
69IN02881,1968423215,68,2,T3215,4,70,712,,,,,,,2,2,02,2,1, 15,108,09,,108,123,2,70,112,,42,0927,114,4,108242,,,069242,,,1969,1.0
69IN02882,1968423217,68,2,T3217,4,70,732,,,,,,,1,2,02,2,1,701,117,06,,117,142,,70,084,,42,,110,3,000842,,,979741,,,1969,1.0
69IN02883,1968423218,68,2,T3218,4,70,722,,,,,,,1,2,02,2,1, 25,112,10,,112,126,2,70,105,,42,0927,147,4,065942,,,013842,,,1969,1.0
69IN02884,1968423219,68,2,T3219,4,70,712,,,,,,,2,2,02,2,1, 11,108,12,,108,138,2,70,102,,42,0927,101,3,108242,,,973541,,,1969,1.0
69IN02885,1968423220,68,2,T3220,4,70,712,,,,,,,2,2,02,2,1,700,145,09,,145,138,,70,110,,42,,103,3,108242,,,973541,,,1969,1.0
69IN02886,1968423221,68,1,T3221,4,72,852,,,,,,,1,2,02,3,1,,110,09,,110,132,3,72,095,,42,0812,105,4,084042,,213,004742,,,1969,1.0
69IN02887,1968423223,68,1,T3223,4,70,722,,,,,,,2,2,02,2,5,,130,07,,130,165,3,70,083,,42,0812,095,2,065942,,257,919441,,,1969,1.0
69IN02888,1968423224,68,2,T3224,4,70,722,,,,,,,2,2,02,2,1, 23,102,08,,102,132,2,70,089,,42,0927,099,3,065942,,,919441,,,1969,1.0
69IN02889,1968423226,68,1,T3226,4,72,892,,,,,,,2,2,02,3,1,,106,11,,106,145,,72,081,,42,,133,4,142142,,216,908041,,,1969,1.0
69IN02890,1968423228,68,2,T3228,4,70,732,,,,,,,1,2,02,2,1, 13,118,09,,118,147,2,70,102,,42,0927,134,3,000842,,,100542,,,1969,1.0
69IN02891,1968423231,68,2,T3231,4,08,082,6,,,,,32,3,2,02,1,1,082,084,11,,84,112,,08,127,,42,,136,4,789741,,,507141,,,1969,1.0
69IN02892,1968423232,68,2,T3232,4,70,712,,,,,,,1,2,02,2,1, 24,102,08,,102,130,2,70,110,,42,0927,123,4,108242,,,633941,,,1969,1.0
69IN02893,1968423235,68,2,T3235,4,72,822,,,,,,,2,2,02,3,1, 25,102,08,,102,128,2,72,090,,42,0927,093,2,111942,,,881041,,,1969,1.0
69IN02894,1968423237,68,2,T3237,4,72,962,,,,,,,3,2,02,3,1, 25,078,10,,78,102,2,72,100,,42,0927,112,3,115542,,,920341,,,1969,1.0
69IN02895,1968423239,68,1,T3239,4,72,932,,,,,,,1,2,02,3,1,,108,06,,108,143,,72,090,,42,,132,3,144942,,219,091142,,,1969,1.0
69IN02896,1968423241,68,2,T3241,4,70,722,,,,,,,3,2,02,2,1,702,122,11,,122,158,,70,091,,42,,134,4,065942,,,920941,,,1969,1.0
69IN02897,1968423244,68,2,T3244,4,72,832,,,,,,,2,2,02,3,3,83,093,11,,93,118,,71,124,,42,,103,4,077642,,,531541,,,1969,1.0
69IN02898,1968423247,68,1,T3247,4,70,712,,,,,,,3,2,02,2,1,186,130,10,,130,160,2,70,103,,42,0927,102,3,108242,,228,012542,,,1969,1.0
69IN02899,1968423250,68,2,T3250,4,03,032,7,,,,,29,3,2,02,1,1,032,079,09,,79,107,,03,107,,42,,098,3,980341,,,837541,,,1969,1.0
69IN02900,1968423255,68,1,T3255,4,70,722,,,,,,,1,2,02,2,1,152,134,09,,134,160,2,70,110,,42,1212,160,5,065942,,245,102042,, 1,1969,1.0
69IN02901,1968423256,68,2,T3256,4,72,812,,,,,,,1,2,02,3,,,,,,,,6,72,,,42,0210,,,096642,,,730341,,,1969,1.0
69IN02902,1968423257,68,2,T3257,4,70,732,,,,,,,1,2,02,2,1,701,113,07,,113,140,,70,095,,42,,093,3,000842,,,107442,,,1969,1.0
69IN02903,1968423259,68,2,T3259,4,72,932,,,,,,,3,2,02,3,1,90,073,07,,73,105,,71,103,,42,,111,3,144942,,,419341,,,1969,1.0
69IN02904,1968423260,68,2,T3260,4,72,852,,,,,,,1,2,02,3,1,94,096,08,,96,115,,72,097,,42,,087,2,084042,,,050242,,,1969,1.0
69IN02905,1968423261,68,2,T3261,4,70,722,,,,,,,1,2,02,2,1, 24,100,10,,100,132,2,70,099,,42,0927,114,3,065942,,,150542,,,1969,1.0
69IN02906,1968423263,68,2,T3263,4,70,712,,,,,,,2,2,02,2,1,700,102,09,,102,132,,70,095,,42,,107,3,108242,,,101342,,,1969,1.0
69IN02907,1968423265,68,2,T3265,4,70,722,,,,,,,3,2,02,2,1,702,088,09,,88,120,,70,119,,42,,107,4,065942,,,927941,,,1969,1.0
69IN02908,1968423268,68,1,T3268,4,72,982,,,,,,,1,2,02,3,2,,125,09,,125,152,,72,095,,42,,137,3,135342,,233,814641,,,1969,1.0
69IN02909,1968423272,68,1,T3272,4,72,812,,,,,,,1,2,02,3,1,,120,09,,120,138,3,72,084,,42,0812,140,3,096642,,221,107842,,,1969,1.0
69IN02910,1968423273,68,1,T3273,4,72,842,,,,,,,1,2,02,3,2,,130,09,,130,158,,71,092,,42,,154,3,145042,,231,549341,,,1969,1.0
69IN02911,1968423274,68,2,T3274,4,70,732,,,,,,,1,2,02,2,1, 25,103,07,,103,132,2,70,110,,42,0927,107,3,000842,,,095842,,,1969,1.0
69IN02912,1968423275,68,2,T3275,4,72,842,,,,,,,1,2,02,3,1,92,105,07,,105,123,,72,093,,42,,085,2,145042,,,887741,,,1969,1.0
69IN02913,1968423277,68,2,T3277,4,70,722,,,,,,,2,2,02,2,1, 17,112,09,,112,143,2,70,096,,42,0927,115,3,065942,,,626341,,,1969,1.0
69IN02914,1968423278,68,2,T3278,4,70,722,,,,,,,2,2,02,2,,,,,,,,6,70,,,42,0130,,,065942,,,626341,,,1969,1.0
69IN02915,1968423281,68,1,T3281,4,14,142,,,,,,51,3,2,02,1,2,,127,09,,127,158,3,14,098,,42,0812,139,3,862041,,247,099742,, 3,1969,1.0
69IN02916,1968423284,68,2,T3284,4,75,46,,,,,,,1,2,02,7,1,750,090,09,,90,112,,82,091,,42,,099,2,137642,,,102442,,,1969,1.0
69IN02917,1968423285,68,1,T3285,4,72,872,,,,,,,1,2,02,3,7,,148,06,,148,,3,72,108,,42,0602,142,3,148642,,,008342,,,1969,1.0
69IN02918,1968423286,68,2,T3286,4,72,942,,,,,,,3,2,02,3,1,81,114,06,,114,140,,72,113,,42,,135,5,080342,,,839241,,,1969,1.0
69IN02919,1968423292,68,1,T3292,4,70,712,,,,,,,1,2,02,2,1,,155,09,,155,190,,70,106,,42,,144,5,108242,,252,061642,,,1969,1.0
69IN02920,1968423293,68,2,T3293,4,78,47,,,,,,,1,2,02,7,1,780,082,07,,82,112,,82,091,,42,,096,3,107042,,,089942,,,1969,1.0
69IN02921,1968423295,68,2,T3295,4,72,972,,,,,,,2,2,02,3,1,84,102,10,,102,118,,72,103,,42,,106,2,106342,,,577741,,,1969,1.0
69IN02922,1968423297,68,2,T3297,4,14,142,,,,,,31,3,2,02,1,1,,068,08,,68,,7,14,101,,42,1112,100,5,862041,,,519041,,,1969,1.0
69IN02923,1968423300,68,2,T3300,4,78,40,,,,,,,1,2,02,7,1,781,104,09,,104,138,,82,112,,42,,135,7,075942,,,980741,,,1969,1.0
69IN02924,1968423302,68,1,T3302,4,72,972,,,,,,,2,2,02,3,4,,113,12,,113,140,,72,086,,42,,119,2,106342,,217,819641,,,1969,1.0
69IN02925,1968423303,68,1,T3303,4,72,902,,,,,,,3,2,02,3,4,,102,09,,102,122,,72,080,,42,,086,4,139042,,224,139742,,,1969,1.0
69IN02926,1968423306,68,2,T3306,4,70,722,,,,,,,2,2,02,2,1, 26,092,08,,92,135,2,70,097,,42,0927,103,3,065942,,,035842,,,1969,1.0
69IN02927,1968423307,68,2,T3307,4,75,03,,,,,,,3,2,02,9,1,751,074,09,,74,98,,82,104,,42,,077,2,624241,,,892141,,,1969,1.0
69IN02928,1968423309,68,2,T3309,4,72,912,,,,,,,3,2,02,3,1,86,086,11,,86,106,,72,099,,42,,098,4,106142,,,849341,,,1969,1.0
69IN02929,1968423312,68,2,T3312,4,07,072,6,,,,,24,3,2,02,1,1,072,090,07,,90,112,,07,107,,42,,091,5,992641,,,498441,,,1969,1.0
69IN02930,1968423313,68,2,T3313,4,07,072,7,,,,,24,3,2,02,1,1,072,098,09,,98,122,,07,125,,42,,089,5,992641,,,498441,,,1969,1.0
69IN02931,1968423314,68,2,T3314,4,70,732,,,,,,,1,2,02,2,1,701,108,09,,108,125,,70,096,,42,,119,4,000842,,,112642,,,1969,1.0
69IN02932,1968423315,68,2,T3315,4,70,732,,,,,,,1,2,02,2,1, 23,116,10,,116,140,2,70,096,,42,0927,108,2,000842,,,143042,,,1969,1.0
69IN02933,1968423316,68,2,T3316,4,72,802,,,,,,,1,2,02,3,1,88,096,09,,96,113,,72,104,,42,,094,3,097142,,,139842,,,1969,1.0
69IN02934,1968423317,68,2,T3317,4,03,032,6,,,,,30,3,2,02,1,1,032,088,09,,88,108,,03,106,,42,,078,5,980341,,,874541,,,1969,1.0
69IN02935,1968423318,68,2,T3318,4,75,40,,,,,,,3,2,02,7,1,752,098,08,,98,129,,82,110,,42,,094,4,075942,,,055042,,,1969,1.0
69IN02936,1958413323,58,2,G3323,4,14,142,6,,,,,15,,&,02,1,,142,108,0,02,169,170,,,087,034,41,,087,2,951740,,,,,,1969,11.0
69IN02937,1959413765,59,2,G3765,4,14,142,7,,,,,18,,-,02,1,,,084,,02,134,150,3,,097,,41,1201,100,2,951740,,,,,,1969,10.0
69IN02938,1959413939,59,2,G3939,4,14,142,6,,,,,15,,-,02,1,,,076,,12,128,122,3,,100,,41,0929,090,2,951740,,,,,,1969,10.0
69IN02939,1959413977,59,2,G3977,4,07,071,6,,,,,22,,-,02,1,,,077,,05,133,126,3,,096,,41,0929,088,3,177541,,,,,,1969,10.0
69IN02940,1959414063,59,2,G4063,4,08,082,6,,,,,23,,-,02,1,,,075,,03,125,126,3,,093,,41,0929,119,2,202141,,,,,,1969,10.0
69IN02941,1959414295,59,2,G4295,4,14,142,7,,,,,14,,-,02,1,,,096,,,,,6,,093,,41,0131,125,2,951740,,,,,,1969,10.0
69IN02942,1959414438,59,2,G4438,4,14,142,6,,,,,26,,-,02,1,,142,076,,04,153,148,,,089,,41,,084,2,951740,,,,,,1969,10.0
69IN02943,1959414486,59,2,G4486,4,07,071,7,,,,,27,,-,02,1,,072,080,,02,123,126,,,089,,41,,066,2,177541,,,,,,1969,10.0
69IN02944,1960414809,60,2,G4809,4,03,031,6,,,,,31,,0,02,1,,,,,,,,6,,,,41,0512,081,5,255941,,,259941,,,1969,9.0
69IN02945,1960414984,60,2,G4984,4,07,072,6,,,,,41,,0,02,1,,072,,,05,106,105,6,,,,41,1008,078,3,177541,,,697440,,,1969,9.0
69IN02946,1960415047,60,2,G5047,4,07,072,7,,,,,27,,0,02,1,,072,,,02,125,130,,,,,41,,078,4,177541,,,891040,,,1969,9.0
69IN02947,1960415071,60,2,G5071,4,08,082,6,,,,,24,,0,02,1,,,,,,,,6,,,,41,0123,129,4,219341,,,304941,,,1969,9.0
69IN02948,1960415109,60,2,G5109,4,03,031,6,,,,,31,,0,02,1,,,,,13,140,138,3,,,,41,0929,096,4,255941,,,255641,,,1969,9.0
69IN02949,1960415190,60,2,G5190,4,14,142,7,,,,,19,,0,02,1,,142,,,02,157,160,,,,,41,,103,3,316041,,,889140,,,1969,9.0
69IN02950,1960415217,60,2,G5217,4,03,031,6,,,,,19,,0,02,1,,,,,,,,6,,,,41,0410,089,2,255941,,,891340,,,1969,9.0
69IN02951,1960415712,60,2,G5712,4,08,082,6,,,,,20,,0,02,1,,,,,11,128,127,3,,,,41,0929,091,3,219341,,,047741,,,1969,9.0
69IN02952,1961415797,61,2,G5797,4,08,082,7,,,,,23,,9,02,1,,082,092,,03,125,137,,,,,41,,123,5,202141,,,758940,,,1969,8.0
69IN02953,1961415834,61,2,G5834,4,72,802,,,,,,,,9,02,3,,80,082,,02,170,175,,,,,41,,123,5,385141,,,302141,,,1969,8.0
69IN02954,1961415926,61,2,G5926,4,,,,,,,,,,9,02,,,,,,,,,6,,,,41,0101,,,    41,,,    41,,,1969,8.0
69IN02955,1961415947,61,2,G5947,4,07,072,6,,,,,23,,9,02,1,, 31,096,,02,180,185,2,,,,41,0927,105,5,388641,,,083441,,,1969,8.0
69IN02956,1961415960,61,2,G5960,4,14,142,6,,,,,29,,9,02,1,,142,091,,02,135,152,,,,,41,,095,5,316041,,,326741,,,1969,8.0
69IN02957,1961415965,61,2,G5965,4,14,142,7,,,,,28,,9,02,1,,142,111,,03,145,166,,,,,41,,150,5,316041,,,331041,,,1969,8.0
69IN02958,1961416099,61,2,G6099,4,08,082,6,,,,,25,,9,02,1,,082,067,,03,124,122,,,,,41,,096,5,202141,,,068741,,,1969,8.0
69IN02959,1961416121,61,2,G6121,4,07,072,7,,,,,36,,9,02,1,,072,095,,03,130,141,,,,,41,,119,5,388641,,,395341,,,1969,8.0
69IN02960,1961416204,61,2,G6204,4,03,031,6,,,,,19,,9,02,1,,,074,,,,,6,,,,41,0512,080,5,424841,,,885740,,,1969,8.0
69IN02961,1961416242,61,1,G6242,4,70,732,,,,,,,,9,02,2,,182,,,,250,263,2,,,,41,0927,129,5,420041,,518,944940,,,1969,8.0
69IN02962,1961416318,61,2,G6318,4,08,082,7,,,,,26,,9,02,1,,082,067,,03,121,140,,,,,41,,091,3,202141,,,090241,,,1969,8.0
69IN02963,1961416369,61,2,G6369,4,70,712,,,,,,,,9,02,2,, 31,112,,02,176,190,2,,,,41,0927,107,4,453541,,,886940,,,1969,8.0
69IN02964,1961416394,61,2,G6394,4,08,082,6,,,,,27,,9,02,1,,,074,,,142,,7,,,,41,1112,094,2,202141,,,399841,,,1969,8.0
69IN02965,1961416521,61,2,G6521,4,14,142,6,,,,,27,,9,02,1,,142,076,,02,125,123,,,,,41,,096,5,316041,,,166741,,,1969,8.0
69IN02966,1961416549,61,2,G6549,4,08,082,7,,,,,30,,9,02,1,,082,063,,05,123,137,,,,,41,,084,4,202141,,,278641,,,1969,8.0
69IN02967,1961416565,61,2,G6565,4,72,872,,,,,,,,9,02,3,,82,069,,02,136,158,,,,,41,,077,3,365841,,,454141,,,1969,8.0
69IN02968,1961416590,61,2,G6590,4,08,082,6,,,,,25,,9,02,1,,082,059,,03,123,122,,,,,41,,070,2,202141,,,051041,,,1969,8.0
69IN02969,1961416670,61,2,G6670,4,08,082,7,,,,,40,,9,02,1,,082,068,,02,118,133,,,,,41,,099,4,202141,,,873840,,,1969,8.0
69IN02970,1961416727,61,2,G6727,4,07,072,6,,,,,25,,9,02,1,,072,082,,02,121,123,,,,,41,,088,5,388641,,,882640,,,1969,8.0
69IN02971,1962416918,62,2,G6918,4,70,712,,,,,,,,8,02,2,, 31,116,,02,152,160,2,,,,41,0927,115,3,371441,,,500141,,,1969,7.0
69IN02972,1962416985,62,2,G6985,4,70,732,,,,,,,,8,02,2,, 31,121,,02,176,180,2,,,,41,0927,097,3,400441,,,838740,,,1969,7.0
69IN02973,1962417124,62,2,G7124,4,72,922,,,,,,,,8,02,3,,85,066,,02,122,125,,,,,41,,074,2,518641,,,485541,,,1969,7.0
69IN02974,1962417159,62,2,G7159,4,70,722,,,,,,,,8,02,2,,,128,,03,170,200,3,,,,41,0120,134,5,497541,,,571541,,,1969,7.0
69IN02975,1962417188,62,2,G7188,4,70,722,,,,,,,,8,02,2,,,107,,,,,6,,,,41,0311,109,4,497541,,,077141,,,1969,7.0
69IN02976,1962417207,62,2,G7207,4,70,722,,,,,,,,8,02,2,,702,098,,01,148,160,,,,,41,,113,5,497541,,,447041,,,1969,7.0
69IN02977,1962417241,62,2,G7241,4,70,722,,,,,,,,8,02,2,,,098,,12,152,150,3,,,,41,0127,109,3,497541,,,489241,,,1969,7.0
69IN02978,1962417303,62,2,G7303,4,72,852,,,,,,,,8,02,3,,87,097,,02,127,155,,,,,41,,103,4,532541,,,324841,,,1969,7.0
69IN02979,1962417358,62,2,G7358,4,72,872,,,,,,,,8,02,3,,89,106,,02,173,173,,,,,41,,076,2,499341,,,535841,,,1969,7.0
69IN02980,1962417404,62,2,G7404,4,72,932,,,,,,,,8,02,3,,,109,,,,,6,,,,41,0131,095,3,565241,,,553241,,,1969,7.0
69IN02981,1962417503,62,2,G7503,4,72,832,,,,,,,,8,02,3,,,088,,,,,6,,,,41,0330,113,3,532141,,,526241,,,1969,7.0
69IN02982,1962417571,62,2,G7571,4,72,932,,,,,,,,8,02,3,,,088,,13,132,145,3,,,,41,1229,065,2,565241,,,420141,,,1969,7.0
69IN02983,1962417660,62,2,G7660,4,72,872,,,,,,,,8,02,3,,91,099,,02,162,168,,,,,41,,096,3,499341,,,403541,,,1969,7.0
69IN02984,1962417741,62,4,G7741,4,,,,,,,,,,8,02,,,,110,,,,,6,,,,41,0311,104,2,478541,,,508641,,,1969,7.0
69IN02985,1963417769,63,2,G7769,4,03,032,6,,,,,21,,7,02,1,,032,,,03,134,141,6,,,,41,1208,093,2,660341,,,515641,,,1969,6.0
69IN02986,1963417781,63,2,G7781,4,72,822,,,,,,,,7,02,3,,93,,,06,122,142,,,,,41,,101,3,612241,,,254341,,,1969,6.0
69IN02987,1963417792,63,2,G7792,4,70,732,,,,,,,,7,02,2,,,,,04,185,190,3,,,,41,0120,131,4,610041,,,537141,,,1969,6.0
69IN02988,1963417809,63,2,G7809,4,72,892,,,,,,,,7,02,3,,95,,,02,150,170,,,,,41,,105,3,594041,,,518841,,,1969,6.0
69IN02989,1963417833,63,2,G7833,4,14,142,7,,,,,30,,7,02,1,,142,,,02,127,147,,,,,41,,112,5,316041,,,393941,,,1969,6.0
69IN02990,1963417854,63,2,G7854,4,07,072,7,,,,,26,,7,02,1,,072,,,02,155,168,,,,,41,,118,4,678241,,,338041,,,1969,6.0
69IN02991,1963417865,63,1,G7865,4,70,732,,,,,,,,7,02,2,,181,,,,245,260,2,,,,41,0927,196,5,610041,,273,220441,,,1969,6.0
69IN02992,1963417877,63,2,G7877,4,08,082,6,,,,,33,,7,02,1,,,,,,102,,7,,,,41,1112,099,3,504841,,,417941,,,1969,6.0
69IN02993,1963417896,63,2,G7896,4,70,722,,,,,,,,7,02,2,, 30,,,01,154,175,2,,,,41,0927,140,3,497541,,,119141,,,1969,6.0
69IN02994,1963417902,63,2,G7902,4,72,942,,,,,,,,7,02,3,,83,,,04,144,143,,,,,41,,129,3,658041,,,501041,,,1969,6.0
69IN02995,1963417916,63,2,G7916,4,07,072,6,,,,,27,,7,02,1,,072,,,02,134,140,,,,,41,,114,3,678241,,,015841,,,1969,6.0
69IN02996,1963417947,63,2,G7947,4,70,712,,,,,,,,7,02,2,, 22,,,02,163,170,2,,,,41,0927,135,5,616441,,,416541,,,1969,6.0
69IN02997,1963417960,63,2,G7960,4,14,142,6,,,,,19,,7,02,1,,142,,,02,150,170,,,,,41,,117,3,316041,,,009241,,,1969,6.0
69IN02998,1963417966,63,1,G7966,4,70,712,,,,,,,,7,02,2,,182,,,,275,298,2,,,,41,0927,226,5,616441,,271,412841,,,1969,6.0
69IN02999,1963418044,63,2,G8044,4,14,142,7,,,,,43,,7,02,1,,142,,,02,128,138,,,,,41,,129,5,316041,,,477541,,,1969,6.0
69IN03000,1963418067,63,2,G8067,4,70,722,,,,,,,,7,02,2,,702,,,02,133,155,,,,,41,,136,4,497541,,,575541,,,1969,6.0
69IN03001,1963418105,63,2,G8105,4,70,732,,,,,,,,7,02,2,, 22,,,03,185,200,2,,,,41,0927,114,2,610041,,,943440,,,1969,6.0
69IN03002,1963418130,63,2,G8130,4,12,122,,,,,,,,7,02,,,,,,08,143,170,3,,,,41,0929,,,    41,,,    41,,,1969,6.0
69IN03003,1963418146,63,2,G8146,4,72,832,,,,,,,,7,02,3,,90,,,04,145,168,,,,,41,,109,4,671141,,,403541,,,1969,6.0
69IN03004,1963418155,63,2,G8155,4,70,722,,,,,,,,7,02,2,, 22,,,02,132,155,2,,,,41,0927,120,3,497541,,,517941,,,1969,6.0
69IN03005,1963418170,63,2,G8170,4,03,032,7,,,,,30,,7,02,1,,032,,,02,152,168,,,,,41,,141,5,660341,,,125941,,,1969,6.0
69IN03006,1963418175,63,2,G8175,4,08,082,6,,,,,33,,7,02,1,,082,,,02,133,155,,,,,41,,132,4,504841,,,571141,,,1969,6.0
69IN03007,1963418176,63,2,G8176,4,08,082,7,,,,,33,,7,02,1,,082,,,02,158,175,,,,,41,,121,2,504841,,,564141,,,1969,6.0
69IN03008,1963418189,63,2,G8189,4,03,032,6,,,,,30,,7,02,1,,032,,,05,128,142,,,,,41,,092,3,660341,,,411541,,,1969,6.0
69IN03009,1963418196,63,2,G8196,4,72,842,,,,,,,,7,02,3,,94,,,04,154,166,,,,,41,,087,2,612541,,,501641,,,1969,6.0
69IN03010,1963418232,63,2,G8232,4,08,082,6,,,,,24,,7,02,1,,082,,,02,118,133,,,,,41,,103,2,504841,,,873840,,,1969,6.0
69IN03011,1963418240,63,2,G8240,4,14,142,6,,,,,29,,7,02,1,, 30,,,02,166,168,2,,,,41,0927,115,2,316041,,,332341,,,1969,6.0
69IN03012,1963418243,63,2,G8243,4,07,072,6,,,,,26,,7,02,1,,072,,,02,125,145,,,,,41,,095,3,678241,,,882640,,,1969,6.0
69IN03013,1963418268,63,2,G8268,4,70,712,,,,,,,,7,02,2,,,,,,,,6,,,,41,0131,137,3,616441,,,225341,,,1969,6.0
69IN03014,1963418336,63,2,G8336,4,72,962,,,,,,,,7,02,3,,92,,,02,168,180,,,,,41,,124,2,610641,,,570241,,,1969,6.0
69IN03015,1963418337,63,2,G8337,4,70,722,,,,,,,,7,02,2,, 30,,,02,158,184,2,,,,41,0927,164,4,497541,,,516241,,,1969,6.0
69IN03016,1963418362,63,2,G8362,4,70,712,,,,,,,,7,02,2,, 22,,,02,185,188,2,,,,41,0927,121,4,616441,,,554241,,,1969,6.0
69IN03017,1963418392,63,2,G8392,4,72,912,,,,,,,,7,02,3,,81,,,02,150,165,,,,,41,,100,5,682241,,,361041,,,1969,6.0
69IN03018,1963418400,63,2,G8400,4,72,922,,,,,,,,7,02,3,,84,,,02,168,168,,,,,41,,109,2,613841,,,361941,,,1969,6.0
69IN03019,1963418440,63,2,G8440,4,72,862,,,,,,,,7,02,3,,86,,,02,148,155,,,,,41,,147,4,640141,,,512641,,,1969,6.0
69IN03020,1963418454,63,2,G8454,4,08,082,7,,,,,49,,7,02,1,,082,,,05,125,140,,,,,41,,092,3,504841,,,167941,,,1969,6.0
69IN03021,1963418492,63,2,G8492,4,08,082,6,,,,,24,,7,02,1,,082,,,04,140,145,,,,,41,,135,4,504841,,,200341,,,1969,6.0
69IN03022,1963418530,63,2,G8530,4,70,712,,,,,,,,7,02,2,,,,,,,,6,,,,41,0131,109,2,616441,,,325741,,,1969,6.0
69IN03023,1963418531,63,2,G8531,4,70,712,,,,,,,,7,02,2,,700,,,02,190,200,,,,,41,,142,3,616441,,,325741,,,1969,6.0
69IN03024,1963418550,63,2,G8550,4,72,902,,,,,,,,7,02,3,,88,,,02,123,147,,,,,41,,115,3,613441,,,476341,,,1969,6.0
69IN03025,1963418588,63,2,G8588,4,07,072,7,,,,,27,,7,02,1,,072,,,02,144,165,,,,,41,,105,3,678241,,,310241,,,1969,6.0
69IN03026,1963418596,63,2,G8596,4,14,142,7,,,,,40,,7,02,1,,142,,,03,143,160,,,,,41,,153,5,316041,,,472041,,,1969,6.0
69IN03027,1963418620,63,1,G8620,4,14,142,,,,,,29,,7,02,1,,,,,,222,235,3,,,,41,0812,170,4,316041,,242,266341,,,1969,6.0
69IN03028,1963418690,63,2,G8690,4,70,712,,,,,,,,7,02,2,,,,,,166,,7,,,,41,1112,122,4,616441,,,122541,,,1969,6.0
69IN03029,1963418745,63,2,G8745,4,03,032,6,,,,,43,,7,02,1,,032,,,02,133,132,,,,,41,,083,3,660341,,,143941,,,1969,6.0
69IN03030,1963418747,63,2,G8747,4,72,842,,,,,,,,7,02,3,,96,,,01,128,145,,,,,41,,093,5,612541,,,274741,,,1969,6.0
69IN03031,1964418807,64,2,G8807,4,75,138,,,,,,,,6,02,7,,751,100,10,02,128,145,,03,101,061,41,,146,4,763841,,,363341,,,1969,5.0
69IN03032,1964418810,64,2,G8810,4,72,842,,,,,,,,6,02,3,,97,116,08,02,160,160,,,093,054,41,,141,2,758341,,,568041,,,1969,5.0
69IN03033,1964418812,64,2,G8812,4,77,178,,,,,,,,6,02,7,, 29,102,13,02,152,160,2,03,101,055,41,0927,136,2,696741,,,305941,,,1969,5.0
69IN03034,1964418826,64,2,G8826,4,03,031,6,,,,,42,,6,02,1,,, 90,10,,,,6,03,103,047,41,0131,110,5,740141,,,446341,,,1969,5.0
69IN03035,1964418829,64,2,G8829,4,74,039,,,,,,,,6,02,7,,,115,08,,,,6,17,093,050,41,0424,124,3,740141,,,502041,,,1969,5.0
69IN03036,1964418833,64,2,G8833,4,78,109,,,,,,,,6,02,7,, 29,096,13,02,138,160,2,11,088,043,41,0927,103,2,690841,,,565941,,,1969,5.0
69IN03037,1964418834,64,2,G8834,4,77,109,,,,,,,,6,02,7,,772,092,10,02,130,155,,11,115,050,41,,106,4,690841,,,565941,,,1969,5.0
69IN03038,1964418835,64,2,G8835,4,77,088,,,,,,,,6,02,7,,770,103,09,02,172,188,,10,104,070,41,,171,4,771041,,,946040,,,1969,5.0
69IN03039,1964418836,64,2,G8836,4,74,178,,,,,,,,6,02,7,,742,120,07,02,180,192,,15,096,069,41,,174,3,696741,,,410841,,,1969,5.0
69IN03040,1964418844,64,2,G8844,4,74,039,,,,,,,,6,02,7,,742,084,11,01,152,155,,01,078,045,41,,115,4,740141,,,041841,,,1969,5.0
69IN03041,1964418847,64,2,G8847,4,76,149,,,,,,,,6,02,7,,760,107,08,02,150,160,,07,110,062,41,,142,4,641141,,,427041,,,1969,5.0
69IN03042,1964418866,64,2,G8866,4,78,128,,,,,,,,6,02,7,,780,096,08,06,135,157,,04,081,046,41,,122,2,756241,,,953740,,,1969,5.0
69IN03043,1964418875,64,2,G8875,4,73,038,,,,,,,,6,02,7,,732,096,12,02,174,190,,15,094,062,41,,173,2,656041,,,082041,,,1969,5.0
69IN03044,1964418876,64,2,G8876,4,72,872,,,,,,,,6,02,3,,98,109,10,04,175,175,,,104,056,41,,133,5,758041,,,757141,,,1969,5.0
69IN03045,1964418877,64,2,G8877,4,72,902,,,,,,,,6,02,3,,99,073,07,03,138,153,,,089,037,41,,082,2,707741,,,419341,,,1969,5.0
69IN03046,1964418882,64,2,G8882,4,76,029,,,,,,,,6,02,7,,761,086,09,02,128,143,,05,083,040,41,,103,2,712841,,,326041,,,1969,5.0
69IN03047,1964418883,64,2,G8883,4,76,139,,,,,,,,6,02,7,,761,090,08,02,140,150,,01,103,063,41,,153,3,666341,,,518541,,,1969,5.0
69IN03048,1964418897,64,2,G8897,4,77,148,,,,,,,,6,02,7,,772,112,09,02,165,185,,16,092,061,41,,151,3,719841,,,589841,,,1969,5.0
69IN03049,1964418902,64,2,G8902,4,73,189,,,,,,,,6,02,7,,732,093,08,02,145,167,,16,084,042,41,,108,2,695941,,,250341,,,1969,5.0
69IN03050,1964418919,64,2,G8919,4,03,032,7,,,,,34,,6,02,1,,032, 98,10,02,120,167,,03,083,051,41,,138,5,656041,,,424641,,,1969,5.0
69IN03051,1964418921,64,2,G8921,4,74,148,,,,,,,,6,02,7,, 29,076,09,02,100,118,2,07,098,045,41,0927,108,3,719841,,,397741,,,1969,5.0
69IN03052,1964418922,64,2,G8922,4,73,148,,,,,,,,6,02,7,,730,112,09,05,145,157,,07,095,067,41,,168,4,719841,,,397741,,,1969,5.0
69IN03053,1964418923,64,2,G8923,4,78,149,,,,,,,,6,02,7,,781,116,09,02,185,205,,07,087,062,41,,164,4,641141,,,083341,,,1969,5.0
69IN03054,1964418924,64,2,G8924,4,74,118,,,,,,,,6,02,7,,,106,09,,153,,6,08,090,049,41,0618,126,2,659941,,,406341,,,1969,5.0
69IN03055,1964418926,64,2,G8926,4,77,079,,,,,,,,6,02,7,,771,098,08,07,130,140,,14,103,056,41,,134,4,765341,,,194041,,,1969,5.0
69IN03056,1964418927,64,2,G8927,4,76,079,,,,,,,,6,02,7,,761,102,09,05,150,163,,14,098,055,41,,130,4,765341,,,194041,,,1969,5.0
69IN03057,1964418928,64,2,G8928,4,75,068,,,,,,,,6,02,7,,752,096,09,02,154,177,,02,112,065,41,,154,4,657841,,,969840,,,1969,5.0
69IN03058,1964418930,64,2,G8930,4,75,049,,,,,,,,6,02,7,,750,092,07,02,155,160,,10,105,058,41,,146,5,745341,,,370141,,,1969,5.0
69IN03059,1964418931,64,2,G8931,4,74,049,,,,,,,,6,02,7,,740,083,09,02,153,170,,10,107,062,41,,153,6,745341,,,370141,,,1969,5.0
69IN03060,1964418932,64,2,G8932,4,74,128,,,,,,,,6,02,7,,740,115,09,02,150,180,,10,102,057,41,,138,3,756241,,,212141,,,1969,5.0
69IN03061,1964418938,64,2,G8938,4,74,068,,,,,,,,6,02,7,,742,085,10,02,122,138,,02,106,046,41,,098,2,657841,,,147341,,,1969,5.0
69IN03062,1964418940,64,2,G8940,4,78,038,,,,,,,,6,02,7,,781,082,10,02,130,144,,15,111,053,41,,111,5,656041,,,537941,,,1969,5.0
69IN03063,1964418943,64,2,G8943,4,70,732,,,,,,,,6,02,2,,701,128,09,02,167,190,,,113,053,41,,116,3,616441,,,728341,,,1969,5.0
69IN03064,1964418945,64,2,G8945,4,73,098,,,,,,,,6,02,7,,731,108,09,04,160,178,,07,101,055,41,,136,2,605841,,,448641,,,1969,5.0
69IN03065,1964418949,64,2,G8949,4,76,089,,,,,,,,6,02,7,,762,108,12,02,152,165,,12,096,051,41,,124,3,715341,,,162341,,,1969,5.0
69IN03066,1964418950,64,2,G8950,4,75,089,,,,,,,,6,02,7,,750,088,09,02,150,167,,12,096,053,41,,135,2,715341,,,162341,,,1969,5.0
69IN03067,1964418954,64,2,G8954,4,78,118,,,,,,,,6,02,7,,780,102,09,04,143,155,,08,113,060,41,,134,5,659941,,,609941,,,1969,5.0
69IN03068,1964418958,64,2,G8958,4,75,108,,,,,,,,6,02,7,,752,098,11,02,138,158,,11,087,044,41,,111,2,700541,,,839140,,,1969,5.0
69IN03069,1964418959,64,2,G8959,4,74,108,,,,,,,,6,02,7,,740,102,12,02,150,172,,11,093,046,41,,111,3,700541,,,839140,,,1969,5.0
69IN03070,1964418960,64,2,G8960,4,74,089,,,,,,,,6,02,7,,740,110,09,02,150,178,,12,106,078,41,,197,4,715341,,,547241,,,1969,5.0
69IN03071,1964418964,64,2,G8964,4,73,118,,,,,,,,6,02,7,,732,115,09,02,127,158,,12,100,068,41,,172,4,659941,,,681541,,,1969,5.0
69IN03072,1964418968,64,2,G8968,4,72,922,,,,,,,,6,02,3,,80,086,10,02,144,170,,,094,053,41,,144,2,749741,,,602141,,,1969,5.0
69IN03073,1964418978,64,2,G8978,4,76,049,,,,,,,,6,02,7,,,106,09,,,,6,11,098,054,41,0510,133,2,745341,,,646041,,,1969,5.0
69IN03074,1964418982,64,2,G8982,4,77,109,,,,,,,,6,02,7,,,106,11,02,175,190,3,12,109,052,41,0929,120,3,690841,,,432741,,,1969,5.0
69IN03075,1964418983,64,2,G8983,4,76,109,,,,,,,,6,02,7,,761,112,09,02,144,158,,12,107,054,41,,123,4,690841,,,432741,,,1969,5.0
69IN03076,1964418984,64,2,G8984,4,78,169,,,,,,,,6,02,7,,780,080,10,02,132,155,,18,102,055,41,,139,2,759741,,,361441,,,1969,5.0
69IN03077,1964418990,64,2,G8990,4,73,089,,,,,,,,6,02,7,,732,110,09,02,140,160,,11,102,051,41,,122,2,715341,,,527841,,,1969,5.0
69IN03078,1964418991,64,2,G8991,4,78,089,,,,,,,,6,02,7,,,108,09,,155,,6,11,105,050,41,0915,114,3,715341,,,527841,,,1969,5.0
69IN03079,1964419003,64,2,G9003,4,76,089,,,,,,,,6,02,7,,760,108,08,02,140,165,,10,106,058,41,,135,3,715341,,,277041,,,1969,5.0
69IN03080,1964419004,64,2,G9004,4,75,089,,,,,,,,6,02,7,,751,118,09,03,180,190,,10,110,059,41,,143,2,715341,,,277041,,,1969,5.0
69IN03081,1964419007,64,2,G9007,4,78,159,,,,,,,,6,02,7,,782,103,07,02,128,164,,17,095,050,41,,121,2,651041,,,387141,,,1969,5.0
69IN03082,1964419008,64,2,G9008,4,76,179,,,,,,,,6,02,7,,762,108,09,,162,,,13,081,043,41,,112,2,726041,,,442341,,,1969,5.0
69IN03083,1964419009,64,2,G9009,4,75,179,,,,,,,,6,02,7,,752,106,11,02,153,165,,13,087,050,41,,132,2,726041,,,442341,,,1969,5.0
69IN03084,1964419014,64,2,G9014,4,74,138,,,,,,,,6,02,7,,741,084,09,02,126,148,,15,101,052,41,,121,4,763841,,,068841,,,1969,5.0
69IN03085,1964419015,64,2,G9015,4,78,138,,,,,,,,6,02,7,,,088,07,07,134,163,3,15,106,056,41,1201,133,3,763841,,,068841,,,1969,5.0
69IN03086,1964419016,64,2,G9016,4,75,158,,,,,,,,6,02,7,, 29,093,06,02,135,170,2,13,109,057,41,0927,131,4,771441,,,551441,,,1969,5.0
69IN03087,1964419018,64,2,G9018,4,73,019,,,,,,,,6,02,7,,730,085,08,02,130,170,,17,095,046,41,,110,4,699541,,,294841,,,1969,5.0
69IN03088,1964419019,64,2,G9019,4,78,019,,,,,,,,6,02,7,, 21,093,06,02,145,175,2,17,093,056,41,0927,137,4,699541,,,294841,,,1969,5.0
69IN03089,1964419021,64,2,G9021,4,73,119,,,,,,,,6,02,7,,730,112,09,02,157,168,,04,106,063,41,,150,4,866441,,,601241,,,1969,5.0
69IN03090,1964419025,64,2,G9025,4,74,158,,,,,,,,6,02,7,,,103,08,12,160,160,3,01,089,059,41,1229,150,3,771441,,,524741,,,1969,5.0
69IN03091,1964419028,64,2,G9028,4,70,722,,,,,,,,6,02,2,,700,111,09,02,170,195,,,110,050,41,,115,3,610041,,,554641,,,1969,5.0
69IN03092,1964419030,64,2,G9030,4,77,159,,,,,,,,6,02,7,, 29,088,11,02,150,180,2,03,096,054,41,0927,130,4,651041,,,163841,,,1969,5.0
69IN03093,1964419037,64,2,G9037,4,77,019,,,,,,,,6,02,7,,772,102,08,02,139,160,,13,103,051,41,,122,2,699541,,,657341,,,1969,5.0
69IN03094,1964419042,64,2,G9042,4,72,852,,,,,,,,6,02,3,,82,077,09,06,105,136,,,091,047,41,,115,3,765041,,,481641,,,1969,5.0
69IN03095,1964419044,64,2,G9044,4,73,059,,,,,,,,6,02,7,,731,088,10,02,118,140,,06,089,044,41,,111,2,697441,,,451641,,,1969,5.0
69IN03096,1964419045,64,2,G9045,4,74,088,,,,,,,,6,02,7,,741,118,12,01,165,185,,10,109,076,41,,186,5,771041,,,320241,,,1969,5.0
69IN03097,1964419046,64,2,G9046,4,73,088,,,,,,,,6,02,7,,730,108,12,02,180,195,,10,102,064,41,,153,5,771041,,,320241,,,1969,5.0
69IN03098,1964419054,64,2,G9054,4,77,168,,,,,,,,6,02,7,,,092,12,05,170,175,3,07,107,066,41,0120,167,5,589041,,,964440,,,1969,5.0
69IN03099,1964419057,64,2,G9057,4,78,089,,,,,,,,6,02,7,,781,104,11,02,135,165,,10,083,045,41,,114,2,715341,,,498241,,,1969,5.0
69IN03100,1964419069,64,2,G9069,4,70,712,,,,,,,,6,02,2,, 29,113,06,02,170,180,2,,091,051,41,0927,129,2,420041,,,116841,,,1969,5.0
69IN03101,1964419073,64,2,G9073,4,78,068,,,,,,,,6,02,7,,782,098,11,02,178,188,,02,106,052,41,,120,5,657841,,,370641,,,1969,5.0
69IN03102,1964419086,64,2,G9086,4,14,141,7,,,,,29,,6,02,1,,, 03,08,,108,,3,14,100,063,41,0630,156,3,641141,,,487241,,,1969,5.0
69IN03103,1964419087,64,2,G9087,4,70,722,,,,,,,,6,02,2,,701,102,06,02,158,160,,,099,062,41,,155,3,610041,,,716641,,,1969,5.0
69IN03104,1964419098,64,2,G9098,4,73,108,,,,,,,,6,02,7,,731,104,10,03,163,168,,11,088,048,41,,125,2,700541,,,182841,,,1969,5.0
69IN03105,1964419099,64,2,G9099,4,76,019,,,,,,,,6,02,7,,762,115,09,01,163,185,,13,114,067,41,,156,5,699541,,,102841,,,1969,5.0
69IN03106,1964419106,64,2,G9106,4,72,852,,,,,,,,6,02,3,,85,052,10,02,103,118,,,071,029,41,,080,2,765041,,,654741,,,1969,5.0
69IN03107,1964419107,64,2,G9107,4,72,852,,,,,,,,6,02,3,,87,074,09,05,123,142,,,078,036,41,,096,2,765041,,,654741,,,1969,5.0
69IN03108,1964419108,64,2,G9108,4,76,179,,,,,,,,6,02,7,,762,104,13,02,152,170,,03,083,051,41,,142,2,726041,,,319641,,,1969,5.0
69IN03109,1964419119,64,2,G9119,4,78,019,,,,,,,,6,02,7,,782,086,09,02,138,160,,03,097,047,41,,110,3,699541,,,493641,,,1969,5.0
69IN03110,1964419126,64,2,G9126,4,74,139,,,,,,,,6,02,7,,742,101,08,02,150,163,,17,104,062,41,,150,6,666341,,,488941,,,1969,5.0
69IN03111,1964419128,64,2,G9128,4,77,038,,,,,,,,6,02,7,,770,088,09,01,143,150,,15,103,047,41,,110,3,656041,,,324741,,,1969,5.0
69IN03112,1964419133,64,2,G9133,4,74,189,,,,,,,,6,02,7,,740,088,10,02,136,163,,07,106,055,41,,132,3,695941,,,515141,,,1969,5.0
69IN03113,1964419134,64,2,G9134,4,73,189,,,,,,,,6,02,7,,,082,11,13,120,140,3,07,103,049,41,1117,116,2,695941,,,515141,,,1969,5.0
69IN03114,1964419135,64,2,G9135,4,70,732,,,,,,,,6,02,2,,700,098,09,02,130,155,,,102,054,41,,126,3,616441,,,147941,,,1969,5.0
69IN03115,1964419139,64,2,G9139,4,70,732,,,,,,,,6,02,2,,,137,09,04,180,190,3,,091,042,41,0120,121,2,616441,,,568141,,,1969,5.0
69IN03116,1964419144,64,2,G9144,4,70,732,,,,,,,,6,02,2,,,116,09,,144,,6,,100,067,41,0630,170,5,616441,,,406241,,,1969,5.0
69IN03117,1964419147,64,2,G9147,4,78,118,,,,,,,,6,02,7,,781,106,08,02,144,168,,12,091,065,41,,165,3,659941,,,307341,,,1969,5.0
69IN03118,1964419153,64,2,G9153,4,70,722,,,,,,,,6,02,2,,702,103,09,03,155,151,,,108,058,41,,137,5,610041,,,373841,,,1969,5.0
69IN03119,1964419157,64,2,G9157,4,78,189,,,,,,,,6,02,7,,,082,09,03,128,125,3,14,100,045,41,0120,103,4,695941,,,289641,,,1969,5.0
69IN03120,1964419158,64,2,G9158,4,77,189,,,,,,,,6,02,7,,771,096,13,02,150,173,,14,104,046,41,,104,3,695941,,,289641,,,1969,5.0
69IN03121,1964419165,64,2,G9165,4,72,952,,,,,,,,6,02,3,,89,081,09,02,110,123,,,100,037,41,,075,2,774041,,,740441,,,1969,5.0
69IN03122,1964419169,64,2,G9169,4,70,722,,,,,,,,6,02,2,,,114,09,13,155,125,3,,087,061,41,0929,158,3,610041,,,564441,,,1969,5.0
69IN03123,1964419171,64,2,G9171,4,76,128,,,,,,,,6,02,7,,760,084,09,01,158,178,,04,098,043,41,,095,2,756241,,,595941,,,1969,5.0
69IN03124,1964419172,64,2,G9172,4,75,108,,,,,,,,6,02,7,,,093,11,05,145,154,3,08,098,041,41,0929,096,4,700541,,,417941,,,1969,5.0
69IN03125,1964419174,64,2,G9174,4,74,018,,,,,,,,6,02,7,,741,083,09,02,131,162,,13,096,039,41,,086,4,693741,,,657441,,,1969,5.0
69IN03126,1964419177,64,2,G9177,4,78,058,,,,,,,,6,02,7,,,082,10,,,,6,06,088,054,41,0512,136,4,772441,,,498641,,,1969,5.0
69IN03127,1964419194,64,2,G9194,4,70,712,,,,,,,,6,02,2,,701,116,07,02,174,190,,,087,045,41,,111,3,420041,,,633941,,,1969,5.0
69IN03128,1964419195,64,2,G9195,4,73,128,,,,,,,,6,02,7,,731,085,08,01,140,163,,10,096,043,41,,098,2,756241,,,415141,,,1969,5.0
69IN03129,1964419202,64,2,G9202,4,70,722,,,,,,,,6,02,2,, 21,108,09,02,145,160,2,,101,049,41,0927,116,3,610041,,,656241,,,1969,5.0
69IN03130,1964419203,64,2,G9203,4,72,922,,,,,,,,6,02,3,,,087,10,,,,6,,094,056,41,0514,140,4,749741,,,250241,,,1969,5.0
69IN03131,1964419204,64,2,G9204,4,07,072,7,,,,,26,,6,02,1,,072, 88,08,02,110,155,,07,099,045,41,,103,3,728041,,,179141,,,1969,5.0
69IN03132,1964419206,64,2,G9206,4,70,722,,,,,,,,6,02,2,,702,105,09,02,150,163,,,106,060,41,,145,4,610041,,,042541,,,1969,5.0
69IN03133,1964419209,64,2,G9209,4,70,712,,,,,,,,6,02,2,,,113,09,,175,,7,,086,047,41,1112,117,2,420041,,,287741,,,1969,5.0
69IN03134,1964419230,64,2,G9230,4,75,178,,,,,,,,6,02,7,,750,100,08,05,154,160,,03,100,057,41,,141,3,696741,,,510941,,,1969,5.0
69IN03135,1964419253,64,2,G9253,4,74,149,,,,,,,,6,02,7,, 29,101,09,02,140,165,2,09,104,052,41,0927,125,2,641141,,,325941,,,1969,5.0
69IN03136,1964419255,64,2,G9255,4,73,179,,,,,,,,6,02,7,,730,083,06,02,124,140,,15,087,042,41,,105,3,726041,,,416341,,,1969,5.0
69IN03137,1964419256,64,2,G9256,4,77,179,,,,,,,,6,02,7,,,084,06,,130,,7,15,082,037,41,1112,093,2,726041,,,416341,,,1969,5.0
69IN03138,1964419257,64,2,G9257,4,73,138,,,,,,,,6,02,7,,,086,09,,152,,7,17,091,046,41,1112,109,3,763841,,,040241,,,1969,5.0
69IN03139,1964419264,64,2,G9264,4,78,188,,,,,,,,6,02,7,,782,104,09,04,143,169,,07,102,049,41,,112,4,722041,,,508441,,,1969,5.0
69IN03140,1964419274,64,2,G9274,4,70,722,,,,,,,,6,02,2,,700,090,09,02,155,170,,,107,049,41,,114,2,610041,,,943440,,,1969,5.0
69IN03141,1964419277,64,2,G9277,4,70,722,,,,,,,,6,02,2,,701,108,08,02,156,180,,,098,059,41,,145,3,610041,,,706141,,,1969,5.0
69IN03142,1964419278,64,2,G9278,4,70,722,,,,,,,,6,02,2,,,115,09,,160,,7,,115,064,41,1112,150,5,610041,,,712541,,,1969,5.0
69IN03143,1964419282,64,2,G9282,4,73,139,,,,,,,,6,02,7,,732,093,12,02,145,170,,03,101,053,41,,125,5,666341,,,411541,,,1969,5.0
69IN03144,1964419283,64,2,G9283,4,78,139,,,,,,,,6,02,7,,782,088,13,02,158,160,,03,103,050,41,,115,3,666341,,,411541,,,1969,5.0
69IN03145,1964419301,64,2,G9301,4,78,078,,,,,,,,6,02,7,,780,090,11,01,128,150,,16,101,046,41,,105,4,728041,,,624841,,,1969,5.0
69IN03146,1964419302,64,2,G9302,4,76,168,,,,,,,,6,02,7,,,106,10,12,155,168,3,09,111,064,41,0929,157,3,589041,,,561741,,,1969,5.0
69IN03147,1964419322,64,2,G9322,4,76,148,,,,,,,,6,02,7,,761,098,10,02,148,163,,16,110,060,41,,138,5,719841,,,363441,,,1969,5.0
69IN03148,1964419324,64,2,G9324,4,78,019,,,,,,,,6,02,7,,780,100,11,01,152,185,,15,084,048,41,,128,2,699541,,,150541,,,1969,5.0
69IN03149,1964419340,64,2,G9340,4,73,049,,,,,,,,6,02,7,,730,088,10,02,135,150,6,10,109,046,41,1110,100,4,745341,,,079941,,,1969,5.0
69IN03150,1964419341,64,2,G9341,4,77,049,,,,,,,,6,02,7,, 29,095,09,05,148,180,2,10,104,048,41,0927,105,4,745341,,,079941,,,1969,5.0
69IN03151,1964419343,64,2,G9343,4,77,119,,,,,,,,6,02,7,,770,111,12,02,160,168,,12,107,064,41,,151,3,866441,,,223841,,,1969,5.0
69IN03152,1964419344,64,2,G9344,4,76,119,,,,,,,,6,02,7,,,087,09,,,,6,12,090,040,41,0123,096,2,866441,,,223841,,,1969,5.0
69IN03153,1964419361,64,2,G9361,4,78,089,,,,,,,,6,02,7,, 29,100,11,02,145,165,2,04,106,056,41,0927,130,3,715341,,,144441,,,1969,5.0
69IN03154,1964419368,64,2,G9368,4,77,078,,,,,,,,6,02,7,,772,094,09,03,138,160,,18,115,058,41,,127,5,728041,,,210841,,,1969,5.0
69IN03155,1964419377,64,2,G9377,4,77,059,,,,,,,,6,02,7,,770,083,09,02,142,150,,06,099,047,41,,111,3,697441,,,532041,,,1969,5.0
69IN03156,1964419378,64,2,G9378,4,76,059,,,,,,,,6,02,7,,760,083,10,02,138,152,,06,095,046,41,,113,2,697441,,,532041,,,1969,5.0
69IN03157,1964419380,64,2,G9380,4,76,119,,,,,,,,6,02,7,,,124,09,11,230,218,3,10,096,049,41,1229,117,3,866441,,,418641,,,1969,5.0
69IN03158,1964419381,64,2,G9381,4,08,082,7,,,,,24,,6,02,1,,, 76,11,12,102,137,3,08,113,061,41,1201,141,3,771041,,,068741,,,1969,5.0
69IN03159,1964419391,64,2,G9391,4,72,862,,,,,,,,6,02,3,,91,083,12,02,125,145,,,089,041,41,,097,2,721241,,,644141,,,1969,5.0
69IN03160,1964419398,64,2,G9398,4,77,139,,,,,,,,6,02,7,,771,093,05,02,141,162,,15,111,054,41,,118,5,666341,,,537741,,,1969,5.0
69IN03161,1964419399,64,2,G9399,4,76,139,,,,,,,,6,02,7,,762,091,04,02,148,150,,15,103,053,41,,126,2,666341,,,537741,,,1969,5.0
69IN03162,1964419411,64,2,G9411,4,74,099,,,,,,,,6,02,7,,742,083,09,02,148,170,,16,100,052,41,,127,4,638641,,,595041,,,1969,5.0
69IN03163,1964419412,64,2,G9412,4,73,019,,,,,,,,6,02,7,,731,106,09,02,175,200,,13,099,054,41,,135,4,699541,,,405841,,,1969,5.0
69IN03164,1964419420,64,2,G9420,4,73,159,,,,,,,,6,02,7,,731,093,08,02,130,158,,01,105,052,41,,121,5,651041,,,246441,,,1969,5.0
69IN03165,1964419421,64,2,G9421,4,78,138,,,,,,,,6,02,7,,780,083,09,01,130,155,,17,081,043,41,,115,2,763841,,,623241,,,1969,5.0
69IN03166,1964419422,64,2,G9422,4,76,138,,,,,,,,6,02,7,,,083,08,12,140,160,3,17,093,047,41,0120,115,3,763841,,,623241,,,1969,5.0
69IN03167,1964419424,64,2,G9424,4,07,072,6,,,,,37,,6,02,1,,072, 83,08,02,124,135,,07,073,035,41,,086,3,728041,,,498441,,,1969,5.0
69IN03168,1964419427,64,2,G9427,4,77,019,,,,,,,,6,02,7,,770,111,11,02,170,180,,03,092,056,41,,138,3,699541,,,016841,,,1969,5.0
69IN03169,1964419430,64,2,G9430,4,73,179,,,,,,,,6,02,7,,731,126,06,02,164,190,,03,075,044,41,,124,2,726041,,,515641,,,1969,5.0
69IN03170,1964419432,64,2,G9432,4,78,049,,,,,,,,6,02,7,,781,096,11,02,130,148,,12,087,050,41,,132,2,745341,,,056541,,,1969,5.0
69IN03171,1964419438,64,2,G9438,4,77,168,,,,,,,,6,02,7,,770,086,08,05,135,127,,18,095,046,41,,111,2,589041,,,950940,,,1969,5.0
69IN03172,1964419443,64,2,G9443,4,75,118,,,,,,,,6,02,7,,750,110,09,02,160,182,,10,106,050,41,,110,3,659941,,,420641,,,1969,5.0
69IN03173,1964419450,64,2,G9450,4,75,148,,,,,,,,6,02,7,,752,083,10,02,140,138,,16,104,055,41,,126,5,719841,,,076041,,,1969,5.0
69IN03174,1964419468,64,2,G9468,4,70,722,,,,,,,,6,02,2,,702,106,08,01,185,195,,,112,056,41,,120,5,610041,,,375141,,,1969,5.0
69IN03175,1964419471,64,2,G9471,4,77,019,,,,,,,,6,02,7,,771,082,09,01,133,160,,15,098,042,41,,093,2,699541,,,395041,,,1969,5.0
69IN03176,1964419479,64,2,G9479,4,76,018,,,,,,,,6,02,7,,760,098,12,02,158,178,,15,080,044,41,,109,3,693741,,,579241,,,1969,5.0
69IN03177,1964419481,64,2,G9481,4,72,952,,,,,,,,6,02,3,,93,084,12,02,138,146,,,086,044,41,,105,3,774041,,,656541,,,1969,5.0
69IN03178,1964419482,64,2,G9482,4,75,169,,,,,,,,6,02,7,,751,080,09,02,133,140,,09,094,051,41,,132,2,759741,,,197341,,,1969,5.0
69IN03179,1964419483,64,2,G9483,4,74,169,,,,,,,,6,02,7,,741,083,10,02,130,150,,09,083,052,41,,135,3,759741,,,550641,,,1969,5.0
69IN03180,1964419484,64,2,G9484,4,73,169,,,,,,,,6,02,7,,732,098,11,01,133,178,,09,099,057,41,,138,3,759741,,,550641,,,1969,5.0
69IN03181,1964419488,64,2,G9488,4,78,118,,,,,,,,6,02,7,,782,085,11,04,113,135,,04,096,041,41,,091,3,659941,,,429141,,,1969,5.0
69IN03182,1964419489,64,2,G9489,4,75,129,,,,,,,,6,02,7,,,082,09,,,,6,04,107,041,41,0522,084,5,702541,,,270541,,,1969,5.0
69IN03183,1964419505,64,2,G9505,4,72,832,,,,,,,,6,02,3,,95,112,09,02,150,158,,,106,038,41,,082,3,745941,,,501641,,,1969,5.0
69IN03184,1964419507,64,2,G9507,4,70,712,,,,,,,,6,02,2,,700,118,08,05,180,185,,,084,043,41,,102,2,420041,,,632841,,,1969,5.0
69IN03185,1964419510,64,2,G9510,4,72,972,,,,,,,,6,02,3,,83,092,09,02,123,145,,,094,042,41,,094,2,739241,,,730341,,,1969,5.0
69IN03186,1964419514,64,2,G9514,4,76,039,,,,,,,,6,02,7,,762,097,09,02,155,155,,15,097,050,41,,119,3,740141,,,544241,,,1969,5.0
69IN03187,1964419523,64,2,G9523,4,73,038,,,,,,,,6,02,7,, 29,111,10,04,170,190,2,17,074,046,41,0927,132,2,656041,,,497441,,,1969,5.0
69IN03188,1964419530,64,2,G9530,4,74,078,,,,,,,,6,02,7,,,078,09,,128,,6,14,090,042,41,0607,102,2,728041,,,009241,,,1969,5.0
69IN03189,1964419538,64,2,G9538,4,74,149,,,,,,,,6,02,7,,740,090,07,02,151,175,,16,096,045,41,,108,2,641141,,,948740,,,1969,5.0
69IN03190,1964419542,64,2,G9542,4,14,142,6,,,,,28,,6,02,1,,142, 90,08,02,153,158,,14,107,053,41,,123,5,719841,,,477541,,,1969,5.0
69IN03191,1964419553,64,2,G9553,4,78,038,,,,,,,,6,02,7,,782,088,13,01,153,175,,01,109,065,41,,159,3,656041,,,618441,,,1969,5.0
69IN03192,1964419554,64,2,G9554,4,77,038,,,,,,,,6,02,7,,771,082,12,02,132,158,,01,092,043,41,,104,2,656041,,,618441,,,1969,5.0
69IN03193,1964419557,64,2,G9557,4,78,109,,,,,,,,6,02,7,,,088,12,,128,,6,11,094,044,41,0805,104,2,690841,,,279541,,,1969,5.0
69IN03194,1964419562,64,2,G9562,4,76,108,,,,,,,,6,02,7,,,102,09,,,,6,04,086,040,41,0425,099,2,700541,,,642841,,,1969,5.0
69IN03195,1964419567,64,2,G9567,4,70,712,,,,,,,,6,02,2,,,094,07,03,153,165,3,,082,028,41,0127,071,3,420041,,,268141,,,1969,5.0
69IN03196,1964419574,64,2,G9574,4,75,049,,,,,,,,6,02,7,,751,118,09,02,185,200,,11,109,066,41,,161,5,745341,,,085841,,,1969,5.0
69IN03197,1964419587,64,2,G9587,4,77,049,,,,,,,,6,02,7,,772,096,10,01,160,180,6,12,096,062,41,1217,157,3,745341,,,389541,,,1969,5.0
69IN03198,1964419589,64,2,G9589,4,77,168,,,,,,,,6,02,7,, 21,093,10,02,160,193,2,09,085,047,41,0927,127,2,589041,,,182041,,,1969,5.0
69IN03199,1964419591,64,2,G9591,4,78,159,,,,,,,,6,02,7,, 29,098,11,02,138,164,2,01,105,049,41,0927,111,4,651041,,,533941,,,1969,5.0
69IN03200,1964419597,64,2,G9597,4,74,158,,,,,,,,6,02,7,,,115,10,,,,6,13,099,051,41,0427,116,3,771441,,,299141,,,1969,5.0
69IN03201,1964419602,64,2,G9602,4,76,118,,,,,,,,6,02,7,,762,100,10,01,140,122,,04,109,042,41,,090,3,659941,,,610141,,,1969,5.0
69IN03202,1964419603,64,2,G9603,4,77,189,,,,,,,,6,02,7,,,088,12,07,144,155,3,16,090,042,41,0929,103,2,695941,,,507941,,,1969,5.0
69IN03203,1964419618,64,2,G9618,4,77,019,,,,,,,,6,02,7,,772,108,11,02,156,175,,03,096,052,41,,125,5,699541,,,286641,,,1969,5.0
69IN03204,1964419625,64,1,G9625,4,09,091,,,,,,16,,6,02,1,,,148,10,,255,280,3,,088,062,41,0812,184,3,638641,,270,277741,,,1969,5.0
69IN03205,1964419627,64,2,G9627,4,75,018,,,,,,,,6,02,7,,,107,08,,,,6,15,103,064,41,0510,156,4,693741,,,394941,,,1969,5.0
69IN03206,1964419634,64,2,G9634,4,76,179,,,,,,,,6,02,7,,,062,10,,,,6,15,094,037,41,0210,084,2,726041,,,600341,,,1969,5.0
69IN03207,1964419636,64,2,G9636,4,78,128,,,,,,,,6,02,7,,781,075,09,02,134,145,,11,088,050,41,,127,3,756241,,,358041,,,1969,5.0
69IN03208,1964419637,64,2,G9637,4,78,039,,,,,,,,6,02,7,,780,095,10,02,157,170,,17,089,044,41,,111,2,740141,,,644841,,,1969,5.0
69IN03209,1964419638,64,2,G9638,4,78,179,,,,,,,,6,02,7,,781,088,07,01,137,152,,01,092,047,41,,111,3,726041,,,899240,,,1969,5.0
69IN03210,1964419645,64,2,G9645,4,73,098,,,,,,,,6,02,7,,732,107,09,02,144,170,,16,093,049,41,,117,3,605841,,,115541,,,1969,5.0
69IN03211,1964419647,64,2,G9647,4,70,712,,,,,,,,6,02,2,,701,110,09,02,160,188,,,096,050,41,,125,2,420041,,,403441,,,1969,5.0
69IN03212,1964419651,64,2,G9651,4,72,982,,,,,,,,6,02,3,,90,096,06,02,137,155,,,102,042,41,,090,2,764441,,,535841,,,1969,5.0
69IN03213,1964419652,64,2,G9652,4,78,099,,,,,,,,6,02,7,,,098,07,05,148,160,3,07,080,043,41,0120,120,2,638641,,,479941,,,1969,5.0
69IN03214,1964419655,64,2,G9655,4,70,712,,,,,,,,6,02,2,,701,095,09,02,146,168,,,097,056,41,,134,3,420041,,,558741,,,1969,5.0
69IN03215,1964419656,64,2,G9656,4,74,049,,,,,,,,6,02,7,,741,103,09,05,135,168,,11,094,053,41,,138,2,745341,,,418141,,,1969,5.0
69IN03216,1964419659,64,2,G9659,4,74,108,,,,,,,,6,02,7,,741,105,10,02,152,175,,12,086,050,41,,129,3,700541,,,191841,,,1969,5.0
69IN03217,1964419663,64,2,G9663,4,70,712,,,,,,,,6,02,2,,700,102,07,02,156,170,,,078,039,41,,099,2,420041,,,122541,,,1969,5.0
69IN03218,1964419664,64,2,G9664,4,70,712,,,,,,,,6,02,2,,,101,08,,190,,7,,070,033,41,1112,088,2,420041,,,122541,,,1969,5.0
69IN03219,1964419667,64,2,G9667,4,74,108,,,,,,,,6,02,7,,742,088,09,02,130,156,,08,089,044,41,,110,2,700541,,,047741,,,1969,5.0
69IN03220,1964419668,64,2,G9668,4,73,108,,,,,,,,6,02,7,,730,099,12,02,138,158,,08,094,048,41,,118,3,700541,,,047741,,,1969,5.0
69IN03221,1964419673,64,2,G9673,4,77,088,,,,,,,,6,02,7,,,100,10,,,,6,04,110,049,41,0207,101,5,771041,,,673441,,,1969,5.0
69IN03222,1964419677,64,2,G9677,4,77,188,,,,,,,,6,02,7,,772,094,07,02,120,153,,09,091,053,41,,132,3,722041,,,680741,,,1969,5.0
69IN03223,1964419678,64,2,G9678,4,77,099,,,,,,,,6,02,7,,771,098,09,02,155,175,,07,091,050,41,,126,2,638641,,,177641,,,1969,5.0
69IN03224,1964419679,64,2,G9679,4,76,099,,,,,,,,6,02,7,,,090,12,,,,6,07,091,051,41,0131,122,4,638641,,,177641,,,1969,5.0
69IN03225,1964419689,64,2,G9689,4,70,712,,,,,,,,6,02,2,,700,106,05,02,165,190,,,082,044,41,,111,3,420041,,,626941,,,1969,5.0
69IN03226,1964419690,64,2,G9690,4,76,188,,,,,,,,6,02,7,,760,103,11,02,147,172,,09,109,058,41,,138,4,722041,,,226041,,,1969,5.0
69IN03227,1964419712,64,2,G9712,4,70,722,,,,,,,,6,02,2,,702,096,09,02,143,155,,,097,043,41,,099,3,610041,,,627541,,,1969,5.0
69IN03228,1964419716,64,2,G9716,4,75,158,,,,,,,,6,02,7,,750,105,08,02,130,165,,03,101,053,41,,126,5,771441,,,328841,,,1969,5.0
69IN03229,1964419717,64,2,G9717,4,76,168,,,,,,,,6,02,7,,,098,09,,,,6,18,085,046,41,0409,114,3,589041,,,323541,,,1969,5.0
69IN03230,1964419735,64,2,G9735,4,70,722,,,,,,,,6,02,2,,702,,,03,168,165,,,104,051,41,,118,2,610041,,,316941,,,1969,5.0
69IN03231,1964419741,64,2,G9741,4,78,098,,,,,,,,6,02,7,,782,096,10,02,138,165,,18,087,046,41,,113,3,605841,,,165841,,,1969,5.0
69IN03232,1964419744,64,2,G9744,4,70,712,,,,,,,,6,02,2,,701,117,10,03,140,158,,,097,050,41,,116,3,420041,,,440241,,,1969,5.0
69IN03233,1964419746,64,2,G9746,4,76,188,,,,,,,,6,02,7,,761,080,07,02,150,155,,16,097,045,41,,104,4,722041,,,655641,,,1969,5.0
69IN03234,1965419753,65,2,G9753,4,74,089,2,8,,,,,,5,02,7,, 91,116,08,02,153,160,,03,102,050,41,,104,3,851741,,,776941,,05,1969,4.0
69IN03235,1965419770,65,2,G9770,4,74,118,4,1,,,,,,5,02,7,,740,104,09,02,157,163,,03,105,045,41,,097,3,824741,,,874541,,01,1969,4.0
69IN03236,1965419776,65,2,G9776,4,77,128,4,8,,,,,,5,02,7,,771,103,06,01,133,155,,07,100,046,41,,095,3,873141,,,788441,,01,1969,4.0
69IN03237,1965419777,65,2,G9777,4,77,049,2,5,,,,,,5,02,7,,771,113,09,02,144,168,,07,106,057,41,,133,3,869941,,,580041,,02,1969,4.0
69IN03238,1965419778,65,2,G9778,4,78,139,4,1,,,,,,5,02,7,,780,107,09,01,133,150,,18,101,052,41,,112,3,797841,,,852241,,02,1969,4.0
69IN03239,1965419785,65,2,G9785,4,76,048,4,8,,,,,,5,02,7,,761,098,08,02,146,160,,07,095,041,41,,089,4,787941,,,448641,,02,1969,4.0
69IN03240,1965419788,65,2,G9788,4,70,732,2,7,,,,,,5,02,2,,701,104,06,02,145,168,,,109,056,41,,122,4,750241,,,564441,,02,1969,4.0
69IN03241,1965419789,65,2,G9789,4,76,118,2,5,,,,,,5,02,7,, 91,095,09,02,145,168,,14,095,046,41,,105,3,824741,,,376541,,02,1969,4.0
69IN03242,1965419797,65,2,G9797,4,70,712,2,1,,,,,,5,02,2,,700,106,08,02,180,182,,,100,042,41,,085,4,771241,,,636941,,02,1969,4.0
69IN03243,1965419800,65,2,G9800,4,77,118,2,1,,,,,,5,02,7,,772,120,08,02,155,175,,14,100,056,41,,125,3,824741,,,596041,,02,1969,4.0
69IN03244,1965419802,65,2,G9802,4,72,812,4,7,,,,,,5,02,3,,94,099,07,02,176,178,,,087,047,41,,106,3,841141,,,363741,,02,1969,4.0
69IN03245,1965419804,65,2,G9804,4,03,032,7,4,,,,26,,5,02,1,,032,098,13,02,138,155,,,073,032,41,,077,2,811141,,,286641,,,1969,4.0
69IN03246,1965419805,65,2,G9805,4,76,128,4,4,,,,,,5,02,7,, 90,107,08,05,138,158,,01,091,040,41,,087,2,873141,,,844441,,05,1969,4.0
69IN03247,1965419807,65,2,G9807,4,74,188,4,8,,,,,,5,02,7,,,100,10,13,148,150,3,13,125,070,41,1117,158,5,873841,,,434441,,02,1969,4.0
69IN03248,1965419813,65,2,G9813,4,75,179,2,5,,,,,,5,02,7,,750,120,08,02,150,158,,16,109,055,41,,120,4,872641,,,363441,,02,1969,4.0
69IN03249,1965419815,65,2,G9815,4,74,169,2,8,,,,,,5,02,7,, 90,096,12,01,155,168,,18,091,044,41,,097,2,784141,,,595641,,02,1969,4.0
69IN03250,1965419816,65,2,G9816,4,73,108,4,3,,,,,,5,02,7,,731,111,09,02,152,176,,16,112,064,41,,140,4,806941,,,402641,,05,1969,4.0
69IN03251,1965419817,65,2,G9817,4,78,149,2,5,,,,,,5,02,7,,782,096,09,02,148,138,,09,103,051,41,,114,4,866641,,,827941,,01,1969,4.0
69IN03252,1965419824,65,2,G9824,4,74,128,2,8,,,,,,5,02,7,,740,097,05,05,143,165,,04,096,030,41,,060,3,873141,,,673441,,02,1969,4.0
69IN03253,1965419825,65,2,G9825,4,73,128,2,3,,,,,,5,02,7,,730,082,11,,110,,,04,088,036,41,,083,3,873141,,,673441,,02,1969,4.0
69IN03254,1965419849,65,2,G9849,4,78,179,4,7,,,,,,5,02,7,, 90,104,09,02,145,180,,18,105,039,41,,078,3,872641,,,601641,,03,1969,4.0
69IN03255,1965419850,65,2,G9850,4,77,179,4,4,,,,,,5,02,7,, 90,098,08,01,166,177,,18,087,045,41,,101,3,872641,,,601641,,02,1969,4.0
69IN03256,1965419851,65,2,G9851,4,70,732,,1,,,,,,5,02,2,,,118,07,,,,6,,094,051,41,0131,116,3,750241,,,861741,,,1969,4.0
69IN03257,1965419864,65,2,G9864,4,78,109,4,4,,,,,,5,02,7,,781,098,14,02,160,160,,16,095,050,41,,109,4,840541,,,209141,,02,1969,4.0
69IN03258,1965419872,65,2,G9872,4,78,048,4,1,,,,,,5,02,7,,781,104,12,02,138,165,,15,112,058,41,,124,4,787941,,,250941,,02,1969,4.0
69IN03259,1965419873,65,2,G9873,4,77,048,2,4,,,,,,5,02,7,,772,096,10,02,133,156,,15,116,066,41,,144,4,787941,,,250941,,02,1969,4.0
69IN03260,1965419874,65,2,G9874,4,74,019,4,8,,,,,,5,02,7,,741,093,09,02,127,149,,04,101,057,41,,129,4,816241,,,878441,,01,1969,4.0
69IN03261,1965419875,65,2,G9875,4,77,119,2,1,,,,,,5,02,7,,770,098,11,04,145,168,,08,107,049,41,,107,4,864241,,,417941,,02,1969,4.0
69IN03262,1965419882,65,2,G9882,4,77,128,2,4,,,,,,5,02,7,, 91,088,08,01,130,148,,15,098,045,41,,093,2,873141,,,082041,,05,1969,4.0
69IN03263,1965419890,65,2,G9890,4,73,169,2,1,,,,,,5,02,7,,,094,10,,135,,6,17,093,047,41,0901,104,3,784141,,,497441,,03,1969,4.0
69IN03264,1965419894,65,2,G9894,4,72,862,4,1,,,,,,5,02,3,,92,103,08,04,155,175,,,095,045,41,,096,3,847041,,,833641,,02,1969,4.0
69IN03265,1965419896,65,2,G9896,4,73,089,2,4,,,,,,5,02,7,, 91,098,09,01,112,140,,09,098,051,41,,117,2,851741,,,550641,,02,1969,4.0
69IN03266,1965419907,65,2,G9907,4,75,188,2,4,,,,,,5,02,7,,750,117,08,02,152,172,,17,117,071,41,,164,5,873841,,,629841,,02,1969,4.0
69IN03267,1965419912,65,2,G9912,4,70,712,,7,,,,,,5,02,2,, 90,110,06,02,200,155,,,075,034,41,,082,2,771241,,,266041,,,1969,4.0
69IN03268,1965419915,65,2,G9915,4,77,108,4,3,,,,,,5,02,7,,771,095,07,02,125,165,,16,089,039,41,,083,2,806941,,,610841,,05,1969,4.0
69IN03269,1965419923,65,2,G9923,4,70,712,4,4,,,,,,5,02,2,,702,111,06,02,155,177,,,121,057,41,,119,4,771241,,,371941,,02,1969,4.0
69IN03270,1965419925,65,2,G9925,4,07,072,6,7,,,,24,,5,02,1,,072,107,08,02,160,165,,,092,043,41,,094,3,830441,,,083341,,,1969,4.0
69IN03271,1965419926,65,1,G9926,4,07,072,,,,,,24,,5,02,1,,,153,07,,210,240,3,07,112,060,41,0812,143,4,830441,,264,083341,,,1969,4.0
69IN03272,1965419928,65,2,G9928,4,74,189,4,7,,,,,,5,02,7,,742,114,10,02,152,180,,17,098,060,41,,148,5,789041,,,161641,,02,1969,4.0
69IN03273,1965419930,65,2,G9930,4,75,139,4,4,,,,,,5,02,7,, 91,103,08,02,138,180,,10,086,042,41,,092,3,797841,,,665741,,02,1969,4.0
69IN03274,1965419933,65,2,G9933,4,70,712,2,1,,,,,,5,02,2,,,107,08,06,165,170,3,,095,042,41,1201,094,3,771241,,,645941,,02,1969,4.0
69IN03275,1965419935,65,2,G9935,4,75,179,4,1,,,,,,5,02,7,,751,119,09,02,155,168,,18,105,065,41,,148,4,872641,,,869641,,02,1969,4.0
69IN03276,1965419941,65,2,G9941,4,72,892,2,4,,,,,,5,02,3,,81,102,11,02,150,156,,,103,047,41,,095,2,791141,,,254341,,02,1969,4.0
69IN03277,1965419947,65,2,G9947,4,75,118,4,7,,,,,,5,02,7,, 90,110,10,02,158,168,,08,100,067,41,,156,3,824741,,,167941,,02,1969,4.0
69IN03278,1965419951,65,2,G9951,4,70,712,2,7,,,,,,5,02,2,, 90,104,07,04,165,180,,,106,044,41,,093,4,771241,,,712541,,02,1969,4.0
69IN03279,1965419953,65,2,G9953,4,73,169,4,4,,,,,,5,02,7,,,093,09,,130,,7,18,104,056,41,1112,123,4,784141,,,868541,,01,1969,4.0
69IN03280,1965419960,65,2,G9960,4,74,178,4,3,,,,,,5,02,7,,742,083,09,02,109,130,,10,085,030,41,,063,2,802941,,,079941,,02,1969,4.0
69IN03281,1965419963,65,2,G9963,4,74,109,2,7,,,,,,5,02,7,,742,118,08,02,135,173,,18,099,052,41,,116,2,840541,,,321641,,02,1969,4.0
69IN03282,1965419964,65,2,G9964,4,78,078,,7,,,,,,5,02,7,, 91,112,10,02,162,180,,12,095,054,41,,125,3,830441,,,421441,,,1969,4.0
69IN03283,1965419966,65,2,G9966,4,72,992,4,1,,,,,,5,02,3,,84,102,08,02,140,168,,,108,057,41,,123,4,839441,,,536741,,02,1969,4.0
69IN03284,1965419981,65,2,G9981,4,75,129,4,1,,,,,,5,02,7,,750,116,08,02,136,168,,07,096,050,41,,112,2,843541,,,824341,,02,1969,4.0
69IN03285,1965419984,65,2,G9984,4,73,079,4,4,,,,,,5,02,7,, 91,110,12,01,133,160,,15,092,051,41,,119,3,838841,,,410841,,02,1969,4.0
69IN03286,1965419985,65,2,G9985,4,74,038,2,7,,,,,,5,02,7,,741,084,09,02,140,155,,08,093,045,41,,103,3,811141,,,847940,,02,1969,4.0
69IN03287,1965419995,65,2,G9995,4,77,019,2,1,,,,,,5,02,7,,770,112,11,02,140,165,,07,102,058,41,,128,3,816241,,,792541,,02,1969,4.0
69IN03288,1968620008,68,2,K0008,6,72,803,,,,,,,1,2,06,3,1,94,092,10,,92,118,,72,113,,62,,126,5,800361,,,778261,,,1969,1.0
69IN03289,1968620010,68,2,K0010,6,02,020,7,,,,,32,2,2,06,1,1,023,078,11,,78,106,,02,127,,62,,112,4,778561,,,612961,,,1969,1.0
69IN03290,1968620011,68,2,K0011,6,02,020,,,,,,32,2,2,06,1,,,,,,,,6,02,,,62,0311,,,778561,,,612961,,,1969,1.0
69IN03291,1968620012,68,1,K0012,6,70,713,,,,,,,1,2,06,2,1,,080,09,,80,125,3,70,101,,62,0812,120,5,638461,,386,806361,,,1969,1.0
69IN03292,1968620013,68,2,K0013,6,01,010,6,,,,,37,1,2,06,1,1,013,100,09,,100,103,,01,124,,62,,099,5,751361,,,404061,,,1969,1.0
69IN03293,1968620016,68,2,K0016,6,10,100,7,,,,,41,1,2,06,1,1,103,087,09,,87,113,,10,082,,62,,082,2,834861,,,604361,,,1969,1.0
69IN03294,1968620017,68,2,K0017,6,74,074,,,,,,,3,2,06,7,1,740,083,09,,83,108,,05,118,,62,,124,5,697961,,,317461,,,1969,1.0
69IN03295,1968620021,68,2,K0021,6,74,075,,,,,,,1,2,06,7,1,741,078,10,,78,122,,09,101,,62,,102,4,736961,,,329861,,,1969,1.0
69IN03296,1968620023,68,2,K0023,6,02,020,6,,,,,29,1,2,06,1,1,023,078,09,,78,103,,02,107,,62,,131,5,778561,,,743561,,,1969,1.0
69IN03297,1968620025,68,1,K0025,6,70,713,,,,,,,3,2,06,2,1,,120,11,,120,155,,70,111,,62,,127,5,638461,,410,430661,,,1969,1.0
69IN03298,1968620026,68,2,K0026,6,70,723,,,,,,,1,2,06,2,1,700,096,08,,96,143,,70,118,,62,,135,5,710261,,,793461,,,1969,1.0
69IN03299,1968620029,68,1,K0029,6,72,893,,,,,,,2,2,06,3,1,,080,10,,80,114,,72,131,,62,,113,6,828161,,389,709461,,,1969,1.0
69IN03300,1968620030,68,2,K0030,6,72,893,,,,,,,2,2,06,3,1,92,085,09,,85,108,,72,122,,62,,120,8,828161,,,709461,,,1969,1.0
69IN03301,1968620031,68,2,K0031,6,70,733,,,,,,,1,2,06,2,1, 01,115,10,,115,145,2,70,125,,62,0927,125,5,750661,,,819661,,,1969,1.0
69IN03302,1968620032,68,1,K0032,6,70,733,,,,,,,2,2,06,2,1,127,115,09,,115,152,2,70,097,,62,0927,120,5,750661,,404,755861,,,1969,1.0
69IN03303,1968620033,68,2,K0033,6,70,733,,,,,,,2,2,06,2,1, 05,094,10,,94,133,2,70,102,,62,0927,124,4,750661,,,755861,,,1969,1.0
69IN03304,1968620034,68,2,K0034,6,72,943,,,,,,,3,2,06,3,1,81,078,06,,78,98,,72,110,,62,,095,4,787961,,,725361,,,1969,1.0
69IN03305,1968620038,68,1,K0038,6,72,923,,,,,,,1,2,06,3,1,,080,13,,80,120,,71,091,,62,,123,4,807961,,381,401961,,,1969,1.0
69IN03306,1968620039,68,1,K0039,6,72,863,,,,,,,2,2,06,3,1,,093,10,,93,128,3,72,091,,62,0812,143,7,793861,,394,525461,,,1969,1.0
69IN03307,1968620041,68,2,K0041,6,72,983,,,,,,,1,2,06,3,3,84,103,09,,103,136,,72,105,,62,,090,3,802061,,,776661,,,1969,1.0
69IN03308,1968620043,68,2,K0043,6,02,020,7,,,,,27,2,2,06,1,1,023,073,10,,73,90,,02,120,,62,,076,4,778561,,,416461,,,1969,1.0
69IN03309,1968620044,68,1,K0044,6,70,723,,,,,,,1,2,06,2,2,,108,08,,108,145,3,70,129,,62,0812,131,7,710261,,419,823361,, 3,1969,1.0
69IN03310,1968620045,68,2,K0045,6,02,020,6,,,,,32,1,2,06,1,1,023,072,09,,72,98,,02,105,,62,,098,6,778561,,,270661,,,1969,1.0
69IN03311,1968620051,68,1,K0051,6,70,733,,,,,,,2,2,06,2,1,,080,10,,80,124,3,70,088,,62,0812,101,4,750661,,385,521261,,,1969,1.0
69IN03312,1968620052,68,2,K0052,6,70,713,,,,,,,2,2,06,2,1, 03,093,09,,93,118,2,70,127,,62,0927,112,5,638461,,,220961,,,1969,1.0
69IN03313,1968620056,68,2,K0056,6,70,713,,,,,,,1,2,06,2,1, 04,097,09,,97,135,2,70,117,,62,0927,111,5,638461,,,828861,,,1969,1.0
69IN03314,1968620057,68,2,K0057,6,70,723,,,,,,,1,2,06,2,1,702,095,07,,95,128,,70,111,,62,,103,5,710261,,,780961,,,1969,1.0
69IN03315,1968620059,68,2,K0059,6,73,084,,,,,,,1,2,06,7,1,730,071,09,,71,91,,09,104,,62,,103,5,781961,,,777761,,,1969,1.0
69IN03316,1968620060,68,2,K0060,6,77,104,,,,,,,1,2,06,7,1,772,116,11,,116,142,,08,117,,62,,114,4,834861,,,507961,,,1969,1.0
69IN03317,1968620063,68,1,K0063,6,70,713,,,,,,,1,2,06,2,1,,094,10,,94,138,,70,110,,62,,138,5,638461,,395,758261,,,1969,1.0
69IN03318,1968620064,68,1,K0064,6,01,010,,,,,,31,3,2,06,1,2,,067,09,,67,98,3,01,111,,62,0812,078,4,751361,,389,634561,,,1969,1.0
69IN03319,1968620066,68,2,K0066,6,70,713,,,,,,,2,2,06,2,1,701,080,10,,80,103,,70,129,,62,,102,7,638461,,,838661,,,1969,1.0
69IN03320,1968620067,68,2,K0067,6,70,713,,,,,,,2,2,06,2,1, 05,092,09,,92,113,2,70,114,,62,0927,105,6,638461,,,838661,,,1969,1.0
69IN03321,1968620069,68,1,K0069,6,02,020,,,,,,33,3,2,06,1,1,,078,09,,78,105,,02,096,,62,,082,4,778561,,394,647861,,,1969,1.0
69IN03322,1968620070,68,1,K0070,6,70,733,,,,,,,3,2,06,2,1,,088,12,,88,133,3,70,110,,62,0812,119,7,750661,,383,511061,,,1969,1.0
69IN03323,1968620072,68,2,K0072,6,70,733,,,,,,,3,2,06,2,1,700,112,09,,112,153,,70,113,,62,,144,5,750661,,,327261,,,1969,1.0
69IN03324,1968620074,68,1,K0074,6,72,833,,,,,,,1,2,06,3,4,,110,09,,110,145,3,72,091,,62,0812,137,5,780261,,399,607161,,,1969,1.0
69IN03325,1968620077,68,2,K0077,6,72,913,,,,,,,1,2,06,3,1,86,098,09,,98,115,,72,132,,62,,112,7,798761,,,764161,,,1969,1.0
69IN03326,1968620078,68,2,K0078,6,72,893,,,,,,,1,2,06,3,1,88,112,09,,112,137,,72,086,,62,,118,4,828161,,,537161,,,1969,1.0
69IN03327,1968620079,68,1,K0079,6,70,733,,,,,,,2,2,06,2,1,130,103,11,,103,133,2,70,099,,62,0927,137,5,792661,,410,675761,,,1969,1.0
69IN03328,1968620081,68,1,K0081,6,70,733,,,,,,,2,2,06,2,1,,080,10,,80,118,3,70,103,,62,0812,082,5,750661,,393,684661,,,1969,1.0
69IN03329,1968620082,68,2,K0082,6,70,733,,,,,,,2,2,06,2,1, 05,088,09,,88,123,2,70,114,,62,0927,136,4,750661,,,684661,,,1969,1.0
69IN03330,1968620083,68,2,K0083,6,70,733,,,,,,,2,2,06,2,1, 01,087,09,,87,123,2,70,113,,62,0927,104,5,792661,,,575661,,,1969,1.0
69IN03331,1968620085,68,2,K0085,6,70,733,,,,,,,2,2,06,2,1, 02,102,11,,102,137,2,70,104,,62,0927,126,4,792661,,,575661,,,1969,1.0
69IN03332,1968620086,68,2,K0086,6,76,32,,,,,,,2,2,06,7,1,761,076,10,,76,113,,82,088,,62,,094,3,652361,,,730961,,,1969,1.0
69IN03333,1968620087,68,2,K0087,6,75,32,,,,,,,2,2,06,7,1,751,097,10,,97,117,,82,110,,62,,123,3,652361,,,730961,,,1969,1.0
69IN03334,1968620088,68,2,K0088,6,70,733,,,,,,,1,2,06,2,1, 03,083,10,,83,120,2,70,124,,62,0927,119,5,792661,,,837661,,,1969,1.0
69IN03335,1968620089,68,1,K0089,6,70,723,,,,,,,2,2,06,2,5,,113,10,,113,,3,70,111,,62,0602,111,5,710261,,,745661,,,1969,1.0
69IN03336,1968620090,68,2,K0090,6,70,723,,,,,,,2,2,06,2,1, 03,088,09,,88,122,2,70,118,,62,0927,108,5,710261,,,745661,,,1969,1.0
69IN03337,1968620093,68,2,K0093,6,70,733,,,,,,,1,2,06,2,1, 05,113,09,,113,138,2,70,098,,62,0927,138,7,792661,,,671461,,,1969,1.0
69IN03338,1968620094,68,1,K0094,6,70,723,,,,,,,1,2,06,2,2,,072,10,,72,,3,70,095,,62,0602,087,5,710261,,,321061,,,1969,1.0
69IN03339,1968620098,68,2,K0098,6,70,733,,,,,,,1,2,06,2,1,701,113,10,,113,138,,70,101,,62,,120,4,792661,,,801961,,,1969,1.0
69IN03340,1968620099,68,2,K0099,6,70,733,,,,,,,1,2,06,2,1,702,096,09,,96,145,,70,089,,62,,107,3,792661,,,566661,,,1969,1.0
69IN03341,1968620102,68,2,K0102,6,70,713,,,,,,,2,2,06,2,1,701,088,10,,88,130,,70,116,,62,,099,5,638461,,,741661,,,1969,1.0
69IN03342,1957611925,57,2,A1925,6,01,010,6,,,,,17,,&,06,1,,,092,0,02,135,133,3,,107,053,61,0929,092,8,063861,,,,,,1969,12.0
69IN03343,1958612137,58,2,A2137,6,02,020,6,,,,,24,,&,06,1,,,082,1,02,135,127,3,,096,051,61,0929,121,5,006961,,,,,,1969,11.0
69IN03344,1958612152,58,2,A2152,6,03,030,7,,,,,29,,&,06,1,,,083,0,05,105,116,3,,115,058,61,0929,144,6,026261,,,,,,1969,11.0
69IN03345,1958612269,58,2,A2269,6,02,020,7,,,,,18,,&,06,1,,,089,0,,,,6,,099,057,61,0330,109,7,006961,,,,,,1969,11.0
69IN03346,1959612989,59,2,A2989,6,02,023,7,,,,,22,,-,06,1,,023,087,,02,124,124,,,107,,61,,085,5,142861,,,,,,1969,10.0
69IN03347,1959613060,59,2,A3060,6,10,103,6,,,,,27,,-,06,1,,103,099,,02,130,142,3,,095,,61,0929,101,4,096661,,,,,,1969,10.0
69IN03348,1960613561,60,2,A3561,6,10,103,7,,,,,26,,0,06,1,,,,,,,,6,,,,61,0131,116,7,096661,,,979860,,,1969,9.0
69IN03349,1960613785,60,2,A3785,6,03,033,6,,,,,25,,0,06,1,,,,,02,111,122,3,,,,61,0929,125,4,026261,,,999760,,,1969,9.0
69IN03350,1960613837,60,2,A3837,6,02,020,7,,,,,32,,0,06,1,,,,,,,,6,,,,61,0410,106,4,227461,,,272661,,,1969,9.0
69IN03351,1960613854,60,2,A3854,6,70,743,,,,,,,,0,06,2,, 09,,,02,145,166,2,,,,61,0927,109,5,273661,,,049461,,,1969,9.0
69IN03352,1960614040,60,2,A4040,6,01,010,6,,,,,25,,0,06,1,,,,,,122,,6,,,,61,0701,087,5,251061,,,198861,,,1969,9.0
69IN03353,1960614164,60,2,A4164,6,02,023,6,,,,,25,,0,06,1,,,,,,142,,7,,,,61,1112,079,3,006961,,,874760,,,1969,9.0
69IN03354,1960614345,60,2,A4345,6,03,030,6,,,,,23,,0,06,1,,033,,,02,142,127,,,,,61,,125,5,085461,,,121561,,,1969,9.0
69IN03355,1960614372,60,2,A4372,6,02,020,7,,,,,23,,0,06,1,,023,,,03,180,172,,,,,61,,089,5,227461,,,202861,,,1969,9.0
69IN03356,1960614386,60,2,A4386,6,10,103,7,,,,,31,,0,06,1,,,,,,173,,7,,,,61,1112,115,3,096661,,,255061,,,1969,9.0
69IN03357,1961614488,61,2,A4488,6,01,013,6,,,,,23,,9,06,1,,013,115,,02,147,161,,,,,61,,132,7,251061,,,192561,,,1969,8.0
69IN03358,1961614525,61,2,A4525,6,70,733,,,,,,,,9,06,2,, 09,079,,02,128,150,2,,,,61,0927,106,8,305261,,,300361,,,1969,8.0
69IN03359,1961614542,61,2,A4542,6,01,013,7,,,,,37,,9,06,1,,013,069,,02,106,128,,,,,61,,106,7,251061,,,322361,,,1969,8.0
69IN03360,1961614575,61,2,A4575,6,72,903,,,,,,,,9,06,3,,,090,,,,,6,,,,61,0515,121,6,341261,,,218461,,,1969,8.0
69IN03361,1961614601,61,2,A4601,6,10,100,6,,,,,30,,9,06,1,,,109,,02,160,165,3,,,,61,0120,119,5,096661,,,923460,,,1969,8.0
69IN03362,1961614632,61,2,A4632,6,70,733,,,,,,,,9,06,2,,,109,,04,165,167,3,,,,61,0929,128,5,305261,,,991460,,,1969,8.0
69IN03363,1961614670,61,2,A4670,6,02,023,6,,,,,23,,9,06,1,,023,085,,05,166,153,,,,,61,,101,7,227461,,,202861,,,1969,8.0
69IN03364,1961614762,61,2,A4762,6,02,020,7,,,,,26,,9,06,1,,,082,,,125,,7,,,,61,1112,125,7,339561,,,037661,,,1969,8.0
69IN03365,1961614810,61,2,A4810,6,02,020,6,,,,,25,,9,06,1,, 08,096,,02,130,145,2,,,,61,0927,104,5,339561,,,272661,,,1969,8.0
69IN03366,1961614812,61,2,A4812,6,10,103,7,,,,,24,,9,06,1,,103,076,,04,128,138,,,,,61,,086,5,340561,,,161461,,,1969,8.0
69IN03367,1961614813,61,2,A4813,6,10,103,6,,,,,24,,9,06,1,,103,087,,04,115,127,,,,,61,,099,6,340561,,,161461,,,1969,8.0
69IN03368,1961614854,61,2,A4854,6,10,100,7,,,,,26,,9,06,1,, 08,076,,02,188,200,2,,,,61,0927,089,7,096661,,,290661,,,1969,8.0
69IN03369,1961614983,61,2,A4983,6,10,103,6,,,,,29,,9,06,1,,103,082,,05,114,143,,,,,61,,113,5,340561,,,069361,,,1969,8.0
69IN03370,1961615032,61,2,A5032,6,02,023,7,,,,,19,,9,06,1,,023,072,,02,135,143,,,,,61,,101,7,227461,,,081861,,,1969,8.0
69IN03371,1961615038,61,2,A5038,6,10,103,7,,,,,23,,9,06,1,,103,093,,03,122,141,,,,,61,,105,7,340561,,,974960,,,1969,8.0
69IN03372,1961615074,61,2,A5074,6,01,010,7,,,,,28,,9,06,1,,,083,,02,122,145,3,,,,61,1117,094,5,346961,,,966160,,,1969,8.0
69IN03373,1962615143,62,2,A5143,6,70,733,,,,,,,,8,06,2,,,107,,07,145,180,3,,,,61,1201,132,5,305261,,,302161,,,1969,7.0
69IN03374,1962615154,62,2,A5154,6,70,723,,,,,,,,8,06,2,, 08,102,,02,158,178,2,,,,61,0927,175,5,426261,,,284861,,,1969,7.0
69IN03375,1962615172,62,2,A5172,6,72,813,,,,,,,,8,06,3,,,108,,,,,6,,,,61,0131,149,5,384761,,,360361,,,1969,7.0
69IN03376,1962615254,62,2,A5254,6,72,823,,,,,,,,8,06,3,,80,098,,02,140,165,,,,,61,,101,5,426761,,,264461,,,1969,7.0
69IN03377,1962615257,62,2,A5257,6,72,923,,,,,,,,8,06,3,,82,093,,02,148,170,,,,,61,,106,5,355161,,,413361,,,1969,7.0
69IN03378,1962615340,62,2,A5340,6,70,733,,,,,,,,8,06,2,,,122,,12,175,183,3,,,,61,1117,106,6,305261,,,344861,,,1969,7.0
69IN03379,1962615371,62,2,A5371,6,72,873,,,,,,,,8,06,3,,,103,,,,,6,,,,61,0130,108,4,418061,,,273061,,,1969,7.0
69IN03380,1962615468,62,2,A5468,6,72,833,,,,,,,,8,06,3,,,092,,,106,,6,,,,61,0720,101,5,354761,,,306461,,,1969,7.0
69IN03381,1962615513,62,2,A5513,6,72,813,,,,,,,,8,06,3,,85,090,,02,133,154,,,,,61,,101,4,384761,,,261161,,,1969,7.0
69IN03382,1962615552,62,2,A5552,6,70,723,,,,,,,,8,06,2,,,096,,,,,6,,,,61,0330,122,5,426261,,,145561,,,1969,7.0
69IN03383,1962615580,62,2,A5580,6,70,733,,,,,,,,8,06,2,,,109,,,,,6,,,,61,0131,104,5,305261,,,131161,,,1969,7.0
69IN03384,1962615608,62,2,A5608,6,70,723,,,,,,,,8,06,2,, 08,102,,02,140,160,2,,,,61,0927,124,4,426261,,,278561,,,1969,7.0
69IN03385,1962615669,62,2,A5669,6,70,723,,,,,,,,8,06,2,, 08,097,,02,140,158,2,,,,61,0927,127,6,426261,,,339961,,,1969,7.0
69IN03386,1962615756,62,2,A5756,6,70,723,,,,,,,,8,06,2,,700,096,,,131,157,,,,,61,,116,5,426261,,,295861,,,1969,7.0
69IN03387,1962615817,62,2,A5817,6,72,953,,,,,,,,8,06,3,,87,091,,02,175,184,,,,,61,,090,5,373861,,,222361,,,1969,7.0
69IN03388,1963615835,63,2,A5835,6,01,010,7,,,,,47,,7,06,1,,013,,,02,108,134,,,,,61,,110,6,486661,,,405861,,,1969,6.0
69IN03389,1963615845,63,2,A5845,6,72,943,,,,,,,,7,06,3,,89,,,02,133,155,,,,,61,,100,4,441161,,,312561,,,1969,6.0
69IN03390,1963615865,63,2,A5865,6,01,010,6,,,,,28,,7,06,1,,013,,,02,140,155,,,,,61,,106,8,486661,,,176161,,,1969,6.0
69IN03391,1963615868,63,2,A5868,6,03,030,7,,,,,39,,7,06,1,,033,,,03,130,128,,,,,61,,122,5,510761,,,422161,,,1969,6.0
69IN03392,1963615872,63,2,A5872,6,70,723,,,,,,,,7,06,2,,,,,03,143,168,3,,,,61,1229,134,5,433861,,,432161,,,1969,6.0
69IN03393,1963615883,63,2,A5883,6,03,030,6,,,,,28,,7,06,1,,033,,,06,138,140,,,,,61,,116,6,510761,,,434561,,,1969,6.0
69IN03394,1963615887,63,2,A5887,6,03,030,7,,,,,36,,7,06,1,,033,,,01,143,153,,,,,61,,135,8,510761,,,072761,,,1969,6.0
69IN03395,1963615896,63,2,A5896,6,70,733,,,,,,,,7,06,2,,,,,08,168,168,3,,,,61,0127,164,7,454961,,,451961,,,1969,6.0
69IN03396,1963615902,63,2,A5902,6,01,010,7,,,,,30,,7,06,1,,013,,,0,138,177,,,,,61,,132,5,486661,,,271361,,,1969,6.0
69IN03397,1963615903,63,2,A5903,6,01,010,6,,,,,30,,7,06,1,,013,,,02,128,150,,,,,61,,119,5,486661,,,271361,,,1969,6.0
69IN03398,1963615930,63,2,A5930,6,70,723,,,,,,,,7,06,2,,701,,,02,140,168,,,,,61,,141,4,433861,,,350861,,,1969,6.0
69IN03399,1963615956,63,2,A5956,6,02,020,6,,,,,33,,7,06,1,,023,,,02,128,136,,,,,61,,111,5,370161,,,272661,,,1969,6.0
69IN03400,1963615957,63,2,A5957,6,03,030,6,,,,,33,,7,06,1,, 07,,,02,150,168,2,,,,61,0927,117,3,510761,,,149961,,,1969,6.0
69IN03401,1963615983,63,2,A5983,6,72,883,,,,,,,,7,06,3,,91,,,02,132,150,,,,,61,,131,4,469761,,,401961,,,1969,6.0
69IN03402,1963616041,63,2,A6041,6,70,733,,,,,,,,7,06,2,,700,,,05,160,190,,,,,61,,150,5,454961,,,264761,,,1969,6.0
69IN03403,1963616043,63,2,A6043,6,10,100,7,,,,,32,,7,06,1,,,,,,,,6,,,,61,0210,101,3,355261,,,318461,,,1969,6.0
69IN03404,1963616050,63,2,A6050,6,03,030,7,,,,,34,,7,06,1,,033,,,02,118,135,,,,,61,,116,5,510761,,,130361,,,1969,6.0
69IN03405,1963616058,63,2,A6058,6,72,993,,,,,,,,7,06,3,,,,,12,138,132,3,,,,61,0929,139,5,470361,,,273061,,,1969,6.0
69IN03406,1963616071,63,2,A6071,6,72,863,,,,,,,,7,06,3,,93,,,02,138,170,,,,,61,,127,7,495061,,,324761,,,1969,6.0
69IN03407,1963616094,63,2,A6094,6,70,713,,,,,,,,7,06,2,,701,,,05,135,148,,,,,61,,156,5,500461,,,393161,,,1969,6.0
69IN03408,1963616095,63,2,A6095,6,03,030,6,,,,,27,,7,06,1,,033,,,02,117,133,,,,,61,,131,4,510761,,,171961,,,1969,6.0
69IN03409,1963616096,63,2,A6096,6,03,030,7,,,,,27,,7,06,1,,,,,,124,,6,,,,61,0805,110,7,510761,,,171961,,,1969,6.0
69IN03410,1963616109,63,2,A6109,6,70,713,,,,,,,,7,06,2,,702,,,03,154,163,,,,,61,,149,5,500461,,,102861,,,1969,6.0
69IN03411,1963616125,63,2,A6125,6,70,713,,,,,,,,7,06,2,,,,,,138,,3,,,,61,0602,142,5,500461,,,456361,,,1969,6.0
69IN03412,1963616129,63,2,A6129,6,02,020,7,,,,,33,,7,06,1,, 07,,,02,128,150,2,,,,61,0927,100,5,370161,,,226961,,,1969,6.0
69IN03413,1963616140,63,2,A6140,6,70,713,,,,,,,,7,06,2,,702,,,03,168,182,,,,,61,,130,6,500461,,,315361,,,1969,6.0
69IN03414,1963616152,63,2,A6152,6,72,983,,,,,,,,7,06,3,,95,,,02,168,173,,,,,61,,102,4,452961,,,356761,,,1969,6.0
69IN03415,1963616154,63,2,A6154,6,70,733,,,,,,,,7,06,2,,700,,,05,148,176,,,,,61,,145,6,454961,,,455361,,,1969,6.0
69IN03416,1963616164,63,2,A6164,6,10,100,6,,,,,29,,7,06,1,,103,,,02,128,123,,,,,61,,089,5,355261,,,498361,,,1969,6.0
69IN03417,1963616172,63,2,A6172,6,03,030,6,,,,,37,,7,06,1,,,,,01,108,109,3,,,,61,0929,129,5,510761,,,038061,,,1969,6.0
69IN03418,1963616187,63,2,A6187,6,70,723,,,,,,,,7,06,2,,701,,,03,160,197,,,,,61,,110,5,433861,,,404261,,,1969,6.0
69IN03419,1963616189,63,2,A6189,6,10,100,7,,,,,29,,7,06,1,,,,,,150,,7,,,,61,1112,085,7,355261,,,447061,,,1969,6.0
69IN03420,1963616195,63,2,A6195,6,02,020,6,,,,,20,,7,06,1,,023,,,02,142,147,,,,,61,,099,4,370161,,,279261,,,1969,6.0
69IN03421,1963616214,63,2,A6214,6,02,020,7,,,,,29,,7,06,1,, 07,,,02,145,175,2,,,,61,0927,097,4,370161,,,437261,,,1969,6.0
69IN03422,1963616257,63,2,A6257,6,10,100,6,,,,,29,,7,06,1,,,,,11,175,182,3,,,,61,0120,100,5,355261,,,438661,,,1969,6.0
69IN03423,1963616272,63,2,A6272,6,02,020,6,,,,,40,,7,06,1,,023,,,02,115,128,,,,,61,,083,5,370161,,,409161,,,1969,6.0
69IN03424,1963616275,63,2,A6275,6,10,100,7,,,,,33,,7,06,1,,,,,02,133,170,3,,,,61,1201,106,7,355261,,,306961,,,1969,6.0
69IN03425,1963616336,63,2,A6336,6,72,843,,,,,,,,7,06,3,,,,,,,,6,,,,61,0210,122,6,459861,,,326761,,,1969,6.0
69IN03426,1963616341,63,2,A6341,6,72,803,,,,,,,,7,06,3,,83,,,01,127,155,,,,,61,,101,4,489961,,,327961,,,1969,6.0
69IN03427,1963616345,63,2,A6345,6,01,010,7,,,,,24,,7,06,1,,013,,,02,122,140,,,,,61,,098,7,486661,,,168161,,,1969,6.0
69IN03428,1963616407,63,2,A6407,6,02,020,7,,,,,22,,7,06,1,,023,,,02,125,154,,,,,61,,119,4,370161,,,108461,,,1969,6.0
69IN03429,1963616440,63,2,A6440,6,03,030,7,,,,,31,,7,06,1,,033,,,05,120,127,,,,,61,,121,6,510761,,,137861,,,1969,6.0
69IN03430,1963616449,63,2,A6449,6,72,993,,,,,,,,7,06,3,,90,,,04,135,158,,,,,61,,101,2,470361,,,323261,,,1969,6.0
69IN03431,1963616463,63,2,A6463,6,72,913,,,,,,,,7,06,3,,94,,,02,145,133,,,,,61,,118,5,442161,,,229561,,,1969,6.0
69IN03432,1963616470,63,2,A6470,6,72,833,,,,,,,,7,06,3,,92,,,01,138,152,,,,,61,,113,7,487261,,,394161,,,1969,6.0
69IN03433,1963616478,63,2,A6478,6,02,020,6,,,,,36,,7,06,1,,023,,,01,151,153,,,,,61,,107,4,370161,,,314861,,,1969,6.0
69IN03434,1963616480,63,2,A6480,6,10,100,6,,,,,33,,7,06,1,,103,,,02,170,166,,,,,61,,102,5,355261,,,324461,,,1969,6.0
69IN03435,1963616523,63,1,A6523,6,03,030,,,,,,,,7,06,,,,,,,170,190,3,,,,61,0812,,,,,393,,,,1969,6.0
69IN03436,1964616537,64,2,A6537,6,75,034,,,,,,,,6,06,7,,751,100,10,02,123,143,,10,118,062,61,,139,6,490661,,,468161,,,1969,5.0
69IN03437,1964616546,64,2,A6546,6,78,074,,,,,,,,6,06,7,,781,088,09,12,119,152,,06,114,051,61,,104,5,462161,,,334961,,,1969,5.0
69IN03438,1964616549,64,2,A6549,6,74,034,,,,,,,,6,06,7,,740,084,10,02,134,160,,10,135,068,61,,137,8,490661,,,195261,,,1969,5.0
69IN03439,1964616550,64,2,A6550,6,70,713,,,,,,,,6,06,2,,702,115,09,02,155,156,,,120,075,61,,176,7,454961,,,534061,,,1969,5.0
69IN03440,1964616554,64,4,A6554,6,,,,,,,,,,6,06,7,,,098,12,,155,,,,109,063,61,,171,5,559161,,,   461,,,1969,5.0
69IN03441,1964616557,64,2,A6557,6,75,055,,,,,,,,6,06,7,,750,116,09,02,155,173,,07,121,065,61,,143,5,449861,,,454861,,,1969,5.0
69IN03442,1964616564,64,2,A6564,6,74,054,,,,,,,,6,06,7,,741,096,09,02,146,160,,07,114,075,61,,183,6,465861,,,215161,,,1969,5.0
69IN03443,1964616565,64,2,A6565,6,73,054,,,,,,,,6,06,7,,731,100,09,02,145,160,,07,094,063,61,,156,4,465861,,,215161,,,1969,5.0
69IN03444,1964616567,64,2,A6567,6,70,713,,,,,,,,6,06,2,,700,112,12,02,166,172,,,119,065,61,,146,7,454961,,,511161,,,1969,5.0
69IN03445,1964616570,64,2,A6570,6,70,713,,,,,,,,6,06,2,,701,106,12,03,150,164,,,096,055,61,,132,6,454961,,,523461,,,1969,5.0
69IN03446,1964616572,64,2,A6572,6,73,094,,,,,,,,6,06,7,,730,078,10,02,146,173,,01,101,052,61,,123,4,548661,,,322361,,,1969,5.0
69IN03447,1964616578,64,2,A6578,6,74,074,,,,,,,,6,06,7,,742,105,09,01,157,167,,05,105,064,61,,154,5,462161,,,358461,,,1969,5.0
69IN03448,1964616579,64,2,A6579,6,73,074,,,,,,,,6,06,7,,730,102,09,04,148,172,,05,103,061,61,,148,6,462161,,,358461,,,1969,5.0
69IN03449,1964616598,64,2,A6598,6,73,074,,,,,,,,6,06,7,,731,097,07,01,138,163,,04,124,057,61,,119,6,462161,,,111661,,,1969,5.0
69IN03450,1964616600,64,4,A6600,6,,,,,,,,22,,6,06,1,,,090,10,,170,,3,,097,062,61,0929,174,5,462161,,,   661,,,1969,5.0
69IN03451,1964616603,64,2,A6603,6,76,085,,,,,,,,6,06,7,,762,110,10,02,185,184,,05,117,060,61,,130,7,534361,,,367961,,,1969,5.0
69IN03452,1964616609,64,2,A6609,6,77,054,,,,,,,,6,06,7,,770,102,12,02,135,154,,06,103,070,61,,177,6,465861,,,242061,,,1969,5.0
69IN03453,1964616612,64,2,A6612,6,73,094,,,,,,,,6,06,7,,731,116,10,02,138,168,,10,111,058,61,,134,4,548661,,,318461,,,1969,5.0
69IN03454,1964616619,64,2,A6619,6,70,713,,,,,,,,6,06,2,,702,100,12,04,155,170,,,104,059,61,,145,4,454961,,,537361,,,1969,5.0
69IN03455,1964616621,64,2,A6621,6,78,095,,,,,,,,6,06,7,,782,100,09,02,153,173,,01,111,063,61,,152,5,538561,,,405861,,,1969,5.0
69IN03456,1964616623,64,2,A6623,6,72,813,,,,,,,,6,06,3,,81,098,09,02,150,160,,,105,059,61,,138,4,550061,,,214361,,,1969,5.0
69IN03457,1964616626,64,2,A6626,6,77,094,,,,,,,,6,06,7,,770,104,08,02,185,198,,01,113,075,61,,191,5,548661,,,092161,,,1969,5.0
69IN03458,1964616628,64,2,A6628,6,75,064,,,,,,,,6,06,7,,751,094,09,02,125,145,,07,099,057,61,,137,5,489561,,,226861,,,1969,5.0
69IN03459,1964616637,64,2,A6637,6,74,055,,,,,,,,6,06,7,,742,092,09,02,137,162,,08,108,053,61,,118,4,449861,,,424561,,,1969,5.0
69IN03460,1964616638,64,2,A6638,6,73,055,,,,,,,,6,06,7,,,100,09,,,,6,08,109,051,61,0519,116,4,449861,,,424561,,,1969,5.0
69IN03461,1964616642,64,2,A6642,6,75,024,,,,,,,,6,06,7,,,103,09,,135,,7,09,087,053,61,1112,129,3,543361,,,295261,,,1969,5.0
69IN03462,1964616648,64,2,A6648,6,76,034,,,,,,,,6,06,7,,,086,09,08,137,158,3,02,119,057,61,0929,124,5,490661,,,231861,,,1969,5.0
69IN03463,1964616660,64,2,A6660,6,73,064,,,,,,,,6,06,7,,732,107,08,05,150,170,,04,098,053,61,,125,5,489561,,,314061,,,1969,5.0
69IN03464,1964616664,64,2,A6664,6,76,074,,,,,,,,6,06,7,,761,090,10,02,136,150,,08,122,062,61,,134,6,462161,,,400261,,,1969,5.0
69IN03465,1964616668,64,2,A6668,6,72,993,,,,,,,,6,06,3,,84,096,04,02,127,140,,,118,046,61,,088,8,542561,,,222361,,,1969,5.0
69IN03466,1964616669,64,2,A6669,6,73,034,,,,,,,,6,06,7,,,103,08,04,180,195,3,09,111,058,61,1201,128,5,490661,,,415461,,,1969,5.0
69IN03467,1964616670,64,2,A6670,6,78,034,,,,,,,,6,06,7,,,093,09,02,160,162,3,09,103,052,61,1201,122,4,490661,,,415461,,,1969,5.0
69IN03468,1964616673,64,2,A6673,6,75,074,,,,,,,,6,06,7,,752,110,12,02,158,186,,08,104,063,61,,143,7,462161,,,252161,,,1969,5.0
69IN03469,1964616674,64,2,A6674,6,74,074,,,,,,,,6,06,7,,740,084,09,05,127,165,,08,102,053,61,,124,5,462161,,,252161,,,1969,5.0
69IN03470,1964616675,64,2,A6675,6,72,843,,,,,,,,6,06,3,,86,086,09,02,148,162,,,102,057,61,,145,5,571061,,,218461,,,1969,5.0
69IN03471,1964616679,64,2,A6679,6,77,065,,,,,,,,6,06,7,,771,091,07,02,138,150,,05,102,046,61,,102,5,526961,,,138061,,,1969,5.0
69IN03472,1964616680,64,2,A6680,6,76,095,,,,,,,,6,06,7,,761,122,09,02,187,196,,02,100,050,61,,115,4,538561,,,222461,,,1969,5.0
69IN03473,1964616684,64,2,A6684,6,78,054,,,,,,,,6,06,7,,780,097,09,02,142,168,,08,100,053,61,,124,4,465861,,,326861,,,1969,5.0
69IN03474,1964616689,64,2,A6689,6,74,014,,,,,,,,6,06,7,,740,082,09,02,145,162,,03,106,062,61,,150,5,570861,,,171961,,,1969,5.0
69IN03475,1964616690,64,2,A6690,6,70,713,,,,,,,,6,06,2,,700,106,10,02,175,190,,,108,075,61,,192,5,454961,,,493161,,,1969,5.0
69IN03476,1964616705,64,2,A6705,6,73,104,,,,,,,,6,06,7,,730,098,10,02,138,138,,09,093,050,61,,121,4,559161,,,169461,,,1969,5.0
69IN03477,1964616714,64,2,A6714,6,70,713,,,,,,,,6,06,2,,,104,09,06,158,190,3,,132,069,61,0120,145,7,454961,,,278761,,,1969,5.0
69IN03478,1964616717,64,2,A6717,6,02,023,6,,,,,21,,6,06,1,,, 80,10,11,115,166,6,02,099,039,61,0117,082,7,543461,,,108461,,,1969,5.0
69IN03479,1964616724,64,2,A6724,6,10,103,6,,,,,32,,6,06,1,,103, 02,09,03,140,158,,10,107,052,61,,117,4,580761,,,438661,,,1969,5.0
69IN03480,1964616726,64,2,A6726,6,02,023,7,,,,,21,,6,06,1,,023, 93,10,02,162,176,,02,119,058,61,,124,5,543461,,,279261,,,1969,5.0
69IN03481,1964616727,64,2,A6727,6,02,023,6,,,,,21,,6,06,1,,023, 72,06,02,125,127,,02,112,048,61,,105,6,543461,,,279261,,,1969,5.0
69IN03482,1964616728,64,2,A6728,6,78,025,,,,,,,,6,06,7,,781,080,12,02,133,158,,01,115,055,61,,115,7,543461,,,387161,,,1969,5.0
69IN03483,1964616738,64,2,A6738,6,77,035,,,,,,,,6,06,7,,771,077,09,02,148,170,,09,109,056,61,,129,6,572961,,,130761,,,1969,5.0
69IN03484,1964616748,64,2,A6748,6,01,013,7,,,,,29,,6,06,1,,013, 77,10,01,128,166,,01,124,057,61,,118,5,543761,,,511461,,,1969,5.0
69IN03485,1964616753,64,2,A6753,6,78,015,,,,,,,,6,06,7,,780,098,08,01,150,168,,03,107,067,61,,155,7,543761,,,040861,,,1969,5.0
69IN03486,1964616757,64,2,A6757,6,70,733,,,,,,,,6,06,2,,700,106,09,03,142,164,,,100,053,61,,118,7,525861,,,442361,,,1969,5.0
69IN03487,1964616764,64,2,A6764,6,78,035,,,,,,,,6,06,7,,,110,09,03,160,187,3,10,093,045,61,0127,108,3,572961,,,209661,,,1969,5.0
69IN03488,1964616765,64,2,A6765,6,77,035,,,,,,,,6,06,7,,772,100,08,02,155,173,,10,067,047,61,,126,5,572961,,,209661,,,1969,5.0
69IN03489,1964616772,64,2,A6772,6,75,085,,,,,,,,6,06,7,,750,098,10,02,148,176,,07,093,053,61,,128,3,534361,,,241461,,,1969,5.0
69IN03490,1964616782,64,2,A6782,6,70,713,,,,,,,,6,06,2,,701,108,10,02,166,188,,,108,062,61,,145,5,454961,,,244461,,,1969,5.0
69IN03491,1964616784,64,2,A6784,6,70,733,,,,,,,,6,06,2,,702,131,09,01,180,190,,,109,071,61,,170,6,525861,,,421761,,,1969,5.0
69IN03492,1964616793,64,2,A6793,6,78,095,,,,,,,,6,06,7,,780,093,13,02,126,165,,10,103,055,61,,130,5,538561,,,340961,,,1969,5.0
69IN03493,1964616797,64,2,A6797,6,03,030,6,,,,,26,,6,06,1,,033, 02,10,02,164,170,,,109,060,61,,141,6,490661,,,309161,,,1969,5.0
69IN03494,1964616798,64,2,A6798,6,03,030,7,,,,,26,,6,06,1,,033, 94,10,03,185,198,,,116,057,61,,131,4,490661,,,309161,,,1969,5.0
69IN03495,1964616804,64,2,A6804,6,74,054,,,,,,,,6,06,7,,740,107,06,05,155,170,,04,103,060,61,,144,3,465861,,,483861,,,1969,5.0
69IN03496,1964616833,64,2,A6833,6,74,045,,,,,,,,6,06,7,,,101,08,,,,6,05,100,051,61,0428,121,5,571961,,,392961,,,1969,5.0
69IN03497,1964616837,64,2,A6837,6,70,733,,,,,,,,6,06,2,,700,114,07,01,205,210,,,117,070,61,,162,5,525861,,,471061,,,1969,5.0
69IN03498,1964616838,64,2,A6838,6,74,024,,,,,,,,6,06,7,,742,108,09,02,162,183,,09,106,054,61,,126,4,543361,,,458961,,,1969,5.0
69IN03499,1964616839,64,2,A6839,6,78,024,,,,,,,,6,06,7,,782,100,08,02,132,156,,09,101,052,61,,128,3,543361,,,458961,,,1969,5.0
69IN03500,1964616841,64,2,A6841,6,70,723,,,,,,,,6,06,2,,,102,09,,118,,6,,108,056,61,0805,128,5,563561,,,521261,,,1969,5.0
69IN03501,1964616846,64,2,A6846,6,70,723,,,,,,,,6,06,2,,701,092,10,05,133,162,,,116,061,61,,130,7,563561,,,340361,,,1969,5.0
69IN03502,1964616848,64,2,A6848,6,72,963,,,,,,,,6,06,3,,88,084,09,02,140,165,,,099,052,61,,125,4,529661,,,506561,,,1969,5.0
69IN03503,1964616851,64,2,A6851,6,70,733,,,,,,,,6,06,2,,,103,08,12,155,183,3,,114,061,61,1201,133,7,525861,,,385461,,,1969,5.0
69IN03504,1964616852,64,2,A6852,6,75,034,,,,,,,,6,06,7,,752,110,09,02,152,151,,02,097,055,61,,142,2,490661,,,474861,,,1969,5.0
69IN03505,1964616858,64,2,A6858,6,72,923,,,,,,,,6,06,3,,96,098,08, 2,137,160,,,112,060,61,,137,5,527761,,,269261,,,1969,5.0
69IN03506,1964616877,64,2,A6877,6,02,020,7,,,,,26,,6,06,1,,023, 93,09,02,125,156,,02,112,059,61,,135,5,543361,,,114861,,,1969,5.0
69IN03507,1964616883,64,2,A6883,6,70,723,,,,,,,,6,06,2,,702,095,11,01,148,170,,,094,061,61,,153,4,563561,,,463261,,,1969,5.0
69IN03508,1964616887,64,2,A6887,6,76,034,,,,,,,,6,06,7,,761,084,11,02,142,170,,09,099,062,61,,153,3,490661,,,293861,,,1969,5.0
69IN03509,1964616889,64,2,A6889,6,78,105,,,,,,,,6,06,7,,781,077,08,02,105,134,,09,107,043,61,,093,4,580761,,,394461,,,1969,5.0
69IN03510,1964616899,64,2,A6899,6,77,075,,,,,,,,6,06,7,,772,086,09,02,148,157,,06,111,060,61,,135,6,525561,,,251361,,,1969,5.0
69IN03511,1964616907,64,2,A6907,6,77,094,,,,,,,,6,06,7,,771,115,10,04,158,168,,10,098,051,61,,118,4,548661,,,447061,,,1969,5.0
69IN03512,1964616910,64,2,A6910,6,74,085,,,,,,,,6,06,7,,741,096,09,02,133,128,,07,116,060,61,,137,5,534361,,,414361,,,1969,5.0
69IN03513,1964616912,64,2,A6912,6,74,094,,,,,,,,6,06,7,,740,102,10,02,170,190,,02,107,061,61,,141,5,548661,,,213761,,,1969,5.0
69IN03514,1964616913,64,2,A6913,6,74,064,,,,,,,,6,06,7,,741,078,09,02,111,142,,07,094,048,61,,116,5,489561,,,483661,,,1969,5.0
69IN03515,1964616916,64,2,A6916,6,70,723,,,,,,,,6,06,2,,700,097,09,02,138,165,,,102,061,61,,147,6,563561,,,220961,,,1969,5.0
69IN03516,1964616918,64,2,A6918,6,76,024,,,,,,,,6,06,7,,760,077,09,02,135,153,,01,103,048,61,,107,5,543361,,,438761,,,1969,5.0
69IN03517,1964616921,64,2,A6921,6,70,713,,,,,,,,6,06,2,,701,103,10,02,165,177,,,087,054,61,,133,3,454961,,,432161,,,1969,5.0
69IN03518,1964616930,64,2,A6930,6,70,723,,,,,,,,6,06,2,,702,118,09,02,185,192,,,096,060,61,,151,5,563561,,,380861,,,1969,5.0
69IN03519,1964616931,64,2,A6931,6,72,963,,,,,,,,6,06,3,,97,102,12,02,140,163,,,101,060,61,,147,6,529661,,,282261,,,1969,5.0
69IN03520,1964616934,64,2,A6934,6,78,074,,,,,,,,6,06,7,,782,110,10,01,185,203,,04,101,067,61,,155,8,462161,,,302761,,,1969,5.0
69IN03521,1964616939,64,2,A6939,6,76,064,,,,,,,,6,06,7,,,105,09,,136,,6,05,105,065,61,0720,152,6,489561,,,444561,,,1969,5.0
69IN03522,1964616943,64,2,A6943,6,74,025,,,,,,,,6,06,7,,,076,11,,170,,3,03,097,052,61,0602,126,4,543461,,,137861,,,1969,5.0
69IN03523,1964616947,64,2,A6947,6,72,813,,,,,,,,6,06,3,,98,101,10,03,155,176,,,110,057,61,,121,6,550061,,,555361,,,1969,5.0
69IN03524,1964616948,64,2,A6948,6,78,104,,,,,,,,6,06,7,,782,086,10,01,140,148,,01,115,062,61,,140,6,559161,,,290961,,,1969,5.0
69IN03525,1964616958,64,2,A6958,6,75,015,,,,,,,,6,06,7,,750,098,08,02,170,190,,10,104,049,61,,112,3,543761,,,390561,,,1969,5.0
69IN03526,1964616960,64,2,A6960,6,76,085,,,,,,,,6,06,7,,760,108,09,02,142,163,,06,103,057,61,,134,4,534361,,,375661,,,1969,5.0
69IN03527,1964616962,64,2,A6962,6,72,883,,,,,,,,6,06,3,,99,115,08,02,180,188,,,101,049,61,,116,3,575861,,,416061,,,1969,5.0
69IN03528,1964616964,64,2,A6964,6,01,010,6,,,,,32,,6,06,1,,013, 83,1/,02,135,151,,01,121,056,61,,117,6,570861,,,448861,,,1969,5.0
69IN03529,1964616982,64,2,A6982,6,76,034,,,,,,,,6,06,7,,762,102,09,02,142,160,,09,110,050,61,,111,3,490661,,,155661,,,1969,5.0
69IN03530,1964616986,64,2,A6986,6,73,095,,,,,,,,6,06,7,,732,100,12,02,140,140,,03,104,060,61,,147,5,538561,,,443661,,,1969,5.0
69IN03531,1964616990,64,2,A6990,6,70,723,,,,,,,,6,06,2,,700,098,09,04,137,170,,,106,059,61,,142,5,563561,,,286261,,,1969,5.0
69IN03532,1964616995,64,2,A6995,6,72,903,,,,,,,,6,06,3,,80,100,09,03,145,158,,,109,063,61,,148,7,555661,,,229561,,,1969,5.0
69IN03533,1964617000,64,2,A7000,6,76,035,,,,,,,,6,06,7,,760,095,09,02,130,162,,01,121,061,61,,128,5,572961,,,271361,,,1969,5.0
69IN03534,1964617001,64,2,A7001,6,70,713,,,,,,,,6,06,2,,701,108,10,05,140,164,,,080,054,61,,140,3,454961,,,225261,,,1969,5.0
69IN03535,1964617010,64,2,A7010,6,74,085,,,,,,,,6,06,7,,,083,10,,125,,3,04,095,043,61,0602,104,3,534361,,,394561,,,1969,5.0
69IN03536,1964617018,64,2,A7018,6,72,903,,,,,,,,6,06,3,,82,092,09,02,140,160,,,098,050,61,,115,6,555661,,,324761,,,1969,5.0
69IN03537,1964617022,64,2,A7022,6,75,094,,,,,,,,6,06,7,,751,107,09,05,174,188,,10,100,054,61,,129,4,548661,,,183061,,,1969,5.0
69IN03538,1964617025,64,2,A7025,6,73,025,,,,,,,,6,06,7,,730,105,09,02,144,195,,03,093,062,61,,156,3,543461,,,378561,,,1969,5.0
69IN03539,1964617029,64,2,A7029,6,74,085,,,,,,,,6,06,7,,742,105,08,02,104,143,,05,089,051,61,,124,4,534361,,,199261,,,1969,5.0
69IN03540,1964617052,64,2,A7052,6,73,085,,,,,,,,6,06,7,,732,104,05,03,150,165,,04,103,049,61,,105,6,534361,,,292561,,,1969,5.0
69IN03541,1964617054,64,2,A7054,6,78,084,,,,,,,,6,06,7,,780,108,09,02,160,178,,04,104,055,61,,130,5,511361,,,294861,,,1969,5.0
69IN03542,1964617067,64,2,A7067,6,72,873,,,,,,,,6,06,3,,,117,08,,114,,6,,099,044,61,0523,095,6,582161,,,413361,,,1969,5.0
69IN03543,1964617070,64,2,A7070,6,74,014,,,,,,,,6,06,7,,741,095,09,02,140,160,,10,117,057,61,,129,6,570861,,,498361,,,1969,5.0
69IN03544,1964617073,64,2,A7073,6,77,024,,,,,,,,6,06,7,,770,090,10,02,145,162,,09,103,040,61,,087,3,543361,,,125061,,,1969,5.0
69IN03545,1964617079,64,2,A7079,6,77,105,,,,,,,,6,06,7,,772,082,10,05,128,167,,09,104,048,61,,108,5,580761,,,195461,,,1969,5.0
69IN03546,1964617082,64,2,A7082,6,78,085,,,,,,,,6,06,7,,781,107,07,03,136,162,,07,105,053,61,,119,5,534361,,,109261,,,1969,5.0
69IN03547,1964617085,64,2,A7085,6,72,973,,,,,,,,6,06,3,,85,072,12,02,132,150,,,099,043,61,,093,5,554761,,,424261,,,1969,5.0
69IN03548,1964617088,64,2,A7088,6,01,013,7,,,,,23,,6,06,1,,, 65,10,06,128,158,3,01,088,034,61,0120,082,3,543761,,,198861,,,1969,5.0
69IN03549,1964617091,64,2,A7091,6,70,733,,,,,,,,6,06,2,,702,092,09,02,148,165,,,102,054,61,,129,4,525861,,,485061,,,1969,5.0
69IN03550,1964617094,64,2,A7094,6,72,913,,,,,,,,6,06,3,,87,084,11,05,120,135,,,094,047,61,,110,4,576361,,,558161,,,1969,5.0
69IN03551,1964617095,64,2,A7095,6,70,733,,,,,,,,6,06,2,,700,103,09,03,166,175,,,098,053,61,,128,3,525861,,,462461,,,1969,5.0
69IN03552,1964617099,64,2,A7099,6,70,733,,,,,,,,6,06,2,,702,104,09,03,132,166,,,120,058,61,,125,6,525861,,,374061,,,1969,5.0
69IN03553,1964617100,64,2,A7100,6,70,733,,,,,,,,6,06,2,, 07,116,09,02,105,150,2,,089,060,61,0927,154,5,525861,,,177361,,,1969,5.0
69IN03554,1964617102,64,1,A7102,6,70,733,,,,,,,,6,06,2,,,158,09,,,,6,,115,080,61,0101,186,8,525861,,,459661,,,1969,5.0
69IN03555,1965617122,65,2,A7122,6,73,045,2,1,,,,,,5,06,7,,,113,08,,,,6,05,109,060,61,0420,134,6,649761,,,444561,,02,1969,4.0
69IN03556,1965617123,65,2,A7123,6,03,030,6,1,,,,43,,5,06,1,,033,103,12,02,126,149,,,109,060,61,,134,5,652361,,,605061,,,1969,4.0
69IN03557,1965617126,65,2,A7126,6,78,055,4,3,,,,,,5,06,7,,780,097,08,05,101,138,,01,096,053,61,,127,5,639061,,,632461,,05,1969,4.0
69IN03558,1965617129,65,2,A7129,6,72,903,2,7,,,,,,5,06,3,,89,100,08,02,142,162,,,093,046,61,,099,4,605761,,,290161,,02,1969,4.0
69IN03559,1965617139,65,2,A7139,6,76,064,4,7,,,,,,5,06,7,,,116,11,,,,6,09,114,055,61,0210,116,5,598061,,,607861,,,1969,4.0
69IN03560,1965617145,65,1,A7145,6,01,010,,,,,,31,,5,06,1,,,112,10,,,,6,01,116,074,61,0311,150,5,584861,,,322361,,,1969,4.0
69IN03561,1965617156,65,2,A7156,6,78,065,2,7,,,,,,5,06,7,,782,105,06,02,137,156,,07,124,063,61,,136,6,636261,,,223361,,02,1969,4.0
69IN03562,1965617160,65,2,A7160,6,78,044,4,7,,,,,,5,06,7,,782,108,09,05,145,163,,05,100,049,61,,111,4,639461,,,392961,,02,1969,4.0
69IN03563,1965617164,65,2,A7164,6,74,095,2,7,,,,,,5,06,7,,742,098,09,07,160,160,,10,114,052,61,,112,4,612761,,,481261,,02,1969,4.0
69IN03564,1965617165,65,2,A7165,6,73,095,2,4,,,,,,5,06,7,,730,108,07,03,164,162,,10,135,055,61,,111,7,612761,,,481261,,04,1969,4.0
69IN03565,1965617171,65,2,A7171,6,75,085,4,4,,,,,,5,06,7,,750,120,07,01,138,170,,06,103,064,61,,152,3,619461,,,380361,,02,1969,4.0
69IN03566,1965617172,65,2,A7172,6,74,054,4,7,,,,,,5,06,7,,740,100,10,02,126,149,,02,109,063,61,,144,5,603061,,,476261,,01,1969,4.0
69IN03567,1965617176,65,2,A7176,6,72,923,4,7,,,,,,5,06,3,,91,116,09,02,184,188,,,098,057,61,,124,4,610061,,,615261,,02,1969,4.0
69IN03568,1965617181,65,2,A7181,6,74,034,4,3,,,,,,5,06,7,,742,106,11,02,175,192,,05,090,048,61,,107,4,652361,,,367961,,02,1969,4.0
69IN03569,1965617182,65,2,A7182,6,73,034,4,4,,,,,,5,06,7,,731,105,11,02,155,170,,05,103,058,61,,128,5,652361,,,367961,,01,1969,4.0
69IN03570,1965617187,65,2,A7187,6,76,105,2,1,,,,,,5,06,7,,,086,07,12,143,152,3,08,102,051,61,0120,112,5,621761,,,500261,,02,1969,4.0
69IN03571,1965617188,65,2,A7188,6,03,030,7,7,,,,29,,5,06,1,,033,088,14,02,141,156,,,091,059,61,,143,4,652361,,,171961,,,1969,4.0
69IN03572,1965617190,65,2,A7190,6,76,094,2,4,,,,,,5,06,7,,761,096,10,02,130,155,,07,122,061,61,,125,5,615061,,,483661,,02,1969,4.0
69IN03573,1965617191,65,2,A7191,6,75,094,2,7,,,,,,5,06,7,,750,104,08,02,140,160,,07,121,056,61,,112,5,615061,,,483661,,05,1969,4.0
69IN03574,1965617193,65,2,A7193,6,73,074,4,1,,,,,,5,06,7,,730,127,09,04,164,188,,10,097,050,61,,115,3,660061,,,390561,,02,1969,4.0
69IN03575,1965617202,65,2,A7202,6,75,105,4,4,,,,,,5,06,7,,752,096,07,02,130,150,,09,099,050,61,,121,5,621761,,,293861,,02,1969,4.0
69IN03576,1965617208,65,2,A7208,6,01,010,6,1,,,,36,,5,06,1,,013,078,10,02,122,140,,,087,033,61,,077,4,584861,,,488061,,,1969,4.0
69IN03577,1965617210,65,2,A7210,6,76,014,2,7,,,,,,5,06,7,,762,113,08,02,125,120,,04,129,058,61,,124,7,584861,,,292561,,03,1969,4.0
69IN03578,1965617214,65,2,A7214,6,75,064,4,3,,,,,,5,06,7,,752,106,08,02,133,148,,08,117,051,61,,096,5,598061,,,205461,,02,1969,4.0
69IN03579,1965617218,65,2,A7218,6,70,713,4,7,,,,,,5,06,2,,702,111,10,01,147,154,,,105,062,61,,138,5,525861,,,453561,,01,1969,4.0
69IN03580,1965617225,65,2,A7225,6,72,893,2,4,,,,,,5,06,3,,93,093,09,04,153,171,,,121,061,61,,131,6,616861,,,588061,,05,1969,4.0
69IN03581,1965617226,65,2,A7226,6,74,034,2,7,,,,,,5,06,7,,740,083,11,02,130,163,,02,116,040,61,,083,7,652361,,,298961,,02,1969,4.0
69IN03582,1965617228,65,2,A7228,6,70,713,4,5,,,,,,5,06,2,,700,100,07,05,150,168,,,096,044,61,,096,4,525861,,,560861,,01,1969,4.0
69IN03583,1965617235,65,2,A7235,6,70,723,2,4,,,,,,5,06,2,,701,112,09,02,133,173,,,112,055,61,,118,5,451461,,,177361,,02,1969,4.0
69IN03584,1965617237,65,2,A7237,6,78,054,2,1,,,,,,5,06,7,,781,108,08,02,144,157,,02,132,066,61,,139,6,603061,,,341861,,02,1969,4.0
69IN03585,1965617239,65,2,A7239,6,75,025,2,7,,,,,,5,06,7,,750,110,11,02,130,160,,01,113,056,61,,125,5,632661,,,261261,,02,1969,4.0
69IN03586,1965617240,65,2,A7240,6,77,054,2,3,,,,,,5,06,7,,772,103,11,03,148,168,,02,118,058,61,,115,6,603061,,,226961,,02,1969,4.0
69IN03587,1965617241,65,2,A7241,6,76,054,4,4,,,,,,5,06,7,,761,094,13,01,135,151,,02,128,048,61,,097,7,603061,,,226961,,01,1969,4.0
69IN03588,1965617253,65,2,A7253,6,72,813,2,7,,,,,,5,06,3,,95,089,07,02,138,155,,,104,046,61,,095,4,629961,,,287761,,02,1969,4.0
69IN03589,1965617255,65,2,A7255,6,78,095,4,7,,,,,,5,06,7,,780,106,09,02,154,160,,10,113,055,61,,114,5,612761,,,627561,,02,1969,4.0
69IN03590,1965617265,65,2,A7265,6,01,013,6,4,,,,33,,5,06,1,,013,087,10,05,110,118,,,097,036,61,,075,5,588861,,,404461,,,1969,4.0
69IN03591,1965617270,65,2,A7270,6,76,044,2,1,,,,,,5,06,7,,,100,09,13,138,144,3,05,107,051,61,0127,104,5,639461,,,199261,,02,1969,4.0
69IN03592,1965617272,65,2,A7272,6,70,723,,7,,,,,,5,06,2,,701,088,09,02,190,160,,,099,063,61,,154,6,451461,,,391561,,,1969,4.0
69IN03593,1965617273,65,2,A7273,6,70,713,,7,,,,,,5,06,2,,,125,09,,,,6,,124,075,61,0512,182,5,525861,,,456361,,,1969,4.0
69IN03594,1965617275,65,2,A7275,6,75,015,4,7,,,,,,5,06,7,,752,122,09,02,143,173,,04,132,064,61,,125,6,588861,,,111661,,02,1969,4.0
69IN03595,1965617278,65,2,A7278,6,70,723,2,1,,,,,,5,06,2,,701,098,06,02,118,140,,,113,058,61,,136,5,451461,,,339961,,02,1969,4.0
69IN03596,1965617280,65,2,A7280,6,76,084,2,1,,,,,,5,06,7,,761,100,09,02,145,180,,09,112,056,61,,123,2,645461,,,465361,,02,1969,4.0
69IN03597,1965617283,65,1,A7283,6,02,020,,,,,,19,,5,06,,,136,096,10,,160,180,2,02,122,058,61,0927,128,6,633861,,404,279261,,,1969,4.0
69IN03598,1965617289,65,2,A7289,6,75,085,2,4,,,,,,5,06,7,,751,100,12,02,128,168,,09,124,058,61,,116,6,619461,,,262761,,02,1969,4.0
69IN03599,1965617291,65,2,A7291,6,78,034,4,4,,,,,,5,06,7,,780,108,08,02,150,160,6,05,097,051,61,1217,111,4,652361,,,511761,,02,1969,4.0
69IN03600,1965617294,65,2,A7294,6,72,833,2,1,,,,,,5,06,3,,83,119,08,02,158,180,,,104,053,61,,116,5,606161,,,544561,,05,1969,4.0
69IN03601,1965617305,65,2,A7305,6,70,723,4,1,,,,,,5,06,2,,,125,09,13,138,120,3,,113,064,61,0929,145,6,451461,,,380861,,02,1969,4.0
69IN03602,1965617307,65,2,A7307,6,73,015,2,1,,,,,,5,06,7,,731,105,10,02,120,149,,02,125,063,61,,127,5,588861,,,481061,,02,1969,4.0
69IN03603,1965617309,65,2,A7309,6,75,104,4,7,,,,,,5,06,7,,750,088,08,02,124,138,,08,110,050,61,,100,5,636361,,,284361,,02,1969,4.0
69IN03604,1965617314,65,2,A7314,6,78,025,4,4,,,,,,5,06,7,,781,103,11,02,136,147,,03,111,054,61,,111,4,632661,,,309161,,02,1969,4.0
69IN03605,1965617315,65,2,A7315,6,75,105,4,1,,,,,,5,06,7,,751,098,12,02,144,161,,06,106,060,61,,143,5,621761,,,251361,,02,1969,4.0
69IN03606,1965617321,65,2,A7321,6,70,713,2,7,,,,,,5,06,2,,702,135,09,02,185,198,,,102,069,61,,171,6,525861,,,227561,,02,1969,4.0
69IN03607,1965617332,65,2,A7332,6,78,075,4,7,,,,,,5,06,7,,,103,09,,142,,7,10,101,053,61,1112,118,4,635961,,,306961,,02,1969,4.0
69IN03608,1965617337,65,2,A7337,6,70,713,4,5,,,,,,5,06,2,,,090,09,09,143,158,3,,106,045,61,0120,099,4,525861,,,442361,,02,1969,4.0
69IN03609,1965617341,65,1,A7341,6,03,030,,,,,,28,,5,06,1,,,124,12,,180,185,3,03,105,059,61,0812,137,5,652361,,426,434561,,,1969,4.0
69IN03610,1965617343,65,2,A7343,6,75,034,4,7,,,,,,5,06,7,,752,111,12,01,155,174,,04,098,050,61,,114,4,652361,,,297861,,01,1969,4.0
69IN03611,1965617346,65,2,A7346,6,72,883,4,4,,,,,,5,06,3,,90,107,08,05,120,142,,,130,054,61,,116,7,586461,,,561061,,02,1969,4.0
69IN03612,1965617347,65,2,A7347,6,74,104,2,4,,,,,,5,06,7,,740,096,07,02,133,150,,07,110,049,61,,103,4,636361,,,215961,,02,1969,4.0
69IN03613,1965617349,65,2,A7349,6,77,055,2,1,,,,,,5,06,7,,770,096,10,02,120,145,,01,104,050,61,,104,5,639061,,,458261,,05,1969,4.0
69IN03614,1965617360,65,2,A7360,6,75,055,4,4,,,,,,5,06,7,,751,090,10,02,124,145,,02,080,044,61,,108,3,639061,,,619561,,02,1969,4.0
69IN03615,1965617363,65,2,A7363,6,70,713,4,7,,,,,,5,06,2,,,115,07,11,153,158,3,,115,060,61,0120,137,6,525861,,,277661,,02,1969,4.0
69IN03616,1965617365,65,2,A7365,6,72,903,4,1,,,,,,5,06,3,,94,114,07,02,145,159,,,117,058,61,,116,6,605761,,,607161,,01,1969,4.0
69IN03617,1965617375,65,2,A7375,6,72,923,2,4,,,,,,5,06,3,,92,111,08,02,175,182,,,109,060,61,,134,5,610061,,,307061,,02,1969,4.0
69IN03618,1965617376,65,2,A7376,6,72,813,4,4,,,,,,5,06,3,,81,092,11,02,137,153,,,092,042,61,,098,3,629961,,,480261,,05,1969,4.0
69IN03619,1965617378,65,2,A7378,6,70,723,2,4,,,,,,5,06,2,,700,111,09,02,147,173,,,094,049,61,,115,5,451461,,,541261,,02,1969,4.0
69IN03620,1965617381,65,2,A7381,6,73,054,2,1,,,,,,5,06,7,,732,112,11,05,160,190,,04,116,055,61,,112,5,603061,,,314061,,02,1969,4.0
69IN03621,1965617389,65,2,A7389,6,78,094,,4,,,,,,5,06,7,, 90,118,09,02,134,173,,08,093,054,61,,123,4,615061,,,408761,,,1969,4.0
69IN03622,1965617395,65,2,A7395,6,75,095,4,4,,,,,,5,06,7,,751,092,09,02,113,128,,06,109,040,61,,078,3,612761,,,396261,,02,1969,4.0
69IN03623,1965617397,65,2,A7397,6,10,100,7,1,,,,43,,5,06,1,,103,087,09,02,128,140,,,098,027,61,,052,3,636361,,,604361,,,1969,4.0
69IN03624,1965617401,65,2,A7401,6,10,100,6,7,,,,26,,5,06,1,,103,112,10,02,144,165,,,123,069,61,,154,5,636361,,,281961,,,1969,4.0
69IN03625,1965617407,65,2,A7407,6,73,095,4,7,,,,,,5,06,7,,731,093,09,02,133,155,,06,127,062,61,,128,5,612761,,,242061,,02,1969,4.0
69IN03626,1965617415,65,2,A7415,6,77,094,2,7,,,,,,5,06,7,,771,110,06,02,162,170,,10,116,054,61,,109,6,615061,,,447061,,02,1969,4.0
69IN03627,1965617416,65,2,A7416,6,70,723,2,7,,,,,,5,06,2,,701,115,11,02,140,167,,,097,055,61,,128,3,451461,,,463261,,02,1969,4.0
69IN03628,1965617417,65,2,A7417,6,75,034,4,1,,,,,,5,06,7,,,105,09,,,,6,01,102,058,61,0210,129,3,652361,,,511461,,,1969,4.0
69IN03629,1965617420,65,2,A7420,6,72,823,2,1,,,,,,5,06,3,,84,085,10,02,133,160,,,111,051,61,,108,5,607661,,,633761,,02,1969,4.0
69IN03630,1965617422,65,2,A7422,6,72,943,4,7,,,,,,5,06,3,, 90,118,10,02,193,156,,,117,062,61,,135,5,645061,,,314261,,02,1969,4.0
69IN03631,1965617424,65,2,A7424,6,70,723,4,1,,,,,,5,06,2,,700,094,09,02,136,163,,,100,053,61,,122,4,451461,,,615461,,02,1969,4.0
69IN03632,1965617435,65,2,A7435,6,02,023,7,7,,,,30,,5,06,1,,,096,12,,,,6,,098,045,61,0131,103,4,632661,,,383761,,,1969,4.0
69IN03633,1965617436,65,2,A7436,6,77,084,4,7,,,,,,5,06,7,,770,103,10,02,125,163,,07,116,052,61,,102,5,645461,,,278061,,01,1969,4.0
69IN03634,1965617438,65,2,A7438,6,74,105,2,7,,,,,,5,06,7,,,109,08,13,170,194,3,08,104,055,61,0929,121,5,621761,,,373061,,02,1969,4.0
69IN03635,1965617440,65,2,A7440,6,73,025,2,1,,,,,,5,06,7,,732,088,14,02,133,163,,04,103,042,61,,087,4,632661,,,336361,,02,1969,4.0
69IN03636,1965617442,65,2,A7442,6,70,713,2,4,,,,,,5,06,2,,702,103,08, 2,140,170,,,102,057,61,,135,6,525861,,,263961,,02,1969,4.0
69IN03637,1965617444,65,2,A7444,6,78,075,4,4,,,,,,5,06,7,,781,109,08,02,168,195,,08,113,060,61,,133,6,635961,,,305561,,02,1969,4.0
69IN03638,1965617448,65,2,A7448,6,77,035,2,8,,,,,,5,06,7,,,104,13,,130,,7,05,099,053,61,1112,118,4,593461,,,634361,,02,1969,4.0
69IN03639,1965617449,65,2,A7449,6,74,094,2,1,,,,,,5,06,7,,,106,09,09,148,175,3,07,102,066,61,0120,157,4,615061,,,215161,,02,1969,4.0
69IN03640,1965617450,65,2,A7450,6,73,104,2,7,,,,,,5,06,7,, 90,092,10,06,135,148,,08,108,047,61,,090,5,636361,,,424561,,02,1969,4.0
69IN03641,1965617456,65,2,A7456,6,70,723,4,7,,,,,,5,06,2,,,093,12,13,128,,3,,113,053,61,0929,107,5,451461,,,493161,,01,1969,4.0
69IN03642,1965617458,65,2,A7458,6,76,074,4,4,,,,,,5,06,7,,762,092,09,02,117,150,,06,113,057,61,,133,7,660061,,,423161,,02,1969,4.0
69IN03643,1965617464,65,2,A7464,6,73,085,2,7,,,,,,5,06,7,, 91,098,15,02,140,155,,10,110,050,61,,101,3,619461,,,318461,,01,1969,4.0
69IN03644,1965617465,65,2,A7465,6,78,085,2,4,,,,,,5,06,7,,782,106,14,02,162,185,,10,110,056,61,,127,5,619461,,,318461,,02,1969,4.0
69IN03645,1965617470,65,2,A7470,6,72,853,2,1,,,,,,5,06,3,,88,114,09,02,153,164,,,098,055,61,,128,3,617061,,,538261,,05,1969,4.0
69IN03646,1965617477,65,2,A7477,6,72,903,4,4,,,,,,5,06,3,,96,110,11,02,127,152,,,100,050,61,,113,3,605761,,,486961,,01,1969,4.0
69IN03647,1965617491,65,2,A7491,6,78,094,4,7,,,,,,5,06,7,,781,098,11,02,123,146,,06,081,048,61,,117,4,615061,,,334961,,02,1969,4.0
69IN03648,1965617492,65,2,A7492,6,72,833,2,1,,,,,,5,06,3,,97,125,09,02,155,175,,,118,063,61,,134,6,606161,,,272161,,02,1969,4.0
69IN03649,1965617496,65,2,A7496,6,72,983,2,4,,,,,,5,06,3,,98,108,08,02,152,175,,,104,061,61,,140,5,596361,,,517261,,02,1969,4.0
69IN03650,1965617497,65,2,A7497,6,70,713,2,7,,,,,,5,06,2,,702,123,10,06,147,170,,,102,062,61,,141,5,525861,,,620161,,07,1969,4.0
69IN03651,1965617499,65,2,A7499,6,72,883,4,7,,,,,,5,06,3,,99,097,09,02,140,153,,,112,054,61,,112,5,586461,,,303961,,05,1969,4.0
69IN03652,1965617506,65,1,A7506,6,70,723,,,,,,,,5,06,2,,122,115,12,,180,220,2,70,101,076,61,0927,187,5,451461,,439,370361,,,1969,4.0
69IN03653,1965617509,65,2,A7509,6,78,014,,5,,,,,,5,06,7,,780,109,09,02,150,178,,02,100,058,61,,129,5,584861,,,272661,,,1969,4.0
69IN03654,1965617513,65,1,A7513,6,01,013,,,,,,24,,5,06,1,,122,120,09,,210,230,2,01,127,065,61,0927,142,6,588861,,455,198861,,,1969,4.0
69IN03655,1965617520,65,2,A7520,6,76,095,2,1,,,,,,5,06,7,, 91,094,12,02,130,163,,10,101,047,61,,103,5,612761,,,340961,,02,1969,4.0
69IN03656,1965617522,65,2,A7522,6,77,075,2,7,,,,,,5,06,7,,772,097,07,02,128,160,,08,124,055,61,,108,5,635961,,,429361,,02,1969,4.0
69IN03657,1965617523,65,2,A7523,6,78,065,4,4,,,,,,5,06,7,,780,113,06,02,165,184,,10,103,062,61,,152,5,636261,,,306061,,02,1969,4.0
69IN03658,1965617532,65,2,A7532,6,76,074,2,7,,,,,,5,06,7,,760,088,09,02,123,140,,10,098,047,61,,103,5,660061,,,648061,,01,1969,4.0
69IN03659,1965617539,65,2,A7539,6,70,713,4,4,,,,,,5,06,2,,700,110,09,05,150,170,,,108,055,61,,119,5,525861,,,589661,,02,1969,4.0
69IN03660,1965617542,65,2,A7542,6,74,054,2,1,,,,,,5,06,7,,741,093,09,02,128,147,,02,119,055,61,,108,5,603061,,,647861,,02,1969,4.0
69IN03661,1965617543,65,2,A7543,6,74,035,4,4,,,,,,5,06,7,,741,102,09,05,138,155,,04,108,048,61,,096,4,593461,,,243761,,05,1969,4.0
69IN03662,1965617549,65,2,A7549,6,70,723,2,5,,,,,,5,06,2,,701,113,10,02,113,122,,,100,059,61,,136,5,451461,,,587261,,02,1969,4.0
69IN03663,1965617558,65,2,A7558,6,70,713,2,1,,,,,,5,06,2,,702,116,09,04,158,186,,,109,054,61,,112,4,525861,,,614061,,02,1969,4.0
69IN03664,1965617559,65,2,A7559,6,77,014,4,5,,,,,,5,06,7,,770,108,09,02,135,170,,03,113,063,61,,136,6,584861,,,588761,,02,1969,4.0
69IN03665,1965617563,65,2,A7563,6,70,723,4,7,,,,,,5,06,2,,701,094,09,03,125,172,,,112,062,61,,136,5,451461,,,451961,,02,1969,4.0
69IN03666,1965617570,65,1,A7570,6,10,100,,,,,,26,,5,06,1,,118,100,07,,220,240,2,10,091,053,61,0927,102,5,636361,,456,460161,,,1969,4.0
69IN03667,1965617571,65,2,A7571,6,75,044,4,1,,,,,,5,06,7,,,096,09,12,155,173,6,05,093,032,61,0114,070,4,639461,,,594261,,01,1969,4.0
69IN03668,1965617575,65,2,A7575,6,74,065,4,8,,,,,,5,06,7,, 90,083,09,02,120,153,,08,097,044,61,,096,4,636261,,,299761,,02,1969,4.0
69IN03669,1965617580,65,2,A7580,6,75,064,2,3,,,,,,5,06,7,, 91,095,08,05,121,140,,09,113,052,61,,111,6,598061,,,295161,,02,1969,4.0
69IN03670,1965617582,65,2,A7582,6,70,713,4,7,,,,,,5,06,2,, 90,105,09,02,133,160,,,098,059,61,,130,4,525861,,,487761,,}2,1969,4.0
69IN03671,1965617584,65,2,A7584,6,72,993,4,8,,,,,,5,06,3,,80,117,10,02,178,188,,,094,059,61,,141,4,651561,,,390361,,02,1969,4.0
69IN03672,1965617586,65,2,A7586,6,78,105,2,4,,,,,,5,06,7,,782,122,09,04,177,195,,07,111,051,61,,107,4,621761,,,610661,,02,1969,4.0
69IN03673,1965617587,65,2,A7587,6,75,075,2,8,,,,,,5,06,7,, 90,096,08,05,122,158,,10,100,039,61,,080,3,635961,,,468161,,02,1969,4.0
69IN03674,1965617601,65,2,A7601,6,74,104,2,1,,,,,,5,06,7,,741,090,07,01,160,170,,09,094,042,61,,093,3,636361,,,471561,,01,1969,4.0
69IN03675,1965617608,65,2,A7608,6,75,024,4,8,,,,,,5,06,7,,751,107,09,02,145,161,,05,090,051,61,,125,5,633861,,,358461,,02,1969,4.0
69IN03676,1965617609,65,2,A7609,6,77,105,4,8,,,,,,5,06,7,,772,102,12,01,172,180,,07,102,039,61,,083,4,621761,,,454761,,01,1969,4.0
69IN03677,1965617610,65,2,A7610,6,76,105,2,1,,,,,,5,06,7,, 90,086,11,01,115,128,,07,086,041,61,,102,2,621761,,,454761,,02,1969,4.0
69IN03678,1965617614,65,2,A7614,6,70,723,,1,,,,,,5,06,2,,701,093,11,02,185,168,,,098,062,61,,157,5,451461,,,414961,,,1969,4.0
69IN03679,1965617625,65,2,A7625,6,70,723,2,8,,,,,,5,06,2,,700,092,10,02,131,135,,,111,052,61,,114,6,451461,,,393161,,02,1969,4.0
69IN03680,1965617626,65,2,A7626,6,76,085,4,7,,,,,,5,06,7,,762,119,10,02,146,186,,10,137,065,61,,124,6,619461,,,625761,,02,1969,4.0
69IN03681,1965617628,65,2,A7628,6,77,064,4,4,,,,,,5,06,7,,771,102,10,05,140,162,,07,103,044,61,,097,3,598061,,,629261,,01,1969,4.0
69IN03682,1965617629,65,2,A7629,6,74,035,4,1,,,,,,5,06,7,, 91,099,14,05,138,168,,01,108,057,61,,127,5,593461,,,448861,,02,1969,4.0
69IN03683,1965617632,65,2,A7632,6,70,723,2,4,,,,,,5,06,2,, 91,121,09,05,160,180,,,123,066,61,,147,5,451461,,,487561,,02,1969,4.0
69IN03684,1965617634,65,2,A7634,6,70,713,4,3,,,,,,5,06,2,,702,109,08,03,146,172,,,110,061,61,,142,5,525861,,,602661,,02,1969,4.0
69IN03685,1965617644,65,2,A7644,6,73,045,2,4,,,,,,5,06,7,,731,102,07,03,140,166,,03,119,053,61,,111,5,649761,,,644061,,02,1969,4.0
69IN03686,1965617645,65,2,A7645,6,72,963,2,1,,,,,,5,06,3,,,103,08,,150,,7,,098,048,61,1112,104,4,648661,,,445361,,02,1969,4.0
69IN03687,1965617652,65,2,A7652,6,73,085,4,4,,,,,,5,06,7,,732,106,08,02,140,155,,06,118,059,61,,124,5,619461,,,228361,,01,1969,4.0
69IN03688,1965617660,65,2,A7660,6,73,034,2,1,,,,,,5,06,7,,732,115,12,05,155,178,,04,090,049,61,,117,3,652361,,,643961,,01,1969,4.0
69IN03689,1965617662,65,2,A7662,6,75,104,2,4,,,,,,5,06,7,,752,094,09,02,152,167,,07,118,061,61,,137,5,636361,,,357361,,01,1969,4.0
69IN03690,1965617667,65,2,A7667,6,73,075,4,4,,,,,,5,06,7,,731,087,09,02,121,136,,09,115,051,61,,113,5,635961,,,402461,,05,1969,4.0
69IN03691,1965617672,65,2,A7672,6,74,024,4,1,,,,,,5,06,7,,741,094,06,02,125,144,,01,094,039,61,,083,5,633861,,,651361,,02,1969,4.0
69IN03692,1965617677,65,2,A7677,6,72,863,4,7,,,,,,5,06,3,,82,104,09,02,138,168,,,108,057,61,,131,4,647261,,,401961,,01,1969,4.0
69IN03693,1965617680,65,2,A7680,6,70,713,4,7,,,,,,5,06,2,,702,108,10,02,158,170,,,096,055,61,,127,3,525861,,,515461,,02,1969,4.0
69IN03694,1965617683,65,2,A7683,6,77,014,2,7,,,,,,5,06,7,, 90,098,09,04,138,173,,02,110,050,61,,098,5,584861,,,621461,,01,1969,4.0
69IN03695,1965617689,65,2,A7689,6,73,024,4,4,,,,,,5,06,7,,730,103,10,02,143,172,,01,120,051,61,,101,5,633861,,,145461,,02,1969,4.0
69IN03696,1965617693,65,2,A7693,6,75,045,2,3,,,,,,5,06,7,,750,101,07,02,120,150,,02,088,046,61,,107,4,649761,,,416461,,01,1969,4.0
69IN03697,1965617694,65,2,A7694,6,74,045,2,7,,,,,,5,06,7,,742,103,11,03,132,144,,02,101,053,61,,127,5,649761,,,416461,,02,1969,4.0
69IN03698,1965617695,65,2,A7695,6,73,035,,7,,,,,,5,06,7,,730,076,14,02,118,140,,01,107,048,61,,101,4,593461,,,599361,,,1969,4.0
69IN03699,1965617696,65,2,A7696,6,70,723,4,4,,,,,,5,06,2,,701,088,10,02,115,138,,,096,048,61,,109,3,451461,,,604061,,02,1969,4.0
69IN03700,1965617702,65,2,A7702,6,75,084,4,1,,,,,,5,06,7,,752,109,08,02,153,168,,10,109,052,61,,108,4,645461,,,503861,,02,1969,4.0
69IN03701,1965617705,65,2,A7705,6,70,713,2,1,,,,,,5,06,2,,700,103,09,02,145,156,,,100,056,61,,122,4,525861,,,380961,,02,1969,4.0
69IN03702,1965617714,65,2,A7714,6,76,085,2,1,,,,,,5,06,7,,760,114,11,11,161,190,,07,136,064,61,,123,6,619461,,,440261,,02,1969,4.0
69IN03703,1965617716,65,2,A7716,6,78,035,4,4,,,,,,5,06,7,,781,097,12,02,150,160,,04,096,046,61,,104,5,593461,,,370661,,01,1969,4.0
69IN03704,1965617720,65,2,A7720,6,72,903,2,7,,,,,,5,06,3,, 91,106,11,02,130,153,,,119,056,61,,112,6,605761,,,394161,,05,1969,4.0
69IN03705,1965617722,65,2,A7722,6,73,024,,7,,,,,,5,06,7,,,100,11,02,156,153,3,05,098,051,61,0127,109,4,633861,,,494161,,,1969,4.0
69IN03706,1965617729,65,2,A7729,6,77,035,4,7,,,,,,5,06,7,,771,097,12,01,138,162,,01,117,056,61,,123,6,593461,,,271361,,05,1969,4.0
69IN03707,1965617730,65,2,A7730,6,76,035,2,1,,,,,,5,06,7,,760,096,10,02,128,150,,01,098,052,61,,116,5,593461,,,271361,,02,1969,4.0
69IN03708,1965617732,65,2,A7732,6,72,853,4,1,,,,,,5,06,3,,87,095,06,02,135,159,,,082,046,61,,105,3,617061,,,363461,,05,1969,4.0
69IN03709,1965617743,65,2,A7743,6,78,024,4,5,,,,,,5,06,7,,782,090,08,02,162,163,,04,097,042,61,,084,5,633861,,,294861,,01,1969,4.0
69IN03710,1965617744,65,2,A7744,6,01,010,7,1,,,,38,,5,06,1,,,079,09,12,103,136,6,01,097,031,61,1204,065,4,584861,,,634561,,,1969,4.0
69IN03711,1965617747,65,2,A7747,6,70,713,4,4,,,,,,5,06,2,,702,104,10,02,152,178,,,098,051,61,,115,6,525861,,,456261,,02,1969,4.0
69IN03712,1966617750,66,2,A7750,6,72,943,2,,,,,,,4,06,3,1,89,098,10,02,133,160,,,134,,61,,127,6,656161,,,585561,,01,1969,3.0
69IN03713,1966617751,66,2,A7751,6,74,084,4,,,,,,,4,06,7,1,741,104,10,01,147,144,,10,109,,61,,104,5,650361,,,618961,,01,1969,3.0
69IN03714,1966617756,66,1,A7756,6,72,933,,,,,,,,4,06,3,,113,,,,175,220,2,,,,61,7210,213,7,686361,,468,500761,,,1969,3.0
69IN03715,1966617757,66,2,A7757,6,74,075,,,,,,,,4,06,7,1,742,105,10,01,160,175,,10,108,,61,,106,7,679461,,,340961,,,1969,3.0
69IN03716,1966617759,66,2,A7759,6,73,055,2,,,,,,,4,06,7,1,730,091,10,02,123,155,,02,096,,61,,092,5,660761,,,270661,,02,1969,3.0
69IN03717,1966617760,66,2,A7760,6,77,055,4,,,,,,,4,06,7,1,772,095,10,02,138,160,,02,104,,61,,119,7,660761,,,270661,,02,1969,3.0
69IN03718,1966617762,66,2,A7762,6,01,013,6,,,,,33,,4,06,1,1,013,088,11,02,105,112,,,133,,61,,123,8,461061,,,454261,,,1969,3.0
69IN03719,1966617763,66,2,A7763,6,77,084,2,,,,,,,4,06,7,1,770,108,08,02,165,188,,10,110,,61,,123,6,650361,3,,306061,,01,1969,3.0
69IN03720,1966617764,66,2,A7764,6,73,084,4,,,,,,,4,06,7,1,730,113,08,02,162,182,,10,107,,61,,117,5,650361,,,306061,,02,1969,3.0
69IN03721,1966617765,66,2,A7765,6,72,933,2,,,,,,,4,06,3,1,91,102,10,02,121,145,,,131,,61,,101,7,686361,,,584561,,02,1969,3.0
69IN03722,1966617775,66,2,A7775,6,70,723,4,,,,,,,4,06,2,1,700,106,09,02,145,179,,,100,,61,,098,6,710261,,,560861,,01,1969,3.0
69IN03723,1966617780,66,2,A7780,6,75,074,2,,,,,,,4,06,7,1,752,095,07,01,129,150,,06,095,,61,,118,5,697961,,,251361,,02,1969,3.0
69IN03724,1966617781,66,2,A7781,6,72,823,4,,,,,,,4,06,3,1,93,085,13,02,118,130,,,125,,61,,101,5,689161,,,677061,,02,1969,3.0
69IN03725,1966617785,66,1,A7785,6,02,023,,,,,,26,,4,06,1,,,,,,150,178,3,,,,61,0812,100,5,671661,,373,644661,,,1969,3.0
69IN03726,1966617788,66,2,A7788,6,78,105,,,,,,,,4,06,7,1,782,082,09,02,167,170,,08,107,,61,,118,6,693861,,,613761,,,1969,3.0
69IN03727,1966617789,66,1,A7789,6,72,843,,,,,,,,4,06,,,135,,,,185,210,2,,,,61,0927,155,5,680761,,440,541961,,,1969,3.0
69IN03728,1966617791,66,2,A7791,6,70,713,4,,,,,,,4,06,2,1,701,097,09,02,140,169,,,111,,61,,118,7,638461,,,566961,,01,1969,3.0
69IN03729,1966617792,66,2,A7792,6,72,913,,,,,,,,4,06,3,1,95,083,12,02,123,152,,,086,,61,,070,6,658961,,,644961,,,1969,3.0
69IN03730,1966617803,66,2,A7803,6,72,893,2,,,,,,,4,06,3,1,83,091,11,02,114,135,,,092,,61,,086,6,689261,,,633761,,01,1969,3.0
69IN03731,1966617808,66,2,A7808,6,77,024,4,,,,,,,4,06,7,1,771,101,10,02,118,142,,03,115,,61,,123,7,687661,,,670361,,02,1969,3.0
69IN03732,1966617809,66,2,A7809,6,70,733,2,,,,,,,4,06,2,1,702,084,11,02,124,166,,,111,,61,,097,6,670061,,,699061,,02,1969,3.0
69IN03733,1966617815,66,1,A7815,6,70,723,,,,,,,,4,06,2,,117,,,,210,230,2,,,,61,0927,161,5,710261,,461,432161,,,1969,3.0
69IN03734,1966617816,66,2,A7816,6,77,075,4,,,,,,,4,06,7,1,771,118,10,01,158,190,,09,104,,61,,110,6,679461,,,450961,,01,1969,3.0
69IN03735,1966617817,66,2,A7817,6,76,075,2,,,,,,,4,06,7,1,760,096,10,02,137,166,,09,107,,61,,101,6,679461,,,450961,,02,1969,3.0
69IN03736,1966617820,66,2,A7820,6,76,014,2,,,,,,,4,06,7,1,762,113,10,02,150,176,,02,116,,61,,126,6,686961,,,213761,,01,1969,3.0
69IN03737,1966617821,66,1,A7821,6,70,713,,,,,,,,4,06,2,,,,,,229,240,3,,,,61,0929,154,8,638461,,496,679961,,,1969,3.0
69IN03738,1966617829,66,2,A7829,6,73,094,4,,,,,,,4,06,7,1,731,088,09,02,120,133,,07,093,,61,,092,5,698161,,,236661,,02,1969,3.0
69IN03739,1966617830,66,1,A7830,6,04,040,,,,,,29,,4,06,1,,,,,,180,210,6,,,,61,1008,148,5,665161,,416,314061,,,1969,3.0
69IN03740,1966617834,66,2,A7834,6,73,035,4,,,,,,,4,06,7,1,731,111,12,04,143,166,,02,107,,61,,150,6,707461,,,259361,,05,1969,3.0
69IN03741,1966617838,66,2,A7838,6,74,094,4,,,,,,,4,06,7,1,742,122,12,02,162,172,,10,126,,61,,129,6,698161,,,503861,,02,1969,3.0
69IN03742,1966617845,66,2,A7845,6,77,095,4,,,,,,,4,06,7,1,772,086,13,01,122,152,,07,098,,61,,118,5,698861,,,223361,,01,1969,3.0
69IN03743,1966617849,66,2,A7849,6,74,044,4,,,,,,,4,06,7,1,742,102,09,04,145,158,,05,115,,61,,110,5,665161,,,334861,,01,1969,3.0
69IN03744,1966617856,66,1,A7856,6,70,723,,,,,,,,4,06,,,135,,,,210,250,2,,,,61,0927,145,5,710261,,422,678261,,,1969,3.0
69IN03745,1966617867,66,2,A7867,6,76,104,4,,,,,,,4,06,7,1,762,116,12,02,160,175,,08,104,,61,,125,5,672561,,,381361,,02,1969,3.0
69IN03746,1966617870,66,2,A7870,6,77,094,2,,,,,,,4,06,7,1,770,121,09,02,170,185,,06,099,,61,,125,6,698161,,,374961,,02,1969,3.0
69IN03747,1966617873,66,2,A7873,6,74,064,2,,,,,,,4,06,7,1,740,087,11,02,115,141,,09,131,,61,,102,8,673061,,,624761,,02,1969,3.0
69IN03748,1966617876,66,2,A7876,6,76,095,2,,,,,,,4,06,7,1,761,102,09,02,142,163,,06,103,,61,,124,5,698861,,,423061,,01,1969,3.0
69IN03749,1966617880,66,2,A7880,6,72,803,,,,,,,,4,06,3,1,90,068,08,02,110,144,,,102,,61,,076,4,684761,,,666861,,,1969,3.0
69IN03750,1966617886,66,2,A7886,6,73,075,2,,,,,,,4,06,7,1,,094,10,,144,,7,10,135,,61,1112,115,7,679461,,,481361,,02,1969,3.0
69IN03751,1966617887,66,2,A7887,6,78,075,,,,,,,,4,06,7,1,781,092,10,01,140,148,,10,112,,61,,104,5,679461,,,481361,,,1969,3.0
69IN03752,1966617891,66,2,A7891,6,76,024,2,,,,,,,4,06,7,1,761,108,09,01,117,163,,03,122,,61,,117,6,687661,,,588361,,01,1969,3.0
69IN03753,1966617897,66,2,A7897,6,78,055,4,,,,,,,4,06,7,1,780,100,12,05,132,155,,04,101,,61,,107,6,660761,,,065961,,01,1969,3.0
69IN03754,1966617898,66,2,A7898,6,77,074,4,,,,,,,4,06,7,1,772,094,09,02,135,148,,10,097,,61,,084,6,697961,,,616461,,02,1969,3.0
69IN03755,1966617905,66,2,A7905,6,72,923,2,,,,,,,4,06,3,1,94,088,05,01,128,150,,,117,,61,,085,6,674361,,,581761,,02,1969,3.0
69IN03756,1966617908,66,2,A7908,6,77,024,4,,,,,,,4,06,7,1,772,128,08,01,188,218,,04,109,,61,,130,5,687661,,,625561,,02,1969,3.0
69IN03757,1966617916,66,2,A7916,6,76,055,2,,,,,,,4,06,7,1,760,097,11,02,135,146,,04,093,,61,,120,5,660761,,,457061,,01,1969,3.0
69IN03758,1966617918,66,1,A7918,6,09,090,,,,,,31,,4,06,1,,121,,,,205,245,2,,,,61,0927,139,6,698161,,455,624161,,,1969,3.0
69IN03759,1966617924,66,2,A7924,6,73,015,,,,,,,,4,06,7,1,732,122,09,04,175,192,,05,115,,61,,143,6,461061,,,415561,,,1969,3.0
69IN03760,1966617934,66,2,A7934,6,70,733,4,,,,,,,4,06,2,1,700,080,11,02,115,138,,,103,,61,,092,4,670061,,,162561,,01,1969,3.0
69IN03761,1966617939,66,2,A7939,6,72,963,4,,,,,,,4,06,3,1,92,087,09,02,126,157,,,099,,61,,115,5,658361,,,405761,,02,1969,3.0
69IN03762,1966617946,66,2,A7946,6,01,013,7,,,,,29,,4,06,1,1,013,087,09,02,114,136,,,119,,61,,121,5,461061,,,271361,,,1969,3.0
69IN03763,1966617948,66,2,A7948,6,10,103,7,,,,,31,,4,06,1,1,103,095,09,01,130,163,,,107,,61,,098,4,693861,,,447061,,,1969,3.0
69IN03764,1966617949,66,2,A7949,6,10,103,6,,,,,31,,4,06,1,1,103,085,11,02,100,118,,,100,,61,,089,6,693861,,,447061,,,1969,3.0
69IN03765,1966617951,66,2,A7951,6,70,733,,,,,,,,4,06,2,1,700,115,10,02,130,165,,,111,,61,,126,7,670061,,,451961,,,1969,3.0
69IN03766,1966617955,66,2,A7955,6,73,094,4,,,,,,,4,06,7,1,732,081,14,02,125,153,,10,128,,61,,093,6,698161,,,195261,,01,1969,3.0
69IN03767,1966617956,66,2,A7956,6,78,094,2,,,,,,,4,06,7,1,781,092,14,02,118,144,,10,117,,61,,111,7,698161,,,195261,,01,1969,3.0
69IN03768,1966617957,66,2,A7957,6,77,094,4,,,,,,,4,06,7,1,,078,15,,93,,6,10,109,,61,0508,078,7,698161,,,195261,,01,1969,3.0
69IN03769,1966617958,66,2,A7958,6,73,105,2,,,,,,,4,06,7,1,730,073,09,02,88,115,,09,095,,61,,072,3,693861,,,476161,,01,1969,3.0
69IN03770,1966617961,66,2,A7961,6,70,733,2,,,,,,,4,06,2,1,702,100,11,01,140,165,,,113,,61,,097,7,670061,,,327261,,02,1969,3.0
69IN03771,1966617962,66,2,A7962,6,02,020,6,,,,,22,,4,06,1,1,023,096,09,02,125,148,,,098,,61,,094,4,687661,,,341861,,,1969,3.0
69IN03772,1966617963,66,2,A7963,6,02,020,7,,,,,22,,4,06,1,,023,092,,02,122,138,,,,,61,,114,5,687661,,,341861,,,1969,3.0
69IN03773,1966617968,66,2,A7968,6,73,045,4,,,,,,,4,06,7,1,,108,08,,145,,3,05,117,,61,0602,077,9,665261,,,594261,,01,1969,3.0
69IN03774,1966617970,66,2,A7970,6,76,094,4,,,,,,,4,06,7,1,762,088,10,02,123,155,,07,112,,61,,110,5,698161,,,423261,,01,1969,3.0
69IN03775,1966617972,66,2,A7972,6,72,903,2,,,,,,,4,06,3,1,81,097,09,05,113,128,,,115,,61,,096,4,657461,,,478661,,02,1969,3.0
69IN03776,1966617975,66,2,A7975,6,01,010,6,,,,,35,,4,06,1,1,013,086,11,01,120,144,,,102,,61,,091,5,686961,,,458261,,,1969,3.0
69IN03777,1966617991,66,2,A7991,6,75,105,,,,,,,,4,06,7,1,750,102,09,02,147,163,,08,087,,61,,102,3,693861,,,429361,,,1969,3.0
69IN03778,1966617992,66,2,A7992,6,78,035,2,,,,,,,4,06,7,1,782,088,10,,,,,02,091,,61,,105,5,707461,,,503261,,02,1969,3.0
69IN03779,1966617993,66,2,A7993,6,77,035,2,,,,,,,4,06,7,1,772,077,13,01,120,143,,02,100,,61,,092,6,707461,,,503261,,02,1969,3.0
69IN03780,1966617998,66,2,A7998,6,78,085,4,,,,,,,4,06,7,1,782,094,10,03,135,160,,06,117,,61,,110,7,619461,,,617561,,01,1969,3.0
69IN03781,1966618000,66,2,A8000,6,72,843,4,,,,,,,4,06,3,1,84,102,13,02,133,160,,,094,,61,,110,4,680761,,,611761,,05,1969,3.0
69IN03782,1966618001,66,2,A8001,6,75,015,4,,,,,,,4,06,7,1,750,067,09,01,105,156,,02,126,,61,,075,7,461061,,,231861,,01,1969,3.0
69IN03783,1966618002,66,2,A8002,6,73,015,4,,,,,,,4,06,7,1,730,093,10,01,116,144,,02,115,,61,,084,5,461061,,,231861,,01,1969,3.0
69IN03784,1966618014,66,2,A8014,6,70,713,2,,,,,,,4,06,2,1,701,098,08,02,143,160,,,103,,61,,129,7,638461,,,700161,,02,1969,3.0
69IN03785,1966618015,66,2,A8015,6,70,713,4,,,,,,,4,06,2,1,,106,09,,133,,6,,115,,61,0901,132,5,638461,,,566661,,02,1969,3.0
69IN03786,1966618016,66,2,A8016,6,70,713,4,,,,,,,4,06,2,1,701,066,10,01,96,110,,,106,,61,,072,5,638461,,,566661,,01,1969,3.0
69IN03787,1966618018,66,2,A8018,6,70,723,2,,,,,,,4,06,2,1,702,090,11,02,135,185,,,107,,61,,101,6,710261,,,465161,,02,1969,3.0
69IN03788,1966618023,66,2,A8023,6,76,095,4,,,,,,,4,06,7,1,760,097,14,02,142,175,,10,094,,61,,113,2,698861,,,625761,,02,1969,3.0
69IN03789,1966618025,66,2,A8025,6,76,034,,,,,,,,4,06,7,1,760,115,10,03,153,177,,05,093,,61,,117,4,670261,,,494161,,,1969,3.0
69IN03790,1966618027,66,2,A8027,6,70,713,2,,,,,,,4,06,2,1,701,088,09,01,133,154,,,115,,61,,130,7,638461,,,219361,,01,1969,3.0
69IN03791,1966618028,66,2,A8028,6,75,094,2,,,,,,,4,06,7,1,751,090,15,02,118,140,,06,112,,61,,098,6,698161,,,123361,,01,1969,3.0
69IN03792,1966618036,66,2,A8036,6,76,024,4,,,,,,,4,06,7,3,762,111,11,02,145,170,,04,099,,61,,110,7,687661,,,438961,,01,1969,3.0
69IN03793,1966618037,66,2,A8037,6,74,105,2,,,,,,,4,06,7,1,740,116,08,03,145,166,,07,107,,61,,107,6,693861,,,226861,,02,1969,3.0
69IN03794,1966618039,66,2,A8039,6,77,035,4,,,,,,,4,06,7,1,770,099,11,02,133,139,,04,123,,61,,129,7,707461,,,454661,,02,1969,3.0
69IN03795,1966618046,66,2,A8046,6,70,723,4,,,,,,,4,06,2,1,700,112,09,03,145,182,,,127,,61,,090,5,710261,,,380961,,02,1969,3.0
69IN03796,1966618050,66,2,A8050,6,77,064,4,,,,,,,4,06,7,1,770,105,08,02,145,172,,10,122,,61,,100,8,673061,,,508661,,02,1969,3.0
69IN03797,1966618053,66,2,A8053,6,70,713,4,,,,,,,4,06,2,1,702,091,05,04,128,148,,,098,,61,,082,3,638461,,,283761,,01,1969,3.0
69IN03798,1966618054,66,2,A8054,6,75,094,2,,,,,,,4,06,7,1,752,101,10,01,148,168,,10,097,,61,,140,5,698161,,,438661,,02,1969,3.0
69IN03799,1966618056,66,2,A8056,6,02,020,6,,,,,28,,4,06,1,1,023,093,10,02,122,150,,,122,,61,,104,5,687661,,,481061,,,1969,3.0
69IN03800,1966618057,66,2,A8057,6,02,020,7,,,,,28,,4,06,1,1,023,080,12,02,98,120,,,115,,61,,104,8,687661,,,481061,,,1969,3.0
69IN03801,1966618062,66,2,A8062,6,74,105,2,,,,,,,4,06,7,1,741,103,08,02,140,160,,08,119,,61,,110,6,693861,,,096861,,01,1969,3.0
69IN03802,1966618063,66,2,A8063,6,70,733,2,,,,,,,4,06,2,1,700,113,09,01,145,188,,,120,,61,,128,6,670061,,,684161,,02,1969,3.0
69IN03803,1966618064,66,2,A8064,6,10,100,7,,,,,32,,4,06,1,1,103,086,09,02,142,165,,,094,,61,,087,3,672561,,,481261,,,1969,3.0
69IN03804,1966618066,66,2,A8066,6,02,023,6,,,,,33,,4,06,1,1,023,066,08,01,98,132,,,114,,61,,070,7,671661,,,298961,,,1969,3.0
69IN03805,1966618070,66,2,A8070,6,77,015,4,,,,,,,4,06,7,1,770,096,13,02,137,152,,05,084,,61,,102,3,461061,,,623961,,02,1969,3.0
69IN03806,1966618073,66,1,A8073,6,70,723,,,,,,,,4,06,2,,114,,,,220,230,2,,,,61,7211,118,6,710261,,443,227561,,,1969,3.0
69IN03807,1966618077,66,2,A8077,6,78,104,2,,,,,,,4,06,7,1,780,115,07,02,133,158,,09,090,,61,,103,4,672561,,,415461,,02,1969,3.0
69IN03808,1966618079,66,1,A8079,6,72,983,,,,,,,,4,06,3,,119,,,,235,270,2,,,,61,0927,159,5,686061,,454,525361,,,1969,3.0
69IN03809,1966618080,66,2,A8080,6,70,713,4,,,,,,,4,06,2,1,701,110,11,02,142,165,,,105,,61,,126,5,638461,,,515461,,01,1969,3.0
69IN03810,1966618082,66,2,A8082,6,76,065,4,,,,,,,4,06,7,1,762,084,09,02,115,141,,07,112,,61,,094,6,633161,,,454861,,02,1969,3.0
69IN03811,1966618084,66,2,A8084,6,78,025,2,,,,,,,4,06,7,1,781,077,10,02,110,130,,05,097,,61,,076,4,671661,,,131261,,02,1969,3.0
69IN03812,1966618086,66,2,A8086,6,72,963,4,,,,,,,4,06,3,1,,105,09,,,,6,,086,,61,0428,101,4,658361,,,517261,,02,1969,3.0
69IN03813,1966618090,66,2,A8090,6,77,105,2,,,,,,,4,06,7,1,771,094,09,02,129,160,,09,111,,61,,086,5,693861,,,627161,,02,1969,3.0
69IN03814,1966618092,66,2,A8092,6,03,030,6,,,,,32,,4,06,1,1,033,093,10,02,112,123,,,101,,61,,097,4,670261,,,605061,,,1969,3.0
69IN03815,1966618097,66,2,A8097,6,75,084,2,,,,,,,4,06,7,1,752,106,10,01,122,162,,07,123,,61,,109,5,650361,,,215961,,02,1969,3.0
69IN03816,1966618103,66,2,A8103,6,76,034,2,,,,,,,4,06,7,1,,088,12,11,122,138,3,04,090,,61,0120,112,4,670261,,,623561,,01,1969,3.0
69IN03817,1966618106,66,2,A8106,6,76,055,2,,,,,,,4,06,7,1,,104,10,12,130,160,3,01,121,,61,1201,130,8,660761,,,696361,,01,1969,3.0
69IN03818,1966618113,66,2,A8113,6,75,035,4,,,,,,,4,06,7,1,752,071,11,02,96,118,,01,104,,61,,091,5,707461,,,418961,,01,1969,3.0
69IN03819,1966618121,66,2,A8121,6,73,104,4,,,,,,,4,06,7,1,731,108,11,02,124,153,,07,110,,61,,131,5,672561,,,462361,,02,1969,3.0
69IN03820,1966618122,66,2,A8122,6,75,064,4,,,,,,,4,06,7,1,750,092,10,02,111,138,,07,095,,61,,091,4,673061,,,241461,,01,1969,3.0
69IN03821,1966618128,66,2,A8128,6,78,085,4,,,,,,,4,06,7,1,780,099,10,02,127,158,,10,131,,61,,097,7,619461,,,356161,,02,1969,3.0
69IN03822,1966618129,66,2,A8129,6,03,033,7,,,,,31,,4,06,1,1,033,088,11,02,105,146,,,114,,61,,119,7,707461,,,588761,,,1969,3.0
69IN03823,1966618130,66,2,A8130,6,03,033,6,,,,,31,,4,06,1,1,,098,10,,,,6,,114,,61,0311,112,7,707461,,,588761,,,1969,3.0
69IN03824,1966618131,66,2,A8131,6,70,713,2,,,,,,,4,06,2,1,702,092,10,02,134,129,,,110,,61,,099,6,638461,,,677761,,02,1969,3.0
69IN03825,1966618147,66,2,A8147,6,70,723,4,,,,,,,4,06,2,1,700,104,09,04,128,153,,,126,,61,,102,7,710261,,,177361,,02,1969,3.0
69IN03826,1966618153,66,2,A8153,6,70,713,2,,,,,,,4,06,2,1,701,095,09,01,120,158,,,106,,61,,116,6,638461,,,430561,,02,1969,3.0
69IN03827,1966618154,66,1,A8154,6,70,713,,,,,,,,4,06,,,135,,,,190,225,2,,,,61,0927,198,7,638461,,441,456261,,,1969,3.0
69IN03828,1966618156,66,2,A8156,6,72,803,4,,,,,,,4,06,3,3,86,090,12,02,135,154,,,110,,61,,098,5,684761,,,605861,,02,1969,3.0
69IN03829,1966618159,66,2,A8159,6,78,025,4,,,,,,,4,06,7,1,782,092,09,02,125,151,,01,121,,61,,118,5,671661,,,590261,,01,1969,3.0
69IN03830,1966618160,66,2,A8160,6,74,034,2,,,,,,,4,06,7,1,741,108,10,02,149,166,,01,096,,61,,114,5,670261,,,404061,,02,1969,3.0
69IN03831,1966618165,66,2,A8165,6,72,813,4,,,,,,,4,06,3,3,88,105,09,02,135,153,,,134,,61,,123,7,684961,,,445661,,01,1969,3.0
69IN03832,1966618167,66,2,A8167,6,72,833,4,,,,,,,4,06,3,1,96,088,10,03,116,141,,,082,,61,,088,4,703161,,,290161,,02,1969,3.0
69IN03833,1966618170,66,2,A8170,6,78,015,2,,,,,,,4,06,7,1,780,087,09,01,130,164,,02,120,,61,,102,6,461061,,,314861,,05,1969,3.0
69IN03834,1966618175,66,2,A8175,6,77,024,4,,,,,,,4,06,7,1,770,076,09,02,110,147,,01,109,,61,,084,7,687661,,,583561,,01,1969,3.0
69IN03835,1966618177,66,2,A8177,6,74,025,2,,,,,,,4,06,7,1,740,085,10,02,127,130,,03,117,,61,,106,6,671661,,,509261,,02,1969,3.0
69IN03836,1966618183,66,2,A8183,6,77,045,4,,,,,,,4,06,7,1,,122,08,08,145,,3,03,104,,61,0602,129,5,665261,,,434561,,05,1969,3.0
69IN03837,1966618190,66,1,A8190,6,04,043,,,,,,31,,4,06,,,136,,,,208,240,2,,,,61,0927,141,5,665261,,452,163761,,,1969,3.0
69IN03838,1966618191,66,2,A8191,6,72,923,2,,,,,,,4,06,3,1,97,116,10,01,162,194,,,106,,61,,088,5,674361,,,486961,,02,1969,3.0
69IN03839,1966618192,66,1,A8192,6,01,010,,,,,,31,,4,06,1,,,,,,180,205,3,,,,61,0812,111,5,686961,,410,322361,,,1969,3.0
69IN03840,1966618194,66,2,A8194,6,76,044,4,,,,,,,4,06,7,1,761,100,12,01,122,144,,03,097,,61,,126,4,665161,,,609561,,03,1969,3.0
69IN03841,1966618196,66,2,A8196,6,70,723,2,,,,,,,4,06,2,1,700,090,10,02,142,158,,,095,,61,,088,4,710261,,,693661,,02,1969,3.0
69IN03842,1966618199,66,2,A8199,6,78,045,2,,,,,,,4,06,7,1,,132,09,,,,6,05,099,,61,0407,123,4,665261,,,358461,,02,1969,3.0
69IN03843,1966618200,66,2,A8200,6,70,723,4,,,,,,,4,06,2,1,700,093,09,01,130,163,,,092,,61,,104,5,710261,,,287461,,01,1969,3.0
69IN03844,1966618205,66,2,A8205,6,77,044,2,,,,,,,4,06,7,3,771,107,13,04,150,176,,05,083,,61,,091,2,665161,,,511761,,02,1969,3.0
69IN03845,1966618206,66,2,A8206,6,75,044,2,,,,,,,4,06,7,1,751,093,10,01,140,157,,05,099,,61,,104,5,665161,,,511761,,01,1969,3.0
69IN03846,1966618207,66,2,A8207,6,72,873,2,,,,,,,4,06,3,1,98,095,11,02,145,160,,,132,,61,,114,7,690561,,,458861,,02,1969,3.0
69IN03847,1966618208,66,2,A8208,6,72,873,4,,,,,,,4,06,3,1,99,106,09,04,150,172,,,104,,61,,139,5,690561,,,458861,,02,1969,3.0
69IN03848,1966618212,66,2,A8212,6,76,104,4,,,,,,,4,06,7,1,760,093,11,02,135,149,,09,097,,61,,104,4,672561,,,419961,,02,1969,3.0
69IN03849,1966618213,66,2,A8213,6,72,903,4,,,,,,,4,06,3,1,80,093,09,02,125,153,,,111,,61,,119,5,657461,,,634161,,01,1969,3.0
69IN03850,1966618227,66,2,A8227,6,77,025,2,,,,,,,4,06,7,1,771,082,09,02,122,140,,05,107,,61,,097,6,671661,,,397361,,02,1969,3.0
69IN03851,1966618229,66,2,A8229,6,74,065,4,,,,,,,4,06,7,1,741,116,07,02,163,167,,07,109,,61,,096,4,633161,,,254361,,02,1969,3.0
69IN03852,1966618233,66,2,A8233,6,70,713,4,,,,,,,4,06,2,1,701,112,09,02,140,166,,,140,,61,,124,6,638461,,,541361,,02,1969,3.0
69IN03853,1966618234,66,2,A8234,6,70,713,4,,,,,,,4,06,2,1,702,087,10,02,108,139,,,096,,61,,102,5,638461,,,541361,,01,1969,3.0
69IN03854,1966618240,66,2,A8240,6,72,903,2,,,,,,,4,06,3,1,82,083,11,02,113,140,,,094,,61,,100,3,657461,,,709461,,02,1969,3.0
69IN03855,1966618241,66,2,A8241,6,74,014,4,,,,,,,4,06,7,1,742,098,12,09,140,160,,04,115,,61,,075,7,686961,,,261761,,02,1969,3.0
69IN03856,1966618249,66,2,A8249,6,75,055,2,,,,,,,4,06,7,1,750,103,13,02,138,158,,03,095,,61,,144,4,660761,,,595761,,01,1969,3.0
69IN03857,1966618253,66,2,A8253,6,70,713,2,,,,,,,4,06,2,1,701,114,09,01,156,177,,,103,,61,,121,5,638461,,,675761,,05,1969,3.0
69IN03858,1966618255,66,2,A8255,6,73,095,4,,,,,,,4,06,7,1, 06,087,12,02,120,150,2,10,084,,61,0927,095,3,698861,,,306961,,02,1969,3.0
69IN03859,1966618256,66,2,A8256,6,75,044,2,,,,,,,4,06,7,1,752,096,10,01,118,142,,03,109,,61,,105,4,665161,,,422161,,01,1969,3.0
69IN03860,1966618257,66,2,A8257,6,70,723,2,,,,,,,4,06,2,1,700,076,09,02,108,142,,,106,,61,,083,4,710261,,,487761,,01,1969,3.0
69IN03861,1966618260,66,2,A8260,6,74,085,2,,,,,,,4,06,7,1,742,084,10,01,130,148,,09,089,,61,,095,5,619461,,,293861,,01,1969,3.0
69IN03862,1966618261,66,2,A8261,6,75,054,4,,,,,,,4,06,7,1,751,098,09,02,135,156,,01,097,,61,,113,4,705561,,,290961,,02,1969,3.0
69IN03863,1966618268,66,2,A8268,6,70,713,2,,,,,,,4,06,2,1,702,097,09,03,138,146,,,137,,61,,115,8,638461,,,511061,,02,1969,3.0
69IN03864,1966618274,66,2,A8274,6,75,065,4,,,,,,,4,06,7,1,751,106,09,02,160,168,,10,120,,61,,111,7,633161,,,498361,,02,1969,3.0
69IN03865,1966618276,66,2,A8276,6,70,713,4,,,,,,,4,06,2,1,702,112,09,02,143,158,,,126,,61,,157,7,638461,,,555261,,02,1969,3.0
69IN03866,1966618277,66,2,A8277,6,70,713,4,,,,,,,4,06,2,1,701,106,11,02,131,157,,,103,,61,,139,6,638461,,,555261,,02,1969,3.0
69IN03867,1966618280,66,2,A8280,6,72,973,4,,,,,,,4,06,3,1,85,086,09,02,118,148,,,133,,61,,115,8,694561,,,523261,,01,1969,3.0
69IN03868,1966618285,66,2,A8285,6,72,883,2,,,,,,,4,06,3,1,,072,15,,110,,7,,114,,61,1112,084,5,705761,,,345061,,01,1969,3.0
69IN03869,1966618288,66,2,A8288,6,70,723,2,,,,,,,4,06,2,1,702,091,10,02,125,163,,,118,,61,,099,5,710261,,,406661,,02,1969,3.0
69IN03870,1966618296,66,1,A8296,6,70,723,,,,,,,,4,06,2,,112,,,,220,253,2,,,,61,7209,162,5,710261,,449,692161,,,1969,3.0
69IN03871,1966618297,66,2,A8297,6,73,065,4,,,,,,,4,06,7,1,731,083,10,01,101,130,,07,091,,61,,073,4,633161,,,610661,,02,1969,3.0
69IN03872,1966618301,66,2,A8301,6,70,723,4,,,,,,,4,06,2,1,700,136,09,01,165,198,,,134,,61,,130,8,710261,,,633361,,02,1969,3.0
69IN03873,1966618303,66,2,A8303,6,75,025,4,,,,,,,4,06,7,1,751,083,09,01,112,148,,01,102,,61,,090,5,671661,,,448861,,01,1969,3.0
69IN03874,1966618305,66,2,A8305,6,76,014,2,,,,,,,4,06,7,1,760,108,12,02,145,165,,05,103,,61,,125,8,686961,,,624961,,02,1969,3.0
69IN03875,1966618306,66,2,A8306,6,77,085,4,,,,,,,4,06,7,1,771,122,08,02,136,173,,10,143,,61,,148,8,619461,,,485461,,01,1969,3.0
69IN03876,1966618307,66,2,A8307,6,74,085,2,,,,,,,4,06,7,1,740,090,09,02,113,148,,07,132,,61,,101,6,619461,,,608961,,01,1969,3.0
69IN03877,1966618311,66,2,A8311,6,75,085,2,,,,,,,4,06,7,1,750,084,13,01,128,171,,10,121,,61,,089,5,619461,,,648061,,01,1969,3.0
69IN03878,1966618312,66,2,A8312,6,74,085,2,,,,,,,4,06,7,1,741,104,10,02,140,167,,10,145,,61,,113,7,619461,,,648061,,01,1969,3.0
69IN03879,1966618316,66,2,A8316,6,75,054,,,,,,,,4,06,7,1,752,098,10,02,158,170,,04,096,,61,,099,3,705561,,,336361,,,1969,3.0
69IN03880,1966618323,66,2,A8323,6,01,013,7,,,,,30,,4,06,1,1,013,082,09,02,106,133,,,132,,61,,102,6,461061,,,590361,,,1969,3.0
69IN03881,1966618325,66,2,A8325,6,75,075,,,,,,,,4,06,7,1,750,098,09,02,137,164,,09,100,,61,,090,5,679461,,,636761,,,1969,3.0
69IN03882,1966618326,66,2,A8326,6,73,065,2,,,,,,,4,06,7,1,,083,09,,,,6,08,116,,61,0123,085,4,633161,,,595961,,,1969,3.0
69IN03883,1966618342,66,2,A8342,6,74,065,4,,,,,,,4,06,7,1,,122,10,12,160,165,3,10,120,,61,0929,146,7,633161,,,383861,,02,1969,3.0
69IN03884,1966618348,66,1,A8348,6,10,100,,,,,,36,,4,06,1,,,,,,155,195,3,,,,61,0812,098,3,672561,,400,318461,,,1969,3.0
69IN03885,1966618352,66,2,A8352,6,76,045,4,,,,,,,4,06,7,1,762,115,08,01,153,180,,01,100,,61,,089,4,665261,,,043861,,01,1969,3.0
69IN03886,1966618356,66,2,A8356,6,75,074,4,,,,,,,4,06,7,1,751,108,10,02,149,163,,10,107,,61,,114,5,697961,,,460161,,02,1969,3.0
69IN03887,1966618360,66,2,A8360,6,76,094,4,,,,,,,4,06,7,1,761,104,11,01,145,173,,08,113,,61,,108,5,698161,,,600761,,01,1969,3.0
69IN03888,1966618362,66,2,A8362,6,72,903,4,,,,,,,4,06,3,1,87,080,11,02,113,129,,,102,,61,,096,7,657461,,,360361,,02,1969,3.0
69IN03889,1966618364,66,2,A8364,6,75,034,4,,,,,,,4,06,7,1,750,098,10,02,135,135,,05,099,,61,,084,5,670261,,,333761,,01,1969,3.0
69IN03890,1966618366,66,2,A8366,6,74,074,,,,,,,,4,06,7,1,740,110,13,02,125,148,,09,109,,61,,111,5,697961,,,369061,,,1969,3.0
69IN03891,1966618374,66,2,A8374,6,73,034,2,,,,,,,4,06,7,1,732,085,10,01,106,140,,01,092,,61,,082,4,670261,,,164961,,01,1969,3.0
69IN03892,1966618375,66,2,A8375,6,73,074,2,,,,,,,4,06,7,1,732,106,11,02,142,162,,09,100,,61,,114,6,697961,,,494761,,01,1969,3.0
69IN03893,1966618376,66,2,A8376,6,70,713,2,,,,,,,4,06,2,1,701,094,10,02,122,157,,,126,,61,,108,6,638461,,,285161,,01,1969,3.0
69IN03894,1966618381,66,2,A8381,6,76,055,2,,,,,,,4,06,7,1,761,093,13,01,127,143,,02,115,,61,,096,7,660761,,,595661,,02,1969,3.0
69IN03895,1966618386,66,2,A8386,6,70,723,2,,,,,,,4,06,2,1,702,126,09,02,170,205,,,099,,61,,113,7,710261,2,,220961,,02,1969,3.0
69IN03896,1966618388,66,2,A8388,6,75,105,,,,,,,,4,06,7,1,751,082,09,02,127,142,,09,090,,61,,089,4,693861,,,366561,,,1969,3.0
69IN03897,1967618839,67,2,A8839,6,73,055,,,,,,,2,3,06,7,1,,095,09,,,,6,04,110,054,61,0131,108,5,741261,,,163761,,,1969,2.0
69IN03898,1967618390,67,2,A8390,6,73,616,4,,,,,,3,3,06,7,1,730,110,10,02,128,150,,82,113,056,61,,108,5,751361,,,744861,,01,1969,2.0
69IN03899,1967618394,67,1,A8394,6,70,733,,,,,,,3,3,06,2,1,103,153,08,,235,245,2,70,116,078,61,2500,180,6,750661,,469,610961,,,1969,2.0
69IN03900,1967618397,67,1,A8397,6,72,993,,,,,,,1,3,06,3,1,,105,09,,130,175,3,72,134,064,61,0812,137,5,756261,,372,772061,,,1969,2.0
69IN03901,1967618402,67,2,A8402,6,77,656,1,,,,,,1,3,06,7,1,770,084,07,01,118,154,,82,126,060,61,,114,5,722161,,,741561,,01,1969,2.0
69IN03902,1967618406,67,2,A8406,6,74,667,1,,,,,,2,3,06,7,1,,112,08,,125,,7,82,107,055,61,1112,117,6,584861,,,771661,,01,1969,2.0
69IN03903,1967618411,67,2,A8411,6,74,617,1,,,,,,1,3,06,7,1,741,105,08,02,130,140,,82,142,062,61,,114,7,751361,,,724061,,02,1969,2.0
69IN03904,1967618414,67,2,A8414,6,78,055,2,,,,,,1,3,06,7,1,780,113,07,02,132,160,,07,100,063,61,,145,5,741261,,,236661,,01,1969,2.0
69IN03905,1967618415,67,2,A8415,6,78,646,2,,,,,,2,3,06,7,1,781,088,08,01,100,136,,82,097,051,61,,111,5,757061,,,747461,,01,1969,2.0
69IN03906,1967618416,67,2,A8416,6,77,646,1,,,,,,2,3,06,7,1,771,116,07,02,126,163,,82,113,059,61,,136,4,757061,,,747461,,01,1969,2.0
69IN03907,1967618421,67,2,A8421,6,03,030,7,,,,,41,2,3,06,1,1,033,068,11,02,98,137,,03,107,059,61,,140,3,652361,,,609561,,,1969,2.0
69IN03908,1967618426,67,2,A8426,6,70,723,4,,,,,,2,3,06,2,1,700,091,09,02,123,143,,70,107,058,61,,127,5,525861,,,710161,,01,1969,2.0
69IN03909,1967618428,67,2,A8428,6,76,647,3,,,,,,1,3,06,7,1,761,098,09,02,115,130,,82,112,061,61,,126,5,757061,,,739561,,02,1969,2.0
69IN03910,1967618429,67,2,A8429,6,03,030,6,,,,,31,2,3,06,1,1,033,112,09,02,116,149,,03,113,065,61,,139,5,652361,,,409361,,,1969,2.0
69IN03911,1967618430,67,2,A8430,6,03,030,7,,,,,31,2,3,06,1,1,033,095,09,01,130,158,,03,119,064,61,,131,5,652361,,,409361,,,1969,2.0
69IN03912,1967618431,67,2,A8431,6,03,030,6,,,,,56,1,3,06,1,1,033,092,10,01,107,132,,03,093,053,61,,130,4,652361,,,712361,,,1969,2.0
69IN03913,1967618432,67,2,A8432,6,01,010,7,,,,,43,1,3,06,1,1,013,078,07,01,98,128,,01,096,044,61,,105,3,714561,,,720861,,,1969,2.0
69IN03914,1967618433,67,1,A8433,6,72,973,,,,,,,1,3,06,3,2,131,130,04,,160,192,2,72,131,072,61,0927,160,5,764361,,401,666861,,,1969,2.0
69IN03915,1967618434,67,2,A8434,6,72,923,4,,,,,,2,3,06,3,1,89,098,10,01,103,142,,71,123,070,61,,132,7,722361,,,413361,,02,1969,2.0
69IN03916,1967618435,67,2,A8435,6,72,923,2,,,,,,2,3,06,3,1,91,098,09,01,114,152,,71,096,075,61,,198,5,722361,,,413361,,01,1969,2.0
69IN03917,1967618436,67,2,A8436,6,02,020,7,,,,,37,1,3,06,1,1,023,092,08,01,93,127,,02,110,057,61,,121,5,728461,,,619561,,,1969,2.0
69IN03918,1967618441,67,2,A8441,6,73,667,2,,,,,,3,3,06,7,1,,110,07,12,130,154,3,82,089,049,61,1201,119,2,584861,,,741761,,01,1969,2.0
69IN03919,1967618442,67,2,A8442,6,77,667,1,,,,,,3,3,06,7,1,772,112,08,02,122,152,,82,089,046,61,,109,4,584861,,,741761,,01,1969,2.0
69IN03920,1967618444,67,2,A8444,6,72,933,4,,,,,,2,3,06,3,1,93,093,08,02,111,138,,72,099,055,61,,131,4,729561,,,483161,,02,1969,2.0
69IN03921,1967618445,67,2,A8445,6,77,085,4,,,,,,2,3,06,7,1,770,088,14,02,112,134,,06,106,052,61,,117,4,619461,,,499461,,01,1969,2.0
69IN03922,1967618447,67,2,A8447,6,75,095,2,,,,,,2,3,06,7,1,750,095,05,01,138,145,,07,105,054,61,,107,6,726161,,,386061,,01,1969,2.0
69IN03923,1967618450,67,2,A8450,6,70,713,,,,,,,1,3,06,2,1,702,095,09,01,108,117,,70,113,052,61,,121,3,638461,,,592261,,,1969,2.0
69IN03924,1967618452,67,2,A8452,6,72,933,2,,,,,,2,3,06,3,1,95,108,09,02,122,142,,72,116,071,61,,163,5,729561,,,591861,,01,1969,2.0
69IN03925,1967618453,67,1,A8453,6,82,094,,,,,,,2,3,06,7,2,107,138,06,,170,215,2,07,121,091,61,7204,218,5,692961,,451,608261,,,1969,2.0
69IN03926,1967618455,67,2,A8455,6,70,733,3,,,,,,3,3,06,2,1,701,123,07,02,130,157,,75,113,063,61,,132,5,750661,,,283761,,01,1969,2.0
69IN03927,1967618456,67,2,A8456,6,70,733,1,,,,,,3,3,06,2,1,700,114,09,01,117,149,,75,118,069,61,,151,5,750661,,,283761,,05,1969,2.0
69IN03928,1967618457,67,2,A8457,6,76,616,3,,,,,,1,3,06,7,1,762,103,10,05,118,130,,82,132,068,61,,137,7,751361,,,769561,,01,1969,2.0
69IN03929,1967618458,67,2,A8458,6,77,656,1,,,,,,1,3,06,7,1,771,137,09,02,177,197,,82,120,074,61,,165,5,722161,,,766061,,01,1969,2.0
69IN03930,1967618464,67,2,A8464,6,70,723,3,,,,,,2,3,06,2,1,702,113,08,05,130,138,,70,111,068,61,,155,5,525861,,,609461,,02,1969,2.0
69IN03931,1967618465,67,2,A8465,6,78,044,4,,,,,,2,3,06,7,1,781,110,08,02,133,173,,06,106,060,61,,144,3,639461,,,633061,,01,1969,2.0
69IN03932,1967618467,67,2,A8467,6,74,636,3,,,,,,1,3,06,7,1,741,103,08,02,120,136,,82,113,073,61,,155,7,734161,,,755961,,01,1969,2.0
69IN03933,1967618473,67,2,A8473,6,10,100,6,,,,,29,3,3,06,1,1,103,106,09,02,117,136,,10,123,063,61,,130,7,747961,,,485461,,,1969,2.0
69IN03934,1967618476,67,2,A8476,6,76,074,4,,,,,,3,3,06,7,1,760,097,08,02,113,150,,08,114,058,61,,133,4,722261,,,284361,,01,1969,2.0
69IN03935,1967618477,67,2,A8477,6,75,074,2,,,,,,3,3,06,7,1,751,108,08,02,127,155,,08,113,060,61,,117,5,722261,,,284361,,01,1969,2.0
69IN03936,1967618479,67,2,A8479,6,77,045,4,,,,,,3,3,06,7,1,772,097,08,02,115,142,,06,106,053,61,,105,5,722061,,,334961,,02,1969,2.0
69IN03937,1967618483,67,2,A8483,6,75,095,2,,,,,,1,3,06,7,1,751,090,07,01,115,138,,08,122,067,61,,140,5,726161,,,453061,,06,1969,2.0
69IN03938,1967618502,67,2,A8502,6,76,657,3,,,,,,1,3,06,7,1,760,102,11,02,110,120,,82,099,062,61,,141,5,722161,,,729161,,02,1969,2.0
69IN03939,1967618510,67,1,A8510,6,72,953,,,,,,,2,3,06,3,1,132,125,08,,178,205,2,72,129,062,61,0927,129,6,737461,,422,471661,,,1969,2.0
69IN03940,1967618511,67,2,A8511,6,72,953,4,,,,,,2,3,06,3,1,83,103,09,02,130,145,,72,117,059,61,,122,5,737461,,,471661,,01,1969,2.0
69IN03941,1967618520,67,2,A8520,6,01,010,6,,,,,39,2,3,06,1,1,013,084,09,02,91,108,,01,097,058,61,,137,5,714561,,,583561,,,1969,2.0
69IN03942,1967618521,67,2,A8521,6,01,010,7,,,,,39,2,3,06,1,1,013,078,07,05,94,128,,01,110,046,61,,091,5,714561,,,583561,,,1969,2.0
69IN03943,1967618528,67,1,A8528,6,70,723,,,,,,,1,3,06,2,4,106,150,10,,205,240,2,70,112,090,61,7203,217,5,525861,,455,380961,,,1969,2.0
69IN03944,1967618529,67,2,A8529,6,70,713,4,,,,,,1,3,06,2,1,701,116,09,01,147,150,,70,107,071,61,,169,6,638461,,,661961,,01,1969,2.0
69IN03945,1967618530,67,2,A8530,6,72,813,2,,,,,,2,3,06,3,1,90,128,05,02,140,155,,72,128,070,61,,142,5,714461,,,527461,,02,1969,2.0
69IN03946,1967618537,67,2,A8537,6,72,823,1,,,,,,2,3,06,3,1,94,113,08,01,126,120,,72,122,069,61,,153,6,720661,,,611761,,01,1969,2.0
69IN03947,1967618538,67,2,A8538,6,73,074,4,,,,,,1,3,06,7,1,730,101,09,02,114,131,,06,105,056,61,,118,5,722261,,,608161,,01,1969,2.0
69IN03948,1967618542,67,2,A8542,6,74,647,1,,,,,,2,3,06,7,1,742,111,05,02,144,163,,82,103,049,61,,112,4,757061,,,718661,,01,1969,2.0
69IN03949,1967618543,67,2,A8543,6,70,733,1,,,,,,1,3,06,2,1,701,113,09,02,130,147,,70,106,065,61,,144,5,750661,,,758261,,01,1969,2.0
69IN03950,1967618544,67,2,A8544,6,75,055,1,,,,,,3,3,06,7,1,750,113,07,02,137,172,,09,123,073,61,,156,7,741261,,,607861,,01,1969,2.0
69IN03951,1967618545,67,2,A8545,6,76,617,3,,,,,,1,3,06,7,1,760,103,09,01,126,153,,82,123,066,61,,137,6,751361,,,743661,,01,1969,2.0
69IN03952,1967618546,67,2,A8546,6,03,030,7,,,,,28,3,3,06,1,1,033,094,10,05,123,148,,03,098,058,61,,136,4,652361,,,373461,,,1969,2.0
69IN03953,1967618549,67,2,A8549,6,72,893,2,,,,,,3,3,06,3,1,92,093,09,02,117,142,,72,094,054,61,,135,3,754761,,,703261,,01,1969,2.0
69IN03954,1967618557,67,2,A8557,6,70,723,2,,,,,,1,3,06,2,1,702,105,07,02,116,146,,70,100,066,61,,156,5,525861,,,553661,,02,1969,2.0
69IN03955,1967618559,67,2,A8559,6,72,943,3,,,,,,2,3,06,3,1,81,092,05,02,108,120,,72,112,053,61,,119,4,735561,,,572161,,01,1969,2.0
69IN03956,1967618560,67,2,A8560,6,72,943,4,,,,,,2,3,06,3,1,84,100,06,05,106,128,,72,111,059,61,,126,5,735561,,,572161,,01,1969,2.0
69IN03957,1967618562,67,1,A8562,6,70,713,,,,,,,2,3,06,2,1,121,142,08,,210,240,2,70,132,073,61,0927,193,8,638461,,456,340361,,,1969,2.0
69IN03958,1967618563,67,1,A8563,6,72,843,,,,,,,1,3,06,3,2,,095,09,,150,175,3,72,092,043,61,0812,092,6,732861,,358,742261,,,1969,2.0
69IN03959,1967618564,67,2,A8564,6,74,094,2,,,,,,2,3,06,7,1,740,108,10,01,120,148,,08,105,058,61,,135,4,692961,,,429361,,01,1969,2.0
69IN03960,1967618566,67,2,A8566,6,78,064,4,,,,,,1,3,06,7,1,782,106,09,02,125,166,,08,108,059,61,,124,5,633161,,,613361,,01,1969,2.0
69IN03961,1967618570,67,2,A8570,6,77,074,1,,,,,,1,3,06,7,1,770,108,09,02,123,150,,09,106,049,61,,110,4,722261,,,366561,,01,1969,2.0
69IN03962,1967618572,67,1,A8572,6,72,893,,,,,,,2,3,06,3,1,,108,09,,160,183,3,72,107,066,61,0812,148,6,754761,,398,634161,,,1969,2.0
69IN03963,1967618578,67,1,A8578,6,72,853,,,,,,,1,3,06,3,1,,145,09,,185,220,3,72,114,059,61,0812,131,5,736261,,402,356761,,,1969,2.0
69IN03964,1967618579,67,1,A8579,6,10,100,,,,,,28,2,3,06,1,1,210,148,04,,185,210,3,10,113,075,61,0929,174,6,747961,,442,508661,,,1969,2.0
69IN03965,1967618580,67,2,A8580,6,10,100,7,,,,,28,2,3,06,1,1,103,111,03,02,142,172,,10,116,054,61,,104,5,747961,,,508661,,,1969,2.0
69IN03966,1967618582,67,2,A8582,6,77,054,1,,,,,,2,3,06,7,1,,107,08,,,,6,07,115,069,61,0131,151,5,603061,,,241461,,01,1969,2.0
69IN03967,1967618587,67,2,A8587,6,70,723,4,,,,,,3,3,06,2,1,700,114,09,02,134,168,,70,109,090,61,,238,5,525861,,,255361,,02,1969,2.0
69IN03968,1967618591,67,2,A8591,6,72,803,1,,,,,,1,3,06,3,1,86,088,11,02,114,155,,71,113,061,61,,127,5,765561,,,307061,,01,1969,2.0
69IN03969,1967618596,67,2,A8596,6,03,030,6,,,,,33,1,3,06,1,1,033,106,12,02,130,147,,03,102,059,61,,127,5,652361,,,130361,,,1969,2.0
69IN03970,1967618598,67,2,A8598,6,77,065,3,,,,,,2,3,06,7,1,772,110,07,02,130,145,,07,110,062,61,,130,5,673061,,,445561,,02,1969,2.0
69IN03971,1967618599,67,1,A8599,6,72,993,,,,,,,1,3,06,3,1,132,123,06,,160,195,2,72,123,058,61,0927,127,5,756261,,392,657561,,,1969,2.0
69IN03972,1967618600,67,2,A8600,6,74,054,3,,,,,,3,3,06,7,1,,104,07,,127,,6,04,120,058,61,0701,118,5,603061,,,314061,,02,1969,2.0
69IN03973,1967618602,67,2,A8602,6,74,045,4,,,,,,1,3,06,7,1,742,096,08,02,120,150,,07,117,055,61,,108,5,722061,,,754461,,01,1969,2.0
69IN03974,1967618603,67,1,A8603,6,70,723,,,,,,,1,3,06,2,1,109,150,09,,185,210,2,70,118,083,61,7206,194,6,525861,,460,633361,,,1969,2.0
69IN03975,1967618606,67,1,A8606,6,70,713,,,,,,,3,3,06,2,1,131,150,09,,175,222,2,70,126,075,61,0927,169,6,638461,,447,737861,,,1969,2.0
69IN03976,1967618609,67,2,A8609,6,72,943,,,,,,,2,3,06,3,1,88,104,09,01,120,140,,72,115,058,61,,133,4,735561,,,445661,,,1969,2.0
69IN03977,1967618610,67,1,A8610,6,72,943,,,,,,,2,3,06,3,4,132,090,05,,130,175,2,72,106,040,61,0927,132,7,735561,,347,445661,,,1969,2.0
69IN03978,1967618612,67,2,A8612,6,03,030,7,,,,,31,3,3,06,1,1,033,122,09,02,160,175,,03,112,072,61,,167,5,652361,,,679761,,,1969,2.0
69IN03979,1967618614,67,1,A8614,6,72,883,,,,,,,3,3,06,3,1,105,140,09,,200,218,2,72,113,063,61,7202,145,4,751161,,424,619061,,,1969,2.0
69IN03980,1967618619,67,2,A8619,6,70,723,3,,,,,,1,3,06,2,1,700,121,06,02,143,163,,70,117,063,61,,150,4,525861,,,713461,,02,1969,2.0
69IN03981,1967618622,67,2,A8622,6,73,084,2,,,,,,2,3,06,7,1,731,116,07,01,165,173,,07,110,056,61,,112,5,650361,,,610661,,02,1969,2.0
69IN03982,1967618625,67,2,A8625,6,72,933,3,,,,,,3,3,06,3,1,96,105,09,01,110,140,,72,124,067,61,,145,5,729561,,,684861,,05,1969,2.0
69IN03983,1967618628,67,2,A8628,6,01,010,6,,,,,36,1,3,06,1,1,013,087,08,01,103,139,,01,121,059,61,,122,5,714561,,,590261,,,1969,2.0
69IN03984,1967618629,67,2,A8629,6,75,646,1,,,,,,1,3,06,7,1,750,116,08,02,142,151,,82,100,054,61,,127,3,757061,,,760861,,02,1969,2.0
69IN03985,1967618631,67,2,A8631,6,70,723,1,,,,,,2,3,06,2,1,702,112,08,01,120,148,,70,123,065,61,,135,5,525861,,,442361,,01,1969,2.0
69IN03986,1967618635,67,2,A8635,6,77,095,4,,,,,,1,3,06,7,1,771,109,06,02,115,135,,05,119,065,61,,131,5,726161,,,334861,,01,1969,2.0
69IN03987,1967618638,67,2,A8638,6,70,733,4,,,,,,2,3,06,2,1, 06,073,10,02,98,138,2,70,102,044,61,0927,099,3,750661,,,685961,,01,1969,2.0
69IN03988,1967618639,67,1,A8639,6,70,733,,,,,,,2,3,06,2,1,,130,09,,210,220,3,70,112,073,61,0812,217,7,750661,,443,685961,,,1969,2.0
69IN03989,1967618642,67,1,A8642,6,82,054,,,,,,,2,3,06,7,2,133,150,09,,190,205,2,08,155,075,61,0927,158,5,603061,,450,626861,,,1969,2.0
69IN03990,1967618645,67,2,A8645,6,70,713,2,,,,,,2,3,06,2,1,701,117,07,,133,166,,70,107,063,61,,155,4,638461,,,671961,,01,1969,2.0
69IN03991,1967618648,67,2,A8648,6,70,723,1,,,,,,2,3,06,2,1,702,142,07,02,168,180,,70,132,083,61,,188,6,525861,,,678261,,01,1969,2.0
69IN03992,1967618649,67,1,A8649,6,70,723,,,,,,,2,3,06,2,1,108,155,08,,210,245,2,70,124,057,61,7205,159,8,525861,,462,678261,,,1969,2.0
69IN03993,1967618658,67,2,A8658,6,72,833,4,,,,,,2,3,06,3,1,97,100,10,02,118,148,,72,105,058,61,,124,6,726361,,,458761,,01,1969,2.0
69IN03994,1967618661,67,2,A8661,6,76,085,4,,,,,,1,3,06,7,1,760,115,10,01,135,158,,06,127,073,61,,156,6,619461,,,380361,,01,1969,2.0
69IN03995,1967618664,67,2,A8664,6,70,733,3,,,,,,1,3,06,2,1,701,124,09,02,144,173,,70,100,067,61,,164,5,750661,,,306761,,02,1969,2.0
69IN03996,1967618665,67,2,A8665,6,10,100,6,,,,,45,2,3,06,1,1,103,103,09,02,113,148,,10,111,076,61,,182,5,747961,,,481361,,,1969,2.0
69IN03997,1967618669,67,2,A8669,6,03,030,6,,,,,29,2,3,06,1,1,033,088,10,01,113,135,,03,124,069,61,,149,6,652361,,,171961,,,1969,2.0
69IN03998,1967618670,67,2,A8670,6,03,030,7,,,,,29,2,3,06,1,1,033,108,07,02,137,156,,03,114,057,61,,117,5,652361,,,171961,,,1969,2.0
69IN03999,1967618673,67,2,A8673,6,74,045,2,,,,,,1,3,06,7,1,740,125,08,03,133,160,,05,108,066,61,,148,5,722061,,,317461,,01,1969,2.0
69IN04000,1967618679,67,2,A8679,6,70,713,4,,,,,,2,3,06,2,1,702,112,09,01,152,170,,70,114,059,61,,117,5,638461,,,566661,,02,1969,2.0
69IN04001,1967618683,67,2,A8683,6,01,010,7,,,,,45,2,3,06,1,1,013,076,12,02,97,116,,01,132,066,61,,140,7,714561,,,454261,,,1969,2.0
69IN04002,1967618684,67,2,A8684,6,01,010,6,,,,,45,2,3,06,1,1,013,083,09,01,97,110,,01,138,063,61,,123,7,714561,,,454261,,,1969,2.0
69IN04003,1967618685,67,2,A8685,6,70,713,,,,,,,1,3,06,2,1,,082,10,,,,6,70,120,060,61,0131,121,5,638461,,,774761,,,1969,2.0
69IN04004,1967618686,67,2,A8686,6,70,723,2,,,,,,3,3,06,2,1,700,102,05,02,142,150,,70,115,069,61,,165,6,525861,,,311661,,02,1969,2.0
69IN04005,1967618689,67,2,A8689,6,73,627,2,,,,,,2,3,06,7,1,731,095,09,02,108,137,,82,099,047,61,,109,4,743461,,,743861,,01,1969,2.0
69IN04006,1967618690,67,2,A8690,6,72,923,1,,,,,,1,3,06,3,1,98,083,10,02,115,143,,72,111,064,61,,139,5,722361,,,708561,,01,1969,2.0
69IN04007,1967618691,67,2,A8691,6,70,713,3,,,,,,2,3,06,2,1,701,120,09,05,135,153,,70,124,068,61,,142,6,638461,,,693661,,01,1969,2.0
69IN04008,1967618698,67,2,A8698,6,74,095,1,,,,,,3,3,06,7,1,741,091,09,02,110,132,,07,124,062,61,,120,7,726161,,,608761,,02,1969,2.0
69IN04009,1967618700,67,2,A8700,6,72,813,2,,,,,,3,3,06,3,1,99,103,09,01,120,140,,71,137,066,61,,124,5,714461,,,349761,,01,1969,2.0
69IN04010,1967618703,67,2,A8703,6,02,020,6,,,,,26,3,3,06,1,1,023,071,07,01,102,108,,02,117,051,61,,102,5,728461,,,341861,,,1969,2.0
69IN04011,1967618704,67,1,A8704,6,82,084,,,,,,,2,3,06,7,1,133,143,07,,175,220,2,04,119,076,61,0927,172,6,650361,,443,601561,,,1969,2.0
69IN04012,1967618705,67,2,A8705,6,77,084,3,,,,,,2,3,06,7,1,771,111,07,02,133,156,,04,113,058,61,,115,5,650361,,,601561,,02,1969,2.0
69IN04013,1967618708,67,2,A8708,6,73,085,1,,,,,,1,3,06,7,1,732,108,08,01,135,170,,05,111,056,61,,117,5,619461,,,367961,,02,1969,2.0
69IN04014,1967618710,67,1,A8710,6,03,030,,,,,,28,2,3,06,1,2,,108,10,,124,150,3,03,107,072,61,0812,168,5,652361,,371,434561,,,1969,2.0
69IN04015,1967618711,67,2,A8711,6,03,030,6,,,,,28,2,3,06,1,1,033,090,10,01,121,128,,03,096,075,61,,201,5,652361,,,434561,,,1969,2.0
69IN04016,1967618716,67,2,A8716,6,02,020,7,,,,,26,3,3,06,1,1,023,113,08,01,125,155,,02,117,065,61,,134,7,728461,,,416461,,,1969,2.0
69IN04017,1967618717,67,1,A8717,6,72,933,,,,,,,1,3,06,3,2,134,120,05,,165,190,2,72,113,069,61,0927,160,6,729561,,404,767761,,,1969,2.0
69IN04018,1967618718,67,2,A8718,6,78,085,4,,,,,,1,3,06,7,1,782,100,10,01,116,142,,05,116,066,61,,141,5,619461,,,634361,,01,1969,2.0
69IN04019,1967618719,67,2,A8719,6,70,723,2,,,,,,2,3,06,2,1,700,118,10,02,147,168,,70,114,063,61,,151,3,525861,,,485161,,02,1969,2.0
69IN04020,1967618725,67,2,A8725,6,76,055,1,,,,,,1,3,06,7,1,760,091,08,02,103,124,,07,109,061,61,,131,5,741261,,,483261,,01,1969,2.0
69IN04021,1967618729,67,2,A8729,6,77,627,2,,,,,,2,3,06,7,1,772,088,09,02,127,155,,82,098,041,61,,095,3,743461,,,718261,,02,1969,2.0
69IN04022,1967618735,67,2,A8735,6,70,723,4,,,,,,2,3,06,2,1,702,115,09,02,130,170,,70,125,063,61,,123,6,525861,,,656761,,01,1969,2.0
69IN04023,1967618742,67,2,A8742,6,02,020,6,,,,,28,2,3,06,1,1,023,079,09,01,98,116,,02,104,051,61,,106,5,728461,,,640761,,,1969,2.0
69IN04024,1967618745,67,2,A8745,6,70,733,3,,,,,,2,3,06,2,1,701,090,14,02,127,158,,70,095,051,61,,117,4,750661,,,327261,,01,1969,2.0
69IN04025,1967618746,67,2,A8746,6,70,733,2,,,,,,2,3,06,2,1,700,072,13,01,95,128,,70,098,055,61,,129,5,750661,,,327261,,01,1969,2.0
69IN04026,1967618748,67,1,A8748,6,70,713,,,,,,,1,3,06,2,1,104,145,09,,200,235,2,70,127,070,61,7201,187,7,638461,,444,754961,,,1969,2.0
69IN04027,1967618751,67,2,A8751,6,10,100,7,,,,,25,1,3,06,1,1,103,096,09,01,122,148,,10,101,051,61,,111,5,747961,,,468161,,,1969,2.0
69IN04028,1967618753,67,2,A8753,6,78,094,4,,,,,,3,3,06,7,1,780,120,09,01,123,152,,04,115,074,61,,171,6,692961,,,302761,,01,1969,2.0
69IN04029,1967618755,67,2,A8755,6,77,074,3,,,,,,2,3,06,7,1,771,097,10,02,115,144,,04,108,062,61,,136,6,722261,,,454661,,02,1969,2.0
69IN04030,1967618760,67,2,A8760,6,76,657,3,,,,,,2,3,06,7,1,761,102,08,01,123,151,,82,106,056,61,,119,5,722161,,,718761,,01,1969,2.0
69IN04031,1967618765,67,2,A8765,6,76,044,4,,,,,,3,3,06,7,1,761,083,12,01,126,155,,09,113,059,61,,124,5,639461,,,458961,,02,1969,2.0
69IN04032,1967618766,67,1,A8766,6,70,723,,,,,,,1,3,06,2,1,131,133,08,,180,225,2,70,111,079,61,0927,184,5,525861,,443,220961,,,1969,2.0
69IN04033,1967618772,67,1,A8772,6,72,923,,,,,,,1,3,06,3,2,,095,10,,115,125,3,72,095,055,61,0812,133,3,722361,,341,551361,,,1969,2.0
69IN04034,1967618773,67,2,A8773,6,70,713,3,,,,,,2,3,06,2,1,702,098,09,01,118,144,,70,120,060,61,,126,5,638461,,,452061,,01,1969,2.0
69IN04035,1967618776,67,2,A8776,6,01,010,7,,,,,40,2,3,06,1,1,013,098,06,01,111,130,,01,121,065,61,,137,6,714561,,,404061,,,1969,2.0
69IN04036,1967618777,67,2,A8777,6,01,010,6,,,,,40,2,3,06,1,1,013,096,10,05,107,123,,01,119,062,61,,131,6,714561,,,404061,,,1969,2.0
69IN04037,1967618780,67,2,A8780,6,02,020,7,,,,,26,2,3,06,1,1,023,080,09,01,97,145,,02,130,050,61,,082,5,728461,,,270861,,,1969,2.0
69IN04038,1967618781,67,2,A8781,6,02,020,6,,,,,26,2,3,06,1,1,023,078,09,02,105,123,,02,118,042,61,,078,7,728461,,,270861,,,1969,2.0
69IN04039,1967618788,67,2,A8788,6,76,616,2,,,,,,1,3,06,7,1,761,113,08,01,123,148,,82,135,069,61,,141,6,751361,,,712261,,01,1969,2.0
69IN04040,1967618789,67,2,A8789,6,76,636,3,,,,,,1,3,06,7,1,760,106,09,02,124,150,,82,103,062,61,,139,5,734161,,,772261,,02,1969,2.0
69IN04041,1967618796,67,2,A8796,6,73,045,2,,,,,,1,3,06,7,1,732,116,10,04,129,158,,05,101,056,61,,135,3,722061,,,494161,,01,1969,2.0
69IN04042,1967618797,67,2,A8797,6,73,657,4,,,,,,1,3,06,7,1,731,122,06,02,116,146,,82,110,056,61,,112,5,722161,,,768961,,01,1969,2.0
69IN04043,1967618799,67,2,A8799,6,70,713,1,,,,,,1,3,06,2,1, 06,087,09,02,105,133,2,70,113,060,61,0927,124,5,638461,,,742461,,02,1969,2.0
69IN04044,1967618801,67,2,A8801,6,76,094,1,,,,,,1,3,06,7,1,761,106,08,01,116,138,,05,118,073,61,,166,5,692961,,,261961,,02,1969,2.0
69IN04045,1967618803,67,1,A8803,6,83,666,,,,,,,1,3,06,7,4,111,145,09,,175,205,2,82,116,078,61,7208,190,4,584861,,432,761061,,,1969,2.0
69IN04046,1967618804,67,2,A8804,6,76,666,2,,,,,,2,3,06,7,1,762,095,05,01,108,135,,82,107,055,61,,122,5,584861,,,730961,,01,1969,2.0
69IN04047,1967618805,67,2,A8805,6,75,666,2,,,,,,2,3,06,7,1,750,092,08,02,112,139,,82,110,043,61,,097,4,584861,,,730961,,01,1969,2.0
69IN04048,1967618810,67,2,A8810,6,77,616,3,,,,,,3,3,06,7,1,770,118,08,01,116,150,,82,114,070,61,,162,6,751361,,,765261,,02,1969,2.0
69IN04049,1967618812,67,2,A8812,6,70,713,4,,,,,,2,3,06,2,1,701,096,08,01,115,140,,70,115,066,61,,150,5,638461,,,227561,,01,1969,2.0
69IN04050,1967618816,67,2,A8816,6,76,074,2,,,,,,1,3,06,7,1,761,103,09,02,125,170,,09,098,067,61,,163,5,722261,,,494761,,02,1969,2.0
69IN04051,1967618817,67,2,A8817,6,73,647,3,,,,,,2,3,06,7,1,730,093,08,02,113,146,,82,102,045,61,,101,4,757061,,,713961,,02,1969,2.0
69IN04052,1967618820,67,2,A8820,6,72,993,3,,,,,,1,3,06,3,1,80,092,05,02,113,144,,72,103,047,61,,108,4,756261,,,576261,,01,1969,2.0
69IN04053,1967618824,67,2,A8824,6,76,616,3,,,,,,1,3,06,7,1,762,106,07,02,138,160,,82,110,058,61,,120,5,751361,,,744061,,02,1969,2.0
69IN04054,1967618828,67,2,A8828,6,76,064,1,,,,,,2,3,06,7,1,762,105,04,02,120,128,,07,127,061,61,,117,6,633161,,,635161,,01,1969,2.0
69IN04055,1967618829,67,1,A8829,6,72,823,,,,,,,2,3,06,3,1,132,130,05,,184,220,2,72,106,051,61,0927,111,5,720661,,404,696261,,,1969,2.0
69IN04056,1967618831,67,1,A8831,6,02,020,,,,,,26,3,3,06,1,1,134,128,09,,165,197,2,02,140,062,61,0927,164,9,728461,,411,467061,,,1969,2.0
69IN04057,1967618839,67,2,A8839,6,77,,,,,,,,,3,06,,, 91,,,01,113,133,,,,,61,,,,741261,,,163761,,,1969,2.0
69IN04058,1967618840,67,2,A8840,6,78,055,4,,,,,,2,3,06,7,1,781,103,08,01,135,170,,04,106,064,61,,141,5,741261,,,163761,,01,1969,2.0
69IN04059,1967618842,67,2,A8842,6,77,617,4,,,,,,3,3,06,7,1,771,096,09,01,128,148,,82,121,054,61,,103,5,751361,,,760961,,01,1969,2.0
69IN04060,1967618846,67,2,A8846,6,70,723,4,,,,,,1,3,06,2,1,700,108,04,01,132,164,,70,101,064,61,,148,5,525861,,,693061,,05,1969,2.0
69IN04061,1967618852,67,2,A8852,6,74,094,2,,,,,,2,3,06,7,1,742,087,10,01,101,113,,06,109,054,61,,127,4,692961,,,744361,,01,1969,2.0
69IN04062,1967618853,67,2,A8853,6,78,094,4,,,,,,2,3,06,7,1,781,100,09,02,117,150,,06,095,047,61,,109,3,692961,,,744361,,01,1969,2.0
69IN04063,1967618859,67,2,A8859,6,03,030,7,,,,,45,2,3,06,1,1,033,105,10,02,113,152,,03,098,066,61,,161,5,652361,,,586861,,,1969,2.0
69IN04064,1967618862,67,2,A8862,6,75,637,4,,,,,,3,3,06,7,1,751,115,10,02,124,130,,82,128,070,61,,145,5,734161,,,717261,,01,1969,2.0
69IN04065,1967618864,67,2,A8864,6,72,913,4,,,,,,1,3,06,3,1,82,115,09,01,130,151,,72,119,065,61,,135,5,765861,,,605561,,01,1969,2.0
69IN04066,1967618865,67,2,A8865,6,10,100,6,,,,,31,2,3,06,1,1,103,085,09,02,105,112,,10,114,050,61,,095,6,747961,,,340961,,,1969,2.0
69IN04067,1967618866,67,2,A8866,6,10,100,7,,,,,31,2,3,06,1,1,103,105,07,02,120,158,,10,107,050,61,,104,5,747961,,,340961,,,1969,2.0
69IN04068,1967618867,67,2,A8867,6,75,075,1,,,,,,1,3,06,7,1,752,102,09,02,130,154,,09,109,055,61,,112,6,736961,,,476161,,01,1969,2.0
69IN04069,1967618868,67,1,A8868,6,70,723,,,,,,,1,3,06,2,1,132,135,09,,160,195,2,70,115,081,61,0927,190,5,525861,,424,604061,,,1969,2.0
69IN04070,1967618873,67,2,A8873,6,73,656,3,,,,,,3,3,06,7,1,732,102,09,01,134,165,,82,115,064,61,,137,6,722161,,,746361,,01,1969,2.0
69IN04071,1967618876,67,1,A8876,6,83,647,,,,,,,2,3,06,7,1,133,155,04,,170,205,2,82,115,072,61,0927,167,4,757061,,426,721461,,,1969,2.0
69IN04072,1967618878,67,1,A8878,6,72,983,,,,,,,1,3,06,3,4,,118,10,,142,180,3,72,106,068,61,0812,161,3,752661,,381,709461,,,1969,2.0
69IN04073,1967618879,67,2,A8879,6,76,074,1,,,,,,1,3,06,7,1,762,107,05,01,128,148,,04,121,065,61,,130,5,722261,,,651661,,02,1969,2.0
69IN04074,1967618883,67,2,A8883,6,78,636,1,,,,,,1,3,06,7,1,780,087,12,02,115,141,,82,105,058,61,,140,3,734161,,,731461,,01,1969,2.0
69IN04075,1967618885,67,2,A8885,6,78,657,4,,,,,,2,3,06,7,1,782,102,10,01,118,150,,82,118,061,61,,122,6,722161,,,723961,,01,1969,2.0
69IN04076,1967618889,67,2,A8889,6,01,010,7,,,,,33,3,3,06,1,1,013,108,07,02,105,143,,01,127,066,61,,138,5,714561,,,448861,,,1969,2.0
69IN04077,1967618890,67,2,A8890,6,01,010,6,,,,,35,1,3,06,1,1,,052,11,,,,6,01,089,027,61,0131,062,4,714561,,,586561,,,1969,2.0
69IN04078,1967618892,67,2,A8892,6,73,667,2,,,,,,2,3,06,7,1,730,086,08,02,101,122,,82,114,055,61,,112,6,584861,,,737261,,02,1969,2.0
69IN04079,1967618894,67,2,A8894,6,78,09,3,,,,,,1,3,06,7,1,782,090,11,01,95,118,,82,124,069,61,,152,6,584861,,,694861,,01,1969,2.0
69IN04080,1967618900,67,2,A8900,6,73,12,1,,,,,,2,3,06,7,1,730,122,07,03,148,176,,82,119,063,61,,128,5,693861,,,661161,,01,1969,2.0
69IN04081,1967618902,67,2,A8902,6,10,100,6,,,,,35,2,3,06,1,1,103,104,06,02,120,117,,10,102,040,61,,095,4,747961,,,616461,,,1969,2.0
69IN04082,1967618903,67,2,A8903,6,10,100,7,,,,,35,2,3,06,1,1,103,094,09,01,100,138,,10,118,057,61,,117,5,747961,,,616461,,,1969,2.0
69IN04083,1967618904,67,2,A8904,6,01,010,7,,,,,31,1,3,06,1,1,,112,09,,,,6,01,117,067,61,0131,149,6,714561,,,353161,,,1969,2.0
69IN04084,1967618905,67,2,A8905,6,73,094,3,,,,,,1,3,06,7,1,730,102,03,02,117,135,,07,087,063,61,,166,4,692961,,,357361,,01,1969,2.0
69IN04085,1967618907,67,2,A8907,6,75,044,1,,,,,,3,3,06,7,1,752,100,07,01,113,151,,09,119,058,61,,133,4,639461,,,624761,,01,1969,2.0
69IN04086,1967618910,67,2,A8910,6,78,12,2,,,,,,2,3,06,7,1,781,093,04,02,135,148,,82,091,043,61,,103,3,693861,,,667961,,01,1969,2.0
69IN04087,1967618911,67,2,A8911,6,76,12,2,,,,,,2,3,06,7,1,762,103,07,02,125,146,,82,127,060,61,,118,5,693861,,,667961,,02,1969,2.0
69IN04088,1967618912,67,2,A8912,6,72,853,1,,,,,,1,3,06,3,1,85,115,09,01,130,153,,72,104,061,61,,132,5,736261,,,749261,,01,1969,2.0
69IN04089,1967618913,67,2,A8913,6,77,095,2,,,,,,2,3,06,7,1,772,075,08,02,100,126,,06,120,064,61,,133,5,726161,,,242061,,02,1969,2.0
69IN04090,1967618915,67,2,A8915,6,74,616,3,,,,,,1,3,06,7,1,742,093,08,01,103,132,,82,117,059,61,,121,5,751361,,,771461,,01,1969,2.0
69IN04091,1967618919,67,2,A8919,6,75,12,1,,,,,,2,3,06,7,1,752,120,05,01,136,168,,82,096,055,61,,136,4,693861,,,683361,,01,1969,2.0
69IN04092,1967618920,67,2,A8920,6,74,12,2,,,,,,2,3,06,7,1,741,107,05,02,138,153,,82,111,062,61,,148,4,693861,,,683361,,05,1969,2.0
69IN04093,1967618921,67,2,A8921,6,75,637,4,,,,,,3,3,06,7,1,752,104,11,01,112,140,,82,106,055,61,,117,5,734161,,,730761,,01,1969,2.0
69IN04094,1967618923,67,2,A8923,6,03,030,6,,,,,49,1,3,06,1,1,033,093,10,01,117,138,,03,106,060,61,,134,5,652361,,,718861,,,1969,2.0
69IN04095,1967618924,67,2,A8924,6,73,626,2,,,,,,2,3,06,7,1,732,080,14,01,103,136,,82,091,039,61,,091,3,743461,,,762961,,01,1969,2.0
69IN04096,1967618926,67,1,A8926,6,72,833,,,,,,,1,3,06,3,1,133,124,09,,153,185,2,72,111,075,61,0927,174,6,726361,,419,749661,,,1969,2.0
69IN04097,1967618929,67,2,A8929,6,70,713,2,,,,,,2,3,06,2,1,702,107,09,03,130,146,,70,105,057,61,,130,5,638461,,,692761,,02,1969,2.0
69IN04098,1967618931,67,2,A8931,6,74,075,1,,,,,,3,3,06,7,1,741,092,07, 1,104,130,,09,093,059,61,,142,5,736961,,,329861,,01,1969,2.0
69IN04099,1967618932,67,2,A8932,6,75,09,3,,,,,,3,3,06,7,1,752,111,09,02,135,153,,82,128,072,61,,147,8,584861,,,685361,,01,1969,2.0
69IN04100,1967618934,67,2,A8934,6,70,723,3,,,,,,1,3,06,2,1,700,102,09,02,110,140,,70,121,068,61,,141,5,525861,,,484161,,02,1969,2.0
69IN04101,1967618935,67,2,A8935,6,73,065,4,,,,,,2,3,06,7,1,732,092,10,01,106,126,,09,120,065,61,,132,5,673061,,,369061,,02,1969,2.0
69IN04102,1967618938,67,2,A8938,6,75,666,3,,,,,,3,3,06,7,1,751,108,06,02,127,150,,82,090,040,61,,094,3,584861,,,774361,,01,1969,2.0
69IN04103,1967618942,67,2,A8942,6,74,075,4,,,,,,2,3,06,7,1,742,117,08,02,140,160,,08,107,055,61,,129,3,736961,,,507961,,02,1969,2.0
69IN04104,1967618945,67,2,A8945,6,70,713,1,,,,,,3,3,06,2,1,701,108,09,01,130,158,,71,111,064,61,,141,6,638461,,,438561,,02,1969,2.0
69IN04105,1967618948,67,2,A8948,6,78,617,4,,,,,,1,3,06,7,1,781,115,09,02,132,154,,82,118,055,61,,107,5,751361,,,769361,,01,1969,2.0
69IN04106,1967618949,67,2,A8949,6,77,636,3,,,,,,2,3,06,7,1,770,089,13,01,122,151,,82,102,053,61,,111,5,734161,,,753261,,01,1969,2.0
69IN04107,1967618950,67,2,A8950,6,75,636,2,,,,,,2,3,06,7,1,,093,10,08,115,143,3,82,110,056,61,0120,131,4,734161,,,753261,,01,1969,2.0
69IN04108,1967618956,67,1,A8956,6,82,095,,,,,,,2,3,06,7,2,110,130,06,,200,213,2,04,114,090,61,7207,220,5,726161,,442,438961,,,1969,2.0
69IN04109,1967618960,67,2,A8960,6,02,020,7,,,,,27,2,3,06,1,1,023,081,09,01,90,124,,02,118,056,61,,111,5,728461,,,383761,,,1969,2.0
69IN04110,1967618963,67,2,A8963,6,70,723,1,,,,,,1,3,06,2,1, 06,112,09,02,138,158,2,70,100,070,61,0927,175,3,525861,,,515461,,01,1969,2.0
69IN04111,1967618964,67,2,A8964,6,72,913,2,,,,,,2,3,06,3,1,,088,05,08,110,130,3,72,116,052,61,0120,098,5,765861,,,546861,,01,1969,2.0
69IN04112,1967618965,67,2,A8965,6,72,913,3,,,,,,2,3,06,3,1,87,086,07,02,115,128,,72,112,054,61,,112,5,765861,,,546861,,01,1969,2.0
69IN04113,1967618972,67,2,A8972,6,10,100,6,,,,,51,3,3,06,1,1,103,108,09,02,128,136,,10,113,057,61,,116,5,747961,,,249261,,,1969,2.0
69IN04114,1967618974,67,2,A8974,6,72,823,1,,,,,,1,3,06,3,1,89,103,09,02,138,156,,72,106,060,61,,131,5,720661,,,738861,,01,1969,2.0
69IN04115,1967618976,67,2,A8976,6,75,646,4,,,,,,1,3,06,7,1,751,086,10,02,118,150,,82,107,059,61,,132,5,757061,,,745861,,01,1969,2.0
69IN04116,1967618978,67,1,A8978,6,72,913,,,,,,,3,3,06,3,2,133,120,05,,170,190,2,72,125,067,61,0927,147,6,765861,,400,647061,,,1969,2.0
69IN04117,1967618981,67,2,A8981,6,77,09,4,,,,,,2,3,06,7,1,770,090,08,01,124,143,,82,111,051,61,,115,4,584861,,,668461,,05,1969,2.0
69IN04118,1967618983,67,2,A8983,6,78,616,3,,,,,,1,3,06,7,1,782,103,07,02,127,149,,82,119,053,61,,101,5,751361,,,767261,,02,1969,2.0
69IN04119,1967618984,67,2,A8984,6,02,020,6,,,,,28,2,3,06,1,1,023,094,09,02,113,132,,02,134,067,61,,127,8,728461,,,270661,,,1969,2.0
69IN04120,1967618985,67,2,A8985,6,02,020,7,,,,,28,2,3,06,1,1,023,080,09,01,92,127,,02,116,052,61,,104,5,728461,,,270661,,,1969,2.0
69IN04121,1967618986,67,2,A8986,6,70,713,4,,,,,,1,3,06,2,1,701,107,09,01,128,147,,70,121,070,61,,155,5,638461,,,744261,,01,1969,2.0
69IN04122,1967618990,67,2,A8990,6,78,065,4,,,,,,1,3,06,7,1,780,117,07,01,140,168,,04,112,065,61,,140,6,673061,,,243761,,01,1969,2.0
69IN04123,1967618993,67,2,A8993,6,77,09,3,,,,,,2,3,06,7,1,771,096,09,02,98,140,,02,098,046,61,,095,5,584861,,,671761,,01,1969,2.0
69IN04124,1967618994,67,2,A8994,6,76,09,1,,,,,,2,3,06,7,1,762,084,11,01,107,133,,02,109,043,61,,091,4,584861,,,671761,,01,1969,2.0
69IN04125,1967618996,67,1,A8996,6,70,713,,,,,,,1,3,06,2,1,233,150,08,,180,233,3,70,128,088,61,0929,205,6,638461,,475,380861,,,1969,2.0
69IN04126,1967619004,67,2,A9004,6,74,647,,,,,,,1,3,06,7,1,740,103,08,02,113,136,,82,112,058,61,,124,5,757061,,,752061,,,1969,2.0
69IN04127,1967619007,67,2,A9007,6,72,813,3,,,,,,2,3,06,3,1,91,088,12,02,105,128,,72,118,055,61,,102,5,714461,,,698761,,02,1969,2.0
69IN04128,1967619011,67,2,A9011,6,73,045,4,,,,,,2,3,06,7,1,730,122,08,02,137,172,,09,105,063,61,,140,5,722061,,,624161,,01,1969,2.0
69IN04129,1967619014,67,2,A9014,6,72,923,1,,,,,,2,3,06,3,1,93,076,12,02,110,155,,72,100,044,61,,098,3,722361,,,644961,,01,1969,2.0
69IN04130,1967619024,67,2,A9024,6,78,657,1,,,,,,1,3,06,7,1,780,096,08,01,115,150,,82,118,061,61,,126,5,722161,,,752261,,01,1969,2.0
69IN04131,1967619028,67,1,A9028,6,72,863,,,,,,,1,3,06,3,1,134,120,08,,148,190,2,72,098,098,61,0927,246,5,739661,,429,694761,,,1969,2.0
69IN04132,1967619033,67,2,A9033,6,70,723,1,,,,,,2,3,06,2,1,700,116,09,02,140,158,,70,101,061,61,,135,5,525861,,,745661,,02,1969,2.0
69IN04133,1967619034,67,2,A9034,6,70,723,2,,,,,,2,3,06,2,1,702,111,09, 2,130,150,,70,110,060,61,,126,5,525861,,,745661,,01,1969,2.0
69IN04134,1967619036,67,2,A9036,6,76,044,1,,,,,,1,3,06,7,1,762,111,09,02,118,112,,06,104,058,61,,137,4,639461,,,448361,,02,1969,2.0
69IN04135,1967619039,67,2,A9039,6,03,030,7,,,,,45,3,3,06,1,1,033,122,09,01,140,157,,03,112,068,61,,154,5,652361,,,588761,,,1969,2.0
69IN04136,1967619041,67,1,A9041,6,72,833,,,,,,,3,3,06,3,1,,085,09,,128,170,3,72,125,053,61,0812,112,5,726361,,365,500761,,,1969,2.0
69IN04137,1967619045,67,2,A9045,6,75,656,1,,,,,,1,3,06,7,1,,080,08,,,,6,82,109,057,61,0131,132,3,722161,,,712661,,01,1969,2.0
69IN04138,1967619046,67,2,A9046,6,75,09,,,,,,,3,3,06,7,1,750,104,08,01,123,165,,02,102,044,61,,101,4,584861,,,687761,,,1969,2.0
69IN04139,1967619048,67,2,A9048,6,78,075,3,,,,,,2,3,06,7,1,781,078,09,02,98,124,,06,097,053,61,,117,5,736961,,,417761,,01,1969,2.0
69IN04140,1967619049,67,2,A9049,6,77,075,3,,,,,,2,3,06,7,1,772,073,11,01,93,113,,06,110,046,61,,091,5,736961,,,417761,,01,1969,2.0
69IN04141,1967619050,67,2,A9050,6,75,647,4,,,,,,1,3,06,7,1,752,094,09,01,131,158,,82,094,051,61,,118,3,757061,,,768361,,01,1969,2.0
69IN04142,1967619051,67,2,A9051,6,74,11,2,,,,,,1,3,06,7,1,,091,09,,107,,7,82,111,052,61,1112,119,3,770661,,,663761,,01,1969,2.0
69IN04143,1967619053,67,2,A9053,6,77,045,3,,,,,,2,3,06,7,1,770,118,09,02,135,160,,08,109,048,61,,111,3,722061,,,408761,,01,1969,2.0
69IN04144,1967619054,67,2,A9054,6,78,11,2,,,,,,1,3,06,7,1,781,103,08,02,130,155,,82,085,044,61,,106,2,770661,,,691261,,01,1969,2.0
69IN04145,1967619057,67,1,A9057,6,72,903,,,,,,,2,3,06,3,4,,120,09,,152,193,3,71,112,063,61,0812,145,5,717061,,400,382761,,,1969,2.0
69IN04146,1967619058,67,1,A9058,6,72,903,,,,,,,2,3,06,3,1,,135,07,,175,210,3,71,111,066,61,0812,155,4,717061,,416,382761,,,1969,2.0
69IN04147,1967619059,67,2,A9059,6,77,12,2,,,,,,1,3,06,7,1,770,123,05,02,133,163,,07,125,069,61,,142,5,693861,,,679561,,02,1969,2.0
69IN04148,1967619068,67,2,A9068,6,78,12,1,,,,,,1,3,06,7,1,782,114,04,02,125,130,,82,107,053,61,,125,4,693861,,,696061,,02,1969,2.0
69IN04149,1967619071,67,2,A9071,6,72,873,3,,,,,,1,3,06,3,1,95,102,05,01,134,138,,72,112,058,61,,125,5,747261,,,747761,,02,1969,2.0
69IN04150,1967619072,67,2,A9072,6,76,10,4,,,,,,1,3,06,7,1,760,106,09,02,126,158,,82,116,060,61,,124,5,735261,,,698261,,01,1969,2.0
69IN04151,1967619074,67,2,A9074,6,73,12,1,,,,,,1,3,06,7,1,731,102,08,02,125,143,,82,104,064,61,,152,5,693861,,,664861,,01,1969,2.0
69IN04152,1967619077,67,1,A9077,6,72,983,,,,,,,2,3,06,3,2,131,103,09,,145,183,2,71,121,081,61,0927,186,6,752661,,422,420561,,,1969,2.0
69IN04153,1967619081,67,2,A9081,6,02,020,6,,,,,25,1,3,06,1,1,023,098,09,02,101,120,,02,113,062,61,,135,7,728461,,,476261,,,1969,2.0
69IN04154,1967619082,67,2,A9082,6,77,084,2,,,,,,2,3,06,7,1,772,113,08,02,136,148,,07,117,064,61,,137,5,650361,,,440261,,02,1969,2.0
69IN04155,1967619084,67,2,A9084,6,75,09,1,,,,,,2,3,06,7,1,751,115,06,02,140,156,,82,122,055,61,,105,5,584861,,,663961,,02,1969,2.0
69IN04156,1967619089,67,2,A9089,6,77,055,4,,,,,,2,3,06,7,1,771,092,05,02,100,137,,08,120,060,61,,124,5,741261,,,613761,,01,1969,2.0
69IN04157,1967619090,67,2,A9090,6,76,055,3,,,,,,2,3,06,7,1,761,082,09,01,95,123,,08,121,059,61,,120,5,741261,,,613761,,01,1969,2.0
69IN04158,1967619092,67,2,A9092,6,74,11,3,,,,,,3,3,06,7,1,742,087,08,02,106,125,,82,104,050,61,,113,4,770661,,,707961,,01,1969,2.0
69IN04159,1967619093,67,2,A9093,6,72,973,1,,,,,,1,3,06,3,1,83,108,06,02,123,144,,72,100,052,61,,121,4,764361,,,773261,,01,1969,2.0
69IN04160,1967619096,67,2,A9096,6,76,646,1,,,,,,3,3,06,7,1,762,087,06,02,102,134,,82,094,039,61,,089,2,757061,,,769461,,01,1969,2.0
69IN04161,1967619097,67,2,A9097,6,78,11,3,,,,,,1,3,06,7,1,782,113,09,02,122,144,,01,110,053,61,,123,4,770661,,,674861,,01,1969,2.0
69IN04162,1967619098,67,2,A9098,6,74,647,4,,,,,,1,3,06,7,1,741,086,06,01,114,140,,82,114,064,61,,137,5,757061,,,757561,,01,1969,2.0
69IN04163,1967619103,67,2,A9103,6,78,12,4,,,,,,2,3,06,7,1,780,110,05,02,125,133,,82,088,050,61,,126,4,693861,,,675361,,01,1969,2.0
69IN04164,1967619108,67,2,A9108,6,02,020,6,,,,,29,3,3,06,1,1,023,068,12,01,94,110,,02,117,048,61,,099,5,728461,,,595661,,,1969,2.0
69IN04165,1967619115,67,2,A9115,6,70,733,3,,,,,,3,3,06,2,1,701,100,10,02,118,157,,70,113,067,61,,153,5,750661,,,219361,,01,1969,2.0
69IN04166,1967619116,67,2,A9116,6,03,030,6,,,,,41,1,3,06,1,1,033,078,10,01,125,154,,03,106,060,61,,135,6,652361,,,644061,,,1969,2.0
69IN04167,1967619118,67,2,A9118,6,70,723,2,,,,,,2,3,06,2,1,702,120,06,02,123,160,,71,103,059,61,,137,3,525861,,,405761,,01,1969,2.0
69IN04168,1967619119,67,2,A9119,6,76,12,1,,,,,,1,3,06,7,1,760,103,09,02,126,155,,05,103,050,61,,114,4,693861,,,676761,,01,1969,2.0
69IN04169,1967619121,67,1,A9121,6,72,963,,,,,,,2,3,06,3,1,131,103,05,,158,200,2,72,107,056,61,0927,123,6,746161,,393,581761,,,1969,2.0
69IN04170,1967619122,67,1,A9122,6,72,963,,,,,,,2,3,06,3,2,,100,05,,175,168,3,72,117,063,61,0812,140,6,746161,,397,581761,,,1969,2.0
69IN04171,1967619123,67,2,A9123,6,75,12,2,,,,,,2,3,06,7,1,750,110,03,02,133,158,,82,097,052,61,,126,4,693861,,,693961,,05,1969,2.0
69IN04172,1967619128,67,2,A9128,6,72,863,3,,,,,,2,3,06,3,1,90,090,08,02,115,146,,71,097,053,61,,124,3,739661,,,314261,,02,1969,2.0
69IN04173,1967619131,67,2,A9131,6,76,12,1,,,,,,1,3,06,7,1,761,118,05,01,134,155,,82,115,065,61,,141,6,693861,,,672861,,01,1969,2.0
69IN04174,1967619137,67,2,A9137,6,77,09,2,,,,,,2,3,06,7,1,772,081,11,01,96,129,,82,098,047,61,,101,6,584861,,,702561,,01,1969,2.0
69IN04175,1967619138,67,2,A9138,6,01,010,6,,,,,28,1,3,06,1,1,013,096,09,02,126,144,,01,114,082,61,,205,4,714561,,,708761,,,1969,2.0
69IN04176,1967619140,67,2,A9140,6,77,12,,,,,,,3,3,06,7,1,,104,04,07,120,144,3,82,125,066,61,0120,137,5,693861,,,673861,,,1969,2.0
69IN04177,1967619141,67,2,A9141,6,74,626,2,,,,,,1,3,06,7,1,740,112,07,02,126,160,,82,111,058,61,,120,5,743461,,,740761,,01,1969,2.0
69IN04178,1967619145,67,2,A9145,6,77,647,1,,,,,,1,3,06,7,1,772,108,07,01,130,160,,82,118,072,61,,164,5,757061,,,717161,,01,1969,2.0
69IN04179,1967619147,67,2,A9147,6,70,723,4,,,,,,3,3,06,2,1,700,102,10,01,118,154,,70,107,065,61,,146,6,525861,,,678361,,02,1969,2.0
69IN04180,1967619148,67,2,A9148,6,10,100,7,,,,,34,1,3,06,1,1,103,097,09,02,115,137,,10,119,051,61,,096,5,747961,,,648061,,,1969,2.0
69IN04181,1967619151,67,2,A9151,6,78,10,4,,,,,,2,3,06,7,1,782,086,09,01,100,130,,82,106,053,61,,108,5,735261,,,662861,,01,1969,2.0
69IN04182,1967619152,67,2,A9152,6,77,10,3,,,,,,2,3,06,7,1,770,094,10,02,109,128,,82,096,040,61,,094,3,735261,,,662861,,01,1969,2.0
69IN04183,1967619153,67,2,A9153,6,73,11,3,,,,,,3,3,06,7,1,730,076,10,02,112,147,,82,106,047,61,,107,4,770661,,,691861,,01,1969,2.0
69IN04184,1967619155,67,2,A9155,6,78,09,1,,,,,,2,3,06,7,1,780,117,06,01,138,162,,82,101,051,61,,112,5,584861,,,660361,,01,1969,2.0
69IN04185,1967619159,67,2,A9159,6,76,10,4,,,,,,1,3,06,7,3,761,105,10,02,140,145,,08,107,049,61,,108,3,735261,,,658061,,01,1969,2.0
69IN04186,1967619161,67,2,A9161,6,73,09,1,,,,,,2,3,06,7,1,731,134,06,01,148,163,,82,117,045,61,,097,3,584861,,,705261,,01,1969,2.0
69IN04187,1967619162,67,2,A9162,6,78,09,4,,,,,,1,3,06,7,1,781,127,08,01,153,185,,82,085,047,61,,118,3,584861,,,687261,,01,1969,2.0
69IN04188,1967619163,67,2,A9163,6,74,12,2,,,,,,1,3,06,7,1,742,108,08,02,118,137,,82,108,071,61,,169,5,693861,,,666461,,02,1969,2.0
69IN04189,1967619164,67,2,A9164,6,77,10,2,,,,,,2,3,06,7,1,771,090,10,01,113,143,,82,082,041,61,,100,3,735261,,,670561,,01,1969,2.0
69IN04190,1967619165,67,2,A9165,6,76,10,4,,,,,,2,3,06,7,1,762,078,10,02,97,120,,82,085,042,61,,100,2,735261,,,670561,,01,1969,2.0
69IN04191,1967619166,67,2,A9166,6,74,666,3,,,,,,1,3,06,7,1,742,100,06,02,120,152,,82,086,033,61,,079,3,584861,,,743961,,01,1969,2.0
69IN04192,1967619171,67,2,A9171,6,78,11,3,,,,,,1,3,06,7,1,780,103,09,02,112,145,,82,104,048,61,,110,4,770661,,,689961,,02,1969,2.0
69IN04193,1967619172,67,2,A9172,6,77,12,4,,,,,,1,3,06,7,1,771,105,07,02,137,153,,02,106,058,61,,125,5,693861,,,672661,,01,1969,2.0
69IN04194,1967619173,67,2,A9173,6,74,11,3,,,,,,1,3,06,7,1,740,109,07,04,122,148,,82,108,051,61,,121,3,770661,,,701061,,02,1969,2.0
69IN04195,1967619178,67,2,A9178,6,74,09,4,,,,,,3,3,06,7,1,740,084,09,02,103,120,,82,093,041,61,,099,2,584861,,,659861,,01,1969,2.0
69IN04196,1967619181,67,2,A9181,6,77,11,1,,,,,,3,3,06,7,1,772,070,09,01,98,123,,82,091,058,61,,142,4,770661,,,665661,,01,1969,2.0
69IN04197,1967619185,67,2,A9185,6,70,713,2,,,,,,1,3,06,2,1,701,113,09,02,123,149,,70,125,067,61,,142,5,638461,,,462461,,02,1969,2.0
69IN04198,1967619187,67,2,A9187,6,70,723,3,,,,,,2,3,06,2,1,700,102,10,01,108,152,,70,105,065,61,,148,5,525861,,,671461,,01,1969,2.0
69IN04199,1967619188,67,2,A9188,6,70,723,1,,,,,,2,3,06,2,1,702,098,10,01,130,150,,70,107,052,61,,105,5,525861,,,671461,,02,1969,2.0
69IN04200,1967619189,67,2,A9189,6,73,09,2,,,,,,2,3,06,7,1,732,105,07,02,140,130,,10,104,052,61,,107,5,584861,,,672461,,01,1969,2.0
69IN04201,1967619191,67,2,A9191,6,73,12,2,,,,,,1,3,06,7,3,732,072,12,01,112,143,,82,089,041,61,,093,2,693861,,,705461,,01,1969,2.0
69IN04202,1967619194,67,2,A9194,6,75,10,3,,,,,,2,3,06,7,1,750,091,10,01,115,141,,82,094,047,61,,116,3,735261,,,653761,,01,1969,2.0
69IN04203,1967619195,67,2,A9195,6,10,100,6,,,,,33,2,3,06,1,1,103,095,07,02,128,132,,10,090,039,61,,097,4,747961,,,498361,,,1969,2.0
69IN04204,1967619198,67,2,A9198,6,01,010,7,,,,,36,2,3,06,1,1,013,074,10,02,93,108,,01,134,053,61,,098,6,714561,,,590361,,,1969,2.0
69IN04205,1967619200,67,2,A9200,6,78,10,3,,,,,,1,3,06,7,1,780,090,11,01,105,133,,82,102,048,61,,111,2,735261,,,685261,,01,1969,2.0
69IN04206,1967619209,67,2,A9209,6,76,10,1,,,,,,2,3,06,7,1,760,084,09,02,101,122,,82,093,040,61,,085,2,735261,,,698661,,01,1969,2.0
69IN04207,1967619210,67,2,A9210,6,75,10,3,,,,,,2,3,06,7,1,751,086,12,01,108,130,,82,093,042,61,,101,3,735261,,,698661,,01,1969,2.0
69IN04208,1967619215,67,2,A9215,6,73,045,2,,,,,,2,3,06,7,1,731,102,09,01,121,146,,07,122,061,61,,120,5,722061,,,597361,,01,1969,2.0
69IN04209,1967619216,67,2,A9216,6,78,045,1,,,,,,2,3,06,7,1,782,092,08,02,108,145,,07,138,056,61,,098,6,722061,,,597361,,01,1969,2.0
69IN04210,1967619218,67,2,A9218,6,77,12,3,,,,,,2,3,06,7,1,772,096,08,01,128,143,,82,105,059,61,,132,5,693861,,,707061,,01,1969,2.0
69IN04211,1967619222,67,2,A9222,6,73,11,4,,,,,,3,3,06,7,1,731,098,09,02,112,130,,82,100,052,61,,125,3,770661,,,668561,,01,1969,2.0
69IN04212,1967619232,67,2,A9232,6,77,084,4,,,,,,1,3,06,7,1,770,103,09,02,127,147,,05,116,057,61,,113,5,650361,,,755561,,01,1969,2.0
69IN04213,1967619241,67,2,A9241,6,76,11,3,,,,,,1,3,06,7,1,761,068,12,02,92,110,,82,116,043,61,,090,3,770661,,,653161,,01,1969,2.0
69IN04214,1967619245,67,2,A9245,6,10,100,7,,,,,32,1,3,06,1,1,103,120,07,02,137,153,,10,090,052,61,,133,3,747961,,,318461,,,1969,2.0
69IN04215,1967619246,67,2,A9246,6,70,723,4,,,,,,1,3,06,2,1, 06,112,06,03,132,155,2,70,099,050,61,0927,117,4,525861,,,688361,,02,1969,2.0
69IN04216,1967619249,67,2,A9249,6,74,12,2,,,,,,2,3,06,7,1,740,098,07,02,123,148,,82,084,040,61,,098,3,693861,,,706161,,02,1969,2.0
69IN04217,1967619252,67,2,A9252,6,03,030,7,,,,,34,1,3,06,1,1,033,112,09,01,126,163,,03,120,057,61,,127,3,652361,,,215261,,,1969,2.0
69IN04218,1967619253,67,2,A9253,6,74,10,2,,,,,,1,3,06,7,1,741,098,10,02,118,140,,82,105,061,61,,139,5,735261,,,654961,,01,1969,2.0
69IN04219,1967619254,67,2,A9254,6,75,09,1,,,,,,1,3,06,7,1,752,100,05,02,120,153,,82,106,042,61,,095,4,584861,,,666061,,01,1969,2.0
69IN04220,1967619257,67,2,A9257,6,73,11,3,,,,,,2,3,06,7,1,732,091,08,01,110,126,,82,098,041,61,,096,3,770661,,,708261,,01,1969,2.0
69IN04221,1967619268,67,2,A9268,6,73,667,3,,,,,,3,3,06,7,1,731,090,08,01,108,144,,82,106,040,61,,087,4,584861,,,723761,,01,1969,2.0
69IN04222,1968619269,68,1,A9269,6,77,33,,,,,,,1,2,06,7,1,,078,09,,78,98,3,82,096,,61,0812,111,4,806561,,388,757161,,,1969,1.0
69IN04223,1968619270,68,1,A9270,6,78,32,,,,,,,3,2,06,7,1,,120,12,,120,152,3,82,090,,61,0812,166,5,652361,,404,769461,,,1969,1.0
69IN04224,1968619271,68,2,A9271,6,77,30,,,,,,,1,2,06,7,1,770,108,09,,108,133,,82,128,,61,,136,7,819261,,,803661,,,1969,1.0
69IN04225,1968619272,68,2,A9272,6,77,34,,,,,,,1,2,06,7,1,771,088,07,,88,123,,82,123,,61,,120,5,783061,,,830361,,,1969,1.0
69IN04226,1968619273,68,1,A9273,6,77,34,,,,,,,1,2,06,7,2,,105,10,,105,135,3,82,110,,61,0812,136,5,783061,,390,745861,,,1969,1.0
69IN04227,1968619275,68,1,A9275,6,73,35,,,,,,,3,2,06,7,1,,092,10,,92,118,3,82,107,,61,0929,107,5,791861,,391,722661,,,1969,1.0
69IN04228,1968619277,68,2,A9277,6,77,13,,,,,,,1,2,06,9,1,771,124,09,,124,148,,82,107,,61,,131,7,807361,,,683861,,,1969,1.0
69IN04229,1968619278,68,1,A9278,6,75,32,,,,,,,3,2,06,7,2,,108,12,,108,135,3,82,084,,61,0812,138,4,652361,,392,749161,,,1969,1.0
69IN04230,1968619280,68,2,A9280,6,74,35,,,,,,,1,2,06,7,1,741,097,08,,97,125,,82,113,,61,,118,5,791861,,,752261,,,1969,1.0
69IN04231,1968619281,68,1,A9281,6,76,31,,,,,,,1,2,06,7,1,,090,11,,90,128,3,82,108,,61,0812,147,6,833161,,385,755961,,,1969,1.0
69IN04232,1968619283,68,2,A9283,6,76,34,,,,,,,1,2,06,7,1,760,110,09,,110,128,,82,110,,61,,151,5,783061,,,781761,,,1969,1.0
69IN04233,1968619285,68,2,A9285,6,77,34,,,,,,,3,2,06,7,1,772,093,09,,93,118,,82,119,,61,,120,5,783061,,,831161,,,1969,1.0
69IN04234,1968619288,68,2,A9288,6,78,33,,,,,,,1,2,06,7,1,782,120,09,,120,148,,82,129,,61,,137,6,806561,,,830561,,,1969,1.0
69IN04235,1968619290,68,2,A9290,6,75,13,,,,,,,1,2,06,9,1,750,095,09,,95,128,,82,113,,61,,142,6,807361,,,697061,,,1969,1.0
69IN04236,1968619291,68,2,A9291,6,75,35,,,,,,,3,2,06,7,1,751,106,09,,106,140,,82,111,,61,,110,5,791861,,,714061,,,1969,1.0
69IN04237,1968619292,68,1,A9292,6,77,35,,,,,,,1,2,06,7,1,,082,11,,82,103,3,82,123,,61,0812,096,5,791861,,396,776061,,,1969,1.0
69IN04238,1968619293,68,2,A9293,6,74,35,,,,,,,3,2,06,7,1,742,115,07,,115,138,,82,136,,61,,170,6,791861,,,714061,,,1969,1.0
69IN04239,1968619294,68,2,A9294,6,75,32,,,,,,,1,2,06,7,1,752,112,09,,112,150,,82,113,,61,,144,6,652361,,,830661,,,1969,1.0
69IN04240,1968619295,68,1,A9295,6,77,31,,,,,,,1,2,06,7,1,,075,09,,75,,7,82,116,,61,1101,082,7,833161,,399,837561,,,1969,1.0
69IN04241,1968619296,68,1,A9296,6,75,32,,,,,,,1,2,06,7,2,,118,10,,118,153,,82,092,,61,,136,5,652361,,397,805061,,,1969,1.0
69IN04242,1968619297,68,2,A9297,6,76,33,,,,,,,1,2,06,7,1,761,100,10,,100,130,,82,139,,61,,138,6,806561,,,800261,,,1969,1.0
69IN04243,1968619298,68,1,A9298,6,76,35,,,,,,,1,2,06,7,1,,100,12,,100,130,3,82,111,,61,0812,144,6,791861,,391,762961,,,1969,1.0
69IN04244,1968619299,68,1,A9299,6,78,33,,,,,,,2,2,06,7,2,099,115,08,,115,145,2,82,120,,61,2496,125,6,806561,,401,738961,,,1969,1.0
69IN04245,1968619301,68,2,A9301,6,76,13,,,,,,,1,2,06,9,1,760,098,08,,98,128,,82,121,,61,,135,5,807361,,,657261,,,1969,1.0
69IN04246,1968619302,68,2,A9302,6,78,30,,,,,,,2,2,06,7,1,782,084,10,,84,111,,82,121,,61,,132,5,819261,,,812161,,,1969,1.0
69IN04247,1968619303,68,2,A9303,6,77,30,,,,,,,2,2,06,7,1,771,085,10,,85,126,,82,113,,61,,126,4,819261,,,812161,,,1969,1.0
69IN04248,1968619304,68,1,A9304,6,77,30,,,,,,,1,2,06,7,1,,070,09,,70,105,3,82,102,,61,0812,092,5,819261,,388,787261,,,1969,1.0
69IN04249,1968619306,68,2,A9306,6,77,34,,,,,,,2,2,06,7,1,770,102,10,,102,135,,82,130,,61,,116,5,783061,,,836061,,,1969,1.0
69IN04250,1968619307,68,1,A9307,6,73,34,,,,,,,2,2,06,7,1,123,133,10,,133,150,2,82,116,,61,0927,136,5,783061,,426,836061,,,1969,1.0
69IN04251,1968619308,68,1,A9308,6,73,32,,,,,,,2,2,06,7,1,,133,12,,133,144,3,82,075,,61,0812,130,4,652361,,420,761061,,,1969,1.0
69IN04252,1968619309,68,1,A9309,6,77,32,,,,,,,2,2,06,7,4,,097,12,,97,125,3,82,090,,61,0812,116,4,652361,,395,761061,,,1969,1.0
69IN04253,1968619310,68,2,A9310,6,76,31,,,,,,,2,2,06,7,1,761,088,11,,88,113,,82,123,,61,,090,5,833161,,,820661,,,1969,1.0
69IN04254,1968619311,68,2,A9311,6,75,31,,,,,,,2,2,06,7,1,752,110,09,,110,141,, 2,122,,61,,133,5,833161,,,820661,,,1969,1.0
69IN04255,1968619313,68,2,A9313,6,75,14,,,,,,,3,2,06,9,1,750,107,10,,107,116,,82,130,,61,,138,7,829561,,,694861,,,1969,1.0
69IN04256,1968619314,68,1,A9314,6,75,35,,,,,,,1,2,06,7,1,092,124,12,,124,153,2,82,105,,61,2489,159,6,791861,,412,762861,,,1969,1.0
69IN04257,1968619317,68,2,A9317,6,78,31,,,,,,,3,2,06,7,1,780,103,09,,103,132,,82,105,,61,,133,5,833161,,,818361,,,1969,1.0
69IN04258,1968619318,68,2,A9318,6,76,34,,,,,,,1,2,06,7,1,761,117,06,,117,140,, 2,122,,61,,125,5,783061,,,776461,,,1969,1.0
69IN04259,1968619319,68,1,A9319,6,75,31,,,,,,,1,2,06,7,1,125,102,11,,102,150,2,82,125,,61,0927,131,7,833161,,391,753261,,,1969,1.0
69IN04260,1968619320,68,2,A9320,6,74,14,,,,,,,1,2,06,9,1,740,110,09,,110,138,,82,114,,61,,162,5,829561,,,675361,,,1969,1.0
69IN04261,1968619321,68,1,A9321,6,77,35,,,,,,,3,2,06,7,1,096,140,09,,140,190,2,82,120,,61,2493,170,8,791861,,437,771461,,,1969,1.0
69IN04262,1968619323,68,2,A9323,6,76,32,,,,,,,1,2,06,7,1,762,092,07,,92,116,,82,111,,61,,100,3,652361,,,723961,,,1969,1.0
69IN04263,1968619324,68,2,A9324,6,76,30,,,,,,,2,2,06,7,1,762,083,12,,83,115,,82,130,,61,,111,7,819261,,,754261,,,1969,1.0
69IN04264,1968619326,68,2,A9326,6,78,35,,,,,,,1,2,06,7,1,782,090,09,,90,118,,82,104,,61,,105,4,791861,,,832661,,,1969,1.0
69IN04265,1968619328,68,2,A9328,6,77,35,,,,,,,2,2,06,7,1,772,098,09,,98,128,,82,114,,61,,145,6,791861,,,834261,,,1969,1.0
69IN04266,1968619329,68,2,A9329,6,75,35,,,,,,,2,2,06,7,1,750,100,09,,100,140,,82,121,,61,,128,5,791861,,,834261,,,1969,1.0
69IN04267,1968619330,68,1,A9330,6,77,32,,,,,,,2,2,06,7,1,,102,09,,102,130,3,82,087,,61,0812,121,4,652361,,397,795061,,,1969,1.0
69IN04268,1968619331,68,1,A9331,6,76,32,,,,,,,2,2,06,7,1,126,140,09,,140,155,2,82,091,,61,0927,140,5,652361,,431,795061,,,1969,1.0
69IN04269,1968619332,68,2,A9332,6,73,35,,,,,,,1,2,06,7,1,731,112,09,,112,128,,82,114,,61,,149,6,791861,,,765261,,,1969,1.0
69IN04270,1968619335,68,1,A9335,6,78,30,,,,,,,1,2,06,7,1,125,112,09,,112,145,2,82,102,,61,0927,115,5,819261,,409,744061,,,1969,1.0
69IN04271,1968619338,68,1,A9338,6,76,30,,,,,,,1,2,06,7,1,123,108,11,,108,135,2,82,109,,61,0927,168,5,819261,,414,717261,,,1969,1.0
69IN04272,1968619339,68,1,A9339,6,76,34,,,,,,,1,2,06,7,1,093,135,08,,135,160,2,82,117,,61,2490,147,5,783061,,402,741761,,,1969,1.0
69IN04273,1968619340,68,2,A9340,6,76,31,,,,,,,1,2,06,7,1,762,096,08,,96,127,,82,126,,61,,152,6,833161,,,803961,,,1969,1.0
69IN04274,1968619342,68,2,A9342,6,76,35,,,,,,,3,2,06,7,1,760,115,08,,115,148,,82,126,,61,,133,5,791861,,,784961,,,1969,1.0
69IN04275,1968619343,68,1,A9343,6,74,31,,,,,,,1,2,06,7,1,,088,09,,88,120,3,82,091,,61,0812,123,5,833161,,385,837461,,,1969,1.0
69IN04276,1968619346,68,1,A9346,6,77,31,,,,,,,2,2,06,7,2,,080,11,,80,120,3,82,118,,61,0812,108,5,833161,,386,728061,,,1969,1.0
69IN04277,1968619347,68,1,A9347,6,76,31,,,,,,,2,2,06,7,1,,070,11,,70,113,3,82,099,,61,0812,081,5,833161,,394,728061,,,1969,1.0
69IN04278,1968619349,68,1,A9349,6,73,30,,,,,,,2,2,06,7,6,,093,09,,93,,3,82,101,,61,0602,112,4,819261,,,731561,,,1969,1.0
69IN04279,1968619350,68,1,A9350,6,78,30,,,,,,,2,2,06,7,1,,085,10,,85,117,3,82,113,,61,0812,135,5,819261,,388,731561,,,1969,1.0
69IN04280,1968619351,68,1,A9351,6,74,35,,,,,,,1,2,06,7,1,,104,09,,104,140,,82,096,,61,,140,5,791861,,398,799161,,,1969,1.0
69IN04281,1968619352,68,2,A9352,6,78,33,,,,,,,1,2,06,7,1,780,112,09,,112,134,,82,118,,61,,130,5,806561,,,758061,,,1969,1.0
69IN04282,1968619353,68,1,A9353,6,76,35,,,,,,,1,2,06,7,1,123,130,09,,130,168,2,82,106,,61,0927,140,5,791861,,410,770261,,,1969,1.0
69IN04283,1968619354,68,2,A9354,6,78,31,,,,,,,1,2,06,7,1,781,096,07,,96,123,,82,129,,61,,135,7,833161,,,712661,,,1969,1.0
69IN04284,1968619355,68,2,A9355,6,74,32,,,,,,,1,2,06,7,1,741,108,11,,108,142,,82,098,,61,,188,4,652361,,,727061,,,1969,1.0
69IN04285,1968619356,68,2,A9356,6,78,35,,,,,,,1,2,06,7,1,780,120,09,,120,155,,82,128,,61,,147,7,791861,,,812861,,,1969,1.0
69IN04286,1968619357,68,1,A9357,6,73,31,,,,,,,1,2,06,7,2,115,165,07,,165,185,2,82,089,,61,0927,151,4,833161,,433,764461,,,1969,1.0
69IN04287,1968619358,68,2,A9358,6,75,32,,,,,,,1,2,06,7,1,750,106,10,,106,128,,82,113,,61,,133,6,652361,,,817561,,,1969,1.0
69IN04288,1968619359,68,2,A9359,6,74,33,,,,,,,1,2,06,7,1,741,102,10,,102,120,,82,109,,61,,122,4,806561,,,812261,,,1969,1.0
69IN04289,1968619360,68,2,A9360,6,78,30,,,,,,,2,2,06,7,3,780,103,09,,103,140,,82,123,,61,,189,6,819261,,,719061,,,1969,1.0
69IN04290,1968619361,68,2,A9361,6,77,30,,,,,,,2,2,06,7,1,772,071,14,,71,115,,82,128,,61,,098,6,819261,,,719061,,,1969,1.0
69IN04291,1968619362,68,2,A9362,6,74,35,,,,,,,1,2,06,7,1,740,100,09,,100,132,,82,107,,61,,142,5,791861,,,743961,,,1969,1.0
69IN04292,1968619363,68,1,A9363,6,76,30,,,,,,,2,2,06,7,6,,106,10,,106,,3,82,107,,61,0602,140,6,819261,,,766061,,,1969,1.0
69IN04293,1968619364,68,2,A9364,6,74,30,,,,,,,2,2,06,7,1,742,113,10,,113,145,,82,107,,61,,140,4,819261,,,766061,,,1969,1.0
69IN04294,1968619365,68,2,A9365,6,75,30,,,,,,,2,2,06,7,1,752,100,08,,100,138,,82,103,,61,,147,5,819261,,,752361,,,1969,1.0
69IN04295,1968619367,68,1,A9367,6,73,31,,,,,,,1,2,06,7,1,,090,10,,90,,6,82,093,,61,0801,102,5,833161,,397,787661,,,1969,1.0
69IN04296,1968619368,68,2,A9368,6,75,13,,,,,,,2,2,06,9,1,751,118,09,,118,139,,82,107,,61,,141,6,807361,,,662161,,,1969,1.0
69IN04297,1968619369,68,2,A9369,6,74,13,,,,,,,2,2,06,9,1,742,078,09,,78,112,,82,112,,61,,131,5,807361,,,662161,,,1969,1.0
69IN04298,1968619371,68,1,A9371,6,73,34,,,,,,,3,2,06,7,1,,103,11,,103,130,3,82,086,,61,0812,110,4,783061,,399,744861,, 3,1969,1.0
69IN04299,1968619372,68,2,A9372,6,74,34,,,,,,,1,2,06,7,1,741,091,08,,91,115,,82,112,,61,,098,4,783061,,,745061,,,1969,1.0
69IN04300,1968619373,68,1,A9373,6,72,823,,,,,,,3,2,06,3,1,100,128,10,,128,163,2,72,124,,61,2497,157,8,814861,,405,605861,,,1969,1.0
69IN04301,1968619377,68,2,A9377,6,01,010,7,,,,,29,2,2,06,1,1,013,091,08,,91,117,,01,144,,61,,118,8,751361,,,448861,,,1969,1.0
69IN04302,1968619378,68,2,A9378,6,01,010,6,,,,,29,2,2,06,1,1,013,106,08,,106,122,,01,117,,61,,134,5,751361,,,448861,,,1969,1.0
69IN04303,1968619379,68,2,A9379,6,72,933,,,,,,,3,2,06,3,1,96,097,08,,97,120,,72,100,,61,,135,5,818261,,,767761,,,1969,1.0
69IN04304,1968619381,68,2,A9381,6,03,030,6,,,,,40,2,2,06,1,1,033,073,10,,73,82,,03,094,,61,,107,4,734161,,,718861,,,1969,1.0
69IN04305,1968619383,68,1,A9383,6,82,055,,,,,,,1,2,06,7,1,,100,11,,100,132,,07,114,,61,,139,6,741261,,394,445561,,,1969,1.0
69IN04306,1968619384,68,2,A9384,6,75,14,,,,,,,1,2,06,9,1,751,126,10,,126,160,,82,119,,61,,150,5,829561,,,691261,,,1969,1.0
69IN04307,1968619385,68,2,A9385,6,01,010,7,,,,,32,1,2,06,1,1,013,105,09,,105,130,,01,125,,61,,144,7,751361,,,590361,,,1969,1.0
69IN04308,1968619386,68,1,A9386,6,74,32,,,,,,,1,2,06,7,2,101,122,09,,122,158,2,82,120,,61,2498,153,6,652361,,421,809061,,,1969,1.0
69IN04309,1968619388,68,1,A9388,6,77,32,,,,,,,3,2,06,7,1,,095,13,,95,135,3,82,103,,61,0812,138,4,652361,,396,746561,,,1969,1.0
69IN04310,1968619390,68,1,A9390,6,76,33,,,,,,,1,2,06,7,1,,095,10,,95,128,3,82,101,,61,0812,117,5,806561,,397,738161,, 3,1969,1.0
69IN04311,1968619391,68,2,A9391,6,73,34,,,,,,,2,2,06,7,1,730,113,10,,113,128,,82,123,,61,,140,6,783061,,,724061,,,1969,1.0
69IN04312,1968619392,68,1,A9392,6,78,34,,,,,,,2,2,06,7,1,124,118,11,,118,140,2,82,120,,61,0927,145,7,783061,,422,724061,,,1969,1.0
69IN04313,1968619393,68,2,A9393,6,75,33,,,,,,,1,2,06,7,1,751,118,05,,118,138,,82,125,,61,,144,5,806561,,,826161,,,1969,1.0
69IN04314,1968619394,68,1,A9394,6,75,35,,,,,,,1,2,06,7,1,097,152,09,,152,178,2,82,093,,61,2494,120,4,791861,,431,758661,,,1969,1.0
69IN04315,1968619395,68,2,A9395,6,76,31,,,,,,,2,2,06,7,1,760,105,09,,105,140,,82,140,,61,,128,8,833161,,,788761,,,1969,1.0
69IN04316,1968619396,68,1,A9396,6,74,31,,,,,,,2,2,06,7,1,,071,09,,71,105,3,82,107,,61,0812,085,5,833161,,390,788761,,,1969,1.0
69IN04317,1968619397,68,1,A9397,6,78,35,,,,,,,1,2,06,7,1,124,118,11,,118,133,2,82,129,,61,0927,155,6,791861,,428,788661,,,1969,1.0
69IN04318,1968619398,68,2,A9398,6,73,34,,,,,,,1,2,06,7,1,731,102,09,,102,122,,82,118,,61,,145,5,783061,,,766761,,,1969,1.0
69IN04319,1968619399,68,2,A9399,6,01,010,6,,,,,37,1,2,06,1,1,013,093,08,,93,113,,01,130,,61,,127,7,751361,,,726561,,,1969,1.0
69IN04320,1968619401,68,1,A9401,6,72,963,,,,,,,3,2,06,3,1,102,137,12,,137,164,2,72,086,,61,2499,142,4,827061,,409,667561,,,1969,1.0
69IN04321,1968619402,68,2,A9402,6,77,33,,,,,,,2,2,06,7,1,772,096,11,,96,118,,82,091,,61,,109,4,806561,,,781661,,,1969,1.0
69IN04322,1968619403,68,2,A9403,6,76,33,,,,,,,2,2,06,7,1,762,102,10,,102,134,,82,109,,61,,115,5,806561,,,781661,,,1969,1.0
69IN04323,1968619404,68,2,A9404,6,73,30,,,,,,,2,2,06,7,1,730,092,09,,92,126,,82,118,,61,,109,3,819261,,,713961,,,1969,1.0
69IN04324,1968619405,68,2,A9405,6,78,30,,,,,,,2,2,06,7,1,781,078,09,,78,111,,82,116,,61,,105,5,819261,,,713961,,,1969,1.0
69IN04325,1968619409,68,1,A9409,6,72,843,,,,,,,2,2,06,3,2,,083,11,,83,112,3,72,113,,61,0812,129,8,789561,,385,786361,,,1969,1.0
69IN04326,1968619410,68,2,A9410,6,78,33,,,,,,,1,2,06,7,1,781,088,07,,88,124,,82,111,,61,,113,2,806561,,,723761,,,1969,1.0
69IN04327,1968619412,68,2,A9412,6,76,30,,,,,,,1,2,06,7,1,760,118,09,,118,146,,82,106,,61,,125,3,819261,,,760861,,,1969,1.0
69IN04328,1968619413,68,2,A9413,6,70,723,,,,,,,3,2,06,2,1, 01,123,09,,123,147,2,70,136,,61,0927,141,7,710261,,,827661,,,1969,1.0
69IN04329,1968619415,68,1,A9415,6,70,723,,,,,,,2,2,06,2,1,098,135,08,,135,170,2,70,115,,61,7227,143,5,710261,,415,560861,,,1969,1.0
69IN04330,1968619416,68,2,A9416,6,70,723,,,,,,,2,2,06,2,1,702,102,09,,102,135,,70,127,,61,,130,6,710261,,,560861,,,1969,1.0
69IN04331,1968619417,68,1,A9417,6,72,983,,,,,,,3,2,06,3,2,098,113,09,,113,150,2,72,108,,61,2495,149,6,802061,,400,458861,,,1969,1.0
69IN04332,1968619418,68,2,A9418,6,78,31,,,,,,,3,2,06,7,1,782,107,09,,107,138,,82,132,,61,,160,7,833161,,,734761,,,1969,1.0
69IN04333,1968619420,68,2,A9420,6,74,32,,,,,,,1,2,06,7,1,742,103,10,,103,128,,82,109,,61,,111,4,652361,,,806261,,,1969,1.0
69IN04334,1968619421,68,2,A9421,6,73,34,,,,,,,1,2,06,7,1,732,102,08,,102,131,,82,128,,61,,118,5,783061,,,792461,,,1969,1.0
69IN04335,1968619423,68,1,A9423,6,72,933,,,,,,,,2,06,3,1,,103,09,,103,135,3,,114,,61,0930,143,7,818261,,387,571461,,,1969,1.0
69IN04336,1968619424,68,2,A9424,6,72,883,,,,,,,3,2,06,3,1,97,100,07,,100,115,,72,101,,61,,119,2,778961,,,527461,,,1969,1.0
69IN04337,1968619425,68,1,A9425,6,72,883,,,,,,,,2,06,3,1,128,110,07,,110,140,2,,110,,61,0927,126,5,778961,,390,527461,,,1969,1.0
69IN04338,1968619426,68,2,A9426,6,76,34,,,,,,,1,2,06,7,1,762,103,08,,103,133,,82,111,,61,,125,5,783061,,,817761,,,1969,1.0
69IN04339,1968619427,68,2,A9427,6,75,094,,,,,,,2,2,06,7,1,750,107,05,,107,128,,04,115,,61,,145,5,692961,,,761561,,,1969,1.0
69IN04340,1968619428,68,2,A9428,6,74,094,,,,,,,2,2,06,7,1,740,106,09,,106,133,,04,113,,61,,131,4,692961,,,761561,,,1969,1.0
69IN04341,1968619429,68,1,A9429,6,78,35,,,,,,,2,2,06,7,1,127,110,09,,110,144,2,82,097,,61,0927,113,4,791861,,399,754361,,,1969,1.0
69IN04342,1968619430,68,2,A9430,6,73,35,,,,,,,2,2,06,7,1,732,093,09,,93,117,,82,105,,61,,097,5,791861,,,754361,,,1969,1.0
69IN04343,1968619431,68,2,A9431,6,74,34,,,,,,,1,2,06,7,1,742,110,09,,110,130,,82,101,,61,,143,5,783061,,,731461,,,1969,1.0
69IN04344,1968619434,68,1,A9434,6,72,953,,,,,,,3,2,06,3,2,,116,10,,116,148,,72,091,,61,,117,4,789461,,404,576261,,,1969,1.0
69IN04345,1968619435,68,1,A9435,6,73,32,,,,,,,1,2,06,7,1,,110,09,,110,133,3,82,088,,61,0930,143,4,652361,,398,720261,,,1969,1.0
69IN04346,1968619436,68,1,A9436,6,72,973,,,,,,,2,2,06,3,1,,117,09,,117,145,,72,103,,61,,173,6,775661,,419,684861,,,1969,1.0
69IN04347,1968619437,68,2,A9437,6,72,973,,,,,,,2,2,06,3,1,98,092,09,,92,120,,72,117,,61,,136,5,775661,,,684861,,,1969,1.0
69IN04348,1968619438,68,1,A9438,6,82,105,,,,,,,2,2,06,7,1,123,123,09,,123,160,2,08,096,,61,0927,128,4,757061,,401,742361,,,1969,1.0
69IN04349,1968619439,68,1,A9439,6,82,105,,,,,,,2,2,06,7,2,125,115,08,,115,158,2,08,119,,61,0927,133,5,757061,,401,742361,,,1969,1.0
69IN04350,1968619443,68,1,A9443,6,76,33,,,,,,,2,2,06,7,2,130,103,09,,103,137,2,82,108,,61,0927,144,5,806561,,411,743661,,,1969,1.0
69IN04351,1968619444,68,1,A9444,6,75,33,,,,,,,2,2,06,7,1,,084,10,,84,118,3,82,082,,61,0812,082,2,806561,,409,743661,,,1969,1.0
69IN04352,1968619447,68,2,A9447,6,75,105,,,,,,,3,2,06,7,1,751,110,08,,110,138,,09,118,,61,,140,6,757061,,,607861,,,1969,1.0
69IN04353,1968619449,68,2,A9449,6,70,723,,,,,,,2,2,06,2,1, 04,122,09,,122,155,2,70,121,,61,0927,125,5,710261,,,699061,,,1969,1.0
69IN04354,1968619450,68,1,A9450,6,70,723,,,,,,,2,2,06,2,1,,103,09,,103,140,3,70,116,,61,0812,145,7,710261,,393,699061,,,1969,1.0
69IN04355,1968619451,68,1,A9451,6,72,963,,,,,,,1,2,06,3,6,,130,08,,130,145,3,72,105,,61,0812,148,4,827061,,408,734661,,,1969,1.0
69IN04356,1968619452,68,1,A9452,6,72,853,,,,,,,1,2,06,3,1,,105,12,,105,138,3,72,105,,61,0812,120,4,797461,,393,747761,,,1969,1.0
69IN04357,1968619453,68,2,A9453,6,01,010,,,,,,33,1,2,06,1,,,,,,,,6,01,,,61,0501,,,751361,,,586561,,,1969,1.0
69IN04358,1968619454,68,1,A9454,6,75,34,,,,,,,2,2,06,7,2,,110,11,,110,133,3,82,127,,61,0812,134,6,783061,,412,772961,, 3,1969,1.0
69IN04359,1968619455,68,1,A9455,6,74,34,,,,,,,2,2,06,7,1,,094,11,,94,128,3,82,100,,61,0812,104,4,783061,,394,772961,,,1969,1.0
69IN04360,1968619456,68,2,A9456,6,75,055,,,,,,,1,2,06,7,1,751,098,09,,98,124,,08,123,,61,,102,5,741261,,,252061,,,1969,1.0
69IN04361,1968619457,68,2,A9457,6,70,713,,,,,,,1,2,06,2,1, 04,114,09,,114,158,2,70,133,,61,0927,148,6,638461,,,795161,,,1969,1.0
69IN04362,1968619458,68,1,A9458,6,75,30,,,,,,,3,2,06,7,1,126,115,11,,115,157,2,82,099,,61,0927,130,7,819261,,393,787061,,,1969,1.0
69IN04363,1968619461,68,1,A9461,6,70,713,,,,,,,1,2,06,2,2,128,108,07,,108,148,2,70,103,,61,0927,150,5,638461,,386,671961,,,1969,1.0
69IN04364,1968619462,68,2,A9462,6,75,30,,,,,,,1,2,06,7,1,750,088,10,,88,122,,82,116,,61,,141,6,819261,,,783461,,,1969,1.0
69IN04365,1968619463,68,2,A9463,6,77,35,,,,,,,3,2,06,7,1,770,105,09,,105,129,,82,103,,61,,110,4,791861,,,750961,,,1969,1.0
69IN04366,1968619466,68,2,A9466,6,78,085,,,,,,,3,2,06,7,1,781,075,09,,75,113,,09,108,,61,,088,5,619461,,,419961,,,1969,1.0
69IN04367,1968619467,68,2,A9467,6,77,33,,,,,,,1,2,06,7,1,770,103,07,,103,142,,82,127,,61,,111,4,806561,,,809761,,,1969,1.0
69IN04368,1968619473,68,1,A9473,6,70,723,,,,,,,2,2,06,2,1,124,113,10,,113,145,2,70,106,,61,0927,129,5,710261,,392,737861,,,1969,1.0
69IN04369,1968619474,68,1,A9474,6,72,813,,,,,,,1,2,06,3,1,,118,10,,118,142,,72,107,,61,,146,7,786461,,407,779261,,,1969,1.0
69IN04370,1968619475,68,1,A9475,6,74,30,,,,,,,1,2,06,7,1,,090,13,,90,128,3,82,098,,61,0812,121,4,819261,,387,819461,,,1969,1.0
69IN04371,1968619478,68,1,A9478,6,72,993,,,,,,,1,2,06,3,1,,105,13,,105,142,,72,098,,61,,149,5,794061,,402,778161,,,1969,1.0
69IN04372,1968619479,68,1,A9479,6,76,32,,,,,,,2,2,06,7,1,,100,09,,100,128,,82,098,,61,,122,4,652361,,406,776361,,,1969,1.0
69IN04373,1968619480,68,2,A9480,6,74,32,,,,,,,2,2,06,7,1,740,103,10,,103,137,,82,099,,61,,102,2,652361,,,776361,,,1969,1.0
69IN04374,1968619481,68,2,A9481,6,74,34,,,,,,,2,2,06,7,1,740,083,09,,83,110,,82,123,,61,,118,7,783061,,,739561,,,1969,1.0
69IN04375,1968619482,68,2,A9482,6,78,34,,,,,,,2,2,06,7,1,782,074,10,,74,103,,82,125,,61,,098,6,783061,,,739561,,,1969,1.0
69IN04376,1968619484,68,2,A9484,6,77,34,,,,,,,3,2,06,7,1,771,079,08,,79,113,,82,110,,61,,114,3,783061,,,836161,,,1969,1.0
69IN04377,1968619487,68,2,A9487,6,73,32,,,,,,,2,2,06,7,1,730,098,10,,98,127,,82,110,,61,,126,5,652361,,,743861,,,1969,1.0
69IN04378,1968619488,68,1,A9488,6,76,32,,,,,,,2,2,06,7,2,126,105,09,,105,140,2,82,098,,61,0927,126,6,652361,,401,743861,,,1969,1.0
69IN04379,1968619489,68,2,A9489,6,75,084,,,,,,,3,2,06,7,1,751,091,09,,91,126,,07,096,,61,,125,3,781961,,,386061,,,1969,1.0
69IN04380,1968619490,68,2,A9490,6,70,713,,,,,,,3,2,06,2,1, 04,124,09,,124,158,2,70,126,,61,0927,164,7,638461,,,566961,,,1969,1.0
69IN04381,1968619491,68,2,A9491,6,78,34,,,,,,,3,2,06,7,1,780,097,08,,97,133,,82,093,,61,,089,2,783061,,,775961,,,1969,1.0
69IN04382,1968619494,68,2,A9494,6,72,953,,,,,,,2,2,06,3,1,99,101,08,,101,130,,72,130,,61,,117,5,789461,,,666861,,,1969,1.0
69IN04383,1968619495,68,2,A9495,6,72,953,,,,,,,2,2,06,3,1,80,093,08,,93,120,,72,122,,61,,109,5,789461,,,666861,,,1969,1.0
69IN04384,1968619496,68,2,A9496,6,75,30,,,,,,,1,2,06,7,1,751,090,09,,90,116,,82,116,,61,,102,4,819261,,,795761,,,1969,1.0
69IN04385,1968619498,68,1,A9498,6,74,33,,,,,,,1,2,06,7,4,,077,13,,77,110,3,82,097,,61,0812,131,4,806561,,384,802861,,,1969,1.0
69IN04386,1968619499,68,2,A9499,6,73,14,,,,,,,3,2,06,9,1,732,092,09,,92,120,,07,125,,61,,137,6,829561,,,679561,,,1969,1.0
69IN04387,1968619502,68,2,A9502,6,74,33,,,,,,,2,2,06,7,1,742,105,05,,105,130,,82,110,,61,,099,4,806561,,,717161,,,1969,1.0
69IN04388,1968619503,68,2,A9503,6,77,31,,,,,,,1,2,06,7,1,770,105,08,,105,150,,82,116,,61,,133,6,833161,,,803761,,,1969,1.0
69IN04389,1968619504,68,2,A9504,6,70,723,,,,,,,2,2,06,2,1,702,118,09,,118,152,,70,131,,61,,146,7,710261,,,541261,,,1969,1.0
69IN04390,1968619505,68,2,A9505,6,70,723,,,,,,,2,2,06,2,1, 05,096,09,,96,129,2,70,125,,61,0927,140,5,710261,,,541261,,,1969,1.0
69IN04391,1968619506,68,2,A9506,6,10,100,,,,,,50,1,2,06,1,1,,106,09,,106,,7,10,109,,61,1112,127,3,834861,,,318461,,,1969,1.0
69IN04392,1968619512,68,1,A9512,6,10,100,,,,,,34,3,2,06,1,1,,112,10,,112,142,3,10,105,,61,0812,118,4,834861,,404,485461,,,1969,1.0
69IN04393,1968619514,68,1,A9514,6,72,813,,,,,,,2,2,06,3,1,,062,14,,62,98,,72,096,,61,,088,4,786461,,380,605561,,,1969,1.0
69IN04394,1968619515,68,2,A9515,6,72,813,,,,,,,2,2,06,3,1,82,093,09,,93,121,6,72,109,,61,1024,127,4,786461,,,605561,,,1969,1.0
69IN04395,1968619516,68,2,A9516,6,73,32,,,,,,,1,2,06,7,1,731,116,09,,116,133,,82,110,,61,,154,4,652361,,,725561,,,1969,1.0
69IN04396,1968619517,68,1,A9517,6,76,35,,,,,,,1,2,06,7,1,,108,10,,108,145,,82,090,,61,,130,5,791861,,397,791661,,,1969,1.0
69IN04397,1968619518,68,1,A9518,6,77,30,,,,,,,1,2,06,7,1,,083,10,,83,115,3,82,088,,61,0812,110,4,819261,,392,822761,,,1969,1.0
69IN04398,1968619522,68,2,A9522,6,74,084,,,,,,,2,2,06,7,1,742,088,10,,88,114,,07,107,,61,,135,5,781961,,,629261,,,1969,1.0
69IN04399,1968619523,68,2,A9523,6,73,084,,,,,,,2,2,06,7,1,731,088,09,,88,103,,07,115,,61,,132,5,781961,,,629261,,,1969,1.0
69IN04400,1968619525,68,2,A9525,6,78,085,,,,,,,2,2,06,7,1,782,066,08,,66,96,,07,116,,61,,078,4,619461,,,226861,,,1969,1.0
69IN04401,1968619526,68,2,A9526,6,76,085,,,,,,,2,2,06,7,1,762,086,09,,86,111,,07,144,,61,,112,7,619461,,,226861,,,1969,1.0
69IN04402,1968619529,68,2,A9529,6,75,34,,,,,,,3,2,06,7,1,752,098,09,,98,123,,82,106,,61,,136,5,783061,,,730761,,,1969,1.0
69IN04403,1968619530,68,2,A9530,6,74,30,,,,,,,2,2,06,7,1,740,097,09,,97,127,,82,109,,61,,125,5,819261,,,836661,,,1969,1.0
69IN04404,1968619531,68,2,A9531,6,73,30,,,,,,,2,2,06,7,1,731,077,06,,77,108,,82,097,,61,,105,4,819261,,,836661,,,1969,1.0
69IN04405,1968619532,68,2,A9532,6,70,723,,,,,,,1,2,06,2,1,700,123,08,,123,158,,70,118,,61,,146,6,710261,,,711661,,,1969,1.0
69IN04406,1968619535,68,1,A9535,6,78,32,,,,,,,2,2,06,7,2,,113,12,,113,138,3,82,092,,61,0812,109,4,652361,,406,821261,,,1969,1.0
69IN04407,1968619536,68,2,A9536,6,77,32,,,,,,,2,2,06,7,1,770,101,09,,101,120,,82,098,,61,,113,3,652361,,,821261,,,1969,1.0
69IN04408,1968619537,68,2,A9537,6,74,31,,,,,,,2,2,06,7,1,742,087,08,,87,118,,82,119,,61,,099,4,833161,,,741561,,,1969,1.0
69IN04409,1968619538,68,1,A9538,6,77,31,,,,,,,2,2,06,7,1,129,105,08,,105,133,2,82,116,,61,0927,124,6,833161,,406,741561,,,1969,1.0
69IN04410,1968619539,68,1,A9539,6,72,993,,,,,,,1,2,06,3,1,,084,09,,84,103,,72,105,,61,,125,7,794061,,381,471661,,,1969,1.0
69IN04411,1968619540,68,1,A9540,6,74,32,,,,,,,2,2,06,7,1,,076,12,,76,115,3,82,097,,61,0812,085,4,652361,,393,789861,,,1969,1.0
69IN04412,1968619541,68,2,A9541,6,77,32,,,,,,,2,2,06,7,1,771,098,09,,98,134,,82,099,,61,,122,5,652361,,,789861,,,1969,1.0
69IN04413,1968619544,68,1,A9544,6,72,933,,,,,,,3,2,06,3,2,,100,06,,100,133,,72,103,,61,,124,5,818261,,385,653061,,,1969,1.0
69IN04414,1968619546,68,1,A9546,6,82,085,,,,,,,3,2,06,7,,,,,,,,6,05,,,61,0510,,,619461,,,333761,,,1969,1.0
69IN04415,1968619552,68,2,A9552,6,70,713,,,,,,,1,2,06,2,1, 03,093,07,,93,127,2,70,118,,61,0927,114,4,638461,,,825761,,,1969,1.0
69IN04416,1968619554,68,1,A9554,6,74,30,,,,,,,,2,06,7,4,116,134,06,,134,168,2,,110,,61,0927,150,6,819261,,426,716561,,,1969,1.0
69IN04417,1968619558,68,2,A9558,6,75,075,,,,,,,3,2,06,7,1,752,096,09,,96,108,,04,114,,61,,112,6,736961,,,372561,,,1969,1.0
69IN04418,1968619559,68,2,A9559,6,02,020,7,,,,,34,1,2,06,1,1,023,082,09,,82,104,,02,132,,61,,116,4,778561,,,627261,,,1969,1.0
69IN04419,1968619562,68,2,A9562,6,73,34,,,,,,,1,2,06,7,1,730,101,10,,101,136,,82,088,,61,,111,3,783061,,,807761,,,1969,1.0
69IN04420,1968619563,68,1,A9563,6,74,35,,,,,,,1,2,06,7,1,128,098,09,,98,140,2,82,124,,61,0927,129,6,791861,,396,773061,,,1969,1.0
69IN04421,1968619564,68,2,A9564,6,78,32,,,,,,,3,2,06,7,1,780,103,10,,103,126,,82,119,,61,,120,7,652361,,,752061,,,1969,1.0
69IN04422,1968619566,68,1,A9566,6,73,31,,,,,,,3,2,06,7,1,,098,09,,98,133,3,82,107,,61,0812,104,6,833161,,395,775761,,,1969,1.0
69IN04423,1968619567,68,2,A9567,6,75,31,,,,,,,3,2,06,7,1,750,077,09,,77,103,,82,133,,61,,099,6,833161,,,775761,,,1969,1.0
69IN04424,1968619568,68,2,A9568,6,70,713,,,,,,,2,2,06,2,1,701,088,07,,88,123,,70,143,,61,,138,7,638461,,,727861,,,1969,1.0
69IN04425,1968619569,68,1,A9569,6,70,713,,,,,,,2,2,06,2,1,,066,08,,66,,3,70,104,,61,0602,086,6,638461,,,727861,,,1969,1.0
69IN04426,1968619570,68,1,A9570,6,78,31,,,,,,,1,2,06,7,1,123,128,09,,128,158,2,82,111,,61,0927,170,7,833161,,439,835661,,,1969,1.0
69IN04427,1968619571,68,1,A9571,6,70,713,,,,,,,3,2,06,2,1,,137,09,,137,165,,70,112,,61,,173,6,638461,,433,380861,,,1969,1.0
69IN04428,1968619573,68,1,A9573,6,75,33,,,,,,,1,2,06,7,2,124,107,12,,107,133,2,82,116,,61,0927,130,5,806561,,408,789761,,,1969,1.0
69IN04429,1968619574,68,2,A9574,6,77,055,,,,,,,1,2,06,7,1,772,101,09,,101,124,,04,120,,61,,114,5,741261,,,809561,,,1969,1.0
69IN04430,1968619575,68,2,A9575,6,74,31,,,,,,,2,2,06,7,1,740,081,12,,81,98,,82,094,,61,,102,3,833161,,,718261,,,1969,1.0
69IN04431,1968619576,68,2,A9576,6,73,31,,,,,,,2,2,06,7,1,731,080,09,,80,111,,82,089,,61,,086,2,833161,,,718261,,,1969,1.0
69IN04432,1968619577,68,1,A9577,6,70,723,,,,,,,3,2,06,2,1,,149,09,,149,180,3,70,108,,61,0929,126,5,710261,,416,620161,,,1969,1.0
69IN04433,1968619578,68,1,A9578,6,70,723,,,,,,,3,2,06,2,1,,125,09,,125,165,,70,101,,61,,156,5,710261,,410,620161,,,1969,1.0
69IN04434,1968619579,68,1,A9579,6,78,31,,,,,,,3,2,06,7,6,,108,06,,108,128,3,82,111,,61,0812,121,4,833161,,400,719161,,,1969,1.0
69IN04435,1968619580,68,2,A9580,6,73,094,,,,,,,1,2,06,7,1,730,112,09,,112,143,,06,129,,61,,160,5,692961,,,633061,,,1969,1.0
69IN04436,1968619582,68,2,A9582,6,78,,,,,,,,,2,06,1,1, 91,094,10,,94,128,,,108,,61,,137,4,    61,,,    61,,,1969,1.0
69IN04437,1968619587,68,1,A9587,6,75,32,,,,,,,2,2,06,7,1,,088,10,,88,118,3,82,095,,61,0812,091,5,652361,,391,778861,,,1969,1.0
69IN04438,1968619588,68,2,A9588,6,78,32,,,,,,,2,2,06,7,1,781,084,10,,84,110,,82,109,,61,,099,5,652361,,,778861,,,1969,1.0
69IN04439,1968619590,68,2,A9590,6,10,100,6,,,,,34,2,2,06,1,1,103,084,09,,84,112,,10,111,,61,,100,3,834861,,,498361,,,1969,1.0
69IN04440,1968619591,68,1,A9591,6,77,35,,,,,,,1,2,06,7,1,,130,10,,130,160,3,82,107,,61,0812,142,5,791861,,417,767261,, 3,1969,1.0
69IN04441,1968619593,68,2,A9593,6,73,35,,,,,,,3,2,06,7,1,731,080,10,,80,106,,82,108,,61,,096,5,791861,,,796461,,,1969,1.0
69IN04442,1968619595,68,2,A9595,6,70,723,,,,,,,2,2,06,2,1, 05,091,08,,91,115,2,70,112,,61,0927,105,6,710261,,,442361,,,1969,1.0
69IN04443,1968619597,68,1,A9597,6,78,32,,,,,,,2,2,06,7,1,130,106,10,,106,138,2,82,101,,61,0927,129,5,652361,,405,728961,,,1969,1.0
69IN04444,1968619598,68,2,A9598,6,76,32,,,,,,,2,2,06,7,1,760,072,10,,72,107,,82,117,,61,,084,4,652361,,,728961,,,1969,1.0
69IN04445,1968619599,68,1,A9599,6,70,723,,,,,,,1,2,06,2,1,,120,05,,120,152,3,70,116,,61,0812,151,8,710261,,417,779161,, 3,1969,1.0
69IN04446,1968619601,68,2,A9601,6,78,30,,,,,,,3,2,06,7,1,782,097,08,,97,128,,82,093,,61,,098,2,819261,,,789161,,,1969,1.0
69IN04447,1968619604,68,1,A9604,6,78,34,,,,,,,1,2,06,7,1,,134,07,,134,160,3,82,095,,61,0812,126,4,783061,,418,786761,,,1969,1.0
69IN04448,1968619605,68,2,A9605,6,10,100,7,,,,,32,3,2,06,1,1,103,104,08,,104,123,,10,109,,61,,112,4,834861,,,481261,,,1969,1.0
69IN04449,1968619607,68,1,A9607,6,01,010,,,,,,34,1,2,06,1,1,,098,11,,98,130,,01,104,,61,,108,5,751361,,400,720861,,,1969,1.0
69IN04450,1968619608,68,2,A9608,6,73,32,,,,,,,3,2,06,7,1,732,098,10,,98,125,,82,101,,61,,112,3,652361,,,819961,,,1969,1.0
69IN04451,1968619610,68,2,A9610,6,78,045,,,,,,,1,2,06,7,1,780,081,10,,81,107,,07,108,,61,,111,5,819061,,,241461,,,1969,1.0
69IN04452,1968619611,68,2,A9611,6,74,014,,,,,,,1,2,06,7,1,740,110,07,,110,135,,08,119,,61,,124,6,751361,,,626861,,,1969,1.0
69IN04453,1968619612,68,2,A9612,6,78,34,,,,,,,1,2,06,7,1,781,082,10,,82,108,,82,097,,61,,121,4,783061,,,807061,,,1969,1.0
69IN04454,1968619613,68,1,A9613,6,03,030,,,,,,36,1,2,06,1,2,,105,10,,105,135,,03,111,,61,,143,5,734161,,396,605061,,,1969,1.0
69IN04455,1968619616,68,1,A9616,6,75,34,,,,,,,1,2,06,7,2,095,133,09,,133,155,2,82,107,,61,2492,143,5,783061,,428,799861,,,1969,1.0
69IN04456,1968619617,68,2,A9617,6,72,913,,,,,,,1,2,06,3,1,85,088,09,,88,113,,72,122,,61,,117,7,798761,,,646361,,,1969,1.0
69IN04457,1968619618,68,1,A9618,6,72,803,,,,,,,1,2,06,3,2,,112,11,,112,133,,72,095,,61,,149,6,800361,,408,483161,,,1969,1.0
69IN04458,1968619619,68,1,A9619,6,"""3",35,,,,,,,3,2,06,7,1,128,100,12,,100,130,2,82,112,,61,0927,122,6,791861,,395,822961,,,1969,1.0
69IN04459,1968619621,68,1,A9621,6,01,010,,,,,,34,1,2,06,1,1,,090,08,,90,133,3,01,111,,61,0812,132,7,751361,,383,583561,, 3,1969,1.0
69IN04460,1968619623,68,1,A9623,6,82,094,,,,,,,2,2,06,7,2,,095,08,,95,120,3,07,110,,61,0812,135,5,692961,,406,423261,,,1969,1.0
69IN04461,1968619624,68,2,A9624,6,77,085,,,,,,,2,2,06,7,1,772,090,07,,90,115,,05,109,,61,,090,3,619461,,,642561,,,1969,1.0
69IN04462,1968619627,68,2,A9627,6,75,075,,,,,,,2,2,06,7,1,750,086,13,,86,111,,08,120,,61,,126,3,736961,,,595961,,,1969,1.0
69IN04463,1968619629,68,1,A9629,6,72,883,,,,,,,3,2,06,3,1,130,110,09,,110,140,2,72,122,,61,0927,144,6,778961,,391,633661,,,1969,1.0
69IN04464,1968619632,68,2,A9632,6,73,084,,,,,,,2,2,06,7,1,732,102,10,,102,138,,04,088,,61,,131,4,781961,,,750561,,,1969,1.0
69IN04465,1968619633,68,1,A9633,6,70,723,,,,,,,1,2,06,2,1,,100,09,,100,137,,70,111,,61,,142,5,710261,,383,762561,,,1969,1.0
69IN04466,1968619635,68,2,A9635,6,75,104,,,,,,,3,2,06,7,1,752,110,12,,110,136,,05,093,,61,,130,3,834861,,,442561,,,1969,1.0
69IN04467,1968619640,68,1,A9640,6,70,713,,,,,,,3,2,06,2,1,,077,12,,77,115,3,70,104,,61,0812,120,5,638461,,372,820061,,,1969,1.0
69IN04468,1968619641,68,1,A9641,6,74,32,,,,,,,1,2,06,7,1,,115,13,,115,140,3,82,085,,61,0930,091,3,652361,,415,797061,,,1969,1.0
69IN04469,1968619643,68,2,A9643,6,74,044,,,,,,,1,2,06,7,1,741,090,09,,90,118,,08,121,,61,,122,7,809661,,,781861,,,1969,1.0
69IN04470,1968619645,68,2,A9645,6,72,813,,,,,,,2,2,06,3,1,87,112,07,,112,140,,72,112,,61,,111,4,786461,,,696261,,,1969,1.0
69IN04471,1968619646,68,2,A9646,6,72,813,,,,,,,2,2,06,3,1,89,096,10,,96,126,,72,106,,61,,144,3,786461,,,696261,,,1969,1.0
69IN04472,1968619647,68,1,A9647,6,78,33,,,,,,,1,2,06,7,2,,110,10,,110,147,3,82,100,,61,0812,144,4,806561,,408,729161,,,1969,1.0
69IN04473,1968619648,68,1,A9648,6,01,010,,,,,,29,1,2,06,1,1,,084,11,,84,117,3,01,133,,61,0812,109,5,751361,,394,511461,,,1969,1.0
69IN04474,1968619649,68,2,A9649,6,75,13,,,,,,,3,2,06,9,1,752,103,07,,103,120,,82,100,,61,,142,3,807361,,,702961,,,1969,1.0
69IN04475,1968619650,68,1,A9650,6,73,33,,,,,,,1,2,06,7,2,,105,10,,105,132,3,82,107,,61,0812,127,5,806561,,403,782961,,,1969,1.0
69IN04476,1968619651,68,1,A9651,6,03,030,,,,,,31,1,2,06,1,1,,110,10,,110,140,,03,099,,61,,128,4,734161,,396,679761,,,1969,1.0
69IN04477,1968619652,68,1,A9652,6,70,723,,,,,,,2,2,06,2,1,127,118,10,,118,158,2,70,109,,61,0927,122,6,710261,,396,678361,,,1969,1.0
69IN04478,1968619653,68,2,A9653,6,70,723,,,,,,,2,2,06,2,1, 01,107,09,,107,143,2,70,132,,61,0927,139,7,710261,,,678361,,,1969,1.0
69IN04479,1968619654,68,2,A9654,6,10,100,6,,,,,33,2,2,06,1,1,103,093,11,,93,120,,10,117,,61,,114,5,834861,,,616461,,,1969,1.0
69IN04480,1968619656,68,2,A9656,6,77,31,,,,,,,1,2,06,7,1,771,093,09,,93,124,,82,123,,61,,120,3,833161,,,825661,,,1969,1.0
69IN04481,1968619657,68,1,A9657,6,73,33,,,,,,,1,2,06,7,2,127,110,07,,110,145,2,82,109,,61,0927,129,5,806561,,401,829761,,,1969,1.0
69IN04482,1968619660,68,2,A9660,6,76,35,,,,,,,2,2,06,7,1,761,101,09,,101,118,,82,099,,61,,131,5,791861,,,780861,,,1969,1.0
69IN04483,1968619661,68,2,A9661,6,75,35,,,,,,,2,2,06,7,1,752,088,10,,88,119,,82,104,,61,,122,5,791861,,,780861,,,1969,1.0
69IN04484,1968619662,68,1,A9662,6,70,723,,,,,,,2,2,06,2,1,,107,10,,107,132,,70,114,,61,,143,5,710261,,404,555261,,,1969,1.0
69IN04485,1968619664,68,2,A9664,6,74,105,,,,,,,1,2,06,7,1,741,118,08,,118,158,,05,099,,61,,143,3,757061,,,634361,,,1969,1.0
69IN04486,1968619665,68,1,A9665,6,75,30,,,,,,,1,2,06,7,2,,138,09,,138,173,3,82,106,,61,0812,145,4,819261,,432,802561,,,1969,1.0
69IN04487,1968619666,68,1,A9666,6,02,020,,,,,,30,1,2,06,1,1,,072,09,,72,110,,02,102,,61,,094,5,778561,,392,796261,,,1969,1.0
69IN04488,1968619672,68,2,A9672,6,72,953,,,,,,,2,2,06,3,1,91,078,07,,78,110,,72,104,,61,,097,5,789461,,,445661,,,1969,1.0
69IN04489,1968619673,68,2,A9673,6,72,953,,,,,,,2,2,06,3,1,93,092,08,,92,113,,72,106,,61,,107,6,789461,,,445661,,,1969,1.0
69IN04490,1968619674,68,2,A9674,6,70,713,,,,,,,1,2,06,2,1, 01,115,09,,115,142,2,70,102,,61,0927,133,6,638461,,,768061,,,1969,1.0
69IN04491,1968619677,68,2,A9677,6,72,953,,,,,,,3,2,06,3,1,,113,07,,113,,7,72,112,,61,1112,129,6,789461,,,729461,,,1969,1.0
69IN04492,1968619678,68,1,A9678,6,78,31,,,,,,,1,2,06,7,1,,095,11,,95,133,3,82,108,,61,0812,117,3,833161,,396,824961,,,1969,1.0
69IN04493,1968619679,68,2,A9679,6,74,14,,,,,,,1,2,06,9,1,741,106,09,,106,145,,02,114,,61,,147,6,829561,,,671761,,,1969,1.0
69IN04494,1968619680,68,2,A9680,6,73,104,,,,,,,1,2,06,7,1,731,093,07,,93,118,,07,100,,61,,107,4,834861,,,754461,,,1969,1.0
69IN04495,1968619682,68,2,A9682,6,73,30,,,,,,,3,2,06,7,1,732,102,09,,102,132,,82,107,,61,,107,4,819261,,,771661,,,1969,1.0
69IN04496,1968619689,68,1,A9689,6,74,34,,,,,,,3,2,06,7,1,094,110,09,,110,150,2,82,115,,61,2491,153,7,783061,,413,762661,,,1969,1.0
69IN04497,1968619691,68,1,A9691,6,02,020,,,,,,25,2,2,06,1,1,,072,10,,72,,3,02,087,,61,0602,106,4,778561,,,476261,,,1969,1.0
69IN04498,1968619692,68,1,A9692,6,72,833,,,,,,,1,2,06,3,1,,122,12,,122,158,3,72,108,,61,0812,114,5,780261,,403,821361,,,1969,1.0
69IN04499,1968619693,68,2,A9693,6,74,045,,,,,,,1,2,06,7,1,742,100,09,,100,128,,05,108,,61,,110,5,819061,,,755661,,,1969,1.0
69IN04500,1968619694,68,1,A9694,6,70,713,,,,,,,2,2,06,2,1,129,084,09,,84,127,2,70,130,,61,0927,112,6,638461,,395,754961,,,1969,1.0
69IN04501,1968619696,68,2,A9696,6,78,35,,,,,,,1,2,06,7,1,781,102,08,,102,118,6,82,104,,61,1217,124,4,791861,,,835261,,,1969,1.0
69IN04502,1968619698,68,1,A9698,6,82,044,,,,,,,1,2,06,7,2,,093,09,,93,133,,08,107,,61,,132,5,809661,,394,429361,,,1969,1.0
69IN04503,1968619703,68,2,A9703,6,74,30,,,,,,,1,2,06,7,1,741,094,09,,94,128,,82,091,,61,,122,3,819261,,,736061,,,1969,1.0
69IN04504,1968619707,68,1,A9707,6,70,713,,,,,,,1,2,06,2,1,,103,11,,103,,7,70,112,,61,1101,,,    61,,,    61,,,1969,1.0
69IN04505,1968619708,68,1,A9708,6,82,094,,,,,,,1,2,06,7,2,129,105,08,,105,133,2,07,111,,61,0927,157,6,692961,,410,608261,,,1969,1.0
69IN04506,1968619709,68,1,A9709,6,74,33,,,,,,,3,2,06,7,2,,105,08,,105,,7,82,101,,61,1101,115,4,806561,,403,831661,,,1969,1.0
69IN04507,1968619711,68,1,A9711,6,82,045,,,,,,,1,2,06,7,1,,110,09,,110,138,,06,096,,61,,127,5,819061,,402,738761,,,1969,1.0
69IN04508,1968619712,68,2,A9712,6,74,33,,,,,,,1,2,06,7,1,740,110,11,,110,148,,82,114,,61,,133,5,806561,,,782061,,,1969,1.0
69IN04509,1968619714,68,2,A9714,6,73,30,,,,,,,3,2,06,7,1,730,108,08,,108,145,,82,101,,61,,131,3,819261,,,783861,,,1969,1.0
69IN04510,1968619715,68,2,A9715,6,75,085,,,,,,,2,2,06,7,1,752,066,10,,66,94,,07,121,,61,,078,6,619461,,,758961,,,1969,1.0
69IN04511,1968619717,68,2,A9717,6,70,723,,,,,,,1,2,06,2,1,700,113,08,,113,145,,70,125,,61,,150,5,710261,,,487561,,,1969,1.0
69IN04512,1968619718,68,2,A9718,6,77,31,,,,,,,1,2,06,7,1,772,111,09,,111,136,,82,131,,61,,124,6,833161,,,827461,,,1969,1.0
69IN04513,1968619719,68,1,A9719,6,70,713,,,,,,,1,2,06,2,1,125,122,09,,122,158,2,70,109,,61,0927,155,7,638461,,406,618761,,,1969,1.0
69IN04514,1968619720,68,1,A9720,6,70,723,,,,,,,2,2,06,2,5,,108,10,,108,,3,70,121,,61,0602,151,7,710261,,,567661,,,1969,1.0
69IN04515,1968619721,68,1,A9721,6,70,723,,,,,,,2,2,06,2,1,116,120,09,,120,153,2,70,126,,61,0927,153,8,710261,,419,567661,,,1969,1.0
69IN04516,1968619722,68,2,A9722,6,70,713,,,,,,,2,2,06,2,1,702,098,10,,98,130,,70,132,,61,,137,5,638461,,,587261,,,1969,1.0
69IN04517,1968619723,68,2,A9723,6,70,713,,,,,,,2,2,06,2,1,701,108,09,,108,133,,70,126,,61,,147,5,638461,,,587261,,,1969,1.0
69IN04518,1968619724,68,2,A9724,6,73,045,,,,,,,1,2,06,7,1,730,097,09,,97,128,,09,081,,61,,108,2,819061,,,815161,,,1969,1.0
69IN04519,1968619725,68,1,A9725,6,76,31,,,,,,,1,2,06,7,2,,091,10,,91,118,3,82,115,,61,0812,115,7,833161,,389,716461,,,1969,1.0
69IN04520,1968619726,68,2,A9726,6,72,823,,,,,,,3,2,06,3,1,95,105,09,,105,137,,72,124,,61,,171,6,814861,,,500761,,,1969,1.0
69IN04521,1968619729,68,2,A9729,6,02,020,6,,,,,34,2,2,06,1,1,023,091,10,,91,121,,02,105,,61,,112,5,778561,,,640761,,,1969,1.0
69IN04522,1968619733,68,2,A9733,6,78,105,,,,,,,1,2,06,7,1,780,111,09,,111,140,,05,104,,61,,158,5,757061,,,261961,,,1969,1.0
69IN04523,1968619734,68,1,A9734,6,72,903,,,,,,,1,2,06,3,1,,145,11,,145,180,,72,103,,61,,187,5,788861,,441,758461,,,1969,1.0
69IN04524,1968619736,68,1,A9736,6,01,010,,,,,,42,3,2,06,1,1,,089,08,,89,120,,01,115,,61,,098,7,751361,,399,198861,,,1969,1.0
69IN04525,1968619737,68,1,A9737,6,70,713,,,,,,,3,2,06,2,1,127,105,09,,105,143,2,70,096,,61,0927,136,5,638461,,383,604161,,,1969,1.0
69IN04526,1968619741,68,1,A9741,6,73,32,,,,,,,1,2,06,7,1,,093,10,,93,113,3,82,088,,61,0812,124,4,652361,,391,772261,,,1969,1.0
69IN04527,1968619742,68,1,A9742,6,75,32,,,,,,,1,2,06,7,2,,110,12,,110,140,3,82,083,,61,0812,105,3,652361,,403,824161,,,1969,1.0
69IN04528,1968619744,68,2,A9744,6,76,055,,,,,,,3,2,06,7,1,762,086,09,,86,116,,04,110,,61,,115,5,741261,,,314061,,,1969,1.0
69IN04529,1968619746,68,1,A9746,6,72,843,,,,,,,2,2,06,3,4,,098,10,,98,140,3,72,116,,61,0812,135,5,789561,,396,517261,,,1969,1.0
69IN04530,1968619747,68,1,A9747,6,72,843,,,,,,,2,2,06,3,1,,093,10,,93,133,,72,119,,61,,099,6,789561,,389,517261,,,1969,1.0
69IN04531,1968619749,68,2,A9749,6,02,020,7,,,,,24,3,2,06,1,1,023,076,08,,76,108,,02,116,,61,,079,4,778561,,,437261,,,1969,1.0
69IN04532,1968619750,68,1,A9750,6,02,020,,,,,,27,3,2,06,1,1,,088,09,,88,120,,02,112,,61,,102,5,778561,,402,270861,,,1969,1.0
69IN04533,1968619754,68,2,A9754,6,70,713,,,,,,,1,2,06,2,1,702,092,10,,92,122,,70,110,,61,,138,5,638461,,,801861,,,1969,1.0
69IN04534,1968619755,68,2,A9755,6,73,31,,,,,,,2,2,06,7,1,732,093,10,,93,127,,82,122,,61,,100,7,833161,,,716061,,,1969,1.0
69IN04535,1968619757,68,2,A9757,6,70,723,,,,,,,1,2,06,2,1,700,119,09,,119,147,,70,123,,61,,137,5,710261,,,656761,,,1969,1.0
69IN04536,1968619762,68,2,A9762,6,78,014,,,,,,,1,2,06,7,1,781,078,08,,78,117,,09,091,,61,,102,4,751361,,,501661,,,1969,1.0
69IN04537,1968619764,68,1,A9764,6,72,883,,,,,,,1,2,06,3,1,129,105,08,,105,133,2,72,096,,61,0927,116,5,778961,,395,749961,,,1969,1.0
69IN04538,1968619766,68,1,A9766,6,72,823,,,,,,,3,2,06,3,2,,123,10,,123,152,,72,087,,61,,142,5,814861,,412,780361,,,1969,1.0
69IN04539,1968619767,68,2,A9767,6,76,13,,,,,,,1,2,06,9,1,761,118,09,,118,138,,82,120,,61,,138,5,807361,,,676861,,,1969,1.0
69IN04540,1968619768,68,2,A9768,6,02,02,6,,,,,25,1,2,06,1,1,023,092,09,,92,117,,02,088,,61,,097,2,778561,,,298961,,,1969,1.0
69IN04541,1968619769,68,1,A9769,6,10,100,,,,,,34,2,2,06,1,1,,108,09,,108,143,,10,113,,61,,131,5,834861,,408,740161,,,1969,1.0
69IN04542,1968619772,68,2,A9772,6,78,14,,,,,,,1,2,06,9,1,781,123,08,,123,150,,82,109,,61,,138,5,829561,,,701061,,,1969,1.0
69IN04543,1968619773,68,2,A9773,6,76,074,,,,,,,3,2,06,7,1,761,085,09,,85,120,,06,111,,61,,114,4,697961,,,608161,,,1969,1.0
69IN04544,1968619775,68,2,A9775,6,77,35,,,,,,,1,2,06,7,1,771,118,09,,118,146,,82,124,,61,,146,5,791861,,,831261,,,1969,1.0
69IN04545,1968619776,68,2,A9776,6,77,13,,,,,,,3,2,06,9,1,772,114,08,,114,128,,82,106,,61,,142,3,807361,,,666061,,,1969,1.0
69IN04546,1968619781,68,1,A9781,6,10,100,,,,,,32,2,2,06,1,1,,090,08,,90,128,3,10,099,,61,0812,080,4,834861,,404,306061,,,1969,1.0
69IN04547,1968619782,68,2,A9782,6,10,100,7,,,,,32,2,2,06,1,1,103,107,08,,107,132,,10,091,,61,,092,4,834861,,,306061,,,1969,1.0
69IN04548,1968619785,68,1,A9785,6,70,713,,,,,,,2,2,06,2,1,,124,09,,124,138,3,70,113,,61,0812,145,6,638461,,418,710061,, 2,1969,1.0
69IN04549,1968619788,68,2,A9788,6,70,723,,,,,,,1,2,06,2,1,700,106,09,,106,130,,70,137,,61,,128,6,710261,,,805361,,,1969,1.0
69IN04550,1968619789,68,2,A9789,6,02,020,7,,,,,28,2,2,06,1,1,023,078,11,,78,105,,02,102,,61,,092,3,778561,,,619561,,,1969,1.0
69IN04551,1968619790,68,2,A9790,6,02,020,6,,,,,28,2,2,06,1,1,023,072,11,,72,103,,02,108,,61,,086,3,778561,,,619561,,,1969,1.0
69IN04552,1968619792,68,2,A9792,6,01,010,7,,,,,29,2,2,06,1,1,013,102,10,,102,122,,01,119,,61,,126,6,751361,,,322361,,,1969,1.0
69IN04553,1968619794,68,2,A9794,6,77,044,,,,,,,1,2,06,7,1,771,116,08,,116,138,,07,120,,61,,128,5,809661,,,724761,,,1969,1.0
69IN04554,1968619796,68,2,A9796,6,70,713,,,,,,,2,2,06,2,1,701,087,09,,87,112,,70,117,,61,,126,5,638461,,,692161,,,1969,1.0
69IN04555,1968619797,68,1,A9797,6,70,713,,,,,,,2,2,06,2,1,126,113,09,,113,144,2,70,104,,61,0927,135,5,638461,,403,692161,,,1969,1.0
69IN04556,1968619798,68,2,A9798,6,70,723,,,,,,,2,2,06,2,1,702,097,09,,97,130,,70,093,,61,,130,3,710261,,,688361,,,1969,1.0
69IN04557,1968619799,68,2,A9799,6,70,723,,,,,,,2,2,06,2,1,700,104,09,,104,128,,70,117,,61,,129,4,710261,,,688361,,,1969,1.0
69IN04558,1968619800,68,1,A9800,6,10,100,,,,,,36,3,2,06,1,2,,115,09,,115,139,3,10,111,,61,0812,120,5,834861,,403,625761,,,1969,1.0
69IN04559,1968619801,68,2,A9801,6,10,100,6,,,,,36,3,2,06,1,1,103,118,11,,118,142,,10,099,,61,,119,3,834861,,,625761,,,1969,1.0
69IN04560,1968619803,68,2,A9803,6,70,713,,,,,,,3,2,06,2,1,701,098,09,,98,140,,70,150,,61,,172,7,638461,,,593061,,,1969,1.0
69IN04561,1968619805,68,2,A9805,6,76,105,,,,,,,3,2,06,7,1,762,098,08,,98,135,,08,095,,61,,149,6,757061,,,400261,,,1969,1.0
69IN04562,1968619806,68,2,A9806,6,73,044,,,,,,,1,2,06,7,1,731,113,09,,113,143,,05,100,,61,,152,4,809661,,,624961,,,1969,1.0
69IN04563,1968619807,68,2,A9807,6,75,014,,,,,,,3,2,06,7,1,752,092,06,,92,116,,07,128,,61,,110,7,751361,,,608961,,,1969,1.0
69IN04564,1968619809,68,2,A9809,6,70,723,,,,,,,2,2,06,2,1,702,098,09,,98,132,,70,110,,61,,127,4,710261,,,761461,,,1969,1.0
69IN04565,1968619810,68,2,A9810,6,70,723,,,,,,,2,2,06,2,1,700,111,07,,111,145,,70,136,,61,,126,7,710261,,,761461,,,1969,1.0
69IN04566,1968619811,68,2,A9811,6,73,055,,,,,,,2,2,06,7,1,732,090,10,,90,117,,09,088,,61,,108,4,741261,,,732361,,,1969,1.0
69IN04567,1968619812,68,2,A9812,6,78,055,,,,,,,2,2,06,7,1,782,078,11,,78,98,,09,092,,61,,089,3,741261,,,732361,,,1969,1.0
69IN04568,1968619813,68,2,A9813,6,70,713,,,,,,,3,2,06,2,1,701,120,09,,120,159,,70,130,,61,,166,6,638461,,,774761,,,1969,1.0
69IN04569,1968619815,68,2,A9815,6,77,014,,,,,,,2,2,06,7,1,770,098,09,,98,136,,09,115,,61,,134,4,751361,,,369061,,,1969,1.0
69IN04570,1968619816,68,2,A9816,6,75,014,,,,,,,2,2,06,7,1,750,102,12,,102,123,,09,097,,61,,120,4,751361,,,369061,,,1969,1.0
69IN04571,1968619817,68,1,A9817,6,70,733,,,,,,,3,2,06,2,1,,118,09,,118,152,,70,113,,61,,147,6,750661,,404,733761,,,1969,1.0
69IN04572,1968619818,68,1,A9818,6,70,733,,,,,,,3,2,06,2,1,097,123,09,,123,160,2,70,106,,61,7226,154,5,750661,,408,733761,,,1969,1.0
69IN04573,1968619819,68,1,A9819,6,03,030,,,,,,42,3,2,06,1,2,,103,11,,103,137,,03,101,,61,,133,4,734161,,391,712361,,,1969,1.0
69IN04574,1968619820,68,2,A9820,6,03,030,7,,,,,42,3,2,06,1,1,033,092,09,,92,115,,03,097,,61,,125,3,734161,,,712361,,,1969,1.0
69IN04575,1968619825,68,1,A9825,6,70,713,,,,,,,1,2,06,2,1,,100,10,,100,138,3,70,117,,61,1117,160,7,638461,,401,736361,,,1969,1.0
69IN04576,1968619827,68,2,A9827,6,70,733,,,,,,,2,2,06,2,1, 05,097,07,,97,120,2,70,132,,61,0927,115,7,883361,,,744261,,,1969,1.0
69IN04577,1968619828,68,1,A9828,6,01,010,,,,,,25,3,2,06,1,1,,100,09,,100,140,,01,126,,61,,134,8,751361,,401,192561,,,1969,1.0
69IN04578,1968619832,68,2,A9832,6,02,020,7,,,,,28,3,2,06,1,1,023,083,09,,83,110,,02,125,,61,,092,5,778561,,,805761,,,1969,1.0
69IN04579,1968619835,68,2,A9835,6,77,094,,,,,,,3,2,06,7,1,771,078,10,,78,108,,08,108,,61,,089,4,692961,,,763161,,,1969,1.0
69IN04580,1968619836,68,2,A9836,6,72,813,,,,,,,1,2,06,3,1,83,105,09,,105,128,,72,107,,61,,112,5,786461,,,820761,,,1969,1.0
69IN04581,1968619837,68,2,A9837,6,03,030,6,,,,,45,1,2,06,1,1,033,082,09,,82,113,,03,108,,61,,110,4,734161,,,434561,,,1969,1.0
69IN04582,1968619838,68,2,A9838,6,72,853,,,,,,,3,2,06,3,1,850,087,08,,87,96,,72,106,,61,,108,4,797461,,,615261,,,1969,1.0
69IN04583,1968619840,68,1,A9840,6,72,883,,,,,,,1,2,06,3,2,,085,09,,85,130,,72,101,,61,,126,5,778961,,379,708561,,,1969,1.0
69IN04584,1968619841,68,1,A9841,6,70,733,,,,,,,1,2,06,2,,,,,,,,6,70,,,61,0123,,,883361,,,709961,,,1969,1.0
69IN04585,1968619845,68,2,A9845,6,70,723,,,,,,,1,2,06,2,1,,094,08,,94,,7,70,110,,61,1112,124,6,710261,,,825361,,,1969,1.0
69IN04586,1968619848,68,1,A9848,6,75,31,,,,,,,1,2,06,7,1,,093,08,,93,123,3,82,121,,61,0812,111,6,833161,,390,715061,,,1969,1.0
69IN04587,1968619849,68,1,A9849,6,74,31,,,,,,,3,2,06,7,1,,092,13,,92,132,3,82,115,,61,0812,135,5,833161,,397,746461,,,1969,1.0
69IN04588,1968619852,68,2,A9852,6,72,833,,,,,,,3,2,06,3,1,90,124,10,,124,144,,72,104,,61,,121,3,780261,,,784161,,,1969,1.0
69IN04589,1968619854,68,2,A9854,6,70,733,,,,,,,2,2,06,2,1,700,083,09,,83,123,,70,102,,61,,121,5,750661,,,514361,,,1969,1.0
69IN04590,1968619855,68,2,A9855,6,70,733,,,,,,,2,2,06,2,1,701,092,09,,92,116,,70,111,,61,,108,4,750661,,,514361,,,1969,1.0
69IN04591,1968619856,68,1,A9856,6,72,853,,,,,,,1,2,06,3,1,,076,08,,76,102,,72,107,,61,,086,4,797461,,382,788061,,,1969,1.0
69IN04592,1968619858,68,2,A9858,6,02,020,6,,,,,24,2,2,06,1,1,023,078,08,,78,112,,02,114,,61,,079,5,778561,,,467061,,,1969,1.0
69IN04593,1968619860,68,2,A9860,6,70,723,,,,,,,3,2,06,2,1, 02,104,09,,104,126,2,70,118,,61,0927,111,6,710261,,,463261,,,1969,1.0
69IN04594,1968619862,68,2,A9862,6,78,074,,,,,,,2,2,06,7,1,780,086,09,,86,100,,05,120,,61,,128,7,697961,,,634861,,,1969,1.0
69IN04595,1968619863,68,1,A9863,6,70,733,,,,,,,2,2,06,2,1,128,095,09,,95,135,2,70,105,,61,0927,131,6,883361,,392,727361,,,1969,1.0
69IN04596,1968619865,68,2,A9865,6,70,733,,,,,,,2,2,06,2,1, 04,102,10,,102,140,2,70,125,,61,0927,120,5,883361,,,430561,,,1969,1.0
69IN04597,1968619866,68,1,A9866,6,70,733,,,,,,,2,2,06,2,1,,098,09,,98,133,3,70,114,,61,0812,106,6,883361,,393,430561,,,1969,1.0
69IN04598,1968619867,68,2,A9867,6,76,084,,,,,,,1,2,06,7,1,760,092,09,,92,120,,05,122,,61,,124,5,781961,,,818661,,,1969,1.0
69IN04599,1968619868,68,2,A9868,6,78,014,,,,,,,2,2,06,7,1,782,093,08,,93,135,,04,119,,61,,138,7,751361,,,163761,,,1969,1.0
69IN04600,1968619869,68,2,A9869,6,76,014,,,,,,,2,2,06,7,1,760,104,09,,104,128,,04,111,,61,,151,5,751361,,,163761,,,1969,1.0
69IN04601,1968619872,68,2,A9872,6,70,723,,,,,,,1,2,06,2,1,702,098,09,,98,137,,70,121,,61,,112,5,710261,,,742461,,,1969,1.0
69IN04602,1968619874,68,2,A9874,6,70,713,,,,,,,2,2,06,2,1,701,066,10,,66,92,,70,137,,61,,097,6,638461,,,485161,,,1969,1.0
69IN04603,1968619875,68,2,A9875,6,72,923,,,,,,,3,2,06,3,1,94,111,11,,111,138,,72,089,,61,,117,2,807961,,,717661,,,1969,1.0
69IN04604,1968619877,68,2,A9877,6,77,075,,,,,,,1,2,06,7,1,771,092,09,,92,118,,05,101,,61,,115,4,736961,,,449961,,,1969,1.0
69IN04605,1968619879,68,2,A9879,6,70,713,,,,,,,2,2,06,2,1,702,100,09,,100,132,,70,122,,61,,156,6,638461,,,722861,,,1969,1.0
69IN04606,1968619880,68,2,A9880,6,78,044,,,,,,,1,2,06,7,1,781,108,09,,108,142,,09,120,,61,,145,5,809661,,,627161,,,1969,1.0
69IN04607,1968619882,68,1,A9882,6,82,094,,,,,,,1,2,06,7,6,,088,08,,88,,3,08,099,,61,0602,132,5,692961,,,613361,,,1969,1.0
69IN04608,1968619886,68,2,A9886,6,70,713,,,,,,,2,2,06,2,1, 05,096,09,,96,127,2,70,128,,61,0927,134,6,638461,,,539861,,,1969,1.0
69IN04609,1968619893,68,1,A9893,6,03,030,,,,,,43,1,2,06,1,1,,078,10,,78,115,3,03,125,,61,0812,113,6,734161,,382,588361,,,1969,1.0
69IN04610,1968619895,68,2,A9895,6,10,100,7,,,,,34,3,2,06,1,1,103,107,11,,107,132,,10,092,,61,,096,2,834861,,,390561,,,1969,1.0
69IN04611,1968619899,68,2,A9899,6,70,723,,,,,,,3,2,06,2,1,700,082,09,,82,123,,70,093,,61,,107,3,710261,,,727261,,,1969,1.0
69IN04612,1968619900,68,2,A9900,6,70,723,,,,,,,3,2,06,2,1, 02,088,08,,88,130,2,70,107,,61,0927,098,3,710261,,,727261,,,1969,1.0
69IN04613,1968619903,68,2,A9903,6,70,713,,,,,,,2,2,06,2,1, 05,078,11,,78,112,2,70,121,,61,0927,109,5,638461,,,685161,,,1969,1.0
69IN04614,1968619904,68,2,A9904,6,03,030,7,,,,,36,3,2,06,1,1,033,113,09,,113,138,,03,100,,61,,161,3,734161,,,588761,,,1969,1.0
69IN04615,1968619909,68,2,A9909,6,77,105,,,,,,,2,2,06,7,1,770,103,05,,103,137,,04,117,,61,,108,5,757061,,,470161,,,1969,1.0
69IN04616,1968619910,68,1,A9910,6,70,713,,,,,,,1,2,06,2,1,124,100,09,,100,145,2,70,128,,61,0927,140,7,638461,,412,830161,,,1969,1.0
69IN04617,1968619912,68,2,A9912,6,72,853,,,,,,,1,2,06,3,1,92,082,08,,82,110,,72,124,,61,,141,7,797461,,,828061,,,1969,1.0
69IN04618,1968619917,68,2,A9917,6,77,055,,,,,,,3,2,06,7,1,770,094,09,,94,130,,09,114,,61,,100,5,741261,,,465361,,,1969,1.0
69IN04619,1968619918,68,2,A9918,6,76,055,,,,,,,3,2,06,7,1,760,103,11,,103,135,,09,112,,61,,123,4,741261,,,465361,,,1969,1.0
69IN04620,1968619920,68,1,A9920,6,70,723,,,,,,,3,2,06,2,1,,098,10,,98,125,3,70,114,,61,0812,123,5,710261,,386,609461,,,1969,1.0
69IN04621,1968619922,68,2,A9922,6,73,014,,,,,,,1,2,06,7,1,732,088,09,,88,113,,08,119,,61,,105,6,751361,,,381361,,,1969,1.0
69IN04622,1968619923,68,2,A9923,6,70,733,,,,,,,1,2,06,2,1,,115,10,,115,,7,70,116,,61,1112,130,5,792661,,,815361,,,1969,1.0
69IN04623,1968619927,68,2,A9927,6,77,085,,,,,,,2,2,06,7,1,770,103,08,,103,134,,09,129,,61,,126,5,619461,,,624161,,,1969,1.0
69IN04624,1968619929,68,2,A9929,6,70,713,,,,,,,1,2,06,2,1,701,107,08,,107,133,,70,105,,61,,161,6,638461,,,615461,,,1969,1.0
69IN04625,1968619931,68,2,A9931,6,02,020,7,,,,,26,2,2,06,1,1,023,093,09,,93,110,,02,095,,61,,133,3,778561,,,383761,,,1969,1.0
69IN04626,1968619932,68,1,A9932,6,72,983,,,,,,,1,2,06,3,5,,093,08,,93,133,,72,088,,61,,124,4,802061,,384,736561,,,1969,1.0
69IN04627,1968619933,68,1,A9933,6,72,953,,,,,,,1,2,06,3,2,,083,07,,83,132,,72,087,,61,,097,4,789461,,392,773261,,,1969,1.0
69IN04628,1968619935,68,2,A9935,6,70,723,,,,,,,3,2,06,2,1, 04,113,10,,113,142,2,70,139,,61,0927,144,7,710261,,,612561,,,1969,1.0
69IN04629,1968619939,68,2,A9939,6,76,094,,,,,,,3,2,06,7,1,761,088,09,,88,132,,08,115,,61,,106,4,692961,,,425061,,,1969,1.0
69IN04630,1968619940,68,1,A9940,6,70,723,,,,,,,1,2,06,2,1,,130,09,,130,164,,70,105,,61,,123,6,710261,,415,801661,,,1969,1.0
69IN04631,1968619941,68,1,A9941,6,72,923,,,,,,,3,2,06,3,6,,088,10,,88,115,3,72,084,,61,0812,128,4,807961,,381,551361,,,1969,1.0
69IN04632,1968619944,68,2,A9944,6,76,044,,,,,,,3,2,06,7,1,761,101,09,,101,132,,07,124,,61,,117,5,809661,,,440261,,,1969,1.0
69IN04633,1968619946,68,1,A9946,6,70,713,,,,,,,3,2,06,2,1,,120,11,,120,148,,70,126,,61,,144,6,638461,,412,723561,,,1969,1.0
69IN04634,1968619949,68,1,A9949,6,72,993,,,,,,,3,2,06,3,5,,083,09,,83,,3,72,100,,61,0602,110,5,794061,,,737561,,,1969,1.0
69IN04635,1968619950,68,1,A9950,6,72,903,,,,,,,1,2,06,3,1,,142,11,,142,175,,72,085,,61,,131,5,788861,,416,644961,,,1969,1.0
69IN04636,1968619951,68,2,A9951,6,70,733,,,,,,,3,2,06,2,1, 02,089,09,,89,135,2,70,109,,61,0927,141,4,750661,,,770561,,,1969,1.0
69IN04637,1968619955,68,2,A9955,6,72,873,,,,,,,2,2,06,3,1,81,103,10,,103,125,,72,120,,61,,120,5,815761,,,706761,,,1969,1.0
69IN04638,1968619956,68,1,A9956,6,72,873,,,,,,,2,2,06,3,1,,118,11,,118,140,,72,105,,61,,124,7,815761,,402,706761,,,1969,1.0
69IN04639,1968619958,68,1,A9958,6,72,913,,,,,,,1,2,06,3,1,126,117,09,,117,150,2,72,108,,61,0927,163,7,798761,,405,717461,,,1969,1.0
69IN04640,1968619959,68,2,A9959,6,70,733,,,,,,,3,2,06,2,1, 02,108,09,,108,136,2,70,112,,61,0927,156,5,750661,,,534061,,,1969,1.0
69IN04641,1968619961,68,2,A9961,6,70,733,,,,,,,3,2,06,2,1,700,103,10,,103,140,,70,110,,61,,139,4,750661,,,678261,,,1969,1.0
69IN04642,1968619964,68,2,A9964,6,72,983,,,,,,,3,2,06,3,1,84,094,09,,94,133,,72,115,,61,,137,5,802061,,,685861,,,1969,1.0
69IN04643,1968619966,68,2,A9966,6,72,923,,,,,,,1,2,06,3,1,86,097,11,,97,136,,72,108,,61,,121,5,807961,,,815661,,,1969,1.0
69IN04644,1968619967,68,2,A9967,6,72,893,,,,,,,1,2,06,3,1,88,083,09,,83,105,,72,118,,61,,141,5,828161,,,634161,,,1969,1.0
69IN04645,1968619968,68,2,A9968,6,72,903,,,,,,,1,2,06,3,1,96,093,09,,93,122,,72,102,,61,,105,2,788861,,,808661,,,1969,1.0
69IN04646,1968619970,68,2,A9970,6,70,733,,,,,,,3,2,06,2,1,700,082,10,,82,120,,70,101,,61,,138,6,792661,,,453561,,,1969,1.0
69IN04647,1968619972,68,2,A9972,6,70,713,,,,,,,3,2,06,2,1,701,108,09,,108,132,,70,121,,61,,141,7,638461,,,709561,,,1969,1.0
69IN04648,1968619973,68,2,A9973,6,72,923,,,,,,,1,2,06,3,1,820,123,09,,123,,,72,116,,61,,142,5,807961,,,764561,,,1969,1.0
69IN04649,1968619974,68,1,A9974,6,70,723,,,,,,,1,2,06,2,2,125,130,10,,130,155,2,70,122,,61,0927,156,8,710261,,440,796161,,,1969,1.0
69IN04650,1968619976,68,1,A9976,6,70,713,,,,,,,2,2,06,2,1,,088,10,,88,128,3,70,132,,61,0812,114,7,638461,,389,677761,,,1969,1.0
69IN04651,1968619980,68,1,A9980,6,72,833,,,,,,,2,2,06,3,1,,125,11,,125,157,,72,083,,61,,154,4,780261,,421,742261,,,1969,1.0
69IN04652,1968619982,68,1,A9982,6,72,913,,,,,,,2,2,06,3,2,,065,08,,65,88,3,72,113,,61,0812,078,5,798761,,382,814461,, 3,1969,1.0
69IN04653,1968619983,68,1,A9983,6,72,913,,,,,,,2,2,06,3,2,,062,09,,62,88,,72,108,,61,,061,4,798761,,382,814461,,,1969,1.0
69IN04654,1968619984,68,2,A9984,6,70,713,,,,,,,2,2,06,2,1, 04,108,07,,108,148,2,70,121,,61,0927,134,5,638461,,,558061,,,1969,1.0
69IN04655,1968619985,68,2,A9985,6,70,713,,,,,,,2,2,06,2,1,702,088,09,,88,110,,70,105,,61,,113,3,638461,,,558061,,,1969,1.0
69IN04656,1968619986,68,1,A9986,6,70,733,,,,,,,2,2,06,2,,,,,,,,6,70,,,61,0330,,,750661,,,749761,,,1969,1.0
69IN04657,1968619987,68,2,A9987,6,70,733,,,,,,,2,2,06,2,1, 05,098,11,,98,118,2,70,100,,61,0927,130,4,750661,,,749761,,,1969,1.0
69IN04658,1968619992,68,1,A9992,6,70,733,,,,,,,3,2,06,2,1,,097,10,,97,133,3,70,101,,61,0812,131,4,750661,,388,641161,,,1969,1.0
69IN04659,1968619993,68,1,A9993,6,70,733,,,,,,,1,2,06,2,1,,085,09,,85,128,,70,098,,61,,093,7,750661,,395,801461,,,1969,1.0
69IN04660,1968619994,68,1,A9994,6,72,823,,,,,,,2,2,06,3,1,,083,10,,83,116,3,72,102,,61,0812,103,5,814861,,385,698761,,,1969,1.0
69IN04661,1968619999,68,1,A9999,6,72,803,,,,,,,1,2,06,3,1,,098,12,,98,133,3,72,088,,61,0812,120,4,800361,,392,737661,,,1969,1.0
69IN04662,1967880807,67,1,00807,D,,,,,,,,,,3,88,,,,,,,117,120,,,,,88,,,,0807,,,,,,1969,2.0
69IN04663,1968880042,68,1,00042,D,,,,,,,,,,2,88,,,,,,,138,145,,,,,88,,,,0068,,,,,,1969,1.0
69IN04664,1964840480,64,2,N0480,8,,144,,,,,,,,6,03,3,,23,095,,,123,140,,,118,051,84,,103,6,719841,,,968280,,,1969,5.0
69IN04665,1964840482,64,2,N0482,8,,215,,,,,,,,6,03,3,,22,108,,,140,166,,,115,062,84,,136,5,248148,,,974480,,,1969,5.0
69IN04666,1964840483,64,2,N0483,8,,215,,,,,,,,6,03,3,,16,090,,,112,148,,,106,052,84,,118,3,248148,,,974480,,,1969,5.0
69IN04667,1964840487,64,2,N0487,8,,754,,,,,,,,6,03,3,,15,098,,,137,152,,,110,046,84,,101,3,737541,,,973780,,,1969,5.0
69IN04668,1964840489,64,2,N0489,8,,035,,,,,,,,6,01,1,,23,091,,,126,147,,,101,059,84,,137,7,740141,,,915680,,,1969,5.0
69IN04669,1964840496,64,2,N0496,8,,054,,,,,,,,6,02,2,,22,100,,,120,152,,,119,061,84,,132,5,772441,,,942880,,,1969,5.0
69IN04670,1964840507,64,2,N0507,8,,134,,,,,,,,6,03,3,,16,096,,,158,166,,,112,060,84,,134,5,763841,,,967380,,,1969,5.0
69IN04671,1964840514,64,2,N0514,8,,214,,,,,,,,6,03,3,,32,086,,,134,156,,,093,052,84,,129,3,247748,,,974380,,,1969,5.0
69IN04672,1964840519,64,2,N0519,8,,144,,,,,,,,6,02,2,,15,094,,,98,142,,,092,051,84,,125,3,719841,,,954980,,,1969,5.0
69IN04673,1964840520,64,2,N0520,8,,144,,,,,,,,6,02,2,,32,092,,,135,154,,,085,044,84,,110,2,719841,,,954980,,,1969,5.0
69IN04674,1964840521,64,2,N0521,8,,184,,,,,,,,6,03,3,,15,,,,175,182,,,118,070,84,,155,7,722041,,,970080,,,1969,5.0
69IN04675,1964840524,64,2,N0524,8,,205,,,,,,,,6,03,3,,23,108,,,178,191,,,104,059,84,,137,5,246148,,,974180,,,1969,5.0
69IN04676,1964840525,64,2,N0525,8,,175,,,,,,,,6,02,2,,22,121,,,136,151,,,083,055,84,,153,2,726041,,,935980,,,1969,5.0
69IN04677,1964840528,64,2,N0528,8,,085,,,,,,,,6,01,1,,16,097,,,145,168,,,108,072,84,,175,5,715341,,,916380,,,1969,5.0
69IN04678,1964840530,64,2,N0530,8,,744,,,,,,,,6,01,1,, 49,111,,,157,177,2,,071,048,84,0927,136,2,703141,,,923580,,,1969,5.0
69IN04679,1964840535,64,2,N0535,8,,145,,,,,,,,6,01,1,,15,092,,,132,156,,,087,049,84,,126,2,641141,,,927480,,,1969,5.0
69IN04680,1964840542,64,2,N0542,8,,214,,,,,,,,6,01,1,,32,081,,,103,142,,,088,047,84,,125,2,247748,,,925980,,,1969,5.0
69IN04681,1964840552,64,2,N0552,8,,215,,,,,,,,6,01,1,,15,086,,,128,150,,,113,055,84,,122,4,248148,,,926180,,,1969,5.0
69IN04682,1964840556,64,2,N0556,8,,105,,,,,,,,6,01,1,,23,085,,,127,144,,,113,047,84,,101,4,690841,,,912480,,,1969,5.0
69IN04683,1964840557,64,2,N0557,8,,105,,,,,,,,6,01,1,,22,096,,,142,155,,,123,053,84,,105,7,690841,,,912480,,,1969,5.0
69IN04684,1964840560,64,2,N0560,8,,214,,,,,,,,6,02,2,,,118,,,164,,7,,097,058,84,1112,146,3,247748,,,956380,,,1969,5.0
69IN04685,1964840564,64,2,N0564,8,,024,,,,,,,,6,03,3,,16,118,,,166,194,,,093,052,84,,127,3,743641,,,974680,,,1969,5.0
69IN04686,1964840565,64,2,N0565,8,,055,,,,,,,,6,01,1,,15,103,,,122,141,,,089,049,84,,130,2,697441,,,900580,,,1969,5.0
69IN04687,1964840568,64,2,N0568,8,,205,,,,,,,,6,02,2,, 49,100,,,166,185,2,,092,047,84,0927,115,2,246148,,,935280,,,1969,5.0
69IN04688,1964840571,64,2,N0571,8,,754,,,,,,,,6,01,1,,23,080,,,155,178,,,089,042,84,,104,2,737541,,,907980,,,1969,5.0
69IN04689,1964840575,64,2,N0575,8,,144,,,,,,,,6,01,1,,,116,,,,,6,,102,059,84,0507,138,4,719841,,,927380,,,1969,5.0
69IN04690,1964840576,64,2,N0576,8,,095,,,,,,,,6,01,1,, 49,083,,,126,168,2,,083,045,84,0927,118,2,638641,,,917380,,,1969,5.0
69IN04691,1964840578,64,2,N0578,8,,024,,,,,,,,6,01,1,,32,117,,,151,187,,,096,050,84,,119,3,743641,,,918880,,,1969,5.0
69IN04692,1964840582,64,2,N0582,8,,154,,,,,,,,6,01,1,,22,093,,,116,142,,,084,048,84,,129,2,771441,,,927180,,,1969,5.0
69IN04693,1964840594,64,2,N0594,8,,055,,,,,,,,6,01,1,,16,105,,,136,154,,,102,047,84,,105,2,697441,,,918180,,,1969,5.0
69IN04694,1964840603,64,2,N0603,8,,804,,,,,,,,6,02,2,,15,109,,,168,186,,,094,051,84,,125,2,688341,,,946980,,,1969,5.0
69IN04695,1964840604,64,2,N0604,8,,025,,,,,,,,6,01,1,,23,118,,,145,173,,,079,052,84,,144,2,712841,,,918980,,,1969,5.0
69IN04696,1964840609,64,2,N0609,8,,165,,,,,,,,6,02,2,,22,079,,,116,144,,,089,047,84,,116,3,759741,,,935580,,,1969,5.0
69IN04697,1964840612,64,2,N0612,8,,215,,,,,,,,6,02,2,,,093,,,,,6,,108,045,84,0311,098,3,248148,,,937880,,,1969,5.0
69IN04698,1964840613,64,2,N0613,8,,804,,,,,,,,6,03,3,,16,080,,,140,171,,,114,050,84,,100,6,688341,,,973680,,,1969,5.0
69IN04699,1964840614,64,2,N0614,8,,804,,,,,,,,6,03,3,,15,094,,,128,170,,,086,046,84,,118,2,688341,,,973680,,,1969,5.0
69IN04700,1964840621,64,2,N0621,8,,135,,,,,,,,6,02,2,,,096,,,124,,7,,115,059,84,1112,133,4,666341,,,946180,,,1969,5.0
69IN04701,1964840622,64,2,N0622,8,,135,,,,,,,,6,02,2,,23,103,,,123,148,,,098,049,84,,112,3,666341,,,946180,,,1969,5.0
69IN04702,1964840623,64,2,N0623,8,,135,,,,,,,,6,02,2,,22,104,,,145,168,,,100,053,84,,125,4,666341,,,946180,,,1969,5.0
69IN04703,1964840630,64,2,N0630,8,,134,,,,,,,,6,02,2,,16,117,,,143,160,,,100,062,84,,159,2,763841,,,934280,,,1969,5.0
69IN04704,1964840634,64,2,N0634,8,,164,,,,,,,,6,01,1,,15,098,,,136,156,,,096,054,84,,132,3,589041,,,903980,,,1969,5.0
69IN04705,1964840639,64,2,N0639,8,,095,,,,,,,,6,02,2,,32,110,,,165,187,,,094,044,84,,107,3,638641,,,951080,,,1969,5.0
69IN04706,1964840649,64,2,N0649,8,,035,,,,,,,,6,02,2,,23,103,,,138,164,,,081,045,84,,122,2,740141,,,942080,,,1969,5.0
69IN04707,1964840650,64,2,N0650,8,,035,,,,,,,,6,02,2,,22,095,,,121,145,,,080,042,84,,107,2,740141,,,942080,,,1969,5.0
69IN04708,1964840651,64,2,N0651,8,,744,,,,,,,,6,01,1,,15,087,,,140,158,,,094,047,84,,113,2,703141,,,911680,,,1969,5.0
69IN04709,1964840652,64,2,N0652,8,,744,,,,,,,,6,01,1,,16,098,,,126,144,,,093,040,84,,089,4,703141,,,911680,,,1969,5.0
69IN04710,1964840654,64,2,N0654,8,,175,,,,,,,,6,02,2,,15,111,,,165,186,,,081,055,84,,159,2,726041,,,933780,,,1969,5.0
69IN04711,1964840656,64,2,N0656,8,,024,,,,,,,,6,01,1,,23,106,,,138,175,,,097,052,84,,126,3,743641,,,918680,,,1969,5.0
69IN04712,1964840662,64,2,N0662,8,,175,,,,,,,,6,01,1,,22,096,,,130,156,,,080,043,84,,113,2,726041,,,914580,,,1969,5.0
69IN04713,1964840670,64,2,N0670,8,,174,,,,,,,,6,03,3,,,113,,,148,,7,,094,057,84,1112,143,3,696741,,,971680,,,1969,5.0
69IN04714,1964840674,64,2,N0674,8,,215,,,,,,,,6,02,2,,15,107,,,135,164,,,102,039,84,,089,3,248148,,,935880,,,1969,5.0
69IN04715,1964840675,64,2,N0675,8,,215,,,,,,,,6,02,2,,23,107,,,128,157,,,107,046,84,,098,2,248148,,,935880,,,1969,5.0
69IN04716,1964840680,64,2,N0680,8,,114,,,,,,,,6,01,1,, 49,092,,,152,170,2,,091,050,84,0927,127,2,659941,,,904180,,,1969,5.0
69IN04717,1964840684,64,2,N0684,8,,174,,,,,,,,6,03,3,,22,110,,,158,171,,,100,054,84,,124,6,696741,,,969580,,,1969,5.0
69IN04718,1964840685,64,2,N0685,8,,094,,,,,,,,6,01,1,,16,097,,,135,170,,,107,059,84,,140,3,605841,,,913580,,,1969,5.0
69IN04719,1964840690,64,2,N0690,8,,055,,,,,,,,6,03,3,,32,091,,,157,177,,,107,047,84,,095,5,697441,,,962980,,,1969,5.0
69IN04720,1964840698,64,2,N0698,8,,014,,,,,,,,6,02,2,,,117,,,170,186,3,,087,067,84,1006,174,4,693741,,,941380,,,1969,5.0
69IN04721,1964840708,64,2,N0708,8,,214,,,,,,,,6,03,3,,32,093,,,118,155,,,105,057,84,,130,5,247748,,,970880,,,1969,5.0
69IN04722,1964840709,64,2,N0709,8,,214,,,,,,,,6,03,3,,15,107,,,138,145,,,107,060,84,,138,6,247748,,,970880,,,1969,5.0
69IN04723,1964840713,64,2,N0713,8,,095,,,,,,,,6,03,3,,23,093,,,113,150,,,102,042,84,,089,2,638641,,,962080,,,1969,5.0
69IN04724,1964840714,64,2,N0714,8,,084,,,,,,,,6,01,1,,22,098,,,155,167,,,084,047,84,,124,2,771041,,,902280,,,1969,5.0
69IN04725,1964840715,64,2,N0715,8,,084,,,,,,,,6,01,1,,,112,,,130,,7,,096,056,84,1112,143,2,771041,,,902280,,,1969,5.0
69IN04726,1964840724,64,2,N0724,8,,125,,,,,,,,6,03,3,,16,092,,,125,145,,,090,042,84,,103,2,702541,,,966780,,,1969,5.0
69IN04727,1964840735,64,2,N0735,8,,114,,,,,,,,6,01,1,,,111,,,120,,7,,087,043,84,1112,102,2,659941,,,902880,,,1969,5.0
69IN04728,1964840738,64,2,N0738,8,,024,,,,,,,,6,02,2,,15,113,,,177,183,,,108,051,84,,114,4,743641,,,941780,,,1969,5.0
69IN04729,1964840756,64,2,N0756,8,,054,,,,,,,,6,02,2,,32,097,,,115,158,,,107,061,84,,143,5,772441,,,930980,,,1969,5.0
69IN04730,1964840759,64,2,N0759,8,,175,,,,,,,,6,01,1,,23,108,,,140,168,,,088,049,84,,122,2,726041,,,926880,,,1969,5.0
69IN04731,1964840770,64,2,N0770,8,,034,,,,,,,,6,03,3,,,113,,,155,162,3,,093,059,84,1006,147,3,656041,,,975280,,,1969,5.0
69IN04732,1964840771,64,2,N0771,8,,904,,,,,,,,6,03,3,,22,089,,,126,148,,,114,054,84,,121,4,707741,,,973480,,,1969,5.0
69IN04733,1964840789,64,2,N0789,8,,145,,,,,,,,6,02,2,,16,117,,,175,186,,,121,069,84,,162,6,641141,,,951380,,,1969,5.0
69IN04734,1964840793,64,2,N0793,8,,165,,,,,,,,6,01,1,,15,112,,,125,157,,,098,054,84,,128,3,759741,,,914880,,,1969,5.0
69IN04735,1964840795,64,2,N0795,8,,015,,,,,,,,6,02,2,,23,080,,,135,146,,,078,035,84,,090,2,699541,,,947880,,,1969,5.0
69IN04736,1964840801,64,2,N0801,8,,134,,,,,,,,6,02,2,,22,096,,,113,137,,,099,050,84,,117,3,763841,,,955080,,,1969,5.0
69IN04737,1964840803,64,2,N0803,8,,025,,,,,,,,6,03,3,,15,105,,,128,163,,,095,046,84,,107,4,712841,,,961480,,,1969,5.0
69IN04738,1964840809,64,2,N0809,8,,024,,,,,,,,6,02,2,,16,100,,,143,164,,,101,050,84,,115,3,743641,,,930280,,,1969,5.0
69IN04739,1964840812,64,2,N0812,8,,164,,,,,,,,6,01,1,,15,088,,,148,178,,,114,058,84,,128,6,589041,,,914680,,,1969,5.0
69IN04740,1964840831,64,2,N0831,8,,035,,,,,,,,6,01,1,,23,106,,,151,175,,,073,045,84,,124,2,740141,,,900780,,,1969,5.0
69IN04741,1964840835,64,2,N0835,8,,135,,,,,,,,6,03,3,,22,113,,,144,163,,,118,068,84,,151,5,666341,,,967780,,,1969,5.0
69IN04742,1964840845,64,2,N0845,8,,744,,,,,,,,6,03,3,,16,101,,,120,148,,,101,041,84,,090,4,703141,,,973580,,,1969,5.0
69IN04743,1964840846,64,2,N0846,8,,124,,,,,,,,6,02,2,,32,089,,,133,165,,,103,057,84,,141,2,756241,,,933980,,,1969,5.0
69IN04744,1964840853,64,2,N0853,8,,045,,,,,,,,6,03,3,, 49,097,,,137,153,2,,091,056,84,0927,139,4,745341,,,975580,,,1969,5.0
69IN04745,1964840860,64,2,N0860,8,,135,,,,,,,,6,01,1,,16,091,,,122,144,,,087,050,84,,124,3,666341,,,927880,,,1969,5.0
69IN04746,1964840862,64,2,N0862,8,,414,,,,,,,,6,01,1,,15,101,,,180,179,,,097,049,84,,113,3,000994,,,907180,,,1969,5.0
69IN04747,1964840863,64,2,N0863,8,,105,,,,,,,,6,02,2,,32,084,,,142,169,,,080,037,84,,093,2,690841,,,948580,,,1969,5.0
69IN04748,1964840871,64,2,N0871,8,,064,,,,,,,,6,01,1,,15,093,,,120,140,,,090,038,84,,086,2,657841,,,901380,,,1969,5.0
69IN04749,1964840874,64,2,N0874,8,,164,,,,,,,,6,03,3,,16,097,,,118,164,,,103,049,84,,117,3,589041,,,969280,,,1969,5.0
69IN04750,1964840887,64,2,N0887,8,,105,,,,,,,,6,03,3,,15,072,,,102,126,,,113,048,84,,100,7,690841,,,965880,,,1969,5.0
69IN04751,1964840889,64,2,N0889,8,,414,,,,,,,,6,03,3,,23,093,,,154,163,,,092,043,84,,099,2,000994,,,973380,,,1969,5.0
69IN04752,1964840894,64,2,N0894,8,,804,,,,,,,,6,02,2,,22,097,,,143,161,,,078,050,84,,139,2,688341,,,940980,,,1969,5.0
69IN04753,1964840898,64,2,N0898,8,,804,,,,,,,,6,02,2,, 49,108,,,168,182,2,,101,050,84,0927,115,2,688341,,,959480,,,1969,5.0
69IN04754,1964840903,64,2,N0903,8,,045,,,,,,,,6,02,2,,16,113,,,147,151,,,089,060,84,,170,2,745341,,,942480,,,1969,5.0
69IN04755,1964840904,64,2,N0904,8,,184,,,,,,,,6,02,2,,32,107,,,130,147,,,113,058,84,,126,5,722041,,,934080,,,1969,5.0
69IN04756,1964840913,64,2,N0913,8,,045,,,,,,,,6,01,1,,15,108,,,173,180,,,112,060,84,,135,5,745341,,,905980,,,1969,5.0
69IN04757,1964840914,64,2,N0914,8,,045,,,,,,,,6,01,1,,23,080,,,130,155,,,096,044,84,,098,5,745341,,,905980,,,1969,5.0
69IN04758,1964840928,64,2,N0928,8,,164,,,,,,,,6,01,1,,16,103,,,143,186,,,098,040,84,,094,4,589041,,,926980,,,1969,5.0
69IN04759,1964840929,64,2,N0929,8,,134,,,,,,,,6,02,2,,15,096,,,135,169,,,100,050,84,,119,2,763841,,,934380,,,1969,5.0
69IN04760,1964840932,64,2,N0932,8,,,,,,,,,,6,02,,,16,,,,117,151,,,,,84,,,,    41,,,    80,,,1969,5.0
69IN04761,1964840933,64,2,N0933,8,,145,,,,,,,,6,02,2,,32,094,,,138,171,,,075,053,84,,143,3,641141,,,934880,,,1969,5.0
69IN04762,1964840934,64,2,N0934,8,,135,,,,,,,,6,01,1,,15,118,,,166,178,,,107,062,84,,146,3,666341,,,903480,,,1969,5.0
69IN04763,1964840937,64,2,N0937,8,,154,,,,,,,,6,02,2,,23,103,,,138,153,,,102,055,84,,129,4,771441,,,935180,,,1969,5.0
69IN04764,1964840940,64,2,N0940,8,,015,,,,,,,,6,02,2,,22,080,,,103,153,,,083,041,84,,106,2,699541,,,941580,,,1969,5.0
69IN04765,1964840948,64,2,N0948,8,,185,,,,,,,,6,03,3,,16,091,,,124,160,,,088,045,84,,111,3,695941,,,970180,,,1969,5.0
69IN04766,1964840951,64,2,N0951,8,,144,,,,,,,,6,01,1,,15,093,,,126,136,,,095,051,84,,121,5,719841,,,915380,,,1969,5.0
69IN04767,1964840957,64,2,N0957,8,,015,,,,,,,,6,01,1,,23,097,,,130,163,,,090,054,84,,136,3,699541,,,900480,,,1969,5.0
69IN04768,1964840958,64,2,N0958,8,,015,,,,,,,,6,01,1,,22,092,,,136,165,,,091,054,84,,136,5,699541,,,900480,,,1969,5.0
69IN04769,1964840972,64,2,N0972,8,,154,,,,,,,,6,02,2,,16,103,,,115,144,,,084,059,84,,155,3,771441,,,954680,,,1969,5.0
69IN04770,1964840982,64,2,N0982,8,,204,,,,,,,,6,02,2,,,105,,,,,6,,093,046,84,0330,116,2,247948,,,956680,,,1969,5.0
69IN04771,1964840987,64,2,N0987,8,,035,,,,,,,,6,03,3,, 49,096,,,132,169,2,,091,054,84,0927,130,4,740141,,,961680,,,1969,5.0
69IN04772,1964840989,64,2,N0989,8,,754,,,,,,,,6,02,2,,15,106,,,163,171,,,101,049,84,,113,2,737541,,,941080,,,1969,5.0
69IN04773,1964840990,64,2,N0990,8,,754,,,,,,,,6,02,2,,23,098,,,146,160,,,106,053,84,,124,3,737541,,,941080,,,1969,5.0
69IN04774,1964840994,64,2,N0994,8,,024,,,,,,,,6,02,2,,22,098,,,138,164,,,100,050,84,,117,4,743641,,,953480,,,1969,5.0
69IN04775,1964840997,64,2,N0997,8,,094,,,,,,,,6,03,3,,16,106,,,145,173,,,114,062,84,,139,5,605841,,,964580,,,1969,5.0
69IN04776,1964841000,64,2,N1000,8,,124,,,,,,,,6,03,3,,15,089,,,125,172,,,099,048,84,,115,2,756241,,,966580,,,1969,5.0
69IN04777,1964841004,64,2,N1004,8,,055,,,,,,,,6,02,2,,,089,,,117,,7,,101,046,84,1112,104,2,697441,,,942980,,,1969,5.0
69IN04778,1964841005,64,2,N1005,8,,055,,,,,,,,6,02,2,,23,095,,,127,143,,,100,049,84,,115,3,697441,,,942980,,,1969,5.0
69IN04779,1964841009,64,2,N1009,8,,154,,,,,,,,6,01,1,,22,103,,,124,153,,,097,057,84,,139,4,771441,,,915180,,,1969,5.0
69IN04780,1964841010,64,2,N1010,8,,164,,,,,,,,6,03,3,,16,093,,,114,152,,,107,044,84,,097,4,589041,,,971480,,,1969,5.0
69IN04781,1964841011,64,2,N1011,8,,164,,,,,,,,6,03,3,,15,098,,,122,156,,,087,048,84,,129,2,589041,,,971480,,,1969,5.0
69IN04782,1964841015,64,2,N1015,8,,184,,,,,,,,6,01,1,,23,104,,,152,175,,,094,048,84,,112,2,722041,,,904580,,,1969,5.0
69IN04783,1964841016,64,2,N1016,8,,404,,,,,,,,6,02,2,,22,098,,,138,159,,,094,049,84,,121,2,001094,,,940480,,,1969,5.0
69IN04784,1964841017,64,2,N1017,8,,404,,,,,,,,6,02,2,,16,103,,,128,159,,,102,051,84,,119,2,001094,,,940480,,,1969,5.0
69IN04785,1964841025,64,2,N1025,8,,114,,,,,,,,6,02,2,,32,107,,,138,169,,,086,046,84,,117,2,659941,,,933380,,,1969,5.0
69IN04786,1964841027,64,2,N1027,8,,075,,,,,,,,6,02,2,,,082,,,102,111,3,,077,032,84,1006,080,2,765341,,,943880,,,1969,5.0
69IN04787,1964841034,64,2,N1034,8,,034,,,,,,,,6,02,2,,15,093,,,127,157,,,102,048,84,,111,2,656041,,,930580,,,1969,5.0
69IN04788,1964841035,64,2,N1035,8,,145,,,,,,,,6,03,3,,23,102,,,138,164,,,097,050,84,,119,3,641141,,,968180,,,1969,5.0
69IN04789,1964841036,64,2,N1036,8,,184,,,,,,,,6,01,1,,22,092,,,128,162,,,105,060,84,,145,6,722041,,,914280,,,1969,5.0
69IN04790,1964841038,64,2,N1038,8,,214,,,,,,,,6,01,1,,16,093,,,102,136,,,101,051,84,,116,5,247748,,,905180,,,1969,5.0
69IN04791,1964841045,64,2,N1045,8,,024,,,,,,,,6,01,1,,15,093,,,200,161,,,095,044,84,,101,2,743641,,,900880,,,1969,5.0
69IN04792,1964841046,64,2,N1046,8,,904,,,,,,,,6,02,2,,15,090,,,116,144,,,100,047,84,,112,2,707741,,,959380,,,1969,5.0
69IN04793,1964841051,64,2,N1051,8,,135,,,,,,,,6,01,1,,15,111,,,140,157,,,098,055,84,,130,3,666341,,,915980,,,1969,5.0
69IN04794,1964841060,64,2,N1060,8,,414,,,,,,,,6,02,2,,23,098,,,122,158,,,093,045,84,,105,3,000994,,,945080,,,1969,5.0
69IN04795,1964841062,64,2,N1062,8,,055,,,,,,,,6,02,2,, 49,078,,,97,128,2,,084,043,84,0927,114,2,697441,,,931280,,,1969,5.0
69IN04796,1964841071,64,2,N1071,8,,125,,,,,,,,6,02,2,,22,103,,,166,173,,,080,040,84,,098,2,702541,,,945680,,,1969,5.0
69IN04797,1964841075,64,2,N1075,8,,085,,,,,,,,6,02,2,,16,093,,,130,154,,,094,046,84,,108,3,715341,,,944180,,,1969,5.0
69IN04798,1964841081,64,2,N1081,8,,904,,,,,,,,6,02,2,, 49,083,,,108,127,2,,090,041,84,0927,101,2,707741,,,940780,,,1969,5.0
69IN04799,1964841082,64,2,N1082,8,,404,,,,,,,,6,01,1,,32,100,,,150,169,,,084,045,84,,116,2,001094,,,906880,,,1969,5.0
69IN04800,1964841087,64,2,N1087,8,,174,,,,,,,,6,02,2,,,112,,,160,,3,,101,058,84,0602,144,3,696741,,,956980,,,1969,5.0
69IN04801,1964841088,64,2,N1088,8,,064,,,,,,,,6,01,1,,15,102,,,135,160,,,088,041,84,,098,2,657841,,,917880,,,1969,5.0
69IN04802,1964841091,64,2,N1091,8,,185,,,,,,,,6,01,1,,23,102,,,123,155,,,094,041,84,,091,2,695941,,,914380,,,1969,5.0
69IN04803,1964841094,64,2,N1094,8,,404,,,,,,,,6,02,2,,22,096,,,122,154,3,,082,047,84,0127,123,2,001094,,,944280,,,1969,5.0
69IN04804,1964841108,64,2,N1108,8,,204,,,,,,,,6,03,3,,16,113,,,173,189,,,090,043,84,,104,2,247948,,,973080,,,1969,5.0
69IN04805,1964841112,64,2,N1112,8,,144,,,,,,,,6,01,1,, 49,102,,,125,150,2,,081,049,84,0927,133,2,719841,,,903580,,,1969,5.0
69IN04806,1964841116,64,2,N1116,8,,085,,,,,,,,6,02,2,,16,091,,,123,146,,,097,043,84,,098,4,715341,,,932780,,,1969,5.0
69IN04807,1964841123,64,2,N1123,8,,054,,,,,,,,6,01,1,,,086,,,110,118,3,,083,038,84,1006,093,3,772441,,,918080,,,1969,5.0
69IN04808,1964841130,64,2,N1130,8,,134,,,,,,,,6,03,3,,23,077,,,120,149,,,092,044,84,,107,3,763841,,,966680,,,1969,5.0
69IN04809,1964862210,64,2,H2210,8,,098,,,,,,,,6,04,4,,18,113,,,165,180,,,101,057,86,,139,6,548661,,,921980,,,1969,5.0
69IN04810,1964862216,64,2,H2216,8,,808,,,,,,,,6,04,4,,18,101,,,125,193,,,090,043,86,,102,2,567761,,,922880,,,1969,5.0
69IN04811,1964862217,64,2,H2217,8,,808,,,,,,,,6,04,4,,18,123,,,210,203,,,109,063,86,,144,5,567761,,,922880,,,1969,5.0
69IN04812,1964862218,64,2,H2218,8,,108,,,,,,,,6,04,4,,18,088,,,140,173,,,110,065,86,,158,5,559161,,,915580,,,1969,5.0
69IN04813,1964862219,64,2,H2219,8,,109,,,,,,,,6,05,5,,18,114,,,170,175,,,098,051,86,,119,3,580761,,,958180,,,1969,5.0
69IN04814,1964862220,64,2,H2220,8,,059,,,,,,,,6,05,5,,18,107,,,163,185,,,095,060,86,,158,2,449861,,,955480,,,1969,5.0
69IN04815,1964862225,64,2,H2225,8,,908,,,,,,,,6,06,6,,18,105,,,152,169,6,,082,048,86,1126,122,3,555661,,,980680,,,1969,5.0
69IN04816,1964862230,64,2,H2230,8,,088,,,,,,,,6,05,5,,18,117,,,106,139,,,131,073,86,,159,7,511361,,,958980,,,1969,5.0
69IN04817,1964862233,64,2,H2233,8,,068,,,,,,,,6,06,6,,18,093,,,127,149,,,112,048,86,,092,5,489561,,,978480,,,1969,5.0
69IN04818,1964862238,64,2,H2238,8,,748,,,,,,,,6,05,5,,18,117,,,155,173,,,105,057,86,,137,3,559661,,,949680,,,1969,5.0
69IN04819,1964862242,64,2,H2242,8,,089,,,,,,,,6,05,5,,,098,,,,,6,,090,050,86,0419,118,3,534361,,,947180,,,1969,5.0
69IN04820,1964862256,64,2,H2256,8,,099,,,,,,,,6,04,4,,18,097,,,137,,3,,091,045,86,0120,107,3,538561,,,922080,,,1969,5.0
69IN04821,1964862260,64,2,H2260,8,,758,,,,,,,,6,04,4,,,112,,,150,,7,,109,058,86,1112,128,5,562461,,,911080,,,1969,5.0
69IN04822,1964862265,64,2,H2265,8,,098,,,,,,,,6,06,6,,18,108,,,126,161,,,114,068,86,,160,6,548661,,,977480,,,1969,5.0
69IN04823,1964862266,64,2,H2266,8,,059,,,,,,,,6,06,6,,18,115,,,178,188,,,098,061,86,,154,6,449861,,,977580,,,1969,5.0
69IN04824,1964862280,64,2,H2280,8,,908,,,,,,,,6,05,5,,18,128,,,190,210,,,121,066,86,,143,5,555661,,,955380,,,1969,5.0
69IN04825,1964862292,64,2,H2292,8,,908,,,,,,,,6,04,4,,33,083,,,145,199,,,104,054,86,,122,4,555661,,,990880,,,1969,5.0
69IN04826,1964862296,64,2,H2296,8,,068,,,,,,,,6,04,4,,33,088,,,123,170,,,090,053,86,,130,3,489561,,,921180,,,1969,5.0
69IN04827,1964862308,64,2,H2308,8,,018,,,,,,,,6,04,4,,18,082,,,110,131,,,087,045,86,,107,3,570861,,,919380,,,1969,5.0
69IN04828,1964862311,64,2,H2311,8,,118,,,,,,,,6,05,5,,18,096,,,144,173,,,116,052,86,,112,4,000796,,,940180,,,1969,5.0
69IN04829,1964862313,64,2,H2313,8,,109,,,,,,,,6,04,4,,18,113,,,138,174,,,092,053,86,,128,3,580761,,,910380,,,1969,5.0
69IN04830,1964862320,64,2,H2320,8,,808,,,,,,,,6,06,6,,18,084,,,113,150,,,086,041,86,,098,3,567761,,,980780,,,1969,5.0
69IN04831,1964862321,64,2,H2321,8,,048,,,,,,,,6,04,4,,18,102,,,127,157,,,110,063,86,,147,5,552761,,,908780,,,1969,5.0
69IN04832,1964862324,64,2,H2324,8,,028,,,,,,,,6,04,4,,18,113,,,158,172,,,098,047,86,,110,3,543361,,,908380,,,1969,5.0
69IN04833,1964862325,64,2,H2325,8,,028,,,,,,,,6,04,4,,18,106,,,145,159,,,092,053,86,,132,3,543361,,,908380,,,1969,5.0
69IN04834,1964862326,64,2,H2326,8,,118,,,,,,,,6,05,5,,18,093,,,118,137,,,099,057,86,,139,3,000796,,,957980,,,1969,5.0
69IN04835,1964862329,64,2,H2329,8,,089,,,,,,,,6,04,4,,18,126,,,160,194,,,092,048,86,,114,4,534361,,,909880,,,1969,5.0
69IN04836,1964862330,64,2,H2330,8,,118,,,,,,,,6,04,4,,18,105,,,138,173,,,113,063,86,,141,5,000796,,,922480,,,1969,5.0
69IN04837,1964862334,64,2,H2334,8,,018,,,,,,,,6,05,5,,18,077,,,166,198,,,096,049,86,,118,3,570861,,,948780,,,1969,5.0
69IN04838,1964862335,64,2,H2335,8,,018,,,,,,,,6,05,5,,33,102,,,153,163,,,096,050,86,,118,3,570861,,,948780,,,1969,5.0
69IN04839,1964862342,64,2,H2342,8,,068,,,,,,,,6,04,4,,18,097,,,137,151,,,073,046,86,,134,2,489561,,,928580,,,1969,5.0
69IN04840,1964862344,64,2,H2344,8,,019,,,,,,,,6,04,4,,33,098,,,160,194,,,078,043,86,,114,2,543761,,,908180,,,1969,5.0
69IN04841,1964862345,64,2,H2345,8,,758,,,,,,,,6,05,5,,18,094,,,118,144,,,111,049,86,,112,3,562461,,,948480,,,1969,5.0
69IN04842,1964862353,64,2,H2353,8,,038,,,,,,,,6,05,5,,18,110,,,166,188,,,110,060,86,,142,4,490661,,,952180,,,1969,5.0
69IN04843,1964862355,64,2,H2355,8,,028,,,,,,,,6,05,5,,18,103,,,143,,,,093,056,86,,138,3,543361,,,949480,,,1969,5.0
69IN04844,1964862357,64,2,H2357,8,,069,,,,,,,,6,06,6,,18,098,,,164,162,,,094,052,86,,125,4,526961,,,978380,,,1969,5.0
69IN04845,1964862359,64,2,H2359,8,,128,,,,,,,,6,06,6,,33,095,,,130,156,,,088,032,86,,070,3,001296,,,980180,,,1969,5.0
69IN04846,1964862363,64,2,H2363,8,,089,,,,,,,,6,04,4,,18,097,,,118,141,,,064,044,86,,135,2,534361,,,929680,,,1969,5.0
69IN04847,1964862371,64,2,H2371,8,,049,,,,,,,,6,05,5,,18,147,,,195,219,,,108,065,86,,160,6,571961,,,938980,,,1969,5.0
69IN04848,1964862372,64,2,H2372,8,,018,,,,,,,,6,05,5,,18,088,,,120,149,,,099,045,86,,104,3,570861,,,949980,,,1969,5.0
69IN04849,1964862375,64,2,H2375,8,,048,,,,,,,,6,04,4,,18,098,,,153,170,,,085,051,86,,139,2,552761,,,920780,,,1969,5.0
69IN04850,1964862377,64,2,H2377,8,,118,,,,,,,,6,06,6,,18,107,,,138,167,,,110,064,86,,150,5,000796,,,980080,,,1969,5.0
69IN04851,1964862381,64,2,H2381,8,,079,,,,,,,,6,04,4,,33,076,,,130,179,,,110,048,86,,103,6,525561,,,921680,,,1969,5.0
69IN04852,1964862385,64,2,H2385,8,,038,,,,,,,,6,04,4,,18,117,,,188,206,,,102,051,86,,118,2,490661,,,929180,,,1969,5.0
69IN04853,1964862387,64,2,H2387,8,,079,,,,,,,,6,06,6,,18,091,,,120,145,,,103,050,86,,109,6,525561,,,979280,,,1969,5.0
69IN04854,1964862397,64,2,H2397,8,,808,,,,,,,,6,06,6,,18,098,,,144,172,,,093,042,86,,096,3,567761,,,960080,,,1969,5.0
69IN04855,1964862400,64,2,H2400,8,,029,,,,,,,,6,04,4,,,097,,,140,,3,,103,053,86,1013,125,3,543461,,,908480,,,1969,5.0
69IN04856,1964862402,64,2,H2402,8,,019,,,,,,,,6,05,5,,,076,,,133,,3,,100,047,86,0929,110,5,543761,2,,949580,,,1969,5.0
69IN04857,1964862404,64,2,H2404,8,,078,,,,,,,,6,05,5,,,068,,,,,6,,103,042,86,0330,091,5,462161,,,955980,,,1969,5.0
69IN04858,1964862421,64,2,H2421,8,,088,,,,,,,,6,05,5,,18,092,,,138,164,,,105,054,86,,122,5,511361,,,946680,,,1969,5.0
69IN04859,1964862424,64,2,H2424,8,,069,,,,,,,,6,04,4,,,110,,,155,,6,,094,056,86,0613,138,3,526961,,,921280,,,1969,5.0
69IN04860,1964862430,64,2,H2430,8,,089,,,,,,,,6,05,5,,33,088,,,135,174,,,099,045,86,,104,4,534361,,,958580,,,1969,5.0
69IN04861,1964862431,64,2,H2431,8,,049,,,,,,,,6,06,6,,18,123,,,150,181,,,104,057,86,,137,4,571961,,,977080,,,1969,5.0
69IN04862,1964862432,64,2,H2432,8,,038,,,,,,,,6,06,6,,18,083,,,116,139,,,110,052,86,,113,5,490661,,,980280,,,1969,5.0
69IN04863,1964862434,64,2,H2434,8,,038,,,,,,,,6,04,4,,18,096,,,147,169,,,088,045,86,,115,2,490661,,,908580,,,1969,5.0
69IN04864,1964862438,64,2,H2438,8,,098,,,,,,,,6,05,5,,,091,,,,,6,,107,055,86,0330,124,4,548661,,,958080,,,1969,5.0
69IN04865,1964862440,64,2,H2440,8,,758,,,,,,,,6,04,4,,,115,,,138,,3,,090,049,86,1013,125,2,562461,,,922980,,,1969,5.0
69IN04866,1964862442,64,2,H2442,8,,029,,,,,,,,6,06,6,,33,090,,,132,165,,,082,037,86,,090,2,543461,,,981480,,,1969,5.0
69IN04867,1964862448,64,2,H2448,8,,748,,,,,,,,6,04,4,,18,104,,,127,160,,,089,050,86,,130,2,559661,,,910980,,,1969,5.0
69IN04868,1964862450,64,2,H2450,8,,748,,,,,,,,6,04,4,,18,079,,,120,139,,,098,046,86,,107,3,559661,,,910980,,,1969,5.0
69IN04869,1964862458,64,2,H2458,8,,089,,,,,,,,6,06,6,,18,098,,,164,195,,,104,044,86,,097,4,534361,,,977880,,,1969,5.0
69IN04870,1964862461,64,2,H2461,8,,069,,,,,,,,6,05,5,,18,098,,,130,157,,,104,051,86,,115,3,526961,,,956780,,,1969,5.0
69IN04871,1963813001,63,2,Y3001,8,,,,,,,,,,7,09,,,12,,,,134,167,,,,  6,81,,,,,,,,,,1969,6.0
69IN04872,1963813017,63,2,Y3017,8,,,,,,,,,,7,07,,, 48,,,,163,170,2,,,  4,81,0927,,,,,,,,,1969,6.0
69IN04873,1963813035,63,2,Y3035,8,,,,,,,,,,7,07,,,,,,,146,,9,,,  4,81,0730,,,,,,,,,1969,6.0
69IN04874,1963813037,63,2,Y3037,8,,,,,,,,,,7,09,,,11,,,,142,172,,,,  6,81,,,,,,,,,,1969,6.0
69IN04875,1963813047,63,2,Y3047,8,,,,,,,,,,7,09,,, 48,,,,130,145,2,,,  6,81,0927,,,,,,,,,1969,6.0
69IN04876,1963813060,63,2,Y3060,8,,,,,,,,,,7,07,,,,,,,,,6,,,,81,0401,,,,,,,,,1969,6.0
69IN04877,1963813063,63,2,Y3063,8,,,,,,,,,,7,07,,,34,,,,152,168,,,,  4,81,,,,,,,,,,1969,6.0
69IN04878,1963813068,63,2,Y3068,8,,,,,,,,,,7,09,,, 47,,,,152,168,2,,,  4,81,0927,,,,,,,,,1969,6.0
69IN04879,1963813078,63,2,Y3078,8,,,,,,,,,,7,09,,,,,,,151,,9,,,  6,81,0730,,,,,,,,,1969,6.0
69IN04880,1963813080,63,2,Y3080,8,,,,,,,,,,7,08,,,12,,,,200,181,,,,,81,,,,,,,,,,1969,6.0
69IN04881,1963813085,63,2,Y3085,8,,,,,,,,,,7,07,,,,,,,143,,9,,,  4,81,0730,,,,,,,,,1969,6.0
69IN04882,1963813087,63,2,Y3087,8,,,,,,,,,,7,07,,,09,,,,166,,,,,  4,81,,,,,,,,,,1969,6.0
69IN04883,1963813096,63,2,Y3096,8,,,,,,,,,,7,09,,, 48,,,,150,180,2,,,,81,0927,,,,,,,,,1969,6.0
69IN04884,1963813124,63,2,Y3124,8,,,,,,,,,,7,09,,,,,,,186,,7,,,  6,81,1112,,,,,,,,,1969,6.0
69IN04885,1963813135,63,2,Y3135,8,,,,,,,,,,7,07,,,12,,,,145,167,,,,  4,81,,,,,,,,,,1969,6.0
69IN04886,1963813137,63,2,Y3137,8,,,,,,,,,,7,07,,,11,,,,155,,,,,  4,81,,,,,,,,,,1969,6.0
69IN04887,1963813149,63,2,Y3149,8,,,,,,,,,,7,07,,,12,,,,126,136,,,,  4,81,,,,,,,,,,1969,6.0
69IN04888,1963813152,63,2,Y3152,8,,,,,,,,,,7,08,,, 47,,,,142,153,2,,,  5,81,0927,,,,,,,,,1969,6.0
69IN04889,1963813157,63,2,Y3157,8,,,,,,,,,,7,07,,,11,,,,138,172,,,,  4,81,,,,,,,,,,1969,6.0
69IN04890,1963813159,63,2,Y3159,8,,,,,,,,,,7,09,,,12,,,,160,141,,,,  6,81,,,,,,,,,,1969,6.0
69IN04891,1963813160,63,2,Y3160,8,,,,,,,,,,7,07,,, 48,,,,192,185,2,,,  4,81,0927,,,,,,,,,1969,6.0
69IN04892,1963813163,63,2,Y3163,8,,,,,,,,,,7,08,,,11,,,,170,152,,,,  5,81,,,,,,,,,,1969,6.0
69IN04893,1963813165,63,2,Y3165,8,,,,,,,,,,7,08,,,12,,,,206,185,,,,  5,81,,,,,,,,,,1969,6.0
69IN04894,1963813168,63,2,Y3168,8,,,,,,,,,,7,08,,,12,,,,175,167,,,,  5,81,,,,,,,,,,1969,6.0
69IN04895,1963813174,63,2,Y3174,8,,,,,,,,,,7,07,,,11,,,,132,159,,,,  4,81,,,,,,,,,,1969,6.0
69IN04896,1963813186,63,2,Y3186,8,,,,,,,,,,7,07,,,,,,,100,,7,,,  4,81,1112,,,,,,,,,1969,6.0
69IN04897,1963813187,63,2,Y3187,8,,,,,,,,,,7,07,,,12,,,,156,164,,,,  4,81,,,,,,,,,,1969,6.0
69IN04898,1963813188,63,2,Y3188,8,,,,,,,,,,7,08,,,,,,,194,,3,,,  5,81,1013,,,,,,,,,1969,6.0
69IN04899,1963813199,63,2,Y3199,8,,,,,,,,,,7,09,,,11,,,,195,188,,,,  6,81,,,,,,,,,,1969,6.0
69IN04900,1963813201,63,2,Y3201,8,,,,,,,,,,7,07,,,09,,,,168,184,,,,  4,81,,,,,,,,,,1969,6.0
69IN04901,1963813203,63,2,Y3203,8,,,,,,,,,,7,07,,,12,,,,160,195,,,,  4,81,,,,,,,,,,1969,6.0
69IN04902,1963813211,63,2,Y3211,8,,,,,,,,,,7,07,,,11,,,,165,148,,,,  4,81,,,,,,,,,,1969,6.0
69IN04903,1963813216,63,2,Y3216,8,,,,,,,,,,7,07,,,34,,,,132,155,,,,  4,81,,,,,,,,,,1969,6.0
69IN04904,1963813220,63,2,Y3220,8,,,,,,,,,,7,07,,, 48,,,,116,147,2,,,,81,0927,,,,,,,,,1969,6.0
69IN04905,1963813230,63,2,Y3230,8,,,,,,,,,,7,08,,,,,,,143,,9,,,  5,81,0730,,,,,,,,,1969,6.0
69IN04906,1963813232,63,2,Y3232,8,,,,,,,,,,7,08,,,12,,,,142,166,,,,  5,81,,,,,,,,,,1969,6.0
69IN04907,1963813245,63,2,Y3245,8,,,,,,,,,,7,08,,, 48,,,,155,155,2,,,  5,81,0927,,,,,,,,,1969,6.0
69IN04908,1963813246,63,2,Y3246,8,,,,,,,,,,7,07,,,,,,,113,,6,,,  4,81,0805,,,,,,,,,1969,6.0
69IN04909,1963813254,63,2,Y3254,8,,,,,,,,,,7,07,,,,,,,185,,9,,,  4,81,0730,,,,,,,,,1969,6.0
69IN04910,1963813258,63,2,Y3258,8,,,,,,,,,,7,08,,, 48,,,,118,137,2,,,  5,81,0927,,,,,,,,,1969,6.0
69IN04911,1963813259,63,2,Y3259,8,,,,,,,,,,7,08,,,,,,,182,,6,,,  5,81,0815,,,,,,,,,1969,6.0
69IN04912,1963813263,63,2,Y3263,8,,,,,,,,,,7,08,,,11,,,,136,164,,,,  5,81,,,,,,,,,,1969,6.0
69IN04913,1963813268,63,2,Y3268,8,,,,,,,,,,7,07,,,,,,,146,,9,,,  4,81,0730,,,,,,,,,1969,6.0
69IN04914,1963813272,63,2,Y3272,8,,,,,,,,,,7,09,,,,,,,,,6,,,  6,81,0217,,,,,,,,,1969,6.0
69IN04915,1963813280,63,2,Y3280,8,,,,,,,,,,7,07,,,,,,,150,,9,,,  4,81,0730,,,,,,,,,1969,6.0
69IN04916,1963813286,63,2,Y3286,8,,,,,,,,,,7,09,,,,,,,141,160,3,,,  6,81,0929,,,,,,,,,1969,6.0
69IN04917,1963813296,63,2,Y3296,8,,,,,,,,,,7,07,,, 47,,,,152,155,2,,,  4,81,0927,,,,,,,,,1969,6.0
69IN04918,1963813304,63,2,Y3304,8,,,,,,,,,,7,08,,, 47,,,,148,165,2,,,  5,81,0927,,,,,,,,,1969,6.0
69IN04919,1963813315,63,2,Y3315,8,,,,,,,,,,7,07,,, 47,,,,166,145,2,,,  4,81,0927,,,,,,,,,1969,6.0
69IN04920,1963813323,63,2,Y3323,8,,,,,,,,,,7,08,,, 48,,,,165,185,2,,,  5,81,0927,,,,,,,,,1969,6.0
69IN04921,1963813330,63,2,Y3330,8,,,,,,,,,,7,07,,,,,,,190,175,3,,,  4,81,1006,,,,,,,,,1969,6.0
69IN04922,1963813332,63,2,Y3332,8,,,,,,,,,,7,08,,,11,,,,161,152,,,,  5,81,,,,,,,,,,1969,6.0
69IN04923,1963813336,63,2,Y3336,8,,,,,,,,,,7,08,,, 47,,,,195,180,2,,,  5,81,0927,,,,,,,,,1969,6.0
69IN04924,1963813351,63,2,Y3351,8,,,,,,,,,,7,08,,,,,,,132,,9,,,  5,81,0730,,,,,,,,,1969,6.0
69IN04925,1963813366,63,2,Y3366,8,,,,,,,,,,7,07,,,,,,,160,125,3,,,  4,81,1006,,,,,,,,,1969,6.0
69IN04926,1963813375,63,2,Y3375,8,,,,,,,,,,7,07,,,34,,,,155,184,,,,  4,81,,,,,,,,,,1969,6.0
69IN04927,1963813380,63,2,Y3380,8,,,,,,,,,,7,08,,, 48,,,,122,135,2,,,  5,81,0927,,,,,,,,,1969,6.0
69IN04928,1963813382,63,2,Y3382,8,,,,,,,,,,7,09,,,11,,,,143,162,,,,  6,81,,,,,,,,,,1969,6.0
69IN04929,1963813397,63,2,Y3397,8,,,,,,,,,,7,08,,, 48,,,,158,130,2,,,  5,81,0927,,,,,,,,,1969,6.0
69IN04930,1963813398,63,2,Y3398,8,,,,,,,,,,7,09,,, 47,,,,183,185,2,,,  6,81,0927,,,,,,,,,1969,6.0
69IN04931,1963813400,63,2,Y3400,8,,,,,,,,,,7,09,,,12,,,,188,179,,,,,81,,,,,,,,,,1969,6.0
69IN04932,1963813408,63,2,Y3408,8,,,,,,,,,,7,07,,, 47,,,,195,172,2,,,  4,81,0927,,,,,,,,,1969,6.0
69IN04933,1963813457,63,2,Y3457,8,,,,,,,,,,7,08,,,12,,,,140,164,,,,  5,81,,,,,,,,,,1969,6.0
69IN04934,1963813478,63,2,Y3478,8,,,,,,,,,,7,07,,,11,,,,131,155,,,,  4,81,,,,,,,,,,1969,6.0
69IN04935,1963813480,63,2,Y3480,8,,,,,,,,,,7,08,,,12,,,,180,181,,,,  5,81,,,,,,,,,,1969,6.0
69IN04936,1963813486,63,2,Y3486,8,,,,,,,,,,7,09,,,12,,,,140,115,,,,  6,81,,,,,,,,,,1969,6.0
69IN04937,1963813488,63,2,Y3488,8,,,,,,,,,,7,09,,, 47,,,,116,145,2,,,  6,81,0927,,,,,,,,,1969,6.0
69IN04938,1963813493,63,2,Y3493,8,,,,,,,,,,7,07,,,11,,,,122,135,,,,  4,81,,,,,,,,,,1969,6.0
69IN04939,1963813498,63,2,Y3498,8,,,,,,,,,,7,08,,,11,,,,132,167,,,,  5,81,,,,,,,,,,1969,6.0
69IN04940,1963813502,63,2,Y3502,8,,,,,,,,,,7,07,,, 47,,,,181,172,2,,,  4,81,0927,,,,,,,,,1969,6.0
69IN04941,1963813513,63,2,Y3513,8,,,,,,,,,,7,08,,,,,,,,,6,,,  5,81,0331,,,,,,,,,1969,6.0
69IN04942,1963813514,63,2,Y3514,8,,,,,,,,,,7,08,,, 47,,,,156,158,2,,,,81,0927,,,,,,,,,1969,6.0
69IN04943,1963813517,63,2,Y3517,8,,,,,,,,,,7,08,,,12,,,,134,154,,,,  5,81,,,,,,,,,,1969,6.0
69IN04944,1963813522,63,2,Y3522,8,,,,,,,,,,7,09,,, 47,,,,150,160,2,,,  6,81,0927,,,,,,,,,1969,6.0
69IN04945,1963813537,63,2,Y3537,8,,,,,,,,,,7,07,,, 48,,,,135,142,2,,,  4,81,0927,,,,,,,,,1969,6.0
69IN04946,1963813543,63,2,Y3543,8,,,,,,,,,,7,07,,,,,,,174,,6,,,  4,81,1007,,,,,,,,,1969,6.0
69IN04947,1963813547,63,2,Y3547,8,,,,,,,,,,7,07,,,,,,,170,,9,,,  4,81,0730,,,,,,,,,1969,6.0
69IN04948,1963813551,63,2,Y3551,8,,,,,,,,,,7,07,,,,,,,97,,9,,,  4,81,0730,,,,,,,,,1969,6.0
69IN04949,1963813554,63,2,Y3554,8,,,,,,,,,,7,07,,,11,,,,170,143,,,,  4,81,,,,,,,,,,1969,6.0
69IN04950,1963813558,63,2,Y3558,8,,,,,,,,,,7,07,,,11,,,,138,163,,,,  4,81,,,,,,,,,,1969,6.0
69IN04951,1963813563,63,2,Y3563,8,,,,,,,,,,7,07,,,12,,,,170,177,,,,  4,81,,,,,,,,,,1969,6.0
69IN04952,1963813566,63,2,Y3566,8,,,,,,,,,,7,09,,,11,,,,122,163,,,,  6,81,,,,,,,,,,1969,6.0
69IN04953,1963813567,63,2,Y3567,8,,,,,,,,,,7,07,,,,,,,128,,9,,,  4,81,0730,,,,,,,,,1969,6.0
69IN04954,1963813584,63,2,Y3584,8,,,,,,,,,,7,07,,,,,,,140,,9,,,  4,81,0730,,,,,,,,,1969,6.0
69IN04955,1963813585,63,2,Y3585,8,,,,,,,,,,7,07,,,12,,,,133,150,,,,  4,81,,,,,,,,,,1969,6.0
69IN04956,1963813593,63,2,Y3593,8,,,,,,,,,,7,09,,,,,,,120,,9,,,  6,81,0730,,,,,,,,,1969,6.0
69IN04957,1963813598,63,2,Y3598,8,,,,,,,,,,7,07,,,,,,,,,6,,,  4,81,0311,,,,,,,,,1969,6.0
69IN04958,1963813602,63,2,Y3602,8,,,,,,,,,,7,07,,,09,,,,110,130,,,,  4,81,,,,,,,,,,1969,6.0
69IN04959,1963813615,63,2,Y3615,8,,,,,,,,,,7,07,,,11,,,,166,185,,,,  4,81,,,,,,,,,,1969,6.0
69IN04960,1963813619,63,2,Y3619,8,,,,,,,,,,7,09,,,,,,,127,,3,,,  6,81,0804,,,,,,,,,1969,6.0
69IN04961,1963813634,63,2,Y3634,8,,,,,,,,,,7,07,,,12,,,,120,148,,,,  4,81,,,,,,,,,,1969,6.0
69IN04962,1963813635,63,2,Y3635,8,,,,,,,,,,7,09,,,,,,,,,6,,,  6,81,0501,,,,,,,,,1969,6.0
69IN04963,1963813644,63,2,Y3644,8,,,,,,,,,,7,08,,,11,,,,133,155,,,,  5,81,,,,,,,,,,1969,6.0
69IN04964,1965813665,65,2,Y3665,8,81,548,4,1,,,,,,5,07,7,, 44,106,09,,148,160,2,,076,047,81,0927,128,2,670114,,,926880,,02,1969,4.0
69IN04965,1965813667,65,2,Y3667,8,81,478,4,4,,,,,,5,09,9,,34,089,10,,128,188,,,088,046,81,,102,3,685314,,,969480,,02,1969,4.0
69IN04966,1965813668,65,2,Y3668,8,81,478,2,1,,,,,,5,09,9,,34,097,09,,142,,,,072,041,81,,107,2,685314,,,969480,,01,1969,4.0
69IN04967,1965813669,65,2,Y3669,8,81,378,,4,,,,,,5,08,8,,,093,10,,,,6,,091,047,81,0131,109,2,670214,,,955280,,,1969,4.0
69IN04968,1965813670,65,2,Y3670,8,81,348,4,7,,,,,,5,08,8,,09,108,09,,155,,,,084,048,81,,108,3,593711,,,930280,,05,1969,4.0
69IN04969,1965813673,65,2,Y3673,8,81,509,2,4,,,,,,5,08,8,,34,091,14,,140,161,,,078,036,81,,085,2,696014,,,952080,,02,1969,4.0
69IN04970,1965813679,65,2,Y3679,8,81,348,4,4,,,,,,5,09,9,,34,111,14,,148,188,,,089,044,81,,098,2,593711,,,977980,,05,1969,4.0
69IN04971,1965813681,65,2,Y3681,8,81,498,2,1,,,,,,5,07,7,,09,106,11,,138,165,,,077,041,81,,106,2,695514,,,908580,,02,1969,4.0
69IN04972,1965813683,65,2,Y3683,8,81,349,2,7,,,,,,5,08,8,,,107,12,,172,,3,,091,042,81,0602,095,2,582711,,,938380,,12,1969,4.0
69IN04973,1965813684,65,2,Y3684,8,81,328,2,4,,,,,,5,09,9,,09,109,11,,133,164,,,086,043,81,,101,2,592711,,,979780,,02,1969,4.0
69IN04974,1965813685,65,2,Y3685,8,81,328,2,7,,,,,,5,09,9,,09,097,10,,139,167,6,,082,040,81,1001,093,2,592711,,,979780,,02,1969,4.0
69IN04975,1965813695,65,2,Y3695,8,81,208,4,7,,,,,,5,08,8,,34,091,12,,118,145,,,081,039,81,,093,2,590811,,,933280,,02,1969,4.0
69IN04976,1965813699,65,2,Y3699,8,81,419,2,1,,,,,,5,08,8,,09,102,05,,148,159,,,074,041,81,,105,2,625214,,,935980,,02,1969,4.0
69IN04977,1965813705,65,2,Y3705,8,81,369,4,7,,,,,,5,07,7,,34,098,09,,137,170,,,089,041,81,,092,2,666414,,,903680,,02,1969,4.0
69IN04978,1965813710,65,2,Y3710,8,81,279,4,4,,,,,,5,08,8,,09,102,09,,122,148,,,087,045,81,,108,2,594611,,,942280,,02,1969,4.0
69IN04979,1965813712,65,2,Y3712,8,81,329,2,3,,,,,,5,09,9,, 46,100,15,,140,172,2,,086,046,81,0927,120,2,597211,,,961780,,02,1969,4.0
69IN04980,1965813718,65,2,Y3718,8,81,368,4,7,,,,,,5,07,7,,,100,15,,128,,3,,084,042,81,1013,102,2,667414,,,922280,,02,1969,4.0
69IN04981,1965813719,65,2,Y3719,8,81,409,2,1,,,,,,5,07,7,,34,107,12,,173,210,,,083,048,81,,120,2,578514,,,920480,,02,1969,4.0
69IN04982,1965813721,65,2,Y3721,8,81,198,4,5,,,,,,5,07,7,,09,114,14,,130,165,,,089,055,81,,134,2,588411,,,913980,,02,1969,4.0
69IN04983,1965813728,65,2,Y3728,8,81,538,2,1,,,,,,5,08,8,,09,091,09,,134,153,,,076,040,81,,101,2,681914,,,949280,,02,1969,4.0
69IN04984,1965813733,65,2,Y3733,8,81,198,2,7,,,,,,5,08,8,,09,088,11,,132,153,,,071,039,81,,103,2,588411,,,950180,,05,1969,4.0
69IN04985,1965813735,65,2,Y3735,8,81,509,2,1,,,,,,5,09,9,,,100,14,,140,168,3,,085,038,81,0120,081,2,696014,,,975180,,11,1969,4.0
69IN04986,1965813737,65,2,Y3737,8,81,518,4,5,,,,,,5,08,8,, 44,102,14,,138,155,2,,077,047,81,0927,124,2,636614,,,954880,,02,1969,4.0
69IN04987,1965813738,65,2,Y3738,8,81,329,4,5,,,,,,5,09,9,, 45,084,13,,124,145,2,,089,036,81,0927,077,2,597211,,,969380,,01,1969,4.0
69IN04988,1965813743,65,2,Y3743,8,81,459,2,5,,,,,,5,08,8,, 44,118,14,,163,185,2,,088,053,81,0927,123,5,647714,,,935680,,01,1969,4.0
69IN04989,1965813746,65,2,Y3746,8,81,329,4,8,,,,,,5,07,7,,,098,16,,128,,3,,090,048,81,1013,113,2,597211,,,911480,,05,1969,4.0
69IN04990,1965813748,65,2,Y3748,8,81,259,4,8,,,,,,5,08,8,, 45,101,15,,137,155,2,,091,047,81,0927,107,2,644314,,,958180,,01,1969,4.0
69IN04991,1965813749,65,2,Y3749,8,81,458,2,8,,,,,,5,08,8,,09,096,11,,115,145,,,096,045,81,,101,2,693014,,,957880,,02,1969,4.0
69IN04992,1965813757,65,2,Y3757,8,81,238,2,5,,,,,,5,08,8,, 46,102,13,,132,180,2,,083,045,81,0927,109,2,596011,,,958780,,02,1969,4.0
69IN04993,1965813758,65,2,Y3758,8,81,238,4,8,,,,,,5,08,8,,09,102,14,,129,156,,,082,044,81,,104,2,596011,,,958780,,04,1969,4.0
69IN04994,1965813770,65,2,Y3770,8,81,748,2,8,,,,,,5,07,7,, 45,106,13,,133,155,2,,086,043,81,0927,099,2,164518,,,908780,,01,1969,4.0
69IN04995,1965813771,65,2,Y3771,8,81,748,2,5,,,,,,5,07,7,,09,093,09,,121,142,,,078,031,81,,069,2,164518,,,908780,,02,1969,4.0
69IN04996,1965813777,65,2,Y3777,8,81,328,4,5,,,,,,5,07,7,, 44,098,10,,124,150,2,,071,034,81,0927,082,2,592711,,,921280,,02,1969,4.0
69IN04997,1965813778,65,2,Y3778,8,81,328,4,1,,,,,,5,07,7,,34,106,10,,147,161,,,082,044,81,,106,2,592711,,,922180,,02,1969,4.0
69IN04998,1965813780,65,2,Y3780,8,81,378,4,7,,,,,,5,09,9,,,090,13,12,133,162,3,,113,060,81,0120,129,4,670214,,,970080,,02,1969,4.0
69IN04999,1965813782,65,2,Y3782,8,81,238,2,1,,,,,,5,07,7,,,090,12,,131,132,3,,076,041,81,1006,108,2,596011,,,920380,,02,1969,4.0
69IN05000,1965813785,65,2,Y3785,8,81,808,4,4,,,,,,5,09,9,,34,088,09,,118,145,,,078,038,81,,094,2,161418,,,977780,,02,1969,4.0
69IN05001,1965813790,65,2,Y3790,8,81,459,2,1,,,,,,5,08,8,,09,115,13,,144,165,,,078,039,81,,095,2,647714,,,953580,,01,1969,4.0
69IN05002,1965813793,65,2,Y3793,8,81,509,2,7,,,,,,5,08,8,,,090,14,,,,6,,108,054,81,0512,113,3,696014,,,945880,,06,1969,4.0
69IN05003,1965813799,65,2,Y3799,8,81,538,4,7,,,,,,5,07,7,,09,099,15,,145,163,,,090,040,81,,087,2,681914,,,921180,,02,1969,4.0
69IN05004,1965813804,65,2,Y3804,8,81,229,2,7,,,,,,5,07,7,, 46,082,14,,134,155,2,,072,032,81,0927,080,2,692114,,,912080,,02,1969,4.0
69IN05005,1965813810,65,2,Y3810,8,81,548,4,4,,,,,,5,08,8,,,097,09,,108,128,3,,082,044,81,1006,108,2,670114,,,955180,,02,1969,4.0
69IN05006,1965813811,65,2,Y3811,8,81,548,4,7,,,,,,5,08,8,,09,083,14,02,110,127,,,095,041,81,,086,2,670114,,,955180,,02,1969,4.0
69IN05007,1965813813,65,2,Y3813,8,81,408,4,7,,,,,,5,08,8,,09,114,11,,145,172,,,102,052,81,,113,5,587114,,,952480,,02,1969,4.0
69IN05008,1965813822,65,2,Y3822,8,81,239,2,7,,,,,,5,08,8,, 44,100,13,,128,155,2,,078,048,81,0927,125,2,597611,,,944980,,01,1969,4.0
69IN05009,1965813825,65,2,Y3825,8,81,408,4,4,,,,,,5,07,7,,,092,11,,127,148,3,,064,033,81,1006,086,2,587114,,,990080,,04,1969,4.0
69IN05010,1965813830,65,2,Y3830,8,81,299,2,4,,,,,,5,08,8,,09,093,09,,133,151,,,079,045,81,,120,2,712014,,,941980,,02,1969,4.0
69IN05011,1965813835,65,2,Y3835,8,81,368,4,3,,,,,,5,08,8,,34,101,10,,142,177,,,080,041,81,,103,2,667414,,,940280,,02,1969,4.0
69IN05012,1965813836,65,2,Y3836,8,81,278,4,7,,,,,,5,07,7,,,098,11,,125,,3,,087,035,81,0602,075,2,590211,,,919280,,02,1969,4.0
69IN05013,1965813840,65,2,Y3840,8,81,299,2,7,,,,,,5,08,8,, 45,112,08,,147,165,2,,083,057,81,0927,138,3,712014,,,932980,,01,1969,4.0
69IN05014,1965813843,65,2,Y3843,8,81,279,4,3,,,,,,5,07,7,,09,114,15,,126,160,,,088,049,81,,120,2,594611,,,917880,,02,1969,4.0
69IN05015,1965813846,65,2,Y3846,8,81,908,2,7,,,,,,5,07,7,,09,094,15,,120,156,,,089,043,81,,104,2,141218,,,921980,,02,1969,4.0
69IN05016,1965813852,65,2,Y3852,8,81,208,2,4,,,,,,5,07,7,,09,098,09,,134,167,,,076,036,81,,093,2,590811,,,919380,,02,1969,4.0
69IN05017,1965813853,65,2,Y3853,8,81,208,2,7,,,,,,5,07,7,,,089,10,,123,,6,,083,040,81,0906,095,2,590811,,,919380,,02,1969,4.0
69IN05018,1965813854,65,2,Y3854,8,81,428,4,1,,,,,,5,08,8,,34,084,11,,136,178,,,081,040,81,,096,2,013991,,,948580,,02,1969,4.0
69IN05019,1965813857,65,2,Y3857,8,81,449,2,7,,,,,,5,08,8,,,078,09,,103,,3,,069,037,81,1013,101,2,669914,,,952680,,02,1969,4.0
69IN05020,1965813858,65,2,Y3858,8,81,539,4,5,,,,,,5,09,9,,09,097,14,,136,168,,,074,038,81,,099,2,682814,,,960080,,02,1969,4.0
69IN05021,1965813861,65,2,Y3861,8,81,398,4,1,,,,,,5,08,8,,34,100,12,,142,163,,,101,053,81,,123,2,644014,,,939180,,02,1969,4.0
69IN05022,1965813865,65,2,Y3865,8,81,349,2,7,,,,,,5,07,7,,09,106,13,,144,177,,,084,037,81,,086,2,582711,,,908880,,04,1969,4.0
69IN05023,1965813866,65,2,Y3866,8,81,479,4,4,,,,,,5,08,8,,,096,14,,118,,3,,079,042,81,0120,105,2,707214,,,943680,,02,1969,4.0
69IN05024,1965813867,65,2,Y3867,8,81,479,2,1,,,,,,5,08,8,, 46,078,13,,103,135,2,,089,043,81,0927,106,2,707214,,,943680,,02,1969,4.0
69IN05025,1965813871,65,2,Y3871,8,81,199,2,4,,,,,,5,08,8,,34,116,13,,131,171,,,093,046,81,,100,2,594511,,,935580,,02,1969,4.0
69IN05026,1965813875,65,2,Y3875,8,81,229,4,3,,,,,,5,09,9,,34,093,15,,142,180,,,079,039,81,,097,2,692114,,,969280,,07,1969,4.0
69IN05027,1965813876,65,2,Y3876,8,81,229,2,4,,,,,,5,09,9,,09,113,15,,138,169,,,084,054,81,,126,4,692114,,,969280,,02,1969,4.0
69IN05028,1965813878,65,2,Y3878,8,81,808,4,8,,,,,,5,09,9,,09,095,12,,120,172,,,089,040,81,,091,2,161418,,,962580,,02,1969,4.0
69IN05029,1965813879,65,2,Y3879,8,81,379,2,4,,,,,,5,07,7,,,095,14,,105,,3,,082,034,81,0929,077,2,682914,,,926580,,06,1969,4.0
69IN05030,1965813894,65,2,Y3894,8,81,509,2,4,,,,,,5,09,9,,09,093,13,,110,143,,,095,037,81,,075,2,696014,,,978780,,04,1969,4.0
69IN05031,1965813897,65,2,Y3897,8,81,539,4,1,,,,,,5,07,7,,09,097,14,,112,138,,,093,048,81,,106,3,682814,,,914380,,06,1969,4.0
69IN05032,1965813899,65,2,Y3899,8,81,438,2,8,,,,,,5,08,8,,09,117,12,,127,158,,,088,058,81,,135,3,013891,,,932180,,02,1969,4.0
69IN05033,1965813901,65,2,Y3901,8,81,368,4,5,,,,,,5,07,7,,34,102,14,,136,169,,,094,047,81,,104,2,667414,,,905180,,02,1969,4.0
69IN05034,1965813908,65,2,Y3908,8,81,438,2,1,,,,,,5,08,8,,09,122,12,,149,165,,,072,040,81,,098,2,013891,,,955880,,02,1969,4.0
69IN05035,1965813909,65,2,Y3909,8,81,409,4,7,,,,,,5,09,9,,09,101,10,,130,145,,,096,046,81,,103,2,578514,,,979880,,02,1969,4.0
69IN05036,1965813910,65,2,Y3910,8,81,258,2,4,,,,,,5,07,7,,,112,09,,160,,3,,076,040,81,0602,098,2,710814,,,927280,,02,1969,4.0
69IN05037,1965813911,65,2,Y3911,8,81,258,2,7,,,,,,5,07,7,,34,110,09,,158,188,,,063,039,81,,104,2,710814,,,927280,,01,1969,4.0
69IN05038,1965813914,65,2,Y3914,8,81,419,4,1,,,,,,5,09,9,,34,102,09,,131,163,,,087,046,81,,109,2,625214,,,977880,,02,1969,4.0
69IN05039,1965813921,65,2,Y3921,8,81,448,4,7,,,,,,5,07,7,,,090,14,,133,,3,,077,041,81,0602,100,2,671514,,,900880,,02,1969,4.0
69IN05040,1965813923,65,2,Y3923,8,81,198,4,4,,,,,,5,07,7,,09,110,09,,138,187,,,075,043,81,,105,2,588411,,,900480,,01,1969,4.0
69IN05041,1965813924,65,2,Y3924,8,81,219,2,3,,,,,,5,08,8,,34,103,08,,146,157,,,098,058,81,,133,3,591211,,,947180,,02,1969,4.0
69IN05042,1965813928,65,2,Y3928,8,81,268,2,4,,,,,,5,08,8,,09,114,08,,155,166,,,092,041,81,,088,2,682614,,,949680,,01,1969,4.0
69IN05043,1965813929,65,2,Y3929,8,81,438,4,4,,,,,,5,07,7,,09,099,14,,138,149,,,083,041,81,,097,2,013891,,,906680,,01,1969,4.0
69IN05044,1965813930,65,2,Y3930,8,81,438,4,1,,,,,,5,07,7,,09,106,15,,133,147,,,076,040,81,,102,2,013891,,,906680,,01,1969,4.0
69IN05045,1965813936,65,2,Y3936,8,81,428,2,4,,,,,,5,09,9,,09,121,08,,133,172,,,111,061,81,,133,5,013991,,,973780,,02,1969,4.0
69IN05046,1965813940,65,2,Y3940,8,81,348,4,7,,,,,,5,09,9,,09,108,09,,143,170,,,092,045,81,,104,2,593711,,,968880,,02,1969,4.0
69IN05047,1965813941,65,2,Y3941,8,81,449,4,1,,,,,,5,07,7,,34,109,13,,155,179,,,094,040,81,,082,2,669914,,,913780,,02,1969,4.0
69IN05048,1965813948,65,2,Y3948,8,81,329,2,4,,,,,,5,09,9,, 46,086,11,,130,180,2,,088,032,81,0927,068,2,597211,,,974480,,02,1969,4.0
69IN05049,1965813951,65,2,Y3951,8,81,508,4,7,,,,,,5,08,8,,09,088,11,,135,170,,,075,045,81,,118,2,674914,,,944280,,02,1969,4.0
69IN05050,1965813958,65,2,Y3958,8,81,518,2,1,,,,,,5,08,8,,34,090,08,,122,174,,,079,033,81,,073,2,636614,,,946180,,04,1969,4.0
69IN05051,1965813960,65,2,Y3960,8,81,468,4,7,,,,,,5,07,7,, 46,098,12,,122,152,2,,094,052,81,0927,126,2,705714,,,990580,,02,1969,4.0
69IN05052,1965813976,65,2,Y3976,8,81,398,2,8,,,,,,5,09,9,,09,098,10,,118,150,,,085,040,81,,092,2,644014,,,963580,,05,1969,4.0
69IN05053,1965813981,65,2,Y3981,8,81,278,2,1,,,,,,5,07,7,,09,099,10,,173,191,,,079,046,81,,120,2,590211,,,900580,,02,1969,4.0
69IN05054,1965813982,65,2,Y3982,8,81,278,4,4,,,,,,5,07,7,,09,108,11,,138,159,,,072,043,81,,116,2,590211,,,900580,,05,1969,4.0
69IN05055,1965813984,65,2,Y3984,8,81,378,2,1,,,,,,5,09,9,,,094,14,,92,,3,,082,038,81,0602,089,2,670214,,,980280,,01,1969,4.0
69IN05056,1965813985,65,2,Y3985,8,81,508,4,4,,,,,,5,08,8,,,116,10,,148,,7,,078,049,81,1112,131,2,674914,,,942380,,02,1969,4.0
69IN05057,1965813987,65,2,Y3987,8,81,199,2,7,,,,,,5,09,9,,09,100,12,,136,,,,086,054,81,,124,4,594511,,,968180,,02,1969,4.0
69IN05058,1965813988,65,2,Y3988,8,81,199,2,1,,,,,,5,09,9,, 45,096,12,,121,138,2,,096,045,81,0927,100,2,594511,,,968180,,02,1969,4.0
69IN05059,1965813991,65,2,Y3991,8,81,238,2,1,,,,,,5,09,9,,,113,14,,148,185,3,,084,058,81,1006,137,4,596011,,,962680,,04,1969,4.0
69IN05060,1965813993,65,2,Y3993,8,81,229,4,7,,,,,,5,08,8,,,100,09,,122,,3,,090,043,81,1013,098,2,692114,,,935480,,02,1969,4.0
69IN05061,1965813994,65,2,Y3994,8,81,199,2,4,,,,,,5,08,8,,09,087,14,,140,164,,,072,036,81,,088,2,594511,,,957180,,02,1969,4.0
69IN05062,1965813996,65,2,Y3996,8,81,808,4,4,,,,,,5,08,8,,09,092,07,,103,138,,,088,044,81,,100,2,161418,,,940180,,01,1969,4.0
69IN05063,1965814000,65,2,Y4000,8,81,368,4,1,,,,,,5,09,9,,,088,13,,119,149,3,,078,035,81,1006,083,2,667414,,,977180,,02,1969,4.0
69IN05064,1965814002,65,2,Y4002,8,81,479,2,8,,,,,,5,08,8,,09,093,13,,138,162,,,084,049,81,,123,2,707214,,,952280,,04,1969,4.0
69IN05065,1965814003,65,2,Y4003,8,81,398,2,5,,,,,,5,07,7,,09,104,09,,118,156,,,101,061,81,,143,3,644014,,,915580,,02,1969,4.0
69IN05066,1965814005,65,2,Y4005,8,81,228,4,1,,,,,,5,07,7,,,092,12,,122,,3,,080,044,81,0602,110,2,677214,,,917780,,02,1969,4.0
69IN05067,1965814006,65,2,Y4006,8,81,228,4,4,,,,,,5,07,7,,34,088,12,,116,159,,,080,041,81,,097,2,677214,,,917780,,10,1969,4.0
69IN05068,1965814010,65,2,Y4010,8,81,458,2,4,,,,,,5,07,7,,09,103,08,,136,171,,,086,045,81,,104,2,693014,,,905980,,02,1969,4.0
69IN05069,1965814017,65,2,Y4017,8,81,539,4,7,,,,,,5,09,9,,09,101,07,,124,165,,,079,038,81,,088,2,682814,,,980980,,02,1969,4.0
69IN05070,1965814018,65,2,Y4018,8,81,518,2,7,,,,,,5,07,7,,09,090,14,,138,141,,,077,030,81,,070,2,636614,,,915380,,02,1969,4.0
69IN05071,1965814019,65,2,Y4019,8,81,518,2,1,,,,,,5,07,7,, 44,100,14,,132,165,2,,067,037,81,0927,100,2,636614,,,915380,,02,1969,4.0
69IN05072,1965814020,65,2,Y4020,8,81,478,2,7,,,,,,5,08,8,, 44,095,14,,123,150,2,,087,042,81,0927,097,2,685314,,,949380,,02,1969,4.0
69IN05073,1965814023,65,2,Y4023,8,81,208,4,1,,,,,,5,08,8,,09,098,10,,143,167,,,081,040,81,,095,2,590811,,,953980,,02,1969,4.0
69IN05074,1965814025,65,2,Y4025,8,81,229,4,4,,,,,,5,08,8,,09,089,09,,125,146,,,082,040,81,,098,2,692114,,,948680,,02,1969,4.0
69IN05075,1965814026,65,2,Y4026,8,81,229,4,7,,,,,,5,08,8,,09,100,10,,143,183,,,086,046,81,,109,2,692114,,,948680,,02,1969,4.0
69IN05076,1965814028,65,2,Y4028,8,81,468,2,7,,,,,,5,07,7,,09,078,15,,124,141,,,065,032,81,,092,2,705714,,,923680,,02,1969,4.0
69IN05077,1965814029,65,2,Y4029,8,81,448,2,4,,,,,,5,09,9,,,093,10,,106,,7,,085,045,81,1112,109,2,671514,,,977580,,02,1969,4.0
69IN05078,1965814032,65,2,Y4032,8,81,218,4,1,,,,,,5,07,7,,09,078,12,,116,,,,074,028,81,,067,2,594211,,,900380,,02,1969,4.0
69IN05079,1965814034,65,2,Y4034,8,81,238,4,7,,,,,,5,07,7,,,093,13,,125,,3,,070,040,81,0929,110,2,596011,,,903780,,04,1969,4.0
69IN05080,1965814039,65,2,Y4039,8,81,408,2,7,,,,,,5,08,8,, 46,091,05,,132,180,2,,091,046,81,0927,101,3,587114,,,944180,,02,1969,4.0
69IN05081,1965814040,65,2,Y4040,8,81,258,4,1,,,,,,5,08,8,,09,107,12,,147,175,3,,075,041,81,1229,110,2,710814,,,956680,,01,1969,4.0
69IN05082,1965814043,65,2,Y4043,8,81,478,2,7,,,,,,5,08,8,,,106,13,,133,,3,,081,043,81,1201,103,2,685314,,,941380,,02,1969,4.0
69IN05083,1965814047,65,2,Y4047,8,81,268,4,1,,,,,,5,07,7,, 44,082,12,,104,130,2,,067,029,81,0927,074,2,682614,,,920780,,02,1969,4.0
69IN05084,1965814052,65,2,Y4052,8,81,469,2,7,,,,,,5,08,8,, 45,110,14,,146,175,2,,084,047,81,0927,115,2,693414,,,941580,,02,1969,4.0
69IN05085,1965814053,65,2,Y4053,8,81,478,2,4,,,,,,5,09,9,,,082,12,,113,,3,,087,040,81,1013,097,2,685314,,,977480,,02,1969,4.0
69IN05086,1965814055,65,2,Y4055,8,81,548,4,3,,,,,,5,08,8,,34,117,08,,132,166,,,097,050,81,,119,2,670114,,,931880,,02,1969,4.0
69IN05087,1965814057,65,2,Y4057,8,81,278,2,7,,,,,,5,08,8,,,082,14,,,,6,,077,030,81,0428,067,2,590211,,,931580,,02,1969,4.0
69IN05088,1965814060,65,2,Y4060,8,81,259,4,5,,,,,,5,09,9,,09,091,15,,133,136,,,100,048,81,,100,2,644314,,,961880,,01,1969,4.0
69IN05089,1965814064,65,2,Y4064,8,81,468,2,1,,,,,,5,08,8,,,105,14,,144,,3,,083,055,81,0120,145,2,705714,,,955580,,01,1969,4.0
69IN05090,1965814065,65,2,Y4065,8,81,229,4,4,,,,,,5,09,9,,,111,12,,138,,3,,088,045,81,0602,102,2,692114,,,975280,,01,1969,4.0
69IN05091,1965814068,65,2,Y4068,8,81,249,4,4,,,,,,5,09,9,,,093,11,,116,,6,,080,041,81,1004,101,2,575911,,,963980,,02,1969,4.0
69IN05092,1965814071,65,2,Y4071,8,81,299,4,1,,,,,,5,09,9,,34,092,09,,138,157,,,085,042,81,,100,2,712014,,,980380,,02,1969,4.0
69IN05093,1965814075,65,2,Y4075,8,81,219,2,7,,,,,,5,09,9,,09,096,13,,121,138,,,092,038,81,,083,2,591211,,,974780,,01,1969,4.0
69IN05094,1965814078,65,2,Y4078,8,81,409,2,4,,,,,,5,08,8,,09,111,12,,166,178,,,080,042,81,,098,2,578514,,,959280,,01,1969,4.0
69IN05095,1965814079,65,2,Y4079,8,81,378,4,1,,,,,,5,09,9,,09,098,11,,135,159,,,100,049,81,,106,3,670214,,,966480,,02,1969,4.0
69IN05096,1965814083,65,2,Y4083,8,81,479,4,4,,,,,,5,07,7,, 46,093,14,,115,135,2,,080,047,81,0927,120,2,707214,,,914880,,02,1969,4.0
69IN05097,1965814097,65,2,Y4097,8,81,758,2,3,,,,,,5,08,8,,09,104,10,,115,149,,,073,041,81,,104,2,148618,,,937380,,02,1969,4.0
69IN05098,1965814108,65,2,Y4108,8,81,209,2,7,,,,,,5,08,8,, 45,103,12,,137,160,2,,077,038,81,0927,094,2,596911,,,931280,,02,1969,4.0
69IN05099,1965814111,65,2,Y4111,8,81,808,4,8,,,,,,5,08,8,, 45,112,10,,137,150,2,,086,042,81,0927,099,2,161418,,,953180,,02,1969,4.0
69IN05100,1965814117,65,2,Y4117,8,81,538,2,1,,,,,,5,08,8,, 46,083,14,,120,150,2,,099,046,81,0927,098,3,681914,,,950380,,01,1969,4.0
69IN05101,1965814118,65,2,Y4118,8,81,538,2,7,,,,,,5,08,8,, 45,090,10,,122,150,2,,110,044,81,0927,088,4,681914,,,950380,,02,1969,4.0
69IN05102,1965814122,65,2,Y4122,8,81,268,4,1,,,,,,5,09,9,,34,115,14,,164,196,,,087,051,81,,116,3,682614,,,960180,,02,1969,4.0
69IN05103,1965814128,65,2,Y4128,8,81,448,4,7,,,,,,5,08,8,,09,093,14,,120,148,,,081,036,81,,084,2,671514,,,954280,,02,1969,4.0
69IN05104,1965814136,65,2,Y4136,8,81,268,2,7,,,,,,5,09,9,,09,107,08,,123,150,,,086,049,81,,113,3,682614,,,978280,,02,1969,4.0
69IN05105,1965814144,65,2,Y4144,8,81,478,4,7,,,,,,5,09,9,,09,105,11,,118,148,,,084,048,81,,121,2,685314,,,971980,,02,1969,4.0
69IN05106,1965814150,65,2,Y4150,8,81,478,2,4,,,,,,5,08,8,, 46,088,13,,128,152,2,,076,038,81,0927,092,2,685314,,,954680,,02,1969,4.0
69IN05107,1965814161,65,2,Y4161,8,81,418,4,1,,,,,,5,09,9,,09,113,12,,146,171,,,085,046,81,,111,2,663114,,,973980,,01,1969,4.0
69IN05108,1965814163,65,2,Y4163,8,81,218,2,7,,,,,,5,08,8,,09,086,12,,122,148,,,070,031,81,,076,2,594211,,,947680,,05,1969,4.0
69IN05109,1965814164,65,2,Y4164,8,81,218,4,4,,,,,,5,07,7,,09,116,12,,125,153,,,084,049,81,,114,3,594211,,,901280,,05,1969,4.0
69IN05110,1965814167,65,2,Y4167,8,81,199,4,1,,,,,,5,07,7,, 45,091,15,,118,160,2,,082,043,81,0927,105,2,575311,,,918980,,02,1969,4.0
69IN05111,1965814168,65,2,Y4168,8,81,199,2,7,,,,,,5,07,7,,09,104,14,,123,148,,,097,046,81,,095,2,575311,,,918980,,02,1969,4.0
69IN05112,1965814170,65,2,Y4170,8,81,279,2,7,,,,,,5,07,7,,,088,15,,132,,7,,088,039,81,1112,087,2,594611,,,926680,,02,1969,4.0
69IN05113,1965814172,65,2,Y4172,8,81,479,4,1,,,,,,5,07,7,,09,105,14,,141,172,,,073,041,81,,109,2,707214,,,913280,,02,1969,4.0
69IN05114,1965814182,65,2,Y4182,8,81,209,2,4,,,,,,5,07,7,,09,076,15,02,140,130,,,076,034,81,,084,2,596911,,,904780,,01,1969,4.0
69IN05115,1965814185,65,2,Y4185,8,81,239,2,4,,,,,,5,08,8,,09,120,09,,131,164,,,104,046,81,,096,2,597611,,,946580,,02,1969,4.0
69IN05116,1965814186,65,2,Y4186,8,81,379,4,1,,,,,,5,08,8,,09,099,13,,138,164,,,080,041,81,,101,2,682914,,,942480,,02,1969,4.0
69IN05117,1965814187,65,2,Y4187,8,81,379,4,7,,,,,,5,08,8,,09,102,13,,130,155,,,073,041,81,,106,2,682914,,,942480,,02,1969,4.0
69IN05118,1965814188,65,2,Y4188,8,81,549,4,7,,,,,,5,07,7,,34,093,10,,123,158,,,080,046,81,,116,2,669514,,,903880,,02,1969,4.0
69IN05119,1965814193,65,2,Y4193,8,81,278,2,4,,,,,,5,09,9,,34,102,07,,130,164,,,085,042,81,,095,2,590211,,,972180,,02,1969,4.0
69IN05120,1965814194,65,2,Y4194,8,81,278,4,7,,,,,,5,09,9,,09,105,09,,140,169,,,089,044,81,,096,3,590211,,,972180,,02,1969,4.0
69IN05121,1965814197,65,2,Y4197,8,81,399,2,1,,,,,,5,08,8,,,108,10,,132,,3,,091,043,81,1013,093,2,630314,,,934580,,01,1969,4.0
69IN05122,1965814199,65,2,Y4199,8,81,498,2,5,,,,,,5,07,7,,09,115,11,,148,160,,,082,049,81,,126,2,695514,,,912680,,02,1969,4.0
69IN05123,1965814203,65,2,Y4203,8,81,298,4,4,,,,,,5,08,8,,09,089,12,,108,132,,,073,032,81,,081,2,673214,,,956480,,02,1969,4.0
69IN05124,1965814205,65,2,Y4205,8,81,428,4,1,,,,,,5,07,7,,,108,10,,143,165,3,,099,053,81,1006,114,3,013991,,,909980,,02,1969,4.0
69IN05125,1965814208,65,2,Y4208,8,81,508,2,7,,,,,,5,09,9,,09,092,10,,133,158,,,086,045,81,,105,2,674914,,,981580,,01,1969,4.0
69IN05126,1965814216,65,2,Y4216,8,81,379,2,4,,,,,,5,09,9,,09,108,11,,144,173,,,097,051,81,,111,3,682914,,,976480,,02,1969,4.0
69IN05127,1965814217,65,2,Y4217,8,81,379,2,1,,,,,,5,09,9,,09,089,13,,115,144,,,089,047,81,,107,3,682914,,,976480,,02,1969,4.0
69IN05128,1965814218,65,2,Y4218,8,81,449,4,4,,,,,,5,07,7,,09,093,13,,130,160,,,078,033,81,,077,2,669914,,,914080,,02,1969,4.0
69IN05129,1965814220,65,2,Y4220,8,81,508,2,4,,,,,,5,08,8,,,080,11,,115,,3,,085,037,81,1013,082,2,674914,,,956080,,01,1969,4.0
69IN05130,1965814223,65,2,Y4223,8,81,359,4,1,,,,,,5,08,8,,34,088,13,,105,146,,,086,034,81,,072,2,704414,,,941280,,02,1969,4.0
69IN05131,1965814224,65,2,Y4224,8,81,359,2,8,,,,,,5,08,8,,09,096,08,,117,139,,,085,040,81,,093,2,704414,,,941280,,02,1969,4.0
69IN05132,1965814225,65,2,Y4225,8,81,449,4,7,,,,,,5,08,8,,,106,09,,125,,7,,079,046,81,1112,120,2,669914,,,940980,,05,1969,4.0
69IN05133,1965814226,65,2,Y4226,8,81,478,4,1,,,,,,5,07,7,,34,095,15,,126,161,,,083,033,81,,072,2,685314,,,909580,,02,1969,4.0
69IN05134,1965814228,65,2,Y4228,8,81,748,2,7,,,,,,5,07,7,,09,091,13,,121,144,,,072,031,81,,075,2,164518,,,908180,,02,1969,4.0
69IN05135,1965814232,65,2,Y4232,8,81,259,2,7,,,,,,5,07,7,,09,086,13,,121,143,,,090,047,81,,109,2,644314,,,910780,,01,1969,4.0
69IN05136,1965814234,65,2,Y4234,8,81,538,4,1,,,,,,5,07,7,,34,102,12,,127,164,,,087,045,81,,104,2,681914,,,904380,,02,1969,4.0
69IN05137,1965814235,65,2,Y4235,8,81,358,4,4,,,,,,5,08,8,, 44,118,10,,162,173,2,,081,043,81,0927,109,2,647814,,,953880,,02,1969,4.0
69IN05138,1965814238,65,2,Y4238,8,81,359,4,4,,,,,,5,07,7,,,087,12,,107,,3,,078,039,81,0602,097,2,704414,,,929480,,02,1969,4.0
69IN05139,1965814239,65,2,Y4239,8,81,908,4,1,,,,,,5,07,7,,09,108,14,,135,171,,,082,041,81,,099,2,141218,,,929180,,02,1969,4.0
69IN05140,1965814240,65,2,Y4240,8,81,478,4,7,,,,,,5,07,7,,09,110,12,,147,159,,,090,045,81,,100,3,685314,,,918680,,02,1969,4.0
69IN05141,1965814244,65,2,Y4244,8,81,259,2,4,,,,,,5,08,8,,09,084,14,,108,133,,,093,049,81,,123,2,644314,,,944580,,02,1969,4.0
69IN05142,1965814247,65,2,Y4247,8,81,298,2,1,,,,,,5,07,7,,34,087,09,,115,151,,,090,039,81,,087,2,673214,,,910680,,01,1969,4.0
69IN05143,1965814248,65,2,Y4248,8,81,908,4,4,,,,,,5,07,7,,34,109,12,,140,185,,,077,040,81,,097,2,141218,,,902880,,02,1969,4.0
69IN05144,1965814251,65,2,Y4251,8,81,359,2,7,,,,,,5,08,8,,,079,14,,,,6,,092,041,81,0418,085,3,704414,,,946380,,05,1969,4.0
69IN05145,1965814252,65,2,Y4252,8,81,359,2,1,,,,,,5,08,8,,09,101,13,,137,159,,,092,043,81,,094,2,704414,,,946380,,01,1969,4.0
69IN05146,1965814254,65,2,Y4254,8,81,469,4,4,,,,,,5,08,8,,,101,12,,134,156,3,,068,032,81,1006,080,2,693414,,,951080,,01,1969,4.0
69IN05147,1965814256,65,2,Y4256,8,81,229,4,4,,,,,,5,08,8,,,092,08,,130,162,3,,085,041,81,1006,097,2,692114,,,934380,,02,1969,4.0
69IN05148,1965814263,65,2,Y4263,8,81,448,2,1,,,,,,5,08,8,,34,100,09,,138,175,,,079,041,81,,100,2,671514,,,949180,,02,1969,4.0
69IN05149,1965814264,65,2,Y4264,8,81,398,2,7,,,,,,5,09,9,,,084,09,,112,133,3,,073,035,81,1006,086,2,644014,,,972580,,02,1969,4.0
69IN05150,1965814265,65,2,Y4265,8,81,398,2,4,,,,,,5,09,9,,,094,11,,137,164,3,,081,037,81,1006,089,2,644014,,,972580,,02,1969,4.0
69IN05151,1965814266,65,2,Y4266,8,81,538,4,1,,,,,,5,09,9,,09,089,15,,124,138,,,092,034,81,,067,2,681914,,,980580,,01,1969,4.0
69IN05152,1965814274,65,2,Y4274,8,81,259,4,7,,,,,,5,07,7,,09,091,14,,113,136,,,084,039,81,,088,2,644314,,,927080,,02,1969,4.0
69IN05153,1965814281,65,2,Y4281,8,81,448,2,4,,,,,,5,07,7,,09,106,13,,135,156,,,079,047,81,,123,2,671514,,,908480,,02,1969,4.0
69IN05154,1965814284,65,2,Y4284,8,81,349,4,1,,,,,,5,09,9,,09,088,14,,111,139,,,078,040,81,,094,3,582711,,,965380,,05,1969,4.0
69IN05155,1965814285,65,2,Y4285,8,81,349,2,4,,,,,,5,09,9,,34,083,13,,116,143,,,072,035,81,,090,2,582711,,,965380,,01,1969,4.0
69IN05156,1965814289,65,2,Y4289,8,81,908,2,7,,,,,,5,08,8,,09,093,13,,140,168,,,092,045,81,,104,2,141218,,,931180,,01,1969,4.0
69IN05157,1965814291,65,2,Y4291,8,81,359,2,1,,,,,,5,08,8,,34, 92,10,,112,140,,,089,035,81,,073,2,704414,,,955080,,03,1969,4.0
69IN05158,1965814295,65,2,Y4295,8,81,498,4,7,,,,,,5,09,9,,09,083,10,,134,148,,,089,042,81,,104,2,695514,,,966680,,02,1969,4.0
69IN05159,1965814298,65,2,Y4298,8,81,469,4,1,,,,,,5,07,7,,09,074,13,,108,131,,,077,034,81,,082,2,693414,,,910380,,02,1969,4.0
69IN05160,1965814301,65,2,Y4301,8,81,549,2,4,,,,,,5,09,9,, 46,113,12,,147,165,2,,103,057,81,0927,122,4,669514,,,961580,,02,1969,4.0
69IN05161,1965814304,65,2,Y4304,8,81,419,4,7,,,,,,5,08,8,,,100,10,,147,,7,,094,043,81,1112,096,2,625214,,,939680,,04,1969,4.0
69IN05162,1965814308,65,2,Y4308,8,81,479,2,7,,,,,,5,09,9,,09,097,09,,115,151,,,075,034,81,,085,2,707214,,,981280,,02,1969,4.0
69IN05163,1965814315,65,2,Y4315,8,81,548,2,1,,,,,,5,09,9,,09,121,11,,163,193,,,083,045,81,,110,2,670114,,,974280,,04,1969,4.0
69IN05164,1965814316,65,2,Y4316,8,81,449,4,4,,,,,,5,08,8,,34,101,09,,148,180,,,078,043,81,,106,2,669914,,,945080,,02,1969,4.0
69IN05165,1965814317,65,2,Y4317,8,81,449,4,7,,,,,,5,08,8,,34,103,10,,153,185,,,085,043,81,,107,2,669914,,,945080,,02,1969,4.0
69IN05166,1965814320,65,2,Y4320,8,81,509,4,1,,,,,,5,07,7,,09,074,16,,108,144,,,086,033,81,,067,2,696014,,,921580,,01,1969,4.0
69IN05167,1965814325,65,2,Y4325,8,81,539,2,4,,,,,,5,08,8,,09,085,13,,127,149,,,087,036,81,,079,2,682814,,,944480,,03,1969,4.0
69IN05168,1965814326,65,2,Y4326,8,81,259,2,4,,,,,,5,09,9,,34,078,10,,102,146,,,093,046,81,,108,2,644314,,,970180,,02,1969,4.0
69IN05169,1965814328,65,2,Y4328,8,81,499,2,7,,,,,,5,07,7,, 44,085,15,,138,147,2,,073,033,81,0927,080,2,651814,,,917380,,02,1969,4.0
69IN05170,1965814329,65,2,Y4329,8,81,518,2,1,,,,,,5,07,7,,09,084,11,,113,141,,,092,039,81,,089,2,636614,,,916580,,02,1969,4.0
69IN05171,1965814336,65,2,Y4336,8,81,378,4,4,,,,,,5,07,7,, 45,093,15,,122,140,2,,081,037,81,0927,086,2,670214,,,923980,,02,1969,4.0
69IN05172,1965814340,65,2,Y4340,8,81,468,2,7,,,,,,5,08,8,,,084,13,,137,,7,,090,045,81,1112,111,2,705714,,,931980,,02,1969,4.0
69IN05173,1965814341,65,2,Y4341,8,81,298,4,1,,,,,,5,09,9,,,100,08,,98,,3,,091,034,81,0602,073,2,673214,,,969180,,02,1969,4.0
69IN05174,1965814342,65,2,Y4342,8,81,298,2,7,,,,,,5,09,9,,34,112,09,,170,202,,,107,048,81,,099,4,673214,,,969180,,07,1969,4.0
69IN05175,1965814346,65,2,Y4346,8,81,459,4,7,,,,,,5,07,7,,09,103,14,,127,156,,,079,034,81,,077,2,647714,,,909880,,02,1969,4.0
69IN05176,1965814348,65,2,Y4348,8,81,329,4,1,,,,,,5,07,7,,,074,14,,117,145,3,,093,028,81,1006,050,2,597211,,,915680,,02,1969,4.0
69IN05177,1965814350,65,2,Y4350,8,81,549,2,7,,,,,,5,08,8,,09,100,09,,123,154,,,084,037,81,,087,2,669514,,,957280,,02,1969,4.0
69IN05178,1965814351,65,2,Y4351,8,81,549,4,4,,,,,,5,08,8,,09,089,10,,114,155,,,091,046,81,,102,3,669514,,,957280,,02,1969,4.0
69IN05179,1965814356,65,2,Y4356,8,81,298,4,4,,,,,,5,07,7,,,102,14,,,,6,,096,045,81,0330,101,2,673214,,,928280,,01,1969,4.0
69IN05180,1965814357,65,2,Y4357,8,81,409,2,7,,,,,,5,08,8,,,086,12,,145,,3,,069,038,81,1013,109,2,578514,,,934880,,02,1969,4.0
69IN05181,1965814359,65,2,Y4359,8,81,458,2,7,,,,,,5,09,9,,09,106,13,,150,171,,,081,045,81,,109,2,693014,,,970580,,01,1969,4.0
69IN05182,1965814360,65,2,Y4360,8,81,549,4,7,,,,,,5,08,8,,09,110,08,,150,174,,,079,049,81,,131,2,669514,,,933580,,02,1969,4.0
69IN05183,1965814364,65,2,Y4364,8,81,298,4,3,,,,,,5,07,7,, 44,073,13,,98,122,2,,087,033,81,0927,071,2,673214,,,901580,,02,1969,4.0
69IN05184,1965814368,65,2,Y4368,8,81,499,4,4,,,,,,5,09,9,,09,090,10,,118,155,,,088,038,81,,079,2,651814,,,972080,,02,1969,4.0
69IN05185,1965814371,65,2,Y4371,8,81,549,2,4,,,,,,5,08,8,,,083,11,,112,,3,,080,039,81,0120,097,2,669514,,,954980,,02,1969,4.0
69IN05186,1965814376,65,2,Y4376,8,81,248,4,1,,,,,,5,08,8,, 45,108,11,,153,185,2,,086,052,81,0927,121,3,581511,,,932880,,02,1969,4.0
69IN05187,1965814383,65,2,Y4383,8,81,248,2,4,,,,,,5,07,7,,09,089,13,,108,134,,,075,037,81,,091,2,581511,,,900980,,02,1969,4.0
69IN05188,1965814384,65,2,Y4384,8,81,248,2,1,,,,,,5,07,7,,09,088,15,,123,139,,,078,032,81,,073,2,581511,,,900980,,02,1969,4.0
69IN05189,1965814385,65,2,Y4385,8,81,359,4,4,,,,,,5,07,7,,34,084,14,,105,140,,,079,032,81,,071,2,704414,,,922480,,01,1969,4.0
69IN05190,1965814389,65,2,Y4389,8,81,368,4,7,,,,,,5,08,8,,34,092,10,,138,168,,,070,033,81,,089,2,667414,,,956980,,02,1969,4.0
69IN05191,1965814391,65,2,Y4391,8,81,298,2,1,,,,,,5,07,7,, 46,076,10,,105,130,2,,077,028,81,0927,063,2,673214,,,926980,,02,1969,4.0
69IN05192,1967903776,67,3,V3776,9,,,,,,,,,,3,04,,,,,,,,,6,,,,90,0630,,,,,,,,,1969,2.0
69IN05193,1967903838,67,1,V3838,9,,,,,,,,,,3,77,,,,,,,,,,,,,90,,,,,,,,,,1969,2.0
69IN05194,1967903891,67,1,V3891,9,,,,,,,,,,3,10,,,,,,,200,,3,,,,90,0630,,,,,,,,,1969,2.0
69IN05195,1967903898,67,3,V3898,9,,,,,,,,,,3,67,,,,,,,,,,,,,90,,,,,,,,,,1969,2.0
69IN05196,1967904179,67,3,V4179,9,,,,,,,,,,3,44,,,,,,,,,6,,,,90,0114,,,,,,,,,1969,2.0
69IN05197,1967904462,67,1,V4462,9,,,,,,,,,,3,10,,,,,,,205,,3,,,,90,0630,,,,,,,,,1969,2.0
69IN05198,1967904510,67,3,V4510,9,,,,,,,,,,3,10,,,,,,,170,,3,,,,90,0602,,,,,,,,,1969,2.0
69IN05199,1967904560,67,3,V4560,9,,,,,,,,,,3,01,,,,,,,,,6,,,,90,0811,,,,,,,,,1969,2.0
69IN05200,1967904641,67,3,V4641,9,,,,,,,,,,3,10,,,,,,,168,,3,,,,90,0630,,,,,,,,,1969,2.0
69IN05201,1968905691,68,3,V5691,9,,,,,,,,,,2,44,,,,,,,100,,,,,,90,,,,,,,,,,1969,1.0
69IN05202,1968905897,68,3,V5897,9,,,,,,,,,,2,02,,,,,,,96,,,,,,90,,,,,,,,,,1969,1.0
69IN05203,1968905922,68,3,V5922,9,,,,,,,,,,2,01,,,,,,,106,,,,,,90,,,,,,,,,,1969,1.0
69IN05204,1968906096,68,3,V6096,9,,,,,,,,,,2,03,,,,,,,108,,,,,,90,,,,,,,,,,1969,1.0
69IN05205,1968906395,68,3,V6395,9,,,,,,,,,,2,41,,,,,,,105,,,,,,90,,,,,,,,,,1969,1.0
69IN05206,1968905505,68,3,V5505,9,,,,,,,,,,2,01,,,,,,,108,,,,,,90,,,,,,,,,,1969,1.0
