UID,ID,AGE,LINE,RMK,BPEN,BGRP,RGRP,FALLWT,BAND,WORK,PD,DISP,STM,WTNOV,WDAYN,WTWIN,WDAYW
09BR00001,00976,9.0,18,,,,0,0,,,3,,07,,,,
09BR00002,01161,9.0,18,MISSING?,,,0,180,1,,3,93,07,,,,
09BR00003,03101,4.0,m3,NE23-5031,,,0,190,D,,1,,m3,,,,
09BR00004,03178,4.0,m3,NE23-5031,,,0,0,,,3,,m3,,,,
09BR00005,03193,4.0,m3,NE23-5031,,,0,0,2,,1,,m3,,,,
09BR00006,03022,5.5,00,,,,7,0,T,,1,,33,,,,
09BR00007,03039,5.5,00,No ear tag,,,7,0,T,,3,93,33,,,,
09BR00008,03058,5.5,00,,,,7,0,T,,1,,33,,,,
09BR00009,03060,5.5,00,,,,7,0,T,,1,,33,,,,
09BR00010,03083,5.5,00,,,,7,0,T,,1,,33,,,,
09BR00011,03085,5.5,00,,,,7,0,T,,1,,33,,,,
09BR00012,03160,5.5,00,LATEtoMIL,,,7,0,T,,1,,33,,,,
09BR00013,A8236,8.0,84,NICE EWE,,,0,152,1,,3,93,30,,,,
09BR00014,A8274,8.0,84,"L.EYE, NO",,,0,0,2,,3,93,30,,,,
09BR00015,A8283,8.0,81,,,,0,0,2,,3,93,30,,,,
09BR00016,A8294,8.0,84,Ytex 2005,,,0,0,1,,3,93,30,,,,
09BR00017,A8295,8.0,84,,,,0,188,D,,3,93,30,,,,
09BR00018,A8394,8.0,82,"Preg tox, pbc",,,0,0,,,3,66,30,,,,
09BR00019,A8404,8.0,82,,,,0,171,1,,3,93,30,,,,
09BR00020,A8405,8.0,82,THIN,,,0,0,2,,3,93,30,,,,
09BR00021,A8414,8.0,82,THIN,,,0,187,D,,3,93,30,,,,
09BR00022,A8443,8.0,84,HAIRY,,,0,184,1,,3,93,30,,,,
09BR00023,A8498,8.0,84,OK (BUSH),,,0,172,1,,3,93,30,,,,
09BR00024,A8505,8.0,84,,,,0,0,,,3,93,30,,,,
09BR00025,A8616,8.0,81,TRT L.EYE,,,0,0,2,,3,93,30,,,,
09BR00026,A8662,8.0,82,OPP type lngs,,,0,0,,,6,15,30,,,,
09BR00027,A8670,8.0,83,OK,,,0,141,D,,3,93,30,,,,
09BR00028,A8790,8.0,82,L.EYE SPO,,,0,162,D,,3,93,30,,,,
09BR00029,A8916,7.0,84,,,,0,173,2,,3,93,30,,,,
09BR00030,A9034,7.0,84,LAME TX.,82,2,0,190,1,W,1,,30,185,1123,165,0202
09BR00031,A9062,7.0,84,,69,2,0,0,2,W,1,,30,186,1123,165,0202
09BR00032,A9134,7.0,82,,,,0,194,H,,3,93,30,,,,
09BR00033,A9359,7.0,83,Pneumonia opp,,,0,0,,,6,66,30,,,,
09BR00034,A9458,7.0,84,,67,2,0,0,2,W,1,,30,142,1123,139,0202
09BR00035,A9511,7.0,81,THIN + PO,80,2,0,183,1,W,1,,30,173,1123,165,0202
09BR00036,A9545,7.0,81,MUCHO LEC,80,2,0,0,2,W,1,,30,171,1123,159,0202
09BR00037,A9608,7.0,82,No date given,,,0,0,1,,6,01,30,,,,
09BR00038,A9667,7.0,84,DYSTOCIA,68,2,0,0,2,W,1,,30,157,1123,154,0202
09BR00039,A9715,7.0,81,NICE,83,2,0,169,1,W,1,,30,173,1123,158,0202
09BR00040,A9761,7.0,83,"CLA, pbc",,,0,0,,,6,66,30,,,,
09BR00041,H0407,6.0,88,,,,0,155,D,,3,93,30,,,,
09BR00042,H0419,6.0,88,,50,2,0,0,2,W,1,,30,189,1123,174,0202
09BR00043,H0432,6.0,88,LAME RR ',83,2,0,186,D,W,1,,30,192,1123,173,0202
09BR00044,H0439,6.0,88,,,,0,0,2,,3,93,30,,,,
09BR00045,H0478,6.0,88,R.P.,,,0,0,1,,7,97,30,,,,
09BR00046,H0484,6.0,88,,49,2,0,188,1,W,1,,30,183,1123,167,0202
09BR00047,H0495,6.0,88,,67,2,0,189,1,W,1,,30,180,1123,168,0202
09BR00048,H0564,6.0,88,PNEU.,,,0,178,H,,3,93,30,,,,
09BR00049,H0570,6.0,88,Cancerous eye,,,0,0,,,6,18,30,,,,
09BR00050,H0591,6.0,88,VLT RIGHT,,,0,0,,,1,,30,,,,
09BR00051,H0601,6.0,88,,48,2,0,0,,W,1,,30,180,1123,174,0202
09BR00052,H0639,6.0,88,,82,2,0,147,1,W,1,,30,147,1123,140,0202
09BR00053,H0640,6.0,88,OK (L.EYE,46,2,0,190,1,W,1,,30,198,1123,182,0202
09BR00054,H0643,6.0,88,,,,0,175,1,,1,,30,,,,
09BR00055,H0653,6.0,88,THIN,68,2,0,175,1,W,1,,30,163,1123,168,0202
09BR00056,H0671,6.0,88,,47,2,0,0,,W,1,,30,185,1123,155,0202
09BR00057,H0702,6.0,88,,81,2,0,175,1,W,1,,30,174,1123,159,0202
09BR00058,H0755,5.0,82,LOW BAG F,,,0,0,2,,1,,30,,,,
09BR00059,H0762,5.0,82,Unknown date,52,2,0,182,1,W,1,01,30,186,1123,170,0202
09BR00060,H0780,5.0,83,,83,2,0,0,2,W,1,,30,180,1123,166,0202
09BR00061,H0824,5.0,82,PNEU.TX.E,51,2,0,142,1,W,1,,30,128,1123,137,0202
09BR00062,H0834,5.0,82,,69,2,0,0,,W,1,,30,165,1123,154,0202
09BR00063,H0850,5.0,82,L.BLOODYM,,,0,0,2,,1,,30,,,,
09BR00064,H0871,5.0,83,RP,50,2,0,161,1,W,1,,30,167,1123,147,0202
09BR00065,H0876,5.0,83,,77,2,0,178,2,W,1,,30,185,1123,172,0202
09BR00066,H0884,5.0,82,,,,0,0,2,,7,97,30,,,,
09BR00067,H0888,5.0,83,THIN 11/2,49,2,0,191,1,W,1,,30,188,1123,169,0202
09BR00068,H0891,5.0,83,hmrrhgc bowel,,,0,0,,,6,71,30,,,,
09BR00069,H0892,5.0,83,TX. L. EY,83,2,0,0,2,W,1,,30,181,1123,171,0202
09BR00070,H0896,5.0,83,,48,2,0,0,2,W,1,,30,158,1123,155,0202
09BR00071,H0906,5.0,88,VLT RIGHT,,,0,0,2,,1,,30,,,,
09BR00072,H0951,5.0,82,,67,2,0,0,2,W,1,,30,172,1123,161,0202
09BR00073,H0954,5.0,88,,,,0,0,,,1,,30,,,,
09BR00074,H0960,5.0,88,,46,2,0,0,,W,1,,30,179,1123,167,0202
09BR00075,H0977,5.0,82,NICE LAMB,,,0,186,1,,3,93,30,,,,
09BR00076,H0987,5.0,82,,78,2,0,0,,W,1,,30,179,1123,166,0202
09BR00077,H0988,5.0,82,THIN,47,2,0,160,1,W,1,,30,165,1123,157,0202
09BR00078,H1006,5.0,83,4TEATS,77,2,0,186,1,W,1,,30,179,1123,148,0202
09BR00079,H1008,5.0,83,NICE LAMB,52,2,0,167,1,W,1,,30,178,1123,156,0202
09BR00080,H1039,5.0,88,OPP,,,0,0,,,6,76,30,,,,
09BR00081,H1044,5.0,82,UGLY,79,2,0,175,1,W,1,,30,177,1123,169,0202
09BR00082,H1080,5.0,83,,51,2,0,0,2,W,1,,30,162,1123,0,
09BR00083,H1121,5.0,82,,69,2,0,0,,W,1,,30,184,1123,180,0202
09BR00084,H1123,5.0,82,VLT LEFT,50,2,0,181,1,W,1,,30,168,1123,162,0202
09BR00085,H1134,5.0,83,"NICE, 4TE",79,2,0,0,2,W,1,,30,177,1123,159,0202
09BR00086,H1135,5.0,83,R.P.,,,0,0,2,,7,97,30,,,,
09BR00087,H1141,5.0,88,VLTS,,,0,0,,,3,93,30,,,,
09BR00088,H1160,5.0,82,4TEATS,49,2,0,174,1,W,1,,30,174,1123,161,0202
09BR00089,H1176,5.0,82,,,,0,184,1,,1,,30,,,,
09BR00090,H1177,5.0,82,,83,2,0,190,H,W,1,,30,172,1123,179,0202
09BR00091,H1193,5.0,82,LT LEFT,48,2,0,0,2,W,1,,30,181,1123,156,0202
09BR00092,H1194,5.0,83,,78,2,0,0,2,W,1,,30,194,1123,178,0202
09BR00093,H1202,5.0,82,,,,0,139,D,,1,93,30,,,,
09BR00094,H1208,5.0,83,,,,0,0,,,1,,30,,,,
09BR00095,H1223,5.0,83,,46,2,0,169,1,W,1,,30,175,1123,164,0202
09BR00096,H1231,5.0,82,SX.MOUTH,67,2,0,0,2,W,1,,30,171,1123,202,0202
09BR00097,H1240,5.0,83,HAIRY,47,2,0,176,H,W,1,,30,182,1123,162,0202
09BR00098,H1241,5.0,83,HAIRY,,,0,0,,,1,93,30,,,,
09BR00099,H1253,5.0,88,VLT RIGHT,68,2,0,166,1,W,1,,30,148,1123,143,0202
09BR00100,H1261,5.0,83,HAIRY,52,2,0,203,1,W,1,,30,200,1123,181,0202
09BR00101,H1269,5.0,83,,67,2,0,160,1,W,1,,30,162,1123,148,0202
09BR00102,H1303,5.0,88,L.EYE TRT,51,2,0,0,,W,1,,30,171,1123,157,0202
09BR00103,H1307,5.0,82,R.P.,83,2,0,161,1,W,1,,30,162,1123,146,0202
09BR00104,H1312,5.0,82,NICE LAMB,50,2,0,184,1,W,1,,30,179,1123,177,0202
09BR00105,H1333,5.0,82,,,,0,0,1,,1,,30,,,,
09BR00106,H1338,5.0,82,HAIRY,68,2,0,179,1,W,1,,30,162,1123,162,0202
09BR00107,H1341,5.0,83,HAIRY,49,2,0,182,1,W,1,,30,176,1123,150,0202
09BR00108,H1342,5.0,83,,69,2,0,176,1,W,1,,30,175,1123,202,0202
09BR00109,H1365,5.0,82,4TEATS,48,2,0,0,,W,1,,30,127,1123,130,0202
09BR00110,H1393,4.0,88,,78,2,0,183,1,W,1,,30,175,1123,166,0202
09BR00111,H1397,4.0,88,,46,2,0,148,1,W,1,,30,145,1123,135,0202
09BR00112,H1399,4.0,88,PNEU.,85,2,7,202,1,W,1,,30,199,1123,180,0202
09BR00113,H1425,4.0,88,HAIRY,47,2,7,170,1,W,1,,30,167,1123,151,0202
09BR00114,H1431,4.0,88,,82,2,7,157,1,W,1,,30,157,1123,135,0202
09BR00115,H1451,4.0,88,THIN,52,2,7,0,2,W,1,,30,195,1123,206,0202
09BR00116,H1460,4.0,88,THIN,,,7,173,1,,3,93,30,,,,
09BR00117,H1474,4.0,83,"IMM, WEAK",,,7,0,1,,1,,30,,,,
09BR00118,H1478,4.0,88,,67,2,0,180,1,W,1,,30,173,1123,168,0202
09BR00119,H1490,4.0,83,R.P.,51,2,7,184,1,W,1,,30,177,1123,168,0202
09BR00120,H1492,4.0,83,NICE YRLG,,,0,0,2,,1,93,30,,,,
09BR00121,H1500,4.0,88,HAIRY,68,2,7,0,2,W,1,,30,137,1123,168,0202
09BR00122,H1515,4.0,88,,50,2,7,165,1,W,1,,30,152,1123,143,0202
09BR00123,H1517,4.0,88,,69,2,0,200,1,W,1,,30,187,1123,173,0202
09BR00124,H1520,4.0,83,,49,2,0,0,,W,1,,30,213,1123,201,0202
09BR00125,H1525,4.0,83,,79,2,7,0,2,W,1,,30,179,1123,166,0202
09BR00126,H1526,4.0,82,TIGHT FIT,,,0,0,,,1,,30,,,,
09BR00127,H1527,4.0,83,TRT L.EYE,48,2,7,0,2,W,1,,30,196,1123,169,0202
09BR00128,H1543,4.0,83,"THIN,VAGI",,,0,173,1,,1,,30,,,,
09BR00129,H1546,4.0,82,,80,2,7,198,,W,1,,30,196,1123,186,0202
09BR00130,H1547,4.0,83,,46,2,7,0,2,W,1,,30,183,1123,173,0202
09BR00131,H1549,4.0,88,,,,0,199,,,1,,30,,,,
09BR00132,H1557,4.0,83,,82,2,7,190,D,W,1,,30,177,1123,160,0202
09BR00133,H1561,4.0,88,,47,2,7,0,2,W,1,,30,196,1123,172,0202
09BR00134,H1564,4.0,83,JAW SX.TX,,,7,130,1,,1,93,30,,,,
09BR00135,H1570,4.0,82,THIN,81,2,7,0,2,W,1,,30,174,1123,163,0202
09BR00136,H1571,4.0,82,SNORTY,52,2,0,189,1,W,1,,30,187,1123,173,0202
09BR00137,H1572,4.0,82,,,,7,0,,,3,93,30,,,,
09BR00138,H1577,4.0,83,Evisceration,,,7,0,,,6,34,30,,,,
09BR00139,H1578,4.0,83,,79,2,0,0,2,W,1,,30,188,1123,175,0202
09BR00140,H1579,4.0,83,,51,2,0,0,2,W,1,,30,203,1123,194,0202
09BR00141,H1585,4.0,82,NICE EWE,79,2,7,187,1,W,1,,30,190,1123,167,0202
09BR00142,H1591,4.0,88,,50,2,7,180,1,W,1,,30,168,1123,166,0202
09BR00143,H1603,4.0,82,,,,7,172,1,,1,93,30,,,,
09BR00144,H1606,4.0,88,NOT OPEN,85,2,0,0,2,W,1,,30,194,1123,189,0202
09BR00145,H1608,4.0,83,THIN,49,2,7,168,1,W,1,,30,162,1123,154,0202
09BR00146,H1610,4.0,83,,78,2,7,166,1,W,1,,30,165,1123,158,0202
09BR00147,H1619,4.0,82,Poison,,,7,0,1,,6,04,30,,,,
09BR00148,H1626,4.0,82,,48,2,7,0,2,W,1,,30,169,1123,161,0202
09BR00149,H1627,4.0,82,,81,2,7,171,1,W,1,,30,163,1123,155,0202
09BR00150,H1633,4.0,82,,46,2,0,0,2,W,1,,30,173,1123,158,0202
09BR00151,H1648,4.0,83,HAIRY,,,7,221,1,,1,,30,,,,
09BR00152,H1665,4.0,83,,68,2,7,168,H,W,1,,30,169,1123,152,0202
09BR00153,H1668,4.0,82,,47,2,7,191,1,W,1,,30,175,1123,140,0202
09BR00154,H1683,4.0,88,,82,2,0,177,1,W,1,,30,161,1123,159,0202
09BR00155,H1684,4.0,88,,52,2,7,195,1,W,1,,30,189,1123,183,0202
09BR00156,H1696,4.0,88,,77,2,7,176,1,W,1,,30,173,1123,162,0202
09BR00157,H1724,4.0,83,,51,2,7,0,2,W,1,,30,176,1123,172,0202
09BR00158,H1725,4.0,82,,80,2,0,0,2,W,1,,30,190,1123,171,0202
09BR00159,H1727,4.0,88,,50,2,0,0,2,W,1,,30,161,1123,152,0202
09BR00160,H1732,4.0,82,,83,2,7,173,1,W,1,,30,173,1123,157,0202
09BR00161,H1733,4.0,82,LT LEFT,49,2,7,169,D,W,1,,30,168,1123,162,0202
09BR00162,H1747,4.0,82,TOO BIG,77,2,0,198,1,W,1,,30,205,1123,186,0202
09BR00163,H1761,4.0,82,,48,2,7,187,1,W,1,,30,197,1123,172,0202
09BR00164,H1762,4.0,88,,77,2,7,186,1,W,1,,30,193,1123,184,0202
09BR00165,H1764,4.0,88,,,,0,0,2,,1,,30,,,,
09BR00166,H1778,4.0,83,THIN,46,2,7,180,1,W,1,,30,172,1123,165,0202
09BR00167,H1787,4.0,83,THIN,69,2,7,182,1,W,1,,30,186,1123,171,0202
09BR00168,H1795,4.0,82,OK (L.SHO,,,7,187,1,,1,,30,,,,
09BR00169,H1799,4.0,82,HAIRY,,,0,170,1,,3,93,30,,,,
09BR00170,H1806,4.0,82,LAME RF ',47,2,0,177,1,W,1,,30,173,1123,174,0202
09BR00171,H1809,4.0,82,NICE EWE,67,2,7,0,2,W,1,,30,202,1123,184,0202
09BR00172,H1810,4.0,83,,49,2,7,152,1,W,1,,30,161,1123,161,0202
09BR00173,H1822,4.0,82,4TEATS,68,2,7,195,1,W,1,,30,182,1123,172,0202
09BR00174,H1824,4.0,82,,,,7,0,2,,1,93,30,,,,
09BR00175,H1839,4.0,83,,51,2,0,171,H,W,1,,30,174,1123,169,0202
09BR00176,H1844,4.0,82,Nasal mass,,,7,0,,,6,66,30,,,,
09BR00177,H1847,4.0,83,,84,2,7,212,D,W,1,,30,224,1123,192,0202
09BR00178,H1855,4.0,83,TIGHT EXI,48,2,7,178,1,W,1,,30,173,1123,169,0202
09BR00179,H1857,4.0,83,,78,2,0,183,1,W,1,,30,187,1123,174,0202
09BR00180,H1862,4.0,82,,46,2,7,0,2,W,1,,30,181,1123,176,0202
09BR00181,H1869,4.0,82,,,,7,213,D,,1,,30,,,,
09BR00182,H1897,4.0,88,,85,2,7,211,1,W,1,,30,210,1123,196,0202
09BR00183,H1898,4.0,88,NICE LAMB,48,2,7,182,1,W,1,,30,191,1123,186,0202
09BR00184,H1903,4.0,88,,81,2,7,192,1,W,1,,30,191,1123,175,0202
09BR00185,H1920,4.0,88,LAME LR H,,,7,186,1,,1,93,30,,,,
09BR00186,H1922,4.0,88,SUCK1SIDE,,,7,208,D,,1,,30,,,,
09BR00187,H1943,4.0,82,,46,2,7,0,2,W,1,,30,172,1123,166,0202
09BR00188,H1956,4.0,83,,81,2,7,0,2,W,1,,30,189,1123,173,0202
09BR00189,H1957,4.0,83,BIG4HER,47,2,7,0,2,W,1,,30,169,1123,163,0202
09BR00190,H1970,4.0,83,,82,2,7,0,2,W,1,,30,175,1123,160,0202
09BR00191,H1990,4.0,82,,52,2,7,202,1,W,1,,30,204,1123,184,0202
09BR00192,H1991,4.0,82,SM.UDDER,85,2,7,204,1,W,1,,30,195,1123,186,0202
09BR00193,H2018,4.0,83,THIN,52,2,7,172,1,W,1,,30,168,1123,160,0202
09BR00194,H2045,4.0,88,,77,2,7,171,1,W,1,,30,166,1123,149,0202
09BR00195,H2058,4.0,88,ENTROPION,,,0,177,1,,1,,30,,,,
09BR00196,H2063,4.0,88,Dead somehow,,,7,0,2,,3,01,30,,,,
09BR00197,H2067,4.0,83,,,,7,0,1,,1,,30,,,,
09BR00198,H2093,4.0,88,GAUNT,,,7,197,D,,1,,30,,,,
09BR00199,H2097,4.0,82,FEVER.TX.,50,2,0,187,1,W,1,,30,180,1123,175,0202
09BR00200,H2119,4.0,82,,,,0,216,D,,1,,30,,,,
09BR00201,H2132,4.0,82,PNEU.TX.E,78,2,7,0,2,W,1,,30,184,1123,174,0202
09BR00202,H2136,4.0,82,Biomedical,,,0,0,,,3,93,30,,,,
09BR00203,H2150,4.0,82,,49,2,7,0,,W,1,,30,172,1123,167,0202
09BR00204,H2151,4.0,82,CHK.L.EYE,82,2,7,0,2,W,1,,30,190,1123,176,0202
09BR00205,H2152,4.0,82,,48,2,7,0,2,W,1,,30,185,1123,183,0202
09BR00206,H2158,4.0,82,HAIRY,,,7,215,D,,1,,30,,,,
09BR00207,H2162,4.0,82,,,,7,179,1,,3,93,30,,,,
09BR00208,H2163,4.0,82,Biomedical,,,7,0,2,,3,93,30,,,,
09BR00209,H2175,4.0,82,,,,7,0,,,1,,30,,,,
09BR00210,H2189,4.0,88,TOOBIG4HE,,,0,200,D,,1,,30,,,,
09BR00211,H2192,3.0,88,,77,2,7,0,2,W,1,,30,152,1123,148,0202
09BR00212,H2194,3.0,88,,46,2,7,156,1,W,1,,30,153,1123,144,0202
09BR00213,H2195,3.0,88,,,,7,0,2,,1,93,30,,,,
09BR00214,H2199,3.0,88,,84,2,0,0,,W,1,,30,136,1123,127,0202
09BR00215,H2201,3.0,88,,47,2,0,168,1,W,1,,30,159,1123,149,0202
09BR00216,H2210,3.0,88,ENTR 4TEA,79,2,7,166,1,W,1,,30,175,1123,159,0202
09BR00217,H2211,3.0,88,,,,7,172,1,,1,93,30,,,,
09BR00218,H2217,3.0,88,R.P.,47,2,7,0,,W,1,,30,198,1123,183,0202
09BR00219,H2219,3.0,88,THIN,68,2,0,0,2,W,1,,30,163,1123,166,0202
09BR00220,H2230,3.0,88,,50,2,0,181,1,W,1,,30,177,1123,170,0202
09BR00221,H2245,3.0,88,PPG DYSTO,83,2,0,193,1,W,1,,30,195,1123,182,0202
09BR00222,H2258,3.0,88,,50,2,7,154,1,W,1,,30,167,1123,148,0202
09BR00223,H2267,3.0,88,,69,2,0,0,,W,1,,30,158,1123,152,0202
09BR00224,H2274,3.0,88,,,,0,192,D,,3,93,30,,,,
09BR00225,H2278,3.0,88,,49,2,7,182,1,W,1,,30,180,1123,158,0202
09BR00226,H2286,3.0,00,,,,7,175,2,,1,,33,,,,
09BR00227,H2300,3.0,88,NICE EWE,84,2,7,0,2,W,1,,30,200,1123,176,0202
09BR00228,H2309,3.0,88,,46,2,7,0,,W,1,,30,156,1123,146,0202
09BR00229,H2312,3.0,00,HAIRY 4TE,,,7,209,2,,1,,33,,,,
09BR00230,H2315,3.0,00,4TEATS,,,7,0,D,,1,,33,,,,
09BR00231,H2317,3.0,88,"WEAK, HAI",,,7,213,1,,1,93,30,,,,
09BR00232,H2324,3.0,88,R.P. 72hr,68,2,0,143,1,W,1,,30,144,1123,143,0202
09BR00233,H2340,3.0,00,,,,7,164,H,,1,93,33,,,,
09BR00234,H2341,3.0,00,,,,7,0,D,,1,,33,,,,
09BR00235,H2349,3.0,88,,46,2,7,148,1,W,1,,30,138,1123,143,0202
09BR00236,H2350,3.0,88,Biomedical,,,7,0,,,3,93,30,,,,
09BR00237,H2354,3.0,88,,80,2,0,0,2,W,1,,30,187,1123,174,0202
09BR00238,H2355,3.0,88,,47,2,0,167,1,W,1,,30,176,1123,157,0202
09BR00239,H2359,3.0,00,,,,7,196,2,,1,,33,,,,
09BR00240,H2360,3.0,00,,,,7,164,H,,1,,33,,,,
09BR00241,H2364,3.0,00,,,,7,199,D,,1,,33,,,,
09BR00242,H2371,3.0,88,,80,2,0,169,1,W,1,,30,168,1123,161,0202
09BR00243,H2378,3.0,88,,,,7,179,1,,1,93,30,,,,
09BR00244,H2379,3.0,88,,52,2,7,156,1,W,1,,30,152,1123,145,0202
09BR00245,H2380,3.0,88,,77,2,7,167,1,W,1,,30,173,1123,162,0202
09BR00246,H2386,3.0,88,Biomedical,,,7,214,1,,3,93,30,,,,
09BR00247,H2397,3.0,88,,51,2,0,187,1,W,1,,30,182,1123,175,0202
09BR00248,H2399,3.0,88,,83,2,7,0,2,W,1,,30,190,1123,159,0202
09BR00249,H2401,3.0,88,HAIRY,50,2,7,0,,W,1,,30,177,1123,170,0202
09BR00250,H2403,3.0,88,,,,0,172,1,,1,93,30,,,,
09BR00251,H2404,3.0,88,,83,2,0,174,1,W,1,,30,173,1123,167,0202
09BR00252,H2429,3.0,00,SCOURS TX,,,7,180,H,,1,,33,,,,
09BR00253,H2439,3.0,88,,49,2,0,0,2,W,1,,30,153,1123,147,0202
09BR00254,H2450,3.0,88,ENTROPION,80,2,0,0,2,W,1,,30,173,1123,171,0202
09BR00255,H2454,3.0,88,,48,2,0,156,1,W,1,,30,156,1123,151,0202
09BR00256,H2460,3.0,00,,,,7,197,H,,1,,33,,,,
09BR00257,H2462,3.0,88,,79,2,7,0,2,W,1,,30,177,1123,162,0202
09BR00258,H2494,3.0,88,,,,0,0,2,,3,93,30,,,,
09BR00259,H2498,3.0,88,,46,2,0,183,1,W,1,10,30,182,1123,0,
09BR00260,H2508,3.0,88,,84,2,0,202,D,W,1,,30,208,1123,194,0202
09BR00261,H2522,3.0,88,SCOURS TX,47,2,7,172,1,W,1,,30,170,1123,164,0202
09BR00262,H2524,3.0,88,LAME TX.,,,7,0,2,,7,97,30,,,,
09BR00263,H2539,3.0,00,,,,7,0,D,,1,,33,,,,
09BR00264,H2541,3.0,00,,,,7,176,2,,1,,33,,,,
09BR00265,H2543,3.0,00,4TEATS,,,7,162,2,,1,,33,,,,
09BR00266,H2546,3.0,00,ENTROPION,,,7,195,2,,1,10,33,,,,
09BR00267,H2553,3.0,00,Utrn/gi adhsn,,,7,0,,,6,01,33,,,,
09BR00268,H2559,3.0,88,,78,2,7,189,1,W,1,,30,187,1123,175,0202
09BR00269,H2582,3.0,00,,,,7,0,D,,1,,33,,,,
09BR00270,H2587,3.0,00,,,,7,224,1,,1,,33,,,,
09BR00271,H2589,3.0,88,,52,2,0,182,1,W,1,,30,185,1123,176,0202
09BR00272,H2619,3.0,88,BIG1st PA,,,0,0,2,,1,,30,,,0,
09BR00273,H2623,3.0,00,,,,7,179,2,,1,,33,,,,
09BR00274,H2625,3.0,00,,,,7,185,2,,1,,33,,,,
09BR00275,H2630,3.0,00,4TEATS,,,7,0,D,,1,,33,,,,
09BR00276,H2634,3.0,00,"BUSHY, sa",,,7,198,,,1,,33,,,,
09BR00277,H2638,3.0,88,,77,2,0,0,2,W,1,,30,160,1123,145,0202
09BR00278,H2646,3.0,00,Biomedical,,,7,193,2,,3,93,33,,,,
09BR00279,H2650,3.0,88,,51,2,0,209,1,W,1,,30,195,1123,185,0202
09BR00280,H2653,3.0,00,,,,7,184,D,,1,,33,,,0,
09BR00281,H2664,3.0,88,,79,2,0,176,1,W,1,,30,180,1123,171,0202
09BR00282,H2682,3.0,00,ENTROPION,,,7,186,D,,1,,33,,,0,
09BR00283,H2683,3.0,00,,,,7,183,2,,1,,33,,,,
09BR00284,H2687,3.0,88,,50,2,0,177,1,W,1,,30,171,1123,164,0202
09BR00285,H2695,3.0,88,,85,2,7,132,1,W,1,,30,134,1123,122,0202
09BR00286,H2699,3.0,88,,49,2,0,181,1,W,1,,30,179,1123,152,0202
09BR00287,H2700,3.0,88,,84,2,0,153,1,W,1,,30,151,1123,0,
09BR00288,H2704,3.0,88,,52,2,7,172,1,W,1,,30,173,1123,164,0202
09BR00289,H2719,3.0,00,,,,7,200,D,,1,,33,,,,
09BR00290,H2722,3.0,00,,,,7,0,D,,1,,33,,,,
09BR00291,H2726,3.0,00,HAIRY,,,7,0,D,,1,,33,,,,
09BR00292,H2730,3.0,88,NICE EWE,77,2,0,195,1,W,1,,30,203,1123,183,0202
09BR00293,H2758,3.0,88,,46,2,0,193,1,W,1,,30,191,1123,178,0202
09BR00294,H2783,3.0,00,,,,7,187,,,3,93,33,,,,
09BR00295,H2785,3.0,88,,69,2,0,149,1,W,1,,30,147,1123,140,0202
09BR00296,H2787,3.0,88,,47,2,7,0,,W,1,,30,211,1123,196,0202
09BR00297,H2790,3.0,88,,83,2,0,0,2,W,1,,30,187,1123,177,0202
09BR00298,H2798,3.0,88,,52,2,0,0,,W,1,,30,166,1123,155,0202
09BR00299,H2800,3.0,00,Biomedical,,,7,222,H,,3,93,33,,,,
09BR00300,H2803,3.0,88,PNEU.TX.,,,7,0,2,,1,93,30,,,,
09BR00301,H2805,3.0,00,,,,7,223,2,,1,,33,,,0,
09BR00302,H2810,3.0,00,UMB.INFEC,,,7,201,2,,1,,33,,,,
09BR00303,H2819,3.0,00,Rupt. uterus,,,7,0,,,6,01,33,,,,
09BR00304,H2824,3.0,88,,81,2,0,168,1,W,1,,30,167,1123,159,0202
09BR00305,H2825,3.0,00,PNEU.TX.,,,7,202,H,,1,,33,,,0,
09BR00306,H2827,3.0,00,,,,7,201,2,,1,,33,,,0,
09BR00307,H2828,3.0,88,HAIRY,51,2,7,166,1,W,1,,30,161,1123,160,0202
09BR00308,H2831,3.0,88,,85,2,0,124,1,0,1,,30,0,,0,
09BR00309,H2838,3.0,88,,49,2,7,0,,W,1,,30,183,1123,166,0202
09BR00310,H2853,3.0,88,ALLERGIC,79,2,0,148,1,W,1,,30,159,1123,148,0202
09BR00311,H2855,3.0,88,,49,2,0,0,,W,1,,30,157,1123,147,0202
09BR00312,H2866,3.0,88,,,,7,151,1,,1,93,30,,,,
09BR00313,H2867,3.0,88,,82,2,7,174,1,W,1,,30,175,1123,162,0202
09BR00314,H2873,3.0,88,"ENTR,PNEU",48,2,0,0,2,W,1,,30,197,1123,181,0202
09BR00315,H2882,3.0,88,PNEU.TX.,81,2,0,0,2,W,1,,30,185,1123,181,0202
09BR00316,H2890,3.0,88,4TEATS,50,2,7,143,1,W,1,,30,152,1123,147,0202
09BR00317,H2892,3.0,88,,67,2,7,0,2,W,1,,30,177,1123,167,0202
09BR00318,H2895,3.0,88,PNEU.TX.,47,2,7,0,,W,1,,30,183,1123,176,0202
09BR00319,H2897,3.0,88,PNEU.TX.,67,2,7,0,,W,1,,30,164,1123,159,0202
09BR00320,H2906,3.0,88,,51,2,7,0,2,W,1,,30,157,1123,158,0202
09BR00321,H2909,3.0,88,OK,79,2,0,0,2,W,1,,30,188,1123,165,0202
09BR00322,H2932,2.0,88,.,46,2,7,149,1,W,1,,30,150,1123,144,0202
09BR00323,H2934,2.0,00,.,,,7,166,H,,1,,33,,,,
09BR00324,H2937,2.0,88,Unr.lmnss pbc,,,7,0,,,6,66,30,,,,
09BR00325,H2948,2.0,00,Biomedical,,,7,175,2,,3,93,33,,,,
09BR00326,H2952,2.0,00,.,,,7,177,2,,1,,33,,,0,
09BR00327,H2965,2.0,88,.,68,2,7,0,2,W,1,,30,154,1123,157,0202
09BR00328,H2971,2.0,88,Poison,,,7,0,1,,6,04,30,,,,
09BR00329,H2972,2.0,88,.,47,2,7,148,1,W,1,,30,150,1123,141,0202
09BR00330,H2973,2.0,88,.,68,2,7,0,2,W,1,,30,158,1123,105,0202
09BR00331,H2976,2.0,00,Biomedical,,,7,174,,,3,93,33,,,,
09BR00332,H2985,2.0,00,.,,,7,173,,,1,,33,,,0,
09BR00333,H2987,2.0,00,.,,,7,186,H,,1,,33,,,,
09BR00334,H2997,2.0,88,.,49,2,7,0,2,W,1,,30,179,1123,154,0202
09BR00335,H2998,2.0,00,.,,,7,175,2,,1,,33,,,0,
09BR00336,H3001,2.0,88,.,80,2,7,0,2,W,1,,30,150,1123,146,0202
09BR00337,H3002,2.0,88,.,48,2,7,167,1,W,1,,30,173,1123,166,0202
09BR00338,H3010,2.0,88,Biomedical,,,7,198,D,,3,93,30,,,,
09BR00339,H3012,2.0,88,Biomedical,,,7,164,1,,3,93,30,,,,
09BR00340,H3022,2.0,88,.,85,2,7,138,1,W,1,,30,151,1123,147,0202
09BR00341,H3023,2.0,88,.,46,2,7,0,2,W,1,,30,156,1123,152,0202
09BR00342,H3026,2.0,88,.,68,2,7,0,2,W,1,,30,166,1123,169,0202
09BR00343,H3027,2.0,88,.,47,2,7,167,1,W,1,,30,165,1123,153,0202
09BR00344,H3031,2.0,88,.,82,2,7,0,2,W,1,,30,157,1123,145,0202
09BR00345,H3033,2.0,88,.,52,2,7,169,1,W,1,,30,177,1123,163,0202
09BR00346,H3036,2.0,88,Blwn bag cull,,,7,0,2,,6,66,30,,,,
09BR00347,H3038,2.0,88,.,79,2,7,154,2,W,1,,30,159,1123,152,0202
09BR00348,H3042,2.0,88,.,,,7,150,D,,1,,30,,,,
09BR00349,H3044,2.0,00,.,,,7,173,2,,1,,33,,,,
09BR00350,H3049,2.0,88,Biomedical,,,7,128,D,,1,93,30,,,,
09BR00351,H3051,2.0,88,.,52,2,7,0,,W,1,,30,118,1123,131,0202
09BR00352,H3055,2.0,88,.,78,2,7,178,D,W,1,,30,191,1123,182,0202
09BR00353,H3056,2.0,88,.,50,2,7,171,1,W,1,,30,0,,158,0202
09BR00354,H3067,2.0,88,ENTROPION,,,7,0,2,,7,97,30,,,,
09BR00355,H3070,2.0,88,.,78,2,7,158,1,W,1,,30,167,1123,155,0202
09BR00356,H3071,2.0,00,Biomedical,,,7,164,H,,3,93,33,,,,
09BR00357,H3072,2.0,00,.,,,7,168,2,,1,,33,,,,
09BR00358,H3078,2.0,00,.,,,7,179,H,,1,,33,,,,
09BR00359,H3080,2.0,88,HAIRY,51,2,7,165,D,W,1,,30,160,1123,152,0202
09BR00360,H3081,2.0,88,HAIRY,83,2,7,148,1,W,1,,30,152,1123,145,0202
09BR00361,H3084,2.0,00,NICE LAMB,,,7,214,D,,1,,33,,,,
09BR00362,H3085,2.0,88,.,50,2,7,168,D,W,1,,30,173,1123,164,0202
09BR00363,H3086,2.0,88,Run over,,,7,0,1,,6,15,30,,,,
09BR00364,H3087,2.0,88,.,82,2,7,161,1,W,1,,30,168,1123,160,0202
09BR00365,H3093,2.0,88,.,,,7,185,1,,1,93,30,,,,
09BR00366,H3095,2.0,88,.,46,2,7,0,,W,1,,30,139,1123,125,0202
09BR00367,H3096,2.0,88,.,83,2,7,174,1,W,1,,30,177,1123,167,0202
09BR00368,H3104,2.0,88,.,47,2,7,0,1,W,1,,30,164,1123,152,0202
09BR00369,H3107,2.0,88,.,,,7,110,D,,1,93,30,,,,
09BR00370,H3110,2.0,88,.,79,2,7,0,,W,1,,30,147,1123,139,0202
09BR00371,H3111,2.0,88,"Abort, RPL",,,7,0,,,6,01,30,,,,
09BR00372,H3114,2.0,88,.,52,2,7,0,2,W,1,,30,147,1123,139,0202
09BR00373,H3115,2.0,88,.,68,2,7,155,1,W,1,,30,133,1123,151,0202
09BR00374,H3116,2.0,88,.,51,2,7,153,1,W,1,,30,144,1123,150,0202
09BR00375,H3118,2.0,88,.,,,7,0,2,,1,,30,,,,
09BR00376,H3122,2.0,88,.,84,2,7,0,2,W,1,,30,143,1123,138,0202
09BR00377,H3123,2.0,88,.,50,2,7,0,2,W,1,,30,148,1123,146,0202
09BR00378,H3129,2.0,88,.,,,7,0,2,,1,93,30,,,,
09BR00379,H3133,2.0,88,HAIRY,84,2,7,134,1,W,1,,30,151,1123,145,0202
09BR00380,H3137,2.0,88,4TEATS,49,2,7,0,2,W,1,,30,165,1123,157,0202
09BR00381,H3142,2.0,88,Biomedical,,,7,207,D,,3,93,30,,,,
09BR00382,H3143,2.0,88,.,78,2,7,142,H,W,1,,30,146,1123,139,0202
09BR00383,H3146,2.0,88,.,48,2,7,0,2,W,1,,30,151,1123,142,0202
09BR00384,H3152,2.0,88,.,69,2,7,0,2,W,1,,30,173,1123,169,0202
09BR00385,H3153,2.0,88,4TEATS,46,2,7,172,1,W,1,,30,172,1123,159,0202
09BR00386,H3160,2.0,88,.,78,2,7,151,1,W,1,,30,147,1123,133,0202
09BR00387,H3170,2.0,88,Biomedical,,,7,174,D,,3,93,30,,,,
09BR00388,H3171,2.0,88,.,47,2,7,150,1,W,1,,30,149,1123,149,0202
09BR00389,H3174,2.0,88,.,67,2,7,0,2,W,1,,30,164,1123,163,0202
09BR00390,H3175,2.0,88,NICE LAMB,48,2,7,167,1,W,1,,30,164,1123,161,0202
09BR00391,H3177,2.0,88,.,,,7,177,1,,1,93,30,,,,
09BR00392,H3179,2.0,88,.,82,2,7,151,1,W,1,,30,142,1123,131,0202
09BR00393,H3184,2.0,88,.,51,2,7,0,2,W,1,,30,146,1123,139,0202
09BR00394,H3188,2.0,88,.,82,2,7,0,2,W,1,,30,180,1123,168,0202
09BR00395,H3190,2.0,88,Dead by 0702,,,7,0,2,,6,01,30,,,,
09BR00396,H3191,2.0,88,Rupt body wal,,,7,0,,,6,66,30,,,,
09BR00397,H3194,2.0,88,BIG LAMB,48,2,7,0,2,W,1,,30,193,1123,193,0202
09BR00398,H3195,2.0,88,.,77,2,7,160,2,W,1,,30,172,1123,161,0202
09BR00399,H3201,2.0,88,.,,,7,145,1,,1,,30,,,,
09BR00400,H3208,2.0,88,.,49,2,7,0,2,W,1,,30,161,1123,153,0202
09BR00401,H3210,2.0,88,.,69,2,7,178,1,W,1,,30,173,1123,170,0202
09BR00402,H3211,2.0,88,.,48,2,7,0,2,W,1,,30,164,1123,155,0202
09BR00403,H3216,2.0,88,.,69,2,7,185,D,W,1,,30,192,1123,176,0202
09BR00404,H3224,2.0,88,.,46,2,7,0,2,W,1,,30,171,1123,166,0202
09BR00405,H3225,2.0,88,.,68,2,7,0,2,W,1,,30,188,1123,179,0202
09BR00406,H3233,2.0,88,.,47,2,7,0,2,W,1,,30,200,1123,142,0202
09BR00407,H3242,2.0,88,NICE LAMB,67,2,7,168,1,W,1,,30,165,1123,161,0202
09BR00408,H3249,2.0,88,.,52,2,7,129,1,W,1,,30,132,1123,128,0202
09BR00409,H3251,2.0,88,.,,,7,0,1,,1,,30,,,,
09BR00410,H3253,2.0,88,.,67,2,7,0,2,W,1,,30,166,1123,166,0202
09BR00411,H3260,2.0,88,.,51,2,7,162,1,W,1,,30,162,1123,158,0202
09BR00412,H3264,2.0,88,.,69,2,7,183,D,W,1,,30,194,1123,173,0202
09BR00413,H3266,2.0,88,.,50,2,7,159,1,W,1,,30,148,1123,147,0202
09BR00414,H3277,2.0,88,HAIRY,,,7,144,1,,1,93,30,,,,
09BR00415,H3283,2.0,88,HAIRY,68,2,7,148,D,W,1,,30,142,1123,141,0202
09BR00416,H3284,2.0,88,HUNGRY,49,2,7,0,,W,1,,30,166,1123,163,0202
09BR00417,H3298,2.0,88,NICE LAMB,,,7,0,2,,7,97,30,,,,
09BR00418,H3313,2.0,88,.,81,2,7,152,1,W,1,,30,161,1123,153,0202
09BR00419,H3324,2.0,88,Date illegibl,,,7,0,2,,6,04,30,,,,
09BR00420,H3328,2.0,88,.,48,2,7,154,1,W,1,,30,151,1123,146,0202
09BR00421,H3329,2.0,88,.,80,2,7,158,1,W,1,,30,159,1123,152,0202
09BR00422,H3331,2.0,88,HAIRY,50,2,7,0,2,W,1,,30,159,1123,155,0202
09BR00423,H3334,2.0,88,.,,,7,0,,,1,,30,,,,
09BR00424,H3339,2.0,88,.,78,2,7,152,1,W,1,,30,154,1123,152,0202
09BR00425,H3340,2.0,88,.,50,2,7,0,2,W,1,,30,136,1123,133,0202
09BR00426,H3343,2.0,88,.,67,2,7,153,1,W,1,,30,157,1123,149,0202
09BR00427,H3345,2.0,88,4TEATS,51,2,7,0,,W,1,,30,143,1123,135,0202
09BR00428,H3348,2.0,88,JAW5,83,2,7,0,,W,1,,30,170,1123,162,0202
09BR00429,H3350,2.0,88,.,51,2,7,174,1,W,1,,30,166,1123,165,0202
09BR00430,H3359,2.0,88,.,77,2,7,0,,W,1,,30,165,1123,164,0202
09BR00431,H3366,2.0,88,.,48,2,7,0,2,W,1,,30,156,1123,147,0202
09BR00432,H3370,2.0,88,.,78,2,7,182,1,W,1,,30,188,1123,171,0202
09BR00433,H3373,2.0,88,NICE LAMB,,,7,0,2,,1,93,30,,,,
09BR00434,H3374,2.0,88,.,52,2,7,0,2,W,1,,30,134,1123,172,0202
09BR00435,H3381,2.0,88,Biomedical,,,7,170,2,,3,93,30,,,,
09BR00436,H3387,2.0,88,.,85,2,7,0,2,W,1,,30,138,1123,139,0202
09BR00437,H3389,2.0,88,.,46,2,7,0,,W,1,,30,151,1123,147,0202
09BR00438,H3390,2.0,88,.,80,2,7,180,1,W,1,,30,176,1123,172,0202
09BR00439,H3391,2.0,88,.,48,2,7,168,D,W,1,,30,176,1123,159,0202
09BR00440,H3393,2.0,88,BRN.EARS,,,7,0,,,1,,30,,,0,
09BR00441,H3395,2.0,88,4TEATS,78,2,7,0,,W,1,,30,164,1123,156,0202
09BR00442,H3396,2.0,88,Broken leg,,,7,0,,,6,01,30,,,,
09BR00443,H3403,2.0,88,Resp. prblms,,,7,132,,,1,93,30,,,,
09BR00444,H3404,2.0,88,.,47,2,7,145,2,W,1,,30,154,1123,145,0202
09BR00445,H3405,2.0,88,.,79,2,7,0,2,W,1,,30,158,1123,148,0202
09BR00446,H3407,2.0,88,4TEATS,52,2,7,164,D,W,1,,30,179,1123,171,0202
09BR00447,H3409,2.0,88,4TEATS,,,7,143,1,,1,93,30,,,,
09BR00448,H3415,2.0,88,.,81,2,7,0,2,W,1,,30,150,1123,139,0202
09BR00449,H3416,2.0,88,.,52,2,7,0,,W,1,,30,163,1123,154,0202
09BR00450,H3418,2.0,88,"HAIRY,NUF",82,2,7,177,1,W,1,,30,177,1123,167,0202
09BR00451,H3420,2.0,88,.,50,2,7,158,1,W,1,,30,153,1123,153,0202
09BR00452,H3425,2.0,88,HAIRY,69,2,7,155,1,W,1,,30,150,1123,143,0202
09BR00453,H3436,2.0,88,.,49,2,7,0,2,W,1,,30,160,1123,148,0202
09BR00454,H3437,2.0,88,.,84,2,7,0,,W,1,,30,143,1123,142,0202
09BR00455,H3439,2.0,88,.,,,7,179,1,,1,93,30,,,,
09BR00456,H3440,2.0,88,.,49,2,7,0,2,W,1,,30,156,1123,147,0202
09BR00457,H3449,2.0,88,.,68,2,7,172,1,W,1,,30,156,1123,162,0202
09BR00458,H3454,2.0,88,NUFLOR,51,2,7,0,,W,1,,30,142,1123,145,0202
09BR00459,H3455,2.0,88,Biomedical,,,7,173,1,,3,93,30,,,,
09BR00460,H3456,2.0,88,.,69,2,7,0,2,W,1,,30,143,1123,146,0202
09BR00461,H3458,2.0,88,.,51,2,7,174,1,W,1,,30,164,1123,172,0202
09BR00462,H3464,2.0,88,Sevre lamenss,,,7,0,,,6,66,30,,,,
09BR00463,H3465,2.0,88,Biomedical,,,7,172,D,,3,93,30,,,,
09BR00464,H3466,2.0,88,.,81,2,7,145,2,W,1,,30,153,1123,146,0202
09BR00465,H3467,2.0,88,NICE LAMB,52,2,7,142,1,W,1,,30,139,1123,132,0202
09BR00466,H3469,2.0,88,.,82,2,7,0,2,W,1,,30,148,1123,132,0202
09BR00467,H3476,2.0,88,.,,,7,0,2,,1,93,30,,,,
09BR00468,H3479,2.0,88,.,51,2,7,162,1,W,1,,30,149,1123,152,0202
09BR00469,H3483,2.0,88,.,81,2,7,160,1,W,1,,30,169,1123,161,0202
09BR00470,H3490,2.0,88,.,50,2,7,170,2,W,1,,30,171,1123,171,0202
09BR00471,H3491,2.0,88,RUNT,68,2,7,0,2,W,1,,30,147,1123,151,0202
09BR00472,H3493,2.0,88,.,49,2,7,0,2,W,1,,30,180,1123,166,0202
09BR00473,H3499,2.0,88,4TEATS,82,2,7,0,2,W,1,,30,158,1123,153,0202
09BR00474,H3512,2.0,88,.,48,2,7,0,2,W,1,,30,170,1123,160,0202
09BR00475,H3514,2.0,88,.,67,2,7,162,1,W,1,,30,159,1123,152,0202
09BR00476,H3516,2.0,88,Fnd feed bunk,,,7,0,,,6,01,30,,,,
09BR00477,H3518,2.0,88,FAT+PINK,46,2,7,0,2,W,1,,30,144,1123,138,0202
09BR00478,H3520,2.0,88,.,81,2,7,156,1,W,1,,30,168,1123,164,0202
09BR00479,H3523,2.0,88,JAW5,47,2,7,151,1,W,1,,30,160,1123,150,0202
09BR00480,H3526,2.0,88,.,78,2,7,0,2,W,1,,30,148,1123,141,0202
09BR00481,H3528,2.0,88,.,52,2,7,150,1,W,1,,30,154,1123,147,0202
09BR00482,H3530,2.0,88,.,81,2,7,161,D,W,1,,30,167,1123,148,0202
09BR00483,H3534,2.0,88,.,51,2,7,190,D,W,1,,30,191,1123,185,0202
09BR00484,H3538,2.0,88,.,80,2,7,167,1,W,1,,30,156,1123,133,0202
09BR00485,H3540,2.0,88,.,50,2,7,182,1,W,1,,30,171,1123,166,0202
09BR00486,H3546,2.0,88,.,69,2,7,0,2,W,1,,30,153,1123,131,0202
09BR00487,H3552,2.0,88,.,49,2,7,0,2,W,1,,30,149,1123,137,0202
09BR00488,H3554,2.0,88,.,82,2,7,0,2,W,1,,30,161,1123,156,0202
09BR00489,H3558,2.0,88,.,,,7,0,,,1,,30,,,,
09BR00490,H3569,2.0,88,.,48,2,7,170,1,W,1,,30,173,1123,166,0202
09BR00491,H3571,2.0,88,FIRM2,77,2,7,0,2,W,1,,30,173,1123,155,0202
09BR00492,H3572,2.0,88,.,46,2,7,159,1,W,1,,30,162,1123,148,0202
09BR00493,H3581,2.0,88,.,,,7,0,2,,1,,30,,,,
09BR00494,H3594,2.0,88,.,,,7,0,2,,1,93,30,,,,
09BR00495,H3604,2.0,88,.,81,2,7,0,2,W,1,,30,151,1123,147,0202
09BR00496,H3608,2.0,88,Also preg tox,,,7,0,,,6,50,30,,,,
09BR00497,H3620,2.0,88,NICE LAMB,47,2,7,163,1,W,1,,30,163,1123,153,0202
09BR00498,H3621,2.0,88,.,68,2,7,144,1,W,1,,30,140,1123,139,0202
09BR00499,H3622,2.0,88,GAUNT,52,2,7,182,1,W,1,,30,179,1123,175,0202
09BR00500,H3626,2.0,88,.,85,2,7,213,D,W,1,,30,215,1123,199,0202
09BR00501,H3632,2.0,88,.,51,2,7,119,1,W,1,,30,100,1123,136,0202
09BR00502,H3633,2.0,88,.,85,2,7,0,2,W,1,,30,138,1123,133,0202
09BR00503,H3638,2.0,88,.,84,2,7,122,1,W,1,,30,130,1123,126,0202
09BR00504,H3645,2.0,88,.,,,7,176,1,,1,,30,,,,
09BR00505,H3649,2.0,88,.,69,2,7,0,2,W,1,,30,145,1123,141,0202
09BR00506,H3650,2.0,88,Prolapse,,,7,141,1,,3,66,30,,,,
09BR00507,H3658,2.0,88,.,79,2,7,0,2,W,1,,30,165,1123,164,0202
09BR00508,H3670,2.0,88,NUFLOR,,,7,147,1,,1,,30,,,,
09BR00509,H3671,2.0,88,.,80,2,7,153,1,W,1,,30,155,1123,145,0202
09BR00510,H3673,2.0,88,4TEATS,82,2,7,0,,W,1,,30,173,1123,159,0202
09BR00511,H3676,2.0,88,4TEATS,67,2,7,151,1,W,1,,30,143,1123,142,0202
09BR00512,H3681,2.0,88,.,83,2,7,154,2,W,1,,30,157,1123,150,0202
09BR00513,H3689,2.0,88,.,67,2,7,0,,W,1,,30,164,1123,158,0202
09BR00514,H3690,2.0,88,Stky bag cull,,,7,0,1,,6,66,30,,,,
09BR00515,H3694,2.0,88,JAW4,80,2,7,184,D,W,1,,30,183,1123,181,0202
09BR00516,H3704,2.0,88,HAIRY,81,2,7,155,1,W,1,,30,155,1123,143,0202
09BR00517,H3707,2.0,88,.,,,7,0,,,1,,30,,,0,
09BR00518,H3708,2.0,88,GAUNT,67,2,7,182,D,W,1,,30,176,1123,169,0202
09BR00519,H3714,2.0,88,Prfrtd duodnm,,,7,0,,,6,48,30,,,,
09BR00520,H3715,2.0,88,.,77,2,7,142,1,W,1,,30,144,1123,136,0202
09BR00521,H3720,2.0,88,.,79,2,7,149,1,W,1,,30,160,1123,152,0202
09BR00522,H3723,2.0,88,.,85,2,7,136,1,W,1,,30,139,1123,138,0202
09BR00523,H3727,2.0,88,.,78,2,7,0,2,W,1,,30,167,1123,163,0202
09BR00524,H3728,2.0,88,JAW5,,,7,0,2,,1,,30,,,,
09BR00525,K1659,8.0,6M,,,,0,195,D,,3,93,06,,,,
09BR00526,K1704,8.0,6M,,,,0,0,2,,3,93,06,,,,
09BR00527,K1727,8.0,6M,4TEATS,,,0,0,2,,3,93,06,,,,
09BR00528,K1824,8.0,6T,FIRM UDDE,,,0,166,1,,3,93,06,,,,
09BR00529,K1842,8.0,6T,R.P.,,,0,0,,,3,,06,,,,
09BR00530,K1849,8.0,6M,,,,0,211,D,,3,93,06,,,,
09BR00531,K1888,8.0,6M,TALL,,,0,0,1,,3,93,06,,,,
09BR00532,K2062,7.0,6M,4TEATS,,,0,183,D,,3,93,06,,,,
09BR00533,K2068,7.0,6T,SUCK1SIDE,25,1,0,188,1,W,1,,06,183,1109,169,0120
09BR00534,K2116,7.0,6M,No date given,,,0,0,,,6,01,06,,,,
09BR00535,K2124,7.0,6T,SW.BAG,,,0,223,D,,3,93,06,,,,
09BR00536,K2190,7.0,6M,,,,0,190,1,,3,93,06,,,,
09BR00537,K2200,7.0,6T,URI TX. C,20,1,0,219,1,W,1,,06,216,1109,209,0120
09BR00538,K2205,7.0,6M,Pneumonia pbc,,,0,0,,,6,66,06,,,,
09BR00539,K2266,7.0,6M,No date given,,,0,0,,,6,01,06,,,,
09BR00540,K2281,7.0,6M,VLTS,,,0,0,,,1,,06,,,,
09BR00541,K2333,7.0,6T,THIN,23,1,0,206,1,W,1,,06,191,1109,189,0120
09BR00542,K2383,7.0,6M,ABS.LR.FO,10,1,0,184,1,W,1,,06,147,1109,189,0120
09BR00543,K2385,7.0,6M,VLTS,12,1,0,218,1,W,1,,06,203,1109,198,0120
09BR00544,K2400,7.0,6T,REJECTS1L,21,1,0,209,1,W,1,,06,197,1109,190,0120
09BR00545,K2480,7.0,6T,THIN,12,1,0,223,1,W,1,,06,207,1109,207,0120
09BR00546,K2521,7.0,6M,Also exposure,,,0,0,,,6,23,06,,,,
09BR00547,K2579,7.0,6T,LTS SW.BA,,,0,160,D,,3,93,06,,,,
09BR00548,K2649,7.0,6M,,,,0,191,D,,3,93,06,,,,
09BR00549,K2760,6.0,6M,"F2, #1 WN",,,0,214,1,,1,93,06,,,,
09BR00550,K2778,6.0,6M,4TEATS,V1,5,0,236,D,W,1,,06,243,1208,244,0120
09BR00551,K2825,6.0,6T,FLTS,V2,5,0,213,1,W,1,,06,220,1208,215,0120
09BR00552,K2837,6.0,6M,RP,,,0,180,D,,3,93,06,,,,
09BR00553,K2857,6.0,6M,R.P.CHLAM,24,1,0,202,1,W,1,,06,193,1109,194,0120
09BR00554,K2871,6.0,6M,LAME LR F,12,1,0,0,2,W,1,,06,211,1109,213,0120
09BR00555,K2878,6.0,6T,VLT LEFT,24,1,0,0,2,W,1,,06,232,1109,225,0120
09BR00556,K2898,6.0,6M,FAT,22,1,0,0,2,W,1,,06,194,1109,199,0120
09BR00557,K2915,6.0,6M,OK,25,1,0,0,2,W,1,,06,224,1109,217,0120
09BR00558,K2951,6.0,6M,NICE,21,1,0,205,1,W,1,,06,199,1109,199,0120
09BR00559,K2989,6.0,6T,,23,1,0,212,1,W,1,,06,208,1109,207,0120
09BR00560,K2993,5.0,6M,"Down, lame",,,0,0,,,6,66,06,,,,
09BR00561,K3004,5.0,6M,4TEATS,17,1,0,211,D,W,1,,06,220,1109,196,0120
09BR00562,K3009,5.0,6T,,,,0,0,1,,1,,06,,,,
09BR00563,K3010,5.0,6T,SW.BAG LT,,,0,0,2,,3,93,06,,,,
09BR00564,K3013,5.0,6M,MEAN,10,1,0,231,1,W,1,,06,216,1109,224,0120
09BR00565,K3023,5.0,6M,FLTS,22,1,0,210,1,W,1,,06,200,1109,196,0120
09BR00566,K3028,5.0,6M,4TEATS,,,0,0,2,,7,97,06,,,,
09BR00567,K3029,5.0,6M,4TEATS,24,1,0,200,1,W,1,,06,195,1109,192,0120
09BR00568,K3032,5.0,6T,LF FOOT A,,,0,212,1,,1,,06,,,,
09BR00569,K3035,5.0,6T,4TEATS,24,1,0,208,1,W,1,,06,209,1109,199,0120
09BR00570,K3072,5.0,6M,"DYSTOCIA,",12,1,0,203,1,W,1,,06,189,1109,191,0120
09BR00571,K3074,5.0,6M,NICE LAMB,23,1,0,0,2,W,1,,06,182,1109,197,0120
09BR00572,K3075,5.0,6T,NICE LAMB,,,0,0,2,,3,93,06,,,,
09BR00573,K3087,5.0,6T,,,,0,196,D,,3,93,06,,,,
09BR00574,K3109,5.0,6T,Also preg tox,,,0,0,,,6,50,06,,,,
09BR00575,K3124,5.0,6T,,25,1,0,0,2,W,1,,06,181,1109,172,0120
09BR00576,K3129,5.0,6M,NICE LAMB,,,0,0,1,,6,01,06,,,,
09BR00577,K3133,5.0,6T,LM (?),,,0,0,,,6,01,06,,,,
09BR00578,K3161,5.0,6M,,23,1,0,0,2,W,1,,06,209,1109,203,0120
09BR00579,K3164,5.0,6T,ENTROPION,17,1,0,0,2,W,1,,06,197,1109,201,0120
09BR00580,K3187,5.0,6T,"TALL,SM.B",,,0,263,1,,1,93,06,,,,
09BR00581,K3237,4.0,6T,R.P. OK,,,0,232,1,,1,,06,,,,
09BR00582,K3238,4.0,6T,,,,0,201,D,,1,,06,,,,
09BR00583,K3239,4.0,6T,4TITS lame LF,22,1,0,197,1,W,1,,06,192,1109,189,0120
09BR00584,K3240,4.0,6T,GAUNT,25,1,0,0,2,W,1,,06,194,1109,194,0120
09BR00585,K3244,4.0,6T,FLTS,,,0,207,1,,3,93,06,,,,
09BR00586,K3247,4.0,6T,TEATStoRE,,,0,224,D,,1,,06,,,,
09BR00587,K3256,4.0,6M,Also CLA,,,0,0,D,,6,19,06,,,,
09BR00588,K3263,4.0,6T,4TEATS,,,0,220,1,,3,93,06,,,,
09BR00589,K3280,4.0,6M,4TEATS,25,1,0,199,1,W,1,,06,202,1109,192,0120
09BR00590,K3283,4.0,6T,THIN,25,1,0,0,,W,1,,06,168,1109,177,0120
09BR00591,K3289,4.0,6T,"ENTR,4TEA",17,1,0,192,1,W,1,,06,187,1109,177,0120
09BR00592,K3292,4.0,6T,4TEATS,24,1,0,192,1,W,1,,06,190,1109,189,0120
09BR00593,K3305,4.0,6M,MEAN 2 YO,24,1,0,237,H,W,1,,06,231,1109,225,0120
09BR00594,K3310,4.0,6T,4TEATS,,,0,226,D,,3,93,06,,,,
09BR00595,K3322,4.0,6T,,23,1,0,0,2,W,1,,06,171,1109,181,0120
09BR00596,K3325,4.0,6T,Tag w/o date,,,0,0,2,,3,93,06,,,,
09BR00597,K3335,4.0,6T,FLTS,,,0,250,1,,3,93,06,,,,
09BR00598,K3338,4.0,6T,TRT R.EYE,24,1,0,0,2,W,1,,06,203,1109,185,0120
09BR00599,K3339,4.0,6T,No date given,,,0,0,,,6,01,06,,,,
09BR00600,K3342,4.0,6M,4TEATS,25,1,0,0,2,W,1,,06,203,1109,187,0120
09BR00601,K3352,4.0,6T,WILD ALOO,24,1,0,0,2,W,1,,06,201,1109,186,0120
09BR00602,K3353,4.0,6T,Dry ewe,,,0,0,,,6,23,06,,,,
09BR00603,K3357,4.0,6M,Spine,,,0,0,,,6,01,06,,,,
09BR00604,K3361,4.0,6T,BIG BAG,22,1,0,215,1,W,1,,06,211,1109,208,0120
09BR00605,K3363,4.0,6M,R.P.,10,1,0,191,1,W,1,,06,143,1109,181,0120
09BR00606,K3368,4.0,6T,LTS BIG B,29,1,0,0,2,W,1,,06,208,1109,213,0120
09BR00607,K3381,4.0,6M,,22,1,0,212,1,W,1,,06,197,1109,195,0120
09BR00608,K3384,4.0,6T,Dead somehow,,,0,0,2,,1,01,06,,,,
09BR00609,K3385,4.0,6T,CMPK TX.,21,1,0,214,1,W,1,,06,210,1109,217,0120
09BR00610,K3387,4.0,6T,SUCK1SIDE,12,1,0,222,D,W,1,,06,223,1109,211,0120
09BR00611,K3390,4.0,6M,4TEATS,V1,5,0,153,D,0,1,01,06,0,,,
09BR00612,K3392,4.0,6T,Poor bdy cond,,,0,0,D,,6,76,06,,,,
09BR00613,K3393,4.0,6T,,25,1,0,210,1,W,1,,06,205,1109,209,0120
09BR00614,K3397,4.0,6T,LTS,10,1,0,223,1,W,1,,06,206,1109,208,0120
09BR00615,K3398,4.0,6M,,17,1,0,182,1,W,1,,06,184,1109,182,0120
09BR00616,K3401,4.0,6T,,,,0,0,2,,1,93,06,,,,
09BR00617,K3405,4.0,6T,4TEATS,21,1,0,231,1,W,1,,06,219,1109,216,0120
09BR00618,K3414,4.0,6T,ENTROPION,22,1,0,0,2,W,1,,06,197,1109,218,0120
09BR00619,K3431,4.0,6T,SCOURS,23,1,0,0,2,W,1,,06,183,1109,196,0120
09BR00620,K3432,4.0,6T,,22,1,0,186,1,W,1,,06,183,1109,193,0120
09BR00621,K3441,4.0,6T,4TEATS,V2,5,0,0,2,W,1,,06,212,1208,205,0120
09BR00622,K3446,4.0,6T,,24,1,0,210,1,W,1,,06,208,1109,206,0120
09BR00623,K3452,4.0,6T,,,,0,0,2,,1,93,06,,,,
09BR00624,K3457,4.0,6T,LT RIGHT,,,0,0,1,,1,93,06,,,,
09BR00625,K3462,4.0,6T,4TEATS,24,1,0,213,1,W,1,,06,210,1109,215,0120
09BR00626,K3463,4.0,6T,F2,25,1,0,237,1,W,1,,06,224,1109,216,0120
09BR00627,K3464,4.0,6T,ENTROPION,,,0,227,D,,3,93,06,,,,
09BR00628,K3466,4.0,6T,,20,1,0,0,2,W,1,,06,212,1109,205,0120
09BR00629,K3469,4.0,6T,,22,1,0,226,1,W,1,,06,218,1109,209,0120
09BR00630,K3487,4.0,6T,,,,0,0,,,6,66,06,,,,
09BR00631,K3499,4.0,6T,LTS,23,1,0,225,D,W,1,,06,230,1109,214,0120
09BR00632,K3505,4.0,6T,R.P. + BL,25,1,0,234,1,W,1,,06,229,1109,221,0120
09BR00633,K3508,4.0,6T,BLIND 6/3,12,1,0,205,1,W,1,,06,198,1109,195,0120
09BR00634,K3513,4.0,6T,No date given,,,0,0,,,6,01,06,,,,
09BR00635,K3514,4.0,6T,FEVER,17,1,0,219,1,W,1,,06,212,1109,207,0120
09BR00636,K3522,4.0,6M,,11,1,0,214,1,W,1,,06,219,1109,208,0120
09BR00637,K3527,4.0,6T,,21,1,0,206,1,W,1,,06,204,1109,209,0120
09BR00638,K3528,4.0,6T,,27,1,0,204,1,W,1,,06,207,1109,211,0120
09BR00639,K3544,4.0,6T,PNEU.TX.E,V1,5,0,212,1,W,1,,06,223,1208,217,0120
09BR00640,K3546,4.0,6T,LF bumbl foot,,,0,169,2,,1,93,06,,,,
09BR00641,K3564,4.0,6T,4TEATS,12,1,0,244,1,W,1,,06,235,1109,233,0120
09BR00642,K3580,4.0,6M,,V2,5,0,0,2,W,1,,06,227,1208,218,0120
09BR00643,K3586,3.0,6M,4TEATS,25,1,0,236,1,W,1,,06,226,1109,217,0120
09BR00644,K3588,3.0,6T,ENTR 4TEA,17,1,0,195,1,W,1,,06,198,1109,193,0120
09BR00645,K3589,3.0,6M,,12,1,0,0,2,W,1,,06,207,1109,212,0120
09BR00646,K3590,3.0,6T,ENTROPION,,,0,0,1,,1,,06,,,,
09BR00647,K3594,3.0,6T,ENTR PNEU,,,0,0,2,,1,93,06,,,,
09BR00648,K3595,3.0,6M,HAIRY 4TE,25,1,0,0,2,W,1,,06,206,1109,190,0120
09BR00649,K3597,3.0,6M,4TEATS,22,1,0,182,1,W,1,,06,188,1109,177,0120
09BR00650,K3629,3.0,6T,ENTROPION,20,1,0,223,1,W,1,,06,226,1109,221,0120
09BR00651,K3639,3.0,6T,,21,1,0,189,1,W,1,,06,184,1109,186,0120
09BR00652,K3651,3.0,6T,4TEATS,14,1,0,220,1,W,1,,06,215,1109,213,0120
09BR00653,K3652,3.0,6T,ENTR 4TEA,17,1,0,169,1,W,1,,06,160,1109,158,0120
09BR00654,K3656,3.0,6T,,1,1,0,216,1,W,1,,06,205,1109,212,0120
09BR00655,K3663,3.0,6T,,11,1,0,0,2,W,1,,06,215,1109,214,0120
09BR00656,K3677,3.0,6M,WEAK LAMB,24,1,0,191,1,W,1,,06,187,1109,169,0120
09BR00657,K3681,3.0,6M,,21,1,0,197,1,W,1,,06,191,1109,204,0120
09BR00658,K3682,3.0,6M,,23,1,0,200,1,W,1,,06,188,1109,192,0120
09BR00659,K3683,3.0,6T,,10,1,0,213,1,W,1,,06,200,1109,205,0120
09BR00660,K3688,3.0,6M,Biomedical,,,0,183,1,,3,93,06,,,,
09BR00661,K3690,3.0,6T,TALL!,10,1,0,0,2,W,1,,06,199,1109,207,0120
09BR00662,K3694,3.0,6M,BIG YRLG,22,1,0,229,1,W,1,,06,221,1109,211,0120
09BR00663,K3696,3.0,6T,,20,1,0,0,2,W,1,,06,185,1109,189,0120
09BR00664,K3701,3.0,6M,,,,0,204,1,,3,93,06,,,,
09BR00665,K3712,3.0,6M,,,,0,220,1,,1,,06,,,,
09BR00666,K3714,3.0,6T,4TEATS,13,1,0,201,D,W,1,,06,201,1109,193,0120
09BR00667,K3717,3.0,6M,No ear tag,,,0,0,D,,3,93,06,,,,
09BR00668,K3718,3.0,6M,4TEATS,,,0,0,1,,6,11,06,,,,
09BR00669,K3720,3.0,6T,4TEATS,17,1,0,219,1,W,1,,06,214,1109,208,0120
09BR00670,K3723,3.0,6M,HAIRY,24,1,0,194,1,W,1,,06,198,1109,187,0120
09BR00671,K3725,3.0,6T,,26,1,0,170,1,W,1,,06,172,1109,174,0120
09BR00672,K3727,3.0,6T,,21,1,0,0,2,W,1,,06,177,1109,189,0120
09BR00673,K3731,3.0,6T,FLT LEFT,V1,5,0,182,1,W,1,,06,190,1208,189,0120
09BR00674,K3736,3.0,6T,NICE LAMB,,,0,0,2,,1,93,06,,,,
09BR00675,K3737,3.0,6T,4TEATS,17,1,0,0,2,W,1,,06,186,1109,185,0120
09BR00676,K3750,3.0,6M,R.MILK BL,23,1,0,190,1,W,1,,06,179,1109,191,0120
09BR00677,K3754,3.0,6M,ENTROPION,22,1,0,168,1,W,1,,06,148,1109,0,
09BR00678,K3760,3.0,6M,,23,1,0,207,1,W,1,,06,199,1109,202,0120
09BR00679,K3763,3.0,6T,4TEATS,2,1,0,220,1,W,1,,06,215,1109,215,0120
09BR00680,K3769,3.0,6M,BRN.EARS4,21,1,0,225,1,W,1,,06,211,1109,212,0120
09BR00681,K3774,3.0,6M,4TEATS,V2,5,0,209,D,W,1,,06,208,1208,210,0120
09BR00682,K3776,3.0,6M,Biomedical,,,0,206,D,,3,93,06,,,,
09BR00683,K3777,3.0,6T,4TEATS,1,1,0,215,1,W,1,,06,218,1109,209,0120
09BR00684,K3780,3.0,6T,NICE LAMB,17,1,0,0,2,W,1,,06,221,1109,219,0120
09BR00685,K3783,3.0,6M,"4TEATS,PN",V1,5,0,214,D,W,1,,06,215,1208,208,0120
09BR00686,K3789,3.0,6M,,24,1,0,0,2,W,1,,06,214,1109,201,0120
09BR00687,K3802,3.0,6M,4TEATS,22,1,0,195,1,W,1,,06,181,1109,183,0120
09BR00688,K3804,3.0,6M,,12,1,0,205,1,W,1,,06,199,1109,203,0120
09BR00689,K3805,3.0,6M,,25,1,0,185,1,W,1,,06,189,1109,184,0120
09BR00690,K3812,3.0,6M,SCOURS TX,24,1,0,0,2,W,1,,06,204,1109,200,0120
09BR00691,K3820,3.0,6M,,V2,5,0,221,D,W,1,,06,225,1208,228,0120
09BR00692,K3838,2.0,6T,"""3/13?"" <-tag",,,0,0,,,6,01,06,,,,
09BR00693,K3839,2.0,6T,ENTROPION,10,1,0,154,1,W,1,,06,142,1109,153,0120
09BR00694,K3840,2.0,6T,ENTROPION,13,1,0,179,1,W,1,,06,176,1109,177,0120
09BR00695,K3843,2.0,6M,4TEATS,,,0,0,,,1,,06,,,,
09BR00696,K3844,2.0,6T,Biomedical,,,0,144,1,,3,93,06,,,,
09BR00697,K3846,2.0,6M,ENTROPION,22,1,0,0,2,W,1,,06,199,1109,210,0120
09BR00698,K3849,2.0,6T,ENTROPION,,,0,208,1,,1,,06,,,,
09BR00699,K3858,2.0,6T,Biomedical,,,0,147,D,,3,93,06,,,,
09BR00700,K3864,2.0,6T,4TEATS,21,1,0,191,1,W,1,,06,191,1109,193,0120
09BR00701,K3865,2.0,6T,Pertnitis too,,,0,0,,,6,71,06,,,,
09BR00702,K3872,2.0,6T,4TEATS,23,1,0,0,2,W,1,,06,175,1109,186,0120
09BR00703,K3877,2.0,6T,.,20,1,0,192,1,W,1,,06,194,1109,195,0120
09BR00704,K3880,2.0,6M,ENTROPION,V1,5,0,208,D,W,1,,06,200,1208,202,0120
09BR00705,K3883,2.0,6M,NICE LAMB,12,1,0,190,H,W,1,,06,177,1109,190,0120
09BR00706,K3886,2.0,6M,NICE LAMB,V2,5,0,212,H,W,1,,06,215,1208,213,0120
09BR00707,K3897,2.0,6T,.,12,1,0,207,1,W,1,,06,203,1109,198,0120
09BR00708,K3907,2.0,6M,.,V1,5,0,188,D,W,1,,06,193,1208,196,0120
09BR00709,K3914,2.0,6T,4TEATS,,,0,0,2,,1,,06,,,,
09BR00710,K3918,2.0,6T,4TEATS,21,1,0,179,1,W,1,,06,173,1109,180,0120
09BR00711,K3921,2.0,6M,Nvr aprd sick,,,0,0,1,,6,01,06,,,,
09BR00712,K3931,2.0,6M,BRN.EARS,26,1,0,215,D,W,1,,06,220,1109,210,0120
09BR00713,K3933,2.0,6T,.,V2,5,0,0,2,W,1,,06,188,1208,198,0120
09BR00714,K3935,2.0,6M,.,24,1,0,0,2,W,1,10,06,207,1109,0,
09BR00715,K3936,2.0,6M,.,25,1,0,193,1,W,1,,06,199,1109,197,0120
09BR00716,K3937,2.0,6T,4TEATS,21,1,0,180,1,W,1,,06,166,1109,171,0120
09BR00717,K3939,2.0,6M,ENTR 4TEA,22,1,0,198,1,W,1,,06,179,1109,184,0120
09BR00718,K3946,2.0,6T,.,14,1,0,0,2,W,1,,06,178,1109,177,0120
09BR00719,K3951,2.0,6T,4TEATS,10,1,0,0,2,W,1,,06,149,1109,195,0120
09BR00720,K3956,2.0,6M,4TEATS,22,1,0,171,1,W,1,,06,168,1109,174,0120
09BR00721,K3966,2.0,6M,4TEATS,10,1,0,0,2,W,1,,06,156,1109,164,0120
09BR00722,K3976,2.0,6M,.,25,1,0,167,1,W,1,,06,160,1109,170,0120
09BR00723,K3989,2.0,6M,Poor bdy cond,,,0,0,,,6,19,06,,,,
09BR00724,K3990,2.0,6M,4TEATS,,,0,174,1,,1,,06,,,,
09BR00725,K3991,2.0,6M,.,24,1,0,0,,W,1,,06,181,1109,180,0120
09BR00726,K3994,2.0,6T,4TEATS,21,1,0,0,2,W,1,,06,182,1109,189,0120
09BR00727,K4000,2.0,6T,.,14,1,0,159,2,W,1,,06,162,1109,170,0120
09BR00728,K4004,2.0,6M,BUSHY,,,0,187,1,,1,93,06,,,,
09BR00729,K4007,2.0,6T,No date given,,,0,0,,,6,01,06,,,,
09BR00730,K4011,2.0,6M,ENTROPION,V1,5,0,211,D,W,1,,06,223,1208,216,0120
09BR00731,K4023,2.0,6T,ENTROPION,17,1,0,168,1,W,1,,06,165,1109,171,0120
09BR00732,K4026,2.0,6T,.,2,1,0,212,1,W,1,,06,199,1109,209,0120
09BR00733,K4029,2.0,6T,.,17,1,0,148,1,W,1,,06,151,1109,155,0120
09BR00734,K4031,2.0,6M,4TEATS,10,1,0,187,1,W,1,,06,172,1109,182,0120
09BR00735,K4034,2.0,6T,ENTROPION,28,1,0,191,1,W,1,,06,174,1109,192,0120
09BR00736,K4036,2.0,6T,ENTROPION,27,1,0,159,1,W,1,,06,150,1109,164,0120
09BR00737,K4039,2.0,6M,Biomedical,,,0,218,D,,3,93,06,,,,
09BR00738,K4041,2.0,6T,.,1,1,0,0,2,W,1,,06,179,1109,186,0120
09BR00739,K4050,2.0,6M,4TEATS,V2,5,0,223,D,W,1,,06,221,1208,222,0120
09BR00740,K4056,2.0,6M,NICE LAMB,12,1,0,209,D,W,1,,06,226,1109,211,0120
09BR00741,K4060,2.0,6M,.,24,1,0,225,D,W,1,,06,229,1109,197,0120
09BR00742,K4062,2.0,6M,.,22,1,0,0,2,W,1,,06,171,1109,174,0120
09BR00743,K4065,2.0,6T,4TEATS,10,1,0,186,1,W,1,,06,178,1109,184,0120
09BR00744,K4068,2.0,6M,.,25,1,0,179,1,W,1,,06,185,1109,187,0120
09BR00745,K4071,2.0,6M,ENTROPION,25,1,0,0,2,W,1,,06,166,1109,163,0120
09BR00746,K4075,2.0,6M,Biomedical,,,0,193,D,,3,93,06,,,,
09BR00747,K4078,2.0,6M,4TEATS,23,1,0,158,1,W,1,,06,152,1109,156,0120
09BR00748,K4081,2.0,6M,4TEATS,24,1,0,0,2,W,1,,06,191,1109,182,0120
09BR00749,K4082,2.0,6M,.,12,1,0,185,1,W,1,,06,180,1109,189,0120
09BR00750,K4087,2.0,6M,4TEATS,28,1,0,173,1,W,1,,06,163,1109,169,0120
09BR00751,K4096,2.0,6T,.,21,1,0,176,1,W,1,,06,167,1109,179,0120
09BR00752,K4101,2.0,6M,Pbc rpt bd wl,,,0,0,,,6,66,06,,,,
09BR00753,K4103,2.0,6T,.,20,1,0,188,1,W,1,,06,189,1109,201,0120
09BR00754,K4104,2.0,6T,4TEATS,20,1,0,191,1,W,1,,06,190,1109,196,0120
09BR00755,K4106,2.0,6M,ENTROPION,12,1,0,183,1,W,1,,06,164,1109,179,0120
09BR00756,K4108,2.0,6M,NICE LAMB,,,0,0,2,,7,97,06,,,,
09BR00757,K4112,2.0,6T,ENTROPION,20,1,0,0,2,W,1,,06,178,1109,182,0120
09BR00758,K4116,2.0,6M,"ENTR,HAIR",23,1,0,178,1,W,1,,06,173,1109,179,0120
09BR00759,K4125,2.0,6M,TAIL CHEW,V1,5,0,203,D,W,1,,06,216,1208,210,0120
09BR00760,K4131,2.0,6T,4TEATS,28,1,0,0,2,W,1,,06,192,1109,194,0120
09BR00761,K4137,2.0,6M,.,V2,5,0,208,D,W,1,,06,211,1208,202,0120
09BR00762,K4143,2.0,6M,NICE LAMB,,,0,0,,,7,97,06,,,,
09BR00763,K4144,2.0,6M,NICE LAMB,23,1,0,0,2,W,1,,06,197,1109,198,0120
09BR00764,P0149,7.0,81,,,,0,0,,,6,66,30,,,,
09BR00765,P0151,7.0,81,THIN,,,0,174,D,,3,93,30,,,,
09BR00766,P0317,7.0,84,,,,0,150,1,,1,,30,,,,
09BR00767,R1259,9.0,12,Spine problms,,,0,0,1,,6,66,07,,,,
09BR00768,R1457,9.0,12,FEVER TX.,,,0,0,2,,3,93,43,,,,
09BR00769,R1549,9.0,12,WRINKLES,,,0,172,1,,3,93,07,,,,
09BR00770,R1628,9.0,10,,,,0,0,,,3,93,07,,,,
09BR00771,R1746,9.0,10,No date given,,,0,0,,,6,01,07,,,,
09BR00772,R1806,9.0,13,THIN,,,0,0,,,3,93,43,,,,
09BR00773,R1865,9.0,13,LOW SW.BA,,,0,158,H,,3,93,43,,,,
09BR00774,R1884,9.0,12,THIN,,,0,140,1,,3,93,43,,,,
09BR00775,R1974,9.0,13,LTS,,,0,0,2,,3,,07,,,,
09BR00776,R2054,9.0,10,No date given,,,0,0,1,,6,01,07,,,,
09BR00777,R2208,8.0,12,SW.BAG FL,,,0,0,2,,3,93,07,,,,
09BR00778,R2227,8.0,12,OK(HARD B,72,2,0,169,1,W,1,,43,170,1123,156,0202
09BR00779,R2254,8.0,11,THIN,,,0,159,,,3,93,43,,,,
09BR00780,R2280,8.0,10,ENTR,,,0,0,2,,3,93,07,,,,
09BR00781,R2281,8.0,10,NICE,,,0,0,2,,3,93,07,,,,
09BR00782,R2328,8.0,13,WILD,,,0,148,1,,3,93,43,,,,
09BR00783,R2357,8.0,11,THIN,73,2,0,180,1,W,1,,07,182,1123,177,0202
09BR00784,R2365,8.0,11,THIN,,,0,166,1,,3,93,07,,,,
09BR00785,R2374,8.0,13,4TEATS,75,2,0,146,1,W,1,,43,152,1123,128,0202
09BR00786,R2377,8.0,12,4TEATS,,,0,0,2,,3,93,07,,,,
09BR00787,R2384,8.0,11,2in BLK.L,,,0,0,2,,7,97,07,,,,
09BR00788,R2396,8.0,10,,,,0,0,2,,1,66,07,,,,
09BR00789,R2433,8.0,13,THIN,,,0,0,2,,3,93,43,,,,
09BR00790,R2441,8.0,11,,,,0,0,,,3,93,07,,,,
09BR00791,R2446,8.0,11,THIN,,,0,160,D,,3,93,07,,,,
09BR00792,R2501,8.0,13,4TEATS,,,0,195,D,,3,93,43,,,,
09BR00793,R2521,8.0,13,WILD,,,0,0,2,,3,93,07,,,,
09BR00794,R2541,8.0,13,RP,74,2,0,184,1,W,1,,43,181,1123,171,0202
09BR00795,R2549,8.0,12,ENTR,,,0,0,2,,3,93,07,,,,
09BR00796,R2550,8.0,12,Stifl inj cla,,,0,0,,,6,66,07,,,,
09BR00797,R2578,8.0,12,THIN,,,0,0,,,3,93,43,,,,
09BR00798,R2612,8.0,13,,76,2,0,171,2,W,1,,43,176,1123,165,0202
09BR00799,R2677,8.0,13,SKIN+BONE,,,0,169,1,,3,93,07,,,,
09BR00800,R2689,8.0,10,,70,2,0,180,1,W,1,,43,173,1123,156,0202
09BR00801,R2699,8.0,10,MILK5+,,,0,179,D,,3,93,07,,,,
09BR00802,R2709,8.0,13,LAME Jan',,,0,0,2,,3,93,43,,,,
09BR00803,R2717,8.0,12,gbldr lkg lvr,,,0,0,,,6,47,43,,,,
09BR00804,R2734,8.0,12,Stky bag cull,,,0,0,1,,6,66,43,,,,
09BR00805,R2736,8.0,10,L.BLOODYM,,,0,0,,,3,93,07,,,,
09BR00806,R2771,8.0,10,LT SUCK1S,71,2,0,0,2,W,1,,07,172,1123,161,0202
09BR00807,R2776,8.0,10,,,,0,0,,,6,20,07,,,,
09BR00808,R2779,8.0,10,THIN,72,2,0,0,2,W,1,,43,161,1123,128,0202
09BR00809,R2806,8.0,12,,,,0,0,2,,3,93,07,,,,
09BR00810,R2811,8.0,10,THIN,,,0,141,2,,3,93,43,,,,
09BR00811,R2816,8.0,12,THIN,,,0,170,D,,3,93,07,,,,
09BR00812,R2825,8.0,11,2 huge lambs,,,0,0,,,6,20,07,,,,
09BR00813,R2851,8.0,12,NICE EWE,,,0,0,,,3,93,07,,,,
09BR00814,R2864,8.0,10,LTS,,,0,0,D,,3,,07,,,,
09BR00815,R2891,8.0,12,,,,0,184,1,,3,93,07,,,,
09BR00816,R2894,8.0,13,THIN,73,2,0,0,,W,1,,43,175,1123,0,
09BR00817,R3003,7.0,18,,,,0,215,2,,3,93,43,,,,
09BR00818,R3013,7.0,18,,58,2,0,160,2,W,1,,07,159,1123,151,0202
09BR00819,R3030,7.0,18,DRY 5/2/0,58,2,0,0,2,W,1,,07,161,1123,0,
09BR00820,R3085,7.0,18,NICE UDDE,,,0,0,,,1,,07,,,,
09BR00821,R3090,7.0,18,,58,2,0,182,1,W,1,,07,175,1123,145,0202
09BR00822,R3100,7.0,18,,,,0,0,,,1,93,07,,,,
09BR00823,R3112,7.0,18,THIN,75,2,0,178,1,W,1,,07,185,1123,171,0202
09BR00824,R3150,7.0,18,GOOD MILK,55,2,0,0,2,W,1,,07,175,1123,166,0202
09BR00825,R3227,7.0,18,BLOODY MI,57,2,0,139,1,W,1,,07,124,1123,112,0202
09BR00826,R3241,7.0,18,R.P.,53,2,0,186,2,W,1,,07,177,1123,0,
09BR00827,R3254,7.0,18,TEATS DOW,74,2,0,184,1,W,1,,07,179,1123,171,0202
09BR00828,R3260,7.0,18,LTS,,,0,0,2,,3,93,07,,,,
09BR00829,R3271,7.0,18,SM.BAG.OK,59,2,0,0,,W,1,,07,157,1123,149,0202
09BR00830,R3288,7.0,18,,55,2,0,0,,W,1,,43,162,1123,162,0202
09BR00831,R3303,7.0,18,THIN,,,0,0,,,1,,43,,,,
09BR00832,R3338,7.0,18,THIN,56,2,0,0,,W,1,,07,174,1123,163,0202
09BR00833,R3354,7.0,18,FOUND 12/,72,2,0,0,2,W,1,,07,188,1123,168,0202
09BR00834,R3358,7.0,18,"SW.BAG,LA",54,2,0,189,1,W,1,,07,180,1123,161,0202
09BR00835,R3377,7.0,18,THINPEN'0,,,0,0,1,,7,97,07,,,,
09BR00836,R3383,7.0,18,SUCK1SIDE,,,0,0,,,1,,07,,,,
09BR00837,R3393,7.0,18,Found in jug,,,0,0,,,6,76,07,,,,
09BR00838,R3404,7.0,18,,53,2,0,0,2,W,1,,07,181,1123,166,0202
09BR00839,R3409,7.0,18,Unknown date,62,2,0,152,1,W,1,01,07,144,1123,139,0202
09BR00840,R3425,7.0,18,THIN RACK,70,2,0,0,2,W,1,,07,165,1123,160,0202
09BR00841,R3432,7.0,18,,64,2,0,187,1,W,1,,07,179,1123,160,0202
09BR00842,R3448,7.0,18,BIG BAG,59,2,0,171,D,W,1,,07,180,1123,167,0202
09BR00843,R3472,7.0,18,THIN,65,2,0,0,2,W,1,,07,167,1123,198,0202
09BR00844,R3484,7.0,18,,71,2,0,139,,W,1,,07,136,1123,165,0202
09BR00845,R3513,7.0,18,Wolf kill,,,0,0,1,,6,13,07,,,,
09BR00846,R3535,7.0,18,,53,2,0,183,1,W,1,,07,172,1123,162,0202
09BR00847,R3592,7.0,18,ABS.LANCE,,,0,0,,,1,,07,,,152,0202
09BR00848,R3600,7.0,18,FAT,56,2,0,210,D,W,1,,07,206,1123,181,0202
09BR00849,R3662,7.0,18,4TEATS,,,0,0,1,,1,,43,,,,
09BR00850,R3667,7.0,18,,,,0,0,1,,6,66,07,,,,
09BR00851,R3670,7.0,18,,63,2,0,172,1,W,1,,07,164,1123,0,
09BR00852,R3671,7.0,18,,73,2,0,172,1,W,1,,07,162,1123,142,0202
09BR00853,R3678,7.0,18,,,,0,129,D,,3,93,07,,,,
09BR00854,R3752,7.0,18,Mastitis,,,0,0,1,,6,05,07,,,,
09BR00855,R3785,7.0,18,,61,2,0,182,1,W,1,,07,171,1123,162,0202
09BR00856,R3794,7.0,18,,54,2,0,0,,W,1,,07,177,1123,164,0202
09BR00857,R3801,7.0,18,OPP TX Bi,,,0,0,,,6,66,07,,,,
09BR00858,R3806,7.0,18,BOTHatONC,60,2,0,173,2,W,1,,07,173,1123,154,0202
09BR00859,R3820,7.0,18,,73,2,0,192,D,W,1,,07,187,1123,174,0202
09BR00860,R3830,7.0,18,THIN,58,2,0,0,2,W,1,,07,148,1123,140,0202
09BR00861,R3845,7.0,18,METRITIS.,62,2,0,187,1,W,1,,07,181,1123,156,0202
09BR00862,R3850,7.0,18,THIN,57,2,0,146,2,W,1,,07,150,1123,140,0202
09BR00863,R3879,7.0,18,MLTS/SHRU,75,2,0,0,2,W,1,,07,189,1123,175,0202
09BR00864,R3886,7.0,18,,55,2,0,204,1,W,1,,07,187,1123,175,0202
09BR00865,R3898,7.0,18,Pneumonia too,,,0,0,,,6,50,07,,,,
09BR00866,R3918,7.0,18,4TEATS,,,0,0,2,,1,93,07,,,,
09BR00867,R3933,7.0,18,NICE,,,0,0,,,1,93,07,,,,
09BR00868,R3934,7.0,18,LTS THIN,,,0,0,2,,1,93,07,,,,
09BR00869,R3985,7.0,18,R.P.LAMEJ,64,2,0,208,1,W,1,,07,195,1123,190,0202
09BR00870,R4006,7.0,18,PLACENTIT,53,2,0,0,2,W,1,,07,157,1123,144,0202
09BR00871,R4060,6.0,18,BIG4HER,58,2,0,149,2,W,1,,07,143,1123,141,0202
09BR00872,R4063,6.0,18,THIN RACK,74,2,0,191,D,W,1,,07,191,1123,164,0202
09BR00873,R4085,6.0,18,NICE,57,2,0,181,1,W,1,,07,175,1123,166,0202
09BR00874,R4089,6.0,18,THIN,,,0,0,2,,1,93,07,,,,
09BR00875,R4099,6.0,18,ABS.RR.FO,59,2,0,190,1,W,1,,07,179,1123,168,0202
09BR00876,R4101,6.0,18,NICE,,,0,0,,,1,,07,,,,
09BR00877,R4105,6.0,18,Lg lmph node,,,0,0,D,,6,50,07,,,,
09BR00878,R4108,6.0,18,,55,2,0,0,,W,1,,07,173,1123,170,0202
09BR00879,R4114,6.0,18,,,,0,0,,,1,,07,,,,
09BR00880,R4119,6.0,18,FLTS,,,0,0,2,,3,93,07,,,,
09BR00881,R4123,6.0,18,,76,2,0,177,2,W,1,,07,177,1123,162,0202
09BR00882,R4126,6.0,18,NICE,53,2,0,170,1,W,1,,07,170,1123,133,0202
09BR00883,R4132,6.0,18,,56,2,0,181,1,W,1,,07,175,1123,168,0202
09BR00884,R4135,6.0,18,,59,2,0,0,2,W,1,,07,167,1123,155,0202
09BR00885,R4155,6.0,18,"THIN, RP,",70,2,0,162,1,W,1,,07,156,1123,151,0202
09BR00886,R4159,6.0,18,FEET SPEC,56,2,0,0,2,W,1,,07,191,1123,165,0202
09BR00887,R4181,6.0,18,BIG4HER,54,2,0,191,1,W,1,,07,178,1123,175,0202
09BR00888,R4216,6.0,18,2nd18Hrs,54,2,0,168,1,W,1,,07,169,1123,0,
09BR00889,R4248,5.0,18,PNEU.,,,0,218,2,,3,93,07,,,,
09BR00890,R4259,5.0,18,,66,2,0,0,,W,1,,07,166,1123,157,0202
09BR00891,R4265,5.0,18,Ytex 2005,,,0,0,2,,1,,07,,,,
09BR00892,R4269,5.0,18,,62,2,0,0,2,W,1,,07,181,1123,167,0202
09BR00893,R4270,5.0,18,4TEATS,62,2,0,196,1,W,1,,07,193,1123,179,0202
09BR00894,R4276,5.0,18,,64,2,0,0,2,W,1,,07,183,1123,170,0202
09BR00895,R4277,5.0,18,TAY,71,2,0,0,,W,1,,07,175,1123,163,0202
09BR00896,R4278,5.0,18,SUCK1SIDE,,,0,198,1,,3,83,07,,,,
09BR00897,R4283,5.0,18,,65,2,0,173,1,W,1,,07,167,1123,161,0202
09BR00898,R4298,5.0,18,SUCK1SIDE,54,2,0,192,D,W,1,,07,202,1123,179,0202
09BR00899,R4299,5.0,18,RP,66,2,0,174,2,W,1,,07,183,1123,160,0202
09BR00900,R4303,5.0,18,,66,2,0,170,1,W,1,,07,173,1123,151,0202
09BR00901,R4336,5.0,18,ONE WF+ON,60,2,0,0,2,W,1,,07,153,1123,145,0202
09BR00902,R4341,5.0,18,Sick; no tag,,,0,0,1,,1,01,07,,,,
09BR00903,R4353,5.0,18,LAME TX.,65,2,0,173,D,W,1,,07,181,1123,164,0202
09BR00904,R4355,5.0,18,,62,2,0,0,2,W,1,,07,190,1123,166,0202
09BR00905,R4361,5.0,18,SUCK1SIDE,72,2,0,0,,W,1,,07,188,1123,174,0202
09BR00906,R4362,5.0,18,4TEATS,60,2,0,0,,W,1,,07,186,1123,179,0202
09BR00907,R4367,5.0,18,,66,2,0,173,1,W,1,,07,171,1123,161,0202
09BR00908,R4370,5.0,18,4TEATS,55,2,0,168,2,W,1,,07,170,1123,155,0202
09BR00909,R4371,5.0,18,ENTROPION,63,2,0,174,1,W,1,,07,169,1123,144,0202
09BR00910,R4383,5.0,18,,57,2,0,187,1,W,1,,07,185,1123,182,0202
09BR00911,R4384,5.0,18,ENTROPION,63,2,0,179,1,W,1,,07,179,1123,178,0202
09BR00912,R4385,5.0,18,,55,2,0,0,2,W,1,,07,178,1123,171,0202
09BR00913,R4397,5.0,18,,,,0,0,2,,3,93,07,,,,
09BR00914,R4411,5.0,18,DYSTOCIA,73,2,0,0,2,W,1,,07,191,1123,178,0202
09BR00915,R4412,5.0,18,R.MILK.CH,53,2,0,197,D,W,1,,07,195,1123,190,0202
09BR00916,R4417,5.0,18,,61,2,0,0,2,W,1,,07,167,1123,158,0202
09BR00917,R4418,5.0,18,,59,2,0,0,,W,1,,07,162,1123,162,0202
09BR00918,R4424,5.0,18,H2,60,2,0,177,1,W,1,,07,166,1123,158,0202
09BR00919,R4427,5.0,18,,56,2,0,175,1,W,1,,07,176,1123,159,0202
09BR00920,R4429,5.0,18,,60,2,0,0,,W,1,,07,165,1123,161,0202
09BR00921,R4434,5.0,18,,54,2,0,169,1,W,1,,07,159,1123,149,0202
09BR00922,R4442,5.0,18,,V1,5,0,154,D,0,1,,07,0,,0,
09BR00923,R4450,5.0,18,,75,2,0,152,1,W,1,,07,150,1123,150,0202
09BR00924,R4462,5.0,18,NICE LAMB,62,2,0,0,2,W,1,,07,169,1123,158,0202
09BR00925,R4471,5.0,18,4TEATS,58,2,0,0,2,W,1,,07,181,1123,172,0202
09BR00926,R4475,5.0,18,NICE LAMB,64,2,0,0,,W,1,,07,182,1123,165,0202
09BR00927,R4481,5.0,18,,60,2,0,185,2,W,1,,07,180,1123,170,0202
09BR00928,R4484,5.0,18,THIN SLOW,65,2,0,185,1,W,1,,07,176,1123,176,0202
09BR00929,R4515,5.0,18,?R.TEAT O,66,2,0,0,2,W,1,,07,171,1123,149,0202
09BR00930,R4517,5.0,18,TB=choker,74,2,0,155,,W,1,,07,160,1123,158,0202
09BR00931,R4519,5.0,18,SM.UDDER,63,2,0,182,1,W,1,,07,178,1123,172,0202
09BR00932,R4522,5.0,18,,V2,5,0,0,2,W,1,,07,193,1208,198,0120
09BR00933,R4533,5.0,18,NICE LAMB,55,2,0,0,2,W,1,,07,163,1123,168,0202
09BR00934,R4549,5.0,18,THIN,61,2,0,176,1,W,1,,07,168,1123,144,0202
09BR00935,R4555,5.0,18,,76,2,0,0,2,W,1,,07,184,1123,172,0202
09BR00936,R4558,5.0,18,,60,2,0,164,H,W,1,,07,165,1123,151,0202
09BR00937,R4559,5.0,18,,53,2,0,169,1,W,1,,07,160,1123,150,0202
09BR00938,R4570,5.0,18,THIN,58,2,0,167,2,W,1,,07,170,1123,161,0202
09BR00939,R4571,5.0,18,LTS,,,0,172,1,,1,,07,,,,
09BR00940,R4577,5.0,18,,70,2,0,207,1,W,1,,07,211,1123,196,0202
09BR00941,R4588,5.0,18,,57,2,0,0,,W,1,,07,184,1123,185,0202
09BR00942,R4592,5.0,18,LTS,59,2,0,197,1,W,1,,07,188,1123,183,0202
09BR00943,R4594,5.0,18,"BIG4HER,S",55,2,0,0,,W,1,,07,152,1123,149,0202
09BR00944,R4603,5.0,18,CUT HORN',71,2,0,0,2,W,1,,07,167,1123,154,0202
09BR00945,R4605,5.0,18,,53,2,0,0,2,W,1,,07,214,1123,202,0202
09BR00946,R4606,5.0,18,,56,2,0,209,1,W,1,,07,207,1123,185,0202
09BR00947,R4612,5.0,18,,59,2,0,0,2,W,1,,07,189,1123,167,0202
09BR00948,R4617,5.0,18,,72,2,0,0,,W,1,,07,159,1123,146,0202
09BR00949,R4620,5.0,18,,56,2,0,188,1,W,1,,07,177,1123,176,0202
09BR00950,R4635,5.0,18,,54,2,0,182,1,W,1,,07,178,1123,173,0202
09BR00951,R4653,5.0,18,THIN,54,2,0,140,1,W,1,,07,196,1123,185,0202
09BR00952,R4678,5.0,18,Ytex 2005,54,2,0,168,1,W,1,,07,169,1123,167,0202
09BR00953,R4684,5.0,18,ENTROPION,62,2,0,180,1,W,1,,07,172,1123,165,0202
09BR00954,R4687,5.0,18,4TEATS,62,2,0,0,2,W,1,,07,178,1123,167,0202
09BR00955,R4688,5.0,18,4TEATS,64,2,0,0,,0,1,,07,0,,0,
09BR00956,R4691,5.0,18,"TAY, HAIR",73,2,0,191,1,W,1,,07,183,1123,166,0202
09BR00957,R4701,5.0,18,,65,2,0,0,,W,1,,07,171,1123,162,0202
09BR00958,R4713,5.0,18,,64,2,0,0,2,W,1,,07,166,1123,160,0202
09BR00959,R4733,5.0,18,PNEU.,66,2,0,188,H,W,1,,07,189,1123,177,0202
09BR00960,R4742,5.0,18,,74,2,0,142,,W,1,,07,143,1123,138,0202
09BR00961,R4754,5.0,18,,63,2,0,192,1,W,1,,07,180,1123,171,0202
09BR00962,R4763,5.0,18,FOOT ABS.,,,0,0,2,,3,93,07,,,,
09BR00963,R4769,5.0,18,FLTS,65,2,0,164,1,W,1,,07,167,1123,164,0202
09BR00964,R4773,5.0,18,,61,2,0,0,,W,1,,07,166,1123,164,0202
09BR00965,R4779,5.0,18,THIN,74,2,0,151,2,W,1,,07,167,1123,156,0202
09BR00966,R4788,5.0,18,THIN,,,0,0,,,1,,07,,,,
09BR00967,R4789,5.0,18,SUCK1SIDE,60,2,0,165,1,W,1,,07,168,1123,162,0202
09BR00968,R4793,5.0,18,THIN,66,2,0,177,1,W,1,,07,174,1123,165,0202
09BR00969,R4796,5.0,18,,58,2,0,0,2,W,1,,07,156,1123,175,0202
09BR00970,R4808,5.0,18,SM.HORNS,,,0,167,2,,1,93,07,,,,
09BR00971,R4812,5.0,18,THIN,76,2,0,0,,W,1,,07,163,1123,154,0202
09BR00972,R4816,5.0,18,Disease/sick,,,0,0,1,,6,01,07,,,,
09BR00973,R4819,5.0,18,,57,2,0,0,2,W,1,,07,141,1123,134,0202
09BR00974,R4822,5.0,18,LR FOOT T,63,2,0,0,2,W,1,,07,192,1123,0,
09BR00975,R4823,5.0,18,,55,2,0,188,D,W,1,,07,187,1123,143,0202
09BR00976,R4824,5.0,18,NICE LAMB,70,2,0,0,2,W,1,,07,154,1123,134,0202
09BR00977,R4832,5.0,18,NICE LAMB,66,2,0,162,2,W,1,,07,168,1123,154,0202
09BR00978,R4863,5.0,18,,61,2,0,177,,W,1,,07,178,1123,162,0202
09BR00979,R4885,5.0,18,,59,2,0,203,1,W,1,,07,196,1123,174,0202
09BR00980,R4895,5.0,18,LT RIGHT,71,2,0,0,2,W,1,,07,179,1123,174,0202
09BR00981,R4904,5.0,18,YTEX TORN,56,2,0,196,1,W,1,,07,195,1123,191,0202
09BR00982,R4927,5.0,18,,,,0,188,1,,1,93,07,,,,
09BR00983,R4928,5.0,18,,60,2,0,197,1,W,1,,07,194,1123,172,0202
09BR00984,R4946,5.0,18,THIN,54,2,0,0,,W,1,,07,156,1123,146,0202
09BR00985,R4961,5.0,18,PNEU.,72,2,0,158,1,W,1,,07,151,1123,0,
09BR00986,R4971,5.0,18,LT SW.BAG,62,2,0,0,,W,1,,07,203,1123,190,0202
09BR00987,R4990,5.0,18,RANGE LAM,58,2,0,0,2,W,1,,07,169,1123,155,0202
09BR00988,R5000,5.0,18,,64,2,0,175,1,W,1,,07,181,1123,173,0202
09BR00989,R5007,5.0,18,,73,2,0,0,2,W,1,,07,187,1123,216,0202
09BR00990,R5017,5.0,18,,65,2,0,0,2,W,1,,07,148,1123,133,0202
09BR00991,R5036,5.0,18,"NICE, PNE",57,2,0,0,2,W,1,,07,171,1123,160,0202
09BR00992,R5050,5.0,18,,,,0,0,1,,7,97,07,,,,
09BR00993,R5068,5.0,18,"NICE, PNE",66,2,0,0,2,W,1,,07,175,1123,167,0202
09BR00994,R5094,5.0,18,,75,2,0,0,,W,1,,07,175,1123,168,0202
09BR00995,R5095,5.0,18,"ENTR., PN",63,2,0,179,1,W,1,,07,172,1123,162,0202
09BR00996,R5109,5.0,18,,55,2,0,189,1,W,1,,07,170,1123,166,0202
09BR00997,R5112,5.0,18,,61,2,0,186,1,W,1,,07,187,1123,180,0202
09BR00998,R5128,5.0,18,ENTROPION,,,0,0,2,,1,,07,,,,
09BR00999,R5135,5.0,18,,74,2,0,182,1,W,1,,07,184,1123,178,0202
09BR01000,R5149,5.0,18,,,,0,0,,,6,03,07,,,,
09BR01001,R5168,5.0,18,BIG NAVEL,60,2,0,0,2,W,1,,07,186,1123,190,0202
09BR01002,R5169,5.0,18,No date given,,,0,0,,,6,01,07,,,,
09BR01003,R5170,5.0,18,,53,2,0,0,,W,1,,07,168,1123,164,0202
09BR01004,R5185,5.0,18,,58,2,0,197,1,W,1,,07,190,1123,175,0202
09BR01005,R5192,5.0,18,,76,2,0,169,1,W,1,,07,171,1123,159,0202
09BR01006,R5195,5.0,18,SMALL UDD,57,2,0,0,,W,1,,07,192,1123,176,0202
09BR01007,R5222,5.0,18,BORN>RANG,59,2,0,165,1,W,1,,07,165,1123,150,0202
09BR01008,R5228,4.0,00,,,,0,151,2,,1,,01,,,,
09BR01009,R5230,4.0,00,ENTROPION,,,0,0,2,,1,,01,,,,
09BR01010,R5248,4.0,00,,,,0,209,1,,1,,01,,,,
09BR01011,R5263,4.0,00,,,,0,201,1,,1,,01,,,,
09BR01012,R5268,4.0,00,,,,0,195,D,,1,,01,,,,
09BR01013,R5273,4.0,00,,,,0,173,1,,1,,01,,,,
09BR01014,R5284,4.0,00,,,,0,200,D,,1,,01,,,,
09BR01015,R5313,4.0,00,NICE LAMB,,,0,0,,,1,,01,,,,
09BR01016,R5314,4.0,00,FEVER TX.,,,0,183,D,,1,,01,,,,
09BR01017,R5315,4.0,00,Biomedical,,,0,0,2,,3,93,01,,,,
09BR01018,R5317,4.0,00,,,,0,217,D,,3,93,01,,,,
09BR01019,R5327,4.0,00,THIN,,,0,0,2,,1,93,01,,,,
09BR01020,R5344,4.0,00,,,,0,193,D,,1,,01,,,,
09BR01021,R5347,4.0,00,4TEATS,,,0,187,D,,3,93,01,,,,
09BR01022,R5355,4.0,00,No ear tag,,,0,0,D,,6,93,01,,,,
09BR01023,R5363,4.0,48,,Cu,2,7,0,H,,6,93,02,0,,,
09BR01024,R5377,4.0,00,NICE LAMB,,,0,0,2,,1,,01,,,,
09BR01025,R5386,4.0,00,"20, 88 also",,,0,0,,,6,18,01,,,,
09BR01026,R5388,4.0,18,,70,2,0,0,,W,1,,07,160,1123,150,0202
09BR01027,R5389,4.0,18,,53,2,0,0,,W,1,,07,174,1123,168,0202
09BR01028,R5390,4.0,18,,56,2,0,0,,W,1,,07,171,1123,180,0202
09BR01029,R5396,4.0,18,HAIRY,59,2,0,0,2,W,1,,07,159,1123,152,0202
09BR01030,R5401,4.0,18,,,,0,0,2,,1,,07,,,,
09BR01031,R5402,4.0,18,RANGE LAM,71,2,0,0,2,W,1,,07,179,1123,175,0202
09BR01032,R5420,4.0,18,,55,2,0,0,,W,1,,07,155,1123,151,0202
09BR01033,R5436,4.0,00,,,,0,188,D,,3,93,01,,,,
09BR01034,R5466,4.0,18,ND,54,2,0,163,1,W,1,,07,157,1123,151,0202
09BR01035,R5480,4.0,18,,64,2,0,173,1,W,1,,07,161,1123,160,0202
09BR01036,R5496,4.0,18,LF GIMPY,75,2,0,0,2,W,1,,07,191,1123,181,0202
09BR01037,R5497,4.0,18,LAME LR T,62,2,0,161,1,W,1,,07,165,1123,149,0202
09BR01038,R5499,4.0,18,SM.UDDER,62,2,0,206,1,W,1,,07,202,1123,191,0202
09BR01039,R5526,4.0,18,"Also 68, 50",,,0,0,,,6,66,07,,,,
09BR01040,R5527,4.0,18,,64,2,0,0,,W,1,,07,164,1123,167,0202
09BR01041,R5537,4.0,18,,73,2,0,0,2,W,1,,07,148,1123,148,0202
09BR01042,R5541,4.0,18,NICE LAMB,62,2,0,202,1,W,1,,07,199,1123,188,0202
09BR01043,R5566,4.0,18,L.BLOODYM,64,2,0,167,1,W,1,,07,168,1123,166,0202
09BR01044,R5567,4.0,18,,66,2,0,0,,W,1,,07,174,1123,167,0202
09BR01045,R5568,4.0,18,,,,0,0,1,,7,97,07,,,,
09BR01046,R5570,4.0,18,Unrspsv lmnss,,,0,0,,,6,01,07,,,,
09BR01047,R5581,4.0,18,SW.BAG,75,2,0,187,1,W,1,,07,197,1123,182,0202
09BR01048,R5583,4.0,18,,63,2,0,0,1,W,1,,07,182,1123,167,0202
09BR01049,R5590,4.0,18,,65,2,0,0,,W,1,,07,169,1123,157,0202
09BR01050,R5616,4.0,18,,65,2,0,195,D,W,1,,07,192,1123,176,0202
09BR01051,R5619,4.0,00,,,,0,0,2,,1,,01,,,,
09BR01052,R5634,4.0,18,,74,2,0,0,2,W,1,,07,178,1123,164,0202
09BR01053,R5658,4.0,18,L.MILK.BL,,,0,0,2,,3,93,07,,,,
09BR01054,R5660,4.0,18,NICE LAMB,60,2,0,218,1,W,1,,07,210,1123,202,0202
09BR01055,R5670,4.0,18,,66,2,0,178,1,W,1,,07,167,1123,158,0202
09BR01056,R5674,4.0,18,,,,0,0,,,1,,07,,,,
09BR01057,R5677,4.0,18,,58,2,0,185,1,W,1,,07,179,1123,179,0202
09BR01058,R5695,4.0,18,MATERNAL+,76,2,0,0,,W,1,,07,194,1123,184,0202
09BR01059,R5719,4.0,18,"1st54,2nd",,,0,0,2,,1,93,07,,,,
09BR01060,R5724,4.0,18,,57,2,0,0,,W,1,,07,207,1123,198,0202
09BR01061,R5730,4.0,18,4TEATS,63,2,0,0,,W,1,,07,221,1123,209,0202
09BR01062,R5736,4.0,18,4TEATS,55,2,0,183,1,W,1,,07,170,1123,158,0202
09BR01063,R5737,4.0,18,,70,2,0,178,2,W,1,,07,181,1123,166,0202
09BR01064,R5750,4.0,18,4TEATS,53,2,0,178,1,W,1,,07,176,1123,164,0202
09BR01065,R5752,4.0,18,THIN 2-YR,61,2,0,178,1,W,1,,07,176,1123,172,0202
09BR01066,R5756,4.0,18,COLUMBIA?,59,2,0,0,2,W,1,,07,232,1123,212,0202
09BR01067,R5762,4.0,18,4TEATS,71,2,0,207,D,W,1,,07,211,1123,202,0202
09BR01068,R5774,4.0,18,4TEATS,56,2,0,197,D,W,1,,07,193,1123,180,0202
09BR01069,R5784,4.0,18,ENTROPION,60,2,0,182,1,W,1,,07,194,1123,180,0202
09BR01070,R5790,4.0,18,,54,2,0,0,2,W,1,,07,183,1123,176,0202
09BR01071,R5793,4.0,18,THIN,72,2,0,188,1,W,1,,07,187,1123,184,0202
09BR01072,R5798,4.0,18,,62,2,0,175,2,W,1,,07,178,1123,163,0202
09BR01073,R5826,4.0,18,,59,2,0,0,,W,1,,07,179,1123,169,0202
09BR01074,R5830,4.0,18,4TEATS,64,2,0,0,,W,1,,07,174,1123,160,0202
09BR01075,R5835,4.0,18,Blunted villi,,,0,0,,,6,40,07,,,,
09BR01076,R5854,4.0,18,HAIRY,73,2,0,0,2,W,1,,07,190,1123,185,0202
09BR01077,R5873,4.0,18,Mastitis cull,,,0,0,1,,6,66,07,,,,
09BR01078,R5874,4.0,18,METRITIS,65,2,0,186,1,W,1,,07,179,1123,174,0202
09BR01079,R5875,4.0,18,,58,2,0,184,2,W,1,,07,178,1123,174,0202
09BR01080,R5878,4.0,18,LAME Jan',,,0,192,D,,3,93,07,,,,
09BR01081,R5879,4.0,18,,53,2,0,193,1,W,1,,07,191,1123,0,
09BR01082,R5880,4.0,18,,75,2,0,0,1,W,1,,07,186,1123,179,0202
09BR01083,R5896,4.0,18,HAIRY,,,0,184,1,,1,93,07,,,,
09BR01084,R5897,4.0,18,Stky bag cull,,,0,0,,,6,66,07,,,,
09BR01085,R5902,4.0,18,,,,0,0,,,1,,07,,,,
09BR01086,R5907,4.0,18,,63,2,0,0,2,W,1,,07,158,1123,148,0202
09BR01087,R5918,4.0,18,,65,2,0,0,2,W,1,,07,178,1123,168,0202
09BR01088,R5919,4.0,18,,61,2,0,158,2,W,1,,07,163,1123,153,0202
09BR01089,R5920,4.0,18,FEVER TX.,74,2,0,174,1,W,1,,07,171,1123,157,0202
09BR01090,R5931,4.0,18,BIG4HER,,,0,185,D,,3,93,07,,,,
09BR01091,R5946,4.0,18,EMACIATED,,,0,155,2,,3,93,07,,,,
09BR01092,R5952,4.0,18,,65,2,0,191,D,W,1,,07,198,1123,177,0202
09BR01093,R5955,4.0,18,SCOURS,53,2,0,0,2,W,1,,07,175,1123,166,0202
09BR01094,R5961,4.0,18,,58,2,0,188,1,W,1,,07,184,1123,176,0202
09BR01095,R5964,4.0,18,Mastitis,,,0,0,1,,6,05,07,,,,
09BR01096,R5965,4.0,18,4TEATS,76,2,0,0,,W,1,,07,180,1123,165,0202
09BR01097,R5984,4.0,18,,58,2,0,186,1,W,1,,07,188,1123,173,0202
09BR01098,R5992,4.0,18,,63,2,0,171,1,W,1,,07,165,1123,151,0202
09BR01099,R5993,4.0,18,,,,0,0,,,1,,07,,,,
09BR01100,R5999,4.0,18,,55,2,0,182,1,W,1,,07,169,1123,160,0202
09BR01101,R6001,4.0,18,,70,2,0,188,1,W,1,,07,176,1123,0,
09BR01102,R6012,4.0,18,,53,2,0,0,,W,1,,07,165,1123,160,0202
09BR01103,R6013,4.0,18,,,,0,197,1,,3,93,07,,,,
09BR01104,R6020,4.0,18,4TEATS,64,2,0,176,1,W,1,,07,171,1123,168,0202
09BR01105,R6040,4.0,18,NICE LAMB,59,2,0,0,2,W,1,,07,184,1123,166,0202
09BR01106,R6045,4.0,18,,71,2,0,0,,W,1,,07,194,1123,174,0202
09BR01107,R6047,4.0,18,,56,2,0,0,,W,1,,07,176,1123,162,0202
09BR01108,R6049,4.0,18,4TEATS,54,2,0,0,2,W,1,,07,168,1123,161,0202
09BR01109,R6068,4.0,18,,,,0,160,1,,3,93,07,,,,
09BR01110,R6081,4.0,18,HAIRY,54,2,0,0,2,W,1,,07,174,1123,165,0202
09BR01111,R6094,4.0,18,,,,0,0,2,,7,97,07,,,,
09BR01112,R6096,4.0,18,?Not Mark,75,2,0,0,,W,1,,07,183,1123,174,0202
09BR01113,R6098,4.0,18,4TEATS,62,2,0,184,1,W,1,,07,187,1123,174,0202
09BR01114,R6139,3.0,18,BLK.EAR,58,2,0,0,2,W,1,,07,173,1123,158,0202
09BR01115,R6142,3.0,18,,64,2,0,0,2,W,1,,07,177,1123,165,0202
09BR01116,R6159,3.0,18,"ENTR, PNE",73,2,0,0,2,W,1,,07,182,1123,180,0202
09BR01117,R6161,3.0,18,,65,2,0,152,1,W,1,,07,153,1123,134,0202
09BR01118,R6172,3.0,18,ENTROPION,66,2,0,0,,W,1,,07,191,1123,170,0202
09BR01119,R6184,3.0,18,,66,2,0,0,,W,1,,07,154,1123,153,0202
09BR01120,R6190,3.0,18,WENT DRY,75,2,0,177,1,W,1,,07,189,1123,216,0202
09BR01121,R6201,3.0,18,,63,2,0,152,1,W,1,,07,155,1123,145,0202
09BR01122,R6203,3.0,18,HAIRY,65,2,0,0,,W,1,,07,193,1123,172,0202
09BR01123,R6204,3.0,18,BLK.EYE,61,2,0,0,2,W,1,,07,195,1123,184,0202
09BR01124,R6205,3.0,18,HAIRY,74,2,0,0,2,W,1,,07,163,1123,149,0202
09BR01125,R6213,3.0,18,SCOURS TX,60,2,0,201,D,W,1,,07,208,1123,176,0202
09BR01126,R6215,3.0,18,,61,2,0,0,,W,1,,07,152,1123,146,0202
09BR01127,R6221,3.0,18,,55,2,0,0,,W,1,,07,147,1123,149,0202
09BR01128,R6227,3.0,18,,76,2,0,187,1,W,1,,07,190,1123,181,0202
09BR01129,R6229,3.0,18,4TEATS,57,2,0,154,1,W,1,,07,162,1123,152,0202
09BR01130,R6230,3.0,18,,63,2,0,165,1,W,1,,07,171,1123,158,0202
09BR01131,R6250,3.0,18,GAUNT,57,2,0,154,1,W,1,,07,163,1123,148,0202
09BR01132,R6260,3.0,18,,70,2,0,0,2,W,1,,07,177,1123,166,0202
09BR01133,R6262,3.0,18,,53,2,0,0,,W,1,,07,164,1123,146,0202
09BR01134,R6266,3.0,18,BIG1st PA,59,2,0,161,2,W,1,,07,168,1123,157,0202
09BR01135,R6271,3.0,18,4TEATS,59,2,0,0,2,W,1,,07,197,1123,175,0202
09BR01136,R6272,3.0,18,THIN,71,2,0,156,2,W,1,,07,155,1123,147,0202
09BR01137,R6274,3.0,18,,56,2,0,0,,W,1,,07,174,1123,167,0202
09BR01138,R6277,3.0,18,4TEATS,60,2,0,0,,W,1,,07,175,1123,153,0202
09BR01139,R6288,3.0,18,,54,2,0,163,1,W,1,,07,157,1123,162,0202
09BR01140,R6293,3.0,18,,72,2,0,0,2,W,1,,07,169,1123,162,0202
09BR01141,R6298,3.0,18,4TEATS,66,2,0,185,1,W,1,,07,195,1123,184,0202
09BR01142,R6299,3.0,18,THICK MIL,58,2,0,0,,W,1,,07,199,1123,192,0202
09BR01143,R6306,3.0,18,,60,2,0,0,2,W,1,,07,172,1123,166,0202
09BR01144,R6309,3.0,18,,72,2,0,0,2,W,1,,07,179,1123,162,0202
09BR01145,R6317,3.0,18,,61,2,0,174,1,W,1,,07,178,1123,175,0202
09BR01146,R6322,3.0,18,,57,2,0,155,2,W,1,,07,158,1123,145,0202
09BR01147,R6325,3.0,18,,66,2,0,0,2,W,1,,07,160,1123,155,0202
09BR01148,R6326,3.0,18,,74,2,0,170,1,W,1,,07,174,1123,157,0202
09BR01149,R6332,3.0,18,5/1 LAME,60,2,0,152,1,W,1,,07,161,1123,150,0202
09BR01150,R6333,3.0,18,,55,2,0,0,2,W,1,,07,169,1123,160,0202
09BR01151,R6335,3.0,18,SM.BAG,61,2,0,0,,W,1,,07,179,1123,167,0202
09BR01152,R6336,3.0,18,,,,0,0,2,,7,97,07,,,,
09BR01153,R6339,3.0,18,ENTR WEAK,74,2,0,183,1,W,1,,07,173,1123,145,0202
09BR01154,R6343,3.0,18,ENTROPION,60,2,0,0,,W,1,,07,141,1123,135,0202
09BR01155,R6346,3.0,18,,57,2,0,0,2,W,1,,07,168,1123,154,0202
09BR01156,R6347,3.0,18,,64,2,0,0,,W,1,,07,151,1123,153,0202
09BR01157,R6352,3.0,18,,76,2,0,0,2,W,1,,07,183,1123,167,0202
09BR01158,R6354,3.0,18,HAIRY,55,2,0,159,1,W,1,,07,159,1123,163,0202
09BR01159,R6355,3.0,18,HAIRY,,,0,0,,,1,,07,,,,
09BR01160,R6364,3.0,18,4TEATS,56,2,0,162,1,W,1,,07,172,1123,155,0202
09BR01161,R6366,3.0,18,HIP PARES,,,0,168,2,,1,93,07,,,,
09BR01162,R6367,3.0,18,,55,2,0,179,1,W,1,,07,179,1123,180,0202
09BR01163,R6376,3.0,18,COARSE,70,2,0,0,2,W,1,,07,199,1123,178,0202
09BR01164,R6377,3.0,18,,53,2,0,179,1,W,1,,07,170,1123,156,0202
09BR01165,R6381,3.0,18,FEVER. PP,53,2,0,159,1,W,1,,07,166,1123,152,0202
09BR01166,R6393,3.0,18,,59,2,0,0,,W,1,,07,149,1123,141,0202
09BR01167,R6394,3.0,18,ENTROPION,71,2,0,0,1,W,1,,07,171,1123,161,0202
09BR01168,R6407,3.0,18,,59,2,0,0,,W,1,,07,155,1123,143,0202
09BR01169,R6413,3.0,18,,,,0,0,,,1,,07,,,,
09BR01170,R6415,3.0,18,HAIRY,54,2,0,0,,W,1,,07,157,1123,180,0202
09BR01171,R6421,3.0,18,,54,2,0,0,2,W,1,,07,165,1123,150,0202
09BR01172,R6422,3.0,18,,72,2,0,0,2,W,1,,07,161,1123,161,0202
09BR01173,R6424,3.0,18,,62,2,0,0,2,W,1,,07,182,1123,173,0202
09BR01174,R6425,3.0,18,HAIRY,56,2,0,0,,W,1,,07,159,1123,146,0202
09BR01175,R6429,3.0,18,,62,2,0,0,,W,1,,07,151,1123,142,0202
09BR01176,R6436,3.0,18,,73,2,0,0,2,W,1,,07,159,1123,150,0202
09BR01177,R6439,3.0,18,ENTROPION,65,2,0,177,D,W,1,,07,185,1123,170,0202
09BR01178,R6444,3.0,18,,64,2,0,0,,W,1,,07,179,1123,168,0202
09BR01179,R6445,3.0,18,,,,0,208,D,,1,,07,,,,
09BR01180,R6447,3.0,18,,66,2,0,180,1,W,1,,07,191,1123,176,0202
09BR01181,R6448,3.0,18,,,,0,171,1,,1,93,07,,,,
09BR01182,R6451,3.0,18,,76,2,0,165,1,W,1,,07,168,1123,153,0202
09BR01183,R6452,3.0,18,WEAK LAMB,63,2,0,156,1,W,1,,07,155,1123,152,0202
09BR01184,R6455,3.0,18,,65,2,0,157,1,W,1,,07,147,1123,150,0202
09BR01185,R6463,3.0,18,4TEATS,61,2,0,0,2,W,1,,07,164,1123,160,0202
09BR01186,R6465,3.0,18,,74,2,0,159,1,W,1,,07,169,1123,143,0202
09BR01187,R6466,3.0,18,"FEVER,PPG",60,2,0,0,,W,1,,07,140,1123,130,0202
09BR01188,R6468,3.0,18,,66,2,0,181,1,W,1,,07,183,1123,171,0202
09BR01189,R6469,3.0,18,3in. HORN,58,2,0,177,1,W,1,,07,178,1123,171,0202
09BR01190,R6471,3.0,18,Run over,,,0,0,,,6,15,07,,,,
09BR01191,R6473,3.0,18,,76,2,0,0,,W,1,,07,172,1123,152,0202
09BR01192,R6475,3.0,18,,57,2,0,0,2,W,1,,07,181,1123,173,0202
09BR01193,R6476,3.0,18,TIGHT1stP,63,2,0,164,1,W,1,,07,164,1123,154,0202
09BR01194,R6481,3.0,18,,53,2,0,0,2,W,1,,07,166,1123,167,0202
09BR01195,R6482,3.0,18,ENTROPION,70,2,0,0,2,W,1,,07,165,1123,152,0202
09BR01196,R6486,3.0,18,ENTROPION,56,2,0,154,1,W,1,,07,143,1123,136,0202
09BR01197,R6488,3.0,18,,61,2,0,163,1,W,1,,07,169,1123,156,0202
09BR01198,R6491,3.0,18,SM.BAG,59,2,0,0,2,W,1,,07,196,1123,187,0202
09BR01199,R6492,3.0,18,,71,2,0,0,,W,1,,07,151,1123,145,0202
09BR01200,R6502,3.0,18,,56,2,0,0,,W,1,,07,139,1123,142,0202
09BR01201,R6509,3.0,18,,61,2,0,0,2,W,1,,07,174,1123,164,0202
09BR01202,R6511,3.0,18,,65,2,0,0,2,W,1,,07,162,1123,157,0202
09BR01203,R6512,3.0,18,,72,2,0,187,1,W,1,,07,196,1123,186,0202
09BR01204,R6517,3.0,18,,62,2,0,190,D,W,1,,07,188,1123,168,0202
09BR01205,R6521,3.0,18,ENTROPION,58,2,0,0,,W,1,,07,143,1123,139,0202
09BR01206,R6522,3.0,18,Smushed,,,0,0,,,6,46,07,,,,
09BR01207,R6528,3.0,18,,64,2,0,0,,W,1,,07,150,1123,144,0202
09BR01208,R6531,3.0,18,H3,73,2,0,0,2,W,1,,07,187,1123,174,0202
09BR01209,R6539,3.0,18,SCOURS TX,65,2,0,0,2,W,1,,07,181,1123,160,0202
09BR01210,R6540,3.0,18,,57,2,0,178,2,W,1,,07,187,1123,163,0202
09BR01211,R6541,3.0,18,,66,2,0,0,,W,1,,07,162,1123,162,0202
09BR01212,R6545,3.0,18,,75,2,0,0,2,0,1,,07,0,,0,
09BR01213,R6547,3.0,18,,63,2,0,166,1,W,1,,07,172,1123,166,0202
09BR01214,R6552,3.0,18,,55,2,0,0,,W,1,,07,169,1123,168,0202
09BR01215,R6560,3.0,18,4TEATS,61,2,0,0,2,W,1,,07,159,1123,150,0202
09BR01216,R6563,3.0,18,,74,2,0,159,1,W,1,,07,159,1123,155,0202
09BR01217,R6565,3.0,18,,61,2,0,0,2,W,1,,07,174,1123,0,
09BR01218,R6567,3.0,18,,53,2,0,0,2,W,1,,07,168,1123,164,0202
09BR01219,R6572,3.0,18,R.P. OK,58,2,0,0,,W,1,,07,160,1123,152,0202
09BR01220,R6577,3.0,18,PNEU.TX.,72,2,0,165,1,W,1,,07,158,1123,161,0202
09BR01221,R6583,3.0,18,,57,2,0,0,2,W,1,,07,157,1123,143,0202
09BR01222,R6585,3.0,18,TIGHT1stP,59,2,0,0,,W,1,,07,172,1123,172,0202
09BR01223,R6587,3.0,18,ENTROPION,62,2,0,166,1,W,1,,07,167,1123,161,0202
09BR01224,R6590,3.0,18,,70,2,0,0,2,W,1,,07,173,1123,0,
09BR01225,R6591,3.0,18,4TEATS,66,2,0,178,D,W,1,,07,179,1123,172,0202
09BR01226,R6594,3.0,18,,56,2,0,166,1,W,1,,07,172,1123,170,0202
09BR01227,R6602,3.0,18,4TEATS,63,2,0,0,2,W,1,,07,176,1123,156,0202
09BR01228,R6608,3.0,18,L. EYE TX,71,2,0,0,1,W,1,,07,155,1123,153,0202
09BR01229,R6617,3.0,18,,56,2,0,0,2,W,1,,07,171,1123,162,0202
09BR01230,R6620,2.0,18,.,54,2,0,162,D,W,1,,07,160,1123,142,0202
09BR01231,R6641,2.0,18,.,54,2,0,161,2,W,1,,07,157,1123,161,0202
09BR01232,R6650,2.0,18,BLK.LR FO,V1,5,0,177,D,W,1,,07,182,1208,182,0120
09BR01233,R6654,2.0,18,.,75,2,0,0,,W,1,,07,155,1123,149,0202
09BR01234,R6672,2.0,18,4TEAT BRN,62,2,0,157,1,W,1,,07,173,1123,162,0202
09BR01235,R6675,2.0,18,4TEATS,62,2,0,162,D,W,1,,07,163,1123,153,0202
09BR01236,R6680,2.0,18,.,57,2,0,164,1,W,1,,07,162,1123,164,0202
09BR01237,R6688,2.0,18,.,75,2,0,0,,W,1,01,07,161,1123,156,0202
09BR01238,R6707,2.0,18,Biomedical,,,0,190,D,,3,93,07,,,,
09BR01239,R6713,2.0,18,.,64,2,0,162,1,W,1,,07,165,1123,163,0202
09BR01240,R6717,2.0,18,.,66,2,0,163,1,W,1,,07,177,1123,163,0202
09BR01241,R6718,2.0,18,.,75,2,0,159,1,W,1,,07,166,1123,161,0202
09BR01242,R6724,2.0,18,.,63,2,0,0,,W,1,,07,171,1123,165,0202
09BR01243,R6725,2.0,18,.,65,2,0,147,1,W,1,,07,147,1123,146,0202
09BR01244,R6728,2.0,18,.,V2,5,0,164,D,W,1,,07,179,1208,179,0120
09BR01245,R6739,2.0,18,Rpt prpbc tdn,,,0,0,,,6,66,07,,,,
09BR01246,R6742,2.0,18,.,61,2,0,169,2,W,1,,07,174,1123,170,0202
09BR01247,R6743,2.0,18,.,74,2,0,148,1,W,1,,07,156,1123,156,0202
09BR01248,R6744,2.0,18,HAIRBAGsa,60,2,0,0,,W,1,93,07,0,,,
09BR01249,R6748,2.0,18,.,66,2,0,183,1,W,1,,07,180,1123,173,0202
09BR01250,R6751,2.0,18,4TEATS,58,2,0,0,,W,1,,07,151,1123,143,0202
09BR01251,R6758,2.0,18,.,76,2,0,161,1,W,1,,07,165,1123,162,0202
09BR01252,R6762,2.0,18,.,V1,5,0,205,D,W,1,,07,208,1208,202,0120
09BR01253,R6770,2.0,18,.,57,2,0,173,1,W,1,,07,172,1123,165,0202
09BR01254,R6771,2.0,18,.,63,2,0,0,,W,1,,07,162,1123,156,0202
09BR01255,R6773,2.0,18,4TEATS,55,2,0,0,,W,1,,07,137,1123,143,0202
09BR01256,R6778,2.0,18,SPLINT KN,70,2,0,0,2,W,1,,07,170,1123,160,0202
09BR01257,R6780,2.0,18,.,53,2,0,0,,W,1,,07,171,1123,167,0202
09BR01258,R6784,2.0,18,BRN.EARS,61,2,0,0,,W,1,,07,165,1123,158,0202
09BR01259,R6800,2.0,18,No date given,,,0,0,2,,6,01,07,,,,
09BR01260,R6820,2.0,18,.,59,2,0,132,2,W,1,,07,138,1123,172,0202
09BR01261,R6823,2.0,18,FAT,71,2,0,0,2,W,1,,07,188,1123,184,0202
09BR01262,R6826,2.0,18,HAIRY,56,2,0,0,,W,1,,07,159,1123,145,0202
09BR01263,R6831,2.0,18,.,57,2,0,0,2,W,1,,07,148,1123,155,0202
09BR01264,R6835,2.0,18,.,54,2,0,166,,W,1,,07,172,1123,139,0202
09BR01265,R6836,2.0,18,.,,,0,170,1,,1,93,07,,,,
09BR01266,R6838,2.0,18,.,76,2,0,166,1,W,1,,07,170,1123,163,0202
09BR01267,R6839,2.0,18,.,V2,5,0,182,D,W,1,,07,196,1208,189,0120
09BR01268,R6841,2.0,18,.,63,2,0,159,1,W,1,,07,167,1123,154,0202
09BR01269,R6866,2.0,18,.,56,2,0,0,2,W,1,,07,155,1123,157,0202
09BR01270,R6870,2.0,18,.,64,2,0,0,,W,1,,07,156,1123,152,0202
09BR01271,R6876,2.0,18,HAIRY,73,2,0,0,,W,1,,07,132,1123,131,0202
09BR01272,R6879,2.0,18,.,65,2,0,157,1,W,1,,07,153,1123,145,0202
09BR01273,R6884,2.0,18,Biomedical,,,0,183,D,,3,93,07,,,,
09BR01274,R6886,2.0,18,.,57,2,0,162,1,W,1,,07,170,1123,171,0202
09BR01275,R6888,2.0,18,.,58,2,0,0,2,W,1,,07,164,1123,158,0202
09BR01276,R6890,2.0,18,4TEATS,,,0,0,,,1,93,07,,,,
09BR01277,R6897,2.0,18,.,75,2,0,0,2,W,1,,07,156,1123,152,0202
09BR01278,R6902,2.0,18,.,,,0,146,1,,1,93,07,,,,
09BR01279,R6903,2.0,18,4TEATS,63,2,0,188,1,W,1,,07,192,1123,173,0202
09BR01280,R6905,2.0,18,ENTROPION,55,2,0,155,2,W,1,,07,220,1123,155,0202
09BR01281,R6906,2.0,18,.,61,2,0,0,2,W,1,,07,159,1123,157,0202
09BR01282,R6915,2.0,18,4TEATS,74,2,0,165,1,W,1,,07,173,1123,169,0202
09BR01283,R6916,2.0,18,.,,,0,171,1,,1,93,07,,,,
09BR01284,R6918,2.0,18,.,60,2,0,0,,W,1,,07,168,1123,163,0202
09BR01285,R6923,2.0,18,.,,,0,181,1,,1,,07,,,,
09BR01286,R6926,2.0,18,.,,,0,157,1,,1,,07,,,,
09BR01287,R6933,2.0,18,4TEATS,53,2,0,0,1,W,1,,07,138,1123,124,0202
09BR01288,R6934,2.0,18,HAIRY,58,2,0,162,1,W,1,,07,167,1123,160,0202
09BR01289,R6935,2.0,18,4TEATS,76,2,0,148,1,W,1,,07,155,1123,152,0202
09BR01290,R6939,2.0,18,.,57,2,0,161,1,W,1,,07,149,1123,153,0202
09BR01291,R6945,2.0,18,"Unthrfty, CLA",,,0,0,,,6,66,07,,,,
09BR01292,R6964,2.0,18,ENTROPION,59,2,0,171,1,W,1,,07,176,1123,171,0202
09BR01293,R6971,2.0,18,.,55,2,0,164,1,W,1,,07,161,1123,154,0202
09BR01294,R6977,2.0,18,.,70,2,0,153,1,W,1,,07,157,1123,157,0202
09BR01295,R6978,2.0,18,.,53,2,0,0,2,W,1,,07,162,1123,158,0202
09BR01296,R6991,2.0,18,NICE LAMB,64,2,0,165,,W,1,,07,164,1123,156,0202
09BR01297,R6993,2.0,18,.,59,2,0,0,2,W,1,,07,150,1123,149,0202
09BR01298,R6995,2.0,18,WRINKLES,71,2,0,0,,W,1,,07,168,1123,163,0202
09BR01299,R6997,2.0,18,.,56,2,0,132,1,W,1,,07,136,1123,129,0202
09BR01300,R7006,2.0,18,.,54,2,0,0,,W,1,,07,166,1123,165,0202
09BR01301,R7024,2.0,18,ENTROPION,54,2,0,0,2,W,1,,07,165,1123,156,0202
09BR01302,R7029,2.0,18,.,72,2,0,0,,W,1,,07,158,1123,155,0202
09BR01303,R7031,2.0,18,.,62,2,0,169,1,W,1,,07,168,1123,162,0202
09BR01304,R7032,2.0,18,.,73,2,0,0,,W,1,,07,154,1123,140,0202
09BR01305,R7044,2.0,18,.,64,2,0,153,1,W,1,,07,144,1123,142,0202
09BR01306,R7052,2.0,18,.,75,2,0,0,,W,1,,07,171,1123,167,0202
09BR01307,R7056,2.0,18,.,65,2,0,0,,W,1,,07,160,1123,141,0202
09BR01308,R7061,2.0,18,.,74,2,0,0,,W,1,,07,160,1123,154,0202
09BR01309,R7067,2.0,18,.,,,0,161,D,,3,93,07,,,,
09BR01310,R7074,2.0,18,.,55,2,0,0,2,W,1,,07,150,1123,152,0202
09BR01311,R7077,2.0,18,TAIL CHEW,76,2,0,139,1,W,1,,07,142,1123,133,0202
09BR01312,R7089,2.0,18,NICE LAMB,56,2,0,157,1,W,1,,07,163,1123,157,0202
09BR01313,R7091,2.0,18,.,70,2,0,160,1,W,1,,07,164,1123,164,0202
09BR01314,R7110,2.0,18,TAIL CHEW,61,2,0,145,1,W,1,,07,152,1123,148,0202
09BR01315,R7125,2.0,18,NICE LAMB,71,2,0,0,,W,1,,07,157,1123,153,0202
09BR01316,R7127,2.0,18,NICE LAMB,60,2,0,0,,W,1,,07,160,1123,153,0202
09BR01317,T0016,5.0,48,"THIN,SICK",31,1,0,171,1,W,1,,02,172,1109,167,0120
09BR01318,T0035,5.0,ID,BIG4HER,42,1,I,202,H,W,1,,02,190,1109,190,0120
09BR01319,T0041,5.0,48,4TEATS,,,0,0,2,,7,97,02,,,,
09BR01320,T0074,5.0,48,Dead somehow,,,0,0,2,,6,01,02,,,,
09BR01321,T0095,5.0,ID,THIN,30,1,I,187,1,W,1,,02,189,1109,188,0120
09BR01322,T0098,5.0,ID,VLT & LT,41,1,I,249,D,W,1,,02,256,1109,241,0120
09BR01323,T0106,5.0,ID,PNEU.TX.E,45,1,I,0,2,W,1,,02,200,1109,200,0120
09BR01324,T0134,5.0,48,,36,1,0,0,2,W,1,,02,177,1109,172,0120
09BR01325,T0155,5.0,ID,,44,1,I,198,H,W,1,,02,194,1109,191,0120
09BR01326,T0176,5.0,ID,HAIRY che,,,I,211,1,,1,93,02,,,,
09BR01327,T0181,5.0,ID,VLTS,,,I,187,1,,1,93,02,,,,
09BR01328,T0194,5.0,ID,4TEATS,42,1,I,232,1,W,1,,02,212,1109,221,0120
09BR01329,T0199,5.0,48,NICE LAMB,40,1,0,225,1,W,1,,02,213,1109,203,0120
09BR01330,T0219,5.0,ID,,,,I,0,1,,7,97,02,,,,
09BR01331,T0233,4.0,48,R.P.+LTon,31,1,0,0,2,W,1,,02,181,1109,171,0120
09BR01332,T0238,4.0,ID,,30,1,7,0,2,W,1,,02,180,1109,181,0120
09BR01333,T0242,4.0,48,,45,1,0,199,H,W,1,,02,211,1109,198,0120
09BR01334,T0243,4.0,48,1TAG,41,1,7,0,2,W,1,,02,180,1109,184,0120
09BR01335,T0248,4.0,48,,36,1,7,0,2,W,1,,02,162,1109,169,0120
09BR01336,T0253,4.0,48,,39,1,7,189,1,W,1,,02,184,1109,181,0120
09BR01337,T0268,4.0,48,,,,7,202,1,,3,93,02,,,,
09BR01338,T0286,4.0,48,,,,7,0,,,1,,02,,,,
09BR01339,T0291,4.0,48,THIN,31,1,0,185,H,W,1,,02,188,1109,188,0120
09BR01340,T0295,4.0,48,In bunk,,,7,0,,,6,01,02,,,,
09BR01341,T0296,4.0,48,,,,0,195,1,,3,93,02,,,,
09BR01342,T0301,4.0,48,,,,0,0,1,,1,,02,,,,
09BR01343,T0303,4.0,ID,,,,7,0,2,,1,93,02,,,,
09BR01344,T0304,4.0,ID,4TEATS,42,1,7,180,1,W,1,,02,182,1109,187,0120
09BR01345,T0306,4.0,48,,40,1,0,0,2,W,1,,02,185,1109,176,0120
09BR01346,T0313,4.0,48,PNEU.,41,1,0,196,1,W,1,,02,194,1109,187,0120
09BR01347,T0329,4.0,ID,THIN,37,1,7,180,1,W,1,,02,185,1109,184,0120
09BR01348,T0333,4.0,48,,43,1,0,190,1,W,1,,02,198,1109,184,0120
09BR01349,T0343,4.0,48,RESP.DX,36,1,0,172,D,W,1,,02,177,1109,169,0120
09BR01350,T0344,4.0,48,,42,1,7,184,1,W,1,,02,176,1109,182,0120
09BR01351,T0345,4.0,48,LT LEFT,,,0,0,2,,1,,02,,,,
09BR01352,T0358,4.0,48,,42,1,7,0,2,W,1,,02,172,1109,165,0120
09BR01353,T0371,4.0,48,THIN/-DIE,38,1,0,180,D,W,1,,02,181,1109,175,0120
09BR01354,T0398,4.0,ID,Pleurl adhsns,,,7,0,D,,6,03,02,,,,
09BR01355,T0406,4.0,ID,,35,1,7,0,2,W,1,,02,191,1109,191,0120
09BR01356,T0408,4.0,ID,,38,1,I,220,D,W,1,,02,223,1109,215,0120
09BR01357,T0417,4.0,48,,32,1,0,199,1,W,1,,02,190,1109,193,0120
09BR01358,T0424,4.0,48,4TEATS,38,1,7,0,2,W,1,,02,187,1109,184,0120
09BR01359,T0433,4.0,ID,THIN,,,I,0,2,,1,,02,,,,
09BR01360,T0435,4.0,ID,ENTROPION,,,7,0,,,1,,02,,,,
09BR01361,T0447,4.0,48,,45,1,7,182,1,W,1,,02,187,1109,184,0120
09BR01362,T0449,4.0,48,"THIN,PNEU",,,7,182,D,,1,93,02,,,,
09BR01363,T0453,4.0,ID,,42,1,7,0,2,W,1,,02,178,1109,168,0120
09BR01364,T0454,4.0,48,NICE LAMB,37,1,0,0,2,W,1,,02,221,1109,206,0120
09BR01365,T0456,4.0,48,4TEATS,40,1,0,0,2,W,1,,02,205,1109,210,0120
09BR01366,T0460,4.0,ID,RECTAL TE,37,1,7,207,1,W,1,,02,207,1109,192,0120
09BR01367,T0468,4.0,48,,35,1,0,207,1,0,1,01,02,0,,,
09BR01368,T0494,4.0,48,SICK 11/2,38,1,0,198,1,W,1,,02,194,1109,188,0120
09BR01369,T0498,4.0,ID,THIN,45,1,7,190,1,W,1,,02,193,1109,189,0120
09BR01370,T0501,4.0,ID,Rr bmp ft cul,,,I,0,1,,6,66,02,,,,
09BR01371,T0509,4.0,48,,36,1,7,187,1,W,1,,02,184,1109,181,0120
09BR01372,T0510,4.0,48,LAME LR ',,,0,0,1,,7,97,02,,,,
09BR01373,T0517,4.0,ID,,,,7,168,2,,1,93,02,,,,
09BR01374,T0518,4.0,ID,"""3/13?"" <-tag",,,I,0,,,6,01,02,,,,
09BR01375,T0529,4.0,ID,NICE LAMB,,,I,205,D,,1,,02,,,,
09BR01376,T0537,4.0,48,BRN.KNEE.,36,1,0,165,1,W,1,,02,167,1109,167,0120
09BR01377,T0538,4.0,48,,32,1,7,181,1,W,1,,02,185,1109,179,0120
09BR01378,T0541,4.0,ID,,45,1,I,218,1,W,1,,02,215,1109,203,0120
09BR01379,T0572,4.0,ID,MASTITIS,,,I,204,D,,1,,02,,,,
09BR01380,T0577,4.0,48,,44,1,0,194,1,W,1,,02,204,1109,204,0120
09BR01381,T0582,4.0,48,,37,1,0,0,2,W,1,,02,203,1109,197,0120
09BR01382,T0595,4.0,48,HAIRY,,,0,0,,,6,20,02,,,,
09BR01383,T0599,4.0,48,,36,1,0,187,1,W,1,,02,183,1109,186,0120
09BR01384,T0601,4.0,48,,35,1,0,172,1,W,1,,02,178,1109,171,0120
09BR01385,T0602,4.0,48,Pneumonia/CLA,,,0,0,,,6,66,02,,,,
09BR01386,T0627,4.0,48,,35,1,0,184,1,W,1,,02,182,1109,181,0120
09BR01387,T0657,4.0,ID,THIN,43,1,7,204,1,W,1,,02,194,1109,198,0120
09BR01388,T0685,4.0,ID,"THIN, SOR",32,1,7,0,2,W,1,,02,219,1109,208,0120
09BR01389,T0691,4.0,48,FEVER TX.,,,0,206,D,,1,,02,,,,
09BR01390,T0695,4.0,48,,42,1,0,153,1,W,1,,02,166,1109,165,0120
09BR01391,T0702,4.0,ID,Bad hind foot,41,1,I,168,1,0,1,66,02,0,,,
09BR01392,T0714,4.0,ID,SM.UDDER,37,1,7,186,1,W,1,,02,180,1109,175,0120
09BR01393,T0725,4.0,ID,BIG1st PA,31,1,I,185,1,W,1,,02,182,1109,181,0120
09BR01394,T0738,4.0,48,No date given,,,0,0,,,6,01,02,,,,
09BR01395,T0751,4.0,ID,FEVER TX.,32,1,I,230,1,W,1,,02,222,1109,207,0120
09BR01396,T0772,3.0,48,,30,1,7,180,1,W,1,,02,187,1109,177,0120
09BR01397,T0774,3.0,48,,39,1,0,0,2,W,1,,02,152,1109,152,0120
09BR01398,T0780,3.0,ID,,40,1,I,177,2,W,1,,02,185,1109,172,0120
09BR01399,T0785,3.0,48,,32,1,0,182,D,W,1,,02,188,1109,178,0120
09BR01400,T0787,3.0,48,,40,1,0,0,2,W,1,,02,178,1109,173,0120
09BR01401,T0788,3.0,48,,44,1,0,180,1,W,1,,02,183,1109,175,0120
09BR01402,T0791,3.0,48,4TEATS,35,1,0,217,1,W,1,,02,218,1109,219,0120
09BR01403,T0792,3.0,48,,34,1,0,187,1,W,1,,02,194,1109,182,0120
09BR01404,T0798,3.0,48,,31,1,0,191,D,W,1,,02,199,1109,191,0120
09BR01405,T0799,3.0,48,,41,1,0,188,1,W,1,,02,185,1109,171,0120
09BR01406,T0801,3.0,48,"URI,NUFLO",33,1,0,0,2,W,1,,02,171,1109,178,0120
09BR01407,T0803,3.0,48,4TEATS,36,1,0,198,1,W,1,,02,199,1109,198,0120
09BR01408,T0805,3.0,48,,43,1,0,195,1,W,1,,02,190,1109,188,0120
09BR01409,T0806,3.0,48,ENTROPION,,,0,0,2,,1,,02,,,,
09BR01410,T0813,3.0,48,,,,0,0,2,,1,,02,,,,
09BR01411,T0821,3.0,ID,"SICK,WT.L",,,I,188,H,,1,,02,,,,
09BR01412,T0826,3.0,48,,41,1,0,177,1,W,1,,02,170,1109,174,0120
09BR01413,T0832,3.0,48,CL nrgnc lmns,,,0,0,,,6,66,02,,,,
09BR01414,T0836,3.0,ID,,40,1,I,219,1,W,1,,02,204,1109,197,0120
09BR01415,T0838,3.0,48,4TEATS,43,1,0,190,D,W,1,,02,184,1109,169,0120
09BR01416,T0839,3.0,48,4TEATS,,,0,145,1,,1,93,02,,,,
09BR01417,T0845,3.0,ID,4TEATS,37,1,I,187,1,W,1,,02,183,1109,181,0120
09BR01418,T0846,3.0,ID,,30,1,I,0,2,W,1,,02,184,1109,174,0120
09BR01419,T0850,3.0,48,,34,1,0,193,1,W,1,,02,193,1109,186,0120
09BR01420,T0852,3.0,48,,45,1,7,200,1,W,1,,02,190,1109,191,0120
09BR01421,T0857,3.0,48,,31,1,0,168,1,W,1,,02,166,1109,161,0120
09BR01422,T0861,3.0,48,4TEATS,,,0,0,2,,7,97,02,,,,
09BR01423,T0866,3.0,48,Biomedical,,,0,186,D,,3,93,02,,,,
09BR01424,T0880,3.0,48,,41,1,0,187,D,W,1,,02,182,1109,188,0120
09BR01425,T0882,3.0,ID,,45,1,I,0,1,W,1,,02,206,1109,195,0120
09BR01426,T0883,3.0,48,"HAIRY,PNE",34,1,0,189,1,W,1,,02,190,1109,184,0120
09BR01427,T0885,3.0,48,,45,1,0,206,1,W,1,,02,208,1109,206,0120
09BR01428,T0889,3.0,48,PNEU.TX.,,,0,0,2,,1,,02,,,,
09BR01429,T0891,3.0,48,"FEVER,PPG",38,1,0,172,1,W,1,,02,184,1109,176,0120
09BR01430,T0894,3.0,ID,NICE LAMB,30,1,I,180,1,W,1,,02,182,1109,189,0120
09BR01431,T0902,3.0,48,,36,1,0,230,1,W,1,,02,231,1109,212,0120
09BR01432,T0904,3.0,ID,,,,I,190,1,,1,,02,,,,
09BR01433,T0911,3.0,48,,35,1,0,195,1,W,1,,02,203,1109,203,0120
09BR01434,T0912,3.0,48,,,,0,0,1,,6,10,02,,,,
09BR01435,T0915,3.0,ID,,,,I,187,1,,1,,02,,,,
09BR01436,T0924,3.0,48,R.P. 48hr,42,1,0,184,1,W,1,,02,176,1109,186,0120
09BR01437,T0925,3.0,ID,PNEU.TX.,42,1,I,192,1,W,1,,02,183,1109,178,0120
09BR01438,T0933,3.0,ID,NICE LAMB,35,1,I,207,1,W,1,,02,212,1109,198,0120
09BR01439,T0938,3.0,48,R.P.+DRUG,39,1,7,187,1,W,1,,02,175,1109,174,0120
09BR01440,T0940,3.0,48,,,,0,168,H,,1,,02,,,,
09BR01441,T0943,3.0,ID,ENTROPION,41,1,I,203,D,W,1,,02,197,1109,196,0120
09BR01442,T0945,3.0,48,,,,0,0,2,,1,,02,,,,
09BR01443,T0946,3.0,48,save by i,,,0,0,2,,1,,02,,,,
09BR01444,T0951,3.0,48,BIG1st PA,,,0,0,2,,1,93,02,,,,
09BR01445,T0954,3.0,48,,45,1,0,0,2,W,1,,02,159,1109,158,0120
09BR01446,T0957,3.0,48,ENTROPION,34,1,0,175,1,W,1,,02,167,1109,165,0120
09BR01447,T0963,3.0,48,,AI,5,0,207,H,W,1,,02,,,194,0120
09BR01448,T0984,3.0,48,,,,0,178,D,,3,93,02,,,,
09BR01449,T0986,3.0,48,,42,1,0,0,2,W,1,,02,180,1109,177,0120
09BR01450,T0989,3.0,48,,35,1,0,205,1,W,1,,02,199,1109,192,0120
09BR01451,T0991,3.0,48,,,,0,182,D,,3,93,02,,,,
09BR01452,T0992,3.0,48,ENTROPION,,,0,0,2,,1,,02,,,,
09BR01453,T1003,3.0,48,,42,1,0,0,2,W,1,,02,185,1109,184,0120
09BR01454,T1005,3.0,48,4TEATS,38,1,0,0,2,W,1,,02,206,1109,202,0120
09BR01455,T1006,3.0,48,R.P. 48hr,41,1,0,180,1,W,1,,02,181,1109,181,0120
09BR01456,T1015,3.0,ID,No date given,,,I,0,5,,6,01,02,,,,
09BR01457,T1016,3.0,ID,ENTROPION,,,I,212,D,,3,93,02,,,,
09BR01458,T1020,3.0,48,TEMP/NUFL,,,0,0,2,,1,,02,,,,
09BR01459,T1023,3.0,48,NICE EWE,45,1,0,0,2,W,1,16,02,0,,,
09BR01460,T1027,3.0,48,PNEU.TX.,37,1,7,166,1,W,1,,02,150,1109,151,0120
09BR01461,T1033,3.0,48,,30,1,0,186,1,W,1,,02,190,1109,176,0120
09BR01462,T1037,3.0,48,,,,0,203,H,,1,,02,,,,
09BR01463,T1039,3.0,48,HUGE1stPA,,,0,0,D,,1,,02,,,,
09BR01464,T1044,3.0,48,4TEATS,42,1,0,210,1,W,1,,02,203,1109,194,0120
09BR01465,T1047,3.0,ID,,39,1,I,186,1,W,1,,02,188,1109,188,0120
09BR01466,T1051,3.0,48,PNEU.TX.,43,1,0,196,1,W,1,,02,190,1109,200,0120
09BR01467,T1052,3.0,48,,,,7,0,2,,1,,02,,,,
09BR01468,T1056,3.0,48,HAIRY,30,1,0,0,2,W,1,,02,158,1109,154,0120
09BR01469,T1058,3.0,48,PNEU.TX.,38,1,0,190,1,W,1,,02,189,1109,195,0120
09BR01470,T1065,3.0,48,PNEU.TX.,31,1,0,176,2,W,1,,02,170,1109,162,0120
09BR01471,T1066,3.0,48,,43,1,0,188,D,W,1,,02,188,1109,180,0120
09BR01472,T1078,3.0,48,4TEATS,,,0,189,1,,1,93,02,,,,
09BR01473,T1079,3.0,48,ENTROPION,31,1,0,187,H,W,1,,02,192,1109,187,0120
09BR01474,T1087,3.0,48,,43,1,0,197,1,W,1,,02,189,1109,189,0120
09BR01475,T1089,3.0,48,PNEU.TX.,39,1,0,189,1,W,1,,02,186,1109,180,0120
09BR01476,T1090,3.0,48,,40,1,0,153,1,W,1,,02,163,1109,166,0120
09BR01477,T1091,3.0,ID,PNEU.TX.,44,1,I,0,2,W,1,,02,204,1109,197,0120
09BR01478,T1093,3.0,48,PNEU.TX.,35,1,0,202,1,W,1,,02,197,1109,196,0120
09BR01479,T1108,3.0,ID,,33,1,I,0,2,W,1,,02,191,1109,182,0120
09BR01480,T1110,3.0,ID,,36,1,I,187,1,W,1,,02,182,1109,169,0120
09BR01481,T1121,3.0,48,,,,0,0,2,,1,,02,,,,
09BR01482,T1122,3.0,48,PNEU.TX.,32,1,7,182,1,W,1,,02,184,1109,182,0120
09BR01483,T1125,3.0,48,B list w/o ST,41,1,0,192,1,W,3,,02,,,187,0120
09BR01484,T1127,3.0,ID,PNEU.TX.,33,1,I,0,2,W,1,,02,175,1109,178,0120
09BR01485,T1129,3.0,ID,PNEU.TX.,35,1,I,185,1,W,1,,02,190,1109,181,0120
09BR01486,T1130,3.0,48,,38,1,0,160,1,W,1,,02,161,1109,156,0120
09BR01487,T1131,3.0,48,PNEU.TX.,37,1,0,0,2,W,1,,02,178,1109,175,0120
09BR01488,T1135,3.0,48,4TEATS,44,1,0,157,D,W,1,,02,159,1109,0,
09BR01489,T1140,3.0,48,PNEU.TX.,36,1,0,217,D,W,1,,02,225,1109,213,0120
09BR01490,T1141,3.0,ID,,,,I,0,1,,6,01,02,,,,
09BR01491,T1144,3.0,ID,No date given,38,1,I,0,2,W,6,01,02,194,1109,195,0120
09BR01492,T1145,3.0,48,,40,1,0,183,1,W,1,,02,187,1109,183,0120
09BR01493,T1155,3.0,48,PNEU.TX.,44,1,0,0,2,W,1,,02,209,1109,204,0120
09BR01494,T1158,3.0,48,,,,0,185,1,,3,93,02,,,,
09BR01495,T1160,3.0,ID,,45,1,I,186,1,W,1,,02,194,1109,201,0120
09BR01496,T1161,3.0,ID,,,,I,0,2,,1,93,02,,,,
09BR01497,T1162,3.0,48,PNEU.TX.,32,1,7,174,1,W,1,,02,176,1109,174,0120
09BR01498,T1163,3.0,48,,39,1,0,191,1,W,1,,02,184,1109,176,0120
09BR01499,T1167,3.0,48,Nasal dischrg,36,1,0,151,1,W,1,76,02,132,1109,0,
09BR01500,T1171,3.0,48,,40,1,0,0,2,W,1,,02,177,1109,180,0120
09BR01501,T1175,3.0,48,PNEU.TX.,,,0,182,2,,1,,02,,,,
09BR01502,T1181,3.0,48,,,,0,0,2,,1,,02,,,,
09BR01503,T1196,3.0,48,PNEU.TX.,40,1,7,213,1,W,1,,02,216,1109,218,0120
09BR01504,T1197,3.0,ID,GI abscesses,,,I,0,D,,6,01,02,,,,
09BR01505,T1198,3.0,ID,ENTROPION,,,I,208,D,,3,93,02,,,,
09BR01506,T1202,3.0,48,,41,1,7,199,1,W,1,,02,206,1109,204,0120
09BR01507,T1214,3.0,48,,,,0,0,2,,1,,02,,,,
09BR01508,T1215,3.0,48,,,,0,0,5,,7,97,02,,,,
09BR01509,T1234,3.0,48,BIG1st PA,31,1,7,227,1,W,1,,02,216,1109,214,0120
09BR01510,T1237,3.0,48,,AI,5,7,0,2,W,1,,02,,,154,0120
09BR01511,T1240,3.0,48,BRN. LEG,,,7,0,2,,1,,02,,,,
09BR01512,T1242,3.0,48,,39,1,7,218,1,W,1,,02,211,1109,196,0120
09BR01513,T1243,3.0,48,,39,1,7,170,1,W,1,,02,161,1109,166,0120
09BR01514,T1250,3.0,48,Biomedical,,,0,200,D,,3,93,02,,,,
09BR01515,T1258,3.0,48,ENTROPION,30,1,0,0,2,W,1,,02,186,1109,159,0120
09BR01516,T1264,3.0,48,BRN.EARS,33,1,0,202,1,W,1,,02,201,1109,199,0120
09BR01517,T1274,2.0,48,.,39,1,0,180,1,W,1,,02,178,1109,181,0120
09BR01518,T1279,2.0,ID,Biomedical,,,I,149,2,,3,93,02,,,,
09BR01519,T1284,2.0,48,"B2, NO DA",,,0,157,H,,1,,02,,,,
09BR01520,T1291,2.0,48,NICE LAMB,,,0,199,1,,1,,02,,,,
09BR01521,T1292,2.0,48,.,40,1,0,183,1,W,1,,02,188,1109,187,0120
09BR01522,T1293,2.0,48,.,33,1,0,192,1,W,1,,02,192,1109,195,0120
09BR01523,T1294,2.0,48,.,42,1,7,0,2,W,1,,02,183,1109,187,0120
09BR01524,T1296,2.0,ID,4TEATS,41,1,I,155,1,W,1,,02,151,1109,153,0120
09BR01525,T1297,2.0,ID,.,34,1,I,165,1,W,1,,02,167,1109,164,0120
09BR01526,T1299,2.0,48,.,31,1,0,163,D,W,1,,02,171,1109,157,0120
09BR01527,T1300,2.0,48,HAIRY,34,1,7,182,1,W,1,,02,188,1109,189,0120
09BR01528,T1302,2.0,ID,.,37,1,I,159,1,W,1,,02,162,1109,166,0120
09BR01529,T1305,2.0,ID,.,30,1,7,146,1,W,1,,02,155,1109,149,0120
09BR01530,T1307,2.0,48,ENTROPION,41,1,7,157,1,W,1,,02,161,1109,174,0120
09BR01531,T1309,2.0,ID,.,37,1,I,188,D,W,1,,02,196,1109,186,0120
09BR01532,T1311,2.0,48,Biomedical,,,0,176,H,,3,93,02,,,,
09BR01533,T1312,2.0,48,ENTROPION,31,1,0,163,1,W,1,,02,168,1109,198,0120
09BR01534,T1313,2.0,48,.,30,1,7,160,1,W,1,,02,166,1109,162,0120
09BR01535,T1320,2.0,48,.,44,1,0,142,D,W,1,,02,158,1109,157,0120
09BR01536,T1329,2.0,ID,4TEATS,44,1,I,192,1,W,1,,02,195,1109,191,0120
09BR01537,T1331,2.0,48,.,43,1,0,180,1,W,1,,02,178,1109,183,0120
09BR01538,T1333,2.0,ID,4TEATS,44,1,I,182,1,W,1,,02,185,1109,183,0120
09BR01539,T1334,2.0,48,.,31,1,0,0,2,W,1,,02,163,1109,177,0120
09BR01540,T1336,2.0,48,4TEATS,36,1,0,198,1,W,1,,02,202,1109,193,0120
09BR01541,T1340,2.0,48,.,,,7,0,1,,1,,02,,,,
09BR01542,T1343,2.0,48,.,44,1,0,145,1,W,1,,02,142,1109,146,0120
09BR01543,T1349,2.0,ID,.,43,1,I,159,1,W,1,,02,159,1109,166,0120
09BR01544,T1350,2.0,ID,.,35,1,I,0,2,W,1,,02,174,1109,175,0120
09BR01545,T1357,2.0,48,.,34,1,0,0,2,W,1,,02,156,1109,155,0120
09BR01546,T1358,2.0,ID,NICE 4TEA,30,1,I,190,1,W,1,,02,198,1109,192,0120
09BR01547,T1359,2.0,ID,.,42,1,I,204,D,W,1,,02,211,1109,240,0120
09BR01548,T1363,2.0,48,.,33,1,0,197,1,W,1,,02,192,1109,191,0120
09BR01549,T1366,2.0,48,.,37,1,0,0,2,W,1,,02,170,1109,171,0120
09BR01550,T1373,2.0,ID,NICE LAMB,36,1,I,168,H,W,1,,02,163,1109,171,0120
09BR01551,T1376,2.0,48,.,34,1,0,0,2,W,1,,02,170,1109,173,0120
09BR01552,T1379,2.0,ID,.,32,1,7,181,1,W,1,,02,176,1109,182,0120
09BR01553,T1380,2.0,ID,.,33,1,7,166,2,W,1,,02,179,1109,177,0120
09BR01554,T1382,2.0,48,NICE LAMB,32,1,0,0,2,W,1,,02,194,1109,192,0120
09BR01555,T1384,2.0,48,HAIRY,43,1,0,0,2,W,1,,02,146,1109,153,0120
09BR01556,T1385,2.0,48,.,33,1,0,170,1,W,1,,02,175,1109,178,0120
09BR01557,T1391,2.0,48,.,,,0,159,1,,1,,02,,,,
09BR01558,T1398,2.0,48,.,33,1,0,172,1,W,1,,02,168,1109,171,0120
09BR01559,T1399,2.0,48,.,32,1,0,179,1,W,1,,02,186,1109,177,0120
09BR01560,T1409,2.0,48,.,,,0,0,D,,1,,02,,,,
09BR01561,T1414,2.0,48,.,,,0,161,H,,1,,02,,,,
09BR01562,T1415,2.0,48,.,,,0,158,D,,3,93,02,,,,
09BR01563,T1421,2.0,48,.,35,1,0,156,1,W,1,,02,163,1109,158,0120
09BR01564,T1422,2.0,48,.,34,1,0,161,1,W,1,,02,168,1109,170,0120
09BR01565,T1424,2.0,48,.,37,1,0,159,D,W,1,,02,167,1109,161,0120
09BR01566,T1431,2.0,48,.,37,1,0,139,1,W,1,,02,152,1109,150,0120
09BR01567,T1433,2.0,ID,.,32,1,I,0,2,W,1,,02,156,1109,164,0120
09BR01568,T1434,2.0,48,.,,,0,0,D,,6,06,02,,,,
09BR01569,T1436,2.0,ID,NUFLOR,40,1,I,187,D,W,1,,02,194,1109,196,0120
09BR01570,T1438,2.0,ID,.,,,I,0,D,,6,06,02,,,,
09BR01571,T1441,2.0,48,.,32,1,0,183,1,W,1,,02,180,1109,177,0120
09BR01572,T1454,2.0,48,.,41,1,7,161,1,W,1,,02,167,1109,163,0120
09BR01573,T1455,2.0,48,.,45,1,7,155,1,W,1,,02,158,1109,160,0120
09BR01574,T1458,2.0,48,.,30,1,7,187,1,W,1,,02,189,1109,186,0120
09BR01575,T1462,2.0,48,NICE LAMB,41,1,0,0,2,W,1,93,02,0,,,
09BR01576,T1464,2.0,48,"RUNT, ok",45,1,0,137,1,W,1,,02,137,1109,134,0120
09BR01577,T1473,2.0,ID,ENTROPION,41,1,I,185,1,W,1,,02,180,1109,178,0120
09BR01578,T1487,2.0,ID,.,33,1,I,0,2,W,1,,02,156,1109,151,0120
09BR01579,T1492,2.0,48,.,39,1,7,0,1,W,1,,02,159,1109,156,0120
09BR01580,T1494,2.0,ID,.,44,1,I,160,1,W,1,,02,169,1109,172,0120
09BR01581,T1507,2.0,48,.,42,1,0,165,1,W,1,,02,162,1109,166,0120
09BR01582,T1509,2.0,ID,.,33,1,I,155,H,W,1,,02,154,1109,164,0120
09BR01583,T1510,2.0,48,ENTROPION,36,1,0,172,1,W,1,,02,176,1109,194,0120
09BR01584,T1514,2.0,48,HAIRY,,,0,0,2,,1,,02,,,,
09BR01585,T1518,2.0,48,.,33,1,0,171,D,W,1,,02,174,1109,164,0120
09BR01586,T1520,2.0,48,"ENTR,HAIR",39,1,0,181,1,W,1,,02,179,1109,169,0120
09BR01587,T1522,2.0,48,ENTROPION,44,1,0,176,D,W,1,,02,183,1109,176,0120
09BR01588,T1530,2.0,48,.,39,1,0,177,D,W,1,,02,180,1109,181,0120
09BR01589,T1532,2.0,ID,.,38,1,I,159,1,W,1,,02,163,1109,157,0120
09BR01590,T1537,2.0,48,.,38,1,0,205,1,W,1,,02,208,1109,208,0120
09BR01591,T1538,2.0,48,.,38,1,0,0,2,W,1,,02,183,1109,182,0120
09BR01592,T1541,2.0,48,.,33,1,0,172,D,W,1,,02,175,1109,172,0120
09BR01593,T1542,2.0,ID,.,,,I,0,2,,1,,02,,,,
09BR01594,T1545,2.0,ID,4TEATS,,,I,0,,,1,,02,,,,
09BR01595,T1548,2.0,ID,.,36,1,I,190,1,W,1,,02,190,1109,194,0120
09BR01596,T1552,2.0,48,.,34,1,0,188,D,W,1,,02,185,1109,192,0120
09BR01597,T1563,2.0,ID,.,43,1,I,162,1,W,1,,02,160,1109,161,0120
09BR01598,T1566,2.0,48,NICE LAMB,44,1,0,0,2,W,1,,02,161,1109,154,0120
09BR01599,T1582,2.0,ID,.,,,7,138,1,,1,93,02,,,,
09BR01600,T1583,2.0,ID,Biomedical,,,7,137,1,,3,93,02,,,,
09BR01601,T1592,2.0,48,.,30,1,7,171,D,W,1,,02,183,1109,184,0120
09BR01602,T1593,2.0,48,.,31,1,7,202,1,W,1,,02,201,1109,192,0120
09BR01603,T1598,2.0,48,.,44,1,0,193,1,W,1,,02,197,1109,195,0120
09BR01604,T1599,2.0,48,.,43,1,0,202,H,W,1,,02,196,1109,194,0120
09BR01605,T1604,2.0,48,NICE LAMB,,,0,0,1,,1,,02,,,,
09BR01606,T1608,2.0,48,NICE LAMB,45,1,0,189,D,W,1,,02,198,1109,190,0120
09BR01607,T1611,2.0,48,.,,,0,171,1,,1,93,02,,,,
09BR01608,T1621,2.0,48,.,43,1,0,180,1,W,1,,02,179,1109,184,0120
09BR01609,T1622,2.0,48,.,34,1,0,0,2,W,1,,02,158,1109,154,0120
09BR01610,T1625,2.0,48,.,38,1,0,182,1,W,1,,02,183,1109,185,0120
09BR01611,T1627,2.0,48,Sick; no tag,,,0,0,1,,1,01,02,,,,
09BR01612,T1633,2.0,ID,FAT,36,1,7,188,H,W,1,,02,198,1109,193,0120
09BR01613,T1636,2.0,48,.,,,0,0,D,,6,18,02,,,,
09BR01614,T1647,2.0,ID,BIG 4 HER,39,1,I,0,2,W,1,,02,183,1109,177,0120
09BR01615,T1652,2.0,48,NUFLOR,45,1,0,0,2,W,1,,02,163,1109,158,0120
09BR01616,T1654,2.0,ID,.,35,1,I,0,2,W,1,,02,180,1109,173,0120
09BR01617,T1656,2.0,48,ENTROPION,,,0,209,1,,1,93,02,,,,
09BR01618,T1659,2.0,ID,.,40,1,7,159,1,W,1,,02,162,1109,164,0120
09BR01619,T1660,2.0,ID,ENTROPION,44,1,7,147,1,W,1,,02,156,1109,154,0120
09BR01620,T1669,2.0,48,.,42,1,0,179,D,W,1,,02,189,1109,186,0120
09BR01621,T1670,2.0,48,.,36,1,0,0,2,W,1,,02,160,1109,187,0120
09BR01622,T1672,2.0,48,2 lambs 1F 1M,,,0,0,,,6,67,02,,,,
09BR01623,T1673,2.0,ID,.,42,1,I,182,1,W,1,,02,180,1109,175,0120
09BR01624,T1674,2.0,48,.,,,0,0,2,,1,,02,,,,
09BR01625,T1680,2.0,ID,NUFLOR,36,1,I,0,2,W,1,,02,159,1109,163,0120
09BR01626,T1684,2.0,48,LAME LR B,,,0,190,H,,3,93,02,,,,
09BR01627,T1691,2.0,48,.,,,0,188,1,,1,,02,,,,
09BR01628,T1695,2.0,48,.,45,1,0,192,1,W,1,,02,186,1109,197,0120
09BR01629,T1700,2.0,48,.,31,1,7,0,2,W,1,,02,182,1109,177,0120
09BR01630,T1704,2.0,48,4TEATS,45,1,7,171,1,W,1,,02,178,1109,175,0120
09BR01631,T1708,2.0,ID,ENTROPION,34,1,I,156,1,W,1,,02,169,1109,167,0120
09BR01632,T1712,2.0,48,.,42,1,0,181,1,W,1,,02,171,1109,182,0120
09BR01633,T1713,2.0,48,.,35,1,0,179,1,W,1,,02,179,1109,178,0120
09BR01634,T1719,2.0,48,.,,,0,0,,,3,,02,,,,
09BR01635,T1722,2.0,48,.,38,1,0,151,1,W,1,,02,155,1109,158,0120
09BR01636,T1723,2.0,ID,.,36,1,I,0,2,W,1,,02,167,1109,140,0120
09BR01637,T1730,2.0,48,.,,,0,0,,,3,,02,,,,
09BR01638,T1732,2.0,48,BIG,38,1,0,211,1,W,1,,02,206,1109,198,0120
09BR01639,T1736,2.0,48,SCOURS,32,1,0,0,,W,1,,02,154,1109,157,0120
09BR01640,T1738,2.0,48,.,37,1,0,181,1,W,1,,02,190,1109,192,0120
09BR01641,T1740,2.0,48,.,32,1,7,165,D,W,1,,02,181,1109,176,0120
09BR01642,T1746,2.0,ID,ENTROPION,,,I,187,1,,1,,02,,,,
09BR01643,T1747,2.0,ID,NICE LAMB,,,I,198,H,,1,,02,,,,
09BR01644,T1754,2.0,ID,ENTROPION,,,7,0,2,,1,,02,,,,
09BR01645,T1756,2.0,48,.,45,1,0,0,2,W,1,,02,159,1109,148,0120
09BR01646,T1767,2.0,48,.,39,1,0,211,2,W,1,,02,220,1109,204,0120
09BR01647,T1769,2.0,48,ENTROPION,41,1,0,0,2,W,1,,02,174,1109,180,0120
09BR01648,T1781,2.0,48,.,43,1,0,154,1,W,1,,02,151,1109,153,0120
09BR01649,T1782,2.0,ID,Biomedical,,,7,198,D,,3,93,02,,,,
09BR01650,T1783,2.0,ID,"Ft abscs, pbc",,,7,0,,,6,66,02,,,,
09BR01651,T1785,2.0,48,4TEATS,42,1,0,180,1,W,1,,02,178,1109,185,0120
09BR01652,T1787,2.0,48,.,35,1,0,163,1,W,1,,02,162,1109,166,0120
09BR01653,T1790,2.0,48,.,31,1,0,162,1,W,1,,02,167,1109,171,0120
09BR01654,T1794,2.0,ID,Uterine ruptr,,,I,0,,,6,48,02,,,,
09BR01655,T1795,2.0,48,.,,,0,155,2,,1,,02,,,,
09BR01656,T1809,2.0,48,.,45,1,0,161,1,W,1,,02,166,1109,154,0120
09BR01657,T1825,2.0,48,.,41,1,0,0,2,W,1,,02,150,1109,157,0120
09BR01658,T1828,2.0,48,4TEATS,41,1,0,157,1,W,1,,02,155,1109,161,0120
09BR01659,T1830,2.0,ID,Biomedical,,,I,199,D,,3,93,02,,,,
09BR01660,T1832,2.0,48,.,36,1,7,173,1,W,1,,02,183,1109,188,0120
09BR01661,T1836,2.0,ID,ENTROPION,,,I,167,1,,1,,02,,,,
09BR01662,T1843,2.0,48,.,40,1,7,174,H,W,1,,02,152,1109,175,0120
09BR01663,T8324,8.0,ID,,,,I,0,2,,3,93,02,,,,
09BR01664,T8330,8.0,ID,SW.BAG,44,1,I,0,2,W,1,,02,192,1109,174,0120
09BR01665,T8406,8.0,ID,THIN,32,1,I,0,2,W,1,,02,172,1109,161,0120
09BR01666,T8455,8.0,41,,,,0,174,1,,3,93,02,,,,
09BR01667,T8534,8.0,41,NICE OLD,,,0,155,1,,3,93,02,,,,
09BR01668,T8551,8.0,41,No date given,,,0,0,,,6,01,02,,,,
09BR01669,T8717,8.0,41,THIN,,,0,191,D,,3,93,02,,,,
09BR01670,T8816,7.0,ID,"FEVER,NUF",,,I,0,1,,7,97,02,,,,
09BR01671,T8845,7.0,ID,LT LEFT,,,I,0,2,,3,93,02,,,,
09BR01672,T8887,7.0,ID,"wasOPEN,",38,1,I,209,D,W,1,,02,207,1109,204,0120
09BR01673,T8938,7.0,ID,BIG LAMBS,35,1,I,192,H,W,1,,02,191,1109,182,0120
09BR01674,T9048,7.0,41,LAME LR,34,1,0,185,1,W,1,,02,183,1109,181,0120
09BR01675,T9126,7.0,41,THIN,33,1,0,186,1,W,1,,02,179,1109,178,0120
09BR01676,T9145,7.0,48,FEVER TX.,43,1,0,193,D,W,1,,02,206,1109,187,0120
09BR01677,T9177,7.0,41,LTS,,,0,195,1,,3,93,02,,,,
09BR01678,T9267,7.0,48,THIN + PO,,,0,0,,,1,,02,,,,
09BR01679,T9291,7.0,41,NICE,45,1,0,0,2,W,1,,02,200,1109,182,0120
09BR01680,T9325,7.0,41,SPG >B1!,37,1,0,165,D,W,1,,02,173,1109,170,0120
09BR01681,T9362,7.0,41,,,,0,0,1,,6,66,02,,,,
09BR01682,T9376,7.0,41,THIN SLOW,32,1,0,208,H,W,1,,02,200,1109,215,0120
09BR01683,T9459,6.0,ID,LTS SHRUN,38,1,I,0,2,W,1,,02,192,1109,188,0120
09BR01684,T9492,6.0,ID,THIN,42,1,I,190,D,W,1,,02,198,1109,183,0120
09BR01685,T9506,6.0,ID,ENTR,35,1,I,0,2,W,1,,02,183,1109,168,0120
09BR01686,T9521,6.0,48,NICE,40,1,0,0,2,W,1,,02,195,1109,185,0120
09BR01687,T9528,6.0,ID,,,,I,0,H,,1,,02,,,,
09BR01688,T9534,6.0,48,UDDER EDE,,,0,186,1,,1,93,02,,,,
09BR01689,T9557,6.0,ID,"RP, METRI",30,1,I,201,1,W,1,,02,193,1109,188,0120
09BR01690,T9570,6.0,ID,SM.UDDER,44,1,I,0,2,W,1,,02,212,1109,208,0120
09BR01691,T9587,6.0,ID,LT RIGHT,41,1,I,0,2,W,1,,02,179,1109,175,0120
09BR01692,T9596,6.0,48,THIN,30,1,0,189,1,W,1,,02,183,1109,176,0120
09BR01693,T9601,6.0,48,NICE,33,1,0,0,2,W,1,,02,200,1109,196,0120
09BR01694,T9604,6.0,ID,BIG4HER,,,I,0,,,1,,02,,,,
09BR01695,T9621,6.0,48,,30,1,0,170,1,W,1,,02,170,1109,162,0120
09BR01696,T9638,6.0,ID,BITCH,37,1,I,207,1,W,1,,02,201,1109,198,0120
09BR01697,T9667,6.0,48,RP,,,0,0,1,,6,66,02,,,,
09BR01698,T9715,6.0,48,Peritonitis,,,0,0,,,6,66,02,,,,
09BR01699,T9723,6.0,48,SUCK1SIDE,39,1,0,0,2,W,1,,02,187,1109,194,0120
09BR01700,T9729,6.0,ID,"Pg tox, pneu",,,I,0,,,6,66,02,,,,
09BR01701,T9806,5.0,48,PNEU.,37,1,0,0,2,W,1,,02,193,1109,184,0120
09BR01702,T9812,5.0,48,,45,1,0,0,2,W,1,,02,175,1109,172,0120
09BR01703,T9823,5.0,ID,,37,1,I,0,2,W,1,,02,209,1109,203,0120
09BR01704,T9826,5.0,ID,HAIRY ok,32,1,I,200,1,W,1,,02,189,1109,179,0120
09BR01705,T9836,5.0,48,Sick,,,0,0,1,,6,01,02,,,,
09BR01706,T9842,5.0,48,4TEATS,39,1,0,0,2,W,1,,02,181,1109,186,0120
09BR01707,T9871,5.0,48,NICE LAMB,,,0,0,2,,6,66,02,,,,
09BR01708,T9874,5.0,48,"Pbc, sgl lamb",,,0,0,,,6,50,02,,,,
09BR01709,T9878,5.0,ID,,,,I,173,1,,1,93,02,,,,
09BR01710,T9898,5.0,ID,NICE LAMB,35,1,I,184,1,W,1,,02,177,1109,167,0120
09BR01711,T9902,5.0,ID,LTS,35,1,I,0,2,W,1,,02,201,1109,204,0120
09BR01712,T9903,5.0,ID,,38,1,I,218,D,W,1,,02,229,1109,217,0120
09BR01713,T9914,5.0,48,4TEATS,38,1,0,0,2,W,1,,02,166,1109,161,0120
09BR01714,T9918,5.0,48,ABS.BRISK,42,1,0,182,1,W,1,,02,178,1109,177,0120
09BR01715,T9945,5.0,48,"PPG,OXYTO",37,1,0,214,1,W,1,,02,210,1109,201,0120
09BR01716,T9949,5.0,ID,,41,1,I,198,H,W,1,,02,196,1109,192,0120
09BR01717,T9955,5.0,48,SM.BAG,,,0,186,D,,1,,02,,,,
09BR01718,T9973,5.0,ID,,33,1,I,0,2,W,1,,02,200,1109,194,0120
09BR01719,T9982,5.0,48,,,,0,196,D,,1,,02,,,,
09BR01720,T9988,5.0,48,LAME.RR.F,32,1,0,186,1,W,1,,02,199,1109,184,0120
09BR01721,X0034,6.0,97,1155 prior ST,,,0,210,H,,3,93,97,,,,
09BR01722,X0057,6.0,00,FOOTABS.R,,,0,0,2,,1,,01,,,,
09BR01723,X0145,6.0,97,BIG BAG,13,1,0,216,H,W,1,,97,207,1109,0,
09BR01724,X0266,6.0,00,BLACK EWE,19,1,1,0,2,W,1,,00,210,1109,214,0120
09BR01725,X0328,6.0,00,FIBER,,,0,163,H,,1,,01,,,,
09BR01726,X0346,6.0,00,NICE,,,7,193,H,,1,,33,,,,
09BR01727,X0512,6.0,00,,,,7,242,H,,1,,33,,,,
09BR01728,X0534,6.0,00,Epdrml slghng,,,0,0,,,6,66,01,,,,
09BR01729,X0573,6.0,00,ENTR,,,0,179,D,,1,,01,,,,
09BR01730,X0617,6.0,00,R.MILK.PI,,,0,184,D,,1,,01,,,,
09BR01731,X0649,6.0,00,BLACK EWE,19,1,1,197,1,W,1,,00,199,1109,196,0120
09BR01732,X0660,6.0,00,,,,7,205,H,,1,,33,,,,
09BR01733,X0755,6.0,00,THIN,,,0,0,D,,3,,01,,,,
09BR01734,X0773,6.0,00,,,,0,0,2,,1,,01,,,,
09BR01735,X0915,5.0,97,QUIT PUSH,V1,5,0,226,,W,1,,97,220,1208,0,
09BR01736,X0938,5.0,97,NICE LAMB,27,1,0,194,H,W,1,,97,182,1109,0,
09BR01737,X1054,5.0,97,NICE LAMB,4,1,0,195,H,W,1,,97,196,1109,0,
09BR01738,X1110,5.0,00,BLACK EWE,,,1,0,2,,1,93,00,,,,
09BR01739,X1167,5.0,97,NICE LAMB,5,1,0,183,H,W,1,,97,182,1109,0,
09BR01740,X1393,5.0,97,ENTROPION,28,1,0,247,H,W,1,,97,232,1109,0,
09BR01741,X1436,5.0,97,,28,1,0,220,H,W,1,,97,217,1109,0,
09BR01742,X1523,5.0,97,,29,1,0,238,H,W,1,,97,232,1109,0,
09BR01743,X2252,4.0,97,,5,1,0,177,H,W,1,,97,164,1109,0,
09BR01744,X2271,4.0,97,,5,1,0,205,H,W,1,,97,200,1109,0,
09BR01745,X2273,4.0,97,,26,1,0,193,H,W,1,,97,196,1109,0,
09BR01746,X2296,4.0,97,No date given,,,0,0,H,,6,01,97,,,,
09BR01747,X2297,4.0,97,NICE,6,1,0,207,H,W,1,,97,206,1109,0,
09BR01748,X2321,4.0,97,+MATERNAL,29,1,0,231,H,W,1,,97,237,1109,0,
09BR01749,X2326,4.0,97,ENTROPION,28,1,0,221,H,W,1,,97,215,1109,0,
09BR01750,X2406,4.0,97,Spoiled bag,,,0,0,H,,6,66,97,,,,
09BR01751,X2422,4.0,97,,27,1,0,208,H,W,1,,97,205,1109,0,
09BR01752,X2434,4.0,97,NICE UDDE,14,1,0,196,H,W,1,,97,188,1109,0,
09BR01753,X2475,4.0,97,URI.TX.,28,1,0,194,H,W,1,,97,179,1109,0,
09BR01754,X2500,4.0,97,WEAK LAMB,29,1,0,231,H,W,1,,97,234,1109,0,
09BR01755,X2505,4.0,97,,13,1,0,190,H,W,1,,97,188,1109,0,
09BR01756,X2506,4.0,97,,,,0,249,D,,3,93,97,,,,
09BR01757,X2523,4.0,00,BLACK EWE,,,1,183,1,,1,93,00,,,,
09BR01758,X2544,4.0,97,THICK MIL,29,1,0,200,H,W,1,,97,207,1109,0,
09BR01759,X2568,4.0,97,ENTROPION,V2,5,0,205,H,W,1,,97,207,1208,0,
09BR01760,X2577,4.0,97,OK (SM.UD,4,1,0,229,H,W,1,,97,231,1109,0,
09BR01761,X2621,4.0,97,NICE LAMB,29,1,0,236,H,W,1,,97,233,1109,0,
09BR01762,X2678,4.0,97,,4,1,0,210,H,W,1,,97,207,1109,0,
09BR01763,X2684,4.0,97,WEAK LAMB,13,1,0,222,H,W,1,,97,222,1109,0,
09BR01764,X2703,4.0,00,Abdmnl effusn,,,1,0,,,6,71,00,,,,
09BR01765,X2737,4.0,97,NICE EWE,27,1,0,223,H,W,1,,97,211,1109,0,
09BR01766,X2774,4.0,97,,5,1,0,182,H,W,1,,97,183,1109,0,
09BR01767,X2801,4.0,97,ENTROPION,,,0,0,B,,7,97,97,,,,
09BR01768,X2986,3.0,00,,18,1,0,164,1,W,1,,SC,164,1109,162,0120
09BR01769,X2988,3.0,00,,,,0,0,,,1,,TR,,,,
09BR01770,X2991,3.0,00,,,,0,0,2,,1,,TR,,,,
09BR01771,X2995,3.0,97,,14,1,0,175,H,W,1,,97,180,1109,0,
09BR01772,X2998,3.0,00,,,,0,170,1,,1,,TR,,,,
09BR01773,X3011,3.0,00,TIED NAVE,18,1,0,207,1,W,1,,SC,204,1109,199,0120
09BR01774,X3057,3.0,00,4TITS lame LF,,,0,165,,,1,,TR,,,,
09BR01775,X3068,3.0,97,Blown bag,,,0,0,H,,6,66,97,,,,
09BR01776,X3089,3.0,97,,,,0,204,D,,3,93,97,,,,
09BR01777,X3090,3.0,00,,26,1,0,163,1,W,1,,TC,161,1109,159,0120
09BR01778,X3102,3.0,97,,28,1,0,225,H,W,1,,97,210,1109,0,
09BR01779,X3104,3.0,97,ENTROPION,27,1,0,209,H,W,1,,97,208,1109,0,
09BR01780,X3123,3.0,97,,4,1,0,206,H,W,1,,97,199,1109,0,
09BR01781,X3133,3.0,00,,16,1,0,231,1,W,1,,SC,233,1109,219,0120
09BR01782,X3140,3.0,00,,5,1,0,170,1,W,1,,TS,170,1109,0,
09BR01783,X3154,3.0,97,ENTROPION,28,1,0,194,H,W,1,,97,190,1109,0,
09BR01784,X3166,3.0,97,,V1,5,0,198,H,W,1,16,97,206,1208,0,
09BR01785,X3201,3.0,00,BLACK ewe,19,1,1,171,1,W,1,,00,183,1109,188,0120
09BR01786,X3214,3.0,00,Biomedical,,,0,165,1,,3,93,TC,,,,
09BR01787,X3217,3.0,00,BLACK ewe,19,1,1,189,1,W,1,,00,196,1109,200,0120
09BR01788,X3228,3.0,00,ENTROPION,,,0,174,1,,1,,TR,,,,
09BR01789,X3239,3.0,00,TRT L.EYE,,,0,0,,,1,,TR,,,,
09BR01790,X3244,3.0,97,GOOD EWE,6,1,0,220,D,W,1,,97,217,1109,0,
09BR01791,X3252,3.0,00,,15,1,0,185,1,W,1,,SC,190,1109,187,0120
09BR01792,X3254,3.0,00,ENTROPION,15,1,0,0,2,W,1,,SC,225,1109,255,0120
09BR01793,X3299,3.0,97,,6,1,0,204,H,W,1,,97,203,1109,0,
09BR01794,X3317,3.0,00,ENTROPION,15,1,0,215,1,W,1,,SC,215,1109,209,0120
09BR01795,X3331,3.0,00,,,,0,163,1,,1,,TR,,,,
09BR01796,X3351,3.0,00,BLACK ewe,,,1,189,1,,1,93,00,,,,
09BR01797,X3372,3.0,00,Poison,,,0,0,1,,6,04,SC,,,,
09BR01798,X3381,3.0,00,BLACK ewe,,,1,0,2,,1,93,00,,,,
09BR01799,X3386,3.0,00,4TEATS,18,1,0,202,1,W,1,,SC,194,1109,200,0120
09BR01800,X3387,3.0,00,,13,1,0,0,2,W,1,,SC,198,1109,200,0120
09BR01801,X3392,3.0,00,BLACK ewe,19,1,1,176,1,W,1,,m3,175,1109,174,0120
09BR01802,X3400,3.0,97,CHEWS TAI,6,1,0,213,H,W,1,,97,217,1109,0,
09BR01803,X3420,3.0,00,ENTROPION,15,1,0,224,1,W,1,,SC,228,1109,220,0120
09BR01804,X3428,3.0,97,Abmsm full fd,,,0,0,,,6,16,97,,,,
09BR01805,X3433,3.0,97,,14,1,0,185,H,W,1,,97,182,1109,0,
09BR01806,X3440,3.0,97,,5,1,0,246,D,W,1,,97,243,1109,0,
09BR01807,X3454,3.0,m3,,,,0,176,H,,1,,m3,,,,
09BR01808,X3470,3.0,00,SCOURS TX,16,1,0,218,1,W,1,,SC,205,1109,207,0120
09BR01809,X3476,3.0,00,,15,1,0,194,1,W,1,,SC,207,1109,219,0120
09BR01810,X3477,3.0,00,,13,1,0,218,1,W,1,,SC,222,1109,217,0120
09BR01811,X3481,3.0,00,ENTROPION,27,1,0,187,1,W,1,,TC,180,1109,174,0120
09BR01812,X3501,3.0,m3,Euth for bag,,,0,0,H,,6,66,m3,,,,
09BR01813,X3507,3.0,00,,,,0,170,1,,1,,TR,,,,
09BR01814,X3511,3.0,00,ENTROPION,,,0,0,,,1,,TR,,,,
09BR01815,X3515,3.0,00,BIG1st PA,11,1,0,0,2,W,1,,TC,150,1109,150,0120
09BR01816,X3529,3.0,00,MATERNAL+,,,1,0,1,,7,97,00,,,,
09BR01817,X3552,3.0,97,,26,1,0,223,H,W,1,,97,218,1109,0,
09BR01818,X3563,3.0,00,4TEATS,,,0,0,2,,7,97,TC,,,,
09BR01819,X3584,3.0,00,BLACK ewe,19,1,1,199,1,W,1,,00,198,1109,180,0120
09BR01820,X3630,3.0,00,ENTROPION,,,0,0,2,,1,,TR,,,,
09BR01821,X3634,3.0,00,Prg w/ twins,,,0,0,,,6,50,TR,,,,
09BR01822,X3642,3.0,00,,,,0,0,,,3,93,TR,,,,
09BR01823,X3669,3.0,00,,,,0,0,,,1,,TR,,,,
09BR01824,X3670,3.0,00,Bloat,,,0,0,,,6,16,TC,,,,
09BR01825,X3685,3.0,m3,ENTROPION,,,0,185,1,,1,,m3,,,,
09BR01826,X3699,3.0,m3,,,,0,0,2,,1,,m3,,,,
09BR01827,X3725,3.0,00,PNEU.TX.,14,1,0,253,1,W,1,,SC,243,1109,234,0120
09BR01828,X3726,3.0,00,,,,0,0,1,,1,,SC,,,,
09BR01829,X3734,3.0,00,ENTROPION,18,1,0,213,1,W,1,,SC,225,1109,220,0120
09BR01830,X3748,3.0,00,,16,1,0,0,2,W,1,,SC,192,1109,182,0120
09BR01831,X3765,3.0,97,,,,0,181,H,,1,93,97,,,,
09BR01832,X3838,3.0,00,MATERNAL+,27,1,0,222,H,W,1,,97,222,1109,0,
09BR01833,X3873,3.0,m3,Biomedical,,,0,220,D,,3,93,m3,,,,
09BR01834,X4097,3.0,00,BLACK ewe,19,1,1,0,2,W,1,,05,174,1109,177,0120
09BR01835,X4185,3.0,m3,4TEATS,,,0,169,1,,1,,m3,,,,
09BR01836,X4308,2.0,97,.,29,1,0,160,H,W,1,,97,162,1109,0,
09BR01837,X4317,2.0,97,.,28,1,0,186,H,W,1,,97,174,1109,0,
09BR01838,X4319,2.0,97,.,,,0,156,H,,1,93,97,,,,
09BR01839,X4322,2.0,00,.,28,1,0,180,1,W,1,,TC,169,1109,180,0120
09BR01840,X4325,2.0,00,NICE LAMB,,,0,242,D,,3,93,SC,,,,
09BR01841,X4327,2.0,97,WEAK LAMB,29,1,0,192,H,W,1,,97,205,1109,0,
09BR01842,X4331,2.0,00,?ID LOOKS,,,0,0,,,1,,TR,,,,
09BR01843,X4332,2.0,00,ABS.FACE,,,0,101,D,,3,93,TR,,,,
09BR01844,X4377,2.0,97,.,26,1,0,187,H,W,1,,97,179,1109,0,
09BR01845,X4385,2.0,00,.,,,0,0,,,1,,TR,,,,
09BR01846,X4394,2.0,97,.,28,1,0,235,H,W,1,,97,220,1109,0,
09BR01847,X4395,2.0,97,Lung OPP<-tag,,,0,0,,,6,76,97,,,,
09BR01848,X4397,2.0,00,.,,,0,0,,,1,,TR,,,,
09BR01849,X4404,2.0,97,.,28,1,0,204,H,W,1,,97,198,1109,0,
09BR01850,X4405,2.0,97,ENTROPION,,,0,0,H,,1,,97,,,,
09BR01851,X4412,2.0,00,BLACK EWE,19,1,1,209,D,W,1,,00,216,1109,201,0120
09BR01852,X4427,2.0,97,4TEATS,27,1,0,223,H,W,1,,97,219,1109,0,
09BR01853,X4446,2.0,00,.,15,1,0,176,1,W,1,,SC,182,1109,180,0120
09BR01854,X4449,2.0,97,.,26,1,0,171,H,W,1,,97,169,1109,0,
09BR01855,X4450,2.0,97,.,29,1,0,172,H,W,1,,97,178,1109,0,
09BR01856,X4486,2.0,00,4TEATS,14,1,0,188,1,W,1,,CS,191,1109,200,0120
09BR01857,X4487,2.0,00,SMZ TX.,15,1,0,0,2,W,1,,CS,180,1109,190,0120
09BR01858,X4493,2.0,00,ENTROPION,28,1,0,162,1,W,1,,TC,160,1109,164,0120
09BR01859,X4494,2.0,00,.,29,1,0,167,1,W,1,,TC,170,1109,168,0120
09BR01860,X4527,2.0,97,GAUNT,27,1,0,179,H,W,1,,97,181,1109,0,
09BR01861,X4531,2.0,00,.,,,0,0,2,,1,,TR,,,,
09BR01862,X4534,2.0,00,Rpt abd mscls,,,0,0,,,6,66,TR,,,,
09BR01863,X4539,2.0,97,NICE LAMB,29,1,0,192,H,W,1,,97,191,1109,0,
09BR01864,X4566,2.0,00,Biomedical,,,0,0,,,3,93,TR,,,,
09BR01865,X4567,2.0,00,.,,,0,153,,,1,,TR,,,,
09BR01866,X4590,2.0,97,.,29,1,0,179,H,W,1,,97,185,1109,0,
09BR01867,X4598,2.0,97,NO DAM,26,1,0,224,D,W,1,,97,217,1109,0,
09BR01868,X4599,2.0,97,.,29,1,0,191,H,W,1,,97,188,1109,0,
09BR01869,X4607,2.0,00,.,4,1,0,158,1,W,1,,TS,164,1109,0,
09BR01870,X4614,2.0,00,ENTROPION,18,1,0,214,1,W,1,,CS,211,1109,214,0120
09BR01871,X4622,2.0,97,.,,,0,209,D,,3,93,97,,,,
09BR01872,X4630,2.0,00,C x [TxS],9,1,0,153,1,W,1,,C3,159,1109,162,0120
09BR01873,X4632,2.0,00,C x [TxS],e14,4,0,150,1,,1,,C3,178,1208,179,0120
09BR01874,X4679,2.0,00,.,11,1,0,164,1,W,1,,TC,169,1109,169,0120
09BR01875,X4683,2.0,00,.,15,1,0,163,H,W,1,,SC,173,1109,168,0120
09BR01876,X4684,2.0,00,.,16,1,0,185,1,W,1,,SC,193,1109,193,0120
09BR01877,X4718,2.0,00,No date given,,,0,0,1,,6,01,TR,,,,
09BR01878,X4729,2.0,00,BIG,16,1,0,0,2,W,1,,SC,200,1109,203,0120
09BR01879,X4730,2.0,00,.,18,1,0,0,2,W,1,,SC,191,1109,197,0120
09BR01880,X4754,2.0,97,ENTROPION,26,1,0,184,H,W,1,,97,189,1109,0,
09BR01881,X4756,2.0,97,BIG SUFFO,26,1,0,223,H,W,1,,97,207,1109,0,
09BR01882,X4776,2.0,97,.,27,1,0,164,H,W,1,,97,160,1109,0,
09BR01883,X4791,2.0,00,.,,,0,0,,,1,,TR,,,,
09BR01884,X4794,2.0,00,ENTROPION,11,1,0,157,1,W,1,,TC,170,1109,171,0120
09BR01885,X4796,2.0,00,BLACK EWE,19,1,1,0,2,W,1,,00,197,1109,198,0120
09BR01886,X4797,2.0,00,.,16,1,0,195,1,W,1,,CS,198,1109,201,0120
09BR01887,X4825,2.0,97,ENTROPION,26,1,0,186,H,W,1,,97,183,1109,0,
09BR01888,X4826,2.0,97,.,28,1,0,192,H,W,1,,97,193,1109,0,
09BR01889,X4828,2.0,00,.,,,0,0,,,1,,TR,,,,
09BR01890,X4830,2.0,00,.,,,0,0,,,1,,TR,,,,
09BR01891,X4847,2.0,00,.,8,1,0,0,1,W,1,,S3,168,1109,182,0120
09BR01892,X4860,2.0,00,Biomedical,,,0,147,D,,3,93,TR,,,,
09BR01893,X4864,2.0,00,4TEATS,11,1,0,190,1,W,1,,TC,196,1109,191,0120
09BR01894,X4865,2.0,00,.,,,0,159,1,,1,,TR,,,,
09BR01895,X4867,2.0,97,ENTROPION,26,1,0,165,H,W,1,,97,169,1109,0,
09BR01896,X4869,2.0,00,.,,,0,0,1,,7,97,TR,,,,
09BR01897,X4901,2.0,00,ENTROPION,29,1,0,0,2,W,1,,TC,146,1109,148,0120
09BR01898,X4910,2.0,00,TRY 1,18,1,0,213,1,W,1,,CS,213,1109,215,0120
09BR01899,X4912,2.0,00,.,13,1,0,205,1,W,1,,CS,207,1109,210,0120
09BR01900,X4917,2.0,00,.,16,1,0,183,1,W,1,,SC,191,1109,188,0120
09BR01901,X4918,2.0,00,.,18,1,0,197,1,W,1,,SC,189,1109,200,0120
09BR01902,X4930,2.0,00,.,16,1,0,194,1,W,1,,SC,197,1109,202,0120
09BR01903,X4950,2.0,00,.,18,1,0,191,1,W,1,,CS,182,1109,188,0120
09BR01904,X4964,2.0,97,NICE LAMB,V2,5,0,192,H,W,1,,97,199,1208,0,
09BR01905,X4980,2.0,00,.,11,1,0,144,1,W,1,,TC,153,1109,145,0120
09BR01906,X4990,2.0,00,Crnclr ncrsis,,,1,0,,,6,01,m3,,,,
09BR01907,X4992,2.0,97,.,29,1,0,185,H,W,1,,97,183,1109,0,
09BR01908,X4994,2.0,97,.,28,1,0,160,H,W,1,,97,156,1109,0,
09BR01909,X4995,2.0,97,.,,,0,0,H,,1,,97,,,,
09BR01910,X4999,2.0,00,.,16,1,0,206,1,W,1,,SC,204,1109,202,0120
09BR01911,X5000,2.0,00,.,18,1,0,187,2,W,1,,SC,189,1109,194,0120
09BR01912,X5017,2.0,97,.,29,1,0,200,H,W,1,,97,203,1109,0,
09BR01913,X5019,2.0,00,BLACK EWE,19,1,1,182,2,W,1,,00,180,1109,182,0120
09BR01914,X5055,2.0,00,.,,,0,0,1,,7,97,TC,,,,
09BR01915,X5065,2.0,00,ENTROPION,,,0,162,1,,1,,TR,,,,
09BR01916,X5066,2.0,00,ENTROPION,,,0,0,,,1,93,TR,,,,
09BR01917,X5072,2.0,00,.,,,0,176,D,,1,,TR,,,,
09BR01918,X5079,2.0,00,.,15,1,0,190,1,W,1,,SC,179,1109,185,0120
09BR01919,X5080,2.0,00,ENTROPION,16,1,0,217,1,W,1,,SC,222,1109,206,0120
09BR01920,X5083,2.0,00,.,,,0,0,,,1,,TR,,,,
09BR01921,X5084,2.0,00,ENTROPION,,,0,0,,,1,,TR,,,,
09BR01922,X5089,2.0,00,Biomedical,,,0,131,H,,3,93,TR,,,,
09BR01923,X5094,2.0,00,ENTROPION,,,0,160,1,,1,,TR,,,,
09BR01924,X5111,2.0,00,.,,,0,0,,,1,,TR,,,,
09BR01925,X5129,2.0,00,.,,,0,215,D,,1,,TR,,,,
09BR01926,X5144,2.0,00,BIG S x C,16,1,0,228,1,W,1,,SC,229,1109,221,0120
09BR01927,X5155,2.0,00,.,,,0,0,2,,1,,TR,,,,
09BR01928,X5172,2.0,00,Biomedical,,,0,175,1,,3,93,SC,,,,
09BR01929,X5173,2.0,00,.,18,1,0,180,1,W,1,,SC,179,1109,178,0120
09BR01930,X5181,2.0,00,ENTROPION,,,0,149,1,,1,,TR,,,,
09BR01931,X5182,2.0,00,.,,,0,139,1,,1,,TR,,,,
09BR01932,X5206,2.0,97,.,26,1,0,182,H,W,1,,97,172,1109,0,
09BR01933,X5215,2.0,00,.,,,0,154,1,,1,,TR,,,,
09BR01934,X5216,2.0,00,.,,,0,0,,,1,,TR,,,,
09BR01935,X5217,2.0,00,.,,,0,168,2,,1,,TR,,,,
09BR01936,X5223,2.0,00,BLACK EWE,19,1,1,0,,W,1,,00,207,1109,198,0120
09BR01937,X5233,2.0,00,PINKEYE T,,,0,0,,,1,,TR,,,,
09BR01938,X5239,2.0,00,.,,,0,0,,,1,,TR,,,,
09BR01939,X5247,2.0,00,ENTROPION,26,1,0,198,1,W,1,,TC,196,1109,191,0120
09BR01940,X5263,2.0,00,.,,,0,0,,,1,,TR,,,,
09BR01941,X5275,2.0,00,PIG T x R,,,0,182,1,,1,,TR,,,,
09BR01942,X5276,2.0,97,.,26,1,0,204,H,W,1,,97,197,1109,0,
09BR01943,X5292,2.0,00,Mastitis,,,0,0,H,,6,66,TC,,,,
09BR01944,X5305,2.0,00,4TEATS,28,1,0,149,1,W,1,,TC,151,1109,157,0120
09BR01945,X5312,2.0,00,.,18,1,0,0,2,W,1,,SC,185,1109,185,0120
09BR01946,X5320,2.0,97,.,29,1,0,200,H,W,1,,97,204,1109,0,
09BR01947,X5321,2.0,97,.,,,0,252,D,,3,93,97,,,,
09BR01948,X5322,2.0,00,BIG LAMB,14,1,0,211,1,W,1,,SC,198,1109,206,0120
09BR01949,X5325,2.0,97,ENTROPION,,,0,193,H,,1,93,97,,,,
09BR01950,X5326,2.0,97,.,14,1,0,202,H,W,1,,97,206,1109,0,
09BR01951,X5336,2.0,00,.,27,1,0,0,2,W,1,,TC,155,1109,160,0120
09BR01952,X5350,2.0,00,BLACK EWE,19,1,1,212,1,W,1,,00,190,1109,183,0120
09BR01953,X5375,2.0,00,ENTROPION,29,1,0,154,1,W,1,,TC,143,1109,149,0120
09BR01954,X5376,2.0,00,.,11,1,0,137,1,W,1,,TC,148,1109,140,0120
09BR01955,X5377,2.0,00,.,,,0,0,,,1,,TR,,,,
09BR01956,X5388,2.0,00,CHUNK,26,1,0,171,1,W,1,,TC,171,1109,185,0120
09BR01957,X5420,2.0,00,.,,,0,0,,,1,,TR,,,,
09BR01958,X5425,2.0,97,.,27,1,0,154,H,W,1,,97,148,1109,0,
09BR01959,X5429,2.0,00,Biomedical,,,0,0,2,,3,93,S3,,,,
09BR01960,X5446,2.0,00,C x [TxS],9,1,0,148,1,W,1,,C3,138,1109,139,0120
09BR01961,X5454,2.0,00,C x [TxS],9,1,0,182,1,W,1,,C3,178,1109,190,0120
09BR01962,X5491,2.0,00,.,8,1,0,0,2,W,1,,S3,171,1109,0,
09BR01963,X5519,2.0,00,.,8,1,0,156,1,W,1,,S3,159,1109,158,0120
09BR01964,X5545,2.0,97,NICE SUFF,26,1,0,185,H,W,1,,97,178,1109,0,
09BR01965,Z6990,8.0,97,515 prior ST,,,0,193,H,,3,93,97,,,,
09BR01966,Z7015,8.0,97,,,,0,0,H,,3,,97,,,,
09BR01967,Z7074,8.0,97,512 prior ST,,,0,195,H,,3,93,97,,,,
09BR01968,Z7120,8.0,97,"Skinny, weak",,,0,95,H,,3,66,97,,,,
09BR01969,Z7793,7.0,97,?UDDERrai,27,1,0,163,H,W,1,,97,146,1109,173,0120
09BR01970,Z7893,7.0,97,560 prior ST,,,0,186,H,,1,93,97,,,,
09BR01971,Z7913,7.0,97,RP,13,1,0,192,H,W,1,,97,186,1109,0,
09BR01972,Z7959,7.0,97,*FIX YTEX,27,1,0,202,H,W,1,,97,191,1109,0,
09BR01973,Z8105,7.0,97,NICE,4,1,0,198,H,W,1,,97,191,1109,0,
09BR01974,Z8634,6.0,00,THIN ok,,,0,0,2,,6,66,01,,,,
09BR01975,Z8686,6.0,00,L.TEAT BL,,,0,188,D,,1,,01,,,,
09BR01976,Z8695,6.0,00,,,,7,173,H,,1,,33,,,,
09BR01977,Z8704,6.0,00,,,,0,175,D,,1,,01,,,,
09BR01978,Z8726,6.0,97,1161 prior ST,,,0,226,H,,1,93,97,,,,
09BR01979,Z8741,6.0,00,,,,0,191,D,,3,93,01,,,,
09BR01980,Z8742,6.0,00,Hydrops?<-tag,,,0,0,,,6,01,01,,,,
09BR01981,Z8749,6.0,00,,,,0,191,H,,1,,01,,,,
09BR01982,Z8750,6.0,00,,,,0,211,D,,1,,01,,,,
09BR01983,Z8789,6.0,97,1136 prior ST,,,0,144,H,,1,93,97,,,,
09BR01984,Z8953,6.0,00,,,,0,199,D,,1,,01,,,,
09BR01985,Z8975,6.0,00,FIBER,,,0,179,D,,1,,01,,,,
09BR01986,Z9000,6.0,97,,V1,5,0,201,H,W,1,,97,145,1208,0,
09BR01987,Z9068,6.0,97,,28,1,0,230,H,W,1,,97,213,1109,0,
09BR01988,Z9093,6.0,00,BIG4HER,,,7,163,H,,1,,33,,,,
09BR01989,Z9125,6.0,97,2nd18Hrs,,,0,0,,,1,,97,,,,
09BR01990,Z9175,6.0,97,,28,1,0,190,H,W,1,,97,185,1109,0,
09BR01991,Z9221,6.0,88,,,,0,0,2,,7,97,30,,,,
09BR01992,Z9231,6.0,00,R.P.,,,7,0,,,3,,33,,,,
09BR01993,Z9381,6.0,00,"CLA, pbc",,,0,0,,,6,66,01,,,,
09BR01994,Z9409,6.0,00,SW.BAG,,,7,198,H,,3,93,33,,,,
09BR01995,Z9417,6.0,00,,,,7,186,H,,1,,33,,,,
09BR01996,Z9425,6.0,00,,,,0,0,2,,1,,01,,,,
09BR01997,Z9455,6.0,00,,,,7,0,2,,3,93,33,,,,
09BR01998,Z9487,6.0,00,TIED UMBI,,,7,197,D,,1,,33,,,,
09BR01999,Z9537,6.0,00,BOTH @ ON,,,0,0,,,1,,01,,,,
09BR02000,Z9538,6.0,00,4TEATS,,,0,190,1,,1,,01,,,,
09BR02001,Z9546,6.0,00,,,,7,171,D,,1,,33,,,0,
09BR02002,Z9550,6.0,00,,,,7,0,,,3,,33,,,,
09BR02003,Z9570,6.0,00,,,,0,0,2,,1,,01,,,,
09BR02004,Z9611,6.0,97,LOW BAG,13,1,0,211,H,W,1,,97,202,1109,0,
09BR02005,Z9628,6.0,00,WAS LAME,,,0,0,2,,1,,01,,,,
09BR02006,Z9747,6.0,00,LAME TX.,,,7,193,1,,1,,33,,,,
09BR02007,Z9898,6.0,00,,,,0,203,D,,1,,01,,,,
09BR02008,Z9924,6.0,00,OK (L.EYE,,,7,148,H,,1,,33,,,0,
09BR02009,Z9985,6.0,00,MILK 1or2,,,0,168,2,,1,,01,,,,
09BR02010,K4168,1.0,6T,4TEATS,10,1,,160,D,W,1,,06,160,1109,151,0120
09BR02011,K4192,1.0,6T,4TEATS,20,1,,170,D,W,1,,06,178,1109,166,0120
09BR02012,K4196,1.0,6T,4TEATS,11,1,,165,D,W,1,,06,169,1109,174,0120
09BR02013,K4207,1.0,6T,.,13,1,,0,,W,1,,06,174,1109,170,0120
09BR02014,K4209,1.0,6T,.,17,1,,0,,W,1,,06,145,1109,140,0120
09BR02015,K4226,1.0,6T,ENTROPION,10,1,,165,D,W,1,,06,168,1109,165,0120
09BR02016,K4230,1.0,6T,ENTROPION,17,1,,186,1,W,1,,06,182,1109,174,0120
09BR02017,K4234,1.0,6T,.,29,1,,158,D,W,1,,06,163,1109,163,0120
09BR02018,K4257,1.0,6T,4TEATS,20,1,,110,D,W,1,01,06,113,1109,0,
09BR02019,K4269,1.0,6T,.,2,1,,150,1,W,1,,06,148,1109,153,0120
09BR02020,K4333,1.0,6T,4TEATS,2,1,,161,D,W,1,,06,152,1109,151,0120
09BR02021,K4336,1.0,6T,4T HAIRY,20,1,,0,,W,1,,06,157,1109,158,0120
09BR02022,K4338,1.0,6T,4T HAIRY,1,1,,179,D,W,1,,06,184,1109,190,0120
09BR02023,K4341,1.0,6T,4T BROKEN,20,1,,176,D,W,1,,06,181,1109,179,0120
09BR02024,K4344,1.0,6T,.,21,1,,157,D,W,1,,06,154,1109,171,0120
09BR02025,K4346,1.0,6T,Retaind fetus,,,,0,,,6,01,06,,,,
09BR02026,K4361,1.0,6T,ENTROPION,21,1,,153,1,W,1,,06,146,1109,148,0120
09BR02027,K4377,1.0,6T,4TEATS,14,1,,169,D,W,1,,06,174,1109,178,0120
09BR02028,K4378,1.0,6T,4TEATS,21,1,,185,D,W,1,,06,189,1109,185,0120
09BR02029,K4383,1.0,6T,E RT EYE,20,1,,153,1,W,1,,06,147,1109,157,0120
09BR02030,K4388,1.0,6T,.,13,1,,151,D,W,1,,06,148,1109,156,0120
09BR02031,K4393,1.0,6T,.,17,1,,158,D,W,1,,06,167,1109,171,0120
09BR02032,K4399,1.0,6T,CRK LT HD,26,1,,172,,W,1,10,06,173,1109,0,
09BR02033,K4400,1.0,6T,.,20,1,,160,D,W,1,,06,169,1109,174,0120
09BR02034,K4411,1.0,6T,4TEATS,27,1,,155,D,W,1,,06,161,1109,163,0120
09BR02035,K4414,1.0,6T,.,14,1,,167,D,W,1,,06,173,1109,177,0120
09BR02036,X6299,1.0,6T,Biomedical,,,,182,D,,3,93,06,,,,
09BR02037,X6606,1.0,6T,Biomedical,,,,173,D,,3,93,06,,,,
09BR02038,K4148,1.0,6M,.,25,1,,166,D,W,1,,06,175,1109,171,0120
09BR02039,K4154,1.0,6M,4TEATS,22,1,,171,D,W,1,,06,165,1109,162,0120
09BR02040,K4169,1.0,6M,.,20,1,,0,2,W,1,,06,149,1109,141,0120
09BR02041,K4170,1.0,6M,ENTROPION,29,1,,0,,W,1,,06,136,1109,140,0120
09BR02042,K4172,1.0,6M,.,12,1,,143,1,W,1,,06,147,1109,155,0120
09BR02043,K4174,1.0,6M,.,17,1,,177,D,W,1,,06,183,1109,177,0120
09BR02044,K4176,1.0,6M,.,23,1,,174,1,W,1,,06,172,1109,180,0120
09BR02045,K4185,1.0,6M,4TEATS,25,1,,185,D,W,1,,06,199,1109,196,0120
09BR02046,K4191,1.0,6M,.,20,1,,0,,W,1,,06,145,1109,148,0120
09BR02047,K4199,1.0,6M,.,V1,5,,183,D,W,1,,06,188,1208,189,0120
09BR02048,K4201,1.0,6M,4TEATS,25,1,,133,1,W,1,,06,162,1109,167,0120
09BR02049,K4213,1.0,6M,4TEATS,24,1,,0,,W,1,,06,134,1109,122,0120
09BR02050,K4214,1.0,6M,ENTROPION,V2,5,,162,1,W,1,,06,167,1208,162,0120
09BR02051,K4215,1.0,6M,.,V1,5,,180,D,W,1,,06,191,1208,186,0120
09BR02052,K4232,1.0,6M,.,23,1,,183,D,W,1,,06,168,1109,177,0120
09BR02053,K4236,1.0,6M,.,V2,5,,194,1,W,1,,06,201,1208,200,0120
09BR02054,K4241,1.0,6M,4TEATS,23,1,,125,D,W,1,,06,132,1109,133,0120
09BR02055,K4251,1.0,6M,ENTROPION,20,1,,0,,W,1,,06,152,1109,162,0120
09BR02056,K4254,1.0,6M,4TEATS,24,1,,143,1,W,1,,06,140,1109,135,0120
09BR02057,K4261,1.0,6M,.,,,,0,D,,1,,06,,,,
09BR02058,K4266,1.0,6M,NICE,V1,5,,179,D,W,1,,06,190,1208,181,0120
09BR02059,K4268,1.0,6M,BRN EAR T,,,,0,,,1,,06,,,,
09BR02060,K4277,1.0,6M,4TEATS,21,1,,158,D,W,1,,06,150,1109,144,0120
09BR02061,K4279,1.0,6M,HAIRY,V2,5,,172,D,W,1,,06,168,1208,172,0120
09BR02062,K4284,1.0,6M,.,1,1,,186,D,W,1,,06,173,1109,189,0120
09BR02063,K4285,1.0,6M,4TEATS,21,1,,156,D,W,1,,06,150,1109,161,0120
09BR02064,K4298,1.0,6M,.,,,,0,,,1,,06,,,,
09BR02065,K4299,1.0,6M,4T HAIRY,22,1,,154,1,W,1,,06,145,1109,180,0120
09BR02066,K4302,1.0,6M,4T HAIRY,23,1,,198,D,W,1,,06,194,1109,192,0120
09BR02067,K4330,1.0,6M,.,23,1,,170,D,W,1,,06,176,1109,182,0120
09BR02068,K4353,1.0,6M,4TEATS,22,1,,184,D,W,1,,06,175,1109,188,0120
09BR02069,K4354,1.0,6M,.,17,1,,163,D,W,1,,06,173,1109,178,0120
09BR02070,K4355,1.0,6M,.,20,1,,167,D,W,1,,06,172,1109,172,0120
09BR02071,K4357,1.0,6M,.,2,1,,180,D,W,1,,06,177,1109,187,0120
09BR02072,K4359,1.0,6M,4T BRN.EA,23,1,,168,D,W,1,,06,183,1109,172,0120
09BR02073,K4363,1.0,6M,.,,,,0,,,6,01,06,,,,
09BR02074,K4365,1.0,6M,.,,,,147,D,,1,93,06,,,,
09BR02075,K4366,1.0,6M,4TEATS,17,1,,168,D,W,1,,06,175,1109,175,0120
09BR02076,K4376,1.0,6M,4TEATS,25,1,,167,D,W,1,,06,170,1109,165,0120
09BR02077,K4390,1.0,6M,.,13,1,,0,2,W,1,,06,140,1109,145,0120
09BR02078,K4396,1.0,6M,E RT EYE,22,1,,174,D,W,1,,06,178,1109,173,0120
09BR02079,K4405,1.0,6M,.,,,,0,,,1,,06,,,,
09BR02080,K4410,1.0,6M,.,28,1,,143,D,W,1,,06,142,1109,152,0120
09BR02081,X5836,1.0,6M,Biomedical,,,,120,D,,3,93,06,,,,
09BR02082,X6530,1.0,6M,Biomedical,,,,0,,,3,93,06,,,,
09BR02083,X6934,1.0,6M,Biomedical,,,,177,D,,3,93,06,,,,
09BR02084,T1869,1.0,48,.,30,1,,159,D,W,1,,02,171,1109,165,0120
09BR02085,T1885,1.0,48,HAIRY,44,1,,160,D,W,1,,02,169,1109,166,0120
09BR02086,T1895,1.0,48,.,30,1,,184,D,W,1,,02,189,1109,188,0120
09BR02087,T1927,1.0,48,.,31,1,,0,2,W,1,,02,155,1109,163,0120
09BR02088,T1948,1.0,48,.,36,1,,133,D,W,1,,02,144,1109,147,0120
09BR02089,T1954,1.0,48,ENTROPION,30,1,,140,2,W,1,,02,146,1109,143,0120
09BR02090,T1961,1.0,48,.,32,1,,158,D,W,1,,02,167,1109,166,0120
09BR02091,T1967,1.0,48,ENTROPION,34,1,,165,2,W,1,,02,170,1109,163,0120
09BR02092,T1974,1.0,48,.,32,1,,150,D,W,1,,02,164,1109,158,0120
09BR02093,T1977,1.0,48,HAIRY,37,1,,146,D,W,1,,02,158,1109,144,0120
09BR02094,T1988,1.0,48,ENTROPION,30,1,,159,D,W,1,,02,178,1109,166,0120
09BR02095,T1989,1.0,48,4TEATS,39,1,,157,D,W,1,,02,174,1109,161,0120
09BR02096,T2006,1.0,48,Biomedical,,,,137,2,,3,93,02,,,,
09BR02097,T2019,1.0,48,ENTROPION,41,1,,162,D,W,1,,02,163,1109,164,0120
09BR02098,T2023,1.0,48,.,40,1,,140,D,W,1,,02,150,1109,144,0120
09BR02099,T2027,1.0,48,ENTROPION,32,1,,182,D,W,1,,02,167,1109,183,0120
09BR02100,T2040,1.0,48,.,33,1,,162,D,W,1,,02,171,1109,167,0120
09BR02101,T2054,1.0,48,.,36,1,,159,D,W,1,,02,165,1109,162,0120
09BR02102,T2057,1.0,48,.,44,1,,153,D,W,1,,02,162,1109,157,0120
09BR02103,T2065,1.0,48,.,43,1,,173,D,W,1,,02,184,1109,165,0120
09BR02104,T2075,1.0,48,.,34,1,,128,2,W,1,,02,132,1109,135,0120
09BR02105,T2081,1.0,48,.,40,1,,146,D,W,1,,02,158,1109,155,0120
09BR02106,T2082,1.0,48,.,,,,0,,,1,,02,,,,
09BR02107,T2083,1.0,48,.,31,1,,135,D,W,1,,02,137,1109,144,0120
09BR02108,T2084,1.0,48,.,43,1,,158,D,W,1,,02,161,1109,161,0120
09BR02109,T2092,1.0,48,.,39,1,,0,2,W,1,,02,150,1109,152,0120
09BR02110,T2096,1.0,48,.,40,1,,110,D,W,1,10,02,101,1109,0,
09BR02111,T2108,1.0,48,.,43,1,,170,1,W,1,,02,170,1109,168,0120
09BR02112,T2119,1.0,48,HAIRY 4T,44,1,,0,,W,1,,02,164,1109,152,0120
09BR02113,T2129,1.0,48,HAIRY,45,1,,160,H,W,1,,02,164,1109,151,0120
09BR02114,T2144,1.0,48,4TEATS,40,1,,153,D,W,1,,02,162,1109,165,0120
09BR02115,T2145,1.0,48,3 TEATS,35,1,,156,D,W,1,,02,165,1109,159,0120
09BR02116,T2150,1.0,48,E LT EYE,36,1,,189,D,W,1,,02,193,1109,187,0120
09BR02117,T2159,1.0,48,.,42,1,,189,D,W,1,,02,187,1109,183,0120
09BR02118,T2160,1.0,48,.,35,1,,142,D,W,1,,02,152,1109,156,0120
09BR02119,T2167,1.0,48,.,35,1,,133,D,W,1,,02,138,1109,142,0120
09BR02120,T2168,1.0,48,.,38,1,,141,2,W,1,,02,144,1109,139,0120
09BR02121,T2170,1.0,48,.,34,1,,173,D,W,1,,02,176,1109,171,0120
09BR02122,T2173,1.0,48,.,43,1,,136,D,W,1,,02,135,1109,141,0120
09BR02123,T2202,1.0,48,4TEATS,41,1,,168,H,W,1,,02,162,1109,163,0120
09BR02124,T2204,1.0,48,.,,,,0,,,1,,02,,,,
09BR02125,T2218,1.0,48,.,35,1,,175,D,W,1,,02,182,1109,164,0120
09BR02126,T2234,1.0,48,.,33,1,,157,D,W,1,,02,165,1109,166,0120
09BR02127,T2237,1.0,48,4TEATS,42,1,,133,D,W,1,,02,144,1109,144,0120
09BR02128,T2239,1.0,48,.,38,1,,155,D,W,1,,02,167,1109,163,0120
09BR02129,T2243,1.0,48,ENTROPION,39,1,,143,H,W,1,,02,147,1109,149,0120
09BR02130,T2275,1.0,48,4TEATS,41,1,,154,D,W,1,,02,161,1109,165,0120
09BR02131,T2303,1.0,48,.,34,1,,155,2,W,1,,02,153,1109,156,0120
09BR02132,T2308,1.0,48,E RT EYE,44,1,,145,D,W,1,,02,160,1109,163,0120
09BR02133,T2323,1.0,48,Lung pn <-tag,,,,0,,,6,03,02,,,,
09BR02134,T2329,1.0,48,.,,,,154,D,,1,93,02,,,,
09BR02135,T2337,1.0,48,ALMOST.SM,,,,169,D,,1,,02,,,,
09BR02136,X5787,1.0,00,ENTROPION,19,1,,166,D,W,1,,00,169,1109,164,0120
09BR02137,X6034,1.0,00,.,19,1,,181,D,W,1,,00,187,1109,169,0120
09BR02138,X6113,1.0,00,.,19,1,,172,1,W,1,,00,159,1109,154,0120
09BR02139,X6597,1.0,00,E BREECH+,19,1,,175,D,W,1,,00,181,1109,180,0120
09BR02140,X6788,1.0,00,.,19,1,,199,D,W,1,,00,191,1109,153,0120
09BR02141,T2137,1.0,99,.,39,1,,151,D,W,1,,02,134,1109,150,0120
09BR02142,T2138,1.0,99,.,40,1,,134,D,W,1,,02,144,1109,141,0120
09BR02143,X5706,1.0,99,.,,,,0,2,,1,,TR,,,,
09BR02144,X5711,1.0,99,E RATTLE,14,1,,0,2,W,1,,CS,155,1109,165,0120
09BR02145,X5712,1.0,99,4TEATS,16,1,,0,2,W,1,,CS,149,1109,152,0120
09BR02146,X5723,1.0,99,BLK.LT.SI,7,1,,0,,W,1,,T3,123,1109,125,0120
09BR02147,X5743,1.0,99,Biomedical,,,,0,,,3,93,CS,,,,
09BR02148,X5748,1.0,99,.,6,1,,0,2,W,1,,TS,177,1109,172,0120
09BR02149,X5757,1.0,99,Biomedical,,,,0,2,,3,93,T3,,,,
09BR02150,X5781,1.0,99,.,,,,133,D,,1,,TR,,,,
09BR02151,X5789,1.0,99,4TEATS,,,,130,D,,1,,TR,,,0,
09BR02152,X5790,1.0,99,.,,,,128,H,,1,,TR,,,,
09BR02153,X5793,1.0,99,4TEATS,,,,137,1,,1,,TR,,,,
09BR02154,X5803,1.0,99,.,,,,146,1,,1,,TR,,,,
09BR02155,X5810,1.0,99,.,16,1,,0,2,W,1,,SC,164,1109,164,0120
09BR02156,X5811,1.0,99,.,18,1,,153,D,W,1,,SC,163,1109,165,0120
09BR02157,X5817,1.0,99,Biomedical,,,,0,2,,3,93,TC,,,,
09BR02158,X5825,1.0,99,PULLED,,,,132,D,,1,,TR,,,,
09BR02159,X5851,1.0,99,.,8,1,,148,D,W,1,,S3,156,1109,151,0120
09BR02160,X5857,1.0,99,.,,,,0,,,3,,TR,,,,
09BR02161,X5864,1.0,99,.,7,1,,137,1,W,1,,T3,151,1109,142,0120
09BR02162,X5865,1.0,99,4TEATS,3,1,,148,D,0,1,,T3,0,,0,
09BR02163,X5870,1.0,99,4TEATS,28,1,,154,D,W,1,,TC,155,1109,156,0120
09BR02164,X5871,1.0,99,BRN.RT.EA,29,1,,169,D,W,1,,TC,178,1109,173,0120
09BR02165,X5883,1.0,99,ENTROPION,4,1,,140,1,W,1,,TS,150,1109,143,0120
09BR02166,X5884,1.0,99,ENTROPION,5,1,,143,D,W,1,,TS,159,1109,151,0120
09BR02167,X5894,1.0,99,Biomedical,,,,0,2,,3,93,TS,,,,
09BR02168,X5907,1.0,99,ENTROPION,,,,146,D,,1,,TR,,,,
09BR02169,X5908,1.0,99,4TEATS,,,,142,D,,1,,TR,,,,
09BR02170,X5920,1.0,99,4TEATS,,,,0,,,3,,TR,,,,
09BR02171,X5936,1.0,99,4T BLK.LF,,,,123,H,,1,,TR,,,,
09BR02172,X5937,1.0,99,Run over,,,,0,1,,6,15,TC,,,,
09BR02173,X5951,1.0,99,4TEATS,15,1,,0,2,W,1,,SC,152,1109,141,0120
09BR02174,X5960,1.0,99,.,9,1,,137,2,W,1,,C3,137,1109,177,0120
09BR02175,X5963,1.0,99,No tag,,,,0,2,,6,93,TS,,,,
09BR02176,X5970,1.0,99,ENTROPION,11,1,,145,D,W,1,,TC,161,1109,155,0120
09BR02177,X5971,1.0,99,.,11,1,,150,1,W,1,,TC,153,1109,148,0120
09BR02178,X5990,1.0,99,.,,,,0,2,,1,,TR,,,,
09BR02179,X6028,1.0,99,ENTROPION,9,1,,149,1,W,1,,C3,148,1109,152,0120
09BR02180,X6039,1.0,99,4TEATS,,,,0,,,3,,TR,,,,
09BR02181,X6045,1.0,99,4TEATS,29,1,,145,D,W,1,,TC,156,1109,156,0120
09BR02182,X6047,1.0,99,NICE LAMB,5,1,,137,1,W,1,,TS,141,1109,145,0120
09BR02183,X6082,1.0,99,.,15,1,,196,D,W,1,,CS,201,1109,195,0120
09BR02184,X6086,1.0,99,.,3,1,,0,2,W,1,,T3,144,1109,141,0120
09BR02185,X6110,1.0,99,ENTROPION,13,1,,184,D,W,1,,CS,186,1109,185,0120
09BR02186,X6133,1.0,99,ENTROPION,26,1,,164,D,W,1,,TC,171,1109,168,0120
09BR02187,X6134,1.0,99,.,3,1,,176,D,W,1,,T3,193,1109,180,0120
09BR02188,X6149,1.0,99,.,6,1,,0,H,0,1,97,TS,0,,0,
09BR02189,X6152,1.0,99,ENTROPION,11,1,,152,D,W,1,,TC,172,1109,163,0120
09BR02190,X6153,1.0,99,.,11,1,,132,D,W,1,,TC,136,1109,134,0120
09BR02191,X6166,1.0,99,.,3,1,,146,D,W,1,,T3,164,1109,159,0120
09BR02192,X6172,1.0,99,4TEATS,,,,0,1,,6,01,C3,,,,
09BR02193,X6174,1.0,99,Encrdl hmrrhg,,,,0,,,6,01,TC,,,,
09BR02194,X6192,1.0,99,.,,,,102,H,,1,,TR,,,,
09BR02195,X6205,1.0,99,ENTROPION,,,,0,,,1,,TR,,,,
09BR02196,X6208,1.0,99,ENTROPION,16,1,,0,,W,1,,SC,138,1109,146,0120
09BR02197,X6221,1.0,99,4TEATS,9,1,,0,2,W,1,,C3,141,1109,150,0120
09BR02198,X6225,1.0,99,.,,,,136,1,,1,93,S3,,,,
09BR02199,X6226,1.0,99,HAIRY,,,,130,D,,1,,TR,,,,
09BR02200,X6227,1.0,99,HAIRY,,,,157,D,,1,,TR,,,0,
09BR02201,X6228,1.0,99,.,3,1,,0,2,W,1,,T3,137,1109,134,0120
09BR02202,X6231,1.0,99,.,9,1,,0,2,0,1,93,C3,0,,,
09BR02203,X6234,1.0,99,.,,,,169,2,,1,,CS,,,,
09BR02204,X6235,1.0,99,.,18,1,,201,D,W,1,,CS,217,1109,208,0120
09BR02205,X6252,1.0,99,.,4,1,,0,2,W,1,,TS,149,1109,146,0120
09BR02206,X6258,1.0,99,ENTROPION,14,1,,169,D,W,1,,SC,172,1109,174,0120
09BR02207,X6259,1.0,99,.,18,1,,0,,W,1,,SC,187,1109,182,0120
09BR02208,X6267,1.0,99,ENTROPION,9,1,,152,1,W,1,,C3,150,1109,147,0120
09BR02209,X6272,1.0,99,.,e12,4,,0,2,,1,,S3,175,1208,176,0120
09BR02210,X6282,1.0,99,.,,,,148,D,,1,,TR,,,,
09BR02211,X6288,1.0,99,4TEATS,18,1,,161,1,W,1,,SC,156,1109,163,0120
09BR02212,X6289,1.0,99,4TEATS,15,1,,0,2,W,1,,SC,188,1109,190,0120
09BR02213,X6291,1.0,99,4TEATS,9,1,,161,1,W,1,,C3,161,1109,163,0120
09BR02214,X6292,1.0,99,ENTROPION,15,1,,169,H,W,1,,CS,174,1109,172,0120
09BR02215,X6303,1.0,99,.,15,1,,168,D,W,1,,CS,178,1109,175,0120
09BR02216,X6318,1.0,99,.,8,1,,143,D,W,1,,S3,150,1109,149,0120
09BR02217,X6328,1.0,99,.,,,,0,D,,1,,TR,,,,
09BR02218,X6337,1.0,99,E LT EYE,,,,121,H,,1,,TR,,,,
09BR02219,X6346,1.0,99,Rpt esophagus,,,,0,,,6,46,S3,,,,
09BR02220,X6355,1.0,99,BLK NOSE,,,,135,D,,1,,TR,,,0,
09BR02221,X6364,1.0,99,BLK LIPS,,,,134,H,,1,,TR,,,,
09BR02222,X6377,1.0,99,.,15,1,,0,2,W,1,,SC,162,1109,165,0120
09BR02223,X6378,1.0,99,4TEATS,16,1,,128,1,W,1,,SC,129,1109,0,
09BR02224,X6399,1.0,99,.,27,1,,134,D,W,1,,TC,138,1109,141,0120
09BR02225,X6410,1.0,99,4TEATS,,,,141,1,,1,,TR,,,,
09BR02226,X6411,1.0,99,.,,,,109,H,,1,,TR,,,,
09BR02227,X6421,1.0,99,Rpt b utn lig,,,,0,,,6,48,T3,,,,
09BR02228,X6442,1.0,99,Biomedical,,,,0,2,,3,93,T3,,,,
09BR02229,X6459,1.0,99,NICE,26,1,,0,2,W,1,,TC,153,1109,145,0120
09BR02230,X6466,1.0,99,.,18,1,,146,1,W,1,,CS,141,1109,147,0120
09BR02231,X6467,1.0,99,.,13,1,,0,2,W,1,,CS,129,1109,132,0120
09BR02232,X6476,1.0,99,.,,,,123,D,,1,,TR,,,,
09BR02233,X6502,1.0,99,E RT EYE,8,1,,170,D,W,1,,S3,180,1109,177,0120
09BR02234,X6520,1.0,99,NICE LAMB,e14,4,,174,1,,1,,C3,205,1208,197,0120
09BR02235,X6523,1.0,99,ENTROPION,7,1,,186,D,W,1,,T3,184,1109,176,0120
09BR02236,X6524,1.0,99,.,3,1,,125,2,W,1,,T3,139,1109,138,0120
09BR02237,X6536,1.0,99,.,3,1,,0,,W,1,,T3,131,1109,127,0120
09BR02238,X6537,1.0,99,.,,,,143,D,,1,,TR,,,0,
09BR02239,X6538,1.0,99,.,,,,142,D,,1,,TR,,,,
09BR02240,X6542,1.0,99,Biomedical,,,,147,1,,3,93,TC,,,,
09BR02241,X6550,1.0,99,ENTROPION,8,1,,0,2,W,1,,S3,159,1109,164,0120
09BR02242,X6560,1.0,99,.,18,1,,0,2,W,1,,SC,186,1109,174,0120
09BR02243,X6564,1.0,99,.,,,,152,D,,1,,TR,,,0,
09BR02244,X6565,1.0,99,.,,,,0,H,,1,,TR,,,,
09BR02245,X6566,1.0,99,.,,,,0,D,,1,,TR,,,,
09BR02246,X6567,1.0,99,.,,,,0,,,1,,TR,,,,
09BR02247,X6604,1.0,99,BREECH+FO,,,,148,H,,1,,TR,,,,
09BR02248,X6635,1.0,99,.,,,,120,H,,1,,TR,,,,
09BR02249,X6637,1.0,99,.,15,1,,181,D,W,1,,SC,196,1109,190,0120
09BR02250,X6641,1.0,99,.,9,1,,182,D,W,1,,C3,189,1109,181,0120
09BR02251,X6643,1.0,99,Biomedical,,,,161,D,,3,93,SC,,,,
09BR02252,X6645,1.0,99,4TEATS,,,,0,,,1,,TR,,,,
09BR02253,X6660,1.0,99,HAIRY,,,,0,2,,1,,TR,,,,
09BR02254,X6667,1.0,99,4TEATS,,,,120,D,,1,,TR,,,0,
09BR02255,X6668,1.0,99,.,7,1,,0,2,W,1,,T3,140,1109,132,0120
09BR02256,X6669,1.0,99,ENTROPION,7,1,,116,1,W,1,,T3,132,1109,111,0120
09BR02257,X6672,1.0,99,.,,,,0,,,1,,TR,,,,
09BR02258,X6683,1.0,99,.,,,,0,,,1,,TR,,,,
09BR02259,X6689,1.0,99,.,11,1,,150,1,W,1,,TC,157,1109,157,0120
09BR02260,X6703,1.0,99,ENTROPION,8,1,,0,2,W,1,,S3,146,1109,152,0120
09BR02261,X6704,1.0,99,.,,,,0,,,1,,TR,,,,
09BR02262,X6705,1.0,99,ENTROPION,,,,0,,,1,,TR,,,,
09BR02263,X6706,1.0,99,ENTROPION,27,1,,112,1,W,1,,TC,104,1109,114,0120
09BR02264,X6712,1.0,99,.,16,1,,187,D,W,1,,CS,195,1109,196,0120
09BR02265,X6715,1.0,99,.,15,1,,184,1,W,1,,SC,190,1109,183,0120
09BR02266,X6723,1.0,99,.,,,,119,1,,1,,TR,,,,
09BR02267,X6734,1.0,99,E 4T BLK.,9,1,,149,1,W,1,,C3,149,1109,165,0120
09BR02268,X6738,1.0,99,.,,,,130,1,,1,,TR,,,,
09BR02269,X6739,1.0,99,4TEATS,,,,0,,,1,,TR,,,,
09BR02270,X6750,1.0,99,ENTROPION,,,,142,D,,1,,TR,,,,
09BR02271,X6751,1.0,99,,,,,0,,,6,01,TR,,,,
09BR02272,X6774,1.0,99,ENTR DYST,6,1,,0,,W,1,,TS,137,1109,0,
09BR02273,X6793,1.0,99,.,,,,155,1,,1,,TR,,,,
09BR02274,X6794,1.0,99,.,,,,148,D,,1,,TR,,,,
09BR02275,X6796,1.0,99,E CORN.UL,,,,0,,,1,,TR,,,,
09BR02276,X6805,1.0,99,BRN.LEG,27,1,,138,D,W,1,,TC,137,1109,146,0120
09BR02277,X6809,1.0,99,.,9,1,,0,,W,1,,C3,133,1109,135,0120
09BR02278,X6812,1.0,99,.,e12,4,,169,D,,1,,S3,194,1208,187,0120
09BR02279,X6827,1.0,99,E BOTH EY,7,1,,133,D,W,1,,T3,129,1109,131,0120
09BR02280,X6831,1.0,99,.,7,1,,149,2,W,1,,T3,161,1109,157,0120
09BR02281,X6833,1.0,99,.,,,,118,D,,1,,TR,,,0,
09BR02282,X6848,1.0,99,ENTROPION,16,1,,167,D,W,1,,SC,180,1109,187,0120
09BR02283,X6862,1.0,99,.,8,1,,154,1,W,1,,S3,156,1109,154,0120
09BR02284,X6864,1.0,99,.,8,1,,0,2,W,1,,S3,150,1109,160,0120
09BR02285,X6873,1.0,99,BRN.EARS,7,1,,0,2,W,1,,T3,144,1109,144,0120
09BR02286,X6874,1.0,99,ENTROPION,,,,0,,,1,,S3,,,,
09BR02287,X6877,1.0,99,.,8,1,,187,D,W,1,,S3,196,1109,192,0120
09BR02288,X6911,1.0,99,.,e14,4,,157,D,,1,,C3,171,1208,171,0120
09BR02289,X6915,1.0,99,.,7,1,,152,1,W,1,,T3,154,1109,149,0120
09BR02290,X6948,1.0,99,.,,,,0,,,1,,SC,,,,
09BR02291,X6949,1.0,99,.,,,,0,,,1,,SC,,,,
09BR02292,X7049,1.0,99,ENTROPION,e14,4,,153,D,,1,,00,177,1208,178,0120
09BR02293,X7088,1.0,99,.,3,1,,181,D,W,1,,T3,198,1109,191,0120
09BR02294,X7120,1.0,99,.,8,1,,173,D,W,1,,S3,178,1109,184,0120
09BR02295,X5729,1.0,97,SCOURS,26,1,,153,H,W,1,,97,149,1109,0,
09BR02296,X5771,1.0,97,RATTLES,28,1,,177,D,W,1,,97,165,1109,0,
09BR02297,X5807,1.0,97,4TEATS,4,1,,193,D,W,1,,97,187,1109,0,
09BR02298,X5812,1.0,97,.,5,1,,185,D,W,1,,97,184,1109,0,
09BR02299,X5829,1.0,97,.,27,1,,156,H,W,1,,97,149,1109,0,
09BR02300,X5877,1.0,97,.,27,1,,157,H,W,1,,97,152,1109,0,
09BR02301,X5912,1.0,97,ENTROPION,27,1,,149,H,W,1,,97,140,1109,0,
09BR02302,X5952,1.0,97,.,14,1,,170,H,W,1,,97,164,1109,0,
09BR02303,X5964,1.0,97,RATTLES,27,1,,154,D,W,1,,97,148,1109,0,
09BR02304,X6020,1.0,97,.,6,1,,179,D,W,1,,97,182,1109,0,
09BR02305,X6058,1.0,97,.,29,1,,162,H,W,1,,97,167,1109,0,
09BR02306,X6060,1.0,97,.,26,1,,153,D,W,1,,97,147,1109,0,
09BR02307,X6085,1.0,97,.,27,1,,199,D,W,1,,97,194,1109,0,
09BR02308,X6109,1.0,97,.,27,1,,152,D,W,1,,97,149,1109,0,
09BR02309,X6154,1.0,97,.,29,1,,172,H,W,1,,97,179,1109,0,
09BR02310,X6190,1.0,97,.,,,,109,D,,1,93,97,,,,
09BR02311,X6263,1.0,97,Peritonitis,,,,0,,,6,66,97,,,,
09BR02312,X6276,1.0,97,.,13,1,,194,D,W,1,,97,191,1109,0,
09BR02313,X6312,1.0,97,.,,,,143,H,,1,93,97,,,,
09BR02314,X6353,1.0,97,.,28,1,,161,D,W,1,,97,153,1109,0,
09BR02315,X6435,1.0,97,.,28,1,,200,D,W,1,,97,180,1109,0,
09BR02316,X6461,1.0,97,.,,,,0,,,1,,97,,,,
09BR02317,X6499,1.0,97,.,6,1,,157,H,W,1,,97,160,1109,0,
09BR02318,X6507,1.0,97,.,28,1,,145,H,W,1,,97,136,1109,0,
09BR02319,X6519,1.0,97,.,26,1,,183,D,W,1,,97,171,1109,0,
09BR02320,X6532,1.0,97,.,28,1,,125,H,W,1,,97,116,1109,0,
09BR02321,X6589,1.0,97,.,27,1,,145,H,W,1,,97,139,1109,0,
09BR02322,X6607,1.0,97,.,29,1,,152,H,W,1,,97,161,1109,0,
09BR02323,X6654,1.0,97,.,26,1,,170,D,W,1,,97,157,1109,0,
09BR02324,X6675,1.0,97,4TEATS,14,1,,179,D,W,1,,97,171,1109,0,
09BR02325,X6677,1.0,97,WEAK.PAST,29,1,,162,H,W,1,,97,167,1109,0,
09BR02326,X6965,1.0,97,.,26,1,,171,D,W,1,,97,161,1109,0,
09BR02327,X7178,1.0,97,E RT EYE,26,1,,186,D,W,1,,97,165,1109,0,
09BR02328,H3731,1.0,88,.,83,2,,127,D,W,1,,30,140,1123,132,0202
09BR02329,H3747,1.0,88,.,82,2,,131,1,W,1,,30,143,1123,133,0202
09BR02330,H3800,1.0,88,.,,,,0,,,6,67,30,,,,
09BR02331,H3803,1.0,88,No date given,,,,0,,,6,01,30,,,,
09BR02332,H3812,1.0,88,4TEATS,83,2,,0,2,W,1,,30,143,1123,129,0202
09BR02333,H3857,1.0,88,.,68,2,,158,1,W,1,,30,145,1123,150,0202
09BR02334,H3862,1.0,88,.,77,2,,167,D,W,1,,30,171,1123,161,0202
09BR02335,H3871,1.0,88,.,81,2,,126,1,W,1,,30,130,1123,127,0202
09BR02336,H3883,1.0,88,.,69,2,,138,D,W,1,,30,138,1123,134,0202
09BR02337,H3887,1.0,88,.,81,2,,150,D,W,1,,30,163,1123,159,0202
09BR02338,H3905,1.0,88,.,77,2,,139,1,W,1,,30,136,1123,131,0202
09BR02339,H3910,1.0,88,.,77,2,,162,D,W,1,,30,170,1123,160,0202
09BR02340,H3934,1.0,88,.,80,2,,0,2,W,1,,30,140,1123,140,0202
09BR02341,H3946,1.0,88,.,81,2,,0,,W,1,,30,134,1123,129,0202
09BR02342,H3953,1.0,88,.,80,2,,160,D,W,1,,30,158,1123,156,0202
09BR02343,H3954,1.0,88,.,78,2,,173,D,W,1,,30,178,1123,172,0202
09BR02344,H4003,1.0,88,.,79,2,,137,D,W,1,,30,138,1123,132,0202
09BR02345,H4043,1.0,88,.,81,2,,140,D,W,1,,30,154,1123,149,0202
09BR02346,H4049,1.0,88,Poisn on papr,77,2,,0,2,W,1,04,30,135,1123,0,
09BR02347,H4068,1.0,88,4TEATS,79,2,,0,,W,1,,30,152,1123,136,0202
09BR02348,H4073,1.0,88,.,85,2,,0,,W,1,,30,111,1123,109,0202
09BR02349,H4091,1.0,88,.,,,,0,,,1,,30,,,,
09BR02350,H4093,1.0,88,.,68,2,,0,2,W,1,,30,122,1123,131,0202
09BR02351,H4096,1.0,88,Peritonitis,,,,0,,,6,66,30,,,,
09BR02352,H4111,1.0,88,.,80,2,,0,2,W,1,,30,141,1123,133,0202
09BR02353,H4116,1.0,88,.,68,2,,164,D,W,1,,30,153,1123,156,0202
09BR02354,H4125,1.0,88,.,67,2,,0,,W,1,,30,127,1123,108,0202
09BR02355,H4156,1.0,88,No date given,,,,0,,,6,01,30,,,,
09BR02356,H4158,1.0,88,.,81,2,,159,D,W,1,,30,168,1123,160,0202
09BR02357,H4166,1.0,88,.,80,2,,149,2,W,1,,30,150,1123,139,0202
09BR02358,H4173,1.0,88,ENTROPION,78,2,,127,D,W,1,,30,136,1123,121,0202
09BR02359,H4224,1.0,88,.,84,2,,0,,W,1,,30,116,1123,109,0202
09BR02360,H4248,1.0,88,.,80,2,,142,D,W,1,,30,145,1123,144,0202
09BR02361,H4261,1.0,88,.,82,2,,139,D,W,1,,30,148,1123,139,0202
09BR02362,H4264,1.0,88,.,82,2,,0,,W,1,,30,148,1123,139,0202
09BR02363,H4283,1.0,88,.,,,,0,D,,1,,30,,,,
09BR02364,H4292,1.0,88,.,,,,0,,,1,,30,,,,
09BR02365,H4297,1.0,88,4TEATS,84,2,,0,2,W,1,,30,134,1123,129,0202
09BR02366,H4310,1.0,88,.,,,,0,,,1,,30,,,,
09BR02367,H4317,1.0,88,.,83,2,,142,2,W,1,,30,143,1123,144,0202
09BR02368,H4318,1.0,88,.,77,2,,0,2,W,1,,30,134,1123,134,0202
09BR02369,H4322,1.0,88,.,80,2,,0,,W,1,,30,129,1123,130,0202
09BR02370,H4330,1.0,88,4TEATS,82,2,,149,1,W,1,,30,145,1123,146,0202
09BR02371,H4331,1.0,88,H.BLK SP,,,,133,1,,1,,30,,,,
09BR02372,H4333,1.0,88,.,79,2,,0,,W,1,,30,135,1123,127,0202
09BR02373,H4339,1.0,88,HAIRY,85,2,,118,D,W,1,,30,125,1123,120,0202
09BR02374,H4341,1.0,88,HAIRY,67,2,,142,1,W,1,,30,144,1123,140,0202
09BR02375,H4347,1.0,88,.,83,2,,143,1,W,1,,30,152,1123,147,0202
09BR02376,H4349,1.0,88,.,67,2,,159,D,W,1,,30,157,1123,156,0202
09BR02377,H4354,1.0,88,HAIRY,69,2,,130,2,W,1,,30,131,1123,115,0202
09BR02378,H4358,1.0,88,.,84,2,,123,D,W,1,,30,137,1123,130,0202
09BR02379,H4361,1.0,88,.,81,2,,164,D,W,1,,30,172,1123,158,0202
09BR02380,H4363,1.0,88,.,79,2,,0,2,W,1,,30,157,1123,141,0202
09BR02381,H4366,1.0,88,.,78,2,,147,1,W,1,,30,158,1123,150,0202
09BR02382,H4367,1.0,88,.,68,2,,166,D,W,1,,30,161,1123,164,0202
09BR02383,H4368,1.0,88,.,83,2,,150,D,W,1,,30,162,1123,150,0202
09BR02384,H4369,1.0,88,.,77,2,,0,2,W,1,,30,139,1123,131,0202
09BR02385,H4372,1.0,88,HAIRY,77,2,,0,,W,1,,30,156,1123,141,0202
09BR02386,H4381,1.0,88,.,78,2,,130,D,W,1,,30,147,1123,131,0202
09BR02387,H4396,1.0,88,Biomedical,,,,160,1,,3,93,30,,,,
09BR02388,H4399,1.0,88,.,67,2,,129,1,W,1,,30,122,1123,122,0202
09BR02389,H4400,1.0,88,SLIGHTLY,78,2,,157,D,W,1,,30,166,1123,157,0202
09BR02390,H4410,1.0,88,4TEATS,,,,0,1,,1,,30,,,,
09BR02391,H4418,1.0,88,.,80,2,,157,D,W,1,,30,153,1123,151,0202
09BR02392,H4419,1.0,88,.,79,2,,143,D,W,1,,30,161,1123,137,0202
09BR02393,H4422,1.0,88,Unknown date,67,2,,0,D,W,6,01,30,145,1123,120,0202
09BR02394,H4429,1.0,88,.,80,2,,0,2,W,1,,30,139,1123,139,0202
09BR02395,H4433,1.0,88,HAIRY,68,2,,157,D,W,1,,30,150,1123,141,0202
09BR02396,H4435,1.0,88,WEAK LAMB,69,2,,136,D,W,1,,30,140,1123,139,0202
09BR02397,H4438,1.0,88,.,68,2,,133,1,W,1,,30,118,1123,126,0202
09BR02398,H4441,1.0,88,.,69,2,,128,D,W,1,,30,133,1123,130,0202
09BR02399,H4448,1.0,88,.,83,2,,0,2,W,1,,30,159,1123,145,0202
09BR02400,H4449,1.0,88,CHEWED TA,67,2,,134,1,W,1,,30,144,1123,139,0202
09BR02401,H4451,1.0,88,.,83,2,,0,,W,1,,30,149,1123,134,0202
09BR02402,H4453,1.0,88,.,69,2,,143,D,W,1,,30,150,1123,143,0202
09BR02403,H4457,1.0,88,Mild lng path,,,,0,,,6,23,30,,,,
09BR02404,H4459,1.0,88,.,81,2,,135,D,W,1,,30,151,1123,143,0202
09BR02405,H4464,1.0,88,.,84,2,,135,D,W,1,,30,141,1123,139,0202
09BR02406,H4469,1.0,88,.,80,2,,152,D,W,1,,30,142,1123,143,0202
09BR02407,H4470,1.0,88,.,79,2,,146,D,W,1,,30,152,1123,145,0202
09BR02408,H4471,1.0,88,DYS 3+8,78,2,,0,2,W,1,,30,152,1123,146,0202
09BR02409,H4477,1.0,88,.,79,2,,130,D,W,1,,30,137,1123,131,0202
09BR02410,H4481,1.0,88,.,81,2,,143,D,W,1,,30,151,1123,141,0202
09BR02411,H4483,1.0,88,RUNT,,,,0,,,1,,30,,,,
09BR02412,H4485,1.0,88,.,85,2,,122,,W,1,,30,128,1123,126,0202
09BR02413,H4486,1.0,88,.,82,2,,129,2,W,1,,30,132,1123,125,0202
09BR02414,H4490,1.0,88,.,77,2,,143,D,W,1,,30,157,1123,151,0202
09BR02415,H4492,1.0,88,4TEATS,68,2,,136,D,W,1,,30,131,1123,120,0202
09BR02416,H4494,1.0,88,E RT EYE,79,2,,135,D,W,1,,30,128,1123,106,0202
09BR02417,H4498,1.0,88,.,84,2,,117,D,W,1,,30,122,1123,120,0202
09BR02418,H4499,1.0,88,.,69,2,,136,D,W,1,,30,142,1123,138,0202
09BR02419,H4500,1.0,88,.,67,2,,154,D,W,1,,30,161,1123,152,0202
09BR02420,H4501,1.0,88,.,80,2,,140,2,W,1,,30,146,1123,133,0202
09BR02421,H4510,1.0,88,.,,,,0,2,,1,,30,,,,
09BR02422,H4512,1.0,88,.,69,2,,0,2,W,1,,30,140,1123,136,0202
09BR02423,H4515,1.0,88,No date given,,,,0,,,6,01,30,,,,
09BR02424,H4518,1.0,88,Biomedical,,,,120,D,,1,93,30,,,,
09BR02425,H4519,1.0,88,.,81,2,,162,D,W,1,,30,172,1123,161,0202
09BR02426,H4520,1.0,88,4TEATS,68,2,,153,D,W,1,,30,144,1123,147,0202
09BR02427,H4522,1.0,88,.,69,2,,132,D,W,1,,30,138,1123,142,0202
09BR02428,H4525,1.0,88,Froze,,,,0,,,6,14,30,,,,
09BR02429,H4529,1.0,88,.,81,2,,156,D,W,1,,30,166,1123,157,0202
09BR02430,H4533,1.0,88,.,85,2,,113,D,W,1,,30,126,1123,123,0202
09BR02431,H4537,1.0,88,.,83,2,,126,D,W,1,,30,136,1123,124,0202
09BR02432,H4539,1.0,88,HAIRY,80,2,,144,D,W,1,,30,151,1123,141,0202
09BR02433,H4543,1.0,88,.,,,,0,,,1,,30,,,,
09BR02434,H4544,1.0,88,.,78,2,,148,D,W,1,,30,153,1123,133,0202
09BR02435,H4549,1.0,88,.,82,2,,0,,W,1,,30,148,1123,140,0202
09BR02436,H4551,1.0,88,HAIRY,,,,0,,,1,,30,,,,
09BR02437,H4554,1.0,88,.,85,2,,122,2,W,1,,30,129,1123,128,0202
09BR02438,H4557,1.0,88,Fever,,,,0,,,6,01,30,,,,
09BR02439,H4560,1.0,88,.,82,2,,137,D,W,1,,30,146,1123,136,0202
09BR02440,H4561,1.0,88,4TEATS,81,2,,0,,W,1,,30,138,1123,132,0202
09BR02441,H3869,1.0,84,.,78,2,,157,D,W,1,,30,157,1123,141,0202
09BR02442,H3959,1.0,84,.,79,2,,152,D,W,1,,30,164,1123,148,0202
09BR02443,H4017,1.0,84,.,83,2,,0,2,W,1,,30,135,1123,133,0202
09BR02444,H4052,1.0,84,Intstnl prlps,,,,0,,,6,66,30,,,,
09BR02445,H4255,1.0,84,.,83,2,,0,,W,1,,30,138,1123,132,0202
09BR02446,H4395,1.0,84,.,82,2,,145,D,W,1,,30,159,1123,151,0202
09BR02447,H3772,1.0,83,4 H,83,2,,0,2,W,1,,30,135,1123,122,0202
09BR02448,H3782,1.0,83,.,,,,134,1,,1,93,30,,,,
09BR02449,H3794,1.0,83,4TEATS,67,2,,136,1,W,1,,30,136,1123,129,0202
09BR02450,H3805,1.0,83,.,69,2,,0,2,W,1,,30,152,1123,155,0202
09BR02451,H3846,1.0,83,.,83,2,,141,1,W,1,,30,133,1123,145,0202
09BR02452,H4015,1.0,83,.,79,2,,136,D,W,1,,30,136,1123,128,0202
09BR02453,H4037,1.0,83,ENTROPION,,,,0,,,6,67,30,,,,
09BR02454,H4055,1.0,83,Biomedical,,,,144,D,,3,93,30,,,,
09BR02455,H4061,1.0,83,.,67,2,,159,D,W,1,,30,160,1123,148,0202
09BR02456,H4083,1.0,83,.,84,2,,0,,W,1,,30,127,1123,119,0202
09BR02457,H4098,1.0,83,.,78,2,,141,D,W,1,,30,150,1123,141,0202
09BR02458,H4110,1.0,83,No tag,82,2,,0,2,W,6,01,30,136,1123,127,0202
09BR02459,H4114,1.0,83,.,69,2,,155,1,W,1,,30,156,1123,152,0202
09BR02460,H4135,1.0,83,.,79,2,,152,1,W,1,,30,153,1123,147,0202
09BR02461,H4142,1.0,83,.,79,2,,155,1,W,1,,30,159,1123,147,0202
09BR02462,H4187,1.0,83,.,67,2,,130,D,W,1,,30,139,1123,135,0202
09BR02463,H4192,1.0,83,E LT EYE,68,2,,147,1,W,1,,30,134,1123,133,0202
09BR02464,H4196,1.0,83,.,85,2,,0,,W,1,,30,135,1123,133,0202
09BR02465,H4201,1.0,83,.,81,2,,124,1,W,1,,30,127,1123,123,0202
09BR02466,H4204,1.0,83,ENTROPION,69,2,,164,D,W,1,,30,170,1123,160,0202
09BR02467,H4277,1.0,83,.,80,2,,0,,W,1,,30,125,1123,126,0202
09BR02468,H4301,1.0,83,.,84,2,,0,,W,1,,30,127,1123,124,0202
09BR02469,H4302,1.0,83,.,79,2,,0,2,W,1,,30,147,1123,137,0202
09BR02470,H4308,1.0,83,.,68,2,,0,2,W,1,,30,138,1123,139,0202
09BR02471,H4334,1.0,83,.,,,,0,,,1,93,30,,,,
09BR02472,H4352,1.0,83,4T BRN.EA,84,2,,0,,W,1,,30,111,1123,105,0202
09BR02473,H4378,1.0,83,No date given,,,,0,,,6,01,30,,,,
09BR02474,H4383,1.0,83,.,83,2,,0,2,W,1,,30,152,1123,139,0202
09BR02475,H3735,1.0,82,Biomedical,,,,132,2,,3,93,30,,,,
09BR02476,H3737,1.0,82,E LT EYE,80,2,,0,2,W,1,,30,149,1123,145,0202
09BR02477,H3740,1.0,82,4T RATTLE,,,,0,,,1,,30,,,,
09BR02478,H3752,1.0,82,.,83,2,,0,2,W,1,,30,142,1123,141,0202
09BR02479,H3819,1.0,82,.,81,2,,149,1,W,1,,30,152,1123,142,0202
09BR02480,H3825,1.0,82,.,80,2,,133,1,W,1,,30,133,1123,0,
09BR02481,H3848,1.0,82,No date given,,,,0,,,6,01,30,,,,
09BR02482,H3879,1.0,82,.,,,,0,,,1,,30,,,,
09BR02483,H3898,1.0,82,.,82,2,,0,2,W,1,,30,139,1123,133,0202
09BR02484,H3907,1.0,82,.,85,2,,111,2,W,1,,30,120,1123,121,0202
09BR02485,H3924,1.0,82,.,67,2,,0,2,W,1,,30,136,1123,138,0202
09BR02486,H3938,1.0,82,.,85,2,,122,1,W,1,,30,136,1123,128,0202
09BR02487,H3981,1.0,82,.,77,2,,129,D,W,1,,30,141,1123,126,0202
09BR02488,H3990,1.0,82,.,77,2,,140,1,W,1,,30,149,1123,142,0202
09BR02489,H3993,1.0,82,.,78,2,,0,2,W,1,,30,166,1123,155,0202
09BR02490,H4029,1.0,82,.,83,2,,142,1,W,1,,30,146,1123,138,0202
09BR02491,H4077,1.0,82,.,,,,125,D,,1,93,30,,,,
09BR02492,H4100,1.0,82,.,85,2,,0,2,W,1,,30,120,1123,118,0202
09BR02493,H4101,1.0,82,.,78,2,,132,1,W,1,,30,136,1123,132,0202
09BR02494,H4103,1.0,82,Rptrd bag cul,,,,0,1,,6,66,30,,,,
09BR02495,H4122,1.0,82,.,69,2,,141,1,W,1,,30,139,1123,132,0202
09BR02496,H4179,1.0,82,.,,,,0,,,1,,30,,,,
09BR02497,H4208,1.0,82,.,82,2,,0,1,W,1,,30,153,1123,144,0202
09BR02498,H4212,1.0,82,.,80,2,,140,D,W,1,,30,147,1123,144,0202
09BR02499,H4230,1.0,82,.,84,2,,120,1,W,1,,30,123,1123,116,0202
09BR02500,H4244,1.0,82,.,78,2,,0,2,W,1,,30,143,1123,137,0202
09BR02501,H4257,1.0,82,.,77,2,,0,2,W,1,,30,145,1123,142,0202
09BR02502,H4259,1.0,82,.,,,,0,,,1,,30,,,,
09BR02503,H4281,1.0,82,No date given,,,,0,,,6,01,30,,,,
09BR02504,H4320,1.0,82,HAIRY,,,,0,,,1,,30,,,,
09BR02505,H4327,1.0,82,.,85,2,,123,D,W,1,,30,132,1123,123,0202
09BR02506,H3760,1.0,81,.,68,2,,127,1,W,1,,30,116,1123,122,0202
09BR02507,H4107,1.0,81,.,77,2,,0,,W,1,,30,153,1123,132,0202
09BR02508,H4311,1.0,81,.,77,2,,138,1,W,1,,30,139,1123,0,
09BR02509,H4391,1.0,81,.,67,2,,144,D,W,1,,30,153,1123,144,0202
09BR02510,T1847,1.0,48,.,44,1,,142,D,W,1,,02,146,1109,151,0120
09BR02511,T1848,1.0,48,.,43,1,,155,D,W,1,,02,158,1109,149,0120
09BR02512,T1849,1.0,48,ENTROPION,36,1,,174,D,W,1,,02,192,1109,188,0120
09BR02513,T1850,1.0,48,E2EYES,42,1,,162,D,W,1,,02,165,1109,161,0120
09BR02514,T1852,1.0,48,.,40,1,,157,D,W,1,,02,167,1109,161,0120
09BR02515,T1853,1.0,48,.,35,1,,165,D,W,1,,02,165,1109,164,0120
09BR02516,T1854,1.0,48,.,38,1,,149,D,W,1,,02,153,1109,153,0120
09BR02517,T1856,1.0,48,4TEATS,43,1,,0,2,W,1,,02,141,1109,146,0120
09BR02518,T1861,1.0,48,.,30,1,,161,D,W,1,,02,173,1109,169,0120
09BR02519,T1868,1.0,48,HAIRY,38,1,,162,D,W,1,,02,169,1109,169,0120
09BR02520,T1871,1.0,48,ENTROPION,33,1,,134,D,W,1,,02,149,1109,147,0120
09BR02521,T1872,1.0,48,H BLK.RT.,41,1,,147,D,W,1,,02,160,1109,152,0120
09BR02522,T1876,1.0,48,.,32,1,,148,D,W,1,,02,144,1109,144,0120
09BR02523,T1880,1.0,48,4TEATS,39,1,,149,1,W,1,,02,150,1109,161,0120
09BR02524,T1890,1.0,48,4TEATS,43,1,,157,D,W,1,,02,161,1109,160,0120
09BR02525,T1892,1.0,48,.,44,1,,154,D,W,1,,02,160,1109,161,0120
09BR02526,T1900,1.0,48,.,45,1,,155,D,W,1,,02,158,1109,154,0120
09BR02527,T1905,1.0,48,HAIRY,31,1,,174,D,W,1,,02,182,1109,171,0120
09BR02528,T1907,1.0,48,.,31,1,,159,D,W,1,,02,161,1109,170,0120
09BR02529,T1908,1.0,48,.,39,1,,152,D,W,1,,02,162,1109,162,0120
09BR02530,T1911,1.0,48,.,19,1,,0,,W,1,,02,128,1109,133,0120
09BR02531,T1912,1.0,48,4TEATS,34,1,,126,,W,1,,02,124,1109,114,0120
09BR02532,T1919,1.0,48,HAIRY,40,1,,133,D,W,1,,02,142,1109,142,0120
09BR02533,T1921,1.0,48,4TEATS,30,1,,161,2,W,1,,02,159,1109,154,0120
09BR02534,T1929,1.0,48,.,32,1,,180,D,W,1,,02,179,1109,178,0120
09BR02535,T1930,1.0,48,.,38,1,,0,2,W,1,,02,170,1109,163,0120
09BR02536,T1931,1.0,48,4TEATS,33,1,,0,,W,1,,02,139,1109,139,0120
09BR02537,T1933,1.0,48,.,37,1,,144,D,W,1,,02,158,1109,160,0120
09BR02538,T1941,1.0,48,.,42,1,,124,,W,1,,02,120,1109,132,0120
09BR02539,T1942,1.0,48,.,,,,0,,,1,,02,,,,
09BR02540,T1943,1.0,48,.,45,1,,196,D,W,1,,02,208,1109,193,0120
09BR02541,T1952,1.0,48,4TEATS,37,1,,166,D,W,1,,02,173,1109,175,0120
09BR02542,T1957,1.0,48,.,31,1,,0,2,W,1,,02,139,1109,147,0120
09BR02543,T1968,1.0,48,.,37,1,,151,D,W,1,,02,163,1109,157,0120
09BR02544,T1978,1.0,48,4T HAIRY,30,1,,152,D,W,1,,02,166,1109,151,0120
09BR02545,T1980,1.0,48,ENTROPION,33,1,,156,D,W,1,,02,164,1109,165,0120
09BR02546,T1981,1.0,48,4TEATS,35,1,,145,2,W,1,,02,140,1109,145,0120
09BR02547,T1985,1.0,48,4TEATS,38,1,,167,D,W,1,,02,169,1109,172,0120
09BR02548,T1998,1.0,48,ENTROPION,34,1,,140,D,W,1,,02,151,1109,146,0120
09BR02549,T2002,1.0,48,.,43,1,,142,1,W,1,,02,142,1109,148,0120
09BR02550,T2039,1.0,48,.,37,1,,154,2,W,1,,02,154,1109,152,0120
09BR02551,T2041,1.0,48,.,40,1,,110,D,W,1,,02,117,1109,122,0120
09BR02552,T2043,1.0,48,.,39,1,,158,D,W,1,,02,161,1109,160,0120
09BR02553,T2047,1.0,48,.,43,1,,168,D,W,1,,02,175,1109,182,0120
09BR02554,T2048,1.0,48,4TEATS,45,1,,123,2,W,1,,02,119,1109,116,0120
09BR02555,T2049,1.0,48,4TEATS,34,1,,166,D,W,1,,02,177,1109,165,0120
09BR02556,T2050,1.0,48,.,,,,160,1,,1,93,02,,,,
09BR02557,T2059,1.0,48,.,43,1,,156,D,W,1,,02,156,1109,159,0120
09BR02558,T2060,1.0,48,.,31,1,,148,D,W,1,,02,149,1109,152,0120
09BR02559,T2061,1.0,48,Biomedical,,,,157,D,,3,93,02,,,,
09BR02560,T2062,1.0,48,.,32,1,,140,2,W,1,,02,144,1109,144,0120
09BR02561,T2066,1.0,48,E LT EYE,39,1,,145,2,W,1,,02,146,1109,155,0120
09BR02562,T2071,1.0,48,.,40,1,,146,D,W,1,,02,154,1109,152,0120
09BR02563,T2072,1.0,48,HAIRY,32,1,,173,D,W,1,,02,171,1109,179,0120
09BR02564,T2080,1.0,48,.,32,1,,161,D,W,1,,02,159,1109,159,0120
09BR02565,T2085,1.0,48,.,44,1,,141,D,W,1,,02,144,1109,139,0120
09BR02566,T2089,1.0,48,4TEATS,41,1,,124,D,W,1,,02,130,1109,133,0120
09BR02567,T2098,1.0,48,.,37,1,,144,D,W,1,,02,149,1109,152,0120
09BR02568,T2100,1.0,48,ENTROPION,41,1,,0,2,W,1,,02,131,1109,133,0120
09BR02569,T2101,1.0,48,Poison,,,,0,H,,1,04,02,,,,
09BR02570,T2104,1.0,48,.,34,1,,143,D,W,1,,02,154,1109,149,0120
09BR02571,T2105,1.0,48,.,44,1,,170,D,W,1,,02,182,1109,183,0120
09BR02572,T2112,1.0,48,.,43,1,,147,D,W,1,,02,156,1109,155,0120
09BR02573,T2113,1.0,48,.,41,1,,0,,W,1,,02,126,1109,138,0120
09BR02574,T2114,1.0,48,.,39,1,,149,D,W,1,,02,151,1109,157,0120
09BR02575,T2117,1.0,48,.,40,1,,163,D,W,1,,02,171,1109,177,0120
09BR02576,T2121,1.0,48,.,34,1,,132,2,W,1,,02,142,1109,139,0120
09BR02577,T2122,1.0,48,.,33,1,,148,D,W,1,,02,160,1109,152,0120
09BR02578,T2132,1.0,48,.,33,1,,133,1,W,1,,02,133,1109,139,0120
09BR02579,T2133,1.0,48,.,30,1,,140,D,W,1,,02,142,1109,140,0120
09BR02580,T2146,1.0,48,E BOTH EY,33,1,,0,,W,1,,02,139,1109,139,0120
09BR02581,T2147,1.0,48,4TEATS,30,1,,127,1,W,1,,02,119,1109,149,0120
09BR02582,T2148,1.0,48,.,35,1,,0,,W,1,,02,132,1109,132,0120
09BR02583,T2149,1.0,48,4TEATS,38,1,,0,,W,1,,02,147,1109,152,0120
09BR02584,T2151,1.0,48,.,33,1,,161,D,W,1,,02,169,1109,163,0120
09BR02585,T2153,1.0,48,.,38,1,,0,,W,1,,02,168,1109,175,0120
09BR02586,T2154,1.0,48,.,45,1,,155,D,W,1,,02,164,1109,156,0120
09BR02587,T2156,1.0,48,.,31,1,,178,D,W,1,,02,182,1109,178,0120
09BR02588,T2162,1.0,48,SLIGHTLY,33,1,,160,D,W,1,,02,169,1109,161,0120
09BR02589,T2164,1.0,48,4TEATS,38,1,,0,,W,1,,02,137,1109,139,0120
09BR02590,T2166,1.0,48,NICE LAMB,42,1,,175,D,W,1,,02,185,1109,190,0120
09BR02591,T2175,1.0,48,.,41,1,,163,D,W,1,,02,175,1109,167,0120
09BR02592,T2176,1.0,48,.,31,1,,149,D,W,1,,02,159,1109,152,0120
09BR02593,T2185,1.0,48,.,40,1,,156,D,W,1,,02,169,1109,167,0120
09BR02594,T2186,1.0,48,Tet <-tag,,,,0,,,6,01,02,,,,
09BR02595,T2197,1.0,48,HAIRY BUT,37,1,,142,D,W,1,,02,151,1109,144,0120
09BR02596,T2200,1.0,48,B2 found dead,,,,0,,,6,01,02,,,,
09BR02597,T2201,1.0,48,.,44,1,,178,D,W,1,,02,193,1109,187,0120
09BR02598,T2210,1.0,48,.,32,1,,131,D,W,1,,02,139,1109,139,0120
09BR02599,T2211,1.0,48,.,33,1,,157,D,W,1,,02,164,1109,164,0120
09BR02600,T2212,1.0,48,.,45,1,,168,D,W,1,,02,179,1109,177,0120
09BR02601,T2213,1.0,48,.,30,1,,185,D,W,1,,02,190,1109,178,0120
09BR02602,T2217,1.0,48,.,35,1,,150,1,W,1,,02,159,1109,158,0120
09BR02603,T2227,1.0,48,.,39,1,,147,D,W,1,,02,154,1109,158,0120
09BR02604,T2248,1.0,48,.,34,1,,171,,W,1,,02,189,1109,179,0120
09BR02605,T2250,1.0,48,.,30,1,,145,D,W,1,,02,166,1109,156,0120
09BR02606,T2251,1.0,48,.,33,1,,136,D,W,1,,02,150,1109,151,0120
09BR02607,T2270,1.0,48,.,36,1,,161,H,W,1,,02,164,1109,158,0120
09BR02608,T2293,1.0,48,.,34,1,,147,D,W,1,,02,157,1109,151,0120
09BR02609,T2296,1.0,48,4TEATS,31,1,,160,2,W,1,,02,161,1109,155,0120
09BR02610,T2300,1.0,48,.,39,1,,159,D,W,1,,02,164,1109,168,0120
09BR02611,T2301,1.0,48,.,31,1,,134,D,W,1,,02,146,1109,145,0120
09BR02612,T2306,1.0,48,.,34,1,,141,D,W,1,,02,154,1109,155,0120
09BR02613,T2309,1.0,48,.,35,1,,126,2,W,1,,02,130,1109,132,0120
09BR02614,T2317,1.0,48,.,34,1,,169,D,W,1,,02,179,1109,176,0120
09BR02615,T2319,1.0,48,.,34,1,,159,D,W,1,,02,161,1109,158,0120
09BR02616,T2326,1.0,48,.,31,1,,151,D,W,1,,02,156,1109,160,0120
09BR02617,T2330,1.0,48,.,32,1,,166,D,W,1,,02,177,1109,175,0120
09BR02618,T2331,1.0,48,.,44,1,,169,D,W,1,,02,178,1109,174,0120
09BR02619,T2332,1.0,48,.,30,1,,143,1,W,1,,02,140,1109,146,0120
09BR02620,T2334,1.0,48,.,39,1,,167,D,W,1,,02,170,1109,172,0120
09BR02621,T2335,1.0,48,.,40,1,,146,D,W,1,,02,152,1109,150,0120
09BR02622,T2341,1.0,48,Sick(?!),37,1,,144,D,W,1,01,02,154,1109,0,
09BR02623,T1990,1.0,42,4T HAIRY,36,1,,0,,W,1,,02,137,1109,140,0120
09BR02624,T1991,1.0,42,.,42,1,,0,,W,1,,02,126,1109,129,0120
09BR02625,T2010,1.0,42,4TEATS,43,1,,139,D,W,1,,02,137,1109,140,0120
09BR02626,T2011,1.0,42,4TEATS,36,1,,130,D,W,1,,02,140,1109,142,0120
09BR02627,T2012,1.0,42,.,44,1,,142,D,W,1,,02,145,1109,146,0120
09BR02628,T2274,1.0,42,.,31,1,,126,2,W,1,,02,128,1109,0,
09BR02629,T2297,1.0,42,.,43,1,,0,,W,1,,02,141,1109,147,0120
09BR02630,T1996,1.0,41,.,,,,0,,,1,,02,,,,
09BR02631,T2003,1.0,41,ENTROPION,40,1,,164,D,W,1,,02,155,1109,170,0120
09BR02632,T2017,1.0,41,.,31,1,,176,D,W,1,,02,186,1109,188,0120
09BR02633,T2125,1.0,41,E RT EYE,36,1,,144,D,W,1,,02,159,1109,146,0120
09BR02634,T2192,1.0,41,4TEATS,42,1,,162,1,W,1,,02,159,1109,155,0120
09BR02635,R7133,1.0,18,.,72,2,,0,2,W,1,,07,125,1123,128,0202
09BR02636,R7135,1.0,18,RATTLES.,73,2,,133,1,W,1,,07,143,1123,136,0202
09BR02637,R7136,1.0,18,BRN.SPOT.,72,2,,150,1,W,1,,07,157,1123,148,0202
09BR02638,R7142,1.0,18,.,74,2,,144,H,W,1,,07,144,1123,139,0202
09BR02639,R7145,1.0,18,.,76,2,,145,D,W,1,,07,149,1123,142,0202
09BR02640,R7153,1.0,18,.,70,2,,0,,W,1,,07,161,1123,154,0202
09BR02641,R7158,1.0,18,.,72,2,,0,,W,1,,07,139,1123,136,0202
09BR02642,R7160,1.0,18,.,75,2,,154,1,W,1,,07,162,1123,150,0202
09BR02643,R7165,1.0,18,ENTROPION,,,,0,,,1,,07,,,,
09BR02644,R7168,1.0,18,4TEATS,73,2,,138,1,W,1,,07,143,1123,130,0202
09BR02645,R7172,1.0,18,.,76,2,,146,1,W,1,,07,153,1123,143,0202
09BR02646,R7174,1.0,18,HAIRY,,,,0,1,,1,,07,,,,
09BR02647,R7175,1.0,18,.,70,2,,144,1,W,1,,07,136,1123,127,0202
09BR02648,R7181,1.0,18,4TEATS,71,2,,153,D,W,1,,07,158,1123,153,0202
09BR02649,R7184,1.0,18,.,76,2,,154,D,W,1,,07,161,1123,150,0202
09BR02650,R7186,1.0,18,4TEATS,73,2,,0,,W,1,,07,137,1123,132,0202
09BR02651,R7187,1.0,18,ENTROPION,74,2,,140,1,0,1,,07,0,,0,
09BR02652,R7188,1.0,18,.,,,,0,,,1,,07,,,,
09BR02653,R7190,1.0,18,ENTROPION,74,2,,0,2,W,1,,07,139,1123,123,0202
09BR02654,R7191,1.0,18,Rpt b utn lgt,,,,0,,,6,43,07,,,,
09BR02655,R7194,1.0,18,4TEATS,76,2,,141,D,W,1,,07,143,1123,129,0202
09BR02656,R7204,1.0,18,4TEATS,70,2,,135,D,W,1,,07,137,1123,132,0202
09BR02657,R7210,1.0,18,.,71,2,,0,,W,1,,07,131,1123,126,0202
09BR02658,R7211,1.0,18,BLK SP LT,75,2,,151,1,W,1,,07,159,1123,148,0202
09BR02659,R7213,1.0,18,E BOTH SI,73,2,,142,D,W,1,,07,149,1123,142,0202
09BR02660,R7215,1.0,18,ENTROPION,75,2,,0,2,W,1,,07,169,1123,165,0202
09BR02661,R7216,1.0,18,.,74,2,,0,2,W,1,,07,166,1123,158,0202
09BR02662,R7220,1.0,18,WEAK LAMB,76,2,,133,1,W,1,,07,135,1123,126,0202
09BR02663,R7229,1.0,18,4TEATS,70,2,,0,,W,1,,07,148,1123,144,0202
09BR02664,R7237,1.0,18,.,,,,142,1,,1,93,07,,,,
09BR02665,R7240,1.0,18,.,72,2,,165,1,W,1,,07,165,1123,151,0202
09BR02666,R7253,1.0,18,.,75,2,,142,D,W,1,,07,150,1123,137,0202
09BR02667,R7261,1.0,18,No date given,,,,0,,,6,01,07,,,,
09BR02668,R7264,1.0,18,.,75,2,,120,2,W,1,,07,132,1123,121,0202
09BR02669,R7267,1.0,18,.,75,2,,166,1,W,1,,07,169,1123,163,0202
09BR02670,R7272,1.0,18,SLIGHT E,70,2,,140,D,W,1,,07,146,1123,138,0202
09BR02671,R7275,1.0,18,BLK SPOT,72,2,,158,D,W,1,,07,170,1123,162,0202
09BR02672,R7277,1.0,18,.,73,2,,0,,W,1,,07,146,1123,137,0202
09BR02673,R7278,1.0,18,.,76,2,,107,2,W,1,,07,116,1123,109,0202
09BR02674,R7282,1.0,18,BLK SPOTS,74,2,,159,D,W,1,,07,172,1123,152,0202
09BR02675,R7283,1.0,18,.,72,2,,143,1,W,1,,07,140,1123,128,0202
09BR02676,R7287,1.0,18,.,70,2,,130,D,W,1,,07,129,1123,117,0202
09BR02677,R7291,1.0,18,HAIRY,71,2,,0,2,W,1,,07,150,1123,140,0202
09BR02678,R7298,1.0,18,.,,,,0,,,1,,07,,,,
09BR02679,R7301,1.0,18,.,72,2,,148,D,W,1,,07,152,1123,149,0202
09BR02680,R7302,1.0,18,4TEATS,73,2,,150,1,W,1,,07,150,1123,144,0202
09BR02681,R7308,1.0,18,4TEATS,73,2,,0,,W,1,,07,126,1123,118,0202
09BR02682,R7313,1.0,18,.,72,2,,130,1,W,1,,07,125,1123,124,0202
09BR02683,R7321,1.0,18,No date given,,,,0,,,6,01,07,,,,
09BR02684,R7322,1.0,18,.,76,2,,134,D,W,1,,07,148,1123,143,0202
09BR02685,R7323,1.0,18,Biomedical,,,,144,1,,3,93,07,,,,
09BR02686,R7324,1.0,18,4TEATS,70,2,,122,1,W,1,,07,120,1123,125,0202
09BR02687,R7335,1.0,18,.,71,2,,130,1,W,1,,07,140,1123,132,0202
09BR02688,R7336,1.0,18,.,72,2,,153,2,W,1,,07,154,1123,142,0202
09BR02689,R7337,1.0,18,ENTROPION,74,2,,130,1,W,1,,07,131,1123,128,0202
09BR02690,R7341,1.0,18,HAIRY,75,2,,0,,W,1,,07,129,1123,124,0202
09BR02691,R7349,1.0,18,ENTROPION,74,2,,173,D,W,1,,07,178,1123,163,0202
09BR02692,R7351,1.0,18,BREATHING,76,2,,140,1,W,1,,07,147,1123,140,0202
09BR02693,R7354,1.0,18,.,70,2,,154,D,W,1,,07,159,1123,157,0202
09BR02694,R7357,1.0,18,HAIRY,71,2,,156,D,W,1,,07,162,1123,155,0202
09BR02695,R7358,1.0,18,.,72,2,,152,D,W,1,,07,161,1123,153,0202
09BR02696,R7360,1.0,18,.,73,2,,163,D,W,1,,07,178,1123,163,0202
09BR02697,R7364,1.0,18,.,,,,0,,,1,,07,,,,
09BR02698,R7368,1.0,18,.,74,2,,117,2,W,1,,07,123,1123,116,0202
09BR02699,R7369,1.0,18,.,75,2,,148,1,W,1,,07,153,1123,136,0202
09BR02700,R7372,1.0,18,ENTROPION,70,2,,138,D,W,1,,07,150,1123,145,0202
09BR02701,R7374,1.0,18,.,71,2,,135,D,W,1,,07,136,1123,127,0202
09BR02702,R7381,1.0,18,.,73,2,,0,,W,1,,07,113,1123,107,0202
09BR02703,R7386,1.0,18,4TEATS,73,2,,153,D,W,1,,07,157,1123,154,0202
09BR02704,R7390,1.0,18,ENTROPION,70,2,,164,D,W,1,,07,179,1123,169,0202
09BR02705,R7394,1.0,18,.,71,2,,0,,W,1,,07,132,1123,126,0202
09BR02706,R7399,1.0,18,.,72,2,,153,D,W,1,,07,156,1123,144,0202
09BR02707,R7403,1.0,18,.,73,2,,128,2,W,1,,07,141,1123,130,0202
09BR02708,R7404,1.0,18,.,72,2,,163,D,W,1,,07,168,1123,149,0202
09BR02709,R7407,1.0,18,HAIRY,75,2,,148,D,W,1,,07,156,1123,137,0202
09BR02710,R7411,1.0,18,.,76,2,,145,D,W,1,,07,152,1123,144,0202
09BR02711,R7412,1.0,18,.,70,2,,153,1,W,1,,07,151,1123,142,0202
09BR02712,R7421,1.0,18,.,72,2,,0,2,W,1,,07,146,1123,142,0202
09BR02713,R7424,1.0,18,.,75,2,,142,D,W,1,,07,148,1123,145,0202
09BR02714,R7429,1.0,18,Fever,,,,0,,,6,01,07,,,,
09BR02715,R7431,1.0,18,E 2 EYES,74,2,,164,D,W,1,,07,175,1123,162,0202
09BR02716,R7432,1.0,18,.,76,2,,139,D,W,1,,07,156,1123,154,0202
09BR02717,R7274,1.0,13,4TEATS,71,2,,145,D,W,1,,07,151,1123,138,0202
09BR02718,R7423,1.0,13,4T HAIRY,73,2,,151,1,W,1,,07,157,1123,148,0202
09BR02719,R7156,1.0,12,.,71,2,,134,1,W,1,,07,139,1123,130,0202
09BR02720,R7164,1.0,12,ENTROPION,73,2,,0,,W,1,,07,136,1123,133,0202
09BR02721,R7266,1.0,12,BLK LIPS,74,2,,0,2,W,1,,07,160,1123,153,0202
09BR02722,R7389,1.0,12,.,76,2,,136,D,W,1,,07,144,1123,132,0202
09BR02723,R7361,1.0,11,.,75,2,,149,1,W,1,,07,152,1123,146,0202
09BR02724,R7383,1.0,11,4TEATS,76,2,,128,D,W,1,,07,134,1123,125,0202
09BR02725,R7418,1.0,11,.,71,2,,121,2,W,1,,07,123,1123,119,0202
09BR02726,R7238,1.0,10,4TEATS,71,2,,0,2,W,1,,07,134,1123,132,0202
09BR02727,R6693,2.0,18,,64,2,0,0,,W,1,,07,164,1123,163,0202
09BR02728,R4488,5.0,18,,57,2,0,173,1,W,1,,07,171,1123,0,
